trial,arm,p_d,p_fa,belief_objective,truth_objective,belief_worst_pd,truth_worst_pd,truth_mean_pd,n_tx,n_links,n_captured,kappa_db_median,eta_median,eval_kappa_db_median,eval_eta_median,fraction_json,retention_json,eval_fraction_json,eval_retention_json,joint_rounds,accepted_rounds,termination,measure_seconds,capture_aware,redundancy_aware,selection_rcs_factor,selector_strategy,fusion_rule,exact_gaussian_threshold,capability_source,capability_retention_source,risk_polish_swaps,risk_polish_json,risk_secondary_swaps,risk_secondary_json,fusion_pd_polish_json,rho_mean,rho_vector_json,power_policy,history_json,selected_json,selected_eval_json,fusion_nodes_json
30,constant_serial_baseline,0.0,0.022222222222222223,0.05450706512512848,0.05450128056381066,0.04910388721156414,0.0490982177732048,0.0491319801844671,6,7,7,0.0,1.0,0.0,1.0,null,null,null,null,0,0,serial,0.0,False,False,1.0,c2f,max_in_rate,False,target_feedback,target_feedback,2,"[{""round"":0,""remove_target"":1,""remove_link"":[5,1],""add_target"":0,""add_link"":[0,1],""worst_pd_before"":0.04874856471146236,""worst_pd_after"":0.04910388721156414,""service_before"":0.14682533553189633,""service_after"":0.14732677678753633},{""round"":1,""remove_target"":2,""remove_link"":[5,1],""add_target"":2,""add_link"":[3,1],""worst_pd_before"":0.04910388721156414,""worst_pd_after"":0.04910388721156414,""service_before"":0.14732677678753633,""service_after"":0.14739375245591899}]",0,[],"{""before"":[0.04910388721156414,0.04911421401245323,0.04917565123190163],""after"":[0.04910388721156414,0.04911421401245323,0.04917565123190163],""reports_before"":[2,2,3],""reports_after"":[2,2,3],""candidate_evaluations"":15}",0.7999999999999999,"[0.8,0.8,0.8,0.8,0.8,0.8]",uniform,[],"{""0"":[[2,1],[0,1]],""1"":[[0,1],[2,1]],""2"":[[2,1],[0,1],[3,1]]}","{""0"":[[2,1],[0,1]],""1"":[[0,1],[2,1]],""2"":[[2,1],[0,1],[3,1]]}","[2,2,2]"
30,constant_joint_baseline,0.0,0.044444444444444446,0.04703298334356976,0.04557386339938933,0.04226699099877661,0.04093185508050348,0.041893506036117086,3,13,13,0.0,1.0,0.0,1.0,null,null,null,null,1,0,fixed_point,0.0,False,False,1.0,c2f,max_in_rate,False,target_feedback,target_feedback,5,"[{""round"":0,""remove_target"":1,""remove_link"":[3,5],""add_target"":0,""add_link"":[0,2],""worst_pd_before"":0.036965600532135594,""worst_pd_after"":0.040351330146057025,""service_before"":0.12128507124043456,""service_after"":0.1266688050986332},{""round"":1,""remove_target"":2,""remove_link"":[0,5],""add_target"":0,""add_link"":[3,2],""worst_pd_before"":0.040351330146057025,""worst_pd_after"":0.040765376369216025,""service_before"":0.1266688050986332,""service_after"":0.126757911007087},{""round"":2,""remove_target"":1,""remove_link"":[3,4],""add_target"":0,""add_link"":[3,0],""worst_pd_before"":0.040765376369216025,""worst_pd_after"":0.0420360477176139,""service_before"":0.126757911007087,""service_after"":0.12753915274518723},{""round"":3,""remove_target"":0,""remove_link"":[0,2],""add_target"":0,""add_link"":[0,1],""worst_pd_before"":0.0420360477176139,""worst_pd_after"":0.04226699099877661,""service_before"":0.12753915274518723,""service_after"":0.1280591319367938},{""round"":4,""remove_target"":0,""remove_link"":[2,0],""add_target"":0,""add_link"":[2,1],""worst_pd_before"":0.04226699099877661,""worst_pd_after"":0.04226699099877661,""service_before"":0.1280591319367938,""service_after"":0.12841462165253326}]",0,[],"{""before"":[0.042911516624959935,0.04323611402879671,0.04226699099877661],""after"":[0.0442380941913484,0.04323611402879671,0.04226699099877661],""reports_before"":[4,2,3],""reports_after"":[3,2,3],""candidate_evaluations"":9}",0.7999999999999999,"[0.8,0.8,0.8,0.8,0.8,0.8]",uniform,"[{""round"":0,""mask_before"":[0,2,3],""mask_candidate"":[0,2,3],""objective_before"":0.04226699099877661,""accepted"":false,""reason"":""fixed_point""}]","{""0"":[[3,2],[3,0],[0,1],[2,1]],""1"":[[2,5],[2,3],[0,3],[0,5]],""2"":[[2,3],[0,3],[2,4],[2,5],[0,4]]}","{""0"":[[3,2],[3,0],[0,1],[2,1]],""1"":[[2,5],[2,3],[0,3],[0,5]],""2"":[[2,3],[0,3],[2,4],[2,5],[0,4]]}","[2,3,3]"
30,constant_serial_capture,0.0,0.022222222222222223,0.054507067825270095,0.05450128056381066,0.049103890554250545,0.0490982177732048,0.0491319801844671,6,7,7,0.0,1.0,0.0,1.0,null,null,null,null,0,0,serial,0.0,True,False,1.0,c2f,max_in_rate,False,target_feedback,target_feedback,2,"[{""round"":0,""remove_target"":1,""remove_link"":[5,1],""add_target"":0,""add_link"":[0,1],""worst_pd_before"":0.04874856442162969,""worst_pd_after"":0.049103890554250545,""service_before"":0.14682515083303116,""service_after"":0.14732676131138586},{""round"":1,""remove_target"":2,""remove_link"":[5,1],""add_target"":2,""add_link"":[3,1],""worst_pd_before"":0.049103890554250545,""worst_pd_after"":0.049103890554250545,""service_before"":0.14732676131138586,""service_after"":0.14739374554207563}]",0,[],"{""before"":[0.049103890554250545,0.0491142080126811,0.049175646975144],""after"":[0.049103890554250545,0.0491142080126811,0.049175646975144],""reports_before"":[2,2,3],""reports_after"":[2,2,3],""candidate_evaluations"":15}",0.7999999999999999,"[0.8,0.8,0.8,0.8,0.8,0.8]",uniform,[],"{""0"":[[2,1],[0,1]],""1"":[[0,1],[2,1]],""2"":[[2,1],[0,1],[3,1]]}","{""0"":[[2,1],[0,1]],""1"":[[0,1],[2,1]],""2"":[[2,1],[0,1],[3,1]]}","[2,2,2]"
30,constant_joint_capture,0.0,0.044444444444444446,0.047033386922113285,0.04557386339938933,0.04226746471472562,0.04093185508050348,0.041893506036117086,3,13,13,0.0,1.0,0.0,1.0,null,null,null,null,1,0,fixed_point,0.0,True,False,1.0,c2f,max_in_rate,False,target_feedback,target_feedback,5,"[{""round"":0,""remove_target"":1,""remove_link"":[3,5],""add_target"":0,""add_link"":[0,2],""worst_pd_before"":0.03696560020061104,""worst_pd_after"":0.04035132972543592,""service_before"":0.1212865617327134,""service_after"":0.1266679676717091},{""round"":1,""remove_target"":2,""remove_link"":[0,5],""add_target"":0,""add_link"":[3,2],""worst_pd_before"":0.04035132972543592,""worst_pd_after"":0.040765899824811484,""service_before"":0.1266679676717091,""service_after"":0.12675757524785722},{""round"":2,""remove_target"":1,""remove_link"":[3,4],""add_target"":0,""add_link"":[3,0],""worst_pd_before"":0.040765899824811484,""worst_pd_after"":0.042036255492427045,""service_before"":0.12675757524785722,""service_after"":0.12753909842881717},{""round"":3,""remove_target"":0,""remove_link"":[0,2],""add_target"":0,""add_link"":[0,1],""worst_pd_before"":0.042036255492427045,""worst_pd_after"":0.04226746471472562,""service_before"":0.12753909842881717,""service_after"":0.12805883341697635},{""round"":4,""remove_target"":0,""remove_link"":[2,0],""add_target"":0,""add_link"":[2,1],""worst_pd_before"":0.04226746471472562,""worst_pd_after"":0.04226746471472562,""service_before"":0.12805883341697635,""service_after"":0.1284142714603211}]",0,[],"{""before"":[0.042911428523931,0.04323537822166449,0.04226746471472562],""after"":[0.04423843852212174,0.04323537822166449,0.04226746471472562],""reports_before"":[4,2,3],""reports_after"":[3,2,3],""candidate_evaluations"":9}",0.7999999999999999,"[0.8,0.8,0.8,0.8,0.8,0.8]",uniform,"[{""round"":0,""mask_before"":[0,2,3],""mask_candidate"":[0,2,3],""objective_before"":0.04226746471472562,""accepted"":false,""reason"":""fixed_point""}]","{""0"":[[3,2],[3,0],[0,1],[2,1]],""1"":[[2,5],[2,3],[0,3],[0,5]],""2"":[[2,3],[0,3],[2,4],[2,5],[0,4]]}","{""0"":[[3,2],[3,0],[0,1],[2,1]],""1"":[[2,5],[2,3],[0,3],[0,5]],""2"":[[2,3],[0,3],[2,4],[2,5],[0,4]]}","[2,3,3]"
30,constant_serial_redundancy,0.0,0.03333333333333333,0.05436957073370661,0.05417799184252353,0.048968095256915006,0.04877720458396063,0.048991157721824684,6,8,8,0.0,1.0,0.0,1.0,null,null,null,null,0,0,serial,0.0,False,True,1.0,c2f,max_in_rate,False,target_feedback,target_feedback,0,[],0,[],"{""before"":[0.04910388721156414,0.048968095256915006,0.04910867556351897],""after"":[0.04910388721156414,0.048968095256915006,0.04910867556351897],""reports_before"":[2,3,3],""reports_after"":[2,3,3],""candidate_evaluations"":15}",0.7999999999999999,"[0.8,0.8,0.8,0.8,0.8,0.8]",uniform,[],"{""0"":[[2,1],[0,1]],""1"":[[5,1],[0,1],[2,1]],""2"":[[2,1],[0,1],[5,1]]}","{""0"":[[2,1],[0,1]],""1"":[[5,1],[0,1],[2,1]],""2"":[[2,1],[0,1],[5,1]]}","[2,2,2]"
30,constant_joint_redundancy,0.0,0.022222222222222223,0.04502492386661922,0.045063451642473835,0.040320539364073094,0.04032105366047045,0.04240188169713213,3,14,14,0.0,1.0,0.0,1.0,null,null,null,null,1,0,fixed_point,0.0,False,True,1.0,c2f,max_in_rate,False,target_feedback,target_feedback,1,"[{""round"":0,""remove_target"":2,""remove_link"":[2,5],""add_target"":2,""add_link"":[2,1],""worst_pd_before"":0.040320539364073094,""worst_pd_after"":0.040320539364073094,""service_before"":0.12642112245213288,""service_after"":0.1264616738364684}]",0,[],"{""before"":[0.040320539364073094,0.04269970175357974,0.04344143271881557],""after"":[0.040320539364073094,0.04269970175357974,0.04344143271881557],""reports_before"":[2,4,5],""reports_after"":[1,3,4],""candidate_evaluations"":9}",0.7999999999999999,"[0.8,0.8,0.8,0.8,0.8,0.8]",uniform,"[{""round"":0,""mask_before"":[0,2,5],""mask_candidate"":[0,2,5],""objective_before"":0.040320539364073094,""accepted"":false,""reason"":""fixed_point""}]","{""0"":[[2,0],[0,2]],""1"":[[2,5],[0,5],[5,3],[5,4],[2,3],[0,3]],""2"":[[0,5],[2,4],[2,3],[0,3],[0,4],[2,1]]}","{""0"":[[2,0],[0,2]],""1"":[[2,5],[0,5],[5,3],[5,4],[2,3],[0,3]],""2"":[[0,5],[2,4],[2,3],[0,3],[0,4],[2,1]]}","[0,3,3]"
30,constant_serial_combined,0.0,0.03333333333333333,0.054369399349816834,0.05417799184252353,0.04896792366694724,0.04877720458396063,0.048991157721824684,6,8,8,0.0,1.0,0.0,1.0,null,null,null,null,0,0,serial,0.0,True,True,1.0,c2f,max_in_rate,False,target_feedback,target_feedback,0,[],0,[],"{""before"":[0.049103890554250545,0.04896792366694724,0.04910866274445422],""after"":[0.049103890554250545,0.04896792366694724,0.04910866274445422],""reports_before"":[2,3,3],""reports_after"":[2,3,3],""candidate_evaluations"":15}",0.7999999999999999,"[0.8,0.8,0.8,0.8,0.8,0.8]",uniform,[],"{""0"":[[2,1],[0,1]],""1"":[[5,1],[0,1],[2,1]],""2"":[[2,1],[0,1],[5,1]]}","{""0"":[[2,1],[0,1]],""1"":[[5,1],[0,1],[2,1]],""2"":[[2,1],[0,1],[5,1]]}","[2,2,2]"
30,constant_joint_combined,0.0,0.022222222222222223,0.04502459864565504,0.045063451642473835,0.04032053892737626,0.04032105366047045,0.04240188169713213,3,14,14,0.0,1.0,0.0,1.0,null,null,null,null,1,0,fixed_point,0.0,True,True,1.0,c2f,max_in_rate,False,target_feedback,target_feedback,1,"[{""round"":0,""remove_target"":2,""remove_link"":[2,5],""add_target"":2,""add_link"":[2,1],""worst_pd_before"":0.04032053892737626,""worst_pd_after"":0.04032053892737626,""service_before"":0.12641752143349483,""service_after"":0.12645816482795977}]",0,[],"{""before"":[0.04032053892737626,0.042696482880810495,0.043441143019773],""after"":[0.04032053892737626,0.042696482880810495,0.043441143019773],""reports_before"":[2,4,5],""reports_after"":[1,3,4],""candidate_evaluations"":9}",0.7999999999999999,"[0.8,0.8,0.8,0.8,0.8,0.8]",uniform,"[{""round"":0,""mask_before"":[0,2,5],""mask_candidate"":[0,2,5],""objective_before"":0.04032053892737626,""accepted"":false,""reason"":""fixed_point""}]","{""0"":[[2,0],[0,2]],""1"":[[2,5],[0,5],[5,3],[5,4],[2,3],[0,3]],""2"":[[0,5],[2,4],[2,3],[0,3],[0,4],[2,1]]}","{""0"":[[2,0],[0,2]],""1"":[[2,5],[0,5],[5,3],[5,4],[2,3],[0,3]],""2"":[[0,5],[2,4],[2,3],[0,3],[0,4],[2,1]]}","[0,3,3]"
30,tpuic_serial_baseline,0.3333333333333333,0.044444444444444446,0.10691017474299587,0.27373006594918253,0.07520077421501872,0.22249829914491515,0.5457130128018101,6,15,15,38.63721810899611,0.935603476877361,40.082621444350835,0.9998166402087914,"[[4.638038245649773e-05,5.509801952530335e-05,4.6554830944902074e-05],[0.0001119031880772843,0.00013293646397609897,0.00011232408460667405],[4.22260713171014e-05,5.016286582131364e-05,4.238489437811069e-05],[0.00014090040958318351,0.00016738399097116258,0.00014143037208382467],[0.00020817322334827043,0.0002473013743568525,0.0002089562161184018],[0.00037667468604644916,0.000447474300711964,0.00037809145594183794]]","[[0.990015129642438,0.7334522172143972,0.935603476877361],[0.990015129642438,0.7334522172143972,0.935603476877361],[0.990015129642438,0.7334522172143972,0.935603476877361],[0.990015129642438,0.7334522172143972,0.935603476877361],[0.990015129642438,0.7334522172143972,0.935603476877361],[0.990015129642438,0.7334522172143972,0.935603476877361]]","[[5.082299754468979e-05,5.036681855438104e-05,5.1512387827109305e-05],[0.00010139577219210125,0.00010670329915024438,0.00010480856228153602],[2.9556883065167894e-05,2.6697482928475152e-05,2.7661510235681402e-05],[9.268295668078699e-05,9.494145085552849e-05,9.333654048200816e-05],[0.0002873244479086991,0.00035598950341252295,0.00028497583505463425],[0.00018743641952607683,0.00031986768322894065,0.00018915971593972463]]","[[0.9999117587322043,1.0,0.9998642743798897],[0.9998915942082885,0.9997690060376929,0.9999220928780629],[0.9992418159279668,1.0,0.9995487122765168],[0.9999973784465903,0.9999514019620198,0.9999448261969206],[0.9975496144394395,0.995459652851753,0.999677861476063],[0.9992581713905707,0.998696409516392,0.9993458275814778]]",0,0,serial,11.130473800003529,False,False,1.0,c2f,max_in_rate,False,target_feedback,target_feedback,5,"[{""round"":0,""remove_target"":2,""remove_link"":[0,1],""add_target"":0,""add_link"":[5,2],""worst_pd_before"":0.05495645746843657,""worst_pd_after"":0.05833452406168812,""service_before"":0.7565014922022324,""service_after"":0.7581673571477043},{""round"":1,""remove_target"":2,""remove_link"":[5,0],""add_target"":0,""add_link"":[5,0],""worst_pd_before"":0.05833452406168812,""worst_pd_after"":0.06601751803415493,""service_before"":0.7581673571477043,""service_after"":0.7637263344931163},{""round"":2,""remove_target"":2,""remove_link"":[5,2],""add_target"":0,""add_link"":[3,2],""worst_pd_before"":0.06601751803415493,""worst_pd_after"":0.06761591563630628,""service_before"":0.7637263344931163,""service_after"":0.7610829413580135},{""round"":3,""remove_target"":0,""remove_link"":[0,1],""add_target"":0,""add_link"":[3,0],""worst_pd_before"":0.06761591563630628,""worst_pd_after"":0.06888210521736308,""service_before"":0.7610829413580135,""service_after"":0.7623491309390702},{""round"":4,""remove_target"":0,""remove_link"":[3,1],""add_target"":0,""add_link"":[0,2],""worst_pd_before"":0.06888210521736308,""worst_pd_after"":0.06905610762736475,""service_before"":0.7623491309390702,""service_after"":0.762523133349072}]",0,[],"{""before"":[0.06905610762736475,0.4328096988164427,0.26065732690526444],""after"":[0.07520077421501872,0.5643667837450695,0.26065732690526444],""reports_before"":[3,4,1],""reports_after"":[4,4,1],""candidate_evaluations"":15}",0.7999999999999999,"[0.8,0.8,0.8,0.8,0.8,0.8]",uniform,[],"{""0"":[[5,1],[5,2],[5,0],[3,2],[3,0],[0,2]],""1"":[[5,2],[3,2],[3,0],[5,0],[5,1],[3,1]],""2"":[[0,2],[3,2],[3,0]]}","{""0"":[[5,1],[5,2],[5,0],[3,2],[3,0],[0,2]],""1"":[[5,2],[3,2],[3,0],[5,0],[5,1],[3,1]],""2"":[[0,2],[3,2],[3,0]]}","[0,0,2]"
30,tpuic_joint_baseline,0.6666666666666666,0.03333333333333333,0.32420121206981,0.694413473858218,0.2674799193633552,0.5899134738582181,0.8595525417117109,3,14,14,35.626738995508646,0.9181412379702371,35.98053912497275,0.9999476224638213,"[[0.0005039713123215266,0.0006088705630658311,0.0005054833684057446],[9.349922356128245e-05,0.0001129606457830604,9.377974760382021e-05],[2.7219452397402815e-05,3.288505298289046e-05,2.7301118431957412e-05],[0.00042662305257277637,0.0005154226280069051,0.0004279030420613423],[0.00014537466265016755,0.00017563371275157395,0.00014581082764166033],[0.0004687286575733123,0.0005662923160191225,0.0004701349757529449]]","[[0.9886691080863599,0.8800289086837838,0.9181412379702371],[0.9886691080863599,0.8800289086837838,0.9181412379702371],[0.9886691080863599,0.8800289086837838,0.9181412379702371],[0.9886691080863599,0.8800289086837838,0.9181412379702371],[0.9886691080863599,0.8800289086837838,0.9181412379702371],[0.9886691080863599,0.8800289086837838,0.9181412379702371]]","[[0.0004453269914440664,0.0002540516595027351,0.00043207975502820964],[8.473471808694703e-05,8.891086256352691e-05,8.513207961607957e-05],[2.7257254382929082e-05,2.9557161497849567e-05,2.799016603954714e-05],[0.0002640397932188252,0.000264003026970112,0.0002641493262337828],[0.0003113414752203615,0.00036821898909912993,0.00031188229981225134],[0.000250593694444152,0.00024503214412067834,0.00024986653308138915]]","[[0.9999287695770982,1.0,0.999993818782371],[0.9999484278099006,0.9995649211838168,0.9999486503319126],[0.9992419941690311,1.0,0.9998664023161529],[0.9999942268728753,0.9999763805582322,0.999946817117742],[0.9994031779584232,0.9960156427722757,0.9997761110695179],[0.9999210370417116,0.9999710041431111,0.9999997366162975]]",1,0,fixed_point,5.294360300060362,False,False,1.0,c2f,max_in_rate,False,target_feedback,target_feedback,0,[],0,[],"{""before"":[0.2674799193633552,0.9683307684870912,0.4722129270645482],""after"":[0.2674799193633552,0.9683307684870912,0.4722129270645482],""reports_before"":[6,2,5],""reports_after"":[5,1,5],""candidate_evaluations"":12}",0.7999999999999999,"[0.8,0.8,0.8,0.8,0.8,0.8]",uniform,"[{""round"":0,""mask_before"":[0,3,5],""mask_candidate"":[0,3,5],""objective_before"":0.2674799193633552,""accepted"":false,""reason"":""fixed_point""}]","{""0"":[[5,4],[3,5],[5,3],[3,4],[5,2],[5,1]],""1"":[[3,5],[5,3]],""2"":[[0,2],[3,2],[0,3],[3,0],[0,1],[0,4]]}","{""0"":[[5,4],[3,5],[5,3],[3,4],[5,2],[5,1]],""1"":[[3,5],[5,3]],""2"":[[0,2],[3,2],[0,3],[3,0],[0,1],[0,4]]}","[3,3,0]"
30,tpuic_serial_capture,0.3333333333333333,0.044444444444444446,0.10676479614572457,0.27373006594918253,0.07512725684537273,0.22249829914491515,0.5457130128018101,6,15,15,38.63721810899611,0.935603476877361,40.082621444350835,0.9998166402087914,"[[4.638038245649773e-05,5.509801952530335e-05,4.6554830944902074e-05],[0.0001119031880772843,0.00013293646397609897,0.00011232408460667405],[4.22260713171014e-05,5.016286582131364e-05,4.238489437811069e-05],[0.00014090040958318351,0.00016738399097116258,0.00014143037208382467],[0.00020817322334827043,0.0002473013743568525,0.0002089562161184018],[0.00037667468604644916,0.000447474300711964,0.00037809145594183794]]","[[0.990015129642438,0.7334522172143972,0.935603476877361],[0.990015129642438,0.7334522172143972,0.935603476877361],[0.990015129642438,0.7334522172143972,0.935603476877361],[0.990015129642438,0.7334522172143972,0.935603476877361],[0.990015129642438,0.7334522172143972,0.935603476877361],[0.990015129642438,0.7334522172143972,0.935603476877361]]","[[5.082299754468979e-05,5.036681855438104e-05,5.1512387827109305e-05],[0.00010139577219210125,0.00010670329915024438,0.00010480856228153602],[2.9556883065167894e-05,2.6697482928475152e-05,2.7661510235681402e-05],[9.268295668078699e-05,9.494145085552849e-05,9.333654048200816e-05],[0.0002873244479086991,0.00035598950341252295,0.00028497583505463425],[0.00018743641952607683,0.00031986768322894065,0.00018915971593972463]]","[[0.9999117587322043,1.0,0.9998642743798897],[0.9998915942082885,0.9997690060376929,0.9999220928780629],[0.9992418159279668,1.0,0.9995487122765168],[0.9999973784465903,0.9999514019620198,0.9999448261969206],[0.9975496144394395,0.995459652851753,0.999677861476063],[0.9992581713905707,0.998696409516392,0.9993458275814778]]",0,0,serial,0.0,True,False,1.0,c2f,max_in_rate,False,target_feedback,target_feedback,5,"[{""round"":0,""remove_target"":2,""remove_link"":[0,1],""add_target"":0,""add_link"":[5,2],""worst_pd_before"":0.05494327375106465,""worst_pd_after"":0.05829243763132151,""service_before"":0.7550545259127186,""service_after"":0.756698143787264},{""round"":1,""remove_target"":2,""remove_link"":[5,0],""add_target"":0,""add_link"":[5,0],""worst_pd_before"":0.05829243763132151,""worst_pd_after"":0.06596423246239103,""service_before"":0.756698143787264,""service_after"":0.7622508722433489},{""round"":2,""remove_target"":2,""remove_link"":[5,2],""add_target"":0,""add_link"":[3,2],""worst_pd_before"":0.06596423246239103,""worst_pd_after"":0.06756040995152765,""service_before"":0.7622508722433489,""service_after"":0.7596142877314824},{""round"":3,""remove_target"":0,""remove_link"":[0,1],""add_target"":0,""add_link"":[3,0],""worst_pd_before"":0.06756040995152765,""worst_pd_after"":0.06882487430883438,""service_before"":0.7596142877314824,""service_after"":0.7608787520887892},{""round"":4,""remove_target"":0,""remove_link"":[3,1],""add_target"":0,""add_link"":[0,2],""worst_pd_before"":0.06882487430883438,""worst_pd_after"":0.06899876822005967,""service_before"":0.7608787520887892,""service_after"":0.7610526460000144}]",0,[],"{""before"":[0.06899876822005967,0.43201586059684205,0.2600380171831127],""after"":[0.07512725684537273,0.5633737582040557,0.2600380171831127],""reports_before"":[3,4,1],""reports_after"":[4,4,1],""candidate_evaluations"":15}",0.7999999999999999,"[0.8,0.8,0.8,0.8,0.8,0.8]",uniform,[],"{""0"":[[5,1],[5,2],[5,0],[3,2],[3,0],[0,2]],""1"":[[5,2],[3,2],[3,0],[5,0],[5,1],[3,1]],""2"":[[0,2],[3,2],[3,0]]}","{""0"":[[5,1],[5,2],[5,0],[3,2],[3,0],[0,2]],""1"":[[5,2],[3,2],[3,0],[5,0],[5,1],[3,1]],""2"":[[0,2],[3,2],[3,0]]}","[0,0,2]"
30,tpuic_joint_capture,0.6666666666666666,0.03333333333333333,0.3234712926572084,0.694413473858218,0.26685908897832733,0.5899134738582181,0.8595525417117109,3,14,14,35.626738995508646,0.9181412379702371,35.98053912497275,0.9999476224638213,"[[0.0005039713123215266,0.0006088705630658311,0.0005054833684057446],[9.349922356128245e-05,0.0001129606457830604,9.377974760382021e-05],[2.7219452397402815e-05,3.288505298289046e-05,2.7301118431957412e-05],[0.00042662305257277637,0.0005154226280069051,0.0004279030420613423],[0.00014537466265016755,0.00017563371275157395,0.00014581082764166033],[0.0004687286575733123,0.0005662923160191225,0.0004701349757529449]]","[[0.9886691080863599,0.8800289086837838,0.9181412379702371],[0.9886691080863599,0.8800289086837838,0.9181412379702371],[0.9886691080863599,0.8800289086837838,0.9181412379702371],[0.9886691080863599,0.8800289086837838,0.9181412379702371],[0.9886691080863599,0.8800289086837838,0.9181412379702371],[0.9886691080863599,0.8800289086837838,0.9181412379702371]]","[[0.0004453269914440664,0.0002540516595027351,0.00043207975502820964],[8.473471808694703e-05,8.891086256352691e-05,8.513207961607957e-05],[2.7257254382929082e-05,2.9557161497849567e-05,2.799016603954714e-05],[0.0002640397932188252,0.000264003026970112,0.0002641493262337828],[0.0003113414752203615,0.00036821898909912993,0.00031188229981225134],[0.000250593694444152,0.00024503214412067834,0.00024986653308138915]]","[[0.9999287695770982,1.0,0.999993818782371],[0.9999484278099006,0.9995649211838168,0.9999486503319126],[0.9992419941690311,1.0,0.9998664023161529],[0.9999942268728753,0.9999763805582322,0.999946817117742],[0.9994031779584232,0.9960156427722757,0.9997761110695179],[0.9999210370417116,0.9999710041431111,0.9999997366162975]]",1,0,fixed_point,0.0,True,False,1.0,c2f,max_in_rate,False,target_feedback,target_feedback,0,[],0,[],"{""before"":[0.26685908897832733,0.9680650737688503,0.4711220367888109],""after"":[0.26685908897832733,0.9680650737688503,0.4711220367888109],""reports_before"":[6,2,5],""reports_after"":[5,1,5],""candidate_evaluations"":12}",0.7999999999999999,"[0.8,0.8,0.8,0.8,0.8,0.8]",uniform,"[{""round"":0,""mask_before"":[0,3,5],""mask_candidate"":[0,3,5],""objective_before"":0.26685908897832733,""accepted"":false,""reason"":""fixed_point""}]","{""0"":[[5,4],[5,3],[3,5],[3,4],[5,2],[5,1]],""1"":[[3,5],[5,3]],""2"":[[0,2],[3,2],[0,3],[3,0],[0,1],[0,4]]}","{""0"":[[5,4],[5,3],[3,5],[3,4],[5,2],[5,1]],""1"":[[3,5],[5,3]],""2"":[[0,2],[3,2],[0,3],[3,0],[0,1],[0,4]]}","[3,3,0]"
30,tpuic_serial_redundancy,0.3333333333333333,0.044444444444444446,0.10691017474299587,0.27373006594918253,0.07520077421501872,0.22249829914491515,0.5457130128018101,6,15,15,38.63721810899611,0.935603476877361,40.082621444350835,0.9998166402087914,"[[4.638038245649773e-05,5.509801952530335e-05,4.6554830944902074e-05],[0.0001119031880772843,0.00013293646397609897,0.00011232408460667405],[4.22260713171014e-05,5.016286582131364e-05,4.238489437811069e-05],[0.00014090040958318351,0.00016738399097116258,0.00014143037208382467],[0.00020817322334827043,0.0002473013743568525,0.0002089562161184018],[0.00037667468604644916,0.000447474300711964,0.00037809145594183794]]","[[0.990015129642438,0.7334522172143972,0.935603476877361],[0.990015129642438,0.7334522172143972,0.935603476877361],[0.990015129642438,0.7334522172143972,0.935603476877361],[0.990015129642438,0.7334522172143972,0.935603476877361],[0.990015129642438,0.7334522172143972,0.935603476877361],[0.990015129642438,0.7334522172143972,0.935603476877361]]","[[5.082299754468979e-05,5.036681855438104e-05,5.1512387827109305e-05],[0.00010139577219210125,0.00010670329915024438,0.00010480856228153602],[2.9556883065167894e-05,2.6697482928475152e-05,2.7661510235681402e-05],[9.268295668078699e-05,9.494145085552849e-05,9.333654048200816e-05],[0.0002873244479086991,0.00035598950341252295,0.00028497583505463425],[0.00018743641952607683,0.00031986768322894065,0.00018915971593972463]]","[[0.9999117587322043,1.0,0.9998642743798897],[0.9998915942082885,0.9997690060376929,0.9999220928780629],[0.9992418159279668,1.0,0.9995487122765168],[0.9999973784465903,0.9999514019620198,0.9999448261969206],[0.9975496144394395,0.995459652851753,0.999677861476063],[0.9992581713905707,0.998696409516392,0.9993458275814778]]",0,0,serial,0.0,False,True,1.0,c2f,max_in_rate,False,target_feedback,target_feedback,5,"[{""round"":0,""remove_target"":2,""remove_link"":[0,1],""add_target"":0,""add_link"":[5,2],""worst_pd_before"":0.05495645746843657,""worst_pd_after"":0.05833452406168812,""service_before"":0.7565014922022324,""service_after"":0.7581673571477043},{""round"":1,""remove_target"":2,""remove_link"":[5,0],""add_target"":0,""add_link"":[5,0],""worst_pd_before"":0.05833452406168812,""worst_pd_after"":0.06601751803415493,""service_before"":0.7581673571477043,""service_after"":0.7637263344931163},{""round"":2,""remove_target"":2,""remove_link"":[5,2],""add_target"":0,""add_link"":[3,2],""worst_pd_before"":0.06601751803415493,""worst_pd_after"":0.06761591563630628,""service_before"":0.7637263344931163,""service_after"":0.7610829413580135},{""round"":3,""remove_target"":0,""remove_link"":[0,1],""add_target"":0,""add_link"":[3,0],""worst_pd_before"":0.06761591563630628,""worst_pd_after"":0.06888210521736308,""service_before"":0.7610829413580135,""service_after"":0.7623491309390702},{""round"":4,""remove_target"":0,""remove_link"":[3,1],""add_target"":0,""add_link"":[0,2],""worst_pd_before"":0.06888210521736308,""worst_pd_after"":0.06905610762736475,""service_before"":0.7623491309390702,""service_after"":0.762523133349072}]",0,[],"{""before"":[0.06905610762736475,0.4328096988164427,0.26065732690526444],""after"":[0.07520077421501872,0.5643667837450695,0.26065732690526444],""reports_before"":[3,4,1],""reports_after"":[4,4,1],""candidate_evaluations"":15}",0.7999999999999999,"[0.8,0.8,0.8,0.8,0.8,0.8]",uniform,[],"{""0"":[[5,1],[5,2],[5,0],[3,2],[3,0],[0,2]],""1"":[[5,2],[3,2],[3,0],[5,0],[5,1],[3,1]],""2"":[[0,2],[3,2],[3,0]]}","{""0"":[[5,1],[5,2],[5,0],[3,2],[3,0],[0,2]],""1"":[[5,2],[3,2],[3,0],[5,0],[5,1],[3,1]],""2"":[[0,2],[3,2],[3,0]]}","[0,0,2]"
30,tpuic_joint_redundancy,0.6666666666666666,0.03333333333333333,0.32420121206981,0.694413473858218,0.2674799193633552,0.5899134738582181,0.8595525417117109,3,14,14,35.626738995508646,0.9181412379702371,35.98053912497275,0.9999476224638213,"[[0.0005039713123215266,0.0006088705630658311,0.0005054833684057446],[9.349922356128245e-05,0.0001129606457830604,9.377974760382021e-05],[2.7219452397402815e-05,3.288505298289046e-05,2.7301118431957412e-05],[0.00042662305257277637,0.0005154226280069051,0.0004279030420613423],[0.00014537466265016755,0.00017563371275157395,0.00014581082764166033],[0.0004687286575733123,0.0005662923160191225,0.0004701349757529449]]","[[0.9886691080863599,0.8800289086837838,0.9181412379702371],[0.9886691080863599,0.8800289086837838,0.9181412379702371],[0.9886691080863599,0.8800289086837838,0.9181412379702371],[0.9886691080863599,0.8800289086837838,0.9181412379702371],[0.9886691080863599,0.8800289086837838,0.9181412379702371],[0.9886691080863599,0.8800289086837838,0.9181412379702371]]","[[0.0004453269914440664,0.0002540516595027351,0.00043207975502820964],[8.473471808694703e-05,8.891086256352691e-05,8.513207961607957e-05],[2.7257254382929082e-05,2.9557161497849567e-05,2.799016603954714e-05],[0.0002640397932188252,0.000264003026970112,0.0002641493262337828],[0.0003113414752203615,0.00036821898909912993,0.00031188229981225134],[0.000250593694444152,0.00024503214412067834,0.00024986653308138915]]","[[0.9999287695770982,1.0,0.999993818782371],[0.9999484278099006,0.9995649211838168,0.9999486503319126],[0.9992419941690311,1.0,0.9998664023161529],[0.9999942268728753,0.9999763805582322,0.999946817117742],[0.9994031779584232,0.9960156427722757,0.9997761110695179],[0.9999210370417116,0.9999710041431111,0.9999997366162975]]",1,0,fixed_point,0.0,False,True,1.0,c2f,max_in_rate,False,target_feedback,target_feedback,0,[],0,[],"{""before"":[0.2674799193633552,0.9683307684870912,0.4722129270645482],""after"":[0.2674799193633552,0.9683307684870912,0.4722129270645482],""reports_before"":[6,2,5],""reports_after"":[5,1,5],""candidate_evaluations"":12}",0.7999999999999999,"[0.8,0.8,0.8,0.8,0.8,0.8]",uniform,"[{""round"":0,""mask_before"":[0,3,5],""mask_candidate"":[0,3,5],""objective_before"":0.2674799193633552,""accepted"":false,""reason"":""fixed_point""}]","{""0"":[[5,4],[3,5],[5,3],[3,4],[5,2],[5,1]],""1"":[[3,5],[5,3]],""2"":[[0,2],[3,2],[0,3],[3,0],[0,1],[0,4]]}","{""0"":[[5,4],[3,5],[5,3],[3,4],[5,2],[5,1]],""1"":[[3,5],[5,3]],""2"":[[0,2],[3,2],[0,3],[3,0],[0,1],[0,4]]}","[3,3,0]"
30,tpuic_serial_combined,0.3333333333333333,0.044444444444444446,0.10676479614572457,0.27373006594918253,0.07512725684537273,0.22249829914491515,0.5457130128018101,6,15,15,38.63721810899611,0.935603476877361,40.082621444350835,0.9998166402087914,"[[4.638038245649773e-05,5.509801952530335e-05,4.6554830944902074e-05],[0.0001119031880772843,0.00013293646397609897,0.00011232408460667405],[4.22260713171014e-05,5.016286582131364e-05,4.238489437811069e-05],[0.00014090040958318351,0.00016738399097116258,0.00014143037208382467],[0.00020817322334827043,0.0002473013743568525,0.0002089562161184018],[0.00037667468604644916,0.000447474300711964,0.00037809145594183794]]","[[0.990015129642438,0.7334522172143972,0.935603476877361],[0.990015129642438,0.7334522172143972,0.935603476877361],[0.990015129642438,0.7334522172143972,0.935603476877361],[0.990015129642438,0.7334522172143972,0.935603476877361],[0.990015129642438,0.7334522172143972,0.935603476877361],[0.990015129642438,0.7334522172143972,0.935603476877361]]","[[5.082299754468979e-05,5.036681855438104e-05,5.1512387827109305e-05],[0.00010139577219210125,0.00010670329915024438,0.00010480856228153602],[2.9556883065167894e-05,2.6697482928475152e-05,2.7661510235681402e-05],[9.268295668078699e-05,9.494145085552849e-05,9.333654048200816e-05],[0.0002873244479086991,0.00035598950341252295,0.00028497583505463425],[0.00018743641952607683,0.00031986768322894065,0.00018915971593972463]]","[[0.9999117587322043,1.0,0.9998642743798897],[0.9998915942082885,0.9997690060376929,0.9999220928780629],[0.9992418159279668,1.0,0.9995487122765168],[0.9999973784465903,0.9999514019620198,0.9999448261969206],[0.9975496144394395,0.995459652851753,0.999677861476063],[0.9992581713905707,0.998696409516392,0.9993458275814778]]",0,0,serial,0.0,True,True,1.0,c2f,max_in_rate,False,target_feedback,target_feedback,5,"[{""round"":0,""remove_target"":2,""remove_link"":[0,1],""add_target"":0,""add_link"":[5,2],""worst_pd_before"":0.05494327375106465,""worst_pd_after"":0.05829243763132151,""service_before"":0.7550545259127186,""service_after"":0.756698143787264},{""round"":1,""remove_target"":2,""remove_link"":[5,0],""add_target"":0,""add_link"":[5,0],""worst_pd_before"":0.05829243763132151,""worst_pd_after"":0.06596423246239103,""service_before"":0.756698143787264,""service_after"":0.7622508722433489},{""round"":2,""remove_target"":2,""remove_link"":[5,2],""add_target"":0,""add_link"":[3,2],""worst_pd_before"":0.06596423246239103,""worst_pd_after"":0.06756040995152765,""service_before"":0.7622508722433489,""service_after"":0.7596142877314824},{""round"":3,""remove_target"":0,""remove_link"":[0,1],""add_target"":0,""add_link"":[3,0],""worst_pd_before"":0.06756040995152765,""worst_pd_after"":0.06882487430883438,""service_before"":0.7596142877314824,""service_after"":0.7608787520887892},{""round"":4,""remove_target"":0,""remove_link"":[3,1],""add_target"":0,""add_link"":[0,2],""worst_pd_before"":0.06882487430883438,""worst_pd_after"":0.06899876822005967,""service_before"":0.7608787520887892,""service_after"":0.7610526460000144}]",0,[],"{""before"":[0.06899876822005967,0.43201586059684205,0.2600380171831127],""after"":[0.07512725684537273,0.5633737582040557,0.2600380171831127],""reports_before"":[3,4,1],""reports_after"":[4,4,1],""candidate_evaluations"":15}",0.7999999999999999,"[0.8,0.8,0.8,0.8,0.8,0.8]",uniform,[],"{""0"":[[5,1],[5,2],[5,0],[3,2],[3,0],[0,2]],""1"":[[5,2],[3,2],[3,0],[5,0],[5,1],[3,1]],""2"":[[0,2],[3,2],[3,0]]}","{""0"":[[5,1],[5,2],[5,0],[3,2],[3,0],[0,2]],""1"":[[5,2],[3,2],[3,0],[5,0],[5,1],[3,1]],""2"":[[0,2],[3,2],[3,0]]}","[0,0,2]"
30,tpuic_joint_combined,0.6666666666666666,0.03333333333333333,0.3234712926572084,0.694413473858218,0.26685908897832733,0.5899134738582181,0.8595525417117109,3,14,14,35.626738995508646,0.9181412379702371,35.98053912497275,0.9999476224638213,"[[0.0005039713123215266,0.0006088705630658311,0.0005054833684057446],[9.349922356128245e-05,0.0001129606457830604,9.377974760382021e-05],[2.7219452397402815e-05,3.288505298289046e-05,2.7301118431957412e-05],[0.00042662305257277637,0.0005154226280069051,0.0004279030420613423],[0.00014537466265016755,0.00017563371275157395,0.00014581082764166033],[0.0004687286575733123,0.0005662923160191225,0.0004701349757529449]]","[[0.9886691080863599,0.8800289086837838,0.9181412379702371],[0.9886691080863599,0.8800289086837838,0.9181412379702371],[0.9886691080863599,0.8800289086837838,0.9181412379702371],[0.9886691080863599,0.8800289086837838,0.9181412379702371],[0.9886691080863599,0.8800289086837838,0.9181412379702371],[0.9886691080863599,0.8800289086837838,0.9181412379702371]]","[[0.0004453269914440664,0.0002540516595027351,0.00043207975502820964],[8.473471808694703e-05,8.891086256352691e-05,8.513207961607957e-05],[2.7257254382929082e-05,2.9557161497849567e-05,2.799016603954714e-05],[0.0002640397932188252,0.000264003026970112,0.0002641493262337828],[0.0003113414752203615,0.00036821898909912993,0.00031188229981225134],[0.000250593694444152,0.00024503214412067834,0.00024986653308138915]]","[[0.9999287695770982,1.0,0.999993818782371],[0.9999484278099006,0.9995649211838168,0.9999486503319126],[0.9992419941690311,1.0,0.9998664023161529],[0.9999942268728753,0.9999763805582322,0.999946817117742],[0.9994031779584232,0.9960156427722757,0.9997761110695179],[0.9999210370417116,0.9999710041431111,0.9999997366162975]]",1,0,fixed_point,0.0,True,True,1.0,c2f,max_in_rate,False,target_feedback,target_feedback,0,[],0,[],"{""before"":[0.26685908897832733,0.9680650737688503,0.4711220367888109],""after"":[0.26685908897832733,0.9680650737688503,0.4711220367888109],""reports_before"":[6,2,5],""reports_after"":[5,1,5],""candidate_evaluations"":12}",0.7999999999999999,"[0.8,0.8,0.8,0.8,0.8,0.8]",uniform,"[{""round"":0,""mask_before"":[0,3,5],""mask_candidate"":[0,3,5],""objective_before"":0.26685908897832733,""accepted"":false,""reason"":""fixed_point""}]","{""0"":[[5,4],[5,3],[3,5],[3,4],[5,2],[5,1]],""1"":[[3,5],[5,3]],""2"":[[0,2],[3,2],[0,3],[3,0],[0,1],[0,4]]}","{""0"":[[5,4],[5,3],[3,5],[3,4],[5,2],[5,1]],""1"":[[3,5],[5,3]],""2"":[[0,2],[3,2],[0,3],[3,0],[0,1],[0,4]]}","[3,3,0]"
31,constant_serial_baseline,0.0,0.011111111111111112,0.04754102515856766,0.04489267903782719,0.04279743512196149,0.04024728231518426,0.04178254156477601,6,18,18,0.0,1.0,0.0,1.0,null,null,null,null,0,0,serial,0.0,False,False,1.0,c2f,max_in_rate,False,target_feedback,target_feedback,3,"[{""round"":0,""remove_target"":0,""remove_link"":[0,4],""add_target"":0,""add_link"":[3,2],""worst_pd_before"":0.038573723091550605,""worst_pd_after"":0.04008605581478938,""service_before"":0.12118857391559931,""service_after"":0.12541217744967623},{""round"":1,""remove_target"":2,""remove_link"":[0,4],""add_target"":2,""add_link"":[3,1],""worst_pd_before"":0.04008605581478938,""worst_pd_after"":0.04252879500925933,""service_before"":0.12541217744967623,""service_after"":0.12849264828901105},{""round"":2,""remove_target"":1,""remove_link"":[3,4],""add_target"":1,""add_link"":[2,1],""worst_pd_before"":0.04252879500925933,""worst_pd_after"":0.042797326625627505,""service_before"":0.12849264828901105,""service_after"":0.12908297656549017}]",0,[],"{""before"":[0.042797326625627505,0.04311912328573846,0.04316652665412421],""after"":[0.04279743512196149,0.04311923910490503,0.043166612611566575],""reports_before"":[4,4,4],""reports_after"":[6,6,6],""candidate_evaluations"":15}",0.7999999999999999,"[0.8,0.8,0.8,0.8,0.8,0.8]",uniform,[],"{""0"":[[3,4],[2,4],[0,2],[0,1],[3,1],[3,2]],""1"":[[2,4],[0,4],[3,2],[3,1],[0,2],[2,1]],""2"":[[0,2],[3,4],[2,4],[0,1],[3,2],[3,1]]}","{""0"":[[3,4],[2,4],[0,2],[0,1],[3,1],[3,2]],""1"":[[2,4],[0,4],[3,2],[3,1],[0,2],[2,1]],""2"":[[0,2],[3,4],[2,4],[0,1],[3,2],[3,1]]}","[5,5,3]"
31,constant_joint_baseline,0.0,0.022222222222222223,0.04902603160124921,0.04824901189405199,0.04414327296389829,0.043317535310179144,0.04711455688693341,3,18,17,0.0,1.0,0.0,1.0,null,null,null,null,1,0,fixed_point,0.0,False,False,1.0,c2f,max_in_rate,False,target_feedback,target_feedback,2,"[{""round"":0,""remove_target"":1,""remove_link"":[3,2],""add_target"":1,""add_link"":[2,0],""worst_pd_before"":0.04383710796543729,""worst_pd_after"":0.04388291077615947,""service_before"":0.1327789144328366,""service_after"":0.1328247172435588},{""round"":1,""remove_target"":1,""remove_link"":[3,0],""add_target"":1,""add_link"":[3,4],""worst_pd_before"":0.04388291077615947,""worst_pd_after"":0.04414327296389829,""service_before"":0.1328247172435588,""service_after"":0.1330850794312976}]",0,[],"{""before"":[0.044370450807521326,0.04414327296389829,0.044571355659877986],""after"":[0.044370450807521326,0.04414327296389829,0.044571355659877986],""reports_before"":[5,5,5],""reports_after"":[4,4,4],""candidate_evaluations"":12}",0.7999999999999999,"[0.8,0.8,0.8,0.8,0.8,0.8]",uniform,"[{""round"":0,""mask_before"":[0,2,3],""mask_candidate"":[0,2,3],""objective_before"":0.04414327296389829,""accepted"":false,""reason"":""fixed_point""}]","{""0"":[[0,4],[0,2],[3,0],[2,0],[0,3],[0,5]],""1"":[[2,3],[0,3],[3,5],[0,2],[2,0],[3,4]],""2"":[[3,0],[0,2],[2,0],[0,3],[0,4],[0,5]]}","{""0"":[[0,4],[0,2],[3,0],[2,0],[0,3],[0,5]],""1"":[[2,3],[0,3],[3,5],[0,2],[2,0],[3,4]],""2"":[[3,0],[0,2],[2,0],[0,3],[0,5]]}","[0,3,0]"
31,constant_serial_capture,0.0,0.011111111111111112,0.04754158050421454,0.04489267903782719,0.04279791870207875,0.04024728231518426,0.04178254156477601,6,18,18,0.0,1.0,0.0,1.0,null,null,null,null,0,0,serial,0.0,True,False,1.0,c2f,max_in_rate,False,target_feedback,target_feedback,3,"[{""round"":0,""remove_target"":0,""remove_link"":[0,4],""add_target"":0,""add_link"":[3,2],""worst_pd_before"":0.038572460528250405,""worst_pd_after"":0.040086930957870075,""service_before"":0.12118906679310612,""service_after"":0.12541441656659147},{""round"":1,""remove_target"":2,""remove_link"":[0,4],""add_target"":2,""add_link"":[3,1],""worst_pd_before"":0.040086930957870075,""worst_pd_after"":0.04252967530698564,""service_before"":0.12541441656659147,""service_after"":0.12849391101327495},{""round"":2,""remove_target"":1,""remove_link"":[3,4],""add_target"":1,""add_link"":[2,1],""worst_pd_before"":0.04252967530698564,""worst_pd_after"":0.042797810301735746,""service_before"":0.12849391101327495,""service_after"":0.12908408683555794}]",0,[],"{""before"":[0.042797810301735746,0.04311985112926864,0.043166425404553566],""after"":[0.04279791870207875,0.04311996687311237,0.04316651148245586],""reports_before"":[4,4,4],""reports_after"":[6,6,6],""candidate_evaluations"":15}",0.7999999999999999,"[0.8,0.8,0.8,0.8,0.8,0.8]",uniform,[],"{""0"":[[3,4],[2,4],[0,2],[0,1],[3,1],[3,2]],""1"":[[2,4],[0,4],[3,2],[3,1],[0,2],[2,1]],""2"":[[0,2],[3,4],[2,4],[0,1],[3,2],[3,1]]}","{""0"":[[3,4],[2,4],[0,2],[0,1],[3,1],[3,2]],""1"":[[2,4],[0,4],[3,2],[3,1],[0,2],[2,1]],""2"":[[0,2],[3,4],[2,4],[0,1],[3,2],[3,1]]}","[5,5,3]"
31,constant_joint_capture,0.0,0.022222222222222223,0.04902597707476403,0.04824901189405199,0.04414334522356672,0.043317535310179144,0.04711455688693341,3,18,17,0.0,1.0,0.0,1.0,null,null,null,null,1,0,fixed_point,0.0,True,False,1.0,c2f,max_in_rate,False,target_feedback,target_feedback,2,"[{""round"":0,""remove_target"":1,""remove_link"":[3,2],""add_target"":1,""add_link"":[2,0],""worst_pd_before"":0.04383666593706602,""worst_pd_after"":0.043883546164749536,""service_before"":0.1327758027065052,""service_after"":0.13282268293418872},{""round"":1,""remove_target"":1,""remove_link"":[3,0],""add_target"":1,""add_link"":[3,4],""worst_pd_before"":0.043883546164749536,""worst_pd_after"":0.04414334522356672,""service_before"":0.13282268293418872,""service_after"":0.1330824819930059}]",0,[],"{""before"":[0.04436933870558785,0.04414334522356672,0.04456979806385133],""after"":[0.04436933870558785,0.04414334522356672,0.04456979806385133],""reports_before"":[5,5,5],""reports_after"":[4,4,4],""candidate_evaluations"":12}",0.7999999999999999,"[0.8,0.8,0.8,0.8,0.8,0.8]",uniform,"[{""round"":0,""mask_before"":[0,2,3],""mask_candidate"":[0,2,3],""objective_before"":0.04414334522356672,""accepted"":false,""reason"":""fixed_point""}]","{""0"":[[0,4],[0,2],[3,0],[2,0],[0,3],[0,5]],""1"":[[2,3],[0,3],[3,5],[0,2],[2,0],[3,4]],""2"":[[3,0],[0,2],[2,0],[0,3],[0,4],[0,5]]}","{""0"":[[0,4],[0,2],[3,0],[2,0],[0,3],[0,5]],""1"":[[2,3],[0,3],[3,5],[0,2],[2,0],[3,4]],""2"":[[3,0],[0,2],[2,0],[0,3],[0,5]]}","[0,3,0]"
31,constant_serial_redundancy,0.0,0.011111111111111112,0.04754102515856766,0.04489267903782719,0.04279743512196149,0.04024728231518426,0.04178254156477601,6,18,18,0.0,1.0,0.0,1.0,null,null,null,null,0,0,serial,0.0,False,True,1.0,c2f,max_in_rate,False,target_feedback,target_feedback,3,"[{""round"":0,""remove_target"":0,""remove_link"":[0,4],""add_target"":0,""add_link"":[3,2],""worst_pd_before"":0.038573723091550605,""worst_pd_after"":0.04008605581478938,""service_before"":0.12118857391559931,""service_after"":0.12541217744967623},{""round"":1,""remove_target"":2,""remove_link"":[0,4],""add_target"":2,""add_link"":[3,1],""worst_pd_before"":0.04008605581478938,""worst_pd_after"":0.04252879500925933,""service_before"":0.12541217744967623,""service_after"":0.12849264828901105},{""round"":2,""remove_target"":1,""remove_link"":[3,4],""add_target"":1,""add_link"":[2,1],""worst_pd_before"":0.04252879500925933,""worst_pd_after"":0.042797326625627505,""service_before"":0.12849264828901105,""service_after"":0.12908297656549017}]",0,[],"{""before"":[0.042797326625627505,0.04311912328573846,0.04316652665412421],""after"":[0.04279743512196149,0.04311923910490503,0.043166612611566575],""reports_before"":[4,4,4],""reports_after"":[6,6,6],""candidate_evaluations"":15}",0.7999999999999999,"[0.8,0.8,0.8,0.8,0.8,0.8]",uniform,[],"{""0"":[[3,4],[2,4],[0,2],[0,1],[3,1],[3,2]],""1"":[[2,4],[0,4],[3,2],[3,1],[0,2],[2,1]],""2"":[[0,2],[3,4],[2,4],[0,1],[3,2],[3,1]]}","{""0"":[[3,4],[2,4],[0,2],[0,1],[3,1],[3,2]],""1"":[[2,4],[0,4],[3,2],[3,1],[0,2],[2,1]],""2"":[[0,2],[3,4],[2,4],[0,1],[3,2],[3,1]]}","[5,5,3]"
31,constant_joint_redundancy,0.0,0.022222222222222223,0.04902603160124921,0.04824901189405199,0.04414327296389829,0.043317535310179144,0.04711455688693341,3,18,17,0.0,1.0,0.0,1.0,null,null,null,null,1,0,fixed_point,0.0,False,True,1.0,c2f,max_in_rate,False,target_feedback,target_feedback,2,"[{""round"":0,""remove_target"":1,""remove_link"":[3,2],""add_target"":1,""add_link"":[2,0],""worst_pd_before"":0.04383710796543729,""worst_pd_after"":0.04388291077615947,""service_before"":0.1327789144328366,""service_after"":0.1328247172435588},{""round"":1,""remove_target"":1,""remove_link"":[3,0],""add_target"":1,""add_link"":[3,4],""worst_pd_before"":0.04388291077615947,""worst_pd_after"":0.04414327296389829,""service_before"":0.1328247172435588,""service_after"":0.1330850794312976}]",0,[],"{""before"":[0.044370450807521326,0.04414327296389829,0.044571355659877986],""after"":[0.044370450807521326,0.04414327296389829,0.044571355659877986],""reports_before"":[5,5,5],""reports_after"":[4,4,4],""candidate_evaluations"":12}",0.7999999999999999,"[0.8,0.8,0.8,0.8,0.8,0.8]",uniform,"[{""round"":0,""mask_before"":[0,2,3],""mask_candidate"":[0,2,3],""objective_before"":0.04414327296389829,""accepted"":false,""reason"":""fixed_point""}]","{""0"":[[0,4],[0,2],[3,0],[2,0],[0,3],[0,5]],""1"":[[2,3],[0,3],[3,5],[0,2],[2,0],[3,4]],""2"":[[3,0],[0,2],[2,0],[0,3],[0,4],[0,5]]}","{""0"":[[0,4],[0,2],[3,0],[2,0],[0,3],[0,5]],""1"":[[2,3],[0,3],[3,5],[0,2],[2,0],[3,4]],""2"":[[3,0],[0,2],[2,0],[0,3],[0,5]]}","[0,3,0]"
31,constant_serial_combined,0.0,0.011111111111111112,0.04754158050421454,0.04489267903782719,0.04279791870207875,0.04024728231518426,0.04178254156477601,6,18,18,0.0,1.0,0.0,1.0,null,null,null,null,0,0,serial,0.0,True,True,1.0,c2f,max_in_rate,False,target_feedback,target_feedback,3,"[{""round"":0,""remove_target"":0,""remove_link"":[0,4],""add_target"":0,""add_link"":[3,2],""worst_pd_before"":0.038572460528250405,""worst_pd_after"":0.040086930957870075,""service_before"":0.12118906679310612,""service_after"":0.12541441656659147},{""round"":1,""remove_target"":2,""remove_link"":[0,4],""add_target"":2,""add_link"":[3,1],""worst_pd_before"":0.040086930957870075,""worst_pd_after"":0.04252967530698564,""service_before"":0.12541441656659147,""service_after"":0.12849391101327495},{""round"":2,""remove_target"":1,""remove_link"":[3,4],""add_target"":1,""add_link"":[2,1],""worst_pd_before"":0.04252967530698564,""worst_pd_after"":0.042797810301735746,""service_before"":0.12849391101327495,""service_after"":0.12908408683555794}]",0,[],"{""before"":[0.042797810301735746,0.04311985112926864,0.043166425404553566],""after"":[0.04279791870207875,0.04311996687311237,0.04316651148245586],""reports_before"":[4,4,4],""reports_after"":[6,6,6],""candidate_evaluations"":15}",0.7999999999999999,"[0.8,0.8,0.8,0.8,0.8,0.8]",uniform,[],"{""0"":[[3,4],[2,4],[0,2],[0,1],[3,1],[3,2]],""1"":[[2,4],[0,4],[3,2],[3,1],[0,2],[2,1]],""2"":[[0,2],[3,4],[2,4],[0,1],[3,2],[3,1]]}","{""0"":[[3,4],[2,4],[0,2],[0,1],[3,1],[3,2]],""1"":[[2,4],[0,4],[3,2],[3,1],[0,2],[2,1]],""2"":[[0,2],[3,4],[2,4],[0,1],[3,2],[3,1]]}","[5,5,3]"
31,constant_joint_combined,0.0,0.022222222222222223,0.04902597707476403,0.04824901189405199,0.04414334522356672,0.043317535310179144,0.04711455688693341,3,18,17,0.0,1.0,0.0,1.0,null,null,null,null,1,0,fixed_point,0.0,True,True,1.0,c2f,max_in_rate,False,target_feedback,target_feedback,2,"[{""round"":0,""remove_target"":1,""remove_link"":[3,2],""add_target"":1,""add_link"":[2,0],""worst_pd_before"":0.04383666593706602,""worst_pd_after"":0.043883546164749536,""service_before"":0.1327758027065052,""service_after"":0.13282268293418872},{""round"":1,""remove_target"":1,""remove_link"":[3,0],""add_target"":1,""add_link"":[3,4],""worst_pd_before"":0.043883546164749536,""worst_pd_after"":0.04414334522356672,""service_before"":0.13282268293418872,""service_after"":0.1330824819930059}]",0,[],"{""before"":[0.04436933870558785,0.04414334522356672,0.04456979806385133],""after"":[0.04436933870558785,0.04414334522356672,0.04456979806385133],""reports_before"":[5,5,5],""reports_after"":[4,4,4],""candidate_evaluations"":12}",0.7999999999999999,"[0.8,0.8,0.8,0.8,0.8,0.8]",uniform,"[{""round"":0,""mask_before"":[0,2,3],""mask_candidate"":[0,2,3],""objective_before"":0.04414334522356672,""accepted"":false,""reason"":""fixed_point""}]","{""0"":[[0,4],[0,2],[3,0],[2,0],[0,3],[0,5]],""1"":[[2,3],[0,3],[3,5],[0,2],[2,0],[3,4]],""2"":[[3,0],[0,2],[2,0],[0,3],[0,4],[0,5]]}","{""0"":[[0,4],[0,2],[3,0],[2,0],[0,3],[0,5]],""1"":[[2,3],[0,3],[3,5],[0,2],[2,0],[3,4]],""2"":[[3,0],[0,2],[2,0],[0,3],[0,5]]}","[0,3,0]"
31,tpuic_serial_baseline,0.3333333333333333,0.05555555555555555,0.17681654238695196,0.1673287506879486,0.07733549734728155,0.08925124828207857,0.5916754200342721,6,18,17,34.35271319565773,0.8909079539597801,36.45393218083961,0.9979232870938202,"[[0.00040655750755354335,0.00040378229109065564,0.0004078942335247067],[7.252897427354347e-05,7.203388169819904e-05,7.276744327675211e-05],[0.00010880148237182829,0.00010805878875664492,0.00010915921224886994],[0.0003954441767957197,0.00039274482142973374,0.0003967443630951906],[0.0003419174871753748,0.00033958351222293016,0.0003430416823423821],[0.0006020829181513324,0.0005979730188248343,0.0006040625147853477]]","[[0.9928800302102548,0.8909079539597801,0.6895340926176543],[0.9928800302102548,0.8909079539597801,0.6895340926176543],[0.9928800302102548,0.8909079539597801,0.6895340926176543],[0.9928800302102548,0.8909079539597801,0.6895340926176543],[0.9928800302102548,0.8909079539597801,0.6895340926176543],[0.9928800302102548,0.8909079539597801,0.6895340926176543]]","[[0.00020940804999067296,0.0002134515754862562,0.00021091944467560323],[7.102783156267462e-05,7.001560600233622e-05,7.05584663284247e-05],[6.230308607429742e-05,6.440635643750739e-05,7.140709402500801e-05],[0.0006116060067719159,0.0005951150882280647,0.0006145966454508647],[0.00025091147314708074,0.00023983590433976197,0.0002706247179059307],[0.0007963985640404434,0.0008002076716579689,0.00079232690174126]]","[[0.9978354478589921,0.9989328764486799,0.9980111263286482],[0.9965856327753654,0.9999110041813423,0.9997124771308067],[0.9936009871597042,0.9993804854955651,0.737184379289152],[0.9998963040521551,0.9972356397692419,0.8673691846909305],[0.9997519695935513,0.9996840772491603,0.9887738663092853],[0.9993733130574148,0.994347208955349,0.9968791553309536]]",0,0,serial,11.243520499905571,False,False,1.0,c2f,max_in_rate,False,target_feedback,target_feedback,1,"[{""round"":0,""remove_target"":1,""remove_link"":[0,4],""add_target"":1,""add_link"":[0,1],""worst_pd_before"":0.07689308633193162,""worst_pd_after"":0.07733549734728155,""service_before"":1.6768930863319316,""service_after"":1.6773354973472816}]",0,[],"{""before"":[0.9401460460082389,0.07733549734728155,0.9007958457958802],""after"":[0.9401460460082389,0.07733549734728155,0.9007958457958802],""reports_before"":[4,4,4],""reports_after"":[3,3,4],""candidate_evaluations"":15}",0.7999999999999999,"[0.8,0.8,0.8,0.8,0.8,0.8]",uniform,[],"{""0"":[[0,4],[0,2],[0,1],[3,4],[1,4],[3,1]],""1"":[[3,2],[3,1],[3,4],[1,2],[0,2],[0,1]],""2"":[[0,4],[0,2],[0,1],[3,4],[3,2],[3,1]]}","{""0"":[[0,4],[0,2],[0,1],[3,4],[1,4],[3,1]],""1"":[[3,2],[3,1],[3,4],[1,2],[0,2],[0,1]],""2"":[[0,2],[0,1],[3,4],[3,2],[3,1]]}","[4,2,1]"
31,tpuic_joint_baseline,0.6666666666666666,0.03333333333333333,0.2390169474941484,0.23758906771419344,0.1345169474941484,0.14045639594425718,0.6722605381806263,3,10,10,33.78576253923816,0.9959793628729393,35.84331488065497,0.9988811185286119,"[[0.0005163452690886072,0.0005153627855219891,0.0005178431373710154],[0.0013435710368501503,0.0013410145372687381,0.0013474686080331155],[7.731057834201176e-05,7.716347450027263e-05,7.753484894179382e-05],[0.0003855938533623529,0.00038486015897800014,0.0003867124242826646],[0.0003786681491493687,0.0003779476327507241,0.0003797666292635958],[0.0004531964656479775,0.00045233413939729946,0.00045451114528625866]]","[[0.9959793628729393,0.996403401272799,0.9157746841919828],[0.9959793628729393,0.996403401272799,0.9157746841919828],[0.9959793628729393,0.996403401272799,0.9157746841919828],[0.9959793628729393,0.996403401272799,0.9157746841919828],[0.9959793628729393,0.996403401272799,0.9157746841919828],[0.9959793628729393,0.996403401272799,0.9157746841919828]]","[[0.0001978620999100146,0.00020037823131050121,0.00020144691821937397],[0.0009431558008197023,0.0009260897198798462,0.0010298029131603243],[9.831233748198396e-05,9.556043749620739e-05,0.0001010069873479354],[0.00010421118804091415,0.00010682292820999201,0.00011116970903645869],[0.00035504112099807636,0.0003542441198768408,0.0003366482769866316],[0.00037334377824837085,0.00037185228150401757,0.00037366649829498224]]","[[0.999765138156543,0.9978967649785754,0.998368548125897],[0.9978355019136588,0.9998863700715822,0.9977207237215843],[0.9947393824303258,0.9991183591202377,0.6009652579135679],[0.999882214634713,0.9999295402463573,0.7529704496400339],[0.9997098092346017,0.9998520575404427,0.9868890462379598],[0.9992797649550788,0.9999549387400787,0.9986438779369862]]",1,0,fixed_point,5.265772599959746,False,False,1.0,c2f,max_in_rate,False,target_feedback,target_feedback,0,[],0,[],"{""before"":[0.9730172387728467,0.1345169474941484,0.981513019846117],""after"":[0.9730172387728467,0.1345169474941484,0.981513019846117],""reports_before"":[2,5,2],""reports_after"":[1,4,1],""candidate_evaluations"":14}",0.7999999999999999,"[0.8,0.8,0.8,0.8,0.8,0.8]",uniform,"[{""round"":0,""mask_before"":[0,1,3],""mask_candidate"":[0,1,3],""objective_before"":0.1345169474941484,""accepted"":false,""reason"":""fixed_point""}]","{""0"":[[0,4],[0,2]],""1"":[[3,2],[0,3],[3,0],[3,5],[1,3],[3,1]],""2"":[[3,0],[0,2]]}","{""0"":[[0,4],[0,2]],""1"":[[3,2],[0,3],[3,0],[3,5],[1,3],[3,1]],""2"":[[3,0],[0,2]]}","[2,3,0]"
31,tpuic_serial_capture,0.3333333333333333,0.05555555555555555,0.17673480329510488,0.1673287506879486,0.07730169841827247,0.08925124828207857,0.5916754200342721,6,18,17,34.35271319565773,0.8909079539597801,36.45393218083961,0.9979232870938202,"[[0.00040655750755354335,0.00040378229109065564,0.0004078942335247067],[7.252897427354347e-05,7.203388169819904e-05,7.276744327675211e-05],[0.00010880148237182829,0.00010805878875664492,0.00010915921224886994],[0.0003954441767957197,0.00039274482142973374,0.0003967443630951906],[0.0003419174871753748,0.00033958351222293016,0.0003430416823423821],[0.0006020829181513324,0.0005979730188248343,0.0006040625147853477]]","[[0.9928800302102548,0.8909079539597801,0.6895340926176543],[0.9928800302102548,0.8909079539597801,0.6895340926176543],[0.9928800302102548,0.8909079539597801,0.6895340926176543],[0.9928800302102548,0.8909079539597801,0.6895340926176543],[0.9928800302102548,0.8909079539597801,0.6895340926176543],[0.9928800302102548,0.8909079539597801,0.6895340926176543]]","[[0.00020940804999067296,0.0002134515754862562,0.00021091944467560323],[7.102783156267462e-05,7.001560600233622e-05,7.05584663284247e-05],[6.230308607429742e-05,6.440635643750739e-05,7.140709402500801e-05],[0.0006116060067719159,0.0005951150882280647,0.0006145966454508647],[0.00025091147314708074,0.00023983590433976197,0.0002706247179059307],[0.0007963985640404434,0.0008002076716579689,0.00079232690174126]]","[[0.9978354478589921,0.9989328764486799,0.9980111263286482],[0.9965856327753654,0.9999110041813423,0.9997124771308067],[0.9936009871597042,0.9993804854955651,0.737184379289152],[0.9998963040521551,0.9972356397692419,0.8673691846909305],[0.9997519695935513,0.9996840772491603,0.9887738663092853],[0.9993733130574148,0.994347208955349,0.9968791553309536]]",0,0,serial,0.0,True,False,1.0,c2f,max_in_rate,False,target_feedback,target_feedback,1,"[{""round"":0,""remove_target"":1,""remove_link"":[0,4],""add_target"":1,""add_link"":[0,1],""worst_pd_before"":0.07685910926486668,""worst_pd_after"":0.07730169841827247,""service_before"":1.6768591092648668,""service_after"":1.6773016984182725}]",0,[],"{""before"":[0.9397957473129117,0.07730169841827247,0.9003514740370326],""after"":[0.9397957473129117,0.07730169841827247,0.9003514740370326],""reports_before"":[4,4,4],""reports_after"":[3,3,4],""candidate_evaluations"":15}",0.7999999999999999,"[0.8,0.8,0.8,0.8,0.8,0.8]",uniform,[],"{""0"":[[0,4],[0,2],[0,1],[3,4],[1,4],[3,1]],""1"":[[3,2],[3,1],[3,4],[1,2],[0,2],[0,1]],""2"":[[0,4],[0,2],[0,1],[3,4],[3,2],[3,1]]}","{""0"":[[0,4],[0,2],[0,1],[3,4],[1,4],[3,1]],""1"":[[3,2],[3,1],[3,4],[1,2],[0,2],[0,1]],""2"":[[0,2],[0,1],[3,4],[3,2],[3,1]]}","[4,2,1]"
31,tpuic_joint_capture,0.3333333333333333,0.05555555555555555,0.2388902770939309,0.23279611978628786,0.1343902770939309,0.14045639594425718,0.6562840450876077,3,10,10,33.78576253923816,0.9959793628729393,35.84331488065497,0.9988811185286119,"[[0.0005163452690886072,0.0005153627855219891,0.0005178431373710154],[0.0013435710368501503,0.0013410145372687381,0.0013474686080331155],[7.731057834201176e-05,7.716347450027263e-05,7.753484894179382e-05],[0.0003855938533623529,0.00038486015897800014,0.0003867124242826646],[0.0003786681491493687,0.0003779476327507241,0.0003797666292635958],[0.0004531964656479775,0.00045233413939729946,0.00045451114528625866]]","[[0.9959793628729393,0.996403401272799,0.9157746841919828],[0.9959793628729393,0.996403401272799,0.9157746841919828],[0.9959793628729393,0.996403401272799,0.9157746841919828],[0.9959793628729393,0.996403401272799,0.9157746841919828],[0.9959793628729393,0.996403401272799,0.9157746841919828],[0.9959793628729393,0.996403401272799,0.9157746841919828]]","[[0.0001978620999100146,0.00020037823131050121,0.00020144691821937397],[0.0009431558008197023,0.0009260897198798462,0.0010298029131603243],[9.831233748198396e-05,9.556043749620739e-05,0.0001010069873479354],[0.00010421118804091415,0.00010682292820999201,0.00011116970903645869],[0.00035504112099807636,0.0003542441198768408,0.0003366482769866316],[0.00037334377824837085,0.00037185228150401757,0.00037366649829498224]]","[[0.999765138156543,0.9978967649785754,0.998368548125897],[0.9978355019136588,0.9998863700715822,0.9977207237215843],[0.9947393824303258,0.9991183591202377,0.6009652579135679],[0.999882214634713,0.9999295402463573,0.7529704496400339],[0.9997098092346017,0.9998520575404427,0.9868890462379598],[0.9992797649550788,0.9999549387400787,0.9986438779369862]]",1,0,fixed_point,0.0,True,False,1.0,c2f,max_in_rate,False,target_feedback,target_feedback,0,[],0,[],"{""before"":[0.9728563664812453,0.1343902770939309,0.981374594559081],""after"":[0.9728563664812453,0.1343902770939309,0.981374594559081],""reports_before"":[2,5,2],""reports_after"":[1,4,1],""candidate_evaluations"":13}",0.7999999999999999,"[0.8,0.8,0.8,0.8,0.8,0.8]",uniform,"[{""round"":0,""mask_before"":[0,1,3],""mask_candidate"":[0,1,3],""objective_before"":0.1343902770939309,""accepted"":false,""reason"":""fixed_point""}]","{""0"":[[0,4],[0,2]],""1"":[[3,2],[0,3],[3,0],[3,5],[1,3],[3,1]],""2"":[[0,3],[0,2]]}","{""0"":[[0,4],[0,2]],""1"":[[3,2],[0,3],[3,0],[3,5],[1,3],[3,1]],""2"":[[0,3],[0,2]]}","[2,3,3]"
31,tpuic_serial_redundancy,0.3333333333333333,0.05555555555555555,0.17681654238695196,0.1673287506879486,0.07733549734728155,0.08925124828207857,0.5916754200342721,6,18,17,34.35271319565773,0.8909079539597801,36.45393218083961,0.9979232870938202,"[[0.00040655750755354335,0.00040378229109065564,0.0004078942335247067],[7.252897427354347e-05,7.203388169819904e-05,7.276744327675211e-05],[0.00010880148237182829,0.00010805878875664492,0.00010915921224886994],[0.0003954441767957197,0.00039274482142973374,0.0003967443630951906],[0.0003419174871753748,0.00033958351222293016,0.0003430416823423821],[0.0006020829181513324,0.0005979730188248343,0.0006040625147853477]]","[[0.9928800302102548,0.8909079539597801,0.6895340926176543],[0.9928800302102548,0.8909079539597801,0.6895340926176543],[0.9928800302102548,0.8909079539597801,0.6895340926176543],[0.9928800302102548,0.8909079539597801,0.6895340926176543],[0.9928800302102548,0.8909079539597801,0.6895340926176543],[0.9928800302102548,0.8909079539597801,0.6895340926176543]]","[[0.00020940804999067296,0.0002134515754862562,0.00021091944467560323],[7.102783156267462e-05,7.001560600233622e-05,7.05584663284247e-05],[6.230308607429742e-05,6.440635643750739e-05,7.140709402500801e-05],[0.0006116060067719159,0.0005951150882280647,0.0006145966454508647],[0.00025091147314708074,0.00023983590433976197,0.0002706247179059307],[0.0007963985640404434,0.0008002076716579689,0.00079232690174126]]","[[0.9978354478589921,0.9989328764486799,0.9980111263286482],[0.9965856327753654,0.9999110041813423,0.9997124771308067],[0.9936009871597042,0.9993804854955651,0.737184379289152],[0.9998963040521551,0.9972356397692419,0.8673691846909305],[0.9997519695935513,0.9996840772491603,0.9887738663092853],[0.9993733130574148,0.994347208955349,0.9968791553309536]]",0,0,serial,0.0,False,True,1.0,c2f,max_in_rate,False,target_feedback,target_feedback,1,"[{""round"":0,""remove_target"":1,""remove_link"":[0,4],""add_target"":1,""add_link"":[0,1],""worst_pd_before"":0.07689308633193162,""worst_pd_after"":0.07733549734728155,""service_before"":1.6768930863319316,""service_after"":1.6773354973472816}]",0,[],"{""before"":[0.9401460460082389,0.07733549734728155,0.9007958457958802],""after"":[0.9401460460082389,0.07733549734728155,0.9007958457958802],""reports_before"":[4,4,4],""reports_after"":[3,3,4],""candidate_evaluations"":15}",0.7999999999999999,"[0.8,0.8,0.8,0.8,0.8,0.8]",uniform,[],"{""0"":[[0,4],[0,2],[0,1],[3,4],[1,4],[3,1]],""1"":[[3,2],[3,1],[3,4],[1,2],[0,2],[0,1]],""2"":[[0,4],[0,2],[0,1],[3,4],[3,2],[3,1]]}","{""0"":[[0,4],[0,2],[0,1],[3,4],[1,4],[3,1]],""1"":[[3,2],[3,1],[3,4],[1,2],[0,2],[0,1]],""2"":[[0,2],[0,1],[3,4],[3,2],[3,1]]}","[4,2,1]"
31,tpuic_joint_redundancy,0.6666666666666666,0.03333333333333333,0.2390169474941484,0.23758906771419344,0.1345169474941484,0.14045639594425718,0.6722605381806263,3,10,10,33.78576253923816,0.9959793628729393,35.84331488065497,0.9988811185286119,"[[0.0005163452690886072,0.0005153627855219891,0.0005178431373710154],[0.0013435710368501503,0.0013410145372687381,0.0013474686080331155],[7.731057834201176e-05,7.716347450027263e-05,7.753484894179382e-05],[0.0003855938533623529,0.00038486015897800014,0.0003867124242826646],[0.0003786681491493687,0.0003779476327507241,0.0003797666292635958],[0.0004531964656479775,0.00045233413939729946,0.00045451114528625866]]","[[0.9959793628729393,0.996403401272799,0.9157746841919828],[0.9959793628729393,0.996403401272799,0.9157746841919828],[0.9959793628729393,0.996403401272799,0.9157746841919828],[0.9959793628729393,0.996403401272799,0.9157746841919828],[0.9959793628729393,0.996403401272799,0.9157746841919828],[0.9959793628729393,0.996403401272799,0.9157746841919828]]","[[0.0001978620999100146,0.00020037823131050121,0.00020144691821937397],[0.0009431558008197023,0.0009260897198798462,0.0010298029131603243],[9.831233748198396e-05,9.556043749620739e-05,0.0001010069873479354],[0.00010421118804091415,0.00010682292820999201,0.00011116970903645869],[0.00035504112099807636,0.0003542441198768408,0.0003366482769866316],[0.00037334377824837085,0.00037185228150401757,0.00037366649829498224]]","[[0.999765138156543,0.9978967649785754,0.998368548125897],[0.9978355019136588,0.9998863700715822,0.9977207237215843],[0.9947393824303258,0.9991183591202377,0.6009652579135679],[0.999882214634713,0.9999295402463573,0.7529704496400339],[0.9997098092346017,0.9998520575404427,0.9868890462379598],[0.9992797649550788,0.9999549387400787,0.9986438779369862]]",1,0,fixed_point,0.0,False,True,1.0,c2f,max_in_rate,False,target_feedback,target_feedback,0,[],0,[],"{""before"":[0.9730172387728467,0.1345169474941484,0.981513019846117],""after"":[0.9730172387728467,0.1345169474941484,0.981513019846117],""reports_before"":[2,5,2],""reports_after"":[1,4,1],""candidate_evaluations"":14}",0.7999999999999999,"[0.8,0.8,0.8,0.8,0.8,0.8]",uniform,"[{""round"":0,""mask_before"":[0,1,3],""mask_candidate"":[0,1,3],""objective_before"":0.1345169474941484,""accepted"":false,""reason"":""fixed_point""}]","{""0"":[[0,4],[0,2]],""1"":[[3,2],[0,3],[3,0],[3,5],[1,3],[3,1]],""2"":[[3,0],[0,2]]}","{""0"":[[0,4],[0,2]],""1"":[[3,2],[0,3],[3,0],[3,5],[1,3],[3,1]],""2"":[[3,0],[0,2]]}","[2,3,0]"
31,tpuic_serial_combined,0.3333333333333333,0.05555555555555555,0.17673480329510488,0.1673287506879486,0.07730169841827247,0.08925124828207857,0.5916754200342721,6,18,17,34.35271319565773,0.8909079539597801,36.45393218083961,0.9979232870938202,"[[0.00040655750755354335,0.00040378229109065564,0.0004078942335247067],[7.252897427354347e-05,7.203388169819904e-05,7.276744327675211e-05],[0.00010880148237182829,0.00010805878875664492,0.00010915921224886994],[0.0003954441767957197,0.00039274482142973374,0.0003967443630951906],[0.0003419174871753748,0.00033958351222293016,0.0003430416823423821],[0.0006020829181513324,0.0005979730188248343,0.0006040625147853477]]","[[0.9928800302102548,0.8909079539597801,0.6895340926176543],[0.9928800302102548,0.8909079539597801,0.6895340926176543],[0.9928800302102548,0.8909079539597801,0.6895340926176543],[0.9928800302102548,0.8909079539597801,0.6895340926176543],[0.9928800302102548,0.8909079539597801,0.6895340926176543],[0.9928800302102548,0.8909079539597801,0.6895340926176543]]","[[0.00020940804999067296,0.0002134515754862562,0.00021091944467560323],[7.102783156267462e-05,7.001560600233622e-05,7.05584663284247e-05],[6.230308607429742e-05,6.440635643750739e-05,7.140709402500801e-05],[0.0006116060067719159,0.0005951150882280647,0.0006145966454508647],[0.00025091147314708074,0.00023983590433976197,0.0002706247179059307],[0.0007963985640404434,0.0008002076716579689,0.00079232690174126]]","[[0.9978354478589921,0.9989328764486799,0.9980111263286482],[0.9965856327753654,0.9999110041813423,0.9997124771308067],[0.9936009871597042,0.9993804854955651,0.737184379289152],[0.9998963040521551,0.9972356397692419,0.8673691846909305],[0.9997519695935513,0.9996840772491603,0.9887738663092853],[0.9993733130574148,0.994347208955349,0.9968791553309536]]",0,0,serial,0.0,True,True,1.0,c2f,max_in_rate,False,target_feedback,target_feedback,1,"[{""round"":0,""remove_target"":1,""remove_link"":[0,4],""add_target"":1,""add_link"":[0,1],""worst_pd_before"":0.07685910926486668,""worst_pd_after"":0.07730169841827247,""service_before"":1.6768591092648668,""service_after"":1.6773016984182725}]",0,[],"{""before"":[0.9397957473129117,0.07730169841827247,0.9003514740370326],""after"":[0.9397957473129117,0.07730169841827247,0.9003514740370326],""reports_before"":[4,4,4],""reports_after"":[3,3,4],""candidate_evaluations"":15}",0.7999999999999999,"[0.8,0.8,0.8,0.8,0.8,0.8]",uniform,[],"{""0"":[[0,4],[0,2],[0,1],[3,4],[1,4],[3,1]],""1"":[[3,2],[3,1],[3,4],[1,2],[0,2],[0,1]],""2"":[[0,4],[0,2],[0,1],[3,4],[3,2],[3,1]]}","{""0"":[[0,4],[0,2],[0,1],[3,4],[1,4],[3,1]],""1"":[[3,2],[3,1],[3,4],[1,2],[0,2],[0,1]],""2"":[[0,2],[0,1],[3,4],[3,2],[3,1]]}","[4,2,1]"
31,tpuic_joint_combined,0.3333333333333333,0.05555555555555555,0.2388902770939309,0.23279611978628786,0.1343902770939309,0.14045639594425718,0.6562840450876077,3,10,10,33.78576253923816,0.9959793628729393,35.84331488065497,0.9988811185286119,"[[0.0005163452690886072,0.0005153627855219891,0.0005178431373710154],[0.0013435710368501503,0.0013410145372687381,0.0013474686080331155],[7.731057834201176e-05,7.716347450027263e-05,7.753484894179382e-05],[0.0003855938533623529,0.00038486015897800014,0.0003867124242826646],[0.0003786681491493687,0.0003779476327507241,0.0003797666292635958],[0.0004531964656479775,0.00045233413939729946,0.00045451114528625866]]","[[0.9959793628729393,0.996403401272799,0.9157746841919828],[0.9959793628729393,0.996403401272799,0.9157746841919828],[0.9959793628729393,0.996403401272799,0.9157746841919828],[0.9959793628729393,0.996403401272799,0.9157746841919828],[0.9959793628729393,0.996403401272799,0.9157746841919828],[0.9959793628729393,0.996403401272799,0.9157746841919828]]","[[0.0001978620999100146,0.00020037823131050121,0.00020144691821937397],[0.0009431558008197023,0.0009260897198798462,0.0010298029131603243],[9.831233748198396e-05,9.556043749620739e-05,0.0001010069873479354],[0.00010421118804091415,0.00010682292820999201,0.00011116970903645869],[0.00035504112099807636,0.0003542441198768408,0.0003366482769866316],[0.00037334377824837085,0.00037185228150401757,0.00037366649829498224]]","[[0.999765138156543,0.9978967649785754,0.998368548125897],[0.9978355019136588,0.9998863700715822,0.9977207237215843],[0.9947393824303258,0.9991183591202377,0.6009652579135679],[0.999882214634713,0.9999295402463573,0.7529704496400339],[0.9997098092346017,0.9998520575404427,0.9868890462379598],[0.9992797649550788,0.9999549387400787,0.9986438779369862]]",1,0,fixed_point,0.0,True,True,1.0,c2f,max_in_rate,False,target_feedback,target_feedback,0,[],0,[],"{""before"":[0.9728563664812453,0.1343902770939309,0.981374594559081],""after"":[0.9728563664812453,0.1343902770939309,0.981374594559081],""reports_before"":[2,5,2],""reports_after"":[1,4,1],""candidate_evaluations"":13}",0.7999999999999999,"[0.8,0.8,0.8,0.8,0.8,0.8]",uniform,"[{""round"":0,""mask_before"":[0,1,3],""mask_candidate"":[0,1,3],""objective_before"":0.1343902770939309,""accepted"":false,""reason"":""fixed_point""}]","{""0"":[[0,4],[0,2]],""1"":[[3,2],[0,3],[3,0],[3,5],[1,3],[3,1]],""2"":[[0,3],[0,2]]}","{""0"":[[0,4],[0,2]],""1"":[[3,2],[0,3],[3,0],[3,5],[1,3],[3,1]],""2"":[[0,3],[0,2]]}","[2,3,3]"
32,constant_serial_baseline,0.0,0.011111111111111112,0.0480543814597608,0.047002242425080484,0.043201068698782256,0.04227706909553731,0.04287461772315825,6,17,17,0.0,1.0,0.0,1.0,null,null,null,null,0,0,serial,0.0,False,False,1.0,c2f,max_in_rate,False,target_feedback,target_feedback,4,"[{""round"":0,""remove_target"":0,""remove_link"":[5,2],""add_target"":0,""add_link"":[5,3],""worst_pd_before"":0.03935861655008091,""worst_pd_after"":0.042137359751227586,""service_before"":0.12488669637574373,""service_after"":0.12766543957689042},{""round"":1,""remove_target"":2,""remove_link"":[2,3],""add_target"":0,""add_link"":[2,3],""worst_pd_before"":0.042137359751227586,""worst_pd_after"":0.042448520827800686,""service_before"":0.12766543957689042,""service_after"":0.12871394827900276},{""round"":2,""remove_target"":0,""remove_link"":[0,2],""add_target"":2,""add_link"":[5,1],""worst_pd_before"":0.042448520827800686,""worst_pd_after"":0.04318293499410248,""service_before"":0.12871394827900276,""service_after"":0.13009075432190476},{""round"":3,""remove_target"":2,""remove_link"":[0,5],""add_target"":0,""add_link"":[0,5],""worst_pd_before"":0.04318293499410248,""worst_pd_after"":0.04318293499410248,""service_before"":0.13009075432190476,""service_after"":0.136708979375973}]",0,[],"{""before"":[0.043530319836494476,0.04318293499410248,0.04999572454537605],""after"":[0.043533555155247754,0.043201068698782256,0.04999572454537605],""reports_before"":[6,4,5],""reports_after"":[4,5,2],""candidate_evaluations"":12}",0.7999999999999999,"[0.8,0.8,0.8,0.8,0.8,0.8]",uniform,[],"{""0"":[[5,0],[2,0],[2,5],[5,3],[2,3],[0,5]],""1"":[[0,2],[5,0],[5,2],[2,0],[0,3],[0,5]],""2"":[[2,4],[2,1],[0,1],[0,4],[5,1]]}","{""0"":[[5,0],[2,0],[2,5],[5,3],[2,3],[0,5]],""1"":[[0,2],[5,0],[5,2],[2,0],[0,3],[0,5]],""2"":[[2,4],[2,1],[0,1],[0,4],[5,1]]}","[3,3,1]"
32,constant_joint_baseline,0.0,0.03333333333333333,0.04806627130560505,0.04842855583768173,0.04323541575672381,0.04355949810576471,0.04446800680929578,3,18,18,0.0,1.0,0.0,1.0,null,null,null,null,1,0,fixed_point,0.0,False,False,1.0,c2f,max_in_rate,False,target_feedback,target_feedback,1,"[{""round"":0,""remove_target"":0,""remove_link"":[5,2],""add_target"":0,""add_link"":[0,5],""worst_pd_before"":0.040266773868611064,""worst_pd_after"":0.04229289576293117,""service_before"":0.12629605967855462,""service_after"":0.12915311022625456}]",0,[],"{""before"":[0.043123824416311,0.043736390047012394,0.04229289576293117],""after"":[0.04323541575672381,0.043736390047012394,0.04572165441800047],""reports_before"":[4,5,5],""reports_after"":[6,4,6],""candidate_evaluations"":12}",0.7999999999999999,"[0.8,0.8,0.8,0.8,0.8,0.8]",uniform,"[{""round"":0,""mask_before"":[0,2,5],""mask_candidate"":[0,2,5],""objective_before"":0.04323541575672381,""accepted"":false,""reason"":""fixed_point""}]","{""0"":[[0,2],[2,5],[5,0],[2,0],[5,3],[0,5]],""1"":[[0,2],[5,0],[5,2],[0,5],[0,3],[2,0]],""2"":[[5,2],[0,2],[2,0],[5,0],[2,5],[2,3]]}","{""0"":[[0,2],[2,5],[5,0],[2,0],[5,3],[0,5]],""1"":[[0,2],[5,0],[5,2],[0,5],[0,3],[2,0]],""2"":[[5,2],[0,2],[2,0],[5,0],[2,5],[2,3]]}","[4,0,4]"
32,constant_serial_capture,0.0,0.011111111111111112,0.048054207260560804,0.047002242425080484,0.043200859883621275,0.04227706909553731,0.04287461772315825,6,17,17,0.0,1.0,0.0,1.0,null,null,null,null,0,0,serial,0.0,True,False,1.0,c2f,max_in_rate,False,target_feedback,target_feedback,4,"[{""round"":0,""remove_target"":0,""remove_link"":[5,2],""add_target"":0,""add_link"":[5,3],""worst_pd_before"":0.03935842460852137,""worst_pd_after"":0.04213639444297483,""service_before"":0.12488729025111998,""service_after"":0.12766526008557344},{""round"":1,""remove_target"":2,""remove_link"":[2,3],""add_target"":0,""add_link"":[2,3],""worst_pd_before"":0.04213639444297483,""worst_pd_after"":0.0424476400123363,""service_before"":0.12766526008557344,""service_after"":0.1287130888205046},{""round"":2,""remove_target"":0,""remove_link"":[0,2],""add_target"":2,""add_link"":[5,1],""worst_pd_before"":0.0424476400123363,""worst_pd_after"":0.04318272881218144,""service_before"":0.1287130888205046,""service_after"":0.130091273758397},{""round"":3,""remove_target"":2,""remove_link"":[0,5],""add_target"":0,""add_link"":[0,5],""worst_pd_before"":0.04318272881218144,""worst_pd_after"":0.04318272881218144,""service_before"":0.130091273758397,""service_after"":0.13670911858983276}]",0,[],"{""before"":[0.043530667334968076,0.04318272881218144,0.04999572244268326],""after"":[0.043533901525126935,0.043200859883621275,0.04999572244268326],""reports_before"":[6,4,5],""reports_after"":[4,5,2],""candidate_evaluations"":12}",0.7999999999999999,"[0.8,0.8,0.8,0.8,0.8,0.8]",uniform,[],"{""0"":[[5,0],[2,0],[2,5],[5,3],[2,3],[0,5]],""1"":[[0,2],[5,0],[5,2],[2,0],[0,3],[0,5]],""2"":[[2,4],[2,1],[0,1],[0,4],[5,1]]}","{""0"":[[5,0],[2,0],[2,5],[5,3],[2,3],[0,5]],""1"":[[0,2],[5,0],[5,2],[2,0],[0,3],[0,5]],""2"":[[2,4],[2,1],[0,1],[0,4],[5,1]]}","[3,3,1]"
32,constant_joint_capture,0.0,0.03333333333333333,0.04806566661877462,0.04842855583768173,0.04323483895968622,0.04355949810576471,0.04446800680929578,3,18,18,0.0,1.0,0.0,1.0,null,null,null,null,1,0,fixed_point,0.0,True,False,1.0,c2f,max_in_rate,False,target_feedback,target_feedback,1,"[{""round"":0,""remove_target"":0,""remove_link"":[5,2],""add_target"":0,""add_link"":[0,5],""worst_pd_before"":0.04026625319482344,""worst_pd_after"":0.04229305330520466,""service_before"":0.12629547228881213,""service_after"":0.1291520293082863}]",0,[],"{""before"":[0.04312281021429759,0.04373616578878403,0.04229305330520466],""after"":[0.04323483895968622,0.04373616578878403,0.045721108021000545],""reports_before"":[4,5,5],""reports_after"":[6,4,6],""candidate_evaluations"":12}",0.7999999999999999,"[0.8,0.8,0.8,0.8,0.8,0.8]",uniform,"[{""round"":0,""mask_before"":[0,2,5],""mask_candidate"":[0,2,5],""objective_before"":0.04323483895968622,""accepted"":false,""reason"":""fixed_point""}]","{""0"":[[0,2],[2,5],[5,0],[2,0],[5,3],[0,5]],""1"":[[0,2],[5,0],[5,2],[0,5],[0,3],[2,0]],""2"":[[5,2],[0,2],[2,0],[5,0],[2,5],[2,3]]}","{""0"":[[0,2],[2,5],[5,0],[2,0],[5,3],[0,5]],""1"":[[0,2],[5,0],[5,2],[0,5],[0,3],[2,0]],""2"":[[5,2],[0,2],[2,0],[5,0],[2,5],[2,3]]}","[4,0,4]"
32,constant_serial_redundancy,0.0,0.011111111111111112,0.0480543814597608,0.047002242425080484,0.043201068698782256,0.04227706909553731,0.04287461772315825,6,17,17,0.0,1.0,0.0,1.0,null,null,null,null,0,0,serial,0.0,False,True,1.0,c2f,max_in_rate,False,target_feedback,target_feedback,4,"[{""round"":0,""remove_target"":0,""remove_link"":[5,2],""add_target"":0,""add_link"":[5,3],""worst_pd_before"":0.03935861655008091,""worst_pd_after"":0.042137359751227586,""service_before"":0.12488669637574373,""service_after"":0.12766543957689042},{""round"":1,""remove_target"":2,""remove_link"":[2,3],""add_target"":0,""add_link"":[2,3],""worst_pd_before"":0.042137359751227586,""worst_pd_after"":0.042448520827800686,""service_before"":0.12766543957689042,""service_after"":0.12871394827900276},{""round"":2,""remove_target"":0,""remove_link"":[0,2],""add_target"":2,""add_link"":[5,1],""worst_pd_before"":0.042448520827800686,""worst_pd_after"":0.04318293499410248,""service_before"":0.12871394827900276,""service_after"":0.13009075432190476},{""round"":3,""remove_target"":2,""remove_link"":[0,5],""add_target"":0,""add_link"":[0,5],""worst_pd_before"":0.04318293499410248,""worst_pd_after"":0.04318293499410248,""service_before"":0.13009075432190476,""service_after"":0.136708979375973}]",0,[],"{""before"":[0.043530319836494476,0.04318293499410248,0.04999572454537605],""after"":[0.043533555155247754,0.043201068698782256,0.04999572454537605],""reports_before"":[6,4,5],""reports_after"":[4,5,2],""candidate_evaluations"":12}",0.7999999999999999,"[0.8,0.8,0.8,0.8,0.8,0.8]",uniform,[],"{""0"":[[5,0],[2,0],[2,5],[5,3],[2,3],[0,5]],""1"":[[0,2],[5,0],[5,2],[2,0],[0,3],[0,5]],""2"":[[2,4],[2,1],[0,1],[0,4],[5,1]]}","{""0"":[[5,0],[2,0],[2,5],[5,3],[2,3],[0,5]],""1"":[[0,2],[5,0],[5,2],[2,0],[0,3],[0,5]],""2"":[[2,4],[2,1],[0,1],[0,4],[5,1]]}","[3,3,1]"
32,constant_joint_redundancy,0.0,0.03333333333333333,0.04806627130560505,0.04842855583768173,0.04323541575672381,0.04355949810576471,0.04446800680929578,3,18,18,0.0,1.0,0.0,1.0,null,null,null,null,1,0,fixed_point,0.0,False,True,1.0,c2f,max_in_rate,False,target_feedback,target_feedback,1,"[{""round"":0,""remove_target"":0,""remove_link"":[5,2],""add_target"":0,""add_link"":[0,5],""worst_pd_before"":0.040266773868611064,""worst_pd_after"":0.04229289576293117,""service_before"":0.12629605967855462,""service_after"":0.12915311022625456}]",0,[],"{""before"":[0.043123824416311,0.043736390047012394,0.04229289576293117],""after"":[0.04323541575672381,0.043736390047012394,0.04572165441800047],""reports_before"":[4,5,5],""reports_after"":[6,4,6],""candidate_evaluations"":12}",0.7999999999999999,"[0.8,0.8,0.8,0.8,0.8,0.8]",uniform,"[{""round"":0,""mask_before"":[0,2,5],""mask_candidate"":[0,2,5],""objective_before"":0.04323541575672381,""accepted"":false,""reason"":""fixed_point""}]","{""0"":[[0,2],[2,5],[5,0],[2,0],[5,3],[0,5]],""1"":[[0,2],[5,0],[5,2],[0,5],[0,3],[2,0]],""2"":[[5,2],[0,2],[2,0],[5,0],[2,5],[2,3]]}","{""0"":[[0,2],[2,5],[5,0],[2,0],[5,3],[0,5]],""1"":[[0,2],[5,0],[5,2],[0,5],[0,3],[2,0]],""2"":[[5,2],[0,2],[2,0],[5,0],[2,5],[2,3]]}","[4,0,4]"
32,constant_serial_combined,0.0,0.011111111111111112,0.048054207260560804,0.047002242425080484,0.043200859883621275,0.04227706909553731,0.04287461772315825,6,17,17,0.0,1.0,0.0,1.0,null,null,null,null,0,0,serial,0.0,True,True,1.0,c2f,max_in_rate,False,target_feedback,target_feedback,4,"[{""round"":0,""remove_target"":0,""remove_link"":[5,2],""add_target"":0,""add_link"":[5,3],""worst_pd_before"":0.03935842460852137,""worst_pd_after"":0.04213639444297483,""service_before"":0.12488729025111998,""service_after"":0.12766526008557344},{""round"":1,""remove_target"":2,""remove_link"":[2,3],""add_target"":0,""add_link"":[2,3],""worst_pd_before"":0.04213639444297483,""worst_pd_after"":0.0424476400123363,""service_before"":0.12766526008557344,""service_after"":0.1287130888205046},{""round"":2,""remove_target"":0,""remove_link"":[0,2],""add_target"":2,""add_link"":[5,1],""worst_pd_before"":0.0424476400123363,""worst_pd_after"":0.04318272881218144,""service_before"":0.1287130888205046,""service_after"":0.130091273758397},{""round"":3,""remove_target"":2,""remove_link"":[0,5],""add_target"":0,""add_link"":[0,5],""worst_pd_before"":0.04318272881218144,""worst_pd_after"":0.04318272881218144,""service_before"":0.130091273758397,""service_after"":0.13670911858983276}]",0,[],"{""before"":[0.043530667334968076,0.04318272881218144,0.04999572244268326],""after"":[0.043533901525126935,0.043200859883621275,0.04999572244268326],""reports_before"":[6,4,5],""reports_after"":[4,5,2],""candidate_evaluations"":12}",0.7999999999999999,"[0.8,0.8,0.8,0.8,0.8,0.8]",uniform,[],"{""0"":[[5,0],[2,0],[2,5],[5,3],[2,3],[0,5]],""1"":[[0,2],[5,0],[5,2],[2,0],[0,3],[0,5]],""2"":[[2,4],[2,1],[0,1],[0,4],[5,1]]}","{""0"":[[5,0],[2,0],[2,5],[5,3],[2,3],[0,5]],""1"":[[0,2],[5,0],[5,2],[2,0],[0,3],[0,5]],""2"":[[2,4],[2,1],[0,1],[0,4],[5,1]]}","[3,3,1]"
32,constant_joint_combined,0.0,0.03333333333333333,0.04806566661877462,0.04842855583768173,0.04323483895968622,0.04355949810576471,0.04446800680929578,3,18,18,0.0,1.0,0.0,1.0,null,null,null,null,1,0,fixed_point,0.0,True,True,1.0,c2f,max_in_rate,False,target_feedback,target_feedback,1,"[{""round"":0,""remove_target"":0,""remove_link"":[5,2],""add_target"":0,""add_link"":[0,5],""worst_pd_before"":0.04026625319482344,""worst_pd_after"":0.04229305330520466,""service_before"":0.12629547228881213,""service_after"":0.1291520293082863}]",0,[],"{""before"":[0.04312281021429759,0.04373616578878403,0.04229305330520466],""after"":[0.04323483895968622,0.04373616578878403,0.045721108021000545],""reports_before"":[4,5,5],""reports_after"":[6,4,6],""candidate_evaluations"":12}",0.7999999999999999,"[0.8,0.8,0.8,0.8,0.8,0.8]",uniform,"[{""round"":0,""mask_before"":[0,2,5],""mask_candidate"":[0,2,5],""objective_before"":0.04323483895968622,""accepted"":false,""reason"":""fixed_point""}]","{""0"":[[0,2],[2,5],[5,0],[2,0],[5,3],[0,5]],""1"":[[0,2],[5,0],[5,2],[0,5],[0,3],[2,0]],""2"":[[5,2],[0,2],[2,0],[5,0],[2,5],[2,3]]}","{""0"":[[0,2],[2,5],[5,0],[2,0],[5,3],[0,5]],""1"":[[0,2],[5,0],[5,2],[0,5],[0,3],[2,0]],""2"":[[5,2],[0,2],[2,0],[5,0],[2,5],[2,3]]}","[4,0,4]"
32,tpuic_serial_baseline,0.3333333333333333,0.011111111111111112,0.06711626019142859,0.1021159269531763,0.05354748120885935,0.0881687571434555,0.17832306607820567,6,18,18,37.588596567575806,0.9353525524893225,37.83264674293402,0.9999370635409274,"[[0.0003636163468370752,0.00036367497091654966,0.00036327994625023517],[8.391203659865769e-05,8.392556532459427e-05,8.38344051648669e-05],[0.0007935942366749228,0.000793722183979839,0.0007928600409511812],[0.0002544533018148181,0.00025449432607216484,0.00025421789369634804],[7.36491151313664e-05,7.366098921683103e-05,7.358097846543827e-05],[0.00011940006325624593,0.00011941931354259437,0.00011928959998445542]]","[[0.9353525524893225,0.9054963620897907,0.9991477912810534],[0.9353525524893225,0.9054963620897907,0.9991477912810534],[0.9353525524893225,0.9054963620897907,0.9991477912810534],[0.9353525524893225,0.9054963620897907,0.9991477912810534],[0.9353525524893225,0.9054963620897907,0.9991477912810534],[0.9353525524893225,0.9054963620897907,0.9991477912810534]]","[[0.00028711507094614344,0.0002896522951086128,0.0002882232353532311],[0.00013091121881783738,0.00013034461643578432,0.00013042042678391454],[0.00034369149177704717,0.00033660256810420216,0.00033885530283934995],[0.0002094656502776755,0.00020794049663567593,0.00020724964014326176],[5.5002255981759206e-05,5.545323710152177e-05,5.4708202666899314e-05],[8.044045290184971e-05,8.121786091865504e-05,8.021707329490244e-05]]","[[0.999997728684558,0.9841496720363969,0.999981234123194],[0.9999990941698419,0.9999931357665813,0.9992445729545409],[1.0,0.9941904696252668,0.9998465551164474],[0.9999620358504049,0.9993969453112536,0.9997885172415192],[0.9999926938991816,0.9991623056038734,0.9999578163669252],[0.9999990446069761,0.9995667277471133,0.9999163107149296]]",0,0,serial,11.278402900090441,False,False,1.0,c2f,max_in_rate,False,target_feedback,target_feedback,0,[],0,[],"{""before"":[0.2903569460517038,0.10665209522052209,0.053543262179289126],""after"":[0.2903569460517038,0.10665209522052209,0.05354748120885935],""reports_before"":[5,6,4],""reports_after"":[5,5,6],""candidate_evaluations"":9}",0.7999999999999999,"[0.8,0.8,0.8,0.8,0.8,0.8]",uniform,[],"{""0"":[[2,5],[5,2],[5,4],[2,4],[5,1],[2,1]],""1"":[[0,5],[5,0],[0,4],[0,1],[0,3],[5,4]],""2"":[[2,5],[5,2],[0,2],[2,0],[2,4],[0,5]]}","{""0"":[[2,5],[5,2],[5,4],[2,4],[5,1],[2,1]],""1"":[[0,5],[5,0],[0,4],[0,1],[0,3],[5,4]],""2"":[[2,5],[5,2],[0,2],[2,0],[2,4],[0,5]]}","[2,0,3]"
32,tpuic_joint_baseline,0.3333333333333333,0.011111111111111112,0.07884553349407362,0.1499973861434216,0.05838387575498496,0.12639196750631218,0.34722407914427617,3,18,18,33.3519353313811,0.9701355159803614,38.35281274268851,0.999945148741973,"[[0.0005990129105479341,0.0005993359084482281,0.0005989531075093796],[0.00010524595696432099,0.0001053027073657152,0.00010523544963148855],[0.001313594878715159,0.0013143031913077437,0.0013134637346883882],[0.0005251446887320384,0.0005254278556368315,0.0005250922603995033],[0.00011989961201334822,0.00011996426391357345,0.00011988764171856216],[0.00040657736869609403,0.0004067966020950466,0.0004065367776476752]]","[[0.9137966951106563,0.9701355159803614,0.999418779464949],[0.9137966951106563,0.9701355159803614,0.999418779464949],[0.9137966951106563,0.9701355159803614,0.999418779464949],[0.9137966951106563,0.9701355159803614,0.999418779464949],[0.9137966951106563,0.9701355159803614,0.999418779464949],[0.9137966951106563,0.9701355159803614,0.999418779464949]]","[[0.000154703316266836,0.00016013098637976349,0.00015903555459930466],[5.97177972819518e-05,5.900431958411371e-05,5.886063949078881e-05],[0.0007841826451401784,0.0007126108130903477,0.0007078895430787144],[0.0001954499240694414,0.00019871273773003603,0.0001960654106232909],[9.390015742407816e-05,8.998950209195808e-05,9.402664884862233e-05],[0.00013628368317326967,0.00013521524289776668,0.0001380186668001913]]","[[0.9999959556600317,0.9653001404688926,0.9999810087395586],[0.9999989764235928,0.9999892687197566,0.9995118203629638],[0.999995861142444,0.9798122035983015,0.9999630657738882],[0.999892359136914,0.9998122101604328,0.999927231710058],[0.9999928580793978,0.9994294054537491,0.9998896003770401],[0.9999997069232037,0.9998688137265203,0.9999758028644203]]",1,0,fixed_point,5.302474699914455,False,False,1.0,c2f,max_in_rate,False,target_feedback,target_feedback,0,[],0,[],"{""before"":[0.45012929774786425,0.15960364761610027,0.05838387575498496],""after"":[0.45012929774786425,0.15960364761610027,0.05838387575498496],""reports_before"":[5,5,4],""reports_after"":[5,4,4],""candidate_evaluations"":13}",0.7999999999999999,"[0.8,0.8,0.8,0.8,0.8,0.8]",uniform,"[{""round"":0,""mask_before"":[0,2,5],""mask_candidate"":[0,2,5],""objective_before"":0.05838387575498496,""accepted"":false,""reason"":""fixed_point""}]","{""0"":[[2,5],[5,2],[5,4],[2,4],[5,1],[2,1]],""1"":[[0,5],[5,0],[0,4],[0,1],[0,3],[5,4]],""2"":[[2,5],[5,2],[0,2],[2,0],[2,4],[0,5]]}","{""0"":[[2,5],[5,2],[5,4],[2,4],[5,1],[2,1]],""1"":[[0,5],[5,0],[0,4],[0,1],[0,3],[5,4]],""2"":[[2,5],[5,2],[0,2],[2,0],[2,4],[0,5]]}","[5,4,5]"
32,tpuic_serial_capture,0.3333333333333333,0.011111111111111112,0.06707274137460188,0.1021159269531763,0.05352643465887171,0.0881687571434555,0.17832306607820567,6,18,18,37.588596567575806,0.9353525524893225,37.83264674293402,0.9999370635409274,"[[0.0003636163468370752,0.00036367497091654966,0.00036327994625023517],[8.391203659865769e-05,8.392556532459427e-05,8.38344051648669e-05],[0.0007935942366749228,0.000793722183979839,0.0007928600409511812],[0.0002544533018148181,0.00025449432607216484,0.00025421789369634804],[7.36491151313664e-05,7.366098921683103e-05,7.358097846543827e-05],[0.00011940006325624593,0.00011941931354259437,0.00011928959998445542]]","[[0.9353525524893225,0.9054963620897907,0.9991477912810534],[0.9353525524893225,0.9054963620897907,0.9991477912810534],[0.9353525524893225,0.9054963620897907,0.9991477912810534],[0.9353525524893225,0.9054963620897907,0.9991477912810534],[0.9353525524893225,0.9054963620897907,0.9991477912810534],[0.9353525524893225,0.9054963620897907,0.9991477912810534]]","[[0.00028711507094614344,0.0002896522951086128,0.0002882232353532311],[0.00013091121881783738,0.00013034461643578432,0.00013042042678391454],[0.00034369149177704717,0.00033660256810420216,0.00033885530283934995],[0.0002094656502776755,0.00020794049663567593,0.00020724964014326176],[5.5002255981759206e-05,5.545323710152177e-05,5.4708202666899314e-05],[8.044045290184971e-05,8.121786091865504e-05,8.021707329490244e-05]]","[[0.999997728684558,0.9841496720363969,0.999981234123194],[0.9999990941698419,0.9999931357665813,0.9992445729545409],[1.0,0.9941904696252668,0.9998465551164474],[0.9999620358504049,0.9993969453112536,0.9997885172415192],[0.9999926938991816,0.9991623056038734,0.9999578163669252],[0.9999990446069761,0.9995667277471133,0.9999163107149296]]",0,0,serial,0.0,True,False,1.0,c2f,max_in_rate,False,target_feedback,target_feedback,0,[],0,[],"{""before"":[0.2896138066945957,0.10650168648784213,0.053522200725249706],""after"":[0.2896138066945957,0.10650168648784213,0.05352643465887171],""reports_before"":[5,6,4],""reports_after"":[5,5,6],""candidate_evaluations"":9}",0.7999999999999999,"[0.8,0.8,0.8,0.8,0.8,0.8]",uniform,[],"{""0"":[[2,5],[5,2],[5,4],[2,4],[5,1],[2,1]],""1"":[[0,5],[5,0],[0,4],[0,1],[0,3],[5,4]],""2"":[[2,5],[5,2],[0,2],[2,0],[2,4],[0,5]]}","{""0"":[[2,5],[5,2],[5,4],[2,4],[5,1],[2,1]],""1"":[[0,5],[5,0],[0,4],[0,1],[0,3],[5,4]],""2"":[[2,5],[5,2],[0,2],[2,0],[2,4],[0,5]]}","[2,0,3]"
32,tpuic_joint_capture,0.3333333333333333,0.011111111111111112,0.0787715682000644,0.1499973861434216,0.058350931178756275,0.12639196750631218,0.34722407914427617,3,18,18,33.3519353313811,0.9701355159803614,38.35281274268851,0.999945148741973,"[[0.0005990129105479341,0.0005993359084482281,0.0005989531075093796],[0.00010524595696432099,0.0001053027073657152,0.00010523544963148855],[0.001313594878715159,0.0013143031913077437,0.0013134637346883882],[0.0005251446887320384,0.0005254278556368315,0.0005250922603995033],[0.00011989961201334822,0.00011996426391357345,0.00011988764171856216],[0.00040657736869609403,0.0004067966020950466,0.0004065367776476752]]","[[0.9137966951106563,0.9701355159803614,0.999418779464949],[0.9137966951106563,0.9701355159803614,0.999418779464949],[0.9137966951106563,0.9701355159803614,0.999418779464949],[0.9137966951106563,0.9701355159803614,0.999418779464949],[0.9137966951106563,0.9701355159803614,0.999418779464949],[0.9137966951106563,0.9701355159803614,0.999418779464949]]","[[0.000154703316266836,0.00016013098637976349,0.00015903555459930466],[5.97177972819518e-05,5.900431958411371e-05,5.886063949078881e-05],[0.0007841826451401784,0.0007126108130903477,0.0007078895430787144],[0.0001954499240694414,0.00019871273773003603,0.0001960654106232909],[9.390015742407816e-05,8.998950209195808e-05,9.402664884862233e-05],[0.00013628368317326967,0.00013521524289776668,0.0001380186668001913]]","[[0.9999959556600317,0.9653001404688926,0.9999810087395586],[0.9999989764235928,0.9999892687197566,0.9995118203629638],[0.999995861142444,0.9798122035983015,0.9999630657738882],[0.999892359136914,0.9998122101604328,0.999927231710058],[0.9999928580793978,0.9994294054537491,0.9998896003770401],[0.9999997069232037,0.9998688137265203,0.9999758028644203]]",1,0,fixed_point,0.0,True,False,1.0,c2f,max_in_rate,False,target_feedback,target_feedback,0,[],0,[],"{""before"":[0.44900858377412006,0.15930551183566924,0.058350931178756275],""after"":[0.44900858377412006,0.15930551183566924,0.058350931178756275],""reports_before"":[5,5,4],""reports_after"":[5,4,4],""candidate_evaluations"":13}",0.7999999999999999,"[0.8,0.8,0.8,0.8,0.8,0.8]",uniform,"[{""round"":0,""mask_before"":[0,2,5],""mask_candidate"":[0,2,5],""objective_before"":0.058350931178756275,""accepted"":false,""reason"":""fixed_point""}]","{""0"":[[2,5],[5,2],[5,4],[2,4],[5,1],[2,1]],""1"":[[0,5],[5,0],[0,4],[0,1],[0,3],[5,4]],""2"":[[2,5],[5,2],[0,2],[2,0],[2,4],[0,5]]}","{""0"":[[2,5],[5,2],[5,4],[2,4],[5,1],[2,1]],""1"":[[0,5],[5,0],[0,4],[0,1],[0,3],[5,4]],""2"":[[2,5],[5,2],[0,2],[2,0],[2,4],[0,5]]}","[5,4,5]"
32,tpuic_serial_redundancy,0.3333333333333333,0.011111111111111112,0.06711626019142859,0.1021159269531763,0.05354748120885935,0.0881687571434555,0.17832306607820567,6,18,18,37.588596567575806,0.9353525524893225,37.83264674293402,0.9999370635409274,"[[0.0003636163468370752,0.00036367497091654966,0.00036327994625023517],[8.391203659865769e-05,8.392556532459427e-05,8.38344051648669e-05],[0.0007935942366749228,0.000793722183979839,0.0007928600409511812],[0.0002544533018148181,0.00025449432607216484,0.00025421789369634804],[7.36491151313664e-05,7.366098921683103e-05,7.358097846543827e-05],[0.00011940006325624593,0.00011941931354259437,0.00011928959998445542]]","[[0.9353525524893225,0.9054963620897907,0.9991477912810534],[0.9353525524893225,0.9054963620897907,0.9991477912810534],[0.9353525524893225,0.9054963620897907,0.9991477912810534],[0.9353525524893225,0.9054963620897907,0.9991477912810534],[0.9353525524893225,0.9054963620897907,0.9991477912810534],[0.9353525524893225,0.9054963620897907,0.9991477912810534]]","[[0.00028711507094614344,0.0002896522951086128,0.0002882232353532311],[0.00013091121881783738,0.00013034461643578432,0.00013042042678391454],[0.00034369149177704717,0.00033660256810420216,0.00033885530283934995],[0.0002094656502776755,0.00020794049663567593,0.00020724964014326176],[5.5002255981759206e-05,5.545323710152177e-05,5.4708202666899314e-05],[8.044045290184971e-05,8.121786091865504e-05,8.021707329490244e-05]]","[[0.999997728684558,0.9841496720363969,0.999981234123194],[0.9999990941698419,0.9999931357665813,0.9992445729545409],[1.0,0.9941904696252668,0.9998465551164474],[0.9999620358504049,0.9993969453112536,0.9997885172415192],[0.9999926938991816,0.9991623056038734,0.9999578163669252],[0.9999990446069761,0.9995667277471133,0.9999163107149296]]",0,0,serial,0.0,False,True,1.0,c2f,max_in_rate,False,target_feedback,target_feedback,0,[],0,[],"{""before"":[0.2903569460517038,0.10665209522052209,0.053543262179289126],""after"":[0.2903569460517038,0.10665209522052209,0.05354748120885935],""reports_before"":[5,6,4],""reports_after"":[5,5,6],""candidate_evaluations"":9}",0.7999999999999999,"[0.8,0.8,0.8,0.8,0.8,0.8]",uniform,[],"{""0"":[[2,5],[5,2],[5,4],[2,4],[5,1],[2,1]],""1"":[[0,5],[5,0],[0,4],[0,1],[0,3],[5,4]],""2"":[[2,5],[5,2],[0,2],[2,0],[2,4],[0,5]]}","{""0"":[[2,5],[5,2],[5,4],[2,4],[5,1],[2,1]],""1"":[[0,5],[5,0],[0,4],[0,1],[0,3],[5,4]],""2"":[[2,5],[5,2],[0,2],[2,0],[2,4],[0,5]]}","[2,0,3]"
32,tpuic_joint_redundancy,0.3333333333333333,0.011111111111111112,0.07884553349407362,0.1499973861434216,0.05838387575498496,0.12639196750631218,0.34722407914427617,3,18,18,33.3519353313811,0.9701355159803614,38.35281274268851,0.999945148741973,"[[0.0005990129105479341,0.0005993359084482281,0.0005989531075093796],[0.00010524595696432099,0.0001053027073657152,0.00010523544963148855],[0.001313594878715159,0.0013143031913077437,0.0013134637346883882],[0.0005251446887320384,0.0005254278556368315,0.0005250922603995033],[0.00011989961201334822,0.00011996426391357345,0.00011988764171856216],[0.00040657736869609403,0.0004067966020950466,0.0004065367776476752]]","[[0.9137966951106563,0.9701355159803614,0.999418779464949],[0.9137966951106563,0.9701355159803614,0.999418779464949],[0.9137966951106563,0.9701355159803614,0.999418779464949],[0.9137966951106563,0.9701355159803614,0.999418779464949],[0.9137966951106563,0.9701355159803614,0.999418779464949],[0.9137966951106563,0.9701355159803614,0.999418779464949]]","[[0.000154703316266836,0.00016013098637976349,0.00015903555459930466],[5.97177972819518e-05,5.900431958411371e-05,5.886063949078881e-05],[0.0007841826451401784,0.0007126108130903477,0.0007078895430787144],[0.0001954499240694414,0.00019871273773003603,0.0001960654106232909],[9.390015742407816e-05,8.998950209195808e-05,9.402664884862233e-05],[0.00013628368317326967,0.00013521524289776668,0.0001380186668001913]]","[[0.9999959556600317,0.9653001404688926,0.9999810087395586],[0.9999989764235928,0.9999892687197566,0.9995118203629638],[0.999995861142444,0.9798122035983015,0.9999630657738882],[0.999892359136914,0.9998122101604328,0.999927231710058],[0.9999928580793978,0.9994294054537491,0.9998896003770401],[0.9999997069232037,0.9998688137265203,0.9999758028644203]]",1,0,fixed_point,0.0,False,True,1.0,c2f,max_in_rate,False,target_feedback,target_feedback,0,[],0,[],"{""before"":[0.45012929774786425,0.15960364761610027,0.05838387575498496],""after"":[0.45012929774786425,0.15960364761610027,0.05838387575498496],""reports_before"":[5,5,4],""reports_after"":[5,4,4],""candidate_evaluations"":13}",0.7999999999999999,"[0.8,0.8,0.8,0.8,0.8,0.8]",uniform,"[{""round"":0,""mask_before"":[0,2,5],""mask_candidate"":[0,2,5],""objective_before"":0.05838387575498496,""accepted"":false,""reason"":""fixed_point""}]","{""0"":[[2,5],[5,2],[5,4],[2,4],[5,1],[2,1]],""1"":[[0,5],[5,0],[0,4],[0,1],[0,3],[5,4]],""2"":[[2,5],[5,2],[0,2],[2,0],[2,4],[0,5]]}","{""0"":[[2,5],[5,2],[5,4],[2,4],[5,1],[2,1]],""1"":[[0,5],[5,0],[0,4],[0,1],[0,3],[5,4]],""2"":[[2,5],[5,2],[0,2],[2,0],[2,4],[0,5]]}","[5,4,5]"
32,tpuic_serial_combined,0.3333333333333333,0.011111111111111112,0.06707274137460188,0.1021159269531763,0.05352643465887171,0.0881687571434555,0.17832306607820567,6,18,18,37.588596567575806,0.9353525524893225,37.83264674293402,0.9999370635409274,"[[0.0003636163468370752,0.00036367497091654966,0.00036327994625023517],[8.391203659865769e-05,8.392556532459427e-05,8.38344051648669e-05],[0.0007935942366749228,0.000793722183979839,0.0007928600409511812],[0.0002544533018148181,0.00025449432607216484,0.00025421789369634804],[7.36491151313664e-05,7.366098921683103e-05,7.358097846543827e-05],[0.00011940006325624593,0.00011941931354259437,0.00011928959998445542]]","[[0.9353525524893225,0.9054963620897907,0.9991477912810534],[0.9353525524893225,0.9054963620897907,0.9991477912810534],[0.9353525524893225,0.9054963620897907,0.9991477912810534],[0.9353525524893225,0.9054963620897907,0.9991477912810534],[0.9353525524893225,0.9054963620897907,0.9991477912810534],[0.9353525524893225,0.9054963620897907,0.9991477912810534]]","[[0.00028711507094614344,0.0002896522951086128,0.0002882232353532311],[0.00013091121881783738,0.00013034461643578432,0.00013042042678391454],[0.00034369149177704717,0.00033660256810420216,0.00033885530283934995],[0.0002094656502776755,0.00020794049663567593,0.00020724964014326176],[5.5002255981759206e-05,5.545323710152177e-05,5.4708202666899314e-05],[8.044045290184971e-05,8.121786091865504e-05,8.021707329490244e-05]]","[[0.999997728684558,0.9841496720363969,0.999981234123194],[0.9999990941698419,0.9999931357665813,0.9992445729545409],[1.0,0.9941904696252668,0.9998465551164474],[0.9999620358504049,0.9993969453112536,0.9997885172415192],[0.9999926938991816,0.9991623056038734,0.9999578163669252],[0.9999990446069761,0.9995667277471133,0.9999163107149296]]",0,0,serial,0.0,True,True,1.0,c2f,max_in_rate,False,target_feedback,target_feedback,0,[],0,[],"{""before"":[0.2896138066945957,0.10650168648784213,0.053522200725249706],""after"":[0.2896138066945957,0.10650168648784213,0.05352643465887171],""reports_before"":[5,6,4],""reports_after"":[5,5,6],""candidate_evaluations"":9}",0.7999999999999999,"[0.8,0.8,0.8,0.8,0.8,0.8]",uniform,[],"{""0"":[[2,5],[5,2],[5,4],[2,4],[5,1],[2,1]],""1"":[[0,5],[5,0],[0,4],[0,1],[0,3],[5,4]],""2"":[[2,5],[5,2],[0,2],[2,0],[2,4],[0,5]]}","{""0"":[[2,5],[5,2],[5,4],[2,4],[5,1],[2,1]],""1"":[[0,5],[5,0],[0,4],[0,1],[0,3],[5,4]],""2"":[[2,5],[5,2],[0,2],[2,0],[2,4],[0,5]]}","[2,0,3]"
32,tpuic_joint_combined,0.3333333333333333,0.011111111111111112,0.0787715682000644,0.1499973861434216,0.058350931178756275,0.12639196750631218,0.34722407914427617,3,18,18,33.3519353313811,0.9701355159803614,38.35281274268851,0.999945148741973,"[[0.0005990129105479341,0.0005993359084482281,0.0005989531075093796],[0.00010524595696432099,0.0001053027073657152,0.00010523544963148855],[0.001313594878715159,0.0013143031913077437,0.0013134637346883882],[0.0005251446887320384,0.0005254278556368315,0.0005250922603995033],[0.00011989961201334822,0.00011996426391357345,0.00011988764171856216],[0.00040657736869609403,0.0004067966020950466,0.0004065367776476752]]","[[0.9137966951106563,0.9701355159803614,0.999418779464949],[0.9137966951106563,0.9701355159803614,0.999418779464949],[0.9137966951106563,0.9701355159803614,0.999418779464949],[0.9137966951106563,0.9701355159803614,0.999418779464949],[0.9137966951106563,0.9701355159803614,0.999418779464949],[0.9137966951106563,0.9701355159803614,0.999418779464949]]","[[0.000154703316266836,0.00016013098637976349,0.00015903555459930466],[5.97177972819518e-05,5.900431958411371e-05,5.886063949078881e-05],[0.0007841826451401784,0.0007126108130903477,0.0007078895430787144],[0.0001954499240694414,0.00019871273773003603,0.0001960654106232909],[9.390015742407816e-05,8.998950209195808e-05,9.402664884862233e-05],[0.00013628368317326967,0.00013521524289776668,0.0001380186668001913]]","[[0.9999959556600317,0.9653001404688926,0.9999810087395586],[0.9999989764235928,0.9999892687197566,0.9995118203629638],[0.999995861142444,0.9798122035983015,0.9999630657738882],[0.999892359136914,0.9998122101604328,0.999927231710058],[0.9999928580793978,0.9994294054537491,0.9998896003770401],[0.9999997069232037,0.9998688137265203,0.9999758028644203]]",1,0,fixed_point,0.0,True,True,1.0,c2f,max_in_rate,False,target_feedback,target_feedback,0,[],0,[],"{""before"":[0.44900858377412006,0.15930551183566924,0.058350931178756275],""after"":[0.44900858377412006,0.15930551183566924,0.058350931178756275],""reports_before"":[5,5,4],""reports_after"":[5,4,4],""candidate_evaluations"":13}",0.7999999999999999,"[0.8,0.8,0.8,0.8,0.8,0.8]",uniform,"[{""round"":0,""mask_before"":[0,2,5],""mask_candidate"":[0,2,5],""objective_before"":0.058350931178756275,""accepted"":false,""reason"":""fixed_point""}]","{""0"":[[2,5],[5,2],[5,4],[2,4],[5,1],[2,1]],""1"":[[0,5],[5,0],[0,4],[0,1],[0,3],[5,4]],""2"":[[2,5],[5,2],[0,2],[2,0],[2,4],[0,5]]}","{""0"":[[2,5],[5,2],[5,4],[2,4],[5,1],[2,1]],""1"":[[0,5],[5,0],[0,4],[0,1],[0,3],[5,4]],""2"":[[2,5],[5,2],[0,2],[2,0],[2,4],[0,5]]}","[5,4,5]"
