condition,trial,method,pd,pfa,reports,observations,active_targets,capture,bits,delay_ms,selector_seconds,objective_gain,extra_pd_evaluations,accepted_moves
rcs1_k0,0,v1,1.0,0.056666666666666664,0,15,10,1.0,0.0,0.0,1.0139856999740005,0.0,0,0
rcs1_k0,0,joint,1.0,0.056666666666666664,0,15,10,1.0,0.0,0.0,1.1046014999737963,0.0,297,0
rcs1_k0,0,balanced,1.0,0.05333333333333334,0,60,10,1.0,0.0,0.0,0.6764961000299081,0.0,0,0
rcs1_k0,0,robust,1.0,0.06,0,51,10,1.0,0.0,0.0,4.201427099993452,0.0,0,0
rcs1_k0,1,v1,0.9,0.03333333333333333,0,22,10,1.0,0.0,0.0,1.3131393999792635,0.0,0,0
rcs1_k0,1,joint,0.9,0.03333333333333333,0,22,10,1.0,0.0,0.0,1.4022318000206724,0.0,297,0
rcs1_k0,1,balanced,1.0,0.023333333333333334,0,60,10,0.9833333333333333,0.0,0.0,0.6236833999864757,0.0,0,0
rcs1_k0,1,robust,1.0,0.016666666666666666,0,48,10,1.0,0.0,0.0,3.9604995000408962,0.0,0,0
rcs1_k0,2,v1,0.9,0.07333333333333333,0,11,10,1.0,0.0,0.0,0.7984513000119478,0.0,0,0
rcs1_k0,2,joint,0.9,0.07333333333333333,0,11,10,1.0,0.0,0.0,0.877725400030613,0.0,286,0
rcs1_k0,2,balanced,0.9,0.06,0,60,10,0.95,0.0,0.0,0.8381862000096589,0.0,0,0
rcs1_k0,2,robust,0.8,0.03666666666666667,0,42,10,0.9523809523809523,0.0,0.0,3.884280900005251,0.0,0,0
rcs1_k0,3,v1,0.7,0.05333333333333334,0,21,10,1.0,0.0,0.0,1.3581864999141544,0.0,0,0
rcs1_k0,3,joint,0.7,0.05333333333333334,0,21,10,1.0,0.0,0.0,1.451797099900432,0.0,311,0
rcs1_k0,3,balanced,0.9,0.05333333333333334,0,60,10,0.9833333333333333,0.0,0.0,0.7475036999676377,0.0,0,0
rcs1_k0,3,robust,0.9,0.04,0,48,10,0.9791666666666666,0.0,0.0,4.064905700040981,0.0,0,0
rcs1_k0,4,v1,1.0,0.03666666666666667,0,29,10,1.0,0.0,0.0,1.9172286000102758,0.0,0,0
rcs1_k0,4,joint,1.0,0.04666666666666667,0,20,10,1.0,0.0,0.0,2.0396848000818864,0.561059629544478,333,3
rcs1_k0,4,balanced,0.9,0.05333333333333334,0,60,10,1.0,0.0,0.0,0.740720700006932,0.0,0,0
rcs1_k0,4,robust,1.0,0.05,0,53,10,1.0,0.0,0.0,4.714003499946557,0.0,0,0
rcs1_k0,5,v1,1.0,0.05333333333333334,0,32,10,1.0,0.0,0.0,2.433189300005324,0.0,0,0
rcs1_k0,5,joint,1.0,0.05333333333333334,0,32,10,1.0,0.0,0.0,2.5477351000299677,0.0,337,0
rcs1_k0,5,balanced,1.0,0.02666666666666667,0,60,10,0.9833333333333333,0.0,0.0,0.777650099946186,0.0,0,0
rcs1_k0,5,robust,0.9,0.05,0,49,10,0.9795918367346939,0.0,0.0,4.380731099983677,0.0,0,0
rcs1_k0,6,v1,0.7,0.07666666666666666,0,25,10,0.92,0.0,0.0,1.588472899980843,0.0,0,0
rcs1_k0,6,joint,0.7,0.07666666666666666,0,25,10,0.92,0.0,0.0,1.6905571999959648,0.0,315,0
rcs1_k0,6,balanced,0.9,0.07,0,60,10,0.9666666666666667,0.0,0.0,0.6732368000084534,0.0,0,0
rcs1_k0,6,robust,0.9,0.06333333333333334,0,48,10,0.9583333333333334,0.0,0.0,3.7200934999855235,0.0,0,0
rcs1_k0,7,v1,0.9,0.056666666666666664,0,21,10,0.9047619047619048,0.0,0.0,1.3561222000280395,0.0,0,0
rcs1_k0,7,joint,0.9,0.056666666666666664,0,21,10,0.9047619047619048,0.0,0.0,1.4512447000015527,0.0,318,0
rcs1_k0,7,balanced,0.9,0.03,0,60,10,0.8833333333333333,0.0,0.0,0.8137360999826342,0.0,0,0
rcs1_k0,7,robust,0.9,0.043333333333333335,0,33,10,0.8181818181818182,0.0,0.0,3.286284700036049,0.0,0,0
rcs1_k0,8,v1,0.9,0.03666666666666667,0,35,10,1.0,0.0,0.0,2.0664403999689966,0.0,0,0
rcs1_k0,8,joint,1.0,0.03,0,31,10,1.0,0.0,0.0,2.206490699900314,0.20301969202965686,349,2
rcs1_k0,8,balanced,0.9,0.05,0,60,10,1.0,0.0,0.0,0.6775301999878138,0.0,0,0
rcs1_k0,8,robust,0.8,0.04,0,44,10,1.0,0.0,0.0,3.745203400030732,0.0,0,0
rcs1_k0,9,v1,0.9,0.05,0,22,10,1.0,0.0,0.0,1.6693470999598503,0.0,0,0
rcs1_k0,9,joint,0.9,0.05,0,22,10,1.0,0.0,0.0,1.7657614999916404,0.0,305,0
rcs1_k0,9,balanced,1.0,0.03666666666666667,0,60,10,1.0,0.0,0.0,0.6965212000068277,0.0,0,0
rcs1_k0,9,robust,1.0,0.04666666666666667,0,54,10,1.0,0.0,0.0,4.709084199974313,0.0,0,0
rcs1_k0,10,v1,1.0,0.05,0,10,10,1.0,0.0,0.0,0.6933971999678761,0.0,0,0
rcs1_k0,10,joint,1.0,0.05,0,10,10,1.0,0.0,0.0,0.7703411999391392,0.0,271,0
rcs1_k0,10,balanced,1.0,0.04,0,60,10,1.0,0.0,0.0,0.9761749999597669,0.0,0,0
rcs1_k0,10,robust,1.0,0.02666666666666667,0,43,10,1.0,0.0,0.0,4.696462800027803,0.0,0,0
rcs1_k0,11,v1,0.9,0.06,0,20,10,1.0,0.0,0.0,1.3314468000316992,0.0,0,0
rcs1_k0,11,joint,0.9,0.06333333333333334,0,16,10,1.0,0.0,0.0,1.4431166999274865,1.2155907718472587,296,2
rcs1_k0,11,balanced,1.0,0.06666666666666667,0,60,10,1.0,0.0,0.0,1.0011939000105485,0.0,0,0
rcs1_k0,11,robust,1.0,0.06333333333333334,0,46,10,1.0,0.0,0.0,5.18844729999546,0.0,0,0
rcs1_k0,12,v1,0.8,0.04,0,17,10,0.9411764705882353,0.0,0.0,1.457160499994643,0.0,0,0
rcs1_k0,12,joint,0.8,0.04,0,17,10,0.9411764705882353,0.0,0.0,1.5458708001533523,0.0,297,0
rcs1_k0,12,balanced,0.9,0.04666666666666667,0,60,10,0.9,0.0,0.0,1.104088900028728,0.0,0,0
rcs1_k0,12,robust,0.8,0.03333333333333333,0,45,10,0.8666666666666667,0.0,0.0,4.8700684000505134,0.0,0,0
rcs1_k0,13,v1,0.7,0.05,0,28,10,1.0,0.0,0.0,1.9827482999535277,0.0,0,0
rcs1_k0,13,joint,0.9,0.04666666666666667,0,20,10,1.0,0.0,0.0,2.1071822999510914,2.2748433050353514,330,4
rcs1_k0,13,balanced,0.8,0.043333333333333335,0,60,10,1.0,0.0,0.0,0.7321988000767305,0.0,0,0
rcs1_k0,13,robust,0.8,0.043333333333333335,0,52,10,1.0,0.0,0.0,4.598691699909978,0.0,0,0
rcs1_k0,14,v1,1.0,0.05,0,26,10,1.0,0.0,0.0,1.980099800042808,0.0,0,0
rcs1_k0,14,joint,1.0,0.04666666666666667,0,22,10,1.0,0.0,0.0,2.1064354999689385,1.009843805857948,332,2
rcs1_k0,14,balanced,1.0,0.05,0,60,10,1.0,0.0,0.0,0.8366984999738634,0.0,0,0
rcs1_k0,14,robust,1.0,0.05333333333333334,0,46,10,1.0,0.0,0.0,4.651423800038174,0.0,0,0
rcs1_k0,15,v1,1.0,0.03333333333333333,0,14,10,1.0,0.0,0.0,1.2844602999975905,0.0,0,0
rcs1_k0,15,joint,1.0,0.03333333333333333,0,14,10,1.0,0.0,0.0,1.3739675999386236,0.0,295,0
rcs1_k0,15,balanced,1.0,0.06,0,60,10,1.0,0.0,0.0,1.0406973999924958,0.0,0,0
rcs1_k0,15,robust,1.0,0.05,0,50,10,1.0,0.0,0.0,4.698993800091557,0.0,0,0
rcs1_k0,16,v1,0.9,0.05333333333333334,0,13,10,0.8461538461538461,0.0,0.0,0.9671328000258654,0.0,0,0
rcs1_k0,16,joint,0.9,0.05333333333333334,0,13,10,0.8461538461538461,0.0,0.0,1.054214600007981,0.0,297,0
rcs1_k0,16,balanced,1.0,0.04666666666666667,0,60,10,0.9333333333333333,0.0,0.0,0.9391348999924958,0.0,0,0
rcs1_k0,16,robust,1.0,0.05,0,43,10,0.9302325581395349,0.0,0.0,4.413000100059435,0.0,0,0
rcs1_k0,17,v1,1.0,0.07666666666666666,0,21,10,1.0,0.0,0.0,1.5355183999054134,0.0,0,0
rcs1_k0,17,joint,1.0,0.07666666666666666,0,21,10,1.0,0.0,0.0,1.6317862998694181,0.0,302,0
rcs1_k0,17,balanced,1.0,0.04,0,60,10,1.0,0.0,0.0,0.8692490999819711,0.0,0,0
rcs1_k0,17,robust,1.0,0.043333333333333335,0,44,10,1.0,0.0,0.0,4.4896046000067145,0.0,0,0
rcs1_k0,18,v1,0.8,0.03,0,31,10,0.967741935483871,0.0,0.0,2.24147750006523,0.0,0,0
rcs1_k0,18,joint,0.8,0.03,0,27,10,0.9629629629629629,0.0,0.0,2.3735337000107393,1.6604001728006783,348,2
rcs1_k0,18,balanced,1.0,0.04,0,60,10,0.95,0.0,0.0,0.7917473999550566,0.0,0,0
rcs1_k0,18,robust,0.9,0.03333333333333333,0,48,10,0.9583333333333334,0.0,0.0,4.073893900029361,0.0,0,0
rcs1_k0,19,v1,1.0,0.04666666666666667,0,14,10,1.0,0.0,0.0,1.1739948999602348,0.0,0,0
rcs1_k0,19,joint,1.0,0.04666666666666667,0,14,10,1.0,0.0,0.0,1.260209499974735,0.0,290,0
rcs1_k0,19,balanced,1.0,0.06,0,60,10,1.0,0.0,0.0,0.8954541999846697,0.0,0,0
rcs1_k0,19,robust,1.0,0.05333333333333334,0,45,10,1.0,0.0,0.0,4.056612499989569,0.0,0,0
rcs1_k0,20,v1,1.0,0.043333333333333335,0,11,10,1.0,0.0,0.0,0.7321992999641225,0.0,0,0
rcs1_k0,20,joint,1.0,0.043333333333333335,0,11,10,1.0,0.0,0.0,0.8154231999069452,0.0,270,0
rcs1_k0,20,balanced,1.0,0.04666666666666667,0,60,10,1.0,0.0,0.0,0.8892892000731081,0.0,0,0
rcs1_k0,20,robust,1.0,0.05333333333333334,0,47,10,1.0,0.0,0.0,4.79476339998655,0.0,0,0
rcs1_k0,21,v1,0.9,0.06333333333333334,0,15,10,1.0,0.0,0.0,1.0427239999407902,0.0,0,0
rcs1_k0,21,joint,0.9,0.06333333333333334,0,15,10,1.0,0.0,0.0,1.125515399966389,0.0,274,0
rcs1_k0,21,balanced,1.0,0.06666666666666667,0,60,10,1.0,0.0,0.0,0.9492205999558792,0.0,0,0
rcs1_k0,21,robust,1.0,0.056666666666666664,0,33,10,1.0,0.0,0.0,3.430792100029066,0.0,0,0
rcs1_k0,22,v1,0.9,0.06,0,12,10,1.0,0.0,0.0,0.7610400000121444,0.0,0,0
rcs1_k0,22,joint,0.9,0.06,0,12,10,1.0,0.0,0.0,0.8457699000136927,0.0,282,0
rcs1_k0,22,balanced,1.0,0.06,0,60,10,1.0,0.0,0.0,0.9430687000276521,0.0,0,0
rcs1_k0,22,robust,1.0,0.06,0,38,10,1.0,0.0,0.0,3.404640599968843,0.0,0,0
rcs1_k0,23,v1,1.0,0.05333333333333334,0,18,10,1.0,0.0,0.0,1.4947347999550402,0.0,0,0
rcs1_k0,23,joint,1.0,0.05333333333333334,0,18,10,1.0,0.0,0.0,1.5861652999883518,0.0,292,0
rcs1_k0,23,balanced,1.0,0.05333333333333334,0,60,10,1.0,0.0,0.0,1.0234354001004249,0.0,0,0
rcs1_k0,23,robust,1.0,0.04666666666666667,0,49,10,1.0,0.0,0.0,5.131175199989229,0.0,0,0
rcs1_k0,24,v1,0.8,0.02666666666666667,0,20,10,1.0,0.0,0.0,1.1738414000719786,0.0,0,0
rcs1_k0,24,joint,0.8,0.023333333333333334,0,15,10,1.0,0.0,0.0,1.2808698000153527,0.1878674464398724,301,1
rcs1_k0,24,balanced,0.9,0.06,0,60,10,1.0,0.0,0.0,0.8164492000360042,0.0,0,0
rcs1_k0,24,robust,0.9,0.07,0,37,10,1.0,0.0,0.0,3.1270451999735087,0.0,0,0
rcs1_k0,25,v1,0.9,0.043333333333333335,0,31,10,0.9354838709677419,0.0,0.0,1.9897902000229806,0.0,0,0
rcs1_k0,25,joint,0.9,0.04666666666666667,0,23,10,0.9130434782608695,0.0,0.0,2.117636999930255,1.4627233199219782,330,4
rcs1_k0,25,balanced,1.0,0.03666666666666667,0,60,10,0.9833333333333333,0.0,0.0,0.6432421000208706,0.0,0,0
rcs1_k0,25,robust,1.0,0.056666666666666664,0,56,10,0.9642857142857143,0.0,0.0,4.81179379997775,0.0,0,0
rcs1_k0,26,v1,0.8,0.043333333333333335,0,25,10,1.0,0.0,0.0,1.6583592999959365,0.0,0,0
rcs1_k0,26,joint,0.8,0.043333333333333335,0,25,10,1.0,0.0,0.0,1.760482499958016,0.0,302,0
rcs1_k0,26,balanced,1.0,0.03333333333333333,0,60,10,1.0,0.0,0.0,0.8110955000156537,0.0,0,0
rcs1_k0,26,robust,0.8,0.04,0,56,10,1.0,0.0,0.0,4.995284499949776,0.0,0,0
rcs1_k0,27,v1,0.8,0.016666666666666666,0,17,10,1.0,0.0,0.0,1.095881100045517,0.0,0,0
rcs1_k0,27,joint,0.8,0.016666666666666666,0,17,10,1.0,0.0,0.0,1.1801506999181584,0.0,286,0
rcs1_k0,27,balanced,1.0,0.03666666666666667,0,60,10,1.0,0.0,0.0,0.7651558000361547,0.0,0,0
rcs1_k0,27,robust,1.0,0.023333333333333334,0,53,10,1.0,0.0,0.0,4.520927499979734,0.0,0,0
rcs1_k0,28,v1,1.0,0.056666666666666664,0,21,10,1.0,0.0,0.0,1.7418674000073224,0.0,0,0
rcs1_k0,28,joint,1.0,0.056666666666666664,0,21,10,1.0,0.0,0.0,1.8297992000589147,0.0,292,0
rcs1_k0,28,balanced,1.0,0.06,0,60,10,1.0,0.0,0.0,0.7968013000208884,0.0,0,0
rcs1_k0,28,robust,0.9,0.04666666666666667,0,52,10,1.0,0.0,0.0,4.573550599976443,0.0,0,0
rcs1_k0,29,v1,0.8,0.04,0,22,10,1.0,0.0,0.0,1.2400022000074387,0.0,0,0
rcs1_k0,29,joint,0.9,0.04666666666666667,0,18,10,1.0,0.0,0.0,1.3549501999514177,5.665526333066192,303,2
rcs1_k0,29,balanced,0.8,0.056666666666666664,0,60,10,1.0,0.0,0.0,0.6468076000455767,0.0,0,0
rcs1_k0,29,robust,0.8,0.05333333333333334,0,54,10,1.0,0.0,0.0,4.414075199980289,0.0,0,0
rcs1_k0,30,v1,0.8,0.03666666666666667,0,34,10,0.8529411764705882,0.0,0.0,2.122137000085786,0.0,0,0
rcs1_k0,30,joint,0.8,0.03666666666666667,0,34,10,0.8529411764705882,0.0,0.0,2.2376727000810206,0.0,325,0
rcs1_k0,30,balanced,1.0,0.043333333333333335,0,60,10,0.8833333333333333,0.0,0.0,0.656703699962236,0.0,0,0
rcs1_k0,30,robust,1.0,0.03666666666666667,0,55,10,0.9090909090909091,0.0,0.0,4.054781000013463,0.0,0,0
rcs1_k0,31,v1,1.0,0.05333333333333334,0,28,10,1.0,0.0,0.0,2.4476152999559417,0.0,0,0
rcs1_k0,31,joint,1.0,0.05333333333333334,0,28,10,1.0,0.0,0.0,2.572072700015269,0.0,358,0
rcs1_k0,31,balanced,0.9,0.06333333333333334,0,60,10,1.0,0.0,0.0,0.9414700999623165,0.0,0,0
rcs1_k0,31,robust,1.0,0.05,0,60,10,1.0,0.0,0.0,5.697397800046019,0.0,0,0
rcs1_k0,32,v1,0.9,0.04,0,12,10,1.0,0.0,0.0,0.788653300027363,0.0,0,0
rcs1_k0,32,joint,0.9,0.04,0,12,10,1.0,0.0,0.0,0.8726938001345843,0.0,282,0
rcs1_k0,32,balanced,1.0,0.03,0,60,10,1.0,0.0,0.0,0.7856192999752238,0.0,0,0
rcs1_k0,32,robust,1.0,0.03666666666666667,0,33,10,1.0,0.0,0.0,2.8939936000388116,0.0,0,0
rcs1_k0,33,v1,0.9,0.07333333333333333,0,10,10,1.0,0.0,0.0,0.6519832999911159,0.0,0,0
rcs1_k0,33,joint,0.9,0.07333333333333333,0,10,10,1.0,0.0,0.0,0.728866400080733,0.0,271,0
rcs1_k0,33,balanced,1.0,0.06333333333333334,0,60,10,0.9833333333333333,0.0,0.0,0.7925915999803692,0.0,0,0
rcs1_k0,33,robust,1.0,0.04666666666666667,0,43,10,1.0,0.0,0.0,4.090166800073348,0.0,0,0
rcs1_k0,34,v1,1.0,0.04666666666666667,0,20,10,1.0,0.0,0.0,1.3215845000231639,0.0,0,0
rcs1_k0,34,joint,1.0,0.04666666666666667,0,20,10,1.0,0.0,0.0,1.4208615999668837,0.0,294,0
rcs1_k0,34,balanced,0.9,0.07666666666666666,0,60,10,0.9833333333333333,0.0,0.0,0.9307574999984354,0.0,0,0
rcs1_k0,34,robust,1.0,0.07333333333333333,0,43,10,0.9767441860465116,0.0,0.0,4.201183900004253,0.0,0,0
rcs1_k0,35,v1,1.0,0.03,0,12,10,1.0,0.0,0.0,0.8768660000059754,0.0,0,0
rcs1_k0,35,joint,1.0,0.03,0,12,10,1.0,0.0,0.0,0.9598260999191552,0.0,283,0
rcs1_k0,35,balanced,1.0,0.05,0,60,10,1.0,0.0,0.0,0.6701590000884607,0.0,0,0
rcs1_k0,35,robust,1.0,0.04666666666666667,0,50,10,1.0,0.0,0.0,4.197869199910201,0.0,0,0
rcs1_k0,36,v1,1.0,0.043333333333333335,0,25,10,1.0,0.0,0.0,2.0367507999762893,0.0,0,0
rcs1_k0,36,joint,1.0,0.043333333333333335,0,25,10,1.0,0.0,0.0,2.1447603999404237,0.0,334,0
rcs1_k0,36,balanced,1.0,0.05,0,60,10,1.0,0.0,0.0,0.8579785999609157,0.0,0,0
rcs1_k0,36,robust,1.0,0.043333333333333335,0,47,10,1.0,0.0,0.0,4.513933600042947,0.0,0,0
rcs1_k0,37,v1,1.0,0.07333333333333333,0,18,10,0.9444444444444444,0.0,0.0,1.3108787999954075,0.0,0,0
rcs1_k0,37,joint,1.0,0.07333333333333333,0,18,10,0.9444444444444444,0.0,0.0,1.3999127000570297,0.0,302,0
rcs1_k0,37,balanced,1.0,0.08333333333333333,0,60,10,0.9833333333333333,0.0,0.0,0.7721309999469668,0.0,0,0
rcs1_k0,37,robust,1.0,0.07333333333333333,0,36,10,0.9722222222222222,0.0,0.0,2.5612538000568748,0.0,0,0
rcs1_k0,38,v1,1.0,0.04666666666666667,0,20,10,1.0,0.0,0.0,1.293154500075616,0.0,0,0
rcs1_k0,38,joint,1.0,0.04666666666666667,0,20,10,1.0,0.0,0.0,1.39262709999457,0.0,301,0
rcs1_k0,38,balanced,1.0,0.05,0,60,10,1.0,0.0,0.0,0.9245694000273943,0.0,0,0
rcs1_k0,38,robust,1.0,0.056666666666666664,0,44,10,1.0,0.0,0.0,4.21273160004057,0.0,0,0
rcs1_k0,39,v1,0.9,0.05,0,21,10,1.0,0.0,0.0,1.4408695000456646,0.0,0,0
rcs1_k0,39,joint,0.9,0.05,0,21,10,1.0,0.0,0.0,1.5337337999371812,0.0,290,0
rcs1_k0,39,balanced,0.9,0.056666666666666664,0,60,10,1.0,0.0,0.0,0.7800498999422416,0.0,0,0
rcs1_k0,39,robust,0.9,0.03333333333333333,0,43,10,1.0,0.0,0.0,3.7841966000851244,0.0,0,0
rcs1_k0,40,v1,0.8,0.07,0,20,10,1.0,0.0,0.0,1.1563031999394298,0.0,0,0
rcs1_k0,40,joint,0.8,0.07,0,20,10,1.0,0.0,0.0,1.2445437998976558,0.0,280,0
rcs1_k0,40,balanced,0.9,0.06333333333333334,0,60,10,0.9833333333333333,0.0,0.0,0.8132786999922246,0.0,0,0
rcs1_k0,40,robust,0.9,0.056666666666666664,0,40,10,1.0,0.0,0.0,3.6920461000408977,0.0,0,0
rcs1_k0,41,v1,1.0,0.04,0,25,10,1.0,0.0,0.0,1.7223498000530526,0.0,0,0
rcs1_k0,41,joint,1.0,0.04,0,25,10,1.0,0.0,0.0,1.8135149999288842,0.0,278,0
rcs1_k0,41,balanced,1.0,0.04666666666666667,0,60,10,1.0,0.0,0.0,0.8225800000363961,0.0,0,0
rcs1_k0,41,robust,1.0,0.04,0,45,10,1.0,0.0,0.0,3.7115844000363722,0.0,0,0
rcs1_k0,42,v1,0.9,0.04,0,16,10,1.0,0.0,0.0,1.2076891000615433,0.0,0,0
rcs1_k0,42,joint,0.9,0.04,0,16,10,1.0,0.0,0.0,1.2965945000760257,0.0,284,0
rcs1_k0,42,balanced,1.0,0.043333333333333335,0,60,10,1.0,0.0,0.0,0.8810344999656081,0.0,0,0
rcs1_k0,42,robust,1.0,0.06,0,51,10,1.0,0.0,0.0,4.885996700031683,0.0,0,0
rcs1_k0,43,v1,0.9,0.05333333333333334,0,13,10,0.8461538461538461,0.0,0.0,0.9129669000394642,0.0,0,0
rcs1_k0,43,joint,0.9,0.05333333333333334,0,13,10,0.8461538461538461,0.0,0.0,0.9959656000137329,0.0,290,0
rcs1_k0,43,balanced,1.0,0.05333333333333334,0,60,10,0.9,0.0,0.0,0.9861456999788061,0.0,0,0
rcs1_k0,43,robust,0.9,0.02666666666666667,0,41,10,0.8536585365853658,0.0,0.0,4.2530486000468954,0.0,0,0
rcs1_k0,44,v1,1.0,0.03,0,28,10,1.0,0.0,0.0,1.984050300088711,0.0,0,0
rcs1_k0,44,joint,1.0,0.03,0,28,10,1.0,0.0,0.0,2.083292300114408,0.0,304,0
rcs1_k0,44,balanced,1.0,0.03,0,60,10,1.0,0.0,0.0,0.7026130999438465,0.0,0,0
rcs1_k0,44,robust,1.0,0.03666666666666667,0,53,10,1.0,0.0,0.0,4.533694199984893,0.0,0,0
rcs1_k0,45,v1,0.9,0.05333333333333334,0,21,10,1.0,0.0,0.0,1.5829155999235809,0.0,0,0
rcs1_k0,45,joint,1.0,0.05333333333333334,0,17,10,1.0,0.0,0.0,1.6980889000697061,1.7071300058966434,304,2
rcs1_k0,45,balanced,0.9,0.06333333333333334,0,60,10,0.9833333333333333,0.0,0.0,0.912291600019671,0.0,0,0
rcs1_k0,45,robust,0.9,0.056666666666666664,0,44,10,0.9772727272727273,0.0,0.0,4.198100599925965,0.0,0,0
rcs1_k0,46,v1,0.8,0.03666666666666667,0,26,10,1.0,0.0,0.0,1.8260790999047458,0.0,0,0
rcs1_k0,46,joint,0.8,0.03666666666666667,0,26,10,1.0,0.0,0.0,1.9263738999143243,0.0,307,0
rcs1_k0,46,balanced,1.0,0.04,0,60,10,1.0,0.0,0.0,0.8546860000351444,0.0,0,0
rcs1_k0,46,robust,1.0,0.06,0,47,10,1.0,0.0,0.0,4.21067940001376,0.0,0,0
rcs1_k0,47,v1,0.9,0.06,0,20,10,1.0,0.0,0.0,1.3068276999983937,0.0,0,0
rcs1_k0,47,joint,0.9,0.06,0,20,10,1.0,0.0,0.0,1.3906296000350267,0.0,284,0
rcs1_k0,47,balanced,1.0,0.04666666666666667,0,60,10,1.0,0.0,0.0,0.8728122001048177,0.0,0,0
rcs1_k0,47,robust,1.0,0.043333333333333335,0,41,10,1.0,0.0,0.0,3.539612099993974,0.0,0,0
rcs1_k0,48,v1,1.0,0.04666666666666667,0,10,10,1.0,0.0,0.0,0.6043570999754593,0.0,0,0
rcs1_k0,48,joint,1.0,0.04666666666666667,0,10,10,1.0,0.0,0.0,0.680590600008145,0.0,264,0
rcs1_k0,48,balanced,1.0,0.03666666666666667,0,60,10,0.9333333333333333,0.0,0.0,0.7993137000594288,0.0,0,0
rcs1_k0,48,robust,0.9,0.03,0,38,10,0.9210526315789473,0.0,0.0,2.9437141999369487,0.0,0,0
rcs1_k0,49,v1,0.8,0.04666666666666667,0,21,10,0.9523809523809523,0.0,0.0,1.4061049000592902,0.0,0,0
rcs1_k0,49,joint,0.8,0.04666666666666667,0,21,10,0.9523809523809523,0.0,0.0,1.497077500098385,0.0,284,0
rcs1_k0,49,balanced,1.0,0.05333333333333334,0,60,10,0.9333333333333333,0.0,0.0,0.891279400093481,0.0,0,0
rcs1_k0,49,robust,1.0,0.05333333333333334,0,37,10,0.8918918918918919,0.0,0.0,3.240444099996239,0.0,0,0
rcs1_k0,50,v1,1.0,0.04,0,12,10,1.0,0.0,0.0,0.7600815000478178,0.0,0,0
rcs1_k0,50,joint,1.0,0.04,0,12,10,1.0,0.0,0.0,0.8429059999762103,0.0,278,0
rcs1_k0,50,balanced,1.0,0.03,0,60,10,0.9666666666666667,0.0,0.0,0.7557273999555036,0.0,0,0
rcs1_k0,50,robust,1.0,0.03,0,53,10,0.9622641509433962,0.0,0.0,4.66370839998126,0.0,0,0
rcs1_k0,51,v1,0.9,0.06666666666666667,0,38,10,0.9736842105263158,0.0,0.0,3.020686100004241,0.0,0,0
rcs1_k0,51,joint,0.9,0.06666666666666667,0,38,10,0.9736842105263158,0.0,0.0,3.1446338000241667,0.0,370,0
rcs1_k0,51,balanced,0.8,0.043333333333333335,0,60,10,0.9833333333333333,0.0,0.0,0.8471293000038713,0.0,0,0
rcs1_k0,51,robust,0.9,0.07666666666666666,0,57,10,0.9824561403508771,0.0,0.0,5.62096470000688,0.0,0,0
rcs1_k0,52,v1,0.8,0.08,0,20,10,1.0,0.0,0.0,1.4236055000219494,0.0,0,0
rcs1_k0,52,joint,0.8,0.08333333333333333,0,16,10,1.0,0.0,0.0,1.5442581999814138,0.8922742563456456,323,2
rcs1_k0,52,balanced,0.9,0.08666666666666667,0,60,10,1.0,0.0,0.0,0.8044720999896526,0.0,0,0
rcs1_k0,52,robust,0.9,0.06666666666666667,0,54,10,1.0,0.0,0.0,4.871302000014111,0.0,0,0
rcs1_k0,53,v1,1.0,0.07333333333333333,0,10,10,1.0,0.0,0.0,0.6841915000695735,0.0,0,0
rcs1_k0,53,joint,1.0,0.07333333333333333,0,10,10,1.0,0.0,0.0,0.7610257001360878,0.0,268,0
rcs1_k0,53,balanced,1.0,0.06333333333333334,0,60,10,1.0,0.0,0.0,0.8534431000007316,0.0,0,0
rcs1_k0,53,robust,1.0,0.05333333333333334,0,38,10,1.0,0.0,0.0,3.3831012999871746,0.0,0,0
rcs1_k0,54,v1,1.0,0.043333333333333335,0,12,10,1.0,0.0,0.0,0.7578025999246165,0.0,0,0
rcs1_k0,54,joint,1.0,0.043333333333333335,0,12,10,1.0,0.0,0.0,0.8411187999881804,0.0,277,0
rcs1_k0,54,balanced,1.0,0.04,0,60,10,1.0,0.0,0.0,0.8365555999334902,0.0,0,0
rcs1_k0,54,robust,1.0,0.05333333333333334,0,37,10,1.0,0.0,0.0,3.564532999997027,0.0,0,0
rcs1_k0,55,v1,1.0,0.07333333333333333,0,25,10,1.0,0.0,0.0,2.038491800078191,0.0,0,0
rcs1_k0,55,joint,1.0,0.07333333333333333,0,25,10,1.0,0.0,0.0,2.1450478000333533,0.0,335,0
rcs1_k0,55,balanced,1.0,0.05333333333333334,0,60,10,0.9833333333333333,0.0,0.0,0.9108417999232188,0.0,0,0
rcs1_k0,55,robust,1.0,0.06666666666666667,0,53,10,1.0,0.0,0.0,5.116466700099409,0.0,0,0
rcs1_k0,56,v1,1.0,0.03666666666666667,0,20,10,1.0,0.0,0.0,1.7587244999594986,0.0,0,0
rcs1_k0,56,joint,1.0,0.03666666666666667,0,20,10,1.0,0.0,0.0,1.8586485999403521,0.0,315,0
rcs1_k0,56,balanced,1.0,0.05,0,60,10,1.0,0.0,0.0,0.8765229999553412,0.0,0,0
rcs1_k0,56,robust,1.0,0.05,0,44,10,1.0,0.0,0.0,4.0748945999657735,0.0,0,0
rcs1_k0,57,v1,0.7,0.04666666666666667,0,23,10,1.0,0.0,0.0,1.8160156999947503,0.0,0,0
rcs1_k0,57,joint,0.7,0.04666666666666667,0,23,10,1.0,0.0,0.0,1.9153337000170723,0.0,326,0
rcs1_k0,57,balanced,0.9,0.06333333333333334,0,60,10,1.0,0.0,0.0,0.863218400045298,0.0,0,0
rcs1_k0,57,robust,0.9,0.06,0,56,10,1.0,0.0,0.0,5.377176500041969,0.0,0,0
rcs1_k0,58,v1,1.0,0.043333333333333335,0,25,10,1.0,0.0,0.0,1.626164999906905,0.0,0,0
rcs1_k0,58,joint,0.8,0.04666666666666667,0,17,10,1.0,0.0,0.0,1.7454447000054643,1.1361360315086213,329,4
rcs1_k0,58,balanced,1.0,0.04,0,60,10,1.0,0.0,0.0,0.91496249998454,0.0,0,0
rcs1_k0,58,robust,1.0,0.04666666666666667,0,43,10,1.0,0.0,0.0,4.345590100041591,0.0,0,0
rcs1_k0,59,v1,1.0,0.043333333333333335,0,11,10,1.0,0.0,0.0,0.7502919000107795,0.0,0,0
rcs1_k0,59,joint,1.0,0.043333333333333335,0,11,10,1.0,0.0,0.0,0.8314540000865236,0.0,270,0
rcs1_k0,59,balanced,1.0,0.056666666666666664,0,60,10,1.0,0.0,0.0,0.8452797000063583,0.0,0,0
rcs1_k0,59,robust,1.0,0.04666666666666667,0,48,10,1.0,0.0,0.0,4.523968999972567,0.0,0,0
rcs1_k0,60,v1,0.9,0.05,0,23,10,1.0,0.0,0.0,1.697654900024645,0.0,0,0
rcs1_k0,60,joint,0.9,0.05,0,23,10,1.0,0.0,0.0,1.7987280000234023,0.0,316,0
rcs1_k0,60,balanced,1.0,0.06333333333333334,0,60,10,1.0,0.0,0.0,0.9429241999750957,0.0,0,0
rcs1_k0,60,robust,1.0,0.06,0,47,10,1.0,0.0,0.0,4.396434199996293,0.0,0,0
rcs1_k0,61,v1,0.9,0.03333333333333333,0,23,10,1.0,0.0,0.0,1.5754579999484122,0.0,0,0
rcs1_k0,61,joint,0.9,0.03333333333333333,0,23,10,1.0,0.0,0.0,1.6741045999806374,0.0,300,0
rcs1_k0,61,balanced,1.0,0.04,0,60,10,0.9166666666666666,0.0,0.0,0.7423626000527292,0.0,0,0
rcs1_k0,61,robust,1.0,0.04,0,49,10,0.8979591836734694,0.0,0.0,4.275516899884678,0.0,0,0
rcs1_k0,62,v1,0.7,0.04666666666666667,0,15,10,1.0,0.0,0.0,1.0054207999492064,0.0,0,0
rcs1_k0,62,joint,0.7,0.04666666666666667,0,15,10,1.0,0.0,0.0,1.0924096999224275,0.0,296,0
rcs1_k0,62,balanced,1.0,0.06666666666666667,0,60,10,1.0,0.0,0.0,0.8096292999107391,0.0,0,0
rcs1_k0,62,robust,1.0,0.056666666666666664,0,37,10,1.0,0.0,0.0,3.2298291000770405,0.0,0,0
rcs1_k0,63,v1,0.8,0.04,0,35,10,1.0,0.0,0.0,2.848821699968539,0.0,0,0
rcs1_k0,63,joint,0.8,0.04,0,35,10,1.0,0.0,0.0,2.954307899926789,0.0,321,0
rcs1_k0,63,balanced,0.7,0.03666666666666667,0,60,10,1.0,0.0,0.0,0.8315153000876307,0.0,0,0
rcs1_k0,63,robust,0.7,0.03666666666666667,0,46,10,1.0,0.0,0.0,4.347704199957661,0.0,0,0
rcs1_k0,64,v1,0.9,0.06666666666666667,0,19,10,1.0,0.0,0.0,1.3597831000806764,0.0,0,0
rcs1_k0,64,joint,0.9,0.06666666666666667,0,19,10,1.0,0.0,0.0,1.4530000999802724,0.0,287,0
rcs1_k0,64,balanced,1.0,0.056666666666666664,0,60,10,1.0,0.0,0.0,0.8672394999302924,0.0,0,0
rcs1_k0,64,robust,1.0,0.04666666666666667,0,41,10,1.0,0.0,0.0,3.9675064000766724,0.0,0,0
rcs1_k0,65,v1,0.9,0.04666666666666667,0,15,10,1.0,0.0,0.0,0.8952156000304967,0.0,0,0
rcs1_k0,65,joint,0.9,0.04666666666666667,0,15,10,1.0,0.0,0.0,0.9757589999353513,0.0,270,0
rcs1_k0,65,balanced,1.0,0.02666666666666667,0,60,10,1.0,0.0,0.0,0.7329970001010224,0.0,0,0
rcs1_k0,65,robust,1.0,0.043333333333333335,0,36,10,1.0,0.0,0.0,3.355224199942313,0.0,0,0
rcs1_k0,66,v1,1.0,0.05,0,16,10,1.0,0.0,0.0,1.1048103999346495,0.0,0,0
rcs1_k0,66,joint,1.0,0.05,0,16,10,1.0,0.0,0.0,1.2066985999699682,0.0,287,0
rcs1_k0,66,balanced,1.0,0.06333333333333334,0,60,10,1.0,0.0,0.0,0.7979926000116393,0.0,0,0
rcs1_k0,66,robust,1.0,0.04666666666666667,0,42,10,1.0,0.0,0.0,3.83923139993567,0.0,0,0
rcs1_k0,67,v1,0.9,0.04,0,18,10,0.9444444444444444,0.0,0.0,1.2264968999661505,0.0,0,0
rcs1_k0,67,joint,0.9,0.03333333333333333,0,13,10,0.9230769230769231,0.0,0.0,1.3389854999259114,0.08281052718527704,321,1
rcs1_k0,67,balanced,0.9,0.043333333333333335,0,60,10,0.9,0.0,0.0,0.6995771999936551,0.0,0,0
rcs1_k0,67,robust,0.9,0.03666666666666667,0,44,10,0.8636363636363636,0.0,0.0,3.7757140001049265,0.0,0,0
rcs1_k0,68,v1,0.9,0.06,0,20,10,1.0,0.0,0.0,1.5052787000313401,0.0,0,0
rcs1_k0,68,joint,0.9,0.06,0,20,10,1.0,0.0,0.0,1.598566300002858,0.0,284,0
rcs1_k0,68,balanced,1.0,0.06333333333333334,0,60,10,1.0,0.0,0.0,0.894879899919033,0.0,0,0
rcs1_k0,68,robust,1.0,0.043333333333333335,0,40,10,1.0,0.0,0.0,3.4367781000910327,0.0,0,0
rcs1_k0,69,v1,1.0,0.03333333333333333,0,33,10,1.0,0.0,0.0,2.6962597999954596,0.0,0,0
rcs1_k0,69,joint,1.0,0.03,0,29,10,1.0,0.0,0.0,2.833510300028138,3.4200848843490648,340,2
rcs1_k0,69,balanced,1.0,0.043333333333333335,0,60,10,1.0,0.0,0.0,0.8395269999746233,0.0,0,0
rcs1_k0,69,robust,0.9,0.043333333333333335,0,52,10,1.0,0.0,0.0,4.981303500011563,0.0,0,0
rcs1_k0,70,v1,0.8,0.04,0,18,10,1.0,0.0,0.0,1.5451743999728933,0.0,0,0
rcs1_k0,70,joint,0.8,0.04,0,18,10,1.0,0.0,0.0,1.644886799971573,0.0,291,0
rcs1_k0,70,balanced,1.0,0.056666666666666664,0,60,10,0.9833333333333333,0.0,0.0,1.0090765000786632,0.0,0,0
rcs1_k0,70,robust,1.0,0.056666666666666664,0,42,10,0.9761904761904762,0.0,0.0,4.5136451999424025,0.0,0,0
rcs1_k0,71,v1,1.0,0.05333333333333334,0,17,10,1.0,0.0,0.0,1.7870307000121102,0.0,0,0
rcs1_k0,71,joint,1.0,0.05333333333333334,0,17,10,1.0,0.0,0.0,1.8823440000414848,0.0,283,0
rcs1_k0,71,balanced,1.0,0.07666666666666666,0,60,10,1.0,0.0,0.0,1.1826388000044972,0.0,0,0
rcs1_k0,71,robust,1.0,0.07,0,45,10,1.0,0.0,0.0,4.663765099947341,0.0,0,0
rcs1_k0,72,v1,0.9,0.05,0,30,10,0.8,0.0,0.0,2.279597799992189,0.0,0,0
rcs1_k0,72,joint,0.9,0.05,0,30,10,0.8,0.0,0.0,2.386776200029999,0.0,321,0
rcs1_k0,72,balanced,1.0,0.06333333333333334,0,60,10,0.9,0.0,0.0,0.8283158000558615,0.0,0,0
rcs1_k0,72,robust,1.0,0.04,0,52,10,0.8846153846153846,0.0,0.0,5.065655299928039,0.0,0,0
rcs1_k0,73,v1,0.9,0.03666666666666667,0,15,10,1.0,0.0,0.0,1.0318283999804407,0.0,0,0
rcs1_k0,73,joint,0.9,0.03666666666666667,0,15,10,1.0,0.0,0.0,1.129374099895358,0.0,289,0
rcs1_k0,73,balanced,0.9,0.05,0,60,10,0.9833333333333333,0.0,0.0,0.9286209999118,0.0,0,0
rcs1_k0,73,robust,0.9,0.02666666666666667,0,37,10,1.0,0.0,0.0,3.2419988000765443,0.0,0,0
rcs1_k0,74,v1,1.0,0.043333333333333335,0,26,10,1.0,0.0,0.0,2.647063500015065,0.0,0,0
rcs1_k0,74,joint,1.0,0.043333333333333335,0,26,10,1.0,0.0,0.0,2.756400099955499,0.0,325,0
rcs1_k0,74,balanced,1.0,0.04,0,60,10,1.0,0.0,0.0,0.9515070000197738,0.0,0,0
rcs1_k0,74,robust,1.0,0.04,0,54,10,1.0,0.0,0.0,5.708021700032987,0.0,0,0
rcs1_k0,75,v1,0.7,0.04,0,29,10,0.9310344827586207,0.0,0.0,1.8873509999830276,0.0,0,0
rcs1_k0,75,joint,0.7,0.04,0,29,10,0.9310344827586207,0.0,0.0,1.997085400042124,0.0,323,0
rcs1_k0,75,balanced,0.9,0.04666666666666667,0,60,10,0.9666666666666667,0.0,0.0,0.6478886000113562,0.0,0,0
rcs1_k0,75,robust,0.9,0.06,0,49,10,0.9591836734693877,0.0,0.0,4.194937399937771,0.0,0,0
rcs1_k0,76,v1,0.9,0.043333333333333335,0,17,10,1.0,0.0,0.0,1.2880123000359163,0.0,0,0
rcs1_k0,76,joint,0.9,0.043333333333333335,0,17,10,1.0,0.0,0.0,1.380528400070034,0.0,316,0
rcs1_k0,76,balanced,1.0,0.04666666666666667,0,60,10,0.9833333333333333,0.0,0.0,0.8369967000326142,0.0,0,0
rcs1_k0,76,robust,1.0,0.043333333333333335,0,43,10,1.0,0.0,0.0,3.997181999962777,0.0,0,0
rcs1_k0,77,v1,0.7,0.05,0,34,10,1.0,0.0,0.0,2.6544456999981776,0.0,0,0
rcs1_k0,77,joint,0.7,0.05,0,34,10,1.0,0.0,0.0,2.7609973000362515,0.0,318,0
rcs1_k0,77,balanced,0.7,0.043333333333333335,0,60,10,1.0,0.0,0.0,0.72334049991332,0.0,0,0
rcs1_k0,77,robust,0.7,0.05,0,47,10,1.0,0.0,0.0,4.306061800103635,0.0,0,0
rcs1_k0,78,v1,1.0,0.04666666666666667,0,16,10,1.0,0.0,0.0,1.1628448000410572,0.0,0,0
rcs1_k0,78,joint,1.0,0.04666666666666667,0,16,10,1.0,0.0,0.0,1.2573642000788823,0.0,308,0
rcs1_k0,78,balanced,1.0,0.05,0,60,10,1.0,0.0,0.0,0.8581295000622049,0.0,0,0
rcs1_k0,78,robust,1.0,0.05333333333333334,0,48,10,1.0,0.0,0.0,4.819563500001095,0.0,0,0
rcs1_k0,79,v1,0.9,0.06666666666666667,0,15,10,1.0,0.0,0.0,0.9788219999754801,0.0,0,0
rcs1_k0,79,joint,0.9,0.06666666666666667,0,15,10,1.0,0.0,0.0,1.062377400114201,0.0,283,0
rcs1_k0,79,balanced,1.0,0.08666666666666667,0,60,10,1.0,0.0,0.0,0.8304975000210106,0.0,0,0
rcs1_k0,79,robust,1.0,0.08666666666666667,0,38,10,1.0,0.0,0.0,3.880856999894604,0.0,0,0
rcs1_k0,80,v1,0.8,0.07333333333333333,0,20,10,0.95,0.0,0.0,1.069421699969098,0.0,0,0
rcs1_k0,80,joint,0.8,0.06666666666666667,0,16,10,0.9375,0.0,0.0,1.1748431000160053,0.2814462103892206,293,2
rcs1_k0,80,balanced,1.0,0.06,0,60,10,0.95,0.0,0.0,0.6476580000016838,0.0,0,0
rcs1_k0,80,robust,0.9,0.056666666666666664,0,34,10,0.9411764705882353,0.0,0.0,2.517076599993743,0.0,0,0
rcs1_k0,81,v1,0.8,0.02666666666666667,0,25,10,1.0,0.0,0.0,1.5522637999383733,0.0,0,0
rcs1_k0,81,joint,1.0,0.04,0,17,10,1.0,0.0,0.0,1.690249799983576,4.605592800695758,362,4
rcs1_k0,81,balanced,0.8,0.03,0,60,10,1.0,0.0,0.0,0.5572149999206886,0.0,0,0
rcs1_k0,81,robust,0.8,0.02666666666666667,0,48,10,1.0,0.0,0.0,3.531510300002992,0.0,0,0
rcs1_k0,82,v1,1.0,0.05333333333333334,0,37,10,0.9459459459459459,0.0,0.0,2.6648959000594914,0.0,0,0
rcs1_k0,82,joint,1.0,0.05333333333333334,0,37,10,0.9459459459459459,0.0,0.0,2.781950500095263,0.0,331,0
rcs1_k0,82,balanced,1.0,0.07333333333333333,0,60,10,0.9833333333333333,0.0,0.0,0.6943108999403194,0.0,0,0
rcs1_k0,82,robust,1.0,0.07333333333333333,0,52,10,0.9807692307692307,0.0,0.0,4.371683900011703,0.0,0,0
rcs1_k0,83,v1,0.8,0.043333333333333335,0,37,10,0.8918918918918919,0.0,0.0,2.280655700014904,0.0,0,0
rcs1_k0,83,joint,0.9,0.03666666666666667,0,32,10,0.875,0.0,0.0,2.422478999942541,0.0198145967755452,370,1
rcs1_k0,83,balanced,0.9,0.043333333333333335,0,60,10,0.9333333333333333,0.0,0.0,0.5151253000367433,0.0,0,0
rcs1_k0,83,robust,0.8,0.03666666666666667,0,57,10,0.9298245614035088,0.0,0.0,4.228535700007342,0.0,0,0
rcs1_k0,84,v1,1.0,0.056666666666666664,0,14,10,1.0,0.0,0.0,0.9304872000357136,0.0,0,0
rcs1_k0,84,joint,1.0,0.056666666666666664,0,14,10,1.0,0.0,0.0,1.020278500043787,0.0,298,0
rcs1_k0,84,balanced,1.0,0.04666666666666667,0,60,10,0.9833333333333333,0.0,0.0,0.7794625000096858,0.0,0,0
rcs1_k0,84,robust,0.9,0.05,0,46,10,0.9782608695652174,0.0,0.0,3.674625699990429,0.0,0,0
rcs1_k0,85,v1,0.9,0.07,0,20,10,1.0,0.0,0.0,1.6468006999930367,0.0,0,0
rcs1_k0,85,joint,1.0,0.06333333333333334,0,16,10,1.0,0.0,0.0,1.7547835999866948,4.331454281762898,319,2
rcs1_k0,85,balanced,0.9,0.056666666666666664,0,60,10,1.0,0.0,0.0,0.7969625999685377,0.0,0,0
rcs1_k0,85,robust,0.9,0.05,0,53,10,1.0,0.0,0.0,4.473723500035703,0.0,0,0
rcs1_k0,86,v1,1.0,0.04,0,25,10,1.0,0.0,0.0,1.546076099970378,0.0,0,0
rcs1_k0,86,joint,1.0,0.04,0,21,10,1.0,0.0,0.0,1.6827034000307322,0.17706775722911416,346,2
rcs1_k0,86,balanced,1.0,0.043333333333333335,0,60,10,1.0,0.0,0.0,0.607296200003475,0.0,0,0
rcs1_k0,86,robust,1.0,0.03,0,52,10,1.0,0.0,0.0,4.080546899931505,0.0,0,0
rcs1_k0,87,v1,1.0,0.056666666666666664,0,16,10,1.0,0.0,0.0,1.2061081000138074,0.0,0,0
rcs1_k0,87,joint,1.0,0.056666666666666664,0,16,10,1.0,0.0,0.0,1.3026651000836864,0.0,304,0
rcs1_k0,87,balanced,1.0,0.056666666666666664,0,60,10,0.9833333333333333,0.0,0.0,0.8592510999878868,0.0,0,0
rcs1_k0,87,robust,1.0,0.06,0,39,10,0.9743589743589743,0.0,0.0,3.3222948000766337,0.0,0,0
rcs1_k0,88,v1,0.9,0.04666666666666667,0,23,10,1.0,0.0,0.0,1.4614611000288278,0.0,0,0
rcs1_k0,88,joint,0.9,0.04666666666666667,0,23,10,1.0,0.0,0.0,1.5656571000581607,0.0,313,0
rcs1_k0,88,balanced,0.9,0.03333333333333333,0,60,10,1.0,0.0,0.0,0.8071120000677183,0.0,0,0
rcs1_k0,88,robust,0.9,0.05,0,44,10,1.0,0.0,0.0,3.5796021999558434,0.0,0,0
rcs1_k0,89,v1,0.9,0.04666666666666667,0,18,10,1.0,0.0,0.0,1.9845635000383481,0.0,0,0
rcs1_k0,89,joint,0.9,0.04666666666666667,0,18,10,1.0,0.0,0.0,2.0725445001153275,0.0,298,0
rcs1_k0,89,balanced,1.0,0.03,0,60,10,1.0,0.0,0.0,0.9333398999879137,0.0,0,0
rcs1_k0,89,robust,1.0,0.03666666666666667,0,56,10,1.0,0.0,0.0,5.623095400049351,0.0,0,0
rcs1_k0,90,v1,1.0,0.07333333333333333,0,22,10,1.0,0.0,0.0,1.6950125999283046,0.0,0,0
rcs1_k0,90,joint,1.0,0.07333333333333333,0,22,10,1.0,0.0,0.0,1.7952664999756962,0.0,313,0
rcs1_k0,90,balanced,1.0,0.07333333333333333,0,60,10,0.95,0.0,0.0,0.9452629999723285,0.0,0,0
rcs1_k0,90,robust,0.9,0.06666666666666667,0,34,10,0.9705882352941176,0.0,0.0,3.3565318000037223,0.0,0,0
rcs1_k0,91,v1,0.8,0.05333333333333334,0,27,10,1.0,0.0,0.0,2.062165500014089,0.0,0,0
rcs1_k0,91,joint,0.8,0.05333333333333334,0,27,10,1.0,0.0,0.0,2.16714250005316,0.0,321,0
rcs1_k0,91,balanced,0.8,0.05333333333333334,0,60,10,0.9833333333333333,0.0,0.0,0.7606921000406146,0.0,0,0
rcs1_k0,91,robust,0.8,0.03666666666666667,0,47,10,1.0,0.0,0.0,4.061831199913286,0.0,0,0
rcs1_k0,92,v1,0.7,0.056666666666666664,0,17,10,1.0,0.0,0.0,1.6138235999969766,0.0,0,0
rcs1_k0,92,joint,0.7,0.056666666666666664,0,17,10,1.0,0.0,0.0,1.7092956999549642,0.0,312,0
rcs1_k0,92,balanced,0.9,0.04666666666666667,0,60,10,1.0,0.0,0.0,0.9996317999903113,0.0,0,0
rcs1_k0,92,robust,0.9,0.06,0,51,10,1.0,0.0,0.0,5.106526999967173,0.0,0,0
rcs1_k0,93,v1,1.0,0.05333333333333334,0,21,10,0.8095238095238095,0.0,0.0,1.642549499985762,0.0,0,0
rcs1_k0,93,joint,1.0,0.05333333333333334,0,21,10,0.8095238095238095,0.0,0.0,1.739555399864912,0.0,312,0
rcs1_k0,93,balanced,1.0,0.056666666666666664,0,60,10,0.9333333333333333,0.0,0.0,0.8707416000543162,0.0,0,0
rcs1_k0,93,robust,1.0,0.056666666666666664,0,46,10,0.8913043478260869,0.0,0.0,4.260035499930382,0.0,0,0
rcs1_k0,94,v1,0.9,0.07666666666666666,0,21,10,1.0,0.0,0.0,1.728297600056976,0.0,0,0
rcs1_k0,94,joint,0.9,0.07666666666666666,0,21,10,1.0,0.0,0.0,1.8270898001501337,0.0,322,0
rcs1_k0,94,balanced,0.9,0.06333333333333334,0,60,10,1.0,0.0,0.0,0.8473576999967918,0.0,0,0
rcs1_k0,94,robust,0.9,0.06333333333333334,0,51,10,1.0,0.0,0.0,4.775783699937165,0.0,0,0
rcs1_k0,95,v1,1.0,0.03,0,21,10,1.0,0.0,0.0,1.3871195000829175,0.0,0,0
rcs1_k0,95,joint,1.0,0.03,0,21,10,1.0,0.0,0.0,1.4814292000373825,0.0,313,0
rcs1_k0,95,balanced,1.0,0.04,0,60,10,1.0,0.0,0.0,0.5716725999955088,0.0,0,0
rcs1_k0,95,robust,1.0,0.03666666666666667,0,51,10,1.0,0.0,0.0,4.161269300035201,0.0,0,0
rcs1_k0,96,v1,0.9,0.056666666666666664,0,19,10,1.0,0.0,0.0,1.4022714000893757,0.0,0,0
rcs1_k0,96,joint,0.9,0.056666666666666664,0,19,10,1.0,0.0,0.0,1.4959731999551877,0.0,294,0
rcs1_k0,96,balanced,1.0,0.05,0,60,10,1.0,0.0,0.0,0.9105285999830812,0.0,0,0
rcs1_k0,96,robust,1.0,0.05333333333333334,0,38,10,1.0,0.0,0.0,3.6241106999805197,0.0,0,0
rcs1_k0,97,v1,0.9,0.05333333333333334,0,13,10,1.0,0.0,0.0,1.0398968000663444,0.0,0,0
rcs1_k0,97,joint,0.9,0.05333333333333334,0,13,10,1.0,0.0,0.0,1.1250240000663325,0.0,285,0
rcs1_k0,97,balanced,1.0,0.05,0,60,10,0.9833333333333333,0.0,0.0,0.9116167000029236,0.0,0,0
rcs1_k0,97,robust,1.0,0.06,0,39,10,0.9743589743589743,0.0,0.0,3.754786800011061,0.0,0,0
rcs1_k0,98,v1,0.7,0.03666666666666667,0,10,10,1.0,0.0,0.0,0.6966226999647915,0.0,0,0
rcs1_k0,98,joint,0.7,0.03666666666666667,0,10,10,1.0,0.0,0.0,0.7773119000485167,0.0,271,0
rcs1_k0,98,balanced,1.0,0.02666666666666667,0,60,10,1.0,0.0,0.0,0.8617928999010473,0.0,0,0
rcs1_k0,98,robust,1.0,0.03333333333333333,0,42,10,1.0,0.0,0.0,4.106709500076249,0.0,0,0
rcs1_k0,99,v1,1.0,0.056666666666666664,0,12,10,1.0,0.0,0.0,1.0647038000170141,0.0,0,0
rcs1_k0,99,joint,1.0,0.056666666666666664,0,12,10,1.0,0.0,0.0,1.145739100058563,0.0,273,0
rcs1_k0,99,balanced,1.0,0.056666666666666664,0,60,10,1.0,0.0,0.0,1.0252084999810904,0.0,0,0
rcs1_k0,99,robust,1.0,0.06333333333333334,0,34,10,1.0,0.0,0.0,3.2098847000161186,0.0,0,0
rcs1_k8,0,v1,1.0,0.056666666666666664,0,15,10,1.0,0.0,0.0,1.3903396999230608,0.0,0,0
rcs1_k8,0,joint,1.0,0.056666666666666664,0,15,10,1.0,0.0,0.0,1.5582654000027105,0.0,658,0
rcs1_k8,0,balanced,1.0,0.05333333333333334,8,60,10,1.0,5120.0,8.533333333333335,0.7183582000434399,0.0,0,0
rcs1_k8,0,robust,1.0,0.05333333333333334,8,46,10,1.0,5120.0,8.533333333333335,5.710793499951251,0.0,0,0
rcs1_k8,1,v1,0.9,0.043333333333333335,2,18,10,1.0,1280.0,2.1333333333333333,1.6845565000548959,0.0,0,0
rcs1_k8,1,joint,0.9,0.043333333333333335,2,18,10,1.0,1280.0,2.1333333333333333,1.9437648000894114,0.0,907,0
rcs1_k8,1,balanced,1.0,0.03,8,60,10,0.9833333333333333,5120.0,8.533333333333335,0.6278151000151411,0.0,0,0
rcs1_k8,1,robust,1.0,0.02,8,48,10,1.0,5120.0,8.533333333333335,4.823837699950673,0.0,0,0
rcs1_k8,2,v1,0.9,0.07333333333333333,1,10,10,1.0,640.0,1.0666666666666667,1.1600754000246525,0.0,0,0
rcs1_k8,2,joint,0.9,0.07333333333333333,0,10,10,1.0,0.0,0.0,1.3409836001228541,0.005333333333333634,646,1
rcs1_k8,2,balanced,1.0,0.05333333333333334,8,60,10,0.9166666666666666,5120.0,8.533333333333335,0.8688342999666929,0.0,0,0
rcs1_k8,2,robust,0.9,0.043333333333333335,8,39,10,0.9487179487179487,5120.0,8.533333333333335,4.669316199957393,0.0,0,0
rcs1_k8,3,v1,0.7,0.06333333333333334,3,21,10,1.0,1920.0,3.2,1.8913301000138745,0.0,0,0
rcs1_k8,3,joint,0.8,0.056666666666666664,3,21,10,1.0,1920.0,3.2,2.2108145999955013,0.03991096948967776,902,2
rcs1_k8,3,balanced,0.9,0.07,8,60,10,0.9833333333333333,5120.0,8.533333333333335,0.7928870000177994,0.0,0,0
rcs1_k8,3,robust,0.9,0.06,8,47,10,1.0,5120.0,8.533333333333335,4.243312599952333,0.0,0,0
rcs1_k8,4,v1,0.9,0.043333333333333335,8,28,10,1.0,5120.0,8.533333333333335,2.503671200014651,0.0,0,0
rcs1_k8,4,joint,1.0,0.04,6,24,10,1.0,3840.0,6.400000000000001,2.7538748000515625,1.1058783167949042,783,3
rcs1_k8,4,balanced,0.9,0.05,8,60,10,1.0,5120.0,8.533333333333335,0.7511811000294983,0.0,0,0
rcs1_k8,4,robust,0.9,0.04666666666666667,8,48,10,1.0,5120.0,8.533333333333335,4.76760739996098,0.0,0,0
rcs1_k8,5,v1,1.0,0.04,7,27,10,1.0,4480.0,7.466666666666669,3.4020152000011876,0.0,0,0
rcs1_k8,5,joint,1.0,0.05,6,27,10,1.0,3840.0,6.400000000000001,3.7005883001256734,0.06951661243145768,868,4
rcs1_k8,5,balanced,1.0,0.02,8,60,10,0.9666666666666667,5120.0,8.533333333333335,0.7777415999444202,0.0,0,0
rcs1_k8,5,robust,0.9,0.03333333333333333,8,48,10,0.9791666666666666,5120.0,8.533333333333335,5.363343800068833,0.0,0,0
rcs1_k8,6,v1,0.8,0.08333333333333333,7,24,10,0.8333333333333334,4480.0,7.466666666666669,2.1521987000014633,0.0,0,0
rcs1_k8,6,joint,0.8,0.08333333333333333,6,24,10,0.8333333333333334,3840.0,6.400000000000001,2.459333499893546,0.005333333333333634,875,1
rcs1_k8,6,balanced,0.9,0.06333333333333334,8,60,10,0.95,5120.0,8.533333333333335,0.6567191999638453,0.0,0,0
rcs1_k8,6,robust,1.0,0.05,8,45,10,0.9333333333333333,5120.0,8.533333333333335,4.07447560003493,0.0,0,0
rcs1_k8,7,v1,0.9,0.06,4,20,10,0.9,2560.0,4.266666666666667,1.9339182000840083,0.0,0,0
rcs1_k8,7,joint,0.9,0.06,4,20,10,0.9,2560.0,4.266666666666667,2.1525112001691014,0.0,787,0
rcs1_k8,7,balanced,0.9,0.04666666666666667,8,60,10,0.8666666666666667,5120.0,8.533333333333335,0.8177333999192342,0.0,0,0
rcs1_k8,7,robust,0.9,0.04,8,33,10,0.8181818181818182,5120.0,8.533333333333335,4.023664200096391,0.0,0,0
rcs1_k8,8,v1,0.9,0.03,8,35,10,1.0,5120.0,8.533333333333335,2.4677235999843106,0.0,0,0
rcs1_k8,8,joint,0.9,0.02666666666666667,8,35,10,1.0,5120.0,8.533333333333335,2.699443999910727,0.05886731749472407,619,3
rcs1_k8,8,balanced,0.9,0.03666666666666667,8,60,10,1.0,5120.0,8.533333333333335,0.6592025000136346,0.0,0,0
rcs1_k8,8,robust,0.8,0.03666666666666667,8,43,10,1.0,5120.0,8.533333333333335,4.087686000042595,0.0,0,0
rcs1_k8,9,v1,0.9,0.05333333333333334,3,19,10,1.0,1920.0,3.2,2.0539123999187723,0.0,0,0
rcs1_k8,9,joint,0.9,0.05,2,19,10,1.0,1280.0,2.1333333333333333,2.336731299990788,0.005333333333333634,934,1
rcs1_k8,9,balanced,1.0,0.04666666666666667,8,60,10,1.0,5120.0,8.533333333333335,0.7225807000650093,0.0,0,0
rcs1_k8,9,robust,1.0,0.06333333333333334,8,53,10,1.0,5120.0,8.533333333333335,5.275945100001991,0.0,0,0
rcs1_k8,10,v1,1.0,0.05,0,10,10,1.0,0.0,0.0,0.9907248999224976,0.0,0,0
rcs1_k8,10,joint,1.0,0.05,0,10,10,1.0,0.0,0.0,1.1250560999615118,0.0,592,0
rcs1_k8,10,balanced,1.0,0.05333333333333334,8,60,10,1.0,5120.0,8.533333333333335,1.0495064000133425,0.0,0,0
rcs1_k8,10,robust,1.0,0.03,8,41,10,1.0,5120.0,8.533333333333335,5.840643299976364,0.0,0,0
rcs1_k8,11,v1,0.8,0.056666666666666664,3,20,10,1.0,1920.0,3.2,2.0043021999299526,0.0,0,0
rcs1_k8,11,joint,0.9,0.06333333333333334,0,16,10,1.0,0.0,0.0,2.3475172999314964,0.15841647850545115,883,2
rcs1_k8,11,balanced,0.9,0.07666666666666666,8,60,10,1.0,5120.0,8.533333333333335,1.05715600005351,0.0,0,0
rcs1_k8,11,robust,0.9,0.06333333333333334,6,44,10,1.0,3840.0,6.400000000000001,7.135166499996558,0.0,0,0
rcs1_k8,12,v1,0.8,0.04,1,17,10,0.9411764705882353,640.0,1.0666666666666667,2.184366700006649,0.0,0,0
rcs1_k8,12,joint,0.7,0.04,0,17,10,0.9411764705882353,0.0,0.0,2.3979716999456286,0.005333333333333634,705,1
rcs1_k8,12,balanced,0.9,0.043333333333333335,8,60,10,0.9,5120.0,8.533333333333335,1.1713992999866605,0.0,0,0
rcs1_k8,12,robust,0.9,0.05,5,41,10,0.8536585365853658,3200.0,5.333333333333334,6.730984500027262,0.0,0,0
rcs1_k8,13,v1,0.9,0.05333333333333334,8,24,10,1.0,5120.0,8.533333333333335,2.3379949999507517,0.0,0,0
rcs1_k8,13,joint,0.9,0.05,4,24,10,1.0,2560.0,4.266666666666667,2.6600297999102622,0.041439552763029575,888,2
rcs1_k8,13,balanced,1.0,0.043333333333333335,8,60,10,1.0,5120.0,8.533333333333335,0.7456716999877244,0.0,0,0
rcs1_k8,13,robust,1.0,0.043333333333333335,8,52,10,1.0,5120.0,8.533333333333335,5.177831200067885,0.0,0,0
rcs1_k8,14,v1,1.0,0.04666666666666667,8,25,10,1.0,5120.0,8.533333333333335,2.2987307000439614,0.0,0,0
rcs1_k8,14,joint,1.0,0.043333333333333335,5,26,10,1.0,3200.0,5.333333333333334,2.625302700093016,0.2921574859521465,906,4
rcs1_k8,14,balanced,1.0,0.04,8,60,10,1.0,5120.0,8.533333333333335,0.878790199989453,0.0,0,0
rcs1_k8,14,robust,1.0,0.05,8,46,10,1.0,5120.0,8.533333333333335,5.3984115999192,0.0,0,0
rcs1_k8,15,v1,1.0,0.03333333333333333,0,14,10,1.0,0.0,0.0,1.6974261000286788,0.0,0,0
rcs1_k8,15,joint,1.0,0.03333333333333333,0,14,10,1.0,0.0,0.0,1.8822750999825075,0.0,746,0
rcs1_k8,15,balanced,1.0,0.06,8,60,10,1.0,5120.0,8.533333333333335,1.0209754999959841,0.0,0,0
rcs1_k8,15,robust,1.0,0.05333333333333334,8,47,10,1.0,5120.0,8.533333333333335,6.503115099971183,0.0,0,0
rcs1_k8,16,v1,0.9,0.05333333333333334,0,13,10,0.8461538461538461,0.0,0.0,1.2642692999215797,0.0,0,0
rcs1_k8,16,joint,0.9,0.05333333333333334,0,13,10,0.8461538461538461,0.0,0.0,1.4355966999428347,0.0,721,0
rcs1_k8,16,balanced,1.0,0.05333333333333334,8,60,10,0.95,5120.0,8.533333333333335,0.9961152999894693,0.0,0,0
rcs1_k8,16,robust,1.0,0.03666666666666667,6,42,10,0.9047619047619048,3840.0,6.400000000000001,6.784001099993475,0.0,0,0
rcs1_k8,17,v1,1.0,0.07333333333333333,2,21,10,1.0,1280.0,2.1333333333333333,2.06212170002982,0.0,0,0
rcs1_k8,17,joint,1.0,0.07333333333333333,2,21,10,1.0,1280.0,2.1333333333333333,2.254381599952467,0.0,744,0
rcs1_k8,17,balanced,1.0,0.03666666666666667,8,60,10,1.0,5120.0,8.533333333333335,0.8961244999663904,0.0,0,0
rcs1_k8,17,robust,1.0,0.03666666666666667,8,44,10,1.0,5120.0,8.533333333333335,5.2988184000132605,0.0,0,0
rcs1_k8,18,v1,0.8,0.02666666666666667,8,31,10,0.967741935483871,5120.0,8.533333333333335,2.7161074000177905,0.0,0,0
rcs1_k8,18,joint,0.8,0.03333333333333333,8,27,10,0.9629629629629629,5120.0,8.533333333333335,3.0242890000808984,2.7638452927679986,827,5
rcs1_k8,18,balanced,1.0,0.04666666666666667,8,60,10,0.95,5120.0,8.533333333333335,0.7823023999808356,0.0,0,0
rcs1_k8,18,robust,0.9,0.03,8,48,10,0.9583333333333334,5120.0,8.533333333333335,5.363006899948232,0.0,0,0
rcs1_k8,19,v1,1.0,0.04666666666666667,2,12,10,1.0,1280.0,2.1333333333333333,1.6130967000499368,0.0,0,0
rcs1_k8,19,joint,1.0,0.04666666666666667,2,12,10,1.0,1280.0,2.1333333333333333,1.7798421999905258,0.0,699,0
rcs1_k8,19,balanced,1.0,0.05333333333333334,8,60,10,1.0,5120.0,8.533333333333335,0.9184221000177786,0.0,0,0
rcs1_k8,19,robust,1.0,0.06333333333333334,8,44,10,1.0,5120.0,8.533333333333335,4.794481299933977,0.0,0,0
rcs1_k8,20,v1,1.0,0.043333333333333335,0,11,10,1.0,0.0,0.0,0.9940533000044525,0.0,0,0
rcs1_k8,20,joint,1.0,0.043333333333333335,0,11,10,1.0,0.0,0.0,1.130656399880536,0.0,590,0
rcs1_k8,20,balanced,1.0,0.06,8,60,10,1.0,5120.0,8.533333333333335,0.9098058000672609,0.0,0,0
rcs1_k8,20,robust,1.0,0.04,8,43,10,1.0,5120.0,8.533333333333335,5.583719999995083,0.0,0,0
rcs1_k8,21,v1,0.9,0.056666666666666664,2,15,10,1.0,1280.0,2.1333333333333333,1.4515971000073478,0.0,0,0
rcs1_k8,21,joint,0.9,0.056666666666666664,2,15,10,1.0,1280.0,2.1333333333333333,1.6388034999836236,0.0,677,0
rcs1_k8,21,balanced,1.0,0.056666666666666664,8,60,10,1.0,5120.0,8.533333333333335,0.954947300022468,0.0,0,0
rcs1_k8,21,robust,1.0,0.056666666666666664,3,33,10,1.0,1920.0,3.2,5.325706999981776,0.0,0,0
rcs1_k8,22,v1,0.9,0.05,1,10,10,1.0,640.0,1.0666666666666667,0.9952665999298915,0.0,0,0
rcs1_k8,22,joint,0.9,0.05,0,11,10,1.0,0.0,0.0,1.1749697999330238,0.005333333333333634,684,1
rcs1_k8,22,balanced,1.0,0.05333333333333334,8,60,10,1.0,5120.0,8.533333333333335,0.8978251999942586,0.0,0,0
rcs1_k8,22,robust,1.0,0.06333333333333334,8,37,10,1.0,5120.0,8.533333333333335,4.202373499982059,0.0,0,0
rcs1_k8,23,v1,1.0,0.06333333333333334,2,16,10,1.0,1280.0,2.1333333333333333,1.9254827999975532,0.0,0,0
rcs1_k8,23,joint,1.0,0.056666666666666664,1,16,10,1.0,640.0,1.0666666666666667,2.259825700079091,0.005333333333332746,898,1
rcs1_k8,23,balanced,1.0,0.04,8,60,10,1.0,5120.0,8.533333333333335,1.0569991999072954,0.0,0,0
rcs1_k8,23,robust,1.0,0.043333333333333335,8,46,10,1.0,5120.0,8.533333333333335,5.868507200037129,0.0,0,0
rcs1_k8,24,v1,0.8,0.03333333333333333,4,16,10,1.0,2560.0,4.266666666666667,1.6458704000106081,0.0,0,0
rcs1_k8,24,joint,0.8,0.02666666666666667,1,13,10,1.0,640.0,1.0666666666666667,1.939724399941042,0.016000000000000014,901,2
rcs1_k8,24,balanced,0.9,0.06666666666666667,8,60,10,1.0,5120.0,8.533333333333335,0.8391656000167131,0.0,0,0
rcs1_k8,24,robust,1.0,0.07333333333333333,8,37,10,1.0,5120.0,8.533333333333335,3.8773058999795467,0.0,0,0
rcs1_k8,25,v1,0.9,0.06333333333333334,8,31,10,0.9354838709677419,5120.0,8.533333333333335,2.7768240000586957,0.0,0,0
rcs1_k8,25,joint,0.9,0.05333333333333334,1,31,10,0.9354838709677419,640.0,1.0666666666666667,3.229491600068286,0.04245048133222262,1116,3
rcs1_k8,25,balanced,1.0,0.05333333333333334,8,60,10,0.9833333333333333,5120.0,8.533333333333335,0.6670353000517935,0.0,0,0
rcs1_k8,25,robust,1.0,0.06,8,55,10,0.9636363636363636,5120.0,8.533333333333335,5.170996299944818,0.0,0,0
rcs1_k8,26,v1,0.8,0.04666666666666667,6,25,10,1.0,3840.0,6.400000000000001,2.4571988000534475,0.0,0,0
rcs1_k8,26,joint,0.8,0.04666666666666667,4,25,10,1.0,2560.0,4.266666666666667,2.755010300083086,0.026241587797129595,808,2
rcs1_k8,26,balanced,0.9,0.043333333333333335,8,60,10,1.0,5120.0,8.533333333333335,0.7852168999379501,0.0,0,0
rcs1_k8,26,robust,0.8,0.03333333333333333,8,55,10,1.0,5120.0,8.533333333333335,6.008892599958926,0.0,0,0
rcs1_k8,27,v1,0.8,0.03,2,13,10,1.0,1280.0,2.1333333333333333,1.3414501000661403,0.0,0,0
rcs1_k8,27,joint,0.8,0.03,2,13,10,1.0,1280.0,2.1333333333333333,1.5181473001139238,0.0,715,0
rcs1_k8,27,balanced,1.0,0.03666666666666667,8,60,10,1.0,5120.0,8.533333333333335,0.7228942998917773,0.0,0,0
rcs1_k8,27,robust,1.0,0.02666666666666667,8,53,10,1.0,5120.0,8.533333333333335,5.4506228000391275,0.0,0,0
rcs1_k8,28,v1,1.0,0.04666666666666667,4,19,10,1.0,2560.0,4.266666666666667,2.3338845999678597,0.0,0,0
rcs1_k8,28,joint,1.0,0.043333333333333335,4,19,10,1.0,2560.0,4.266666666666667,2.6177801999729127,0.004064017741140624,844,1
rcs1_k8,28,balanced,1.0,0.056666666666666664,8,60,10,1.0,5120.0,8.533333333333335,0.8142548999749124,0.0,0,0
rcs1_k8,28,robust,0.9,0.043333333333333335,8,52,10,1.0,5120.0,8.533333333333335,5.428442500066012,0.0,0,0
rcs1_k8,29,v1,0.8,0.04,2,22,10,1.0,1280.0,2.1333333333333333,1.7722825999371707,0.0,0,0
rcs1_k8,29,joint,0.9,0.04666666666666667,4,22,10,1.0,2560.0,4.266666666666667,2.134975100052543,5.570810947917927,971,2
rcs1_k8,29,balanced,0.8,0.056666666666666664,8,60,10,1.0,5120.0,8.533333333333335,0.6576924999244511,0.0,0,0
rcs1_k8,29,robust,0.8,0.06,7,51,10,1.0,4480.0,7.466666666666669,6.089167500031181,0.0,0,0
rcs1_k8,30,v1,0.7,0.043333333333333335,8,30,10,0.8333333333333334,5120.0,8.533333333333335,2.5398465000325814,0.0,0,0
rcs1_k8,30,joint,0.7,0.04666666666666667,8,31,10,0.8709677419354839,5120.0,8.533333333333335,2.7173052000580356,0.018590096437693937,444,2
rcs1_k8,30,balanced,1.0,0.056666666666666664,8,60,10,0.9,5120.0,8.533333333333335,0.655447999946773,0.0,0,0
rcs1_k8,30,robust,1.0,0.05,8,55,10,0.9272727272727272,5120.0,8.533333333333335,4.580107900081202,0.0,0,0
rcs1_k8,31,v1,1.0,0.05,8,26,10,1.0,5120.0,8.533333333333335,3.26855160004925,0.0,0,0
rcs1_k8,31,joint,1.0,0.06333333333333334,3,26,10,1.0,1920.0,3.2,3.6601729000685737,0.026666666666666394,1114,2
rcs1_k8,31,balanced,0.9,0.06,8,60,10,1.0,5120.0,8.533333333333335,1.0042220000177622,0.0,0,0
rcs1_k8,31,robust,1.0,0.06,8,59,10,1.0,5120.0,8.533333333333335,6.945653999922797,0.0,0,0
rcs1_k8,32,v1,0.9,0.04,0,12,10,1.0,0.0,0.0,1.0987153999740258,0.0,0,0
rcs1_k8,32,joint,0.9,0.04,0,12,10,1.0,0.0,0.0,1.2550241999560967,0.0,671,0
rcs1_k8,32,balanced,1.0,0.023333333333333334,8,60,10,1.0,5120.0,8.533333333333335,0.797660700045526,0.0,0,0
rcs1_k8,32,robust,1.0,0.04,4,33,10,1.0,2560.0,4.266666666666667,4.294277300010435,0.0,0,0
rcs1_k8,33,v1,0.9,0.07333333333333333,0,10,10,1.0,0.0,0.0,0.9266239999560639,0.0,0,0
rcs1_k8,33,joint,0.9,0.07333333333333333,0,10,10,1.0,0.0,0.0,1.0577528999419883,0.0,571,0
rcs1_k8,33,balanced,1.0,0.06666666666666667,8,60,10,0.9833333333333333,5120.0,8.533333333333335,0.8165613000746816,0.0,0,0
rcs1_k8,33,robust,1.0,0.04666666666666667,7,39,10,1.0,4480.0,7.466666666666669,5.5436637999955565,0.0,0,0
rcs1_k8,34,v1,1.0,0.04,5,20,10,1.0,3200.0,5.333333333333334,1.9278319999575615,0.0,0,0
rcs1_k8,34,joint,0.9,0.04,0,20,10,1.0,0.0,0.0,2.166957499925047,0.024229040748078745,687,1
rcs1_k8,34,balanced,1.0,0.07666666666666666,8,60,10,0.9833333333333333,5120.0,8.533333333333335,0.9285617000423372,0.0,0,0
rcs1_k8,34,robust,0.9,0.07333333333333333,8,42,10,0.9761904761904762,5120.0,8.533333333333335,5.141391400014982,0.0,0,0
rcs1_k8,35,v1,1.0,0.03,0,12,10,1.0,0.0,0.0,1.211286900099367,0.0,0,0
rcs1_k8,35,joint,1.0,0.03,0,12,10,1.0,0.0,0.0,1.380049500032328,0.0,716,0
rcs1_k8,35,balanced,1.0,0.04666666666666667,8,60,10,1.0,5120.0,8.533333333333335,0.6936892999801785,0.0,0,0
rcs1_k8,35,robust,1.0,0.05,8,48,10,1.0,5120.0,8.533333333333335,4.84724599996116,0.0,0,0
rcs1_k8,36,v1,0.9,0.056666666666666664,7,23,10,1.0,4480.0,7.466666666666669,2.577754699974321,0.0,0,0
rcs1_k8,36,joint,0.9,0.04666666666666667,5,24,10,1.0,3200.0,5.333333333333334,2.8747934999410063,0.010666666666667268,975,3
rcs1_k8,36,balanced,1.0,0.04666666666666667,8,60,10,1.0,5120.0,8.533333333333335,0.8867169000441208,0.0,0,0
rcs1_k8,36,robust,1.0,0.05333333333333334,8,47,10,1.0,5120.0,8.533333333333335,5.540727799991146,0.0,0,0
rcs1_k8,37,v1,1.0,0.05333333333333334,6,18,10,0.9444444444444444,3840.0,6.400000000000001,1.7320503999944776,0.0,0,0
rcs1_k8,37,joint,1.0,0.06666666666666667,3,18,10,0.9444444444444444,1920.0,3.2,2.0778614999726415,0.03699618481353539,1001,3
rcs1_k8,37,balanced,1.0,0.06,8,60,10,0.9833333333333333,5120.0,8.533333333333335,0.7828470000531524,0.0,0,0
rcs1_k8,37,robust,1.0,0.06,8,35,10,0.9714285714285714,5120.0,8.533333333333335,3.2833657999290153,0.0,0,0
rcs1_k8,38,v1,1.0,0.05333333333333334,4,20,10,1.0,2560.0,4.266666666666667,1.8867293999064714,0.0,0,0
rcs1_k8,38,joint,0.9,0.06333333333333334,6,20,10,1.0,3840.0,6.400000000000001,2.140217400039546,1.1001414106149925,762,3
rcs1_k8,38,balanced,1.0,0.043333333333333335,8,60,10,1.0,5120.0,8.533333333333335,0.954655799898319,0.0,0,0
rcs1_k8,38,robust,1.0,0.06333333333333334,8,42,10,1.0,5120.0,8.533333333333335,5.01616430003196,0.0,0,0
rcs1_k8,39,v1,0.9,0.04666666666666667,1,20,10,1.0,640.0,1.0666666666666667,2.233231500023976,0.0,0,0
rcs1_k8,39,joint,0.9,0.05333333333333334,0,21,10,1.0,0.0,0.0,2.525127899949439,0.005333333333333634,865,2
rcs1_k8,39,balanced,0.9,0.056666666666666664,8,60,10,1.0,5120.0,8.533333333333335,0.7908695000223815,0.0,0,0
rcs1_k8,39,robust,1.0,0.05,8,43,10,1.0,5120.0,8.533333333333335,5.1045161000220105,0.0,0,0
rcs1_k8,40,v1,0.9,0.07,5,20,10,1.0,3200.0,5.333333333333334,1.7277793999528512,0.0,0,0
rcs1_k8,40,joint,0.9,0.06333333333333334,6,20,10,1.0,3840.0,6.400000000000001,2.0357162001309916,0.8743806690805167,838,2
rcs1_k8,40,balanced,1.0,0.06333333333333334,8,60,10,0.9833333333333333,5120.0,8.533333333333335,0.835867999936454,0.0,0,0
rcs1_k8,40,robust,0.9,0.06,8,37,10,1.0,5120.0,8.533333333333335,4.173555399989709,0.0,0,0
rcs1_k8,41,v1,1.0,0.043333333333333335,6,25,10,1.0,3840.0,6.400000000000001,2.501340200076811,0.0,0,0
rcs1_k8,41,joint,1.0,0.043333333333333335,7,25,10,1.0,4480.0,7.466666666666669,2.761329500004649,0.013600319263385785,756,1
rcs1_k8,41,balanced,1.0,0.056666666666666664,8,60,10,1.0,5120.0,8.533333333333335,0.8323524999432266,0.0,0,0
rcs1_k8,41,robust,1.0,0.06666666666666667,8,42,10,1.0,5120.0,8.533333333333335,4.380277800024487,0.0,0,0
rcs1_k8,42,v1,0.9,0.04,1,16,10,1.0,640.0,1.0666666666666667,1.7112281000008807,0.0,0,0
rcs1_k8,42,joint,0.9,0.03333333333333333,5,16,10,1.0,3200.0,5.333333333333334,1.9441136999521405,0.008511624186389177,735,1
rcs1_k8,42,balanced,1.0,0.02666666666666667,8,60,10,1.0,5120.0,8.533333333333335,0.915076500037685,0.0,0,0
rcs1_k8,42,robust,1.0,0.04,7,49,10,1.0,4480.0,7.466666666666669,6.6190088000148535,0.0,0,0
rcs1_k8,43,v1,0.9,0.05333333333333334,0,13,10,0.8461538461538461,0.0,0.0,1.2871499001048505,0.0,0,0
rcs1_k8,43,joint,0.9,0.05333333333333334,0,13,10,0.8461538461538461,0.0,0.0,1.4488705000840127,0.0,675,0
rcs1_k8,43,balanced,1.0,0.07666666666666666,8,60,10,0.8833333333333333,5120.0,8.533333333333335,0.9686200999421999,0.0,0,0
rcs1_k8,43,robust,0.9,0.03333333333333333,6,40,10,0.85,3840.0,6.400000000000001,6.117964300094172,0.0,0,0
rcs1_k8,44,v1,1.0,0.04,4,28,10,1.0,2560.0,4.266666666666667,2.769551799981855,0.0,0,0
rcs1_k8,44,joint,1.0,0.043333333333333335,7,28,10,1.0,4480.0,7.466666666666669,3.1310012000612915,0.03613952432584444,1024,2
rcs1_k8,44,balanced,1.0,0.03666666666666667,8,60,10,1.0,5120.0,8.533333333333335,0.6887763999402523,0.0,0,0
rcs1_k8,44,robust,1.0,0.03666666666666667,8,51,10,1.0,5120.0,8.533333333333335,5.548925600014627,0.0,0,0
rcs1_k8,45,v1,1.0,0.06,8,21,10,1.0,5120.0,8.533333333333335,2.1614872999489307,0.0,0,0
rcs1_k8,45,joint,1.0,0.06,7,21,10,1.0,4480.0,7.466666666666669,2.422351900022477,0.05899643653537634,732,2
rcs1_k8,45,balanced,1.0,0.05,8,60,10,0.9833333333333333,5120.0,8.533333333333335,0.928112699999474,0.0,0,0
rcs1_k8,45,robust,1.0,0.06333333333333334,8,44,10,0.9772727272727273,5120.0,8.533333333333335,4.9909611999755725,0.0,0,0
rcs1_k8,46,v1,0.8,0.04,4,26,10,1.0,2560.0,4.266666666666667,2.7659786000149325,0.0,0,0
rcs1_k8,46,joint,0.8,0.04,4,26,10,1.0,2560.0,4.266666666666667,2.9474899999331683,0.0,685,0
rcs1_k8,46,balanced,1.0,0.043333333333333335,8,60,10,1.0,5120.0,8.533333333333335,0.8598115999484435,0.0,0,0
rcs1_k8,46,robust,1.0,0.05,8,47,10,1.0,5120.0,8.533333333333335,5.572183500044048,0.0,0,0
rcs1_k8,47,v1,0.9,0.06,2,20,10,1.0,1280.0,2.1333333333333333,1.8296174999559298,0.0,0,0
rcs1_k8,47,joint,0.9,0.06,2,20,10,1.0,1280.0,2.1333333333333333,2.0413700999924913,0.0,715,0
rcs1_k8,47,balanced,1.0,0.06,8,60,10,1.0,5120.0,8.533333333333335,0.91081180004403,0.0,0,0
rcs1_k8,47,robust,1.0,0.03333333333333333,7,41,10,1.0,4480.0,7.466666666666669,5.178138399962336,0.0,0,0
rcs1_k8,48,v1,1.0,0.04666666666666667,0,10,10,1.0,0.0,0.0,0.8479839999927208,0.0,0,0
rcs1_k8,48,joint,1.0,0.04666666666666667,0,10,10,1.0,0.0,0.0,0.9752268999582157,0.0,581,0
rcs1_k8,48,balanced,1.0,0.056666666666666664,8,60,10,0.9166666666666666,5120.0,8.533333333333335,0.7919812999898568,0.0,0,0
rcs1_k8,48,robust,0.9,0.043333333333333335,8,36,10,0.9166666666666666,5120.0,8.533333333333335,3.934819200076163,0.0,0,0
rcs1_k8,49,v1,0.8,0.04666666666666667,2,21,10,0.9523809523809523,1280.0,2.1333333333333333,2.0218069999245927,0.0,0,0
rcs1_k8,49,joint,0.8,0.04666666666666667,1,21,10,0.9523809523809523,640.0,1.0666666666666667,2.2993078000145033,0.0014419056852537082,813,1
rcs1_k8,49,balanced,1.0,0.056666666666666664,8,60,10,0.9166666666666666,5120.0,8.533333333333335,0.8851926000788808,0.0,0,0
rcs1_k8,49,robust,1.0,0.05,8,37,10,0.8648648648648649,5120.0,8.533333333333335,4.336489800014533,0.0,0,0
rcs1_k8,50,v1,1.0,0.03,1,12,10,1.0,640.0,1.0666666666666667,1.0742231999756768,0.0,0,0
rcs1_k8,50,joint,1.0,0.03333333333333333,0,12,10,1.0,0.0,0.0,1.262074799858965,0.005333333333333634,704,1
rcs1_k8,50,balanced,1.0,0.02666666666666667,8,60,10,0.95,5120.0,8.533333333333335,0.7837714001070708,0.0,0,0
rcs1_k8,50,robust,1.0,0.03666666666666667,8,50,10,0.96,5120.0,8.533333333333335,5.503807800007053,0.0,0,0
rcs1_k8,51,v1,0.9,0.03666666666666667,8,37,10,0.972972972972973,5120.0,8.533333333333335,3.610209299949929,0.0,0,0
rcs1_k8,51,joint,0.9,0.04,4,38,10,0.9736842105263158,2560.0,4.266666666666667,4.0756896999664605,0.10004250320554364,1203,6
rcs1_k8,51,balanced,0.9,0.05333333333333334,8,60,10,0.9833333333333333,5120.0,8.533333333333335,0.9726640000008047,0.0,0,0
rcs1_k8,51,robust,0.9,0.05333333333333334,8,57,10,0.9824561403508771,5120.0,8.533333333333335,6.191212199977599,0.0,0,0
rcs1_k8,52,v1,0.8,0.08333333333333333,3,20,10,1.0,1920.0,3.2,2.1155132999410853,0.0,0,0
rcs1_k8,52,joint,0.8,0.08333333333333333,3,20,10,1.0,1920.0,3.2,2.2956104999175295,0.0,716,0
rcs1_k8,52,balanced,0.9,0.08,8,60,10,1.0,5120.0,8.533333333333335,0.8372222000034526,0.0,0,0
rcs1_k8,52,robust,0.9,0.07,8,54,10,1.0,5120.0,8.533333333333335,5.674204999930225,0.0,0,0
rcs1_k8,53,v1,1.0,0.07333333333333333,0,10,10,1.0,0.0,0.0,0.9967522999504581,0.0,0,0
rcs1_k8,53,joint,1.0,0.07333333333333333,0,10,10,1.0,0.0,0.0,1.180540999979712,0.0,611,0
rcs1_k8,53,balanced,1.0,0.043333333333333335,8,60,10,1.0,5120.0,8.533333333333335,0.8824697999516502,0.0,0,0
rcs1_k8,53,robust,1.0,0.04666666666666667,8,30,10,1.0,5120.0,8.533333333333335,3.64627060003113,0.0,0,0
rcs1_k8,54,v1,1.0,0.043333333333333335,0,12,10,1.0,0.0,0.0,1.0485995000926778,0.0,0,0
rcs1_k8,54,joint,1.0,0.043333333333333335,0,12,10,1.0,0.0,0.0,1.2051066999556497,0.0,654,0
rcs1_k8,54,balanced,1.0,0.03666666666666667,8,60,10,1.0,5120.0,8.533333333333335,0.8715300000039861,0.0,0,0
rcs1_k8,54,robust,1.0,0.056666666666666664,5,37,10,1.0,3200.0,5.333333333333334,5.364735699957237,0.0,0,0
rcs1_k8,55,v1,1.0,0.08,3,25,10,1.0,1920.0,3.2,2.950325599987991,0.0,0,0
rcs1_k8,55,joint,1.0,0.08,2,25,10,1.0,1280.0,2.1333333333333333,3.2823623998556286,0.005333333333333634,1040,1
rcs1_k8,55,balanced,1.0,0.07,8,60,10,1.0,5120.0,8.533333333333335,0.9391177999787033,0.0,0,0
rcs1_k8,55,robust,1.0,0.06666666666666667,8,52,10,1.0,5120.0,8.533333333333335,6.351405499968678,0.0,0,0
rcs1_k8,56,v1,1.0,0.03666666666666667,4,20,10,1.0,2560.0,4.266666666666667,2.5051113999215886,0.0,0,0
rcs1_k8,56,joint,1.0,0.03666666666666667,2,20,10,1.0,1280.0,2.1333333333333333,2.8359863999066874,0.009524676215011851,936,1
rcs1_k8,56,balanced,1.0,0.05,8,60,10,1.0,5120.0,8.533333333333335,0.8998146000085399,0.0,0,0
rcs1_k8,56,robust,1.0,0.043333333333333335,8,44,10,1.0,5120.0,8.533333333333335,4.963070400059223,0.0,0,0
rcs1_k8,57,v1,0.7,0.04,5,23,10,1.0,3200.0,5.333333333333334,2.6300062000518665,0.0,0,0
rcs1_k8,57,joint,0.7,0.04,5,23,10,1.0,3200.0,5.333333333333334,2.91756919992622,0.0,957,0
rcs1_k8,57,balanced,0.9,0.05,8,60,10,1.0,5120.0,8.533333333333335,0.8997060999972746,0.0,0,0
rcs1_k8,57,robust,0.9,0.05333333333333334,8,52,10,1.0,5120.0,8.533333333333335,5.4375698999501765,0.0,0,0
rcs1_k8,58,v1,0.9,0.04666666666666667,8,25,10,1.0,5120.0,8.533333333333335,2.165665499982424,0.0,0,0
rcs1_k8,58,joint,1.0,0.04,6,25,10,1.0,3840.0,6.400000000000001,2.538920299964957,0.7362909314427699,951,4
rcs1_k8,58,balanced,1.0,0.056666666666666664,8,60,10,1.0,5120.0,8.533333333333335,0.9320626000408083,0.0,0,0
rcs1_k8,58,robust,1.0,0.05,8,38,10,1.0,5120.0,8.533333333333335,4.163530399906449,0.0,0,0
rcs1_k8,59,v1,1.0,0.043333333333333335,0,11,10,1.0,0.0,0.0,0.9968336001038551,0.0,0,0
rcs1_k8,59,joint,1.0,0.043333333333333335,0,11,10,1.0,0.0,0.0,1.1389736001146957,0.0,624,0
rcs1_k8,59,balanced,1.0,0.06,8,60,10,1.0,5120.0,8.533333333333335,0.8675520000979304,0.0,0,0
rcs1_k8,59,robust,1.0,0.05,8,43,10,1.0,5120.0,8.533333333333335,4.78014340007212,0.0,0,0
rcs1_k8,60,v1,0.9,0.04,5,18,10,1.0,3200.0,5.333333333333334,2.3659430999541655,0.0,0,0
rcs1_k8,60,joint,0.9,0.05,1,20,10,1.0,640.0,1.0666666666666667,2.713037500041537,0.02133333333333276,1097,3
rcs1_k8,60,balanced,1.0,0.06,8,60,10,1.0,5120.0,8.533333333333335,0.8999484999803826,0.0,0,0
rcs1_k8,60,robust,1.0,0.03666666666666667,8,47,10,1.0,5120.0,8.533333333333335,4.951851099962369,0.0,0,0
rcs1_k8,61,v1,0.9,0.043333333333333335,4,22,10,1.0,2560.0,4.266666666666667,2.293946100049652,0.0,0,0
rcs1_k8,61,joint,0.9,0.04,3,23,10,1.0,1920.0,3.2,2.624358900007792,0.004230248487216315,930,2
rcs1_k8,61,balanced,1.0,0.04,8,60,10,0.9166666666666666,5120.0,8.533333333333335,0.752792099956423,0.0,0,0
rcs1_k8,61,robust,1.0,0.03,8,48,10,0.8958333333333334,5120.0,8.533333333333335,4.940211800043471,0.0,0,0
rcs1_k8,62,v1,0.7,0.04666666666666667,1,15,10,1.0,640.0,1.0666666666666667,1.4230246999068186,0.0,0,0
rcs1_k8,62,joint,0.7,0.043333333333333335,0,16,10,1.0,0.0,0.0,1.6796109998831525,0.005333333333333634,816,2
rcs1_k8,62,balanced,0.9,0.056666666666666664,8,60,10,1.0,5120.0,8.533333333333335,0.8112447999883443,0.0,0,0
rcs1_k8,62,robust,1.0,0.05333333333333334,3,36,10,1.0,1920.0,3.2,4.501766199944541,0.0,0,0
rcs1_k8,63,v1,0.8,0.04,8,34,10,1.0,5120.0,8.533333333333335,3.638492599944584,0.0,0,0
rcs1_k8,63,joint,0.8,0.03666666666666667,6,35,10,1.0,3840.0,6.400000000000001,3.9158390999073163,0.024255488354040566,809,4
rcs1_k8,63,balanced,0.7,0.03,8,60,10,1.0,5120.0,8.533333333333335,0.8442931000608951,0.0,0,0
rcs1_k8,63,robust,0.7,0.04666666666666667,8,41,10,1.0,5120.0,8.533333333333335,4.484718499938026,0.0,0,0
rcs1_k8,64,v1,0.9,0.06333333333333334,2,19,10,1.0,1280.0,2.1333333333333333,1.9319390999153256,0.0,0,0
rcs1_k8,64,joint,0.9,0.06333333333333334,2,19,10,1.0,1280.0,2.1333333333333333,2.166519499849528,0.0,765,0
rcs1_k8,64,balanced,1.0,0.06666666666666667,8,60,10,1.0,5120.0,8.533333333333335,0.9094650000333786,0.0,0,0
rcs1_k8,64,robust,1.0,0.03666666666666667,8,39,10,1.0,5120.0,8.533333333333335,4.501225900021382,0.0,0,0
rcs1_k8,65,v1,0.9,0.05333333333333334,1,12,10,1.0,640.0,1.0666666666666667,1.028583800070919,0.0,0,0
rcs1_k8,65,joint,0.9,0.05333333333333334,1,12,10,1.0,640.0,1.0666666666666667,1.1784906999673694,0.0,635,0
rcs1_k8,65,balanced,1.0,0.04,8,60,10,1.0,5120.0,8.533333333333335,0.7670896000927314,0.0,0,0
rcs1_k8,65,robust,1.0,0.04,8,34,10,1.0,5120.0,8.533333333333335,4.080356799997389,0.0,0,0
rcs1_k8,66,v1,1.0,0.05,2,16,10,1.0,1280.0,2.1333333333333333,1.4597365000518039,0.0,0,0
rcs1_k8,66,joint,1.0,0.05,2,16,10,1.0,1280.0,2.1333333333333333,1.6279504998819903,0.0,676,0
rcs1_k8,66,balanced,1.0,0.05,8,60,10,1.0,5120.0,8.533333333333335,0.8291839000303298,0.0,0,0
rcs1_k8,66,robust,1.0,0.04,8,41,10,1.0,5120.0,8.533333333333335,4.4135908000171185,0.0,0,0
rcs1_k8,67,v1,0.9,0.04666666666666667,3,18,10,0.9444444444444444,1920.0,3.2,1.6948943000752479,0.0,0,0
rcs1_k8,67,joint,0.9,0.03333333333333333,0,13,10,0.9230769230769231,0.0,0.0,2.0270835000555962,0.06979845489807701,1040,2
rcs1_k8,67,balanced,1.0,0.04666666666666667,8,60,10,0.9166666666666666,5120.0,8.533333333333335,0.7126865999307483,0.0,0,0
rcs1_k8,67,robust,0.9,0.05,8,42,10,0.8571428571428571,5120.0,8.533333333333335,4.500012499978766,0.0,0,0
rcs1_k8,68,v1,0.9,0.06,1,20,10,1.0,640.0,1.0666666666666667,1.9088237999239936,0.0,0,0
rcs1_k8,68,joint,0.9,0.06,1,20,10,1.0,640.0,1.0666666666666667,2.1362864999100566,0.0,751,0
rcs1_k8,68,balanced,1.0,0.03666666666666667,8,60,10,1.0,5120.0,8.533333333333335,0.8984468000708148,0.0,0,0
rcs1_k8,68,robust,1.0,0.056666666666666664,5,35,10,1.0,3200.0,5.333333333333334,4.250171099905856,0.0,0,0
rcs1_k8,69,v1,1.0,0.04,8,33,10,0.9393939393939394,5120.0,8.533333333333335,3.23526220000349,0.0,0,0
rcs1_k8,69,joint,1.0,0.03,4,29,10,1.0,2560.0,4.266666666666667,3.6612866000505164,1.2126926656167267,1087,3
rcs1_k8,69,balanced,1.0,0.04,8,60,10,0.9833333333333333,5120.0,8.533333333333335,0.8417312999954447,0.0,0,0
rcs1_k8,69,robust,1.0,0.03666666666666667,8,52,10,1.0,5120.0,8.533333333333335,6.586908800061792,0.0,0,0
rcs1_k8,70,v1,0.8,0.04,4,18,10,1.0,2560.0,4.266666666666667,2.062165300012566,0.0,0,0
rcs1_k8,70,joint,0.8,0.04,4,18,10,1.0,2560.0,4.266666666666667,2.261741599999368,0.0,728,0
rcs1_k8,70,balanced,1.0,0.06,8,60,10,0.9833333333333333,5120.0,8.533333333333335,0.9666879000142217,0.0,0,0
rcs1_k8,70,robust,1.0,0.08,8,40,10,1.0,5120.0,8.533333333333335,4.837605800013989,0.0,0,0
rcs1_k8,71,v1,1.0,0.05,4,17,10,1.0,2560.0,4.266666666666667,2.4099626999814063,0.0,0,0
rcs1_k8,71,joint,1.0,0.05,1,17,10,1.0,640.0,1.0666666666666667,2.681798000005074,0.015228968269691556,814,1
rcs1_k8,71,balanced,1.0,0.07,8,60,10,1.0,5120.0,8.533333333333335,1.1774983999785036,0.0,0,0
rcs1_k8,71,robust,1.0,0.07333333333333333,8,45,10,1.0,5120.0,8.533333333333335,5.782535000005737,0.0,0,0
rcs1_k8,72,v1,0.9,0.06666666666666667,8,28,10,0.8214285714285714,5120.0,8.533333333333335,2.820473999949172,0.0,0,0
rcs1_k8,72,joint,0.9,0.06666666666666667,8,28,10,0.8214285714285714,5120.0,8.533333333333335,2.9715861999429762,0.0,457,0
rcs1_k8,72,balanced,1.0,0.04666666666666667,8,60,10,0.8833333333333333,5120.0,8.533333333333335,0.8409155999543145,0.0,0,0
rcs1_k8,72,robust,1.0,0.043333333333333335,8,51,10,0.8823529411764706,5120.0,8.533333333333335,5.641836900031194,0.0,0,0
rcs1_k8,73,v1,0.8,0.043333333333333335,5,15,10,1.0,3200.0,5.333333333333334,1.32171449996531,0.0,0,0
rcs1_k8,73,joint,0.8,0.04,2,15,10,1.0,1280.0,2.1333333333333333,1.566180899972096,0.11546308513899906,732,2
rcs1_k8,73,balanced,0.9,0.04666666666666667,8,60,10,0.9833333333333333,5120.0,8.533333333333335,0.9193205999908969,0.0,0,0
rcs1_k8,73,robust,0.8,0.03,7,33,10,1.0,4480.0,7.466666666666669,4.076415800023824,0.0,0,0
rcs1_k8,74,v1,0.9,0.04,4,25,10,1.0,2560.0,4.266666666666667,3.420697700115852,0.0,0,0
rcs1_k8,74,joint,0.9,0.04,4,26,10,1.0,2560.0,4.266666666666667,3.775860300171189,0.016527255017359188,1073,4
rcs1_k8,74,balanced,1.0,0.05333333333333334,8,60,10,1.0,5120.0,8.533333333333335,0.9854870000854135,0.0,0,0
rcs1_k8,74,robust,1.0,0.03,8,52,10,1.0,5120.0,8.533333333333335,5.941582200000994,0.0,0,0
rcs1_k8,75,v1,0.7,0.04666666666666667,8,29,10,0.9310344827586207,5120.0,8.533333333333335,2.602800099994056,0.0,0,0
rcs1_k8,75,joint,0.7,0.05,7,29,10,0.9310344827586207,4480.0,7.466666666666669,2.8233662000857294,0.015878647797108236,588,4
rcs1_k8,75,balanced,0.9,0.05,8,60,10,0.9666666666666667,5120.0,8.533333333333335,0.6727320000063628,0.0,0,0
rcs1_k8,75,robust,0.9,0.06333333333333334,8,48,10,0.9375,5120.0,8.533333333333335,4.864768499974161,0.0,0,0
rcs1_k8,76,v1,0.9,0.043333333333333335,1,16,10,1.0,640.0,1.0666666666666667,1.5999060000758618,0.0,0,0
rcs1_k8,76,joint,0.9,0.043333333333333335,0,16,10,1.0,0.0,0.0,1.7812254999298602,0.005333333333333634,671,1
rcs1_k8,76,balanced,1.0,0.043333333333333335,8,60,10,0.9833333333333333,5120.0,8.533333333333335,0.8675448000431061,0.0,0,0
rcs1_k8,76,robust,1.0,0.04,8,43,10,1.0,5120.0,8.533333333333335,5.193478800007142,0.0,0,0
rcs1_k8,77,v1,0.7,0.04666666666666667,8,31,10,1.0,5120.0,8.533333333333335,3.0619578999467194,0.0,0,0
rcs1_k8,77,joint,0.8,0.05,7,31,10,1.0,4480.0,7.466666666666669,3.3379964000778273,0.015222900452666721,795,4
rcs1_k8,77,balanced,0.8,0.043333333333333335,8,60,10,1.0,5120.0,8.533333333333335,0.7456792999291793,0.0,0,0
rcs1_k8,77,robust,0.7,0.06,8,46,10,1.0,5120.0,8.533333333333335,5.002002699999139,0.0,0,0
rcs1_k8,78,v1,1.0,0.05,1,15,10,1.0,640.0,1.0666666666666667,1.509498499915935,0.0,0,0
rcs1_k8,78,joint,1.0,0.05,1,15,10,1.0,640.0,1.0666666666666667,1.7209860999137163,0.0,814,0
rcs1_k8,78,balanced,1.0,0.05,8,60,10,1.0,5120.0,8.533333333333335,0.8474162999773398,0.0,0,0
rcs1_k8,78,robust,1.0,0.06,8,48,10,1.0,5120.0,8.533333333333335,5.308706299983896,0.0,0,0
rcs1_k8,79,v1,0.9,0.06333333333333334,2,15,10,1.0,1280.0,2.1333333333333333,1.311779599986039,0.0,0,0
rcs1_k8,79,joint,0.9,0.06333333333333334,2,15,10,1.0,1280.0,2.1333333333333333,1.4506466999882832,0.0,601,0
rcs1_k8,79,balanced,1.0,0.08666666666666667,8,60,10,1.0,5120.0,8.533333333333335,0.8360674000578001,0.0,0,0
rcs1_k8,79,robust,1.0,0.09666666666666666,6,34,10,1.0,3840.0,6.400000000000001,4.472226699930616,0.0,0,0
rcs1_k8,80,v1,0.8,0.07333333333333333,8,20,10,0.95,5120.0,8.533333333333335,1.4214509000303224,0.0,0,0
rcs1_k8,80,joint,0.8,0.07333333333333333,7,20,10,0.95,4480.0,7.466666666666669,1.6382142999209464,0.0009552430062012007,669,1
rcs1_k8,80,balanced,1.0,0.056666666666666664,8,60,10,0.95,5120.0,8.533333333333335,0.6727906999876723,0.0,0,0
rcs1_k8,80,robust,0.9,0.05,8,34,10,0.9411764705882353,5120.0,8.533333333333335,3.202207800000906,0.0,0,0
rcs1_k8,81,v1,1.0,0.04,8,23,10,1.0,5120.0,8.533333333333335,1.6542229999322444,0.0,0,0
rcs1_k8,81,joint,1.0,0.03666666666666667,0,15,10,1.0,0.0,0.0,1.937423099996522,4.127276986207071,957,5
rcs1_k8,81,balanced,0.8,0.04,8,60,10,1.0,5120.0,8.533333333333335,0.5285336000379175,0.0,0,0
rcs1_k8,81,robust,0.8,0.03333333333333333,8,44,10,1.0,5120.0,8.533333333333335,3.5343748000450432,0.0,0,0
rcs1_k8,82,v1,1.0,0.05333333333333334,7,33,10,0.9393939393939394,4480.0,7.466666666666669,4.008299400098622,0.0,0,0
rcs1_k8,82,joint,1.0,0.05333333333333334,8,33,10,0.9393939393939394,5120.0,8.533333333333335,4.309753100038506,0.03611613142743764,868,4
rcs1_k8,82,balanced,1.0,0.06333333333333334,8,60,10,0.9833333333333333,5120.0,8.533333333333335,0.7206024000188336,0.0,0,0
rcs1_k8,82,robust,1.0,0.07,8,51,10,0.9803921568627451,5120.0,8.533333333333335,5.2292524999938905,0.0,0,0
rcs1_k8,83,v1,0.8,0.043333333333333335,6,34,10,0.8823529411764706,3840.0,6.400000000000001,3.251829000073485,0.0,0,0
rcs1_k8,83,joint,0.9,0.04,2,32,10,0.875,1280.0,2.1333333333333333,3.6922367999795824,0.01495602289727227,1150,3
rcs1_k8,83,balanced,0.9,0.04666666666666667,8,60,10,0.9333333333333333,5120.0,8.533333333333335,0.49743210000451654,0.0,0,0
rcs1_k8,83,robust,0.8,0.04666666666666667,8,55,10,0.9272727272727272,5120.0,8.533333333333335,4.27173080004286,0.0,0,0
rcs1_k8,84,v1,1.0,0.05,1,12,10,1.0,640.0,1.0666666666666667,0.9948222999228165,0.0,0,0
rcs1_k8,84,joint,0.9,0.04666666666666667,0,12,10,1.0,0.0,0.0,1.2197805000469089,0.005333333333333634,870,1
rcs1_k8,84,balanced,1.0,0.06333333333333334,8,60,10,0.9833333333333333,5120.0,8.533333333333335,0.7797265999251977,0.0,0,0
rcs1_k8,84,robust,0.9,0.056666666666666664,8,44,10,0.9772727272727273,5120.0,8.533333333333335,3.9841766000026837,0.0,0,0
rcs1_k8,85,v1,0.9,0.06333333333333334,4,18,10,1.0,2560.0,4.266666666666667,2.0119363999692723,0.0,0,0
rcs1_k8,85,joint,1.0,0.07,6,18,10,1.0,3840.0,6.400000000000001,2.3039110000245273,4.376250866200466,943,3
rcs1_k8,85,balanced,0.9,0.06,8,60,10,1.0,5120.0,8.533333333333335,0.7968595999991521,0.0,0,0
rcs1_k8,85,robust,0.9,0.05,8,41,10,1.0,5120.0,8.533333333333335,4.017210100078955,0.0,0,0
rcs1_k8,86,v1,1.0,0.03,7,23,10,1.0,4480.0,7.466666666666669,2.063954500015825,0.0,0,0
rcs1_k8,86,joint,1.0,0.04,7,23,10,1.0,4480.0,7.466666666666669,2.353987699956633,0.3583790445842743,845,5
rcs1_k8,86,balanced,1.0,0.05333333333333334,8,60,10,1.0,5120.0,8.533333333333335,0.6208922000369057,0.0,0,0
rcs1_k8,86,robust,1.0,0.02666666666666667,8,50,10,1.0,5120.0,8.533333333333335,4.488002299913205,0.0,0,0
rcs1_k8,87,v1,1.0,0.05333333333333334,0,16,10,1.0,0.0,0.0,1.68570000003092,0.0,0,0
rcs1_k8,87,joint,1.0,0.05333333333333334,0,16,10,1.0,0.0,0.0,1.893909199978225,0.0,789,0
rcs1_k8,87,balanced,1.0,0.056666666666666664,8,60,10,0.9833333333333333,5120.0,8.533333333333335,0.8711465999949723,0.0,0,0
rcs1_k8,87,robust,1.0,0.05333333333333334,6,37,10,0.972972972972973,3840.0,6.400000000000001,5.096640800009482,0.0,0,0
rcs1_k8,88,v1,0.9,0.05,8,21,10,1.0,5120.0,8.533333333333335,1.7513552999589592,0.0,0,0
rcs1_k8,88,joint,0.9,0.05333333333333334,7,21,10,1.0,4480.0,7.466666666666669,1.9491683999076486,0.005333333333333634,633,1
rcs1_k8,88,balanced,0.9,0.05333333333333334,8,60,10,1.0,5120.0,8.533333333333335,0.8374231000198051,0.0,0,0
rcs1_k8,88,robust,0.9,0.05333333333333334,8,44,10,1.0,5120.0,8.533333333333335,4.4022255999734625,0.0,0,0
rcs1_k8,89,v1,0.9,0.04666666666666667,1,17,10,1.0,640.0,1.0666666666666667,2.763296899967827,0.0,0,0
rcs1_k8,89,joint,0.9,0.04666666666666667,1,17,10,1.0,640.0,1.0666666666666667,2.9951265000272542,0.0,848,0
rcs1_k8,89,balanced,1.0,0.02666666666666667,8,60,10,1.0,5120.0,8.533333333333335,0.9534252999583259,0.0,0,0
rcs1_k8,89,robust,1.0,0.04666666666666667,8,56,10,1.0,5120.0,8.533333333333335,6.531378100044094,0.0,0,0
rcs1_k8,90,v1,1.0,0.07333333333333333,5,22,10,1.0,3200.0,5.333333333333334,2.497739200014621,0.0,0,0
rcs1_k8,90,joint,1.0,0.07333333333333333,4,22,10,1.0,2560.0,4.266666666666667,2.7449549000011757,0.000734063790988948,755,1
rcs1_k8,90,balanced,1.0,0.07333333333333333,8,60,10,0.95,5120.0,8.533333333333335,0.999496900010854,0.0,0,0
rcs1_k8,90,robust,0.9,0.07666666666666666,7,34,10,0.9705882352941176,4480.0,7.466666666666669,5.044805600075051,0.0,0,0
rcs1_k8,91,v1,0.8,0.05333333333333334,8,27,10,1.0,5120.0,8.533333333333335,2.5103137000696734,0.0,0,0
rcs1_k8,91,joint,0.8,0.05333333333333334,5,27,10,1.0,3200.0,5.333333333333334,2.838132400182076,0.179825603180932,951,5
rcs1_k8,91,balanced,0.8,0.04,8,60,10,0.9666666666666667,5120.0,8.533333333333335,0.7866489998996258,0.0,0,0
rcs1_k8,91,robust,0.8,0.03666666666666667,8,47,10,1.0,5120.0,8.533333333333335,4.755895900074393,0.0,0,0
rcs1_k8,92,v1,0.8,0.06666666666666667,5,17,10,1.0,3200.0,5.333333333333334,2.0807622999418527,0.0,0,0
rcs1_k8,92,joint,0.8,0.06,5,17,10,1.0,3200.0,5.333333333333334,2.3209757999284193,0.34266734088758355,790,2
rcs1_k8,92,balanced,1.0,0.06333333333333334,8,60,10,1.0,5120.0,8.533333333333335,1.0059671000344679,0.0,0,0
rcs1_k8,92,robust,1.0,0.07333333333333333,8,51,10,1.0,5120.0,8.533333333333335,5.859720099950209,0.0,0,0
rcs1_k8,93,v1,1.0,0.05333333333333334,8,19,10,0.9473684210526315,5120.0,8.533333333333335,2.2777078000362962,0.0,0,0
rcs1_k8,93,joint,1.0,0.05,4,19,10,0.8947368421052632,2560.0,4.266666666666667,2.6282885000109673,0.048295297345270605,1039,3
rcs1_k8,93,balanced,1.0,0.04666666666666667,8,60,10,0.9333333333333333,5120.0,8.533333333333335,0.9019701000070199,0.0,0,0
rcs1_k8,93,robust,1.0,0.05,8,45,10,0.9111111111111111,5120.0,8.533333333333335,4.837810299941339,0.0,0,0
rcs1_k8,94,v1,0.9,0.07,7,19,10,1.0,4480.0,7.466666666666669,1.9126386999851093,0.0,0,0
rcs1_k8,94,joint,0.9,0.07,3,19,10,1.0,1920.0,3.2,2.180236099869944,0.022763372472167198,901,3
rcs1_k8,94,balanced,0.9,0.05,8,60,10,1.0,5120.0,8.533333333333335,0.8726315000094473,0.0,0,0
rcs1_k8,94,robust,0.9,0.04,8,49,10,1.0,5120.0,8.533333333333335,5.48959220002871,0.0,0,0
rcs1_k8,95,v1,1.0,0.03666666666666667,1,21,10,1.0,640.0,1.0666666666666667,2.013892099959776,0.0,0,0
rcs1_k8,95,joint,1.0,0.03666666666666667,0,21,10,1.0,0.0,0.0,2.2879656999139115,0.004289438346393837,825,1
rcs1_k8,95,balanced,1.0,0.05,8,60,10,0.9833333333333333,5120.0,8.533333333333335,0.5851919000269845,0.0,0,0
rcs1_k8,95,robust,1.0,0.043333333333333335,8,51,10,0.9803921568627451,5120.0,8.533333333333335,5.057261600042693,0.0,0,0
rcs1_k8,96,v1,1.0,0.05,6,18,10,1.0,3840.0,6.400000000000001,1.8752114999806508,0.0,0,0
rcs1_k8,96,joint,1.0,0.04666666666666667,6,18,10,1.0,3840.0,6.400000000000001,2.113819499965757,0.05256680834206495,757,1
rcs1_k8,96,balanced,0.9,0.056666666666666664,8,60,10,1.0,5120.0,8.533333333333335,0.9101716999430209,0.0,0,0
rcs1_k8,96,robust,1.0,0.05333333333333334,8,34,10,1.0,5120.0,8.533333333333335,3.9405729999998584,0.0,0,0
rcs1_k8,97,v1,0.9,0.06,1,12,10,1.0,640.0,1.0666666666666667,1.2626101000932977,0.0,0,0
rcs1_k8,97,joint,0.9,0.056666666666666664,0,12,10,1.0,0.0,0.0,1.4626504998886958,0.005333333333333634,742,1
rcs1_k8,97,balanced,1.0,0.06333333333333334,8,60,10,0.9833333333333333,5120.0,8.533333333333335,0.9409550999989733,0.0,0,0
rcs1_k8,97,robust,0.9,0.056666666666666664,8,37,10,0.972972972972973,5120.0,8.533333333333335,4.401699500042014,0.0,0,0
rcs1_k8,98,v1,0.7,0.03666666666666667,0,10,10,1.0,0.0,0.0,0.9714679999742657,0.0,0,0
rcs1_k8,98,joint,0.7,0.03666666666666667,0,10,10,1.0,0.0,0.0,1.113991599995643,0.0,615,0
rcs1_k8,98,balanced,1.0,0.043333333333333335,8,60,10,1.0,5120.0,8.533333333333335,0.8965018999297172,0.0,0,0
rcs1_k8,98,robust,1.0,0.05,8,40,10,1.0,5120.0,8.533333333333335,5.340408700052649,0.0,0,0
rcs1_k8,99,v1,1.0,0.056666666666666664,0,12,10,1.0,0.0,0.0,1.5647672000341117,0.0,0,0
rcs1_k8,99,joint,1.0,0.056666666666666664,0,12,10,1.0,0.0,0.0,1.7294033999787644,0.0,671,0
rcs1_k8,99,balanced,1.0,0.05,8,60,10,1.0,5120.0,8.533333333333335,1.0250088999746367,0.0,0,0
rcs1_k8,99,robust,1.0,0.06666666666666667,8,33,10,1.0,5120.0,8.533333333333335,3.997527400031686,0.0,0,0
rcs5_k0,0,v1,1.0,0.06,0,10,10,1.0,0.0,0.0,0.5439283999148756,0.0,0,0
rcs5_k0,0,joint,1.0,0.06,0,10,10,1.0,0.0,0.0,0.6212106000166386,0.0,270,0
rcs5_k0,0,balanced,1.0,0.05333333333333334,0,60,10,1.0,0.0,0.0,0.6954090999206528,0.0,0,0
rcs5_k0,0,robust,1.0,0.05,0,14,10,1.0,0.0,0.0,0.989210500032641,0.0,0,0
rcs5_k0,1,v1,1.0,0.02666666666666667,0,10,10,1.0,0.0,0.0,0.5181830000365153,0.0,0,0
rcs5_k0,1,joint,1.0,0.02666666666666667,0,10,10,1.0,0.0,0.0,0.6055355999851599,0.0,275,0
rcs5_k0,1,balanced,1.0,0.023333333333333334,0,60,10,0.9833333333333333,0.0,0.0,0.6185020999982953,0.0,0,0
rcs5_k0,1,robust,1.0,0.02666666666666667,0,21,10,1.0,0.0,0.0,1.5488010999979451,0.0,0,0
rcs5_k0,2,v1,1.0,0.06,0,10,10,1.0,0.0,0.0,0.6474797000410035,0.0,0,0
rcs5_k0,2,joint,1.0,0.06,0,10,10,1.0,0.0,0.0,0.7313552999403328,0.0,284,0
rcs5_k0,2,balanced,1.0,0.06,0,60,10,0.95,0.0,0.0,0.857512200018391,0.0,0,0
rcs5_k0,2,robust,1.0,0.06333333333333334,0,13,10,1.0,0.0,0.0,0.9104280000319704,0.0,0,0
rcs5_k0,3,v1,1.0,0.05,0,12,10,1.0,0.0,0.0,0.7286209999583662,0.0,0,0
rcs5_k0,3,joint,1.0,0.05,0,12,10,1.0,0.0,0.0,0.8178777999710292,0.0,307,0
rcs5_k0,3,balanced,1.0,0.05333333333333334,0,60,10,0.9833333333333333,0.0,0.0,0.7379379000049084,0.0,0,0
rcs5_k0,3,robust,1.0,0.05333333333333334,0,21,10,1.0,0.0,0.0,1.5548355000792071,0.0,0,0
rcs5_k0,4,v1,1.0,0.03,0,17,10,1.0,0.0,0.0,1.1172696000430733,0.0,0,0
rcs5_k0,4,joint,1.0,0.03333333333333333,0,13,10,1.0,0.0,0.0,1.2325645999517292,3.536098104186186,320,2
rcs5_k0,4,balanced,1.0,0.05333333333333334,0,60,10,1.0,0.0,0.0,0.7385292000835761,0.0,0,0
rcs5_k0,4,robust,1.0,0.03333333333333333,0,29,10,1.0,0.0,0.0,2.1403164999792352,0.0,0,0
rcs5_k0,5,v1,1.0,0.06,0,10,10,1.0,0.0,0.0,0.6275132999289781,0.0,0,0
rcs5_k0,5,joint,1.0,0.06,0,10,10,1.0,0.0,0.0,0.7026319998549297,0.0,271,0
rcs5_k0,5,balanced,1.0,0.02666666666666667,0,60,10,0.9833333333333333,0.0,0.0,0.7524858000688255,0.0,0,0
rcs5_k0,5,robust,1.0,0.04666666666666667,0,29,10,1.0,0.0,0.0,2.316270799958147,0.0,0,0
rcs5_k0,6,v1,0.9,0.04666666666666667,0,10,10,0.9,0.0,0.0,0.569529699976556,0.0,0,0
rcs5_k0,6,joint,0.9,0.04666666666666667,0,10,10,0.9,0.0,0.0,0.6531178000150248,0.0,289,0
rcs5_k0,6,balanced,1.0,0.07,0,60,10,0.9666666666666667,0.0,0.0,0.6645900999428704,0.0,0,0
rcs5_k0,6,robust,1.0,0.07,0,27,10,0.9259259259259259,0.0,0.0,1.7947238000342622,0.0,0,0
rcs5_k0,7,v1,0.9,0.06,0,10,10,0.9,0.0,0.0,0.6605987000511959,0.0,0,0
rcs5_k0,7,joint,0.9,0.06,0,10,10,0.9,0.0,0.0,0.740611799992621,0.0,288,0
rcs5_k0,7,balanced,0.9,0.03,0,60,10,0.8833333333333333,0.0,0.0,0.7896070000715554,0.0,0,0
rcs5_k0,7,robust,0.9,0.03333333333333333,0,20,10,0.9,0.0,0.0,1.4225740999681875,0.0,0,0
rcs5_k0,8,v1,1.0,0.043333333333333335,0,20,10,1.0,0.0,0.0,1.212144499993883,0.0,0,0
rcs5_k0,8,joint,1.0,0.043333333333333335,0,20,10,1.0,0.0,0.0,1.3153841000748798,0.0,333,0
rcs5_k0,8,balanced,1.0,0.05,0,60,10,1.0,0.0,0.0,0.6434150999411941,0.0,0,0
rcs5_k0,8,robust,1.0,0.043333333333333335,0,33,10,1.0,0.0,0.0,2.119799399981275,0.0,0,0
rcs5_k0,9,v1,1.0,0.03,0,10,10,1.0,0.0,0.0,0.5613471999531612,0.0,0,0
rcs5_k0,9,joint,1.0,0.03,0,10,10,1.0,0.0,0.0,0.6358343999600038,0.0,262,0
rcs5_k0,9,balanced,1.0,0.03666666666666667,0,60,10,1.0,0.0,0.0,0.7054764999775216,0.0,0,0
rcs5_k0,9,robust,1.0,0.05,0,24,10,1.0,0.0,0.0,1.9021671999944374,0.0,0,0
rcs5_k0,10,v1,1.0,0.043333333333333335,0,10,10,1.0,0.0,0.0,0.6853132999967784,0.0,0,0
rcs5_k0,10,joint,1.0,0.043333333333333335,0,10,10,1.0,0.0,0.0,0.7643283000215888,0.0,277,0
rcs5_k0,10,balanced,1.0,0.04,0,60,10,1.0,0.0,0.0,0.945278299972415,0.0,0,0
rcs5_k0,10,robust,1.0,0.04666666666666667,0,11,10,1.0,0.0,0.0,0.9740220999810845,0.0,0,0
rcs5_k0,11,v1,0.9,0.07333333333333333,0,10,10,1.0,0.0,0.0,0.7203423000173643,0.0,0,0
rcs5_k0,11,joint,0.9,0.07333333333333333,0,10,10,1.0,0.0,0.0,0.8006813999963924,0.0,277,0
rcs5_k0,11,balanced,1.0,0.06666666666666667,0,60,10,1.0,0.0,0.0,0.9596696000080556,0.0,0,0
rcs5_k0,11,robust,1.0,0.06,0,17,10,1.0,0.0,0.0,1.3525153000373393,0.0,0,0
rcs5_k0,12,v1,0.9,0.05,0,10,10,0.9,0.0,0.0,0.727474799961783,0.0,0,0
rcs5_k0,12,joint,0.9,0.05,0,10,10,0.9,0.0,0.0,0.8079226999543607,0.0,277,0
rcs5_k0,12,balanced,0.9,0.04666666666666667,0,60,10,0.9,0.0,0.0,1.0655129000078887,0.0,0,0
rcs5_k0,12,robust,0.9,0.03666666666666667,0,14,10,0.9285714285714286,0.0,0.0,1.4711467999732122,0.0,0,0
rcs5_k0,13,v1,1.0,0.056666666666666664,0,11,10,1.0,0.0,0.0,0.6902310999576002,0.0,0,0
rcs5_k0,13,joint,1.0,0.056666666666666664,0,11,10,1.0,0.0,0.0,0.7708771000616252,0.0,291,0
rcs5_k0,13,balanced,1.0,0.043333333333333335,0,60,10,1.0,0.0,0.0,0.7253834999864921,0.0,0,0
rcs5_k0,13,robust,1.0,0.04666666666666667,0,28,10,1.0,0.0,0.0,1.9393879999406636,0.0,0,0
rcs5_k0,14,v1,1.0,0.05,0,15,10,1.0,0.0,0.0,0.9458945000078529,0.0,0,0
rcs5_k0,14,joint,1.0,0.05,0,15,10,1.0,0.0,0.0,1.0412827999098226,0.0,295,0
rcs5_k0,14,balanced,1.0,0.05,0,60,10,1.0,0.0,0.0,0.838610399980098,0.0,0,0
rcs5_k0,14,robust,1.0,0.043333333333333335,0,25,10,1.0,0.0,0.0,1.9706396999536082,0.0,0,0
rcs5_k0,15,v1,1.0,0.03666666666666667,0,10,10,1.0,0.0,0.0,0.7766856999369338,0.0,0,0
rcs5_k0,15,joint,1.0,0.03666666666666667,0,10,10,1.0,0.0,0.0,0.8579343999736011,0.0,272,0
rcs5_k0,15,balanced,1.0,0.06,0,60,10,1.0,0.0,0.0,1.0330414000200108,0.0,0,0
rcs5_k0,15,robust,1.0,0.03666666666666667,0,13,10,1.0,0.0,0.0,1.4772157999686897,0.0,0,0
rcs5_k0,16,v1,1.0,0.06333333333333334,0,10,10,1.0,0.0,0.0,0.6697914999676868,0.0,0,0
rcs5_k0,16,joint,1.0,0.06333333333333334,0,10,10,1.0,0.0,0.0,0.7509736999636516,0.0,281,0
rcs5_k0,16,balanced,1.0,0.04666666666666667,0,60,10,0.9333333333333333,0.0,0.0,0.9010946000926197,0.0,0,0
rcs5_k0,16,robust,1.0,0.07666666666666666,0,14,10,0.8571428571428571,0.0,0.0,1.012917699990794,0.0,0,0
rcs5_k0,17,v1,1.0,0.06333333333333334,0,10,10,1.0,0.0,0.0,0.7098576000425965,0.0,0,0
rcs5_k0,17,joint,1.0,0.06333333333333334,0,10,10,1.0,0.0,0.0,0.7914822000311688,0.0,282,0
rcs5_k0,17,balanced,1.0,0.04,0,60,10,1.0,0.0,0.0,0.8885863999603316,0.0,0,0
rcs5_k0,17,robust,1.0,0.05,0,24,10,1.0,0.0,0.0,1.819809200009331,0.0,0,0
rcs5_k0,18,v1,1.0,0.06333333333333334,0,18,10,1.0,0.0,0.0,1.1199325000634417,0.0,0,0
rcs5_k0,18,joint,1.0,0.06666666666666667,0,13,10,1.0,0.0,0.0,1.2355867000296712,0.2778769711379878,318,1
rcs5_k0,18,balanced,1.0,0.04,0,60,10,0.95,0.0,0.0,0.7466751999454573,0.0,0,0
rcs5_k0,18,robust,0.9,0.043333333333333335,0,34,10,0.9705882352941176,0.0,0.0,2.4164984000381082,0.0,0,0
rcs5_k0,19,v1,1.0,0.03,0,10,10,1.0,0.0,0.0,0.6710307000903413,0.0,0,0
rcs5_k0,19,joint,1.0,0.03,0,10,10,1.0,0.0,0.0,0.7522487000096589,0.0,287,0
rcs5_k0,19,balanced,1.0,0.06,0,60,10,1.0,0.0,0.0,0.8952053000684828,0.0,0,0
rcs5_k0,19,robust,1.0,0.04666666666666667,0,16,10,1.0,0.0,0.0,1.3187724999152124,0.0,0,0
rcs5_k0,20,v1,1.0,0.06,0,10,10,1.0,0.0,0.0,0.6484893000451848,0.0,0,0
rcs5_k0,20,joint,1.0,0.06,0,10,10,1.0,0.0,0.0,0.7298889000667259,0.0,270,0
rcs5_k0,20,balanced,1.0,0.04666666666666667,0,60,10,1.0,0.0,0.0,0.8691371999448165,0.0,0,0
rcs5_k0,20,robust,1.0,0.02,0,10,10,1.0,0.0,0.0,0.6725080000469461,0.0,0,0
rcs5_k0,21,v1,1.0,0.06,0,10,10,1.0,0.0,0.0,0.6661281000124291,0.0,0,0
rcs5_k0,21,joint,1.0,0.06,0,10,10,1.0,0.0,0.0,0.7453665999928489,0.0,270,0
rcs5_k0,21,balanced,1.0,0.06666666666666667,0,60,10,1.0,0.0,0.0,0.9396976999705657,0.0,0,0
rcs5_k0,21,robust,1.0,0.043333333333333335,0,13,10,1.0,0.0,0.0,1.0220958000281826,0.0,0,0
rcs5_k0,22,v1,1.0,0.05,0,10,10,1.0,0.0,0.0,0.6493497000774369,0.0,0,0
rcs5_k0,22,joint,1.0,0.05,0,10,10,1.0,0.0,0.0,0.7305923999520019,0.0,275,0
rcs5_k0,22,balanced,1.0,0.06,0,60,10,1.0,0.0,0.0,0.888186400057748,0.0,0,0
rcs5_k0,22,robust,1.0,0.06333333333333334,0,12,10,1.0,0.0,0.0,0.8386561999795958,0.0,0,0
rcs5_k0,23,v1,0.9,0.043333333333333335,0,10,10,1.0,0.0,0.0,0.7045244999462739,0.0,0,0
rcs5_k0,23,joint,0.9,0.043333333333333335,0,10,10,1.0,0.0,0.0,0.7828246999997646,0.0,268,0
rcs5_k0,23,balanced,1.0,0.05333333333333334,0,60,10,1.0,0.0,0.0,0.9791086000623181,0.0,0,0
rcs5_k0,23,robust,1.0,0.05333333333333334,0,14,10,1.0,0.0,0.0,1.3515117999631912,0.0,0,0
rcs5_k0,24,v1,0.9,0.04666666666666667,0,10,10,1.0,0.0,0.0,0.6109639999922365,0.0,0,0
rcs5_k0,24,joint,0.9,0.04666666666666667,0,10,10,1.0,0.0,0.0,0.6925526999402791,0.0,284,0
rcs5_k0,24,balanced,1.0,0.06,0,60,10,1.0,0.0,0.0,0.7787207000656053,0.0,0,0
rcs5_k0,24,robust,1.0,0.03666666666666667,0,24,10,1.0,0.0,0.0,1.427687200019136,0.0,0,0
rcs5_k0,25,v1,1.0,0.05333333333333334,0,16,10,1.0,0.0,0.0,1.2000355999916792,0.0,0,0
rcs5_k0,25,joint,1.0,0.05333333333333334,0,16,10,1.0,0.0,0.0,1.2910151000833139,0.0,314,0
rcs5_k0,25,balanced,1.0,0.03666666666666667,0,60,10,0.9833333333333333,0.0,0.0,0.6506616999395192,0.0,0,0
rcs5_k0,25,robust,1.0,0.043333333333333335,0,32,10,0.9375,0.0,0.0,2.260430600028485,0.0,0,0
rcs5_k0,26,v1,1.0,0.05333333333333334,0,15,10,1.0,0.0,0.0,0.8971695000072941,0.0,0,0
rcs5_k0,26,joint,1.0,0.05333333333333334,0,15,10,1.0,0.0,0.0,0.9872696000384167,0.0,294,0
rcs5_k0,26,balanced,1.0,0.03333333333333333,0,60,10,1.0,0.0,0.0,0.7648056000471115,0.0,0,0
rcs5_k0,26,robust,1.0,0.04666666666666667,0,27,10,1.0,0.0,0.0,1.8654867999721318,0.0,0,0
rcs5_k0,27,v1,1.0,0.043333333333333335,0,10,10,1.0,0.0,0.0,0.555089799920097,0.0,0,0
rcs5_k0,27,joint,1.0,0.043333333333333335,0,10,10,1.0,0.0,0.0,0.6294218000257388,0.0,275,0
rcs5_k0,27,balanced,1.0,0.03666666666666667,0,60,10,1.0,0.0,0.0,0.6856489999918267,0.0,0,0
rcs5_k0,27,robust,1.0,0.03666666666666667,0,18,10,1.0,0.0,0.0,1.497489899978973,0.0,0,0
rcs5_k0,28,v1,1.0,0.043333333333333335,0,10,10,1.0,0.0,0.0,0.6722152000293136,0.0,0,0
rcs5_k0,28,joint,1.0,0.043333333333333335,0,10,10,1.0,0.0,0.0,0.7547484999522567,0.0,275,0
rcs5_k0,28,balanced,1.0,0.06,0,60,10,1.0,0.0,0.0,0.7969903000630438,0.0,0,0
rcs5_k0,28,robust,1.0,0.06333333333333334,0,23,10,1.0,0.0,0.0,2.0223187999799848,0.0,0,0
rcs5_k0,29,v1,1.0,0.023333333333333334,0,15,10,1.0,0.0,0.0,0.7273668000707403,0.0,0,0
rcs5_k0,29,joint,1.0,0.03,0,10,10,1.0,0.0,0.0,0.8373148000100628,1.183436565796307,284,1
rcs5_k0,29,balanced,1.0,0.056666666666666664,0,60,10,1.0,0.0,0.0,0.6385768000036478,0.0,0,0
rcs5_k0,29,robust,1.0,0.04,0,22,10,1.0,0.0,0.0,1.4396598000312224,0.0,0,0
rcs5_k0,30,v1,0.8,0.043333333333333335,0,14,10,0.9285714285714286,0.0,0.0,1.0008854999905452,0.0,0,0
rcs5_k0,30,joint,0.8,0.043333333333333335,0,14,10,0.9285714285714286,0.0,0.0,1.0915452998597175,0.0,299,0
rcs5_k0,30,balanced,1.0,0.043333333333333335,0,60,10,0.8833333333333333,0.0,0.0,0.6595197999849916,0.0,0,0
rcs5_k0,30,robust,0.9,0.04,0,34,10,0.8529411764705882,0.0,0.0,2.3794148000888526,0.0,0,0
rcs5_k0,31,v1,1.0,0.03666666666666667,0,10,10,1.0,0.0,0.0,0.7433913999702781,0.0,0,0
rcs5_k0,31,joint,1.0,0.03666666666666667,0,10,10,1.0,0.0,0.0,0.8250356998760253,0.0,285,0
rcs5_k0,31,balanced,1.0,0.06333333333333334,0,60,10,1.0,0.0,0.0,0.9488497000420466,0.0,0,0
rcs5_k0,31,robust,1.0,0.05333333333333334,0,27,10,1.0,0.0,0.0,2.5082424000138417,0.0,0,0
rcs5_k0,32,v1,1.0,0.03666666666666667,0,10,10,1.0,0.0,0.0,0.6099543999880552,0.0,0,0
rcs5_k0,32,joint,1.0,0.03666666666666667,0,10,10,1.0,0.0,0.0,0.6903395999688655,0.0,270,0
rcs5_k0,32,balanced,1.0,0.03,0,60,10,1.0,0.0,0.0,0.801008699927479,0.0,0,0
rcs5_k0,32,robust,1.0,0.02666666666666667,0,13,10,1.0,0.0,0.0,0.9101530000334606,0.0,0,0
rcs5_k0,33,v1,1.0,0.07,0,10,10,1.0,0.0,0.0,0.618157499935478,0.0,0,0
rcs5_k0,33,joint,1.0,0.07,0,10,10,1.0,0.0,0.0,0.6942006999161094,0.0,277,0
rcs5_k0,33,balanced,1.0,0.06333333333333334,0,60,10,0.9833333333333333,0.0,0.0,0.800214400049299,0.0,0,0
rcs5_k0,33,robust,1.0,0.05,0,12,10,1.0,0.0,0.0,0.9355579999973997,0.0,0,0
rcs5_k0,34,v1,0.9,0.043333333333333335,0,10,10,0.9,0.0,0.0,0.7178595999721438,0.0,0,0
rcs5_k0,34,joint,0.9,0.043333333333333335,0,10,10,0.9,0.0,0.0,0.794596700114198,0.0,270,0
rcs5_k0,34,balanced,1.0,0.07666666666666666,0,60,10,0.9833333333333333,0.0,0.0,0.906425999943167,0.0,0,0
rcs5_k0,34,robust,1.0,0.07,0,19,10,1.0,0.0,0.0,1.369540399988182,0.0,0,0
rcs5_k0,35,v1,1.0,0.02666666666666667,0,10,10,1.0,0.0,0.0,0.5497602999676019,0.0,0,0
rcs5_k0,35,joint,1.0,0.02666666666666667,0,10,10,1.0,0.0,0.0,0.6266633000923321,0.0,273,0
rcs5_k0,35,balanced,1.0,0.05,0,60,10,1.0,0.0,0.0,0.6823142999783158,0.0,0,0
rcs5_k0,35,robust,1.0,0.03666666666666667,0,12,10,1.0,0.0,0.0,0.9657078000018373,0.0,0,0
rcs5_k0,36,v1,1.0,0.05,0,11,10,1.0,0.0,0.0,0.711706200032495,0.0,0,0
rcs5_k0,36,joint,1.0,0.05,0,11,10,1.0,0.0,0.0,0.7997506000101566,0.0,286,0
rcs5_k0,36,balanced,1.0,0.05,0,60,10,1.0,0.0,0.0,0.8614834999898449,0.0,0,0
rcs5_k0,36,robust,1.0,0.05,0,26,10,1.0,0.0,0.0,2.394656900083646,0.0,0,0
rcs5_k0,37,v1,1.0,0.07333333333333333,0,11,10,1.0,0.0,0.0,0.6594394999556243,0.0,0,0
rcs5_k0,37,joint,1.0,0.07333333333333333,0,11,10,1.0,0.0,0.0,0.7451359000988305,0.0,285,0
rcs5_k0,37,balanced,1.0,0.08333333333333333,0,60,10,0.9833333333333333,0.0,0.0,0.7684674999909475,0.0,0,0
rcs5_k0,37,robust,1.0,0.07333333333333333,0,18,10,0.9444444444444444,0.0,0.0,1.3120503999525681,0.0,0,0
rcs5_k0,38,v1,1.0,0.04666666666666667,0,12,10,1.0,0.0,0.0,0.8310372999403626,0.0,0,0
rcs5_k0,38,joint,1.0,0.04666666666666667,0,12,10,1.0,0.0,0.0,0.9187183999456465,0.0,297,0
rcs5_k0,38,balanced,1.0,0.05,0,60,10,1.0,0.0,0.0,0.9782239999622107,0.0,0,0
rcs5_k0,38,robust,1.0,0.043333333333333335,0,20,10,1.0,0.0,0.0,1.3646634999895468,0.0,0,0
rcs5_k0,39,v1,0.9,0.043333333333333335,0,10,10,1.0,0.0,0.0,0.5977888000197709,0.0,0,0
rcs5_k0,39,joint,0.9,0.043333333333333335,0,10,10,1.0,0.0,0.0,0.6721101000439376,0.0,268,0
rcs5_k0,39,balanced,1.0,0.056666666666666664,0,60,10,1.0,0.0,0.0,0.807040199986659,0.0,0,0
rcs5_k0,39,robust,1.0,0.05,0,17,10,1.0,0.0,0.0,1.4680304999928921,0.0,0,0
rcs5_k0,40,v1,1.0,0.06666666666666667,0,11,10,1.0,0.0,0.0,0.8373291000025347,0.0,0,0
rcs5_k0,40,joint,1.0,0.06666666666666667,0,11,10,1.0,0.0,0.0,0.9177105000708252,0.0,278,0
rcs5_k0,40,balanced,1.0,0.06333333333333334,0,60,10,0.9833333333333333,0.0,0.0,0.8112201999174431,0.0,0,0
rcs5_k0,40,robust,1.0,0.05,0,20,10,1.0,0.0,0.0,1.3005171000258997,0.0,0,0
rcs5_k0,41,v1,1.0,0.03,0,10,10,1.0,0.0,0.0,0.644864600035362,0.0,0,0
rcs5_k0,41,joint,1.0,0.03,0,10,10,1.0,0.0,0.0,0.7235987999010831,0.0,266,0
rcs5_k0,41,balanced,1.0,0.04666666666666667,0,60,10,1.0,0.0,0.0,0.8259940000716597,0.0,0,0
rcs5_k0,41,robust,1.0,0.043333333333333335,0,24,10,1.0,0.0,0.0,1.83888830000069,0.0,0,0
rcs5_k0,42,v1,0.9,0.04666666666666667,0,10,10,1.0,0.0,0.0,0.6631591999903321,0.0,0,0
rcs5_k0,42,joint,0.9,0.04666666666666667,0,10,10,1.0,0.0,0.0,0.7404201000463217,0.0,264,0
rcs5_k0,42,balanced,1.0,0.043333333333333335,0,60,10,1.0,0.0,0.0,0.8938250000355765,0.0,0,0
rcs5_k0,42,robust,1.0,0.04,0,16,10,1.0,0.0,0.0,1.4946451999712735,0.0,0,0
rcs5_k0,43,v1,0.9,0.05333333333333334,0,10,10,0.9,0.0,0.0,0.6973942000186071,0.0,0,0
rcs5_k0,43,joint,0.9,0.05333333333333334,0,10,10,0.9,0.0,0.0,0.7765653999522328,0.0,272,0
rcs5_k0,43,balanced,1.0,0.05333333333333334,0,60,10,0.9,0.0,0.0,0.9670225000008941,0.0,0,0
rcs5_k0,43,robust,0.9,0.05333333333333334,0,13,10,0.8461538461538461,0.0,0.0,1.100062599987723,0.0,0,0
rcs5_k0,44,v1,1.0,0.043333333333333335,0,10,10,1.0,0.0,0.0,0.7176559999352321,0.0,0,0
rcs5_k0,44,joint,1.0,0.043333333333333335,0,10,10,1.0,0.0,0.0,0.7922207000665367,0.0,264,0
rcs5_k0,44,balanced,1.0,0.03,0,60,10,1.0,0.0,0.0,0.694269199972041,0.0,0,0
rcs5_k0,44,robust,1.0,0.05,0,29,10,1.0,0.0,0.0,2.3770948000019416,0.0,0,0
rcs5_k0,45,v1,1.0,0.06333333333333334,0,12,10,1.0,0.0,0.0,0.9302142000524327,0.0,0,0
rcs5_k0,45,joint,1.0,0.06333333333333334,0,12,10,1.0,0.0,0.0,1.0183559000724927,0.0,289,0
rcs5_k0,45,balanced,1.0,0.06333333333333334,0,60,10,0.9833333333333333,0.0,0.0,0.9383405999979004,0.0,0,0
rcs5_k0,45,robust,1.0,0.07,0,21,10,1.0,0.0,0.0,1.700804999913089,0.0,0,0
rcs5_k0,46,v1,1.0,0.05333333333333334,0,11,10,1.0,0.0,0.0,0.710211299941875,0.0,0,0
rcs5_k0,46,joint,1.0,0.05333333333333334,0,11,10,1.0,0.0,0.0,0.795006399974227,0.0,279,0
rcs5_k0,46,balanced,1.0,0.04,0,60,10,1.0,0.0,0.0,0.8824207000434399,0.0,0,0
rcs5_k0,46,robust,1.0,0.03333333333333333,0,29,10,1.0,0.0,0.0,2.4235574000049382,0.0,0,0
rcs5_k0,47,v1,1.0,0.06333333333333334,0,10,10,1.0,0.0,0.0,0.6497996000107378,0.0,0,0
rcs5_k0,47,joint,1.0,0.06333333333333334,0,10,10,1.0,0.0,0.0,0.7501411000266671,0.0,262,0
rcs5_k0,47,balanced,1.0,0.04666666666666667,0,60,10,1.0,0.0,0.0,0.9234563000500202,0.0,0,0
rcs5_k0,47,robust,1.0,0.06333333333333334,0,20,10,1.0,0.0,0.0,1.5563837999943644,0.0,0,0
rcs5_k0,48,v1,1.0,0.043333333333333335,0,10,10,1.0,0.0,0.0,0.6203848000150174,0.0,0,0
rcs5_k0,48,joint,1.0,0.043333333333333335,0,10,10,1.0,0.0,0.0,0.6991697000339627,0.0,266,0
rcs5_k0,48,balanced,1.0,0.03666666666666667,0,60,10,0.9333333333333333,0.0,0.0,0.8480524000478908,0.0,0,0
rcs5_k0,48,robust,1.0,0.03333333333333333,0,10,10,1.0,0.0,0.0,0.7965945999603719,0.0,0,0
rcs5_k0,49,v1,0.9,0.043333333333333335,0,11,10,0.9090909090909091,0.0,0.0,0.8074298000428826,0.0,0,0
rcs5_k0,49,joint,0.9,0.043333333333333335,0,11,10,0.9090909090909091,0.0,0.0,0.8964447001926601,0.0,276,0
rcs5_k0,49,balanced,1.0,0.05333333333333334,0,60,10,0.9333333333333333,0.0,0.0,0.975964599987492,0.0,0,0
rcs5_k0,49,robust,0.9,0.043333333333333335,0,21,10,0.9523809523809523,0.0,0.0,1.5481183000374585,0.0,0,0
rcs5_k0,50,v1,1.0,0.03666666666666667,0,10,10,1.0,0.0,0.0,0.6409708999563009,0.0,0,0
rcs5_k0,50,joint,1.0,0.03666666666666667,0,10,10,1.0,0.0,0.0,0.7255206999834627,0.0,270,0
rcs5_k0,50,balanced,1.0,0.03,0,60,10,0.9666666666666667,0.0,0.0,0.840001399978064,0.0,0,0
rcs5_k0,50,robust,1.0,0.04666666666666667,0,13,10,1.0,0.0,0.0,1.1646839999593794,0.0,0,0
rcs5_k0,51,v1,1.0,0.04666666666666667,0,16,10,1.0,0.0,0.0,1.4044283999828622,0.0,0,0
rcs5_k0,51,joint,1.0,0.04666666666666667,0,16,10,1.0,0.0,0.0,1.4981849000323564,0.0,306,0
rcs5_k0,51,balanced,1.0,0.043333333333333335,0,60,10,0.9833333333333333,0.0,0.0,0.9105241999495775,0.0,0,0
rcs5_k0,51,robust,1.0,0.06666666666666667,0,40,10,0.975,0.0,0.0,3.937396200024523,0.0,0,0
rcs5_k0,52,v1,0.9,0.02,0,10,10,1.0,0.0,0.0,0.7087951001012698,0.0,0,0
rcs5_k0,52,joint,0.9,0.02,0,10,10,1.0,0.0,0.0,0.8040561001980677,0.0,277,0
rcs5_k0,52,balanced,0.9,0.08666666666666667,0,60,10,1.0,0.0,0.0,0.8815908998949453,0.0,0,0
rcs5_k0,52,robust,0.9,0.07666666666666666,0,20,10,1.0,0.0,0.0,1.839196200016886,0.0,0,0
rcs5_k0,53,v1,1.0,0.08,0,10,10,1.0,0.0,0.0,0.6766129999887198,0.0,0,0
rcs5_k0,53,joint,1.0,0.08,0,10,10,1.0,0.0,0.0,0.7620699999388307,0.0,270,0
rcs5_k0,53,balanced,1.0,0.06333333333333334,0,60,10,1.0,0.0,0.0,0.9398580000270158,0.0,0,0
rcs5_k0,53,robust,1.0,0.04666666666666667,0,11,10,1.0,0.0,0.0,0.8068008000263944,0.0,0,0
rcs5_k0,54,v1,1.0,0.05,0,10,10,1.0,0.0,0.0,0.656936899991706,0.0,0,0
rcs5_k0,54,joint,1.0,0.05,0,10,10,1.0,0.0,0.0,0.742698899935931,0.0,270,0
rcs5_k0,54,balanced,1.0,0.04,0,60,10,1.0,0.0,0.0,0.8856755000306293,0.0,0,0
rcs5_k0,54,robust,1.0,0.03666666666666667,0,11,10,1.0,0.0,0.0,0.8229523999616504,0.0,0,0
rcs5_k0,55,v1,1.0,0.07,0,10,10,1.0,0.0,0.0,0.8231780999340117,0.0,0,0
rcs5_k0,55,joint,1.0,0.07,0,10,10,1.0,0.0,0.0,0.9101266000652686,0.0,286,0
rcs5_k0,55,balanced,1.0,0.05333333333333334,0,60,10,0.9833333333333333,0.0,0.0,1.0055475999834016,0.0,0,0
rcs5_k0,55,robust,1.0,0.06,0,23,10,1.0,0.0,0.0,2.200619600014761,0.0,0,0
rcs5_k0,56,v1,1.0,0.04,0,11,10,1.0,0.0,0.0,0.831077600014396,0.0,0,0
rcs5_k0,56,joint,1.0,0.04,0,11,10,1.0,0.0,0.0,0.9146253999788314,0.0,281,0
rcs5_k0,56,balanced,1.0,0.05,0,60,10,1.0,0.0,0.0,0.9624601999530569,0.0,0,0
rcs5_k0,56,robust,1.0,0.03,0,19,10,1.0,0.0,0.0,1.8868989000329748,0.0,0,0
rcs5_k0,57,v1,1.0,0.06,0,18,10,1.0,0.0,0.0,1.4032983999932185,0.0,0,0
rcs5_k0,57,joint,1.0,0.06,0,18,10,1.0,0.0,0.0,1.5130041000666097,0.0,316,0
rcs5_k0,57,balanced,1.0,0.06333333333333334,0,60,10,1.0,0.0,0.0,1.0157469999976456,0.0,0,0
rcs5_k0,57,robust,1.0,0.043333333333333335,0,24,10,1.0,0.0,0.0,2.0688815999310464,0.0,0,0
rcs5_k0,58,v1,1.0,0.03666666666666667,0,16,10,1.0,0.0,0.0,1.1496036000316963,0.0,0,0
rcs5_k0,58,joint,1.0,0.03666666666666667,0,16,10,1.0,0.0,0.0,1.2454718999797478,0.0,313,0
rcs5_k0,58,balanced,1.0,0.04,0,60,10,1.0,0.0,0.0,1.0222091999603435,0.0,0,0
rcs5_k0,58,robust,1.0,0.04666666666666667,0,24,10,1.0,0.0,0.0,1.7168856000062078,0.0,0,0
rcs5_k0,59,v1,1.0,0.05333333333333334,0,10,10,1.0,0.0,0.0,0.7338906000368297,0.0,0,0
rcs5_k0,59,joint,1.0,0.05333333333333334,0,10,10,1.0,0.0,0.0,0.8171573000727221,0.0,274,0
rcs5_k0,59,balanced,1.0,0.056666666666666664,0,60,10,1.0,0.0,0.0,0.9348586000269279,0.0,0,0
rcs5_k0,59,robust,1.0,0.04,0,11,10,1.0,0.0,0.0,0.8960136999376118,0.0,0,0
rcs5_k0,60,v1,1.0,0.06,0,10,10,1.0,0.0,0.0,0.7511450999882072,0.0,0,0
rcs5_k0,60,joint,1.0,0.06,0,10,10,1.0,0.0,0.0,0.8366561001166701,0.0,287,0
rcs5_k0,60,balanced,1.0,0.06333333333333334,0,60,10,1.0,0.0,0.0,1.0216518000233918,0.0,0,0
rcs5_k0,60,robust,1.0,0.03333333333333333,0,23,10,1.0,0.0,0.0,2.3102892000460997,0.0,0,0
rcs5_k0,61,v1,1.0,0.04,0,13,10,1.0,0.0,0.0,0.8722723999526352,0.0,0,0
rcs5_k0,61,joint,1.0,0.04,0,13,10,1.0,0.0,0.0,0.967543099890463,0.0,281,0
rcs5_k0,61,balanced,1.0,0.04,0,60,10,0.9166666666666666,0.0,0.0,0.8453807000769302,0.0,0,0
rcs5_k0,61,robust,1.0,0.043333333333333335,0,23,10,1.0,0.0,0.0,1.5971979999449104,0.0,0,0
rcs5_k0,62,v1,1.0,0.04,0,10,10,1.0,0.0,0.0,0.6752616000594571,0.0,0,0
rcs5_k0,62,joint,1.0,0.04,0,10,10,1.0,0.0,0.0,0.7615880001103505,0.0,281,0
rcs5_k0,62,balanced,1.0,0.06666666666666667,0,60,10,1.0,0.0,0.0,0.8572908999631181,0.0,0,0
rcs5_k0,62,robust,1.0,0.04,0,13,10,1.0,0.0,0.0,1.0727422999916598,0.0,0,0
rcs5_k0,63,v1,1.0,0.04666666666666667,0,18,10,1.0,0.0,0.0,1.4518467999296263,0.0,0,0
rcs5_k0,63,joint,1.0,0.04666666666666667,0,18,10,1.0,0.0,0.0,1.5496535998536274,0.0,299,0
rcs5_k0,63,balanced,1.0,0.03666666666666667,0,60,10,1.0,0.0,0.0,0.8355496000731364,0.0,0,0
rcs5_k0,63,robust,1.0,0.04,0,36,10,1.0,0.0,0.0,3.1625416999449953,0.0,0,0
rcs5_k0,64,v1,1.0,0.06666666666666667,0,10,10,1.0,0.0,0.0,0.712970900000073,0.0,0,0
rcs5_k0,64,joint,1.0,0.06666666666666667,0,10,10,1.0,0.0,0.0,0.8081722999922931,0.0,274,0
rcs5_k0,64,balanced,1.0,0.056666666666666664,0,60,10,1.0,0.0,0.0,0.9477823000634089,0.0,0,0
rcs5_k0,64,robust,1.0,0.07333333333333333,0,17,10,1.0,0.0,0.0,1.42332639999222,0.0,0,0
rcs5_k0,65,v1,0.9,0.07333333333333333,0,10,10,1.0,0.0,0.0,0.6544290999881923,0.0,0,0
rcs5_k0,65,joint,0.9,0.07333333333333333,0,10,10,1.0,0.0,0.0,0.7418197999941185,0.0,274,0
rcs5_k0,65,balanced,1.0,0.02666666666666667,0,60,10,1.0,0.0,0.0,0.8039214999880642,0.0,0,0
rcs5_k0,65,robust,1.0,0.043333333333333335,0,12,10,1.0,0.0,0.0,0.891074699931778,0.0,0,0
rcs5_k0,66,v1,1.0,0.043333333333333335,0,10,10,1.0,0.0,0.0,0.7112326000351459,0.0,0,0
rcs5_k0,66,joint,1.0,0.043333333333333335,0,10,10,1.0,0.0,0.0,0.7957681000698358,0.0,279,0
rcs5_k0,66,balanced,1.0,0.06333333333333334,0,60,10,1.0,0.0,0.0,0.8456153000006452,0.0,0,0
rcs5_k0,66,robust,1.0,0.04666666666666667,0,16,10,1.0,0.0,0.0,1.3835860999533907,0.0,0,0
rcs5_k0,67,v1,0.9,0.04666666666666667,0,10,10,0.9,0.0,0.0,0.589163800003007,0.0,0,0
rcs5_k0,67,joint,0.9,0.04666666666666667,0,10,10,0.9,0.0,0.0,0.6718733999878168,0.0,285,0
rcs5_k0,67,balanced,0.9,0.043333333333333335,0,60,10,0.9,0.0,0.0,0.7394543000264093,0.0,0,0
rcs5_k0,67,robust,0.9,0.05333333333333334,0,19,10,0.9473684210526315,0.0,0.0,1.501079099951312,0.0,0,0
rcs5_k0,68,v1,1.0,0.06,0,10,10,1.0,0.0,0.0,0.7172584000509232,0.0,0,0
rcs5_k0,68,joint,1.0,0.06,0,10,10,1.0,0.0,0.0,0.8018727001035586,0.0,264,0
rcs5_k0,68,balanced,1.0,0.06333333333333334,0,60,10,1.0,0.0,0.0,0.8342543999897316,0.0,0,0
rcs5_k0,68,robust,1.0,0.056666666666666664,0,18,10,1.0,0.0,0.0,1.4440847999649122,0.0,0,0
rcs5_k0,69,v1,1.0,0.056666666666666664,0,14,10,1.0,0.0,0.0,0.9810868999920785,0.0,0,0
rcs5_k0,69,joint,1.0,0.056666666666666664,0,14,10,1.0,0.0,0.0,1.077427500160411,0.0,299,0
rcs5_k0,69,balanced,1.0,0.043333333333333335,0,60,10,1.0,0.0,0.0,0.8411854999139905,0.0,0,0
rcs5_k0,69,robust,1.0,0.05333333333333334,0,33,10,1.0,0.0,0.0,2.8662035000743344,0.0,0,0
rcs5_k0,70,v1,1.0,0.043333333333333335,0,11,10,1.0,0.0,0.0,0.8256811000173911,0.0,0,0
rcs5_k0,70,joint,1.0,0.043333333333333335,0,11,10,1.0,0.0,0.0,0.9122783000348136,0.0,283,0
rcs5_k0,70,balanced,1.0,0.056666666666666664,0,60,10,0.9833333333333333,0.0,0.0,0.9685640999814495,0.0,0,0
rcs5_k0,70,robust,1.0,0.043333333333333335,0,18,10,1.0,0.0,0.0,1.425373199977912,0.0,0,0
rcs5_k0,71,v1,1.0,0.06,0,10,10,1.0,0.0,0.0,0.8475236999802291,0.0,0,0
rcs5_k0,71,joint,1.0,0.06,0,10,10,1.0,0.0,0.0,0.9300726000219584,0.0,266,0
rcs5_k0,71,balanced,1.0,0.07666666666666666,0,60,10,1.0,0.0,0.0,1.2309929000912234,0.0,0,0
rcs5_k0,71,robust,1.0,0.05333333333333334,0,17,10,1.0,0.0,0.0,1.9827401000075042,0.0,0,0
rcs5_k0,72,v1,1.0,0.06,0,12,10,0.9166666666666666,0.0,0.0,0.751330400002189,0.0,0,0
rcs5_k0,72,joint,1.0,0.06,0,12,10,0.9166666666666666,0.0,0.0,0.837645799969323,0.0,296,0
rcs5_k0,72,balanced,1.0,0.06333333333333334,0,60,10,0.9,0.0,0.0,0.872430199990049,0.0,0,0
rcs5_k0,72,robust,1.0,0.043333333333333335,0,32,10,0.8125,0.0,0.0,2.5015400999691337,0.0,0,0
rcs5_k0,73,v1,1.0,0.06666666666666667,0,11,10,1.0,0.0,0.0,0.706899999990128,0.0,0,0
rcs5_k0,73,joint,1.0,0.06666666666666667,0,11,10,1.0,0.0,0.0,0.7902041999623179,0.0,281,0
rcs5_k0,73,balanced,1.0,0.05,0,60,10,0.9833333333333333,0.0,0.0,0.9410408000694588,0.0,0,0
rcs5_k0,73,robust,1.0,0.03333333333333333,0,15,10,1.0,0.0,0.0,1.0345294999424368,0.0,0,0
rcs5_k0,74,v1,1.0,0.04666666666666667,0,12,10,1.0,0.0,0.0,0.8852851000847295,0.0,0,0
rcs5_k0,74,joint,1.0,0.04666666666666667,0,12,10,1.0,0.0,0.0,0.9672971999971196,0.0,289,0
rcs5_k0,74,balanced,1.0,0.04,0,60,10,1.0,0.0,0.0,1.0309619000181556,0.0,0,0
rcs5_k0,74,robust,1.0,0.03333333333333333,0,27,10,1.0,0.0,0.0,3.012217400013469,0.0,0,0
rcs5_k0,75,v1,0.9,0.043333333333333335,0,10,10,1.0,0.0,0.0,0.5823520999401808,0.0,0,0
rcs5_k0,75,joint,0.9,0.043333333333333335,0,10,10,1.0,0.0,0.0,0.6616761998739094,0.0,275,0
rcs5_k0,75,balanced,1.0,0.04666666666666667,0,60,10,0.9666666666666667,0.0,0.0,0.687506299931556,0.0,0,0
rcs5_k0,75,robust,1.0,0.03,0,28,10,0.9285714285714286,0.0,0.0,1.9725879000034183,0.0,0,0
rcs5_k0,76,v1,1.0,0.056666666666666664,0,10,10,1.0,0.0,0.0,0.6321935000596568,0.0,0,0
rcs5_k0,76,joint,1.0,0.056666666666666664,0,10,10,1.0,0.0,0.0,0.7139726000605151,0.0,284,0
rcs5_k0,76,balanced,1.0,0.04666666666666667,0,60,10,0.9833333333333333,0.0,0.0,0.8836432000389323,0.0,0,0
rcs5_k0,76,robust,0.9,0.05,0,16,10,0.9375,0.0,0.0,1.5827717001084238,0.0,0,0
rcs5_k0,77,v1,1.0,0.05333333333333334,0,10,10,1.0,0.0,0.0,0.5825355999404564,0.0,0,0
rcs5_k0,77,joint,1.0,0.05333333333333334,0,10,10,1.0,0.0,0.0,0.6641817999770865,0.0,280,0
rcs5_k0,77,balanced,1.0,0.043333333333333335,0,60,10,1.0,0.0,0.0,0.7514079000102356,0.0,0,0
rcs5_k0,77,robust,1.0,0.04,0,30,10,1.0,0.0,0.0,2.671061299974099,0.0,0,0
rcs5_k0,78,v1,1.0,0.056666666666666664,0,10,10,1.0,0.0,0.0,0.6377740000607446,0.0,0,0
rcs5_k0,78,joint,1.0,0.056666666666666664,0,10,10,1.0,0.0,0.0,0.7234607998980209,0.0,286,0
rcs5_k0,78,balanced,1.0,0.05,0,60,10,1.0,0.0,0.0,0.8961191000416875,0.0,0,0
rcs5_k0,78,robust,1.0,0.03666666666666667,0,16,10,1.0,0.0,0.0,1.3747168999398127,0.0,0,0
rcs5_k0,79,v1,1.0,0.07333333333333333,0,10,10,1.0,0.0,0.0,0.6493090000003576,0.0,0,0
rcs5_k0,79,joint,1.0,0.07333333333333333,0,10,10,1.0,0.0,0.0,0.7292861001333222,0.0,281,0
rcs5_k0,79,balanced,1.0,0.08666666666666667,0,60,10,1.0,0.0,0.0,0.8745446999091655,0.0,0,0
rcs5_k0,79,robust,1.0,0.06,0,15,10,1.0,0.0,0.0,1.1147938000503927,0.0,0,0
rcs5_k0,80,v1,0.8,0.08,0,13,10,0.9230769230769231,0.0,0.0,0.8031902000075206,0.0,0,0
rcs5_k0,80,joint,0.8,0.08,0,13,10,0.9230769230769231,0.0,0.0,0.8944094000617042,0.0,305,0
rcs5_k0,80,balanced,1.0,0.06,0,60,10,0.95,0.0,0.0,0.6695208000019193,0.0,0,0
rcs5_k0,80,robust,0.9,0.07,0,20,10,0.95,0.0,0.0,1.3667205999372527,0.0,0,0
rcs5_k0,81,v1,1.0,0.043333333333333335,0,20,10,1.0,0.0,0.0,1.0569443999556825,0.0,0,0
rcs5_k0,81,joint,1.0,0.056666666666666664,0,10,10,1.0,0.0,0.0,1.196094200015068,2.7852681942210697,345,2
rcs5_k0,81,balanced,1.0,0.03,0,60,10,1.0,0.0,0.0,0.5774425000417978,0.0,0,0
rcs5_k0,81,robust,1.0,0.02,0,28,10,1.0,0.0,0.0,2.0207647999050096,0.0,0,0
rcs5_k0,82,v1,1.0,0.043333333333333335,0,10,10,1.0,0.0,0.0,0.6243365000700578,0.0,0,0
rcs5_k0,82,joint,1.0,0.043333333333333335,0,10,10,1.0,0.0,0.0,0.7172045999905095,0.0,276,0
rcs5_k0,82,balanced,1.0,0.07333333333333333,0,60,10,0.9833333333333333,0.0,0.0,0.6950406999094412,0.0,0,0
rcs5_k0,82,robust,1.0,0.05333333333333334,0,35,10,0.9714285714285714,0.0,0.0,2.719884100020863,0.0,0,0
rcs5_k0,83,v1,0.8,0.05,0,12,10,0.9166666666666666,0.0,0.0,0.7642518999055028,0.0,0,0
rcs5_k0,83,joint,0.8,0.05,0,12,10,0.9166666666666666,0.0,0.0,0.8590801999671385,0.0,314,0
rcs5_k0,83,balanced,1.0,0.043333333333333335,0,60,10,0.9333333333333333,0.0,0.0,0.5333515999373049,0.0,0,0
rcs5_k0,83,robust,1.0,0.05,0,41,10,0.9024390243902439,0.0,0.0,2.993461500038393,0.0,0,0
rcs5_k0,84,v1,1.0,0.03,0,10,10,1.0,0.0,0.0,0.63448259991128,0.0,0,0
rcs5_k0,84,joint,1.0,0.03,0,10,10,1.0,0.0,0.0,0.7184965999331325,0.0,282,0
rcs5_k0,84,balanced,1.0,0.04666666666666667,0,60,10,0.9833333333333333,0.0,0.0,0.8646638001082465,0.0,0,0
rcs5_k0,84,robust,1.0,0.04666666666666667,0,15,10,1.0,0.0,0.0,1.2039637999841943,0.0,0,0
rcs5_k0,85,v1,0.9,0.08333333333333333,0,15,10,1.0,0.0,0.0,0.9009491000324488,0.0,0,0
rcs5_k0,85,joint,0.9,0.07666666666666666,0,10,10,1.0,0.0,0.0,1.0150741999968886,0.1758355964168068,295,1
rcs5_k0,85,balanced,1.0,0.056666666666666664,0,60,10,1.0,0.0,0.0,0.8760751000372693,0.0,0,0
rcs5_k0,85,robust,1.0,0.07,0,21,10,1.0,0.0,0.0,1.741244100034237,0.0,0,0
rcs5_k0,86,v1,1.0,0.04666666666666667,0,10,10,1.0,0.0,0.0,0.6418071000371128,0.0,0,0
rcs5_k0,86,joint,1.0,0.04666666666666667,0,10,10,1.0,0.0,0.0,0.7320387000218034,0.0,307,0
rcs5_k0,86,balanced,1.0,0.043333333333333335,0,60,10,1.0,0.0,0.0,0.6615466000512242,0.0,0,0
rcs5_k0,86,robust,1.0,0.023333333333333334,0,28,10,1.0,0.0,0.0,2.0829121000133455,0.0,0,0
rcs5_k0,87,v1,0.9,0.05,0,10,10,1.0,0.0,0.0,0.6749095000559464,0.0,0,0
rcs5_k0,87,joint,0.9,0.05,0,10,10,1.0,0.0,0.0,0.75496499997098,0.0,273,0
rcs5_k0,87,balanced,1.0,0.056666666666666664,0,60,10,0.9833333333333333,0.0,0.0,0.9599822000600398,0.0,0,0
rcs5_k0,87,robust,1.0,0.03666666666666667,0,15,10,1.0,0.0,0.0,1.2118018999462947,0.0,0,0
rcs5_k0,88,v1,1.0,0.043333333333333335,0,15,10,1.0,0.0,0.0,0.9948486000066623,0.0,0,0
rcs5_k0,88,joint,1.0,0.043333333333333335,0,15,10,1.0,0.0,0.0,1.0976883999537677,0.0,299,0
rcs5_k0,88,balanced,1.0,0.03333333333333333,0,60,10,1.0,0.0,0.0,0.8929390999255702,0.0,0,0
rcs5_k0,88,robust,1.0,0.06,0,22,10,1.0,0.0,0.0,1.5088094000238925,0.0,0,0
rcs5_k0,89,v1,0.9,0.04666666666666667,0,10,10,1.0,0.0,0.0,0.7344629999715835,0.0,0,0
rcs5_k0,89,joint,0.9,0.04666666666666667,0,10,10,1.0,0.0,0.0,0.8188505000434816,0.0,264,0
rcs5_k0,89,balanced,1.0,0.03,0,60,10,1.0,0.0,0.0,1.013429099926725,0.0,0,0
rcs5_k0,89,robust,1.0,0.05333333333333334,0,17,10,1.0,0.0,0.0,2.3579357999842614,0.0,0,0
rcs5_k0,90,v1,1.0,0.05333333333333334,0,11,10,1.0,0.0,0.0,0.840296300011687,0.0,0,0
rcs5_k0,90,joint,1.0,0.05333333333333334,0,11,10,1.0,0.0,0.0,0.9361802999628708,0.0,287,0
rcs5_k0,90,balanced,1.0,0.07333333333333333,0,60,10,0.95,0.0,0.0,1.0635659999679774,0.0,0,0
rcs5_k0,90,robust,1.0,0.07333333333333333,0,21,10,1.0,0.0,0.0,1.6615514000877738,0.0,0,0
rcs5_k0,91,v1,0.9,0.04666666666666667,0,11,10,1.0,0.0,0.0,0.8717984999530017,0.0,0,0
rcs5_k0,91,joint,0.9,0.04666666666666667,0,11,10,1.0,0.0,0.0,0.9561947999754921,0.0,279,0
rcs5_k0,91,balanced,1.0,0.05333333333333334,0,60,10,0.9833333333333333,0.0,0.0,0.8072235999861732,0.0,0,0
rcs5_k0,91,robust,1.0,0.043333333333333335,0,29,10,1.0,0.0,0.0,2.424561099964194,0.0,0,0
rcs5_k0,92,v1,1.0,0.056666666666666664,0,11,10,1.0,0.0,0.0,0.959117800113745,0.0,0,0
rcs5_k0,92,joint,1.0,0.056666666666666664,0,11,10,1.0,0.0,0.0,1.0486465002177283,0.0,292,0
rcs5_k0,92,balanced,1.0,0.04666666666666667,0,60,10,1.0,0.0,0.0,1.0408706999151036,0.0,0,0
rcs5_k0,92,robust,1.0,0.056666666666666664,0,19,10,1.0,0.0,0.0,1.7167848000535741,0.0,0,0
rcs5_k0,93,v1,0.9,0.043333333333333335,0,11,10,0.9090909090909091,0.0,0.0,0.8814701000228524,0.0,0,0
rcs5_k0,93,joint,0.9,0.043333333333333335,0,11,10,0.9090909090909091,0.0,0.0,0.9661910999566317,0.0,287,0
rcs5_k0,93,balanced,1.0,0.056666666666666664,0,60,10,0.9333333333333333,0.0,0.0,0.9347197000170127,0.0,0,0
rcs5_k0,93,robust,1.0,0.056666666666666664,0,20,10,0.85,0.0,0.0,1.7731174000073224,0.0,0,0
rcs5_k0,94,v1,1.0,0.05333333333333334,0,10,10,1.0,0.0,0.0,0.702602899982594,0.0,0,0
rcs5_k0,94,joint,1.0,0.05333333333333334,0,10,10,1.0,0.0,0.0,0.7845526000019163,0.0,270,0
rcs5_k0,94,balanced,1.0,0.06333333333333334,0,60,10,1.0,0.0,0.0,0.9131858000764623,0.0,0,0
rcs5_k0,94,robust,1.0,0.07333333333333333,0,21,10,1.0,0.0,0.0,1.828035100013949,0.0,0,0
rcs5_k0,95,v1,1.0,0.043333333333333335,0,10,10,1.0,0.0,0.0,0.5363618000410497,0.0,0,0
rcs5_k0,95,joint,1.0,0.043333333333333335,0,10,10,1.0,0.0,0.0,0.617605600040406,0.0,266,0
rcs5_k0,95,balanced,1.0,0.04,0,60,10,1.0,0.0,0.0,0.5666330999229103,0.0,0,0
rcs5_k0,95,robust,1.0,0.043333333333333335,0,20,10,1.0,0.0,0.0,1.557994700036943,0.0,0,0
rcs5_k0,96,v1,1.0,0.03666666666666667,0,11,10,1.0,0.0,0.0,0.7441297000041232,0.0,0,0
rcs5_k0,96,joint,1.0,0.03666666666666667,0,11,10,1.0,0.0,0.0,0.8254687999142334,0.0,283,0
rcs5_k0,96,balanced,1.0,0.05,0,60,10,1.0,0.0,0.0,0.9388903999933973,0.0,0,0
rcs5_k0,96,robust,1.0,0.03666666666666667,0,18,10,1.0,0.0,0.0,1.5376034000655636,0.0,0,0
rcs5_k0,97,v1,1.0,0.05,0,10,10,1.0,0.0,0.0,0.663265599985607,0.0,0,0
rcs5_k0,97,joint,1.0,0.05,0,10,10,1.0,0.0,0.0,0.7475317000644282,0.0,272,0
rcs5_k0,97,balanced,1.0,0.05,0,60,10,0.9833333333333333,0.0,0.0,0.9240037999115884,0.0,0,0
rcs5_k0,97,robust,1.0,0.043333333333333335,0,13,10,1.0,0.0,0.0,1.149941600044258,0.0,0,0
rcs5_k0,98,v1,1.0,0.03333333333333333,0,10,10,1.0,0.0,0.0,0.6586544999154285,0.0,0,0
rcs5_k0,98,joint,1.0,0.03333333333333333,0,10,10,1.0,0.0,0.0,0.7416173999663442,0.0,277,0
rcs5_k0,98,balanced,1.0,0.02666666666666667,0,60,10,1.0,0.0,0.0,0.8902809999417514,0.0,0,0
rcs5_k0,98,robust,1.0,0.05333333333333334,0,10,10,1.0,0.0,0.0,0.8363304000813514,0.0,0,0
rcs5_k0,99,v1,1.0,0.05333333333333334,0,10,10,1.0,0.0,0.0,0.7492989000165835,0.0,0,0
rcs5_k0,99,joint,1.0,0.05333333333333334,0,10,10,1.0,0.0,0.0,0.829856300028041,0.0,264,0
rcs5_k0,99,balanced,1.0,0.056666666666666664,0,60,10,1.0,0.0,0.0,1.0724065999966115,0.0,0,0
rcs5_k0,99,robust,1.0,0.056666666666666664,0,13,10,1.0,0.0,0.0,1.3020340000512078,0.0,0,0
rcs5_k8,0,v1,1.0,0.06,0,10,10,1.0,0.0,0.0,0.8068104999838397,0.0,0,0
rcs5_k8,0,joint,1.0,0.06,0,10,10,1.0,0.0,0.0,0.9316223999485373,0.0,542,0
rcs5_k8,0,balanced,1.0,0.05333333333333334,8,60,10,1.0,5120.0,8.533333333333335,0.788663599989377,0.0,0,0
rcs5_k8,0,robust,1.0,0.05,0,14,10,1.0,0.0,0.0,1.462982299970463,0.0,0,0
rcs5_k8,1,v1,1.0,0.02666666666666667,0,10,10,1.0,0.0,0.0,0.758465199964121,0.0,0,0
rcs5_k8,1,joint,1.0,0.02666666666666667,0,10,10,1.0,0.0,0.0,0.9013989999657497,0.0,637,0
rcs5_k8,1,balanced,1.0,0.03,8,60,10,0.9833333333333333,5120.0,8.533333333333335,0.6484339999733493,0.0,0,0
rcs5_k8,1,robust,1.0,0.03333333333333333,3,17,10,1.0,1920.0,3.2,2.0108110000146553,0.0,0,0
rcs5_k8,2,v1,1.0,0.06,0,10,10,1.0,0.0,0.0,0.9433630999410525,0.0,0,0
rcs5_k8,2,joint,1.0,0.06,0,10,10,1.0,0.0,0.0,1.094677799846977,0.0,662,0
rcs5_k8,2,balanced,1.0,0.05333333333333334,8,60,10,0.9166666666666666,5120.0,8.533333333333335,0.9910008000442758,0.0,0,0
rcs5_k8,2,robust,1.0,0.06333333333333334,1,13,10,1.0,640.0,1.0666666666666667,1.2864207999082282,0.0,0,0
rcs5_k8,3,v1,1.0,0.05,0,12,10,1.0,0.0,0.0,1.0521813000086695,0.0,0,0
rcs5_k8,3,joint,1.0,0.05,0,12,10,1.0,0.0,0.0,1.2351605999283493,0.0,737,0
rcs5_k8,3,balanced,1.0,0.07,8,60,10,0.9833333333333333,5120.0,8.533333333333335,0.8356233999365941,0.0,0,0
rcs5_k8,3,robust,1.0,0.056666666666666664,4,21,10,1.0,2560.0,4.266666666666667,2.3806451000273228,0.0,0,0
rcs5_k8,4,v1,1.0,0.02666666666666667,4,16,10,1.0,2560.0,4.266666666666667,1.633223699987866,0.0,0,0
rcs5_k8,4,joint,1.0,0.03333333333333333,4,17,10,1.0,2560.0,4.266666666666667,1.9590603000251576,3.3638615370932805,917,4
rcs5_k8,4,balanced,1.0,0.05,8,60,10,1.0,5120.0,8.533333333333335,0.7934024999849498,0.0,0,0
rcs5_k8,4,robust,1.0,0.03,6,29,10,1.0,3840.0,6.400000000000001,3.177830299944617,0.0,0,0
rcs5_k8,5,v1,1.0,0.06,0,10,10,1.0,0.0,0.0,1.0159409999614581,0.0,0,0
rcs5_k8,5,joint,1.0,0.06,0,10,10,1.0,0.0,0.0,1.158946399926208,0.0,580,0
rcs5_k8,5,balanced,1.0,0.02,8,60,10,0.9666666666666667,5120.0,8.533333333333335,0.8461600000737235,0.0,0,0
rcs5_k8,5,robust,1.0,0.04666666666666667,6,24,10,1.0,3840.0,6.400000000000001,3.3934831999940798,0.0,0,0
rcs5_k8,6,v1,0.9,0.04666666666666667,0,10,10,0.9,0.0,0.0,0.9383207000792027,0.0,0,0
rcs5_k8,6,joint,0.9,0.04666666666666667,0,10,10,0.9,0.0,0.0,1.1042274000355974,0.0,660,0
rcs5_k8,6,balanced,1.0,0.06333333333333334,8,60,10,0.95,5120.0,8.533333333333335,0.7178699999349192,0.0,0,0
rcs5_k8,6,robust,1.0,0.07,7,25,10,0.88,4480.0,7.466666666666669,2.575134400045499,0.0,0,0
rcs5_k8,7,v1,0.9,0.06,0,10,10,0.9,0.0,0.0,1.0342678000451997,0.0,0,0
rcs5_k8,7,joint,0.9,0.06,0,10,10,0.9,0.0,0.0,1.2078874999424443,0.0,669,0
rcs5_k8,7,balanced,0.9,0.04666666666666667,8,60,10,0.8666666666666667,5120.0,8.533333333333335,0.8718428000574932,0.0,0,0
rcs5_k8,7,robust,0.9,0.03666666666666667,4,19,10,0.8947368421052632,2560.0,4.266666666666667,2.107487399945967,0.0,0,0
rcs5_k8,8,v1,1.0,0.03666666666666667,7,18,10,1.0,4480.0,7.466666666666669,1.6612542000366375,0.0,0,0
rcs5_k8,8,joint,1.0,0.03666666666666667,5,18,10,1.0,3200.0,5.333333333333334,1.9407573000062257,0.010666666666667268,874,1
rcs5_k8,8,balanced,1.0,0.03666666666666667,8,60,10,1.0,5120.0,8.533333333333335,0.777292599901557,0.0,0,0
rcs5_k8,8,robust,1.0,0.03666666666666667,8,33,10,1.0,5120.0,8.533333333333335,2.6566023000050336,0.0,0,0
rcs5_k8,9,v1,1.0,0.03,0,10,10,1.0,0.0,0.0,0.8567111999727786,0.0,0,0
rcs5_k8,9,joint,1.0,0.03,0,10,10,1.0,0.0,0.0,1.0084749999223277,0.0,593,0
rcs5_k8,9,balanced,1.0,0.04666666666666667,8,60,10,1.0,5120.0,8.533333333333335,0.7647366999881342,0.0,0,0
rcs5_k8,9,robust,1.0,0.05333333333333334,4,17,10,1.0,2560.0,4.266666666666667,2.2032787000061944,0.0,0,0
rcs5_k8,10,v1,1.0,0.043333333333333335,0,10,10,1.0,0.0,0.0,1.0254845001036301,0.0,0,0
rcs5_k8,10,joint,1.0,0.043333333333333335,0,10,10,1.0,0.0,0.0,1.1766386000672355,0.0,606,0
rcs5_k8,10,balanced,1.0,0.05333333333333334,8,60,10,1.0,5120.0,8.533333333333335,1.0963688000338152,0.0,0,0
rcs5_k8,10,robust,1.0,0.05,1,10,10,1.0,640.0,1.0666666666666667,1.2663690999615937,0.0,0,0
rcs5_k8,11,v1,0.9,0.07333333333333333,0,10,10,1.0,0.0,0.0,1.0511337000643834,0.0,0,0
rcs5_k8,11,joint,0.9,0.07333333333333333,0,10,10,1.0,0.0,0.0,1.2004631999880075,0.0,605,0
rcs5_k8,11,balanced,0.9,0.07666666666666666,8,60,10,1.0,5120.0,8.533333333333335,1.112624300061725,0.0,0,0
rcs5_k8,11,robust,1.0,0.056666666666666664,3,17,10,1.0,1920.0,3.2,2.103316199965775,0.0,0,0
rcs5_k8,12,v1,0.9,0.05,0,10,10,0.9,0.0,0.0,1.1457509000319988,0.0,0,0
rcs5_k8,12,joint,0.9,0.05,0,10,10,0.9,0.0,0.0,1.2910488001070917,0.0,588,0
rcs5_k8,12,balanced,0.9,0.043333333333333335,8,60,10,0.9,5120.0,8.533333333333335,1.2148847000207752,0.0,0,0
rcs5_k8,12,robust,0.9,0.03333333333333333,1,14,10,0.9285714285714286,640.0,1.0666666666666667,2.158779399935156,0.0,0,0
rcs5_k8,13,v1,1.0,0.05333333333333334,1,10,10,1.0,640.0,1.0666666666666667,0.9513996000168845,0.0,0,0
rcs5_k8,13,joint,1.0,0.05,0,10,10,1.0,0.0,0.0,1.1263982999371365,0.005333333333333634,632,1
rcs5_k8,13,balanced,1.0,0.043333333333333335,8,60,10,1.0,5120.0,8.533333333333335,0.808743100031279,0.0,0,0
rcs5_k8,13,robust,1.0,0.043333333333333335,8,24,10,1.0,5120.0,8.533333333333335,2.3954443000257015,0.0,0,0
rcs5_k8,14,v1,1.0,0.05333333333333334,2,11,10,1.0,1280.0,2.1333333333333333,1.126203199964948,0.0,0,0
rcs5_k8,14,joint,1.0,0.05333333333333334,0,12,10,1.0,0.0,0.0,1.356671999907121,0.015457892423706099,797,1
rcs5_k8,14,balanced,1.0,0.04,8,60,10,1.0,5120.0,8.533333333333335,0.9338709999574348,0.0,0,0
rcs5_k8,14,robust,1.0,0.04666666666666667,8,24,10,1.0,5120.0,8.533333333333335,2.7034013000084087,0.0,0,0
rcs5_k8,15,v1,1.0,0.03666666666666667,0,10,10,1.0,0.0,0.0,1.1099155000410974,0.0,0,0
rcs5_k8,15,joint,1.0,0.03666666666666667,0,10,10,1.0,0.0,0.0,1.2575195000972599,0.0,609,0
rcs5_k8,15,balanced,1.0,0.06,8,60,10,1.0,5120.0,8.533333333333335,1.1532635999610648,0.0,0,0
rcs5_k8,15,robust,1.0,0.03666666666666667,1,13,10,1.0,640.0,1.0666666666666667,2.2030533000361174,0.0,0,0
rcs5_k8,16,v1,1.0,0.06333333333333334,0,10,10,1.0,0.0,0.0,0.9898877999512479,0.0,0,0
rcs5_k8,16,joint,1.0,0.06333333333333334,0,10,10,1.0,0.0,0.0,1.1509071999462321,0.0,607,0
rcs5_k8,16,balanced,1.0,0.05333333333333334,8,60,10,0.95,5120.0,8.533333333333335,1.0368781998986378,0.0,0,0
rcs5_k8,16,robust,1.0,0.07333333333333333,2,13,10,0.8461538461538461,1280.0,2.1333333333333333,1.4299479000037536,0.0,0,0
rcs5_k8,17,v1,1.0,0.06333333333333334,0,10,10,1.0,0.0,0.0,1.1375039999838918,0.0,0,0
rcs5_k8,17,joint,1.0,0.06333333333333334,0,10,10,1.0,0.0,0.0,1.2941309000598267,0.0,627,0
rcs5_k8,17,balanced,1.0,0.03666666666666667,8,60,10,1.0,5120.0,8.533333333333335,0.9827965999720618,0.0,0,0
rcs5_k8,17,robust,1.0,0.04666666666666667,4,22,10,1.0,2560.0,4.266666666666667,2.4073536000214517,0.0,0,0
rcs5_k8,18,v1,1.0,0.056666666666666664,5,17,10,1.0,3200.0,5.333333333333334,1.6232292000204325,0.0,0,0
rcs5_k8,18,joint,1.0,0.06333333333333334,1,12,10,1.0,640.0,1.0666666666666667,1.9823846999788657,0.035627403851049344,1014,2
rcs5_k8,18,balanced,1.0,0.04666666666666667,8,60,10,0.95,5120.0,8.533333333333335,0.8362257999833673,0.0,0,0
rcs5_k8,18,robust,0.9,0.043333333333333335,8,34,10,0.9705882352941176,5120.0,8.533333333333335,3.09445410000626,0.0,0,0
rcs5_k8,19,v1,1.0,0.03,0,10,10,1.0,0.0,0.0,1.001042899908498,0.0,0,0
rcs5_k8,19,joint,1.0,0.03,0,10,10,1.0,0.0,0.0,1.1604390998836607,0.0,660,0
rcs5_k8,19,balanced,1.0,0.05333333333333334,8,60,10,1.0,5120.0,8.533333333333335,0.9879897000500932,0.0,0,0
rcs5_k8,19,robust,1.0,0.05,3,13,10,1.0,1920.0,3.2,1.665612900047563,0.0,0,0
rcs5_k8,20,v1,1.0,0.06,0,10,10,1.0,0.0,0.0,0.9619794000172988,0.0,0,0
rcs5_k8,20,joint,1.0,0.06,0,10,10,1.0,0.0,0.0,1.108251400059089,0.0,580,0
rcs5_k8,20,balanced,1.0,0.06,8,60,10,1.0,5120.0,8.533333333333335,0.9857562000397593,0.0,0,0
rcs5_k8,20,robust,1.0,0.02,0,10,10,1.0,0.0,0.0,1.0060280000325292,0.0,0,0
rcs5_k8,21,v1,1.0,0.06,0,10,10,1.0,0.0,0.0,1.023354599950835,0.0,0,0
rcs5_k8,21,joint,1.0,0.06,0,10,10,1.0,0.0,0.0,1.1686409999383613,0.0,609,0
rcs5_k8,21,balanced,1.0,0.056666666666666664,8,60,10,1.0,5120.0,8.533333333333335,1.056354200001806,0.0,0,0
rcs5_k8,21,robust,1.0,0.043333333333333335,0,13,10,1.0,0.0,0.0,1.5013974000466987,0.0,0,0
rcs5_k8,22,v1,1.0,0.05,0,10,10,1.0,0.0,0.0,0.9866671999916434,0.0,0,0
rcs5_k8,22,joint,1.0,0.05,0,10,10,1.0,0.0,0.0,1.1379866001661867,0.0,638,0
rcs5_k8,22,balanced,1.0,0.05333333333333334,8,60,10,1.0,5120.0,8.533333333333335,0.9800529999192804,0.0,0,0
rcs5_k8,22,robust,1.0,0.06,1,11,10,1.0,640.0,1.0666666666666667,1.081069300067611,0.0,0,0
rcs5_k8,23,v1,0.9,0.043333333333333335,0,10,10,1.0,0.0,0.0,1.0726058000000194,0.0,0,0
rcs5_k8,23,joint,0.9,0.043333333333333335,0,10,10,1.0,0.0,0.0,1.2129528999794275,0.0,611,0
rcs5_k8,23,balanced,1.0,0.04,8,60,10,1.0,5120.0,8.533333333333335,1.1067156000062823,0.0,0,0
rcs5_k8,23,robust,1.0,0.05333333333333334,1,14,10,1.0,640.0,1.0666666666666667,1.8404507000232115,0.0,0,0
rcs5_k8,24,v1,0.9,0.04666666666666667,0,10,10,1.0,0.0,0.0,0.9181462000124156,0.0,0,0
rcs5_k8,24,joint,0.9,0.04666666666666667,0,10,10,1.0,0.0,0.0,1.0830896999686956,0.0,656,0
rcs5_k8,24,balanced,1.0,0.06666666666666667,8,60,10,1.0,5120.0,8.533333333333335,0.8498894999502227,0.0,0,0
rcs5_k8,24,robust,1.0,0.04666666666666667,6,22,10,1.0,3840.0,6.400000000000001,2.3480896999826655,0.0,0,0
rcs5_k8,25,v1,1.0,0.05333333333333334,2,12,10,1.0,1280.0,2.1333333333333333,1.1858662000158802,0.0,0,0
rcs5_k8,25,joint,1.0,0.05,0,12,10,1.0,0.0,0.0,1.3849252000218257,0.01066666666666638,725,2
rcs5_k8,25,balanced,1.0,0.05333333333333334,8,60,10,0.9833333333333333,5120.0,8.533333333333335,0.7042858999921009,0.0,0,0
rcs5_k8,25,robust,1.0,0.07,8,32,10,0.9375,5120.0,8.533333333333335,3.2630975999636576,0.0,0,0
rcs5_k8,26,v1,1.0,0.05333333333333334,5,15,10,1.0,3200.0,5.333333333333334,1.3560513999545947,0.0,0,0
rcs5_k8,26,joint,1.0,0.05333333333333334,3,15,10,1.0,1920.0,3.2,1.6241835999535397,0.035686399870324514,759,2
rcs5_k8,26,balanced,1.0,0.043333333333333335,8,60,10,1.0,5120.0,8.533333333333335,0.7973955000052229,0.0,0,0
rcs5_k8,26,robust,1.0,0.04666666666666667,5,27,10,1.0,3200.0,5.333333333333334,2.888182800030336,0.0,0,0
rcs5_k8,27,v1,1.0,0.043333333333333335,0,10,10,1.0,0.0,0.0,0.7972365999594331,0.0,0,0
rcs5_k8,27,joint,1.0,0.043333333333333335,0,10,10,1.0,0.0,0.0,0.9488211000571027,0.0,627,0
rcs5_k8,27,balanced,1.0,0.03666666666666667,8,60,10,1.0,5120.0,8.533333333333335,0.733680099947378,0.0,0,0
rcs5_k8,27,robust,1.0,0.05,3,16,10,1.0,1920.0,3.2,1.8816824000095949,0.0,0,0
rcs5_k8,28,v1,1.0,0.043333333333333335,0,10,10,1.0,0.0,0.0,0.9942726999288425,0.0,0,0
rcs5_k8,28,joint,1.0,0.043333333333333335,0,10,10,1.0,0.0,0.0,1.127470999956131,0.0,594,0
rcs5_k8,28,balanced,1.0,0.056666666666666664,8,60,10,1.0,5120.0,8.533333333333335,0.8565180000150576,0.0,0,0
rcs5_k8,28,robust,1.0,0.056666666666666664,4,18,10,1.0,2560.0,4.266666666666667,2.612188700004481,0.0,0,0
rcs5_k8,29,v1,1.0,0.023333333333333334,2,15,10,1.0,1280.0,2.1333333333333333,1.0399223000276834,0.0,0,0
rcs5_k8,29,joint,1.0,0.03,0,10,10,1.0,0.0,0.0,1.306805600062944,0.634341807681138,756,1
rcs5_k8,29,balanced,1.0,0.056666666666666664,8,60,10,1.0,5120.0,8.533333333333335,0.8295486000133678,0.0,0,0
rcs5_k8,29,robust,1.0,0.04,2,22,10,1.0,1280.0,2.1333333333333333,2.243685199995525,0.0,0,0
rcs5_k8,30,v1,0.8,0.04,1,12,10,0.9166666666666666,640.0,1.0666666666666667,1.0580386000219733,0.0,0,0
rcs5_k8,30,joint,0.8,0.03666666666666667,0,13,10,0.9230769230769231,0.0,0.0,1.2745866999030113,0.005333333333333634,752,1
rcs5_k8,30,balanced,1.0,0.056666666666666664,8,60,10,0.9,5120.0,8.533333333333335,0.7273863999871537,0.0,0,0
rcs5_k8,30,robust,0.9,0.043333333333333335,8,30,10,0.9,5120.0,8.533333333333335,3.090404300019145,0.0,0,0
rcs5_k8,31,v1,1.0,0.03666666666666667,0,10,10,1.0,0.0,0.0,1.074735700036399,0.0,0,0
rcs5_k8,31,joint,1.0,0.03666666666666667,0,10,10,1.0,0.0,0.0,1.2436347999610007,0.0,662,0
rcs5_k8,31,balanced,1.0,0.06,8,60,10,1.0,5120.0,8.533333333333335,1.0286176000954583,0.0,0,0
rcs5_k8,31,robust,1.0,0.05333333333333334,7,24,10,1.0,4480.0,7.466666666666669,3.4994779999833554,0.0,0,0
rcs5_k8,32,v1,1.0,0.03666666666666667,0,10,10,1.0,0.0,0.0,0.9633266000309959,0.0,0,0
rcs5_k8,32,joint,1.0,0.03666666666666667,0,10,10,1.0,0.0,0.0,1.1171114000026137,0.0,601,0
rcs5_k8,32,balanced,1.0,0.023333333333333334,8,60,10,1.0,5120.0,8.533333333333335,0.8468675999902189,0.0,0,0
rcs5_k8,32,robust,1.0,0.02666666666666667,0,13,10,1.0,0.0,0.0,1.3538415000075474,0.0,0,0
rcs5_k8,33,v1,1.0,0.07,0,10,10,1.0,0.0,0.0,0.9626923999749124,0.0,0,0
rcs5_k8,33,joint,1.0,0.07,0,10,10,1.0,0.0,0.0,1.111935899942182,0.0,589,0
rcs5_k8,33,balanced,1.0,0.06666666666666667,8,60,10,0.9833333333333333,5120.0,8.533333333333335,0.8915991999674588,0.0,0,0
rcs5_k8,33,robust,1.0,0.05,0,12,10,1.0,0.0,0.0,1.4136569000547752,0.0,0,0
rcs5_k8,34,v1,0.9,0.043333333333333335,0,10,10,0.9,0.0,0.0,1.0673689000541344,0.0,0,0
rcs5_k8,34,joint,0.9,0.043333333333333335,0,10,10,0.9,0.0,0.0,1.1965926000848413,0.0,536,0
rcs5_k8,34,balanced,1.0,0.07666666666666666,8,60,10,0.9833333333333333,5120.0,8.533333333333335,1.0129225000273436,0.0,0,0
rcs5_k8,34,robust,1.0,0.06333333333333334,3,17,10,1.0,1920.0,3.2,2.0767576000653207,0.0,0,0
rcs5_k8,35,v1,1.0,0.02666666666666667,0,10,10,1.0,0.0,0.0,0.8177931999089196,0.0,0,0
rcs5_k8,35,joint,1.0,0.02666666666666667,0,10,10,1.0,0.0,0.0,0.9737328999908641,0.0,636,0
rcs5_k8,35,balanced,1.0,0.04666666666666667,8,60,10,1.0,5120.0,8.533333333333335,0.7627578999381512,0.0,0,0
rcs5_k8,35,robust,1.0,0.03666666666666667,0,12,10,1.0,0.0,0.0,1.27696490008384,0.0,0,0
rcs5_k8,36,v1,1.0,0.05,0,11,10,1.0,0.0,0.0,1.086091800010763,0.0,0,0
rcs5_k8,36,joint,1.0,0.05,0,11,10,1.0,0.0,0.0,1.263344099977985,0.0,727,0
rcs5_k8,36,balanced,1.0,0.04666666666666667,8,60,10,1.0,5120.0,8.533333333333335,1.0025534000014886,0.0,0,0
rcs5_k8,36,robust,1.0,0.06333333333333334,4,24,10,1.0,2560.0,4.266666666666667,3.1733665999490768,0.0,0,0
rcs5_k8,37,v1,1.0,0.07666666666666666,1,10,10,1.0,640.0,1.0666666666666667,0.9767791000194848,0.0,0,0
rcs5_k8,37,joint,1.0,0.08666666666666667,0,10,10,1.0,0.0,0.0,1.1631568999728188,0.005333333333333634,657,1
rcs5_k8,37,balanced,1.0,0.06,8,60,10,0.9833333333333333,5120.0,8.533333333333335,0.8453216999769211,0.0,0,0
rcs5_k8,37,robust,1.0,0.07,4,18,10,0.9444444444444444,2560.0,4.266666666666667,1.8228840000228956,0.0,0,0
rcs5_k8,38,v1,1.0,0.04666666666666667,0,12,10,1.0,0.0,0.0,1.309085899963975,0.0,0,0
rcs5_k8,38,joint,1.0,0.04666666666666667,0,12,10,1.0,0.0,0.0,1.4828863999573514,0.0,689,0
rcs5_k8,38,balanced,1.0,0.043333333333333335,8,60,10,1.0,5120.0,8.533333333333335,1.0807523999828845,0.0,0,0
rcs5_k8,38,robust,1.0,0.05,4,20,10,1.0,2560.0,4.266666666666667,2.012697800062597,0.0,0,0
rcs5_k8,39,v1,0.9,0.043333333333333335,0,10,10,1.0,0.0,0.0,0.9131981000537053,0.0,0,0
rcs5_k8,39,joint,0.9,0.043333333333333335,0,10,10,1.0,0.0,0.0,1.0644835999701172,0.0,602,0
rcs5_k8,39,balanced,1.0,0.056666666666666664,8,60,10,1.0,5120.0,8.533333333333335,0.8846112999599427,0.0,0,0
rcs5_k8,39,robust,1.0,0.04666666666666667,1,17,10,1.0,640.0,1.0666666666666667,2.2128815000178292,0.0,0,0
rcs5_k8,40,v1,1.0,0.07,1,11,10,1.0,640.0,1.0666666666666667,1.1598726999945939,0.0,0,0
rcs5_k8,40,joint,1.0,0.06666666666666667,0,11,10,1.0,0.0,0.0,1.37102690001484,0.005333333333333634,739,1
rcs5_k8,40,balanced,1.0,0.06333333333333334,8,60,10,0.9833333333333333,5120.0,8.533333333333335,0.8800296999979764,0.0,0,0
rcs5_k8,40,robust,1.0,0.04666666666666667,5,20,10,1.0,3200.0,5.333333333333334,1.9587685998994857,0.0,0,0
rcs5_k8,41,v1,1.0,0.03,0,10,10,1.0,0.0,0.0,0.9648109999252483,0.0,0,0
rcs5_k8,41,joint,1.0,0.03,0,10,10,1.0,0.0,0.0,1.1164841999998316,0.0,624,0
rcs5_k8,41,balanced,1.0,0.056666666666666664,8,60,10,1.0,5120.0,8.533333333333335,0.8742268999340013,0.0,0,0
rcs5_k8,41,robust,1.0,0.04666666666666667,5,21,10,1.0,3200.0,5.333333333333334,2.3202430000528693,0.0,0,0
rcs5_k8,42,v1,0.9,0.04666666666666667,0,10,10,1.0,0.0,0.0,1.0239659000653774,0.0,0,0
rcs5_k8,42,joint,0.9,0.04666666666666667,0,10,10,1.0,0.0,0.0,1.1700187000678852,0.0,600,0
rcs5_k8,42,balanced,1.0,0.02666666666666667,8,60,10,1.0,5120.0,8.533333333333335,0.9362012000055984,0.0,0,0
rcs5_k8,42,robust,1.0,0.04,1,16,10,1.0,640.0,1.0666666666666667,2.0677069999510422,0.0,0,0
rcs5_k8,43,v1,0.9,0.05333333333333334,0,10,10,0.9,0.0,0.0,1.060070400009863,0.0,0,0
rcs5_k8,43,joint,0.9,0.05333333333333334,0,10,10,0.9,0.0,0.0,1.2010282999835908,0.0,585,0
rcs5_k8,43,balanced,1.0,0.07666666666666666,8,60,10,0.8833333333333333,5120.0,8.533333333333335,1.0485136000206694,0.0,0,0
rcs5_k8,43,robust,0.9,0.05333333333333334,0,13,10,0.8461538461538461,0.0,0.0,1.481419299961999,0.0,0,0
rcs5_k8,44,v1,1.0,0.043333333333333335,0,10,10,1.0,0.0,0.0,1.0226941000437364,0.0,0,0
rcs5_k8,44,joint,1.0,0.043333333333333335,0,10,10,1.0,0.0,0.0,1.1722410999936983,0.0,608,0
rcs5_k8,44,balanced,1.0,0.03666666666666667,8,60,10,1.0,5120.0,8.533333333333335,0.7237620999803767,0.0,0,0
rcs5_k8,44,robust,1.0,0.04666666666666667,5,26,10,1.0,3200.0,5.333333333333334,3.438687299960293,0.0,0,0
rcs5_k8,45,v1,1.0,0.06,1,11,10,1.0,640.0,1.0666666666666667,1.1172647998901084,0.0,0,0
rcs5_k8,45,joint,1.0,0.06666666666666667,0,11,10,1.0,0.0,0.0,1.2996842998545617,0.005333333333333634,637,1
rcs5_k8,45,balanced,1.0,0.05,8,60,10,0.9833333333333333,5120.0,8.533333333333335,1.0069225000916049,0.0,0,0
rcs5_k8,45,robust,1.0,0.07666666666666666,8,21,10,1.0,5120.0,8.533333333333335,2.38020339992363,0.0,0,0
rcs5_k8,46,v1,1.0,0.05333333333333334,0,11,10,1.0,0.0,0.0,1.025374700082466,0.0,0,0
rcs5_k8,46,joint,1.0,0.05333333333333334,0,11,10,1.0,0.0,0.0,1.1892782000359148,0.0,672,0
rcs5_k8,46,balanced,1.0,0.043333333333333335,8,60,10,1.0,5120.0,8.533333333333335,0.9300740000326186,0.0,0,0
rcs5_k8,46,robust,1.0,0.03333333333333333,4,29,10,1.0,2560.0,4.266666666666667,3.7354908999986947,0.0,0,0
rcs5_k8,47,v1,1.0,0.06333333333333334,0,10,10,1.0,0.0,0.0,0.9589268000563607,0.0,0,0
rcs5_k8,47,joint,1.0,0.06333333333333334,0,10,10,1.0,0.0,0.0,1.1045451000100002,0.0,614,0
rcs5_k8,47,balanced,1.0,0.06,8,60,10,1.0,5120.0,8.533333333333335,0.968304599984549,0.0,0,0
rcs5_k8,47,robust,1.0,0.06333333333333334,2,20,10,1.0,1280.0,2.1333333333333333,2.2829939000075683,0.0,0,0
rcs5_k8,48,v1,1.0,0.043333333333333335,0,10,10,1.0,0.0,0.0,0.8871856000041589,0.0,0,0
rcs5_k8,48,joint,1.0,0.043333333333333335,0,10,10,1.0,0.0,0.0,1.0244972000364214,0.0,587,0
rcs5_k8,48,balanced,1.0,0.056666666666666664,8,60,10,0.9166666666666666,5120.0,8.533333333333335,0.833230399992317,0.0,0,0
rcs5_k8,48,robust,1.0,0.03333333333333333,0,10,10,1.0,0.0,0.0,1.1622934999177232,0.0,0,0
rcs5_k8,49,v1,0.9,0.043333333333333335,0,11,10,0.9090909090909091,0.0,0.0,1.040499800001271,0.0,0,0
rcs5_k8,49,joint,0.9,0.043333333333333335,0,11,10,0.9090909090909091,0.0,0.0,1.2007996998727322,0.0,643,0
rcs5_k8,49,balanced,1.0,0.056666666666666664,8,60,10,0.9166666666666666,5120.0,8.533333333333335,1.0420619000215083,0.0,0,0
rcs5_k8,49,robust,0.9,0.043333333333333335,2,19,10,0.9473684210526315,1280.0,2.1333333333333333,2.3215395000297576,0.0,0,0
rcs5_k8,50,v1,1.0,0.03666666666666667,0,10,10,1.0,0.0,0.0,0.8437168999807909,0.0,0,0
rcs5_k8,50,joint,1.0,0.03666666666666667,0,10,10,1.0,0.0,0.0,0.9846737999469042,0.0,582,0
rcs5_k8,50,balanced,1.0,0.02666666666666667,8,60,10,0.95,5120.0,8.533333333333335,0.8829132000682876,0.0,0,0
rcs5_k8,50,robust,1.0,0.03666666666666667,1,13,10,1.0,640.0,1.0666666666666667,1.4754975999239832,0.0,0,0
rcs5_k8,51,v1,1.0,0.05333333333333334,4,14,10,1.0,2560.0,4.266666666666667,1.3924975999398157,0.0,0,0
rcs5_k8,51,joint,1.0,0.04666666666666667,0,14,10,1.0,0.0,0.0,1.6393982999725267,0.02133333333333365,853,2
rcs5_k8,51,balanced,1.0,0.05333333333333334,8,60,10,0.9833333333333333,5120.0,8.533333333333335,0.9607903000432998,0.0,0,0
rcs5_k8,51,robust,1.0,0.043333333333333335,8,38,10,0.9736842105263158,5120.0,8.533333333333335,4.295422800001688,0.0,0,0
rcs5_k8,52,v1,0.9,0.02,0,10,10,1.0,0.0,0.0,1.0189344000536948,0.0,0,0
rcs5_k8,52,joint,0.9,0.02,0,10,10,1.0,0.0,0.0,1.1664716001832858,0.0,600,0
rcs5_k8,52,balanced,0.9,0.08,8,60,10,1.0,5120.0,8.533333333333335,0.9172414999920875,0.0,0,0
rcs5_k8,52,robust,1.0,0.07,4,19,10,1.0,2560.0,4.266666666666667,2.4748420999385417,0.0,0,0
rcs5_k8,53,v1,1.0,0.08,0,10,10,1.0,0.0,0.0,1.0343092000111938,0.0,0,0
rcs5_k8,53,joint,1.0,0.08,0,10,10,1.0,0.0,0.0,1.1836786000058055,0.0,617,0
rcs5_k8,53,balanced,1.0,0.043333333333333335,8,60,10,1.0,5120.0,8.533333333333335,0.9792166000697762,0.0,0,0
rcs5_k8,53,robust,1.0,0.04666666666666667,0,11,10,1.0,0.0,0.0,1.1892976999515668,0.0,0,0
rcs5_k8,54,v1,1.0,0.05,0,10,10,1.0,0.0,0.0,0.9844761000713333,0.0,0,0
rcs5_k8,54,joint,1.0,0.05,0,10,10,1.0,0.0,0.0,1.1370909000979736,0.0,628,0
rcs5_k8,54,balanced,1.0,0.03666666666666667,8,60,10,1.0,5120.0,8.533333333333335,0.9672320999670774,0.0,0,0
rcs5_k8,54,robust,1.0,0.03666666666666667,0,11,10,1.0,0.0,0.0,1.1220354000106454,0.0,0,0
rcs5_k8,55,v1,1.0,0.07,0,10,10,1.0,0.0,0.0,1.192847500089556,0.0,0,0
rcs5_k8,55,joint,1.0,0.07,0,10,10,1.0,0.0,0.0,1.350915199960582,0.0,652,0
rcs5_k8,55,balanced,1.0,0.07,8,60,10,1.0,5120.0,8.533333333333335,1.0649381000548601,0.0,0,0
rcs5_k8,55,robust,1.0,0.06666666666666667,4,21,10,1.0,2560.0,4.266666666666667,3.1740754999918863,0.0,0,0
rcs5_k8,56,v1,1.0,0.03333333333333333,1,10,10,1.0,640.0,1.0666666666666667,1.0642560999840498,0.0,0,0
rcs5_k8,56,joint,1.0,0.03666666666666667,0,10,10,1.0,0.0,0.0,1.2495173000497743,0.005333333333333634,625,1
rcs5_k8,56,balanced,1.0,0.05,8,60,10,1.0,5120.0,8.533333333333335,1.096569599932991,0.0,0,0
rcs5_k8,56,robust,1.0,0.03,4,19,10,1.0,2560.0,4.266666666666667,2.789263300015591,0.0,0,0
rcs5_k8,57,v1,1.0,0.05333333333333334,4,17,10,1.0,2560.0,4.266666666666667,2.0105647000018507,0.0,0,0
rcs5_k8,57,joint,1.0,0.05333333333333334,3,17,10,1.0,1920.0,3.2,2.3426323001040146,2.9483397032237235e-05,938,1
rcs5_k8,57,balanced,1.0,0.05,8,60,10,1.0,5120.0,8.533333333333335,0.965217599994503,0.0,0,0
rcs5_k8,57,robust,1.0,0.03333333333333333,6,24,10,1.0,3840.0,6.400000000000001,2.7744472000049427,0.0,0,0
rcs5_k8,58,v1,1.0,0.04,2,12,10,1.0,1280.0,2.1333333333333333,1.6152707000728697,0.0,0,0
rcs5_k8,58,joint,1.0,0.04,0,13,10,1.0,0.0,0.0,1.8619565999833867,0.01066666666666638,897,1
rcs5_k8,58,balanced,1.0,0.056666666666666664,8,60,10,1.0,5120.0,8.533333333333335,1.0042418000521138,0.0,0,0
rcs5_k8,58,robust,1.0,0.05,8,24,10,1.0,5120.0,8.533333333333335,2.3648116999538615,0.0,0,0
rcs5_k8,59,v1,1.0,0.05333333333333334,0,10,10,1.0,0.0,0.0,0.9946362000191584,0.0,0,0
rcs5_k8,59,joint,1.0,0.05333333333333334,0,10,10,1.0,0.0,0.0,1.1449773999629542,0.0,612,0
rcs5_k8,59,balanced,1.0,0.06,8,60,10,1.0,5120.0,8.533333333333335,0.9420216999715194,0.0,0,0
rcs5_k8,59,robust,1.0,0.04666666666666667,1,11,10,1.0,640.0,1.0666666666666667,1.169572899932973,0.0,0,0
rcs5_k8,60,v1,1.0,0.06,0,10,10,1.0,0.0,0.0,0.9918221000116318,0.0,0,0
rcs5_k8,60,joint,1.0,0.06,0,10,10,1.0,0.0,0.0,1.150817499961704,0.0,644,0
rcs5_k8,60,balanced,1.0,0.06,8,60,10,1.0,5120.0,8.533333333333335,0.989649900002405,0.0,0,0
rcs5_k8,60,robust,1.0,0.023333333333333334,4,19,10,1.0,2560.0,4.266666666666667,3.218128600041382,0.0,0,0
rcs5_k8,61,v1,1.0,0.04,1,13,10,1.0,640.0,1.0666666666666667,1.0761807999806479,0.0,0,0
rcs5_k8,61,joint,1.0,0.04,0,13,10,1.0,0.0,0.0,1.3161768999416381,0.005333333333333634,749,1
rcs5_k8,61,balanced,1.0,0.04,8,60,10,0.9166666666666666,5120.0,8.533333333333335,0.8368744000326842,0.0,0,0
rcs5_k8,61,robust,1.0,0.043333333333333335,4,20,10,1.0,2560.0,4.266666666666667,2.161904099979438,0.0,0,0
rcs5_k8,62,v1,1.0,0.04,0,10,10,1.0,0.0,0.0,0.8953696999233216,0.0,0,0
rcs5_k8,62,joint,1.0,0.04,0,10,10,1.0,0.0,0.0,1.05733290000353,0.0,634,0
rcs5_k8,62,balanced,1.0,0.056666666666666664,8,60,10,1.0,5120.0,8.533333333333335,0.9447026000125334,0.0,0,0
rcs5_k8,62,robust,1.0,0.04,0,13,10,1.0,0.0,0.0,1.574108500033617,0.0,0,0
rcs5_k8,63,v1,1.0,0.05,5,17,10,1.0,3200.0,5.333333333333334,1.7538100000238046,0.0,0,0
rcs5_k8,63,joint,1.0,0.043333333333333335,6,17,10,1.0,3840.0,6.400000000000001,2.0210951000917703,0.29432204397084494,831,3
rcs5_k8,63,balanced,1.0,0.03,8,60,10,1.0,5120.0,8.533333333333335,0.9050152000272647,0.0,0,0
rcs5_k8,63,robust,1.0,0.06,8,35,10,1.0,5120.0,8.533333333333335,3.7952127000316978,0.0,0,0
rcs5_k8,64,v1,1.0,0.06666666666666667,0,10,10,1.0,0.0,0.0,0.9914797999663278,0.0,0,0
rcs5_k8,64,joint,1.0,0.06666666666666667,0,10,10,1.0,0.0,0.0,1.1399794998578727,0.0,626,0
rcs5_k8,64,balanced,1.0,0.06666666666666667,8,60,10,1.0,5120.0,8.533333333333335,0.9843954000389203,0.0,0,0
rcs5_k8,64,robust,1.0,0.07,1,16,10,1.0,640.0,1.0666666666666667,2.011531800031662,0.0,0,0
rcs5_k8,65,v1,0.9,0.07333333333333333,0,10,10,1.0,0.0,0.0,0.8887496000388637,0.0,0,0
rcs5_k8,65,joint,0.9,0.07333333333333333,0,10,10,1.0,0.0,0.0,1.0329621999990195,0.0,608,0
rcs5_k8,65,balanced,1.0,0.04,8,60,10,1.0,5120.0,8.533333333333335,0.8237285999348387,0.0,0,0
rcs5_k8,65,robust,1.0,0.04666666666666667,1,11,10,1.0,640.0,1.0666666666666667,1.0378607000457123,0.0,0,0
rcs5_k8,66,v1,1.0,0.043333333333333335,0,10,10,1.0,0.0,0.0,0.9344962999457493,0.0,0,0
rcs5_k8,66,joint,1.0,0.043333333333333335,0,10,10,1.0,0.0,0.0,1.0973759000189602,0.0,638,0
rcs5_k8,66,balanced,1.0,0.05,8,60,10,1.0,5120.0,8.533333333333335,0.9279371999436989,0.0,0,0
rcs5_k8,66,robust,1.0,0.03666666666666667,2,15,10,1.0,1280.0,2.1333333333333333,1.9024908000137657,0.0,0,0
rcs5_k8,67,v1,0.9,0.04666666666666667,0,10,10,0.9,0.0,0.0,0.8435825000051409,0.0,0,0
rcs5_k8,67,joint,0.9,0.04666666666666667,0,10,10,0.9,0.0,0.0,1.0033931999932975,0.0,679,0
rcs5_k8,67,balanced,1.0,0.04666666666666667,8,60,10,0.9166666666666666,5120.0,8.533333333333335,0.7678055000724271,0.0,0,0
rcs5_k8,67,robust,0.9,0.06,2,19,10,0.9473684210526315,1280.0,2.1333333333333333,2.173235099995509,0.0,0,0
rcs5_k8,68,v1,1.0,0.06,0,10,10,1.0,0.0,0.0,1.0001936999615282,0.0,0,0
rcs5_k8,68,joint,1.0,0.06,0,10,10,1.0,0.0,0.0,1.150110699934885,0.0,621,0
rcs5_k8,68,balanced,1.0,0.03666666666666667,8,60,10,1.0,5120.0,8.533333333333335,0.9102771000470966,0.0,0,0
rcs5_k8,68,robust,1.0,0.056666666666666664,1,17,10,1.0,640.0,1.0666666666666667,2.076041299966164,0.0,0,0
rcs5_k8,69,v1,1.0,0.06,1,11,10,1.0,640.0,1.0666666666666667,1.1498717999784276,0.0,0,0
rcs5_k8,69,joint,1.0,0.05,0,10,10,1.0,0.0,0.0,1.3414725998882204,0.005333333333333634,678,1
rcs5_k8,69,balanced,1.0,0.04,8,60,10,0.9833333333333333,5120.0,8.533333333333335,0.9271425999468192,0.0,0,0
rcs5_k8,69,robust,1.0,0.05333333333333334,8,33,10,1.0,5120.0,8.533333333333335,3.929126700037159,0.0,0,0
rcs5_k8,70,v1,1.0,0.043333333333333335,0,11,10,1.0,0.0,0.0,1.124858400085941,0.0,0,0
rcs5_k8,70,joint,1.0,0.043333333333333335,0,11,10,1.0,0.0,0.0,1.2959795000497252,0.0,697,0
rcs5_k8,70,balanced,1.0,0.06,8,60,10,0.9833333333333333,5120.0,8.533333333333335,1.0328336000675336,0.0,0,0
rcs5_k8,70,robust,1.0,0.04,4,18,10,1.0,2560.0,4.266666666666667,2.26730890001636,0.0,0,0
rcs5_k8,71,v1,1.0,0.06,0,10,10,1.0,0.0,0.0,1.2535763999912888,0.0,0,0
rcs5_k8,71,joint,1.0,0.06,0,10,10,1.0,0.0,0.0,1.4072189000435174,0.0,629,0
rcs5_k8,71,balanced,1.0,0.07,8,60,10,1.0,5120.0,8.533333333333335,1.2595406000036746,0.0,0,0
rcs5_k8,71,robust,1.0,0.04666666666666667,2,16,10,1.0,1280.0,2.1333333333333333,2.9423394999466836,0.0,0,0
rcs5_k8,72,v1,1.0,0.06333333333333334,1,11,10,1.0,640.0,1.0666666666666667,1.1312666999874637,0.0,0,0
rcs5_k8,72,joint,1.0,0.06333333333333334,0,11,10,1.0,0.0,0.0,1.323938399902545,0.005333333333333634,670,1
rcs5_k8,72,balanced,1.0,0.04666666666666667,8,60,10,0.8833333333333333,5120.0,8.533333333333335,0.8684527999721467,0.0,0,0
rcs5_k8,72,robust,1.0,0.05,8,29,10,0.8620689655172413,5120.0,8.533333333333335,3.430893999990076,0.0,0,0
rcs5_k8,73,v1,1.0,0.06666666666666667,1,10,10,1.0,640.0,1.0666666666666667,1.0826393000315875,0.0,0,0
rcs5_k8,73,joint,1.0,0.07333333333333333,0,10,10,1.0,0.0,0.0,1.2498985000420362,0.005333333333333634,608,1
rcs5_k8,73,balanced,1.0,0.04666666666666667,8,60,10,0.9833333333333333,5120.0,8.533333333333335,0.9730910999933258,0.0,0,0
rcs5_k8,73,robust,1.0,0.04,4,14,10,1.0,2560.0,4.266666666666667,1.5984191000461578,0.0,0,0
rcs5_k8,74,v1,1.0,0.04666666666666667,0,12,10,1.0,0.0,0.0,1.3568302999483421,0.0,0,0
rcs5_k8,74,joint,1.0,0.04666666666666667,0,12,10,1.0,0.0,0.0,1.5195619999431074,0.0,678,0
rcs5_k8,74,balanced,1.0,0.05333333333333334,8,60,10,1.0,5120.0,8.533333333333335,1.0874380000168458,0.0,0,0
rcs5_k8,74,robust,1.0,0.04,7,24,10,1.0,4480.0,7.466666666666669,3.785046299919486,0.0,0,0
rcs5_k8,75,v1,0.9,0.043333333333333335,0,10,10,1.0,0.0,0.0,0.84890570002608,0.0,0,0
rcs5_k8,75,joint,0.9,0.043333333333333335,0,10,10,1.0,0.0,0.0,0.9875545999966562,0.0,567,0
rcs5_k8,75,balanced,1.0,0.05,8,60,10,0.9666666666666667,5120.0,8.533333333333335,0.7445912000257522,0.0,0,0
rcs5_k8,75,robust,0.9,0.03333333333333333,8,28,10,0.8928571428571429,5120.0,8.533333333333335,2.7447779000503942,0.0,0,0
rcs5_k8,76,v1,1.0,0.056666666666666664,0,10,10,1.0,0.0,0.0,0.9209746000124142,0.0,0,0
rcs5_k8,76,joint,1.0,0.056666666666666664,0,10,10,1.0,0.0,0.0,1.065908099990338,0.0,598,0
rcs5_k8,76,balanced,1.0,0.043333333333333335,8,60,10,0.9833333333333333,5120.0,8.533333333333335,0.9452241000253707,0.0,0,0
rcs5_k8,76,robust,0.9,0.05,1,15,10,0.9333333333333333,640.0,1.0666666666666667,2.028380799922161,0.0,0,0
rcs5_k8,77,v1,1.0,0.05333333333333334,0,10,10,1.0,0.0,0.0,0.8185385999968275,0.0,0,0
rcs5_k8,77,joint,1.0,0.05333333333333334,0,10,10,1.0,0.0,0.0,0.9697255999781191,0.0,590,0
rcs5_k8,77,balanced,1.0,0.043333333333333335,8,60,10,1.0,5120.0,8.533333333333335,0.8326978000113741,0.0,0,0
rcs5_k8,77,robust,1.0,0.03666666666666667,6,25,10,1.0,3840.0,6.400000000000001,3.178763800067827,0.0,0,0
rcs5_k8,78,v1,1.0,0.056666666666666664,0,10,10,1.0,0.0,0.0,0.9869884999934584,0.0,0,0
rcs5_k8,78,joint,1.0,0.056666666666666664,0,10,10,1.0,0.0,0.0,1.1509121000999585,0.0,659,0
rcs5_k8,78,balanced,1.0,0.05,8,60,10,1.0,5120.0,8.533333333333335,1.0024836999364197,0.0,0,0
rcs5_k8,78,robust,1.0,0.04,2,13,10,1.0,1280.0,2.1333333333333333,1.5959696000209078,0.0,0,0
rcs5_k8,79,v1,1.0,0.07333333333333333,0,10,10,1.0,0.0,0.0,0.9311196999624372,0.0,0,0
rcs5_k8,79,joint,1.0,0.07333333333333333,0,10,10,1.0,0.0,0.0,1.0951829000841826,0.0,604,0
rcs5_k8,79,balanced,1.0,0.08666666666666667,8,60,10,1.0,5120.0,8.533333333333335,0.9682376000564545,0.0,0,0
rcs5_k8,79,robust,1.0,0.056666666666666664,1,15,10,1.0,640.0,1.0666666666666667,1.50053689989727,0.0,0,0
rcs5_k8,80,v1,0.8,0.08,1,13,10,0.9230769230769231,640.0,1.0666666666666667,1.0232983999885619,0.0,0,0
rcs5_k8,80,joint,0.8,0.08333333333333333,0,13,10,0.9230769230769231,0.0,0.0,1.2515863000880927,0.005333333333333634,805,1
rcs5_k8,80,balanced,1.0,0.056666666666666664,8,60,10,0.95,5120.0,8.533333333333335,0.6891330999787897,0.0,0,0
rcs5_k8,80,robust,0.9,0.07,8,18,10,0.9444444444444444,5120.0,8.533333333333335,1.6653197999112308,0.0,0,0
rcs5_k8,81,v1,1.0,0.06,8,20,10,1.0,5120.0,8.533333333333335,1.275993200019002,0.0,0,0
rcs5_k8,81,joint,1.0,0.056666666666666664,0,10,10,1.0,0.0,0.0,1.5061351000331342,0.6330374535448176,810,2
rcs5_k8,81,balanced,1.0,0.04,8,60,10,1.0,5120.0,8.533333333333335,0.5656211000168696,0.0,0,0
rcs5_k8,81,robust,1.0,0.02666666666666667,8,24,10,1.0,5120.0,8.533333333333335,1.853634300059639,0.0,0,0
rcs5_k8,82,v1,1.0,0.043333333333333335,0,10,10,1.0,0.0,0.0,0.78025810001418,0.0,0,0
rcs5_k8,82,joint,1.0,0.043333333333333335,0,10,10,1.0,0.0,0.0,0.9082062999950722,0.0,547,0
rcs5_k8,82,balanced,1.0,0.06333333333333334,8,60,10,0.9833333333333333,5120.0,8.533333333333335,0.6828472000779584,0.0,0,0
rcs5_k8,82,robust,1.0,0.05333333333333334,7,32,10,0.96875,4480.0,7.466666666666669,4.353001400013454,0.0,0,0
rcs5_k8,83,v1,0.8,0.05,0,12,10,0.9166666666666666,0.0,0.0,0.953671499970369,0.0,0,0
rcs5_k8,83,joint,0.8,0.05,0,12,10,0.9166666666666666,0.0,0.0,1.1241130999987945,0.0,664,0
rcs5_k8,83,balanced,1.0,0.04666666666666667,8,60,10,0.9333333333333333,5120.0,8.533333333333335,0.5540352000389248,0.0,0,0
rcs5_k8,83,robust,1.0,0.056666666666666664,8,34,10,0.8823529411764706,5120.0,8.533333333333335,3.192847999976948,0.0,0,0
rcs5_k8,84,v1,1.0,0.03,0,10,10,1.0,0.0,0.0,0.8394449000479653,0.0,0,0
rcs5_k8,84,joint,1.0,0.03,0,10,10,1.0,0.0,0.0,1.0052740998798981,0.0,704,0
rcs5_k8,84,balanced,1.0,0.06333333333333334,8,60,10,0.9833333333333333,5120.0,8.533333333333335,0.8594963999930769,0.0,0,0
rcs5_k8,84,robust,1.0,0.043333333333333335,2,12,10,1.0,1280.0,2.1333333333333333,1.2742539000464603,0.0,0,0
rcs5_k8,85,v1,0.9,0.08,2,15,10,1.0,1280.0,2.1333333333333333,1.3210668000392616,0.0,0,0
rcs5_k8,85,joint,0.9,0.07666666666666666,0,10,10,1.0,0.0,0.0,1.5579024000326172,0.09492687660129562,738,1
rcs5_k8,85,balanced,1.0,0.06,8,60,10,1.0,5120.0,8.533333333333335,0.8668484999798238,0.0,0,0
rcs5_k8,85,robust,1.0,0.07,5,19,10,1.0,3200.0,5.333333333333334,2.234280600096099,0.0,0,0
rcs5_k8,86,v1,1.0,0.04666666666666667,0,10,10,1.0,0.0,0.0,0.9141148999333382,0.0,0,0
rcs5_k8,86,joint,1.0,0.04666666666666667,0,10,10,1.0,0.0,0.0,1.070091599947773,0.0,643,0
rcs5_k8,86,balanced,1.0,0.05333333333333334,8,60,10,1.0,5120.0,8.533333333333335,0.6651564999483526,0.0,0,0
rcs5_k8,86,robust,1.0,0.016666666666666666,8,25,10,1.0,5120.0,8.533333333333335,2.6002020000014454,0.0,0,0
rcs5_k8,87,v1,0.9,0.05,0,10,10,1.0,0.0,0.0,0.9547133999876678,0.0,0,0
rcs5_k8,87,joint,0.9,0.05,0,10,10,1.0,0.0,0.0,1.1044434999348596,0.0,607,0
rcs5_k8,87,balanced,1.0,0.056666666666666664,8,60,10,0.9833333333333333,5120.0,8.533333333333335,0.9590790000511333,0.0,0,0
rcs5_k8,87,robust,1.0,0.03666666666666667,0,15,10,1.0,0.0,0.0,1.7104928999906406,0.0,0,0
rcs5_k8,88,v1,1.0,0.05,4,14,10,1.0,2560.0,4.266666666666667,1.3694897000677884,0.0,0,0
rcs5_k8,88,joint,1.0,0.05,4,14,10,1.0,2560.0,4.266666666666667,1.5372648999327794,0.0,636,0
rcs5_k8,88,balanced,1.0,0.05333333333333334,8,60,10,1.0,5120.0,8.533333333333335,0.9405670000705868,0.0,0,0
rcs5_k8,88,robust,1.0,0.06333333333333334,8,21,10,1.0,5120.0,8.533333333333335,1.8577448999276385,0.0,0,0
rcs5_k8,89,v1,0.9,0.04666666666666667,0,10,10,1.0,0.0,0.0,1.00044049997814,0.0,0,0
rcs5_k8,89,joint,0.9,0.04666666666666667,0,10,10,1.0,0.0,0.0,1.1573309999657795,0.0,614,0
rcs5_k8,89,balanced,1.0,0.02666666666666667,8,60,10,1.0,5120.0,8.533333333333335,1.037925299955532,0.0,0,0
rcs5_k8,89,robust,1.0,0.05333333333333334,0,17,10,1.0,0.0,0.0,3.5453643000219017,0.0,0,0
rcs5_k8,90,v1,1.0,0.05,1,11,10,1.0,640.0,1.0666666666666667,1.170085099991411,0.0,0,0
rcs5_k8,90,joint,1.0,0.05333333333333334,0,11,10,1.0,0.0,0.0,1.3705670001218095,0.005333333333333634,718,1
rcs5_k8,90,balanced,1.0,0.07333333333333333,8,60,10,0.95,5120.0,8.533333333333335,1.0931906999321654,0.0,0,0
rcs5_k8,90,robust,1.0,0.07666666666666666,5,20,10,1.0,3200.0,5.333333333333334,2.5931003000587225,0.0,0,0
rcs5_k8,91,v1,0.9,0.04666666666666667,1,11,10,1.0,640.0,1.0666666666666667,1.1303270000498742,0.0,0,0
rcs5_k8,91,joint,0.9,0.04666666666666667,0,11,10,1.0,0.0,0.0,1.3250258000334725,0.005333333333333634,697,1
rcs5_k8,91,balanced,1.0,0.04,8,60,10,0.9666666666666667,5120.0,8.533333333333335,0.8550849000457674,0.0,0,0
rcs5_k8,91,robust,1.0,0.04,8,26,10,1.0,5120.0,8.533333333333335,2.826040899963118,0.0,0,0
rcs5_k8,92,v1,1.0,0.05333333333333334,1,11,10,1.0,640.0,1.0666666666666667,1.1922815999714658,0.0,0,0
rcs5_k8,92,joint,1.0,0.05,0,11,10,1.0,0.0,0.0,1.419301399961114,0.005333333333333634,719,1
rcs5_k8,92,balanced,1.0,0.06333333333333334,8,60,10,1.0,5120.0,8.533333333333335,1.1214296000543982,0.0,0,0
rcs5_k8,92,robust,1.0,0.06666666666666667,7,18,10,1.0,4480.0,7.466666666666669,2.089246999938041,0.0,0,0
rcs5_k8,93,v1,0.9,0.04666666666666667,1,11,10,0.9090909090909091,640.0,1.0666666666666667,1.0712656000396237,0.0,0,0
rcs5_k8,93,joint,0.9,0.04,0,11,10,0.9090909090909091,0.0,0.0,1.2946135000092909,0.005333333333333634,742,1
rcs5_k8,93,balanced,1.0,0.04666666666666667,8,60,10,0.9333333333333333,5120.0,8.533333333333335,0.9520614999346435,0.0,0,0
rcs5_k8,93,robust,1.0,0.06,8,19,10,0.9473684210526315,5120.0,8.533333333333335,2.540796200046316,0.0,0,0
rcs5_k8,94,v1,1.0,0.05333333333333334,0,10,10,1.0,0.0,0.0,1.002091099973768,0.0,0,0
rcs5_k8,94,joint,1.0,0.05333333333333334,0,10,10,1.0,0.0,0.0,1.1542505000252277,0.0,629,0
rcs5_k8,94,balanced,1.0,0.05,8,60,10,1.0,5120.0,8.533333333333335,0.945386299979873,0.0,0,0
rcs5_k8,94,robust,1.0,0.06,5,17,10,1.0,3200.0,5.333333333333334,2.0040503999916837,0.0,0,0
rcs5_k8,95,v1,1.0,0.043333333333333335,0,10,10,1.0,0.0,0.0,0.7045462999958545,0.0,0,0
rcs5_k8,95,joint,1.0,0.043333333333333335,0,10,10,1.0,0.0,0.0,0.8332939998945221,0.0,529,0
rcs5_k8,95,balanced,1.0,0.05,8,60,10,0.9833333333333333,5120.0,8.533333333333335,0.6482245000079274,0.0,0,0
rcs5_k8,95,robust,1.0,0.043333333333333335,0,20,10,1.0,0.0,0.0,2.232838000054471,0.0,0,0
rcs5_k8,96,v1,1.0,0.04,1,10,10,1.0,640.0,1.0666666666666667,1.0672998999943957,0.0,0,0
rcs5_k8,96,joint,1.0,0.04,0,10,10,1.0,0.0,0.0,1.2544207000173628,0.005333333333333634,633,1
rcs5_k8,96,balanced,1.0,0.056666666666666664,8,60,10,1.0,5120.0,8.533333333333335,0.9410820999182761,0.0,0,0
rcs5_k8,96,robust,1.0,0.03333333333333333,6,18,10,1.0,3840.0,6.400000000000001,2.122271800064482,0.0,0,0
rcs5_k8,97,v1,1.0,0.05,0,10,10,1.0,0.0,0.0,0.9632281999802217,0.0,0,0
rcs5_k8,97,joint,1.0,0.05,0,10,10,1.0,0.0,0.0,1.1155260999221355,0.0,618,0
rcs5_k8,97,balanced,1.0,0.06333333333333334,8,60,10,0.9833333333333333,5120.0,8.533333333333335,0.9426499999826774,0.0,0,0
rcs5_k8,97,robust,1.0,0.05,1,12,10,1.0,640.0,1.0666666666666667,1.29290880006738,0.0,0,0
rcs5_k8,98,v1,1.0,0.03333333333333333,0,10,10,1.0,0.0,0.0,0.9397220000391826,0.0,0,0
rcs5_k8,98,joint,1.0,0.03333333333333333,0,10,10,1.0,0.0,0.0,1.0901392000960186,0.0,629,0
rcs5_k8,98,balanced,1.0,0.043333333333333335,8,60,10,1.0,5120.0,8.533333333333335,0.9220927000278607,0.0,0,0
rcs5_k8,98,robust,1.0,0.05333333333333334,0,10,10,1.0,0.0,0.0,1.10419580002781,0.0,0,0
rcs5_k8,99,v1,1.0,0.05333333333333334,0,10,10,1.0,0.0,0.0,1.0738418999826536,0.0,0,0
rcs5_k8,99,joint,1.0,0.05333333333333334,0,10,10,1.0,0.0,0.0,1.2252642998937517,0.0,607,0
rcs5_k8,99,balanced,1.0,0.05,8,60,10,1.0,5120.0,8.533333333333335,1.0174763000104576,0.0,0,0
rcs5_k8,99,robust,1.0,0.056666666666666664,0,13,10,1.0,0.0,0.0,1.9170758000109345,0.0,0,0
rcs20_k0,0,v1,1.0,0.06,0,10,10,1.0,0.0,0.0,0.5895337999099866,0.0,0,0
rcs20_k0,0,joint,1.0,0.06,0,10,10,1.0,0.0,0.0,0.6774923999328166,0.0,270,0
rcs20_k0,0,balanced,1.0,0.05333333333333334,0,60,10,1.0,0.0,0.0,0.7488279999233782,0.0,0,0
rcs20_k0,0,robust,1.0,0.06,0,10,10,1.0,0.0,0.0,0.596872300026007,0.0,0,0
rcs20_k0,1,v1,1.0,0.02666666666666667,0,10,10,1.0,0.0,0.0,0.5585356000810862,0.0,0,0
rcs20_k0,1,joint,1.0,0.02666666666666667,0,10,10,1.0,0.0,0.0,0.6454087001038715,0.0,285,0
rcs20_k0,1,balanced,1.0,0.023333333333333334,0,60,10,0.9833333333333333,0.0,0.0,0.6477733999490738,0.0,0,0
rcs20_k0,1,robust,1.0,0.02666666666666667,0,10,10,1.0,0.0,0.0,0.5532821000088006,0.0,0,0
rcs20_k0,2,v1,1.0,0.06333333333333334,0,10,10,1.0,0.0,0.0,0.6712572999531403,0.0,0,0
rcs20_k0,2,joint,1.0,0.06333333333333334,0,10,10,1.0,0.0,0.0,0.7589164999080822,0.0,286,0
rcs20_k0,2,balanced,1.0,0.06,0,60,10,0.95,0.0,0.0,0.8179957000538707,0.0,0,0
rcs20_k0,2,robust,1.0,0.06,0,10,10,1.0,0.0,0.0,0.7157229000004008,0.0,0,0
rcs20_k0,3,v1,1.0,0.05333333333333334,0,10,10,1.0,0.0,0.0,0.5873976000584662,0.0,0,0
rcs20_k0,3,joint,1.0,0.05333333333333334,0,10,10,1.0,0.0,0.0,0.6743610000703484,0.0,291,0
rcs20_k0,3,balanced,1.0,0.05333333333333334,0,60,10,0.9833333333333333,0.0,0.0,0.7987409000052139,0.0,0,0
rcs20_k0,3,robust,1.0,0.05,0,12,10,1.0,0.0,0.0,0.8158923999872059,0.0,0,0
rcs20_k0,4,v1,1.0,0.02666666666666667,0,13,10,1.0,0.0,0.0,0.7935341999400407,0.0,0,0
rcs20_k0,4,joint,1.0,0.02666666666666667,0,13,10,1.0,0.0,0.0,0.8885654000332579,0.0,313,0
rcs20_k0,4,balanced,1.0,0.05333333333333334,0,60,10,1.0,0.0,0.0,0.8490172999445349,0.0,0,0
rcs20_k0,4,robust,1.0,0.03,0,16,10,1.0,0.0,0.0,1.1389673000667244,0.0,0,0
rcs20_k0,5,v1,1.0,0.056666666666666664,0,10,10,1.0,0.0,0.0,0.6060129000106826,0.0,0,0
rcs20_k0,5,joint,1.0,0.056666666666666664,0,10,10,1.0,0.0,0.0,0.6900117000332102,0.0,277,0
rcs20_k0,5,balanced,1.0,0.02666666666666667,0,60,10,0.9833333333333333,0.0,0.0,0.8725959999719635,0.0,0,0
rcs20_k0,5,robust,1.0,0.06,0,10,10,1.0,0.0,0.0,0.6914227000670508,0.0,0,0
rcs20_k0,6,v1,0.9,0.04,0,10,10,0.9,0.0,0.0,0.5564696000656113,0.0,0,0
rcs20_k0,6,joint,0.9,0.04,0,10,10,0.9,0.0,0.0,0.6423459000652656,0.0,289,0
rcs20_k0,6,balanced,1.0,0.07,0,60,10,0.9666666666666667,0.0,0.0,0.6921251000603661,0.0,0,0
rcs20_k0,6,robust,0.9,0.04666666666666667,0,10,10,0.9,0.0,0.0,0.7361018999945372,0.0,0,0
rcs20_k0,7,v1,0.9,0.06,0,10,10,0.9,0.0,0.0,0.6193360999459401,0.0,0,0
rcs20_k0,7,joint,0.9,0.06,0,10,10,0.9,0.0,0.0,0.7032027998939157,0.0,292,0
rcs20_k0,7,balanced,0.9,0.03,0,60,10,0.8833333333333333,0.0,0.0,0.9085314000258222,0.0,0,0
rcs20_k0,7,robust,0.9,0.04666666666666667,0,10,10,0.9,0.0,0.0,0.7901315999915823,0.0,0,0
rcs20_k0,8,v1,1.0,0.04666666666666667,0,11,10,1.0,0.0,0.0,0.6036076999735087,0.0,0,0
rcs20_k0,8,joint,1.0,0.04666666666666667,0,11,10,1.0,0.0,0.0,0.6998221001122147,0.0,302,0
rcs20_k0,8,balanced,1.0,0.05,0,60,10,1.0,0.0,0.0,0.7883197999326512,0.0,0,0
rcs20_k0,8,robust,1.0,0.043333333333333335,0,19,10,1.0,0.0,0.0,1.3075870999600738,0.0,0,0
rcs20_k0,9,v1,1.0,0.04,0,10,10,1.0,0.0,0.0,0.6564513000193983,0.0,0,0
rcs20_k0,9,joint,1.0,0.04,0,10,10,1.0,0.0,0.0,0.7429492998635396,0.0,266,0
rcs20_k0,9,balanced,1.0,0.03666666666666667,0,60,10,1.0,0.0,0.0,0.8966734000714496,0.0,0,0
rcs20_k0,9,robust,1.0,0.03666666666666667,0,10,10,1.0,0.0,0.0,0.638831999967806,0.0,0,0
rcs20_k0,10,v1,1.0,0.04666666666666667,0,10,10,1.0,0.0,0.0,0.8111081999959424,0.0,0,0
rcs20_k0,10,joint,1.0,0.04666666666666667,0,10,10,1.0,0.0,0.0,0.8983030000235885,0.0,277,0
rcs20_k0,10,balanced,1.0,0.04,0,60,10,1.0,0.0,0.0,1.042688399902545,0.0,0,0
rcs20_k0,10,robust,1.0,0.043333333333333335,0,10,10,1.0,0.0,0.0,0.815330500015989,0.0,0,0
rcs20_k0,11,v1,1.0,0.06666666666666667,0,10,10,1.0,0.0,0.0,0.8281682999804616,0.0,0,0
rcs20_k0,11,joint,1.0,0.06666666666666667,0,10,10,1.0,0.0,0.0,0.9122408999828622,0.0,281,0
rcs20_k0,11,balanced,1.0,0.06666666666666667,0,60,10,1.0,0.0,0.0,1.0624014000641182,0.0,0,0
rcs20_k0,11,robust,1.0,0.06666666666666667,0,11,10,1.0,0.0,0.0,0.8821718000108376,0.0,0,0
rcs20_k0,12,v1,0.9,0.056666666666666664,0,10,10,0.9,0.0,0.0,0.8504533000523224,0.0,0,0
rcs20_k0,12,joint,0.9,0.056666666666666664,0,10,10,0.9,0.0,0.0,0.9343683000188321,0.0,281,0
rcs20_k0,12,balanced,0.9,0.04666666666666667,0,60,10,0.9,0.0,0.0,1.178597699967213,0.0,0,0
rcs20_k0,12,robust,0.9,0.05,0,10,10,0.9,0.0,0.0,0.8684468000428751,0.0,0,0
rcs20_k0,13,v1,1.0,0.06666666666666667,0,10,10,1.0,0.0,0.0,0.6033056000014767,0.0,0,0
rcs20_k0,13,joint,1.0,0.06666666666666667,0,10,10,1.0,0.0,0.0,0.7007818999700248,0.0,287,0
rcs20_k0,13,balanced,1.0,0.043333333333333335,0,60,10,1.0,0.0,0.0,0.8472732999362051,0.0,0,0
rcs20_k0,13,robust,1.0,0.05333333333333334,0,12,10,1.0,0.0,0.0,0.849531100015156,0.0,0,0
rcs20_k0,14,v1,1.0,0.06,0,10,10,1.0,0.0,0.0,0.7049652999266982,0.0,0,0
rcs20_k0,14,joint,1.0,0.06,0,10,10,1.0,0.0,0.0,0.8064573999727145,0.0,281,0
rcs20_k0,14,balanced,1.0,0.05,0,60,10,1.0,0.0,0.0,0.9639393999241292,0.0,0,0
rcs20_k0,14,robust,1.0,0.05,0,15,10,1.0,0.0,0.0,1.0038790000835434,0.0,0,0
rcs20_k0,15,v1,1.0,0.04,0,10,10,1.0,0.0,0.0,0.7968724000966176,0.0,0,0
rcs20_k0,15,joint,1.0,0.04,0,10,10,1.0,0.0,0.0,0.8876114001031965,0.0,276,0
rcs20_k0,15,balanced,1.0,0.06,0,60,10,1.0,0.0,0.0,1.142194699961692,0.0,0,0
rcs20_k0,15,robust,1.0,0.03666666666666667,0,10,10,1.0,0.0,0.0,0.7895834000082687,0.0,0,0
rcs20_k0,16,v1,1.0,0.06333333333333334,0,10,10,1.0,0.0,0.0,0.777002300019376,0.0,0,0
rcs20_k0,16,joint,1.0,0.06333333333333334,0,10,10,1.0,0.0,0.0,0.8646685001440346,0.0,281,0
rcs20_k0,16,balanced,1.0,0.04666666666666667,0,60,10,0.9333333333333333,0.0,0.0,0.9998791998950765,0.0,0,0
rcs20_k0,16,robust,1.0,0.06333333333333334,0,10,10,1.0,0.0,0.0,0.731133499997668,0.0,0,0
rcs20_k0,17,v1,1.0,0.056666666666666664,0,10,10,1.0,0.0,0.0,0.7255362999858335,0.0,0,0
rcs20_k0,17,joint,1.0,0.056666666666666664,0,10,10,1.0,0.0,0.0,0.8202217001235113,0.0,284,0
rcs20_k0,17,balanced,1.0,0.04,0,60,10,1.0,0.0,0.0,0.9690769999288023,0.0,0,0
rcs20_k0,17,robust,1.0,0.06333333333333334,0,10,10,1.0,0.0,0.0,0.7178975000279024,0.0,0,0
rcs20_k0,18,v1,1.0,0.03,0,11,10,1.0,0.0,0.0,0.6836146999849007,0.0,0,0
rcs20_k0,18,joint,1.0,0.03,0,11,10,1.0,0.0,0.0,0.7764953000005335,0.0,299,0
rcs20_k0,18,balanced,1.0,0.04,0,60,10,0.95,0.0,0.0,0.8256263999501243,0.0,0,0
rcs20_k0,18,robust,1.0,0.05333333333333334,0,18,10,1.0,0.0,0.0,1.2118056999752298,0.0,0,0
rcs20_k0,19,v1,1.0,0.03,0,10,10,1.0,0.0,0.0,0.7441076000686735,0.0,0,0
rcs20_k0,19,joint,1.0,0.03,0,10,10,1.0,0.0,0.0,0.8362281000008807,0.0,287,0
rcs20_k0,19,balanced,1.0,0.06,0,60,10,1.0,0.0,0.0,0.933147200034,0.0,0,0
rcs20_k0,19,robust,1.0,0.043333333333333335,0,10,10,1.0,0.0,0.0,0.7023444999940693,0.0,0,0
rcs20_k0,20,v1,1.0,0.06,0,10,10,1.0,0.0,0.0,0.7479172000894323,0.0,0,0
rcs20_k0,20,joint,1.0,0.06,0,10,10,1.0,0.0,0.0,0.8303536000894383,0.0,270,0
rcs20_k0,20,balanced,1.0,0.04666666666666667,0,60,10,1.0,0.0,0.0,0.9532763999886811,0.0,0,0
rcs20_k0,20,robust,1.0,0.06,0,10,10,1.0,0.0,0.0,0.6893743000691757,0.0,0,0
rcs20_k0,21,v1,1.0,0.056666666666666664,0,10,10,1.0,0.0,0.0,0.745569400023669,0.0,0,0
rcs20_k0,21,joint,1.0,0.056666666666666664,0,10,10,1.0,0.0,0.0,0.8301196000538766,0.0,270,0
rcs20_k0,21,balanced,1.0,0.06666666666666667,0,60,10,1.0,0.0,0.0,1.0036432000342757,0.0,0,0
rcs20_k0,21,robust,1.0,0.06,0,10,10,1.0,0.0,0.0,0.7272515000076964,0.0,0,0
rcs20_k0,22,v1,1.0,0.05,0,10,10,1.0,0.0,0.0,0.7049671999411657,0.0,0,0
rcs20_k0,22,joint,1.0,0.05,0,10,10,1.0,0.0,0.0,0.7962114000692964,0.0,279,0
rcs20_k0,22,balanced,1.0,0.06,0,60,10,1.0,0.0,0.0,0.9343646999914199,0.0,0,0
rcs20_k0,22,robust,1.0,0.05,0,10,10,1.0,0.0,0.0,0.7187116999411955,0.0,0,0
rcs20_k0,23,v1,1.0,0.043333333333333335,0,10,10,1.0,0.0,0.0,0.7613072000676766,0.0,0,0
rcs20_k0,23,joint,1.0,0.043333333333333335,0,10,10,1.0,0.0,0.0,0.8465460001025349,0.0,270,0
rcs20_k0,23,balanced,1.0,0.05333333333333334,0,60,10,1.0,0.0,0.0,1.0123801999725401,0.0,0,0
rcs20_k0,23,robust,1.0,0.04,0,10,10,1.0,0.0,0.0,0.7708225999958813,0.0,0,0
rcs20_k0,24,v1,1.0,0.043333333333333335,0,10,10,1.0,0.0,0.0,0.6216110000386834,0.0,0,0
rcs20_k0,24,joint,1.0,0.043333333333333335,0,10,10,1.0,0.0,0.0,0.7102520000189543,0.0,286,0
rcs20_k0,24,balanced,1.0,0.06,0,60,10,1.0,0.0,0.0,0.836628400022164,0.0,0,0
rcs20_k0,24,robust,1.0,0.03666666666666667,0,11,10,1.0,0.0,0.0,0.7665295000188053,0.0,0,0
rcs20_k0,25,v1,1.0,0.04666666666666667,0,10,10,1.0,0.0,0.0,0.5480293999426067,0.0,0,0
rcs20_k0,25,joint,1.0,0.04666666666666667,0,10,10,1.0,0.0,0.0,0.6291518999496475,0.0,280,0
rcs20_k0,25,balanced,1.0,0.03666666666666667,0,60,10,0.9833333333333333,0.0,0.0,0.6914511000504717,0.0,0,0
rcs20_k0,25,robust,1.0,0.06,0,16,10,1.0,0.0,0.0,1.1286160999443382,0.0,0,0
rcs20_k0,26,v1,1.0,0.06666666666666667,0,11,10,1.0,0.0,0.0,0.6504038000712171,0.0,0,0
rcs20_k0,26,joint,1.0,0.06666666666666667,0,11,10,1.0,0.0,0.0,0.7359127001836896,0.0,282,0
rcs20_k0,26,balanced,1.0,0.03333333333333333,0,60,10,1.0,0.0,0.0,0.7952649000799283,0.0,0,0
rcs20_k0,26,robust,1.0,0.056666666666666664,0,15,10,1.0,0.0,0.0,0.9551738000009209,0.0,0,0
rcs20_k0,27,v1,1.0,0.05,0,10,10,1.0,0.0,0.0,0.5817988000344485,0.0,0,0
rcs20_k0,27,joint,1.0,0.05,0,10,10,1.0,0.0,0.0,0.6680776001885533,0.0,281,0
rcs20_k0,27,balanced,1.0,0.03666666666666667,0,60,10,1.0,0.0,0.0,0.7339405999518931,0.0,0,0
rcs20_k0,27,robust,1.0,0.043333333333333335,0,10,10,1.0,0.0,0.0,0.6132586000021547,0.0,0,0
rcs20_k0,28,v1,1.0,0.04,0,10,10,1.0,0.0,0.0,0.6391235999763012,0.0,0,0
rcs20_k0,28,joint,1.0,0.04,0,10,10,1.0,0.0,0.0,0.7265802999027073,0.0,277,0
rcs20_k0,28,balanced,1.0,0.06,0,60,10,1.0,0.0,0.0,0.8352846000343561,0.0,0,0
rcs20_k0,28,robust,1.0,0.043333333333333335,0,10,10,1.0,0.0,0.0,0.7306515999371186,0.0,0,0
rcs20_k0,29,v1,1.0,0.03,0,11,10,1.0,0.0,0.0,0.6118000000715256,0.0,0,0
rcs20_k0,29,joint,1.0,0.03,0,11,10,1.0,0.0,0.0,0.6970076001016423,0.0,287,0
rcs20_k0,29,balanced,1.0,0.056666666666666664,0,60,10,1.0,0.0,0.0,0.6730857000220567,0.0,0,0
rcs20_k0,29,robust,1.0,0.02,0,15,10,1.0,0.0,0.0,0.7714800999965519,0.0,0,0
rcs20_k0,30,v1,0.9,0.023333333333333334,0,10,10,0.9,0.0,0.0,0.5645645000040531,0.0,0,0
rcs20_k0,30,joint,0.9,0.023333333333333334,0,10,10,0.9,0.0,0.0,0.646061799954623,0.0,272,0
rcs20_k0,30,balanced,1.0,0.043333333333333335,0,60,10,0.8833333333333333,0.0,0.0,0.6572871999815106,0.0,0,0
rcs20_k0,30,robust,1.0,0.043333333333333335,0,13,10,0.9230769230769231,0.0,0.0,0.8501044000731781,0.0,0,0
rcs20_k0,31,v1,1.0,0.04,0,10,10,1.0,0.0,0.0,0.7126769000897184,0.0,0,0
rcs20_k0,31,joint,1.0,0.04,0,10,10,1.0,0.0,0.0,0.7996074000839144,0.0,293,0
rcs20_k0,31,balanced,1.0,0.06333333333333334,0,60,10,1.0,0.0,0.0,0.9694590999279171,0.0,0,0
rcs20_k0,31,robust,1.0,0.04666666666666667,0,10,10,1.0,0.0,0.0,0.8533533000154421,0.0,0,0
rcs20_k0,32,v1,1.0,0.043333333333333335,0,10,10,1.0,0.0,0.0,0.631672199931927,0.0,0,0
rcs20_k0,32,joint,1.0,0.043333333333333335,0,10,10,1.0,0.0,0.0,0.7131342999637127,0.0,270,0
rcs20_k0,32,balanced,1.0,0.03,0,60,10,1.0,0.0,0.0,0.8159692999906838,0.0,0,0
rcs20_k0,32,robust,1.0,0.03666666666666667,0,10,10,1.0,0.0,0.0,0.6554704000009224,0.0,0,0
rcs20_k0,33,v1,1.0,0.07,0,10,10,1.0,0.0,0.0,0.6235228999285027,0.0,0,0
rcs20_k0,33,joint,1.0,0.07,0,10,10,1.0,0.0,0.0,0.7056863999459893,0.0,277,0
rcs20_k0,33,balanced,1.0,0.06333333333333334,0,60,10,0.9833333333333333,0.0,0.0,0.8121940999990329,0.0,0,0
rcs20_k0,33,robust,1.0,0.06666666666666667,0,10,10,1.0,0.0,0.0,0.6648471000371501,0.0,0,0
rcs20_k0,34,v1,0.9,0.04,0,10,10,0.9,0.0,0.0,0.6823148999828845,0.0,0,0
rcs20_k0,34,joint,0.9,0.04,0,10,10,0.9,0.0,0.0,0.760196499992162,0.0,272,0
rcs20_k0,34,balanced,1.0,0.07666666666666666,0,60,10,0.9833333333333333,0.0,0.0,0.9871315999189392,0.0,0,0
rcs20_k0,34,robust,0.9,0.043333333333333335,0,10,10,0.9,0.0,0.0,0.7470467000966892,0.0,0,0
rcs20_k0,35,v1,1.0,0.03333333333333333,0,10,10,1.0,0.0,0.0,0.5559800000628456,0.0,0,0
rcs20_k0,35,joint,1.0,0.03333333333333333,0,10,10,1.0,0.0,0.0,0.639861200004816,0.0,279,0
rcs20_k0,35,balanced,1.0,0.05,0,60,10,1.0,0.0,0.0,0.7057457000482827,0.0,0,0
rcs20_k0,35,robust,1.0,0.02666666666666667,0,10,10,1.0,0.0,0.0,0.6048094999277964,0.0,0,0
rcs20_k0,36,v1,1.0,0.03666666666666667,0,10,10,1.0,0.0,0.0,0.6630510999821126,0.0,0,0
rcs20_k0,36,joint,1.0,0.03666666666666667,0,10,10,1.0,0.0,0.0,0.746582500054501,0.0,282,0
rcs20_k0,36,balanced,1.0,0.05,0,60,10,1.0,0.0,0.0,0.9046607000054792,0.0,0,0
rcs20_k0,36,robust,1.0,0.056666666666666664,0,10,10,1.0,0.0,0.0,0.7242726000258699,0.0,0,0
rcs20_k0,37,v1,1.0,0.07666666666666666,0,10,10,1.0,0.0,0.0,0.60219370003324,0.0,0,0
rcs20_k0,37,joint,1.0,0.07666666666666666,0,10,10,1.0,0.0,0.0,0.6860130000859499,0.0,273,0
rcs20_k0,37,balanced,1.0,0.08333333333333333,0,60,10,0.9833333333333333,0.0,0.0,0.7634589999215677,0.0,0,0
rcs20_k0,37,robust,1.0,0.08333333333333333,0,10,10,1.0,0.0,0.0,0.6871756000909954,0.0,0,0
rcs20_k0,38,v1,1.0,0.04666666666666667,0,10,10,1.0,0.0,0.0,0.6989552999148145,0.0,0,0
rcs20_k0,38,joint,1.0,0.04666666666666667,0,10,10,1.0,0.0,0.0,0.7844254000810906,0.0,283,0
rcs20_k0,38,balanced,1.0,0.05,0,60,10,1.0,0.0,0.0,0.9438163000158966,0.0,0,0
rcs20_k0,38,robust,1.0,0.043333333333333335,0,11,10,1.0,0.0,0.0,0.8374206000007689,0.0,0,0
rcs20_k0,39,v1,1.0,0.04666666666666667,0,10,10,1.0,0.0,0.0,0.598960000090301,0.0,0,0
rcs20_k0,39,joint,1.0,0.04666666666666667,0,10,10,1.0,0.0,0.0,0.6791155001847073,0.0,272,0
rcs20_k0,39,balanced,1.0,0.056666666666666664,0,60,10,1.0,0.0,0.0,0.7718306999886408,0.0,0,0
rcs20_k0,39,robust,1.0,0.043333333333333335,0,10,10,1.0,0.0,0.0,0.6691250000149012,0.0,0,0
rcs20_k0,40,v1,1.0,0.06333333333333334,0,10,10,1.0,0.0,0.0,0.6206851999741048,0.0,0,0
rcs20_k0,40,joint,1.0,0.06333333333333334,0,10,10,1.0,0.0,0.0,0.7029722000006586,0.0,272,0
rcs20_k0,40,balanced,1.0,0.06333333333333334,0,60,10,0.9833333333333333,0.0,0.0,0.840217599994503,0.0,0,0
rcs20_k0,40,robust,1.0,0.07333333333333333,0,11,10,1.0,0.0,0.0,0.7632583999074996,0.0,0,0
rcs20_k0,41,v1,1.0,0.04,0,10,10,1.0,0.0,0.0,0.6265024000313133,0.0,0,0
rcs20_k0,41,joint,1.0,0.04,0,10,10,1.0,0.0,0.0,0.7076274999417365,0.0,268,0
rcs20_k0,41,balanced,1.0,0.04666666666666667,0,60,10,1.0,0.0,0.0,0.8551932000555098,0.0,0,0
rcs20_k0,41,robust,1.0,0.03,0,10,10,1.0,0.0,0.0,0.6628479999490082,0.0,0,0
rcs20_k0,42,v1,1.0,0.05,0,10,10,1.0,0.0,0.0,0.6566606000997126,0.0,0,0
rcs20_k0,42,joint,1.0,0.05,0,10,10,1.0,0.0,0.0,0.737027500057593,0.0,268,0
rcs20_k0,42,balanced,1.0,0.043333333333333335,0,60,10,1.0,0.0,0.0,0.938853699946776,0.0,0,0
rcs20_k0,42,robust,1.0,0.043333333333333335,0,10,10,1.0,0.0,0.0,0.7117180000059307,0.0,0,0
rcs20_k0,43,v1,0.9,0.056666666666666664,0,10,10,0.9,0.0,0.0,0.7167329000076279,0.0,0,0
rcs20_k0,43,joint,0.9,0.056666666666666664,0,10,10,0.9,0.0,0.0,0.7977265999652445,0.0,274,0
rcs20_k0,43,balanced,1.0,0.05333333333333334,0,60,10,0.9,0.0,0.0,0.9944750999566168,0.0,0,0
rcs20_k0,43,robust,0.9,0.05333333333333334,0,10,10,0.9,0.0,0.0,0.7387913999846205,0.0,0,0
rcs20_k0,44,v1,1.0,0.05333333333333334,0,10,10,1.0,0.0,0.0,0.5727029000408947,0.0,0,0
rcs20_k0,44,joint,1.0,0.05333333333333334,0,10,10,1.0,0.0,0.0,0.6539609001483768,0.0,270,0
rcs20_k0,44,balanced,1.0,0.03,0,60,10,1.0,0.0,0.0,0.725294700008817,0.0,0,0
rcs20_k0,44,robust,1.0,0.043333333333333335,0,10,10,1.0,0.0,0.0,0.6398782999021932,0.0,0,0
rcs20_k0,45,v1,1.0,0.06666666666666667,0,10,10,1.0,0.0,0.0,0.7124829000094905,0.0,0,0
rcs20_k0,45,joint,1.0,0.06666666666666667,0,10,10,1.0,0.0,0.0,0.7924386000959203,0.0,275,0
rcs20_k0,45,balanced,1.0,0.06333333333333334,0,60,10,0.9833333333333333,0.0,0.0,0.940939599997364,0.0,0,0
rcs20_k0,45,robust,1.0,0.06333333333333334,0,12,10,1.0,0.0,0.0,0.9984158000443131,0.0,0,0
rcs20_k0,46,v1,1.0,0.04666666666666667,0,10,10,1.0,0.0,0.0,0.6719291000626981,0.0,0,0
rcs20_k0,46,joint,1.0,0.04666666666666667,0,10,10,1.0,0.0,0.0,0.750829000142403,0.0,273,0
rcs20_k0,46,balanced,1.0,0.04,0,60,10,1.0,0.0,0.0,0.8819109000032768,0.0,0,0
rcs20_k0,46,robust,1.0,0.04666666666666667,0,11,10,1.0,0.0,0.0,0.7725252999225631,0.0,0,0
rcs20_k0,47,v1,1.0,0.056666666666666664,0,10,10,1.0,0.0,0.0,0.6793808999937028,0.0,0,0
rcs20_k0,47,joint,1.0,0.056666666666666664,0,10,10,1.0,0.0,0.0,0.7592386000324041,0.0,264,0
rcs20_k0,47,balanced,1.0,0.04666666666666667,0,60,10,1.0,0.0,0.0,0.9099932999815792,0.0,0,0
rcs20_k0,47,robust,1.0,0.06333333333333334,0,10,10,1.0,0.0,0.0,0.7657216999214143,0.0,0,0
rcs20_k0,48,v1,1.0,0.043333333333333335,0,10,10,1.0,0.0,0.0,0.6482363999821246,0.0,0,0
rcs20_k0,48,joint,1.0,0.043333333333333335,0,10,10,1.0,0.0,0.0,0.7289638000074774,0.0,266,0
rcs20_k0,48,balanced,1.0,0.03666666666666667,0,60,10,0.9333333333333333,0.0,0.0,0.8122402000008151,0.0,0,0
rcs20_k0,48,robust,1.0,0.043333333333333335,0,10,10,1.0,0.0,0.0,0.6756968001136556,0.0,0,0
rcs20_k0,49,v1,0.9,0.04,0,10,10,0.9,0.0,0.0,0.678216899977997,0.0,0,0
rcs20_k0,49,joint,0.9,0.04,0,10,10,0.9,0.0,0.0,0.7606247999938205,0.0,272,0
rcs20_k0,49,balanced,1.0,0.05333333333333334,0,60,10,0.9333333333333333,0.0,0.0,0.9379882999928668,0.0,0,0
rcs20_k0,49,robust,0.9,0.05333333333333334,0,10,10,0.9,0.0,0.0,0.7706940000643954,0.0,0,0
rcs20_k0,50,v1,1.0,0.04,0,10,10,1.0,0.0,0.0,0.5944533000001684,0.0,0,0
rcs20_k0,50,joint,1.0,0.04,0,10,10,1.0,0.0,0.0,0.6757713999832049,0.0,270,0
rcs20_k0,50,balanced,1.0,0.03,0,60,10,0.9666666666666667,0.0,0.0,0.8042535999557003,0.0,0,0
rcs20_k0,50,robust,1.0,0.04,0,10,10,1.0,0.0,0.0,0.6437510000541806,0.0,0,0
rcs20_k0,51,v1,1.0,0.043333333333333335,0,10,10,1.0,0.0,0.0,0.6659294000128284,0.0,0,0
rcs20_k0,51,joint,1.0,0.043333333333333335,0,10,10,1.0,0.0,0.0,0.7524288001004606,0.0,298,0
rcs20_k0,51,balanced,1.0,0.043333333333333335,0,60,10,0.9833333333333333,0.0,0.0,0.9210410999367014,0.0,0,0
rcs20_k0,51,robust,1.0,0.056666666666666664,0,13,10,1.0,0.0,0.0,1.14699889998883,0.0,0,0
rcs20_k0,52,v1,1.0,0.03666666666666667,0,10,10,1.0,0.0,0.0,0.6506794999586418,0.0,0,0
rcs20_k0,52,joint,1.0,0.03666666666666667,0,10,10,1.0,0.0,0.0,0.7330546998418868,0.0,277,0
rcs20_k0,52,balanced,1.0,0.08666666666666667,0,60,10,1.0,0.0,0.0,0.8296054000966251,0.0,0,0
rcs20_k0,52,robust,1.0,0.03333333333333333,0,10,10,1.0,0.0,0.0,0.7022221999941394,0.0,0,0
rcs20_k0,53,v1,1.0,0.08,0,10,10,1.0,0.0,0.0,0.688982899999246,0.0,0,0
rcs20_k0,53,joint,1.0,0.08,0,10,10,1.0,0.0,0.0,0.7697624999564141,0.0,272,0
rcs20_k0,53,balanced,1.0,0.06333333333333334,0,60,10,1.0,0.0,0.0,0.8849589000456035,0.0,0,0
rcs20_k0,53,robust,1.0,0.08,0,10,10,1.0,0.0,0.0,0.7032418999588117,0.0,0,0
rcs20_k0,54,v1,1.0,0.05,0,10,10,1.0,0.0,0.0,0.6592716999584809,0.0,0,0
rcs20_k0,54,joint,1.0,0.05,0,10,10,1.0,0.0,0.0,0.7405738000525162,0.0,270,0
rcs20_k0,54,balanced,1.0,0.04,0,60,10,1.0,0.0,0.0,0.8295501999091357,0.0,0,0
rcs20_k0,54,robust,1.0,0.05,0,10,10,1.0,0.0,0.0,0.6742595999967307,0.0,0,0
rcs20_k0,55,v1,1.0,0.06333333333333334,0,10,10,1.0,0.0,0.0,0.6836040000198409,0.0,0,0
rcs20_k0,55,joint,1.0,0.06333333333333334,0,10,10,1.0,0.0,0.0,0.7708298000507057,0.0,294,0
rcs20_k0,55,balanced,1.0,0.05333333333333334,0,60,10,0.9833333333333333,0.0,0.0,0.9302962999790907,0.0,0,0
rcs20_k0,55,robust,1.0,0.06333333333333334,0,10,10,1.0,0.0,0.0,0.7582593000261113,0.0,0,0
rcs20_k0,56,v1,1.0,0.03333333333333333,0,10,10,1.0,0.0,0.0,0.6426346999360248,0.0,0,0
rcs20_k0,56,joint,1.0,0.03333333333333333,0,10,10,1.0,0.0,0.0,0.7247575001092628,0.0,275,0
rcs20_k0,56,balanced,1.0,0.05,0,60,10,1.0,0.0,0.0,0.9332946999929845,0.0,0,0
rcs20_k0,56,robust,1.0,0.04,0,11,10,1.0,0.0,0.0,0.7579485999885947,0.0,0,0
rcs20_k0,57,v1,1.0,0.04666666666666667,0,10,10,1.0,0.0,0.0,0.7051286000059918,0.0,0,0
rcs20_k0,57,joint,1.0,0.04666666666666667,0,10,10,1.0,0.0,0.0,0.7872795001603663,0.0,293,0
rcs20_k0,57,balanced,1.0,0.06333333333333334,0,60,10,1.0,0.0,0.0,0.917208299972117,0.0,0,0
rcs20_k0,57,robust,1.0,0.043333333333333335,0,16,10,1.0,0.0,0.0,1.1600331999361515,0.0,0,0
rcs20_k0,58,v1,1.0,0.05,0,10,10,1.0,0.0,0.0,0.731972899986431,0.0,0,0
rcs20_k0,58,joint,1.0,0.05,0,10,10,1.0,0.0,0.0,0.8222902999259531,0.0,295,0
rcs20_k0,58,balanced,1.0,0.04,0,60,10,1.0,0.0,0.0,0.964230400044471,0.0,0,0
rcs20_k0,58,robust,1.0,0.04666666666666667,0,14,10,1.0,0.0,0.0,1.1487316000275314,0.0,0,0
rcs20_k0,59,v1,1.0,0.05333333333333334,0,10,10,1.0,0.0,0.0,0.6537939000409096,0.0,0,0
rcs20_k0,59,joint,1.0,0.05333333333333334,0,10,10,1.0,0.0,0.0,0.7406843999633566,0.0,278,0
rcs20_k0,59,balanced,1.0,0.056666666666666664,0,60,10,1.0,0.0,0.0,0.8855788999935612,0.0,0,0
rcs20_k0,59,robust,1.0,0.05,0,10,10,1.0,0.0,0.0,0.683855100069195,0.0,0,0
rcs20_k0,60,v1,1.0,0.056666666666666664,0,10,10,1.0,0.0,0.0,0.6874479000689462,0.0,0,0
rcs20_k0,60,joint,1.0,0.056666666666666664,0,10,10,1.0,0.0,0.0,0.7733250999590382,0.0,287,0
rcs20_k0,60,balanced,1.0,0.06333333333333334,0,60,10,1.0,0.0,0.0,0.9045430000405759,0.0,0,0
rcs20_k0,60,robust,1.0,0.05,0,10,10,1.0,0.0,0.0,0.7144260000204667,0.0,0,0
rcs20_k0,61,v1,1.0,0.03666666666666667,0,10,10,1.0,0.0,0.0,0.6037751000840217,0.0,0,0
rcs20_k0,61,joint,1.0,0.03666666666666667,0,10,10,1.0,0.0,0.0,0.6836922001093626,0.0,271,0
rcs20_k0,61,balanced,1.0,0.04,0,60,10,0.9166666666666666,0.0,0.0,0.7457878000568599,0.0,0,0
rcs20_k0,61,robust,1.0,0.04,0,12,10,1.0,0.0,0.0,0.737715799943544,0.0,0,0
rcs20_k0,62,v1,1.0,0.043333333333333335,0,10,10,1.0,0.0,0.0,0.627843499998562,0.0,0,0
rcs20_k0,62,joint,1.0,0.043333333333333335,0,10,10,1.0,0.0,0.0,0.7133711000205949,0.0,283,0
rcs20_k0,62,balanced,1.0,0.06666666666666667,0,60,10,1.0,0.0,0.0,0.8042122999904677,0.0,0,0
rcs20_k0,62,robust,1.0,0.05,0,10,10,1.0,0.0,0.0,0.6647117000538856,0.0,0,0
rcs20_k0,63,v1,1.0,0.05333333333333334,0,11,10,1.0,0.0,0.0,0.7526319999014959,0.0,0,0
rcs20_k0,63,joint,1.0,0.05333333333333334,0,11,10,1.0,0.0,0.0,0.8346935000736266,0.0,290,0
rcs20_k0,63,balanced,1.0,0.03666666666666667,0,60,10,1.0,0.0,0.0,0.8384534999495372,0.0,0,0
rcs20_k0,63,robust,1.0,0.05,0,16,10,1.0,0.0,0.0,1.2311167999869213,0.0,0,0
rcs20_k0,64,v1,1.0,0.05333333333333334,0,10,10,1.0,0.0,0.0,0.6805759000126272,0.0,0,0
rcs20_k0,64,joint,1.0,0.05333333333333334,0,10,10,1.0,0.0,0.0,0.7628293000161648,0.0,276,0
rcs20_k0,64,balanced,1.0,0.056666666666666664,0,60,10,1.0,0.0,0.0,0.8825253000250086,0.0,0,0
rcs20_k0,64,robust,1.0,0.06666666666666667,0,10,10,1.0,0.0,0.0,0.7688110000453889,0.0,0,0
rcs20_k0,65,v1,1.0,0.07666666666666666,0,10,10,1.0,0.0,0.0,0.5892277000239119,0.0,0,0
rcs20_k0,65,joint,1.0,0.07666666666666666,0,10,10,1.0,0.0,0.0,0.6723120999522507,0.0,276,0
rcs20_k0,65,balanced,1.0,0.02666666666666667,0,60,10,1.0,0.0,0.0,0.8155949000502005,0.0,0,0
rcs20_k0,65,robust,1.0,0.07333333333333333,0,10,10,1.0,0.0,0.0,0.6424002998974174,0.0,0,0
rcs20_k0,66,v1,1.0,0.03,0,10,10,1.0,0.0,0.0,0.6414204000029713,0.0,0,0
rcs20_k0,66,joint,1.0,0.03,0,10,10,1.0,0.0,0.0,0.7262545998673886,0.0,281,0
rcs20_k0,66,balanced,1.0,0.06333333333333334,0,60,10,1.0,0.0,0.0,0.9332570000551641,0.0,0,0
rcs20_k0,66,robust,1.0,0.05,0,10,10,1.0,0.0,0.0,0.6559898999985307,0.0,0,0
rcs20_k0,67,v1,0.9,0.04,0,10,10,0.9,0.0,0.0,0.6105271000415087,0.0,0,0
rcs20_k0,67,joint,0.9,0.04,0,10,10,0.9,0.0,0.0,0.6932199000148103,0.0,289,0
rcs20_k0,67,balanced,0.9,0.043333333333333335,0,60,10,0.9,0.0,0.0,0.7812709000427276,0.0,0,0
rcs20_k0,67,robust,0.9,0.04666666666666667,0,10,10,0.9,0.0,0.0,0.6417231999803334,0.0,0,0
rcs20_k0,68,v1,1.0,0.05,0,10,10,1.0,0.0,0.0,0.7351945999544114,0.0,0,0
rcs20_k0,68,joint,1.0,0.05,0,10,10,1.0,0.0,0.0,0.8187413999112323,0.0,268,0
rcs20_k0,68,balanced,1.0,0.06333333333333334,0,60,10,1.0,0.0,0.0,0.8641131999902427,0.0,0,0
rcs20_k0,68,robust,1.0,0.04666666666666667,0,10,10,1.0,0.0,0.0,0.6716875999700278,0.0,0,0
rcs20_k0,69,v1,1.0,0.05333333333333334,0,10,10,1.0,0.0,0.0,0.7372438999591395,0.0,0,0
rcs20_k0,69,joint,1.0,0.05333333333333334,0,10,10,1.0,0.0,0.0,0.827088600024581,0.0,284,0
rcs20_k0,69,balanced,1.0,0.043333333333333335,0,60,10,1.0,0.0,0.0,0.8627240000059828,0.0,0,0
rcs20_k0,69,robust,1.0,0.056666666666666664,0,15,10,1.0,0.0,0.0,1.007578399963677,0.0,0,0
rcs20_k0,70,v1,1.0,0.04,0,10,10,1.0,0.0,0.0,0.7305857000174001,0.0,0,0
rcs20_k0,70,joint,1.0,0.04,0,10,10,1.0,0.0,0.0,0.8127971001667902,0.0,277,0
rcs20_k0,70,balanced,1.0,0.056666666666666664,0,60,10,0.9833333333333333,0.0,0.0,0.9887091999407858,0.0,0,0
rcs20_k0,70,robust,1.0,0.04,0,11,10,1.0,0.0,0.0,0.800188000081107,0.0,0,0
rcs20_k0,71,v1,1.0,0.043333333333333335,0,10,10,1.0,0.0,0.0,0.8009992999723181,0.0,0,0
rcs20_k0,71,joint,1.0,0.043333333333333335,0,10,10,1.0,0.0,0.0,0.8880861999932677,0.0,268,0
rcs20_k0,71,balanced,1.0,0.07666666666666666,0,60,10,1.0,0.0,0.0,1.2110145000042394,0.0,0,0
rcs20_k0,71,robust,1.0,0.06333333333333334,0,10,10,1.0,0.0,0.0,0.9092552000656724,0.0,0,0
rcs20_k0,72,v1,1.0,0.04666666666666667,0,10,10,1.0,0.0,0.0,0.644318800070323,0.0,0,0
rcs20_k0,72,joint,1.0,0.04666666666666667,0,10,10,1.0,0.0,0.0,0.7286488000536337,0.0,288,0
rcs20_k0,72,balanced,1.0,0.06333333333333334,0,60,10,0.9,0.0,0.0,0.8695850999793038,0.0,0,0
rcs20_k0,72,robust,0.9,0.043333333333333335,0,12,10,0.8333333333333334,0.0,0.0,0.7970232999650761,0.0,0,0
rcs20_k0,73,v1,1.0,0.07,0,10,10,1.0,0.0,0.0,0.685810099937953,0.0,0,0
rcs20_k0,73,joint,1.0,0.07,0,10,10,1.0,0.0,0.0,0.7743191999616101,0.0,275,0
rcs20_k0,73,balanced,1.0,0.05,0,60,10,0.9833333333333333,0.0,0.0,0.9417503000004217,0.0,0,0
rcs20_k0,73,robust,1.0,0.07,0,10,10,1.0,0.0,0.0,0.7345566999865696,0.0,0,0
rcs20_k0,74,v1,1.0,0.04,0,10,10,1.0,0.0,0.0,0.7112040999345481,0.0,0,0
rcs20_k0,74,joint,1.0,0.04,0,10,10,1.0,0.0,0.0,0.7908137000631541,0.0,279,0
rcs20_k0,74,balanced,1.0,0.04,0,60,10,1.0,0.0,0.0,1.0172658000374213,0.0,0,0
rcs20_k0,74,robust,1.0,0.05,0,12,10,1.0,0.0,0.0,0.8925571999279782,0.0,0,0
rcs20_k0,75,v1,1.0,0.043333333333333335,0,10,10,1.0,0.0,0.0,0.5700280999299139,0.0,0,0
rcs20_k0,75,joint,1.0,0.043333333333333335,0,10,10,1.0,0.0,0.0,0.6574496000539511,0.0,283,0
rcs20_k0,75,balanced,1.0,0.04666666666666667,0,60,10,0.9666666666666667,0.0,0.0,0.6836197000229731,0.0,0,0
rcs20_k0,75,robust,1.0,0.04,0,11,10,1.0,0.0,0.0,0.7206994999432936,0.0,0,0
rcs20_k0,76,v1,1.0,0.04666666666666667,0,10,10,1.0,0.0,0.0,0.6498644000384957,0.0,0,0
rcs20_k0,76,joint,1.0,0.04666666666666667,0,10,10,1.0,0.0,0.0,0.7294449000619352,0.0,292,0
rcs20_k0,76,balanced,1.0,0.04666666666666667,0,60,10,0.9833333333333333,0.0,0.0,0.8791142998961732,0.0,0,0
rcs20_k0,76,robust,1.0,0.056666666666666664,0,10,10,1.0,0.0,0.0,0.6708136000670493,0.0,0,0
rcs20_k0,77,v1,1.0,0.056666666666666664,0,10,10,1.0,0.0,0.0,0.6051873000105843,0.0,0,0
rcs20_k0,77,joint,1.0,0.056666666666666664,0,10,10,1.0,0.0,0.0,0.6879374999552965,0.0,284,0
rcs20_k0,77,balanced,1.0,0.043333333333333335,0,60,10,1.0,0.0,0.0,0.7494067000225186,0.0,0,0
rcs20_k0,77,robust,1.0,0.06666666666666667,0,10,10,1.0,0.0,0.0,0.6289320000214502,0.0,0,0
rcs20_k0,78,v1,1.0,0.07,0,10,10,1.0,0.0,0.0,0.6583025999134406,0.0,0,0
rcs20_k0,78,joint,1.0,0.07,0,10,10,1.0,0.0,0.0,0.7442230000160635,0.0,290,0
rcs20_k0,78,balanced,1.0,0.05,0,60,10,1.0,0.0,0.0,0.8500026999972761,0.0,0,0
rcs20_k0,78,robust,1.0,0.056666666666666664,0,10,10,1.0,0.0,0.0,0.7248133999528363,0.0,0,0
rcs20_k0,79,v1,1.0,0.08333333333333333,0,10,10,1.0,0.0,0.0,0.6389504999388009,0.0,0,0
rcs20_k0,79,joint,1.0,0.08333333333333333,0,10,10,1.0,0.0,0.0,0.7210046999389306,0.0,281,0
rcs20_k0,79,balanced,1.0,0.08666666666666667,0,60,10,1.0,0.0,0.0,0.8539584999671206,0.0,0,0
rcs20_k0,79,robust,1.0,0.06666666666666667,0,10,10,1.0,0.0,0.0,0.7198165000882,0.0,0,0
rcs20_k0,80,v1,0.9,0.07666666666666666,0,10,10,0.9,0.0,0.0,0.5456095999106765,0.0,0,0
rcs20_k0,80,joint,0.9,0.07666666666666666,0,10,10,0.9,0.0,0.0,0.6220984000246972,0.0,282,0
rcs20_k0,80,balanced,1.0,0.06,0,60,10,0.95,0.0,0.0,0.6700136000290513,0.0,0,0
rcs20_k0,80,robust,0.9,0.08333333333333333,0,12,10,0.9166666666666666,0.0,0.0,0.7895134999416769,0.0,0,0
rcs20_k0,81,v1,1.0,0.04,0,12,10,1.0,0.0,0.0,0.6497591999359429,0.0,0,0
rcs20_k0,81,joint,1.0,0.04,0,12,10,1.0,0.0,0.0,0.7413216999266297,0.0,325,0
rcs20_k0,81,balanced,1.0,0.03,0,60,10,1.0,0.0,0.0,0.5649946000194177,0.0,0,0
rcs20_k0,81,robust,1.0,0.043333333333333335,0,20,10,1.0,0.0,0.0,1.0652843998977914,0.0,0,0
rcs20_k0,82,v1,1.0,0.05333333333333334,0,10,10,1.0,0.0,0.0,0.5577183000277728,0.0,0,0
rcs20_k0,82,joint,1.0,0.05333333333333334,0,10,10,1.0,0.0,0.0,0.6413635000353679,0.0,280,0
rcs20_k0,82,balanced,1.0,0.07333333333333333,0,60,10,0.9833333333333333,0.0,0.0,0.7132624000078067,0.0,0,0
rcs20_k0,82,robust,1.0,0.043333333333333335,0,10,10,1.0,0.0,0.0,0.6967882999451831,0.0,0,0
rcs20_k0,83,v1,0.9,0.056666666666666664,0,10,10,0.9,0.0,0.0,0.4976592999882996,0.0,0,0
rcs20_k0,83,joint,0.9,0.056666666666666664,0,10,10,0.9,0.0,0.0,0.5906602999893948,0.0,311,0
rcs20_k0,83,balanced,1.0,0.043333333333333335,0,60,10,0.9333333333333333,0.0,0.0,0.5422803999390453,0.0,0,0
rcs20_k0,83,robust,1.0,0.05,0,15,10,0.9333333333333333,0.0,0.0,0.7979376000585034,0.0,0,0
rcs20_k0,84,v1,1.0,0.03,0,10,10,1.0,0.0,0.0,0.6541642000665888,0.0,0,0
rcs20_k0,84,joint,1.0,0.03,0,10,10,1.0,0.0,0.0,0.736422699992545,0.0,284,0
rcs20_k0,84,balanced,1.0,0.04666666666666667,0,60,10,0.9833333333333333,0.0,0.0,0.7788725999416783,0.0,0,0
rcs20_k0,84,robust,1.0,0.03,0,10,10,1.0,0.0,0.0,0.6797701000468805,0.0,0,0
rcs20_k0,85,v1,1.0,0.08,0,11,10,1.0,0.0,0.0,0.7105779000557959,0.0,0,0
rcs20_k0,85,joint,1.0,0.08,0,11,10,1.0,0.0,0.0,0.8006017999723554,0.0,292,0
rcs20_k0,85,balanced,1.0,0.056666666666666664,0,60,10,1.0,0.0,0.0,0.7959457000251859,0.0,0,0
rcs20_k0,85,robust,1.0,0.08,0,15,10,1.0,0.0,0.0,1.0019734000088647,0.0,0,0
rcs20_k0,86,v1,1.0,0.03666666666666667,0,10,10,1.0,0.0,0.0,0.5749191999202594,0.0,0,0
rcs20_k0,86,joint,1.0,0.03666666666666667,0,10,10,1.0,0.0,0.0,0.6685430000070482,0.0,307,0
rcs20_k0,86,balanced,1.0,0.043333333333333335,0,60,10,1.0,0.0,0.0,0.6190650999778882,0.0,0,0
rcs20_k0,86,robust,1.0,0.05,0,11,10,1.0,0.0,0.0,0.7946831000735983,0.0,0,0
rcs20_k0,87,v1,1.0,0.05,0,10,10,1.0,0.0,0.0,0.6462830000091344,0.0,0,0
rcs20_k0,87,joint,1.0,0.05,0,10,10,1.0,0.0,0.0,0.7279156999429688,0.0,273,0
rcs20_k0,87,balanced,1.0,0.056666666666666664,0,60,10,0.9833333333333333,0.0,0.0,0.8973775999620557,0.0,0,0
rcs20_k0,87,robust,1.0,0.05,0,10,10,1.0,0.0,0.0,0.7478154000127688,0.0,0,0
rcs20_k0,88,v1,1.0,0.05,0,11,10,1.0,0.0,0.0,0.7053729000035673,0.0,0,0
rcs20_k0,88,joint,1.0,0.05,0,11,10,1.0,0.0,0.0,0.7927186999004334,0.0,295,0
rcs20_k0,88,balanced,1.0,0.03333333333333333,0,60,10,1.0,0.0,0.0,0.9101535000372678,0.0,0,0
rcs20_k0,88,robust,1.0,0.04666666666666667,0,15,10,1.0,0.0,0.0,1.0035989000461996,0.0,0,0
rcs20_k0,89,v1,1.0,0.04666666666666667,0,10,10,1.0,0.0,0.0,0.6871691000415012,0.0,0,0
rcs20_k0,89,joint,1.0,0.04666666666666667,0,10,10,1.0,0.0,0.0,0.7684122000355273,0.0,266,0
rcs20_k0,89,balanced,1.0,0.03,0,60,10,1.0,0.0,0.0,0.9989008000120521,0.0,0,0
rcs20_k0,89,robust,1.0,0.04666666666666667,0,10,10,1.0,0.0,0.0,0.7801498000044376,0.0,0,0
rcs20_k0,90,v1,1.0,0.06333333333333334,0,10,10,1.0,0.0,0.0,0.707347400020808,0.0,0,0
rcs20_k0,90,joint,1.0,0.06333333333333334,0,10,10,1.0,0.0,0.0,0.7955572000937536,0.0,283,0
rcs20_k0,90,balanced,1.0,0.07333333333333333,0,60,10,0.95,0.0,0.0,1.0511095999972895,0.0,0,0
rcs20_k0,90,robust,1.0,0.05333333333333334,0,11,10,1.0,0.0,0.0,0.7900619999272749,0.0,0,0
rcs20_k0,91,v1,1.0,0.04666666666666667,0,10,10,1.0,0.0,0.0,0.623711199965328,0.0,0,0
rcs20_k0,91,joint,1.0,0.04666666666666667,0,10,10,1.0,0.0,0.0,0.7014870998682454,0.0,275,0
rcs20_k0,91,balanced,1.0,0.05333333333333334,0,60,10,0.9833333333333333,0.0,0.0,0.8884023999562487,0.0,0,0
rcs20_k0,91,robust,1.0,0.043333333333333335,0,11,10,1.0,0.0,0.0,0.8342183000640944,0.0,0,0
rcs20_k0,92,v1,1.0,0.043333333333333335,0,10,10,1.0,0.0,0.0,0.7568230000324547,0.0,0,0
rcs20_k0,92,joint,1.0,0.043333333333333335,0,10,10,1.0,0.0,0.0,0.8576026000082493,0.0,288,0
rcs20_k0,92,balanced,1.0,0.04666666666666667,0,60,10,1.0,0.0,0.0,1.1225702000083402,0.0,0,0
rcs20_k0,92,robust,1.0,0.056666666666666664,0,11,10,1.0,0.0,0.0,0.887611799989827,0.0,0,0
rcs20_k0,93,v1,0.9,0.043333333333333335,0,10,10,0.9,0.0,0.0,0.6986637000227347,0.0,0,0
rcs20_k0,93,joint,0.9,0.043333333333333335,0,10,10,0.9,0.0,0.0,0.7851041000103578,0.0,275,0
rcs20_k0,93,balanced,1.0,0.056666666666666664,0,60,10,0.9333333333333333,0.0,0.0,1.0109838000498712,0.0,0,0
rcs20_k0,93,robust,0.9,0.03666666666666667,0,11,10,0.9090909090909091,0.0,0.0,0.8378535999218002,0.0,0,0
rcs20_k0,94,v1,1.0,0.043333333333333335,0,10,10,1.0,0.0,0.0,0.6987203001044691,0.0,0,0
rcs20_k0,94,joint,1.0,0.043333333333333335,0,10,10,1.0,0.0,0.0,0.7832997000077739,0.0,272,0
rcs20_k0,94,balanced,1.0,0.06333333333333334,0,60,10,1.0,0.0,0.0,0.9613901000702754,0.0,0,0
rcs20_k0,94,robust,1.0,0.06,0,10,10,1.0,0.0,0.0,0.7403339999727905,0.0,0,0
rcs20_k0,95,v1,1.0,0.043333333333333335,0,10,10,1.0,0.0,0.0,0.5778146999655291,0.0,0,0
rcs20_k0,95,joint,1.0,0.043333333333333335,0,10,10,1.0,0.0,0.0,0.668460899963975,0.0,272,0
rcs20_k0,95,balanced,1.0,0.04,0,60,10,1.0,0.0,0.0,0.6190720000304282,0.0,0,0
rcs20_k0,95,robust,1.0,0.04,0,10,10,1.0,0.0,0.0,0.5470398999750614,0.0,0,0
rcs20_k0,96,v1,1.0,0.05333333333333334,0,10,10,1.0,0.0,0.0,0.7779482000041753,0.0,0,0
rcs20_k0,96,joint,1.0,0.05333333333333334,0,10,10,1.0,0.0,0.0,0.869142199982889,0.0,279,0
rcs20_k0,96,balanced,1.0,0.05,0,60,10,1.0,0.0,0.0,0.9185372999636456,0.0,0,0
rcs20_k0,96,robust,1.0,0.04,0,10,10,1.0,0.0,0.0,0.7707973000360653,0.0,0,0
rcs20_k0,97,v1,1.0,0.04,0,10,10,1.0,0.0,0.0,0.7169812999200076,0.0,0,0
rcs20_k0,97,joint,1.0,0.04,0,10,10,1.0,0.0,0.0,0.8048588000237942,0.0,274,0
rcs20_k0,97,balanced,1.0,0.05,0,60,10,0.9833333333333333,0.0,0.0,0.9277758999960497,0.0,0,0
rcs20_k0,97,robust,1.0,0.05,0,10,10,1.0,0.0,0.0,0.7037706000264734,0.0,0,0
rcs20_k0,98,v1,1.0,0.03333333333333333,0,10,10,1.0,0.0,0.0,0.6537582000019029,0.0,0,0
rcs20_k0,98,joint,1.0,0.03333333333333333,0,10,10,1.0,0.0,0.0,0.73757110000588,0.0,277,0
rcs20_k0,98,balanced,1.0,0.02666666666666667,0,60,10,1.0,0.0,0.0,0.894208199926652,0.0,0,0
rcs20_k0,98,robust,1.0,0.03333333333333333,0,10,10,1.0,0.0,0.0,0.6618254000786692,0.0,0,0
rcs20_k0,99,v1,1.0,0.04666666666666667,0,10,10,1.0,0.0,0.0,0.7295091999694705,0.0,0,0
rcs20_k0,99,joint,1.0,0.04666666666666667,0,10,10,1.0,0.0,0.0,0.8113948000827804,0.0,264,0
rcs20_k0,99,balanced,1.0,0.056666666666666664,0,60,10,1.0,0.0,0.0,1.030708699952811,0.0,0,0
rcs20_k0,99,robust,1.0,0.05333333333333334,0,10,10,1.0,0.0,0.0,0.7504795000422746,0.0,0,0
rcs20_k8,0,v1,1.0,0.06,0,10,10,1.0,0.0,0.0,0.8031230999622494,0.0,0,0
rcs20_k8,0,joint,1.0,0.06,0,10,10,1.0,0.0,0.0,0.9366329999174923,0.0,542,0
rcs20_k8,0,balanced,1.0,0.05333333333333334,8,60,10,1.0,5120.0,8.533333333333335,0.7073873000917956,0.0,0,0
rcs20_k8,0,robust,1.0,0.06,0,10,10,1.0,0.0,0.0,0.8161311999429017,0.0,0,0
rcs20_k8,1,v1,1.0,0.02666666666666667,0,10,10,1.0,0.0,0.0,0.7403851000126451,0.0,0,0
rcs20_k8,1,joint,1.0,0.02666666666666667,0,10,10,1.0,0.0,0.0,0.9012942000990734,0.0,653,0
rcs20_k8,1,balanced,1.0,0.03,8,60,10,0.9833333333333333,5120.0,8.533333333333335,0.6148471999913454,0.0,0,0
rcs20_k8,1,robust,1.0,0.02666666666666667,0,10,10,1.0,0.0,0.0,0.7682306000497192,0.0,0,0
rcs20_k8,2,v1,1.0,0.06333333333333334,0,10,10,1.0,0.0,0.0,0.9216909999959171,0.0,0,0
rcs20_k8,2,joint,1.0,0.06333333333333334,0,10,10,1.0,0.0,0.0,1.0818429999053478,0.0,670,0
rcs20_k8,2,balanced,1.0,0.05333333333333334,8,60,10,0.9166666666666666,5120.0,8.533333333333335,0.876968799973838,0.0,0,0
rcs20_k8,2,robust,1.0,0.06,0,10,10,1.0,0.0,0.0,0.9490449000149965,0.0,0,0
rcs20_k8,3,v1,1.0,0.05333333333333334,0,10,10,1.0,0.0,0.0,0.8439828000264242,0.0,0,0
rcs20_k8,3,joint,1.0,0.05333333333333334,0,10,10,1.0,0.0,0.0,0.9957145000807941,0.0,661,0
rcs20_k8,3,balanced,1.0,0.07,8,60,10,0.9833333333333333,5120.0,8.533333333333335,0.7631591999670491,0.0,0,0
rcs20_k8,3,robust,1.0,0.04666666666666667,1,11,10,1.0,640.0,1.0666666666666667,1.0001237000105903,0.0,0,0
rcs20_k8,4,v1,1.0,0.02666666666666667,0,13,10,1.0,0.0,0.0,1.1333651000168175,0.0,0,0
rcs20_k8,4,joint,1.0,0.02666666666666667,0,13,10,1.0,0.0,0.0,1.3503676999825984,0.0,795,0
rcs20_k8,4,balanced,1.0,0.05,8,60,10,1.0,5120.0,8.533333333333335,0.7967668999917805,0.0,0,0
rcs20_k8,4,robust,1.0,0.03,3,16,10,1.0,1920.0,3.2,1.4959286999655887,0.0,0,0
rcs20_k8,5,v1,1.0,0.056666666666666664,0,10,10,1.0,0.0,0.0,0.857183099957183,0.0,0,0
rcs20_k8,5,joint,1.0,0.056666666666666664,0,10,10,1.0,0.0,0.0,0.9961428999667987,0.0,594,0
rcs20_k8,5,balanced,1.0,0.02,8,60,10,0.9666666666666667,5120.0,8.533333333333335,0.8017968999920413,0.0,0,0
rcs20_k8,5,robust,1.0,0.06,0,10,10,1.0,0.0,0.0,0.8778463000198826,0.0,0,0
rcs20_k8,6,v1,0.9,0.04,0,10,10,0.9,0.0,0.0,0.7672991000581533,0.0,0,0
rcs20_k8,6,joint,0.9,0.04,0,10,10,0.9,0.0,0.0,0.9289372999919578,0.0,668,0
rcs20_k8,6,balanced,1.0,0.06333333333333334,8,60,10,0.95,5120.0,8.533333333333335,0.7003781000385061,0.0,0,0
rcs20_k8,6,robust,0.9,0.04666666666666667,0,10,10,0.9,0.0,0.0,0.8483720999211073,0.0,0,0
rcs20_k8,7,v1,0.9,0.06,0,10,10,0.9,0.0,0.0,0.8728110999800265,0.0,0,0
rcs20_k8,7,joint,0.9,0.06,0,10,10,0.9,0.0,0.0,1.0330670000985265,0.0,677,0
rcs20_k8,7,balanced,0.9,0.04666666666666667,8,60,10,0.8666666666666667,5120.0,8.533333333333335,0.8597662000684068,0.0,0,0
rcs20_k8,7,robust,0.9,0.04666666666666667,0,10,10,0.9,0.0,0.0,0.9093862000154331,0.0,0,0
rcs20_k8,8,v1,1.0,0.03666666666666667,1,10,10,1.0,640.0,1.0666666666666667,0.7935591000132263,0.0,0,0
rcs20_k8,8,joint,1.0,0.03666666666666667,0,10,10,1.0,0.0,0.0,0.9735022000968456,0.005333333333333634,677,1
rcs20_k8,8,balanced,1.0,0.03666666666666667,8,60,10,1.0,5120.0,8.533333333333335,0.6808083000360057,0.0,0,0
rcs20_k8,8,robust,1.0,0.03333333333333333,5,18,10,1.0,3200.0,5.333333333333334,1.469302500016056,0.0,0,0
rcs20_k8,9,v1,1.0,0.04,0,10,10,1.0,0.0,0.0,0.7970042999368161,0.0,0,0
rcs20_k8,9,joint,1.0,0.04,0,10,10,1.0,0.0,0.0,0.9452082000207156,0.0,601,0
rcs20_k8,9,balanced,1.0,0.04666666666666667,8,60,10,1.0,5120.0,8.533333333333335,0.7441557000856847,0.0,0,0
rcs20_k8,9,robust,1.0,0.03666666666666667,0,10,10,1.0,0.0,0.0,0.828725399915129,0.0,0,0
rcs20_k8,10,v1,1.0,0.04666666666666667,0,10,10,1.0,0.0,0.0,1.034597499994561,0.0,0,0
rcs20_k8,10,joint,1.0,0.04666666666666667,0,10,10,1.0,0.0,0.0,1.1843885000562295,0.0,606,0
rcs20_k8,10,balanced,1.0,0.05333333333333334,8,60,10,1.0,5120.0,8.533333333333335,1.0136547000147402,0.0,0,0
rcs20_k8,10,robust,1.0,0.043333333333333335,0,10,10,1.0,0.0,0.0,1.052136999904178,0.0,0,0
rcs20_k8,11,v1,1.0,0.06666666666666667,0,10,10,1.0,0.0,0.0,1.0104714999906719,0.0,0,0
rcs20_k8,11,joint,1.0,0.06666666666666667,0,10,10,1.0,0.0,0.0,1.1477713999338448,0.0,613,0
rcs20_k8,11,balanced,1.0,0.07666666666666666,8,60,10,1.0,5120.0,8.533333333333335,1.0493443000596017,0.0,0,0
rcs20_k8,11,robust,1.0,0.06666666666666667,1,11,10,1.0,640.0,1.0666666666666667,1.1033182999817654,0.0,0,0
rcs20_k8,12,v1,0.9,0.056666666666666664,0,10,10,0.9,0.0,0.0,1.083229499985464,0.0,0,0
rcs20_k8,12,joint,0.9,0.056666666666666664,0,10,10,0.9,0.0,0.0,1.2244960000971332,0.0,594,0
rcs20_k8,12,balanced,0.9,0.043333333333333335,8,60,10,0.9,5120.0,8.533333333333335,1.139807799947448,0.0,0,0
rcs20_k8,12,robust,0.9,0.05,0,10,10,0.9,0.0,0.0,1.115033600013703,0.0,0,0
rcs20_k8,13,v1,1.0,0.06666666666666667,0,10,10,1.0,0.0,0.0,0.8215816000010818,0.0,0,0
rcs20_k8,13,joint,1.0,0.06666666666666667,0,10,10,1.0,0.0,0.0,0.9748283001827076,0.0,641,0
rcs20_k8,13,balanced,1.0,0.043333333333333335,8,60,10,1.0,5120.0,8.533333333333335,0.7785443000029773,0.0,0,0
rcs20_k8,13,robust,1.0,0.03666666666666667,2,10,10,1.0,1280.0,2.1333333333333333,0.8541818000376225,0.0,0,0
rcs20_k8,14,v1,1.0,0.06,0,10,10,1.0,0.0,0.0,0.9139359999680892,0.0,0,0
rcs20_k8,14,joint,1.0,0.06,0,10,10,1.0,0.0,0.0,1.064295000047423,0.0,654,0
rcs20_k8,14,balanced,1.0,0.04,8,60,10,1.0,5120.0,8.533333333333335,0.8850803000386804,0.0,0,0
rcs20_k8,14,robust,1.0,0.04666666666666667,2,11,10,1.0,1280.0,2.1333333333333333,1.0187514000572264,0.0,0,0
rcs20_k8,15,v1,1.0,0.04,0,10,10,1.0,0.0,0.0,1.075431799981743,0.0,0,0
rcs20_k8,15,joint,1.0,0.04,0,10,10,1.0,0.0,0.0,1.2321449000155553,0.0,619,0
rcs20_k8,15,balanced,1.0,0.06,8,60,10,1.0,5120.0,8.533333333333335,1.0676185000920668,0.0,0,0
rcs20_k8,15,robust,1.0,0.03666666666666667,0,10,10,1.0,0.0,0.0,1.1086501999525353,0.0,0,0
rcs20_k8,16,v1,1.0,0.06333333333333334,0,10,10,1.0,0.0,0.0,0.9924908999819309,0.0,0,0
rcs20_k8,16,joint,1.0,0.06333333333333334,0,10,10,1.0,0.0,0.0,1.1350757000036538,0.0,607,0
rcs20_k8,16,balanced,1.0,0.05333333333333334,8,60,10,0.95,5120.0,8.533333333333335,0.9751771000446752,0.0,0,0
rcs20_k8,16,robust,1.0,0.06333333333333334,0,10,10,1.0,0.0,0.0,1.0103754999581724,0.0,0,0
rcs20_k8,17,v1,1.0,0.056666666666666664,0,10,10,1.0,0.0,0.0,0.9454657000023872,0.0,0,0
rcs20_k8,17,joint,1.0,0.056666666666666664,0,10,10,1.0,0.0,0.0,1.0877431000117213,0.0,631,0
rcs20_k8,17,balanced,1.0,0.03666666666666667,8,60,10,1.0,5120.0,8.533333333333335,0.9338085999479517,0.0,0,0
rcs20_k8,17,robust,1.0,0.06333333333333334,0,10,10,1.0,0.0,0.0,0.9905644999817014,0.0,0,0
rcs20_k8,18,v1,1.0,0.03,1,10,10,1.0,640.0,1.0666666666666667,0.8663195000262931,0.0,0,0
rcs20_k8,18,joint,1.0,0.02666666666666667,0,10,10,1.0,0.0,0.0,1.0335026001557708,0.005333333333333634,658,1
rcs20_k8,18,balanced,1.0,0.04666666666666667,8,60,10,0.95,5120.0,8.533333333333335,0.8249910000013188,0.0,0,0
rcs20_k8,18,robust,1.0,0.04666666666666667,6,17,10,1.0,3840.0,6.400000000000001,1.638935299939476,0.0,0,0
rcs20_k8,19,v1,1.0,0.03,0,10,10,1.0,0.0,0.0,0.966328899958171,0.0,0,0
rcs20_k8,19,joint,1.0,0.03,0,10,10,1.0,0.0,0.0,1.117226600064896,0.0,660,0
rcs20_k8,19,balanced,1.0,0.05333333333333334,8,60,10,1.0,5120.0,8.533333333333335,0.977263499982655,0.0,0,0
rcs20_k8,19,robust,1.0,0.043333333333333335,0,10,10,1.0,0.0,0.0,0.9883291999576613,0.0,0,0
rcs20_k8,20,v1,1.0,0.06,0,10,10,1.0,0.0,0.0,0.9250076999887824,0.0,0,0
rcs20_k8,20,joint,1.0,0.06,0,10,10,1.0,0.0,0.0,1.0602518999949098,0.0,580,0
rcs20_k8,20,balanced,1.0,0.06,8,60,10,1.0,5120.0,8.533333333333335,0.9498051999835297,0.0,0,0
rcs20_k8,20,robust,1.0,0.06,0,10,10,1.0,0.0,0.0,0.9571602999931201,0.0,0,0
rcs20_k8,21,v1,1.0,0.056666666666666664,0,10,10,1.0,0.0,0.0,0.9868785000871867,0.0,0,0
rcs20_k8,21,joint,1.0,0.056666666666666664,0,10,10,1.0,0.0,0.0,1.132116400054656,0.0,609,0
rcs20_k8,21,balanced,1.0,0.056666666666666664,8,60,10,1.0,5120.0,8.533333333333335,1.0120296999812126,0.0,0,0
rcs20_k8,21,robust,1.0,0.06,0,10,10,1.0,0.0,0.0,1.0391536999959499,0.0,0,0
rcs20_k8,22,v1,1.0,0.05,0,10,10,1.0,0.0,0.0,0.960039300029166,0.0,0,0
rcs20_k8,22,joint,1.0,0.05,0,10,10,1.0,0.0,0.0,1.1083876999327913,0.0,644,0
rcs20_k8,22,balanced,1.0,0.05333333333333334,8,60,10,1.0,5120.0,8.533333333333335,0.9443794999970123,0.0,0,0
rcs20_k8,22,robust,1.0,0.05,0,10,10,1.0,0.0,0.0,1.0118402000516653,0.0,0,0
rcs20_k8,23,v1,1.0,0.043333333333333335,0,10,10,1.0,0.0,0.0,1.069946900010109,0.0,0,0
rcs20_k8,23,joint,1.0,0.043333333333333335,0,10,10,1.0,0.0,0.0,1.2163172999862581,0.0,617,0
rcs20_k8,23,balanced,1.0,0.04,8,60,10,1.0,5120.0,8.533333333333335,1.0553273999830708,0.0,0,0
rcs20_k8,23,robust,1.0,0.04,0,10,10,1.0,0.0,0.0,1.1033915999578312,0.0,0,0
rcs20_k8,24,v1,1.0,0.043333333333333335,0,10,10,1.0,0.0,0.0,0.8956594999181107,0.0,0,0
rcs20_k8,24,joint,1.0,0.043333333333333335,0,10,10,1.0,0.0,0.0,1.0476840998744592,0.0,662,0
rcs20_k8,24,balanced,1.0,0.06666666666666667,8,60,10,1.0,5120.0,8.533333333333335,0.8123985000420362,0.0,0,0
rcs20_k8,24,robust,1.0,0.04,1,11,10,1.0,640.0,1.0666666666666667,1.000154700013809,0.0,0,0
rcs20_k8,25,v1,1.0,0.04666666666666667,0,10,10,1.0,0.0,0.0,0.7433232000330463,0.0,0,0
rcs20_k8,25,joint,1.0,0.04666666666666667,0,10,10,1.0,0.0,0.0,0.8941799000604078,0.0,664,0
rcs20_k8,25,balanced,1.0,0.05333333333333334,8,60,10,0.9833333333333333,5120.0,8.533333333333335,0.7025496000424027,0.0,0,0
rcs20_k8,25,robust,1.0,0.06,2,12,10,1.0,1280.0,2.1333333333333333,1.1773112999508157,0.0,0,0
rcs20_k8,26,v1,1.0,0.06666666666666667,0,11,10,1.0,0.0,0.0,0.8987010000273585,0.0,0,0
rcs20_k8,26,joint,1.0,0.06666666666666667,0,11,10,1.0,0.0,0.0,1.0473225000314415,0.0,621,0
rcs20_k8,26,balanced,1.0,0.043333333333333335,8,60,10,1.0,5120.0,8.533333333333335,0.8363449999596924,0.0,0,0
rcs20_k8,26,robust,1.0,0.056666666666666664,3,15,10,1.0,1920.0,3.2,1.3703318000771105,0.0,0,0
rcs20_k8,27,v1,1.0,0.05,0,10,10,1.0,0.0,0.0,0.7807304000016302,0.0,0,0
rcs20_k8,27,joint,1.0,0.05,0,10,10,1.0,0.0,0.0,0.9319077000254765,0.0,643,0
rcs20_k8,27,balanced,1.0,0.03666666666666667,8,60,10,1.0,5120.0,8.533333333333335,0.7503467999631539,0.0,0,0
rcs20_k8,27,robust,1.0,0.043333333333333335,0,10,10,1.0,0.0,0.0,0.8315364000154659,0.0,0,0
rcs20_k8,28,v1,1.0,0.04,0,10,10,1.0,0.0,0.0,0.8836747000459582,0.0,0,0
rcs20_k8,28,joint,1.0,0.04,0,10,10,1.0,0.0,0.0,1.0341871000127867,0.0,602,0
rcs20_k8,28,balanced,1.0,0.056666666666666664,8,60,10,1.0,5120.0,8.533333333333335,0.8452909999759868,0.0,0,0
rcs20_k8,28,robust,1.0,0.043333333333333335,0,10,10,1.0,0.0,0.0,1.0038392000133172,0.0,0,0
rcs20_k8,29,v1,1.0,0.03,0,11,10,1.0,0.0,0.0,0.857530300039798,0.0,0,0
rcs20_k8,29,joint,1.0,0.03,0,11,10,1.0,0.0,0.0,1.022288899985142,0.0,712,0
rcs20_k8,29,balanced,1.0,0.056666666666666664,8,60,10,1.0,5120.0,8.533333333333335,0.6909183000680059,0.0,0,0
rcs20_k8,29,robust,1.0,0.02,2,15,10,1.0,1280.0,2.1333333333333333,1.0843310999916866,0.0,0,0
rcs20_k8,30,v1,0.9,0.023333333333333334,0,10,10,0.9,0.0,0.0,0.7644690999295563,0.0,0,0
rcs20_k8,30,joint,0.9,0.023333333333333334,0,10,10,0.9,0.0,0.0,0.9125688999192789,0.0,630,0
rcs20_k8,30,balanced,1.0,0.056666666666666664,8,60,10,0.9,5120.0,8.533333333333335,0.6647289000684395,0.0,0,0
rcs20_k8,30,robust,1.0,0.043333333333333335,1,13,10,1.0,640.0,1.0666666666666667,1.0460307999746874,0.0,0,0
rcs20_k8,31,v1,1.0,0.04,0,10,10,1.0,0.0,0.0,1.0020056000212207,0.0,0,0
rcs20_k8,31,joint,1.0,0.04,0,10,10,1.0,0.0,0.0,1.1643978001084179,0.0,682,0
rcs20_k8,31,balanced,1.0,0.06,8,60,10,1.0,5120.0,8.533333333333335,1.0047371999826282,0.0,0,0
rcs20_k8,31,robust,1.0,0.04666666666666667,0,10,10,1.0,0.0,0.0,1.0850664000026882,0.0,0,0
rcs20_k8,32,v1,1.0,0.043333333333333335,0,10,10,1.0,0.0,0.0,0.875655599986203,0.0,0,0
rcs20_k8,32,joint,1.0,0.043333333333333335,0,10,10,1.0,0.0,0.0,1.0243088999995962,0.0,601,0
rcs20_k8,32,balanced,1.0,0.023333333333333334,8,60,10,1.0,5120.0,8.533333333333335,0.8536125000100583,0.0,0,0
rcs20_k8,32,robust,1.0,0.03666666666666667,0,10,10,1.0,0.0,0.0,0.8827365000033751,0.0,0,0
rcs20_k8,33,v1,1.0,0.07,0,10,10,1.0,0.0,0.0,0.8773852000012994,0.0,0,0
rcs20_k8,33,joint,1.0,0.07,0,10,10,1.0,0.0,0.0,1.0200899998890236,0.0,589,0
rcs20_k8,33,balanced,1.0,0.06666666666666667,8,60,10,0.9833333333333333,5120.0,8.533333333333335,0.8566460999427363,0.0,0,0
rcs20_k8,33,robust,1.0,0.06666666666666667,0,10,10,1.0,0.0,0.0,0.8851292000617832,0.0,0,0
rcs20_k8,34,v1,0.9,0.04,0,10,10,0.9,0.0,0.0,0.9727040999568999,0.0,0,0
rcs20_k8,34,joint,0.9,0.04,0,10,10,0.9,0.0,0.0,1.1059021999826655,0.0,540,0
rcs20_k8,34,balanced,1.0,0.07666666666666666,8,60,10,0.9833333333333333,5120.0,8.533333333333335,0.9724280999507755,0.0,0,0
rcs20_k8,34,robust,0.9,0.043333333333333335,0,10,10,0.9,0.0,0.0,1.0731286000227556,0.0,0,0
rcs20_k8,35,v1,1.0,0.03333333333333333,0,10,10,1.0,0.0,0.0,0.8020734000019729,0.0,0,0
rcs20_k8,35,joint,1.0,0.03333333333333333,0,10,10,1.0,0.0,0.0,0.9546971999807283,0.0,654,0
rcs20_k8,35,balanced,1.0,0.04666666666666667,8,60,10,1.0,5120.0,8.533333333333335,0.7183970999903977,0.0,0,0
rcs20_k8,35,robust,1.0,0.02666666666666667,0,10,10,1.0,0.0,0.0,0.8531680000014603,0.0,0,0
rcs20_k8,36,v1,1.0,0.03666666666666667,0,10,10,1.0,0.0,0.0,0.9371630001114681,0.0,0,0
rcs20_k8,36,joint,1.0,0.03666666666666667,0,10,10,1.0,0.0,0.0,1.102923600235954,0.0,685,0
rcs20_k8,36,balanced,1.0,0.04666666666666667,8,60,10,1.0,5120.0,8.533333333333335,0.9037675999570638,0.0,0,0
rcs20_k8,36,robust,1.0,0.056666666666666664,0,10,10,1.0,0.0,0.0,1.1059981000144035,0.0,0,0
rcs20_k8,37,v1,1.0,0.07666666666666666,0,10,10,1.0,0.0,0.0,0.8622646000003442,0.0,0,0
rcs20_k8,37,joint,1.0,0.07666666666666666,0,10,10,1.0,0.0,0.0,1.0097313000587747,0.0,643,0
rcs20_k8,37,balanced,1.0,0.06,8,60,10,0.9833333333333333,5120.0,8.533333333333335,0.7848068000748754,0.0,0,0
rcs20_k8,37,robust,1.0,0.08333333333333333,0,10,10,1.0,0.0,0.0,0.9083383999532089,0.0,0,0
rcs20_k8,38,v1,1.0,0.04666666666666667,0,10,10,1.0,0.0,0.0,0.9927803999744356,0.0,0,0
rcs20_k8,38,joint,1.0,0.04666666666666667,0,10,10,1.0,0.0,0.0,1.143755599972792,0.0,631,0
rcs20_k8,38,balanced,1.0,0.043333333333333335,8,60,10,1.0,5120.0,8.533333333333335,1.0109747999813408,0.0,0,0
rcs20_k8,38,robust,1.0,0.043333333333333335,0,11,10,1.0,0.0,0.0,1.1879989000735804,0.0,0,0
rcs20_k8,39,v1,1.0,0.04666666666666667,0,10,10,1.0,0.0,0.0,0.8541994000552222,0.0,0,0
rcs20_k8,39,joint,1.0,0.04666666666666667,0,10,10,1.0,0.0,0.0,1.001339599955827,0.0,616,0
rcs20_k8,39,balanced,1.0,0.056666666666666664,8,60,10,1.0,5120.0,8.533333333333335,0.8477841999847442,0.0,0,0
rcs20_k8,39,robust,1.0,0.043333333333333335,0,10,10,1.0,0.0,0.0,0.8749760000500828,0.0,0,0
rcs20_k8,40,v1,1.0,0.06333333333333334,0,10,10,1.0,0.0,0.0,0.885208300082013,0.0,0,0
rcs20_k8,40,joint,1.0,0.06333333333333334,0,10,10,1.0,0.0,0.0,1.0399788999930024,0.0,639,0
rcs20_k8,40,balanced,1.0,0.06333333333333334,8,60,10,0.9833333333333333,5120.0,8.533333333333335,0.8782884000102058,0.0,0,0
rcs20_k8,40,robust,1.0,0.06666666666666667,1,11,10,1.0,640.0,1.0666666666666667,0.9875469000544399,0.0,0,0
rcs20_k8,41,v1,1.0,0.04,0,10,10,1.0,0.0,0.0,0.9206581000471488,0.0,0,0
rcs20_k8,41,joint,1.0,0.04,0,10,10,1.0,0.0,0.0,1.06990240002051,0.0,636,0
rcs20_k8,41,balanced,1.0,0.056666666666666664,8,60,10,1.0,5120.0,8.533333333333335,0.8609295999631286,0.0,0,0
rcs20_k8,41,robust,1.0,0.03,0,10,10,1.0,0.0,0.0,0.9402413000352681,0.0,0,0
rcs20_k8,42,v1,1.0,0.05,0,10,10,1.0,0.0,0.0,0.9840241998899728,0.0,0,0
rcs20_k8,42,joint,1.0,0.05,0,10,10,1.0,0.0,0.0,1.13782689999789,0.0,610,0
rcs20_k8,42,balanced,1.0,0.02666666666666667,8,60,10,1.0,5120.0,8.533333333333335,0.9206768999574706,0.0,0,0
rcs20_k8,42,robust,1.0,0.043333333333333335,0,10,10,1.0,0.0,0.0,0.9954114999854937,0.0,0,0
rcs20_k8,43,v1,0.9,0.056666666666666664,0,10,10,0.9,0.0,0.0,1.0389299999224022,0.0,0,0
rcs20_k8,43,joint,0.9,0.056666666666666664,0,10,10,0.9,0.0,0.0,1.1750815000850707,0.0,587,0
rcs20_k8,43,balanced,1.0,0.07666666666666666,8,60,10,0.8833333333333333,5120.0,8.533333333333335,1.0199791999766603,0.0,0,0
rcs20_k8,43,robust,0.9,0.05333333333333334,0,10,10,0.9,0.0,0.0,1.0497984000248834,0.0,0,0
rcs20_k8,44,v1,1.0,0.05333333333333334,0,10,10,1.0,0.0,0.0,0.7948397999862209,0.0,0,0
rcs20_k8,44,joint,1.0,0.05333333333333334,0,10,10,1.0,0.0,0.0,0.9408062999136746,0.0,622,0
rcs20_k8,44,balanced,1.0,0.03666666666666667,8,60,10,1.0,5120.0,8.533333333333335,0.7237457999726757,0.0,0,0
rcs20_k8,44,robust,1.0,0.043333333333333335,0,10,10,1.0,0.0,0.0,0.9250293000368401,0.0,0,0
rcs20_k8,45,v1,1.0,0.06666666666666667,0,10,10,1.0,0.0,0.0,0.981557699968107,0.0,0,0
rcs20_k8,45,joint,1.0,0.06666666666666667,0,10,10,1.0,0.0,0.0,1.1173685999820009,0.0,560,0
rcs20_k8,45,balanced,1.0,0.05,8,60,10,0.9833333333333333,5120.0,8.533333333333335,1.0065140000078827,0.0,0,0
rcs20_k8,45,robust,1.0,0.06,1,10,10,1.0,640.0,1.0666666666666667,1.1065429999725893,0.0,0,0
rcs20_k8,46,v1,1.0,0.04666666666666667,0,10,10,1.0,0.0,0.0,0.9192265000892803,0.0,0,0
rcs20_k8,46,joint,1.0,0.04666666666666667,0,10,10,1.0,0.0,0.0,1.0693117000628263,0.0,632,0
rcs20_k8,46,balanced,1.0,0.043333333333333335,8,60,10,1.0,5120.0,8.533333333333335,0.9476346999872476,0.0,0,0
rcs20_k8,46,robust,1.0,0.04666666666666667,0,11,10,1.0,0.0,0.0,1.0193244999973103,0.0,0,0
rcs20_k8,47,v1,1.0,0.056666666666666664,0,10,10,1.0,0.0,0.0,0.9215243000071496,0.0,0,0
rcs20_k8,47,joint,1.0,0.056666666666666664,0,10,10,1.0,0.0,0.0,1.0674328999593854,0.0,620,0
rcs20_k8,47,balanced,1.0,0.06,8,60,10,1.0,5120.0,8.533333333333335,0.9627403999911621,0.0,0,0
rcs20_k8,47,robust,1.0,0.06333333333333334,0,10,10,1.0,0.0,0.0,1.064641600009054,0.0,0,0
rcs20_k8,48,v1,1.0,0.043333333333333335,0,10,10,1.0,0.0,0.0,0.8775488000828773,0.0,0,0
rcs20_k8,48,joint,1.0,0.043333333333333335,0,10,10,1.0,0.0,0.0,1.0172368000494316,0.0,587,0
rcs20_k8,48,balanced,1.0,0.056666666666666664,8,60,10,0.9166666666666666,5120.0,8.533333333333335,0.8693871999857947,0.0,0,0
rcs20_k8,48,robust,1.0,0.043333333333333335,0,10,10,1.0,0.0,0.0,0.9033137999940664,0.0,0,0
rcs20_k8,49,v1,0.9,0.04,0,10,10,0.9,0.0,0.0,0.9604700999334455,0.0,0,0
rcs20_k8,49,joint,0.9,0.04,0,10,10,0.9,0.0,0.0,1.108255899976939,0.0,621,0
rcs20_k8,49,balanced,1.0,0.056666666666666664,8,60,10,0.9166666666666666,5120.0,8.533333333333335,0.934088500100188,0.0,0,0
rcs20_k8,49,robust,0.9,0.05333333333333334,0,10,10,0.9,0.0,0.0,1.0048729999689385,0.0,0,0
rcs20_k8,50,v1,1.0,0.04,0,10,10,1.0,0.0,0.0,0.861550800036639,0.0,0,0
rcs20_k8,50,joint,1.0,0.04,0,10,10,1.0,0.0,0.0,1.0053775999695063,0.0,586,0
rcs20_k8,50,balanced,1.0,0.02666666666666667,8,60,10,0.95,5120.0,8.533333333333335,0.7936914999736473,0.0,0,0
rcs20_k8,50,robust,1.0,0.04,0,10,10,1.0,0.0,0.0,0.8891085999784991,0.0,0,0
rcs20_k8,51,v1,1.0,0.043333333333333335,0,10,10,1.0,0.0,0.0,0.9451118999859318,0.0,0,0
rcs20_k8,51,joint,1.0,0.043333333333333335,0,10,10,1.0,0.0,0.0,1.096024899976328,0.0,682,0
rcs20_k8,51,balanced,1.0,0.05333333333333334,8,60,10,0.9833333333333333,5120.0,8.533333333333335,0.8750935000134632,0.0,0,0
rcs20_k8,51,robust,1.0,0.056666666666666664,2,12,10,1.0,1280.0,2.1333333333333333,1.2613432999933138,0.0,0,0
rcs20_k8,52,v1,1.0,0.03666666666666667,0,10,10,1.0,0.0,0.0,0.8918656000168994,0.0,0,0
rcs20_k8,52,joint,1.0,0.03666666666666667,0,10,10,1.0,0.0,0.0,1.0368820000439882,0.0,600,0
rcs20_k8,52,balanced,1.0,0.08,8,60,10,1.0,5120.0,8.533333333333335,0.8717651000479236,0.0,0,0
rcs20_k8,52,robust,1.0,0.03333333333333333,0,10,10,1.0,0.0,0.0,0.9916365999961272,0.0,0,0
rcs20_k8,53,v1,1.0,0.08,0,10,10,1.0,0.0,0.0,0.9339442999335006,0.0,0,0
rcs20_k8,53,joint,1.0,0.08,0,10,10,1.0,0.0,0.0,1.078563000075519,0.0,619,0
rcs20_k8,53,balanced,1.0,0.043333333333333335,8,60,10,1.0,5120.0,8.533333333333335,0.9363715999061242,0.0,0,0
rcs20_k8,53,robust,1.0,0.08,0,10,10,1.0,0.0,0.0,0.9579384000971913,0.0,0,0
rcs20_k8,54,v1,1.0,0.05,0,10,10,1.0,0.0,0.0,0.8816451999591663,0.0,0,0
rcs20_k8,54,joint,1.0,0.05,0,10,10,1.0,0.0,0.0,1.0241461999248713,0.0,628,0
rcs20_k8,54,balanced,1.0,0.03666666666666667,8,60,10,1.0,5120.0,8.533333333333335,0.900958500104025,0.0,0,0
rcs20_k8,54,robust,1.0,0.05,0,10,10,1.0,0.0,0.0,0.9145860999124125,0.0,0,0
rcs20_k8,55,v1,1.0,0.06333333333333334,0,10,10,1.0,0.0,0.0,0.9576496999943629,0.0,0,0
rcs20_k8,55,joint,1.0,0.06333333333333334,0,10,10,1.0,0.0,0.0,1.1155719999223948,0.0,668,0
rcs20_k8,55,balanced,1.0,0.07,8,60,10,1.0,5120.0,8.533333333333335,0.9539300000760704,0.0,0,0
rcs20_k8,55,robust,1.0,0.06333333333333334,0,10,10,1.0,0.0,0.0,1.0906816999195144,0.0,0,0
rcs20_k8,56,v1,1.0,0.03333333333333333,0,10,10,1.0,0.0,0.0,0.9724301999667659,0.0,0,0
rcs20_k8,56,joint,1.0,0.03333333333333333,0,10,10,1.0,0.0,0.0,1.120738299912773,0.0,609,0
rcs20_k8,56,balanced,1.0,0.05,8,60,10,1.0,5120.0,8.533333333333335,0.9017330999486148,0.0,0,0
rcs20_k8,56,robust,1.0,0.03333333333333333,1,10,10,1.0,640.0,1.0666666666666667,0.9906170000322163,0.0,0,0
rcs20_k8,57,v1,1.0,0.04666666666666667,0,10,10,1.0,0.0,0.0,1.0338750999653712,0.0,0,0
rcs20_k8,57,joint,1.0,0.04666666666666667,0,10,10,1.0,0.0,0.0,1.193194199935533,0.0,702,0
rcs20_k8,57,balanced,1.0,0.05,8,60,10,1.0,5120.0,8.533333333333335,0.9187401999952272,0.0,0,0
rcs20_k8,57,robust,1.0,0.03333333333333333,2,14,10,1.0,1280.0,2.1333333333333333,1.607424799934961,0.0,0,0
rcs20_k8,58,v1,1.0,0.04666666666666667,1,10,10,1.0,640.0,1.0666666666666667,0.9877738999202847,0.0,0,0
rcs20_k8,58,joint,1.0,0.05,0,10,10,1.0,0.0,0.0,1.1677819000324234,0.005333333333333634,709,1
rcs20_k8,58,balanced,1.0,0.056666666666666664,8,60,10,1.0,5120.0,8.533333333333335,0.9658710999647155,0.0,0,0
rcs20_k8,58,robust,1.0,0.043333333333333335,2,12,10,1.0,1280.0,2.1333333333333333,1.3855446999659762,0.0,0,0
rcs20_k8,59,v1,1.0,0.05333333333333334,0,10,10,1.0,0.0,0.0,0.9117365999845788,0.0,0,0
rcs20_k8,59,joint,1.0,0.05333333333333334,0,10,10,1.0,0.0,0.0,1.0583439999027178,0.0,618,0
rcs20_k8,59,balanced,1.0,0.06,8,60,10,1.0,5120.0,8.533333333333335,0.915647300076671,0.0,0,0
rcs20_k8,59,robust,1.0,0.05,0,10,10,1.0,0.0,0.0,0.9513368998887017,0.0,0,0
rcs20_k8,60,v1,1.0,0.056666666666666664,0,10,10,1.0,0.0,0.0,0.947846099967137,0.0,0,0
rcs20_k8,60,joint,1.0,0.056666666666666664,0,10,10,1.0,0.0,0.0,1.0986339999362826,0.0,646,0
rcs20_k8,60,balanced,1.0,0.06,8,60,10,1.0,5120.0,8.533333333333335,0.9674039999954402,0.0,0,0
rcs20_k8,60,robust,1.0,0.05,0,10,10,1.0,0.0,0.0,0.9854047000408173,0.0,0,0
rcs20_k8,61,v1,1.0,0.03666666666666667,0,10,10,1.0,0.0,0.0,0.8289610000792891,0.0,0,0
rcs20_k8,61,joint,1.0,0.03666666666666667,0,10,10,1.0,0.0,0.0,0.9747613000217825,0.0,605,0
rcs20_k8,61,balanced,1.0,0.04,8,60,10,0.9166666666666666,5120.0,8.533333333333335,0.7750239999732003,0.0,0,0
rcs20_k8,61,robust,1.0,0.043333333333333335,1,12,10,1.0,640.0,1.0666666666666667,0.9866420000325888,0.0,0,0
rcs20_k8,62,v1,1.0,0.043333333333333335,0,10,10,1.0,0.0,0.0,0.8712490000762045,0.0,0,0
rcs20_k8,62,joint,1.0,0.043333333333333335,0,10,10,1.0,0.0,0.0,1.0240201000124216,0.0,640,0
rcs20_k8,62,balanced,1.0,0.056666666666666664,8,60,10,1.0,5120.0,8.533333333333335,0.8493759999983013,0.0,0,0
rcs20_k8,62,robust,1.0,0.05,0,10,10,1.0,0.0,0.0,0.9038576000602916,0.0,0,0
rcs20_k8,63,v1,1.0,0.05333333333333334,0,11,10,1.0,0.0,0.0,1.0569716000463814,0.0,0,0
rcs20_k8,63,joint,1.0,0.05333333333333334,0,11,10,1.0,0.0,0.0,1.2280164001276717,0.0,701,0
rcs20_k8,63,balanced,1.0,0.03,8,60,10,1.0,5120.0,8.533333333333335,0.8675029999576509,0.0,0,0
rcs20_k8,63,robust,1.0,0.06,4,16,10,1.0,2560.0,4.266666666666667,1.5307157000061125,0.0,0,0
rcs20_k8,64,v1,1.0,0.05333333333333334,0,10,10,1.0,0.0,0.0,0.964492299943231,0.0,0,0
rcs20_k8,64,joint,1.0,0.05333333333333334,0,10,10,1.0,0.0,0.0,1.118583899922669,0.0,634,0
rcs20_k8,64,balanced,1.0,0.06666666666666667,8,60,10,1.0,5120.0,8.533333333333335,0.9179671999299899,0.0,0,0
rcs20_k8,64,robust,1.0,0.06666666666666667,0,10,10,1.0,0.0,0.0,0.9995159000391141,0.0,0,0
rcs20_k8,65,v1,1.0,0.07666666666666666,0,10,10,1.0,0.0,0.0,0.8407306000590324,0.0,0,0
rcs20_k8,65,joint,1.0,0.07666666666666666,0,10,10,1.0,0.0,0.0,0.980806199950166,0.0,612,0
rcs20_k8,65,balanced,1.0,0.04,8,60,10,1.0,5120.0,8.533333333333335,0.8151035000337288,0.0,0,0
rcs20_k8,65,robust,1.0,0.07333333333333333,0,10,10,1.0,0.0,0.0,0.89456769998651,0.0,0,0
rcs20_k8,66,v1,1.0,0.03,0,10,10,1.0,0.0,0.0,0.8878297000192106,0.0,0,0
rcs20_k8,66,joint,1.0,0.03,0,10,10,1.0,0.0,0.0,1.03607610007748,0.0,644,0
rcs20_k8,66,balanced,1.0,0.05,8,60,10,1.0,5120.0,8.533333333333335,0.8950079999631271,0.0,0,0
rcs20_k8,66,robust,1.0,0.05,0,10,10,1.0,0.0,0.0,0.9202228999929503,0.0,0,0
rcs20_k8,67,v1,0.9,0.04,0,10,10,0.9,0.0,0.0,0.7962462999857962,0.0,0,0
rcs20_k8,67,joint,0.9,0.04,0,10,10,0.9,0.0,0.0,0.9557744999183342,0.0,683,0
rcs20_k8,67,balanced,1.0,0.04666666666666667,8,60,10,0.9166666666666666,5120.0,8.533333333333335,0.7433019999880344,0.0,0,0
rcs20_k8,67,robust,0.9,0.04666666666666667,0,10,10,0.9,0.0,0.0,0.8795434000203386,0.0,0,0
rcs20_k8,68,v1,1.0,0.05,0,10,10,1.0,0.0,0.0,0.8915391999762505,0.0,0,0
rcs20_k8,68,joint,1.0,0.05,0,10,10,1.0,0.0,0.0,1.0384033001028001,0.0,629,0
rcs20_k8,68,balanced,1.0,0.03666666666666667,8,60,10,1.0,5120.0,8.533333333333335,0.8865876999916509,0.0,0,0
rcs20_k8,68,robust,1.0,0.04666666666666667,0,10,10,1.0,0.0,0.0,0.9202607999322936,0.0,0,0
rcs20_k8,69,v1,1.0,0.05333333333333334,0,10,10,1.0,0.0,0.0,0.9562423001043499,0.0,0,0
rcs20_k8,69,joint,1.0,0.05333333333333334,0,10,10,1.0,0.0,0.0,1.1105094000231475,0.0,653,0
rcs20_k8,69,balanced,1.0,0.04,8,60,10,0.9833333333333333,5120.0,8.533333333333335,0.8788432000437751,0.0,0,0
rcs20_k8,69,robust,1.0,0.06,1,11,10,1.0,640.0,1.0666666666666667,1.127713599940762,0.0,0,0
rcs20_k8,70,v1,1.0,0.04,0,10,10,1.0,0.0,0.0,1.0201019999803975,0.0,0,0
rcs20_k8,70,joint,1.0,0.04,0,10,10,1.0,0.0,0.0,1.1733371000736952,0.0,643,0
rcs20_k8,70,balanced,1.0,0.06,8,60,10,0.9833333333333333,5120.0,8.533333333333335,1.01536830002442,0.0,0,0
rcs20_k8,70,robust,1.0,0.04,0,11,10,1.0,0.0,0.0,1.1102417999645695,0.0,0,0
rcs20_k8,71,v1,1.0,0.043333333333333335,0,10,10,1.0,0.0,0.0,1.1942635000450537,0.0,0,0
rcs20_k8,71,joint,1.0,0.043333333333333335,0,10,10,1.0,0.0,0.0,1.3505852000089362,0.0,637,0
rcs20_k8,71,balanced,1.0,0.07,8,60,10,1.0,5120.0,8.533333333333335,1.215800500009209,0.0,0,0
rcs20_k8,71,robust,1.0,0.06333333333333334,0,10,10,1.0,0.0,0.0,1.2430504999356344,0.0,0,0
rcs20_k8,72,v1,1.0,0.04666666666666667,0,10,10,1.0,0.0,0.0,0.9029429999645799,0.0,0,0
rcs20_k8,72,joint,1.0,0.04666666666666667,0,10,10,1.0,0.0,0.0,1.0765842999098822,0.0,646,0
rcs20_k8,72,balanced,1.0,0.04666666666666667,8,60,10,0.8833333333333333,5120.0,8.533333333333335,0.8992414000676945,0.0,0,0
rcs20_k8,72,robust,0.9,0.04666666666666667,1,11,10,0.9090909090909091,640.0,1.0666666666666667,1.0299664000049233,0.0,0,0
rcs20_k8,73,v1,1.0,0.07,0,10,10,1.0,0.0,0.0,0.9806464000139385,0.0,0,0
rcs20_k8,73,joint,1.0,0.07,0,10,10,1.0,0.0,0.0,1.130646799923852,0.0,604,0
rcs20_k8,73,balanced,1.0,0.04666666666666667,8,60,10,0.9833333333333333,5120.0,8.533333333333335,0.9360379000427201,0.0,0,0
rcs20_k8,73,robust,1.0,0.07,0,10,10,1.0,0.0,0.0,1.0001647999743,0.0,0,0
rcs20_k8,74,v1,1.0,0.04,0,10,10,1.0,0.0,0.0,1.011753399972804,0.0,0,0
rcs20_k8,74,joint,1.0,0.04,0,10,10,1.0,0.0,0.0,1.1522641000337899,0.0,622,0
rcs20_k8,74,balanced,1.0,0.05333333333333334,8,60,10,1.0,5120.0,8.533333333333335,1.026292399968952,0.0,0,0
rcs20_k8,74,robust,1.0,0.05,0,12,10,1.0,0.0,0.0,1.2581946999998763,0.0,0,0
rcs20_k8,75,v1,1.0,0.043333333333333335,0,10,10,1.0,0.0,0.0,0.7690557000460103,0.0,0,0
rcs20_k8,75,joint,1.0,0.043333333333333335,0,10,10,1.0,0.0,0.0,0.907418500049971,0.0,585,0
rcs20_k8,75,balanced,1.0,0.05,8,60,10,0.9666666666666667,5120.0,8.533333333333335,0.721880599972792,0.0,0,0
rcs20_k8,75,robust,1.0,0.04,1,10,10,1.0,640.0,1.0666666666666667,0.9518364999676123,0.0,0,0
rcs20_k8,76,v1,1.0,0.04666666666666667,0,10,10,1.0,0.0,0.0,0.915057500009425,0.0,0,0
rcs20_k8,76,joint,1.0,0.04666666666666667,0,10,10,1.0,0.0,0.0,1.0553735999856144,0.0,610,0
rcs20_k8,76,balanced,1.0,0.043333333333333335,8,60,10,0.9833333333333333,5120.0,8.533333333333335,0.8852330000372604,0.0,0,0
rcs20_k8,76,robust,1.0,0.056666666666666664,0,10,10,1.0,0.0,0.0,0.9480202000122517,0.0,0,0
rcs20_k8,77,v1,1.0,0.056666666666666664,0,10,10,1.0,0.0,0.0,0.8770024999976158,0.0,0,0
rcs20_k8,77,joint,1.0,0.056666666666666664,0,10,10,1.0,0.0,0.0,1.0148280001012608,0.0,602,0
rcs20_k8,77,balanced,1.0,0.043333333333333335,8,60,10,1.0,5120.0,8.533333333333335,0.7455940999789163,0.0,0,0
rcs20_k8,77,robust,1.0,0.06666666666666667,0,10,10,1.0,0.0,0.0,0.8732075999723747,0.0,0,0
rcs20_k8,78,v1,1.0,0.07,0,10,10,1.0,0.0,0.0,0.9417261000489816,0.0,0,0
rcs20_k8,78,joint,1.0,0.07,0,10,10,1.0,0.0,0.0,1.0914101999951527,0.0,673,0
rcs20_k8,78,balanced,1.0,0.05,8,60,10,1.0,5120.0,8.533333333333335,0.8683087999233976,0.0,0,0
rcs20_k8,78,robust,1.0,0.056666666666666664,0,10,10,1.0,0.0,0.0,0.9763091000495479,0.0,0,0
rcs20_k8,79,v1,1.0,0.08333333333333333,0,10,10,1.0,0.0,0.0,0.8820220999186859,0.0,0,0
rcs20_k8,79,joint,1.0,0.08333333333333333,0,10,10,1.0,0.0,0.0,1.0226463999133557,0.0,604,0
rcs20_k8,79,balanced,1.0,0.08666666666666667,8,60,10,1.0,5120.0,8.533333333333335,0.883350900025107,0.0,0,0
rcs20_k8,79,robust,1.0,0.06666666666666667,0,10,10,1.0,0.0,0.0,0.9567467999877408,0.0,0,0
rcs20_k8,80,v1,0.9,0.07666666666666666,0,10,10,0.9,0.0,0.0,0.7435618999879807,0.0,0,0
rcs20_k8,80,joint,0.9,0.07666666666666666,0,10,10,0.9,0.0,0.0,0.8938964999979362,0.0,650,0
rcs20_k8,80,balanced,1.0,0.056666666666666664,8,60,10,0.95,5120.0,8.533333333333335,0.6700767999282107,0.0,0,0
rcs20_k8,80,robust,0.9,0.07666666666666666,2,11,10,0.9090909090909091,1280.0,2.1333333333333333,0.8905882000690326,0.0,0,0
rcs20_k8,81,v1,1.0,0.043333333333333335,1,12,10,1.0,640.0,1.0666666666666667,0.8360582999885082,0.0,0,0
rcs20_k8,81,joint,1.0,0.04,0,12,10,1.0,0.0,0.0,1.0368895998690277,0.005333333333333634,755,1
rcs20_k8,81,balanced,1.0,0.04,8,60,10,1.0,5120.0,8.533333333333335,0.5691192999947816,0.0,0,0
rcs20_k8,81,robust,1.0,0.05333333333333334,8,20,10,1.0,5120.0,8.533333333333335,1.3324185999808833,0.0,0,0
rcs20_k8,82,v1,1.0,0.05333333333333334,0,10,10,1.0,0.0,0.0,0.7550832000561059,0.0,0,0
rcs20_k8,82,joint,1.0,0.05333333333333334,0,10,10,1.0,0.0,0.0,0.8854258001083508,0.0,559,0
rcs20_k8,82,balanced,1.0,0.06333333333333334,8,60,10,0.9833333333333333,5120.0,8.533333333333335,0.7236860999837518,0.0,0,0
rcs20_k8,82,robust,1.0,0.043333333333333335,0,10,10,1.0,0.0,0.0,0.8542742000427097,0.0,0,0
rcs20_k8,83,v1,0.9,0.056666666666666664,0,10,10,0.9,0.0,0.0,0.667099199956283,0.0,0,0
rcs20_k8,83,joint,0.9,0.056666666666666664,0,10,10,0.9,0.0,0.0,0.8249471000162885,0.0,638,0
rcs20_k8,83,balanced,1.0,0.04666666666666667,8,60,10,0.9333333333333333,5120.0,8.533333333333335,0.5117266000015661,0.0,0,0
rcs20_k8,83,robust,1.0,0.05,1,13,10,0.9230769230769231,640.0,1.0666666666666667,0.8564446999225765,0.0,0,0
rcs20_k8,84,v1,1.0,0.03,0,10,10,1.0,0.0,0.0,0.8514711000025272,0.0,0,0
rcs20_k8,84,joint,1.0,0.03,0,10,10,1.0,0.0,0.0,1.0115768001414835,0.0,706,0
rcs20_k8,84,balanced,1.0,0.06333333333333334,8,60,10,0.9833333333333333,5120.0,8.533333333333335,0.8028939999639988,0.0,0,0
rcs20_k8,84,robust,1.0,0.03,0,10,10,1.0,0.0,0.0,0.8961070999503136,0.0,0,0
rcs20_k8,85,v1,1.0,0.08,0,11,10,1.0,0.0,0.0,0.9502684000181034,0.0,0,0
rcs20_k8,85,joint,1.0,0.08,0,11,10,1.0,0.0,0.0,1.1165133999893442,0.0,673,0
rcs20_k8,85,balanced,1.0,0.06,8,60,10,1.0,5120.0,8.533333333333335,0.8350797999883071,0.0,0,0
rcs20_k8,85,robust,1.0,0.07666666666666666,2,15,10,1.0,1280.0,2.1333333333333333,1.2635861999588087,0.0,0,0
rcs20_k8,86,v1,1.0,0.03666666666666667,0,10,10,1.0,0.0,0.0,0.7550962000386789,0.0,0,0
rcs20_k8,86,joint,1.0,0.03666666666666667,0,10,10,1.0,0.0,0.0,0.9076671999646351,0.0,645,0
rcs20_k8,86,balanced,1.0,0.05333333333333334,8,60,10,1.0,5120.0,8.533333333333335,0.6721344999969006,0.0,0,0
rcs20_k8,86,robust,1.0,0.05333333333333334,1,11,10,1.0,640.0,1.0666666666666667,0.941679299925454,0.0,0,0
rcs20_k8,87,v1,1.0,0.05,0,10,10,1.0,0.0,0.0,0.9163388999877498,0.0,0,0
rcs20_k8,87,joint,1.0,0.05,0,10,10,1.0,0.0,0.0,1.0668156000319868,0.0,607,0
rcs20_k8,87,balanced,1.0,0.056666666666666664,8,60,10,0.9833333333333333,5120.0,8.533333333333335,0.8970994999399409,0.0,0,0
rcs20_k8,87,robust,1.0,0.05,0,10,10,1.0,0.0,0.0,0.933511900017038,0.0,0,0
rcs20_k8,88,v1,0.9,0.05,1,10,10,1.0,640.0,1.0666666666666667,0.9256421000463888,0.0,0,0
rcs20_k8,88,joint,1.0,0.05,0,11,10,1.0,0.0,0.0,1.106307900045067,0.005333333333333634,652,1
rcs20_k8,88,balanced,1.0,0.05333333333333334,8,60,10,1.0,5120.0,8.533333333333335,0.8443310000002384,0.0,0,0
rcs20_k8,88,robust,1.0,0.05,2,12,10,1.0,1280.0,2.1333333333333333,1.179192499956116,0.0,0,0
rcs20_k8,89,v1,1.0,0.04666666666666667,0,10,10,1.0,0.0,0.0,0.9967109999852255,0.0,0,0
rcs20_k8,89,joint,1.0,0.04666666666666667,0,10,10,1.0,0.0,0.0,1.1454675999702886,0.0,618,0
rcs20_k8,89,balanced,1.0,0.02666666666666667,8,60,10,1.0,5120.0,8.533333333333335,0.9470575000159442,0.0,0,0
rcs20_k8,89,robust,1.0,0.04666666666666667,0,10,10,1.0,0.0,0.0,1.0354979999829084,0.0,0,0
rcs20_k8,90,v1,1.0,0.06333333333333334,0,10,10,1.0,0.0,0.0,1.049246700014919,0.0,0,0
rcs20_k8,90,joint,1.0,0.06333333333333334,0,10,10,1.0,0.0,0.0,1.1978168999776244,0.0,624,0
rcs20_k8,90,balanced,1.0,0.07333333333333333,8,60,10,0.95,5120.0,8.533333333333335,0.9864231001120061,0.0,0,0
rcs20_k8,90,robust,1.0,0.05,1,11,10,1.0,640.0,1.0666666666666667,1.1310284999199212,0.0,0,0
rcs20_k8,91,v1,1.0,0.04666666666666667,0,10,10,1.0,0.0,0.0,0.8832743000239134,0.0,0,0
rcs20_k8,91,joint,1.0,0.04666666666666667,0,10,10,1.0,0.0,0.0,1.0319586999248713,0.0,633,0
rcs20_k8,91,balanced,1.0,0.04,8,60,10,0.9666666666666667,5120.0,8.533333333333335,0.7705569000681862,0.0,0,0
rcs20_k8,91,robust,1.0,0.043333333333333335,1,11,10,1.0,640.0,1.0666666666666667,1.0520383999682963,0.0,0,0
rcs20_k8,92,v1,1.0,0.043333333333333335,0,10,10,1.0,0.0,0.0,1.053487699944526,0.0,0,0
rcs20_k8,92,joint,1.0,0.043333333333333335,0,10,10,1.0,0.0,0.0,1.1953761999029666,0.0,623,0
rcs20_k8,92,balanced,1.0,0.06333333333333334,8,60,10,1.0,5120.0,8.533333333333335,1.0462502000154927,0.0,0,0
rcs20_k8,92,robust,1.0,0.07,1,10,10,1.0,640.0,1.0666666666666667,1.1479842000408098,0.0,0,0
rcs20_k8,93,v1,0.9,0.043333333333333335,0,10,10,0.9,0.0,0.0,0.9525784000288695,0.0,0,0
rcs20_k8,93,joint,0.9,0.043333333333333335,0,10,10,0.9,0.0,0.0,1.0957136999350041,0.0,622,0
rcs20_k8,93,balanced,1.0,0.04666666666666667,8,60,10,0.9333333333333333,5120.0,8.533333333333335,0.9403239000821486,0.0,0,0
rcs20_k8,93,robust,0.9,0.04666666666666667,1,10,10,0.9,640.0,1.0666666666666667,1.0763335999799892,0.0,0,0
rcs20_k8,94,v1,1.0,0.043333333333333335,0,10,10,1.0,0.0,0.0,0.9233682999620214,0.0,0,0
rcs20_k8,94,joint,1.0,0.043333333333333335,0,10,10,1.0,0.0,0.0,1.069027999881655,0.0,639,0
rcs20_k8,94,balanced,1.0,0.05,8,60,10,1.0,5120.0,8.533333333333335,0.8988367000129074,0.0,0,0
rcs20_k8,94,robust,1.0,0.06,0,10,10,1.0,0.0,0.0,0.9563077000202611,0.0,0,0
rcs20_k8,95,v1,1.0,0.043333333333333335,0,10,10,1.0,0.0,0.0,0.6823204999091104,0.0,0,0
rcs20_k8,95,joint,1.0,0.043333333333333335,0,10,10,1.0,0.0,0.0,0.8124543998856097,0.0,541,0
rcs20_k8,95,balanced,1.0,0.05,8,60,10,0.9833333333333333,5120.0,8.533333333333335,0.5782437999732792,0.0,0,0
rcs20_k8,95,robust,1.0,0.04,0,10,10,1.0,0.0,0.0,0.7349330000579357,0.0,0,0
rcs20_k8,96,v1,1.0,0.05333333333333334,0,10,10,1.0,0.0,0.0,0.919687099987641,0.0,0,0
rcs20_k8,96,joint,1.0,0.05333333333333334,0,10,10,1.0,0.0,0.0,1.0745444999774918,0.0,645,0
rcs20_k8,96,balanced,1.0,0.056666666666666664,8,60,10,1.0,5120.0,8.533333333333335,0.9554319001035765,0.0,0,0
rcs20_k8,96,robust,1.0,0.04666666666666667,1,10,10,1.0,640.0,1.0666666666666667,0.9633454999420792,0.0,0,0
rcs20_k8,97,v1,1.0,0.04,0,10,10,1.0,0.0,0.0,0.9448996999999508,0.0,0,0
rcs20_k8,97,joint,1.0,0.04,0,10,10,1.0,0.0,0.0,1.0966494999593124,0.0,628,0
rcs20_k8,97,balanced,1.0,0.06333333333333334,8,60,10,0.9833333333333333,5120.0,8.533333333333335,0.9314582999795675,0.0,0,0
rcs20_k8,97,robust,1.0,0.05,0,10,10,1.0,0.0,0.0,0.9907104999292642,0.0,0,0
rcs20_k8,98,v1,1.0,0.03333333333333333,0,10,10,1.0,0.0,0.0,0.9320683999685571,0.0,0,0
rcs20_k8,98,joint,1.0,0.03333333333333333,0,10,10,1.0,0.0,0.0,1.0836382999550551,0.0,629,0
rcs20_k8,98,balanced,1.0,0.043333333333333335,8,60,10,1.0,5120.0,8.533333333333335,0.9013774000341073,0.0,0,0
rcs20_k8,98,robust,1.0,0.03333333333333333,0,10,10,1.0,0.0,0.0,0.9388506000395864,0.0,0,0
rcs20_k8,99,v1,1.0,0.04666666666666667,0,10,10,1.0,0.0,0.0,1.0463375999825075,0.0,0,0
rcs20_k8,99,joint,1.0,0.04666666666666667,0,10,10,1.0,0.0,0.0,1.2002527000149712,0.0,611,0
rcs20_k8,99,balanced,1.0,0.05,8,60,10,1.0,5120.0,8.533333333333335,1.053519699955359,0.0,0,0
rcs20_k8,99,robust,1.0,0.05333333333333334,0,10,10,1.0,0.0,0.0,1.0820579000283033,0.0,0,0
rcs50_k0,0,v1,1.0,0.06333333333333334,0,10,10,1.0,0.0,0.0,0.5748274999205023,0.0,0,0
rcs50_k0,0,joint,1.0,0.06333333333333334,0,10,10,1.0,0.0,0.0,0.655936700059101,0.0,272,0
rcs50_k0,0,balanced,1.0,0.05333333333333334,0,60,10,1.0,0.0,0.0,0.7163161999778822,0.0,0,0
rcs50_k0,0,robust,1.0,0.06,0,10,10,1.0,0.0,0.0,0.5969472000142559,0.0,0,0
rcs50_k0,1,v1,1.0,0.02,0,10,10,1.0,0.0,0.0,0.5382125000469387,0.0,0,0
rcs50_k0,1,joint,1.0,0.02,0,10,10,1.0,0.0,0.0,0.6166238001314923,0.0,285,0
rcs50_k0,1,balanced,1.0,0.023333333333333334,0,60,10,0.9833333333333333,0.0,0.0,0.6629339000210166,0.0,0,0
rcs50_k0,1,robust,1.0,0.02666666666666667,0,10,10,1.0,0.0,0.0,0.5526153999380767,0.0,0,0
rcs50_k0,2,v1,1.0,0.06333333333333334,0,10,10,1.0,0.0,0.0,0.6645308999577537,0.0,0,0
rcs50_k0,2,joint,1.0,0.06333333333333334,0,10,10,1.0,0.0,0.0,0.7604847999755293,0.0,286,0
rcs50_k0,2,balanced,1.0,0.06,0,60,10,0.95,0.0,0.0,0.864548800047487,0.0,0,0
rcs50_k0,2,robust,1.0,0.06333333333333334,0,10,10,1.0,0.0,0.0,0.6706938999705017,0.0,0,0
rcs50_k0,3,v1,1.0,0.04666666666666667,0,10,10,1.0,0.0,0.0,0.615843900013715,0.0,0,0
rcs50_k0,3,joint,1.0,0.04666666666666667,0,10,10,1.0,0.0,0.0,0.7051557000959292,0.0,293,0
rcs50_k0,3,balanced,1.0,0.05333333333333334,0,60,10,0.9833333333333333,0.0,0.0,0.7547455999301746,0.0,0,0
rcs50_k0,3,robust,1.0,0.056666666666666664,0,10,10,1.0,0.0,0.0,0.619873300078325,0.0,0,0
rcs50_k0,4,v1,1.0,0.03,0,10,10,1.0,0.0,0.0,0.6541745000286028,0.0,0,0
rcs50_k0,4,joint,1.0,0.03,0,10,10,1.0,0.0,0.0,0.7383729999419302,0.0,298,0
rcs50_k0,4,balanced,1.0,0.05333333333333334,0,60,10,1.0,0.0,0.0,0.7484739000210539,0.0,0,0
rcs50_k0,4,robust,1.0,0.03333333333333333,0,14,10,1.0,0.0,0.0,0.8461445999564603,0.0,0,0
rcs50_k0,5,v1,1.0,0.056666666666666664,0,10,10,1.0,0.0,0.0,0.6227524999994785,0.0,0,0
rcs50_k0,5,joint,1.0,0.056666666666666664,0,10,10,1.0,0.0,0.0,0.7036763000069186,0.0,277,0
rcs50_k0,5,balanced,1.0,0.02666666666666667,0,60,10,0.9833333333333333,0.0,0.0,0.7660665999865159,0.0,0,0
rcs50_k0,5,robust,1.0,0.056666666666666664,0,10,10,1.0,0.0,0.0,0.6384739999193698,0.0,0,0
rcs50_k0,6,v1,0.9,0.04,0,10,10,0.9,0.0,0.0,0.5815941999899223,0.0,0,0
rcs50_k0,6,joint,0.9,0.04,0,10,10,0.9,0.0,0.0,0.6666622000047937,0.0,289,0
rcs50_k0,6,balanced,1.0,0.07,0,60,10,0.9666666666666667,0.0,0.0,0.6777074999408796,0.0,0,0
rcs50_k0,6,robust,0.9,0.04666666666666667,0,10,10,0.9,0.0,0.0,0.6035659000044689,0.0,0,0
rcs50_k0,7,v1,0.9,0.06,0,10,10,0.9,0.0,0.0,0.6259440000867471,0.0,0,0
rcs50_k0,7,joint,0.9,0.06,0,10,10,0.9,0.0,0.0,0.7135904000606388,0.0,292,0
rcs50_k0,7,balanced,0.9,0.03,0,60,10,0.8833333333333333,0.0,0.0,0.8123858000617474,0.0,0,0
rcs50_k0,7,robust,0.9,0.06,0,10,10,0.9,0.0,0.0,0.6892196999397129,0.0,0,0
rcs50_k0,8,v1,1.0,0.04,0,10,10,1.0,0.0,0.0,0.5597129000816494,0.0,0,0
rcs50_k0,8,joint,1.0,0.04,0,10,10,1.0,0.0,0.0,0.6462616000790149,0.0,296,0
rcs50_k0,8,balanced,1.0,0.05,0,60,10,1.0,0.0,0.0,0.646238699904643,0.0,0,0
rcs50_k0,8,robust,1.0,0.04666666666666667,0,11,10,1.0,0.0,0.0,0.6972099000122398,0.0,0,0
rcs50_k0,9,v1,1.0,0.04,0,10,10,1.0,0.0,0.0,0.5740811999421567,0.0,0,0
rcs50_k0,9,joint,1.0,0.04,0,10,10,1.0,0.0,0.0,0.6541757999220863,0.0,266,0
rcs50_k0,9,balanced,1.0,0.03666666666666667,0,60,10,1.0,0.0,0.0,0.7125407999847084,0.0,0,0
rcs50_k0,9,robust,1.0,0.05333333333333334,0,10,10,1.0,0.0,0.0,0.6209055000217631,0.0,0,0
rcs50_k0,10,v1,1.0,0.04666666666666667,0,10,10,1.0,0.0,0.0,0.6744117999915034,0.0,0,0
rcs50_k0,10,joint,1.0,0.04666666666666667,0,10,10,1.0,0.0,0.0,0.7567585000069812,0.0,277,0
rcs50_k0,10,balanced,1.0,0.04,0,60,10,1.0,0.0,0.0,1.0282974999863654,0.0,0,0
rcs50_k0,10,robust,1.0,0.04666666666666667,0,10,10,1.0,0.0,0.0,0.7216887000249699,0.0,0,0
rcs50_k0,11,v1,1.0,0.06,0,10,10,1.0,0.0,0.0,0.7183166000759229,0.0,0,0
rcs50_k0,11,joint,1.0,0.06,0,10,10,1.0,0.0,0.0,0.7999504000181332,0.0,283,0
rcs50_k0,11,balanced,1.0,0.06666666666666667,0,60,10,1.0,0.0,0.0,1.0292583999689668,0.0,0,0
rcs50_k0,11,robust,1.0,0.06666666666666667,0,10,10,1.0,0.0,0.0,0.7361688000382856,0.0,0,0
rcs50_k0,12,v1,0.9,0.056666666666666664,0,10,10,0.9,0.0,0.0,0.822446999954991,0.0,0,0
rcs50_k0,12,joint,0.9,0.056666666666666664,0,10,10,0.9,0.0,0.0,0.9055472000036389,0.0,281,0
rcs50_k0,12,balanced,0.9,0.04666666666666667,0,60,10,0.9,0.0,0.0,1.0776810999959707,0.0,0,0
rcs50_k0,12,robust,0.9,0.056666666666666664,0,10,10,0.9,0.0,0.0,0.7959608999080956,0.0,0,0
rcs50_k0,13,v1,1.0,0.06666666666666667,0,10,10,1.0,0.0,0.0,0.641582699958235,0.0,0,0
rcs50_k0,13,joint,1.0,0.06666666666666667,0,10,10,1.0,0.0,0.0,0.7264753999188542,0.0,287,0
rcs50_k0,13,balanced,1.0,0.043333333333333335,0,60,10,1.0,0.0,0.0,0.7263550000498071,0.0,0,0
rcs50_k0,13,robust,1.0,0.06333333333333334,0,10,10,1.0,0.0,0.0,0.6272625001147389,0.0,0,0
rcs50_k0,14,v1,1.0,0.04666666666666667,0,10,10,1.0,0.0,0.0,0.7010804999154061,0.0,0,0
rcs50_k0,14,joint,1.0,0.04666666666666667,0,10,10,1.0,0.0,0.0,0.7816860999446362,0.0,283,0
rcs50_k0,14,balanced,1.0,0.05,0,60,10,1.0,0.0,0.0,0.8328050000127405,0.0,0,0
rcs50_k0,14,robust,1.0,0.04666666666666667,0,11,10,1.0,0.0,0.0,0.7337924999883398,0.0,0,0
rcs50_k0,15,v1,1.0,0.04,0,10,10,1.0,0.0,0.0,0.7099959999322891,0.0,0,0
rcs50_k0,15,joint,1.0,0.04,0,10,10,1.0,0.0,0.0,0.7950915000401437,0.0,276,0
rcs50_k0,15,balanced,1.0,0.06,0,60,10,1.0,0.0,0.0,1.0844219999853522,0.0,0,0
rcs50_k0,15,robust,1.0,0.04,0,10,10,1.0,0.0,0.0,0.7420120999449864,0.0,0,0
rcs50_k0,16,v1,1.0,0.06333333333333334,0,10,10,1.0,0.0,0.0,0.6625570999458432,0.0,0,0
rcs50_k0,16,joint,1.0,0.06333333333333334,0,10,10,1.0,0.0,0.0,0.7463793999049813,0.0,281,0
rcs50_k0,16,balanced,1.0,0.04666666666666667,0,60,10,0.9333333333333333,0.0,0.0,0.9586144000058994,0.0,0,0
rcs50_k0,16,robust,1.0,0.06333333333333334,0,10,10,1.0,0.0,0.0,0.7014289000071585,0.0,0,0
rcs50_k0,17,v1,1.0,0.05333333333333334,0,10,10,1.0,0.0,0.0,0.6450026000384241,0.0,0,0
rcs50_k0,17,joint,1.0,0.05333333333333334,0,10,10,1.0,0.0,0.0,0.7304824001621455,0.0,286,0
rcs50_k0,17,balanced,1.0,0.04,0,60,10,1.0,0.0,0.0,0.9308262999402359,0.0,0,0
rcs50_k0,17,robust,1.0,0.056666666666666664,0,10,10,1.0,0.0,0.0,0.6722154000308365,0.0,0,0
rcs50_k0,18,v1,1.0,0.04666666666666667,0,10,10,1.0,0.0,0.0,0.6095833000726998,0.0,0,0
rcs50_k0,18,joint,1.0,0.04666666666666667,0,10,10,1.0,0.0,0.0,0.6930275000631809,0.0,293,0
rcs50_k0,18,balanced,1.0,0.04,0,60,10,0.95,0.0,0.0,0.7933428999967873,0.0,0,0
rcs50_k0,18,robust,1.0,0.04666666666666667,0,12,10,1.0,0.0,0.0,0.7032026000088081,0.0,0,0
rcs50_k0,19,v1,1.0,0.03,0,10,10,1.0,0.0,0.0,0.6694974000565708,0.0,0,0
rcs50_k0,19,joint,1.0,0.03,0,10,10,1.0,0.0,0.0,0.7536697000032291,0.0,287,0
rcs50_k0,19,balanced,1.0,0.06,0,60,10,1.0,0.0,0.0,0.9409742999123409,0.0,0,0
rcs50_k0,19,robust,1.0,0.03,0,10,10,1.0,0.0,0.0,0.6908269000705332,0.0,0,0
rcs50_k0,20,v1,1.0,0.06,0,10,10,1.0,0.0,0.0,0.6469923000549898,0.0,0,0
rcs50_k0,20,joint,1.0,0.06,0,10,10,1.0,0.0,0.0,0.729362600017339,0.0,270,0
rcs50_k0,20,balanced,1.0,0.04666666666666667,0,60,10,1.0,0.0,0.0,0.9075862999306992,0.0,0,0
rcs50_k0,20,robust,1.0,0.06,0,10,10,1.0,0.0,0.0,0.6952441000612453,0.0,0,0
rcs50_k0,21,v1,1.0,0.056666666666666664,0,10,10,1.0,0.0,0.0,0.6960081999422982,0.0,0,0
rcs50_k0,21,joint,1.0,0.056666666666666664,0,10,10,1.0,0.0,0.0,0.7747614999534562,0.0,270,0
rcs50_k0,21,balanced,1.0,0.06666666666666667,0,60,10,1.0,0.0,0.0,0.970478400005959,0.0,0,0
rcs50_k0,21,robust,1.0,0.056666666666666664,0,10,10,1.0,0.0,0.0,0.7233309999573976,0.0,0,0
rcs50_k0,22,v1,1.0,0.05,0,10,10,1.0,0.0,0.0,0.6792239000787959,0.0,0,0
rcs50_k0,22,joint,1.0,0.05,0,10,10,1.0,0.0,0.0,0.7589347001630813,0.0,279,0
rcs50_k0,22,balanced,1.0,0.06,0,60,10,1.0,0.0,0.0,0.9145656999899074,0.0,0,0
rcs50_k0,22,robust,1.0,0.05,0,10,10,1.0,0.0,0.0,0.7044556000037119,0.0,0,0
rcs50_k0,23,v1,1.0,0.043333333333333335,0,10,10,1.0,0.0,0.0,0.7232020000228658,0.0,0,0
rcs50_k0,23,joint,1.0,0.043333333333333335,0,10,10,1.0,0.0,0.0,0.8047249999362975,0.0,270,0
rcs50_k0,23,balanced,1.0,0.05333333333333334,0,60,10,1.0,0.0,0.0,1.0219769000541419,0.0,0,0
rcs50_k0,23,robust,1.0,0.043333333333333335,0,10,10,1.0,0.0,0.0,0.7974229999817908,0.0,0,0
rcs50_k0,24,v1,1.0,0.04,0,10,10,1.0,0.0,0.0,0.6278972999425605,0.0,0,0
rcs50_k0,24,joint,1.0,0.04,0,10,10,1.0,0.0,0.0,0.7115828999085352,0.0,288,0
rcs50_k0,24,balanced,1.0,0.06,0,60,10,1.0,0.0,0.0,0.8096013000467792,0.0,0,0
rcs50_k0,24,robust,1.0,0.043333333333333335,0,10,10,1.0,0.0,0.0,0.6848961999639869,0.0,0,0
rcs50_k0,25,v1,1.0,0.05333333333333334,0,10,10,1.0,0.0,0.0,0.5389610000420362,0.0,0,0
rcs50_k0,25,joint,1.0,0.05333333333333334,0,10,10,1.0,0.0,0.0,0.6215064000571147,0.0,282,0
rcs50_k0,25,balanced,1.0,0.03666666666666667,0,60,10,0.9833333333333333,0.0,0.0,0.6781078999629244,0.0,0,0
rcs50_k0,25,robust,1.0,0.04666666666666667,0,10,10,1.0,0.0,0.0,0.596388400066644,0.0,0,0
rcs50_k0,26,v1,1.0,0.05,0,10,10,1.0,0.0,0.0,0.6020603000652045,0.0,0,0
rcs50_k0,26,joint,1.0,0.05,0,10,10,1.0,0.0,0.0,0.6835861001163721,0.0,276,0
rcs50_k0,26,balanced,1.0,0.03333333333333333,0,60,10,1.0,0.0,0.0,0.8035588999046013,0.0,0,0
rcs50_k0,26,robust,1.0,0.06666666666666667,0,11,10,1.0,0.0,0.0,0.6672327000414953,0.0,0,0
rcs50_k0,27,v1,1.0,0.04666666666666667,0,10,10,1.0,0.0,0.0,0.5822747000493109,0.0,0,0
rcs50_k0,27,joint,1.0,0.04666666666666667,0,10,10,1.0,0.0,0.0,0.6667178000789136,0.0,283,0
rcs50_k0,27,balanced,1.0,0.03666666666666667,0,60,10,1.0,0.0,0.0,0.7184657000470906,0.0,0,0
rcs50_k0,27,robust,1.0,0.056666666666666664,0,10,10,1.0,0.0,0.0,0.5831896999152377,0.0,0,0
rcs50_k0,28,v1,1.0,0.06,0,10,10,1.0,0.0,0.0,0.6447769000660628,0.0,0,0
rcs50_k0,28,joint,1.0,0.06,0,10,10,1.0,0.0,0.0,0.7265160999959335,0.0,281,0
rcs50_k0,28,balanced,1.0,0.06,0,60,10,1.0,0.0,0.0,0.7920309000182897,0.0,0,0
rcs50_k0,28,robust,1.0,0.03333333333333333,0,10,10,1.0,0.0,0.0,0.6574340000515804,0.0,0,0
rcs50_k0,29,v1,1.0,0.03666666666666667,0,10,10,1.0,0.0,0.0,0.5553556999657303,0.0,0,0
rcs50_k0,29,joint,1.0,0.03666666666666667,0,10,10,1.0,0.0,0.0,0.6401396999135613,0.0,279,0
rcs50_k0,29,balanced,1.0,0.056666666666666664,0,60,10,1.0,0.0,0.0,0.6490634999936447,0.0,0,0
rcs50_k0,29,robust,1.0,0.03,0,12,10,1.0,0.0,0.0,0.6903596000047401,0.0,0,0
rcs50_k0,30,v1,1.0,0.023333333333333334,0,10,10,1.0,0.0,0.0,0.5508972000097856,0.0,0,0
rcs50_k0,30,joint,1.0,0.023333333333333334,0,10,10,1.0,0.0,0.0,0.6321922999341041,0.0,274,0
rcs50_k0,30,balanced,1.0,0.043333333333333335,0,60,10,0.8833333333333333,0.0,0.0,0.6377619999693707,0.0,0,0
rcs50_k0,30,robust,0.9,0.03,0,10,10,0.9,0.0,0.0,0.5786971999332309,0.0,0,0
rcs50_k0,31,v1,1.0,0.04,0,10,10,1.0,0.0,0.0,0.6896860999986529,0.0,0,0
rcs50_k0,31,joint,1.0,0.04,0,10,10,1.0,0.0,0.0,0.7705764999845996,0.0,293,0
rcs50_k0,31,balanced,1.0,0.06333333333333334,0,60,10,1.0,0.0,0.0,0.958044599974528,0.0,0,0
rcs50_k0,31,robust,1.0,0.04,0,10,10,1.0,0.0,0.0,0.7234966000542045,0.0,0,0
rcs50_k0,32,v1,1.0,0.043333333333333335,0,10,10,1.0,0.0,0.0,0.5942074999911711,0.0,0,0
rcs50_k0,32,joint,1.0,0.043333333333333335,0,10,10,1.0,0.0,0.0,0.6736444999696687,0.0,270,0
rcs50_k0,32,balanced,1.0,0.03,0,60,10,1.0,0.0,0.0,0.805909899994731,0.0,0,0
rcs50_k0,32,robust,1.0,0.043333333333333335,0,10,10,1.0,0.0,0.0,0.6410991000011563,0.0,0,0
rcs50_k0,33,v1,1.0,0.07,0,10,10,1.0,0.0,0.0,0.6086917999200523,0.0,0,0
rcs50_k0,33,joint,1.0,0.07,0,10,10,1.0,0.0,0.0,0.6909358000848442,0.0,277,0
rcs50_k0,33,balanced,1.0,0.06333333333333334,0,60,10,0.9833333333333333,0.0,0.0,0.8198254999006167,0.0,0,0
rcs50_k0,33,robust,1.0,0.07,0,10,10,1.0,0.0,0.0,0.6607134999940172,0.0,0,0
rcs50_k0,34,v1,0.9,0.04666666666666667,0,10,10,0.9,0.0,0.0,0.6669834000058472,0.0,0,0
rcs50_k0,34,joint,0.9,0.04666666666666667,0,10,10,0.9,0.0,0.0,0.750835100072436,0.0,274,0
rcs50_k0,34,balanced,1.0,0.07666666666666666,0,60,10,0.9833333333333333,0.0,0.0,0.9678013999946415,0.0,0,0
rcs50_k0,34,robust,0.9,0.04,0,10,10,0.9,0.0,0.0,0.6891936999745667,0.0,0,0
rcs50_k0,35,v1,1.0,0.03333333333333333,0,10,10,1.0,0.0,0.0,0.5681260999990627,0.0,0,0
rcs50_k0,35,joint,1.0,0.03333333333333333,0,10,10,1.0,0.0,0.0,0.6515954999485984,0.0,279,0
rcs50_k0,35,balanced,1.0,0.05,0,60,10,1.0,0.0,0.0,0.7311506000114605,0.0,0,0
rcs50_k0,35,robust,1.0,0.04,0,10,10,1.0,0.0,0.0,0.5995679000625387,0.0,0,0
rcs50_k0,36,v1,1.0,0.03666666666666667,0,10,10,1.0,0.0,0.0,0.646771700005047,0.0,0,0
rcs50_k0,36,joint,1.0,0.03666666666666667,0,10,10,1.0,0.0,0.0,0.7303856000071391,0.0,282,0
rcs50_k0,36,balanced,1.0,0.05,0,60,10,1.0,0.0,0.0,0.9077819000231102,0.0,0,0
rcs50_k0,36,robust,1.0,0.03666666666666667,0,10,10,1.0,0.0,0.0,0.6877144000027329,0.0,0,0
rcs50_k0,37,v1,1.0,0.07666666666666666,0,10,10,1.0,0.0,0.0,0.6023344000568613,0.0,0,0
rcs50_k0,37,joint,1.0,0.07666666666666666,0,10,10,1.0,0.0,0.0,0.6827003000071272,0.0,273,0
rcs50_k0,37,balanced,1.0,0.08333333333333333,0,60,10,0.9833333333333333,0.0,0.0,0.7835786999203265,0.0,0,0
rcs50_k0,37,robust,1.0,0.07666666666666666,0,10,10,1.0,0.0,0.0,0.6275252000195906,0.0,0,0
rcs50_k0,38,v1,1.0,0.04666666666666667,0,10,10,1.0,0.0,0.0,0.6938537999521941,0.0,0,0
rcs50_k0,38,joint,1.0,0.04666666666666667,0,10,10,1.0,0.0,0.0,0.7815620999317616,0.0,283,0
rcs50_k0,38,balanced,1.0,0.05,0,60,10,1.0,0.0,0.0,0.9182760999538004,0.0,0,0
rcs50_k0,38,robust,1.0,0.04666666666666667,0,10,10,1.0,0.0,0.0,0.7380683000665158,0.0,0,0
rcs50_k0,39,v1,1.0,0.04666666666666667,0,10,10,1.0,0.0,0.0,0.6228340999223292,0.0,0,0
rcs50_k0,39,joint,1.0,0.04666666666666667,0,10,10,1.0,0.0,0.0,0.7039122000569478,0.0,272,0
rcs50_k0,39,balanced,1.0,0.056666666666666664,0,60,10,1.0,0.0,0.0,0.7751533000264317,0.0,0,0
rcs50_k0,39,robust,1.0,0.04666666666666667,0,10,10,1.0,0.0,0.0,0.6580509999766946,0.0,0,0
rcs50_k0,40,v1,1.0,0.06666666666666667,0,10,10,1.0,0.0,0.0,0.621694799978286,0.0,0,0
rcs50_k0,40,joint,1.0,0.06666666666666667,0,10,10,1.0,0.0,0.0,0.7040196999441832,0.0,272,0
rcs50_k0,40,balanced,1.0,0.06333333333333334,0,60,10,0.9833333333333333,0.0,0.0,0.8259392000036314,0.0,0,0
rcs50_k0,40,robust,1.0,0.06333333333333334,0,10,10,1.0,0.0,0.0,0.6861095000058413,0.0,0,0
rcs50_k0,41,v1,1.0,0.04,0,10,10,1.0,0.0,0.0,0.6303963999962434,0.0,0,0
rcs50_k0,41,joint,1.0,0.04,0,10,10,1.0,0.0,0.0,0.7139569000573829,0.0,268,0
rcs50_k0,41,balanced,1.0,0.04666666666666667,0,60,10,1.0,0.0,0.0,0.8743183999322355,0.0,0,0
rcs50_k0,41,robust,1.0,0.04,0,10,10,1.0,0.0,0.0,0.6768439000006765,0.0,0,0
rcs50_k0,42,v1,1.0,0.05,0,10,10,1.0,0.0,0.0,0.6891247999155894,0.0,0,0
rcs50_k0,42,joint,1.0,0.05,0,10,10,1.0,0.0,0.0,0.7685180999105796,0.0,268,0
rcs50_k0,42,balanced,1.0,0.043333333333333335,0,60,10,1.0,0.0,0.0,0.9462821000488475,0.0,0,0
rcs50_k0,42,robust,1.0,0.05,0,10,10,1.0,0.0,0.0,0.6975688999518752,0.0,0,0
rcs50_k0,43,v1,0.9,0.056666666666666664,0,10,10,0.9,0.0,0.0,0.7014817999443039,0.0,0,0
rcs50_k0,43,joint,0.9,0.056666666666666664,0,10,10,0.9,0.0,0.0,0.7840294999768957,0.0,274,0
rcs50_k0,43,balanced,1.0,0.05333333333333334,0,60,10,0.9,0.0,0.0,1.0176791999256238,0.0,0,0
rcs50_k0,43,robust,0.9,0.056666666666666664,0,10,10,0.9,0.0,0.0,0.7199739000061527,0.0,0,0
rcs50_k0,44,v1,1.0,0.06333333333333334,0,10,10,1.0,0.0,0.0,0.5790450000204146,0.0,0,0
rcs50_k0,44,joint,1.0,0.06333333333333334,0,10,10,1.0,0.0,0.0,0.6587346999440342,0.0,270,0
rcs50_k0,44,balanced,1.0,0.03,0,60,10,1.0,0.0,0.0,0.7652034000493586,0.0,0,0
rcs50_k0,44,robust,1.0,0.05333333333333334,0,10,10,1.0,0.0,0.0,0.5939442999660969,0.0,0,0
rcs50_k0,45,v1,1.0,0.06,0,10,10,1.0,0.0,0.0,0.7484019000548869,0.0,0,0
rcs50_k0,45,joint,1.0,0.06,0,10,10,1.0,0.0,0.0,0.8344567000167444,0.0,277,0
rcs50_k0,45,balanced,1.0,0.06333333333333334,0,60,10,0.9833333333333333,0.0,0.0,0.9364641000283882,0.0,0,0
rcs50_k0,45,robust,1.0,0.06333333333333334,0,10,10,1.0,0.0,0.0,0.7681949000107124,0.0,0,0
rcs50_k0,46,v1,1.0,0.04666666666666667,0,10,10,1.0,0.0,0.0,0.7013655999908224,0.0,0,0
rcs50_k0,46,joint,1.0,0.04666666666666667,0,10,10,1.0,0.0,0.0,0.7822118001058698,0.0,273,0
rcs50_k0,46,balanced,1.0,0.04,0,60,10,1.0,0.0,0.0,0.875073799979873,0.0,0,0
rcs50_k0,46,robust,1.0,0.04666666666666667,0,10,10,1.0,0.0,0.0,0.6969433999620378,0.0,0,0
rcs50_k0,47,v1,1.0,0.056666666666666664,0,10,10,1.0,0.0,0.0,0.6944485000567511,0.0,0,0
rcs50_k0,47,joint,1.0,0.056666666666666664,0,10,10,1.0,0.0,0.0,0.7743424000218511,0.0,264,0
rcs50_k0,47,balanced,1.0,0.04666666666666667,0,60,10,1.0,0.0,0.0,0.8792380000231788,0.0,0,0
rcs50_k0,47,robust,1.0,0.056666666666666664,0,10,10,1.0,0.0,0.0,0.707469700020738,0.0,0,0
rcs50_k0,48,v1,1.0,0.043333333333333335,0,10,10,1.0,0.0,0.0,0.6549897999502718,0.0,0,0
rcs50_k0,48,joint,1.0,0.043333333333333335,0,10,10,1.0,0.0,0.0,0.7384267000015825,0.0,266,0
rcs50_k0,48,balanced,1.0,0.03666666666666667,0,60,10,0.9333333333333333,0.0,0.0,0.833136499975808,0.0,0,0
rcs50_k0,48,robust,1.0,0.043333333333333335,0,10,10,1.0,0.0,0.0,0.675098399980925,0.0,0,0
rcs50_k0,49,v1,0.9,0.04,0,10,10,0.9,0.0,0.0,0.6904107000445947,0.0,0,0
rcs50_k0,49,joint,0.9,0.04,0,10,10,0.9,0.0,0.0,0.7705957000143826,0.0,272,0
rcs50_k0,49,balanced,1.0,0.05333333333333334,0,60,10,0.9333333333333333,0.0,0.0,0.9047809999901801,0.0,0,0
rcs50_k0,49,robust,0.9,0.04,0,10,10,0.9,0.0,0.0,0.7111705000279471,0.0,0,0
rcs50_k0,50,v1,1.0,0.04,0,10,10,1.0,0.0,0.0,0.6381414000643417,0.0,0,0
rcs50_k0,50,joint,1.0,0.04,0,10,10,1.0,0.0,0.0,0.7197937000310048,0.0,270,0
rcs50_k0,50,balanced,1.0,0.03,0,60,10,0.9666666666666667,0.0,0.0,0.7663526000687853,0.0,0,0
rcs50_k0,50,robust,1.0,0.04,0,10,10,1.0,0.0,0.0,0.6620356000494212,0.0,0,0
rcs50_k0,51,v1,1.0,0.04,0,10,10,1.0,0.0,0.0,0.6453194000059739,0.0,0,0
rcs50_k0,51,joint,1.0,0.04,0,10,10,1.0,0.0,0.0,0.7362059999722987,0.0,302,0
rcs50_k0,51,balanced,1.0,0.043333333333333335,0,60,10,0.9833333333333333,0.0,0.0,0.8938858999172226,0.0,0,0
rcs50_k0,51,robust,1.0,0.06,0,10,10,1.0,0.0,0.0,0.6786776999942958,0.0,0,0
rcs50_k0,52,v1,1.0,0.03666666666666667,0,10,10,1.0,0.0,0.0,0.6262741000391543,0.0,0,0
rcs50_k0,52,joint,1.0,0.03666666666666667,0,10,10,1.0,0.0,0.0,0.7114594001322985,0.0,277,0
rcs50_k0,52,balanced,1.0,0.08666666666666667,0,60,10,1.0,0.0,0.0,0.8510859999805689,0.0,0,0
rcs50_k0,52,robust,1.0,0.03666666666666667,0,10,10,1.0,0.0,0.0,0.6608633000869304,0.0,0,0
rcs50_k0,53,v1,1.0,0.08,0,10,10,1.0,0.0,0.0,0.6511241999687627,0.0,0,0
rcs50_k0,53,joint,1.0,0.08,0,10,10,1.0,0.0,0.0,0.7367291999980807,0.0,272,0
rcs50_k0,53,balanced,1.0,0.06333333333333334,0,60,10,1.0,0.0,0.0,0.9128456000471488,0.0,0,0
rcs50_k0,53,robust,1.0,0.08,0,10,10,1.0,0.0,0.0,0.6907575000077486,0.0,0,0
rcs50_k0,54,v1,1.0,0.05,0,10,10,1.0,0.0,0.0,0.6530689999926835,0.0,0,0
rcs50_k0,54,joint,1.0,0.05,0,10,10,1.0,0.0,0.0,0.7349311000434682,0.0,270,0
rcs50_k0,54,balanced,1.0,0.04,0,60,10,1.0,0.0,0.0,0.8199759999988601,0.0,0,0
rcs50_k0,54,robust,1.0,0.05,0,10,10,1.0,0.0,0.0,0.6729613000061363,0.0,0,0
rcs50_k0,55,v1,1.0,0.06333333333333334,0,10,10,1.0,0.0,0.0,0.6806666000047699,0.0,0,0
rcs50_k0,55,joint,1.0,0.06333333333333334,0,10,10,1.0,0.0,0.0,0.765990599989891,0.0,294,0
rcs50_k0,55,balanced,1.0,0.05333333333333334,0,60,10,0.9833333333333333,0.0,0.0,0.9409549999982119,0.0,0,0
rcs50_k0,55,robust,1.0,0.06333333333333334,0,10,10,1.0,0.0,0.0,0.7484274000162259,0.0,0,0
rcs50_k0,56,v1,1.0,0.03333333333333333,0,10,10,1.0,0.0,0.0,0.657834800076671,0.0,0,0
rcs50_k0,56,joint,1.0,0.03333333333333333,0,10,10,1.0,0.0,0.0,0.7378610000014305,0.0,275,0
rcs50_k0,56,balanced,1.0,0.05,0,60,10,1.0,0.0,0.0,0.9458684000419453,0.0,0,0
rcs50_k0,56,robust,1.0,0.03333333333333333,0,10,10,1.0,0.0,0.0,0.7037195999873802,0.0,0,0
rcs50_k0,57,v1,1.0,0.04666666666666667,0,10,10,1.0,0.0,0.0,0.6511334999231622,0.0,0,0
rcs50_k0,57,joint,1.0,0.04666666666666667,0,10,10,1.0,0.0,0.0,0.7366172999609262,0.0,293,0
rcs50_k0,57,balanced,1.0,0.06333333333333334,0,60,10,1.0,0.0,0.0,0.934436299954541,0.0,0,0
rcs50_k0,57,robust,1.0,0.056666666666666664,0,11,10,1.0,0.0,0.0,0.7465903999982402,0.0,0,0
rcs50_k0,58,v1,1.0,0.043333333333333335,0,10,10,1.0,0.0,0.0,0.6828180000884458,0.0,0,0
rcs50_k0,58,joint,1.0,0.043333333333333335,0,10,10,1.0,0.0,0.0,0.7680043000727892,0.0,297,0
rcs50_k0,58,balanced,1.0,0.04,0,60,10,1.0,0.0,0.0,0.9878699999535456,0.0,0,0
rcs50_k0,58,robust,1.0,0.05,0,10,10,1.0,0.0,0.0,0.7606505000730976,0.0,0,0
rcs50_k0,59,v1,1.0,0.05333333333333334,0,10,10,1.0,0.0,0.0,0.6683338000439107,0.0,0,0
rcs50_k0,59,joint,1.0,0.05333333333333334,0,10,10,1.0,0.0,0.0,0.7591557000996545,0.0,278,0
rcs50_k0,59,balanced,1.0,0.056666666666666664,0,60,10,1.0,0.0,0.0,0.8803380000172183,0.0,0,0
rcs50_k0,59,robust,1.0,0.05,0,10,10,1.0,0.0,0.0,0.6866446000058204,0.0,0,0
rcs50_k0,60,v1,1.0,0.056666666666666664,0,10,10,1.0,0.0,0.0,0.6863505999790505,0.0,0,0
rcs50_k0,60,joint,1.0,0.056666666666666664,0,10,10,1.0,0.0,0.0,0.7702388998586684,0.0,287,0
rcs50_k0,60,balanced,1.0,0.06333333333333334,0,60,10,1.0,0.0,0.0,0.9291915000649169,0.0,0,0
rcs50_k0,60,robust,1.0,0.056666666666666664,0,10,10,1.0,0.0,0.0,0.7120993999997154,0.0,0,0
rcs50_k0,61,v1,1.0,0.03666666666666667,0,10,10,1.0,0.0,0.0,0.6009979998925701,0.0,0,0
rcs50_k0,61,joint,1.0,0.03666666666666667,0,10,10,1.0,0.0,0.0,0.6809727000072598,0.0,273,0
rcs50_k0,61,balanced,1.0,0.04,0,60,10,0.9166666666666666,0.0,0.0,0.7788187999976799,0.0,0,0
rcs50_k0,61,robust,1.0,0.03666666666666667,0,10,10,1.0,0.0,0.0,0.6258075999794528,0.0,0,0
rcs50_k0,62,v1,1.0,0.043333333333333335,0,10,10,1.0,0.0,0.0,0.6280691999709234,0.0,0,0
rcs50_k0,62,joint,1.0,0.043333333333333335,0,10,10,1.0,0.0,0.0,0.7144079999998212,0.0,283,0
rcs50_k0,62,balanced,1.0,0.06666666666666667,0,60,10,1.0,0.0,0.0,0.8240149999037385,0.0,0,0
rcs50_k0,62,robust,1.0,0.043333333333333335,0,10,10,1.0,0.0,0.0,0.6426037000492215,0.0,0,0
rcs50_k0,63,v1,1.0,0.05333333333333334,0,10,10,1.0,0.0,0.0,0.638821900007315,0.0,0,0
rcs50_k0,63,joint,1.0,0.05333333333333334,0,10,10,1.0,0.0,0.0,0.7302151001058519,0.0,284,0
rcs50_k0,63,balanced,1.0,0.03666666666666667,0,60,10,1.0,0.0,0.0,0.8512859999900684,0.0,0,0
rcs50_k0,63,robust,1.0,0.05,0,11,10,1.0,0.0,0.0,0.777936500031501,0.0,0,0
rcs50_k0,64,v1,1.0,0.05333333333333334,0,10,10,1.0,0.0,0.0,0.7075502999359742,0.0,0,0
rcs50_k0,64,joint,1.0,0.05333333333333334,0,10,10,1.0,0.0,0.0,0.7911903999047354,0.0,276,0
rcs50_k0,64,balanced,1.0,0.056666666666666664,0,60,10,1.0,0.0,0.0,0.8963785000378266,0.0,0,0
rcs50_k0,64,robust,1.0,0.05333333333333334,0,10,10,1.0,0.0,0.0,0.7079377999762073,0.0,0,0
rcs50_k0,65,v1,1.0,0.07666666666666666,0,10,10,1.0,0.0,0.0,0.6051341999555007,0.0,0,0
rcs50_k0,65,joint,1.0,0.07666666666666666,0,10,10,1.0,0.0,0.0,0.6860246999422088,0.0,276,0
rcs50_k0,65,balanced,1.0,0.02666666666666667,0,60,10,1.0,0.0,0.0,0.7465968000469729,0.0,0,0
rcs50_k0,65,robust,1.0,0.07666666666666666,0,10,10,1.0,0.0,0.0,0.6515423000091687,0.0,0,0
rcs50_k0,66,v1,1.0,0.03,0,10,10,1.0,0.0,0.0,0.6124122999608517,0.0,0,0
rcs50_k0,66,joint,1.0,0.03,0,10,10,1.0,0.0,0.0,0.6960934000089765,0.0,281,0
rcs50_k0,66,balanced,1.0,0.06333333333333334,0,60,10,1.0,0.0,0.0,0.8561299999710172,0.0,0,0
rcs50_k0,66,robust,1.0,0.03,0,10,10,1.0,0.0,0.0,0.6939062000019476,0.0,0,0
rcs50_k0,67,v1,0.9,0.04,0,10,10,0.9,0.0,0.0,0.5878560999408364,0.0,0,0
rcs50_k0,67,joint,0.9,0.04,0,10,10,0.9,0.0,0.0,0.6719749999465421,0.0,289,0
rcs50_k0,67,balanced,0.9,0.043333333333333335,0,60,10,0.9,0.0,0.0,0.7096189999720082,0.0,0,0
rcs50_k0,67,robust,0.9,0.04,0,10,10,0.9,0.0,0.0,0.6487190000480041,0.0,0,0
rcs50_k0,68,v1,1.0,0.05,0,10,10,1.0,0.0,0.0,0.6250188000267372,0.0,0,0
rcs50_k0,68,joint,1.0,0.05,0,10,10,1.0,0.0,0.0,0.7019579000771046,0.0,268,0
rcs50_k0,68,balanced,1.0,0.06333333333333334,0,60,10,1.0,0.0,0.0,0.8788532000035048,0.0,0,0
rcs50_k0,68,robust,1.0,0.05333333333333334,0,10,10,1.0,0.0,0.0,0.6493080999935046,0.0,0,0
rcs50_k0,69,v1,1.0,0.05,0,10,10,1.0,0.0,0.0,0.6635041000554338,0.0,0,0
rcs50_k0,69,joint,1.0,0.05,0,10,10,1.0,0.0,0.0,0.7477570000337437,0.0,284,0
rcs50_k0,69,balanced,1.0,0.043333333333333335,0,60,10,1.0,0.0,0.0,0.8709839000366628,0.0,0,0
rcs50_k0,69,robust,1.0,0.05333333333333334,0,10,10,1.0,0.0,0.0,0.7025002000154927,0.0,0,0
rcs50_k0,70,v1,1.0,0.043333333333333335,0,10,10,1.0,0.0,0.0,0.7214999999850988,0.0,0,0
rcs50_k0,70,joint,1.0,0.043333333333333335,0,10,10,1.0,0.0,0.0,0.8031141000101343,0.0,279,0
rcs50_k0,70,balanced,1.0,0.056666666666666664,0,60,10,0.9833333333333333,0.0,0.0,0.9411794000770897,0.0,0,0
rcs50_k0,70,robust,1.0,0.04,0,10,10,1.0,0.0,0.0,0.7250817000167444,0.0,0,0
rcs50_k0,71,v1,1.0,0.043333333333333335,0,10,10,1.0,0.0,0.0,0.815918399952352,0.0,0,0
rcs50_k0,71,joint,1.0,0.043333333333333335,0,10,10,1.0,0.0,0.0,0.8966894999612123,0.0,268,0
rcs50_k0,71,balanced,1.0,0.07666666666666666,0,60,10,1.0,0.0,0.0,1.251291900058277,0.0,0,0
rcs50_k0,71,robust,1.0,0.043333333333333335,0,10,10,1.0,0.0,0.0,0.8091723999241367,0.0,0,0
rcs50_k0,72,v1,0.9,0.04666666666666667,0,10,10,0.9,0.0,0.0,0.65283450006973,0.0,0,0
rcs50_k0,72,joint,0.9,0.04666666666666667,0,10,10,0.9,0.0,0.0,0.7395143000176176,0.0,288,0
rcs50_k0,72,balanced,1.0,0.06333333333333334,0,60,10,0.9,0.0,0.0,0.82720669999253,0.0,0,0
rcs50_k0,72,robust,1.0,0.056666666666666664,0,10,10,1.0,0.0,0.0,0.6781255999812856,0.0,0,0
rcs50_k0,73,v1,1.0,0.07,0,10,10,1.0,0.0,0.0,0.6725702000549063,0.0,0,0
rcs50_k0,73,joint,1.0,0.07,0,10,10,1.0,0.0,0.0,0.755799200036563,0.0,275,0
rcs50_k0,73,balanced,1.0,0.05,0,60,10,0.9833333333333333,0.0,0.0,0.9931223999010399,0.0,0,0
rcs50_k0,73,robust,1.0,0.07,0,10,10,1.0,0.0,0.0,0.6909197000786662,0.0,0,0
rcs50_k0,74,v1,1.0,0.03666666666666667,0,10,10,1.0,0.0,0.0,0.6952686000149697,0.0,0,0
rcs50_k0,74,joint,1.0,0.03666666666666667,0,10,10,1.0,0.0,0.0,0.7830331000732258,0.0,279,0
rcs50_k0,74,balanced,1.0,0.04,0,60,10,1.0,0.0,0.0,1.0266196000156924,0.0,0,0
rcs50_k0,74,robust,1.0,0.03666666666666667,0,10,10,1.0,0.0,0.0,0.7109248000197113,0.0,0,0
rcs50_k0,75,v1,1.0,0.043333333333333335,0,10,10,1.0,0.0,0.0,0.550394200021401,0.0,0,0
rcs50_k0,75,joint,1.0,0.043333333333333335,0,10,10,1.0,0.0,0.0,0.6369335000636056,0.0,283,0
rcs50_k0,75,balanced,1.0,0.04666666666666667,0,60,10,0.9666666666666667,0.0,0.0,0.6906461000908166,0.0,0,0
rcs50_k0,75,robust,1.0,0.043333333333333335,0,10,10,1.0,0.0,0.0,0.5829428998986259,0.0,0,0
rcs50_k0,76,v1,1.0,0.04666666666666667,0,10,10,1.0,0.0,0.0,0.6308259000070393,0.0,0,0
rcs50_k0,76,joint,1.0,0.04666666666666667,0,10,10,1.0,0.0,0.0,0.7137772999703884,0.0,292,0
rcs50_k0,76,balanced,1.0,0.04666666666666667,0,60,10,0.9833333333333333,0.0,0.0,0.8800804000347853,0.0,0,0
rcs50_k0,76,robust,1.0,0.04666666666666667,0,10,10,1.0,0.0,0.0,0.6629193999106064,0.0,0,0
rcs50_k0,77,v1,1.0,0.05333333333333334,0,10,10,1.0,0.0,0.0,0.589925599982962,0.0,0,0
rcs50_k0,77,joint,1.0,0.05333333333333334,0,10,10,1.0,0.0,0.0,0.6768165999092162,0.0,288,0
rcs50_k0,77,balanced,1.0,0.043333333333333335,0,60,10,1.0,0.0,0.0,0.7622943000169471,0.0,0,0
rcs50_k0,77,robust,1.0,0.056666666666666664,0,10,10,1.0,0.0,0.0,0.6105733000440523,0.0,0,0
rcs50_k0,78,v1,1.0,0.06666666666666667,0,10,10,1.0,0.0,0.0,0.6455225000390783,0.0,0,0
rcs50_k0,78,joint,1.0,0.06666666666666667,0,10,10,1.0,0.0,0.0,0.729679400101304,0.0,290,0
rcs50_k0,78,balanced,1.0,0.05,0,60,10,1.0,0.0,0.0,0.8628830999368802,0.0,0,0
rcs50_k0,78,robust,1.0,0.07666666666666666,0,10,10,1.0,0.0,0.0,0.6849153999937698,0.0,0,0
rcs50_k0,79,v1,1.0,0.08333333333333333,0,10,10,1.0,0.0,0.0,0.6416514000156894,0.0,0,0
rcs50_k0,79,joint,1.0,0.08333333333333333,0,10,10,1.0,0.0,0.0,0.7213400000473484,0.0,281,0
rcs50_k0,79,balanced,1.0,0.08666666666666667,0,60,10,1.0,0.0,0.0,0.8413798999972641,0.0,0,0
rcs50_k0,79,robust,1.0,0.07333333333333333,0,10,10,1.0,0.0,0.0,0.6770790000446141,0.0,0,0
rcs50_k0,80,v1,0.9,0.07666666666666666,0,10,10,0.9,0.0,0.0,0.5396389999659732,0.0,0,0
rcs50_k0,80,joint,0.9,0.07666666666666666,0,10,10,0.9,0.0,0.0,0.623969699954614,0.0,282,0
rcs50_k0,80,balanced,1.0,0.06,0,60,10,0.95,0.0,0.0,0.6634128999430686,0.0,0,0
rcs50_k0,80,robust,0.9,0.08,0,10,10,0.9,0.0,0.0,0.5447802999988198,0.0,0,0
rcs50_k0,81,v1,1.0,0.043333333333333335,0,10,10,1.0,0.0,0.0,0.515400700038299,0.0,0,0
rcs50_k0,81,joint,1.0,0.043333333333333335,0,10,10,1.0,0.0,0.0,0.6025779000483453,0.0,309,0
rcs50_k0,81,balanced,1.0,0.03,0,60,10,1.0,0.0,0.0,0.5387929999269545,0.0,0,0
rcs50_k0,81,robust,1.0,0.03666666666666667,0,16,10,1.0,0.0,0.0,0.8996296999976039,0.0,0,0
rcs50_k0,82,v1,1.0,0.05,0,10,10,1.0,0.0,0.0,0.5398530999664217,0.0,0,0
rcs50_k0,82,joint,1.0,0.05,0,10,10,1.0,0.0,0.0,0.6240121000446379,0.0,282,0
rcs50_k0,82,balanced,1.0,0.07333333333333333,0,60,10,0.9833333333333333,0.0,0.0,0.666163899935782,0.0,0,0
rcs50_k0,82,robust,1.0,0.05,0,10,10,1.0,0.0,0.0,0.607564999954775,0.0,0,0
rcs50_k0,83,v1,0.9,0.05,0,10,10,0.9,0.0,0.0,0.45873469999060035,0.0,0,0
rcs50_k0,83,joint,0.9,0.05,0,10,10,0.9,0.0,0.0,0.5444916000124067,0.0,311,0
rcs50_k0,83,balanced,1.0,0.043333333333333335,0,60,10,0.9333333333333333,0.0,0.0,0.5213467000285164,0.0,0,0
rcs50_k0,83,robust,0.9,0.06666666666666667,0,10,10,0.9,0.0,0.0,0.5507634000387043,0.0,0,0
rcs50_k0,84,v1,1.0,0.03,0,10,10,1.0,0.0,0.0,0.6234886000165716,0.0,0,0
rcs50_k0,84,joint,1.0,0.03,0,10,10,1.0,0.0,0.0,0.704379600007087,0.0,284,0
rcs50_k0,84,balanced,1.0,0.04666666666666667,0,60,10,0.9833333333333333,0.0,0.0,0.7925913999788463,0.0,0,0
rcs50_k0,84,robust,1.0,0.04,0,10,10,1.0,0.0,0.0,0.6290827000048012,0.0,0,0
rcs50_k0,85,v1,1.0,0.07,0,10,10,1.0,0.0,0.0,0.635525899939239,0.0,0,0
rcs50_k0,85,joint,1.0,0.07,0,10,10,1.0,0.0,0.0,0.7210198999382555,0.0,284,0
rcs50_k0,85,balanced,1.0,0.056666666666666664,0,60,10,1.0,0.0,0.0,0.791429000091739,0.0,0,0
rcs50_k0,85,robust,1.0,0.08333333333333333,0,11,10,1.0,0.0,0.0,0.7041239999234676,0.0,0,0
rcs50_k0,86,v1,1.0,0.03333333333333333,0,10,10,1.0,0.0,0.0,0.5554331999737769,0.0,0,0
rcs50_k0,86,joint,1.0,0.03333333333333333,0,10,10,1.0,0.0,0.0,0.6456154999323189,0.0,313,0
rcs50_k0,86,balanced,1.0,0.043333333333333335,0,60,10,1.0,0.0,0.0,0.6227273000404239,0.0,0,0
rcs50_k0,86,robust,1.0,0.03666666666666667,0,10,10,1.0,0.0,0.0,0.5735248998971656,0.0,0,0
rcs50_k0,87,v1,1.0,0.05,0,10,10,1.0,0.0,0.0,0.6560919000767171,0.0,0,0
rcs50_k0,87,joint,1.0,0.05,0,10,10,1.0,0.0,0.0,0.7388570001348853,0.0,273,0
rcs50_k0,87,balanced,1.0,0.056666666666666664,0,60,10,0.9833333333333333,0.0,0.0,0.8404253999469802,0.0,0,0
rcs50_k0,87,robust,1.0,0.05,0,10,10,1.0,0.0,0.0,0.6822155000409111,0.0,0,0
rcs50_k0,88,v1,1.0,0.05333333333333334,0,10,10,1.0,0.0,0.0,0.6432526999851689,0.0,0,0
rcs50_k0,88,joint,1.0,0.05333333333333334,0,10,10,1.0,0.0,0.0,0.7242494998499751,0.0,283,0
rcs50_k0,88,balanced,1.0,0.03333333333333333,0,60,10,1.0,0.0,0.0,0.843631700030528,0.0,0,0
rcs50_k0,88,robust,1.0,0.05,0,11,10,1.0,0.0,0.0,0.7366538000060245,0.0,0,0
rcs50_k0,89,v1,1.0,0.04666666666666667,0,10,10,1.0,0.0,0.0,0.6792852999642491,0.0,0,0
rcs50_k0,89,joint,1.0,0.04666666666666667,0,10,10,1.0,0.0,0.0,0.7578101999824867,0.0,266,0
rcs50_k0,89,balanced,1.0,0.03,0,60,10,1.0,0.0,0.0,0.9539548000320792,0.0,0,0
rcs50_k0,89,robust,1.0,0.05,0,10,10,1.0,0.0,0.0,0.729735599947162,0.0,0,0
rcs50_k0,90,v1,1.0,0.06333333333333334,0,10,10,1.0,0.0,0.0,0.6987913000630215,0.0,0,0
rcs50_k0,90,joint,1.0,0.06333333333333334,0,10,10,1.0,0.0,0.0,0.7800019000424072,0.0,283,0
rcs50_k0,90,balanced,1.0,0.07333333333333333,0,60,10,0.95,0.0,0.0,0.9838171999435872,0.0,0,0
rcs50_k0,90,robust,1.0,0.06333333333333334,0,10,10,1.0,0.0,0.0,0.7432350000599399,0.0,0,0
rcs50_k0,91,v1,1.0,0.04666666666666667,0,10,10,1.0,0.0,0.0,0.6000846999231726,0.0,0,0
rcs50_k0,91,joint,1.0,0.04666666666666667,0,10,10,1.0,0.0,0.0,0.6820335999364033,0.0,275,0
rcs50_k0,91,balanced,1.0,0.05333333333333334,0,60,10,0.9833333333333333,0.0,0.0,0.7856036999728531,0.0,0,0
rcs50_k0,91,robust,1.0,0.04666666666666667,0,10,10,1.0,0.0,0.0,0.666288899956271,0.0,0,0
rcs50_k0,92,v1,1.0,0.04666666666666667,0,10,10,1.0,0.0,0.0,0.7075331999221817,0.0,0,0
rcs50_k0,92,joint,1.0,0.04666666666666667,0,10,10,1.0,0.0,0.0,0.7916746999835595,0.0,290,0
rcs50_k0,92,balanced,1.0,0.04666666666666667,0,60,10,1.0,0.0,0.0,1.023794800043106,0.0,0,0
rcs50_k0,92,robust,1.0,0.05333333333333334,0,10,10,1.0,0.0,0.0,0.8029149998910725,0.0,0,0
rcs50_k0,93,v1,0.9,0.043333333333333335,0,10,10,0.9,0.0,0.0,0.6483910999959335,0.0,0,0
rcs50_k0,93,joint,0.9,0.043333333333333335,0,10,10,0.9,0.0,0.0,0.7275893000187352,0.0,275,0
rcs50_k0,93,balanced,1.0,0.056666666666666664,0,60,10,0.9333333333333333,0.0,0.0,0.9394688999745995,0.0,0,0
rcs50_k0,93,robust,0.9,0.043333333333333335,0,10,10,0.9,0.0,0.0,0.7613942999159917,0.0,0,0
rcs50_k0,94,v1,1.0,0.043333333333333335,0,10,10,1.0,0.0,0.0,0.6236015999456868,0.0,0,0
rcs50_k0,94,joint,1.0,0.043333333333333335,0,10,10,1.0,0.0,0.0,0.7035669999895617,0.0,274,0
rcs50_k0,94,balanced,1.0,0.06333333333333334,0,60,10,1.0,0.0,0.0,0.8964902999578044,0.0,0,0
rcs50_k0,94,robust,1.0,0.043333333333333335,0,10,10,1.0,0.0,0.0,0.7007659000810236,0.0,0,0
rcs50_k0,95,v1,1.0,0.043333333333333335,0,10,10,1.0,0.0,0.0,0.4966297000646591,0.0,0,0
rcs50_k0,95,joint,1.0,0.043333333333333335,0,10,10,1.0,0.0,0.0,0.5726276000496,0.0,272,0
rcs50_k0,95,balanced,1.0,0.04,0,60,10,1.0,0.0,0.0,0.5910148000111803,0.0,0,0
rcs50_k0,95,robust,1.0,0.04,0,10,10,1.0,0.0,0.0,0.5490895999828354,0.0,0,0
rcs50_k0,96,v1,1.0,0.05333333333333334,0,10,10,1.0,0.0,0.0,0.665891700075008,0.0,0,0
rcs50_k0,96,joint,1.0,0.05333333333333334,0,10,10,1.0,0.0,0.0,0.7494643999962136,0.0,279,0
rcs50_k0,96,balanced,1.0,0.05,0,60,10,1.0,0.0,0.0,0.9288703000638634,0.0,0,0
rcs50_k0,96,robust,1.0,0.05333333333333334,0,10,10,1.0,0.0,0.0,0.7181694000028074,0.0,0,0
rcs50_k0,97,v1,1.0,0.04,0,10,10,1.0,0.0,0.0,0.6805640000384301,0.0,0,0
rcs50_k0,97,joint,1.0,0.04,0,10,10,1.0,0.0,0.0,0.7607154999859631,0.0,274,0
rcs50_k0,97,balanced,1.0,0.05,0,60,10,0.9833333333333333,0.0,0.0,0.940649600001052,0.0,0,0
rcs50_k0,97,robust,1.0,0.04,0,10,10,1.0,0.0,0.0,0.7132918999996036,0.0,0,0
rcs50_k0,98,v1,1.0,0.03333333333333333,0,10,10,1.0,0.0,0.0,0.6628033999586478,0.0,0,0
rcs50_k0,98,joint,1.0,0.03333333333333333,0,10,10,1.0,0.0,0.0,0.7464715000241995,0.0,277,0
rcs50_k0,98,balanced,1.0,0.02666666666666667,0,60,10,1.0,0.0,0.0,0.9083907000022009,0.0,0,0
rcs50_k0,98,robust,1.0,0.03333333333333333,0,10,10,1.0,0.0,0.0,0.6759763000300154,0.0,0,0
rcs50_k0,99,v1,1.0,0.04666666666666667,0,10,10,1.0,0.0,0.0,0.7406673999503255,0.0,0,0
rcs50_k0,99,joint,1.0,0.04666666666666667,0,10,10,1.0,0.0,0.0,0.8173005998833105,0.0,264,0
rcs50_k0,99,balanced,1.0,0.056666666666666664,0,60,10,1.0,0.0,0.0,1.0360505999997258,0.0,0,0
rcs50_k0,99,robust,1.0,0.04666666666666667,0,10,10,1.0,0.0,0.0,0.72393610002473,0.0,0,0
rcs50_k8,0,v1,1.0,0.06333333333333334,0,10,10,1.0,0.0,0.0,0.7884454000741243,0.0,0,0
rcs50_k8,0,joint,1.0,0.06333333333333334,0,10,10,1.0,0.0,0.0,0.9207839000737295,0.0,546,0
rcs50_k8,0,balanced,1.0,0.05333333333333334,8,60,10,1.0,5120.0,8.533333333333335,0.7323392999824136,0.0,0,0
rcs50_k8,0,robust,1.0,0.06,0,10,10,1.0,0.0,0.0,0.7995960999978706,0.0,0,0
rcs50_k8,1,v1,1.0,0.02,0,10,10,1.0,0.0,0.0,0.7385180999990553,0.0,0,0
rcs50_k8,1,joint,1.0,0.02,0,10,10,1.0,0.0,0.0,0.901787499897182,0.0,653,0
rcs50_k8,1,balanced,1.0,0.03,8,60,10,0.9833333333333333,5120.0,8.533333333333335,0.6630454000551254,0.0,0,0
rcs50_k8,1,robust,1.0,0.02666666666666667,0,10,10,1.0,0.0,0.0,0.7609014000045136,0.0,0,0
rcs50_k8,2,v1,1.0,0.06333333333333334,0,10,10,1.0,0.0,0.0,0.9314924000063911,0.0,0,0
rcs50_k8,2,joint,1.0,0.06333333333333334,0,10,10,1.0,0.0,0.0,1.0868441000347957,0.0,670,0
rcs50_k8,2,balanced,1.0,0.05333333333333334,8,60,10,0.9166666666666666,5120.0,8.533333333333335,0.8606131999986246,0.0,0,0
rcs50_k8,2,robust,1.0,0.06333333333333334,0,10,10,1.0,0.0,0.0,0.9669550999533385,0.0,0,0
rcs50_k8,3,v1,1.0,0.04666666666666667,0,10,10,1.0,0.0,0.0,0.8506464000092819,0.0,0,0
rcs50_k8,3,joint,1.0,0.04666666666666667,0,10,10,1.0,0.0,0.0,1.0082117000129074,0.0,663,0
rcs50_k8,3,balanced,1.0,0.07,8,60,10,0.9833333333333333,5120.0,8.533333333333335,0.7371651999419555,0.0,0,0
rcs50_k8,3,robust,1.0,0.056666666666666664,0,10,10,1.0,0.0,0.0,0.8877566000446677,0.0,0,0
rcs50_k8,4,v1,1.0,0.03,0,10,10,1.0,0.0,0.0,0.9117654000874609,0.0,0,0
rcs50_k8,4,joint,1.0,0.03,0,10,10,1.0,0.0,0.0,1.0648324000649154,0.0,684,0
rcs50_k8,4,balanced,1.0,0.05,8,60,10,1.0,5120.0,8.533333333333335,0.7624799000332132,0.0,0,0
rcs50_k8,4,robust,1.0,0.03333333333333333,2,13,10,1.0,1280.0,2.1333333333333333,1.16036959993653,0.0,0,0
rcs50_k8,5,v1,1.0,0.056666666666666664,0,10,10,1.0,0.0,0.0,0.8702143999980763,0.0,0,0
rcs50_k8,5,joint,1.0,0.056666666666666664,0,10,10,1.0,0.0,0.0,1.0108798999572173,0.0,594,0
rcs50_k8,5,balanced,1.0,0.02,8,60,10,0.9666666666666667,5120.0,8.533333333333335,0.7930359999882057,0.0,0,0
rcs50_k8,5,robust,1.0,0.056666666666666664,0,10,10,1.0,0.0,0.0,0.8939926999155432,0.0,0,0
rcs50_k8,6,v1,0.9,0.04,0,10,10,0.9,0.0,0.0,0.7700011000270024,0.0,0,0
rcs50_k8,6,joint,0.9,0.04,0,10,10,0.9,0.0,0.0,0.9196109999902546,0.0,668,0
rcs50_k8,6,balanced,1.0,0.06333333333333334,8,60,10,0.95,5120.0,8.533333333333335,0.6758442000718787,0.0,0,0
rcs50_k8,6,robust,0.9,0.04666666666666667,0,10,10,0.9,0.0,0.0,0.827624199911952,0.0,0,0
rcs50_k8,7,v1,0.9,0.06,0,10,10,0.9,0.0,0.0,0.8741169000277296,0.0,0,0
rcs50_k8,7,joint,0.9,0.06,0,10,10,0.9,0.0,0.0,1.0236527001252398,0.0,677,0
rcs50_k8,7,balanced,0.9,0.04666666666666667,8,60,10,0.8666666666666667,5120.0,8.533333333333335,0.8452626999933273,0.0,0,0
rcs50_k8,7,robust,0.9,0.06,0,10,10,0.9,0.0,0.0,0.915526399970986,0.0,0,0
rcs50_k8,8,v1,1.0,0.04,0,10,10,1.0,0.0,0.0,0.7756995999952778,0.0,0,0
rcs50_k8,8,joint,1.0,0.04,0,10,10,1.0,0.0,0.0,0.925468200002797,0.0,666,0
rcs50_k8,8,balanced,1.0,0.03666666666666667,8,60,10,1.0,5120.0,8.533333333333335,0.6637539999792352,0.0,0,0
rcs50_k8,8,robust,1.0,0.043333333333333335,1,11,10,1.0,640.0,1.0666666666666667,0.9473853999515995,0.0,0,0
rcs50_k8,9,v1,1.0,0.04,0,10,10,1.0,0.0,0.0,0.7949586000759155,0.0,0,0
rcs50_k8,9,joint,1.0,0.04,0,10,10,1.0,0.0,0.0,0.9335193000733852,0.0,601,0
rcs50_k8,9,balanced,1.0,0.04666666666666667,8,60,10,1.0,5120.0,8.533333333333335,0.7342731000389904,0.0,0,0
rcs50_k8,9,robust,1.0,0.05333333333333334,0,10,10,1.0,0.0,0.0,0.8450765999732539,0.0,0,0
rcs50_k8,10,v1,1.0,0.04666666666666667,0,10,10,1.0,0.0,0.0,0.9878670999314636,0.0,0,0
rcs50_k8,10,joint,1.0,0.04666666666666667,0,10,10,1.0,0.0,0.0,1.1344743000809103,0.0,606,0
rcs50_k8,10,balanced,1.0,0.05333333333333334,8,60,10,1.0,5120.0,8.533333333333335,1.0175046999938786,0.0,0,0
rcs50_k8,10,robust,1.0,0.04666666666666667,0,10,10,1.0,0.0,0.0,1.0637067999923602,0.0,0,0
rcs50_k8,11,v1,1.0,0.06,0,10,10,1.0,0.0,0.0,1.0143756999168545,0.0,0,0
rcs50_k8,11,joint,1.0,0.06,0,10,10,1.0,0.0,0.0,1.1596102999756113,0.0,615,0
rcs50_k8,11,balanced,1.0,0.07666666666666666,8,60,10,1.0,5120.0,8.533333333333335,1.0356901000486687,0.0,0,0
rcs50_k8,11,robust,1.0,0.06666666666666667,0,10,10,1.0,0.0,0.0,1.0726849999045953,0.0,0,0
rcs50_k8,12,v1,0.9,0.056666666666666664,0,10,10,0.9,0.0,0.0,1.0759886000305414,0.0,0,0
rcs50_k8,12,joint,0.9,0.056666666666666664,0,10,10,0.9,0.0,0.0,1.216665399959311,0.0,594,0
rcs50_k8,12,balanced,0.9,0.043333333333333335,8,60,10,0.9,5120.0,8.533333333333335,1.154778900090605,0.0,0,0
rcs50_k8,12,robust,0.9,0.056666666666666664,0,10,10,0.9,0.0,0.0,1.109408599906601,0.0,0,0
rcs50_k8,13,v1,1.0,0.06666666666666667,0,10,10,1.0,0.0,0.0,0.8191855000331998,0.0,0,0
rcs50_k8,13,joint,1.0,0.06666666666666667,0,10,10,1.0,0.0,0.0,0.9736275000032037,0.0,641,0
rcs50_k8,13,balanced,1.0,0.043333333333333335,8,60,10,1.0,5120.0,8.533333333333335,0.7956321999663487,0.0,0,0
rcs50_k8,13,robust,1.0,0.06333333333333334,0,10,10,1.0,0.0,0.0,0.8421480000251904,0.0,0,0
rcs50_k8,14,v1,1.0,0.04666666666666667,0,10,10,1.0,0.0,0.0,0.9116714999545366,0.0,0,0
rcs50_k8,14,joint,1.0,0.04666666666666667,0,10,10,1.0,0.0,0.0,1.0660887999692932,0.0,656,0
rcs50_k8,14,balanced,1.0,0.04,8,60,10,1.0,5120.0,8.533333333333335,0.9138056000228971,0.0,0,0
rcs50_k8,14,robust,1.0,0.043333333333333335,1,10,10,1.0,640.0,1.0666666666666667,0.9205509000457823,0.0,0,0
rcs50_k8,15,v1,1.0,0.04,0,10,10,1.0,0.0,0.0,1.0889049000106752,0.0,0,0
rcs50_k8,15,joint,1.0,0.04,0,10,10,1.0,0.0,0.0,1.240038099931553,0.0,619,0
rcs50_k8,15,balanced,1.0,0.06,8,60,10,1.0,5120.0,8.533333333333335,1.1091443999903277,0.0,0,0
rcs50_k8,15,robust,1.0,0.04,0,10,10,1.0,0.0,0.0,1.0943370000459254,0.0,0,0
rcs50_k8,16,v1,1.0,0.06333333333333334,0,10,10,1.0,0.0,0.0,0.9853638999629766,0.0,0,0
rcs50_k8,16,joint,1.0,0.06333333333333334,0,10,10,1.0,0.0,0.0,1.1315482000354677,0.0,607,0
rcs50_k8,16,balanced,1.0,0.05333333333333334,8,60,10,0.95,5120.0,8.533333333333335,0.9629294000333175,0.0,0,0
rcs50_k8,16,robust,1.0,0.06333333333333334,0,10,10,1.0,0.0,0.0,1.0274692999664694,0.0,0,0
rcs50_k8,17,v1,1.0,0.05333333333333334,0,10,10,1.0,0.0,0.0,0.9607174000702798,0.0,0,0
rcs50_k8,17,joint,1.0,0.05333333333333334,0,10,10,1.0,0.0,0.0,1.1052947000134736,0.0,633,0
rcs50_k8,17,balanced,1.0,0.03666666666666667,8,60,10,1.0,5120.0,8.533333333333335,0.9037788000423461,0.0,0,0
rcs50_k8,17,robust,1.0,0.056666666666666664,0,10,10,1.0,0.0,0.0,0.9804893999826163,0.0,0,0
rcs50_k8,18,v1,1.0,0.04666666666666667,0,10,10,1.0,0.0,0.0,0.8785667000338435,0.0,0,0
rcs50_k8,18,joint,1.0,0.04666666666666667,0,10,10,1.0,0.0,0.0,1.0250866999849677,0.0,640,0
rcs50_k8,18,balanced,1.0,0.04666666666666667,8,60,10,0.95,5120.0,8.533333333333335,0.7741026000585407,0.0,0,0
rcs50_k8,18,robust,1.0,0.043333333333333335,1,11,10,1.0,640.0,1.0666666666666667,1.0094802000094205,0.0,0,0
rcs50_k8,19,v1,1.0,0.03,0,10,10,1.0,0.0,0.0,0.9795585999963805,0.0,0,0
rcs50_k8,19,joint,1.0,0.03,0,10,10,1.0,0.0,0.0,1.13093340001069,0.0,660,0
rcs50_k8,19,balanced,1.0,0.05333333333333334,8,60,10,1.0,5120.0,8.533333333333335,0.923947999952361,0.0,0,0
rcs50_k8,19,robust,1.0,0.03,0,10,10,1.0,0.0,0.0,1.0059926999965683,0.0,0,0
rcs50_k8,20,v1,1.0,0.06,0,10,10,1.0,0.0,0.0,0.9545426999684423,0.0,0,0
rcs50_k8,20,joint,1.0,0.06,0,10,10,1.0,0.0,0.0,1.0888971999520436,0.0,580,0
rcs50_k8,20,balanced,1.0,0.06,8,60,10,1.0,5120.0,8.533333333333335,0.9021837000036612,0.0,0,0
rcs50_k8,20,robust,1.0,0.06,0,10,10,1.0,0.0,0.0,0.9642862000036985,0.0,0,0
rcs50_k8,21,v1,1.0,0.056666666666666664,0,10,10,1.0,0.0,0.0,0.9968122999416664,0.0,0,0
rcs50_k8,21,joint,1.0,0.056666666666666664,0,10,10,1.0,0.0,0.0,1.135672599892132,0.0,609,0
rcs50_k8,21,balanced,1.0,0.056666666666666664,8,60,10,1.0,5120.0,8.533333333333335,1.0066762000788003,0.0,0,0
rcs50_k8,21,robust,1.0,0.056666666666666664,0,10,10,1.0,0.0,0.0,1.0149198001017794,0.0,0,0
rcs50_k8,22,v1,1.0,0.05,0,10,10,1.0,0.0,0.0,0.9642041000770405,0.0,0,0
rcs50_k8,22,joint,1.0,0.05,0,10,10,1.0,0.0,0.0,1.1122883000643924,0.0,644,0
rcs50_k8,22,balanced,1.0,0.05333333333333334,8,60,10,1.0,5120.0,8.533333333333335,0.9467765999725088,0.0,0,0
rcs50_k8,22,robust,1.0,0.05,0,10,10,1.0,0.0,0.0,0.9955943999812007,0.0,0,0
rcs50_k8,23,v1,1.0,0.043333333333333335,0,10,10,1.0,0.0,0.0,1.026738699991256,0.0,0,0
rcs50_k8,23,joint,1.0,0.043333333333333335,0,10,10,1.0,0.0,0.0,1.1671823000069708,0.0,617,0
rcs50_k8,23,balanced,1.0,0.04,8,60,10,1.0,5120.0,8.533333333333335,1.0783977000974119,0.0,0,0
rcs50_k8,23,robust,1.0,0.043333333333333335,0,10,10,1.0,0.0,0.0,1.0768554001115263,0.0,0,0
rcs50_k8,24,v1,1.0,0.04,0,10,10,1.0,0.0,0.0,0.8896137999836355,0.0,0,0
rcs50_k8,24,joint,1.0,0.04,0,10,10,1.0,0.0,0.0,1.0480314999585971,0.0,664,0
rcs50_k8,24,balanced,1.0,0.06666666666666667,8,60,10,1.0,5120.0,8.533333333333335,0.8163748000515625,0.0,0,0
rcs50_k8,24,robust,1.0,0.043333333333333335,0,10,10,1.0,0.0,0.0,0.9484889999730512,0.0,0,0
rcs50_k8,25,v1,1.0,0.05333333333333334,0,10,10,1.0,0.0,0.0,0.7624149000039324,0.0,0,0
rcs50_k8,25,joint,1.0,0.05333333333333334,0,10,10,1.0,0.0,0.0,0.9208607000764459,0.0,666,0
rcs50_k8,25,balanced,1.0,0.05333333333333334,8,60,10,0.9833333333333333,5120.0,8.533333333333335,0.6889663999900222,0.0,0,0
rcs50_k8,25,robust,1.0,0.04666666666666667,0,10,10,1.0,0.0,0.0,0.7970413999864832,0.0,0,0
rcs50_k8,26,v1,1.0,0.05,0,10,10,1.0,0.0,0.0,0.8324977000011131,0.0,0,0
rcs50_k8,26,joint,1.0,0.05,0,10,10,1.0,0.0,0.0,0.9745516000548378,0.0,591,0
rcs50_k8,26,balanced,1.0,0.043333333333333335,8,60,10,1.0,5120.0,8.533333333333335,0.8303078999742866,0.0,0,0
rcs50_k8,26,robust,1.0,0.06,1,11,10,1.0,640.0,1.0666666666666667,0.935811199946329,0.0,0,0
rcs50_k8,27,v1,1.0,0.04666666666666667,0,10,10,1.0,0.0,0.0,0.7969525000080466,0.0,0,0
rcs50_k8,27,joint,1.0,0.04666666666666667,0,10,10,1.0,0.0,0.0,0.947638800018467,0.0,645,0
rcs50_k8,27,balanced,1.0,0.03666666666666667,8,60,10,1.0,5120.0,8.533333333333335,0.7551819999935105,0.0,0,0
rcs50_k8,27,robust,1.0,0.056666666666666664,0,10,10,1.0,0.0,0.0,0.8078527000034228,0.0,0,0
rcs50_k8,28,v1,1.0,0.06,0,10,10,1.0,0.0,0.0,0.8714226000010967,0.0,0,0
rcs50_k8,28,joint,1.0,0.06,0,10,10,1.0,0.0,0.0,1.0149275999283418,0.0,610,0
rcs50_k8,28,balanced,1.0,0.056666666666666664,8,60,10,1.0,5120.0,8.533333333333335,0.8643608000129461,0.0,0,0
rcs50_k8,28,robust,1.0,0.03333333333333333,0,10,10,1.0,0.0,0.0,0.9043289999244735,0.0,0,0
rcs50_k8,29,v1,1.0,0.03666666666666667,0,10,10,1.0,0.0,0.0,0.7891141000436619,0.0,0,0
rcs50_k8,29,joint,1.0,0.03666666666666667,0,10,10,1.0,0.0,0.0,0.9439508999930695,0.0,642,0
rcs50_k8,29,balanced,1.0,0.056666666666666664,8,60,10,1.0,5120.0,8.533333333333335,0.6684036999940872,0.0,0,0
rcs50_k8,29,robust,1.0,0.02666666666666667,1,12,10,1.0,640.0,1.0666666666666667,0.964189299964346,0.0,0,0
rcs50_k8,30,v1,1.0,0.023333333333333334,0,10,10,1.0,0.0,0.0,0.771434299997054,0.0,0,0
rcs50_k8,30,joint,1.0,0.023333333333333334,0,10,10,1.0,0.0,0.0,0.9358051000162959,0.0,632,0
rcs50_k8,30,balanced,1.0,0.056666666666666664,8,60,10,0.9,5120.0,8.533333333333335,0.6786745000863448,0.0,0,0
rcs50_k8,30,robust,0.9,0.03,0,10,10,0.9,0.0,0.0,0.7981466000201181,0.0,0,0
rcs50_k8,31,v1,1.0,0.04,0,10,10,1.0,0.0,0.0,1.0202885000035167,0.0,0,0
rcs50_k8,31,joint,1.0,0.04,0,10,10,1.0,0.0,0.0,1.176378599833697,0.0,682,0
rcs50_k8,31,balanced,1.0,0.06,8,60,10,1.0,5120.0,8.533333333333335,0.9785142000764608,0.0,0,0
rcs50_k8,31,robust,1.0,0.04,0,10,10,1.0,0.0,0.0,1.0402279000263661,0.0,0,0
rcs50_k8,32,v1,1.0,0.043333333333333335,0,10,10,1.0,0.0,0.0,0.8925913999555632,0.0,0,0
rcs50_k8,32,joint,1.0,0.043333333333333335,0,10,10,1.0,0.0,0.0,1.0344330999068916,0.0,601,0
rcs50_k8,32,balanced,1.0,0.023333333333333334,8,60,10,1.0,5120.0,8.533333333333335,0.805976300034672,0.0,0,0
rcs50_k8,32,robust,1.0,0.043333333333333335,0,10,10,1.0,0.0,0.0,0.9242551999632269,0.0,0,0
rcs50_k8,33,v1,1.0,0.07,0,10,10,1.0,0.0,0.0,0.9037187000503764,0.0,0,0
rcs50_k8,33,joint,1.0,0.07,0,10,10,1.0,0.0,0.0,1.0392467001220211,0.0,589,0
rcs50_k8,33,balanced,1.0,0.06666666666666667,8,60,10,0.9833333333333333,5120.0,8.533333333333335,0.8409878999227658,0.0,0,0
rcs50_k8,33,robust,1.0,0.07,0,10,10,1.0,0.0,0.0,0.9195184001000598,0.0,0,0
rcs50_k8,34,v1,0.9,0.04666666666666667,0,10,10,0.9,0.0,0.0,0.9843060000566766,0.0,0,0
rcs50_k8,34,joint,0.9,0.04666666666666667,0,10,10,0.9,0.0,0.0,1.1133971000090241,0.0,544,0
rcs50_k8,34,balanced,1.0,0.07666666666666666,8,60,10,0.9833333333333333,5120.0,8.533333333333335,0.9735214000102133,0.0,0,0
rcs50_k8,34,robust,0.9,0.04,0,10,10,0.9,0.0,0.0,1.000219300040044,0.0,0,0
rcs50_k8,35,v1,1.0,0.03333333333333333,0,10,10,1.0,0.0,0.0,0.7968556999694556,0.0,0,0
rcs50_k8,35,joint,1.0,0.03333333333333333,0,10,10,1.0,0.0,0.0,0.9493527999147773,0.0,654,0
rcs50_k8,35,balanced,1.0,0.04666666666666667,8,60,10,1.0,5120.0,8.533333333333335,0.7238642999436706,0.0,0,0
rcs50_k8,35,robust,1.0,0.04,0,10,10,1.0,0.0,0.0,0.8317774999886751,0.0,0,0
rcs50_k8,36,v1,1.0,0.03666666666666667,0,10,10,1.0,0.0,0.0,0.9290782000171021,0.0,0,0
rcs50_k8,36,joint,1.0,0.03666666666666667,0,10,10,1.0,0.0,0.0,1.085834400029853,0.0,685,0
rcs50_k8,36,balanced,1.0,0.04666666666666667,8,60,10,1.0,5120.0,8.533333333333335,0.9435683001065627,0.0,0,0
rcs50_k8,36,robust,1.0,0.03666666666666667,0,10,10,1.0,0.0,0.0,0.9606678999261931,0.0,0,0
rcs50_k8,37,v1,1.0,0.07666666666666666,0,10,10,1.0,0.0,0.0,0.8263098999159411,0.0,0,0
rcs50_k8,37,joint,1.0,0.07666666666666666,0,10,10,1.0,0.0,0.0,0.9816299000522122,0.0,643,0
rcs50_k8,37,balanced,1.0,0.06,8,60,10,0.9833333333333333,5120.0,8.533333333333335,0.8102689000079408,0.0,0,0
rcs50_k8,37,robust,1.0,0.07666666666666666,0,10,10,1.0,0.0,0.0,0.8584797000512481,0.0,0,0
rcs50_k8,38,v1,1.0,0.04666666666666667,0,10,10,1.0,0.0,0.0,0.9854814999271184,0.0,0,0
rcs50_k8,38,joint,1.0,0.04666666666666667,0,10,10,1.0,0.0,0.0,1.1290206999983639,0.0,631,0
rcs50_k8,38,balanced,1.0,0.043333333333333335,8,60,10,1.0,5120.0,8.533333333333335,0.9915247999597341,0.0,0,0
rcs50_k8,38,robust,1.0,0.04666666666666667,0,10,10,1.0,0.0,0.0,1.0566664000507444,0.0,0,0
rcs50_k8,39,v1,1.0,0.04666666666666667,0,10,10,1.0,0.0,0.0,0.8793570999987423,0.0,0,0
rcs50_k8,39,joint,1.0,0.04666666666666667,0,10,10,1.0,0.0,0.0,1.0317424999084324,0.0,616,0
rcs50_k8,39,balanced,1.0,0.056666666666666664,8,60,10,1.0,5120.0,8.533333333333335,0.8069859000388533,0.0,0,0
rcs50_k8,39,robust,1.0,0.04666666666666667,0,10,10,1.0,0.0,0.0,0.9165488999569789,0.0,0,0
rcs50_k8,40,v1,1.0,0.06666666666666667,0,10,10,1.0,0.0,0.0,0.8997773000737652,0.0,0,0
rcs50_k8,40,joint,1.0,0.06666666666666667,0,10,10,1.0,0.0,0.0,1.0465242000063881,0.0,639,0
rcs50_k8,40,balanced,1.0,0.06333333333333334,8,60,10,0.9833333333333333,5120.0,8.533333333333335,0.8515726000769064,0.0,0,0
rcs50_k8,40,robust,1.0,0.06333333333333334,0,10,10,1.0,0.0,0.0,0.939247899921611,0.0,0,0
rcs50_k8,41,v1,1.0,0.04,0,10,10,1.0,0.0,0.0,0.9106940999627113,0.0,0,0
rcs50_k8,41,joint,1.0,0.04,0,10,10,1.0,0.0,0.0,1.0658667999086902,0.0,636,0
rcs50_k8,41,balanced,1.0,0.056666666666666664,8,60,10,1.0,5120.0,8.533333333333335,0.8768234000308439,0.0,0,0
rcs50_k8,41,robust,1.0,0.04,0,10,10,1.0,0.0,0.0,0.9160351000027731,0.0,0,0
rcs50_k8,42,v1,1.0,0.05,0,10,10,1.0,0.0,0.0,0.9448830999899656,0.0,0,0
rcs50_k8,42,joint,1.0,0.05,0,10,10,1.0,0.0,0.0,1.0941020998870954,0.0,610,0
rcs50_k8,42,balanced,1.0,0.02666666666666667,8,60,10,1.0,5120.0,8.533333333333335,0.954645200050436,0.0,0,0
rcs50_k8,42,robust,1.0,0.05,0,10,10,1.0,0.0,0.0,0.9718755999347195,0.0,0,0
rcs50_k8,43,v1,0.9,0.056666666666666664,0,10,10,0.9,0.0,0.0,1.023747400031425,0.0,0,0
rcs50_k8,43,joint,0.9,0.056666666666666664,0,10,10,0.9,0.0,0.0,1.1588739000726491,0.0,587,0
rcs50_k8,43,balanced,1.0,0.07666666666666666,8,60,10,0.8833333333333333,5120.0,8.533333333333335,1.0515204999828711,0.0,0,0
rcs50_k8,43,robust,0.9,0.056666666666666664,0,10,10,0.9,0.0,0.0,1.0568528000731021,0.0,0,0
rcs50_k8,44,v1,1.0,0.06333333333333334,0,10,10,1.0,0.0,0.0,0.793551699956879,0.0,0,0
rcs50_k8,44,joint,1.0,0.06333333333333334,0,10,10,1.0,0.0,0.0,0.9454726000549272,0.0,622,0
rcs50_k8,44,balanced,1.0,0.03666666666666667,8,60,10,1.0,5120.0,8.533333333333335,0.7260205000638962,0.0,0,0
rcs50_k8,44,robust,1.0,0.05333333333333334,0,10,10,1.0,0.0,0.0,0.8088335000211373,0.0,0,0
rcs50_k8,45,v1,1.0,0.06,0,10,10,1.0,0.0,0.0,1.016295799985528,0.0,0,0
rcs50_k8,45,joint,1.0,0.06,0,10,10,1.0,0.0,0.0,1.1482272999128327,0.0,562,0
rcs50_k8,45,balanced,1.0,0.05,8,60,10,0.9833333333333333,5120.0,8.533333333333335,0.9581111000152305,0.0,0,0
rcs50_k8,45,robust,1.0,0.06333333333333334,0,10,10,1.0,0.0,0.0,1.075401599984616,0.0,0,0
rcs50_k8,46,v1,1.0,0.04666666666666667,0,10,10,1.0,0.0,0.0,0.9524740999331698,0.0,0,0
rcs50_k8,46,joint,1.0,0.04666666666666667,0,10,10,1.0,0.0,0.0,1.094869599910453,0.0,632,0
rcs50_k8,46,balanced,1.0,0.043333333333333335,8,60,10,1.0,5120.0,8.533333333333335,0.9069321000715718,0.0,0,0
rcs50_k8,46,robust,1.0,0.04666666666666667,0,10,10,1.0,0.0,0.0,0.9670958999777213,0.0,0,0
rcs50_k8,47,v1,1.0,0.056666666666666664,0,10,10,1.0,0.0,0.0,0.9444080999819562,0.0,0,0
rcs50_k8,47,joint,1.0,0.056666666666666664,0,10,10,1.0,0.0,0.0,1.0879298000363633,0.0,620,0
rcs50_k8,47,balanced,1.0,0.06,8,60,10,1.0,5120.0,8.533333333333335,0.9348790000658482,0.0,0,0
rcs50_k8,47,robust,1.0,0.056666666666666664,0,10,10,1.0,0.0,0.0,0.991310799960047,0.0,0,0
rcs50_k8,48,v1,1.0,0.043333333333333335,0,10,10,1.0,0.0,0.0,0.897909100051038,0.0,0,0
rcs50_k8,48,joint,1.0,0.043333333333333335,0,10,10,1.0,0.0,0.0,1.0382276999298483,0.0,587,0
rcs50_k8,48,balanced,1.0,0.056666666666666664,8,60,10,0.9166666666666666,5120.0,8.533333333333335,0.819635899970308,0.0,0,0
rcs50_k8,48,robust,1.0,0.043333333333333335,0,10,10,1.0,0.0,0.0,0.9095246000215411,0.0,0,0
rcs50_k8,49,v1,0.9,0.04,0,10,10,0.9,0.0,0.0,0.9328377000056207,0.0,0,0
rcs50_k8,49,joint,0.9,0.04,0,10,10,0.9,0.0,0.0,1.0743416000623256,0.0,621,0
rcs50_k8,49,balanced,1.0,0.056666666666666664,8,60,10,0.9166666666666666,5120.0,8.533333333333335,0.947754199965857,0.0,0,0
rcs50_k8,49,robust,0.9,0.04,0,10,10,0.9,0.0,0.0,0.9716132000321522,0.0,0,0
rcs50_k8,50,v1,1.0,0.04,0,10,10,1.0,0.0,0.0,0.8354291999712586,0.0,0,0
rcs50_k8,50,joint,1.0,0.04,0,10,10,1.0,0.0,0.0,0.9726796998875216,0.0,586,0
rcs50_k8,50,balanced,1.0,0.02666666666666667,8,60,10,0.95,5120.0,8.533333333333335,0.8213261000346392,0.0,0,0
rcs50_k8,50,robust,1.0,0.04,0,10,10,1.0,0.0,0.0,0.8608436000067741,0.0,0,0
rcs50_k8,51,v1,1.0,0.04,0,10,10,1.0,0.0,0.0,0.918917499948293,0.0,0,0
rcs50_k8,51,joint,1.0,0.04,0,10,10,1.0,0.0,0.0,1.0810628000181168,0.0,692,0
rcs50_k8,51,balanced,1.0,0.05333333333333334,8,60,10,0.9833333333333333,5120.0,8.533333333333335,0.9124358999542892,0.0,0,0
rcs50_k8,51,robust,1.0,0.06,0,10,10,1.0,0.0,0.0,0.9464498000452295,0.0,0,0
rcs50_k8,52,v1,1.0,0.03666666666666667,0,10,10,1.0,0.0,0.0,0.8791444000089541,0.0,0,0
rcs50_k8,52,joint,1.0,0.03666666666666667,0,10,10,1.0,0.0,0.0,1.0176898000063375,0.0,600,0
rcs50_k8,52,balanced,1.0,0.08,8,60,10,1.0,5120.0,8.533333333333335,0.8404998000478372,0.0,0,0
rcs50_k8,52,robust,1.0,0.03666666666666667,0,10,10,1.0,0.0,0.0,0.918344600009732,0.0,0,0
rcs50_k8,53,v1,1.0,0.08,0,10,10,1.0,0.0,0.0,0.949303500005044,0.0,0,0
rcs50_k8,53,joint,1.0,0.08,0,10,10,1.0,0.0,0.0,1.099398200167343,0.0,619,0
rcs50_k8,53,balanced,1.0,0.043333333333333335,8,60,10,1.0,5120.0,8.533333333333335,0.8877571999328211,0.0,0,0
rcs50_k8,53,robust,1.0,0.08,0,10,10,1.0,0.0,0.0,0.9935111000668257,0.0,0,0
rcs50_k8,54,v1,1.0,0.05,0,10,10,1.0,0.0,0.0,0.91540299996268,0.0,0,0
rcs50_k8,54,joint,1.0,0.05,0,10,10,1.0,0.0,0.0,1.0606871999334544,0.0,628,0
rcs50_k8,54,balanced,1.0,0.03666666666666667,8,60,10,1.0,5120.0,8.533333333333335,0.8711434999713674,0.0,0,0
rcs50_k8,54,robust,1.0,0.05,0,10,10,1.0,0.0,0.0,0.9318632000358775,0.0,0,0
rcs50_k8,55,v1,1.0,0.06333333333333334,0,10,10,1.0,0.0,0.0,0.9381858000997454,0.0,0,0
rcs50_k8,55,joint,1.0,0.06333333333333334,0,10,10,1.0,0.0,0.0,1.0944965000962839,0.0,668,0
rcs50_k8,55,balanced,1.0,0.07,8,60,10,1.0,5120.0,8.533333333333335,0.9700100000482053,0.0,0,0
rcs50_k8,55,robust,1.0,0.06333333333333334,0,10,10,1.0,0.0,0.0,0.9745086999610066,0.0,0,0
rcs50_k8,56,v1,1.0,0.03333333333333333,0,10,10,1.0,0.0,0.0,0.9439605999505147,0.0,0,0
rcs50_k8,56,joint,1.0,0.03333333333333333,0,10,10,1.0,0.0,0.0,1.091593399993144,0.0,609,0
rcs50_k8,56,balanced,1.0,0.05,8,60,10,1.0,5120.0,8.533333333333335,0.9307382999686524,0.0,0,0
rcs50_k8,56,robust,1.0,0.03333333333333333,0,10,10,1.0,0.0,0.0,0.9651253999909386,0.0,0,0
rcs50_k8,57,v1,1.0,0.04666666666666667,0,10,10,1.0,0.0,0.0,0.944299399969168,0.0,0,0
rcs50_k8,57,joint,1.0,0.04666666666666667,0,10,10,1.0,0.0,0.0,1.1062934000510722,0.0,706,0
rcs50_k8,57,balanced,1.0,0.05,8,60,10,1.0,5120.0,8.533333333333335,0.9190244999481365,0.0,0,0
rcs50_k8,57,robust,1.0,0.056666666666666664,0,11,10,1.0,0.0,0.0,1.0650024000788108,0.0,0,0
rcs50_k8,58,v1,1.0,0.043333333333333335,0,10,10,1.0,0.0,0.0,0.991480499971658,0.0,0,0
rcs50_k8,58,joint,1.0,0.043333333333333335,0,10,10,1.0,0.0,0.0,1.1421810000902042,0.0,672,0
rcs50_k8,58,balanced,1.0,0.056666666666666664,8,60,10,1.0,5120.0,8.533333333333335,1.0113164000213146,0.0,0,0
rcs50_k8,58,robust,1.0,0.04666666666666667,1,10,10,1.0,640.0,1.0666666666666667,1.026795299956575,0.0,0,0
rcs50_k8,59,v1,1.0,0.05333333333333334,0,10,10,1.0,0.0,0.0,0.9341210999991745,0.0,0,0
rcs50_k8,59,joint,1.0,0.05333333333333334,0,10,10,1.0,0.0,0.0,1.078759300056845,0.0,618,0
rcs50_k8,59,balanced,1.0,0.06,8,60,10,1.0,5120.0,8.533333333333335,0.8943690999876708,0.0,0,0
rcs50_k8,59,robust,1.0,0.05,0,10,10,1.0,0.0,0.0,0.9549798000371084,0.0,0,0
rcs50_k8,60,v1,1.0,0.056666666666666664,0,10,10,1.0,0.0,0.0,0.9536727999802679,0.0,0,0
rcs50_k8,60,joint,1.0,0.056666666666666664,0,10,10,1.0,0.0,0.0,1.1049467000411823,0.0,646,0
rcs50_k8,60,balanced,1.0,0.06,8,60,10,1.0,5120.0,8.533333333333335,0.9525489000370726,0.0,0,0
rcs50_k8,60,robust,1.0,0.056666666666666664,0,10,10,1.0,0.0,0.0,0.9939435999840498,0.0,0,0
rcs50_k8,61,v1,1.0,0.03666666666666667,0,10,10,1.0,0.0,0.0,0.8091561000328511,0.0,0,0
rcs50_k8,61,joint,1.0,0.03666666666666667,0,10,10,1.0,0.0,0.0,0.9524886000435799,0.0,611,0
rcs50_k8,61,balanced,1.0,0.04,8,60,10,0.9166666666666666,5120.0,8.533333333333335,0.7676095000933856,0.0,0,0
rcs50_k8,61,robust,1.0,0.03666666666666667,0,10,10,1.0,0.0,0.0,0.8672479999950156,0.0,0,0
rcs50_k8,62,v1,1.0,0.043333333333333335,0,10,10,1.0,0.0,0.0,0.8593625000212342,0.0,0,0
rcs50_k8,62,joint,1.0,0.043333333333333335,0,10,10,1.0,0.0,0.0,1.0068380000302568,0.0,640,0
rcs50_k8,62,balanced,1.0,0.056666666666666664,8,60,10,1.0,5120.0,8.533333333333335,0.8407505999784917,0.0,0,0
rcs50_k8,62,robust,1.0,0.043333333333333335,0,10,10,1.0,0.0,0.0,0.9052891000173986,0.0,0,0
rcs50_k8,63,v1,1.0,0.05333333333333334,0,10,10,1.0,0.0,0.0,0.8769043000647798,0.0,0,0
rcs50_k8,63,joint,1.0,0.05333333333333334,0,10,10,1.0,0.0,0.0,1.0286333000985906,0.0,649,0
rcs50_k8,63,balanced,1.0,0.03,8,60,10,1.0,5120.0,8.533333333333335,0.896822200040333,0.0,0,0
rcs50_k8,63,robust,1.0,0.05,0,11,10,1.0,0.0,0.0,1.1295313999289647,0.0,0,0
rcs50_k8,64,v1,1.0,0.05333333333333334,0,10,10,1.0,0.0,0.0,0.9318143000127748,0.0,0,0
rcs50_k8,64,joint,1.0,0.05333333333333334,0,10,10,1.0,0.0,0.0,1.0828242999268696,0.0,634,0
rcs50_k8,64,balanced,1.0,0.06666666666666667,8,60,10,1.0,5120.0,8.533333333333335,0.9426121000433341,0.0,0,0
rcs50_k8,64,robust,1.0,0.05333333333333334,0,10,10,1.0,0.0,0.0,0.9924334998941049,0.0,0,0
rcs50_k8,65,v1,1.0,0.07666666666666666,0,10,10,1.0,0.0,0.0,0.834155400050804,0.0,0,0
rcs50_k8,65,joint,1.0,0.07666666666666666,0,10,10,1.0,0.0,0.0,0.9739384999265894,0.0,612,0
rcs50_k8,65,balanced,1.0,0.04,8,60,10,1.0,5120.0,8.533333333333335,0.8114770000101998,0.0,0,0
rcs50_k8,65,robust,1.0,0.07666666666666666,0,10,10,1.0,0.0,0.0,0.9501274999929592,0.0,0,0
rcs50_k8,66,v1,1.0,0.03,0,10,10,1.0,0.0,0.0,0.8915786000434309,0.0,0,0
rcs50_k8,66,joint,1.0,0.03,0,10,10,1.0,0.0,0.0,1.0481769001344219,0.0,644,0
rcs50_k8,66,balanced,1.0,0.05,8,60,10,1.0,5120.0,8.533333333333335,0.8364731000037864,0.0,0,0
rcs50_k8,66,robust,1.0,0.03,0,10,10,1.0,0.0,0.0,0.9850611999863759,0.0,0,0
rcs50_k8,67,v1,0.9,0.04,0,10,10,0.9,0.0,0.0,0.8250156999565661,0.0,0,0
rcs50_k8,67,joint,0.9,0.04,0,10,10,0.9,0.0,0.0,0.9883456999668851,0.0,683,0
rcs50_k8,67,balanced,1.0,0.04666666666666667,8,60,10,0.9166666666666666,5120.0,8.533333333333335,0.7232882999815047,0.0,0,0
rcs50_k8,67,robust,0.9,0.04,0,10,10,0.9,0.0,0.0,0.959751500049606,0.0,0,0
rcs50_k8,68,v1,1.0,0.05,0,10,10,1.0,0.0,0.0,0.8997373000020161,0.0,0,0
rcs50_k8,68,joint,1.0,0.05,0,10,10,1.0,0.0,0.0,1.0420468000229448,0.0,629,0
rcs50_k8,68,balanced,1.0,0.03666666666666667,8,60,10,1.0,5120.0,8.533333333333335,0.893033100059256,0.0,0,0
rcs50_k8,68,robust,1.0,0.05333333333333334,0,10,10,1.0,0.0,0.0,0.9408018999965861,0.0,0,0
rcs50_k8,69,v1,1.0,0.05,0,10,10,1.0,0.0,0.0,0.9704264999600127,0.0,0,0
rcs50_k8,69,joint,1.0,0.05,0,10,10,1.0,0.0,0.0,1.124722799868323,0.0,653,0
rcs50_k8,69,balanced,1.0,0.04,8,60,10,0.9833333333333333,5120.0,8.533333333333335,0.9155370000516996,0.0,0,0
rcs50_k8,69,robust,1.0,0.04666666666666667,1,10,10,1.0,640.0,1.0666666666666667,0.951191799947992,0.0,0,0
rcs50_k8,70,v1,1.0,0.043333333333333335,0,10,10,1.0,0.0,0.0,1.0249390000244603,0.0,0,0
rcs50_k8,70,joint,1.0,0.043333333333333335,0,10,10,1.0,0.0,0.0,1.1841699000215158,0.0,645,0
rcs50_k8,70,balanced,1.0,0.06,8,60,10,0.9833333333333333,5120.0,8.533333333333335,0.9863463999936357,0.0,0,0
rcs50_k8,70,robust,1.0,0.04,0,10,10,1.0,0.0,0.0,1.0312777999788523,0.0,0,0
rcs50_k8,71,v1,1.0,0.043333333333333335,0,10,10,1.0,0.0,0.0,1.2528172999154776,0.0,0,0
rcs50_k8,71,joint,1.0,0.043333333333333335,0,10,10,1.0,0.0,0.0,1.4000429000006989,0.0,637,0
rcs50_k8,71,balanced,1.0,0.07,8,60,10,1.0,5120.0,8.533333333333335,1.2022367999888957,0.0,0,0
rcs50_k8,71,robust,1.0,0.043333333333333335,0,10,10,1.0,0.0,0.0,1.219325999962166,0.0,0,0
rcs50_k8,72,v1,0.9,0.04666666666666667,0,10,10,0.9,0.0,0.0,0.9425321000162512,0.0,0,0
rcs50_k8,72,joint,0.9,0.04666666666666667,0,10,10,0.9,0.0,0.0,1.0869637000141665,0.0,646,0
rcs50_k8,72,balanced,1.0,0.04666666666666667,8,60,10,0.8833333333333333,5120.0,8.533333333333335,0.8514469999354333,0.0,0,0
rcs50_k8,72,robust,1.0,0.056666666666666664,0,10,10,1.0,0.0,0.0,0.9490190000506118,0.0,0,0
rcs50_k8,73,v1,1.0,0.07,0,10,10,1.0,0.0,0.0,0.9724644999951124,0.0,0,0
rcs50_k8,73,joint,1.0,0.07,0,10,10,1.0,0.0,0.0,1.1126057000365108,0.0,604,0
rcs50_k8,73,balanced,1.0,0.04666666666666667,8,60,10,0.9833333333333333,5120.0,8.533333333333335,0.9580384000437334,0.0,0,0
rcs50_k8,73,robust,1.0,0.07,0,10,10,1.0,0.0,0.0,0.9765996999340132,0.0,0,0
rcs50_k8,74,v1,1.0,0.03666666666666667,0,10,10,1.0,0.0,0.0,1.025875399936922,0.0,0,0
rcs50_k8,74,joint,1.0,0.03666666666666667,0,10,10,1.0,0.0,0.0,1.1697384999133646,0.0,622,0
rcs50_k8,74,balanced,1.0,0.05333333333333334,8,60,10,1.0,5120.0,8.533333333333335,1.0340912999818102,0.0,0,0
rcs50_k8,74,robust,1.0,0.03666666666666667,0,10,10,1.0,0.0,0.0,1.033677399973385,0.0,0,0
rcs50_k8,75,v1,1.0,0.043333333333333335,0,10,10,1.0,0.0,0.0,0.7751756999641657,0.0,0,0
rcs50_k8,75,joint,1.0,0.043333333333333335,0,10,10,1.0,0.0,0.0,0.9096702999668196,0.0,585,0
rcs50_k8,75,balanced,1.0,0.05,8,60,10,0.9666666666666667,5120.0,8.533333333333335,0.6858822999056429,0.0,0,0
rcs50_k8,75,robust,1.0,0.043333333333333335,0,10,10,1.0,0.0,0.0,0.8070852000964805,0.0,0,0
rcs50_k8,76,v1,1.0,0.04666666666666667,0,10,10,1.0,0.0,0.0,0.9074400999816135,0.0,0,0
rcs50_k8,76,joint,1.0,0.04666666666666667,0,10,10,1.0,0.0,0.0,1.0451764999888837,0.0,610,0
rcs50_k8,76,balanced,1.0,0.043333333333333335,8,60,10,0.9833333333333333,5120.0,8.533333333333335,0.8903409000486135,0.0,0,0
rcs50_k8,76,robust,1.0,0.04666666666666667,0,10,10,1.0,0.0,0.0,0.9227837000507861,0.0,0,0
rcs50_k8,77,v1,1.0,0.05333333333333334,0,10,10,1.0,0.0,0.0,0.8145935999928042,0.0,0,0
rcs50_k8,77,joint,1.0,0.05333333333333334,0,10,10,1.0,0.0,0.0,0.9533464999403805,0.0,606,0
rcs50_k8,77,balanced,1.0,0.043333333333333335,8,60,10,1.0,5120.0,8.533333333333335,0.7896640000399202,0.0,0,0
rcs50_k8,77,robust,1.0,0.056666666666666664,0,10,10,1.0,0.0,0.0,0.8450147999683395,0.0,0,0
rcs50_k8,78,v1,1.0,0.06666666666666667,0,10,10,1.0,0.0,0.0,0.9034761999500915,0.0,0,0
rcs50_k8,78,joint,1.0,0.06666666666666667,0,10,10,1.0,0.0,0.0,1.0580235000234097,0.0,673,0
rcs50_k8,78,balanced,1.0,0.05,8,60,10,1.0,5120.0,8.533333333333335,0.8910113000310957,0.0,0,0
rcs50_k8,78,robust,1.0,0.07666666666666666,0,10,10,1.0,0.0,0.0,0.9526235000230372,0.0,0,0
rcs50_k8,79,v1,1.0,0.08333333333333333,0,10,10,1.0,0.0,0.0,0.8911183000309393,0.0,0,0
rcs50_k8,79,joint,1.0,0.08333333333333333,0,10,10,1.0,0.0,0.0,1.0289433000143617,0.0,604,0
rcs50_k8,79,balanced,1.0,0.08666666666666667,8,60,10,1.0,5120.0,8.533333333333335,0.8904637000523508,0.0,0,0
rcs50_k8,79,robust,1.0,0.07333333333333333,0,10,10,1.0,0.0,0.0,0.9323648000136018,0.0,0,0
rcs50_k8,80,v1,0.9,0.07666666666666666,0,10,10,0.9,0.0,0.0,0.7488081000046805,0.0,0,0
rcs50_k8,80,joint,0.9,0.07666666666666666,0,10,10,0.9,0.0,0.0,0.8960549000184983,0.0,650,0
rcs50_k8,80,balanced,1.0,0.056666666666666664,8,60,10,0.95,5120.0,8.533333333333335,0.6644100999692455,0.0,0,0
rcs50_k8,80,robust,0.9,0.08,0,10,10,0.9,0.0,0.0,0.8049247999442741,0.0,0,0
rcs50_k8,81,v1,1.0,0.043333333333333335,0,10,10,1.0,0.0,0.0,0.6587382999714464,0.0,0,0
rcs50_k8,81,joint,1.0,0.043333333333333335,0,10,10,1.0,0.0,0.0,0.8186640999047086,0.0,691,0
rcs50_k8,81,balanced,1.0,0.04,8,60,10,1.0,5120.0,8.533333333333335,0.5731462000403553,0.0,0,0
rcs50_k8,81,robust,1.0,0.04,4,14,10,1.0,2560.0,4.266666666666667,1.0252903000218794,0.0,0,0
rcs50_k8,82,v1,1.0,0.05,0,10,10,1.0,0.0,0.0,0.7723900000564754,0.0,0,0
rcs50_k8,82,joint,1.0,0.05,0,10,10,1.0,0.0,0.0,0.9054403001209721,0.0,561,0
rcs50_k8,82,balanced,1.0,0.06333333333333334,8,60,10,0.9833333333333333,5120.0,8.533333333333335,0.6513780999230221,0.0,0,0
rcs50_k8,82,robust,1.0,0.05,0,10,10,1.0,0.0,0.0,0.8218010000418872,0.0,0,0
rcs50_k8,83,v1,0.9,0.05,0,10,10,0.9,0.0,0.0,0.6206206999486312,0.0,0,0
rcs50_k8,83,joint,0.9,0.05,0,10,10,0.9,0.0,0.0,0.7729279000777751,0.0,638,0
rcs50_k8,83,balanced,1.0,0.04666666666666667,8,60,10,0.9333333333333333,5120.0,8.533333333333335,0.5428456000518054,0.0,0,0
rcs50_k8,83,robust,0.9,0.06666666666666667,0,10,10,0.9,0.0,0.0,0.6711539999814704,0.0,0,0
rcs50_k8,84,v1,1.0,0.03,0,10,10,1.0,0.0,0.0,0.8849746000487357,0.0,0,0
rcs50_k8,84,joint,1.0,0.03,0,10,10,1.0,0.0,0.0,1.0554733000462875,0.0,706,0
rcs50_k8,84,balanced,1.0,0.06333333333333334,8,60,10,0.9833333333333333,5120.0,8.533333333333335,0.7721330999629572,0.0,0,0
rcs50_k8,84,robust,1.0,0.04,0,10,10,1.0,0.0,0.0,0.8889111999887973,0.0,0,0
rcs50_k8,85,v1,1.0,0.07,0,10,10,1.0,0.0,0.0,0.8951309999683872,0.0,0,0
rcs50_k8,85,joint,1.0,0.07,0,10,10,1.0,0.0,0.0,1.0452555998926982,0.0,633,0
rcs50_k8,85,balanced,1.0,0.06,8,60,10,1.0,5120.0,8.533333333333335,0.8279605000279844,0.0,0,0
rcs50_k8,85,robust,1.0,0.08666666666666667,1,11,10,1.0,640.0,1.0666666666666667,0.9650277000619099,0.0,0,0
rcs50_k8,86,v1,1.0,0.03333333333333333,0,10,10,1.0,0.0,0.0,0.7763310000300407,0.0,0,0
rcs50_k8,86,joint,1.0,0.03333333333333333,0,10,10,1.0,0.0,0.0,0.9248522000852972,0.0,653,0
rcs50_k8,86,balanced,1.0,0.05333333333333334,8,60,10,1.0,5120.0,8.533333333333335,0.6336006999481469,0.0,0,0
rcs50_k8,86,robust,1.0,0.03666666666666667,0,10,10,1.0,0.0,0.0,0.7663226999575272,0.0,0,0
rcs50_k8,87,v1,1.0,0.05,0,10,10,1.0,0.0,0.0,0.9127829000353813,0.0,0,0
rcs50_k8,87,joint,1.0,0.05,0,10,10,1.0,0.0,0.0,1.0528360001044348,0.0,607,0
rcs50_k8,87,balanced,1.0,0.056666666666666664,8,60,10,0.9833333333333333,5120.0,8.533333333333335,0.8889618000248447,0.0,0,0
rcs50_k8,87,robust,1.0,0.05,0,10,10,1.0,0.0,0.0,0.9248447999125347,0.0,0,0
rcs50_k8,88,v1,1.0,0.05333333333333334,0,10,10,1.0,0.0,0.0,0.9018213000381365,0.0,0,0
rcs50_k8,88,joint,1.0,0.05333333333333334,0,10,10,1.0,0.0,0.0,1.0425185000058264,0.0,630,0
rcs50_k8,88,balanced,1.0,0.05333333333333334,8,60,10,1.0,5120.0,8.533333333333335,0.8682358000660315,0.0,0,0
rcs50_k8,88,robust,1.0,0.05,1,10,10,1.0,640.0,1.0666666666666667,0.9309034999459982,0.0,0,0
rcs50_k8,89,v1,1.0,0.04666666666666667,0,10,10,1.0,0.0,0.0,0.9731387000065297,0.0,0,0
rcs50_k8,89,joint,1.0,0.04666666666666667,0,10,10,1.0,0.0,0.0,1.1141837999457493,0.0,618,0
rcs50_k8,89,balanced,1.0,0.02666666666666667,8,60,10,1.0,5120.0,8.533333333333335,0.9943517999490723,0.0,0,0
rcs50_k8,89,robust,1.0,0.05,0,10,10,1.0,0.0,0.0,1.0229780999943614,0.0,0,0
rcs50_k8,90,v1,1.0,0.06333333333333334,0,10,10,1.0,0.0,0.0,1.0107405000599101,0.0,0,0
rcs50_k8,90,joint,1.0,0.06333333333333334,0,10,10,1.0,0.0,0.0,1.154258199967444,0.0,624,0
rcs50_k8,90,balanced,1.0,0.07333333333333333,8,60,10,0.95,5120.0,8.533333333333335,1.0389667000854388,0.0,0,0
rcs50_k8,90,robust,1.0,0.06333333333333334,0,10,10,1.0,0.0,0.0,1.0384812999982387,0.0,0,0
rcs50_k8,91,v1,1.0,0.04666666666666667,0,10,10,1.0,0.0,0.0,0.8444677999941632,0.0,0,0
rcs50_k8,91,joint,1.0,0.04666666666666667,0,10,10,1.0,0.0,0.0,0.9930708999745548,0.0,633,0
rcs50_k8,91,balanced,1.0,0.04,8,60,10,0.9666666666666667,5120.0,8.533333333333335,0.8121097999392077,0.0,0,0
rcs50_k8,91,robust,1.0,0.04666666666666667,0,10,10,1.0,0.0,0.0,0.8814822999993339,0.0,0,0
rcs50_k8,92,v1,1.0,0.04666666666666667,0,10,10,1.0,0.0,0.0,0.9969019000418484,0.0,0,0
rcs50_k8,92,joint,1.0,0.04666666666666667,0,10,10,1.0,0.0,0.0,1.1444762999890372,0.0,625,0
rcs50_k8,92,balanced,1.0,0.06333333333333334,8,60,10,1.0,5120.0,8.533333333333335,1.0576690000016242,0.0,0,0
rcs50_k8,92,robust,1.0,0.05333333333333334,0,10,10,1.0,0.0,0.0,1.0829890000168234,0.0,0,0
rcs50_k8,93,v1,0.9,0.043333333333333335,0,10,10,0.9,0.0,0.0,0.9254284999333322,0.0,0,0
rcs50_k8,93,joint,0.9,0.043333333333333335,0,10,10,0.9,0.0,0.0,1.0747440999839455,0.0,622,0
rcs50_k8,93,balanced,1.0,0.04666666666666667,8,60,10,0.9333333333333333,5120.0,8.533333333333335,0.9465955999912694,0.0,0,0
rcs50_k8,93,robust,0.9,0.043333333333333335,0,10,10,0.9,0.0,0.0,0.9768130999291316,0.0,0,0
rcs50_k8,94,v1,1.0,0.043333333333333335,0,10,10,1.0,0.0,0.0,0.8955556000582874,0.0,0,0
rcs50_k8,94,joint,1.0,0.043333333333333335,0,10,10,1.0,0.0,0.0,1.0467579000396654,0.0,641,0
rcs50_k8,94,balanced,1.0,0.05,8,60,10,1.0,5120.0,8.533333333333335,0.9058917999500409,0.0,0,0
rcs50_k8,94,robust,1.0,0.043333333333333335,0,10,10,1.0,0.0,0.0,0.9611880000447854,0.0,0,0
rcs50_k8,95,v1,1.0,0.043333333333333335,0,10,10,1.0,0.0,0.0,0.6774299000389874,0.0,0,0
rcs50_k8,95,joint,1.0,0.043333333333333335,0,10,10,1.0,0.0,0.0,0.8059432000154629,0.0,541,0
rcs50_k8,95,balanced,1.0,0.05,8,60,10,0.9833333333333333,5120.0,8.533333333333335,0.6163046000292525,0.0,0,0
rcs50_k8,95,robust,1.0,0.04,0,10,10,1.0,0.0,0.0,0.7146799999754876,0.0,0,0
rcs50_k8,96,v1,1.0,0.05333333333333334,0,10,10,1.0,0.0,0.0,0.9522937999572605,0.0,0,0
rcs50_k8,96,joint,1.0,0.05333333333333334,0,10,10,1.0,0.0,0.0,1.1059902000706643,0.0,645,0
rcs50_k8,96,balanced,1.0,0.056666666666666664,8,60,10,1.0,5120.0,8.533333333333335,0.909732999978587,0.0,0,0
rcs50_k8,96,robust,1.0,0.05333333333333334,0,10,10,1.0,0.0,0.0,0.994819900020957,0.0,0,0
rcs50_k8,97,v1,1.0,0.04,0,10,10,1.0,0.0,0.0,0.9448709000134841,0.0,0,0
rcs50_k8,97,joint,1.0,0.04,0,10,10,1.0,0.0,0.0,1.094711400102824,0.0,628,0
rcs50_k8,97,balanced,1.0,0.06333333333333334,8,60,10,0.9833333333333333,5120.0,8.533333333333335,0.9414031999185681,0.0,0,0
rcs50_k8,97,robust,1.0,0.04,0,10,10,1.0,0.0,0.0,1.0104208000702783,0.0,0,0
rcs50_k8,98,v1,1.0,0.03333333333333333,0,10,10,1.0,0.0,0.0,0.955994899966754,0.0,0,0
rcs50_k8,98,joint,1.0,0.03333333333333333,0,10,10,1.0,0.0,0.0,1.1160679999738932,0.0,629,0
rcs50_k8,98,balanced,1.0,0.043333333333333335,8,60,10,1.0,5120.0,8.533333333333335,0.8884182999609038,0.0,0,0
rcs50_k8,98,robust,1.0,0.03333333333333333,0,10,10,1.0,0.0,0.0,0.9942102000350133,0.0,0,0
rcs50_k8,99,v1,1.0,0.04666666666666667,0,10,10,1.0,0.0,0.0,1.0685988999903202,0.0,0,0
rcs50_k8,99,joint,1.0,0.04666666666666667,0,10,10,1.0,0.0,0.0,1.2133152999449521,0.0,611,0
rcs50_k8,99,balanced,1.0,0.05,8,60,10,1.0,5120.0,8.533333333333335,1.045908399973996,0.0,0,0
rcs50_k8,99,robust,1.0,0.04666666666666667,0,10,10,1.0,0.0,0.0,1.0883643000852317,0.0,0,0
d800_rcs0.2_k8,0,v1,0.7,0.04,7,33,10,1.0,4480.0,7.466666666666669,4.337674600072205,0.0,0,0
d800_rcs0.2_k8,0,joint,0.7,0.043333333333333335,7,29,10,1.0,4480.0,7.466666666666669,4.6480883999029174,0.18935070538172472,746,3
d800_rcs0.2_k8,0,balanced,0.8,0.04,8,60,10,1.0,5120.0,8.533333333333335,0.7937825000844896,0.0,0,0
d800_rcs0.2_k8,0,robust,0.8,0.043333333333333335,8,60,10,1.0,5120.0,8.533333333333335,6.465874499990605,0.0,0,0
d800_rcs0.2_k8,1,v1,0.8,0.023333333333333334,8,41,10,0.926829268292683,5120.0,8.533333333333335,3.6714013000018895,0.0,0,0
d800_rcs0.2_k8,1,joint,0.7,0.02,8,43,10,0.8837209302325582,5120.0,8.533333333333335,3.9228737000375986,0.026120487497254485,656,6
d800_rcs0.2_k8,1,balanced,0.7,0.03,8,60,10,0.9333333333333333,5120.0,8.533333333333335,0.5150980999460444,0.0,0,0
d800_rcs0.2_k8,1,robust,0.7,0.03,8,60,10,0.9333333333333333,5120.0,8.533333333333335,5.653141299961135,0.0,0,0
d800_rcs0.2_k8,2,v1,0.5,0.05,8,30,10,1.0,5120.0,8.533333333333335,2.5250168000347912,0.0,0,0
d800_rcs0.2_k8,2,joint,0.5,0.056666666666666664,8,31,10,1.0,5120.0,8.533333333333335,2.7282596001168713,0.2242809001625119,483,3
d800_rcs0.2_k8,2,balanced,0.8,0.04666666666666667,8,60,10,1.0,5120.0,8.533333333333335,0.8167330999858677,0.0,0,0
d800_rcs0.2_k8,2,robust,0.8,0.06,8,60,10,1.0,5120.0,8.533333333333335,6.628555199946277,0.0,0,0
d800_rcs0.2_k8,3,v1,0.5,0.07666666666666666,7,39,10,1.0,4480.0,7.466666666666669,4.361575499991886,0.0,0,0
d800_rcs0.2_k8,3,joint,0.5,0.08333333333333333,5,40,10,1.0,3200.0,5.333333333333334,4.664238899946213,0.008637371698708984,777,3
d800_rcs0.2_k8,3,balanced,0.6,0.05333333333333334,8,60,10,0.95,5120.0,8.533333333333335,0.8859101000707597,0.0,0,0
d800_rcs0.2_k8,3,robust,0.6,0.06,8,55,10,0.9454545454545454,5120.0,8.533333333333335,5.676272800075822,0.0,0,0
d800_rcs0.2_k8,4,v1,0.8,0.06,8,40,10,1.0,5120.0,8.533333333333335,4.11814310005866,0.0,0,0
d800_rcs0.2_k8,4,joint,0.8,0.06666666666666667,7,40,10,1.0,4480.0,7.466666666666669,4.467369000078179,0.1885162242965901,874,4
d800_rcs0.2_k8,4,balanced,0.8,0.06,8,60,10,1.0,5120.0,8.533333333333335,0.7602899998892099,0.0,0,0
d800_rcs0.2_k8,4,robust,0.8,0.06333333333333334,8,55,10,1.0,5120.0,8.533333333333335,5.183177300030366,0.0,0,0
d800_rcs0.2_k8,5,v1,0.5,0.03333333333333333,8,47,10,0.9787234042553191,5120.0,8.533333333333335,5.361591799999587,0.0,0,0
d800_rcs0.2_k8,5,joint,0.5,0.03,8,44,10,0.9772727272727273,5120.0,8.533333333333335,5.65334169997368,0.3725208705554005,726,8
d800_rcs0.2_k8,5,balanced,0.7,0.043333333333333335,8,60,10,0.9666666666666667,5120.0,8.533333333333335,0.8575476999394596,0.0,0,0
d800_rcs0.2_k8,5,robust,0.6,0.03666666666666667,8,50,10,0.98,5120.0,8.533333333333335,5.168966200086288,0.0,0,0
d800_rcs0.2_k8,6,v1,0.5,0.056666666666666664,8,38,10,0.9210526315789473,5120.0,8.533333333333335,3.4617270999588072,0.0,0,0
d800_rcs0.2_k8,6,joint,0.5,0.056666666666666664,8,38,10,0.9210526315789473,5120.0,8.533333333333335,3.6187470000004396,0.0,422,0
d800_rcs0.2_k8,6,balanced,0.7,0.06333333333333334,8,60,10,0.95,5120.0,8.533333333333335,0.6857952999416739,0.0,0,0
d800_rcs0.2_k8,6,robust,0.5,0.06333333333333334,8,55,10,0.9454545454545454,5120.0,8.533333333333335,5.610923400032334,0.0,0,0
d800_rcs0.2_k8,7,v1,0.8,0.043333333333333335,5,25,10,0.76,3200.0,5.333333333333334,2.626810099929571,0.0,0,0
d800_rcs0.2_k8,7,joint,0.8,0.043333333333333335,5,25,10,0.76,3200.0,5.333333333333334,2.8520768000744283,0.0,717,0
d800_rcs0.2_k8,7,balanced,0.9,0.04666666666666667,8,60,10,0.9,5120.0,8.533333333333335,0.8885125999804586,0.0,0,0
d800_rcs0.2_k8,7,robust,0.8,0.04,8,55,10,0.8909090909090909,5120.0,8.533333333333335,5.969562400016002,0.0,0,0
d800_rcs0.2_k8,8,v1,0.3,0.04,8,30,10,1.0,5120.0,8.533333333333335,3.275591399986297,0.0,0,0
d800_rcs0.2_k8,8,joint,0.5,0.043333333333333335,6,28,10,1.0,3840.0,6.400000000000001,3.6187096000649035,0.15535394468548613,911,7
d800_rcs0.2_k8,8,balanced,0.6,0.043333333333333335,8,60,10,1.0,5120.0,8.533333333333335,0.666209299932234,0.0,0,0
d800_rcs0.2_k8,8,robust,0.6,0.02666666666666667,8,40,10,1.0,5120.0,8.533333333333335,3.293054200010374,0.0,0,0
d800_rcs0.2_k8,9,v1,0.4,0.02666666666666667,8,44,10,1.0,5120.0,8.533333333333335,4.9445903999730945,0.0,0,0
d800_rcs0.2_k8,9,joint,0.5,0.03333333333333333,8,46,10,1.0,5120.0,8.533333333333335,5.227607500040904,0.05474873360441601,700,7
d800_rcs0.2_k8,9,balanced,0.6,0.03666666666666667,8,60,10,1.0,5120.0,8.533333333333335,0.7651680000126362,0.0,0,0
d800_rcs0.2_k8,9,robust,0.6,0.043333333333333335,8,60,10,1.0,5120.0,8.533333333333335,6.825490099960007,0.0,0,0
d800_rcs0.2_k8,10,v1,0.8,0.06333333333333334,5,28,10,1.0,3200.0,5.333333333333334,3.9922062000259757,0.0,0,0
d800_rcs0.2_k8,10,joint,0.8,0.06333333333333334,5,28,10,1.0,3200.0,5.333333333333334,4.233740400057286,0.0,797,0
d800_rcs0.2_k8,10,balanced,0.8,0.06,8,60,10,1.0,5120.0,8.533333333333335,1.0818563998909667,0.0,0,0
d800_rcs0.2_k8,10,robust,0.8,0.06333333333333334,8,60,10,1.0,5120.0,8.533333333333335,8.148846100084484,0.0,0,0
d800_rcs0.2_k8,11,v1,0.8,0.05333333333333334,5,33,10,1.0,3200.0,5.333333333333334,4.528486299910583,0.0,0,0
d800_rcs0.2_k8,11,joint,0.8,0.06,5,34,10,1.0,3200.0,5.333333333333334,4.896228199941106,0.9441404359635297,964,4
d800_rcs0.2_k8,11,balanced,0.8,0.056666666666666664,8,60,10,1.0,5120.0,8.533333333333335,0.9456949000013992,0.0,0,0
d800_rcs0.2_k8,11,robust,0.8,0.05,8,60,10,1.0,5120.0,8.533333333333335,6.7729564000619575,0.0,0,0
d800_rcs0.2_k8,12,v1,0.5,0.06333333333333334,8,32,10,0.96875,5120.0,8.533333333333335,4.383317800005898,0.0,0,0
d800_rcs0.2_k8,12,joint,0.5,0.06666666666666667,6,33,10,0.9696969696969697,3840.0,6.400000000000001,4.660061500035226,0.24245932895801992,757,4
d800_rcs0.2_k8,12,balanced,0.7,0.06666666666666667,8,60,10,0.95,5120.0,8.533333333333335,0.9203352000331506,0.0,0,0
d800_rcs0.2_k8,12,robust,0.7,0.09,8,60,10,0.9333333333333333,5120.0,8.533333333333335,7.063596699968912,0.0,0,0
d800_rcs0.2_k8,13,v1,0.6,0.05,8,42,10,1.0,5120.0,8.533333333333335,3.947809899924323,0.0,0,0
d800_rcs0.2_k8,13,joint,0.6,0.03666666666666667,8,38,10,1.0,5120.0,8.533333333333335,4.194869700004347,0.5537082702266848,612,6
d800_rcs0.2_k8,13,balanced,0.7,0.05333333333333334,8,60,10,1.0,5120.0,8.533333333333335,0.6705511999316514,0.0,0,0
d800_rcs0.2_k8,13,robust,0.7,0.05333333333333334,8,60,10,1.0,5120.0,8.533333333333335,5.39357650000602,0.0,0,0
d800_rcs0.2_k8,14,v1,0.6,0.05333333333333334,8,37,10,1.0,5120.0,8.533333333333335,4.391370100085624,0.0,0,0
d800_rcs0.2_k8,14,joint,0.6,0.056666666666666664,5,37,10,1.0,3200.0,5.333333333333334,4.703722500125878,0.0222851162177633,817,1
d800_rcs0.2_k8,14,balanced,0.7,0.056666666666666664,8,60,10,1.0,5120.0,8.533333333333335,0.8594782999716699,0.0,0,0
d800_rcs0.2_k8,14,robust,0.8,0.06666666666666667,8,60,10,1.0,5120.0,8.533333333333335,7.2490587999345735,0.0,0,0
d800_rcs0.2_k8,15,v1,1.0,0.04666666666666667,7,34,10,1.0,4480.0,7.466666666666669,5.331780399894342,0.0,0,0
d800_rcs0.2_k8,15,joint,1.0,0.04666666666666667,7,34,10,1.0,4480.0,7.466666666666669,5.541590599925257,0.0,670,0
d800_rcs0.2_k8,15,balanced,0.9,0.04666666666666667,8,60,10,1.0,5120.0,8.533333333333335,1.036333000054583,0.0,0,0
d800_rcs0.2_k8,15,robust,0.9,0.056666666666666664,8,60,10,1.0,5120.0,8.533333333333335,7.9425943999085575,0.0,0,0
d800_rcs0.2_k8,16,v1,0.8,0.05333333333333334,7,34,10,0.9117647058823529,4480.0,7.466666666666669,4.8083983999677,0.0,0,0
d800_rcs0.2_k8,16,joint,0.8,0.05333333333333334,7,34,10,0.9117647058823529,4480.0,7.466666666666669,5.013451899867505,0.0,683,0
d800_rcs0.2_k8,16,balanced,1.0,0.056666666666666664,8,60,10,0.9333333333333333,5120.0,8.533333333333335,0.8815634000347927,0.0,0,0
d800_rcs0.2_k8,16,robust,0.9,0.05,8,60,10,0.95,5120.0,8.533333333333335,7.558875199989416,0.0,0,0
d800_rcs0.2_k8,17,v1,0.7,0.06333333333333334,5,37,10,1.0,3200.0,5.333333333333334,4.064467699965462,0.0,0,0
d800_rcs0.2_k8,17,joint,0.7,0.06333333333333334,4,37,10,1.0,2560.0,4.266666666666667,4.470333200064488,0.036434026599258124,1061,4
d800_rcs0.2_k8,17,balanced,0.7,0.04666666666666667,8,60,10,1.0,5120.0,8.533333333333335,0.843631999916397,0.0,0,0
d800_rcs0.2_k8,17,robust,0.7,0.05333333333333334,8,60,10,1.0,5120.0,8.533333333333335,6.587208000011742,0.0,0,0
d800_rcs0.2_k8,18,v1,0.7,0.06,8,42,10,1.0,5120.0,8.533333333333335,4.400849399971776,0.0,0,0
d800_rcs0.2_k8,18,joint,0.7,0.06,8,42,10,1.0,5120.0,8.533333333333335,4.5613785000750795,0.0,435,0
d800_rcs0.2_k8,18,balanced,0.7,0.04666666666666667,8,60,10,1.0,5120.0,8.533333333333335,0.7015630999812856,0.0,0,0
d800_rcs0.2_k8,18,robust,0.6,0.05,8,50,10,1.0,5120.0,8.533333333333335,4.731837400002405,0.0,0,0
d800_rcs0.2_k8,19,v1,0.9,0.043333333333333335,8,34,10,1.0,5120.0,8.533333333333335,3.2922795999329537,0.0,0,0
d800_rcs0.2_k8,19,joint,0.9,0.043333333333333335,7,34,10,1.0,4480.0,7.466666666666669,3.4892609000671655,0.34216630160719697,544,4
d800_rcs0.2_k8,19,balanced,1.0,0.056666666666666664,8,60,10,1.0,5120.0,8.533333333333335,0.8237528000026941,0.0,0,0
d800_rcs0.2_k8,19,robust,0.9,0.05,8,55,10,1.0,5120.0,8.533333333333335,5.730080999899656,0.0,0,0
d800_rcs0.2_k8,20,v1,0.9,0.05,1,25,10,1.0,640.0,1.0666666666666667,3.0864807999460027,0.0,0,0
d800_rcs0.2_k8,20,joint,0.9,0.05,5,25,10,1.0,3200.0,5.333333333333334,3.397205699933693,1.252457842225964,910,2
d800_rcs0.2_k8,20,balanced,1.0,0.05333333333333334,8,60,10,1.0,5120.0,8.533333333333335,0.876470800023526,0.0,0,0
d800_rcs0.2_k8,20,robust,1.0,0.05,8,60,10,1.0,5120.0,8.533333333333335,6.861376999993809,0.0,0,0
d800_rcs0.2_k8,21,v1,0.7,0.043333333333333335,6,26,10,1.0,3840.0,6.400000000000001,2.750116900075227,0.0,0,0
d800_rcs0.2_k8,21,joint,0.7,0.04,5,26,10,1.0,3200.0,5.333333333333334,3.0267799000721425,0.00040725605489799754,782,1
d800_rcs0.2_k8,21,balanced,0.8,0.03,8,60,10,1.0,5120.0,8.533333333333335,0.9530082000419497,0.0,0,0
d800_rcs0.2_k8,21,robust,0.8,0.043333333333333335,8,60,10,1.0,5120.0,8.533333333333335,7.094031099928543,0.0,0,0
d800_rcs0.2_k8,22,v1,0.9,0.06333333333333334,8,28,10,1.0,5120.0,8.533333333333335,2.9188592999707907,0.0,0,0
d800_rcs0.2_k8,22,joint,1.0,0.06333333333333334,8,28,10,1.0,5120.0,8.533333333333335,3.1696970999473706,0.10617940195101738,748,3
d800_rcs0.2_k8,22,balanced,1.0,0.07,8,60,10,0.9833333333333333,5120.0,8.533333333333335,0.8852405999787152,0.0,0,0
d800_rcs0.2_k8,22,robust,1.0,0.07,8,60,10,0.9833333333333333,5120.0,8.533333333333335,7.136663499986753,0.0,0,0
d800_rcs0.2_k8,23,v1,0.8,0.04,6,42,10,1.0,3840.0,6.400000000000001,5.016130800009705,0.0,0,0
d800_rcs0.2_k8,23,joint,0.8,0.03333333333333333,5,38,10,1.0,3200.0,5.333333333333334,5.357887999969535,0.024776863430451934,919,3
d800_rcs0.2_k8,23,balanced,0.8,0.056666666666666664,8,60,10,1.0,5120.0,8.533333333333335,0.9749699000967667,0.0,0,0
d800_rcs0.2_k8,23,robust,0.9,0.05333333333333334,8,60,10,1.0,5120.0,8.533333333333335,7.035052699968219,0.0,0,0
d800_rcs0.2_k8,24,v1,0.8,0.04666666666666667,4,31,10,1.0,2560.0,4.266666666666667,3.2560434999177232,0.0,0,0
d800_rcs0.2_k8,24,joint,0.9,0.04,1,22,10,1.0,640.0,1.0666666666666667,3.760172300040722,1.9429205548678525,1238,3
d800_rcs0.2_k8,24,balanced,0.9,0.07,8,60,10,1.0,5120.0,8.533333333333335,0.7618720999453217,0.0,0,0
d800_rcs0.2_k8,24,robust,0.9,0.09,8,60,10,1.0,5120.0,8.533333333333335,6.746234600082971,0.0,0,0
d800_rcs0.2_k8,25,v1,0.4,0.04666666666666667,8,44,10,0.9772727272727273,5120.0,8.533333333333335,3.975603200029582,0.0,0,0
d800_rcs0.2_k8,25,joint,0.5,0.04666666666666667,8,45,10,0.9777777777777777,5120.0,8.533333333333335,4.216060100123286,0.03472079594859867,619,5
d800_rcs0.2_k8,25,balanced,0.6,0.04666666666666667,8,60,10,0.9833333333333333,5120.0,8.533333333333335,0.6853913000086322,0.0,0,0
d800_rcs0.2_k8,25,robust,0.4,0.05,8,40,10,1.0,5120.0,8.533333333333335,3.352351399953477,0.0,0,0
d800_rcs0.2_k8,26,v1,0.6,0.043333333333333335,8,32,10,1.0,5120.0,8.533333333333335,3.6171699999831617,0.0,0,0
d800_rcs0.2_k8,26,joint,0.6,0.04,7,33,10,1.0,4480.0,7.466666666666669,3.8292533000931144,0.010316547287656075,655,3
d800_rcs0.2_k8,26,balanced,0.7,0.03666666666666667,8,60,10,1.0,5120.0,8.533333333333335,0.8420683000003919,0.0,0,0
d800_rcs0.2_k8,26,robust,0.6,0.03,8,50,10,1.0,5120.0,8.533333333333335,4.802249800064601,0.0,0,0
d800_rcs0.2_k8,27,v1,0.6,0.023333333333333334,8,37,10,1.0,5120.0,8.533333333333335,3.5375295999692753,0.0,0,0
d800_rcs0.2_k8,27,joint,0.6,0.04,8,37,10,1.0,5120.0,8.533333333333335,3.8448859999189153,0.09163331155989285,930,8
d800_rcs0.2_k8,27,balanced,0.7,0.03,8,60,10,1.0,5120.0,8.533333333333335,0.5486112999496982,0.0,0,0
d800_rcs0.2_k8,27,robust,0.7,0.023333333333333334,8,60,10,1.0,5120.0,8.533333333333335,5.660640900023282,0.0,0,0
d800_rcs0.2_k8,28,v1,0.6,0.043333333333333335,8,46,10,1.0,5120.0,8.533333333333335,4.254349199938588,0.0,0,0
d800_rcs0.2_k8,28,joint,0.6,0.043333333333333335,8,46,10,1.0,5120.0,8.533333333333335,4.458771999925375,0.0008159386082282616,490,1
d800_rcs0.2_k8,28,balanced,0.7,0.04,8,60,10,0.9833333333333333,5120.0,8.533333333333335,0.7355072000063956,0.0,0,0
d800_rcs0.2_k8,28,robust,0.6,0.04,8,55,10,0.9818181818181818,5120.0,8.533333333333335,5.346350900013931,0.0,0,0
d800_rcs0.2_k8,29,v1,0.6,0.04666666666666667,8,44,10,1.0,5120.0,8.533333333333335,4.14094109996222,0.0,0,0
d800_rcs0.2_k8,29,joint,0.6,0.04666666666666667,7,47,10,1.0,4480.0,7.466666666666669,4.511274400050752,0.7336391996208791,911,8
d800_rcs0.2_k8,29,balanced,0.7,0.04,8,60,10,1.0,5120.0,8.533333333333335,0.568346600048244,0.0,0,0
d800_rcs0.2_k8,29,robust,0.7,0.043333333333333335,8,60,10,1.0,5120.0,8.533333333333335,5.417592799989507,0.0,0,0
d800_rcs0.2_k8,30,v1,0.6,0.03333333333333333,8,45,10,0.9111111111111111,5120.0,8.533333333333335,4.817337000044063,0.0,0,0
d800_rcs0.2_k8,30,joint,0.6,0.023333333333333334,7,45,10,0.9111111111111111,4480.0,7.466666666666669,5.024557000142522,0.005478741910844631,480,2
d800_rcs0.2_k8,30,balanced,0.5,0.05333333333333334,8,60,10,0.95,5120.0,8.533333333333335,0.677670200006105,0.0,0,0
d800_rcs0.2_k8,30,robust,0.4,0.06666666666666667,8,50,10,1.0,5120.0,8.533333333333335,4.551209599943832,0.0,0,0
d800_rcs0.2_k8,31,v1,0.6,0.05333333333333334,6,43,10,1.0,3840.0,6.400000000000001,5.747546399943531,0.0,0,0
d800_rcs0.2_k8,31,joint,0.7,0.05,7,43,10,1.0,4480.0,7.466666666666669,6.035352800041437,0.17405798857143462,831,2
d800_rcs0.2_k8,31,balanced,0.7,0.07,8,60,10,1.0,5120.0,8.533333333333335,0.9435813000891358,0.0,0,0
d800_rcs0.2_k8,31,robust,0.5,0.07333333333333333,8,50,10,1.0,5120.0,8.533333333333335,6.191193999955431,0.0,0,0
d800_rcs0.2_k8,32,v1,0.9,0.06333333333333334,7,30,10,1.0,4480.0,7.466666666666669,2.9753158999374136,0.0,0,0
d800_rcs0.2_k8,32,joint,0.9,0.056666666666666664,8,30,10,1.0,5120.0,8.533333333333335,3.2069978000363335,0.072253594772828,601,2
d800_rcs0.2_k8,32,balanced,1.0,0.03333333333333333,8,60,10,1.0,5120.0,8.533333333333335,0.7596197999082506,0.0,0,0
d800_rcs0.2_k8,32,robust,1.0,0.043333333333333335,8,60,10,1.0,5120.0,8.533333333333335,5.845770800020546,0.0,0,0
d800_rcs0.2_k8,33,v1,0.8,0.056666666666666664,4,31,10,1.0,2560.0,4.266666666666667,3.332202000077814,0.0,0,0
d800_rcs0.2_k8,33,joint,0.8,0.06,6,31,10,1.0,3840.0,6.400000000000001,3.5948556000366807,0.07667641652893309,724,2
d800_rcs0.2_k8,33,balanced,0.9,0.05,8,60,10,1.0,5120.0,8.533333333333335,0.7467729999916628,0.0,0,0
d800_rcs0.2_k8,33,robust,1.0,0.06666666666666667,8,60,10,1.0,5120.0,8.533333333333335,7.524255100055598,0.0,0,0
d800_rcs0.2_k8,34,v1,0.7,0.06666666666666667,3,27,10,1.0,1920.0,3.2,3.3792341999942437,0.0,0,0
d800_rcs0.2_k8,34,joint,0.7,0.06333333333333334,3,27,10,1.0,1920.0,3.2,3.690944599919021,0.19872719720534548,856,2
d800_rcs0.2_k8,34,balanced,0.9,0.06666666666666667,8,60,10,1.0,5120.0,8.533333333333335,0.8942619999870658,0.0,0,0
d800_rcs0.2_k8,34,robust,0.9,0.07666666666666666,8,60,10,1.0,5120.0,8.533333333333335,6.606508900062181,0.0,0,0
d800_rcs0.2_k8,35,v1,0.7,0.04666666666666667,8,40,10,1.0,5120.0,8.533333333333335,4.1870750999078155,0.0,0,0
d800_rcs0.2_k8,35,joint,0.7,0.04666666666666667,8,40,10,1.0,5120.0,8.533333333333335,4.325899099931121,0.0,418,0
d800_rcs0.2_k8,35,balanced,0.7,0.043333333333333335,8,60,10,1.0,5120.0,8.533333333333335,0.7346791999880224,0.0,0,0
d800_rcs0.2_k8,35,robust,0.7,0.06,8,60,10,1.0,5120.0,8.533333333333335,7.141334500047378,0.0,0,0
d800_rcs0.2_k8,36,v1,0.6,0.056666666666666664,8,45,10,1.0,5120.0,8.533333333333335,4.75507969991304,0.0,0,0
d800_rcs0.2_k8,36,joint,0.6,0.05333333333333334,8,45,10,1.0,5120.0,8.533333333333335,4.961354800034314,0.005267949027082608,496,1
d800_rcs0.2_k8,36,balanced,0.5,0.05333333333333334,8,60,10,1.0,5120.0,8.533333333333335,0.8365231999196112,0.0,0,0
d800_rcs0.2_k8,36,robust,0.7,0.06333333333333334,8,56,10,1.0,5120.0,8.533333333333335,5.447764200042002,0.0,0,0
d800_rcs0.2_k8,37,v1,0.8,0.06666666666666667,8,30,10,0.9666666666666667,5120.0,8.533333333333335,2.3850830000592396,0.0,0,0
d800_rcs0.2_k8,37,joint,0.8,0.07,8,30,10,0.9333333333333333,5120.0,8.533333333333335,2.5614959000376984,0.003178981817118842,471,2
d800_rcs0.2_k8,37,balanced,0.8,0.05333333333333334,8,60,10,0.9833333333333333,5120.0,8.533333333333335,0.6980205000145361,0.0,0,0
d800_rcs0.2_k8,37,robust,0.8,0.06333333333333334,8,60,10,0.9833333333333333,5120.0,8.533333333333335,5.91459629999008,0.0,0,0
d800_rcs0.2_k8,38,v1,0.5,0.06333333333333334,7,33,10,1.0,4480.0,7.466666666666669,3.8177742999978364,0.0,0,0
d800_rcs0.2_k8,38,joint,0.5,0.06,3,35,10,1.0,1920.0,3.2,4.22301229997538,0.34499301514343195,1042,3
d800_rcs0.2_k8,38,balanced,0.7,0.05333333333333334,8,60,10,1.0,5120.0,8.533333333333335,0.8950282000005245,0.0,0,0
d800_rcs0.2_k8,38,robust,0.6,0.056666666666666664,8,51,10,1.0,5120.0,8.533333333333335,5.546771600027569,0.0,0,0
d800_rcs0.2_k8,39,v1,0.8,0.04666666666666667,8,41,10,1.0,5120.0,8.533333333333335,3.9286121000768617,0.0,0,0
d800_rcs0.2_k8,39,joint,0.8,0.04666666666666667,8,41,10,1.0,5120.0,8.533333333333335,4.100157200125977,0.0,457,0
d800_rcs0.2_k8,39,balanced,0.8,0.03333333333333333,8,60,10,1.0,5120.0,8.533333333333335,0.7088849999709055,0.0,0,0
d800_rcs0.2_k8,39,robust,0.6,0.03333333333333333,8,55,10,1.0,5120.0,8.533333333333335,6.085677900002338,0.0,0,0
d800_rcs0.2_k8,40,v1,0.7,0.07333333333333333,7,29,10,1.0,4480.0,7.466666666666669,2.9575608000159264,0.0,0,0
d800_rcs0.2_k8,40,joint,0.7,0.07333333333333333,7,29,10,1.0,4480.0,7.466666666666669,3.231206100084819,0.0042943871187326454,759,1
d800_rcs0.2_k8,40,balanced,0.8,0.03,8,60,10,0.9666666666666667,5120.0,8.533333333333335,0.7926931999390945,0.0,0,0
d800_rcs0.2_k8,40,robust,0.8,0.04,8,58,10,0.9655172413793104,5120.0,8.533333333333335,6.307725999969989,0.0,0,0
d800_rcs0.2_k8,41,v1,0.7,0.06333333333333334,8,33,10,1.0,5120.0,8.533333333333335,3.5053286000620574,0.0,0,0
d800_rcs0.2_k8,41,joint,0.7,0.06333333333333334,8,33,10,1.0,5120.0,8.533333333333335,3.6498624000232667,0.0,424,0
d800_rcs0.2_k8,41,balanced,0.8,0.06333333333333334,8,60,10,1.0,5120.0,8.533333333333335,0.8173629000084475,0.0,0,0
d800_rcs0.2_k8,41,robust,0.8,0.06666666666666667,8,60,10,1.0,5120.0,8.533333333333335,6.547902600024827,0.0,0,0
d800_rcs0.2_k8,42,v1,0.7,0.05333333333333334,3,39,10,1.0,1920.0,3.2,4.622359700035304,0.0,0,0
d800_rcs0.2_k8,42,joint,0.7,0.056666666666666664,8,39,10,1.0,5120.0,8.533333333333335,4.84379179996904,0.1257346780682218,562,2
d800_rcs0.2_k8,42,balanced,0.9,0.056666666666666664,8,60,10,1.0,5120.0,8.533333333333335,0.8362342000473291,0.0,0,0
d800_rcs0.2_k8,42,robust,0.9,0.056666666666666664,8,60,10,1.0,5120.0,8.533333333333335,7.1266426999354735,0.0,0,0
d800_rcs0.2_k8,43,v1,0.4,0.03666666666666667,8,40,10,0.85,5120.0,8.533333333333335,4.731375899980776,0.0,0,0
d800_rcs0.2_k8,43,joint,0.4,0.03666666666666667,8,40,10,0.85,5120.0,8.533333333333335,4.876119899912737,0.0,426,0
d800_rcs0.2_k8,43,balanced,0.7,0.05333333333333334,8,60,10,0.9166666666666666,5120.0,8.533333333333335,0.8819647000636905,0.0,0,0
d800_rcs0.2_k8,43,robust,0.7,0.05,8,60,10,0.9166666666666666,5120.0,8.533333333333335,7.2336253999965265,0.0,0,0
d800_rcs0.2_k8,44,v1,0.8,0.06,8,46,10,1.0,5120.0,8.533333333333335,5.07012869999744,0.0,0,0
d800_rcs0.2_k8,44,joint,0.8,0.06,8,46,10,1.0,5120.0,8.533333333333335,5.231266400078312,0.0,474,0
d800_rcs0.2_k8,44,balanced,1.0,0.056666666666666664,8,60,10,1.0,5120.0,8.533333333333335,0.7869023999664932,0.0,0,0
d800_rcs0.2_k8,44,robust,0.8,0.043333333333333335,8,55,10,1.0,5120.0,8.533333333333335,5.313091199961491,0.0,0,0
d800_rcs0.2_k8,45,v1,0.5,0.06666666666666667,8,36,10,0.9722222222222222,5120.0,8.533333333333335,3.976362399989739,0.0,0,0
d800_rcs0.2_k8,45,joint,0.5,0.08,2,30,10,1.0,1280.0,2.1333333333333333,4.475592400063761,0.7572794422427045,1284,9
d800_rcs0.2_k8,45,balanced,0.7,0.056666666666666664,8,60,10,0.95,5120.0,8.533333333333335,0.8318203999660909,0.0,0,0
d800_rcs0.2_k8,45,robust,0.6,0.05,8,55,10,0.9454545454545454,5120.0,8.533333333333335,5.648940000100993,0.0,0,0
d800_rcs0.2_k8,46,v1,0.5,0.03,8,45,10,0.9777777777777777,5120.0,8.533333333333335,4.458112200023606,0.0,0,0
d800_rcs0.2_k8,46,joint,0.5,0.03666666666666667,6,41,10,0.975609756097561,3840.0,6.400000000000001,4.804470100090839,0.09087645989420357,877,7
d800_rcs0.2_k8,46,balanced,0.6,0.043333333333333335,8,60,10,0.9166666666666666,5120.0,8.533333333333335,0.7490937999682501,0.0,0,0
d800_rcs0.2_k8,46,robust,0.5,0.043333333333333335,8,55,10,0.9272727272727272,5120.0,8.533333333333335,5.157228600000963,0.0,0,0
d800_rcs0.2_k8,47,v1,0.8,0.06666666666666667,7,36,10,1.0,4480.0,7.466666666666669,3.736234499956481,0.0,0,0
d800_rcs0.2_k8,47,joint,0.8,0.06666666666666667,4,37,10,1.0,2560.0,4.266666666666667,4.106852900004014,0.013082383506543338,960,3
d800_rcs0.2_k8,47,balanced,0.8,0.05333333333333334,8,60,10,1.0,5120.0,8.533333333333335,0.8365225999150425,0.0,0,0
d800_rcs0.2_k8,47,robust,0.7,0.056666666666666664,8,55,10,1.0,5120.0,8.533333333333335,5.811106700100936,0.0,0,0
d800_rcs0.2_k8,48,v1,0.7,0.04,5,22,10,0.9545454545454546,3200.0,5.333333333333334,2.538709399988875,0.0,0,0
d800_rcs0.2_k8,48,joint,0.7,0.04,5,22,10,0.9545454545454546,3200.0,5.333333333333334,2.7836638999870047,0.0,807,0
d800_rcs0.2_k8,48,balanced,1.0,0.03333333333333333,8,60,10,0.9666666666666667,5120.0,8.533333333333335,0.8344985999865457,0.0,0,0
d800_rcs0.2_k8,48,robust,1.0,0.043333333333333335,8,60,10,0.9833333333333333,5120.0,8.533333333333335,6.982103699934669,0.0,0,0
d800_rcs0.2_k8,49,v1,0.7,0.05333333333333334,8,27,10,1.0,5120.0,8.533333333333335,2.6549253000412136,0.0,0,0
d800_rcs0.2_k8,49,joint,0.7,0.05333333333333334,7,26,10,1.0,4480.0,7.466666666666669,2.921466400148347,0.019785679402978207,732,4
d800_rcs0.2_k8,49,balanced,0.7,0.06,8,60,10,0.95,5120.0,8.533333333333335,0.7380321000237018,0.0,0,0
d800_rcs0.2_k8,49,robust,0.7,0.06,8,60,10,0.9333333333333333,5120.0,8.533333333333335,6.177319599897601,0.0,0,0
d800_rcs0.2_k8,50,v1,1.0,0.04666666666666667,8,34,10,1.0,5120.0,8.533333333333335,3.49967559997458,0.0,0,0
d800_rcs0.2_k8,50,joint,1.0,0.04666666666666667,8,34,10,1.0,5120.0,8.533333333333335,3.721517199999653,0.0999406555535094,674,4
d800_rcs0.2_k8,50,balanced,1.0,0.04,8,60,10,1.0,5120.0,8.533333333333335,0.7532252001110464,0.0,0,0
d800_rcs0.2_k8,50,robust,1.0,0.03333333333333333,8,60,10,1.0,5120.0,8.533333333333335,6.252001999993809,0.0,0,0
d800_rcs0.2_k8,51,v1,0.4,0.06333333333333334,8,55,10,1.0,5120.0,8.533333333333335,6.131166999926791,0.0,0,0
d800_rcs0.2_k8,51,joint,0.4,0.06333333333333334,8,55,10,1.0,5120.0,8.533333333333335,6.306709499913268,0.0,471,0
d800_rcs0.2_k8,51,balanced,0.3,0.056666666666666664,8,60,10,1.0,5120.0,8.533333333333335,0.9099375000223517,0.0,0,0
d800_rcs0.2_k8,51,robust,0.4,0.056666666666666664,8,50,10,1.0,5120.0,8.533333333333335,5.11819700000342,0.0,0,0
d800_rcs0.2_k8,52,v1,0.7,0.06,8,43,10,1.0,5120.0,8.533333333333335,4.290632499963976,0.0,0,0
d800_rcs0.2_k8,52,joint,0.7,0.056666666666666664,8,44,10,1.0,5120.0,8.533333333333335,4.5295753999380395,0.10533858650975159,666,5
d800_rcs0.2_k8,52,balanced,0.8,0.06,8,60,10,1.0,5120.0,8.533333333333335,0.6799245000584051,0.0,0,0
d800_rcs0.2_k8,52,robust,0.8,0.04666666666666667,8,60,10,1.0,5120.0,8.533333333333335,6.0553371999412775,0.0,0,0
d800_rcs0.2_k8,53,v1,0.9,0.06333333333333334,4,19,10,1.0,2560.0,4.266666666666667,2.0156721000093967,0.0,0,0
d800_rcs0.2_k8,53,joint,0.9,0.05333333333333334,4,19,10,1.0,2560.0,4.266666666666667,2.278808700037189,0.08352681528841277,890,3
d800_rcs0.2_k8,53,balanced,0.7,0.056666666666666664,8,60,10,1.0,5120.0,8.533333333333335,0.7453258999157697,0.0,0,0
d800_rcs0.2_k8,53,robust,0.9,0.056666666666666664,8,60,10,1.0,5120.0,8.533333333333335,6.255017600022256,0.0,0,0
d800_rcs0.2_k8,54,v1,0.9,0.05333333333333334,4,29,10,1.0,2560.0,4.266666666666667,3.020695499959402,0.0,0,0
d800_rcs0.2_k8,54,joint,0.9,0.05333333333333334,4,29,10,1.0,2560.0,4.266666666666667,3.3317346000112593,0.0,906,0
d800_rcs0.2_k8,54,balanced,0.9,0.056666666666666664,8,60,10,1.0,5120.0,8.533333333333335,0.7495962999528274,0.0,0,0
d800_rcs0.2_k8,54,robust,0.9,0.05,8,60,10,1.0,5120.0,8.533333333333335,6.769122999976389,0.0,0,0
d800_rcs0.2_k8,55,v1,0.8,0.06333333333333334,8,50,10,0.98,5120.0,8.533333333333335,6.091882699984126,0.0,0,0
d800_rcs0.2_k8,55,joint,0.8,0.06333333333333334,8,50,10,0.98,5120.0,8.533333333333335,6.260314500075765,0.0,453,0
d800_rcs0.2_k8,55,balanced,0.6,0.07333333333333333,8,60,10,0.95,5120.0,8.533333333333335,0.9341706999111921,0.0,0,0
d800_rcs0.2_k8,55,robust,0.6,0.06333333333333334,8,46,10,0.9130434782608695,5120.0,8.533333333333335,4.875912100076675,0.0,0,0
d800_rcs0.2_k8,56,v1,0.9,0.05,8,35,10,0.9142857142857143,5120.0,8.533333333333335,4.103020700043999,0.0,0,0
d800_rcs0.2_k8,56,joint,0.9,0.05,5,32,10,0.9375,3200.0,5.333333333333334,4.468799399910495,0.13432569540030292,956,6
d800_rcs0.2_k8,56,balanced,0.8,0.06333333333333334,8,60,10,0.95,5120.0,8.533333333333335,0.8426271000644192,0.0,0,0
d800_rcs0.2_k8,56,robust,0.8,0.06,8,58,10,0.9482758620689655,5120.0,8.533333333333335,7.123264299938455,0.0,0,0
d800_rcs0.2_k8,57,v1,0.6,0.03,8,43,10,1.0,5120.0,8.533333333333335,5.178305099951103,0.0,0,0
d800_rcs0.2_k8,57,joint,0.6,0.03,6,45,10,1.0,3840.0,6.400000000000001,5.503865799866617,0.010155185882241513,851,4
d800_rcs0.2_k8,57,balanced,0.6,0.04666666666666667,8,60,10,1.0,5120.0,8.533333333333335,0.8155177000444382,0.0,0,0
d800_rcs0.2_k8,57,robust,0.6,0.023333333333333334,8,55,10,1.0,5120.0,8.533333333333335,5.665184000041336,0.0,0,0
d800_rcs0.2_k8,58,v1,0.5,0.05333333333333334,8,21,10,1.0,5120.0,8.533333333333335,2.3187160999514163,0.0,0,0
d800_rcs0.2_k8,58,joint,0.5,0.05333333333333334,7,23,10,1.0,4480.0,7.466666666666669,2.590953200007789,0.28320450046715273,753,5
d800_rcs0.2_k8,58,balanced,0.7,0.06,8,60,10,1.0,5120.0,8.533333333333335,0.9674514000071213,0.0,0,0
d800_rcs0.2_k8,58,robust,0.7,0.056666666666666664,8,50,10,1.0,5120.0,8.533333333333335,6.317906699958257,0.0,0,0
d800_rcs0.2_k8,59,v1,0.6,0.05333333333333334,7,38,10,1.0,4480.0,7.466666666666669,4.812729600002058,0.0,0,0
d800_rcs0.2_k8,59,joint,0.6,0.05333333333333334,6,39,10,1.0,3840.0,6.400000000000001,5.109101100009866,0.005333333333333634,834,2
d800_rcs0.2_k8,59,balanced,0.8,0.056666666666666664,8,60,10,1.0,5120.0,8.533333333333335,0.8328720000572503,0.0,0,0
d800_rcs0.2_k8,59,robust,0.8,0.043333333333333335,8,60,10,1.0,5120.0,8.533333333333335,6.687162399990484,0.0,0,0
d800_rcs0.2_k8,60,v1,0.6,0.03333333333333333,8,36,10,1.0,5120.0,8.533333333333335,3.9357003000332043,0.0,0,0
d800_rcs0.2_k8,60,joint,0.6,0.04666666666666667,7,38,10,1.0,4480.0,7.466666666666669,4.222760300152004,0.02830131412913095,768,5
d800_rcs0.2_k8,60,balanced,0.8,0.07,8,60,10,1.0,5120.0,8.533333333333335,0.8333207999821752,0.0,0,0
d800_rcs0.2_k8,60,robust,0.8,0.07333333333333333,8,55,10,1.0,5120.0,8.533333333333335,5.767147599952295,0.0,0,0
d800_rcs0.2_k8,61,v1,0.7,0.02,8,27,10,1.0,5120.0,8.533333333333335,2.6927472000243142,0.0,0,0
d800_rcs0.2_k8,61,joint,0.7,0.02,2,29,10,1.0,1280.0,2.1333333333333333,3.0063887999858707,0.10724323596943097,880,3
d800_rcs0.2_k8,61,balanced,0.8,0.043333333333333335,8,60,10,0.9833333333333333,5120.0,8.533333333333335,0.8422088000224903,0.0,0,0
d800_rcs0.2_k8,61,robust,0.7,0.043333333333333335,8,45,10,1.0,5120.0,8.533333333333335,4.383341699955054,0.0,0,0
d800_rcs0.2_k8,62,v1,0.9,0.07,4,29,10,1.0,2560.0,4.266666666666667,3.0768417000072077,0.0,0,0
d800_rcs0.2_k8,62,joint,0.9,0.06,6,28,10,1.0,3840.0,6.400000000000001,3.5049194999737665,0.046362479690450265,1140,4
d800_rcs0.2_k8,62,balanced,0.9,0.043333333333333335,8,60,10,1.0,5120.0,8.533333333333335,0.7195436999900267,0.0,0,0
d800_rcs0.2_k8,62,robust,0.9,0.06666666666666667,8,60,10,1.0,5120.0,8.533333333333335,6.374910700018518,0.0,0,0
d800_rcs0.2_k8,63,v1,0.3,0.04666666666666667,8,40,10,1.0,5120.0,8.533333333333335,4.32957429997623,0.0,0,0
d800_rcs0.2_k8,63,joint,0.3,0.05,8,41,10,1.0,5120.0,8.533333333333335,4.526534899952821,0.05760802769579243,509,3
d800_rcs0.2_k8,63,balanced,0.3,0.03666666666666667,8,60,10,1.0,5120.0,8.533333333333335,0.8890934999799356,0.0,0,0
d800_rcs0.2_k8,63,robust,0.3,0.056666666666666664,8,35,10,1.0,5120.0,8.533333333333335,3.1356574000092223,0.0,0,0
d800_rcs0.2_k8,64,v1,0.6,0.05,6,24,10,1.0,3840.0,6.400000000000001,2.762731399969198,0.0,0,0
d800_rcs0.2_k8,64,joint,0.6,0.04666666666666667,5,25,10,1.0,3200.0,5.333333333333334,3.163587399991229,0.1251903710578608,1025,5
d800_rcs0.2_k8,64,balanced,0.9,0.04,8,60,10,1.0,5120.0,8.533333333333335,0.8710771999321878,0.0,0,0
d800_rcs0.2_k8,64,robust,0.8,0.04,8,60,10,1.0,5120.0,8.533333333333335,7.1387824000557885,0.0,0,0
d800_rcs0.2_k8,65,v1,0.8,0.043333333333333335,5,29,10,1.0,3200.0,5.333333333333334,2.8724293999839574,0.0,0,0
d800_rcs0.2_k8,65,joint,0.8,0.04,3,30,10,1.0,1920.0,3.2,3.3153523000655696,0.008725133412330166,1136,3
d800_rcs0.2_k8,65,balanced,0.8,0.06333333333333334,8,60,10,1.0,5120.0,8.533333333333335,0.7249484999338165,0.0,0,0
d800_rcs0.2_k8,65,robust,0.8,0.06,8,60,10,1.0,5120.0,8.533333333333335,6.807006199960597,0.0,0,0
d800_rcs0.2_k8,66,v1,0.7,0.06333333333333334,6,24,10,0.9583333333333334,3840.0,6.400000000000001,2.955551499966532,0.0,0,0
d800_rcs0.2_k8,66,joint,0.7,0.056666666666666664,5,25,10,0.96,3200.0,5.333333333333334,3.2405018999706954,0.005110470238591569,937,2
d800_rcs0.2_k8,66,balanced,0.9,0.03666666666666667,8,60,10,0.9833333333333333,5120.0,8.533333333333335,0.796959700062871,0.0,0,0
d800_rcs0.2_k8,66,robust,0.9,0.05333333333333334,8,60,10,0.9833333333333333,5120.0,8.533333333333335,6.367688399972394,0.0,0,0
d800_rcs0.2_k8,67,v1,0.6,0.05333333333333334,7,32,10,0.96875,4480.0,7.466666666666669,2.7121249999618158,0.0,0,0
d800_rcs0.2_k8,67,joint,0.8,0.043333333333333335,4,25,10,0.92,2560.0,4.266666666666667,3.0531027000397444,0.8786415255909152,992,5
d800_rcs0.2_k8,67,balanced,0.7,0.05,8,60,10,0.95,5120.0,8.533333333333335,0.7386821999680251,0.0,0,0
d800_rcs0.2_k8,67,robust,0.7,0.05333333333333334,8,60,10,0.9333333333333333,5120.0,8.533333333333335,6.2471554999938235,0.0,0,0
d800_rcs0.2_k8,68,v1,0.7,0.04666666666666667,1,22,10,1.0,640.0,1.0666666666666667,2.5278586000204086,0.0,0,0
d800_rcs0.2_k8,68,joint,0.7,0.04666666666666667,1,22,10,1.0,640.0,1.0666666666666667,2.7856068001128733,0.0,800,0
d800_rcs0.2_k8,68,balanced,0.8,0.04666666666666667,8,60,10,1.0,5120.0,8.533333333333335,0.7435509999049827,0.0,0,0
d800_rcs0.2_k8,68,robust,0.9,0.06333333333333334,8,60,10,1.0,5120.0,8.533333333333335,5.589092400041409,0.0,0,0
d800_rcs0.2_k8,69,v1,0.7,0.05333333333333334,8,47,10,0.9787234042553191,5120.0,8.533333333333335,4.8457088998984545,0.0,0,0
d800_rcs0.2_k8,69,joint,0.7,0.05333333333333334,8,47,10,0.9787234042553191,5120.0,8.533333333333335,5.016744899912737,0.0,496,0
d800_rcs0.2_k8,69,balanced,0.5,0.04666666666666667,8,60,10,0.9833333333333333,5120.0,8.533333333333335,0.8014843999408185,0.0,0,0
d800_rcs0.2_k8,69,robust,0.6,0.05,8,60,10,0.9833333333333333,5120.0,8.533333333333335,6.518402799963951,0.0,0,0
d800_rcs0.2_k8,70,v1,0.6,0.04,8,25,10,1.0,5120.0,8.533333333333335,2.993782200035639,0.0,0,0
d800_rcs0.2_k8,70,joint,0.6,0.043333333333333335,7,26,10,1.0,4480.0,7.466666666666669,3.2580560999922454,0.005333333333333329,782,2
d800_rcs0.2_k8,70,balanced,0.7,0.05,8,60,10,0.9833333333333333,5120.0,8.533333333333335,0.9363956999732181,0.0,0,0
d800_rcs0.2_k8,70,robust,0.8,0.04,8,55,10,0.9818181818181818,5120.0,8.533333333333335,6.080821100040339,0.0,0,0
d800_rcs0.2_k8,71,v1,0.9,0.05333333333333334,8,36,10,1.0,5120.0,8.533333333333335,4.568404700024985,0.0,0,0
d800_rcs0.2_k8,71,joint,0.9,0.05,6,36,10,1.0,3840.0,6.400000000000001,4.818553699995391,0.0035977640471972494,704,1
d800_rcs0.2_k8,71,balanced,1.0,0.05,8,60,10,1.0,5120.0,8.533333333333335,1.1782823000103235,0.0,0,0
d800_rcs0.2_k8,71,robust,0.9,0.07,8,60,10,1.0,5120.0,8.533333333333335,8.364002700080164,0.0,0,0
d800_rcs0.2_k8,72,v1,0.9,0.04666666666666667,8,48,10,0.8958333333333334,5120.0,8.533333333333335,5.410077500040643,0.0,0,0
d800_rcs0.2_k8,72,joint,0.9,0.043333333333333335,8,49,10,0.8775510204081632,5120.0,8.533333333333335,5.645876600057818,0.017242414937909456,577,4
d800_rcs0.2_k8,72,balanced,0.9,0.056666666666666664,8,60,10,0.9,5120.0,8.533333333333335,0.8680755998939276,0.0,0,0
d800_rcs0.2_k8,72,robust,0.9,0.05333333333333334,8,60,10,0.9166666666666666,5120.0,8.533333333333335,7.040389400091954,0.0,0,0
d800_rcs0.2_k8,73,v1,0.9,0.03333333333333333,5,29,10,1.0,3200.0,5.333333333333334,2.953023000038229,0.0,0,0
d800_rcs0.2_k8,73,joint,0.9,0.03333333333333333,4,29,10,1.0,2560.0,4.266666666666667,3.297101099975407,0.00533333333333319,941,1
d800_rcs0.2_k8,73,balanced,0.7,0.03333333333333333,8,60,10,0.9666666666666667,5120.0,8.533333333333335,0.8050400000065565,0.0,0,0
d800_rcs0.2_k8,73,robust,0.7,0.03,8,60,10,0.9666666666666667,5120.0,8.533333333333335,6.701744000078179,0.0,0,0
d800_rcs0.2_k8,74,v1,0.5,0.043333333333333335,8,50,10,1.0,5120.0,8.533333333333335,5.865736600011587,0.0,0,0
d800_rcs0.2_k8,74,joint,0.5,0.043333333333333335,8,50,10,1.0,5120.0,8.533333333333335,6.030620800098404,0.0,449,0
d800_rcs0.2_k8,74,balanced,0.6,0.05333333333333334,8,60,10,1.0,5120.0,8.533333333333335,1.0375463999807835,0.0,0,0
d800_rcs0.2_k8,74,robust,0.7,0.04,8,50,10,1.0,5120.0,8.533333333333335,5.7963243999984115,0.0,0,0
d800_rcs0.2_k8,75,v1,0.1,0.04666666666666667,8,36,10,0.9444444444444444,5120.0,8.533333333333335,3.1466573999496177,0.0,0,0
d800_rcs0.2_k8,75,joint,0.1,0.04666666666666667,8,37,10,0.9459459459459459,5120.0,8.533333333333335,3.3900943000335246,0.07726052862747912,649,4
d800_rcs0.2_k8,75,balanced,0.4,0.02666666666666667,8,60,10,0.9833333333333333,5120.0,8.533333333333335,0.5907135000452399,0.0,0,0
d800_rcs0.2_k8,75,robust,0.4,0.05,8,51,10,0.9803921568627451,5120.0,8.533333333333335,4.320124999969266,0.0,0,0
d800_rcs0.2_k8,76,v1,0.7,0.03333333333333333,8,36,10,0.9722222222222222,5120.0,8.533333333333335,4.248804399976507,0.0,0,0
d800_rcs0.2_k8,76,joint,0.7,0.03333333333333333,8,36,10,0.9722222222222222,5120.0,8.533333333333335,4.391950299963355,0.0,405,0
d800_rcs0.2_k8,76,balanced,0.8,0.04,8,60,10,0.9333333333333333,5120.0,8.533333333333335,0.837172899977304,0.0,0,0
d800_rcs0.2_k8,76,robust,0.8,0.04,8,60,10,0.9333333333333333,5120.0,8.533333333333335,7.16270300000906,0.0,0,0
d800_rcs0.2_k8,77,v1,0.5,0.05333333333333334,8,40,10,1.0,5120.0,8.533333333333335,4.470802899915725,0.0,0,0
d800_rcs0.2_k8,77,joint,0.5,0.05,8,40,10,1.0,5120.0,8.533333333333335,4.665702100028284,0.007852587167054947,476,1
d800_rcs0.2_k8,77,balanced,0.5,0.04666666666666667,8,60,10,1.0,5120.0,8.533333333333335,0.6753231999464333,0.0,0,0
d800_rcs0.2_k8,77,robust,0.5,0.043333333333333335,8,60,10,1.0,5120.0,8.533333333333335,6.514421600033529,0.0,0,0
d800_rcs0.2_k8,78,v1,0.7,0.03666666666666667,8,35,10,1.0,5120.0,8.533333333333335,3.8614614999387413,0.0,0,0
d800_rcs0.2_k8,78,joint,0.7,0.03333333333333333,6,35,10,1.0,3840.0,6.400000000000001,4.165833699982613,0.009776367898651772,902,4
d800_rcs0.2_k8,78,balanced,0.9,0.04,8,60,10,1.0,5120.0,8.533333333333335,0.8230794999981299,0.0,0,0
d800_rcs0.2_k8,78,robust,0.8,0.05333333333333334,8,60,10,1.0,5120.0,8.533333333333335,6.71908579999581,0.0,0,0
d800_rcs0.2_k8,79,v1,0.7,0.07666666666666666,3,21,10,1.0,1920.0,3.2,1.984819300007075,0.0,0,0
d800_rcs0.2_k8,79,joint,0.7,0.07666666666666666,3,21,10,1.0,1920.0,3.2,2.2233426000457257,0.0,751,0
d800_rcs0.2_k8,79,balanced,0.9,0.06666666666666667,8,60,10,1.0,5120.0,8.533333333333335,0.7330344000365585,0.0,0,0
d800_rcs0.2_k8,79,robust,0.9,0.07,8,60,10,1.0,5120.0,8.533333333333335,6.45483099995181,0.0,0,0
d800_rcs0.2_k8,80,v1,0.8,0.056666666666666664,8,25,10,1.0,5120.0,8.533333333333335,2.2483913000905886,0.0,0,0
d800_rcs0.2_k8,80,joint,0.9,0.06,4,26,10,1.0,2560.0,4.266666666666667,2.612018199986778,0.1634870934421863,1017,4
d800_rcs0.2_k8,80,balanced,0.8,0.05,8,60,10,0.9333333333333333,5120.0,8.533333333333335,0.5968967999797314,0.0,0,0
d800_rcs0.2_k8,80,robust,0.7,0.03333333333333333,8,60,10,0.9333333333333333,5120.0,8.533333333333335,5.109749000053853,0.0,0,0
d800_rcs0.2_k8,81,v1,0.8,0.043333333333333335,8,40,10,1.0,5120.0,8.533333333333335,3.5405888000968844,0.0,0,0
d800_rcs0.2_k8,81,joint,0.7,0.04,6,32,10,1.0,3840.0,6.400000000000001,3.941516300314106,0.6145110733564395,998,7
d800_rcs0.2_k8,81,balanced,0.7,0.043333333333333335,8,60,10,1.0,5120.0,8.533333333333335,0.6106721000978723,0.0,0,0
d800_rcs0.2_k8,81,robust,0.6,0.04666666666666667,8,56,10,1.0,5120.0,8.533333333333335,4.711513899965212,0.0,0,0
d800_rcs0.2_k8,82,v1,0.8,0.06666666666666667,8,46,10,0.9782608695652174,5120.0,8.533333333333335,5.3222107999026775,0.0,0,0
d800_rcs0.2_k8,82,joint,0.8,0.06666666666666667,7,46,10,0.9782608695652174,4480.0,7.466666666666669,5.629949300084263,0.039832899631269236,752,3
d800_rcs0.2_k8,82,balanced,0.8,0.056666666666666664,8,60,10,1.0,5120.0,8.533333333333335,0.7315666999202222,0.0,0,0
d800_rcs0.2_k8,82,robust,0.6,0.056666666666666664,8,50,10,0.98,5120.0,8.533333333333335,4.771210800041445,0.0,0,0
d800_rcs0.2_k8,83,v1,0.8,0.06,8,50,10,0.96,5120.0,8.533333333333335,4.279310799902305,0.0,0,0
d800_rcs0.2_k8,83,joint,0.8,0.043333333333333335,8,46,10,0.9565217391304348,5120.0,8.533333333333335,4.565678299986757,0.8984578599000201,695,7
d800_rcs0.2_k8,83,balanced,0.7,0.04666666666666667,8,60,10,0.9666666666666667,5120.0,8.533333333333335,0.5609879000112414,0.0,0,0
d800_rcs0.2_k8,83,robust,0.7,0.05,8,55,10,1.0,5120.0,8.533333333333335,4.940068600000814,0.0,0,0
d800_rcs0.2_k8,84,v1,0.9,0.043333333333333335,7,29,10,1.0,4480.0,7.466666666666669,3.004463899997063,0.0,0,0
d800_rcs0.2_k8,84,joint,0.8,0.043333333333333335,7,29,10,1.0,4480.0,7.466666666666669,3.2564911999506876,0.033967372002305485,723,2
d800_rcs0.2_k8,84,balanced,0.8,0.023333333333333334,8,60,10,1.0,5120.0,8.533333333333335,0.7460255000041798,0.0,0,0
d800_rcs0.2_k8,84,robust,0.8,0.02666666666666667,8,60,10,1.0,5120.0,8.533333333333335,6.348871099995449,0.0,0,0
d800_rcs0.2_k8,85,v1,0.7,0.043333333333333335,8,46,10,1.0,5120.0,8.533333333333335,4.588260499993339,0.0,0,0
d800_rcs0.2_k8,85,joint,0.6,0.043333333333333335,8,38,10,1.0,5120.0,8.533333333333335,4.886552699957974,0.4662310689609893,754,6
d800_rcs0.2_k8,85,balanced,0.8,0.04,8,60,10,1.0,5120.0,8.533333333333335,0.7659525000490248,0.0,0,0
d800_rcs0.2_k8,85,robust,0.8,0.05333333333333334,8,60,10,1.0,5120.0,8.533333333333335,6.009559799917042,0.0,0,0
d800_rcs0.2_k8,86,v1,0.8,0.043333333333333335,8,44,10,1.0,5120.0,8.533333333333335,3.930687800049782,0.0,0,0
d800_rcs0.2_k8,86,joint,0.9,0.04666666666666667,5,41,10,1.0,3200.0,5.333333333333334,4.289979699999094,0.03772430950011385,937,9
d800_rcs0.2_k8,86,balanced,0.8,0.05333333333333334,8,60,10,1.0,5120.0,8.533333333333335,0.5974046000046656,0.0,0,0
d800_rcs0.2_k8,86,robust,0.7,0.04666666666666667,8,60,10,1.0,5120.0,8.533333333333335,5.4344909999053925,0.0,0,0
d800_rcs0.2_k8,87,v1,0.6,0.02666666666666667,6,32,10,1.0,3840.0,6.400000000000001,3.488075300003402,0.0,0,0
d800_rcs0.2_k8,87,joint,0.6,0.02666666666666667,6,32,10,1.0,3840.0,6.400000000000001,3.741692699957639,0.0,776,0
d800_rcs0.2_k8,87,balanced,0.7,0.03333333333333333,8,60,10,1.0,5120.0,8.533333333333335,0.8339416000526398,0.0,0,0
d800_rcs0.2_k8,87,robust,0.6,0.03333333333333333,8,60,10,0.9833333333333333,5120.0,8.533333333333335,6.85522469994612,0.0,0,0
d800_rcs0.2_k8,88,v1,0.9,0.056666666666666664,8,32,10,1.0,5120.0,8.533333333333335,3.2200881999451667,0.0,0,0
d800_rcs0.2_k8,88,joint,0.8,0.05,7,30,10,1.0,4480.0,7.466666666666669,3.589684800012037,0.2142266494455417,1039,5
d800_rcs0.2_k8,88,balanced,0.8,0.06333333333333334,8,60,10,1.0,5120.0,8.533333333333335,0.654327999916859,0.0,0,0
d800_rcs0.2_k8,88,robust,0.9,0.07,8,55,10,1.0,5120.0,8.533333333333335,5.393283099983819,0.0,0,0
d800_rcs0.2_k8,89,v1,0.5,0.04,8,55,10,1.0,5120.0,8.533333333333335,5.687764099915512,0.0,0,0
d800_rcs0.2_k8,89,joint,0.5,0.04,8,55,10,1.0,5120.0,8.533333333333335,5.856931500020437,0.0,460,0
d800_rcs0.2_k8,89,balanced,0.6,0.03666666666666667,8,60,10,1.0,5120.0,8.533333333333335,0.8568020999664441,0.0,0,0
d800_rcs0.2_k8,89,robust,0.6,0.03333333333333333,8,60,10,1.0,5120.0,8.533333333333335,6.924666599952616,0.0,0,0
d800_rcs0.2_k8,90,v1,0.8,0.07666666666666666,8,31,10,1.0,5120.0,8.533333333333335,3.2645272000227123,0.0,0,0
d800_rcs0.2_k8,90,joint,0.8,0.07666666666666666,7,31,10,1.0,4480.0,7.466666666666669,3.4788189999526367,0.06823859197090135,589,2
d800_rcs0.2_k8,90,balanced,0.7,0.06,8,60,10,0.9833333333333333,5120.0,8.533333333333335,0.8712771999416873,0.0,0,0
d800_rcs0.2_k8,90,robust,0.7,0.05333333333333334,8,55,10,0.9818181818181818,5120.0,8.533333333333335,7.158936600084417,0.0,0,0
d800_rcs0.2_k8,91,v1,0.6,0.03333333333333333,8,45,10,1.0,5120.0,8.533333333333335,4.206569300033152,0.0,0,0
d800_rcs0.2_k8,91,joint,0.4,0.03,8,45,10,1.0,5120.0,8.533333333333335,4.399644100107253,0.008227631652319267,488,2
d800_rcs0.2_k8,91,balanced,0.5,0.04,8,60,10,0.9666666666666667,5120.0,8.533333333333335,0.8215145999565721,0.0,0,0
d800_rcs0.2_k8,91,robust,0.7,0.02666666666666667,8,60,10,0.95,5120.0,8.533333333333335,6.396765099954791,0.0,0,0
d800_rcs0.2_k8,92,v1,0.5,0.06,8,45,10,1.0,5120.0,8.533333333333335,5.988756800070405,0.0,0,0
d800_rcs0.2_k8,92,joint,0.5,0.05,8,46,10,1.0,5120.0,8.533333333333335,6.219411600148305,0.009589282853867509,552,3
d800_rcs0.2_k8,92,balanced,0.9,0.06,8,60,10,1.0,5120.0,8.533333333333335,1.180133399902843,0.0,0,0
d800_rcs0.2_k8,92,robust,0.8,0.043333333333333335,8,55,10,1.0,5120.0,8.533333333333335,7.026774400030263,0.0,0,0
d800_rcs0.2_k8,93,v1,0.7,0.02666666666666667,8,41,10,0.8780487804878049,5120.0,8.533333333333335,4.182336300029419,0.0,0,0
d800_rcs0.2_k8,93,joint,0.8,0.03666666666666667,8,42,10,0.8809523809523809,5120.0,8.533333333333335,4.405983800068498,0.014418425374868371,556,3
d800_rcs0.2_k8,93,balanced,0.9,0.04666666666666667,8,60,10,0.9333333333333333,5120.0,8.533333333333335,0.8196288999170065,0.0,0,0
d800_rcs0.2_k8,93,robust,0.7,0.03666666666666667,8,60,10,0.9166666666666666,5120.0,8.533333333333335,7.056019700015895,0.0,0,0
d800_rcs0.2_k8,94,v1,0.8,0.06,8,42,10,1.0,5120.0,8.533333333333335,4.587473600055091,0.0,0,0
d800_rcs0.2_k8,94,joint,0.8,0.06,8,42,10,1.0,5120.0,8.533333333333335,4.749737300095148,0.0,436,0
d800_rcs0.2_k8,94,balanced,0.8,0.04,8,60,10,1.0,5120.0,8.533333333333335,0.8160791000118479,0.0,0,0
d800_rcs0.2_k8,94,robust,0.7,0.043333333333333335,8,60,10,1.0,5120.0,8.533333333333335,6.713116400060244,0.0,0,0
d800_rcs0.2_k8,95,v1,0.8,0.056666666666666664,8,46,10,0.9782608695652174,5120.0,8.533333333333335,3.865273499977775,0.0,0,0
d800_rcs0.2_k8,95,joint,0.8,0.056666666666666664,8,46,10,0.9782608695652174,5120.0,8.533333333333335,4.021555099985562,0.0,450,0
d800_rcs0.2_k8,95,balanced,0.8,0.06666666666666667,8,60,10,0.9833333333333333,5120.0,8.533333333333335,0.5121423000236973,0.0,0,0
d800_rcs0.2_k8,95,robust,0.8,0.05333333333333334,8,55,10,0.9818181818181818,5120.0,8.533333333333335,4.829027499887161,0.0,0,0
d800_rcs0.2_k8,96,v1,0.8,0.05,7,25,10,1.0,4480.0,7.466666666666669,2.757575900061056,0.0,0,0
d800_rcs0.2_k8,96,joint,0.8,0.05,7,25,10,1.0,4480.0,7.466666666666669,2.998865200090222,0.0004462533199183216,668,1
d800_rcs0.2_k8,96,balanced,0.9,0.05,8,60,10,0.9666666666666667,5120.0,8.533333333333335,0.9122154999058694,0.0,0,0
d800_rcs0.2_k8,96,robust,0.9,0.06,8,53,10,0.9811320754716981,5120.0,8.533333333333335,5.767423200071789,0.0,0,0
d800_rcs0.2_k8,97,v1,0.7,0.05333333333333334,8,29,10,0.9655172413793104,5120.0,8.533333333333335,3.0338140999665484,0.0,0,0
d800_rcs0.2_k8,97,joint,0.7,0.05333333333333334,8,29,10,0.9655172413793104,5120.0,8.533333333333335,3.1720088999718428,0.0,396,0
d800_rcs0.2_k8,97,balanced,0.8,0.06,8,60,10,0.9833333333333333,5120.0,8.533333333333335,0.9701745000202209,0.0,0,0
d800_rcs0.2_k8,97,robust,0.8,0.06333333333333334,8,60,10,0.9666666666666667,5120.0,8.533333333333335,6.900876500061713,0.0,0,0
d800_rcs0.2_k8,98,v1,0.5,0.03,7,30,10,1.0,4480.0,7.466666666666669,3.7796361000509933,0.0,0,0
d800_rcs0.2_k8,98,joint,0.5,0.03,6,30,10,1.0,3840.0,6.400000000000001,4.000542600057088,0.3684752321676861,664,2
d800_rcs0.2_k8,98,balanced,0.9,0.043333333333333335,8,60,10,1.0,5120.0,8.533333333333335,0.8934933999553323,0.0,0,0
d800_rcs0.2_k8,98,robust,0.9,0.04666666666666667,8,60,10,1.0,5120.0,8.533333333333335,6.948139699990861,0.0,0,0
d800_rcs0.2_k8,99,v1,1.0,0.06333333333333334,8,27,10,1.0,5120.0,8.533333333333335,2.9727844999870285,0.0,0,0
d800_rcs0.2_k8,99,joint,1.0,0.06333333333333334,8,27,10,1.0,5120.0,8.533333333333335,3.135748399887234,1.9558576980216458e-11,410,1
d800_rcs0.2_k8,99,balanced,0.9,0.043333333333333335,8,60,10,1.0,5120.0,8.533333333333335,0.943238600040786,0.0,0,0
d800_rcs0.2_k8,99,robust,0.9,0.03666666666666667,8,60,10,1.0,5120.0,8.533333333333335,7.780008199973963,0.0,0,0
d1000_rcs0.2_k8,0,v1,0.8,0.04,6,37,10,1.0,3840.0,6.400000000000001,3.9698357000015676,0.0,0,0
d1000_rcs0.2_k8,0,joint,0.8,0.04666666666666667,7,33,10,1.0,4480.0,7.466666666666669,4.302032099920325,0.4102349144690627,840,3
d1000_rcs0.2_k8,0,balanced,0.9,0.05,8,60,10,1.0,5120.0,8.533333333333335,0.6921506999060512,0.0,0,0
d1000_rcs0.2_k8,0,robust,0.9,0.05,8,60,10,1.0,5120.0,8.533333333333335,5.83748700004071,0.0,0,0
d1000_rcs0.2_k8,1,v1,0.8,0.016666666666666666,8,49,10,1.0,5120.0,8.533333333333335,4.5309419999830425,0.0,0,0
d1000_rcs0.2_k8,1,joint,0.8,0.016666666666666666,8,50,10,0.98,5120.0,8.533333333333335,4.733742699958384,0.006010115417394601,534,3
d1000_rcs0.2_k8,1,balanced,0.8,0.03666666666666667,8,60,10,0.95,5120.0,8.533333333333335,0.5873904000036418,0.0,0,0
d1000_rcs0.2_k8,1,robust,0.8,0.02666666666666667,8,60,10,0.9666666666666667,5120.0,8.533333333333335,5.846688900026493,0.0,0,0
d1000_rcs0.2_k8,2,v1,0.5,0.05,8,30,10,1.0,5120.0,8.533333333333335,2.9821225999621674,0.0,0,0
d1000_rcs0.2_k8,2,joint,0.5,0.04,6,30,10,1.0,3840.0,6.400000000000001,3.2902495998423547,0.022130786268529157,831,3
d1000_rcs0.2_k8,2,balanced,0.7,0.043333333333333335,8,60,10,1.0,5120.0,8.533333333333335,0.8676574000855908,0.0,0,0
d1000_rcs0.2_k8,2,robust,0.7,0.06333333333333334,8,60,10,1.0,5120.0,8.533333333333335,6.904422499937937,0.0,0,0
d1000_rcs0.2_k8,3,v1,0.2,0.07333333333333333,8,41,10,1.0,5120.0,8.533333333333335,4.427282999968156,0.0,0,0
d1000_rcs0.2_k8,3,joint,0.4,0.07666666666666666,7,33,10,1.0,4480.0,7.466666666666669,4.738377099856734,0.26680851487063023,807,5
d1000_rcs0.2_k8,3,balanced,0.5,0.06,8,60,10,0.9666666666666667,5120.0,8.533333333333335,0.7572454999899492,0.0,0,0
d1000_rcs0.2_k8,3,robust,0.5,0.07333333333333333,8,58,10,0.9655172413793104,5120.0,8.533333333333335,6.014825800084509,0.0,0,0
d1000_rcs0.2_k8,4,v1,0.8,0.05333333333333334,6,40,10,1.0,3840.0,6.400000000000001,3.8311013999627903,0.0,0,0
d1000_rcs0.2_k8,4,joint,0.8,0.05333333333333334,5,40,10,1.0,3200.0,5.333333333333334,4.124704399961047,0.006807963178335985,779,1
d1000_rcs0.2_k8,4,balanced,0.7,0.05333333333333334,8,60,10,1.0,5120.0,8.533333333333335,0.735292199999094,0.0,0,0
d1000_rcs0.2_k8,4,robust,0.8,0.05,8,55,10,1.0,5120.0,8.533333333333335,5.301696000038646,0.0,0,0
d1000_rcs0.2_k8,5,v1,0.5,0.04666666666666667,8,52,10,1.0,5120.0,8.533333333333335,5.605250699911267,0.0,0,0
d1000_rcs0.2_k8,5,joint,0.5,0.043333333333333335,8,48,10,1.0,5120.0,8.533333333333335,5.809318499872461,0.14648395410855541,515,4
d1000_rcs0.2_k8,5,balanced,0.8,0.06,8,60,10,1.0,5120.0,8.533333333333335,0.8625812999671325,0.0,0,0
d1000_rcs0.2_k8,5,robust,0.8,0.04,8,55,10,1.0,5120.0,8.533333333333335,5.821551500004716,0.0,0,0
d1000_rcs0.2_k8,6,v1,0.4,0.06,8,38,10,0.868421052631579,5120.0,8.533333333333335,3.603369800024666,0.0,0,0
d1000_rcs0.2_k8,6,joint,0.4,0.056666666666666664,8,39,10,0.8717948717948718,5120.0,8.533333333333335,3.7974228999810293,0.036816416938734386,500,3
d1000_rcs0.2_k8,6,balanced,0.6,0.056666666666666664,8,60,10,0.9333333333333333,5120.0,8.533333333333335,0.6451021999819204,0.0,0,0
d1000_rcs0.2_k8,6,robust,0.6,0.05333333333333334,8,60,10,0.9333333333333333,5120.0,8.533333333333335,5.993190599954687,0.0,0,0
d1000_rcs0.2_k8,7,v1,0.6,0.04,4,24,10,0.875,2560.0,4.266666666666667,3.0242810000199825,0.0,0,0
d1000_rcs0.2_k8,7,joint,0.7,0.04666666666666667,3,25,10,0.88,1920.0,3.2,3.3776539999525994,0.005234771006903838,1011,2
d1000_rcs0.2_k8,7,balanced,0.9,0.05333333333333334,8,60,10,0.9333333333333333,5120.0,8.533333333333335,0.8530419999733567,0.0,0,0
d1000_rcs0.2_k8,7,robust,0.9,0.04666666666666667,8,60,10,0.9166666666666666,5120.0,8.533333333333335,6.783574200002477,0.0,0,0
d1000_rcs0.2_k8,8,v1,0.4,0.03666666666666667,8,36,10,0.9722222222222222,5120.0,8.533333333333335,3.6717509999871254,0.0,0,0
d1000_rcs0.2_k8,8,joint,0.4,0.03666666666666667,8,29,10,0.9310344827586207,5120.0,8.533333333333335,3.9585023999679834,0.17451475506258163,837,5
d1000_rcs0.2_k8,8,balanced,0.6,0.03666666666666667,8,60,10,0.9666666666666667,5120.0,8.533333333333335,0.5806906999787316,0.0,0,0
d1000_rcs0.2_k8,8,robust,0.6,0.03333333333333333,8,60,10,0.9666666666666667,5120.0,8.533333333333335,5.239639100036584,0.0,0,0
d1000_rcs0.2_k8,9,v1,0.5,0.06333333333333334,8,50,10,1.0,5120.0,8.533333333333335,4.724163899896666,0.0,0,0
d1000_rcs0.2_k8,9,joint,0.4,0.06666666666666667,8,51,10,1.0,5120.0,8.533333333333335,4.988740699947812,0.13592717426390166,637,6
d1000_rcs0.2_k8,9,balanced,0.6,0.06333333333333334,8,60,10,1.0,5120.0,8.533333333333335,0.7551878999220207,0.0,0,0
d1000_rcs0.2_k8,9,robust,0.6,0.05,8,55,10,1.0,5120.0,8.533333333333335,5.4124412999954075,0.0,0,0
d1000_rcs0.2_k8,10,v1,0.8,0.07666666666666666,5,35,10,1.0,3200.0,5.333333333333334,5.123543899971992,0.0,0,0
d1000_rcs0.2_k8,10,joint,0.8,0.07666666666666666,5,35,10,1.0,3200.0,5.333333333333334,5.408010400016792,0.0,812,0
d1000_rcs0.2_k8,10,balanced,0.9,0.07333333333333333,8,60,10,1.0,5120.0,8.533333333333335,0.9928325999062508,0.0,0,0
d1000_rcs0.2_k8,10,robust,0.8,0.08666666666666667,8,60,10,1.0,5120.0,8.533333333333335,7.771904300083406,0.0,0,0
d1000_rcs0.2_k8,11,v1,1.0,0.06333333333333334,3,33,10,1.0,1920.0,3.2,4.763727499986999,0.0,0,0
d1000_rcs0.2_k8,11,joint,1.0,0.07333333333333333,2,34,10,1.0,1280.0,2.1333333333333333,5.081403900054283,0.005333333333333412,888,2
d1000_rcs0.2_k8,11,balanced,1.0,0.06333333333333334,8,60,10,1.0,5120.0,8.533333333333335,1.083133599953726,0.0,0,0
d1000_rcs0.2_k8,11,robust,0.9,0.05333333333333334,8,60,10,1.0,5120.0,8.533333333333335,7.994430899969302,0.0,0,0
d1000_rcs0.2_k8,12,v1,0.5,0.07666666666666666,8,39,10,1.0,5120.0,8.533333333333335,4.95896790002007,0.0,0,0
d1000_rcs0.2_k8,12,joint,0.4,0.06,7,39,10,1.0,4480.0,7.466666666666669,5.21086320001632,0.2549785394670603,654,4
d1000_rcs0.2_k8,12,balanced,0.7,0.06666666666666667,8,60,10,1.0,5120.0,8.533333333333335,0.9405360000673681,0.0,0,0
d1000_rcs0.2_k8,12,robust,0.7,0.06666666666666667,8,60,10,1.0,5120.0,8.533333333333335,7.866146499989554,0.0,0,0
d1000_rcs0.2_k8,13,v1,0.6,0.05,8,41,10,1.0,5120.0,8.533333333333335,4.254645499982871,0.0,0,0
d1000_rcs0.2_k8,13,joint,0.7,0.043333333333333335,8,37,10,1.0,5120.0,8.533333333333335,4.466518900007941,0.23025116466606405,567,4
d1000_rcs0.2_k8,13,balanced,0.7,0.043333333333333335,8,60,10,1.0,5120.0,8.533333333333335,0.694675000035204,0.0,0,0
d1000_rcs0.2_k8,13,robust,0.7,0.05333333333333334,8,55,10,1.0,5120.0,8.533333333333335,5.401594099937938,0.0,0,0
d1000_rcs0.2_k8,14,v1,0.6,0.043333333333333335,3,38,10,0.9736842105263158,1920.0,3.2,4.830203499994241,0.0,0,0
d1000_rcs0.2_k8,14,joint,0.5,0.043333333333333335,7,38,10,0.9736842105263158,4480.0,7.466666666666669,5.0617626999737695,0.018646945119668912,639,2
d1000_rcs0.2_k8,14,balanced,0.8,0.04,8,60,10,0.9666666666666667,5120.0,8.533333333333335,0.8868620999855921,0.0,0,0
d1000_rcs0.2_k8,14,robust,0.8,0.04,8,60,10,0.9833333333333333,5120.0,8.533333333333335,7.308248299988918,0.0,0,0
d1000_rcs0.2_k8,15,v1,0.8,0.043333333333333335,8,34,10,1.0,5120.0,8.533333333333335,4.667833199957386,0.0,0,0
d1000_rcs0.2_k8,15,joint,0.8,0.043333333333333335,8,35,10,1.0,5120.0,8.533333333333335,4.877981700003147,0.037038090934100154,573,3
d1000_rcs0.2_k8,15,balanced,0.7,0.056666666666666664,8,60,10,1.0,5120.0,8.533333333333335,1.0067999999737367,0.0,0,0
d1000_rcs0.2_k8,15,robust,0.9,0.04666666666666667,8,58,10,1.0,5120.0,8.533333333333335,7.429151399992406,0.0,0,0
d1000_rcs0.2_k8,16,v1,0.7,0.05,8,39,10,0.9743589743589743,5120.0,8.533333333333335,4.709827899932861,0.0,0,0
d1000_rcs0.2_k8,16,joint,0.7,0.05333333333333334,8,40,10,0.95,5120.0,8.533333333333335,4.978843199904077,0.008312490089381175,715,6
d1000_rcs0.2_k8,16,balanced,0.8,0.056666666666666664,8,60,10,0.9833333333333333,5120.0,8.533333333333335,0.9032784999581054,0.0,0,0
d1000_rcs0.2_k8,16,robust,0.8,0.05333333333333334,8,60,10,0.9666666666666667,5120.0,8.533333333333335,7.04934490006417,0.0,0,0
d1000_rcs0.2_k8,17,v1,0.7,0.04666666666666667,7,41,10,1.0,4480.0,7.466666666666669,5.025098800077103,0.0,0,0
d1000_rcs0.2_k8,17,joint,0.8,0.05,7,41,10,1.0,4480.0,7.466666666666669,5.300446500186808,0.011838608735718292,735,2
d1000_rcs0.2_k8,17,balanced,0.7,0.04,8,60,10,1.0,5120.0,8.533333333333335,0.8633260999340564,0.0,0,0
d1000_rcs0.2_k8,17,robust,0.7,0.05,8,55,10,1.0,5120.0,8.533333333333335,5.8411932999733835,0.0,0,0
d1000_rcs0.2_k8,18,v1,0.5,0.06333333333333334,8,45,10,1.0,5120.0,8.533333333333335,4.409085600054823,0.0,0,0
d1000_rcs0.2_k8,18,joint,0.5,0.06,7,45,10,1.0,4480.0,7.466666666666669,4.642775900079869,0.008409611848621212,546,2
d1000_rcs0.2_k8,18,balanced,0.5,0.05333333333333334,8,60,10,0.9666666666666667,5120.0,8.533333333333335,0.6457994999364018,0.0,0,0
d1000_rcs0.2_k8,18,robust,0.6,0.06,8,50,10,0.96,5120.0,8.533333333333335,4.464591399999335,0.0,0,0
d1000_rcs0.2_k8,19,v1,0.7,0.05,8,35,10,1.0,5120.0,8.533333333333335,3.156427099951543,0.0,0,0
d1000_rcs0.2_k8,19,joint,0.8,0.05,8,35,10,1.0,5120.0,8.533333333333335,3.3175039999186993,0.0433261860392441,419,2
d1000_rcs0.2_k8,19,balanced,0.8,0.05,8,60,10,1.0,5120.0,8.533333333333335,0.7771332999691367,0.0,0,0
d1000_rcs0.2_k8,19,robust,0.8,0.05,8,60,10,1.0,5120.0,8.533333333333335,6.453845600015484,0.0,0,0
d1000_rcs0.2_k8,20,v1,0.8,0.056666666666666664,3,29,10,1.0,1920.0,3.2,3.2230440001003444,0.0,0,0
d1000_rcs0.2_k8,20,joint,0.8,0.06333333333333334,6,29,10,1.0,3840.0,6.400000000000001,3.561636400059797,0.4154070848516249,948,3
d1000_rcs0.2_k8,20,balanced,0.9,0.06666666666666667,8,60,10,1.0,5120.0,8.533333333333335,0.7437497000209987,0.0,0,0
d1000_rcs0.2_k8,20,robust,0.9,0.06,8,60,10,1.0,5120.0,8.533333333333335,6.309064999921247,0.0,0,0
d1000_rcs0.2_k8,21,v1,0.7,0.06333333333333334,4,27,10,1.0,2560.0,4.266666666666667,3.6079398998990655,0.0,0,0
d1000_rcs0.2_k8,21,joint,0.7,0.06333333333333334,4,27,10,1.0,2560.0,4.266666666666667,3.8984672999940813,0.0,849,0
d1000_rcs0.2_k8,21,balanced,0.8,0.056666666666666664,8,60,10,1.0,5120.0,8.533333333333335,0.9186908999690786,0.0,0,0
d1000_rcs0.2_k8,21,robust,0.8,0.05,8,55,10,1.0,5120.0,8.533333333333335,6.292123100021854,0.0,0,0
d1000_rcs0.2_k8,22,v1,0.9,0.07333333333333333,5,30,10,1.0,3200.0,5.333333333333334,3.2350978000322357,0.0,0,0
d1000_rcs0.2_k8,22,joint,0.9,0.07333333333333333,5,30,10,1.0,3200.0,5.333333333333334,3.4320307000307366,0.0,651,0
d1000_rcs0.2_k8,22,balanced,1.0,0.06,8,60,10,1.0,5120.0,8.533333333333335,0.8504982999293134,0.0,0,0
d1000_rcs0.2_k8,22,robust,0.9,0.07,8,60,10,1.0,5120.0,8.533333333333335,6.915319600026123,0.0,0,0
d1000_rcs0.2_k8,23,v1,0.7,0.03333333333333333,8,44,10,1.0,5120.0,8.533333333333335,5.070357899996452,0.0,0,0
d1000_rcs0.2_k8,23,joint,0.7,0.03666666666666667,7,44,10,1.0,4480.0,7.466666666666669,5.315713800024241,0.000927830530379592,654,1
d1000_rcs0.2_k8,23,balanced,0.7,0.043333333333333335,8,60,10,1.0,5120.0,8.533333333333335,0.9739618999883533,0.0,0,0
d1000_rcs0.2_k8,23,robust,0.7,0.02666666666666667,8,56,10,1.0,5120.0,8.533333333333335,6.554714499972761,0.0,0,0
d1000_rcs0.2_k8,24,v1,0.8,0.05333333333333334,4,31,10,1.0,2560.0,4.266666666666667,3.350111300009303,0.0,0,0
d1000_rcs0.2_k8,24,joint,0.9,0.05333333333333334,7,27,10,1.0,4480.0,7.466666666666669,3.834325599949807,2.435345602038188,1194,4
d1000_rcs0.2_k8,24,balanced,0.7,0.07333333333333333,8,60,10,1.0,5120.0,8.533333333333335,0.7442825000034645,0.0,0,0
d1000_rcs0.2_k8,24,robust,0.8,0.07333333333333333,8,55,10,1.0,5120.0,8.533333333333335,5.4831052999943495,0.0,0,0
d1000_rcs0.2_k8,25,v1,0.6,0.05333333333333334,8,44,10,1.0,5120.0,8.533333333333335,4.120351699995808,0.0,0,0
d1000_rcs0.2_k8,25,joint,0.7,0.06,8,46,10,1.0,5120.0,8.533333333333335,4.363470199983567,0.18950808399399155,573,4
d1000_rcs0.2_k8,25,balanced,0.5,0.043333333333333335,8,60,10,1.0,5120.0,8.533333333333335,0.7212933000409976,0.0,0,0
d1000_rcs0.2_k8,25,robust,0.5,0.043333333333333335,8,40,10,1.0,5120.0,8.533333333333335,3.4480957000050694,0.0,0,0
d1000_rcs0.2_k8,26,v1,0.5,0.043333333333333335,7,32,10,1.0,4480.0,7.466666666666669,4.044216600013897,0.0,0,0
d1000_rcs0.2_k8,26,joint,0.6,0.04666666666666667,5,29,10,1.0,3200.0,5.333333333333334,4.3169474001042545,0.0966960041207725,813,4
d1000_rcs0.2_k8,26,balanced,0.5,0.03666666666666667,8,60,10,1.0,5120.0,8.533333333333335,0.8039224999956787,0.0,0,0
d1000_rcs0.2_k8,26,robust,0.5,0.03333333333333333,8,50,10,1.0,5120.0,8.533333333333335,4.682728299987502,0.0,0,0
d1000_rcs0.2_k8,27,v1,0.7,0.03,8,39,10,1.0,5120.0,8.533333333333335,3.766606800025329,0.0,0,0
d1000_rcs0.2_k8,27,joint,0.7,0.02666666666666667,8,39,10,1.0,5120.0,8.533333333333335,3.99521569989156,0.02111030252932311,585,3
d1000_rcs0.2_k8,27,balanced,0.9,0.043333333333333335,8,60,10,1.0,5120.0,8.533333333333335,0.5680420000571758,0.0,0,0
d1000_rcs0.2_k8,27,robust,0.8,0.03333333333333333,8,60,10,1.0,5120.0,8.533333333333335,5.7383377000223845,0.0,0,0
d1000_rcs0.2_k8,28,v1,0.7,0.023333333333333334,8,48,10,1.0,5120.0,8.533333333333335,4.262512000044808,0.0,0,0
d1000_rcs0.2_k8,28,joint,0.7,0.023333333333333334,8,48,10,1.0,5120.0,8.533333333333335,4.430387600092217,0.0,476,0
d1000_rcs0.2_k8,28,balanced,0.5,0.03,8,60,10,1.0,5120.0,8.533333333333335,0.6323096000123769,0.0,0,0
d1000_rcs0.2_k8,28,robust,0.7,0.02666666666666667,8,60,10,1.0,5120.0,8.533333333333335,6.100454299943522,0.0,0,0
d1000_rcs0.2_k8,29,v1,0.6,0.03333333333333333,8,44,10,1.0,5120.0,8.533333333333335,4.093817599932663,0.0,0,0
d1000_rcs0.2_k8,29,joint,0.6,0.043333333333333335,8,40,10,1.0,5120.0,8.533333333333335,4.35914249997586,0.6327941890769573,672,5
d1000_rcs0.2_k8,29,balanced,0.8,0.04,8,60,10,0.9833333333333333,5120.0,8.533333333333335,0.5958785999100655,0.0,0,0
d1000_rcs0.2_k8,29,robust,0.8,0.03666666666666667,8,60,10,0.9833333333333333,5120.0,8.533333333333335,5.428307100082748,0.0,0,0
d1000_rcs0.2_k8,30,v1,0.6,0.05,8,46,10,0.8913043478260869,5120.0,8.533333333333335,5.1424179000314325,0.0,0,0
d1000_rcs0.2_k8,30,joint,0.6,0.05,8,46,10,0.8913043478260869,5120.0,8.533333333333335,5.31867039995268,0.0,451,0
d1000_rcs0.2_k8,30,balanced,0.5,0.04666666666666667,8,60,10,0.9166666666666666,5120.0,8.533333333333335,0.7392524000024423,0.0,0,0
d1000_rcs0.2_k8,30,robust,0.6,0.05,8,60,10,0.9166666666666666,5120.0,8.533333333333335,7.104479199973866,0.0,0,0
d1000_rcs0.2_k8,31,v1,0.5,0.06333333333333334,7,42,10,1.0,4480.0,7.466666666666669,5.328389800037257,0.0,0,0
d1000_rcs0.2_k8,31,joint,0.5,0.06333333333333334,7,42,10,1.0,4480.0,7.466666666666669,5.535523299942724,0.0,644,0
d1000_rcs0.2_k8,31,balanced,0.6,0.056666666666666664,8,60,10,1.0,5120.0,8.533333333333335,0.9594245000043884,0.0,0,0
d1000_rcs0.2_k8,31,robust,0.6,0.04666666666666667,8,55,10,1.0,5120.0,8.533333333333335,7.072375199990347,0.0,0,0
d1000_rcs0.2_k8,32,v1,0.5,0.06333333333333334,8,31,10,1.0,5120.0,8.533333333333335,3.5254723000107333,0.0,0,0
d1000_rcs0.2_k8,32,joint,0.5,0.06666666666666667,8,31,10,1.0,5120.0,8.533333333333335,3.7238921001553535,0.45022205284220407,468,2
d1000_rcs0.2_k8,32,balanced,0.9,0.043333333333333335,8,60,10,1.0,5120.0,8.533333333333335,0.7406095999758691,0.0,0,0
d1000_rcs0.2_k8,32,robust,0.9,0.05,8,56,10,1.0,5120.0,8.533333333333335,5.775643900036812,0.0,0,0
d1000_rcs0.2_k8,33,v1,0.7,0.05333333333333334,8,37,10,1.0,5120.0,8.533333333333335,3.6128339000279084,0.0,0,0
d1000_rcs0.2_k8,33,joint,0.7,0.056666666666666664,6,37,10,1.0,3840.0,6.400000000000001,3.8923586999299005,0.008023249680353395,802,2
d1000_rcs0.2_k8,33,balanced,0.9,0.07333333333333333,8,60,10,1.0,5120.0,8.533333333333335,0.7628701000940055,0.0,0,0
d1000_rcs0.2_k8,33,robust,0.8,0.05,8,60,10,1.0,5120.0,8.533333333333335,6.8009633999317884,0.0,0,0
d1000_rcs0.2_k8,34,v1,0.6,0.056666666666666664,3,30,10,0.9666666666666667,1920.0,3.2,3.6038985999766737,0.0,0,0
d1000_rcs0.2_k8,34,joint,0.6,0.056666666666666664,4,30,10,0.9666666666666667,2560.0,4.266666666666667,3.8940513000125065,0.19995010401812138,799,2
d1000_rcs0.2_k8,34,balanced,0.7,0.06333333333333334,8,60,10,0.9333333333333333,5120.0,8.533333333333335,0.9332845999160782,0.0,0,0
d1000_rcs0.2_k8,34,robust,0.7,0.05,8,50,10,0.92,5120.0,8.533333333333335,5.956691800034605,0.0,0,0
d1000_rcs0.2_k8,35,v1,0.6,0.06,8,47,10,1.0,5120.0,8.533333333333335,4.852463399991393,0.0,0,0
d1000_rcs0.2_k8,35,joint,0.8,0.056666666666666664,8,49,10,1.0,5120.0,8.533333333333335,5.135183100006543,0.08768382868291358,738,7
d1000_rcs0.2_k8,35,balanced,0.6,0.056666666666666664,8,60,10,1.0,5120.0,8.533333333333335,0.7117852999363095,0.0,0,0
d1000_rcs0.2_k8,35,robust,0.6,0.056666666666666664,8,60,10,1.0,5120.0,8.533333333333335,6.7572992000496015,0.0,0,0
d1000_rcs0.2_k8,36,v1,0.5,0.043333333333333335,8,45,10,1.0,5120.0,8.533333333333335,4.420825999928638,0.0,0,0
d1000_rcs0.2_k8,36,joint,0.5,0.043333333333333335,8,45,10,1.0,5120.0,8.533333333333335,4.565136299934238,0.0,420,0
d1000_rcs0.2_k8,36,balanced,0.6,0.043333333333333335,8,60,10,1.0,5120.0,8.533333333333335,0.7994608000153676,0.0,0,0
d1000_rcs0.2_k8,36,robust,0.6,0.06333333333333334,8,55,10,1.0,5120.0,8.533333333333335,5.766393400030211,0.0,0,0
d1000_rcs0.2_k8,37,v1,0.7,0.04666666666666667,7,30,10,1.0,4480.0,7.466666666666669,2.7995944999856874,0.0,0,0
d1000_rcs0.2_k8,37,joint,0.7,0.04666666666666667,6,30,10,1.0,3840.0,6.400000000000001,3.07687570003327,0.0008605544909650042,753,1
d1000_rcs0.2_k8,37,balanced,0.8,0.056666666666666664,8,60,10,1.0,5120.0,8.533333333333335,0.7651709000347182,0.0,0,0
d1000_rcs0.2_k8,37,robust,0.8,0.05,8,60,10,1.0,5120.0,8.533333333333335,6.066526099923067,0.0,0,0
d1000_rcs0.2_k8,38,v1,0.7,0.06666666666666667,8,39,10,1.0,5120.0,8.533333333333335,4.884635100024752,0.0,0,0
d1000_rcs0.2_k8,38,joint,0.7,0.07,7,39,10,1.0,4480.0,7.466666666666669,5.177246000035666,0.11009251945629742,741,4
d1000_rcs0.2_k8,38,balanced,0.8,0.07333333333333333,8,60,10,1.0,5120.0,8.533333333333335,0.9799194999504834,0.0,0,0
d1000_rcs0.2_k8,38,robust,0.7,0.08,8,60,10,1.0,5120.0,8.533333333333335,7.928455200046301,0.0,0,0
d1000_rcs0.2_k8,39,v1,0.6,0.06,8,45,10,1.0,5120.0,8.533333333333335,4.095335199963301,0.0,0,0
d1000_rcs0.2_k8,39,joint,0.6,0.06333333333333334,8,45,10,1.0,5120.0,8.533333333333335,4.302246899926104,0.026831668813971588,487,1
d1000_rcs0.2_k8,39,balanced,0.7,0.04666666666666667,8,60,10,1.0,5120.0,8.533333333333335,0.7101336000487208,0.0,0,0
d1000_rcs0.2_k8,39,robust,0.8,0.02666666666666667,8,60,10,1.0,5120.0,8.533333333333335,6.886421600007452,0.0,0,0
d1000_rcs0.2_k8,40,v1,0.8,0.05,7,36,10,1.0,4480.0,7.466666666666669,4.415893299970776,0.0,0,0
d1000_rcs0.2_k8,40,joint,0.8,0.05333333333333334,7,36,10,1.0,4480.0,7.466666666666669,4.773241499904543,0.05698065985222378,1021,4
d1000_rcs0.2_k8,40,balanced,0.9,0.056666666666666664,8,60,10,0.9833333333333333,5120.0,8.533333333333335,0.8223999000620097,0.0,0,0
d1000_rcs0.2_k8,40,robust,0.8,0.04666666666666667,8,54,10,0.9814814814814815,5120.0,8.533333333333335,6.070836000028066,0.0,0,0
d1000_rcs0.2_k8,41,v1,0.7,0.056666666666666664,8,36,10,1.0,5120.0,8.533333333333335,3.9228091000113636,0.0,0,0
d1000_rcs0.2_k8,41,joint,0.7,0.056666666666666664,8,36,10,1.0,5120.0,8.533333333333335,4.084051400073804,0.0,432,0
d1000_rcs0.2_k8,41,balanced,0.7,0.07333333333333333,8,60,10,1.0,5120.0,8.533333333333335,0.9491273999447003,0.0,0,0
d1000_rcs0.2_k8,41,robust,0.8,0.05,8,50,10,1.0,5120.0,8.533333333333335,5.689073399989866,0.0,0,0
d1000_rcs0.2_k8,42,v1,0.8,0.06,7,44,10,1.0,4480.0,7.466666666666669,6.033391200006008,0.0,0,0
d1000_rcs0.2_k8,42,joint,0.7,0.04666666666666667,8,40,10,1.0,5120.0,8.533333333333335,6.283149300026707,0.030396978665336083,692,2
d1000_rcs0.2_k8,42,balanced,0.8,0.05333333333333334,8,60,10,1.0,5120.0,8.533333333333335,0.9187558999983594,0.0,0,0
d1000_rcs0.2_k8,42,robust,0.7,0.05,8,55,10,1.0,5120.0,8.533333333333335,6.827331500011496,0.0,0,0
d1000_rcs0.2_k8,43,v1,0.7,0.02666666666666667,8,41,10,0.8536585365853658,5120.0,8.533333333333335,4.288932899944484,0.0,0,0
d1000_rcs0.2_k8,43,joint,0.7,0.03666666666666667,8,37,10,0.8648648648648649,5120.0,8.533333333333335,4.612403800012544,1.1677495998617302,850,5
d1000_rcs0.2_k8,43,balanced,0.7,0.04,8,60,10,0.9166666666666666,5120.0,8.533333333333335,0.876737599959597,0.0,0,0
d1000_rcs0.2_k8,43,robust,0.8,0.04666666666666667,8,59,10,0.9152542372881356,5120.0,8.533333333333335,6.754233399988152,0.0,0,0
d1000_rcs0.2_k8,44,v1,0.8,0.05333333333333334,8,46,10,1.0,5120.0,8.533333333333335,4.308831200003624,0.0,0,0
d1000_rcs0.2_k8,44,joint,0.8,0.05333333333333334,8,46,10,1.0,5120.0,8.533333333333335,4.46406449994538,0.0,476,0
d1000_rcs0.2_k8,44,balanced,1.0,0.05,8,60,10,1.0,5120.0,8.533333333333335,0.7616483999881893,0.0,0,0
d1000_rcs0.2_k8,44,robust,0.9,0.056666666666666664,8,60,10,1.0,5120.0,8.533333333333335,5.859065200085752,0.0,0,0
d1000_rcs0.2_k8,45,v1,0.7,0.056666666666666664,8,40,10,1.0,5120.0,8.533333333333335,4.505660299910232,0.0,0,0
d1000_rcs0.2_k8,45,joint,0.7,0.06,5,37,10,1.0,3200.0,5.333333333333334,4.878593699890189,0.7477409150445453,966,6
d1000_rcs0.2_k8,45,balanced,0.7,0.05,8,60,10,1.0,5120.0,8.533333333333335,0.8251271999906749,0.0,0,0
d1000_rcs0.2_k8,45,robust,0.6,0.043333333333333335,8,55,10,0.9818181818181818,5120.0,8.533333333333335,5.847212200053036,0.0,0,0
d1000_rcs0.2_k8,46,v1,0.7,0.05,8,45,10,1.0,5120.0,8.533333333333335,5.1541438000276685,0.0,0,0
d1000_rcs0.2_k8,46,joint,0.7,0.03666666666666667,7,40,10,1.0,4480.0,7.466666666666669,5.440512700006366,0.04041364885811993,735,4
d1000_rcs0.2_k8,46,balanced,0.7,0.043333333333333335,8,60,10,1.0,5120.0,8.533333333333335,0.781399599974975,0.0,0,0
d1000_rcs0.2_k8,46,robust,0.7,0.056666666666666664,8,55,10,1.0,5120.0,8.533333333333335,5.116513599990867,0.0,0,0
d1000_rcs0.2_k8,47,v1,0.7,0.05333333333333334,8,38,10,1.0,5120.0,8.533333333333335,3.666897799936123,0.0,0,0
d1000_rcs0.2_k8,47,joint,0.7,0.05333333333333334,8,39,10,1.0,5120.0,8.533333333333335,3.9595817000372335,0.08538888511679521,747,5
d1000_rcs0.2_k8,47,balanced,0.7,0.05,8,60,10,1.0,5120.0,8.533333333333335,0.7499788999557495,0.0,0,0
d1000_rcs0.2_k8,47,robust,0.8,0.04666666666666667,8,55,10,1.0,5120.0,8.533333333333335,6.10527059994638,0.0,0,0
d1000_rcs0.2_k8,48,v1,0.8,0.03,8,27,10,0.9259259259259259,5120.0,8.533333333333335,2.879691799986176,0.0,0,0
d1000_rcs0.2_k8,48,joint,0.8,0.03,7,27,10,0.9259259259259259,4480.0,7.466666666666669,3.0971116999862716,0.005333333333332746,648,1
d1000_rcs0.2_k8,48,balanced,1.0,0.03666666666666667,8,60,10,0.9666666666666667,5120.0,8.533333333333335,0.7315984000451863,0.0,0,0
d1000_rcs0.2_k8,48,robust,1.0,0.02666666666666667,8,60,10,0.9666666666666667,5120.0,8.533333333333335,6.205662199994549,0.0,0,0
d1000_rcs0.2_k8,49,v1,0.6,0.05333333333333334,8,30,10,1.0,5120.0,8.533333333333335,3.032964800018817,0.0,0,0
d1000_rcs0.2_k8,49,joint,0.6,0.05333333333333334,8,30,10,1.0,5120.0,8.533333333333335,3.2007511999690905,0.0,442,0
d1000_rcs0.2_k8,49,balanced,0.7,0.06333333333333334,8,60,10,1.0,5120.0,8.533333333333335,0.7298041000030935,0.0,0,0
d1000_rcs0.2_k8,49,robust,0.7,0.05,8,60,10,1.0,5120.0,8.533333333333335,5.872436900041066,0.0,0,0
d1000_rcs0.2_k8,50,v1,1.0,0.043333333333333335,8,37,10,1.0,5120.0,8.533333333333335,3.414863400044851,0.0,0,0
d1000_rcs0.2_k8,50,joint,1.0,0.043333333333333335,8,37,10,1.0,5120.0,8.533333333333335,3.578317799954675,0.0,489,0
d1000_rcs0.2_k8,50,balanced,0.9,0.05333333333333334,8,60,10,1.0,5120.0,8.533333333333335,0.772145799943246,0.0,0,0
d1000_rcs0.2_k8,50,robust,1.0,0.04666666666666667,8,60,10,1.0,5120.0,8.533333333333335,6.282067200052552,0.0,0,0
d1000_rcs0.2_k8,51,v1,0.3,0.056666666666666664,8,47,10,1.0,5120.0,8.533333333333335,4.957762600039132,0.0,0,0
d1000_rcs0.2_k8,51,joint,0.3,0.056666666666666664,8,49,10,1.0,5120.0,8.533333333333335,5.148840200039558,0.06363126754355686,494,2
d1000_rcs0.2_k8,51,balanced,0.5,0.06333333333333334,8,60,10,1.0,5120.0,8.533333333333335,0.8371044000377879,0.0,0,0
d1000_rcs0.2_k8,51,robust,0.4,0.05333333333333334,8,55,10,1.0,5120.0,8.533333333333335,5.125496599939652,0.0,0,0
d1000_rcs0.2_k8,52,v1,0.8,0.06666666666666667,8,43,10,1.0,5120.0,8.533333333333335,4.337939499993809,0.0,0,0
d1000_rcs0.2_k8,52,joint,0.8,0.06333333333333334,8,43,10,1.0,5120.0,8.533333333333335,4.54532650008332,0.00637056630734234,513,2
d1000_rcs0.2_k8,52,balanced,0.7,0.04666666666666667,8,60,10,1.0,5120.0,8.533333333333335,0.7693088999949396,0.0,0,0
d1000_rcs0.2_k8,52,robust,0.7,0.06333333333333334,8,60,10,1.0,5120.0,8.533333333333335,6.500778799992986,0.0,0,0
d1000_rcs0.2_k8,53,v1,0.9,0.05,3,22,10,1.0,1920.0,3.2,3.042893800069578,0.0,0,0
d1000_rcs0.2_k8,53,joint,0.8,0.05,5,22,10,1.0,3200.0,5.333333333333334,3.356924800085835,0.1731196092152807,992,2
d1000_rcs0.2_k8,53,balanced,0.9,0.05,8,60,10,1.0,5120.0,8.533333333333335,0.6769386000232771,0.0,0,0
d1000_rcs0.2_k8,53,robust,0.9,0.06,8,60,10,1.0,5120.0,8.533333333333335,5.774893400026485,0.0,0,0
d1000_rcs0.2_k8,54,v1,0.9,0.04,5,28,10,1.0,3200.0,5.333333333333334,3.060002399957739,0.0,0,0
d1000_rcs0.2_k8,54,joint,0.9,0.04,5,28,10,1.0,3200.0,5.333333333333334,3.315972700016573,0.0,820,0
d1000_rcs0.2_k8,54,balanced,0.8,0.04666666666666667,8,60,10,1.0,5120.0,8.533333333333335,0.742560499929823,0.0,0,0
d1000_rcs0.2_k8,54,robust,0.9,0.05333333333333334,8,60,10,1.0,5120.0,8.533333333333335,7.13936980010476,0.0,0,0
d1000_rcs0.2_k8,55,v1,0.8,0.06666666666666667,8,48,10,1.0,5120.0,8.533333333333335,5.69375299999956,0.0,0,0
d1000_rcs0.2_k8,55,joint,0.8,0.06666666666666667,8,48,10,1.0,5120.0,8.533333333333335,5.860614400007762,0.0,460,0
d1000_rcs0.2_k8,55,balanced,0.6,0.08,8,60,10,1.0,5120.0,8.533333333333335,0.9718096000142395,0.0,0,0
d1000_rcs0.2_k8,55,robust,0.7,0.06666666666666667,8,55,10,1.0,5120.0,8.533333333333335,6.369154800078832,0.0,0,0
d1000_rcs0.2_k8,56,v1,0.6,0.04,8,35,10,0.8857142857142857,5120.0,8.533333333333335,3.876480899984017,0.0,0,0
d1000_rcs0.2_k8,56,joint,0.6,0.04666666666666667,8,35,10,0.8857142857142857,5120.0,8.533333333333335,4.205487499944866,0.11773028571942093,835,3
d1000_rcs0.2_k8,56,balanced,0.8,0.06,8,60,10,0.9,5120.0,8.533333333333335,0.8357542000012472,0.0,0,0
d1000_rcs0.2_k8,56,robust,0.8,0.05333333333333334,8,50,10,0.86,5120.0,8.533333333333335,5.2242523999884725,0.0,0,0
d1000_rcs0.2_k8,57,v1,0.6,0.02,8,52,10,1.0,5120.0,8.533333333333335,5.516776999924332,0.0,0,0
d1000_rcs0.2_k8,57,joint,0.6,0.023333333333333334,6,53,10,1.0,3840.0,6.400000000000001,5.859337899950333,0.00954026674423547,821,3
d1000_rcs0.2_k8,57,balanced,0.6,0.023333333333333334,8,60,10,1.0,5120.0,8.533333333333335,0.7542517998954281,0.0,0,0
d1000_rcs0.2_k8,57,robust,0.6,0.02666666666666667,8,60,10,1.0,5120.0,8.533333333333335,6.366452400106937,0.0,0,0
d1000_rcs0.2_k8,58,v1,0.6,0.06,8,30,10,1.0,5120.0,8.533333333333335,3.3655068000080064,0.0,0,0
d1000_rcs0.2_k8,58,joint,0.6,0.06,7,30,10,1.0,4480.0,7.466666666666669,3.5732044000178576,0.0334971776696239,524,4
d1000_rcs0.2_k8,58,balanced,0.8,0.06333333333333334,8,60,10,1.0,5120.0,8.533333333333335,0.8770844000391662,0.0,0,0
d1000_rcs0.2_k8,58,robust,0.7,0.05,8,60,10,1.0,5120.0,8.533333333333335,7.975280800019391,0.0,0,0
d1000_rcs0.2_k8,59,v1,0.7,0.05,8,39,10,1.0,5120.0,8.533333333333335,3.8545621000230312,0.0,0,0
d1000_rcs0.2_k8,59,joint,0.7,0.05,8,39,10,1.0,5120.0,8.533333333333335,4.093389600049704,0.013992358467797228,667,2
d1000_rcs0.2_k8,59,balanced,0.7,0.03666666666666667,8,60,10,1.0,5120.0,8.533333333333335,0.7561836999375373,0.0,0,0
d1000_rcs0.2_k8,59,robust,0.7,0.06,8,60,10,1.0,5120.0,8.533333333333335,6.721698899986222,0.0,0,0
d1000_rcs0.2_k8,60,v1,0.6,0.04666666666666667,8,36,10,1.0,5120.0,8.533333333333335,3.997283700038679,0.0,0,0
d1000_rcs0.2_k8,60,joint,0.6,0.06666666666666667,8,33,10,1.0,5120.0,8.533333333333335,4.273348300019279,0.014657123880628564,808,6
d1000_rcs0.2_k8,60,balanced,1.0,0.07,8,60,10,1.0,5120.0,8.533333333333335,0.8481592000462115,0.0,0,0
d1000_rcs0.2_k8,60,robust,0.9,0.07,8,55,10,1.0,5120.0,8.533333333333335,5.896029999945313,0.0,0,0
d1000_rcs0.2_k8,61,v1,0.7,0.02666666666666667,4,28,10,0.9642857142857143,2560.0,4.266666666666667,3.1248483000090346,0.0,0,0
d1000_rcs0.2_k8,61,joint,0.7,0.02666666666666667,4,28,10,0.9642857142857143,2560.0,4.266666666666667,3.3591960000339895,0.0,735,0
d1000_rcs0.2_k8,61,balanced,0.7,0.04666666666666667,8,60,10,0.9666666666666667,5120.0,8.533333333333335,0.8246920000528917,0.0,0,0
d1000_rcs0.2_k8,61,robust,0.7,0.06333333333333334,8,50,10,0.98,5120.0,8.533333333333335,5.631459399941377,0.0,0,0
d1000_rcs0.2_k8,62,v1,0.8,0.07333333333333333,6,33,10,1.0,3840.0,6.400000000000001,3.1796433000126854,0.0,0,0
d1000_rcs0.2_k8,62,joint,0.8,0.056666666666666664,2,30,10,1.0,1280.0,2.1333333333333333,3.624226500047371,0.019942026970050986,1105,5
d1000_rcs0.2_k8,62,balanced,0.7,0.03333333333333333,8,60,10,1.0,5120.0,8.533333333333335,0.7751830999040976,0.0,0,0
d1000_rcs0.2_k8,62,robust,0.9,0.043333333333333335,8,60,10,1.0,5120.0,8.533333333333335,6.574697500094771,0.0,0,0
d1000_rcs0.2_k8,63,v1,0.3,0.04666666666666667,8,45,10,1.0,5120.0,8.533333333333335,4.5306155000580475,0.0,0,0
d1000_rcs0.2_k8,63,joint,0.2,0.05333333333333334,8,37,10,1.0,5120.0,8.533333333333335,4.82027140003629,0.2044426527559451,682,7
d1000_rcs0.2_k8,63,balanced,0.3,0.056666666666666664,8,60,10,0.9833333333333333,5120.0,8.533333333333335,0.7329701000126079,0.0,0,0
d1000_rcs0.2_k8,63,robust,0.4,0.05,8,49,10,0.9795918367346939,5120.0,8.533333333333335,4.73252630000934,0.0,0,0
d1000_rcs0.2_k8,64,v1,0.5,0.02666666666666667,8,29,10,1.0,5120.0,8.533333333333335,3.174600499914959,0.0,0,0
d1000_rcs0.2_k8,64,joint,0.4,0.03333333333333333,7,29,10,1.0,4480.0,7.466666666666669,3.4232522000093013,0.010028918561017619,716,2
d1000_rcs0.2_k8,64,balanced,0.6,0.05333333333333334,8,60,10,1.0,5120.0,8.533333333333335,0.8713622000068426,0.0,0,0
d1000_rcs0.2_k8,64,robust,0.7,0.06666666666666667,8,57,10,1.0,5120.0,8.533333333333335,6.930708699976094,0.0,0,0
d1000_rcs0.2_k8,65,v1,0.9,0.08666666666666667,8,33,10,1.0,5120.0,8.533333333333335,2.8257384999888018,0.0,0,0
d1000_rcs0.2_k8,65,joint,0.9,0.07,5,26,10,1.0,3200.0,5.333333333333334,3.136008199886419,0.1676249280037081,905,7
d1000_rcs0.2_k8,65,balanced,0.8,0.05333333333333334,8,60,10,1.0,5120.0,8.533333333333335,0.6155677000060678,0.0,0,0
d1000_rcs0.2_k8,65,robust,0.9,0.05333333333333334,8,60,10,1.0,5120.0,8.533333333333335,6.099197300034575,0.0,0,0
d1000_rcs0.2_k8,66,v1,0.6,0.04,5,27,10,1.0,3200.0,5.333333333333334,2.9838062000926584,0.0,0,0
d1000_rcs0.2_k8,66,joint,0.6,0.04,4,27,10,1.0,2560.0,4.266666666666667,3.3394388001179323,0.0011746409663443425,945,1
d1000_rcs0.2_k8,66,balanced,0.7,0.03333333333333333,8,60,10,0.9833333333333333,5120.0,8.533333333333335,0.7561788999009877,0.0,0,0
d1000_rcs0.2_k8,66,robust,0.8,0.04666666666666667,8,60,10,0.9833333333333333,5120.0,8.533333333333335,6.34101269999519,0.0,0,0
d1000_rcs0.2_k8,67,v1,0.6,0.06,6,34,10,1.0,3840.0,6.400000000000001,3.7643155999248847,0.0,0,0
d1000_rcs0.2_k8,67,joint,0.7,0.05333333333333334,7,30,10,1.0,4480.0,7.466666666666669,4.062962399912067,1.011321153963796,790,4
d1000_rcs0.2_k8,67,balanced,0.7,0.05,8,60,10,1.0,5120.0,8.533333333333335,0.7332569999853149,0.0,0,0
d1000_rcs0.2_k8,67,robust,0.7,0.05,8,59,10,1.0,5120.0,8.533333333333335,5.949033799930476,0.0,0,0
d1000_rcs0.2_k8,68,v1,0.6,0.05333333333333334,2,24,10,1.0,1280.0,2.1333333333333333,3.0786136999959126,0.0,0,0
d1000_rcs0.2_k8,68,joint,0.6,0.05333333333333334,2,24,10,1.0,1280.0,2.1333333333333333,3.3327070000814274,0.0,874,0
d1000_rcs0.2_k8,68,balanced,0.9,0.04666666666666667,8,60,10,1.0,5120.0,8.533333333333335,0.746397600043565,0.0,0,0
d1000_rcs0.2_k8,68,robust,0.8,0.04666666666666667,8,55,10,1.0,5120.0,8.533333333333335,5.15133749996312,0.0,0,0
d1000_rcs0.2_k8,69,v1,0.6,0.043333333333333335,8,50,10,0.98,5120.0,8.533333333333335,5.079429500037804,0.0,0,0
d1000_rcs0.2_k8,69,joint,0.6,0.043333333333333335,8,50,10,0.98,5120.0,8.533333333333335,5.2451556999003515,0.0,480,0
d1000_rcs0.2_k8,69,balanced,0.5,0.043333333333333335,8,60,10,1.0,5120.0,8.533333333333335,0.7390576000325382,0.0,0,0
d1000_rcs0.2_k8,69,robust,0.5,0.043333333333333335,8,60,10,0.9833333333333333,5120.0,8.533333333333335,6.430152400047518,0.0,0,0
d1000_rcs0.2_k8,70,v1,0.6,0.05333333333333334,8,29,10,1.0,5120.0,8.533333333333335,3.0574477000627667,0.0,0,0
d1000_rcs0.2_k8,70,joint,0.6,0.05333333333333334,8,29,10,1.0,5120.0,8.533333333333335,3.225191400037147,0.0,473,0
d1000_rcs0.2_k8,70,balanced,0.8,0.056666666666666664,8,60,10,1.0,5120.0,8.533333333333335,0.8745127000147477,0.0,0,0
d1000_rcs0.2_k8,70,robust,0.7,0.05333333333333334,8,55,10,1.0,5120.0,8.533333333333335,5.788722100085579,0.0,0,0
d1000_rcs0.2_k8,71,v1,0.7,0.04666666666666667,8,40,10,1.0,5120.0,8.533333333333335,5.278736399952322,0.0,0,0
d1000_rcs0.2_k8,71,joint,0.7,0.04666666666666667,8,40,10,1.0,5120.0,8.533333333333335,5.4250249998876825,0.0,424,0
d1000_rcs0.2_k8,71,balanced,0.7,0.06666666666666667,8,60,10,1.0,5120.0,8.533333333333335,1.0870415000244975,0.0,0,0
d1000_rcs0.2_k8,71,robust,0.7,0.056666666666666664,8,55,10,1.0,5120.0,8.533333333333335,7.3166415999876335,0.0,0,0
d1000_rcs0.2_k8,72,v1,0.7,0.04,8,50,10,0.94,5120.0,8.533333333333335,5.565673700068146,0.0,0,0
d1000_rcs0.2_k8,72,joint,0.7,0.04,8,50,10,0.94,5120.0,8.533333333333335,5.7912858000490814,0.03810133334687549,525,2
d1000_rcs0.2_k8,72,balanced,0.8,0.04666666666666667,8,60,10,0.95,5120.0,8.533333333333335,0.8308533999370411,0.0,0,0
d1000_rcs0.2_k8,72,robust,0.8,0.06,8,60,10,0.95,5120.0,8.533333333333335,6.738316000089981,0.0,0,0
d1000_rcs0.2_k8,73,v1,0.5,0.03333333333333333,8,37,10,1.0,5120.0,8.533333333333335,3.1641540999989957,0.0,0,0
d1000_rcs0.2_k8,73,joint,0.4,0.03333333333333333,7,33,10,1.0,4480.0,7.466666666666669,3.4074609000235796,0.005769245087068553,679,3
d1000_rcs0.2_k8,73,balanced,0.8,0.03,8,60,10,1.0,5120.0,8.533333333333335,0.7097200999269262,0.0,0,0
d1000_rcs0.2_k8,73,robust,0.7,0.043333333333333335,8,60,10,1.0,5120.0,8.533333333333335,5.8663328000111505,0.0,0,0
d1000_rcs0.2_k8,74,v1,0.6,0.03666666666666667,8,51,10,1.0,5120.0,8.533333333333335,5.8001912999898195,0.0,0,0
d1000_rcs0.2_k8,74,joint,0.6,0.03666666666666667,8,51,10,1.0,5120.0,8.533333333333335,5.969656299916096,0.0,478,0
d1000_rcs0.2_k8,74,balanced,0.6,0.03333333333333333,8,60,10,1.0,5120.0,8.533333333333335,0.9336448999820277,0.0,0,0
d1000_rcs0.2_k8,74,robust,0.5,0.03,8,60,10,1.0,5120.0,8.533333333333335,6.639915100065991,0.0,0,0
d1000_rcs0.2_k8,75,v1,0.3,0.03666666666666667,8,41,10,1.0,5120.0,8.533333333333335,3.7325540999881923,0.0,0,0
d1000_rcs0.2_k8,75,joint,0.4,0.03666666666666667,8,41,10,1.0,5120.0,8.533333333333335,4.028731200029142,0.055034363725280255,813,4
d1000_rcs0.2_k8,75,balanced,0.3,0.023333333333333334,8,60,10,1.0,5120.0,8.533333333333335,0.6405411999439821,0.0,0,0
d1000_rcs0.2_k8,75,robust,0.3,0.016666666666666666,8,55,10,1.0,5120.0,8.533333333333335,5.500443600001745,0.0,0,0
d1000_rcs0.2_k8,76,v1,0.8,0.06,8,37,10,1.0,5120.0,8.533333333333335,3.912085000076331,0.0,0,0
d1000_rcs0.2_k8,76,joint,0.7,0.06,8,33,10,1.0,5120.0,8.533333333333335,4.211234200047329,1.0172284234626179,725,5
d1000_rcs0.2_k8,76,balanced,0.8,0.05333333333333334,8,60,10,0.9333333333333333,5120.0,8.533333333333335,0.7866573999635875,0.0,0,0
d1000_rcs0.2_k8,76,robust,0.8,0.03666666666666667,8,56,10,0.9285714285714286,5120.0,8.533333333333335,5.763543599983677,0.0,0,0
d1000_rcs0.2_k8,77,v1,0.5,0.056666666666666664,8,41,10,1.0,5120.0,8.533333333333335,4.851419000071473,0.0,0,0
d1000_rcs0.2_k8,77,joint,0.5,0.056666666666666664,8,41,10,1.0,5120.0,8.533333333333335,4.989857500069775,0.0,402,0
d1000_rcs0.2_k8,77,balanced,0.5,0.043333333333333335,8,60,10,0.9833333333333333,5120.0,8.533333333333335,0.7133757999399677,0.0,0,0
d1000_rcs0.2_k8,77,robust,0.5,0.04666666666666667,8,55,10,1.0,5120.0,8.533333333333335,5.991658700047992,0.0,0,0
d1000_rcs0.2_k8,78,v1,0.7,0.04666666666666667,8,40,10,1.0,5120.0,8.533333333333335,4.064200099906884,0.0,0,0
d1000_rcs0.2_k8,78,joint,0.8,0.04666666666666667,7,39,10,1.0,4480.0,7.466666666666669,4.359300099895336,0.012489957305830135,801,7
d1000_rcs0.2_k8,78,balanced,0.8,0.05333333333333334,8,60,10,1.0,5120.0,8.533333333333335,0.8030074000125751,0.0,0,0
d1000_rcs0.2_k8,78,robust,0.7,0.04666666666666667,8,60,10,1.0,5120.0,8.533333333333335,6.486387500073761,0.0,0,0
d1000_rcs0.2_k8,79,v1,0.7,0.05333333333333334,5,26,10,1.0,3200.0,5.333333333333334,3.1757111999904737,0.0,0,0
d1000_rcs0.2_k8,79,joint,0.7,0.05333333333333334,6,26,10,1.0,3840.0,6.400000000000001,3.468876300030388,0.05177506066714416,875,2
d1000_rcs0.2_k8,79,balanced,0.9,0.06,8,60,10,1.0,5120.0,8.533333333333335,0.7075234999647364,0.0,0,0
d1000_rcs0.2_k8,79,robust,0.9,0.056666666666666664,8,55,10,1.0,5120.0,8.533333333333335,5.483154300018214,0.0,0,0
d1000_rcs0.2_k8,80,v1,0.7,0.04666666666666667,6,25,10,0.92,3840.0,6.400000000000001,2.371489099925384,0.0,0,0
d1000_rcs0.2_k8,80,joint,0.7,0.04666666666666667,6,26,10,0.9230769230769231,3840.0,6.400000000000001,2.8115336999762803,0.3809405085515002,1161,4
d1000_rcs0.2_k8,80,balanced,0.8,0.04666666666666667,8,60,10,0.95,5120.0,8.533333333333335,0.6092182999709621,0.0,0,0
d1000_rcs0.2_k8,80,robust,0.7,0.03666666666666667,8,60,10,0.9333333333333333,5120.0,8.533333333333335,5.255705400020815,0.0,0,0
d1000_rcs0.2_k8,81,v1,0.7,0.07,8,40,10,1.0,5120.0,8.533333333333335,3.3636440000263974,0.0,0,0
d1000_rcs0.2_k8,81,joint,0.8,0.07,6,32,10,1.0,3840.0,6.400000000000001,3.722243499942124,0.7244634507103391,903,9
d1000_rcs0.2_k8,81,balanced,0.7,0.04666666666666667,8,60,10,1.0,5120.0,8.533333333333335,0.6066754000494257,0.0,0,0
d1000_rcs0.2_k8,81,robust,0.5,0.05,8,55,10,1.0,5120.0,8.533333333333335,4.702427999931388,0.0,0,0
d1000_rcs0.2_k8,82,v1,0.8,0.06,8,52,10,0.9807692307692307,5120.0,8.533333333333335,4.897674500010908,0.0,0,0
d1000_rcs0.2_k8,82,joint,0.8,0.043333333333333335,8,48,10,0.9791666666666666,5120.0,8.533333333333335,5.12904739996884,0.3146499019506257,577,7
d1000_rcs0.2_k8,82,balanced,0.8,0.043333333333333335,8,60,10,0.9833333333333333,5120.0,8.533333333333335,0.6702930999454111,0.0,0,0
d1000_rcs0.2_k8,82,robust,0.8,0.05333333333333334,8,60,10,0.9833333333333333,5120.0,8.533333333333335,6.327998300082982,0.0,0,0
d1000_rcs0.2_k8,83,v1,0.9,0.05,8,50,10,1.0,5120.0,8.533333333333335,4.137474999995902,0.0,0,0
d1000_rcs0.2_k8,83,joint,0.9,0.05,8,50,10,1.0,5120.0,8.533333333333335,4.303365900064819,0.0,442,0
d1000_rcs0.2_k8,83,balanced,0.8,0.03333333333333333,8,60,10,1.0,5120.0,8.533333333333335,0.5902651000069454,0.0,0,0
d1000_rcs0.2_k8,83,robust,0.8,0.03,8,55,10,1.0,5120.0,8.533333333333335,4.917825500015169,0.0,0,0
d1000_rcs0.2_k8,84,v1,0.5,0.05333333333333334,8,31,10,1.0,5120.0,8.533333333333335,2.353032600018196,0.0,0,0
d1000_rcs0.2_k8,84,joint,0.5,0.043333333333333335,8,31,10,1.0,5120.0,8.533333333333335,2.5771017000079155,0.0737621203866703,572,2
d1000_rcs0.2_k8,84,balanced,0.8,0.02666666666666667,8,60,10,1.0,5120.0,8.533333333333335,0.6927138000028208,0.0,0,0
d1000_rcs0.2_k8,84,robust,0.8,0.03,8,60,10,1.0,5120.0,8.533333333333335,6.308233799994923,0.0,0,0
d1000_rcs0.2_k8,85,v1,0.8,0.03333333333333333,8,46,10,1.0,5120.0,8.533333333333335,5.282337800017558,0.0,0,0
d1000_rcs0.2_k8,85,joint,0.9,0.03333333333333333,7,38,10,1.0,4480.0,7.466666666666669,5.6149086999939755,0.46302651294972136,842,7
d1000_rcs0.2_k8,85,balanced,0.8,0.03666666666666667,8,60,10,1.0,5120.0,8.533333333333335,0.7785107999807224,0.0,0,0
d1000_rcs0.2_k8,85,robust,0.8,0.03666666666666667,8,60,10,1.0,5120.0,8.533333333333335,6.422522200038657,0.0,0,0
d1000_rcs0.2_k8,86,v1,0.7,0.04666666666666667,8,44,10,1.0,5120.0,8.533333333333335,3.676686799968593,0.0,0,0
d1000_rcs0.2_k8,86,joint,0.8,0.043333333333333335,8,37,10,1.0,5120.0,8.533333333333335,3.9451129999943078,0.20207594434491039,721,6
d1000_rcs0.2_k8,86,balanced,0.6,0.056666666666666664,8,60,10,1.0,5120.0,8.533333333333335,0.5646914000390097,0.0,0,0
d1000_rcs0.2_k8,86,robust,0.6,0.04,8,55,10,1.0,5120.0,8.533333333333335,4.430222499999218,0.0,0,0
d1000_rcs0.2_k8,87,v1,0.7,0.03666666666666667,8,34,10,1.0,5120.0,8.533333333333335,3.580072599928826,0.0,0,0
d1000_rcs0.2_k8,87,joint,0.7,0.03666666666666667,8,34,10,1.0,5120.0,8.533333333333335,3.758934999932535,0.0,493,0
d1000_rcs0.2_k8,87,balanced,0.7,0.03333333333333333,8,60,10,1.0,5120.0,8.533333333333335,0.7664906000718474,0.0,0,0
d1000_rcs0.2_k8,87,robust,0.8,0.043333333333333335,8,60,10,1.0,5120.0,8.533333333333335,6.770384000032209,0.0,0,0
d1000_rcs0.2_k8,88,v1,0.8,0.06,8,38,10,1.0,5120.0,8.533333333333335,3.791038600029424,0.0,0,0
d1000_rcs0.2_k8,88,joint,0.8,0.06333333333333334,8,39,10,1.0,5120.0,8.533333333333335,3.9649578001117334,0.01600030054210211,476,3
d1000_rcs0.2_k8,88,balanced,0.8,0.06333333333333334,8,60,10,1.0,5120.0,8.533333333333335,0.7049847999587655,0.0,0,0
d1000_rcs0.2_k8,88,robust,0.8,0.06333333333333334,8,55,10,1.0,5120.0,8.533333333333335,5.291130300029181,0.0,0,0
d1000_rcs0.2_k8,89,v1,0.8,0.023333333333333334,8,52,10,1.0,5120.0,8.533333333333335,6.00126790010836,0.0,0,0
d1000_rcs0.2_k8,89,joint,0.8,0.03,8,53,10,1.0,5120.0,8.533333333333335,6.208781300112605,0.023932434677857994,528,3
d1000_rcs0.2_k8,89,balanced,0.8,0.06,8,60,10,1.0,5120.0,8.533333333333335,0.8500019999919459,0.0,0,0
d1000_rcs0.2_k8,89,robust,0.8,0.04,8,60,10,1.0,5120.0,8.533333333333335,7.008175599970855,0.0,0,0
d1000_rcs0.2_k8,90,v1,0.7,0.06666666666666667,8,32,10,1.0,5120.0,8.533333333333335,3.738368999911472,0.0,0,0
d1000_rcs0.2_k8,90,joint,0.7,0.07,8,33,10,1.0,5120.0,8.533333333333335,3.9689983999123797,0.026580476946916787,657,4
d1000_rcs0.2_k8,90,balanced,0.8,0.06333333333333334,8,60,10,1.0,5120.0,8.533333333333335,0.8787381999427453,0.0,0,0
d1000_rcs0.2_k8,90,robust,0.7,0.06333333333333334,8,60,10,1.0,5120.0,8.533333333333335,7.694520300021395,0.0,0,0
d1000_rcs0.2_k8,91,v1,0.3,0.02666666666666667,8,45,10,1.0,5120.0,8.533333333333335,4.614839299931191,0.0,0,0
d1000_rcs0.2_k8,91,joint,0.3,0.02,8,45,10,1.0,5120.0,8.533333333333335,4.840195699944161,0.005486840272094666,540,2
d1000_rcs0.2_k8,91,balanced,0.6,0.04666666666666667,8,60,10,1.0,5120.0,8.533333333333335,0.8264084999682382,0.0,0,0
d1000_rcs0.2_k8,91,robust,0.5,0.03333333333333333,8,60,10,1.0,5120.0,8.533333333333335,6.6608278000494465,0.0,0,0
d1000_rcs0.2_k8,92,v1,0.6,0.06666666666666667,8,49,10,1.0,5120.0,8.533333333333335,6.395929599995725,0.0,0,0
d1000_rcs0.2_k8,92,joint,0.6,0.06,8,50,10,1.0,5120.0,8.533333333333335,6.585863100131974,0.002293725949358283,466,3
d1000_rcs0.2_k8,92,balanced,0.5,0.04666666666666667,8,60,10,1.0,5120.0,8.533333333333335,1.1427568999351934,0.0,0,0
d1000_rcs0.2_k8,92,robust,0.5,0.06666666666666667,8,55,10,1.0,5120.0,8.533333333333335,7.235513600055128,0.0,0,0
d1000_rcs0.2_k8,93,v1,0.7,0.04,8,45,10,0.8888888888888888,5120.0,8.533333333333335,4.63224349997472,0.0,0,0
d1000_rcs0.2_k8,93,joint,0.7,0.04,8,45,10,0.8888888888888888,5120.0,8.533333333333335,4.8004164000740275,0.0,450,0
d1000_rcs0.2_k8,93,balanced,0.6,0.043333333333333335,8,60,10,0.9333333333333333,5120.0,8.533333333333335,0.8081648999359459,0.0,0,0
d1000_rcs0.2_k8,93,robust,0.7,0.04666666666666667,8,60,10,0.9166666666666666,5120.0,8.533333333333335,6.828223300050013,0.0,0,0
d1000_rcs0.2_k8,94,v1,0.6,0.04,8,44,10,1.0,5120.0,8.533333333333335,4.521587299997918,0.0,0,0
d1000_rcs0.2_k8,94,joint,0.8,0.04,8,45,10,1.0,5120.0,8.533333333333335,4.757933999877423,0.0656586787519858,620,6
d1000_rcs0.2_k8,94,balanced,0.7,0.043333333333333335,8,60,10,1.0,5120.0,8.533333333333335,0.7668806000147015,0.0,0,0
d1000_rcs0.2_k8,94,robust,0.7,0.04666666666666667,8,60,10,1.0,5120.0,8.533333333333335,6.218005700036883,0.0,0,0
d1000_rcs0.2_k8,95,v1,0.7,0.056666666666666664,8,46,10,1.0,5120.0,8.533333333333335,3.784786699921824,0.0,0,0
d1000_rcs0.2_k8,95,joint,0.7,0.056666666666666664,8,46,10,1.0,5120.0,8.533333333333335,3.9294018999207765,0.0,419,0
d1000_rcs0.2_k8,95,balanced,0.7,0.04666666666666667,8,60,10,1.0,5120.0,8.533333333333335,0.46601380000356585,0.0,0,0
d1000_rcs0.2_k8,95,robust,0.7,0.06333333333333334,8,55,10,0.9818181818181818,5120.0,8.533333333333335,4.665750700049102,0.0,0,0
d1000_rcs0.2_k8,96,v1,0.8,0.04,5,25,10,0.96,3200.0,5.333333333333334,2.9527602000162005,0.0,0,0
d1000_rcs0.2_k8,96,joint,0.8,0.043333333333333335,4,25,10,0.96,2560.0,4.266666666666667,3.227826700080186,0.00533333333333319,826,1
d1000_rcs0.2_k8,96,balanced,0.9,0.05333333333333334,8,60,10,0.8833333333333333,5120.0,8.533333333333335,0.8511308999732137,0.0,0,0
d1000_rcs0.2_k8,96,robust,0.9,0.05333333333333334,8,60,10,0.8666666666666667,5120.0,8.533333333333335,7.196182699990459,0.0,0,0
d1000_rcs0.2_k8,97,v1,0.7,0.05,8,30,10,1.0,5120.0,8.533333333333335,2.7927837000461295,0.0,0,0
d1000_rcs0.2_k8,97,joint,0.7,0.04666666666666667,7,31,10,1.0,4480.0,7.466666666666669,3.0981777000706643,0.18212021291095137,829,2
d1000_rcs0.2_k8,97,balanced,0.8,0.05333333333333334,8,60,10,1.0,5120.0,8.533333333333335,0.9052197999553755,0.0,0,0
d1000_rcs0.2_k8,97,robust,0.8,0.06666666666666667,8,60,10,1.0,5120.0,8.533333333333335,7.078428799984977,0.0,0,0
d1000_rcs0.2_k8,98,v1,0.6,0.043333333333333335,8,37,10,1.0,5120.0,8.533333333333335,4.413773100008257,0.0,0,0
d1000_rcs0.2_k8,98,joint,0.6,0.043333333333333335,7,37,10,1.0,4480.0,7.466666666666669,4.6392542000394315,0.005333333333332746,695,1
d1000_rcs0.2_k8,98,balanced,0.7,0.03666666666666667,8,60,10,1.0,5120.0,8.533333333333335,0.7962218000320718,0.0,0,0
d1000_rcs0.2_k8,98,robust,0.8,0.03,8,60,10,1.0,5120.0,8.533333333333335,6.643231900059618,0.0,0,0
d1000_rcs0.2_k8,99,v1,0.7,0.043333333333333335,8,28,10,1.0,5120.0,8.533333333333335,3.57464940007776,0.0,0,0
d1000_rcs0.2_k8,99,joint,0.7,0.043333333333333335,7,29,10,1.0,4480.0,7.466666666666669,3.7974072000943124,0.00970750733859882,634,3
d1000_rcs0.2_k8,99,balanced,0.8,0.04666666666666667,8,60,10,1.0,5120.0,8.533333333333335,0.9573274999856949,0.0,0,0
d1000_rcs0.2_k8,99,robust,0.9,0.043333333333333335,8,55,10,1.0,5120.0,8.533333333333335,7.973122700001113,0.0,0,0
d1500_rcs0.2_k8,0,v1,0.7,0.04666666666666667,7,50,10,1.0,4480.0,7.466666666666669,5.094952700077556,0.0,0,0
d1500_rcs0.2_k8,0,joint,0.7,0.04666666666666667,7,50,10,1.0,4480.0,7.466666666666669,5.290992200025357,0.0,561,0
d1500_rcs0.2_k8,0,balanced,0.7,0.056666666666666664,8,60,10,1.0,5120.0,8.533333333333335,0.6921124999644235,0.0,0,0
d1500_rcs0.2_k8,0,robust,0.7,0.05,8,55,10,1.0,5120.0,8.533333333333335,5.828646600013599,0.0,0,0
d1500_rcs0.2_k8,1,v1,0.5,0.03666666666666667,8,55,10,0.9636363636363636,5120.0,8.533333333333335,5.060005900100805,0.0,0,0
d1500_rcs0.2_k8,1,joint,0.5,0.03666666666666667,8,55,10,0.9636363636363636,5120.0,8.533333333333335,5.230071099940687,0.0,477,0
d1500_rcs0.2_k8,1,balanced,0.4,0.03666666666666667,8,60,10,0.9333333333333333,5120.0,8.533333333333335,0.5202128000091761,0.0,0,0
d1500_rcs0.2_k8,1,robust,0.4,0.03,8,60,10,0.95,5120.0,8.533333333333335,5.645661800052039,0.0,0,0
d1500_rcs0.2_k8,2,v1,0.3,0.05333333333333334,8,36,10,1.0,5120.0,8.533333333333335,3.316899499972351,0.0,0,0
d1500_rcs0.2_k8,2,joint,0.3,0.06,8,36,10,1.0,5120.0,8.533333333333335,3.504212799947709,0.05151474282317592,470,2
d1500_rcs0.2_k8,2,balanced,0.7,0.06,8,60,10,1.0,5120.0,8.533333333333335,0.6608637999743223,0.0,0,0
d1500_rcs0.2_k8,2,robust,0.6,0.06333333333333334,8,60,10,1.0,5120.0,8.533333333333335,5.9914126000367105,0.0,0,0
d1500_rcs0.2_k8,3,v1,0.7,0.08,8,47,10,1.0,5120.0,8.533333333333335,5.316911799949594,0.0,0,0
d1500_rcs0.2_k8,3,joint,0.7,0.08,8,47,10,1.0,5120.0,8.533333333333335,5.497032499988563,0.0,488,0
d1500_rcs0.2_k8,3,balanced,0.8,0.06333333333333334,8,60,10,1.0,5120.0,8.533333333333335,0.8200923999538645,0.0,0,0
d1500_rcs0.2_k8,3,robust,0.7,0.07333333333333333,8,60,10,1.0,5120.0,8.533333333333335,7.9879195999819785,0.0,0,0
d1500_rcs0.2_k8,4,v1,0.6,0.06666666666666667,8,42,10,1.0,5120.0,8.533333333333335,4.545302900020033,0.0,0,0
d1500_rcs0.2_k8,4,joint,0.6,0.07,7,42,10,1.0,4480.0,7.466666666666669,4.816672500106506,0.008870032487474866,750,2
d1500_rcs0.2_k8,4,balanced,0.6,0.06,8,60,10,1.0,5120.0,8.533333333333335,0.6372569999657571,0.0,0,0
d1500_rcs0.2_k8,4,robust,0.6,0.07,8,55,10,1.0,5120.0,8.533333333333335,5.433015699964017,0.0,0,0
d1500_rcs0.2_k8,5,v1,0.4,0.04,8,50,10,1.0,5120.0,8.533333333333335,5.509994500083849,0.0,0,0
d1500_rcs0.2_k8,5,joint,0.4,0.03666666666666667,8,51,10,1.0,5120.0,8.533333333333335,5.719802899984643,0.03590992886048072,513,2
d1500_rcs0.2_k8,5,balanced,0.3,0.02666666666666667,8,60,10,1.0,5120.0,8.533333333333335,0.8393025000113994,0.0,0,0
d1500_rcs0.2_k8,5,robust,0.3,0.04,8,50,10,1.0,5120.0,8.533333333333335,5.575522499973886,0.0,0,0
d1500_rcs0.2_k8,6,v1,0.7,0.05,8,57,10,0.9473684210526315,5120.0,8.533333333333335,5.8302644999930635,0.0,0,0
d1500_rcs0.2_k8,6,joint,0.7,0.06333333333333334,8,58,10,0.9482758620689655,5120.0,8.533333333333335,6.038971900008619,0.02367029950436328,536,3
d1500_rcs0.2_k8,6,balanced,0.6,0.05333333333333334,8,60,10,0.95,5120.0,8.533333333333335,0.7880962999770418,0.0,0,0
d1500_rcs0.2_k8,6,robust,0.7,0.043333333333333335,8,60,10,0.95,5120.0,8.533333333333335,6.667511000065133,0.0,0,0
d1500_rcs0.2_k8,7,v1,0.8,0.03666666666666667,7,42,10,1.0,4480.0,7.466666666666669,4.734224500018172,0.0,0,0
d1500_rcs0.2_k8,7,joint,0.8,0.03666666666666667,6,42,10,1.0,3840.0,6.400000000000001,5.046086800051853,0.0034812836179543005,833,1
d1500_rcs0.2_k8,7,balanced,0.8,0.03666666666666667,8,60,10,1.0,5120.0,8.533333333333335,0.839888299931772,0.0,0,0
d1500_rcs0.2_k8,7,robust,0.8,0.03666666666666667,8,55,10,1.0,5120.0,8.533333333333335,6.2035067999968305,0.0,0,0
d1500_rcs0.2_k8,8,v1,0.6,0.06333333333333334,8,41,10,1.0,5120.0,8.533333333333335,3.8188037000363693,0.0,0,0
d1500_rcs0.2_k8,8,joint,0.6,0.05333333333333334,5,32,10,1.0,3200.0,5.333333333333334,4.1589844999834895,0.24672976996120344,906,4
d1500_rcs0.2_k8,8,balanced,0.6,0.05333333333333334,8,60,10,0.9833333333333333,5120.0,8.533333333333335,0.5803771000355482,0.0,0,0
d1500_rcs0.2_k8,8,robust,0.6,0.06666666666666667,8,55,10,0.9636363636363636,5120.0,8.533333333333335,5.078375099925324,0.0,0,0
d1500_rcs0.2_k8,9,v1,0.5,0.04,8,53,10,1.0,5120.0,8.533333333333335,5.777806999976747,0.0,0,0
d1500_rcs0.2_k8,9,joint,0.5,0.043333333333333335,8,53,10,1.0,5120.0,8.533333333333335,5.990932299988344,0.0074533076249786445,576,2
d1500_rcs0.2_k8,9,balanced,0.6,0.05,8,60,10,1.0,5120.0,8.533333333333335,0.8237961999839172,0.0,0,0
d1500_rcs0.2_k8,9,robust,0.5,0.04,8,60,10,1.0,5120.0,8.533333333333335,6.334448700072244,0.0,0,0
d1500_rcs0.2_k8,10,v1,0.6,0.06,8,48,10,1.0,5120.0,8.533333333333335,6.021025199908763,0.0,0,0
d1500_rcs0.2_k8,10,joint,0.6,0.06,8,48,10,1.0,5120.0,8.533333333333335,6.17752959986683,0.0,435,0
d1500_rcs0.2_k8,10,balanced,0.7,0.06,8,60,10,1.0,5120.0,8.533333333333335,0.9197954999981448,0.0,0,0
d1500_rcs0.2_k8,10,robust,0.6,0.056666666666666664,8,60,10,1.0,5120.0,8.533333333333335,8.335193200036883,0.0,0,0
d1500_rcs0.2_k8,11,v1,0.6,0.07333333333333333,3,38,10,1.0,1920.0,3.2,4.8339089000364766,0.0,0,0
d1500_rcs0.2_k8,11,joint,0.7,0.07,6,38,10,1.0,3840.0,6.400000000000001,5.276927700033411,0.7305797792776679,1090,2
d1500_rcs0.2_k8,11,balanced,0.6,0.06666666666666667,8,60,10,1.0,5120.0,8.533333333333335,0.911286799935624,0.0,0,0
d1500_rcs0.2_k8,11,robust,0.6,0.07,8,55,10,1.0,5120.0,8.533333333333335,6.2250189000042155,0.0,0,0
d1500_rcs0.2_k8,12,v1,0.3,0.07333333333333333,8,47,10,1.0,5120.0,8.533333333333335,5.437611699919216,0.0,0,0
d1500_rcs0.2_k8,12,joint,0.4,0.06333333333333334,8,48,10,1.0,5120.0,8.533333333333335,5.655177899985574,0.028930928411010748,577,3
d1500_rcs0.2_k8,12,balanced,0.4,0.07,8,60,10,1.0,5120.0,8.533333333333335,0.9141035999637097,0.0,0,0
d1500_rcs0.2_k8,12,robust,0.4,0.07,8,60,10,1.0,5120.0,8.533333333333335,7.456237200065516,0.0,0,0
d1500_rcs0.2_k8,13,v1,0.5,0.04,8,53,10,1.0,5120.0,8.533333333333335,5.703352399985306,0.0,0,0
d1500_rcs0.2_k8,13,joint,0.5,0.04,8,49,10,1.0,5120.0,8.533333333333335,5.91984109999612,0.10439364264132628,505,2
d1500_rcs0.2_k8,13,balanced,0.6,0.06333333333333334,8,60,10,1.0,5120.0,8.533333333333335,0.6605468000052497,0.0,0,0
d1500_rcs0.2_k8,13,robust,0.5,0.04666666666666667,8,55,10,1.0,5120.0,8.533333333333335,5.8714878000319,0.0,0,0
d1500_rcs0.2_k8,14,v1,0.4,0.05333333333333334,6,38,10,1.0,3840.0,6.400000000000001,4.484907699981704,0.0,0,0
d1500_rcs0.2_k8,14,joint,0.4,0.05333333333333334,6,38,10,1.0,3840.0,6.400000000000001,4.714868300012313,0.0,741,0
d1500_rcs0.2_k8,14,balanced,0.6,0.043333333333333335,8,60,10,1.0,5120.0,8.533333333333335,0.8273817000444978,0.0,0,0
d1500_rcs0.2_k8,14,robust,0.5,0.04666666666666667,8,45,10,1.0,5120.0,8.533333333333335,4.49250499997288,0.0,0,0
d1500_rcs0.2_k8,15,v1,0.9,0.05,8,45,10,1.0,5120.0,8.533333333333335,4.972422000020742,0.0,0,0
d1500_rcs0.2_k8,15,joint,0.9,0.043333333333333335,8,46,10,1.0,5120.0,8.533333333333335,5.208900100085884,0.08478923460846133,582,3
d1500_rcs0.2_k8,15,balanced,0.9,0.04,8,60,10,1.0,5120.0,8.533333333333335,0.8955857999389991,0.0,0,0
d1500_rcs0.2_k8,15,robust,0.9,0.04,8,60,10,1.0,5120.0,8.533333333333335,6.397275700001046,0.0,0,0
d1500_rcs0.2_k8,16,v1,0.7,0.056666666666666664,8,52,10,1.0,5120.0,8.533333333333335,5.32778260007035,0.0,0,0
d1500_rcs0.2_k8,16,joint,0.7,0.056666666666666664,8,52,10,1.0,5120.0,8.533333333333335,5.490101700066589,0.0,448,0
d1500_rcs0.2_k8,16,balanced,0.8,0.07333333333333333,8,60,10,1.0,5120.0,8.533333333333335,0.8496187999844551,0.0,0,0
d1500_rcs0.2_k8,16,robust,0.8,0.07333333333333333,8,60,10,1.0,5120.0,8.533333333333335,6.910065099946223,0.0,0,0
d1500_rcs0.2_k8,17,v1,0.4,0.056666666666666664,7,42,10,1.0,4480.0,7.466666666666669,4.901259499951266,0.0,0,0
d1500_rcs0.2_k8,17,joint,0.4,0.056666666666666664,7,42,10,1.0,4480.0,7.466666666666669,5.127416000002995,0.0,690,0
d1500_rcs0.2_k8,17,balanced,0.6,0.04666666666666667,8,60,10,1.0,5120.0,8.533333333333335,0.7571432000258937,0.0,0,0
d1500_rcs0.2_k8,17,robust,0.6,0.05,8,55,10,1.0,5120.0,8.533333333333335,5.718110399902798,0.0,0,0
d1500_rcs0.2_k8,18,v1,0.4,0.03666666666666667,8,45,10,1.0,5120.0,8.533333333333335,4.119300900027156,0.0,0,0
d1500_rcs0.2_k8,18,joint,0.3,0.04666666666666667,6,41,10,1.0,3840.0,6.400000000000001,4.453627699869685,0.3915197655004494,820,6
d1500_rcs0.2_k8,18,balanced,0.4,0.056666666666666664,8,60,10,1.0,5120.0,8.533333333333335,0.45736990007571876,0.0,0,0
d1500_rcs0.2_k8,18,robust,0.4,0.043333333333333335,8,50,10,1.0,5120.0,8.533333333333335,3.6552065999712795,0.0,0,0
d1500_rcs0.2_k8,19,v1,0.7,0.06,8,38,10,1.0,5120.0,8.533333333333335,3.5565814001020044,0.0,0,0
d1500_rcs0.2_k8,19,joint,0.7,0.06,8,41,10,1.0,5120.0,8.533333333333335,3.800932800048031,0.12504537333512,636,7
d1500_rcs0.2_k8,19,balanced,0.7,0.05,8,60,10,1.0,5120.0,8.533333333333335,0.695512400008738,0.0,0,0
d1500_rcs0.2_k8,19,robust,0.7,0.04666666666666667,8,55,10,1.0,5120.0,8.533333333333335,5.9365089000202715,0.0,0,0
d1500_rcs0.2_k8,20,v1,0.5,0.08333333333333333,8,41,10,1.0,5120.0,8.533333333333335,3.720233300002292,0.0,0,0
d1500_rcs0.2_k8,20,joint,0.7,0.07666666666666666,8,41,10,1.0,5120.0,8.533333333333335,3.9570509999757633,0.10869284243957589,658,4
d1500_rcs0.2_k8,20,balanced,0.6,0.07666666666666666,8,60,10,0.9833333333333333,5120.0,8.533333333333335,0.6206898000091314,0.0,0,0
d1500_rcs0.2_k8,20,robust,0.6,0.06,8,60,10,0.9666666666666667,5120.0,8.533333333333335,5.908395199920051,0.0,0,0
d1500_rcs0.2_k8,21,v1,0.7,0.056666666666666664,5,42,10,1.0,3200.0,5.333333333333334,5.0008576000109315,0.0,0,0
d1500_rcs0.2_k8,21,joint,0.7,0.056666666666666664,8,42,10,1.0,5120.0,8.533333333333335,5.355871200095862,0.024058544827656347,931,1
d1500_rcs0.2_k8,21,balanced,0.8,0.03,8,60,10,1.0,5120.0,8.533333333333335,0.8379276000196114,0.0,0,0
d1500_rcs0.2_k8,21,robust,0.8,0.056666666666666664,8,55,10,1.0,5120.0,8.533333333333335,6.392987999948673,0.0,0,0
d1500_rcs0.2_k8,22,v1,0.7,0.07333333333333333,7,35,10,1.0,4480.0,7.466666666666669,3.8147571000736207,0.0,0,0
d1500_rcs0.2_k8,22,joint,0.7,0.07333333333333333,7,35,10,1.0,4480.0,7.466666666666669,3.9976406000787392,0.0,577,0
d1500_rcs0.2_k8,22,balanced,0.8,0.06666666666666667,8,60,10,1.0,5120.0,8.533333333333335,0.8461072000209242,0.0,0,0
d1500_rcs0.2_k8,22,robust,0.8,0.056666666666666664,8,60,10,0.9833333333333333,5120.0,8.533333333333335,7.02976129995659,0.0,0,0
d1500_rcs0.2_k8,23,v1,0.8,0.04666666666666667,8,52,10,1.0,5120.0,8.533333333333335,5.499929099925794,0.0,0,0
d1500_rcs0.2_k8,23,joint,0.8,0.04666666666666667,8,52,10,1.0,5120.0,8.533333333333335,5.652478499920107,0.0,443,0
d1500_rcs0.2_k8,23,balanced,0.8,0.05,8,60,10,1.0,5120.0,8.533333333333335,0.8660396999912336,0.0,0,0
d1500_rcs0.2_k8,23,robust,0.7,0.03333333333333333,8,55,10,1.0,5120.0,8.533333333333335,5.799590100068599,0.0,0,0
d1500_rcs0.2_k8,24,v1,0.7,0.04666666666666667,8,35,10,1.0,5120.0,8.533333333333335,3.5451162999961525,0.0,0,0
d1500_rcs0.2_k8,24,joint,0.6,0.056666666666666664,7,35,10,1.0,4480.0,7.466666666666669,3.8043269999325275,0.07385058500876632,687,5
d1500_rcs0.2_k8,24,balanced,0.8,0.08,8,60,10,1.0,5120.0,8.533333333333335,0.8841479999246076,0.0,0,0
d1500_rcs0.2_k8,24,robust,0.8,0.07666666666666666,8,60,10,1.0,5120.0,8.533333333333335,6.680058900034055,0.0,0,0
d1500_rcs0.2_k8,25,v1,0.6,0.05333333333333334,8,50,10,1.0,5120.0,8.533333333333335,4.564729599980637,0.0,0,0
d1500_rcs0.2_k8,25,joint,0.6,0.05333333333333334,8,50,10,1.0,5120.0,8.533333333333335,4.741847899975255,0.0,480,0
d1500_rcs0.2_k8,25,balanced,0.6,0.03,8,60,10,1.0,5120.0,8.533333333333335,0.5926681999117136,0.0,0,0
d1500_rcs0.2_k8,25,robust,0.7,0.05,8,47,10,1.0,5120.0,8.533333333333335,3.9498051000991836,0.0,0,0
d1500_rcs0.2_k8,26,v1,0.5,0.04,8,45,10,1.0,5120.0,8.533333333333335,4.391052499995567,0.0,0,0
d1500_rcs0.2_k8,26,joint,0.6,0.04,8,48,10,1.0,5120.0,8.533333333333335,4.625558000057936,0.05099375259295558,610,8
d1500_rcs0.2_k8,26,balanced,0.6,0.03333333333333333,8,60,10,1.0,5120.0,8.533333333333335,0.7303619999438524,0.0,0,0
d1500_rcs0.2_k8,26,robust,0.5,0.04,8,55,10,1.0,5120.0,8.533333333333335,5.117669900064357,0.0,0,0
d1500_rcs0.2_k8,27,v1,0.7,0.03333333333333333,8,51,10,1.0,5120.0,8.533333333333335,4.801334099960513,0.0,0,0
d1500_rcs0.2_k8,27,joint,0.7,0.03333333333333333,8,51,10,1.0,5120.0,8.533333333333335,4.958688099985011,0.0,454,0
d1500_rcs0.2_k8,27,balanced,0.8,0.03666666666666667,8,60,10,1.0,5120.0,8.533333333333335,0.5586926999967545,0.0,0,0
d1500_rcs0.2_k8,27,robust,0.8,0.03333333333333333,8,60,10,1.0,5120.0,8.533333333333335,5.693809799966402,0.0,0,0
d1500_rcs0.2_k8,28,v1,0.5,0.02666666666666667,8,55,10,1.0,5120.0,8.533333333333335,4.816606300068088,0.0,0,0
d1500_rcs0.2_k8,28,joint,0.5,0.02666666666666667,8,55,10,1.0,5120.0,8.533333333333335,4.990648600040004,0.0,470,0
d1500_rcs0.2_k8,28,balanced,0.5,0.03333333333333333,8,60,10,1.0,5120.0,8.533333333333335,0.5620065999682993,0.0,0,0
d1500_rcs0.2_k8,28,robust,0.5,0.03333333333333333,8,60,10,1.0,5120.0,8.533333333333335,5.859390300000086,0.0,0,0
d1500_rcs0.2_k8,29,v1,0.6,0.023333333333333334,8,46,10,0.9782608695652174,5120.0,8.533333333333335,4.175395399914123,0.0,0,0
d1500_rcs0.2_k8,29,joint,0.6,0.02666666666666667,8,42,10,0.9761904761904762,5120.0,8.533333333333335,4.379577200044878,0.6426779821472248,537,3
d1500_rcs0.2_k8,29,balanced,0.6,0.043333333333333335,8,60,10,0.9666666666666667,5120.0,8.533333333333335,0.5508757999632508,0.0,0,0
d1500_rcs0.2_k8,29,robust,0.6,0.03333333333333333,8,60,10,0.9666666666666667,5120.0,8.533333333333335,5.698873599991202,0.0,0,0
d1500_rcs0.2_k8,30,v1,0.8,0.06333333333333334,8,50,10,0.92,5120.0,8.533333333333335,5.17062570003327,0.0,0,0
d1500_rcs0.2_k8,30,joint,0.8,0.06333333333333334,8,50,10,0.92,5120.0,8.533333333333335,5.3240974000655115,0.0,435,0
d1500_rcs0.2_k8,30,balanced,0.7,0.056666666666666664,8,60,10,0.9333333333333333,5120.0,8.533333333333335,0.7928907999303192,0.0,0,0
d1500_rcs0.2_k8,30,robust,0.6,0.03,8,50,10,0.92,5120.0,8.533333333333335,4.924700199975632,0.0,0,0
d1500_rcs0.2_k8,31,v1,0.6,0.06333333333333334,8,46,10,1.0,5120.0,8.533333333333335,5.060277400072664,0.0,0,0
d1500_rcs0.2_k8,31,joint,0.6,0.06,5,41,10,1.0,3200.0,5.333333333333334,5.370341500034556,0.020829630718345538,801,2
d1500_rcs0.2_k8,31,balanced,0.6,0.05333333333333334,8,60,10,1.0,5120.0,8.533333333333335,0.8814741999376565,0.0,0,0
d1500_rcs0.2_k8,31,robust,0.5,0.056666666666666664,8,47,10,1.0,5120.0,8.533333333333335,4.7027915000217035,0.0,0,0
d1500_rcs0.2_k8,32,v1,0.5,0.043333333333333335,8,38,10,1.0,5120.0,8.533333333333335,3.2737303000176325,0.0,0,0
d1500_rcs0.2_k8,32,joint,0.5,0.05333333333333334,8,39,10,1.0,5120.0,8.533333333333335,3.5395081001333892,0.1870085173570356,723,6
d1500_rcs0.2_k8,32,balanced,0.4,0.03333333333333333,8,60,10,1.0,5120.0,8.533333333333335,0.6493928999407217,0.0,0,0
d1500_rcs0.2_k8,32,robust,0.7,0.04,8,56,10,1.0,5120.0,8.533333333333335,5.368416500044987,0.0,0,0
d1500_rcs0.2_k8,33,v1,0.7,0.05,7,47,10,1.0,4480.0,7.466666666666669,5.564036099938676,0.0,0,0
d1500_rcs0.2_k8,33,joint,0.6,0.05333333333333334,7,48,10,1.0,4480.0,7.466666666666669,5.874762500054203,0.42124715203560004,787,4
d1500_rcs0.2_k8,33,balanced,0.7,0.05333333333333334,8,60,10,1.0,5120.0,8.533333333333335,0.7687329000327736,0.0,0,0
d1500_rcs0.2_k8,33,robust,0.7,0.04666666666666667,8,60,10,1.0,5120.0,8.533333333333335,7.951084399945103,0.0,0,0
d1500_rcs0.2_k8,34,v1,0.6,0.05,8,39,10,1.0,5120.0,8.533333333333335,4.730334000079893,0.0,0,0
d1500_rcs0.2_k8,34,joint,0.5,0.05333333333333334,8,35,10,1.0,5120.0,8.533333333333335,5.010968599934131,0.19250044404009725,719,3
d1500_rcs0.2_k8,34,balanced,0.7,0.05,8,60,10,1.0,5120.0,8.533333333333335,0.792268400080502,0.0,0,0
d1500_rcs0.2_k8,34,robust,0.7,0.05,8,60,10,1.0,5120.0,8.533333333333335,6.581326099927537,0.0,0,0
d1500_rcs0.2_k8,35,v1,0.5,0.06333333333333334,8,59,10,1.0,5120.0,8.533333333333335,6.401385899982415,0.0,0,0
d1500_rcs0.2_k8,35,joint,0.5,0.06333333333333334,8,59,10,1.0,5120.0,8.533333333333335,6.615282799932174,0.014070536401134759,497,1
d1500_rcs0.2_k8,35,balanced,0.5,0.05333333333333334,8,60,10,1.0,5120.0,8.533333333333335,0.6827135001076385,0.0,0,0
d1500_rcs0.2_k8,35,robust,0.5,0.06666666666666667,8,60,10,1.0,5120.0,8.533333333333335,7.069376600091346,0.0,0,0
d1500_rcs0.2_k8,36,v1,0.5,0.04,8,51,10,1.0,5120.0,8.533333333333335,4.628982899943367,0.0,0,0
d1500_rcs0.2_k8,36,joint,0.6,0.03666666666666667,8,52,10,1.0,5120.0,8.533333333333335,4.874632699880749,0.014584696168139843,627,5
d1500_rcs0.2_k8,36,balanced,0.5,0.04666666666666667,8,60,10,1.0,5120.0,8.533333333333335,0.6021950000431389,0.0,0,0
d1500_rcs0.2_k8,36,robust,0.5,0.043333333333333335,8,60,10,1.0,5120.0,8.533333333333335,6.530934399925172,0.0,0,0
d1500_rcs0.2_k8,37,v1,0.6,0.043333333333333335,8,35,10,1.0,5120.0,8.533333333333335,3.0043036000570282,0.0,0,0
d1500_rcs0.2_k8,37,joint,0.6,0.043333333333333335,7,35,10,1.0,4480.0,7.466666666666669,3.2789600000251085,0.00533333333333319,735,1
d1500_rcs0.2_k8,37,balanced,0.6,0.05,8,60,10,1.0,5120.0,8.533333333333335,0.5887381000211462,0.0,0,0
d1500_rcs0.2_k8,37,robust,0.6,0.04666666666666667,8,60,10,1.0,5120.0,8.533333333333335,5.610143400030211,0.0,0,0
d1500_rcs0.2_k8,38,v1,0.4,0.06666666666666667,8,51,10,0.9803921568627451,5120.0,8.533333333333335,5.819193200091831,0.0,0,0
d1500_rcs0.2_k8,38,joint,0.4,0.06666666666666667,8,51,10,0.9803921568627451,5120.0,8.533333333333335,5.982801700010896,0.0,473,0
d1500_rcs0.2_k8,38,balanced,0.7,0.06,8,60,10,0.9666666666666667,5120.0,8.533333333333335,0.8860210999846458,0.0,0,0
d1500_rcs0.2_k8,38,robust,0.6,0.07333333333333333,8,60,10,0.9666666666666667,5120.0,8.533333333333335,7.007375800050795,0.0,0,0
d1500_rcs0.2_k8,39,v1,0.5,0.06333333333333334,8,47,10,1.0,5120.0,8.533333333333335,4.6098066999111325,0.0,0,0
d1500_rcs0.2_k8,39,joint,0.5,0.06333333333333334,8,48,10,1.0,5120.0,8.533333333333335,4.8145234999246895,0.07796753175182336,505,3
d1500_rcs0.2_k8,39,balanced,0.6,0.06666666666666667,8,60,10,1.0,5120.0,8.533333333333335,0.6414713999256492,0.0,0,0
d1500_rcs0.2_k8,39,robust,0.6,0.056666666666666664,8,60,10,1.0,5120.0,8.533333333333335,6.862835300038569,0.0,0,0
d1500_rcs0.2_k8,40,v1,0.7,0.04,8,46,10,1.0,5120.0,8.533333333333335,4.350281800027005,0.0,0,0
d1500_rcs0.2_k8,40,joint,0.7,0.043333333333333335,8,46,10,1.0,5120.0,8.533333333333335,4.560022700112313,0.01971501757420213,509,2
d1500_rcs0.2_k8,40,balanced,0.5,0.056666666666666664,8,60,10,1.0,5120.0,8.533333333333335,0.721586599946022,0.0,0,0
d1500_rcs0.2_k8,40,robust,0.5,0.043333333333333335,8,55,10,1.0,5120.0,8.533333333333335,5.6439631000394,0.0,0,0
d1500_rcs0.2_k8,41,v1,0.4,0.07333333333333333,8,46,10,1.0,5120.0,8.533333333333335,4.6243223999626935,0.0,0,0
d1500_rcs0.2_k8,41,joint,0.4,0.07666666666666666,8,46,10,1.0,5120.0,8.533333333333335,4.816016299999319,0.00859822554363776,498,2
d1500_rcs0.2_k8,41,balanced,0.6,0.06,8,60,10,1.0,5120.0,8.533333333333335,0.8617924000136554,0.0,0,0
d1500_rcs0.2_k8,41,robust,0.6,0.056666666666666664,8,60,10,1.0,5120.0,8.533333333333335,6.950482300017029,0.0,0,0
d1500_rcs0.2_k8,42,v1,0.4,0.05,8,52,10,1.0,5120.0,8.533333333333335,5.254310699994676,0.0,0,0
d1500_rcs0.2_k8,42,joint,0.5,0.04666666666666667,8,49,10,1.0,5120.0,8.533333333333335,5.5339703999925405,0.16247900996748466,700,6
d1500_rcs0.2_k8,42,balanced,0.5,0.05,8,60,10,1.0,5120.0,8.533333333333335,0.7477312000701204,0.0,0,0
d1500_rcs0.2_k8,42,robust,0.4,0.06333333333333334,8,55,10,1.0,5120.0,8.533333333333335,6.466260600020178,0.0,0,0
d1500_rcs0.2_k8,43,v1,0.7,0.03,8,46,10,0.9565217391304348,5120.0,8.533333333333335,4.902830799925141,0.0,0,0
d1500_rcs0.2_k8,43,joint,0.7,0.03,8,46,10,0.9565217391304348,5120.0,8.533333333333335,5.059680399834178,0.0,431,0
d1500_rcs0.2_k8,43,balanced,0.6,0.04,8,60,10,0.9833333333333333,5120.0,8.533333333333335,0.8656543999677524,0.0,0,0
d1500_rcs0.2_k8,43,robust,0.7,0.043333333333333335,8,55,10,0.9818181818181818,5120.0,8.533333333333335,6.215352300088853,0.0,0,0
d1500_rcs0.2_k8,44,v1,0.7,0.05333333333333334,8,43,10,1.0,5120.0,8.533333333333335,4.668079099967144,0.0,0,0
d1500_rcs0.2_k8,44,joint,0.7,0.05333333333333334,8,45,10,1.0,5120.0,8.533333333333335,4.8886196000967175,0.0315347101292327,637,6
d1500_rcs0.2_k8,44,balanced,0.7,0.08,8,60,10,1.0,5120.0,8.533333333333335,0.7255874999100342,0.0,0,0
d1500_rcs0.2_k8,44,robust,0.5,0.05333333333333334,8,50,10,1.0,5120.0,8.533333333333335,4.475330100045539,0.0,0,0
d1500_rcs0.2_k8,45,v1,0.6,0.08333333333333333,8,46,10,1.0,5120.0,8.533333333333335,4.250967200030573,0.0,0,0
d1500_rcs0.2_k8,45,joint,0.6,0.07333333333333333,8,38,10,1.0,5120.0,8.533333333333335,4.519967200001702,0.6964920928660449,693,6
d1500_rcs0.2_k8,45,balanced,0.6,0.043333333333333335,8,60,10,1.0,5120.0,8.533333333333335,0.7441131999948993,0.0,0,0
d1500_rcs0.2_k8,45,robust,0.6,0.056666666666666664,8,55,10,1.0,5120.0,8.533333333333335,5.650157199939713,0.0,0,0
d1500_rcs0.2_k8,46,v1,0.4,0.056666666666666664,8,47,10,1.0,5120.0,8.533333333333335,4.2507686000317335,0.0,0,0
d1500_rcs0.2_k8,46,joint,0.5,0.05,8,38,10,1.0,5120.0,8.533333333333335,4.678289399947971,0.2627292447387375,996,6
d1500_rcs0.2_k8,46,balanced,0.6,0.05333333333333334,8,60,10,1.0,5120.0,8.533333333333335,0.6406039000721648,0.0,0,0
d1500_rcs0.2_k8,46,robust,0.5,0.056666666666666664,8,55,10,1.0,5120.0,8.533333333333335,4.8741594000021,0.0,0,0
d1500_rcs0.2_k8,47,v1,0.7,0.043333333333333335,8,40,10,1.0,5120.0,8.533333333333335,3.915285099996254,0.0,0,0
d1500_rcs0.2_k8,47,joint,0.7,0.043333333333333335,7,40,10,1.0,4480.0,7.466666666666669,4.22383070003707,0.004467325394035659,720,1
d1500_rcs0.2_k8,47,balanced,0.6,0.04666666666666667,8,60,10,1.0,5120.0,8.533333333333335,0.7276616999879479,0.0,0,0
d1500_rcs0.2_k8,47,robust,0.7,0.03333333333333333,8,60,10,1.0,5120.0,8.533333333333335,6.905601300066337,0.0,0,0
d1500_rcs0.2_k8,48,v1,0.8,0.04666666666666667,8,45,10,1.0,5120.0,8.533333333333335,4.26646279997658,0.0,0,0
d1500_rcs0.2_k8,48,joint,0.8,0.04666666666666667,8,45,10,1.0,5120.0,8.533333333333335,4.428400999982841,0.0,427,0
d1500_rcs0.2_k8,48,balanced,0.7,0.02666666666666667,8,60,10,1.0,5120.0,8.533333333333335,0.7085225000046194,0.0,0,0
d1500_rcs0.2_k8,48,robust,0.8,0.05333333333333334,8,60,10,1.0,5120.0,8.533333333333335,5.947538899956271,0.0,0,0
d1500_rcs0.2_k8,49,v1,0.4,0.05,8,32,10,0.96875,5120.0,8.533333333333335,3.4596005000639707,0.0,0,0
d1500_rcs0.2_k8,49,joint,0.5,0.043333333333333335,7,31,10,0.967741935483871,4480.0,7.466666666666669,3.718002599896863,0.20222241772227967,702,6
d1500_rcs0.2_k8,49,balanced,0.7,0.056666666666666664,8,60,10,0.9833333333333333,5120.0,8.533333333333335,0.693301200051792,0.0,0,0
d1500_rcs0.2_k8,49,robust,0.6,0.07,8,55,10,0.9818181818181818,5120.0,8.533333333333335,5.459814099944197,0.0,0,0
d1500_rcs0.2_k8,50,v1,0.5,0.04666666666666667,8,46,10,1.0,5120.0,8.533333333333335,4.656505600083619,0.0,0,0
d1500_rcs0.2_k8,50,joint,0.5,0.04666666666666667,8,47,10,1.0,5120.0,8.533333333333335,4.89169080008287,0.027999668142425715,538,3
d1500_rcs0.2_k8,50,balanced,0.7,0.043333333333333335,8,60,10,1.0,5120.0,8.533333333333335,0.850342100020498,0.0,0,0
d1500_rcs0.2_k8,50,robust,0.8,0.05333333333333334,8,60,10,1.0,5120.0,8.533333333333335,6.927808900014497,0.0,0,0
d1500_rcs0.2_k8,51,v1,0.3,0.04666666666666667,8,52,10,1.0,5120.0,8.533333333333335,5.819303500000387,0.0,0,0
d1500_rcs0.2_k8,51,joint,0.3,0.04,8,53,10,1.0,5120.0,8.533333333333335,6.015262199915014,0.013647770472472676,530,2
d1500_rcs0.2_k8,51,balanced,0.4,0.05,8,60,10,1.0,5120.0,8.533333333333335,0.8604831999400631,0.0,0,0
d1500_rcs0.2_k8,51,robust,0.4,0.05,8,55,10,1.0,5120.0,8.533333333333335,5.9305339000420645,0.0,0,0
d1500_rcs0.2_k8,52,v1,0.5,0.05333333333333334,8,51,10,1.0,5120.0,8.533333333333335,4.36523480003234,0.0,0,0
d1500_rcs0.2_k8,52,joint,0.5,0.06,8,51,10,1.0,5120.0,8.533333333333335,4.592904100078158,0.08668472238082259,563,3
d1500_rcs0.2_k8,52,balanced,0.5,0.04666666666666667,8,60,10,1.0,5120.0,8.533333333333335,0.6280555999837816,0.0,0,0
d1500_rcs0.2_k8,52,robust,0.6,0.05333333333333334,8,55,10,1.0,5120.0,8.533333333333335,5.376245399937034,0.0,0,0
d1500_rcs0.2_k8,53,v1,0.7,0.05,8,37,10,1.0,5120.0,8.533333333333335,4.708994199987501,0.0,0,0
d1500_rcs0.2_k8,53,joint,0.7,0.05,7,38,10,1.0,4480.0,7.466666666666669,4.944728699978441,0.0024012106409898593,649,2
d1500_rcs0.2_k8,53,balanced,0.8,0.043333333333333335,8,60,10,1.0,5120.0,8.533333333333335,0.7760085000190884,0.0,0,0
d1500_rcs0.2_k8,53,robust,0.7,0.043333333333333335,8,60,10,1.0,5120.0,8.533333333333335,6.516031500068493,0.0,0,0
d1500_rcs0.2_k8,54,v1,0.9,0.056666666666666664,8,31,10,1.0,5120.0,8.533333333333335,2.998564500012435,0.0,0,0
d1500_rcs0.2_k8,54,joint,0.9,0.056666666666666664,8,31,10,1.0,5120.0,8.533333333333335,3.162931199884042,0.0,432,0
d1500_rcs0.2_k8,54,balanced,0.9,0.05,8,60,10,1.0,5120.0,8.533333333333335,0.6558765000663698,0.0,0,0
d1500_rcs0.2_k8,54,robust,0.9,0.043333333333333335,8,60,10,1.0,5120.0,8.533333333333335,6.7203510999679565,0.0,0,0
d1500_rcs0.2_k8,55,v1,0.6,0.07666666666666666,8,46,10,1.0,5120.0,8.533333333333335,5.790167200029828,0.0,0,0
d1500_rcs0.2_k8,55,joint,0.6,0.07,8,46,10,1.0,5120.0,8.533333333333335,6.026825499953702,0.016810563138344392,561,3
d1500_rcs0.2_k8,55,balanced,0.6,0.08666666666666667,8,60,10,1.0,5120.0,8.533333333333335,1.056979599990882,0.0,0,0
d1500_rcs0.2_k8,55,robust,0.6,0.06333333333333334,8,55,10,1.0,5120.0,8.533333333333335,6.381318200030364,0.0,0,0
d1500_rcs0.2_k8,56,v1,0.6,0.07666666666666666,8,43,10,1.0,5120.0,8.533333333333335,5.190928900032304,0.0,0,0
d1500_rcs0.2_k8,56,joint,0.6,0.07333333333333333,7,43,10,1.0,4480.0,7.466666666666669,5.500207999954,0.01450967223743549,722,1
d1500_rcs0.2_k8,56,balanced,0.8,0.07,8,60,10,1.0,5120.0,8.533333333333335,0.9068845000583678,0.0,0,0
d1500_rcs0.2_k8,56,robust,0.8,0.06,8,55,10,1.0,5120.0,8.533333333333335,5.815642299945466,0.0,0,0
d1500_rcs0.2_k8,57,v1,0.6,0.02,8,53,10,1.0,5120.0,8.533333333333335,5.312945100013167,0.0,0,0
d1500_rcs0.2_k8,57,joint,0.6,0.02,8,53,10,1.0,5120.0,8.533333333333335,5.500377300078981,0.0,512,0
d1500_rcs0.2_k8,57,balanced,0.7,0.03333333333333333,8,60,10,1.0,5120.0,8.533333333333335,0.6103943000780419,0.0,0,0
d1500_rcs0.2_k8,57,robust,0.5,0.03,8,55,10,1.0,5120.0,8.533333333333335,5.242367499973625,0.0,0,0
d1500_rcs0.2_k8,58,v1,0.6,0.05333333333333334,8,43,10,1.0,5120.0,8.533333333333335,5.012304300093092,0.0,0,0
d1500_rcs0.2_k8,58,joint,0.6,0.05,7,44,10,1.0,4480.0,7.466666666666669,5.1956567000597715,0.03748220327959284,496,2
d1500_rcs0.2_k8,58,balanced,0.7,0.07333333333333333,8,60,10,1.0,5120.0,8.533333333333335,0.8385519000003114,0.0,0,0
d1500_rcs0.2_k8,58,robust,0.7,0.05333333333333334,8,55,10,1.0,5120.0,8.533333333333335,6.318736099987291,0.0,0,0
d1500_rcs0.2_k8,59,v1,0.4,0.06666666666666667,8,46,10,1.0,5120.0,8.533333333333335,5.228304499993101,0.0,0,0
d1500_rcs0.2_k8,59,joint,0.5,0.06666666666666667,8,47,10,1.0,5120.0,8.533333333333335,5.435697500011884,0.020513521835807985,509,3
d1500_rcs0.2_k8,59,balanced,0.4,0.04,8,60,10,1.0,5120.0,8.533333333333335,0.7567606000229716,0.0,0,0
d1500_rcs0.2_k8,59,robust,0.4,0.05333333333333334,8,60,10,1.0,5120.0,8.533333333333335,7.105848699924536,0.0,0,0
d1500_rcs0.2_k8,60,v1,0.5,0.07,8,36,10,1.0,5120.0,8.533333333333335,3.9756196999223903,0.0,0,0
d1500_rcs0.2_k8,60,joint,0.5,0.06666666666666667,8,32,10,1.0,5120.0,8.533333333333335,4.230008300044574,0.03515802501891985,689,2
d1500_rcs0.2_k8,60,balanced,0.9,0.07,8,60,10,1.0,5120.0,8.533333333333335,0.8731157999718562,0.0,0,0
d1500_rcs0.2_k8,60,robust,0.9,0.06333333333333334,8,60,10,1.0,5120.0,8.533333333333335,7.597911600023508,0.0,0,0
d1500_rcs0.2_k8,61,v1,0.5,0.043333333333333335,6,37,10,1.0,3840.0,6.400000000000001,4.710873599979095,0.0,0,0
d1500_rcs0.2_k8,61,joint,0.5,0.043333333333333335,6,37,10,1.0,3840.0,6.400000000000001,5.010449799941853,0.0,770,0
d1500_rcs0.2_k8,61,balanced,0.5,0.04666666666666667,8,60,10,0.9833333333333333,5120.0,8.533333333333335,0.8977859999286011,0.0,0,0
d1500_rcs0.2_k8,61,robust,0.6,0.05333333333333334,8,55,10,0.9818181818181818,5120.0,8.533333333333335,6.446709100040607,0.0,0,0
d1500_rcs0.2_k8,62,v1,0.6,0.05333333333333334,6,34,10,0.9705882352941176,3840.0,6.400000000000001,3.8745880000060424,0.0,0,0
d1500_rcs0.2_k8,62,joint,0.6,0.05,7,34,10,0.9705882352941176,4480.0,7.466666666666669,4.124354499974288,0.039556626078246615,667,1
d1500_rcs0.2_k8,62,balanced,0.6,0.03333333333333333,8,60,10,0.9666666666666667,5120.0,8.533333333333335,0.8873744000447914,0.0,0,0
d1500_rcs0.2_k8,62,robust,0.6,0.023333333333333334,8,60,10,0.9666666666666667,5120.0,8.533333333333335,7.706791099975817,0.0,0,0
d1500_rcs0.2_k8,63,v1,0.2,0.02666666666666667,8,50,10,1.0,5120.0,8.533333333333335,4.982052900013514,0.0,0,0
d1500_rcs0.2_k8,63,joint,0.2,0.02666666666666667,8,43,10,1.0,5120.0,8.533333333333335,5.29031800001394,0.1772131223304494,743,8
d1500_rcs0.2_k8,63,balanced,0.2,0.03666666666666667,8,60,10,1.0,5120.0,8.533333333333335,0.7152991000330076,0.0,0,0
d1500_rcs0.2_k8,63,robust,0.3,0.03666666666666667,8,45,10,1.0,5120.0,8.533333333333335,3.691718199988827,0.0,0,0
d1500_rcs0.2_k8,64,v1,0.4,0.07,8,47,10,1.0,5120.0,8.533333333333335,5.320200499962084,0.0,0,0
d1500_rcs0.2_k8,64,joint,0.4,0.07666666666666666,8,47,10,1.0,5120.0,8.533333333333335,5.532399200019427,0.013705812764356673,475,2
d1500_rcs0.2_k8,64,balanced,0.5,0.06666666666666667,8,60,10,1.0,5120.0,8.533333333333335,0.8534825999522582,0.0,0,0
d1500_rcs0.2_k8,64,robust,0.6,0.056666666666666664,8,55,10,1.0,5120.0,8.533333333333335,6.617523799999617,0.0,0,0
d1500_rcs0.2_k8,65,v1,0.5,0.07,8,44,10,1.0,5120.0,8.533333333333335,3.9021388000110164,0.0,0,0
d1500_rcs0.2_k8,65,joint,0.5,0.07,8,40,10,1.0,5120.0,8.533333333333335,4.10443729988765,0.528392288707991,492,3
d1500_rcs0.2_k8,65,balanced,0.5,0.056666666666666664,8,60,10,1.0,5120.0,8.533333333333335,0.57849260000512,0.0,0,0
d1500_rcs0.2_k8,65,robust,0.4,0.06,8,60,10,1.0,5120.0,8.533333333333335,5.9687105000484735,0.0,0,0
d1500_rcs0.2_k8,66,v1,0.6,0.04,6,35,10,1.0,3840.0,6.400000000000001,4.442680499982089,0.0,0,0
d1500_rcs0.2_k8,66,joint,0.6,0.05,6,36,10,1.0,3840.0,6.400000000000001,4.780785599956289,0.019621287432897372,933,5
d1500_rcs0.2_k8,66,balanced,0.8,0.043333333333333335,8,60,10,1.0,5120.0,8.533333333333335,0.7594062000280246,0.0,0,0
d1500_rcs0.2_k8,66,robust,0.8,0.06,8,60,10,1.0,5120.0,8.533333333333335,6.804466099943966,0.0,0,0
d1500_rcs0.2_k8,67,v1,0.7,0.05333333333333334,8,35,10,1.0,5120.0,8.533333333333335,4.183564999955706,0.0,0,0
d1500_rcs0.2_k8,67,joint,0.8,0.04,7,31,10,1.0,4480.0,7.466666666666669,4.436812999891117,0.7326021729534518,634,4
d1500_rcs0.2_k8,67,balanced,0.6,0.056666666666666664,8,60,10,1.0,5120.0,8.533333333333335,0.8477764000417665,0.0,0,0
d1500_rcs0.2_k8,67,robust,0.6,0.04666666666666667,8,60,10,1.0,5120.0,8.533333333333335,6.750342799932696,0.0,0,0
d1500_rcs0.2_k8,68,v1,0.5,0.04,5,34,10,1.0,3200.0,5.333333333333334,4.4696641999762505,0.0,0,0
d1500_rcs0.2_k8,68,joint,0.5,0.04,5,34,10,1.0,3200.0,5.333333333333334,4.746247099945322,0.0,812,0
d1500_rcs0.2_k8,68,balanced,0.5,0.02666666666666667,8,60,10,1.0,5120.0,8.533333333333335,0.7372611999744549,0.0,0,0
d1500_rcs0.2_k8,68,robust,0.7,0.03333333333333333,8,55,10,1.0,5120.0,8.533333333333335,5.72946459997911,0.0,0,0
d1500_rcs0.2_k8,69,v1,0.2,0.03333333333333333,8,55,10,1.0,5120.0,8.533333333333335,5.822723800083622,0.0,0,0
d1500_rcs0.2_k8,69,joint,0.2,0.04666666666666667,8,51,10,1.0,5120.0,8.533333333333335,6.042752000037581,0.2661186354780183,535,3
d1500_rcs0.2_k8,69,balanced,0.3,0.03666666666666667,8,60,10,1.0,5120.0,8.533333333333335,0.6400419999845326,0.0,0,0
d1500_rcs0.2_k8,69,robust,0.2,0.03333333333333333,8,55,10,1.0,5120.0,8.533333333333335,5.525019100052305,0.0,0,0
d1500_rcs0.2_k8,70,v1,0.6,0.056666666666666664,8,41,10,1.0,5120.0,8.533333333333335,4.142247600015253,0.0,0,0
d1500_rcs0.2_k8,70,joint,0.6,0.056666666666666664,8,37,10,1.0,5120.0,8.533333333333335,4.342112799989991,0.0017151276334419485,457,2
d1500_rcs0.2_k8,70,balanced,0.6,0.04666666666666667,8,60,10,1.0,5120.0,8.533333333333335,0.8940226000268012,0.0,0,0
d1500_rcs0.2_k8,70,robust,0.7,0.04,8,60,10,1.0,5120.0,8.533333333333335,7.410158599959686,0.0,0,0
d1500_rcs0.2_k8,71,v1,0.7,0.06,8,47,10,1.0,5120.0,8.533333333333335,5.6007453999482095,0.0,0,0
d1500_rcs0.2_k8,71,joint,0.7,0.06,8,48,10,1.0,5120.0,8.533333333333335,5.824342999956571,0.01076358918011866,504,3
d1500_rcs0.2_k8,71,balanced,0.7,0.06333333333333334,8,60,10,1.0,5120.0,8.533333333333335,1.0727738999994472,0.0,0,0
d1500_rcs0.2_k8,71,robust,0.7,0.06333333333333334,8,60,10,1.0,5120.0,8.533333333333335,8.2518552999245,0.0,0,0
d1500_rcs0.2_k8,72,v1,0.6,0.03333333333333333,8,54,10,0.9444444444444444,5120.0,8.533333333333335,6.376201999955811,0.0,0,0
d1500_rcs0.2_k8,72,joint,0.6,0.03333333333333333,8,54,10,0.9444444444444444,5120.0,8.533333333333335,6.56213549990207,0.0,464,0
d1500_rcs0.2_k8,72,balanced,0.7,0.023333333333333334,8,60,10,0.95,5120.0,8.533333333333335,0.8675089000025764,0.0,0,0
d1500_rcs0.2_k8,72,robust,0.6,0.02,8,60,10,0.9333333333333333,5120.0,8.533333333333335,6.674373500049114,0.0,0,0
d1500_rcs0.2_k8,73,v1,0.5,0.04,8,57,10,0.9824561403508771,5120.0,8.533333333333335,5.743677900056355,0.0,0,0
d1500_rcs0.2_k8,73,joint,0.5,0.02666666666666667,8,53,10,0.9622641509433962,5120.0,8.533333333333335,6.0032152000349015,0.05662385575666917,589,5
d1500_rcs0.2_k8,73,balanced,0.5,0.04,8,60,10,0.9833333333333333,5120.0,8.533333333333335,0.7376309999963269,0.0,0,0
d1500_rcs0.2_k8,73,robust,0.5,0.03666666666666667,8,55,10,0.9636363636363636,5120.0,8.533333333333335,5.7494040000019595,0.0,0,0
d1500_rcs0.2_k8,74,v1,0.1,0.06,8,55,10,1.0,5120.0,8.533333333333335,6.285342799965292,0.0,0,0
d1500_rcs0.2_k8,74,joint,0.1,0.06,8,55,10,1.0,5120.0,8.533333333333335,6.457731300033629,0.0,455,0
d1500_rcs0.2_k8,74,balanced,0.2,0.056666666666666664,8,60,10,1.0,5120.0,8.533333333333335,0.8708670999621972,0.0,0,0
d1500_rcs0.2_k8,74,robust,0.2,0.05333333333333334,8,55,10,1.0,5120.0,8.533333333333335,6.263479099958204,0.0,0,0
d1500_rcs0.2_k8,75,v1,0.4,0.04,8,45,10,1.0,5120.0,8.533333333333335,5.170895299990661,0.0,0,0
d1500_rcs0.2_k8,75,joint,0.4,0.04,8,45,10,1.0,5120.0,8.533333333333335,5.4115339000709355,0.06979791909839328,575,2
d1500_rcs0.2_k8,75,balanced,0.4,0.02666666666666667,8,60,10,1.0,5120.0,8.533333333333335,0.6653554999502376,0.0,0,0
d1500_rcs0.2_k8,75,robust,0.4,0.03333333333333333,8,55,10,1.0,5120.0,8.533333333333335,5.750132400076836,0.0,0,0
d1500_rcs0.2_k8,76,v1,0.9,0.04,8,48,10,0.9583333333333334,5120.0,8.533333333333335,5.121396900038235,0.0,0,0
d1500_rcs0.2_k8,76,joint,0.9,0.04,8,48,10,0.9583333333333334,5120.0,8.533333333333335,5.296213699970394,0.0,458,0
d1500_rcs0.2_k8,76,balanced,0.9,0.03,8,60,10,0.9,5120.0,8.533333333333335,0.7667779000476003,0.0,0,0
d1500_rcs0.2_k8,76,robust,0.9,0.05,8,60,10,0.9,5120.0,8.533333333333335,7.016590700019151,0.0,0,0
d1500_rcs0.2_k8,77,v1,0.5,0.04666666666666667,8,49,10,1.0,5120.0,8.533333333333335,5.758428100030869,0.0,0,0
d1500_rcs0.2_k8,77,joint,0.5,0.04666666666666667,8,49,10,1.0,5120.0,8.533333333333335,5.926964599988423,0.0,458,0
d1500_rcs0.2_k8,77,balanced,0.4,0.056666666666666664,8,60,10,1.0,5120.0,8.533333333333335,0.7819619999499992,0.0,0,0
d1500_rcs0.2_k8,77,robust,0.6,0.06333333333333334,8,50,10,1.0,5120.0,8.533333333333335,4.925179600017145,0.0,0,0
d1500_rcs0.2_k8,78,v1,0.7,0.05333333333333334,8,47,10,1.0,5120.0,8.533333333333335,4.904220400028862,0.0,0,0
d1500_rcs0.2_k8,78,joint,0.7,0.05,8,48,10,1.0,5120.0,8.533333333333335,5.139684900059365,0.021183154143239236,603,5
d1500_rcs0.2_k8,78,balanced,0.7,0.04,8,60,10,1.0,5120.0,8.533333333333335,0.7259080000221729,0.0,0,0
d1500_rcs0.2_k8,78,robust,0.7,0.04,8,55,10,1.0,5120.0,8.533333333333335,5.559912299970165,0.0,0,0
d1500_rcs0.2_k8,79,v1,0.5,0.06333333333333334,8,43,10,1.0,5120.0,8.533333333333335,4.479195000021718,0.0,0,0
d1500_rcs0.2_k8,79,joint,0.5,0.056666666666666664,6,39,10,1.0,3840.0,6.400000000000001,4.732641100068577,0.9570023981004111,639,3
d1500_rcs0.2_k8,79,balanced,0.6,0.08,8,60,10,1.0,5120.0,8.533333333333335,0.6657505999319255,0.0,0,0
d1500_rcs0.2_k8,79,robust,0.6,0.07666666666666666,8,60,10,1.0,5120.0,8.533333333333335,6.048196300049312,0.0,0,0
d1500_rcs0.2_k8,80,v1,0.8,0.023333333333333334,7,31,10,0.967741935483871,4480.0,7.466666666666669,3.1642513000406325,0.0,0,0
d1500_rcs0.2_k8,80,joint,0.8,0.02666666666666667,7,31,10,0.9354838709677419,4480.0,7.466666666666669,3.5180153001565486,0.146447980580102,905,3
d1500_rcs0.2_k8,80,balanced,0.7,0.03,8,60,10,0.9833333333333333,5120.0,8.533333333333335,0.6023801999399439,0.0,0,0
d1500_rcs0.2_k8,80,robust,0.7,0.03333333333333333,8,60,10,0.9833333333333333,5120.0,8.533333333333335,5.460239500040188,0.0,0,0
d1500_rcs0.2_k8,81,v1,0.6,0.043333333333333335,8,37,10,1.0,5120.0,8.533333333333335,2.7561905999900773,0.0,0,0
d1500_rcs0.2_k8,81,joint,0.7,0.04,8,27,10,1.0,5120.0,8.533333333333335,3.1388129000552,0.4730279692752031,1077,12
d1500_rcs0.2_k8,81,balanced,0.7,0.04666666666666667,8,60,10,1.0,5120.0,8.533333333333335,0.6276235999539495,0.0,0,0
d1500_rcs0.2_k8,81,robust,0.6,0.03,8,55,10,1.0,5120.0,8.533333333333335,4.865172400022857,0.0,0,0
d1500_rcs0.2_k8,82,v1,0.8,0.06666666666666667,8,51,10,1.0,5120.0,8.533333333333335,5.0572896000230685,0.0,0,0
d1500_rcs0.2_k8,82,joint,0.8,0.056666666666666664,8,48,10,1.0,5120.0,8.533333333333335,5.278435999993235,0.1695043579265092,553,5
d1500_rcs0.2_k8,82,balanced,0.8,0.04666666666666667,8,60,10,1.0,5120.0,8.533333333333335,0.682218800066039,0.0,0,0
d1500_rcs0.2_k8,82,robust,0.6,0.043333333333333335,8,53,10,1.0,5120.0,8.533333333333335,5.009881400037557,0.0,0,0
d1500_rcs0.2_k8,83,v1,0.7,0.03666666666666667,8,50,10,1.0,5120.0,8.533333333333335,4.538495599990711,0.0,0,0
d1500_rcs0.2_k8,83,joint,0.7,0.03666666666666667,8,50,10,1.0,5120.0,8.533333333333335,4.691265900037251,0.0,430,0
d1500_rcs0.2_k8,83,balanced,0.7,0.04,8,60,10,1.0,5120.0,8.533333333333335,0.6541121000191197,0.0,0,0
d1500_rcs0.2_k8,83,robust,0.6,0.023333333333333334,8,50,10,1.0,5120.0,8.533333333333335,4.5966772000538185,0.0,0,0
d1500_rcs0.2_k8,84,v1,0.6,0.05333333333333334,8,33,10,1.0,5120.0,8.533333333333335,3.670701800030656,0.0,0,0
d1500_rcs0.2_k8,84,joint,0.6,0.043333333333333335,8,34,10,1.0,5120.0,8.533333333333335,3.852576500037685,0.018531856091937193,457,3
d1500_rcs0.2_k8,84,balanced,0.8,0.03666666666666667,8,60,10,0.9833333333333333,5120.0,8.533333333333335,0.6610425999388099,0.0,0,0
d1500_rcs0.2_k8,84,robust,0.8,0.04666666666666667,8,60,10,0.9833333333333333,5120.0,8.533333333333335,6.27068740001414,0.0,0,0
d1500_rcs0.2_k8,85,v1,0.7,0.04,8,50,10,1.0,5120.0,8.533333333333335,4.990737100015394,0.0,0,0
d1500_rcs0.2_k8,85,joint,0.7,0.043333333333333335,8,46,10,1.0,5120.0,8.533333333333335,5.234815600095317,0.26197991447374536,601,4
d1500_rcs0.2_k8,85,balanced,0.8,0.04666666666666667,8,60,10,1.0,5120.0,8.533333333333335,0.794622200075537,0.0,0,0
d1500_rcs0.2_k8,85,robust,0.7,0.03333333333333333,8,60,10,1.0,5120.0,8.533333333333335,5.819506700034253,0.0,0,0
d1500_rcs0.2_k8,86,v1,0.7,0.04666666666666667,8,46,10,1.0,5120.0,8.533333333333335,4.041633800021373,0.0,0,0
d1500_rcs0.2_k8,86,joint,0.8,0.056666666666666664,8,42,10,1.0,5120.0,8.533333333333335,4.263158400077373,0.06613880955789209,584,4
d1500_rcs0.2_k8,86,balanced,0.7,0.05,8,60,10,1.0,5120.0,8.533333333333335,0.6276997000677511,0.0,0,0
d1500_rcs0.2_k8,86,robust,0.6,0.043333333333333335,8,55,10,1.0,5120.0,8.533333333333335,5.042551000020467,0.0,0,0
d1500_rcs0.2_k8,87,v1,0.7,0.043333333333333335,8,41,10,1.0,5120.0,8.533333333333335,3.3181953000603244,0.0,0,0
d1500_rcs0.2_k8,87,joint,0.7,0.043333333333333335,8,41,10,1.0,5120.0,8.533333333333335,3.523428100044839,0.05666667322038843,544,3
d1500_rcs0.2_k8,87,balanced,0.7,0.043333333333333335,8,60,10,1.0,5120.0,8.533333333333335,0.6349916000617668,0.0,0,0
d1500_rcs0.2_k8,87,robust,0.7,0.02666666666666667,8,55,10,1.0,5120.0,8.533333333333335,4.977976699941792,0.0,0,0
d1500_rcs0.2_k8,88,v1,0.7,0.04666666666666667,8,47,10,1.0,5120.0,8.533333333333335,4.628706299932674,0.0,0,0
d1500_rcs0.2_k8,88,joint,0.7,0.05,8,49,10,1.0,5120.0,8.533333333333335,4.834018099936657,0.11948970846214524,574,4
d1500_rcs0.2_k8,88,balanced,0.7,0.043333333333333335,8,60,10,1.0,5120.0,8.533333333333335,0.6084200000623241,0.0,0,0
d1500_rcs0.2_k8,88,robust,0.7,0.05333333333333334,8,55,10,1.0,5120.0,8.533333333333335,5.2503030999796465,0.0,0,0
d1500_rcs0.2_k8,89,v1,0.6,0.03666666666666667,8,56,10,1.0,5120.0,8.533333333333335,6.639423200045712,0.0,0,0
d1500_rcs0.2_k8,89,joint,0.6,0.03333333333333333,8,57,10,1.0,5120.0,8.533333333333335,6.870863900054246,0.03570934879625298,569,4
d1500_rcs0.2_k8,89,balanced,0.6,0.03333333333333333,8,60,10,1.0,5120.0,8.533333333333335,0.8827354999957606,0.0,0,0
d1500_rcs0.2_k8,89,robust,0.6,0.03666666666666667,8,60,10,1.0,5120.0,8.533333333333335,7.4393374000210315,0.0,0,0
d1500_rcs0.2_k8,90,v1,0.7,0.07333333333333333,8,42,10,1.0,5120.0,8.533333333333335,4.164386800024658,0.0,0,0
d1500_rcs0.2_k8,90,joint,0.7,0.08,8,43,10,1.0,5120.0,8.533333333333335,4.375484300078824,0.021278949820661475,571,5
d1500_rcs0.2_k8,90,balanced,0.7,0.06,8,60,10,1.0,5120.0,8.533333333333335,0.7505467999726534,0.0,0,0
d1500_rcs0.2_k8,90,robust,0.6,0.056666666666666664,8,55,10,1.0,5120.0,8.533333333333335,6.225929699954577,0.0,0,0
d1500_rcs0.2_k8,91,v1,0.4,0.02666666666666667,8,53,10,0.9433962264150944,5120.0,8.533333333333335,5.891827700077556,0.0,0,0
d1500_rcs0.2_k8,91,joint,0.4,0.02666666666666667,8,53,10,0.9433962264150944,5120.0,8.533333333333335,6.0478386000031605,0.0,437,0
d1500_rcs0.2_k8,91,balanced,0.6,0.02666666666666667,8,60,10,0.9333333333333333,5120.0,8.533333333333335,0.7718740999698639,0.0,0,0
d1500_rcs0.2_k8,91,robust,0.4,0.03666666666666667,8,60,10,0.95,5120.0,8.533333333333335,6.642558900057338,0.0,0,0
d1500_rcs0.2_k8,92,v1,0.4,0.05333333333333334,8,55,10,1.0,5120.0,8.533333333333335,6.2949647000059485,0.0,0,0
d1500_rcs0.2_k8,92,joint,0.4,0.05333333333333334,8,55,10,1.0,5120.0,8.533333333333335,6.447610200033523,0.0,443,0
d1500_rcs0.2_k8,92,balanced,0.4,0.05333333333333334,8,60,10,1.0,5120.0,8.533333333333335,1.1045443000039086,0.0,0,0
d1500_rcs0.2_k8,92,robust,0.3,0.06,8,60,10,1.0,5120.0,8.533333333333335,7.866742299986072,0.0,0,0
d1500_rcs0.2_k8,93,v1,0.6,0.03666666666666667,8,46,10,0.8695652173913043,5120.0,8.533333333333335,4.8494726999197155,0.0,0,0
d1500_rcs0.2_k8,93,joint,0.6,0.03666666666666667,8,46,10,0.8695652173913043,5120.0,8.533333333333335,4.992769899894483,0.0,416,0
d1500_rcs0.2_k8,93,balanced,0.5,0.03666666666666667,8,60,10,0.9,5120.0,8.533333333333335,0.8462002000305802,0.0,0,0
d1500_rcs0.2_k8,93,robust,0.6,0.04,8,60,10,0.9,5120.0,8.533333333333335,6.8371486000251025,0.0,0,0
d1500_rcs0.2_k8,94,v1,0.5,0.06333333333333334,8,51,10,1.0,5120.0,8.533333333333335,5.35499489994254,0.0,0,0
d1500_rcs0.2_k8,94,joint,0.6,0.056666666666666664,8,52,10,1.0,5120.0,8.533333333333335,5.596214000019245,0.008551332963728786,535,3
d1500_rcs0.2_k8,94,balanced,0.5,0.05333333333333334,8,60,10,1.0,5120.0,8.533333333333335,0.7574006000068039,0.0,0,0
d1500_rcs0.2_k8,94,robust,0.6,0.043333333333333335,8,55,10,1.0,5120.0,8.533333333333335,5.934617999941111,0.0,0,0
d1500_rcs0.2_k8,95,v1,0.6,0.04666666666666667,8,46,10,1.0,5120.0,8.533333333333335,3.519173300010152,0.0,0,0
d1500_rcs0.2_k8,95,joint,0.6,0.04666666666666667,8,46,10,1.0,5120.0,8.533333333333335,3.670755899976939,0.0,437,0
d1500_rcs0.2_k8,95,balanced,0.6,0.05,8,60,10,1.0,5120.0,8.533333333333335,0.4407906000269577,0.0,0,0
d1500_rcs0.2_k8,95,robust,0.5,0.05333333333333334,8,60,10,1.0,5120.0,8.533333333333335,5.3256836999207735,0.0,0,0
d1500_rcs0.2_k8,96,v1,0.7,0.04666666666666667,8,31,10,1.0,5120.0,8.533333333333335,2.8326598999556154,0.0,0,0
d1500_rcs0.2_k8,96,joint,0.7,0.04666666666666667,7,31,10,1.0,4480.0,7.466666666666669,3.2191085000522435,0.10247078922754774,1001,4
d1500_rcs0.2_k8,96,balanced,0.7,0.04666666666666667,8,60,10,0.8666666666666667,5120.0,8.533333333333335,0.6953503999393433,0.0,0,0
d1500_rcs0.2_k8,96,robust,0.6,0.04666666666666667,8,60,10,0.8833333333333333,5120.0,8.533333333333335,6.378958499990404,0.0,0,0
d1500_rcs0.2_k8,97,v1,0.7,0.06333333333333334,8,40,10,1.0,5120.0,8.533333333333335,4.974672200041823,0.0,0,0
d1500_rcs0.2_k8,97,joint,0.7,0.06333333333333334,8,40,10,1.0,5120.0,8.533333333333335,5.157049300032668,0.0,501,0
d1500_rcs0.2_k8,97,balanced,0.6,0.056666666666666664,8,60,10,0.95,5120.0,8.533333333333335,0.8037144999252632,0.0,0,0
d1500_rcs0.2_k8,97,robust,0.6,0.06333333333333334,8,60,10,0.9666666666666667,5120.0,8.533333333333335,6.792680200072937,0.0,0,0
d1500_rcs0.2_k8,98,v1,0.4,0.03333333333333333,8,49,10,1.0,5120.0,8.533333333333335,4.838779599987902,0.0,0,0
d1500_rcs0.2_k8,98,joint,0.4,0.03333333333333333,8,49,10,1.0,5120.0,8.533333333333335,5.001179899903946,0.0,466,0
d1500_rcs0.2_k8,98,balanced,0.4,0.05,8,60,10,1.0,5120.0,8.533333333333335,0.7200140000786632,0.0,0,0
d1500_rcs0.2_k8,98,robust,0.5,0.03333333333333333,8,60,10,1.0,5120.0,8.533333333333335,6.205987499910407,0.0,0,0
d1500_rcs0.2_k8,99,v1,0.7,0.03333333333333333,8,47,10,1.0,5120.0,8.533333333333335,5.159238600055687,0.0,0,0
d1500_rcs0.2_k8,99,joint,0.7,0.03333333333333333,8,47,10,1.0,5120.0,8.533333333333335,5.311685499968007,0.0,434,0
d1500_rcs0.2_k8,99,balanced,0.7,0.04666666666666667,8,60,10,1.0,5120.0,8.533333333333335,0.8100313000613824,0.0,0,0
d1500_rcs0.2_k8,99,robust,0.7,0.03333333333333333,8,55,10,1.0,5120.0,8.533333333333335,5.949242300004698,0.0,0,0
d2000_rcs0.2_k8,0,v1,0.5,0.04,6,50,10,1.0,3840.0,6.400000000000001,4.853512700065039,0.0,0,0
d2000_rcs0.2_k8,0,joint,0.5,0.04,6,50,10,1.0,3840.0,6.400000000000001,5.028872400172986,0.0,527,0
d2000_rcs0.2_k8,0,balanced,0.4,0.05,8,60,10,1.0,5120.0,8.533333333333335,0.629691099980846,0.0,0,0
d2000_rcs0.2_k8,0,robust,0.5,0.03333333333333333,8,60,10,1.0,5120.0,8.533333333333335,5.550353499944322,0.0,0,0
d2000_rcs0.2_k8,1,v1,0.4,0.03666666666666667,8,60,10,0.9,5120.0,8.533333333333335,5.750278200022876,0.0,0,0
d2000_rcs0.2_k8,1,joint,0.4,0.03666666666666667,8,60,10,0.9,5120.0,8.533333333333335,5.913055900018662,0.0,451,0
d2000_rcs0.2_k8,1,balanced,0.4,0.03666666666666667,8,60,10,0.9,5120.0,8.533333333333335,0.4956872999900952,0.0,0,0
d2000_rcs0.2_k8,1,robust,0.4,0.03333333333333333,8,60,10,0.9,5120.0,8.533333333333335,6.061403000028804,0.0,0,0
d2000_rcs0.2_k8,2,v1,0.6,0.05,8,41,10,1.0,5120.0,8.533333333333335,3.9566277000121772,0.0,0,0
d2000_rcs0.2_k8,2,joint,0.6,0.05,8,41,10,1.0,5120.0,8.533333333333335,4.096319800009951,0.0,430,0
d2000_rcs0.2_k8,2,balanced,0.6,0.06,8,60,10,1.0,5120.0,8.533333333333335,0.6151425000280142,0.0,0,0
d2000_rcs0.2_k8,2,robust,0.6,0.06,8,60,10,1.0,5120.0,8.533333333333335,6.2510040999623016,0.0,0,0
d2000_rcs0.2_k8,3,v1,0.7,0.07666666666666666,8,55,10,1.0,5120.0,8.533333333333335,5.645003600046039,0.0,0,0
d2000_rcs0.2_k8,3,joint,0.6,0.07666666666666666,8,51,10,1.0,5120.0,8.533333333333335,5.830342200119048,0.1652826339309068,453,2
d2000_rcs0.2_k8,3,balanced,0.5,0.08333333333333333,8,60,10,1.0,5120.0,8.533333333333335,0.7037713000318035,0.0,0,0
d2000_rcs0.2_k8,3,robust,0.7,0.07,8,60,10,1.0,5120.0,8.533333333333335,5.712049999972805,0.0,0,0
d2000_rcs0.2_k8,4,v1,0.5,0.05333333333333334,8,57,10,1.0,5120.0,8.533333333333335,4.886486499919556,0.0,0,0
d2000_rcs0.2_k8,4,joint,0.5,0.05333333333333334,8,58,10,1.0,5120.0,8.533333333333335,5.101996700046584,0.0003053347319217359,509,1
d2000_rcs0.2_k8,4,balanced,0.6,0.07333333333333333,8,60,10,1.0,5120.0,8.533333333333335,0.6000035000033677,0.0,0,0
d2000_rcs0.2_k8,4,robust,0.5,0.06666666666666667,8,58,10,1.0,5120.0,8.533333333333335,5.4520235999953,0.0,0,0
d2000_rcs0.2_k8,5,v1,0.5,0.04,8,52,10,1.0,5120.0,8.533333333333335,5.610597499995492,0.0,0,0
d2000_rcs0.2_k8,5,joint,0.5,0.04,8,52,10,1.0,5120.0,8.533333333333335,5.767459800001234,0.0,453,0
d2000_rcs0.2_k8,5,balanced,0.5,0.043333333333333335,8,60,10,1.0,5120.0,8.533333333333335,0.8071296999696642,0.0,0,0
d2000_rcs0.2_k8,5,robust,0.5,0.04666666666666667,8,50,10,1.0,5120.0,8.533333333333335,5.571547399973497,0.0,0,0
d2000_rcs0.2_k8,6,v1,0.3,0.05,8,60,10,0.9666666666666667,5120.0,8.533333333333335,6.092815999989398,0.0,0,0
d2000_rcs0.2_k8,6,joint,0.3,0.05,8,60,10,0.9666666666666667,5120.0,8.533333333333335,6.262307999888435,0.0,480,0
d2000_rcs0.2_k8,6,balanced,0.3,0.06333333333333334,8,60,10,0.9666666666666667,5120.0,8.533333333333335,0.7052976998966187,0.0,0,0
d2000_rcs0.2_k8,6,robust,0.3,0.056666666666666664,8,60,10,0.9666666666666667,5120.0,8.533333333333335,6.471322600031272,0.0,0,0
d2000_rcs0.2_k8,7,v1,0.6,0.04666666666666667,8,49,10,1.0,5120.0,8.533333333333335,5.019534600083716,0.0,0,0
d2000_rcs0.2_k8,7,joint,0.6,0.04666666666666667,8,50,10,1.0,5120.0,8.533333333333335,5.205704499967396,0.02298913628413013,484,3
d2000_rcs0.2_k8,7,balanced,0.6,0.043333333333333335,8,60,10,1.0,5120.0,8.533333333333335,0.72713220003061,0.0,0,0
d2000_rcs0.2_k8,7,robust,0.6,0.05,8,60,10,1.0,5120.0,8.533333333333335,5.92484410002362,0.0,0,0
d2000_rcs0.2_k8,8,v1,0.4,0.07333333333333333,8,36,10,0.9722222222222222,5120.0,8.533333333333335,3.080732600064948,0.0,0,0
d2000_rcs0.2_k8,8,joint,0.5,0.06,8,27,10,0.9629629629629629,5120.0,8.533333333333335,3.2904545000055805,0.28638924030406265,555,6
d2000_rcs0.2_k8,8,balanced,0.5,0.06,8,60,10,0.9666666666666667,5120.0,8.533333333333335,0.5873066000640392,0.0,0,0
d2000_rcs0.2_k8,8,robust,0.6,0.07,8,50,10,0.96,5120.0,8.533333333333335,4.307131199981086,0.0,0,0
d2000_rcs0.2_k8,9,v1,0.2,0.03666666666666667,8,60,10,1.0,5120.0,8.533333333333335,6.128826499916613,0.0,0,0
d2000_rcs0.2_k8,9,joint,0.2,0.03666666666666667,8,60,10,1.0,5120.0,8.533333333333335,6.288104199920781,0.0,451,0
d2000_rcs0.2_k8,9,balanced,0.1,0.03666666666666667,8,60,10,1.0,5120.0,8.533333333333335,0.7459666000213474,0.0,0,0
d2000_rcs0.2_k8,9,robust,0.2,0.05,8,60,10,1.0,5120.0,8.533333333333335,6.686131999944337,0.0,0,0
d2000_rcs0.2_k8,10,v1,0.4,0.06,8,56,10,1.0,5120.0,8.533333333333335,6.771470700041391,0.0,0,0
d2000_rcs0.2_k8,10,joint,0.4,0.06,8,56,10,1.0,5120.0,8.533333333333335,6.928468199912459,0.0,437,0
d2000_rcs0.2_k8,10,balanced,0.4,0.06666666666666667,8,60,10,1.0,5120.0,8.533333333333335,0.8754946999251842,0.0,0,0
d2000_rcs0.2_k8,10,robust,0.4,0.05333333333333334,8,60,10,1.0,5120.0,8.533333333333335,8.249896600027569,0.0,0,0
d2000_rcs0.2_k8,11,v1,0.5,0.06666666666666667,5,44,10,1.0,3200.0,5.333333333333334,5.733603699947707,0.0,0,0
d2000_rcs0.2_k8,11,joint,0.6,0.07333333333333333,4,40,10,1.0,2560.0,4.266666666666667,6.03377380000893,0.24981173111048005,828,2
d2000_rcs0.2_k8,11,balanced,0.5,0.07666666666666666,8,60,10,1.0,5120.0,8.533333333333335,0.8609515000134706,0.0,0,0
d2000_rcs0.2_k8,11,robust,0.5,0.08333333333333333,8,60,10,1.0,5120.0,8.533333333333335,6.914437699946575,0.0,0,0
d2000_rcs0.2_k8,12,v1,0.1,0.08333333333333333,8,55,10,1.0,5120.0,8.533333333333335,6.430850700009614,0.0,0,0
d2000_rcs0.2_k8,12,joint,0.1,0.08333333333333333,8,55,10,1.0,5120.0,8.533333333333335,6.598066099919379,0.0,455,0
d2000_rcs0.2_k8,12,balanced,0.1,0.06333333333333334,8,60,10,1.0,5120.0,8.533333333333335,0.9464565999805927,0.0,0,0
d2000_rcs0.2_k8,12,robust,0.1,0.07666666666666666,8,60,10,1.0,5120.0,8.533333333333335,8.213896800065413,0.0,0,0
d2000_rcs0.2_k8,13,v1,0.3,0.04,8,60,10,1.0,5120.0,8.533333333333335,6.036387300002389,0.0,0,0
d2000_rcs0.2_k8,13,joint,0.3,0.04,8,60,10,1.0,5120.0,8.533333333333335,6.204891699948348,0.0,467,0
d2000_rcs0.2_k8,13,balanced,0.4,0.04666666666666667,8,60,10,1.0,5120.0,8.533333333333335,0.7082323000067845,0.0,0,0
d2000_rcs0.2_k8,13,robust,0.5,0.056666666666666664,8,45,10,1.0,5120.0,8.533333333333335,4.382901899982244,0.0,0,0
d2000_rcs0.2_k8,14,v1,0.4,0.02666666666666667,8,53,10,0.9811320754716981,5120.0,8.533333333333335,6.096308200038038,0.0,0,0
d2000_rcs0.2_k8,14,joint,0.4,0.02666666666666667,8,53,10,0.9811320754716981,5120.0,8.533333333333335,6.250546299968846,0.0,437,0
d2000_rcs0.2_k8,14,balanced,0.4,0.03333333333333333,8,60,10,0.9833333333333333,5120.0,8.533333333333335,0.696135799982585,0.0,0,0
d2000_rcs0.2_k8,14,robust,0.4,0.03333333333333333,8,55,10,0.9636363636363636,5120.0,8.533333333333335,5.422861300059594,0.0,0,0
d2000_rcs0.2_k8,15,v1,0.7,0.03,8,48,10,1.0,5120.0,8.533333333333335,4.992206200025976,0.0,0,0
d2000_rcs0.2_k8,15,joint,0.7,0.03,8,48,10,1.0,5120.0,8.533333333333335,5.1430958999553695,0.0,437,0
d2000_rcs0.2_k8,15,balanced,0.8,0.03666666666666667,8,60,10,1.0,5120.0,8.533333333333335,0.8357276000315323,0.0,0,0
d2000_rcs0.2_k8,15,robust,0.8,0.03666666666666667,8,57,10,1.0,5120.0,8.533333333333335,5.763171499944292,0.0,0,0
d2000_rcs0.2_k8,16,v1,0.7,0.07666666666666666,8,60,10,1.0,5120.0,8.533333333333335,6.812279100064188,0.0,0,0
d2000_rcs0.2_k8,16,joint,0.7,0.07666666666666666,8,60,10,1.0,5120.0,8.533333333333335,6.977929700049572,0.0,465,0
d2000_rcs0.2_k8,16,balanced,0.7,0.08333333333333333,8,60,10,1.0,5120.0,8.533333333333335,0.8229208999546245,0.0,0,0
d2000_rcs0.2_k8,16,robust,0.7,0.08666666666666667,8,55,10,1.0,5120.0,8.533333333333335,6.013842800050043,0.0,0,0
d2000_rcs0.2_k8,17,v1,0.5,0.06,8,46,10,1.0,5120.0,8.533333333333335,5.438520999974571,0.0,0,0
d2000_rcs0.2_k8,17,joint,0.5,0.06,8,46,10,1.0,5120.0,8.533333333333335,5.605756499920972,0.0,463,0
d2000_rcs0.2_k8,17,balanced,0.5,0.043333333333333335,8,60,10,1.0,5120.0,8.533333333333335,0.8311898000538349,0.0,0,0
d2000_rcs0.2_k8,17,robust,0.4,0.02666666666666667,8,48,10,1.0,5120.0,8.533333333333335,5.218279600027017,0.0,0,0
d2000_rcs0.2_k8,18,v1,0.4,0.03,7,50,10,1.0,4480.0,7.466666666666669,4.602405799902044,0.0,0,0
d2000_rcs0.2_k8,18,joint,0.4,0.03666666666666667,5,46,10,1.0,3200.0,5.333333333333334,4.945208399905823,0.13880997557480468,826,3
d2000_rcs0.2_k8,18,balanced,0.2,0.03,8,60,10,1.0,5120.0,8.533333333333335,0.5544962999410927,0.0,0,0
d2000_rcs0.2_k8,18,robust,0.4,0.043333333333333335,6,60,10,1.0,3840.0,6.400000000000001,6.379504900076427,0.0,0,0
d2000_rcs0.2_k8,19,v1,0.4,0.05,8,45,10,1.0,5120.0,8.533333333333335,4.116432899958454,0.0,0,0
d2000_rcs0.2_k8,19,joint,0.5,0.05333333333333334,8,45,10,1.0,5120.0,8.533333333333335,4.334146899986081,0.034968016844654226,597,6
d2000_rcs0.2_k8,19,balanced,0.4,0.06,8,60,10,1.0,5120.0,8.533333333333335,0.6992938000475988,0.0,0,0
d2000_rcs0.2_k8,19,robust,0.5,0.056666666666666664,8,50,10,1.0,5120.0,8.533333333333335,4.6625189000042155,0.0,0,0
d2000_rcs0.2_k8,20,v1,0.1,0.07666666666666666,8,45,10,1.0,5120.0,8.533333333333335,3.913269600016065,0.0,0,0
d2000_rcs0.2_k8,20,joint,0.1,0.07333333333333333,8,45,10,1.0,5120.0,8.533333333333335,4.133702099905349,0.008775967768304582,572,2
d2000_rcs0.2_k8,20,balanced,0.2,0.06666666666666667,8,60,10,1.0,5120.0,8.533333333333335,0.6460312000708655,0.0,0,0
d2000_rcs0.2_k8,20,robust,0.3,0.07666666666666666,8,55,10,1.0,5120.0,8.533333333333335,4.892592699965462,0.0,0,0
d2000_rcs0.2_k8,21,v1,0.6,0.06,8,55,10,1.0,5120.0,8.533333333333335,5.2386026999447495,0.0,0,0
d2000_rcs0.2_k8,21,joint,0.6,0.06,8,55,10,1.0,5120.0,8.533333333333335,5.389512400026433,0.0,442,0
d2000_rcs0.2_k8,21,balanced,0.7,0.04,8,60,10,1.0,5120.0,8.533333333333335,0.7070259000174701,0.0,0,0
d2000_rcs0.2_k8,21,robust,0.5,0.05333333333333334,8,50,10,1.0,5120.0,8.533333333333335,4.831715699983761,0.0,0,0
d2000_rcs0.2_k8,22,v1,0.7,0.05,8,44,10,0.9772727272727273,5120.0,8.533333333333335,4.320663799997419,0.0,0,0
d2000_rcs0.2_k8,22,joint,0.7,0.05,8,44,10,0.9772727272727273,5120.0,8.533333333333335,4.4792120000347495,0.0,435,0
d2000_rcs0.2_k8,22,balanced,0.7,0.05,8,60,10,0.9666666666666667,5120.0,8.533333333333335,0.7990463000023738,0.0,0,0
d2000_rcs0.2_k8,22,robust,0.7,0.056666666666666664,8,55,10,0.9636363636363636,5120.0,8.533333333333335,5.859932399936952,0.0,0,0
d2000_rcs0.2_k8,23,v1,0.4,0.03666666666666667,8,55,10,1.0,5120.0,8.533333333333335,5.59142349998001,0.0,0,0
d2000_rcs0.2_k8,23,joint,0.5,0.03666666666666667,8,51,10,1.0,5120.0,8.533333333333335,5.775398600031622,0.044506988159534355,461,2
d2000_rcs0.2_k8,23,balanced,0.4,0.04,8,60,10,1.0,5120.0,8.533333333333335,0.7588934999657795,0.0,0,0
d2000_rcs0.2_k8,23,robust,0.5,0.04,8,50,10,1.0,5120.0,8.533333333333335,4.771248399978504,0.0,0,0
d2000_rcs0.2_k8,24,v1,0.5,0.07333333333333333,8,37,10,1.0,5120.0,8.533333333333335,4.493211299995892,0.0,0,0
d2000_rcs0.2_k8,24,joint,0.5,0.07333333333333333,8,37,10,1.0,5120.0,8.533333333333335,4.648913500132039,0.0,449,0
d2000_rcs0.2_k8,24,balanced,0.5,0.06666666666666667,8,60,10,1.0,5120.0,8.533333333333335,0.9167153000598773,0.0,0,0
d2000_rcs0.2_k8,24,robust,0.5,0.06666666666666667,8,50,10,1.0,5120.0,8.533333333333335,5.22886379994452,0.0,0,0
d2000_rcs0.2_k8,25,v1,0.6,0.05333333333333334,8,51,10,1.0,5120.0,8.533333333333335,4.762690300005488,0.0,0,0
d2000_rcs0.2_k8,25,joint,0.6,0.05333333333333334,8,51,10,1.0,5120.0,8.533333333333335,4.912418400053866,0.0,440,0
d2000_rcs0.2_k8,25,balanced,0.5,0.056666666666666664,8,60,10,1.0,5120.0,8.533333333333335,0.5604255999205634,0.0,0,0
d2000_rcs0.2_k8,25,robust,0.6,0.06,8,55,10,1.0,5120.0,8.533333333333335,5.416550799971446,0.0,0,0
d2000_rcs0.2_k8,26,v1,0.5,0.05333333333333334,8,51,10,1.0,5120.0,8.533333333333335,4.475035600014962,0.0,0,0
d2000_rcs0.2_k8,26,joint,0.5,0.043333333333333335,8,51,10,1.0,5120.0,8.533333333333335,4.653173099970445,0.009211537024659933,449,1
d2000_rcs0.2_k8,26,balanced,0.4,0.04,8,60,10,1.0,5120.0,8.533333333333335,0.6714906999841332,0.0,0,0
d2000_rcs0.2_k8,26,robust,0.5,0.056666666666666664,8,50,10,1.0,5120.0,8.533333333333335,4.508821399998851,0.0,0,0
d2000_rcs0.2_k8,27,v1,0.6,0.04666666666666667,8,60,10,1.0,5120.0,8.533333333333335,5.288981500081718,0.0,0,0
d2000_rcs0.2_k8,27,joint,0.5,0.04666666666666667,8,60,10,1.0,5120.0,8.533333333333335,5.486853600014001,7.4965742939969715e-06,494,1
d2000_rcs0.2_k8,27,balanced,0.6,0.043333333333333335,8,60,10,1.0,5120.0,8.533333333333335,0.5157595999771729,0.0,0,0
d2000_rcs0.2_k8,27,robust,0.6,0.04666666666666667,8,60,10,1.0,5120.0,8.533333333333335,5.883873700047843,0.0,0,0
d2000_rcs0.2_k8,28,v1,0.4,0.03666666666666667,8,56,10,1.0,5120.0,8.533333333333335,5.5118226000340655,0.0,0,0
d2000_rcs0.2_k8,28,joint,0.4,0.03666666666666667,8,56,10,1.0,5120.0,8.533333333333335,5.673350199940614,0.0,466,0
d2000_rcs0.2_k8,28,balanced,0.3,0.02666666666666667,8,60,10,1.0,5120.0,8.533333333333335,0.5370436999946833,0.0,0,0
d2000_rcs0.2_k8,28,robust,0.4,0.03666666666666667,8,60,10,1.0,5120.0,8.533333333333335,6.0838890000013635,0.0,0,0
d2000_rcs0.2_k8,29,v1,0.3,0.03666666666666667,8,51,10,0.9411764705882353,5120.0,8.533333333333335,4.433255999931134,0.0,0,0
d2000_rcs0.2_k8,29,joint,0.4,0.03333333333333333,8,39,10,1.0,5120.0,8.533333333333335,4.682551500038244,0.5396025383861638,671,8
d2000_rcs0.2_k8,29,balanced,0.4,0.03,8,60,10,0.95,5120.0,8.533333333333335,0.48215880000498146,0.0,0,0
d2000_rcs0.2_k8,29,robust,0.4,0.03,8,58,10,0.9482758620689655,5120.0,8.533333333333335,4.579458300024271,0.0,0,0
d2000_rcs0.2_k8,30,v1,0.5,0.04666666666666667,8,50,10,0.96,5120.0,8.533333333333335,4.638138699927367,0.0,0,0
d2000_rcs0.2_k8,30,joint,0.5,0.04666666666666667,8,50,10,0.96,5120.0,8.533333333333335,4.796613799990155,0.0,426,0
d2000_rcs0.2_k8,30,balanced,0.4,0.02666666666666667,8,60,10,0.95,5120.0,8.533333333333335,0.7039661000017077,0.0,0,0
d2000_rcs0.2_k8,30,robust,0.4,0.03,8,50,10,0.96,5120.0,8.533333333333335,4.3307265000185,0.0,0,0
d2000_rcs0.2_k8,31,v1,0.4,0.05,7,39,10,1.0,4480.0,7.466666666666669,4.68909410003107,0.0,0,0
d2000_rcs0.2_k8,31,joint,0.4,0.05333333333333334,5,41,10,1.0,3200.0,5.333333333333334,5.002209800062701,0.028032530831561875,875,4
d2000_rcs0.2_k8,31,balanced,0.5,0.05333333333333334,8,60,10,1.0,5120.0,8.533333333333335,0.874673799960874,0.0,0,0
d2000_rcs0.2_k8,31,robust,0.5,0.05,8,51,10,1.0,5120.0,8.533333333333335,5.284778500092216,0.0,0,0
d2000_rcs0.2_k8,32,v1,0.2,0.05,8,45,10,1.0,5120.0,8.533333333333335,3.5953798999544233,0.0,0,0
d2000_rcs0.2_k8,32,joint,0.2,0.05,8,45,10,1.0,5120.0,8.533333333333335,3.7614926998503506,0.0,436,0
d2000_rcs0.2_k8,32,balanced,0.3,0.03666666666666667,8,60,10,1.0,5120.0,8.533333333333335,0.5397127000615001,0.0,0,0
d2000_rcs0.2_k8,32,robust,0.3,0.06,8,55,10,1.0,5120.0,8.533333333333335,4.6640825000358745,0.0,0,0
d2000_rcs0.2_k8,33,v1,0.6,0.04,8,51,10,1.0,5120.0,8.533333333333335,5.423948200070299,0.0,0,0
d2000_rcs0.2_k8,33,joint,0.6,0.04666666666666667,8,48,10,1.0,5120.0,8.533333333333335,5.7047200000379235,0.20454866166456578,706,9
d2000_rcs0.2_k8,33,balanced,0.6,0.05,8,60,10,1.0,5120.0,8.533333333333335,0.6218028999865055,0.0,0,0
d2000_rcs0.2_k8,33,robust,0.6,0.043333333333333335,8,60,10,1.0,5120.0,8.533333333333335,6.118978100013919,0.0,0,0
d2000_rcs0.2_k8,34,v1,0.6,0.06,8,55,10,1.0,5120.0,8.533333333333335,5.627860000007786,0.0,0,0
d2000_rcs0.2_k8,34,joint,0.6,0.06,8,55,10,1.0,5120.0,8.533333333333335,5.799263500026427,0.0,461,0
d2000_rcs0.2_k8,34,balanced,0.6,0.04,8,60,10,1.0,5120.0,8.533333333333335,0.7515915000112727,0.0,0,0
d2000_rcs0.2_k8,34,robust,0.5,0.04666666666666667,8,56,10,1.0,5120.0,8.533333333333335,5.609505100059323,0.0,0,0
d2000_rcs0.2_k8,35,v1,0.3,0.05333333333333334,8,60,10,1.0,5120.0,8.533333333333335,6.147956599947065,0.0,0,0
d2000_rcs0.2_k8,35,joint,0.3,0.05333333333333334,8,60,10,1.0,5120.0,8.533333333333335,6.312749000149779,0.0,465,0
d2000_rcs0.2_k8,35,balanced,0.2,0.06333333333333334,8,60,10,1.0,5120.0,8.533333333333335,0.6033668000018224,0.0,0,0
d2000_rcs0.2_k8,35,robust,0.3,0.05333333333333334,8,60,10,1.0,5120.0,8.533333333333335,6.72535850002896,0.0,0,0
d2000_rcs0.2_k8,36,v1,0.5,0.043333333333333335,8,52,10,1.0,5120.0,8.533333333333335,4.827252699993551,0.0,0,0
d2000_rcs0.2_k8,36,joint,0.5,0.043333333333333335,8,52,10,1.0,5120.0,8.533333333333335,4.981988999992609,0.0,442,0
d2000_rcs0.2_k8,36,balanced,0.5,0.07,8,60,10,1.0,5120.0,8.533333333333335,0.6112426000181586,0.0,0,0
d2000_rcs0.2_k8,36,robust,0.4,0.05333333333333334,8,60,10,1.0,5120.0,8.533333333333335,6.066333799972199,0.0,0,0
d2000_rcs0.2_k8,37,v1,0.7,0.06,8,50,10,1.0,5120.0,8.533333333333335,3.9905705999117345,0.0,0,0
d2000_rcs0.2_k8,37,joint,0.7,0.06,8,50,10,1.0,5120.0,8.533333333333335,4.132500999956392,0.0,412,0
d2000_rcs0.2_k8,37,balanced,0.5,0.04666666666666667,8,60,10,1.0,5120.0,8.533333333333335,0.536765499971807,0.0,0,0
d2000_rcs0.2_k8,37,robust,0.6,0.05333333333333334,8,60,10,1.0,5120.0,8.533333333333335,5.505532499984838,0.0,0,0
d2000_rcs0.2_k8,38,v1,0.3,0.07,8,57,10,0.9649122807017544,5120.0,8.533333333333335,6.1166764999506995,0.0,0,0
d2000_rcs0.2_k8,38,joint,0.3,0.07,8,57,10,0.9649122807017544,5120.0,8.533333333333335,6.28059909993317,0.0,494,0
d2000_rcs0.2_k8,38,balanced,0.4,0.06,8,60,10,0.9666666666666667,5120.0,8.533333333333335,0.7940330000128597,0.0,0,0
d2000_rcs0.2_k8,38,robust,0.5,0.06,8,55,10,0.9636363636363636,5120.0,8.533333333333335,5.790319200023077,0.0,0,0
d2000_rcs0.2_k8,39,v1,0.4,0.06,8,51,10,1.0,5120.0,8.533333333333335,4.7746012000134215,0.0,0,0
d2000_rcs0.2_k8,39,joint,0.4,0.06,8,51,10,1.0,5120.0,8.533333333333335,4.929503899998963,0.0,443,0
d2000_rcs0.2_k8,39,balanced,0.2,0.056666666666666664,8,60,10,1.0,5120.0,8.533333333333335,0.5657679999712855,0.0,0,0
d2000_rcs0.2_k8,39,robust,0.4,0.06666666666666667,8,55,10,1.0,5120.0,8.533333333333335,5.24321600003168,0.0,0,0
d2000_rcs0.2_k8,40,v1,0.6,0.05333333333333334,8,51,10,1.0,5120.0,8.533333333333335,5.12936520006042,0.0,0,0
d2000_rcs0.2_k8,40,joint,0.6,0.05333333333333334,8,51,10,1.0,5120.0,8.533333333333335,5.282920000026934,0.0,441,0
d2000_rcs0.2_k8,40,balanced,0.3,0.04666666666666667,8,60,10,1.0,5120.0,8.533333333333335,0.684605099959299,0.0,0,0
d2000_rcs0.2_k8,40,robust,0.6,0.056666666666666664,8,60,10,1.0,5120.0,8.533333333333335,5.495017700013705,0.0,0,0
d2000_rcs0.2_k8,41,v1,0.5,0.056666666666666664,8,49,10,1.0,5120.0,8.533333333333335,5.4340473000193015,0.0,0,0
d2000_rcs0.2_k8,41,joint,0.5,0.05,8,50,10,1.0,5120.0,8.533333333333335,5.634964600089006,0.006102427210220807,522,3
d2000_rcs0.2_k8,41,balanced,0.4,0.06,8,60,10,1.0,5120.0,8.533333333333335,0.7548734999727458,0.0,0,0
d2000_rcs0.2_k8,41,robust,0.5,0.043333333333333335,8,60,10,1.0,5120.0,8.533333333333335,6.390955499955453,0.0,0,0
d2000_rcs0.2_k8,42,v1,0.1,0.03666666666666667,8,60,10,1.0,5120.0,8.533333333333335,6.768577600014396,0.0,0,0
d2000_rcs0.2_k8,42,joint,0.1,0.03666666666666667,8,60,10,1.0,5120.0,8.533333333333335,6.932638900005259,0.0,478,0
d2000_rcs0.2_k8,42,balanced,0.1,0.043333333333333335,8,60,10,1.0,5120.0,8.533333333333335,0.7948601000243798,0.0,0,0
d2000_rcs0.2_k8,42,robust,0.1,0.05,8,60,10,1.0,5120.0,8.533333333333335,6.999485899927095,0.0,0,0
d2000_rcs0.2_k8,43,v1,0.5,0.04666666666666667,8,46,10,0.9565217391304348,5120.0,8.533333333333335,5.025165499886498,0.0,0,0
d2000_rcs0.2_k8,43,joint,0.5,0.04666666666666667,8,46,10,0.9565217391304348,5120.0,8.533333333333335,5.170462400070392,0.0,435,0
d2000_rcs0.2_k8,43,balanced,0.5,0.043333333333333335,8,60,10,0.9666666666666667,5120.0,8.533333333333335,0.8053219999419525,0.0,0,0
d2000_rcs0.2_k8,43,robust,0.5,0.06333333333333334,8,50,10,0.96,5120.0,8.533333333333335,5.0003261000383645,0.0,0,0
d2000_rcs0.2_k8,44,v1,0.5,0.056666666666666664,8,42,10,1.0,5120.0,8.533333333333335,3.6339950999245048,0.0,0,0
d2000_rcs0.2_k8,44,joint,0.5,0.06,8,42,10,1.0,5120.0,8.533333333333335,3.9514498999342322,0.09829409822734236,884,10
d2000_rcs0.2_k8,44,balanced,0.5,0.05,8,60,10,1.0,5120.0,8.533333333333335,0.7053540999768302,0.0,0,0
d2000_rcs0.2_k8,44,robust,0.3,0.06333333333333334,8,50,10,1.0,5120.0,8.533333333333335,4.466673200018704,0.0,0,0
d2000_rcs0.2_k8,45,v1,0.6,0.06666666666666667,8,46,10,1.0,5120.0,8.533333333333335,4.50921930000186,0.0,0,0
d2000_rcs0.2_k8,45,joint,0.6,0.06,8,42,10,1.0,5120.0,8.533333333333335,4.735019399900921,0.34264322990596563,607,4
d2000_rcs0.2_k8,45,balanced,0.7,0.05333333333333334,8,60,10,1.0,5120.0,8.533333333333335,0.7392727000406012,0.0,0,0
d2000_rcs0.2_k8,45,robust,0.6,0.06333333333333334,8,50,10,1.0,5120.0,8.533333333333335,4.723010399960913,0.0,0,0
d2000_rcs0.2_k8,46,v1,0.4,0.056666666666666664,6,45,10,1.0,3840.0,6.400000000000001,4.351864599972032,0.0,0,0
d2000_rcs0.2_k8,46,joint,0.5,0.056666666666666664,7,32,10,1.0,4480.0,7.466666666666669,4.752905500004999,0.397572188425237,981,9
d2000_rcs0.2_k8,46,balanced,0.4,0.043333333333333335,8,60,10,1.0,5120.0,8.533333333333335,0.5376346999546513,0.0,0,0
d2000_rcs0.2_k8,46,robust,0.4,0.03666666666666667,8,55,10,1.0,5120.0,8.533333333333335,4.8155830999603495,0.0,0,0
d2000_rcs0.2_k8,47,v1,0.4,0.04,8,48,10,1.0,5120.0,8.533333333333335,4.919530000071973,0.0,0,0
d2000_rcs0.2_k8,47,joint,0.4,0.043333333333333335,8,49,10,1.0,5120.0,8.533333333333335,5.0946885999292135,0.008273675731020558,473,3
d2000_rcs0.2_k8,47,balanced,0.4,0.03666666666666667,8,60,10,1.0,5120.0,8.533333333333335,0.6955116000026464,0.0,0,0
d2000_rcs0.2_k8,47,robust,0.4,0.03333333333333333,8,60,10,1.0,5120.0,8.533333333333335,6.798068100004457,0.0,0,0
d2000_rcs0.2_k8,48,v1,0.3,0.043333333333333335,8,45,10,0.9777777777777777,5120.0,8.533333333333335,3.8304655000101775,0.0,0,0
d2000_rcs0.2_k8,48,joint,0.3,0.043333333333333335,8,45,10,0.9777777777777777,5120.0,8.533333333333335,3.9815687999362126,0.0,436,0
d2000_rcs0.2_k8,48,balanced,0.4,0.02,8,60,10,0.9,5120.0,8.533333333333335,0.6322648000204936,0.0,0,0
d2000_rcs0.2_k8,48,robust,0.3,0.02,8,60,10,0.9,5120.0,8.533333333333335,5.793150800047442,0.0,0,0
d2000_rcs0.2_k8,49,v1,0.2,0.06,8,42,10,1.0,5120.0,8.533333333333335,3.7200876000570133,0.0,0,0
d2000_rcs0.2_k8,49,joint,0.2,0.056666666666666664,8,43,10,1.0,5120.0,8.533333333333335,3.900356800062582,0.045897599514952425,474,2
d2000_rcs0.2_k8,49,balanced,0.4,0.056666666666666664,8,60,10,1.0,5120.0,8.533333333333335,0.5590782000217587,0.0,0,0
d2000_rcs0.2_k8,49,robust,0.3,0.07,8,55,10,1.0,5120.0,8.533333333333335,4.722978700068779,0.0,0,0
d2000_rcs0.2_k8,50,v1,0.7,0.05,8,52,10,1.0,5120.0,8.533333333333335,4.923168699955568,0.0,0,0
d2000_rcs0.2_k8,50,joint,0.7,0.05,8,52,10,1.0,5120.0,8.533333333333335,5.09334719995968,0.0,470,0
d2000_rcs0.2_k8,50,balanced,0.7,0.06333333333333334,8,60,10,1.0,5120.0,8.533333333333335,0.7111343999858946,0.0,0,0
d2000_rcs0.2_k8,50,robust,0.7,0.06,8,60,10,1.0,5120.0,8.533333333333335,6.079730600002222,0.0,0,0
d2000_rcs0.2_k8,51,v1,0.4,0.04666666666666667,8,52,10,1.0,5120.0,8.533333333333335,5.634548599948175,0.0,0,0
d2000_rcs0.2_k8,51,joint,0.4,0.04666666666666667,8,52,10,1.0,5120.0,8.533333333333335,5.808585899998434,0.0,509,0
d2000_rcs0.2_k8,51,balanced,0.4,0.05,8,60,10,1.0,5120.0,8.533333333333335,0.8658194000599906,0.0,0,0
d2000_rcs0.2_k8,51,robust,0.4,0.05,8,52,10,1.0,5120.0,8.533333333333335,5.327286599902436,0.0,0,0
d2000_rcs0.2_k8,52,v1,0.3,0.05,8,55,10,1.0,5120.0,8.533333333333335,5.27370660007,0.0,0,0
d2000_rcs0.2_k8,52,joint,0.3,0.05,8,55,10,1.0,5120.0,8.533333333333335,5.453357800026424,0.0,471,0
d2000_rcs0.2_k8,52,balanced,0.4,0.043333333333333335,8,60,10,1.0,5120.0,8.533333333333335,0.6726576000219211,0.0,0,0
d2000_rcs0.2_k8,52,robust,0.3,0.06,8,55,10,1.0,5120.0,8.533333333333335,5.146061199950054,0.0,0,0
d2000_rcs0.2_k8,53,v1,0.5,0.04666666666666667,8,44,10,1.0,5120.0,8.533333333333335,4.494398100068793,0.0,0,0
d2000_rcs0.2_k8,53,joint,0.5,0.04666666666666667,8,44,10,1.0,5120.0,8.533333333333335,4.638904000050388,0.0,420,0
d2000_rcs0.2_k8,53,balanced,0.5,0.04666666666666667,8,60,10,1.0,5120.0,8.533333333333335,0.7238972999621183,0.0,0,0
d2000_rcs0.2_k8,53,robust,0.5,0.04666666666666667,8,60,10,1.0,5120.0,8.533333333333335,6.443993899971247,0.0,0,0
d2000_rcs0.2_k8,54,v1,0.6,0.03666666666666667,8,38,10,1.0,5120.0,8.533333333333335,3.5577634999062866,0.0,0,0
d2000_rcs0.2_k8,54,joint,0.6,0.03666666666666667,8,38,10,1.0,5120.0,8.533333333333335,3.7585482000140473,0.013824249098250085,489,1
d2000_rcs0.2_k8,54,balanced,0.7,0.043333333333333335,8,60,10,1.0,5120.0,8.533333333333335,0.7194265000289306,0.0,0,0
d2000_rcs0.2_k8,54,robust,0.7,0.05,8,60,10,1.0,5120.0,8.533333333333335,6.692370899952948,0.0,0,0
d2000_rcs0.2_k8,55,v1,0.5,0.07333333333333333,8,35,10,1.0,5120.0,8.533333333333335,4.197322600055486,0.0,0,0
d2000_rcs0.2_k8,55,joint,0.5,0.07,8,36,10,1.0,5120.0,8.533333333333335,4.367855200078338,0.037343501726438966,466,2
d2000_rcs0.2_k8,55,balanced,0.6,0.08,8,60,10,1.0,5120.0,8.533333333333335,0.8956820999737829,0.0,0,0
d2000_rcs0.2_k8,55,robust,0.5,0.06666666666666667,8,45,10,1.0,5120.0,8.533333333333335,4.474185299943201,0.0,0,0
d2000_rcs0.2_k8,56,v1,0.4,0.04,8,47,10,1.0,5120.0,8.533333333333335,5.025789499981329,0.0,0,0
d2000_rcs0.2_k8,56,joint,0.4,0.04,8,47,10,1.0,5120.0,8.533333333333335,5.174357399926521,0.0,434,0
d2000_rcs0.2_k8,56,balanced,0.4,0.06,8,60,10,1.0,5120.0,8.533333333333335,0.8567113999743015,0.0,0,0
d2000_rcs0.2_k8,56,robust,0.4,0.05333333333333334,8,50,10,1.0,5120.0,8.533333333333335,5.3303239000961185,0.0,0,0
d2000_rcs0.2_k8,57,v1,0.6,0.043333333333333335,8,60,10,1.0,5120.0,8.533333333333335,5.514538999996148,0.0,0,0
d2000_rcs0.2_k8,57,joint,0.6,0.043333333333333335,8,60,10,1.0,5120.0,8.533333333333335,5.6870836999733,0.0,475,0
d2000_rcs0.2_k8,57,balanced,0.7,0.043333333333333335,8,60,10,1.0,5120.0,8.533333333333335,0.5475113999564201,0.0,0,0
d2000_rcs0.2_k8,57,robust,0.7,0.04,8,60,10,1.0,5120.0,8.533333333333335,5.592072600033134,0.0,0,0
d2000_rcs0.2_k8,58,v1,0.6,0.06,8,52,10,1.0,5120.0,8.533333333333335,5.865277700009756,0.0,0,0
d2000_rcs0.2_k8,58,joint,0.6,0.056666666666666664,8,52,10,1.0,5120.0,8.533333333333335,6.0652486999752,0.0015372962988080552,502,1
d2000_rcs0.2_k8,58,balanced,0.5,0.07333333333333333,8,60,10,1.0,5120.0,8.533333333333335,0.8587055000243708,0.0,0,0
d2000_rcs0.2_k8,58,robust,0.7,0.043333333333333335,8,60,10,1.0,5120.0,8.533333333333335,6.748797100037336,0.0,0,0
d2000_rcs0.2_k8,59,v1,0.4,0.06,8,53,10,1.0,5120.0,8.533333333333335,5.4008316999534145,0.0,0,0
d2000_rcs0.2_k8,59,joint,0.4,0.06,8,53,10,1.0,5120.0,8.533333333333335,5.553133100038394,0.0,438,0
d2000_rcs0.2_k8,59,balanced,0.4,0.043333333333333335,8,60,10,1.0,5120.0,8.533333333333335,0.7332741999998689,0.0,0,0
d2000_rcs0.2_k8,59,robust,0.4,0.06,8,55,10,1.0,5120.0,8.533333333333335,5.584618699969724,0.0,0,0
d2000_rcs0.2_k8,60,v1,0.7,0.056666666666666664,7,37,10,1.0,4480.0,7.466666666666669,4.068247099989094,0.0,0,0
d2000_rcs0.2_k8,60,joint,0.6,0.05333333333333334,7,33,10,1.0,4480.0,7.466666666666669,4.359439000021666,0.10580673351031766,814,2
d2000_rcs0.2_k8,60,balanced,0.7,0.05,8,60,10,1.0,5120.0,8.533333333333335,0.817327699973248,0.0,0,0
d2000_rcs0.2_k8,60,robust,0.7,0.05,8,60,10,1.0,5120.0,8.533333333333335,6.159262800007127,0.0,0,0
d2000_rcs0.2_k8,61,v1,0.4,0.04,8,47,10,1.0,5120.0,8.533333333333335,5.224775100010447,0.0,0,0
d2000_rcs0.2_k8,61,joint,0.4,0.04,8,47,10,1.0,5120.0,8.533333333333335,5.395390699966811,0.0,451,0
d2000_rcs0.2_k8,61,balanced,0.5,0.05,8,60,10,0.9666666666666667,5120.0,8.533333333333335,0.7913644999498501,0.0,0,0
d2000_rcs0.2_k8,61,robust,0.6,0.03333333333333333,8,55,10,0.9454545454545454,5120.0,8.533333333333335,6.358100400073454,0.0,0,0
d2000_rcs0.2_k8,62,v1,0.6,0.056666666666666664,8,40,10,1.0,5120.0,8.533333333333335,4.637453500065021,0.0,0,0
d2000_rcs0.2_k8,62,joint,0.6,0.05,8,40,10,1.0,5120.0,8.533333333333335,4.819848900078796,0.004017840666448946,448,1
d2000_rcs0.2_k8,62,balanced,0.6,0.043333333333333335,8,60,10,1.0,5120.0,8.533333333333335,0.8518117000348866,0.0,0,0
d2000_rcs0.2_k8,62,robust,0.6,0.03666666666666667,8,60,10,1.0,5120.0,8.533333333333335,7.342534999945201,0.0,0,0
d2000_rcs0.2_k8,63,v1,0.2,0.03,8,50,10,1.0,5120.0,8.533333333333335,4.113776799989864,0.0,0,0
d2000_rcs0.2_k8,63,joint,0.2,0.03,8,42,10,1.0,5120.0,8.533333333333335,4.340119099942967,0.09960765824211704,594,6
d2000_rcs0.2_k8,63,balanced,0.2,0.03,8,60,10,1.0,5120.0,8.533333333333335,0.6652064999798313,0.0,0,0
d2000_rcs0.2_k8,63,robust,0.2,0.043333333333333335,8,50,10,1.0,5120.0,8.533333333333335,4.396002899971791,0.0,0,0
d2000_rcs0.2_k8,64,v1,0.3,0.04666666666666667,8,56,10,1.0,5120.0,8.533333333333335,5.846893099951558,0.0,0,0
d2000_rcs0.2_k8,64,joint,0.3,0.056666666666666664,8,57,10,1.0,5120.0,8.533333333333335,6.033802899997681,0.03669138859181609,494,3
d2000_rcs0.2_k8,64,balanced,0.4,0.03666666666666667,8,60,10,1.0,5120.0,8.533333333333335,0.7401921000564471,0.0,0,0
d2000_rcs0.2_k8,64,robust,0.3,0.056666666666666664,8,50,10,1.0,5120.0,8.533333333333335,5.072894199984148,0.0,0,0
d2000_rcs0.2_k8,65,v1,0.4,0.06666666666666667,8,45,10,1.0,5120.0,8.533333333333335,3.8816503999987617,0.0,0,0
d2000_rcs0.2_k8,65,joint,0.5,0.056666666666666664,8,43,10,1.0,5120.0,8.533333333333335,4.11206840001978,0.24445482982039746,627,6
d2000_rcs0.2_k8,65,balanced,0.5,0.056666666666666664,8,60,10,1.0,5120.0,8.533333333333335,0.55607049993705,0.0,0,0
d2000_rcs0.2_k8,65,robust,0.5,0.05,8,55,10,1.0,5120.0,8.533333333333335,5.162315599969588,0.0,0,0
d2000_rcs0.2_k8,66,v1,0.5,0.05333333333333334,8,46,10,1.0,5120.0,8.533333333333335,4.044185300008394,0.0,0,0
d2000_rcs0.2_k8,66,joint,0.4,0.05,8,42,10,1.0,5120.0,8.533333333333335,4.2096950999693945,0.0002655301907011909,433,2
d2000_rcs0.2_k8,66,balanced,0.4,0.05333333333333334,8,60,10,1.0,5120.0,8.533333333333335,0.6953836999600753,0.0,0,0
d2000_rcs0.2_k8,66,robust,0.3,0.06333333333333334,8,50,10,1.0,5120.0,8.533333333333335,4.789127400028519,0.0,0,0
d2000_rcs0.2_k8,67,v1,0.7,0.043333333333333335,8,36,10,1.0,5120.0,8.533333333333335,3.936819300055504,0.0,0,0
d2000_rcs0.2_k8,67,joint,0.8,0.04666666666666667,8,32,10,1.0,5120.0,8.533333333333335,4.14979489997495,0.3726113402051079,524,4
d2000_rcs0.2_k8,67,balanced,0.6,0.056666666666666664,8,60,10,1.0,5120.0,8.533333333333335,0.7182566999690607,0.0,0,0
d2000_rcs0.2_k8,67,robust,0.5,0.04666666666666667,8,55,10,1.0,5120.0,8.533333333333335,5.4894691000226885,0.0,0,0
d2000_rcs0.2_k8,68,v1,0.3,0.03666666666666667,8,46,10,1.0,5120.0,8.533333333333335,4.682360599981621,0.0,0,0
d2000_rcs0.2_k8,68,joint,0.3,0.043333333333333335,8,47,10,1.0,5120.0,8.533333333333335,4.938483400037512,0.09673627601916279,658,3
d2000_rcs0.2_k8,68,balanced,0.3,0.03333333333333333,8,60,10,1.0,5120.0,8.533333333333335,0.6577393999323249,0.0,0,0
d2000_rcs0.2_k8,68,robust,0.4,0.023333333333333334,8,50,10,1.0,5120.0,8.533333333333335,4.288545000017621,0.0,0,0
d2000_rcs0.2_k8,69,v1,0.2,0.043333333333333335,8,60,10,1.0,5120.0,8.533333333333335,5.040092900046147,0.0,0,0
d2000_rcs0.2_k8,69,joint,0.2,0.043333333333333335,8,60,10,1.0,5120.0,8.533333333333335,5.209893499966711,0.0,485,0
d2000_rcs0.2_k8,69,balanced,0.3,0.05,8,60,10,1.0,5120.0,8.533333333333335,0.48553399997763336,0.0,0,0
d2000_rcs0.2_k8,69,robust,0.3,0.03666666666666667,8,60,10,1.0,5120.0,8.533333333333335,5.408772199996747,0.0,0,0
d2000_rcs0.2_k8,70,v1,0.5,0.05,8,45,10,1.0,5120.0,8.533333333333335,4.401197800063528,0.0,0,0
d2000_rcs0.2_k8,70,joint,0.5,0.05,8,45,10,1.0,5120.0,8.533333333333335,4.559691600035876,0.0,445,0
d2000_rcs0.2_k8,70,balanced,0.5,0.04666666666666667,8,60,10,1.0,5120.0,8.533333333333335,0.8234197000274435,0.0,0,0
d2000_rcs0.2_k8,70,robust,0.5,0.05,8,60,10,1.0,5120.0,8.533333333333335,6.769661199999973,0.0,0,0
d2000_rcs0.2_k8,71,v1,0.7,0.05333333333333334,8,51,10,1.0,5120.0,8.533333333333335,5.810243999934755,0.0,0,0
d2000_rcs0.2_k8,71,joint,0.7,0.05333333333333334,8,51,10,1.0,5120.0,8.533333333333335,5.968277300009504,0.0,456,0
d2000_rcs0.2_k8,71,balanced,0.7,0.043333333333333335,8,60,10,1.0,5120.0,8.533333333333335,0.8918146999785677,0.0,0,0
d2000_rcs0.2_k8,71,robust,0.7,0.056666666666666664,8,60,10,1.0,5120.0,8.533333333333335,6.836727199959569,0.0,0,0
d2000_rcs0.2_k8,72,v1,0.6,0.03333333333333333,8,57,10,0.9473684210526315,5120.0,8.533333333333335,5.986584200058132,0.0,0,0
d2000_rcs0.2_k8,72,joint,0.5,0.03,8,58,10,0.9655172413793104,5120.0,8.533333333333335,6.200040400144644,0.008428374592830412,498,3
d2000_rcs0.2_k8,72,balanced,0.5,0.02666666666666667,8,60,10,0.9333333333333333,5120.0,8.533333333333335,0.7629902999615297,0.0,0,0
d2000_rcs0.2_k8,72,robust,0.5,0.03333333333333333,8,60,10,0.9333333333333333,5120.0,8.533333333333335,6.354841899941675,0.0,0,0
d2000_rcs0.2_k8,73,v1,0.5,0.04,8,57,10,0.9649122807017544,5120.0,8.533333333333335,6.2515143000055104,0.0,0,0
d2000_rcs0.2_k8,73,joint,0.5,0.04,8,57,10,0.9649122807017544,5120.0,8.533333333333335,6.417972800089046,0.0,473,0
d2000_rcs0.2_k8,73,balanced,0.5,0.04666666666666667,8,60,10,0.95,5120.0,8.533333333333335,0.8069141999585554,0.0,0,0
d2000_rcs0.2_k8,73,robust,0.5,0.03,8,55,10,0.9454545454545454,5120.0,8.533333333333335,6.1128165000118315,0.0,0,0
d2000_rcs0.2_k8,74,v1,0.3,0.03,8,55,10,1.0,5120.0,8.533333333333335,6.437727899989113,0.0,0,0
d2000_rcs0.2_k8,74,joint,0.3,0.03,8,55,10,1.0,5120.0,8.533333333333335,6.596028300002217,0.0,445,0
d2000_rcs0.2_k8,74,balanced,0.4,0.04,8,60,10,1.0,5120.0,8.533333333333335,0.8778217000653967,0.0,0,0
d2000_rcs0.2_k8,74,robust,0.4,0.03333333333333333,8,60,10,1.0,5120.0,8.533333333333335,7.606623900006525,0.0,0,0
d2000_rcs0.2_k8,75,v1,0.4,0.04666666666666667,8,54,10,1.0,5120.0,8.533333333333335,5.416754900012165,0.0,0,0
d2000_rcs0.2_k8,75,joint,0.4,0.04666666666666667,8,54,10,1.0,5120.0,8.533333333333335,5.580662799999118,0.0,434,0
d2000_rcs0.2_k8,75,balanced,0.5,0.05333333333333334,8,60,10,1.0,5120.0,8.533333333333335,0.67068099998869,0.0,0,0
d2000_rcs0.2_k8,75,robust,0.5,0.05,8,55,10,1.0,5120.0,8.533333333333335,5.461858300026506,0.0,0,0
d2000_rcs0.2_k8,76,v1,0.9,0.04666666666666667,8,53,10,1.0,5120.0,8.533333333333335,4.976046700030565,0.0,0,0
d2000_rcs0.2_k8,76,joint,0.9,0.04666666666666667,8,53,10,1.0,5120.0,8.533333333333335,5.182203799951822,0.03508060347678821,506,2
d2000_rcs0.2_k8,76,balanced,0.8,0.04,8,60,10,0.9833333333333333,5120.0,8.533333333333335,0.7542019999818876,0.0,0,0
d2000_rcs0.2_k8,76,robust,0.8,0.04,8,60,10,0.9833333333333333,5120.0,8.533333333333335,6.4148179000476375,0.0,0,0
d2000_rcs0.2_k8,77,v1,0.3,0.05,8,55,10,1.0,5120.0,8.533333333333335,6.017938599921763,0.0,0,0
d2000_rcs0.2_k8,77,joint,0.3,0.05,8,55,10,1.0,5120.0,8.533333333333335,6.185326999984682,0.0,472,0
d2000_rcs0.2_k8,77,balanced,0.4,0.043333333333333335,8,60,10,1.0,5120.0,8.533333333333335,0.7586823999881744,0.0,0,0
d2000_rcs0.2_k8,77,robust,0.5,0.056666666666666664,8,45,10,1.0,5120.0,8.533333333333335,4.236709799966775,0.0,0,0
d2000_rcs0.2_k8,78,v1,0.5,0.06,8,46,10,1.0,5120.0,8.533333333333335,4.178972699912265,0.0,0,0
d2000_rcs0.2_k8,78,joint,0.6,0.05333333333333334,8,47,10,1.0,5120.0,8.533333333333335,4.389506299863569,0.0369061022413959,546,3
d2000_rcs0.2_k8,78,balanced,0.4,0.05,8,60,10,1.0,5120.0,8.533333333333335,0.7726273000007495,0.0,0,0
d2000_rcs0.2_k8,78,robust,0.5,0.06666666666666667,8,55,10,1.0,5120.0,8.533333333333335,5.353494600043632,0.0,0,0
d2000_rcs0.2_k8,79,v1,0.5,0.05,8,51,10,1.0,5120.0,8.533333333333335,5.171210099942982,0.0,0,0
d2000_rcs0.2_k8,79,joint,0.5,0.04666666666666667,8,47,10,1.0,5120.0,8.533333333333335,5.353360899956897,0.6861717707531083,457,2
d2000_rcs0.2_k8,79,balanced,0.5,0.06,8,60,10,1.0,5120.0,8.533333333333335,0.6586591000668705,0.0,0,0
d2000_rcs0.2_k8,79,robust,0.5,0.06333333333333334,8,60,10,1.0,5120.0,8.533333333333335,6.0508338999934494,0.0,0,0
d2000_rcs0.2_k8,80,v1,0.8,0.043333333333333335,8,47,10,1.0,5120.0,8.533333333333335,4.002811500104144,0.0,0,0
d2000_rcs0.2_k8,80,joint,0.8,0.043333333333333335,8,47,10,1.0,5120.0,8.533333333333335,4.257737300125882,0.007570796885173592,656,3
d2000_rcs0.2_k8,80,balanced,0.8,0.05333333333333334,8,60,10,1.0,5120.0,8.533333333333335,0.6127712000161409,0.0,0,0
d2000_rcs0.2_k8,80,robust,0.7,0.05,8,60,10,1.0,5120.0,8.533333333333335,5.870753999915905,0.0,0,0
d2000_rcs0.2_k8,81,v1,0.6,0.05,8,45,10,1.0,5120.0,8.533333333333335,3.638065099949017,0.0,0,0
d2000_rcs0.2_k8,81,joint,0.7,0.06,8,41,10,1.0,5120.0,8.533333333333335,3.8250322000822052,0.04454736624399169,504,3
d2000_rcs0.2_k8,81,balanced,0.5,0.03666666666666667,8,60,10,1.0,5120.0,8.533333333333335,0.574239999987185,0.0,0,0
d2000_rcs0.2_k8,81,robust,0.6,0.03,8,59,10,1.0,5120.0,8.533333333333335,5.204641399905086,0.0,0,0
d2000_rcs0.2_k8,82,v1,0.4,0.06333333333333334,8,46,10,1.0,5120.0,8.533333333333335,3.971601399942301,0.0,0,0
d2000_rcs0.2_k8,82,joint,0.4,0.06,8,48,10,1.0,5120.0,8.533333333333335,4.204132699873298,0.10280845521376136,634,6
d2000_rcs0.2_k8,82,balanced,0.5,0.05333333333333334,8,60,10,1.0,5120.0,8.533333333333335,0.6009033999871463,0.0,0,0
d2000_rcs0.2_k8,82,robust,0.5,0.056666666666666664,8,42,10,1.0,5120.0,8.533333333333335,3.4794828000012785,0.0,0,0
d2000_rcs0.2_k8,83,v1,0.5,0.03666666666666667,8,54,10,1.0,5120.0,8.533333333333335,4.504787900019437,0.0,0,0
d2000_rcs0.2_k8,83,joint,0.5,0.03333333333333333,8,55,10,1.0,5120.0,8.533333333333335,4.714335300028324,0.028342055357207574,501,2
d2000_rcs0.2_k8,83,balanced,0.7,0.05333333333333334,8,60,10,1.0,5120.0,8.533333333333335,0.5980403999565169,0.0,0,0
d2000_rcs0.2_k8,83,robust,0.7,0.056666666666666664,8,41,10,1.0,5120.0,8.533333333333335,3.1025424000108615,0.0,0,0
d2000_rcs0.2_k8,84,v1,0.5,0.05,8,50,10,0.96,5120.0,8.533333333333335,4.8219370999140665,0.0,0,0
d2000_rcs0.2_k8,84,joint,0.5,0.05,8,50,10,0.96,5120.0,8.533333333333335,4.962443000054918,0.0,403,0
d2000_rcs0.2_k8,84,balanced,0.6,0.03666666666666667,8,60,10,0.9666666666666667,5120.0,8.533333333333335,0.65492160001304,0.0,0,0
d2000_rcs0.2_k8,84,robust,0.5,0.043333333333333335,8,60,10,0.9666666666666667,5120.0,8.533333333333335,6.174402399919927,0.0,0,0
d2000_rcs0.2_k8,85,v1,0.6,0.04666666666666667,8,51,10,1.0,5120.0,8.533333333333335,4.927109200041741,0.0,0,0
d2000_rcs0.2_k8,85,joint,0.6,0.04,8,48,10,1.0,5120.0,8.533333333333335,5.143476000055671,0.20178434554758118,579,6
d2000_rcs0.2_k8,85,balanced,0.7,0.04,8,60,10,1.0,5120.0,8.533333333333335,0.7337182000046596,0.0,0,0
d2000_rcs0.2_k8,85,robust,0.6,0.04,8,55,10,1.0,5120.0,8.533333333333335,5.481660500052385,0.0,0,0
d2000_rcs0.2_k8,86,v1,0.6,0.05,8,51,10,1.0,5120.0,8.533333333333335,4.925724499975331,0.0,0,0
d2000_rcs0.2_k8,86,joint,0.7,0.05333333333333334,8,47,10,1.0,5120.0,8.533333333333335,5.156134199933149,0.10367294121779613,599,6
d2000_rcs0.2_k8,86,balanced,0.5,0.043333333333333335,8,60,10,1.0,5120.0,8.533333333333335,0.6790604999987409,0.0,0,0
d2000_rcs0.2_k8,86,robust,0.5,0.04666666666666667,8,51,10,1.0,5120.0,8.533333333333335,4.565632699988782,0.0,0,0
d2000_rcs0.2_k8,87,v1,0.3,0.043333333333333335,8,48,10,1.0,5120.0,8.533333333333335,4.0589909999398515,0.0,0,0
d2000_rcs0.2_k8,87,joint,0.3,0.043333333333333335,8,49,10,1.0,5120.0,8.533333333333335,4.281368599971756,0.012196858359927454,544,3
d2000_rcs0.2_k8,87,balanced,0.5,0.043333333333333335,8,60,10,1.0,5120.0,8.533333333333335,0.5937008999753743,0.0,0,0
d2000_rcs0.2_k8,87,robust,0.5,0.02666666666666667,8,55,10,1.0,5120.0,8.533333333333335,4.965186599991284,0.0,0,0
d2000_rcs0.2_k8,88,v1,0.7,0.056666666666666664,8,55,10,1.0,5120.0,8.533333333333335,4.994980399962515,0.0,0,0
d2000_rcs0.2_k8,88,joint,0.6,0.06333333333333334,8,55,10,1.0,5120.0,8.533333333333335,5.248968299943954,0.018840827427281326,622,4
d2000_rcs0.2_k8,88,balanced,0.6,0.06,8,60,10,1.0,5120.0,8.533333333333335,0.5489784000674263,0.0,0,0
d2000_rcs0.2_k8,88,robust,0.6,0.05333333333333334,8,60,10,1.0,5120.0,8.533333333333335,5.782985999947414,0.0,0,0
d2000_rcs0.2_k8,89,v1,0.3,0.05333333333333334,8,56,10,1.0,5120.0,8.533333333333335,6.5067822999553755,0.0,0,0
d2000_rcs0.2_k8,89,joint,0.3,0.04666666666666667,8,57,10,1.0,5120.0,8.533333333333335,6.732685500057414,0.021297096150939776,568,3
d2000_rcs0.2_k8,89,balanced,0.4,0.04,8,60,10,1.0,5120.0,8.533333333333335,0.8204352000029758,0.0,0,0
d2000_rcs0.2_k8,89,robust,0.3,0.043333333333333335,8,55,10,1.0,5120.0,8.533333333333335,6.246239300002344,0.0,0,0
d2000_rcs0.2_k8,90,v1,0.8,0.04666666666666667,8,47,10,1.0,5120.0,8.533333333333335,5.2712725000455976,0.0,0,0
d2000_rcs0.2_k8,90,joint,0.8,0.04666666666666667,8,47,10,1.0,5120.0,8.533333333333335,5.427341399947181,0.0,446,0
d2000_rcs0.2_k8,90,balanced,0.7,0.05333333333333334,8,60,10,1.0,5120.0,8.533333333333335,0.7674264000961557,0.0,0,0
d2000_rcs0.2_k8,90,robust,0.6,0.05333333333333334,8,55,10,1.0,5120.0,8.533333333333335,6.170199799933471,0.0,0,0
d2000_rcs0.2_k8,91,v1,0.3,0.016666666666666666,8,59,10,0.9661016949152542,5120.0,8.533333333333335,5.897570800036192,0.0,0,0
d2000_rcs0.2_k8,91,joint,0.3,0.016666666666666666,8,59,10,0.9661016949152542,5120.0,8.533333333333335,6.064776299986988,0.0,466,0
d2000_rcs0.2_k8,91,balanced,0.3,0.03333333333333333,8,60,10,0.9666666666666667,5120.0,8.533333333333335,0.7418871999252588,0.0,0,0
d2000_rcs0.2_k8,91,robust,0.3,0.02666666666666667,8,60,10,0.9666666666666667,5120.0,8.533333333333335,6.533868600032292,0.0,0,0
d2000_rcs0.2_k8,92,v1,0.4,0.06,8,55,10,1.0,5120.0,8.533333333333335,6.209249999956228,0.0,0,0
d2000_rcs0.2_k8,92,joint,0.4,0.06,8,55,10,1.0,5120.0,8.533333333333335,6.395287499995902,0.0,488,0
d2000_rcs0.2_k8,92,balanced,0.3,0.05,8,60,10,1.0,5120.0,8.533333333333335,0.9360643000109121,0.0,0,0
d2000_rcs0.2_k8,92,robust,0.4,0.05,8,50,10,1.0,5120.0,8.533333333333335,5.5839122999459505,0.0,0,0
d2000_rcs0.2_k8,93,v1,0.4,0.03666666666666667,8,47,10,0.8723404255319149,5120.0,8.533333333333335,5.532074699993245,0.0,0,0
d2000_rcs0.2_k8,93,joint,0.4,0.03666666666666667,8,47,10,0.8723404255319149,5120.0,8.533333333333335,5.685427699936554,0.0,457,0
d2000_rcs0.2_k8,93,balanced,0.3,0.05,8,60,10,0.9,5120.0,8.533333333333335,0.8450100999325514,0.0,0,0
d2000_rcs0.2_k8,93,robust,0.3,0.043333333333333335,8,60,10,0.9,5120.0,8.533333333333335,6.962438900023699,0.0,0,0
d2000_rcs0.2_k8,94,v1,0.4,0.06333333333333334,8,55,10,1.0,5120.0,8.533333333333335,5.591621399973519,0.0,0,0
d2000_rcs0.2_k8,94,joint,0.4,0.06333333333333334,8,55,10,1.0,5120.0,8.533333333333335,5.737987600034103,0.0,425,0
d2000_rcs0.2_k8,94,balanced,0.4,0.056666666666666664,8,60,10,1.0,5120.0,8.533333333333335,0.7872160999104381,0.0,0,0
d2000_rcs0.2_k8,94,robust,0.4,0.05,8,60,10,1.0,5120.0,8.533333333333335,6.843190400046296,0.0,0,0
d2000_rcs0.2_k8,95,v1,0.6,0.056666666666666664,8,49,10,1.0,5120.0,8.533333333333335,3.949373299954459,0.0,0,0
d2000_rcs0.2_k8,95,joint,0.6,0.05333333333333334,8,50,10,1.0,5120.0,8.533333333333335,4.134156499989331,0.011144176248934379,465,3
d2000_rcs0.2_k8,95,balanced,0.5,0.043333333333333335,8,60,10,1.0,5120.0,8.533333333333335,0.4219441000605002,0.0,0,0
d2000_rcs0.2_k8,95,robust,0.5,0.04666666666666667,8,60,10,1.0,5120.0,8.533333333333335,5.081939599942416,0.0,0,0
d2000_rcs0.2_k8,96,v1,0.5,0.04,8,38,10,1.0,5120.0,8.533333333333335,3.3457122000399977,0.0,0,0
d2000_rcs0.2_k8,96,joint,0.5,0.04666666666666667,8,38,10,1.0,5120.0,8.533333333333335,3.576339600025676,0.033421763880678634,564,3
d2000_rcs0.2_k8,96,balanced,0.6,0.056666666666666664,8,60,10,0.95,5120.0,8.533333333333335,0.6059887999435887,0.0,0,0
d2000_rcs0.2_k8,96,robust,0.5,0.07333333333333333,8,50,10,0.94,5120.0,8.533333333333335,4.242698900052346,0.0,0,0
d2000_rcs0.2_k8,97,v1,0.3,0.06666666666666667,8,51,10,1.0,5120.0,8.533333333333335,4.963501899968833,0.0,0,0
d2000_rcs0.2_k8,97,joint,0.4,0.07,8,51,10,1.0,5120.0,8.533333333333335,5.168467900133692,0.0051814661058380285,496,1
d2000_rcs0.2_k8,97,balanced,0.5,0.04666666666666667,8,60,10,1.0,5120.0,8.533333333333335,0.7260100999847054,0.0,0,0
d2000_rcs0.2_k8,97,robust,0.5,0.056666666666666664,8,60,10,1.0,5120.0,8.533333333333335,6.333429599995725,0.0,0,0
d2000_rcs0.2_k8,98,v1,0.4,0.05,8,52,10,1.0,5120.0,8.533333333333335,5.577442200039513,0.0,0,0
d2000_rcs0.2_k8,98,joint,0.4,0.05,8,53,10,1.0,5120.0,8.533333333333335,5.784113300149329,0.009652770529046784,538,3
d2000_rcs0.2_k8,98,balanced,0.4,0.056666666666666664,8,60,10,1.0,5120.0,8.533333333333335,0.6673425999470055,0.0,0,0
d2000_rcs0.2_k8,98,robust,0.4,0.07,8,40,10,1.0,5120.0,8.533333333333335,3.128841400030069,0.0,0,0
d2000_rcs0.2_k8,99,v1,0.4,0.04,8,55,10,1.0,5120.0,8.533333333333335,6.833140700007789,0.0,0,0
d2000_rcs0.2_k8,99,joint,0.4,0.04,8,55,10,1.0,5120.0,8.533333333333335,7.017922300030477,0.0,488,0
d2000_rcs0.2_k8,99,balanced,0.3,0.05333333333333334,8,60,10,1.0,5120.0,8.533333333333335,0.7861252999864519,0.0,0,0
d2000_rcs0.2_k8,99,robust,0.3,0.04666666666666667,8,55,10,1.0,5120.0,8.533333333333335,6.274066000012681,0.0,0,0
d3000_rcs0.2_k8,0,v1,0.5,0.04666666666666667,7,50,10,1.0,4480.0,7.466666666666669,4.806877700029872,0.0,0,0
d3000_rcs0.2_k8,0,joint,0.5,0.04666666666666667,7,50,10,1.0,4480.0,7.466666666666669,4.977080600103363,0.0,509,0
d3000_rcs0.2_k8,0,balanced,0.4,0.05,8,60,10,1.0,5120.0,8.533333333333335,0.6366245999233797,0.0,0,0
d3000_rcs0.2_k8,0,robust,0.4,0.06666666666666667,6,50,10,1.0,3840.0,6.400000000000001,4.95584469998721,0.0,0,0
d3000_rcs0.2_k8,1,v1,0.4,0.03666666666666667,8,55,10,0.9636363636363636,5120.0,8.533333333333335,4.8651470999466255,0.0,0,0
d3000_rcs0.2_k8,1,joint,0.4,0.03666666666666667,8,55,10,0.9636363636363636,5120.0,8.533333333333335,5.016162000014447,0.0,434,0
d3000_rcs0.2_k8,1,balanced,0.4,0.043333333333333335,8,60,10,0.9666666666666667,5120.0,8.533333333333335,0.4774727000622079,0.0,0,0
d3000_rcs0.2_k8,1,robust,0.4,0.04,8,55,10,0.9818181818181818,5120.0,8.533333333333335,5.271539899986237,0.0,0,0
d3000_rcs0.2_k8,2,v1,0.5,0.03333333333333333,8,56,10,1.0,5120.0,8.533333333333335,5.45171609998215,0.0,0,0
d3000_rcs0.2_k8,2,joint,0.5,0.03333333333333333,8,57,10,1.0,5120.0,8.533333333333335,5.675959699903615,0.004191683403015567,576,3
d3000_rcs0.2_k8,2,balanced,0.5,0.04,8,60,10,1.0,5120.0,8.533333333333335,0.6281403000466526,0.0,0,0
d3000_rcs0.2_k8,2,robust,0.3,0.043333333333333335,8,60,10,1.0,5120.0,8.533333333333335,5.996911399997771,0.0,0,0
d3000_rcs0.2_k8,3,v1,0.4,0.06,8,56,10,1.0,5120.0,8.533333333333335,6.25752989994362,0.0,0,0
d3000_rcs0.2_k8,3,joint,0.4,0.06,8,56,10,1.0,5120.0,8.533333333333335,6.422278599929996,0.0,465,0
d3000_rcs0.2_k8,3,balanced,0.4,0.07,8,60,10,1.0,5120.0,8.533333333333335,0.7155030000722036,0.0,0,0
d3000_rcs0.2_k8,3,robust,0.4,0.06666666666666667,8,50,10,1.0,5120.0,8.533333333333335,4.8788980999961495,0.0,0,0
d3000_rcs0.2_k8,4,v1,0.5,0.056666666666666664,8,55,10,1.0,5120.0,8.533333333333335,4.64854739990551,0.0,0,0
d3000_rcs0.2_k8,4,joint,0.5,0.056666666666666664,8,55,10,1.0,5120.0,8.533333333333335,4.813203300000168,0.0,489,0
d3000_rcs0.2_k8,4,balanced,0.5,0.056666666666666664,8,60,10,1.0,5120.0,8.533333333333335,0.604608399909921,0.0,0,0
d3000_rcs0.2_k8,4,robust,0.6,0.06,8,55,10,1.0,5120.0,8.533333333333335,4.98900970001705,0.0,0,0
d3000_rcs0.2_k8,5,v1,0.3,0.04,8,55,10,1.0,5120.0,8.533333333333335,5.645221099955961,0.0,0,0
d3000_rcs0.2_k8,5,joint,0.3,0.04,8,55,10,1.0,5120.0,8.533333333333335,5.810915999929421,0.0,462,0
d3000_rcs0.2_k8,5,balanced,0.3,0.043333333333333335,8,60,10,1.0,5120.0,8.533333333333335,0.8133474999340251,0.0,0,0
d3000_rcs0.2_k8,5,robust,0.4,0.04,7,45,10,1.0,4480.0,7.466666666666669,5.313423200044781,0.0,0,0
d3000_rcs0.2_k8,6,v1,0.2,0.04666666666666667,8,55,10,1.0,5120.0,8.533333333333335,5.730040400056168,0.0,0,0
d3000_rcs0.2_k8,6,joint,0.2,0.04666666666666667,8,57,10,1.0,5120.0,8.533333333333335,5.922108799917623,0.02123070609536004,487,2
d3000_rcs0.2_k8,6,balanced,0.2,0.05333333333333334,8,60,10,1.0,5120.0,8.533333333333335,0.6922245000023395,0.0,0,0
d3000_rcs0.2_k8,6,robust,0.2,0.05,8,55,10,1.0,5120.0,8.533333333333335,6.043130500009283,0.0,0,0
d3000_rcs0.2_k8,7,v1,0.5,0.03666666666666667,8,55,10,0.9636363636363636,5120.0,8.533333333333335,5.342879699892364,0.0,0,0
d3000_rcs0.2_k8,7,joint,0.5,0.03666666666666667,8,55,10,0.9636363636363636,5120.0,8.533333333333335,5.498767399927601,0.0,456,0
d3000_rcs0.2_k8,7,balanced,0.5,0.03333333333333333,8,60,10,0.9666666666666667,5120.0,8.533333333333335,0.644527200027369,0.0,0,0
d3000_rcs0.2_k8,7,robust,0.5,0.04,8,60,10,0.9666666666666667,5120.0,8.533333333333335,5.860139700002037,0.0,0,0
d3000_rcs0.2_k8,8,v1,0.4,0.08,8,53,10,0.9811320754716981,5120.0,8.533333333333335,4.663257600041106,0.0,0,0
d3000_rcs0.2_k8,8,joint,0.4,0.06333333333333334,8,49,10,0.9795918367346939,5120.0,8.533333333333335,4.915825100149959,0.31055292949169777,599,7
d3000_rcs0.2_k8,8,balanced,0.5,0.05333333333333334,8,60,10,0.9166666666666666,5120.0,8.533333333333335,0.546589900040999,0.0,0,0
d3000_rcs0.2_k8,8,robust,0.3,0.05333333333333334,8,50,10,0.92,5120.0,8.533333333333335,3.8977355000097305,0.0,0,0
d3000_rcs0.2_k8,9,v1,0.0,0.04666666666666667,8,60,10,1.0,5120.0,8.533333333333335,6.993844300042838,0.0,0,0
d3000_rcs0.2_k8,9,joint,0.0,0.04666666666666667,8,60,10,1.0,5120.0,8.533333333333335,7.151911700027995,0.0,445,0
d3000_rcs0.2_k8,9,balanced,0.0,0.043333333333333335,8,60,10,1.0,5120.0,8.533333333333335,0.745074599981308,0.0,0,0
d3000_rcs0.2_k8,9,robust,0.0,0.06,4,50,10,1.0,2560.0,4.266666666666667,5.796766299987212,0.0,0,0
d3000_rcs0.2_k8,10,v1,0.1,0.05,8,60,10,1.0,5120.0,8.533333333333335,6.842130100005306,0.0,0,0
d3000_rcs0.2_k8,10,joint,0.1,0.05,8,60,10,1.0,5120.0,8.533333333333335,6.9996897000819445,0.0,458,0
d3000_rcs0.2_k8,10,balanced,0.0,0.04666666666666667,8,60,10,1.0,5120.0,8.533333333333335,0.8260707999579608,0.0,0,0
d3000_rcs0.2_k8,10,robust,0.1,0.05333333333333334,5,51,10,1.0,3200.0,5.333333333333334,6.083275399985723,0.0,0,0
d3000_rcs0.2_k8,11,v1,0.3,0.07,8,56,10,1.0,5120.0,8.533333333333335,6.046250100014731,0.0,0,0
d3000_rcs0.2_k8,11,joint,0.3,0.07,8,56,10,1.0,5120.0,8.533333333333335,6.199334400007501,0.0,435,0
d3000_rcs0.2_k8,11,balanced,0.3,0.07,8,60,10,1.0,5120.0,8.533333333333335,0.7433904999634251,0.0,0,0
d3000_rcs0.2_k8,11,robust,0.4,0.07333333333333333,8,60,10,1.0,5120.0,8.533333333333335,6.552126499940641,0.0,0,0
d3000_rcs0.2_k8,12,v1,0.0,0.06,8,60,10,1.0,5120.0,8.533333333333335,7.3796437999699265,0.0,0,0
d3000_rcs0.2_k8,12,joint,0.0,0.06,8,60,10,1.0,5120.0,8.533333333333335,7.550613399944268,0.0,491,0
d3000_rcs0.2_k8,12,balanced,0.0,0.06333333333333334,8,60,10,1.0,5120.0,8.533333333333335,0.8918760999804363,0.0,0,0
d3000_rcs0.2_k8,12,robust,0.0,0.056666666666666664,8,40,10,1.0,5120.0,8.533333333333335,4.077296199975535,0.0,0,0
d3000_rcs0.2_k8,13,v1,0.1,0.05333333333333334,8,50,10,1.0,5120.0,8.533333333333335,5.261768799973652,0.0,0,0
d3000_rcs0.2_k8,13,joint,0.0,0.043333333333333335,8,53,10,1.0,5120.0,8.533333333333335,5.468127399915829,0.0899698418772843,554,5
d3000_rcs0.2_k8,13,balanced,0.1,0.05333333333333334,8,60,10,1.0,5120.0,8.533333333333335,0.7314145999262109,0.0,0,0
d3000_rcs0.2_k8,13,robust,0.1,0.05333333333333334,8,50,10,1.0,5120.0,8.533333333333335,5.653194100013934,0.0,0,0
d3000_rcs0.2_k8,14,v1,0.2,0.043333333333333335,8,56,10,1.0,5120.0,8.533333333333335,5.527546199969947,0.0,0,0
d3000_rcs0.2_k8,14,joint,0.2,0.043333333333333335,8,56,10,1.0,5120.0,8.533333333333335,5.708417599904351,0.0,493,0
d3000_rcs0.2_k8,14,balanced,0.2,0.03666666666666667,8,60,10,1.0,5120.0,8.533333333333335,0.6688038000138476,0.0,0,0
d3000_rcs0.2_k8,14,robust,0.2,0.05333333333333334,8,60,10,1.0,5120.0,8.533333333333335,6.172281900071539,0.0,0,0
d3000_rcs0.2_k8,15,v1,0.3,0.03333333333333333,8,55,10,1.0,5120.0,8.533333333333335,4.826365599990822,0.0,0,0
d3000_rcs0.2_k8,15,joint,0.3,0.03666666666666667,8,50,10,1.0,5120.0,8.533333333333335,5.008345199981704,1.63524057543718e-05,472,1
d3000_rcs0.2_k8,15,balanced,0.4,0.03666666666666667,8,60,10,1.0,5120.0,8.533333333333335,0.6214001999469474,0.0,0,0
d3000_rcs0.2_k8,15,robust,0.4,0.03666666666666667,8,55,10,1.0,5120.0,8.533333333333335,4.951378799974918,0.0,0,0
d3000_rcs0.2_k8,16,v1,0.3,0.06333333333333334,8,55,10,1.0,5120.0,8.533333333333335,6.046469599939883,0.0,0,0
d3000_rcs0.2_k8,16,joint,0.3,0.06333333333333334,8,56,10,1.0,5120.0,8.533333333333335,6.230048899888061,0.02975229416176539,455,3
d3000_rcs0.2_k8,16,balanced,0.3,0.08,8,60,10,1.0,5120.0,8.533333333333335,0.7829065000405535,0.0,0,0
d3000_rcs0.2_k8,16,robust,0.3,0.06,8,50,10,1.0,5120.0,8.533333333333335,5.557905999943614,0.0,0,0
d3000_rcs0.2_k8,17,v1,0.2,0.043333333333333335,8,43,10,1.0,5120.0,8.533333333333335,4.449358300073072,0.0,0,0
d3000_rcs0.2_k8,17,joint,0.3,0.05,8,46,10,1.0,5120.0,8.533333333333335,4.653364300029352,0.057218163147193746,551,6
d3000_rcs0.2_k8,17,balanced,0.2,0.056666666666666664,8,60,10,1.0,5120.0,8.533333333333335,0.9064143999712542,0.0,0,0
d3000_rcs0.2_k8,17,robust,0.2,0.02666666666666667,8,45,10,1.0,5120.0,8.533333333333335,4.748273500008509,0.0,0,0
d3000_rcs0.2_k8,18,v1,0.3,0.03333333333333333,2,51,10,1.0,1280.0,2.1333333333333333,4.718256099964492,0.0,0,0
d3000_rcs0.2_k8,18,joint,0.3,0.03666666666666667,1,47,10,1.0,640.0,1.0666666666666667,5.337097700103186,0.019000067825187372,1308,2
d3000_rcs0.2_k8,18,balanced,0.3,0.043333333333333335,8,60,10,1.0,5120.0,8.533333333333335,0.544779899995774,0.0,0,0
d3000_rcs0.2_k8,18,robust,0.3,0.03666666666666667,5,60,10,1.0,3200.0,5.333333333333334,6.350693400017917,0.0,0,0
d3000_rcs0.2_k8,19,v1,0.3,0.05333333333333334,8,50,10,1.0,5120.0,8.533333333333335,4.533086700015701,0.0,0,0
d3000_rcs0.2_k8,19,joint,0.3,0.06333333333333334,8,51,10,1.0,5120.0,8.533333333333335,4.723544799955562,0.03199879570359343,495,2
d3000_rcs0.2_k8,19,balanced,0.3,0.05333333333333334,8,60,10,1.0,5120.0,8.533333333333335,0.6831344999372959,0.0,0,0
d3000_rcs0.2_k8,19,robust,0.4,0.05333333333333334,8,48,10,1.0,5120.0,8.533333333333335,4.033952100086026,0.0,0,0
d3000_rcs0.2_k8,20,v1,0.3,0.06666666666666667,8,56,10,1.0,5120.0,8.533333333333335,5.288048999966122,0.0,0,0
d3000_rcs0.2_k8,20,joint,0.3,0.06666666666666667,8,56,10,1.0,5120.0,8.533333333333335,5.448050200007856,0.0,454,0
d3000_rcs0.2_k8,20,balanced,0.2,0.08333333333333333,8,60,10,1.0,5120.0,8.533333333333335,0.6133692000294104,0.0,0,0
d3000_rcs0.2_k8,20,robust,0.2,0.07,8,55,10,1.0,5120.0,8.533333333333335,4.774179999949411,0.0,0,0
d3000_rcs0.2_k8,21,v1,0.3,0.05333333333333334,8,50,10,1.0,5120.0,8.533333333333335,4.45584399998188,0.0,0,0
d3000_rcs0.2_k8,21,joint,0.3,0.05,8,51,10,1.0,5120.0,8.533333333333335,4.634449000121094,0.0029819017742265252,465,2
d3000_rcs0.2_k8,21,balanced,0.3,0.04,8,60,10,1.0,5120.0,8.533333333333335,0.6151204999769107,0.0,0,0
d3000_rcs0.2_k8,21,robust,0.2,0.06,8,45,10,1.0,5120.0,8.533333333333335,3.609159499988891,0.0,0,0
d3000_rcs0.2_k8,22,v1,0.7,0.08,8,45,10,1.0,5120.0,8.533333333333335,4.587695800000802,0.0,0,0
d3000_rcs0.2_k8,22,joint,0.7,0.08,8,45,10,1.0,5120.0,8.533333333333335,4.730965499999002,0.0,435,0
d3000_rcs0.2_k8,22,balanced,0.4,0.06666666666666667,8,60,10,1.0,5120.0,8.533333333333335,0.7693825999740511,0.0,0,0
d3000_rcs0.2_k8,22,robust,0.4,0.07,8,45,10,1.0,5120.0,8.533333333333335,4.0355834000511095,0.0,0,0
d3000_rcs0.2_k8,23,v1,0.1,0.03333333333333333,8,55,10,1.0,5120.0,8.533333333333335,4.83567319996655,0.0,0,0
d3000_rcs0.2_k8,23,joint,0.1,0.03333333333333333,8,55,10,1.0,5120.0,8.533333333333335,4.984770999872126,0.0,434,0
d3000_rcs0.2_k8,23,balanced,0.1,0.03,8,60,10,1.0,5120.0,8.533333333333335,0.6459295999957249,0.0,0,0
d3000_rcs0.2_k8,23,robust,0.1,0.04,8,50,10,1.0,5120.0,8.533333333333335,4.974100699997507,0.0,0,0
d3000_rcs0.2_k8,24,v1,0.3,0.07666666666666666,8,48,10,1.0,5120.0,8.533333333333335,5.2478562000906095,0.0,0,0
d3000_rcs0.2_k8,24,joint,0.5,0.07333333333333333,8,49,10,1.0,5120.0,8.533333333333335,5.429243699996732,0.010047978906455146,478,3
d3000_rcs0.2_k8,24,balanced,0.3,0.06666666666666667,8,60,10,1.0,5120.0,8.533333333333335,0.8566574000287801,0.0,0,0
d3000_rcs0.2_k8,24,robust,0.5,0.07,8,46,10,1.0,5120.0,8.533333333333335,4.302208499982953,0.0,0,0
d3000_rcs0.2_k8,25,v1,0.4,0.06666666666666667,8,55,10,1.0,5120.0,8.533333333333335,4.852989600040019,0.0,0,0
d3000_rcs0.2_k8,25,joint,0.4,0.06666666666666667,8,55,10,1.0,5120.0,8.533333333333335,5.005004600156099,0.0,441,0
d3000_rcs0.2_k8,25,balanced,0.5,0.06333333333333334,8,60,10,1.0,5120.0,8.533333333333335,0.5264877999434248,0.0,0,0
d3000_rcs0.2_k8,25,robust,0.5,0.06333333333333334,8,55,10,1.0,5120.0,8.533333333333335,5.143364600022323,0.0,0,0
d3000_rcs0.2_k8,26,v1,0.2,0.05,8,55,10,1.0,5120.0,8.533333333333335,4.784707200014964,0.0,0,0
d3000_rcs0.2_k8,26,joint,0.2,0.04666666666666667,8,55,10,1.0,5120.0,8.533333333333335,5.030449899961241,0.006652858065876011,572,3
d3000_rcs0.2_k8,26,balanced,0.2,0.04666666666666667,8,60,10,1.0,5120.0,8.533333333333335,0.652568000019528,0.0,0,0
d3000_rcs0.2_k8,26,robust,0.2,0.03666666666666667,8,50,10,1.0,5120.0,8.533333333333335,4.061039200052619,0.0,0,0
d3000_rcs0.2_k8,27,v1,0.5,0.043333333333333335,8,60,10,1.0,5120.0,8.533333333333335,5.607492099981755,0.0,0,0
d3000_rcs0.2_k8,27,joint,0.5,0.043333333333333335,8,60,10,1.0,5120.0,8.533333333333335,5.760961599997245,0.0,452,0
d3000_rcs0.2_k8,27,balanced,0.6,0.043333333333333335,8,60,10,1.0,5120.0,8.533333333333335,0.5606014999793842,0.0,0,0
d3000_rcs0.2_k8,27,robust,0.5,0.043333333333333335,8,60,10,1.0,5120.0,8.533333333333335,6.173833000008017,0.0,0,0
d3000_rcs0.2_k8,28,v1,0.3,0.04,8,52,10,1.0,5120.0,8.533333333333335,4.886090799933299,0.0,0,0
d3000_rcs0.2_k8,28,joint,0.3,0.03666666666666667,8,53,10,1.0,5120.0,8.533333333333335,5.064648099942133,0.010344101962223462,493,3
d3000_rcs0.2_k8,28,balanced,0.2,0.03,8,60,10,1.0,5120.0,8.533333333333335,0.6376565999817103,0.0,0,0
d3000_rcs0.2_k8,28,robust,0.4,0.04,8,46,10,1.0,5120.0,8.533333333333335,4.242362700053491,0.0,0,0
d3000_rcs0.2_k8,29,v1,0.4,0.03333333333333333,8,55,10,1.0,5120.0,8.533333333333335,5.115380200091749,0.0,0,0
d3000_rcs0.2_k8,29,joint,0.4,0.03333333333333333,8,51,10,1.0,5120.0,8.533333333333335,5.2903744000941515,0.0005446773649473435,443,2
d3000_rcs0.2_k8,29,balanced,0.3,0.03,8,60,10,1.0,5120.0,8.533333333333335,0.6109365999000147,0.0,0,0
d3000_rcs0.2_k8,29,robust,0.4,0.02,8,55,10,1.0,5120.0,8.533333333333335,5.689019700046629,0.0,0,0
d3000_rcs0.2_k8,30,v1,0.2,0.05333333333333334,8,40,10,1.0,5120.0,8.533333333333335,3.526238000020385,0.0,0,0
d3000_rcs0.2_k8,30,joint,0.2,0.05333333333333334,8,40,10,1.0,5120.0,8.533333333333335,3.6563545000972226,0.0,420,0
d3000_rcs0.2_k8,30,balanced,0.2,0.04666666666666667,8,60,10,1.0,5120.0,8.533333333333335,0.614447999978438,0.0,0,0
d3000_rcs0.2_k8,30,robust,0.2,0.04,8,50,10,1.0,5120.0,8.533333333333335,4.7368872000370175,0.0,0,0
d3000_rcs0.2_k8,31,v1,0.4,0.05,5,31,10,1.0,3200.0,5.333333333333334,3.2900090999901295,0.0,0,0
d3000_rcs0.2_k8,31,joint,0.4,0.03666666666666667,3,28,10,1.0,1920.0,3.2,3.5601098000770435,0.18145031550407342,783,4
d3000_rcs0.2_k8,31,balanced,0.4,0.043333333333333335,8,60,10,1.0,5120.0,8.533333333333335,0.6896699999924749,0.0,0,0
d3000_rcs0.2_k8,31,robust,0.3,0.05333333333333334,8,35,10,1.0,5120.0,8.533333333333335,2.496712899999693,0.0,0,0
d3000_rcs0.2_k8,32,v1,0.1,0.06666666666666667,8,50,10,1.0,5120.0,8.533333333333335,4.384894199902192,0.0,0,0
d3000_rcs0.2_k8,32,joint,0.1,0.06666666666666667,8,50,10,1.0,5120.0,8.533333333333335,4.547743499861099,0.0,468,0
d3000_rcs0.2_k8,32,balanced,0.3,0.04666666666666667,8,60,10,1.0,5120.0,8.533333333333335,0.5298014999134466,0.0,0,0
d3000_rcs0.2_k8,32,robust,0.2,0.056666666666666664,8,55,10,1.0,5120.0,8.533333333333335,4.842649400001392,0.0,0,0
d3000_rcs0.2_k8,33,v1,0.4,0.023333333333333334,8,56,10,1.0,5120.0,8.533333333333335,5.634553499985486,0.0,0,0
d3000_rcs0.2_k8,33,joint,0.4,0.02666666666666667,8,56,10,1.0,5120.0,8.533333333333335,5.838121899985708,0.005389470324387968,515,2
d3000_rcs0.2_k8,33,balanced,0.3,0.02666666666666667,8,60,10,1.0,5120.0,8.533333333333335,0.5686087000649422,0.0,0,0
d3000_rcs0.2_k8,33,robust,0.3,0.04666666666666667,8,60,10,1.0,5120.0,8.533333333333335,6.242125400109217,0.0,0,0
d3000_rcs0.2_k8,34,v1,0.2,0.03666666666666667,8,60,10,1.0,5120.0,8.533333333333335,6.265983800054528,0.0,0,0
d3000_rcs0.2_k8,34,joint,0.2,0.03666666666666667,8,60,10,1.0,5120.0,8.533333333333335,6.421466500032693,0.0,438,0
d3000_rcs0.2_k8,34,balanced,0.2,0.03666666666666667,8,60,10,1.0,5120.0,8.533333333333335,0.7614519000053406,0.0,0,0
d3000_rcs0.2_k8,34,robust,0.2,0.03666666666666667,8,55,10,1.0,5120.0,8.533333333333335,6.164543300052173,0.0,0,0
d3000_rcs0.2_k8,35,v1,0.2,0.04,8,60,10,1.0,5120.0,8.533333333333335,5.558382199960761,0.0,0,0
d3000_rcs0.2_k8,35,joint,0.2,0.04,8,60,10,1.0,5120.0,8.533333333333335,5.7251615999266505,0.0,450,0
d3000_rcs0.2_k8,35,balanced,0.1,0.04666666666666667,8,60,10,1.0,5120.0,8.533333333333335,0.47189110005274415,0.0,0,0
d3000_rcs0.2_k8,35,robust,0.2,0.06,7,45,10,1.0,4480.0,7.466666666666669,3.492419100017287,0.0,0,0
d3000_rcs0.2_k8,36,v1,0.2,0.06333333333333334,8,50,10,1.0,5120.0,8.533333333333335,5.05508760001976,0.0,0,0
d3000_rcs0.2_k8,36,joint,0.2,0.06333333333333334,8,50,10,1.0,5120.0,8.533333333333335,5.203295200015418,0.0,430,0
d3000_rcs0.2_k8,36,balanced,0.3,0.056666666666666664,8,60,10,1.0,5120.0,8.533333333333335,0.5908521999372169,0.0,0,0
d3000_rcs0.2_k8,36,robust,0.3,0.04666666666666667,8,50,10,1.0,5120.0,8.533333333333335,4.477696000016294,0.0,0,0
d3000_rcs0.2_k8,37,v1,0.2,0.03666666666666667,8,56,10,1.0,5120.0,8.533333333333335,4.846433399943635,0.0,0,0
d3000_rcs0.2_k8,37,joint,0.2,0.03666666666666667,8,52,10,1.0,5120.0,8.533333333333335,5.046564299962483,0.0520556186271115,508,3
d3000_rcs0.2_k8,37,balanced,0.2,0.043333333333333335,8,60,10,1.0,5120.0,8.533333333333335,0.44490220001898706,0.0,0,0
d3000_rcs0.2_k8,37,robust,0.3,0.04,8,60,10,1.0,5120.0,8.533333333333335,5.2898867999901995,0.0,0,0
d3000_rcs0.2_k8,38,v1,0.2,0.06,8,55,10,1.0,5120.0,8.533333333333335,5.428838200052269,0.0,0,0
d3000_rcs0.2_k8,38,joint,0.2,0.05333333333333334,8,57,10,1.0,5120.0,8.533333333333335,5.6038169000530615,0.04154038063191656,456,2
d3000_rcs0.2_k8,38,balanced,0.2,0.06,8,60,10,1.0,5120.0,8.533333333333335,0.7478919000132009,0.0,0,0
d3000_rcs0.2_k8,38,robust,0.1,0.04666666666666667,8,50,10,1.0,5120.0,8.533333333333335,4.969749999931082,0.0,0,0
d3000_rcs0.2_k8,39,v1,0.2,0.056666666666666664,8,55,10,1.0,5120.0,8.533333333333335,4.736761900014244,0.0,0,0
d3000_rcs0.2_k8,39,joint,0.2,0.056666666666666664,8,55,10,1.0,5120.0,8.533333333333335,4.88659590005409,0.0,439,0
d3000_rcs0.2_k8,39,balanced,0.2,0.056666666666666664,8,60,10,1.0,5120.0,8.533333333333335,0.5482083999086171,0.0,0,0
d3000_rcs0.2_k8,39,robust,0.2,0.06666666666666667,8,50,10,1.0,5120.0,8.533333333333335,4.229301400016993,0.0,0,0
d3000_rcs0.2_k8,40,v1,0.3,0.05333333333333334,8,60,10,1.0,5120.0,8.533333333333335,5.675155199947767,0.0,0,0
d3000_rcs0.2_k8,40,joint,0.3,0.05333333333333334,8,60,10,1.0,5120.0,8.533333333333335,5.854120699921623,0.0,479,0
d3000_rcs0.2_k8,40,balanced,0.2,0.04666666666666667,8,60,10,1.0,5120.0,8.533333333333335,0.6539412999991328,0.0,0,0
d3000_rcs0.2_k8,40,robust,0.2,0.07666666666666666,8,50,10,1.0,5120.0,8.533333333333335,3.508230400038883,0.0,0,0
d3000_rcs0.2_k8,41,v1,0.2,0.06,8,60,10,1.0,5120.0,8.533333333333335,5.958417099900544,0.0,0,0
d3000_rcs0.2_k8,41,joint,0.2,0.06,8,60,10,1.0,5120.0,8.533333333333335,6.1262851998908445,0.0,474,0
d3000_rcs0.2_k8,41,balanced,0.3,0.06,8,60,10,1.0,5120.0,8.533333333333335,0.7180761999916285,0.0,0,0
d3000_rcs0.2_k8,41,robust,0.2,0.06,8,55,10,1.0,5120.0,8.533333333333335,6.01667699997779,0.0,0,0
d3000_rcs0.2_k8,42,v1,0.0,0.04666666666666667,8,60,10,1.0,5120.0,8.533333333333335,6.89566460007336,0.0,0,0
d3000_rcs0.2_k8,42,joint,0.0,0.04666666666666667,8,60,10,1.0,5120.0,8.533333333333335,7.070896600023843,0.0,463,0
d3000_rcs0.2_k8,42,balanced,0.0,0.05,8,60,10,1.0,5120.0,8.533333333333335,0.7166972999693826,0.0,0,0
d3000_rcs0.2_k8,42,robust,0.0,0.06,5,50,10,1.0,3200.0,5.333333333333334,5.890989599982277,0.0,0,0
d3000_rcs0.2_k8,43,v1,0.2,0.06,8,55,10,0.9090909090909091,5120.0,8.533333333333335,5.763149400008842,0.0,0,0
d3000_rcs0.2_k8,43,joint,0.2,0.06,8,55,10,0.9090909090909091,5120.0,8.533333333333335,5.924979600124061,0.0,471,0
d3000_rcs0.2_k8,43,balanced,0.2,0.056666666666666664,8,60,10,0.9166666666666666,5120.0,8.533333333333335,0.8147154999896884,0.0,0,0
d3000_rcs0.2_k8,43,robust,0.3,0.04666666666666667,8,40,10,0.875,5120.0,8.533333333333335,3.5042886999435723,0.0,0,0
d3000_rcs0.2_k8,44,v1,0.3,0.06333333333333334,8,50,10,1.0,5120.0,8.533333333333335,4.662587699946016,0.0,0,0
d3000_rcs0.2_k8,44,joint,0.3,0.07333333333333333,8,46,10,1.0,5120.0,8.533333333333335,4.841998099931516,0.00037823448154927775,435,2
d3000_rcs0.2_k8,44,balanced,0.3,0.05333333333333334,8,60,10,1.0,5120.0,8.533333333333335,0.7147506000474095,0.0,0,0
d3000_rcs0.2_k8,44,robust,0.2,0.06333333333333334,8,50,10,1.0,5120.0,8.533333333333335,4.541517799952999,0.0,0,0
d3000_rcs0.2_k8,45,v1,0.5,0.05333333333333334,8,51,10,1.0,5120.0,8.533333333333335,4.86337089992594,0.0,0,0
d3000_rcs0.2_k8,45,joint,0.6,0.043333333333333335,8,47,10,1.0,5120.0,8.533333333333335,5.038333999924362,0.10520668229034635,470,3
d3000_rcs0.2_k8,45,balanced,0.5,0.043333333333333335,8,60,10,1.0,5120.0,8.533333333333335,0.6914368999423459,0.0,0,0
d3000_rcs0.2_k8,45,robust,0.5,0.04666666666666667,8,41,10,1.0,5120.0,8.533333333333335,3.2549361999845132,0.0,0,0
d3000_rcs0.2_k8,46,v1,0.2,0.04,8,51,10,0.9803921568627451,5120.0,8.533333333333335,4.88908619992435,0.0,0,0
d3000_rcs0.2_k8,46,joint,0.2,0.043333333333333335,7,43,10,0.9767441860465116,4480.0,7.466666666666669,5.135372099815868,0.07825854435031854,658,4
d3000_rcs0.2_k8,46,balanced,0.3,0.056666666666666664,8,60,10,0.9666666666666667,5120.0,8.533333333333335,0.5784350000321865,0.0,0,0
d3000_rcs0.2_k8,46,robust,0.3,0.043333333333333335,8,55,10,0.9636363636363636,5120.0,8.533333333333335,5.329848999972455,0.0,0,0
d3000_rcs0.2_k8,47,v1,0.2,0.04,8,58,10,1.0,5120.0,8.533333333333335,5.97894949989859,0.0,0,0
d3000_rcs0.2_k8,47,joint,0.2,0.04,8,58,10,1.0,5120.0,8.533333333333335,6.143574999994598,0.0,472,0
d3000_rcs0.2_k8,47,balanced,0.2,0.03333333333333333,8,60,10,1.0,5120.0,8.533333333333335,0.6967645999975502,0.0,0,0
d3000_rcs0.2_k8,47,robust,0.2,0.04,8,60,10,1.0,5120.0,8.533333333333335,6.537267900072038,0.0,0,0
d3000_rcs0.2_k8,48,v1,0.2,0.03666666666666667,8,45,10,1.0,5120.0,8.533333333333335,4.1618018000153825,0.0,0,0
d3000_rcs0.2_k8,48,joint,0.2,0.03666666666666667,8,45,10,1.0,5120.0,8.533333333333335,4.30839250003919,0.0,434,0
d3000_rcs0.2_k8,48,balanced,0.2,0.03666666666666667,8,60,10,1.0,5120.0,8.533333333333335,0.5234727000351995,0.0,0,0
d3000_rcs0.2_k8,48,robust,0.2,0.03333333333333333,8,55,10,1.0,5120.0,8.533333333333335,4.599759500008076,0.0,0,0
d3000_rcs0.2_k8,49,v1,0.2,0.04,8,49,10,1.0,5120.0,8.533333333333335,4.549020999926142,0.0,0,0
d3000_rcs0.2_k8,49,joint,0.2,0.04,8,50,10,1.0,5120.0,8.533333333333335,4.77946179988794,0.010965442207645282,591,3
d3000_rcs0.2_k8,49,balanced,0.3,0.03333333333333333,8,60,10,1.0,5120.0,8.533333333333335,0.522127200034447,0.0,0,0
d3000_rcs0.2_k8,49,robust,0.2,0.04666666666666667,8,55,10,1.0,5120.0,8.533333333333335,5.0184916000580415,0.0,0,0
d3000_rcs0.2_k8,50,v1,0.5,0.07666666666666666,8,60,10,1.0,5120.0,8.533333333333335,6.0567663999972865,0.0,0,0
d3000_rcs0.2_k8,50,joint,0.5,0.07666666666666666,8,60,10,1.0,5120.0,8.533333333333335,6.237981099868193,0.0,502,0
d3000_rcs0.2_k8,50,balanced,0.5,0.06333333333333334,8,60,10,1.0,5120.0,8.533333333333335,0.6906744000734761,0.0,0,0
d3000_rcs0.2_k8,50,robust,0.5,0.08,8,60,10,1.0,5120.0,8.533333333333335,6.19820769992657,0.0,0,0
d3000_rcs0.2_k8,51,v1,0.4,0.043333333333333335,8,56,10,1.0,5120.0,8.533333333333335,6.047859499929473,0.0,0,0
d3000_rcs0.2_k8,51,joint,0.4,0.043333333333333335,8,56,10,1.0,5120.0,8.533333333333335,6.221419299952686,0.0,517,0
d3000_rcs0.2_k8,51,balanced,0.2,0.03333333333333333,8,60,10,1.0,5120.0,8.533333333333335,0.8574258000589907,0.0,0,0
d3000_rcs0.2_k8,51,robust,0.4,0.05,8,56,10,1.0,5120.0,8.533333333333335,6.25171949993819,0.0,0,0
d3000_rcs0.2_k8,52,v1,0.2,0.07333333333333333,8,55,10,1.0,5120.0,8.533333333333335,4.882785700028762,0.0,0,0
d3000_rcs0.2_k8,52,joint,0.2,0.07333333333333333,8,55,10,1.0,5120.0,8.533333333333335,5.051336699980311,0.0,472,0
d3000_rcs0.2_k8,52,balanced,0.2,0.06666666666666667,8,60,10,1.0,5120.0,8.533333333333335,0.6142888000467792,0.0,0,0
d3000_rcs0.2_k8,52,robust,0.1,0.07,8,40,10,1.0,5120.0,8.533333333333335,3.0093624000437558,0.0,0,0
d3000_rcs0.2_k8,53,v1,0.4,0.04,8,56,10,1.0,5120.0,8.533333333333335,5.636305899941362,0.0,0,0
d3000_rcs0.2_k8,53,joint,0.4,0.04,8,56,10,1.0,5120.0,8.533333333333335,5.800392600009218,0.0,449,0
d3000_rcs0.2_k8,53,balanced,0.4,0.03333333333333333,8,60,10,1.0,5120.0,8.533333333333335,0.6833706999896094,0.0,0,0
d3000_rcs0.2_k8,53,robust,0.4,0.04666666666666667,8,55,10,1.0,5120.0,8.533333333333335,5.512903599999845,0.0,0,0
d3000_rcs0.2_k8,54,v1,0.4,0.04666666666666667,8,50,10,1.0,5120.0,8.533333333333335,4.640252299956046,0.0,0,0
d3000_rcs0.2_k8,54,joint,0.4,0.05,8,52,10,1.0,5120.0,8.533333333333335,4.8120918000349775,0.0873709996201042,450,2
d3000_rcs0.2_k8,54,balanced,0.4,0.05333333333333334,8,60,10,1.0,5120.0,8.533333333333335,0.678632800001651,0.0,0,0
d3000_rcs0.2_k8,54,robust,0.4,0.04,8,50,10,1.0,5120.0,8.533333333333335,4.672067500068806,0.0,0,0
d3000_rcs0.2_k8,55,v1,0.2,0.06666666666666667,8,48,10,1.0,5120.0,8.533333333333335,4.795607800013386,0.0,0,0
d3000_rcs0.2_k8,55,joint,0.2,0.07,8,48,10,1.0,5120.0,8.533333333333335,5.025018299929798,0.0026589765426652257,580,2
d3000_rcs0.2_k8,55,balanced,0.4,0.06666666666666667,8,60,10,1.0,5120.0,8.533333333333335,0.8248547000112012,0.0,0,0
d3000_rcs0.2_k8,55,robust,0.4,0.06333333333333334,8,55,10,1.0,5120.0,8.533333333333335,5.359182600048371,0.0,0,0
d3000_rcs0.2_k8,56,v1,0.1,0.05333333333333334,8,60,10,1.0,5120.0,8.533333333333335,6.5520136000122875,0.0,0,0
d3000_rcs0.2_k8,56,joint,0.1,0.05333333333333334,8,60,10,1.0,5120.0,8.533333333333335,6.708819599938579,0.0,440,0
d3000_rcs0.2_k8,56,balanced,0.1,0.05333333333333334,8,60,10,1.0,5120.0,8.533333333333335,0.7676481000380591,0.0,0,0
d3000_rcs0.2_k8,56,robust,0.1,0.05,8,60,10,1.0,5120.0,8.533333333333335,7.017540400032885,0.0,0,0
d3000_rcs0.2_k8,57,v1,0.5,0.03666666666666667,8,60,10,1.0,5120.0,8.533333333333335,5.593920100014657,0.0,0,0
d3000_rcs0.2_k8,57,joint,0.5,0.03666666666666667,8,60,10,1.0,5120.0,8.533333333333335,5.7614932000869885,0.0,475,0
d3000_rcs0.2_k8,57,balanced,0.4,0.03666666666666667,8,60,10,1.0,5120.0,8.533333333333335,0.5395995998987928,0.0,0,0
d3000_rcs0.2_k8,57,robust,0.5,0.023333333333333334,8,60,10,1.0,5120.0,8.533333333333335,6.132199100102298,0.0,0,0
d3000_rcs0.2_k8,58,v1,0.3,0.03333333333333333,8,45,10,1.0,5120.0,8.533333333333335,4.3301857999758795,0.0,0,0
d3000_rcs0.2_k8,58,joint,0.3,0.03333333333333333,8,46,10,1.0,5120.0,8.533333333333335,4.513857999932952,0.07548480891733433,481,3
d3000_rcs0.2_k8,58,balanced,0.5,0.05333333333333334,8,60,10,1.0,5120.0,8.533333333333335,0.7819470999529585,0.0,0,0
d3000_rcs0.2_k8,58,robust,0.3,0.04,8,45,10,1.0,5120.0,8.533333333333335,4.468506400007755,0.0,0,0
d3000_rcs0.2_k8,59,v1,0.3,0.06333333333333334,8,50,10,1.0,5120.0,8.533333333333335,4.7465636999113485,0.0,0,0
d3000_rcs0.2_k8,59,joint,0.3,0.06,8,50,10,1.0,5120.0,8.533333333333335,4.912072799983434,0.00955913785617124,438,1
d3000_rcs0.2_k8,59,balanced,0.3,0.043333333333333335,8,60,10,1.0,5120.0,8.533333333333335,0.6889317999593914,0.0,0,0
d3000_rcs0.2_k8,59,robust,0.3,0.07,8,55,10,1.0,5120.0,8.533333333333335,5.449944099993445,0.0,0,0
d3000_rcs0.2_k8,60,v1,0.5,0.05333333333333334,7,50,10,1.0,4480.0,7.466666666666669,5.585055400035344,0.0,0,0
d3000_rcs0.2_k8,60,joint,0.5,0.04666666666666667,6,50,10,1.0,3840.0,6.400000000000001,5.901023899903521,0.006257220601318725,782,2
d3000_rcs0.2_k8,60,balanced,0.5,0.03666666666666667,8,60,10,1.0,5120.0,8.533333333333335,0.7775945999892429,0.0,0,0
d3000_rcs0.2_k8,60,robust,0.5,0.04666666666666667,8,45,10,1.0,5120.0,8.533333333333335,4.176742600044236,0.0,0,0
d3000_rcs0.2_k8,61,v1,0.2,0.06,8,50,10,1.0,5120.0,8.533333333333335,4.743220699951053,0.0,0,0
d3000_rcs0.2_k8,61,joint,0.3,0.06,8,50,10,1.0,5120.0,8.533333333333335,4.958093199995346,0.016462716390856613,532,3
d3000_rcs0.2_k8,61,balanced,0.3,0.04666666666666667,8,60,10,1.0,5120.0,8.533333333333335,0.740487200091593,0.0,0,0
d3000_rcs0.2_k8,61,robust,0.4,0.05333333333333334,8,55,10,0.9818181818181818,5120.0,8.533333333333335,5.7084657999221236,0.0,0,0
d3000_rcs0.2_k8,62,v1,0.6,0.05,8,51,10,1.0,5120.0,8.533333333333335,5.220001699985005,0.0,0,0
d3000_rcs0.2_k8,62,joint,0.5,0.04,8,48,10,1.0,5120.0,8.533333333333335,5.396403899998404,0.09072798987005948,463,4
d3000_rcs0.2_k8,62,balanced,0.6,0.04,8,60,10,1.0,5120.0,8.533333333333335,0.7652623999165371,0.0,0,0
d3000_rcs0.2_k8,62,robust,0.6,0.043333333333333335,8,55,10,1.0,5120.0,8.533333333333335,5.888848600094207,0.0,0,0
d3000_rcs0.2_k8,63,v1,0.1,0.03,8,52,10,1.0,5120.0,8.533333333333335,5.047131799976341,0.0,0,0
d3000_rcs0.2_k8,63,joint,0.1,0.04,8,52,10,1.0,5120.0,8.533333333333335,5.320384599966928,0.009671019717911733,699,5
d3000_rcs0.2_k8,63,balanced,0.1,0.04,8,60,10,1.0,5120.0,8.533333333333335,0.6313522999407724,0.0,0,0
d3000_rcs0.2_k8,63,robust,0.2,0.04666666666666667,7,50,10,1.0,4480.0,7.466666666666669,5.242263799998909,0.0,0,0
d3000_rcs0.2_k8,64,v1,0.2,0.06666666666666667,8,60,10,1.0,5120.0,8.533333333333335,5.755241199978627,0.0,0,0
d3000_rcs0.2_k8,64,joint,0.2,0.06666666666666667,8,60,10,1.0,5120.0,8.533333333333335,5.915482999989763,0.0,445,0
d3000_rcs0.2_k8,64,balanced,0.2,0.06333333333333334,8,60,10,1.0,5120.0,8.533333333333335,0.526493199984543,0.0,0,0
d3000_rcs0.2_k8,64,robust,0.2,0.056666666666666664,8,55,10,1.0,5120.0,8.533333333333335,5.743534700013697,0.0,0,0
d3000_rcs0.2_k8,65,v1,0.4,0.056666666666666664,8,60,10,1.0,5120.0,8.533333333333335,5.818921400001273,0.0,0,0
d3000_rcs0.2_k8,65,joint,0.4,0.056666666666666664,8,60,10,1.0,5120.0,8.533333333333335,5.974571999977343,0.0,429,0
d3000_rcs0.2_k8,65,balanced,0.4,0.06333333333333334,8,60,10,1.0,5120.0,8.533333333333335,0.6012461000354961,0.0,0,0
d3000_rcs0.2_k8,65,robust,0.3,0.056666666666666664,8,55,10,1.0,5120.0,8.533333333333335,5.384897600044496,0.0,0,0
d3000_rcs0.2_k8,66,v1,0.2,0.07,8,59,10,1.0,5120.0,8.533333333333335,6.556455599959008,0.0,0,0
d3000_rcs0.2_k8,66,joint,0.2,0.07,8,59,10,1.0,5120.0,8.533333333333335,6.715425099944696,0.0,446,0
d3000_rcs0.2_k8,66,balanced,0.2,0.07333333333333333,8,60,10,1.0,5120.0,8.533333333333335,0.6940303000155836,0.0,0,0
d3000_rcs0.2_k8,66,robust,0.2,0.06333333333333334,8,55,10,1.0,5120.0,8.533333333333335,5.946639099973254,0.0,0,0
d3000_rcs0.2_k8,67,v1,0.4,0.043333333333333335,8,48,10,1.0,5120.0,8.533333333333335,5.458442600094713,0.0,0,0
d3000_rcs0.2_k8,67,joint,0.4,0.04,8,51,10,1.0,5120.0,8.533333333333335,5.631295200088061,0.02091394964520843,447,4
d3000_rcs0.2_k8,67,balanced,0.4,0.05,8,60,10,1.0,5120.0,8.533333333333335,0.909106699982658,0.0,0,0
d3000_rcs0.2_k8,67,robust,0.4,0.043333333333333335,8,45,10,1.0,5120.0,8.533333333333335,4.469285300001502,0.0,0,0
d3000_rcs0.2_k8,68,v1,0.3,0.02,8,55,10,1.0,5120.0,8.533333333333335,4.905978199909441,0.0,0,0
d3000_rcs0.2_k8,68,joint,0.3,0.02,8,55,10,1.0,5120.0,8.533333333333335,5.058695099898614,0.0,447,0
d3000_rcs0.2_k8,68,balanced,0.3,0.02666666666666667,8,60,10,1.0,5120.0,8.533333333333335,0.6886800000211224,0.0,0,0
d3000_rcs0.2_k8,68,robust,0.3,0.013333333333333334,8,50,10,1.0,5120.0,8.533333333333335,4.191324200015515,0.0,0,0
d3000_rcs0.2_k8,69,v1,0.1,0.05,8,48,10,1.0,5120.0,8.533333333333335,4.072257700026967,0.0,0,0
d3000_rcs0.2_k8,69,joint,0.1,0.05,8,48,10,1.0,5120.0,8.533333333333335,4.2365972000407055,0.0,501,0
d3000_rcs0.2_k8,69,balanced,0.1,0.016666666666666666,8,60,10,0.9833333333333333,5120.0,8.533333333333335,0.5210225000046194,0.0,0,0
d3000_rcs0.2_k8,69,robust,0.1,0.04,8,50,10,1.0,5120.0,8.533333333333335,4.613761799992062,0.0,0,0
d3000_rcs0.2_k8,70,v1,0.4,0.043333333333333335,8,60,10,0.9833333333333333,5120.0,8.533333333333335,6.350334099959582,0.0,0,0
d3000_rcs0.2_k8,70,joint,0.4,0.043333333333333335,8,60,10,0.9833333333333333,5120.0,8.533333333333335,6.517922300030477,0.0,474,0
d3000_rcs0.2_k8,70,balanced,0.4,0.05,8,60,10,0.9666666666666667,5120.0,8.533333333333335,0.8004649999784306,0.0,0,0
d3000_rcs0.2_k8,70,robust,0.4,0.04666666666666667,8,55,10,0.9636363636363636,5120.0,8.533333333333335,5.902557000052184,0.0,0,0
d3000_rcs0.2_k8,71,v1,0.4,0.07,8,56,10,1.0,5120.0,8.533333333333335,6.661969100008719,0.0,0,0
d3000_rcs0.2_k8,71,joint,0.3,0.07,8,52,10,1.0,5120.0,8.533333333333335,6.8458946999162436,0.09565217921812197,450,2
d3000_rcs0.2_k8,71,balanced,0.3,0.05333333333333334,8,60,10,1.0,5120.0,8.533333333333335,0.8265905000735074,0.0,0,0
d3000_rcs0.2_k8,71,robust,0.2,0.08,8,50,10,1.0,5120.0,8.533333333333335,5.201347399968654,0.0,0,0
d3000_rcs0.2_k8,72,v1,0.2,0.04666666666666667,8,60,10,1.0,5120.0,8.533333333333335,6.118014100007713,0.0,0,0
d3000_rcs0.2_k8,72,joint,0.3,0.043333333333333335,8,51,10,1.0,5120.0,8.533333333333335,6.327630599960685,0.006233345915863442,515,3
d3000_rcs0.2_k8,72,balanced,0.3,0.043333333333333335,8,60,10,1.0,5120.0,8.533333333333335,0.7591801000526175,0.0,0,0
d3000_rcs0.2_k8,72,robust,0.3,0.03666666666666667,8,55,10,1.0,5120.0,8.533333333333335,5.206480699940585,0.0,0,0
d3000_rcs0.2_k8,73,v1,0.4,0.03333333333333333,8,60,10,1.0,5120.0,8.533333333333335,6.39558000001125,0.0,0,0
d3000_rcs0.2_k8,73,joint,0.4,0.03333333333333333,8,60,10,1.0,5120.0,8.533333333333335,6.574474799912423,0.0,494,0
d3000_rcs0.2_k8,73,balanced,0.3,0.02666666666666667,8,60,10,1.0,5120.0,8.533333333333335,0.8446498000994325,0.0,0,0
d3000_rcs0.2_k8,73,robust,0.3,0.03,8,45,10,1.0,5120.0,8.533333333333335,4.266875999979675,0.0,0,0
d3000_rcs0.2_k8,74,v1,0.2,0.043333333333333335,8,55,10,1.0,5120.0,8.533333333333335,6.093978299992159,0.0,0,0
d3000_rcs0.2_k8,74,joint,0.2,0.05,8,55,10,1.0,5120.0,8.533333333333335,6.316667800070718,0.005938454113030289,521,3
d3000_rcs0.2_k8,74,balanced,0.3,0.04,8,60,10,1.0,5120.0,8.533333333333335,0.7995454999618232,0.0,0,0
d3000_rcs0.2_k8,74,robust,0.2,0.03,8,50,10,1.0,5120.0,8.533333333333335,4.648990500019863,0.0,0,0
d3000_rcs0.2_k8,75,v1,0.3,0.03666666666666667,8,55,10,1.0,5120.0,8.533333333333335,5.111492799944244,0.0,0,0
d3000_rcs0.2_k8,75,joint,0.3,0.03666666666666667,8,55,10,1.0,5120.0,8.533333333333335,5.275467899860814,0.0,448,0
d3000_rcs0.2_k8,75,balanced,0.3,0.05333333333333334,8,60,10,1.0,5120.0,8.533333333333335,0.6542451001005247,0.0,0,0
d3000_rcs0.2_k8,75,robust,0.3,0.043333333333333335,8,60,10,1.0,5120.0,8.533333333333335,6.295960299903527,0.0,0,0
d3000_rcs0.2_k8,76,v1,0.6,0.043333333333333335,8,60,10,0.9833333333333333,5120.0,8.533333333333335,5.8252512000035495,0.0,0,0
d3000_rcs0.2_k8,76,joint,0.6,0.043333333333333335,8,60,10,0.9833333333333333,5120.0,8.533333333333335,5.984991799923591,0.0,464,0
d3000_rcs0.2_k8,76,balanced,0.5,0.04,8,60,10,0.9833333333333333,5120.0,8.533333333333335,0.6497518999967724,0.0,0,0
d3000_rcs0.2_k8,76,robust,0.6,0.04666666666666667,8,60,10,0.9833333333333333,5120.0,8.533333333333335,6.438722799997777,0.0,0,0
d3000_rcs0.2_k8,77,v1,0.1,0.04666666666666667,8,50,10,1.0,5120.0,8.533333333333335,4.4409052999690175,0.0,0,0
d3000_rcs0.2_k8,77,joint,0.1,0.043333333333333335,7,50,10,1.0,4480.0,7.466666666666669,4.687975400011055,0.01230483772707558,547,2
d3000_rcs0.2_k8,77,balanced,0.2,0.03666666666666667,8,60,10,1.0,5120.0,8.533333333333335,0.7357029000995681,0.0,0,0
d3000_rcs0.2_k8,77,robust,0.2,0.04666666666666667,8,51,10,1.0,5120.0,8.533333333333335,4.905175499967299,0.0,0,0
d3000_rcs0.2_k8,78,v1,0.4,0.056666666666666664,8,50,10,1.0,5120.0,8.533333333333335,4.516169899958186,0.0,0,0
d3000_rcs0.2_k8,78,joint,0.4,0.056666666666666664,8,50,10,1.0,5120.0,8.533333333333335,4.711118100094609,0.008748172992978365,492,2
d3000_rcs0.2_k8,78,balanced,0.3,0.06,8,60,10,1.0,5120.0,8.533333333333335,0.7054310999810696,0.0,0,0
d3000_rcs0.2_k8,78,robust,0.3,0.043333333333333335,8,50,10,1.0,5120.0,8.533333333333335,4.843523500021547,0.0,0,0
d3000_rcs0.2_k8,79,v1,0.3,0.03666666666666667,8,51,10,1.0,5120.0,8.533333333333335,4.6532123000361025,0.0,0,0
d3000_rcs0.2_k8,79,joint,0.3,0.03666666666666667,8,47,10,1.0,5120.0,8.533333333333335,4.889256600057706,0.21058615689393045,605,5
d3000_rcs0.2_k8,79,balanced,0.3,0.04,8,60,10,1.0,5120.0,8.533333333333335,0.6652517999755219,0.0,0,0
d3000_rcs0.2_k8,79,robust,0.4,0.06,8,55,10,1.0,5120.0,8.533333333333335,4.934055400080979,0.0,0,0
d3000_rcs0.2_k8,80,v1,0.7,0.05333333333333334,8,56,10,1.0,5120.0,8.533333333333335,5.1223989999853075,0.0,0,0
d3000_rcs0.2_k8,80,joint,0.7,0.05333333333333334,8,56,10,1.0,5120.0,8.533333333333335,5.282517599873245,0.0,471,0
d3000_rcs0.2_k8,80,balanced,0.7,0.04,8,60,10,1.0,5120.0,8.533333333333335,0.6159757999703288,0.0,0,0
d3000_rcs0.2_k8,80,robust,0.6,0.05333333333333334,8,55,10,1.0,5120.0,8.533333333333335,5.3148425000254065,0.0,0,0
d3000_rcs0.2_k8,81,v1,0.4,0.03,8,51,10,1.0,5120.0,8.533333333333335,4.682331999996677,0.0,0,0
d3000_rcs0.2_k8,81,joint,0.4,0.03,8,51,10,1.0,5120.0,8.533333333333335,4.836704200017266,0.0,445,0
d3000_rcs0.2_k8,81,balanced,0.4,0.05,8,60,10,1.0,5120.0,8.533333333333335,0.6421302000526339,0.0,0,0
d3000_rcs0.2_k8,81,robust,0.4,0.03666666666666667,8,60,10,1.0,5120.0,8.533333333333335,5.972861000103876,0.0,0,0
d3000_rcs0.2_k8,82,v1,0.4,0.05333333333333334,8,50,10,1.0,5120.0,8.533333333333335,4.570762899937108,0.0,0,0
d3000_rcs0.2_k8,82,joint,0.4,0.05333333333333334,8,50,10,1.0,5120.0,8.533333333333335,4.720045600086451,0.0,442,0
d3000_rcs0.2_k8,82,balanced,0.3,0.043333333333333335,8,60,10,1.0,5120.0,8.533333333333335,0.5347664000000805,0.0,0,0
d3000_rcs0.2_k8,82,robust,0.3,0.04666666666666667,8,45,10,1.0,5120.0,8.533333333333335,3.5007160000968724,0.0,0,0
d3000_rcs0.2_k8,83,v1,0.6,0.056666666666666664,8,45,10,1.0,5120.0,8.533333333333335,3.4540946000488475,0.0,0,0
d3000_rcs0.2_k8,83,joint,0.4,0.056666666666666664,8,47,10,1.0,5120.0,8.533333333333335,3.651729900040664,0.0450929150798598,526,5
d3000_rcs0.2_k8,83,balanced,0.6,0.043333333333333335,8,60,10,1.0,5120.0,8.533333333333335,0.5708390000509098,0.0,0,0
d3000_rcs0.2_k8,83,robust,0.6,0.06,8,45,10,1.0,5120.0,8.533333333333335,3.6611547000939026,0.0,0,0
d3000_rcs0.2_k8,84,v1,0.1,0.03666666666666667,8,56,10,1.0,5120.0,8.533333333333335,5.225232799886726,0.0,0,0
d3000_rcs0.2_k8,84,joint,0.1,0.03666666666666667,8,56,10,1.0,5120.0,8.533333333333335,5.382171699893661,0.0,452,0
d3000_rcs0.2_k8,84,balanced,0.1,0.04,8,60,10,1.0,5120.0,8.533333333333335,0.6117724000941962,0.0,0,0
d3000_rcs0.2_k8,84,robust,0.1,0.03666666666666667,8,55,10,1.0,5120.0,8.533333333333335,5.401286799926311,0.0,0,0
d3000_rcs0.2_k8,85,v1,0.3,0.03666666666666667,8,51,10,1.0,5120.0,8.533333333333335,5.208490699995309,0.0,0,0
d3000_rcs0.2_k8,85,joint,0.2,0.04,8,49,10,1.0,5120.0,8.533333333333335,5.420938300085254,0.05197369083017467,521,5
d3000_rcs0.2_k8,85,balanced,0.2,0.03666666666666667,8,60,10,1.0,5120.0,8.533333333333335,0.6890548999654129,0.0,0,0
d3000_rcs0.2_k8,85,robust,0.2,0.02666666666666667,8,50,10,1.0,5120.0,8.533333333333335,5.072095899959095,0.0,0,0
d3000_rcs0.2_k8,86,v1,0.4,0.04,8,50,10,1.0,5120.0,8.533333333333335,4.459426200017333,0.0,0,0
d3000_rcs0.2_k8,86,joint,0.5,0.05,8,46,10,1.0,5120.0,8.533333333333335,4.7184419999830425,0.09658365648367884,652,7
d3000_rcs0.2_k8,86,balanced,0.3,0.05,8,60,10,1.0,5120.0,8.533333333333335,0.6216207999968901,0.0,0,0
d3000_rcs0.2_k8,86,robust,0.4,0.043333333333333335,8,50,10,1.0,5120.0,8.533333333333335,4.5711065999930725,0.0,0,0
d3000_rcs0.2_k8,87,v1,0.3,0.03666666666666667,8,50,10,1.0,5120.0,8.533333333333335,3.947374999988824,0.0,0,0
d3000_rcs0.2_k8,87,joint,0.3,0.03666666666666667,8,50,10,1.0,5120.0,8.533333333333335,4.141528300009668,0.014615218337898028,494,2
d3000_rcs0.2_k8,87,balanced,0.3,0.03333333333333333,8,60,10,1.0,5120.0,8.533333333333335,0.5081025999970734,0.0,0,0
d3000_rcs0.2_k8,87,robust,0.3,0.03,8,55,10,1.0,5120.0,8.533333333333335,4.713104899972677,0.0,0,0
d3000_rcs0.2_k8,88,v1,0.4,0.04666666666666667,8,50,10,1.0,5120.0,8.533333333333335,4.712918500066735,0.0,0,0
d3000_rcs0.2_k8,88,joint,0.3,0.05,8,51,10,1.0,5120.0,8.533333333333335,4.901702299946919,0.03243558887138098,476,3
d3000_rcs0.2_k8,88,balanced,0.4,0.05,8,60,10,1.0,5120.0,8.533333333333335,0.6067553000757471,0.0,0,0
d3000_rcs0.2_k8,88,robust,0.5,0.04666666666666667,8,55,10,1.0,5120.0,8.533333333333335,5.152774599962868,0.0,0,0
d3000_rcs0.2_k8,89,v1,0.2,0.03666666666666667,8,50,10,1.0,5120.0,8.533333333333335,4.863234300049953,0.0,0,0
d3000_rcs0.2_k8,89,joint,0.2,0.03666666666666667,8,50,10,1.0,5120.0,8.533333333333335,5.007384700118564,0.0,429,0
d3000_rcs0.2_k8,89,balanced,0.2,0.04666666666666667,8,60,10,1.0,5120.0,8.533333333333335,0.8329476999351755,0.0,0,0
d3000_rcs0.2_k8,89,robust,0.2,0.04666666666666667,8,35,10,1.0,5120.0,8.533333333333335,2.9813570000696927,0.0,0,0
d3000_rcs0.2_k8,90,v1,0.4,0.04,8,55,10,1.0,5120.0,8.533333333333335,5.341103799990378,0.0,0,0
d3000_rcs0.2_k8,90,joint,0.4,0.04,8,57,10,1.0,5120.0,8.533333333333335,5.525444299913943,0.012095883390662365,451,2
d3000_rcs0.2_k8,90,balanced,0.4,0.05,8,60,10,1.0,5120.0,8.533333333333335,0.6735966000705957,0.0,0,0
d3000_rcs0.2_k8,90,robust,0.4,0.03333333333333333,8,55,10,1.0,5120.0,8.533333333333335,5.2649098000256345,0.0,0,0
d3000_rcs0.2_k8,91,v1,0.3,0.04666666666666667,8,60,10,1.0,5120.0,8.533333333333335,6.361990500008687,0.0,0,0
d3000_rcs0.2_k8,91,joint,0.3,0.04666666666666667,8,60,10,1.0,5120.0,8.533333333333335,6.521348900045268,0.0,445,0
d3000_rcs0.2_k8,91,balanced,0.3,0.043333333333333335,8,60,10,1.0,5120.0,8.533333333333335,0.7381452999543399,0.0,0,0
d3000_rcs0.2_k8,91,robust,0.3,0.043333333333333335,8,55,10,1.0,5120.0,8.533333333333335,4.975129300029948,0.0,0,0
d3000_rcs0.2_k8,92,v1,0.0,0.04,8,55,10,1.0,5120.0,8.533333333333335,5.749806100036949,0.0,0,0
d3000_rcs0.2_k8,92,joint,0.0,0.03666666666666667,8,56,10,1.0,5120.0,8.533333333333335,5.959543899982236,0.028859098970642094,529,3
d3000_rcs0.2_k8,92,balanced,0.0,0.03666666666666667,8,60,10,1.0,5120.0,8.533333333333335,0.7268411000259221,0.0,0,0
d3000_rcs0.2_k8,92,robust,0.0,0.04,8,50,10,1.0,5120.0,8.533333333333335,4.074920200044289,0.0,0,0
d3000_rcs0.2_k8,93,v1,0.2,0.04,8,55,10,0.9454545454545454,5120.0,8.533333333333335,5.3389224000275135,0.0,0,0
d3000_rcs0.2_k8,93,joint,0.2,0.04,8,55,10,0.9454545454545454,5120.0,8.533333333333335,5.519013800076209,0.0,457,0
d3000_rcs0.2_k8,93,balanced,0.3,0.02666666666666667,8,60,10,0.95,5120.0,8.533333333333335,0.7045287999790162,0.0,0,0
d3000_rcs0.2_k8,93,robust,0.2,0.04,8,55,10,0.9454545454545454,5120.0,8.533333333333335,4.822760700015351,0.0,0,0
d3000_rcs0.2_k8,94,v1,0.1,0.056666666666666664,8,52,10,1.0,5120.0,8.533333333333335,5.164979499997571,0.0,0,0
d3000_rcs0.2_k8,94,joint,0.1,0.06,8,54,10,1.0,5120.0,8.533333333333335,5.349263500072993,0.012471367166084324,470,2
d3000_rcs0.2_k8,94,balanced,0.1,0.05,8,60,10,1.0,5120.0,8.533333333333335,0.7149160000262782,0.0,0,0
d3000_rcs0.2_k8,94,robust,0.2,0.05333333333333334,8,45,10,1.0,5120.0,8.533333333333335,3.6461086999624968,0.0,0,0
d3000_rcs0.2_k8,95,v1,0.5,0.056666666666666664,8,50,10,1.0,5120.0,8.533333333333335,4.194383799913339,0.0,0,0
d3000_rcs0.2_k8,95,joint,0.5,0.056666666666666664,8,50,10,1.0,5120.0,8.533333333333335,4.355660199886188,0.0,438,0
d3000_rcs0.2_k8,95,balanced,0.4,0.04,8,60,10,1.0,5120.0,8.533333333333335,0.371700800023973,0.0,0,0
d3000_rcs0.2_k8,95,robust,0.4,0.05333333333333334,8,55,10,1.0,5120.0,8.533333333333335,3.8438524999655783,0.0,0,0
d3000_rcs0.2_k8,96,v1,0.2,0.05,8,55,10,1.0,5120.0,8.533333333333335,4.810511599993333,0.0,0,0
d3000_rcs0.2_k8,96,joint,0.2,0.05,8,55,10,1.0,5120.0,8.533333333333335,4.962708599981852,0.0,432,0
d3000_rcs0.2_k8,96,balanced,0.5,0.056666666666666664,8,60,10,1.0,5120.0,8.533333333333335,0.5334698000224307,0.0,0,0
d3000_rcs0.2_k8,96,robust,0.4,0.05,8,50,10,1.0,5120.0,8.533333333333335,3.3295567999593914,0.0,0,0
d3000_rcs0.2_k8,97,v1,0.2,0.06,8,52,10,1.0,5120.0,8.533333333333335,4.948957099928521,0.0,0,0
d3000_rcs0.2_k8,97,joint,0.2,0.06,8,52,10,1.0,5120.0,8.533333333333335,5.1065566999604926,0.0,470,0
d3000_rcs0.2_k8,97,balanced,0.3,0.05,8,60,10,1.0,5120.0,8.533333333333335,0.5706260999431834,0.0,0,0
d3000_rcs0.2_k8,97,robust,0.1,0.06666666666666667,8,55,10,1.0,5120.0,8.533333333333335,4.355324000003748,0.0,0,0
d3000_rcs0.2_k8,98,v1,0.3,0.04,8,50,10,1.0,5120.0,8.533333333333335,3.4368327000411227,0.0,0,0
d3000_rcs0.2_k8,98,joint,0.3,0.04,8,50,10,1.0,5120.0,8.533333333333335,3.5570979999611154,0.0,452,0
d3000_rcs0.2_k8,98,balanced,0.3,0.06,8,60,10,1.0,5120.0,8.533333333333335,0.3783783999970183,0.0,0,0
d3000_rcs0.2_k8,98,robust,0.3,0.043333333333333335,8,40,10,1.0,5120.0,8.533333333333335,1.847176400013268,0.0,0,0
d3000_rcs0.2_k8,99,v1,0.2,0.03666666666666667,8,55,10,1.0,5120.0,8.533333333333335,4.518586100079119,0.0,0,0
d3000_rcs0.2_k8,99,joint,0.2,0.03333333333333333,8,56,10,1.0,5120.0,8.533333333333335,4.661049900110811,0.010322988680417922,484,2
d3000_rcs0.2_k8,99,balanced,0.3,0.043333333333333335,8,60,10,1.0,5120.0,8.533333333333335,0.46047089993953705,0.0,0,0
d3000_rcs0.2_k8,99,robust,0.1,0.04,8,40,10,1.0,5120.0,8.533333333333335,2.4433427000185475,0.0,0,0
