split,scene_id,receiver,target,realisation,direct_gain_boost_db,arm,conflict_index,direct_inr_db,tested_protected,n_protected_targets,stat_h0,stat_h1,dof_real,identifiable_fraction,kappa_accounted_db,kappa_structural_db,i_in,i_res,i_res_structural,i_res_estimate,eta_survive_q,eta_survive_field,eta_survive_pred_q,eta_survive_risk_q,eta_protect,protect_dim,n_coefficients,calibration_error_db
calibration,0,0,2,0,0.0,no_ic,0.019112863198462476,2.2157783841228906,1,3,8.187878096343107,6.430084846319793,10,0.9994862695915283,0.0,0.0,1.0454397439114796e-09,1.0454397439114796e-09,1.0454397439114796e-09,0.0,1.0,1.0,1.0,1.0,0.9022772010540712,0,5,0.0
calibration,0,0,2,0,0.0,plain_ls,0.019112863198462476,2.2157783841228906,1,3,8.18346981703361,6.431426134871938,10,0.9994862749743845,12.86588294164045,12.87499895616126,1.0454397439114796e-09,5.403942412041873e-11,5.3926112176993515e-11,1.1331194342521666e-13,0.9994131675365413,0.9993504000535596,0.9993727657594204,0.998257936284557,0.9022772010540712,0,5,24.508524295034047
calibration,0,0,2,0,0.0,protected_ls,0.019112863198462476,2.2157783841228906,1,3,7.868807458832881,6.066618793421858,10,0.9973353968465757,12.053375202686583,12.061571417517541,1.0454397439114796e-09,6.515706092832066e-11,6.50342093439679e-11,1.2285158435276208e-13,0.9998742701660811,0.9999409685085563,1.0,0.9993764581052419,0.9022772010540712,45,5,7.380499027948656
calibration,0,0,2,0,0.0,tp_uic_full,0.019112863198462476,2.2157783841228906,1,3,8.18503935218153,6.432241910865552,10,0.9994849016639807,12.865195914027822,12.874980266406666,1.0454397439114796e-09,5.4047973506801286e-11,5.3926344247170224e-11,1.2162925963106343e-13,0.9995886582470741,0.9997583101855595,0.999551153363698,0.9983495243575855,0.9022772010540712,45,5,24.49709780410614
calibration,0,0,2,0,0.0,perfect_channel,0.019112863198462476,2.2157783841228906,1,3,6.125089096232884,5.848393829158131,10,0.9994687584104431,inf,inf,1.0454397439114796e-09,0.0,0.0,0.0,1.0,1.0,1.0,1.0,0.9022772010540712,0,5,nan
calibration,0,0,2,1,0.0,no_ic,0.014770249574512501,2.156196699794919,1,3,6.728030973329449,7.514079379139399,10,0.999484268979436,0.0,0.0,1.0311950935776911e-09,1.0311950935776911e-09,1.0311950935776911e-09,0.0,1.0,1.0,1.0,1.0,0.9102995130528616,0,5,0.0
calibration,0,0,2,1,0.0,plain_ls,0.014770249574512501,2.156196699794919,1,3,6.733320275401952,7.522259032583447,10,0.9994842702628023,20.073092730650394,20.16937661555129,1.0311950935776911e-09,1.0139850804066179e-11,9.917522088664072e-12,2.2232871540210652e-13,0.9997331853306968,0.9989497304599628,0.9993584246232207,0.9983663602783454,0.9102995130528616,0,5,17.241713382127127
calibration,0,0,2,1,0.0,protected_ls,0.014770249574512501,2.156196699794919,1,3,5.2641818758919365,4.393410220836186,10,0.9969073972279412,16.33889381350506,16.375674337816793,1.0311950935776911e-09,2.3958049430964358e-11,2.3756004791307774e-11,2.0204463965658324e-13,0.9998999382662608,0.9999040315533402,1.0,0.9993740601066445,0.9102995130528616,45,5,2.49524166356021
calibration,0,0,2,1,0.0,tp_uic_full,0.014770249574512501,2.156196699794919,1,3,6.733315386819283,7.521124413731871,10,0.9994830441239584,20.072411772923637,20.169286766727332,1.0311950935776911e-09,1.0141440819918005e-11,9.917727269008505e-12,2.23713550909499e-13,0.9998084990681693,0.9995817924490408,0.9995340138702216,0.9984673090037688,0.9102995130528616,45,5,17.231753785902324
calibration,0,0,2,1,0.0,perfect_channel,0.014770249574512501,2.156196699794919,1,3,4.421594243041975,5.970557100335188,10,0.9994687584104431,inf,inf,1.0311950935776911e-09,0.0,0.0,0.0,1.0,1.0,1.0,1.0,0.9102995130528616,0,5,nan
calibration,0,2,2,0,0.0,no_ic,0.09526911515732808,1.613413215649563,1,3,10.185383711068845,4.243198585116945,10,0.9930445192590878,0.0,0.0,9.100442072335443e-10,9.100442072335443e-10,9.100442072335443e-10,0.0,1.0,1.0,1.0,1.0,0.9178228158680334,0,5,0.0
calibration,0,2,2,0,0.0,plain_ls,0.09526911515732808,1.613413215649563,1,3,10.184415909164809,4.239363176680532,10,0.9930443855070211,11.818500082818218,11.83300833259606,9.100442072335443e-10,5.9870444329644e-11,5.967077195479792e-11,1.9967237484608168e-13,0.9968361334729525,0.9987400280348145,0.9956359715980636,0.9925660658821605,0.9178228158680334,0,5,24.953074866617712
calibration,0,2,2,0,0.0,protected_ls,0.09526911515732808,1.613413215649563,1,3,11.411882188389065,5.91500820710535,10,0.9898535322850922,11.523512463911779,11.538462577303772,9.100442072335443e-10,6.407833862674248e-11,6.38581351724958e-11,2.202034542466798e-13,0.9983415157502646,0.9996836648190321,1.0,0.9939475502387829,0.9178228158680334,45,5,9.220610928837676
calibration,0,2,2,0,0.0,tp_uic_full,0.09526911515732808,1.613413215649563,1,3,10.183887519080555,4.241182235626509,10,0.9930529264562021,11.818047014231514,11.832945010788922,9.100442072335443e-10,5.987669051366853e-11,5.967164198396403e-11,2.0504852970449671e-13,0.9976391554192398,0.9993896914023138,0.996730911491535,0.9930002350311092,0.9178228158680334,45,5,24.922502146115146
calibration,0,2,2,0,0.0,perfect_channel,0.09526911515732808,1.613413215649563,1,3,6.852078849781848,2.842552375783485,10,0.9930954672070306,inf,inf,9.100442072335443e-10,0.0,0.0,0.0,1.0,1.0,1.0,1.0,0.9178228158680334,0,5,nan
calibration,0,2,2,1,0.0,no_ic,0.10201615775189218,1.6746520918055228,1,3,2.553284200292027,7.480090687169444,10,0.9930489645632024,0.0,0.0,9.229674330184088e-10,9.229674330184088e-10,9.229674330184088e-10,0.0,1.0,1.0,1.0,1.0,0.9268555559821571,0,5,0.0
calibration,0,2,2,1,0.0,plain_ls,0.10201615775189218,1.6746520918055228,1,3,2.560255471142403,7.49215056877832,10,0.9930488529330772,11.528513083222801,11.544895078411834,9.229674330184088e-10,6.49135064041467e-11,6.466910780665556e-11,2.443985974911339e-13,0.9992830268042259,0.9996875752285158,0.9957924359086514,0.9939503648691599,0.9268555559821571,0,5,25.304299413931588
calibration,0,2,2,1,0.0,protected_ls,0.10201615775189218,1.6746520918055228,1,3,2.2055691635028154,5.788904521416213,10,0.9914818023318498,11.04946358208794,11.065923202587353,9.229674330184088e-10,7.248364404817048e-11,7.220945329516065e-11,2.741907530098261e-13,0.9992569654562165,0.9998165281145377,1.0,0.993634742992953,0.9268555559821571,45,5,9.611539022283493
calibration,0,2,2,1,0.0,tp_uic_full,0.10201615775189218,1.6746520918055228,1,3,2.5664397437346427,7.499834964614016,10,0.9930566212872433,11.527411883136638,11.544865375513787,9.229674330184088e-10,6.492996800455825e-11,6.466955010250893e-11,2.604179020493264e-13,0.9996183177950487,0.999803616263141,0.9968418320850972,0.9943486825277937,0.9268555559821571,45,5,25.27449434806129
calibration,0,2,2,1,0.0,perfect_channel,0.10201615775189218,1.6746520918055228,1,3,3.578578950389673,5.6287899520906075,10,0.9930954672070306,inf,inf,9.229674330184088e-10,0.0,0.0,0.0,1.0,1.0,1.0,1.0,0.9268555559821571,0,5,nan
calibration,0,4,2,0,0.0,no_ic,0.01634619632344488,2.937485485265046,1,3,7.861228403598661,1.8564274400720528,10,0.999963120042271,0.0,0.0,1.2344392343806487e-09,1.2344392343806487e-09,1.2344392343806487e-09,0.0,1.0,1.0,1.0,1.0,0.9386633936070766,0,5,0.0
calibration,0,4,2,0,0.0,plain_ls,0.01634619632344488,2.937485485265046,1,3,7.86602713419417,1.8596958266255208,10,0.9999631231801975,14.964493755872885,14.973375108860282,1.2344392343806487e-09,3.93568508490706e-11,3.927644804984103e-11,8.040279922957276e-14,0.9997374256804683,0.9997173816984244,0.999393964339978,0.9975702569458882,0.9386633936070766,0,5,23.129960298388596
calibration,0,4,2,0,0.0,protected_ls,0.01634619632344488,2.937485485265046,1,3,4.890205408071529,1.166590502720968,10,0.998939853349227,14.654450735630547,14.663397186855288,1.2344392343806487e-09,4.226925982277783e-11,4.218227491959271e-11,8.698490318512124e-14,0.9999973283259048,0.9998845553764422,1.0,0.9995739405746609,0.9386633936070766,45,5,10.775680791481816
calibration,0,4,2,0,0.0,tp_uic_full,0.01634619632344488,2.937485485265046,1,3,7.8652730549481635,1.861247679603502,10,0.9999630698592895,14.964312538397596,14.973317534754305,1.2344392343806487e-09,3.93584931213643e-11,3.9276968738329046e-11,8.152438303525437e-14,0.9997863332795522,1.00008860349981,0.999583464113704,0.9977612512707288,0.9386633936070766,45,5,23.12022511180052
calibration,0,4,2,0,0.0,perfect_channel,0.01634619632344488,2.937485485265046,1,3,5.442625102308343,1.4449524893824892,10,0.9999625300767723,inf,inf,1.2344392343806487e-09,0.0,0.0,0.0,1.0,1.0,1.0,1.0,0.9386633936070766,0,5,nan
calibration,0,4,2,1,0.0,no_ic,0.015678708572751617,2.701992330963438,1,3,2.2000464716233994,7.508812113434942,10,0.9999626966926398,0.0,0.0,1.16928506101204e-09,1.16928506101204e-09,1.16928506101204e-09,0.0,1.0,1.0,1.0,1.0,0.9336099993857399,0,5,0.0
calibration,0,4,2,1,0.0,plain_ls,0.015678708572751617,2.701992330963438,1,3,2.198332742676974,7.505888542989649,10,0.9999626995061873,13.07030530798826,13.085977774237472,1.16928506101204e-09,5.7662022375746795e-11,5.7454311367138577e-11,2.0771100860822077e-13,0.9998102832795224,0.9990749265780228,0.9993695341646893,0.9975899949819803,0.9336099993857399,0,5,24.78865789667821
calibration,0,4,2,1,0.0,protected_ls,0.015678708572751617,2.701992330963438,1,3,1.869657511957659,6.5356859484711025,10,0.999287589574809,12.908242398666331,12.923282332310972,1.16928506101204e-09,5.985441096741933e-11,5.964748928996993e-11,2.0692167744939688e-13,0.9999885372914888,0.9999078371785814,1.0,0.9995488545455188,0.9336099993857399,45,5,12.599280579821027
calibration,0,4,2,1,0.0,tp_uic_full,0.015678708572751617,2.701992330963438,1,3,2.198907740125289,7.507788032796178,10,0.9999626848672815,13.069905496479407,13.085925291853206,1.16928506101204e-09,5.7667330985995286e-11,5.7455005678853784e-11,2.1232530714150191e-13,0.9999303247307887,0.9995072411550358,0.9995973608699243,0.9977667501476758,0.9336099993857399,45,5,24.78091882478267
calibration,0,4,2,1,0.0,perfect_channel,0.015678708572751617,2.701992330963438,1,3,1.8446941463199513,4.370761759345179,10,0.9999625300767723,inf,inf,1.16928506101204e-09,0.0,0.0,0.0,1.0,1.0,1.0,1.0,0.9336099993857399,0,5,nan
calibration,0,0,2,0,30.0,no_ic,0.01911286319846242,32.215778384122885,1,3,1180.7945391223184,1133.576824523016,10,0.9994862769568481,0.0,0.0,1.0454397439114795e-06,1.0454397439114795e-06,1.0454397439114795e-06,0.0,1.0,1.0,1.0,1.0,0.9022772010540712,0,5,0.0
calibration,0,0,2,0,30.0,plain_ls,0.01911286319846242,32.215778384122885,1,3,1180.7928670554177,1133.5753345984228,10,0.9994862749743845,12.874989830582189,12.874998956161258,1.0454397439114795e-06,5.392622548893697e-08,5.392611217699354e-08,1.1331194342521814e-13,0.9994131675365413,0.9993504000535596,0.9993727657594204,0.998257936284557,0.9022772010540712,0,5,54.49529203727015
calibration,0,0,2,0,30.0,protected_ls,0.01911286319846242,32.215778384122885,1,3,1248.2858480638931,1215.0237259791315,10,0.9965055274466008,12.061563213571445,12.061571417517541,1.0454397439114795e-06,6.503433219555226e-08,6.50342093439679e-08,1.2285158435276382e-13,0.9998742701660811,0.9999409685085561,1.0,0.9993764581052419,0.9022772010540712,45,5,7.4425854634381485
calibration,0,0,2,0,30.0,tp_uic_full,0.01911286319846242,32.215778384122885,1,3,1180.738958818461,1133.5196604631747,10,0.9994849034099602,12.874981435161548,12.874991246974217,1.0454397439114795e-06,5.392632973474323e-08,5.392620790163927e-08,1.2183310396003617e-13,0.9995885030053895,0.9997581410057576,0.9995510442147886,0.9983490367289434,0.9022772010540712,45,5,54.483167638813995
calibration,0,0,2,0,30.0,perfect_channel,0.01911286319846242,32.215778384122885,1,3,6.12508909623292,5.84839382915813,10,0.9994687584104431,inf,inf,1.0454397439114795e-06,0.0,0.0,0.0,1.0,1.0,1.0,1.0,0.9022772010540712,0,5,nan
calibration,0,0,2,1,30.0,no_ic,0.014770249574512392,32.15619669979492,1,3,1192.5621065676833,1171.382921626754,10,0.9994842727246082,0.0,0.0,1.0311950935776911e-06,1.0311950935776911e-06,1.0311950935776911e-06,0.0,1.0,1.0,1.0,1.0,0.9102995130528616,0,5,0.0
calibration,0,0,2,1,30.0,plain_ls,0.014770249574512392,32.15619669979492,1,3,1192.5654737325474,1171.3863761364414,10,0.9994842702628023,20.1692792575105,20.169376615551286,1.0311950935776911e-06,9.917744417379484e-09,9.917522088664082e-09,2.22328715402103e-13,0.9997331853306968,0.9989497304599628,0.9993584246232207,0.9983663602783454,0.9102995130528616,0,5,47.141420906552895
calibration,0,0,2,1,30.0,protected_ls,0.014770249574512392,32.15619669979492,1,3,353.13436785607814,332.4772211991292,10,0.9961282212327991,16.375637401261287,16.375674337816793,1.0311950935776911e-06,2.3756206835947434e-08,2.3756004791307777e-08,2.0204463965657943e-13,0.9998999382662608,0.9999040315533402,1.0,0.9993740601066445,0.9102995130528616,45,5,2.5204952140149346
calibration,0,0,2,1,30.0,tp_uic_full,0.014770249574512392,32.15619669979492,1,3,1192.7992933526011,1171.6240606786914,10,0.9994830449350378,20.169264269401083,20.1693623350442,1.0311950935776911e-06,9.917778644960349e-09,9.917554699595874e-09,2.2394536447372372e-13,0.9998085756437716,0.9995814620296297,0.9995338017071523,0.9984668012746255,0.9102995130528616,45,5,47.13078396375002
calibration,0,0,2,1,30.0,perfect_channel,0.014770249574512392,32.15619669979492,1,3,4.4215942430419695,5.9705571003351965,10,0.9994687584104431,inf,inf,1.0311950935776911e-06,0.0,0.0,0.0,1.0,1.0,1.0,1.0,0.9102995130528616,0,5,nan
calibration,0,2,2,0,30.0,no_ic,0.09526911515732794,31.61341321564956,1,3,3737.5582526260273,3671.818511761338,10,0.9930443969375109,0.0,0.0,9.100442072335443e-07,9.100442072335443e-07,9.100442072335443e-07,0.0,1.0,1.0,1.0,1.0,0.9178228158680334,0,5,0.0
calibration,0,2,2,0,30.0,plain_ls,0.09526911515732794,31.61341321564956,1,3,3737.555723597959,3671.8160250980395,10,0.9930443855070209,11.83299380011011,11.833008332596059,9.100442072335443e-07,5.967097162717278e-08,5.967077195479794e-08,1.9967237484607762e-13,0.9968361334729525,0.9987400280348145,0.9956359715980638,0.9925660658821605,0.9178228158680334,0,5,54.93492243123927
calibration,0,2,2,0,30.0,protected_ls,0.09526911515732794,31.61341321564956,1,3,5381.058338328567,5332.013329905079,10,0.9896343235997281,11.53844760145458,11.53846257730377,9.100442072335443e-07,6.385835537595007e-08,6.385813517249583e-08,2.2020345424667638e-13,0.9983415157502649,0.9996836648190321,1.0,0.9939475502387829,0.9178228158680334,45,5,9.31533583110595
calibration,0,2,2,0,30.0,tp_uic_full,0.09526911515732794,31.61341321564956,1,3,3735.428888050009,3669.7898676325594,10,0.9930528999732722,11.832951104617834,11.83296603947889,9.100442072335443e-07,5.967155825540258e-08,5.967135305249622e-08,2.052029063582593e-13,0.9976378480470973,0.9993907511018377,0.9967274603218262,0.9930018982468366,0.9178228158680334,45,5,54.90385901356322
calibration,0,2,2,0,30.0,perfect_channel,0.09526911515732794,31.61341321564956,1,3,6.8520788497818375,2.842552375783479,10,0.9930954672070306,inf,inf,9.100442072335443e-07,0.0,0.0,0.0,1.0,1.0,1.0,1.0,0.9178228158680334,0,5,nan
calibration,0,2,2,1,30.0,no_ic,0.1020161577518923,31.674652091805523,1,3,1933.33076645287,2023.655565632914,10,0.9930488652879096,0.0,0.0,9.229674330184094e-07,9.229674330184094e-07,9.229674330184094e-07,0.0,1.0,1.0,1.0,1.0,0.9268555559821571,0,5,0.0
calibration,0,2,2,1,30.0,plain_ls,0.1020161577518923,31.674652091805523,1,3,1933.338247673069,2023.6634547688116,10,0.9930488529330772,11.544878665511565,11.544895078411837,9.229674330184094e-07,6.466935220525306e-08,6.466910780665557e-08,2.4439859749112985e-13,0.9992830268042259,0.9996875752285158,0.9957924359086514,0.9939503648691601,0.9268555559821571,0,5,55.2842764406683
calibration,0,2,2,1,30.0,protected_ls,0.1020161577518923,31.674652091805523,1,3,1053.7563223710308,1130.856408889999,10,0.9914089204787309,11.065906711768008,11.065923202587356,9.229674330184094e-07,7.220972748591367e-08,7.220945329516066e-08,2.74190753009824e-13,0.9992569654562165,0.9998165281145377,1.0,0.993634742992953,0.9268555559821571,45,5,9.70112653483344
calibration,0,2,2,1,30.0,tp_uic_full,0.1020161577518923,31.674652091805523,1,3,1935.30848610937,2025.9674870676477,10,0.9930566013159908,11.544844547280547,11.544862084361082,9.229674330184094e-07,6.466986025052121e-08,6.466959911014182e-08,2.6114037938642903e-13,0.9996183430058289,0.9998039185248694,0.996838611979628,0.9943513967886555,0.9268555559821571,45,5,55.253320986261656
calibration,0,2,2,1,30.0,perfect_channel,0.1020161577518923,31.674652091805523,1,3,3.5785789503896757,5.628789952090602,10,0.9930954672070306,inf,inf,9.229674330184094e-07,0.0,0.0,0.0,1.0,1.0,1.0,1.0,0.9268555559821571,0,5,nan
calibration,0,4,2,0,30.0,no_ic,0.016346196323444865,32.93748548526504,1,3,704.078233443696,633.4388156864519,10,0.9999631205647876,0.0,0.0,1.2344392343806484e-06,1.2344392343806484e-06,1.2344392343806484e-06,0.0,1.0,1.0,1.0,1.0,0.9386633936070766,0,5,0.0
calibration,0,4,2,0,30.0,plain_ls,0.016346196323444865,32.93748548526504,1,3,704.0790945734043,633.4397238236156,10,0.9999631231801975,14.973366218428982,14.973375108860282,1.2344392343806484e-06,3.927652845264025e-08,3.927644804984102e-08,8.040279922957816e-14,0.9997374256804685,0.9997173816984244,0.999393964339978,0.9975702569458882,0.9386633936070766,0,5,53.118621087143
calibration,0,4,2,0,30.0,protected_ls,0.016346196323444865,32.93748548526504,1,3,332.95038634194356,282.52138854567215,10,0.9986043638110133,14.663388231192139,14.663397186855288,1.2344392343806484e-06,4.218236190449588e-08,4.2182274919592696e-08,8.698490318512829e-14,0.9999973283259048,0.9998845553764422,1.0,0.9995739405746609,0.9386633936070766,45,5,11.008252398398632
calibration,0,4,2,0,30.0,tp_uic_full,0.016346196323444865,32.93748548526504,1,3,704.4380359620292,633.8238321619592,10,0.9999630699067731,14.973334889634984,14.973343912016361,1.2344392343806484e-06,3.9276811783596186e-08,3.92767301868866e-08,8.159670959064916e-14,0.9997862635372221,1.000089161338973,0.9995833357174192,0.997760367902769,0.9386633936070766,45,5,53.108722543950094
calibration,0,4,2,0,30.0,perfect_channel,0.016346196323444865,32.93748548526504,1,3,5.442625102308352,1.4449524893824934,10,0.9999625300767723,inf,inf,1.2344392343806484e-06,0.0,0.0,0.0,1.0,1.0,1.0,1.0,0.9386633936070766,0,5,nan
calibration,0,4,2,1,30.0,no_ic,0.01567870857275149,32.701992330963435,1,3,1379.3535471431321,1473.5460262526592,10,0.999962696627889,0.0,0.0,1.1692850610120405e-06,1.1692850610120405e-06,1.1692850610120405e-06,0.0,1.0,1.0,1.0,1.0,0.9336099993857399,0,5,0.0
calibration,0,4,2,1,30.0,plain_ls,0.01567870857275149,32.701992330963435,1,3,1379.3499630271745,1473.542552107748,10,0.9999626995061873,13.0859620734868,13.085977774237474,1.1692850610120405e-06,5.745451907814716e-08,5.745431136713855e-08,2.0771100860822016e-13,0.9998102832795224,0.9990749265780228,0.9993695341646893,0.9975899949819803,0.9336099993857399,0,5,54.77053208008633
calibration,0,4,2,1,30.0,protected_ls,0.01567870857275149,32.701992330963435,1,3,644.4738614521453,701.9871252003594,10,0.9991608422553684,12.923267266331187,12.92328233231098,1.1692850610120405e-06,5.964769621164734e-08,5.964748928996989e-08,2.069216774493978e-13,0.9999885372914888,0.9999078371785814,1.0,0.9995488545455188,0.9336099993857399,45,5,12.844356979490843
calibration,0,4,2,1,30.0,tp_uic_full,0.01567870857275149,32.701992330963435,1,3,1379.6835023316341,1473.8993727627756,10,0.9999626848304057,13.085930898016107,13.085946965574731,1.1692850610120405e-06,5.745493151214737e-08,5.7454718946984566e-08,2.1256516280506087e-13,0.9999302812676636,0.9995070068227161,0.9995971398174225,0.9977662382849062,0.9336099993857399,45,5,54.76241375474076
calibration,0,4,2,1,30.0,perfect_channel,0.01567870857275149,32.701992330963435,1,3,1.844694146319957,4.370761759345172,10,0.9999625300767723,inf,inf,1.1692850610120405e-06,0.0,0.0,0.0,1.0,1.0,1.0,1.0,0.9336099993857399,0,5,nan
calibration,1,0,2,0,0.0,no_ic,0.019407013327010152,-4.581602761295941,1,3,1.7482730563520155,3.1739197100705097,10,0.7638051540369255,0.0,0.0,2.1855507314238163e-10,2.1855507314238163e-10,2.1855507314238163e-10,0.0,1.0,1.0,1.0,1.0,0.9972477211331232,0,5,0.0
calibration,1,0,2,0,0.0,plain_ls,0.019407013327010152,-4.581602761295941,1,3,1.762695566904023,3.18487905731422,10,0.7639425615493886,16.28947042448475,16.42225749580126,2.1855507314238163e-10,5.135867955983595e-12,4.981213337639045e-12,1.5465461834454937e-13,0.9977677099450212,0.9109733129663793,0.998335406547828,0.9973253226028251,0.9972477211331232,0,5,14.291764145503903
calibration,1,0,2,0,0.0,protected_ls,0.019407013327010152,-4.581602761295941,1,3,2.214452897411458,3.9191523701171223,10,0.762325227781744,6.317632219403144,6.330233129104334,2.1855507314238163e-10,5.102672201736117e-11,5.0878884260331586e-11,1.4783775702958064e-13,0.9998893715101493,0.999002623569444,1.0000000000000002,0.9992381673738103,0.9972477211331232,45,5,2.3834544662664263
calibration,1,0,2,0,0.0,tp_uic_full,0.019407013327010152,-4.581602761295941,1,3,1.7387281000916626,3.1722766767340027,10,0.7637823406646733,16.190092847609588,16.398929192504248,2.1855507314238163e-10,5.254744534030405e-12,5.008042117460595e-12,2.467024165698105e-13,0.9988289947759996,1.008641165822071,0.998761749812755,0.9976301871039003,0.9972477211331232,45,5,11.946623422424956
calibration,1,0,2,0,0.0,perfect_channel,0.019407013327010152,-4.581602761295941,1,3,1.7165351614893567,2.6976120997941884,10,0.7640966181244717,inf,inf,2.1855507314238163e-10,0.0,0.0,0.0,1.0,1.0,1.0,1.0,0.9972477211331232,0,5,nan
calibration,1,0,2,1,0.0,no_ic,0.013877403579683867,-3.2111393986757024,1,3,7.129039519886977,3.72611561537543,10,0.7637181643755139,0.0,0.0,2.9964513306225805e-10,2.9964513306225805e-10,2.9964513306225805e-10,0.0,1.0,1.0,1.0,1.0,0.9965469572257778,0,5,0.0
calibration,1,0,2,1,0.0,plain_ls,0.013877403579683867,-3.2111393986757024,1,3,7.211369795318027,3.731397008202983,10,0.7638035629619865,17.522040047875763,17.70856650412332,2.9964513306225805e-10,5.301554414903567e-12,5.078676822386732e-12,2.228775925168356e-13,0.9980406505452075,0.8128803116311238,0.9979629457668551,0.9973432738780829,0.9965469572257778,0,5,14.428042872248009
calibration,1,0,2,1,0.0,protected_ls,0.013877403579683867,-3.2111393986757024,1,3,6.892828908571561,3.2808276198715194,10,0.7580143423973555,4.119254403332637,4.123696412938779,2.9964513306225805e-10,1.1605979197407449e-10,1.1594114548581234e-10,1.1864648826215353e-13,0.9998829905853701,0.9981396839374621,1.0,0.9994837341535888,0.9965469572257778,45,5,0.8785959211488601
calibration,1,0,2,1,0.0,tp_uic_full,0.013877403579683867,-3.2111393986757024,1,3,7.125612612443561,3.6966763063328827,10,0.7637759688172251,16.795951909445176,17.061313355170263,2.9964513306225805e-10,6.266312325488228e-12,5.8948925401787234e-12,3.7141978530950485e-13,0.998456463992636,1.0530692573090445,0.9981593126654411,0.9981401232001401,0.9965469572257778,45,5,12.343773635418652
calibration,1,0,2,1,0.0,perfect_channel,0.013877403579683867,-3.2111393986757024,1,3,5.488031880300314,4.223317777803757,10,0.7640966181244717,inf,inf,2.9964513306225805e-10,0.0,0.0,0.0,1.0,1.0,1.0,1.0,0.9965469572257778,0,5,nan
calibration,1,2,2,0,0.0,no_ic,0.009823373351113485,3.030725054383568,1,3,5.633909652064323,10.914678905703353,10,0.7680818543190541,0.0,0.0,1.2612282023072479e-09,1.2612282023072479e-09,1.2612282023072479e-09,0.0,1.0,1.0,1.0,1.0,0.6595782561848778,0,5,0.0
calibration,1,2,2,0,0.0,plain_ls,0.009823373351113485,3.030725054383568,1,3,5.628602670310256,10.911280255911622,10,0.7680824518076099,9.115654240382447,9.121344296425352,1.2612282023072479e-09,1.5460667825746018e-10,1.5440424772835198e-10,2.0243052910819776e-13,0.9960480437614835,0.999031681634302,0.9995708453439872,0.9974219047812477,0.6595782561848778,0,5,29.07312007450585
calibration,1,2,2,0,0.0,protected_ls,0.009823373351113485,3.030725054383568,1,3,3.607364491569062,9.51713141617886,10,0.7538438664780867,7.904812482746156,7.90863182767125,1.2612282023072479e-09,2.0432072698310792e-10,2.041411188321448e-10,1.7960815096313224e-13,0.9999321671431618,0.9990763053769005,1.0,0.9997217120569343,0.6595782561848778,45,5,7.831288902700695
calibration,1,2,2,0,0.0,tp_uic_full,0.009823373351113485,3.030725054383568,1,3,5.7066304338863185,10.968797148677936,10,0.7680428763625714,9.100250256499509,9.106209944536571,1.2612282023072479e-09,1.5515602609652311e-10,1.549432563319068e-10,2.1276976461631552e-13,0.9987419031050498,0.999899331855804,0.9999877707790065,0.999560712776802,0.6595782561848778,45,5,28.776641513228856
calibration,1,2,2,0,0.0,perfect_channel,0.009823373351113485,3.030725054383568,1,3,3.332987055384756,9.293523872126656,10,0.7679686420351268,inf,inf,1.2612282023072479e-09,0.0,0.0,0.0,1.0,1.0,1.0,1.0,0.6595782561848778,0,5,nan
calibration,1,2,2,1,0.0,no_ic,0.01138804873695074,2.902959023041174,1,3,2.7313547379850514,3.7454324485220587,10,0.7680019574846683,0.0,0.0,1.2246643347624784e-09,1.2246643347624784e-09,1.2246643347624784e-09,0.0,1.0,1.0,1.0,1.0,0.660217264311408,0,5,0.0
calibration,1,2,2,1,0.0,plain_ls,0.01138804873695074,2.902959023041174,1,3,2.729538696571844,3.7439608647075113,10,0.7680021771655049,13.83906123758299,13.850376183460902,1.2246643347624784e-09,5.059538984311134e-11,5.046374207771464e-11,1.316477653967001e-13,0.997687854064336,0.9983601810275654,0.9997036962522549,0.9963469769264646,0.660217264311408,0,5,24.222256663051166
calibration,1,2,2,1,0.0,protected_ls,0.01138804873695074,2.902959023041174,1,3,3.2491617964447492,4.099094052758233,10,0.7498343450282878,12.657363321279762,12.664752593325993,1.2246643347624784e-09,6.641722682525042e-11,6.630431779648286e-11,1.1290902876755236e-13,0.9999657523383635,0.9985118191659325,1.0,0.9998690040351977,0.660217264311408,45,5,2.4040366269045443
calibration,1,2,2,1,0.0,tp_uic_full,0.01138804873695074,2.902959023041174,1,3,2.740111695754374,3.742768367822987,10,0.7679508162954802,13.837156272793516,13.849276796713003,1.2246643347624784e-09,5.061758758717504e-11,5.04765182455639e-11,1.4106934161114035e-13,0.9982506617153711,0.9998789737367835,1.0001269506753692,0.9985927712473667,0.660217264311408,45,5,23.816646427022302
calibration,1,2,2,1,0.0,perfect_channel,0.01138804873695074,2.902959023041174,1,3,2.766422633019409,4.734496685685389,10,0.7679686420351268,inf,inf,1.2246643347624784e-09,0.0,0.0,0.0,1.0,1.0,1.0,1.0,0.660217264311408,0,5,nan
calibration,1,4,2,0,0.0,no_ic,0.01748793736727028,-0.2113913676184008,1,3,7.885352735954621,5.656241686474488,10,0.7985459141527259,0.0,0.0,5.978359556143865e-10,5.978359556143865e-10,5.978359556143865e-10,0.0,1.0,1.0,1.0,1.0,0.9842825803610274,0,5,0.0
calibration,1,4,2,0,0.0,plain_ls,0.01748793736727028,-0.2113913676184008,1,3,7.7438986217897146,5.571808140540482,10,0.7985913463250282,9.13224806016469,9.138487769626414,5.978359556143865e-10,7.300577661402194e-11,7.290096115659347e-11,1.0481545742847729e-13,0.999399319439473,0.9410328973444015,0.9994726994496587,0.998246280147453,0.9842825803610274,0,5,25.815392290229177
calibration,1,4,2,0,0.0,protected_ls,0.01748793736727028,-0.2113913676184008,1,3,6.0987154828291015,7.088586628527423,10,0.7735395032704394,4.993016361801396,4.996585430612322,5.978359556143865e-10,1.893565773528748e-10,1.8920102644017668e-10,1.5555091269812195e-13,0.9998165886464366,0.999104178922522,1.0,0.9992028470729312,0.9842825803610274,45,5,1.7079546981658413
calibration,1,4,2,0,0.0,tp_uic_full,0.01748793736727028,-0.2113913676184008,1,3,7.971248218571838,5.645566266638767,10,0.7985469668372471,9.010929534447218,9.022922502014115,5.978359556143865e-10,7.507391733090795e-11,7.486688798247466e-11,2.0702934843329158e-13,1.0000056434050508,0.9696423049849416,0.99974624120313,0.9987802703486581,0.9842825803610274,45,5,24.535156517691092
calibration,1,4,2,0,0.0,perfect_channel,0.01748793736727028,-0.2113913676184008,1,3,6.205725746346075,5.549539061824274,10,0.7994386571092802,inf,inf,5.978359556143865e-10,0.0,0.0,0.0,1.0,1.0,1.0,1.0,0.9842825803610274,0,5,nan
calibration,1,4,2,1,0.0,no_ic,0.006133375048616284,-2.421495145367994,1,3,4.989810048146502,4.099188151531939,10,0.7988503805716277,0.0,0.0,3.593946877447739e-10,3.593946877447739e-10,3.593946877447739e-10,0.0,1.0,1.0,1.0,1.0,0.9849852125811983,0,5,0.0
calibration,1,4,2,1,0.0,plain_ls,0.006133375048616284,-2.421495145367994,1,3,4.996244757468989,4.181708166593454,10,0.7988863093909992,14.821578519790668,14.916550998495428,3.593946877447739e-10,1.1841693104338914e-11,1.1585547272737675e-11,2.561458316012392e-13,0.9980947730541215,0.9846518627171065,0.9998660072848381,0.9976745485692409,0.9849852125811983,0,5,17.915694582898073
calibration,1,4,2,1,0.0,protected_ls,0.006133375048616284,-2.421495145367994,1,3,5.110349445351734,6.823192332003041,10,0.7828631931133908,8.304849446653412,8.316705132334954,3.593946877447739e-10,5.309904482192682e-11,5.2954288871607775e-11,1.4475595031904606e-13,0.999970499458263,0.9995780871337978,1.0,0.9997593553227994,0.9849852125811983,45,5,2.3444481575634586
calibration,1,4,2,1,0.0,tp_uic_full,0.006133375048616284,-2.421495145367994,1,3,4.99738153143719,4.1012362267504034,10,0.7988514973477593,14.583524419513765,14.649131518371746,3.593946877447739e-10,1.2508902617058058e-11,1.2321355881788068e-11,1.875467352699897e-13,0.9987808495376028,0.9998690410631205,1.0000055551796445,0.9983992947896866,0.9849852125811983,45,5,16.897904446548385
calibration,1,4,2,1,0.0,perfect_channel,0.006133375048616284,-2.421495145367994,1,3,5.9152540926630035,2.46513936834213,10,0.7994386571092802,inf,inf,3.593946877447739e-10,0.0,0.0,0.0,1.0,1.0,1.0,1.0,0.9849852125811983,0,5,nan
calibration,1,0,2,0,30.0,no_ic,0.019407013327010152,25.41839723870406,1,3,265.13977771517114,280.3358325575876,10,0.7638068570259987,0.0,0.0,2.1855507314238165e-07,2.1855507314238165e-07,2.1855507314238165e-07,0.0,1.0,1.0,1.0,1.0,0.9972477211331232,0,5,0.0
calibration,1,0,2,0,30.0,plain_ls,0.019407013327010152,25.41839723870406,1,3,268.082245853548,282.50292324893667,10,0.7639425615493883,16.422122659968803,16.42225749580126,2.1855507314238165e-07,4.981367992257389e-09,4.981213337639045e-09,1.5465461834454735e-13,0.9977677099450212,0.9109733129663793,0.998335406547828,0.9973253226028251,0.9972477211331232,0,5,44.150782285799544
calibration,1,0,2,0,30.0,protected_ls,0.019407013327010152,25.41839723870406,1,3,434.28523763484304,460.0673965264141,10,0.7621028853916139,6.3302205099147155,6.330233129104337,2.1855507314238165e-07,5.0879032098088585e-08,5.087888426033156e-08,1.4783775702957743e-13,0.9998893715101493,0.9990026235694436,1.0000000000000002,0.9992381673738101,0.9972477211331232,45,5,2.3867205276339964
calibration,1,0,2,0,30.0,tp_uic_full,0.019407013327010152,25.41839723870406,1,3,265.3565752603999,280.65445878710267,10,0.7637837849482552,16.406686691470632,16.406903489237898,2.1855507314238165e-07,4.999104586268662e-09,4.998855039542428e-09,2.495467262343634e-13,0.9988449725182429,1.0091756339113658,0.9987559025065562,0.9976337241267939,0.9972477211331232,45,5,41.70949392249401
calibration,1,0,2,0,30.0,perfect_channel,0.019407013327010152,25.41839723870406,1,3,1.7165351614893567,2.6976120997941906,10,0.7640966181244717,inf,inf,2.1855507314238165e-07,0.0,0.0,0.0,1.0,1.0,1.0,1.0,0.9972477211331232,0,5,nan
calibration,1,0,2,1,30.0,no_ic,0.013877403579683917,26.788860601324302,1,3,293.217166036553,213.19805111514384,10,0.7637140098303823,0.0,0.0,2.996451330622581e-07,2.996451330622581e-07,2.996451330622581e-07,0.0,1.0,1.0,1.0,1.0,0.9965469572257778,0,5,0.0
calibration,1,0,2,1,30.0,plain_ls,0.013877403579683917,26.788860601324302,1,3,297.36204070694856,215.56693258071414,10,0.7638035629619865,17.708375918291413,17.708566504123322,2.996451330622581e-07,5.078899699979247e-09,5.07867682238673e-09,2.2287759251683704e-13,0.9980406505452075,0.8128803116311238,0.9979629457668551,0.9973432738780829,0.9965469572257778,0,5,44.23499076603079
calibration,1,0,2,1,30.0,protected_ls,0.013877403579683917,26.788860601324302,1,3,245.80336221417983,185.82011980465265,10,0.7575287473957948,4.123691968659004,4.123696412938778,2.996451330622581e-07,1.1594126413230067e-07,1.159411454858124e-07,1.1864648826215116e-13,0.9998829905853701,0.9981396839374619,1.0,0.9994837341535888,0.9965469572257778,45,5,0.8827995752510954
calibration,1,0,2,1,30.0,tp_uic_full,0.013877403579683917,26.788860601324302,1,3,304.44214658468786,223.41446390336392,10,0.7637747718475784,17.05051800988879,17.050793482350674,2.996451330622581e-07,5.909563819916557e-09,5.9091889888897724e-09,3.748310267846118e-13,0.9984615655684568,1.0534764375946275,0.9981570818225589,0.9981378353494377,0.9965469572257778,45,5,42.074736504638494
calibration,1,0,2,1,30.0,perfect_channel,0.013877403579683917,26.788860601324302,1,3,5.488031880300314,4.2233177778037625,10,0.7640966181244717,inf,inf,2.996451330622581e-07,0.0,0.0,0.0,1.0,1.0,1.0,1.0,0.9965469572257778,0,5,nan
calibration,1,2,2,0,30.0,no_ic,0.0098233733511135,33.030725054383566,1,3,2034.6182743446589,2019.6074836913936,10,0.7680821163831101,0.0,0.0,1.2612282023072476e-06,1.2612282023072476e-06,1.2612282023072476e-06,0.0,1.0,1.0,1.0,1.0,0.6595782561848778,0,5,0.0
calibration,1,2,2,0,30.0,plain_ls,0.0098233733511135,33.030725054383566,1,3,2033.3796967675848,2018.3788451400292,10,0.7680824518075947,9.121338602643904,9.121344296425354,1.2612282023072476e-06,1.5440445015888102e-07,1.544042477283519e-07,2.0243052910818815e-13,0.9960480437614835,0.999031681634302,0.9995708453439872,0.9974219047812477,0.6595782561848778,0,5,59.06388935600195
calibration,1,2,2,0,30.0,protected_ls,0.0098233733511135,33.030725054383566,1,3,1466.4401962991033,1467.6533823154555,10,0.752450687830073,7.908628006648078,7.90863182767125,1.2612282023072476e-06,2.0414129844029572e-07,2.0414111883214476e-07,1.7960815096312578e-13,0.9999321671431618,0.9990763053769005,1.0,0.9997217120569343,0.6595782561848778,45,5,7.852200776870597
calibration,1,2,2,0,30.0,tp_uic_full,0.0098233733511135,33.030725054383566,1,3,2064.07316067796,2048.569557779506,10,0.7680430303754385,9.106560138520097,9.106566114101692,1.2612282023072476e-06,1.5493076296373477e-07,1.5493054979022753e-07,2.131735072396854e-13,0.9987391131364062,0.9998991169110993,0.9999878262047105,0.9995609182872418,0.6595782561848778,45,5,58.765723475831805
calibration,1,2,2,0,30.0,perfect_channel,0.0098233733511135,33.030725054383566,1,3,3.3329870553847534,9.293523872126654,10,0.7679686420351268,inf,inf,1.2612282023072476e-06,0.0,0.0,0.0,1.0,1.0,1.0,1.0,0.6595782561848778,0,5,nan
calibration,1,2,2,1,30.0,no_ic,0.011388048736950745,32.90295902304117,1,3,183.39974381823907,154.87250644348637,10,0.76800207548409,0.0,0.0,1.2246643347624778e-06,1.2246643347624778e-06,1.2246643347624778e-06,0.0,1.0,1.0,1.0,1.0,0.660217264311408,0,5,0.0
calibration,1,2,2,1,30.0,plain_ls,0.011388048736950745,32.90295902304117,1,3,183.8140257378585,155.25738821467678,10,0.7680021771654866,13.850364853777222,13.850376183460897,1.2246643347624778e-06,5.046387372548005e-08,5.0463742077714656e-08,1.3164776539670605e-13,0.997687854064336,0.9983601810275654,0.9997036962522551,0.9963469769264646,0.660217264311408,0,5,54.20709738463309
calibration,1,2,2,1,30.0,protected_ls,0.011388048736950745,32.90295902304117,1,3,94.47967070978072,86.54489780536588,10,0.7452327825163698,12.664745197770465,12.664752593325993,1.2246643347624778e-06,6.630443070551162e-08,6.630431779648285e-08,1.1290902876755711e-13,0.9999657523383635,0.9985118191659325,1.0,0.9998690040351977,0.660217264311408,45,5,2.4184423442676803
calibration,1,2,2,1,30.0,tp_uic_full,0.011388048736950745,32.90295902304117,1,3,183.74563450606516,155.08673971106825,10,0.7679509089296606,13.849196009919654,13.84920817420345,1.2246643347624778e-06,5.04774572107468e-08,5.047731582712795e-08,1.4138361884750037e-13,0.9982467314027684,0.9998781947612112,1.0001279745739948,0.9985891411669761,0.660217264311408,45,5,53.79895440409073
calibration,1,2,2,1,30.0,perfect_channel,0.011388048736950745,32.90295902304117,1,3,2.7664226330194075,4.7344966856853885,10,0.7679686420351268,inf,inf,1.2246643347624778e-06,0.0,0.0,0.0,1.0,1.0,1.0,1.0,0.660217264311408,0,5,nan
calibration,1,4,2,0,30.0,no_ic,0.01748793736727031,29.788608632381596,1,3,328.66905819397977,272.6580437889404,10,0.798543548781161,0.0,0.0,5.978359556143864e-07,5.978359556143864e-07,5.978359556143864e-07,0.0,1.0,1.0,1.0,1.0,0.9842825803610274,0,5,0.0
calibration,1,4,2,0,30.0,plain_ls,0.01748793736727031,29.788608632381596,1,3,316.83663506632996,261.5009328681085,10,0.7985913463250282,9.138481525436854,9.138487769626414,5.978359556143864e-07,7.290106597205089e-08,7.290096115659346e-08,1.0481545742847256e-13,0.999399319439473,0.9410328973444013,0.9994726994496587,0.998246280147453,0.9842825803610274,0,5,55.80463099594205
calibration,1,4,2,0,30.0,protected_ls,0.01748793736727031,29.788608632381596,1,3,1884.9050299390888,1885.408308106741,10,0.7717787679803039,4.996581860078032,4.996585430612322,5.978359556143864e-07,1.8920118199108935e-07,1.8920102644017665e-07,1.555509126981139e-13,0.9998165886464366,0.999104178922522,1.0,0.9992028470729312,0.9842825803610274,45,5,1.7108883542247537
calibration,1,4,2,0,30.0,tp_uic_full,0.01748793736727031,29.788608632381596,1,3,347.4460268919949,288.8965295759894,10,0.798546591287441,9.022630009351381,9.022642049883078,5.978359556143864e-07,7.487193035665842e-08,7.487172277939493e-08,2.0757726349667508e-13,1.0000071688687957,0.969644536636102,0.9997463506452463,0.9987784534628147,0.9842825803610274,45,5,54.518402681037614
calibration,1,4,2,0,30.0,perfect_channel,0.01748793736727031,29.788608632381596,1,3,6.205725746346055,5.5495390618242855,10,0.7994386571092802,inf,inf,5.978359556143864e-07,0.0,0.0,0.0,1.0,1.0,1.0,1.0,0.9842825803610274,0,5,nan
calibration,1,4,2,1,30.0,no_ic,0.006133375048616268,27.578504854632,1,3,509.42047366093504,578.9986801659642,10,0.7988492230531867,0.0,0.0,3.593946877447736e-07,3.593946877447736e-07,3.593946877447736e-07,0.0,1.0,1.0,1.0,1.0,0.9849852125811983,0,5,0.0
calibration,1,4,2,1,30.0,plain_ls,0.006133375048616268,27.578504854632,1,3,547.5260074143162,619.9104924857045,10,0.7988863093909992,14.916454981027378,14.916550998495426,3.593946877447736e-07,1.1585803418569276e-08,1.1585547272737674e-08,2.5614583160122414e-13,0.9980947730541215,0.9846518627171064,0.9998660072848381,0.9976745485692409,0.9849852125811983,0,5,47.81655349690074
calibration,1,4,2,1,30.0,protected_ls,0.006133375048616268,27.578504854632,1,3,2405.03358156021,2549.5480074499046,10,0.7816834240962235,8.3166932604685,8.316705132334947,3.593946877447736e-07,5.2954433627558136e-08,5.295428887160782e-08,1.4475595031903788e-13,0.999970499458263,0.9995780871337979,1.0,0.9997593553227994,0.9849852125811983,45,5,2.3471726341119226
calibration,1,4,2,1,30.0,tp_uic_full,0.006133375048616268,27.578504854632,1,3,508.8548858172204,578.259496439319,10,0.7988512857029705,14.639473195095135,14.639539335036298,3.593946877447736e-07,1.2348787974108577e-08,1.2348599912338319e-08,1.8806177025829377e-13,0.9987806604317481,0.9998747476064461,1.0000058639378357,0.9983981205096945,0.9849852125811983,45,5,46.83654817348142
calibration,1,4,2,1,30.0,perfect_channel,0.006133375048616268,27.578504854632,1,3,5.915254092662992,2.4651393683421343,10,0.7994386571092802,inf,inf,3.593946877447736e-07,0.0,0.0,0.0,1.0,1.0,1.0,1.0,0.9849852125811983,0,5,nan
calibration,2,0,2,0,0.0,no_ic,0.03875731197071591,-4.434568160147554,1,3,9.56100248800481,4.3070125454403625,10,0.9553695514140719,0.0,0.0,2.260811491473611e-10,2.260811491473611e-10,2.260811491473611e-10,0.0,1.0,1.0,1.0,1.0,0.9956271559846014,0,5,0.0
calibration,2,0,2,0,0.0,plain_ls,0.03875731197071591,-4.434568160147554,1,3,9.56910427934876,4.308092214003746,10,0.9554038621154307,10.639396147443447,10.687281767262068,2.260811491473611e-10,1.9513031122827665e-11,1.9299060841301714e-11,2.1397028152595097e-13,0.998670988409971,0.9998262061678671,0.9990218169479814,0.9905859656334877,0.9956271559846014,0,5,20.08570666271108
calibration,2,0,2,0,0.0,protected_ls,0.03875731197071591,-4.434568160147554,1,3,8.53072086911192,3.4748176714346948,10,0.958895042524252,9.775073853551861,9.825071266036362,2.260811491473611e-10,2.3809866843844072e-11,2.3537331575329927e-11,2.7253526851414514e-13,0.9999974845393528,0.9999990538222545,1.0,0.9989245645373964,0.9956271559846014,45,5,7.620757236283717
calibration,2,0,2,0,0.0,tp_uic_full,0.03875731197071591,-4.434568160147554,1,3,9.573808080873755,4.309425824111832,10,0.9553603266221758,10.638273882801293,10.687231540603948,2.260811491473611e-10,1.9518074155951515e-11,1.92992840384586e-11,2.187901174929137e-13,0.9989333402083497,1.0000114129174658,1.0001472868870414,0.9912961292094498,0.9956271559846014,45,5,20.07485121070163
calibration,2,0,2,0,0.0,perfect_channel,0.03875731197071591,-4.434568160147554,1,3,9.29686319066455,4.127257577306112,10,0.9552537032263912,inf,inf,2.260811491473611e-10,0.0,0.0,0.0,1.0,1.0,1.0,1.0,0.9956271559846014,0,5,nan
calibration,2,0,2,1,0.0,no_ic,0.04783153405367319,-3.919505409703923,1,3,6.60122048241929,5.543414645243662,10,0.9554426807930587,0.0,0.0,2.545485497338449e-10,2.545485497338449e-10,2.545485497338449e-10,0.0,1.0,1.0,1.0,1.0,0.9954505738928074,0,5,0.0
calibration,2,0,2,1,0.0,plain_ls,0.04783153405367319,-3.919505409703923,1,3,6.599336042736922,5.547195429386539,10,0.9554999242195109,10.944158556794177,10.997460643140993,2.545485497338449e-10,2.0481170423758686e-11,2.0231335993085374e-11,2.498344306733131e-13,0.9969742883853839,0.9999163916599528,0.9989199575833894,0.9877024748872215,0.9954505738928074,0,5,20.29595877162585
calibration,2,0,2,1,0.0,protected_ls,0.04783153405367319,-3.919505409703923,1,3,6.348526427161729,5.631845948973765,10,0.9585725157015853,10.285755333903612,10.330543044261887,2.545485497338449e-10,2.383389894615194e-11,2.3589368926756498e-11,2.445300193954417e-13,0.9999949992529567,0.9999969719886288,1.0,0.9988836216164025,0.9954505738928074,45,5,7.035448094078234
calibration,2,0,2,1,0.0,tp_uic_full,0.04783153405367319,-3.919505409703923,1,3,6.60081185205566,5.548080874405639,10,0.9554285812681875,10.943231407198873,10.997426709468936,2.545485497338449e-10,2.0485543294412487e-11,2.0231494071585464e-11,2.54049222827021e-13,0.9972924275643462,1.0001967919914732,1.0002735479606026,0.9885138314382557,0.9954505738928074,45,5,20.282007221965195
calibration,2,0,2,1,0.0,perfect_channel,0.04783153405367319,-3.919505409703923,1,3,7.020426430815276,5.349421163491542,10,0.9552537032263912,inf,inf,2.545485497338449e-10,0.0,0.0,0.0,1.0,1.0,1.0,1.0,0.9954505738928074,0,5,nan
calibration,2,2,2,0,0.0,no_ic,0.12364303354502747,-5.944127190970199,1,3,10.569659735200904,7.306786762885968,10,0.9360575389392314,0.0,0.0,1.5970129908321345e-10,1.5970129908321345e-10,1.5970129908321345e-10,0.0,1.0,1.0,1.0,1.0,0.9886250661256611,0,5,0.0
calibration,2,2,2,0,0.0,plain_ls,0.12364303354502747,-5.944127190970199,1,3,10.609173861317682,7.352243630156471,10,0.9357119515135269,11.460643761686772,11.498474545680509,1.5970129908321345e-10,1.1408907860357618e-11,1.1309958056678392e-11,9.894980367922623e-14,0.9949814872848269,0.99482908449706,0.9907938582554023,0.9718159342390157,0.9886250661256611,0,5,17.760198601714208
calibration,2,2,2,0,0.0,protected_ls,0.12364303354502747,-5.944127190970199,1,3,9.720043913247927,6.812769090003123,10,0.9352445043699424,6.07369201772166,6.088624776904256,1.5970129908321345e-10,3.9440212583414416e-11,3.930483443397448e-11,1.353781494399373e-13,0.9998946578246563,0.9998910852411412,1.0000000000000002,0.9980969387329923,0.9886250661256611,45,5,1.8657502437743227
calibration,2,2,2,0,0.0,tp_uic_full,0.12364303354502747,-5.944127190970199,1,3,10.614498140105376,7.340869511030185,10,0.9360127845254875,11.430930384236483,11.474659606733045,1.5970129908321345e-10,1.1487232480478437e-11,1.1372147611303401e-11,1.1508486917503445e-13,0.997153000572697,1.0105477175761493,0.9961114236955024,0.9777928838361362,0.9886250661256611,45,5,17.50226358499201
calibration,2,2,2,0,0.0,perfect_channel,0.12364303354502747,-5.944127190970199,1,3,5.072933602618839,7.9074143708852,10,0.9354004668488913,inf,inf,1.5970129908321345e-10,0.0,0.0,0.0,1.0,1.0,1.0,1.0,0.9886250661256611,0,5,nan
calibration,2,2,2,1,0.0,no_ic,0.10393768489202362,-4.19960062003477,1,3,5.0584571478179345,5.93715970892872,10,0.935724614780269,0.0,0.0,2.3864981717390463e-10,2.3864981717390463e-10,2.3864981717390463e-10,0.0,1.0,1.0,1.0,1.0,0.9878904507506274,0,5,0.0
calibration,2,2,2,1,0.0,plain_ls,0.10393768489202362,-4.19960062003477,1,3,5.041369631330891,5.936122715834108,10,0.9354724531678715,13.61216401773888,13.654703907228345,2.3864981717390463e-10,1.038830529225454e-11,1.0287046791708326e-11,1.0125850054621448e-13,0.9935912006934106,0.9871424275141804,0.994007445588817,0.9731460097006334,0.9878904507506274,0,5,17.351541029435168
calibration,2,2,2,1,0.0,protected_ls,0.10393768489202362,-4.19960062003477,1,3,3.2572627072989775,6.129484481754082,10,0.931759389240444,8.492361183273104,8.508972186023678,2.3864981717390463e-10,3.376952777972724e-11,3.3640611952095545e-11,1.2891582763169396e-13,0.9999538793356726,0.9999042341335561,1.0,0.9988391047837384,0.9878904507506274,45,5,0.6989355840356359
calibration,2,2,2,1,0.0,tp_uic_full,0.10393768489202362,-4.19960062003477,1,3,5.070375112859843,5.948898050261294,10,0.9357620530521003,13.603393869814521,13.64440854079504,2.3864981717390463e-10,1.0409304644218677e-11,1.0311462148919407e-11,9.784249529927072e-14,0.9951740890989238,1.0029621771543682,0.998055654664689,0.9764004440847351,0.9878904507506274,45,5,17.02112455167506
calibration,2,2,2,1,0.0,perfect_channel,0.10393768489202362,-4.19960062003477,1,3,3.5623472950887045,5.043018738162893,10,0.9354004668488913,inf,inf,2.3864981717390463e-10,0.0,0.0,0.0,1.0,1.0,1.0,1.0,0.9878904507506274,0,5,nan
calibration,2,4,2,0,0.0,no_ic,0.00020989422231278926,6.838231315669008,1,3,3.9754962501558544,3.923971809841679,10,0.9837032914485243,0.0,0.0,3.0307094250537324e-09,3.0307094250537324e-09,3.0307094250537324e-09,0.0,1.0,1.0,1.0,1.0,0.9877709809447383,0,5,0.0
calibration,2,4,2,0,0.0,plain_ls,0.00020989422231278926,6.838231315669008,1,3,3.97524161741172,3.924134680920589,10,0.9837034294139567,12.932892092134278,12.935972615461013,3.0307094250537324e-09,1.542606263290736e-10,1.5415124548668153e-10,1.0938084239206345e-13,0.9999940504204441,0.9984550327327042,0.9999933531611606,0.9999905356764389,0.9877709809447383,0,5,29.062735832817243
calibration,2,4,2,0,0.0,protected_ls,0.00020989422231278926,6.838231315669008,1,3,3.8343651897045987,3.7106494624213497,10,0.982701900558121,12.898659035946025,12.90163758503525,3.0307094250537324e-09,1.5548138334549242e-10,1.5537478513163224e-10,1.0659821386016992e-13,0.9999999427263224,0.9999969312440242,1.0,0.9999910978915374,0.9877709809447383,45,5,19.816259508124176
calibration,2,4,2,0,0.0,tp_uic_full,0.00020989422231278926,6.838231315669008,1,3,3.975325652898619,3.924076074953915,10,0.9837034298423234,12.932917586809516,12.935969454143372,3.0307094250537324e-09,1.5425972076540874e-10,1.541513576965413e-10,1.0836306886744095e-13,0.9999960962727831,1.0003335261670743,0.9999951060681098,0.9999917518638454,0.9877709809447383,45,5,29.055975977035654
calibration,2,4,2,0,0.0,perfect_channel,0.00020989422231278926,6.838231315669008,1,3,4.370492022487882,4.042525014829547,10,0.9837049325169808,inf,inf,3.0307094250537324e-09,0.0,0.0,0.0,1.0,1.0,1.0,1.0,0.9877709809447383,0,5,nan
calibration,2,4,2,1,0.0,no_ic,0.00024147932119046264,6.744541094156336,1,3,1.7891690977092676,6.609163333011155,10,0.9837034885376641,0.0,0.0,2.966028210769152e-09,2.966028210769152e-09,2.966028210769152e-09,0.0,1.0,1.0,1.0,1.0,0.9866947611395689,0,5,0.0
calibration,2,4,2,1,0.0,plain_ls,0.00024147932119046264,6.744541094156336,1,3,1.7892216389062163,6.609171289043537,10,0.9837035943765116,16.10359995757686,16.12831269277517,2.966028210769152e-09,7.274703239894099e-11,7.233425421577595e-11,4.1277818316503883e-13,0.9999940911340256,0.999932537391352,0.9999929528484542,0.9999869771585292,0.9866947611395689,0,5,25.798334998820394
calibration,2,4,2,1,0.0,protected_ls,0.00024147932119046264,6.744541094156336,1,3,1.5062891888257552,6.328969722459509,10,0.9831171350851127,16.029481864232658,16.052878917495303,2.966028210769152e-09,7.399921130730722e-11,7.360162207332786e-11,3.975892339793563e-13,0.9999999308735832,0.999993926927628,1.0,0.9999912944816751,0.9866947611395689,45,5,16.23669327967678
calibration,2,4,2,1,0.0,tp_uic_full,0.00024147932119046264,6.744541094156336,1,3,1.7892270888155442,6.609189556902963,10,0.9837035836928752,16.10393827529522,16.12830450998446,2.966028210769152e-09,7.274136558703327e-11,7.233439050500958e-11,4.0697508202368523e-13,0.99999585174518,1.000966044012567,0.9999948054267772,0.9999891337702511,0.9866947611395689,45,5,25.79182710437102
calibration,2,4,2,1,0.0,perfect_channel,0.00024147932119046264,6.744541094156336,1,3,1.781934589751232,6.424798121801675,10,0.9837049325169808,inf,inf,2.966028210769152e-09,0.0,0.0,0.0,1.0,1.0,1.0,1.0,0.9866947611395689,0,5,nan
calibration,2,0,2,0,30.0,no_ic,0.03875731197071582,25.565431839852447,1,3,363.1676901629274,359.60830219033244,10,0.9553699210837912,0.0,0.0,2.2608114914736114e-07,2.2608114914736114e-07,2.2608114914736114e-07,0.0,1.0,1.0,1.0,1.0,0.9956271559846014,0,5,0.0
calibration,2,0,2,0,30.0,plain_ls,0.03875731197071582,25.565431839852447,1,3,363.1164184602257,359.54120425648165,10,0.9554038621154309,10.687233616941086,10.687281767262071,2.2608114914736114e-07,1.929927481158323e-08,1.9299060841301703e-08,2.1397028152595393e-13,0.998670988409971,0.9998262061678671,0.9990218169479814,0.9905859656334876,0.9956271559846014,0,5,50.032702750937894
calibration,2,0,2,0,30.0,protected_ls,0.03875731197071582,25.565431839852447,1,3,235.49106367564147,239.8022828154506,10,0.9584563920289587,9.825020980014079,9.825071266036362,2.2608114914736114e-07,2.3537604110598443e-08,2.3537331575329928e-08,2.725352685141468e-13,0.9999974845393528,0.9999990538222545,1.0,0.9989245645373964,0.9956271559846014,45,5,7.777198350264145
calibration,2,0,2,0,30.0,tp_uic_full,0.03875731197071582,25.565431839852447,1,3,364.66533752879445,361.26850665755325,10,0.9553605629100607,10.687179519473808,10.687228913643132,2.2608114914736114e-07,1.9299515212609176e-08,1.929929571221463e-08,2.1950039454469428e-13,0.9989353832226386,1.0000115685055302,1.0001498229310357,0.9912921398213929,0.9956271559846014,45,5,50.02073620700734
calibration,2,0,2,0,30.0,perfect_channel,0.03875731197071582,25.565431839852447,1,3,9.296863190664562,4.127257577306127,10,0.9552537032263912,inf,inf,2.2608114914736114e-07,0.0,0.0,0.0,1.0,1.0,1.0,1.0,0.9956271559846014,0,5,nan
calibration,2,0,2,1,30.0,no_ic,0.047831534053673144,26.08049459029608,1,3,225.25508977995145,237.1540835207528,10,0.9554432723341668,0.0,0.0,2.54548549733845e-07,2.54548549733845e-07,2.54548549733845e-07,0.0,1.0,1.0,1.0,1.0,0.9954505738928074,0,5,0.0
calibration,2,0,2,1,30.0,plain_ls,0.047831534053673144,26.08049459029608,1,3,225.48595319295686,237.4299784397727,10,0.9554999242195107,10.997407012948342,10.997460643140997,2.54548549733845e-07,2.0231585827516043e-08,2.023133599308537e-08,2.49834430673308e-13,0.9969742883853839,0.9999163916599528,0.9989199575833894,0.9877024748872215,0.9954505738928074,0,5,50.23759205697517
calibration,2,0,2,1,30.0,protected_ls,0.047831534053673144,26.08049459029608,1,3,249.00420684188842,238.02217562030475,10,0.952765600750817,10.33049802504667,10.330543044261887,2.54548549733845e-07,2.35896134567759e-08,2.3589368926756504e-08,2.4453001939543643e-13,0.9999949992529567,0.9999969719886288,1.0,0.9988836216164025,0.9954505738928074,45,5,7.170340723181599
calibration,2,0,2,1,30.0,tp_uic_full,0.047831534053673144,26.08049459029608,1,3,225.19061977210194,237.28158139162338,10,0.9554289465194871,10.997325703000676,10.997380332282518,2.54548549733845e-07,2.023196461302975e-08,2.023171011964065e-08,2.544933890996897e-13,0.9972910803942024,1.0001983158050058,1.000276566858618,0.9885095403183433,0.9954505738928074,45,5,50.22274165709665
calibration,2,0,2,1,30.0,perfect_channel,0.047831534053673144,26.08049459029608,1,3,7.020426430815263,5.3494211634915345,10,0.9552537032263912,inf,inf,2.54548549733845e-07,0.0,0.0,0.0,1.0,1.0,1.0,1.0,0.9954505738928074,0,5,nan
calibration,2,2,2,0,30.0,no_ic,0.12364303354502747,24.055872809029808,1,3,2090.585825462569,1928.6094219542138,10,0.9360611128185977,0.0,0.0,1.5970129908321353e-07,1.5970129908321353e-07,1.5970129908321353e-07,0.0,1.0,1.0,1.0,1.0,0.9886250661256611,0,5,0.0
calibration,2,2,2,0,30.0,plain_ls,0.12364303354502747,24.055872809029808,1,3,2106.5488711699945,1945.27306658818,10,0.9357119515135273,11.498436549813924,11.498474545680509,1.5970129908321353e-07,1.1310057006482075e-08,1.1309958056678396e-08,9.894980367922752e-14,0.9949814872848272,0.99482908449706,0.9907938582554023,0.9718159342390157,0.9886250661256611,0,5,47.71194613514818
calibration,2,2,2,0,30.0,protected_ls,0.12364303354502747,24.055872809029808,1,3,4569.934534404034,4313.192379402425,10,0.9348551034604192,6.088609818469023,6.088624776904256,1.5970129908321353e-07,3.930496981212394e-08,3.93048344339745e-08,1.3537814943993924e-13,0.9998946578246563,0.9998910852411412,1.0,0.9980969387329923,0.9886250661256611,45,5,1.8832422112068927
calibration,2,2,2,0,30.0,tp_uic_full,0.12364303354502747,24.055872809029808,1,3,2043.2731109481736,1883.1284968806874,10,0.9360135015628146,11.475864068561325,11.475908194850756,1.5970129908321353e-07,1.136899412465802e-08,1.1368878611107285e-08,1.1551355073423557e-13,0.9971484407319724,1.0105685398019664,0.996102424099994,0.9777843476441339,0.9886250661256611,45,5,47.44659466713597
calibration,2,2,2,0,30.0,perfect_channel,0.12364303354502747,24.055872809029808,1,3,5.072933602618845,7.907414370885202,10,0.9354004668488913,inf,inf,1.5970129908321353e-07,0.0,0.0,0.0,1.0,1.0,1.0,1.0,0.9886250661256611,0,5,nan
calibration,2,2,2,1,30.0,no_ic,0.1039376848920236,25.800399379965224,1,3,1878.3425332731322,1860.4189410448473,10,0.9357258028721808,0.0,0.0,2.3864981717390434e-07,2.3864981717390434e-07,2.3864981717390434e-07,0.0,1.0,1.0,1.0,1.0,0.9878904507506274,0,5,0.0
calibration,2,2,2,1,30.0,plain_ls,0.1039376848920236,25.800399379965224,1,3,1871.671741529458,1854.242713882967,10,0.9354724531678714,13.654661158524565,13.654703907228338,2.3864981717390434e-07,1.0287148050208874e-08,1.0287046791708328e-08,1.012585005462195e-13,0.9935912006934106,0.9871424275141804,0.9940074455888173,0.9731460097006334,0.9878904507506274,0,5,47.30024641053727
calibration,2,2,2,1,30.0,protected_ls,0.1039376848920236,25.800399379965224,1,3,1184.2895490508677,1244.1755388494998,10,0.9303665336491199,8.50895554324518,8.50897218602367,2.3864981717390434e-07,3.364074086792321e-08,3.3640611952095574e-08,1.2891582763169785e-13,0.9999538793356724,0.999904234133556,1.0,0.9988391047837384,0.9878904507506274,45,5,0.7112763914159486
calibration,2,2,2,1,30.0,tp_uic_full,0.1039376848920236,25.800399379965224,1,3,1874.8259223336945,1856.1494402688375,10,0.9357622004579608,13.644125044300806,13.644166370715563,2.3864981717390434e-07,1.0312135277154994e-08,1.0312037149831342e-08,9.812732365166203e-14,0.9951729971924494,1.0029739971519982,0.9980515757735559,0.9763922122783846,0.9878904507506274,45,5,46.97135344958562
calibration,2,2,2,1,30.0,perfect_channel,0.1039376848920236,25.800399379965224,1,3,3.5623472950887143,5.043018738162875,10,0.9354004668488913,inf,inf,2.3864981717390434e-07,0.0,0.0,0.0,1.0,1.0,1.0,1.0,0.9878904507506274,0,5,nan
calibration,2,4,2,0,30.0,no_ic,0.00020989422231278905,36.838231315669006,1,3,170.11896074701443,178.564448683933,10,0.9837032900472923,0.0,0.0,3.03070942505373e-06,3.03070942505373e-06,3.03070942505373e-06,0.0,1.0,1.0,1.0,1.0,0.9877709809447383,0,5,0.0
calibration,2,4,2,0,30.0,plain_ls,0.00020989422231278905,36.838231315669006,1,3,170.1239534777187,178.5700564281756,10,0.9837034294139566,12.935969533845984,12.935972615461008,3.03070942505373e-06,1.5415135486752395e-07,1.5415124548668155e-07,1.0938084239205719e-13,0.9999940504204441,0.9984550327327042,0.9999933531611606,0.9999905356764389,0.9877709809447383,0,5,59.05676403135714
calibration,2,4,2,0,30.0,protected_ls,0.00020989422231278905,36.838231315669006,1,3,156.44303382710504,170.86582963465128,10,0.9815103556154401,12.901634605465539,12.901637585035237,3.03070942505373e-06,1.5537489172984642e-07,1.5537478513163256e-07,1.065982138601627e-13,0.9999999427263224,0.9999969312440242,1.0,0.9999910978915374,0.9877709809447383,45,5,20.35807735060616
calibration,2,4,2,0,30.0,tp_uic_full,0.00020989422231278905,36.838231315669006,1,3,170.11875666304718,178.56433242568542,10,0.9837034294861609,12.93596934032842,12.93597239782952,3.03070942505373e-06,1.5415136173636452e-07,1.541512532114322e-07,1.0852493233352658e-13,0.9999960959219076,1.0003348164513126,0.9999951058823408,0.9999917524315752,0.9877709809447383,45,5,59.05001899798809
calibration,2,4,2,0,30.0,perfect_channel,0.00020989422231278905,36.838231315669006,1,3,4.370492022487885,4.042525014829546,10,0.9837049325169808,inf,inf,3.03070942505373e-06,0.0,0.0,0.0,1.0,1.0,1.0,1.0,0.9877709809447383,0,5,nan
calibration,2,4,2,1,30.0,no_ic,0.00024147932119046302,36.74454109415633,1,3,73.50872047653893,83.47016984656867,10,0.9837034872158456,0.0,0.0,2.9660282107691497e-06,2.9660282107691497e-06,2.9660282107691497e-06,0.0,1.0,1.0,1.0,1.0,0.9866947611395689,0,5,0.0
calibration,2,4,2,1,30.0,plain_ls,0.00024147932119046302,36.74454109415633,1,3,73.50874647564312,83.46975426842815,10,0.9837035943765113,16.128287909665474,16.12831269277517,2.9660282107691497e-06,7.233466699395903e-08,7.233425421577586e-08,4.1277818316503085e-13,0.9999940911340256,0.999932537391352,0.9999929528484542,0.9999869771585292,0.9866947611395689,0,5,55.77075543128682
calibration,2,4,2,1,30.0,protected_ls,0.00024147932119046302,36.74454109415633,1,3,55.53827712357189,72.05110079027011,10,0.9811534571937077,16.052855457367777,16.052878917495306,2.9660282107691497e-06,7.360201966256175e-08,7.360162207332777e-08,3.9758923397934734e-13,0.9999999308735832,0.999993926927628,1.0,0.9999912944816751,0.9866947611395689,45,5,16.71278530341413
calibration,2,4,2,1,30.0,tp_uic_full,0.00024147932119046302,36.74454109415633,1,3,73.50798124045969,83.46911460764545,10,0.9837035833410884,16.12828199354361,16.128306455037713,2.9660282107691497e-06,7.233476553101499e-08,7.233435810897045e-08,4.0742204453322025e-13,0.9999958517513209,1.0009683802956422,0.9999948051883487,0.9999891333663107,0.9866947611395689,45,5,55.76458180781422
calibration,2,4,2,1,30.0,perfect_channel,0.00024147932119046302,36.74454109415633,1,3,1.7819345897512329,6.424798121801686,10,0.9837049325169808,inf,inf,2.9660282107691497e-06,0.0,0.0,0.0,1.0,1.0,1.0,1.0,0.9866947611395689,0,5,nan
test,3,0,2,0,0.0,no_ic,0.9162182374860826,-2.2895083267274865,1,3,178.99396170943433,141.60465291743864,10,0.9910634632486616,0.0,0.0,3.704847493157058e-10,3.704847493157058e-10,3.704847493157058e-10,0.0,1.0,1.0,1.0,1.0,0.9066111721782266,0,5,0.0
test,3,0,2,0,0.0,plain_ls,0.9162182374860826,-2.2895083267274865,1,3,179.70132700646337,142.21716954798305,10,0.9910140684463645,9.576313857067667,9.599043699598905,3.704847493157058e-10,4.084500462948448e-11,4.0631790948076044e-11,2.132136814084365e-13,0.8803651004112683,0.9238944982780694,0.8714149990441551,0.8598231593689014,0.9066111721782266,0,5,23.29204305664488
test,3,0,2,0,0.0,protected_ls,0.9162182374860826,-2.2895083267274865,1,3,147.45802451548224,105.459054641285,10,0.987555928889187,6.036441755525538,6.047102385072933,3.704847493157058e-10,9.228394671937288e-11,9.20576950573963e-11,2.2625166197657786e-13,0.9899830721038637,0.9914107093373097,1.0,0.9464264236625635,0.9066111721782266,45,5,1.6344676743156905
test,3,0,2,0,0.0,tp_uic_full,0.9162182374860826,-2.2895083267274865,1,3,196.8419018861145,157.40711537985712,10,0.990871852774779,9.3376505960441,9.357031670459806,3.704847493157058e-10,4.315243188666705e-11,4.296028642988999e-11,1.9214545677706036e-13,0.9081112966898846,0.936848653308923,0.9092422270790183,0.882496216651603,0.9066111721782266,45,5,21.587455464012617
test,3,0,2,0,0.0,perfect_channel,0.9162182374860826,-2.2895083267274865,1,3,7.629319667212071,6.588595943895936,10,0.9938199002958261,inf,inf,3.704847493157058e-10,0.0,0.0,0.0,1.0,1.0,1.0,1.0,0.9066111721782266,0,5,nan
test,3,0,2,1,0.0,no_ic,0.9196606754730291,-1.9524742072519703,1,3,20.900651465101685,30.498416505304338,10,0.9878470302783561,0.0,0.0,4.003812648977504e-10,4.003812648977504e-10,4.003812648977504e-10,0.0,1.0,1.0,1.0,1.0,0.9006842990587036,0,5,0.0
test,3,0,2,1,0.0,plain_ls,0.9196606754730291,-1.9524742072519703,1,3,21.080950844535533,30.777713222075043,10,0.9878031530703905,13.049850532302042,13.084841502982261,4.003812648977504e-10,1.983758013138715e-11,1.967839151821767e-11,1.5918861316948144e-13,0.7797908554418352,0.8110126419420234,0.8442197121541037,0.7836632368823743,0.9006842990587036,0,5,20.155584534754997
test,3,0,2,1,0.0,protected_ls,0.9196606754730291,-1.9524742072519703,1,3,19.534814015595554,28.92515204999082,10,0.9847017002221475,6.0723870791468855,6.078694065882315,4.003812648977504e-10,9.890882425359065e-11,9.876528941194923e-11,1.435348416414139e-13,0.9889205679429464,0.9910924641858456,1.0000000000000002,0.9293526698071175,0.9006842990587036,45,5,1.7795935149288922
test,3,0,2,1,0.0,tp_uic_full,0.9196606754730291,-1.9524742072519703,1,3,26.178447347775833,33.70328980554504,10,0.9866654206555665,12.788148997313417,12.823671978463082,4.003812648977504e-10,2.1069724042655132e-11,2.0898087798205776e-11,1.716362444493579e-13,0.8396295743676386,0.8532553327900034,0.905415453076502,0.8231362319751689,0.9006842990587036,45,5,18.318789662236007
test,3,0,2,1,0.0,perfect_channel,0.9196606754730291,-1.9524742072519703,1,3,5.713771124071224,6.298480124109094,10,0.9938199002958261,inf,inf,4.003812648977504e-10,0.0,0.0,0.0,1.0,1.0,1.0,1.0,0.9006842990587036,0,5,nan
test,3,2,2,0,0.0,no_ic,0.8987283636580006,-2.626613458940642,1,3,12.385264054009752,10.245425932478756,10,0.8793321670418771,0.0,0.0,3.4281500451433904e-10,3.4281500451433904e-10,3.4281500451433904e-10,0.0,1.0,1.0,1.0,1.0,0.9667597711048004,0,5,0.0
test,3,2,2,0,0.0,plain_ls,0.8987283636580006,-2.626613458940642,1,3,12.27137848876501,10.12063028120015,10,0.879301141335246,14.328239367485464,14.441019551809491,3.4281500451433904e-10,1.2654234706805769e-11,1.2329852093760179e-11,3.243826130455902e-13,0.8907135204998857,0.9311047299608494,0.8132762553384766,0.7105019037924426,0.9667597711048004,0,5,18.20394723418336
test,3,2,2,0,0.0,protected_ls,0.8987283636580006,-2.626613458940642,1,3,15.27037517612231,13.629463444978636,10,0.8560268440325323,6.101296651697339,6.1169340786382085,3.4281500451433904e-10,8.412598396956492e-11,8.382362037301169e-11,3.0236359655321926e-13,0.9950219734774989,0.9971085718713485,1.0,0.9224773260577153,0.9667597711048004,45,5,2.3483380746166667
test,3,2,2,0,0.0,tp_uic_full,0.8987283636580006,-2.626613458940642,1,3,11.833349111464596,9.992404730170666,10,0.8815149403691148,14.296917934582432,14.405238326147154,3.4281500451433904e-10,1.2745827269196632e-11,1.2431856529593427e-11,3.139707396032053e-13,0.9598307810647556,0.9817600501952725,0.8662555595946402,0.7226408652728208,0.9667597711048004,45,5,17.36004502150678
test,3,2,2,0,0.0,perfect_channel,0.8987283636580006,-2.626613458940642,1,3,6.884523392238877,5.044832786974957,10,0.9017035399313562,inf,inf,3.4281500451433904e-10,0.0,0.0,0.0,1.0,1.0,1.0,1.0,0.9667597711048004,0,5,nan
test,3,2,2,1,0.0,no_ic,0.9340979005255401,-2.810605863646628,1,3,36.363887099654974,45.80921551298497,10,0.8738262411625219,0.0,0.0,3.2859472068726377e-10,3.2859472068726377e-10,3.2859472068726377e-10,0.0,1.0,1.0,1.0,1.0,0.9659815688596184,0,5,0.0
test,3,2,2,1,0.0,plain_ls,0.9340979005255401,-2.810605863646628,1,3,36.99723150892992,46.49649533029421,10,0.8737867257495849,11.891394143504645,11.9188764101209,3.2859472068726377e-10,2.1257939527690923e-11,2.112384346824708e-11,1.3409605944384618e-13,0.8301754317017183,0.8904233199403396,0.7747053481948355,0.679708394636233,0.9659815688596184,0,5,20.45679935302857
test,3,2,2,1,0.0,protected_ls,0.9340979005255401,-2.810605863646628,1,3,16.327514185329633,18.674124562409595,10,0.8525775690810062,6.0341859537514555,6.0410512648156764,3.2859472068726377e-10,8.189209588421038e-11,8.176274342960849e-11,1.2935245460188474e-13,0.9925372248422414,0.9953742278064516,0.9999999999999998,0.9307164067701258,0.9659815688596184,45,5,1.9985367591820467
test,3,2,2,1,0.0,tp_uic_full,0.9340979005255401,-2.810605863646628,1,3,43.08313353034887,52.99397250855337,10,0.8759711773672079,11.75885649454236,11.793863985785988,3.2859472068726377e-10,2.1916688353414165e-11,2.1740733029884647e-11,1.7595532352951863e-13,0.935913062670958,0.9585481793587116,0.8277970675031985,0.6873404786319437,0.9659815688596184,45,5,19.593828177331858
test,3,2,2,1,0.0,perfect_channel,0.9340979005255401,-2.810605863646628,1,3,5.306253409177761,6.721436638747157,10,0.9017035399313562,inf,inf,3.2859472068726377e-10,0.0,0.0,0.0,1.0,1.0,1.0,1.0,0.9659815688596184,0,5,nan
test,3,4,2,0,0.0,no_ic,0.19543092841740886,1.2151601005025023,1,3,4.073178828932662,7.038647682528934,10,0.994608690845733,0.0,0.0,8.303040915814235e-10,8.303040915814235e-10,8.303040915814235e-10,0.0,1.0,1.0,1.0,1.0,0.9845160160500824,0,5,0.0
test,3,4,2,0,0.0,plain_ls,0.19543092841740886,1.2151601005025023,1,3,4.076352075781255,7.013692458123662,10,0.9946080617142244,13.997554237540244,14.00543683523237,8.303040915814235e-10,3.3073621678245604e-11,3.3013646336050113e-11,5.997534219549143e-14,0.9409666482611948,0.96891735847411,0.9894680468817786,0.8794188610707164,0.9845160160500824,0,5,22.37582591961222
test,3,4,2,0,0.0,protected_ls,0.19543092841740886,1.2151601005025023,1,3,4.3935916449023,7.240312244234405,10,0.9915212488593165,12.495680903420304,12.49919591618271,8.303040915814235e-10,4.673788845029895e-11,4.670007590225271e-11,3.78125480462401e-14,0.9977253223427741,0.9988391759848404,1.0,0.9697934678373121,0.9845160160500824,45,5,5.47283976668831
test,3,4,2,0,0.0,tp_uic_full,0.19543092841740886,1.2151601005025023,1,3,4.0796249264394,7.115214244287135,10,0.9946553277766024,13.996920951039282,14.004437090001565,8.303040915814235e-10,3.307844481236205e-11,3.3021246947166076e-11,5.719786519597673e-14,0.9522929802713266,0.9741816266489951,0.995998475787704,0.8850274855769082,0.9845160160500824,45,5,22.247562813648678
test,3,4,2,0,0.0,perfect_channel,0.19543092841740886,1.2151601005025023,1,3,4.4124290731511095,5.403899933077042,10,0.9948353343785857,inf,inf,8.303040915814235e-10,0.0,0.0,0.0,1.0,1.0,1.0,1.0,0.9845160160500824,0,5,nan
test,3,4,2,1,0.0,no_ic,0.12691362686727037,0.12320606039853992,1,3,11.822901010738365,3.85309940619733,10,0.9947534981624064,0.0,0.0,6.457163363912452e-10,6.457163363912452e-10,6.457163363912452e-10,0.0,1.0,1.0,1.0,1.0,0.9864043307396131,0,5,0.0
test,3,4,2,1,0.0,plain_ls,0.12691362686727037,0.12320606039853992,1,3,11.820082612450413,3.835533208959548,10,0.9947532526541112,15.19004338304773,15.233576601149876,6.457163363912452e-10,1.9545079250724327e-11,1.935014010685677e-11,1.949391438675553e-13,0.9702035319928889,0.9799135789922129,0.9925000330664046,0.9140156117358958,0.9864043307396131,0,5,20.09138591943958
test,3,4,2,1,0.0,protected_ls,0.12691362686727037,0.12320606039853992,1,3,7.907503488357667,3.7482767643566404,10,0.9901925530702664,13.156314868438258,13.182752194434668,6.457163363912452e-10,3.121837457381345e-11,3.102891249137158e-11,1.8946208244186545e-13,0.998470804033023,0.999264857245204,1.0,0.9751040831971762,0.9864043307396131,45,5,3.832079731793321
test,3,4,2,1,0.0,tp_uic_full,0.12691362686727037,0.12320606039853992,1,3,11.895215572946913,3.879793020190866,10,0.9947850570745131,15.18784097545324,15.229965685229976,6.457163363912452e-10,1.9554993525366295e-11,1.936623535723362e-11,1.8875816813267512e-13,0.9785862947180709,0.9847030561801288,0.997146588511247,0.918703171804728,0.9864043307396131,45,5,19.991802911151247
test,3,4,2,1,0.0,perfect_channel,0.12691362686727037,0.12320606039853992,1,3,6.636566093933622,3.128190394705142,10,0.9948353343785857,inf,inf,6.457163363912452e-10,0.0,0.0,0.0,1.0,1.0,1.0,1.0,0.9864043307396131,0,5,nan
test,3,0,2,0,30.0,no_ic,0.9162182374860789,27.710491673272518,1,3,138160.00192192243,136995.18020238928,10,0.991057478628235,0.0,0.0,3.7048474931570606e-07,3.7048474931570606e-07,3.7048474931570606e-07,0.0,1.0,1.0,1.0,1.0,0.9066111721782266,0,5,0.0
test,3,0,2,0,30.0,plain_ls,0.9162182374860789,27.710491673272518,1,3,138163.01272365506,136998.15939635696,10,0.9910140684463645,9.599020910231227,9.599043699598909,3.7048474931570606e-07,4.0632004161757436e-08,4.0631790948076026e-08,2.132136814084361e-13,0.8803651004112681,0.9238944982780691,0.8714149990441551,0.8598231593689014,0.9066111721782266,0,5,53.26597348048496
test,3,0,2,0,30.0,protected_ls,0.9162182374860789,27.710491673272518,1,3,108336.96217858014,107055.64026616336,10,0.9872954350812725,6.047091711361466,6.047102385072936,3.7048474931570606e-07,9.20579213090583e-08,9.205769505739632e-08,2.2625166197657695e-13,0.9899830721038638,0.9914107093373097,1.0000000000000002,0.9464264236625635,0.9066111721782266,45,5,1.636896424923847
test,3,0,2,0,30.0,tp_uic_full,0.9162182374860789,27.710491673272518,1,3,151602.4555754744,150380.087304631,10,0.990867421415991,9.353148853656903,9.35316832349841,3.7048474931570606e-07,4.299871231789623e-08,4.29985195509438e-08,1.9276695243078726e-13,0.9079894869140984,0.9368056405989649,0.909114050421835,0.8823845910218682,0.9066111721782266,45,5,51.56326641050939
test,3,0,2,0,30.0,perfect_channel,0.9162182374860789,27.710491673272518,1,3,7.629319667212119,6.588595943895943,10,0.9938199002958261,inf,inf,3.7048474931570606e-07,0.0,0.0,0.0,1.0,1.0,1.0,1.0,0.9066111721782266,0,5,nan
test,3,0,2,1,30.0,no_ic,0.9196606754730312,28.04752579274803,1,3,31644.113924668367,31954.0230855401,10,0.9878353945063374,0.0,0.0,4.0038126489775044e-07,4.0038126489775044e-07,4.0038126489775044e-07,0.0,1.0,1.0,1.0,1.0,0.9006842990587036,0,5,0.0
test,3,0,2,1,30.0,plain_ls,0.9196606754730312,28.04752579274803,1,3,31644.117154194733,31954.032540653447,10,0.9878031530703907,13.084806370813766,13.084841502982258,4.0038126489775044e-07,1.9678550706830842e-08,1.9678391518217674e-08,1.5918861316948266e-13,0.7797908554418354,0.8110126419420234,0.8442197121541039,0.7836632368823745,0.9006842990587036,0,5,50.11722218352675
test,3,0,2,1,30.0,protected_ls,0.9196606754730312,28.04752579274803,1,3,31715.632963419273,31995.15070886397,10,0.9843715343115672,6.078687754318325,6.078694065882313,4.0038126489775044e-07,9.876543294679092e-08,9.876528941194927e-08,1.4353484164141306e-13,0.9889205679429462,0.9910924641858458,1.0000000000000002,0.9293526698071174,0.9006842990587036,45,5,1.7858879094288804
test,3,0,2,1,30.0,tp_uic_full,0.9196606754730312,28.04752579274803,1,3,36250.88514901731,36493.61519333731,10,0.9866562865445524,12.822392298821361,12.822428068075887,4.0038126489775044e-07,2.0904246476014175e-08,2.0904074305686253e-08,1.7217032792291085e-13,0.8394599288122799,0.8530861314026845,0.9053601787164753,0.8230399400973141,0.9006842990587036,45,5,48.275069841040896
test,3,0,2,1,30.0,perfect_channel,0.9196606754730312,28.04752579274803,1,3,5.713771124071348,6.298480124109174,10,0.9938199002958261,inf,inf,4.0038126489775044e-07,0.0,0.0,0.0,1.0,1.0,1.0,1.0,0.9006842990587036,0,5,nan
test,3,2,2,0,30.0,no_ic,0.8987283636580019,27.37338654105936,1,3,4537.984488729629,4504.320456641727,10,0.8793014704899135,0.0,0.0,3.42815004514339e-07,3.42815004514339e-07,3.42815004514339e-07,0.0,1.0,1.0,1.0,1.0,0.9667597711048004,0,5,0.0
test,3,2,2,0,30.0,plain_ls,0.8987283636580019,27.37338654105936,1,3,4537.941627536775,4504.271540427661,10,0.8793011413352457,14.440905295997926,14.441019551809493,3.42815004514339e-07,1.233017647637321e-08,1.2329852093760166e-08,3.2438261304559213e-13,0.8907135204998857,0.9311047299608494,0.8132762553384768,0.7105019037924426,0.9667597711048004,0,5,48.08698489891449
test,3,2,2,0,30.0,protected_ls,0.8987283636580019,27.37338654105936,1,3,10333.761224312393,10333.242578859694,10,0.8553336996345322,6.1169184130532495,6.116934078638211,3.42815004514339e-07,8.382392273660818e-08,8.382362037301163e-08,3.023635965532222e-13,0.995021973477499,0.9971085718713485,0.9999999999999998,0.9224773260577155,0.9667597711048004,45,5,2.349658180645566
test,3,2,2,0,30.0,tp_uic_full,0.8987283636580019,27.37338654105936,1,3,3925.062075427439,3898.5596572675486,10,0.8815090875677719,14.406675795372896,14.406785699040528,3.42815004514339e-07,1.2427742396259596e-08,1.2427427900624847e-08,3.1449563474933853e-13,0.9598299169778846,0.981776382160936,0.8661615002698144,0.722495287596232,0.9667597711048004,45,5,47.244136666503906
test,3,2,2,0,30.0,perfect_channel,0.8987283636580019,27.37338654105936,1,3,6.884523392238897,5.044832786974959,10,0.9017035399313562,inf,inf,3.42815004514339e-07,0.0,0.0,0.0,1.0,1.0,1.0,1.0,0.9667597711048004,0,5,nan
test,3,2,2,1,30.0,no_ic,0.9340979005255408,27.189394136353364,1,3,24565.31835107231,24825.939089957097,10,0.8737870060770937,0.0,0.0,3.2859472068726334e-07,3.2859472068726334e-07,3.2859472068726334e-07,0.0,1.0,1.0,1.0,1.0,0.9659815688596184,0,5,0.0
test,3,2,2,1,30.0,plain_ls,0.9340979005255408,27.189394136353364,1,3,24566.083850649626,24826.704218472965,10,0.8737867257495849,11.918848840803836,11.918876410120895,3.2859472068726334e-07,2.112397756430651e-08,2.1123843468247063e-08,1.340960594438502e-13,0.8301754317017181,0.8904233199403396,0.7747053481948355,0.679708394636233,0.9659815688596184,0,5,50.42504894871473
test,3,2,2,1,30.0,protected_ls,0.9340979005255408,27.189394136353364,1,3,12562.6104601405,12543.236699618821,10,0.8521834396635813,6.041044394080847,6.041051264815666,3.2859472068726334e-07,8.176287278206318e-08,8.176274342960858e-08,1.2935245460188888e-13,0.9925372248422416,0.9953742278064515,0.9999999999999998,0.9307164067701255,0.9659815688596184,45,5,2.0077130211487715
test,3,2,2,1,30.0,tp_uic_full,0.9340979005255408,27.189394136353364,1,3,29383.481149099785,29669.99741893627,10,0.8759641152386094,11.790152330860321,11.790187535242197,3.2859472068726334e-07,2.175932147487641e-08,2.175914509217073e-08,1.7638270567682795e-13,0.935991573447664,0.9585709704631952,0.8276944690732135,0.6872113528667005,0.9659815688596184,45,5,49.556056987360265
test,3,2,2,1,30.0,perfect_channel,0.9340979005255408,27.189394136353364,1,3,5.306253409177804,6.721436638747157,10,0.9017035399313562,inf,inf,3.2859472068726334e-07,0.0,0.0,0.0,1.0,1.0,1.0,1.0,0.9659815688596184,0,5,nan
test,3,4,2,0,30.0,no_ic,0.19543092841740894,31.2151601005025,1,3,1005.7871042921224,1066.3618305228651,10,0.9946080312357392,0.0,0.0,8.303040915814236e-07,8.303040915814236e-07,8.303040915814236e-07,0.0,1.0,1.0,1.0,1.0,0.9845160160500824,0,5,0.0
test,3,4,2,0,30.0,plain_ls,0.19543092841740894,31.2151601005025,1,3,1005.7702650210663,1066.3442517459675,10,0.9946080617142242,14.005428945483915,14.005436835232366,8.303040915814236e-07,3.301370631139234e-08,3.3013646336050144e-08,5.99753421954892e-14,0.9409666482611948,0.96891735847411,0.9894680468817786,0.8794188610707164,0.9845160160500824,0,5,52.364234230305506
test,3,4,2,0,30.0,protected_ls,0.19543092841740894,31.2151601005025,1,3,378.5442963357416,415.8442254980751,10,0.9913549937558294,12.499192399748527,12.499195916182709,8.303040915814236e-07,4.670011371480078e-08,4.6700075902252734e-08,3.78125480462385e-14,0.9977253223427741,0.9988391759848404,1.0,0.9697934678373121,0.9845160160500824,45,5,5.532416090769155
test,3,4,2,0,30.0,tp_uic_full,0.19543092841740894,31.2151601005025,1,3,1039.0788427015484,1101.9268447885615,10,0.9946552434065512,14.00459463104087,14.004602169614246,8.303040915814236e-07,3.3020049117714915e-08,3.301999180088095e-08,5.731683396912473e-14,0.9522357726303479,0.9741514870984236,0.9959981895399695,0.8849399903470172,0.9845160160500824,45,5,52.23577501405384
test,3,4,2,0,30.0,perfect_channel,0.19543092841740894,31.2151601005025,1,3,4.41242907315112,5.403899933077033,10,0.9948353343785857,inf,inf,8.303040915814236e-07,0.0,0.0,0.0,1.0,1.0,1.0,1.0,0.9845160160500824,0,5,nan
test,3,4,2,1,30.0,no_ic,0.12691362686727015,30.12320606039854,1,3,2557.65110702373,2425.4625810530633,10,0.994753159960951,0.0,0.0,6.457163363912452e-07,6.457163363912452e-07,6.457163363912452e-07,0.0,1.0,1.0,1.0,1.0,0.9864043307396131,0,5,0.0
test,3,4,2,1,30.0,plain_ls,0.12691362686727015,30.12320606039854,1,3,2557.636806733778,2425.4480797327437,10,0.9947532526541112,15.233532849235125,15.233576601149878,6.457163363912452e-07,1.9350335046000624e-08,1.9350140106856756e-08,1.9493914386755614e-13,0.9702035319928887,0.9799135789922129,0.9925000330664046,0.9140156117358958,0.9864043307396131,0,5,50.04417628961943
test,3,4,2,1,30.0,protected_ls,0.12691362686727015,30.12320606039854,1,3,1022.1014919942904,951.2547749650057,10,0.9899480843529171,13.182725676558562,13.182752194434673,6.457163363912452e-07,3.1029101953454e-08,3.102891249137156e-08,1.8946208244186747e-13,0.9984708040330228,0.999264857245204,1.0,0.9751040831971762,0.9864043307396131,45,5,3.8704176384162254
test,3,4,2,1,30.0,tp_uic_full,0.12691362686727015,30.12320606039854,1,3,2602.016948741162,2469.0863931157264,10,0.9947850679831806,15.230391536700454,15.230433979193334,6.457163363912452e-07,1.936433647621604e-08,1.936414723441554e-08,1.8924180050143017e-13,0.9785579445535999,0.9846836448579822,0.9971467846852702,0.9186459429053455,0.9864043307396131,45,5,49.9452681283535
test,3,4,2,1,30.0,perfect_channel,0.12691362686727015,30.12320606039854,1,3,6.6365660939336255,3.1281903947051513,10,0.9948353343785857,inf,inf,6.457163363912452e-07,0.0,0.0,0.0,1.0,1.0,1.0,1.0,0.9864043307396131,0,5,nan
test,4,0,2,0,0.0,no_ic,0.037261403087517436,-2.0304393460377934,1,3,4.270677466668071,5.528454584162662,10,0.9872626922926564,0.0,0.0,3.932576986555527e-10,3.932576986555527e-10,3.932576986555527e-10,0.0,1.0,1.0,1.0,1.0,0.3121350341847271,0,5,0.0
test,4,0,2,0,0.0,plain_ls,0.037261403087517436,-2.0304393460377934,1,3,4.287157606487385,5.577360760431855,10,0.9872976155451298,15.942391504673196,15.977898097029712,3.932576986555527e-10,1.0010092321523195e-11,9.928586496900123e-12,8.150582462307349e-14,0.9999296867078177,0.9550175738756344,0.99939059754273,0.995628335091949,0.3121350341847271,0,5,17.188456471054085
test,4,0,2,0,0.0,protected_ls,0.037261403087517436,-2.0304393460377934,1,3,5.025291524461286,5.288459319949731,10,0.9858843267654747,7.614175817758337,7.618138597309945,3.932576986555527e-10,6.811764919296278e-11,6.805552265832615e-11,6.212653463663398e-14,0.9999864667238891,0.7537311005783683,1.0,0.9995560355592865,0.3121350341847271,45,5,0.6528808094858302
test,4,0,2,0,0.0,tp_uic_full,0.037261403087517436,-2.0304393460377934,1,3,4.268595625536623,5.529469176225384,10,0.9872612375515972,15.901128487257335,15.957191001709718,3.932576986555527e-10,1.0105653069235199e-11,9.976038883633157e-12,1.2961418560204197e-13,0.9999854519410618,1.907109503158958,0.9995302631243477,0.9958482050614407,0.3121350341847271,45,5,10.858897746826985
test,4,0,2,0,0.0,perfect_channel,0.037261403087517436,-2.0304393460377934,1,3,4.324672182553644,5.296425613168851,10,0.9872874822662855,inf,inf,3.932576986555527e-10,0.0,0.0,0.0,1.0,1.0,1.0,1.0,0.3121350341847271,0,5,nan
test,4,0,2,1,0.0,no_ic,0.027569932085007312,-1.9111644890324833,1,3,4.239273889634193,8.69558593378423,10,0.9872839176466047,0.0,0.0,4.0420782722647136e-10,4.0420782722647136e-10,4.0420782722647136e-10,0.0,1.0,1.0,1.0,1.0,0.30610116630364914,0,5,0.0
test,4,0,2,1,0.0,plain_ls,0.027569932085007312,-1.9111644890324833,1,3,4.168431072039152,8.652373610322403,10,0.9873009373680246,11.144161024882575,11.163771218251213,4.0420782722647136e-10,3.105908209166687e-11,3.0919153636108835e-11,1.3992845555803606e-13,0.9999135232921046,0.9547787144624393,0.9998511156042376,0.9983491931884376,0.30610116630364914,0,5,22.11047368132753
test,4,0,2,1,0.0,protected_ls,0.027569932085007312,-1.9111644890324833,1,3,4.086504010705144,8.421693609089425,10,0.9865912995220978,6.6348969343349005,6.641035096394456,4.0420782722647136e-10,8.772331311658195e-11,8.759941571654584e-11,1.2389740003609994e-13,0.9999930556846961,0.7686069251700874,1.0,0.9996895424880873,0.30610116630364914,45,5,1.7379062520962791
test,4,0,2,1,0.0,tp_uic_full,0.027569932085007312,-1.9111644890324833,1,3,4.258340143668286,8.70607259077771,10,0.9872795348858182,10.851171202417607,10.878044404298004,4.0420782722647136e-10,3.322672972848551e-11,3.3021764715206275e-11,2.0496501327923643e-13,0.9999388953409509,1.39786357816211,0.9999229871128519,0.9984836813629583,0.30610116630364914,45,5,14.609285453118087
test,4,0,2,1,0.0,perfect_channel,0.027569932085007312,-1.9111644890324833,1,3,3.4674142943512556,7.06983809852573,10,0.9872874822662855,inf,inf,4.0420782722647136e-10,0.0,0.0,0.0,1.0,1.0,1.0,1.0,0.30610116630364914,0,5,nan
test,4,2,2,0,0.0,no_ic,0.0035532638811995873,2.1281005741532604,1,3,5.818606364672831,3.5294777886187236,10,0.9931180455672468,0.0,0.0,1.0245454416334519e-09,1.0245454416334519e-09,1.0245454416334519e-09,0.0,1.0,1.0,1.0,1.0,0.4965559739199596,0,5,0.0
test,4,2,2,0,0.0,plain_ls,0.0035532638811995873,2.1281005741532604,1,3,5.820869316669266,3.52784795374574,10,0.9931181818687925,13.603874021435008,13.625157934341104,1.0245454416334519e-09,4.468315427624407e-11,4.446470670319522e-11,2.1844757304885103e-13,0.9997931698981036,0.9994740969268386,0.9998234936293736,0.9995781034473361,0.4965559739199596,0,5,23.683433689594512
test,4,2,2,0,0.0,protected_ls,0.0035532638811995873,2.1281005741532604,1,3,4.615401448668841,3.727776986816502,10,0.9860269222582984,13.270239053867716,13.291539987590744,1.0245454416334519e-09,4.8251111270969896e-11,4.801503244407199e-11,2.36078826897905e-13,0.9999813528012277,0.9992149836342998,1.0,0.999412000075102,0.4965559739199596,45,5,9.663048874565346
test,4,2,2,0,0.0,tp_uic_full,0.0035532638811995873,2.1281005741532604,1,3,5.822171696110146,3.5261639780731615,10,0.9931182877299388,13.601801946499645,13.624811762344947,1.0245454416334519e-09,4.470447827149819e-11,4.446825108388476e-11,2.362271876134236e-13,0.9998243056880882,0.9996827499949646,0.9998738137089735,0.9996144829209977,0.4965559739199596,45,5,23.651602066149326
test,4,2,2,0,0.0,perfect_channel,0.0035532638811995873,2.1281005741532604,1,3,6.037564062618913,3.5595119730106304,10,0.9931213749013184,inf,inf,1.0245454416334519e-09,0.0,0.0,0.0,1.0,1.0,1.0,1.0,0.4965559739199596,0,5,nan
test,4,2,2,1,0.0,no_ic,0.004176022383598235,2.112868911203728,1,3,8.731852456514035,2.093322997894004,10,0.9931195182918277,0.0,0.0,1.0209584292622525e-09,1.0209584292622525e-09,1.0209584292622525e-09,0.0,1.0,1.0,1.0,1.0,0.5124140869882605,0,5,0.0
test,4,2,2,1,0.0,plain_ls,0.004176022383598235,2.112868911203728,1,3,8.731528362917157,2.0912753086737146,10,0.9931196964398155,14.646884136093421,14.668902663169703,1.0209584292622525e-09,3.502028253242103e-11,3.484318066662192e-11,1.771018657991066e-13,0.9999164147690354,0.9998143462744631,0.9998912475852472,0.9993030713363978,0.5124140869882605,0,5,22.62517806841408
test,4,2,2,1,0.0,protected_ls,0.004176022383598235,2.112868911203728,1,3,8.62907857583445,2.4114829236280655,10,0.990424082763326,14.17010952389589,14.189820105903623,1.0209584292622525e-09,3.908382920189464e-11,3.890684802154292e-11,1.769811803517191e-13,0.9999912669667205,0.9998907051160978,1.0,0.9994312621275543,0.5124140869882605,45,5,9.37453554515871
test,4,2,2,1,0.0,tp_uic_full,0.004176022383598235,2.112868911203728,1,3,8.732365764880594,2.0920695560846294,10,0.9931196592731831,14.646256047893244,14.668864296400493,1.0209584292622525e-09,3.502534762483323e-11,3.4843488482224425e-11,1.8185914260880832e-13,0.9999236878351295,0.999932351882001,0.9999490735742647,0.9993418764989802,0.5124140869882605,45,5,22.59880577112344
test,4,2,2,1,0.0,perfect_channel,0.004176022383598235,2.112868911203728,1,3,8.695635770812906,2.114593375716845,10,0.9931213749013184,inf,inf,1.0209584292622525e-09,0.0,0.0,0.0,1.0,1.0,1.0,1.0,0.5124140869882605,0,5,nan
test,4,4,2,0,0.0,no_ic,0.00040797133278648026,-0.6012307462214241,1,3,3.614733165230724,2.91838878323467,10,0.9992289838832068,0.0,0.0,5.465099752476277e-10,5.465099752476277e-10,5.465099752476277e-10,0.0,1.0,1.0,1.0,1.0,0.09005528459727515,0,5,0.0
test,4,4,2,0,0.0,plain_ls,0.00040797133278648026,-0.6012307462214241,1,3,3.6146859114065806,2.9182457738468015,10,0.9992285383546743,17.579838410700507,17.66964992152458,5.465099752476277e-10,9.541447220785248e-12,9.346157625061439e-12,1.952895957238088e-13,0.9999902261958953,0.9963719416463322,0.9999956462965811,0.99998983962687,0.09005528459727515,0,5,16.97652922882013
test,4,4,2,0,0.0,protected_ls,0.00040797133278648026,-0.6012307462214241,1,3,3.6062181939777225,3.106380552550047,10,0.9991318239948962,14.215968802248533,14.254873833288674,5.465099752476277e-10,2.0701471315037743e-11,2.05168512631822e-11,1.8462005185554408e-13,0.999999114989702,0.9966125964073627,1.0,0.9999956011646624,0.09005528459727515,45,5,2.9514692128477424
test,4,4,2,0,0.0,tp_uic_full,0.00040797133278648026,-0.6012307462214241,1,3,3.614703577570594,2.9182869120805224,10,0.9992283099693786,17.58296525851902,17.66905052785795,5.465099752476277e-10,9.534580010396613e-12,9.347447628624064e-12,1.8713238177254908e-13,0.9999922149583678,0.9964293035630841,0.9999968077422724,0.9999909920543795,0.09005528459727515,45,5,16.935244157331304
test,4,4,2,0,0.0,perfect_channel,0.00040797133278648026,-0.6012307462214241,1,3,3.6581353903354406,2.9283121125119744,10,0.9992277625348112,inf,inf,5.465099752476277e-10,0.0,0.0,0.0,1.0,1.0,1.0,1.0,0.09005528459727515,0,5,nan
test,4,4,2,1,0.0,no_ic,0.0005245799114341566,-0.36253172357769586,1,3,5.951399158963757,2.222715568304241,10,0.9992301059269338,0.0,0.0,5.773883218078532e-10,5.773883218078532e-10,5.773883218078532e-10,0.0,1.0,1.0,1.0,1.0,0.09218320929196772,0,5,0.0
test,4,4,2,1,0.0,plain_ls,0.0005245799114341566,-0.36253172357769586,1,3,5.951635941063359,2.222753235006796,10,0.9992298169309498,14.34294893530339,14.423420626193222,5.773883218078532e-10,2.12409091842799e-11,2.0850954136886985e-11,3.8995504739291665e-13,0.9999899393412515,0.996776429605033,0.9999912161361255,0.9999816739488204,0.09218320929196772,0,5,20.45215041705987
test,4,4,2,1,0.0,protected_ls,0.0005245799114341566,-0.36253172357769586,1,3,5.922169027985895,2.4112233144988293,10,0.9979162308313801,12.684057054091015,12.739626989172274,5.773883218078532e-10,3.1121626781095085e-11,3.072594838892263e-11,3.956783921724571e-13,0.9999994804972245,0.995832212906929,1.0,0.99998943960118,0.09218320929196772,45,5,4.1704210421504015
test,4,4,2,1,0.0,tp_uic_full,0.0005245799114341566,-0.36253172357769586,1,3,5.951499015461422,2.22277219165649,10,0.9992291707295293,14.346622758584287,14.422977519169095,5.773883218078532e-10,2.122294847949554e-11,2.0853081650814273e-11,3.698668286812679e-13,0.9999903419644935,0.9968863976910569,0.9999931483160635,0.9999844536432778,0.09218320929196772,45,5,20.405521848388894
test,4,4,2,1,0.0,perfect_channel,0.0005245799114341566,-0.36253172357769586,1,3,5.7377578136002985,2.191621956690822,10,0.9992277625348112,inf,inf,5.773883218078532e-10,0.0,0.0,0.0,1.0,1.0,1.0,1.0,0.09218320929196772,0,5,nan
test,4,0,2,0,30.0,no_ic,0.03726140308751743,27.969560653962205,1,3,78.41731026009903,90.38897082433878,10,0.9872612842534297,0.0,0.0,3.932576986555525e-07,3.932576986555525e-07,3.932576986555525e-07,0.0,1.0,1.0,1.0,1.0,0.3121350341847271,0,5,0.0
test,4,0,2,0,30.0,plain_ls,0.03726140308751743,27.969560653962205,1,3,81.15494655233749,93.74475009819707,10,0.9872976155451307,15.977862445041797,15.977898097029717,3.932576986555525e-07,9.928668002724735e-09,9.928586496900112e-09,8.150582462307386e-14,0.9999296867078177,0.9550175738756344,0.99939059754273,0.995628335091949,0.3121350341847271,0,5,47.14620436612967
test,4,0,2,0,30.0,protected_ls,0.03726140308751743,27.969560653962205,1,3,43.63320902546507,56.11850211960265,10,0.9855132966046515,7.618134632723706,7.618138597309945,3.932576986555525e-07,6.805558478486077e-08,6.805552265832613e-08,6.21265346366328e-14,0.9999864667238891,0.7537311005783681,1.0,0.9995560355592865,0.3121350341847271,45,5,0.6629619959184998
test,4,0,2,0,30.0,tp_uic_full,0.03726140308751743,27.969560653962205,1,3,78.61024923912726,90.64862854284667,10,0.9872610296028637,15.956566467761583,15.956623723507338,3.932576986555525e-07,9.977473583637199e-09,9.977342045257391e-09,1.3153837980755442e-13,0.9999857331153043,1.9255666927257857,0.9995294254522955,0.9958431954059856,0.3121350341847271,45,5,40.75901742644377
test,4,0,2,0,30.0,perfect_channel,0.03726140308751743,27.969560653962205,1,3,4.324672182553636,5.296425613168848,10,0.9872874822662855,inf,inf,3.932576986555525e-07,0.0,0.0,0.0,1.0,1.0,1.0,1.0,0.3121350341847271,0,5,nan
test,4,0,2,1,30.0,no_ic,0.02756993208500733,28.08883551096752,1,3,532.1589391491688,564.1053994402021,10,0.9872795656796072,0.0,0.0,4.042078272264715e-07,4.042078272264715e-07,4.042078272264715e-07,0.0,1.0,1.0,1.0,1.0,0.30610116630364914,0,5,0.0
test,4,0,2,1,30.0,plain_ls,0.02756993208500733,28.08883551096752,1,3,518.1590443085968,550.6482411950294,10,0.987300937368025,11.163751563761533,11.16377121825121,4.042078272264715e-07,3.0919293564564424e-08,3.0919153636108865e-08,1.3992845555804098e-13,0.9999135232921046,0.9547787144624393,0.9998511156042376,0.9983491931884376,0.30610116630364914,0,5,52.079594679368796
test,4,0,2,1,30.0,protected_ls,0.02756993208500733,28.08883551096752,1,3,512.6304996723068,552.7930711293669,10,0.9858438123762828,6.641028953896958,6.641035096394447,4.042078272264715e-07,8.759953961394612e-08,8.759941571654608e-08,1.2389740003610516e-13,0.9999930556846961,0.7686069251700841,1.0,0.9996895424880873,0.30610116630364914,45,5,1.7453400494823212
test,4,0,2,1,30.0,tp_uic_full,0.02756993208500733,28.08883551096752,1,3,531.9762998851563,563.8885401081931,10,0.9872791259733471,10.832245620019297,10.832272741729962,4.042078272264715e-07,3.3371840336986894e-08,3.337163193033897e-08,2.084066479222975e-13,0.9999397567695758,1.4096436782237851,0.9999231529775882,0.9984846655700717,0.30610116630364914,45,5,44.55883344592688
test,4,0,2,1,30.0,perfect_channel,0.02756993208500733,28.08883551096752,1,3,3.4674142943512543,7.069838098525727,10,0.9872874822662855,inf,inf,4.042078272264715e-07,0.0,0.0,0.0,1.0,1.0,1.0,1.0,0.30610116630364914,0,5,nan
test,4,2,2,0,30.0,no_ic,0.0035532638811995865,32.12810057415326,1,3,25.388973330642017,28.16163338660661,10,0.9931180409689738,0.0,0.0,1.024545441633452e-06,1.024545441633452e-06,1.024545441633452e-06,0.0,1.0,1.0,1.0,1.0,0.4965559739199596,0,5,0.0
test,4,2,2,0,30.0,plain_ls,0.0035532638811995865,32.12810057415326,1,3,25.42297696171454,28.239117636797502,10,0.993118181868792,13.625136598241184,13.625157934341104,1.024545441633452e-06,4.446492515076825e-08,4.4464706703195206e-08,2.184475730488455e-13,0.9997931698981036,0.9994740969268389,0.9998234936293736,0.9995781034473361,0.4965559739199596,0,5,53.657468039055175
test,4,2,2,0,30.0,protected_ls,0.0035532638811995865,32.12810057415326,1,3,26.594822617740952,28.132666533305684,10,0.9795417196258402,13.291518634386431,13.291539987590742,1.024545441633452e-06,4.8015268522898925e-08,4.8015032444072025e-08,2.3607882689790156e-13,0.9999813528012277,0.9992149836343001,1.0,0.999412000075102,0.4965559739199596,45,5,9.803955319473602
test,4,2,2,0,30.0,tp_uic_full,0.0035532638811995865,32.12810057415326,1,3,25.426211076460934,28.161060594693737,10,0.99311828603103,13.62474488601254,13.624768005706871,1.024545441633452e-06,4.446893584884548e-08,4.446869911881312e-08,2.3673003236141607e-13,0.9998241566014264,0.9996833790804794,0.999873691607186,0.999614769669026,0.4965559739199596,45,5,53.623901383598145
test,4,2,2,0,30.0,perfect_channel,0.0035532638811995865,32.12810057415326,1,3,6.037564062618911,3.5595119730106344,10,0.9931213749013184,inf,inf,1.024545441633452e-06,0.0,0.0,0.0,1.0,1.0,1.0,1.0,0.4965559739199596,0,5,nan
test,4,2,2,1,30.0,no_ic,0.004176022383598262,32.112868911203726,1,3,21.255483300303066,12.862065951185883,10,0.9931195155363375,0.0,0.0,1.0209584292622525e-06,1.0209584292622525e-06,1.0209584292622525e-06,0.0,1.0,1.0,1.0,1.0,0.5124140869882605,0,5,0.0
test,4,2,2,1,30.0,plain_ls,0.004176022383598262,32.112868911203726,1,3,21.24785801324266,12.857959024959893,10,0.993119696439817,14.668880588787827,14.668902663169705,1.0209584292622525e-06,3.484335776848771e-08,3.484318066662191e-08,1.7710186579911555e-13,0.9999164147690354,0.9998143462744631,0.9998912475852472,0.9993030713363978,0.5124140869882605,0,5,52.59849237165011
test,4,2,2,1,30.0,protected_ls,0.004176022383598262,32.112868911203726,1,3,29.19000020609481,16.57143604452242,10,0.9885349891527037,14.189800350570279,14.189820105903625,1.0209584292622525e-06,3.890702500272325e-08,3.89068480215429e-08,1.769811803517288e-13,0.9999912669667205,0.9998907051160978,1.0,0.9994312621275543,0.5124140869882605,45,5,9.542756221423053
test,4,2,2,1,30.0,tp_uic_full,0.004176022383598262,32.112868911203726,1,3,21.228514547433594,12.854346081509417,10,0.99311965823493,14.66886732302042,14.668890029283311,1.0209584292622525e-06,3.4843464199631794e-08,3.484328202766719e-08,1.821719645999638e-13,0.9999236592430417,0.9999325140619507,0.9999490980309881,0.999342200392699,0.5124140869882605,45,5,52.571455427843446
test,4,2,2,1,30.0,perfect_channel,0.004176022383598262,32.112868911203726,1,3,8.69563577081289,2.114593375716846,10,0.9931213749013184,inf,inf,1.0209584292622525e-06,0.0,0.0,0.0,1.0,1.0,1.0,1.0,0.5124140869882605,0,5,nan
test,4,4,2,0,30.0,no_ic,0.00040797133278648123,29.398769253778575,1,3,3.716865337454347,3.818631051628465,10,0.9992289841425595,0.0,0.0,5.465099752476276e-07,5.465099752476276e-07,5.465099752476276e-07,0.0,1.0,1.0,1.0,1.0,0.09005528459727515,0,5,0.0
test,4,4,2,0,30.0,plain_ls,0.00040797133278648123,29.398769253778575,1,3,3.71384610126823,3.8152697725825067,10,0.9992285383546737,17.66955917588223,17.669649921524577,5.465099752476276e-07,9.346352914657162e-09,9.346157625061439e-09,1.9528959572380835e-13,0.9999902261958953,0.9963719416463322,0.9999956462965811,0.99998983962687,0.09005528459727515,0,5,46.8837125288936
test,4,4,2,0,30.0,protected_ls,0.00040797133278648123,29.398769253778575,1,3,5.724997651247331,6.487788370892723,10,0.999018412563241,14.254834753652133,14.25487383328867,5.465099752476276e-07,2.0517035883234066e-08,2.051685126318221e-08,1.8462005185554194e-13,0.999999114989702,0.9966125964073627,1.0,0.9999956011646624,0.09005528459727515,45,5,2.992483940945971
test,4,4,2,0,30.0,tp_uic_full,0.00040797133278648123,29.398769253778575,1,3,3.7161255055133156,3.818526506985945,10,0.9992283099741498,17.669111373057703,17.669198504459377,5.465099752476276e-07,9.347316670631799e-09,9.34712913966666e-09,1.875309651394229e-13,0.9999922138005236,0.9964293514390585,0.9999968073186482,0.9999909913644357,0.09005528459727515,45,5,46.84600415533163
test,4,4,2,0,30.0,perfect_channel,0.00040797133278648123,29.398769253778575,1,3,3.6581353903354374,2.928312112511976,10,0.9992277625348112,inf,inf,5.465099752476276e-07,0.0,0.0,0.0,1.0,1.0,1.0,1.0,0.09005528459727515,0,5,nan
test,4,4,2,1,30.0,no_ic,0.0005245799114341559,29.637468276422304,1,3,39.8983060474435,29.924450399862756,10,0.9992301066359807,0.0,0.0,5.773883218078532e-07,5.773883218078532e-07,5.773883218078532e-07,0.0,1.0,1.0,1.0,1.0,0.09218320929196772,0,5,0.0
test,4,4,2,1,30.0,plain_ls,0.0005245799114341559,29.637468276422304,1,3,39.92013572260256,29.929335174708953,10,0.9992298169309504,14.423339405093918,14.42342062619322,5.773883218078532e-07,2.085134409193439e-08,2.0850954136886997e-08,3.899550473929213e-13,0.9999899393412515,0.996776429605033,0.9999912161361255,0.9999816739488204,0.09218320929196772,0,5,50.36863135510228
test,4,4,2,1,30.0,protected_ls,0.0005245799114341559,29.637468276422304,1,3,46.59592707874686,40.78394975134462,10,0.9961500552479631,12.739571062554909,12.739626989172276,5.773883218078532e-07,3.0726344067314784e-08,3.072594838892261e-08,3.956783921724616e-13,0.9999994804972245,0.9958322129069288,1.0,0.99998943960118,0.09218320929196772,45,5,4.185180848382498
test,4,4,2,1,30.0,tp_uic_full,0.0005245799114341559,29.637468276422304,1,3,39.90082641659874,29.925283900950586,10,0.9992291708781442,14.422917953644994,14.422995099210652,5.773883218078532e-07,2.0853367662566125e-08,2.085299723866647e-08,3.704238996570803e-13,0.9999903417755703,0.9968866368655748,0.9999931470896672,0.9999844524152615,0.09218320929196772,45,5,50.32609949621799
test,4,4,2,1,30.0,perfect_channel,0.0005245799114341559,29.637468276422304,1,3,5.737757813600311,2.191621956690821,10,0.9992277625348112,inf,inf,5.773883218078532e-07,0.0,0.0,0.0,1.0,1.0,1.0,1.0,0.09218320929196772,0,5,nan
test,5,0,2,0,0.0,no_ic,0.04481858326802601,2.75905100071431,1,3,9.922382354012445,14.148555314858886,10,0.995159468422274,0.0,0.0,1.1847487743138012e-09,1.1847487743138012e-09,1.1847487743138012e-09,0.0,1.0,1.0,1.0,1.0,0.9449094964871503,0,5,0.0
test,5,0,2,0,0.0,plain_ls,0.04481858326802601,2.75905100071431,1,3,10.052868848608725,14.235566527171336,10,0.9951866129114598,13.583274500930429,13.615236765545905,1.1847487743138012e-09,5.191571241108615e-11,5.153503692034454e-11,3.8067549074161255e-13,0.9940356086848949,0.9828195412995313,0.9929158236053691,0.9814702196727906,0.9449094964871503,0,5,24.331702465094416
test,5,0,2,0,0.0,protected_ls,0.04481858326802601,2.75905100071431,1,3,8.435922023889047,13.301544061780222,10,0.9921545264779128,11.590302863287347,11.6083554128142,1.1847487743138012e-09,8.214780844649383e-11,8.180704900263281e-11,3.4075944386101965e-13,0.9999493106990591,0.9991829491798612,1.0,0.9952963409683406,0.9449094964871503,45,5,2.5656592324470884
test,5,0,2,0,0.0,tp_uic_full,0.04481858326802601,2.75905100071431,1,3,9.990005774742574,14.218482652193359,10,0.995155638000367,13.570020596132547,13.601370165801537,1.1847487743138012e-09,5.207439205499356e-11,5.169984624304914e-11,3.7454581194441833e-13,0.9995210576775205,1.0057857846482692,0.9980465214096413,0.9853309816290933,0.9449094964871503,45,5,23.97814693899712
test,5,0,2,0,0.0,perfect_channel,0.04481858326802601,2.75905100071431,1,3,5.1054043393393425,8.011608767780093,10,0.9952241078697452,inf,inf,1.1847487743138012e-09,0.0,0.0,0.0,1.0,1.0,1.0,1.0,0.9449094964871503,0,5,nan
test,5,0,2,1,0.0,no_ic,0.047996671644421236,2.853395848300058,1,3,12.619596370779647,14.749105520075439,10,0.9951966588936608,0.0,0.0,1.2107674942245542e-09,1.2107674942245542e-09,1.2107674942245542e-09,0.0,1.0,1.0,1.0,1.0,0.9527842671347873,0,5,0.0
test,5,0,2,1,0.0,plain_ls,0.047996671644421236,2.853395848300058,1,3,12.666277300939917,14.87928863127598,10,0.9952185676011609,14.470370000454462,14.504696502689276,1.2107674942245542e-09,4.325374870769652e-11,4.291321994589343e-11,3.4052876180309337e-13,0.9920500104122293,0.9745402722236505,0.9860874044590665,0.9796317419044215,0.9527842671347873,0,5,23.538952435564326
test,5,0,2,1,0.0,protected_ls,0.047996671644421236,2.853395848300058,1,3,14.31859057602839,15.077771794962146,10,0.9928630824969598,12.585996678661573,12.605737857923533,1.2107674942245542e-09,6.675150854725505e-11,6.644877316596922e-11,3.0273538128582397e-13,0.9999319942161895,0.998735553393854,1.0,0.9936928730583761,0.9527842671347873,45,5,1.5832996308215996
test,5,0,2,1,0.0,tp_uic_full,0.047996671644421236,2.853395848300058,1,3,12.622036051022755,14.71055870743385,10,0.9951733628712963,14.435249388353741,14.466965399951379,1.2107674942245542e-09,4.36049521240608e-11,4.328767026965227e-11,3.1728185440852844e-13,0.9990474535521439,0.9976069772649784,0.9948602395421103,0.9873871867643886,0.9527842671347873,45,5,23.1625998003911
test,5,0,2,1,0.0,perfect_channel,0.047996671644421236,2.853395848300058,1,3,6.85887426723424,12.757613188137444,10,0.9952241078697452,inf,inf,1.2107674942245542e-09,0.0,0.0,0.0,1.0,1.0,1.0,1.0,0.9527842671347873,0,5,nan
test,5,2,2,0,0.0,no_ic,0.1087197398254755,-2.2901944751184633,1,3,11.733125979366411,27.00656419520999,10,0.9999303778526313,0.0,0.0,3.704262204959856e-10,3.704262204959856e-10,3.704262204959856e-10,0.0,1.0,1.0,1.0,1.0,0.9641584360532853,0,5,0.0
test,5,2,2,0,0.0,plain_ls,0.1087197398254755,-2.2901944751184633,1,3,11.778136134064972,27.061997270624634,10,0.9999303301914492,12.304703178147998,12.359895946503087,3.704262204959856e-10,2.178870418317886e-11,2.1513552259490106e-11,2.751519236887526e-13,0.9592453680397403,0.9661800202555889,0.950296341764754,0.8667892070629925,0.9641584360532853,0,5,20.562387296347136
test,5,2,2,0,0.0,protected_ls,0.1087197398254755,-2.2901944751184633,1,3,16.76445179791837,18.539939830010074,10,0.9841289767459778,9.56999225811571,9.595154870782777,3.704262204959856e-10,4.0898039936276515e-11,4.0661765686597335e-11,2.362742496791781e-13,0.9988565667934826,0.9989883409007043,1.0,0.8682059409033797,0.9641584360532853,45,5,4.117695338757265
test,5,2,2,0,0.0,tp_uic_full,0.1087197398254755,-2.2901944751184633,1,3,11.89639207882301,27.615613842824157,10,0.9999452249277148,12.304472784782309,12.356737359189157,3.704262204959856e-10,2.178986010531398e-11,2.152920457668174e-11,2.606555286322388e-13,0.9974125599037538,0.9979975041162253,0.9909103794865564,0.8703855124081783,0.9641584360532853,45,5,20.41529931944315
test,5,2,2,0,0.0,perfect_channel,0.1087197398254755,-2.2901944751184633,1,3,3.535943639307012,12.34623171892224,10,0.9999721290851709,inf,inf,3.704262204959856e-10,0.0,0.0,0.0,1.0,1.0,1.0,1.0,0.9641584360532853,0,5,nan
test,5,2,2,1,0.0,no_ic,0.11048916563682136,-2.34233259829743,1,3,4.321517348877984,12.711909140043018,10,0.9999563335210485,0.0,0.0,3.660057499126014e-10,3.660057499126014e-10,3.660057499126014e-10,0.0,1.0,1.0,1.0,1.0,0.9633319451880875,0,5,0.0
test,5,2,2,1,0.0,plain_ls,0.11048916563682136,-2.34233259829743,1,3,4.326196276541256,12.717644064013836,10,0.9999563085244585,9.687638110503638,9.715037365714705,3.660057499126014e-10,3.9330013648349963e-11,3.908266513699847e-11,2.473485113514907e-13,0.9681879632488432,0.9759692025417321,0.9441412699451256,0.8537784533572343,0.9633319451880875,0,5,23.127314804182994
test,5,2,2,1,0.0,protected_ls,0.11048916563682136,-2.34233259829743,1,3,6.707419659542102,4.111615035844631,10,0.9960394103947455,8.941640123531084,8.965296541364257,3.660057499126014e-10,4.670075436103796e-11,4.644706264691145e-11,2.536917141265103e-13,0.9991992829416685,0.999320667385386,1.0000000000000002,0.855041461877607,0.9633319451880875,45,5,5.504425499475327
test,5,2,2,1,0.0,tp_uic_full,0.11048916563682136,-2.34233259829743,1,3,4.432481883941314,12.982312936493834,10,0.9999616979616861,9.683289816890543,9.711527741276498,3.660057499126014e-10,3.936941182111004e-11,3.911426142027379e-11,2.551504008362554e-13,0.9997463681744891,0.999566262306219,0.9894197162070221,0.8566304957313778,0.9633319451880875,45,5,23.000700781067003
test,5,2,2,1,0.0,perfect_channel,0.11048916563682136,-2.34233259829743,1,3,3.4693059921294216,6.285549225134463,10,0.9999721290851709,inf,inf,3.660057499126014e-10,0.0,0.0,0.0,1.0,1.0,1.0,1.0,0.9633319451880875,0,5,nan
test,5,4,2,0,0.0,no_ic,0.0240219113292692,7.329830390216077,1,3,6.343284700134849,3.2027634921101247,10,0.9987490351269879,0.0,0.0,3.393940364765462e-09,3.393940364765462e-09,3.393940364765462e-09,0.0,1.0,1.0,1.0,1.0,0.9120045776850926,0,5,0.0
test,5,4,2,0,0.0,plain_ls,0.0240219113292692,7.329830390216077,1,3,6.341383323300558,3.2021326408503255,10,0.9987499296729229,12.54537528410711,12.550126071908156,3.393940364765462e-09,1.888716083538531e-10,1.886651129059843e-10,2.0649544786878387e-13,0.9984527216578224,0.998446874028658,0.9992562409720334,0.9854742007719655,0.9120045776850926,0,5,29.939964297775727
test,5,4,2,0,0.0,protected_ls,0.0240219113292692,7.329830390216077,1,3,5.493802478591961,2.336341500872459,10,0.9884815128792441,12.26783070747552,12.272956113731697,3.393940364765462e-09,2.0133586099864012e-10,2.0109839093177426e-10,2.3747006686585784e-13,0.999974403287214,0.9998470195038273,1.0,0.9929774864857707,0.9120045776850926,45,5,12.851955813253891
test,5,4,2,0,0.0,tp_uic_full,0.0240219113292692,7.329830390216077,1,3,6.347134397321616,3.205237799592803,10,0.9987510662629027,12.544934115172232,12.550081709373604,3.393940364765462e-09,1.8889079545432588e-10,1.886670401018587e-10,2.2375535246718996e-13,0.9996751671480796,0.9991755083091143,1.0002419900995057,0.9861077467254058,0.9120045776850926,45,5,29.921195478566016
test,5,4,2,0,0.0,perfect_channel,0.0240219113292692,7.329830390216077,1,3,4.918197580484418,5.38041555547507,10,0.998758386818195,inf,inf,3.393940364765462e-09,0.0,0.0,0.0,1.0,1.0,1.0,1.0,0.9120045776850926,0,5,nan
test,5,4,2,1,0.0,no_ic,0.030494292243972387,7.134207354545362,1,3,9.068778685378643,6.61087540481236,10,0.9987484049943853,0.0,0.0,3.244456109409116e-09,3.244456109409116e-09,3.244456109409116e-09,0.0,1.0,1.0,1.0,1.0,0.8976834571415704,0,5,0.0
test,5,4,2,1,0.0,plain_ls,0.030494292243972387,7.134207354545362,1,3,9.071585487518021,6.615643153493337,10,0.9987498010905734,14.712178781079128,14.718101201127347,3.244456109409116e-09,1.0962863971013056e-10,1.0947924238106067e-10,1.4939732906989067e-13,0.9978241042243604,0.9986206046373691,0.9988305522696468,0.9828518756241519,0.8976834571415704,0,5,27.57753854965504
test,5,4,2,1,0.0,protected_ls,0.030494292243972387,7.134207354545362,1,3,9.896378434092506,5.3447615034676925,10,0.9844019856999547,14.407742569451301,14.41393132726895,3.244456109409116e-09,1.1758925707257914e-10,1.174218100529426e-10,1.6744701963653418e-13,0.9999691325311209,0.9998995309916954,1.0,0.9929930738671267,0.8976834571415704,45,5,9.84219107645832
test,5,4,2,1,0.0,tp_uic_full,0.030494292243972387,7.134207354545362,1,3,9.096038821886001,6.630600369112178,10,0.9987497767094738,14.711756206022969,14.71806514682838,3.244456109409116e-09,1.0963930726046713e-10,1.0948015126060773e-10,1.5915599985940397e-13,0.9994507907632495,0.9994087033850458,1.0002715598547112,0.9836920370192395,0.8976834571415704,45,5,27.555493637140238
test,5,4,2,1,0.0,perfect_channel,0.030494292243972387,7.134207354545362,1,3,4.260614143560571,7.576013828501027,10,0.998758386818195,inf,inf,3.244456109409116e-09,0.0,0.0,0.0,1.0,1.0,1.0,1.0,0.8976834571415704,0,5,nan
test,5,0,2,0,30.0,no_ic,0.044818583268025756,32.759051000714315,1,3,3449.8330039200414,3498.1034068200806,10,0.9951593960419649,0.0,0.0,1.184748774313802e-06,1.184748774313802e-06,1.184748774313802e-06,0.0,1.0,1.0,1.0,1.0,0.9449094964871503,0,5,0.0
test,5,0,2,0,30.0,plain_ls,0.044818583268025756,32.759051000714315,1,3,3549.454872123127,3596.213366362653,10,0.9951866129114596,13.615204685496234,13.615236765545905,1.184748774313802e-06,5.15354175958353e-08,5.153503692034456e-08,3.806754907416201e-13,0.9940356086848949,0.9828195412995313,0.9929158236053691,0.9814702196727906,0.9449094964871503,0,5,54.29834709200969
test,5,0,2,0,30.0,protected_ls,0.044818583268025756,32.759051000714315,1,3,4733.043888582681,4759.357449420036,10,0.992028194658334,11.608337322730314,11.608355412814202,1.184748774313802e-06,8.180738976207669e-08,8.180704900263282e-08,3.407594438610272e-13,0.9999493106990592,0.9991829491798612,1.0,0.9952963409683406,0.9449094964871503,45,5,2.5659196627812224
test,5,0,2,0,30.0,tp_uic_full,0.044818583268025756,32.759051000714315,1,3,3490.343850569031,3538.6013842898656,10,0.9951556105060567,13.600994321925715,13.601025805262065,1.184748774313802e-06,5.1704320606003323e-08,5.170394578691536e-08,3.748190879589873e-13,0.9995216791843223,1.0057961377996885,0.9980460531316284,0.9853239067725575,0.9449094964871503,45,5,53.945480488370414
test,5,0,2,0,30.0,perfect_channel,0.044818583268025756,32.759051000714315,1,3,5.105404339339348,8.01160876778011,10,0.9952241078697452,inf,inf,1.184748774313802e-06,0.0,0.0,0.0,1.0,1.0,1.0,1.0,0.9449094964871503,0,5,nan
test,5,0,2,1,30.0,no_ic,0.04799667164442125,32.85339584830006,1,3,3761.60679258013,3675.4665576803627,10,0.995196617609115,0.0,0.0,1.2107674942245547e-06,1.2107674942245547e-06,1.2107674942245547e-06,0.0,1.0,1.0,1.0,1.0,0.9527842671347873,0,5,0.0
test,5,0,2,1,30.0,plain_ls,0.04799667164442125,32.85339584830006,1,3,3809.649844809211,3726.7023818540015,10,0.9952185676011609,14.50466204030785,14.504696502689278,1.2107674942245547e-06,4.291356047465523e-08,4.291321994589343e-08,3.405287618030844e-13,0.9920500104122294,0.9745402722236505,0.9860874044590665,0.9796317419044216,0.9527842671347873,0,5,53.50323458540832
test,5,0,2,1,30.0,protected_ls,0.04799667164442125,32.85339584830006,1,3,5051.235300352687,5020.749650741126,10,0.9926810723924193,12.605718071853786,12.605737857923538,1.2107674942245547e-06,6.644907590135049e-08,6.644877316596921e-08,3.02735381285815e-13,0.9999319942161895,0.998735553393854,1.0,0.9936928730583761,0.9527842671347873,45,5,1.5815343291868489
test,5,0,2,1,30.0,tp_uic_full,0.04799667164442125,32.85339584830006,1,3,3749.0426077492943,3660.8416242032995,10,0.99517333809642,14.466126180259106,14.466158024497659,1.2107674942245547e-06,4.329603587801605e-08,4.3295718415027776e-08,3.1746298827509126e-13,0.999047518506791,0.9976108056168078,0.994857038162653,0.9873801978100105,0.9527842671347873,45,5,53.12998670893449
test,5,0,2,1,30.0,perfect_channel,0.04799667164442125,32.85339584830006,1,3,6.8588742672342216,12.757613188137451,10,0.9952241078697452,inf,inf,1.2107674942245547e-06,0.0,0.0,0.0,1.0,1.0,1.0,1.0,0.9527842671347873,0,5,nan
test,5,2,2,0,30.0,no_ic,0.10871973982547553,27.70980552488154,1,3,7076.944933377211,7254.42228505261,10,0.9999303360152632,0.0,0.0,3.704262204959855e-07,3.704262204959855e-07,3.704262204959855e-07,0.0,1.0,1.0,1.0,1.0,0.9641584360532853,0,5,0.0
test,5,2,2,0,30.0,plain_ls,0.10871973982547553,27.70980552488154,1,3,7076.9867808548315,7254.46448829101,10,0.9999303301914492,12.359840401887983,12.35989594650309,3.704262204959855e-07,2.1513827411413777e-08,2.1513552259490088e-08,2.751519236887512e-13,0.9592453680397403,0.9661800202555889,0.9502963417647541,0.8667892070629925,0.9641584360532853,0,5,50.504467259534465
test,5,2,2,0,30.0,protected_ls,0.10871973982547553,27.70980552488154,1,3,7155.956051717269,7019.426492367892,10,0.983372775035185,9.59512963520754,9.595154870782777,3.704262204959855e-07,4.0662001960847e-08,4.066176568659732e-08,2.3627424967917715e-13,0.9988565667934826,0.9989883409007041,1.0000000000000002,0.8682059409033797,0.9641584360532853,45,5,4.14528457257614
test,5,2,2,0,30.0,tp_uic_full,0.10871973982547553,27.70980552488154,1,3,7248.243709914331,7436.076735420648,10,0.9999452144937632,12.356379912471384,12.356432556258682,3.704262204959855e-07,2.1530976613981998e-08,2.1530715623955513e-08,2.609900264858273e-13,0.997412444134765,0.9979977447986347,0.9909062794318992,0.8703869298163058,0.9641584360532853,45,5,50.36052886229635
test,5,2,2,0,30.0,perfect_channel,0.10871973982547553,27.70980552488154,1,3,3.5359436393070203,12.346231718922388,10,0.9999721290851709,inf,inf,3.704262204959855e-07,0.0,0.0,0.0,1.0,1.0,1.0,1.0,0.9641584360532853,0,5,nan
test,5,2,2,1,30.0,no_ic,0.11048916563682125,27.657667401702568,1,3,5384.4470661218475,5588.790252863214,10,0.9999563156311798,0.0,0.0,3.660057499126012e-07,3.660057499126012e-07,3.660057499126012e-07,0.0,1.0,1.0,1.0,1.0,0.9633319451880875,0,5,0.0
test,5,2,2,1,30.0,plain_ls,0.11048916563682125,27.657667401702568,1,3,5384.456169885557,5588.799256649439,10,0.9999563085244585,9.715009879934684,9.715037365714704,3.660057499126012e-07,3.908291248550982e-08,3.908266513699847e-08,2.4734851135148345e-13,0.9681879632488434,0.9759692025417319,0.9441412699451256,0.8537784533572345,0.9633319451880875,0,5,53.09715965886923
test,5,2,2,1,30.0,protected_ls,0.11048916563682125,27.657667401702568,1,3,5647.591916987399,5577.234742477203,10,0.9961590019440134,8.965272820464724,8.965296541364257,3.660057499126012e-07,4.644731633862557e-08,4.644706264691144e-08,2.5369171412650333e-13,0.9991992829416685,0.999320667385386,1.0000000000000002,0.855041461877607,0.9633319451880875,45,5,5.544417606828414
test,5,2,2,1,30.0,tp_uic_full,0.11048916563682125,27.657667401702568,1,3,5620.786928380832,5828.883678748061,10,0.9999616934580108,9.711469410829961,9.711497770616884,3.660057499126012e-07,3.911478677064123e-08,3.911453134869998e-08,2.5542194124797105e-13,0.9997477010855068,0.9995671758039629,0.9894128028347647,0.8566316725794966,0.9633319451880875,45,5,52.96965017780711
test,5,2,2,1,30.0,perfect_channel,0.11048916563682125,27.657667401702568,1,3,3.4693059921293887,6.28554922513456,10,0.9999721290851709,inf,inf,3.660057499126012e-07,0.0,0.0,0.0,1.0,1.0,1.0,1.0,0.9633319451880875,0,5,nan
test,5,4,2,0,30.0,no_ic,0.024021911329269226,37.329830390216074,1,3,5973.5039141286725,5855.234457292261,10,0.9987490269611125,0.0,0.0,3.393940364765462e-06,3.393940364765462e-06,3.393940364765462e-06,0.0,1.0,1.0,1.0,1.0,0.9120045776850926,0,5,0.0
test,5,4,2,0,30.0,plain_ls,0.024021911329269226,37.329830390216074,1,3,5973.261578925329,5854.9928347192645,10,0.9987499296729226,12.550121318523544,12.550126071908156,3.393940364765462e-06,1.886653194014322e-07,1.8866511290598433e-07,2.0649544786879758e-13,0.9984527216578224,0.998446874028658,0.9992562409720334,0.9854742007719655,0.9120045776850926,0,5,59.93420943140527
test,5,4,2,0,30.0,protected_ls,0.024021911329269226,37.329830390216074,1,3,5456.163116450268,5349.925821430139,10,0.9875379132068786,12.272950985302858,12.272956113731697,3.393940364765462e-06,2.010986284018412e-07,2.0109839093177434e-07,2.3747006686587243e-13,0.999974403287214,0.9998470195038273,1.0,0.9929774864857709,0.9120045776850926,45,5,12.927151549320717
test,5,4,2,0,30.0,tp_uic_full,0.024021911329269226,37.329830390216074,1,3,5982.049069555974,5863.469510643043,10,0.9987510631688695,12.550083989820802,12.550089143170648,3.393940364765462e-06,1.8866694103426103e-07,1.8866671716170093e-07,2.23872560100469e-13,0.9996752160964757,0.9991753500613392,1.0002424549423152,0.9861052334821393,0.9120045776850926,45,5,59.91502609463883
test,5,4,2,0,30.0,perfect_channel,0.024021911329269226,37.329830390216074,1,3,4.918197580484424,5.3804155554751425,10,0.998758386818195,inf,inf,3.393940364765462e-06,0.0,0.0,0.0,1.0,1.0,1.0,1.0,0.9120045776850926,0,5,nan
test,5,4,2,1,30.0,no_ic,0.030494292243972446,37.13420735454537,1,3,2418.5024730634727,2237.9525037736926,10,0.9987483967299616,0.0,0.0,3.244456109409117e-06,3.244456109409117e-06,3.244456109409117e-06,0.0,1.0,1.0,1.0,1.0,0.8976834571415704,0,5,0.0
test,5,4,2,1,30.0,plain_ls,0.030494292243972446,37.13420735454537,1,3,2418.246722374768,2237.7323783680586,10,0.9987498010905734,14.718095274671343,14.718101201127352,3.244456109409117e-06,1.0947939177838969e-07,1.0947924238106062e-07,1.4939732906990032e-13,0.9978241042243604,0.9986206046373691,0.9988305522696468,0.9828518756241519,0.8976834571415704,0,5,57.57061244037173
test,5,4,2,1,30.0,protected_ls,0.030494292243972446,37.13420735454537,1,3,2414.247518115608,2211.5859731408395,10,0.9828257165336023,14.413925134103923,14.413931327268955,3.244456109409117e-06,1.1742197749996215e-07,1.1742181005294251e-07,1.6744701963654385e-13,0.9999691325311209,0.9998995309916954,1.0,0.9929930738671267,0.8976834571415704,45,5,9.904683460623174
test,5,4,2,1,30.0,tp_uic_full,0.030494292243972446,37.13420735454537,1,3,2429.501328430525,2248.200225483416,10,0.9987497729972346,14.71804387542144,14.718050192597492,3.244456109409117e-06,1.0948068748721191e-07,1.0948052823852173e-07,1.5924869018358583e-13,0.9994507313191349,0.9994087556951915,1.0002721535255839,0.9836888850339549,0.8976834571415704,45,5,57.548183057018825
test,5,4,2,1,30.0,perfect_channel,0.030494292243972446,37.13420735454537,1,3,4.260614143560565,7.576013828501,10,0.998758386818195,inf,inf,3.244456109409117e-06,0.0,0.0,0.0,1.0,1.0,1.0,1.0,0.8976834571415704,0,5,nan
