trial,budget,method,pd,pfa,reports,observations,bits,delay_ms,detected_per_target,capture,seconds_two_methods
0,0,proposed_c2f_adaptive_pd,1.0,0.06,0,10,0.0,0.0,"[1, 1, 1, 1, 1, 1, 1, 1, 1, 1]",1.0,1.3253121000016108
0,0,sense_sinr_budgeted,1.0,0.06,0,60,0.0,0.0,"[1, 1, 1, 1, 1, 1, 1, 1, 1, 1]",0.9833333333333333,1.3253323000390083
1,0,proposed_c2f_adaptive_pd,0.9,0.06333333333333334,0,30,0.0,0.0,"[1, 1, 1, 1, 0, 1, 1, 1, 1, 1]",1.0,2.749715599929914
1,0,sense_sinr_budgeted,0.9,0.04,0,60,0.0,0.0,"[1, 1, 1, 1, 0, 1, 1, 1, 1, 1]",1.0,2.7497362999711186
2,0,proposed_c2f_adaptive_pd,1.0,0.06333333333333334,0,10,0.0,0.0,"[1, 1, 1, 1, 1, 1, 1, 1, 1, 1]",1.0,1.3502208999125287
2,0,sense_sinr_budgeted,1.0,0.07,0,60,0.0,0.0,"[1, 1, 1, 1, 1, 1, 1, 1, 1, 1]",1.0,1.350241499952972
3,0,proposed_c2f_adaptive_pd,1.0,0.07666666666666666,0,23,0.0,0.0,"[1, 1, 1, 1, 1, 1, 1, 1, 1, 1]",1.0,2.072229199926369
3,0,sense_sinr_budgeted,1.0,0.04666666666666667,0,60,0.0,0.0,"[1, 1, 1, 1, 1, 1, 1, 1, 1, 1]",1.0,2.0722502999706194
4,0,proposed_c2f_adaptive_pd,1.0,0.05,0,10,0.0,0.0,"[1, 1, 1, 1, 1, 1, 1, 1, 1, 1]",1.0,1.1648219999624416
4,0,sense_sinr_budgeted,1.0,0.03666666666666667,0,60,0.0,0.0,"[1, 1, 1, 1, 1, 1, 1, 1, 1, 1]",1.0,1.164842400001362
5,0,proposed_c2f_adaptive_pd,1.0,0.04666666666666667,0,13,0.0,0.0,"[1, 1, 1, 1, 1, 1, 1, 1, 1, 1]",1.0,1.5494563999818638
5,0,sense_sinr_budgeted,1.0,0.05,0,60,0.0,0.0,"[1, 1, 1, 1, 1, 1, 1, 1, 1, 1]",1.0,1.549478599918075
6,0,proposed_c2f_adaptive_pd,1.0,0.06,0,11,0.0,0.0,"[1, 1, 1, 1, 1, 1, 1, 1, 1, 1]",1.0,1.1776938999537379
6,0,sense_sinr_budgeted,1.0,0.056666666666666664,0,60,0.0,0.0,"[1, 1, 1, 1, 1, 1, 1, 1, 1, 1]",1.0,1.17771580000408
7,0,proposed_c2f_adaptive_pd,1.0,0.07666666666666666,0,15,0.0,0.0,"[1, 1, 1, 1, 1, 1, 1, 1, 1, 1]",1.0,1.4432192000094801
7,0,sense_sinr_budgeted,1.0,0.06,0,60,0.0,0.0,"[1, 1, 1, 1, 1, 1, 1, 1, 1, 1]",1.0,1.4432425999548286
8,0,proposed_c2f_adaptive_pd,0.9,0.06333333333333334,0,10,0.0,0.0,"[0, 1, 1, 1, 1, 1, 1, 1, 1, 1]",1.0,1.2065073000267148
8,0,sense_sinr_budgeted,1.0,0.04666666666666667,0,60,0.0,0.0,"[1, 1, 1, 1, 1, 1, 1, 1, 1, 1]",1.0,1.2065296999644488
9,0,proposed_c2f_adaptive_pd,1.0,0.043333333333333335,0,16,0.0,0.0,"[1, 1, 1, 1, 1, 1, 1, 1, 1, 1]",1.0,1.5865001999773085
9,0,sense_sinr_budgeted,1.0,0.06333333333333334,0,60,0.0,0.0,"[1, 1, 1, 1, 1, 1, 1, 1, 1, 1]",1.0,1.586522200028412
10,0,proposed_c2f_adaptive_pd,1.0,0.06,0,12,0.0,0.0,"[1, 1, 1, 1, 1, 1, 1, 1, 1, 1]",1.0,1.3869728000136092
10,0,sense_sinr_budgeted,1.0,0.03666666666666667,0,60,0.0,0.0,"[1, 1, 1, 1, 1, 1, 1, 1, 1, 1]",1.0,1.3869990999810398
11,0,proposed_c2f_adaptive_pd,0.8,0.05333333333333334,0,11,0.0,0.0,"[1, 1, 1, 1, 1, 0, 1, 1, 0, 1]",0.9090909090909091,1.1847856999374926
11,0,sense_sinr_budgeted,0.9,0.05333333333333334,0,60,0.0,0.0,"[1, 1, 1, 1, 1, 0, 1, 1, 1, 1]",0.9833333333333333,1.184807199984789
12,0,proposed_c2f_adaptive_pd,0.9,0.05,0,11,0.0,0.0,"[1, 1, 1, 1, 1, 1, 1, 0, 1, 1]",0.9090909090909091,1.242317600059323
12,0,sense_sinr_budgeted,1.0,0.03,0,60,0.0,0.0,"[1, 1, 1, 1, 1, 1, 1, 1, 1, 1]",0.9833333333333333,1.2423444000305608
13,0,proposed_c2f_adaptive_pd,1.0,0.05333333333333334,0,10,0.0,0.0,"[1, 1, 1, 1, 1, 1, 1, 1, 1, 1]",1.0,1.3399064000695944
13,0,sense_sinr_budgeted,1.0,0.02666666666666667,0,60,0.0,0.0,"[1, 1, 1, 1, 1, 1, 1, 1, 1, 1]",1.0,1.3399300000164658
14,0,proposed_c2f_adaptive_pd,0.9,0.05,0,10,0.0,0.0,"[1, 1, 1, 1, 1, 0, 1, 1, 1, 1]",1.0,1.011360100004822
14,0,sense_sinr_budgeted,1.0,0.05,0,60,0.0,0.0,"[1, 1, 1, 1, 1, 1, 1, 1, 1, 1]",1.0,1.011380499927327
15,0,proposed_c2f_adaptive_pd,1.0,0.05,0,14,0.0,0.0,"[1, 1, 1, 1, 1, 1, 1, 1, 1, 1]",1.0,1.820568000082858
15,0,sense_sinr_budgeted,1.0,0.043333333333333335,0,60,0.0,0.0,"[1, 1, 1, 1, 1, 1, 1, 1, 1, 1]",1.0,1.8205868999939412
16,0,proposed_c2f_adaptive_pd,1.0,0.043333333333333335,0,10,0.0,0.0,"[1, 1, 1, 1, 1, 1, 1, 1, 1, 1]",1.0,1.1492210000287741
16,0,sense_sinr_budgeted,1.0,0.056666666666666664,0,60,0.0,0.0,"[1, 1, 1, 1, 1, 1, 1, 1, 1, 1]",1.0,1.149245300097391
17,0,proposed_c2f_adaptive_pd,1.0,0.04,0,10,0.0,0.0,"[1, 1, 1, 1, 1, 1, 1, 1, 1, 1]",1.0,1.2212475999258459
17,0,sense_sinr_budgeted,1.0,0.04666666666666667,0,60,0.0,0.0,"[1, 1, 1, 1, 1, 1, 1, 1, 1, 1]",1.0,1.2213019999908283
18,0,proposed_c2f_adaptive_pd,1.0,0.07333333333333333,0,11,0.0,0.0,"[1, 1, 1, 1, 1, 1, 1, 1, 1, 1]",1.0,1.5751756000099704
18,0,sense_sinr_budgeted,1.0,0.06,0,60,0.0,0.0,"[1, 1, 1, 1, 1, 1, 1, 1, 1, 1]",1.0,1.575215700082481
19,0,proposed_c2f_adaptive_pd,1.0,0.06,0,11,0.0,0.0,"[1, 1, 1, 1, 1, 1, 1, 1, 1, 1]",1.0,1.4030068999854848
19,0,sense_sinr_budgeted,1.0,0.06666666666666667,0,60,0.0,0.0,"[1, 1, 1, 1, 1, 1, 1, 1, 1, 1]",1.0,1.4030258000129834
20,0,proposed_c2f_adaptive_pd,1.0,0.03666666666666667,0,10,0.0,0.0,"[1, 1, 1, 1, 1, 1, 1, 1, 1, 1]",1.0,1.220843099988997
20,0,sense_sinr_budgeted,1.0,0.056666666666666664,0,60,0.0,0.0,"[1, 1, 1, 1, 1, 1, 1, 1, 1, 1]",1.0,1.2208820999367163
21,0,proposed_c2f_adaptive_pd,1.0,0.06666666666666667,0,16,0.0,0.0,"[1, 1, 1, 1, 1, 1, 1, 1, 1, 1]",1.0,1.7861830999609083
21,0,sense_sinr_budgeted,1.0,0.04,0,60,0.0,0.0,"[1, 1, 1, 1, 1, 1, 1, 1, 1, 1]",1.0,1.786201999988407
22,0,proposed_c2f_adaptive_pd,1.0,0.06333333333333334,0,10,0.0,0.0,"[1, 1, 1, 1, 1, 1, 1, 1, 1, 1]",1.0,1.399201299995184
22,0,sense_sinr_budgeted,1.0,0.04666666666666667,0,60,0.0,0.0,"[1, 1, 1, 1, 1, 1, 1, 1, 1, 1]",1.0,1.3992202000226825
23,0,proposed_c2f_adaptive_pd,1.0,0.03333333333333333,0,10,0.0,0.0,"[1, 1, 1, 1, 1, 1, 1, 1, 1, 1]",1.0,1.492145200027153
23,0,sense_sinr_budgeted,1.0,0.04,0,60,0.0,0.0,"[1, 1, 1, 1, 1, 1, 1, 1, 1, 1]",1.0,1.49216400005389
24,0,proposed_c2f_adaptive_pd,1.0,0.04,0,10,0.0,0.0,"[1, 1, 1, 1, 1, 1, 1, 1, 1, 1]",1.0,1.2957816000562161
24,0,sense_sinr_budgeted,1.0,0.06,0,60,0.0,0.0,"[1, 1, 1, 1, 1, 1, 1, 1, 1, 1]",0.9833333333333333,1.295819599996321
25,0,proposed_c2f_adaptive_pd,0.9,0.06,0,15,0.0,0.0,"[1, 1, 1, 1, 1, 1, 0, 1, 1, 1]",1.0,1.6883985000895336
25,0,sense_sinr_budgeted,0.9,0.04666666666666667,0,60,0.0,0.0,"[1, 1, 1, 1, 1, 1, 0, 1, 1, 1]",1.0,1.6884165999945253
26,0,proposed_c2f_adaptive_pd,0.9,0.06,0,10,0.0,0.0,"[1, 1, 1, 1, 1, 1, 1, 1, 0, 1]",1.0,1.3648798000067472
26,0,sense_sinr_budgeted,1.0,0.07,0,60,0.0,0.0,"[1, 1, 1, 1, 1, 1, 1, 1, 1, 1]",1.0,1.3649174000602216
27,0,proposed_c2f_adaptive_pd,1.0,0.03333333333333333,0,10,0.0,0.0,"[1, 1, 1, 1, 1, 1, 1, 1, 1, 1]",1.0,1.4251935000065714
27,0,sense_sinr_budgeted,1.0,0.08,0,60,0.0,0.0,"[1, 1, 1, 1, 1, 1, 1, 1, 1, 1]",1.0,1.42521240003407
28,0,proposed_c2f_adaptive_pd,1.0,0.043333333333333335,0,11,0.0,0.0,"[1, 1, 1, 1, 1, 1, 1, 1, 1, 1]",1.0,1.5184267000295222
28,0,sense_sinr_budgeted,1.0,0.043333333333333335,0,60,0.0,0.0,"[1, 1, 1, 1, 1, 1, 1, 1, 1, 1]",0.9833333333333333,1.5184454000554979
29,0,proposed_c2f_adaptive_pd,0.9,0.043333333333333335,0,20,0.0,0.0,"[1, 1, 1, 1, 1, 1, 1, 1, 0, 1]",1.0,1.9423291999846697
29,0,sense_sinr_budgeted,0.9,0.056666666666666664,0,60,0.0,0.0,"[1, 1, 1, 1, 1, 1, 1, 1, 0, 1]",1.0,1.9423477000091225
30,0,proposed_c2f_adaptive_pd,1.0,0.03666666666666667,0,11,0.0,0.0,"[1, 1, 1, 1, 1, 1, 1, 1, 1, 1]",1.0,1.4721677000634372
30,0,sense_sinr_budgeted,1.0,0.043333333333333335,0,60,0.0,0.0,"[1, 1, 1, 1, 1, 1, 1, 1, 1, 1]",1.0,1.472207900020294
31,0,proposed_c2f_adaptive_pd,1.0,0.06333333333333334,0,10,0.0,0.0,"[1, 1, 1, 1, 1, 1, 1, 1, 1, 1]",1.0,1.3382206000387669
31,0,sense_sinr_budgeted,1.0,0.06,0,60,0.0,0.0,"[1, 1, 1, 1, 1, 1, 1, 1, 1, 1]",0.9666666666666667,1.3382390000624582
32,0,proposed_c2f_adaptive_pd,0.8,0.04666666666666667,0,10,0.0,0.0,"[1, 1, 1, 1, 0, 1, 0, 1, 1, 1]",1.0,1.2865255000069737
32,0,sense_sinr_budgeted,1.0,0.04,0,60,0.0,0.0,"[1, 1, 1, 1, 1, 1, 1, 1, 1, 1]",1.0,1.2865440999157727
33,0,proposed_c2f_adaptive_pd,1.0,0.06333333333333334,0,15,0.0,0.0,"[1, 1, 1, 1, 1, 1, 1, 1, 1, 1]",1.0,1.6772382999770343
33,0,sense_sinr_budgeted,1.0,0.06,0,60,0.0,0.0,"[1, 1, 1, 1, 1, 1, 1, 1, 1, 1]",1.0,1.6772571000037715
34,0,proposed_c2f_adaptive_pd,1.0,0.03666666666666667,0,18,0.0,0.0,"[1, 1, 1, 1, 1, 1, 1, 1, 1, 1]",1.0,1.9026775999227539
34,0,sense_sinr_budgeted,1.0,0.06333333333333334,0,60,0.0,0.0,"[1, 1, 1, 1, 1, 1, 1, 1, 1, 1]",1.0,1.9027136999648064
35,0,proposed_c2f_adaptive_pd,1.0,0.043333333333333335,0,15,0.0,0.0,"[1, 1, 1, 1, 1, 1, 1, 1, 1, 1]",1.0,1.7693659000797197
35,0,sense_sinr_budgeted,1.0,0.06666666666666667,0,60,0.0,0.0,"[1, 1, 1, 1, 1, 1, 1, 1, 1, 1]",1.0,1.76938389998395
36,0,proposed_c2f_adaptive_pd,1.0,0.04666666666666667,0,10,0.0,0.0,"[1, 1, 1, 1, 1, 1, 1, 1, 1, 1]",1.0,1.2099833999527618
36,0,sense_sinr_budgeted,1.0,0.04666666666666667,0,60,0.0,0.0,"[1, 1, 1, 1, 1, 1, 1, 1, 1, 1]",0.9833333333333333,1.2100208000047132
37,0,proposed_c2f_adaptive_pd,0.9,0.03333333333333333,0,10,0.0,0.0,"[1, 1, 1, 1, 1, 1, 1, 1, 1, 0]",0.9,1.4133059999439865
37,0,sense_sinr_budgeted,0.9,0.023333333333333334,0,60,0.0,0.0,"[1, 1, 1, 1, 1, 1, 1, 1, 1, 0]",0.9,1.4133423999883235
38,0,proposed_c2f_adaptive_pd,1.0,0.06333333333333334,0,10,0.0,0.0,"[1, 1, 1, 1, 1, 1, 1, 1, 1, 1]",1.0,1.1943687999155372
38,0,sense_sinr_budgeted,1.0,0.03666666666666667,0,60,0.0,0.0,"[1, 1, 1, 1, 1, 1, 1, 1, 1, 1]",1.0,1.1944081999827176
39,0,proposed_c2f_adaptive_pd,1.0,0.06333333333333334,0,10,0.0,0.0,"[1, 1, 1, 1, 1, 1, 1, 1, 1, 1]",1.0,1.3614390000002459
39,0,sense_sinr_budgeted,1.0,0.05,0,60,0.0,0.0,"[1, 1, 1, 1, 1, 1, 1, 1, 1, 1]",1.0,1.3614577000262216
40,0,proposed_c2f_adaptive_pd,1.0,0.05333333333333334,0,15,0.0,0.0,"[1, 1, 1, 1, 1, 1, 1, 1, 1, 1]",1.0,1.8950602000113577
40,0,sense_sinr_budgeted,1.0,0.04,0,60,0.0,0.0,"[1, 1, 1, 1, 1, 1, 1, 1, 1, 1]",1.0,1.8950970000587404
41,0,proposed_c2f_adaptive_pd,1.0,0.03666666666666667,0,11,0.0,0.0,"[1, 1, 1, 1, 1, 1, 1, 1, 1, 1]",1.0,1.332012299913913
41,0,sense_sinr_budgeted,1.0,0.06,0,60,0.0,0.0,"[1, 1, 1, 1, 1, 1, 1, 1, 1, 1]",1.0,1.3320304999360815
42,0,proposed_c2f_adaptive_pd,1.0,0.07,0,11,0.0,0.0,"[1, 1, 1, 1, 1, 1, 1, 1, 1, 1]",1.0,1.3929274999536574
42,0,sense_sinr_budgeted,1.0,0.05,0,60,0.0,0.0,"[1, 1, 1, 1, 1, 1, 1, 1, 1, 1]",1.0,1.392946399981156
43,0,proposed_c2f_adaptive_pd,1.0,0.06,0,10,0.0,0.0,"[1, 1, 1, 1, 1, 1, 1, 1, 1, 1]",1.0,1.3384369999403134
43,0,sense_sinr_budgeted,1.0,0.06333333333333334,0,60,0.0,0.0,"[1, 1, 1, 1, 1, 1, 1, 1, 1, 1]",1.0,1.3384726999793202
44,0,proposed_c2f_adaptive_pd,1.0,0.04,0,21,0.0,0.0,"[1, 1, 1, 1, 1, 1, 1, 1, 1, 1]",1.0,2.34573930001352
44,0,sense_sinr_budgeted,1.0,0.023333333333333334,0,60,0.0,0.0,"[1, 1, 1, 1, 1, 1, 1, 1, 1, 1]",1.0,2.345757900038734
45,0,proposed_c2f_adaptive_pd,1.0,0.056666666666666664,0,12,0.0,0.0,"[1, 1, 1, 1, 1, 1, 1, 1, 1, 1]",1.0,1.540816399967298
45,0,sense_sinr_budgeted,1.0,0.05,0,60,0.0,0.0,"[1, 1, 1, 1, 1, 1, 1, 1, 1, 1]",1.0,1.5408352999947965
46,0,proposed_c2f_adaptive_pd,0.9,0.04,0,10,0.0,0.0,"[1, 1, 1, 1, 1, 0, 1, 1, 1, 1]",1.0,1.3987824999494478
46,0,sense_sinr_budgeted,1.0,0.05333333333333334,0,60,0.0,0.0,"[1, 1, 1, 1, 1, 1, 1, 1, 1, 1]",1.0,1.398818499990739
47,0,proposed_c2f_adaptive_pd,1.0,0.03333333333333333,0,10,0.0,0.0,"[1, 1, 1, 1, 1, 1, 1, 1, 1, 1]",1.0,1.317685900023207
47,0,sense_sinr_budgeted,1.0,0.023333333333333334,0,60,0.0,0.0,"[1, 1, 1, 1, 1, 1, 1, 1, 1, 1]",1.0,1.317726300098002
48,0,proposed_c2f_adaptive_pd,1.0,0.06,0,10,0.0,0.0,"[1, 1, 1, 1, 1, 1, 1, 1, 1, 1]",1.0,1.3557365000015125
48,0,sense_sinr_budgeted,1.0,0.05333333333333334,0,60,0.0,0.0,"[1, 1, 1, 1, 1, 1, 1, 1, 1, 1]",1.0,1.3557557000312954
49,0,proposed_c2f_adaptive_pd,1.0,0.02,0,11,0.0,0.0,"[1, 1, 1, 1, 1, 1, 1, 1, 1, 1]",1.0,1.6076099999481812
49,0,sense_sinr_budgeted,1.0,0.05333333333333334,0,60,0.0,0.0,"[1, 1, 1, 1, 1, 1, 1, 1, 1, 1]",1.0,1.6076288999756798
50,0,proposed_c2f_adaptive_pd,1.0,0.06333333333333334,0,10,0.0,0.0,"[1, 1, 1, 1, 1, 1, 1, 1, 1, 1]",1.0,1.2547128999140114
50,0,sense_sinr_budgeted,1.0,0.03666666666666667,0,60,0.0,0.0,"[1, 1, 1, 1, 1, 1, 1, 1, 1, 1]",1.0,1.254752599983476
51,0,proposed_c2f_adaptive_pd,1.0,0.04,0,11,0.0,0.0,"[1, 1, 1, 1, 1, 1, 1, 1, 1, 1]",1.0,1.385865299962461
51,0,sense_sinr_budgeted,1.0,0.056666666666666664,0,60,0.0,0.0,"[1, 1, 1, 1, 1, 1, 1, 1, 1, 1]",1.0,1.3858836999861524
52,0,proposed_c2f_adaptive_pd,1.0,0.03666666666666667,0,10,0.0,0.0,"[1, 1, 1, 1, 1, 1, 1, 1, 1, 1]",1.0,1.2886810000054538
52,0,sense_sinr_budgeted,1.0,0.04,0,60,0.0,0.0,"[1, 1, 1, 1, 1, 1, 1, 1, 1, 1]",1.0,1.2887002000352368
53,0,proposed_c2f_adaptive_pd,1.0,0.043333333333333335,0,10,0.0,0.0,"[1, 1, 1, 1, 1, 1, 1, 1, 1, 1]",1.0,1.308120199944824
53,0,sense_sinr_budgeted,1.0,0.043333333333333335,0,60,0.0,0.0,"[1, 1, 1, 1, 1, 1, 1, 1, 1, 1]",1.0,1.308158200001344
54,0,proposed_c2f_adaptive_pd,1.0,0.03666666666666667,0,10,0.0,0.0,"[1, 1, 1, 1, 1, 1, 1, 1, 1, 1]",1.0,1.381329800002277
54,0,sense_sinr_budgeted,1.0,0.03333333333333333,0,60,0.0,0.0,"[1, 1, 1, 1, 1, 1, 1, 1, 1, 1]",1.0,1.3813484000274912
55,0,proposed_c2f_adaptive_pd,1.0,0.056666666666666664,0,14,0.0,0.0,"[1, 1, 1, 1, 1, 1, 1, 1, 1, 1]",1.0,1.6585272999946028
55,0,sense_sinr_budgeted,1.0,0.04,0,60,0.0,0.0,"[1, 1, 1, 1, 1, 1, 1, 1, 1, 1]",1.0,1.658546199905686
56,0,proposed_c2f_adaptive_pd,1.0,0.043333333333333335,0,11,0.0,0.0,"[1, 1, 1, 1, 1, 1, 1, 1, 1, 1]",1.0,1.4955596999498084
56,0,sense_sinr_budgeted,1.0,0.06,0,60,0.0,0.0,"[1, 1, 1, 1, 1, 1, 1, 1, 1, 1]",1.0,1.495583700016141
57,0,proposed_c2f_adaptive_pd,1.0,0.043333333333333335,0,11,0.0,0.0,"[1, 1, 1, 1, 1, 1, 1, 1, 1, 1]",1.0,1.3893391999881715
57,0,sense_sinr_budgeted,1.0,0.05333333333333334,0,60,0.0,0.0,"[1, 1, 1, 1, 1, 1, 1, 1, 1, 1]",1.0,1.389357699896209
58,0,proposed_c2f_adaptive_pd,1.0,0.03666666666666667,0,10,0.0,0.0,"[1, 1, 1, 1, 1, 1, 1, 1, 1, 1]",1.0,1.3107258999953046
58,0,sense_sinr_budgeted,1.0,0.04666666666666667,0,60,0.0,0.0,"[1, 1, 1, 1, 1, 1, 1, 1, 1, 1]",1.0,1.3107500999467447
59,0,proposed_c2f_adaptive_pd,1.0,0.056666666666666664,0,10,0.0,0.0,"[1, 1, 1, 1, 1, 1, 1, 1, 1, 1]",1.0,1.4135136000113562
59,0,sense_sinr_budgeted,1.0,0.023333333333333334,0,60,0.0,0.0,"[1, 1, 1, 1, 1, 1, 1, 1, 1, 1]",1.0,1.413532100035809
60,0,proposed_c2f_adaptive_pd,1.0,0.043333333333333335,0,14,0.0,0.0,"[1, 1, 1, 1, 1, 1, 1, 1, 1, 1]",1.0,1.6059430999448523
60,0,sense_sinr_budgeted,1.0,0.06666666666666667,0,60,0.0,0.0,"[1, 1, 1, 1, 1, 1, 1, 1, 1, 1]",1.0,1.605961999972351
61,0,proposed_c2f_adaptive_pd,1.0,0.06,0,12,0.0,0.0,"[1, 1, 1, 1, 1, 1, 1, 1, 1, 1]",1.0,1.6377818000037223
61,0,sense_sinr_budgeted,1.0,0.07666666666666666,0,60,0.0,0.0,"[1, 1, 1, 1, 1, 1, 1, 1, 1, 1]",1.0,1.6378008999163285
62,0,proposed_c2f_adaptive_pd,1.0,0.03666666666666667,0,10,0.0,0.0,"[1, 1, 1, 1, 1, 1, 1, 1, 1, 1]",1.0,1.2496817000210285
62,0,sense_sinr_budgeted,1.0,0.05333333333333334,0,60,0.0,0.0,"[1, 1, 1, 1, 1, 1, 1, 1, 1, 1]",1.0,1.2497001000447199
63,0,proposed_c2f_adaptive_pd,1.0,0.04666666666666667,0,11,0.0,0.0,"[1, 1, 1, 1, 1, 1, 1, 1, 1, 1]",1.0,1.4986368000973016
63,0,sense_sinr_budgeted,1.0,0.056666666666666664,0,60,0.0,0.0,"[1, 1, 1, 1, 1, 1, 1, 1, 1, 1]",1.0,1.4986556000076234
64,0,proposed_c2f_adaptive_pd,0.9,0.03666666666666667,0,15,0.0,0.0,"[1, 1, 1, 1, 1, 1, 1, 1, 1, 0]",0.9333333333333333,1.5708027000073344
64,0,sense_sinr_budgeted,1.0,0.07,0,60,0.0,0.0,"[1, 1, 1, 1, 1, 1, 1, 1, 1, 1]",0.9833333333333333,1.5708218000363559
65,0,proposed_c2f_adaptive_pd,1.0,0.04666666666666667,0,11,0.0,0.0,"[1, 1, 1, 1, 1, 1, 1, 1, 1, 1]",1.0,1.3332195000257343
65,0,sense_sinr_budgeted,1.0,0.04666666666666667,0,60,0.0,0.0,"[1, 1, 1, 1, 1, 1, 1, 1, 1, 1]",1.0,1.3332383000524715
66,0,proposed_c2f_adaptive_pd,1.0,0.03,0,10,0.0,0.0,"[1, 1, 1, 1, 1, 1, 1, 1, 1, 1]",1.0,1.3772477000020444
66,0,sense_sinr_budgeted,1.0,0.056666666666666664,0,60,0.0,0.0,"[1, 1, 1, 1, 1, 1, 1, 1, 1, 1]",0.9833333333333333,1.3772665000287816
67,0,proposed_c2f_adaptive_pd,1.0,0.07,0,11,0.0,0.0,"[1, 1, 1, 1, 1, 1, 1, 1, 1, 1]",1.0,1.3819919000379741
67,0,sense_sinr_budgeted,1.0,0.09666666666666666,0,60,0.0,0.0,"[1, 1, 1, 1, 1, 1, 1, 1, 1, 1]",1.0,1.3820106000639498
68,0,proposed_c2f_adaptive_pd,1.0,0.05,0,16,0.0,0.0,"[1, 1, 1, 1, 1, 1, 1, 1, 1, 1]",1.0,2.0682828000281006
68,0,sense_sinr_budgeted,1.0,0.08333333333333333,0,60,0.0,0.0,"[1, 1, 1, 1, 1, 1, 1, 1, 1, 1]",1.0,2.068301700055599
69,0,proposed_c2f_adaptive_pd,1.0,0.05333333333333334,0,15,0.0,0.0,"[1, 1, 1, 1, 1, 1, 1, 1, 1, 1]",1.0,1.6831002000253648
69,0,sense_sinr_budgeted,1.0,0.04666666666666667,0,60,0.0,0.0,"[1, 1, 1, 1, 1, 1, 1, 1, 1, 1]",1.0,1.683119000052102
70,0,proposed_c2f_adaptive_pd,0.9,0.04,0,10,0.0,0.0,"[1, 0, 1, 1, 1, 1, 1, 1, 1, 1]",0.9,1.3443122999742627
70,0,sense_sinr_budgeted,1.0,0.043333333333333335,0,60,0.0,0.0,"[1, 1, 1, 1, 1, 1, 1, 1, 1, 1]",0.9833333333333333,1.3443312000017613
71,0,proposed_c2f_adaptive_pd,1.0,0.05333333333333334,0,13,0.0,0.0,"[1, 1, 1, 1, 1, 1, 1, 1, 1, 1]",1.0,1.6351807999890298
71,0,sense_sinr_budgeted,1.0,0.06333333333333334,0,60,0.0,0.0,"[1, 1, 1, 1, 1, 1, 1, 1, 1, 1]",1.0,1.635199600015767
72,0,proposed_c2f_adaptive_pd,0.9,0.03333333333333333,0,10,0.0,0.0,"[0, 1, 1, 1, 1, 1, 1, 1, 1, 1]",0.9,1.3939489999320358
72,0,sense_sinr_budgeted,1.0,0.06333333333333334,0,60,0.0,0.0,"[1, 1, 1, 1, 1, 1, 1, 1, 1, 1]",0.9166666666666666,1.3939674999564886
73,0,proposed_c2f_adaptive_pd,0.9,0.07666666666666666,0,10,0.0,0.0,"[1, 1, 0, 1, 1, 1, 1, 1, 1, 1]",1.0,1.3363945999881253
73,0,sense_sinr_budgeted,1.0,0.06,0,60,0.0,0.0,"[1, 1, 1, 1, 1, 1, 1, 1, 1, 1]",0.9833333333333333,1.3364340000553057
74,0,proposed_c2f_adaptive_pd,1.0,0.04666666666666667,0,11,0.0,0.0,"[1, 1, 1, 1, 1, 1, 1, 1, 1, 1]",1.0,1.4689251000527292
74,0,sense_sinr_budgeted,1.0,0.06333333333333334,0,60,0.0,0.0,"[1, 1, 1, 1, 1, 1, 1, 1, 1, 1]",1.0,1.4689627999905497
75,0,proposed_c2f_adaptive_pd,1.0,0.03333333333333333,0,10,0.0,0.0,"[1, 1, 1, 1, 1, 1, 1, 1, 1, 1]",1.0,1.4149790999945253
75,0,sense_sinr_budgeted,1.0,0.056666666666666664,0,60,0.0,0.0,"[1, 1, 1, 1, 1, 1, 1, 1, 1, 1]",1.0,1.4149979999056086
76,0,proposed_c2f_adaptive_pd,1.0,0.02666666666666667,0,15,0.0,0.0,"[1, 1, 1, 1, 1, 1, 1, 1, 1, 1]",1.0,1.7784504999872297
76,0,sense_sinr_budgeted,1.0,0.02666666666666667,0,60,0.0,0.0,"[1, 1, 1, 1, 1, 1, 1, 1, 1, 1]",1.0,1.7784692000132054
77,0,proposed_c2f_adaptive_pd,1.0,0.04,0,12,0.0,0.0,"[1, 1, 1, 1, 1, 1, 1, 1, 1, 1]",1.0,1.4992930000880733
77,0,sense_sinr_budgeted,1.0,0.03666666666666667,0,60,0.0,0.0,"[1, 1, 1, 1, 1, 1, 1, 1, 1, 1]",0.9666666666666667,1.4993123000022024
78,0,proposed_c2f_adaptive_pd,1.0,0.03,0,10,0.0,0.0,"[1, 1, 1, 1, 1, 1, 1, 1, 1, 1]",1.0,1.2990824000444263
78,0,sense_sinr_budgeted,1.0,0.023333333333333334,0,60,0.0,0.0,"[1, 1, 1, 1, 1, 1, 1, 1, 1, 1]",1.0,1.2991008000681177
79,0,proposed_c2f_adaptive_pd,1.0,0.05333333333333334,0,10,0.0,0.0,"[1, 1, 1, 1, 1, 1, 1, 1, 1, 1]",1.0,1.3040243999566883
79,0,sense_sinr_budgeted,1.0,0.06666666666666667,0,60,0.0,0.0,"[1, 1, 1, 1, 1, 1, 1, 1, 1, 1]",1.0,1.3040427999803796
80,0,proposed_c2f_adaptive_pd,1.0,0.02666666666666667,0,11,0.0,0.0,"[1, 1, 1, 1, 1, 1, 1, 1, 1, 1]",1.0,1.2997484999941662
80,0,sense_sinr_budgeted,1.0,0.05333333333333334,0,60,0.0,0.0,"[1, 1, 1, 1, 1, 1, 1, 1, 1, 1]",1.0,1.2997677000239491
81,0,proposed_c2f_adaptive_pd,0.9,0.03333333333333333,0,20,0.0,0.0,"[1, 1, 1, 1, 1, 0, 1, 1, 1, 1]",1.0,1.869211099925451
81,0,sense_sinr_budgeted,0.9,0.08333333333333333,0,60,0.0,0.0,"[1, 1, 1, 1, 1, 0, 1, 1, 1, 1]",0.9833333333333333,1.8692473999690264
82,0,proposed_c2f_adaptive_pd,1.0,0.043333333333333335,0,10,0.0,0.0,"[1, 1, 1, 1, 1, 1, 1, 1, 1, 1]",1.0,1.3364872999954969
82,0,sense_sinr_budgeted,1.0,0.056666666666666664,0,60,0.0,0.0,"[1, 1, 1, 1, 1, 1, 1, 1, 1, 1]",1.0,1.3365240999264643
83,0,proposed_c2f_adaptive_pd,0.9,0.06,0,27,0.0,0.0,"[1, 1, 0, 1, 1, 1, 1, 1, 1, 1]",1.0,2.7457633999874815
83,0,sense_sinr_budgeted,0.9,0.06,0,60,0.0,0.0,"[1, 1, 0, 1, 1, 1, 1, 1, 1, 1]",1.0,2.745801700046286
84,0,proposed_c2f_adaptive_pd,1.0,0.02666666666666667,0,10,0.0,0.0,"[1, 1, 1, 1, 1, 1, 1, 1, 1, 1]",1.0,1.4424883000319824
84,0,sense_sinr_budgeted,1.0,0.04666666666666667,0,60,0.0,0.0,"[1, 1, 1, 1, 1, 1, 1, 1, 1, 1]",1.0,1.4425246000755578
85,0,proposed_c2f_adaptive_pd,1.0,0.03666666666666667,0,11,0.0,0.0,"[1, 1, 1, 1, 1, 1, 1, 1, 1, 1]",1.0,1.423780099954456
85,0,sense_sinr_budgeted,1.0,0.03666666666666667,0,60,0.0,0.0,"[1, 1, 1, 1, 1, 1, 1, 1, 1, 1]",1.0,1.4238112999591976
86,0,proposed_c2f_adaptive_pd,1.0,0.05333333333333334,0,17,0.0,0.0,"[1, 1, 1, 1, 1, 1, 1, 1, 1, 1]",1.0,1.9690065000904724
86,0,sense_sinr_budgeted,1.0,0.06666666666666667,0,60,0.0,0.0,"[1, 1, 1, 1, 1, 1, 1, 1, 1, 1]",1.0,1.9690255000023171
87,0,proposed_c2f_adaptive_pd,1.0,0.06,0,16,0.0,0.0,"[1, 1, 1, 1, 1, 1, 1, 1, 1, 1]",1.0,1.8355019999435171
87,0,sense_sinr_budgeted,1.0,0.043333333333333335,0,60,0.0,0.0,"[1, 1, 1, 1, 1, 1, 1, 1, 1, 1]",1.0,1.835538399987854
88,0,proposed_c2f_adaptive_pd,1.0,0.043333333333333335,0,10,0.0,0.0,"[1, 1, 1, 1, 1, 1, 1, 1, 1, 1]",1.0,1.3888638999778777
88,0,sense_sinr_budgeted,1.0,0.04,0,60,0.0,0.0,"[1, 1, 1, 1, 1, 1, 1, 1, 1, 1]",1.0,1.3889004999073222
89,0,proposed_c2f_adaptive_pd,1.0,0.05333333333333334,0,10,0.0,0.0,"[1, 1, 1, 1, 1, 1, 1, 1, 1, 1]",1.0,1.5021242999937385
89,0,sense_sinr_budgeted,1.0,0.043333333333333335,0,60,0.0,0.0,"[1, 1, 1, 1, 1, 1, 1, 1, 1, 1]",1.0,1.5021431000204757
90,0,proposed_c2f_adaptive_pd,1.0,0.03,0,10,0.0,0.0,"[1, 1, 1, 1, 1, 1, 1, 1, 1, 1]",1.0,1.293624399928376
90,0,sense_sinr_budgeted,1.0,0.03666666666666667,0,60,0.0,0.0,"[1, 1, 1, 1, 1, 1, 1, 1, 1, 1]",1.0,1.2936427999520674
91,0,proposed_c2f_adaptive_pd,1.0,0.06,0,10,0.0,0.0,"[1, 1, 1, 1, 1, 1, 1, 1, 1, 1]",1.0,1.3435051999986172
91,0,sense_sinr_budgeted,1.0,0.06333333333333334,0,60,0.0,0.0,"[1, 1, 1, 1, 1, 1, 1, 1, 1, 1]",1.0,1.3435242000268772
92,0,proposed_c2f_adaptive_pd,1.0,0.056666666666666664,0,16,0.0,0.0,"[1, 1, 1, 1, 1, 1, 1, 1, 1, 1]",1.0,1.8010975000215694
92,0,sense_sinr_budgeted,1.0,0.06333333333333334,0,60,0.0,0.0,"[1, 1, 1, 1, 1, 1, 1, 1, 1, 1]",1.0,1.8011159000452608
93,0,proposed_c2f_adaptive_pd,0.9,0.06666666666666667,0,10,0.0,0.0,"[1, 1, 1, 1, 1, 0, 1, 1, 1, 1]",1.0,1.3679037999827415
93,0,sense_sinr_budgeted,1.0,0.03,0,60,0.0,0.0,"[1, 1, 1, 1, 1, 1, 1, 1, 1, 1]",1.0,1.3679225000087172
94,0,proposed_c2f_adaptive_pd,1.0,0.04,0,10,0.0,0.0,"[1, 1, 1, 1, 1, 1, 1, 1, 1, 1]",1.0,1.376136300037615
94,0,sense_sinr_budgeted,1.0,0.05333333333333334,0,60,0.0,0.0,"[1, 1, 1, 1, 1, 1, 1, 1, 1, 1]",1.0,1.376173899974674
95,0,proposed_c2f_adaptive_pd,1.0,0.06,0,10,0.0,0.0,"[1, 1, 1, 1, 1, 1, 1, 1, 1, 1]",1.0,1.3533699000254273
95,0,sense_sinr_budgeted,1.0,0.05333333333333334,0,60,0.0,0.0,"[1, 1, 1, 1, 1, 1, 1, 1, 1, 1]",1.0,1.3534071000758559
96,0,proposed_c2f_adaptive_pd,1.0,0.06666666666666667,0,10,0.0,0.0,"[1, 1, 1, 1, 1, 1, 1, 1, 1, 1]",1.0,1.1968451000284404
96,0,sense_sinr_budgeted,1.0,0.03333333333333333,0,60,0.0,0.0,"[1, 1, 1, 1, 1, 1, 1, 1, 1, 1]",1.0,1.1968685999745503
97,0,proposed_c2f_adaptive_pd,1.0,0.04,0,10,0.0,0.0,"[1, 1, 1, 1, 1, 1, 1, 1, 1, 1]",1.0,1.3683487999951467
97,0,sense_sinr_budgeted,1.0,0.03666666666666667,0,60,0.0,0.0,"[1, 1, 1, 1, 1, 1, 1, 1, 1, 1]",1.0,1.3683867000509053
98,0,proposed_c2f_adaptive_pd,1.0,0.05,0,13,0.0,0.0,"[1, 1, 1, 1, 1, 1, 1, 1, 1, 1]",1.0,1.5235189999220893
98,0,sense_sinr_budgeted,1.0,0.05,0,60,0.0,0.0,"[1, 1, 1, 1, 1, 1, 1, 1, 1, 1]",1.0,1.5235381999518722
99,0,proposed_c2f_adaptive_pd,1.0,0.056666666666666664,0,11,0.0,0.0,"[1, 1, 1, 1, 1, 1, 1, 1, 1, 1]",1.0,1.410586899961345
99,0,sense_sinr_budgeted,1.0,0.04,0,60,0.0,0.0,"[1, 1, 1, 1, 1, 1, 1, 1, 1, 1]",1.0,1.410605899989605
0,1,proposed_c2f_adaptive_pd,1.0,0.06,0,10,0.0,0.0,"[1, 1, 1, 1, 1, 1, 1, 1, 1, 1]",1.0,2.015247300034389
0,1,sense_sinr_budgeted,1.0,0.056666666666666664,1,60,640.0,1.0666666666666667,"[1, 1, 1, 1, 1, 1, 1, 1, 1, 1]",0.9833333333333333,2.015285100089386
1,1,proposed_c2f_adaptive_pd,0.9,0.06333333333333334,1,30,640.0,1.0666666666666667,"[1, 1, 1, 1, 0, 1, 1, 1, 1, 1]",1.0,3.54878519999329
1,1,sense_sinr_budgeted,0.9,0.043333333333333335,1,60,640.0,1.0666666666666667,"[1, 1, 1, 1, 0, 1, 1, 1, 1, 1]",1.0,3.548804400023073
2,1,proposed_c2f_adaptive_pd,1.0,0.06333333333333334,0,10,0.0,0.0,"[1, 1, 1, 1, 1, 1, 1, 1, 1, 1]",1.0,1.9618742000311613
2,1,sense_sinr_budgeted,1.0,0.06666666666666667,1,60,640.0,1.0666666666666667,"[1, 1, 1, 1, 1, 1, 1, 1, 1, 1]",1.0,1.96189380006399
3,1,proposed_c2f_adaptive_pd,1.0,0.07,1,22,640.0,1.0666666666666667,"[1, 1, 1, 1, 1, 1, 1, 1, 1, 1]",1.0,2.685420299996622
3,1,sense_sinr_budgeted,1.0,0.04,1,60,640.0,1.0666666666666667,"[1, 1, 1, 1, 1, 1, 1, 1, 1, 1]",1.0,2.6854405000340194
4,1,proposed_c2f_adaptive_pd,1.0,0.05,0,10,0.0,0.0,"[1, 1, 1, 1, 1, 1, 1, 1, 1, 1]",1.0,1.914077699999325
4,1,sense_sinr_budgeted,1.0,0.03666666666666667,1,60,640.0,1.0666666666666667,"[1, 1, 1, 1, 1, 1, 1, 1, 1, 1]",1.0,1.9141149999340996
5,1,proposed_c2f_adaptive_pd,1.0,0.043333333333333335,1,12,640.0,1.0666666666666667,"[1, 1, 1, 1, 1, 1, 1, 1, 1, 1]",1.0,2.4891140999970958
5,1,sense_sinr_budgeted,1.0,0.05333333333333334,1,60,640.0,1.0666666666666667,"[1, 1, 1, 1, 1, 1, 1, 1, 1, 1]",1.0,2.489133600029163
6,1,proposed_c2f_adaptive_pd,1.0,0.06,0,11,0.0,0.0,"[1, 1, 1, 1, 1, 1, 1, 1, 1, 1]",1.0,2.050991200027056
6,1,sense_sinr_budgeted,1.0,0.05333333333333334,1,60,640.0,1.0666666666666667,"[1, 1, 1, 1, 1, 1, 1, 1, 1, 1]",1.0,2.0510096999350935
7,1,proposed_c2f_adaptive_pd,1.0,0.07666666666666666,1,15,640.0,1.0666666666666667,"[1, 1, 1, 1, 1, 1, 1, 1, 1, 1]",1.0,2.335412099957466
7,1,sense_sinr_budgeted,1.0,0.07333333333333333,1,60,640.0,1.0666666666666667,"[1, 1, 1, 1, 1, 1, 1, 1, 1, 1]",1.0,2.335431699990295
8,1,proposed_c2f_adaptive_pd,0.9,0.06333333333333334,0,10,0.0,0.0,"[0, 1, 1, 1, 1, 1, 1, 1, 1, 1]",1.0,2.17342450004071
8,1,sense_sinr_budgeted,1.0,0.043333333333333335,1,60,640.0,1.0666666666666667,"[1, 1, 1, 1, 1, 1, 1, 1, 1, 1]",1.0,2.173443599953316
9,1,proposed_c2f_adaptive_pd,1.0,0.043333333333333335,0,16,0.0,0.0,"[1, 1, 1, 1, 1, 1, 1, 1, 1, 1]",1.0,2.8500438999617472
9,1,sense_sinr_budgeted,1.0,0.07,1,60,640.0,1.0666666666666667,"[1, 1, 1, 1, 1, 1, 1, 1, 1, 1]",1.0,2.8500626999884844
10,1,proposed_c2f_adaptive_pd,1.0,0.06,0,12,0.0,0.0,"[1, 1, 1, 1, 1, 1, 1, 1, 1, 1]",1.0,2.1474094999721274
10,1,sense_sinr_budgeted,1.0,0.03666666666666667,1,60,640.0,1.0666666666666667,"[1, 1, 1, 1, 1, 1, 1, 1, 1, 1]",1.0,2.147428800002672
11,1,proposed_c2f_adaptive_pd,0.8,0.05333333333333334,0,11,0.0,0.0,"[1, 1, 1, 1, 1, 0, 1, 1, 0, 1]",0.9090909090909091,2.254742300021462
11,1,sense_sinr_budgeted,0.9,0.05,1,60,640.0,1.0666666666666667,"[1, 1, 1, 1, 1, 0, 1, 1, 1, 1]",0.9833333333333333,2.254761299933307
12,1,proposed_c2f_adaptive_pd,0.9,0.05,0,11,0.0,0.0,"[1, 1, 1, 1, 1, 1, 1, 0, 1, 1]",0.9090909090909091,2.1019283001078293
12,1,sense_sinr_budgeted,1.0,0.03,1,60,640.0,1.0666666666666667,"[1, 1, 1, 1, 1, 1, 1, 1, 1, 1]",0.9833333333333333,2.1019474000204355
13,1,proposed_c2f_adaptive_pd,1.0,0.05333333333333334,0,10,0.0,0.0,"[1, 1, 1, 1, 1, 1, 1, 1, 1, 1]",1.0,2.0318285000976175
13,1,sense_sinr_budgeted,1.0,0.02666666666666667,1,60,640.0,1.0666666666666667,"[1, 1, 1, 1, 1, 1, 1, 1, 1, 1]",1.0,2.031866400036961
14,1,proposed_c2f_adaptive_pd,0.9,0.05,0,10,0.0,0.0,"[1, 1, 1, 1, 1, 0, 1, 1, 1, 1]",1.0,1.8192171999253333
14,1,sense_sinr_budgeted,1.0,0.05,1,60,640.0,1.0666666666666667,"[1, 1, 1, 1, 1, 1, 1, 1, 1, 1]",1.0,1.8192360999528319
15,1,proposed_c2f_adaptive_pd,1.0,0.05,1,12,640.0,1.0666666666666667,"[1, 1, 1, 1, 1, 1, 1, 1, 1, 1]",1.0,2.3660479999380186
15,1,sense_sinr_budgeted,1.0,0.043333333333333335,1,60,640.0,1.0666666666666667,"[1, 1, 1, 1, 1, 1, 1, 1, 1, 1]",1.0,2.3660667999647558
16,1,proposed_c2f_adaptive_pd,1.0,0.043333333333333335,0,10,0.0,0.0,"[1, 1, 1, 1, 1, 1, 1, 1, 1, 1]",1.0,1.5846896000439301
16,1,sense_sinr_budgeted,1.0,0.05333333333333334,1,60,640.0,1.0666666666666667,"[1, 1, 1, 1, 1, 1, 1, 1, 1, 1]",1.0,1.5847086000721902
17,1,proposed_c2f_adaptive_pd,1.0,0.04,0,10,0.0,0.0,"[1, 1, 1, 1, 1, 1, 1, 1, 1, 1]",1.0,1.9146368999499828
17,1,sense_sinr_budgeted,1.0,0.04666666666666667,1,60,640.0,1.0666666666666667,"[1, 1, 1, 1, 1, 1, 1, 1, 1, 1]",1.0,1.91465569997672
18,1,proposed_c2f_adaptive_pd,1.0,0.07333333333333333,0,11,0.0,0.0,"[1, 1, 1, 1, 1, 1, 1, 1, 1, 1]",1.0,2.063753900001757
18,1,sense_sinr_budgeted,1.0,0.06333333333333334,1,60,640.0,1.0666666666666667,"[1, 1, 1, 1, 1, 1, 1, 1, 1, 1]",1.0,2.0637726999120787
19,1,proposed_c2f_adaptive_pd,1.0,0.06,0,11,0.0,0.0,"[1, 1, 1, 1, 1, 1, 1, 1, 1, 1]",1.0,2.2796963999280706
19,1,sense_sinr_budgeted,1.0,0.06666666666666667,1,60,640.0,1.0666666666666667,"[1, 1, 1, 1, 1, 1, 1, 1, 1, 1]",1.0,2.279719899990596
20,1,proposed_c2f_adaptive_pd,1.0,0.03666666666666667,0,10,0.0,0.0,"[1, 1, 1, 1, 1, 1, 1, 1, 1, 1]",1.0,1.8471194999292493
20,1,sense_sinr_budgeted,1.0,0.06,1,60,640.0,1.0666666666666667,"[1, 1, 1, 1, 1, 1, 1, 1, 1, 1]",1.0,1.8471570999827236
21,1,proposed_c2f_adaptive_pd,1.0,0.06666666666666667,1,15,640.0,1.0666666666666667,"[1, 1, 1, 1, 1, 1, 1, 1, 1, 1]",1.0,2.4644132000394166
21,1,sense_sinr_budgeted,1.0,0.043333333333333335,1,60,640.0,1.0666666666666667,"[1, 1, 1, 1, 1, 1, 1, 1, 1, 1]",1.0,2.4644319000653923
22,1,proposed_c2f_adaptive_pd,1.0,0.06333333333333334,0,10,0.0,0.0,"[1, 1, 1, 1, 1, 1, 1, 1, 1, 1]",1.0,2.084076900035143
22,1,sense_sinr_budgeted,1.0,0.05,1,60,640.0,1.0666666666666667,"[1, 1, 1, 1, 1, 1, 1, 1, 1, 1]",1.0,2.0840956000611186
23,1,proposed_c2f_adaptive_pd,1.0,0.03333333333333333,0,10,0.0,0.0,"[1, 1, 1, 1, 1, 1, 1, 1, 1, 1]",1.0,2.221759399981238
23,1,sense_sinr_budgeted,1.0,0.03666666666666667,1,60,640.0,1.0666666666666667,"[1, 1, 1, 1, 1, 1, 1, 1, 1, 1]",1.0,2.221779700019397
24,1,proposed_c2f_adaptive_pd,1.0,0.04,0,10,0.0,0.0,"[1, 1, 1, 1, 1, 1, 1, 1, 1, 1]",1.0,1.9653337999479845
24,1,sense_sinr_budgeted,1.0,0.056666666666666664,1,60,640.0,1.0666666666666667,"[1, 1, 1, 1, 1, 1, 1, 1, 1, 1]",0.9833333333333333,1.9653719998896122
25,1,proposed_c2f_adaptive_pd,1.0,0.06333333333333334,1,15,640.0,1.0666666666666667,"[1, 1, 1, 1, 1, 1, 1, 1, 1, 1]",1.0,2.164928700076416
25,1,sense_sinr_budgeted,0.9,0.04666666666666667,1,60,640.0,1.0666666666666667,"[1, 1, 1, 1, 1, 1, 0, 1, 1, 1]",1.0,2.1649477999890223
26,1,proposed_c2f_adaptive_pd,0.9,0.06,0,10,0.0,0.0,"[1, 1, 1, 1, 1, 1, 1, 1, 0, 1]",1.0,1.8638173000654206
26,1,sense_sinr_budgeted,1.0,0.07,1,60,640.0,1.0666666666666667,"[1, 1, 1, 1, 1, 1, 1, 1, 1, 1]",1.0,1.8638557000085711
27,1,proposed_c2f_adaptive_pd,1.0,0.03333333333333333,0,10,0.0,0.0,"[1, 1, 1, 1, 1, 1, 1, 1, 1, 1]",1.0,2.3418595000403
27,1,sense_sinr_budgeted,1.0,0.08666666666666667,1,60,640.0,1.0666666666666667,"[1, 1, 1, 1, 1, 1, 1, 1, 1, 1]",1.0,2.3418960999697447
28,1,proposed_c2f_adaptive_pd,1.0,0.043333333333333335,0,11,0.0,0.0,"[1, 1, 1, 1, 1, 1, 1, 1, 1, 1]",1.0,2.1056275999872014
28,1,sense_sinr_budgeted,1.0,0.043333333333333335,1,60,640.0,1.0666666666666667,"[1, 1, 1, 1, 1, 1, 1, 1, 1, 1]",0.9833333333333333,2.1056776999030262
29,1,proposed_c2f_adaptive_pd,1.0,0.043333333333333335,1,20,640.0,1.0666666666666667,"[1, 1, 1, 1, 1, 1, 1, 1, 1, 1]",1.0,2.468254799954593
29,1,sense_sinr_budgeted,0.9,0.06,1,60,640.0,1.0666666666666667,"[1, 1, 1, 1, 1, 1, 1, 1, 0, 1]",1.0,2.4682738999836147
30,1,proposed_c2f_adaptive_pd,1.0,0.03666666666666667,0,11,0.0,0.0,"[1, 1, 1, 1, 1, 1, 1, 1, 1, 1]",1.0,2.7464010000694543
30,1,sense_sinr_budgeted,1.0,0.043333333333333335,1,60,640.0,1.0666666666666667,"[1, 1, 1, 1, 1, 1, 1, 1, 1, 1]",1.0,2.7464200999820605
31,1,proposed_c2f_adaptive_pd,1.0,0.06333333333333334,0,10,0.0,0.0,"[1, 1, 1, 1, 1, 1, 1, 1, 1, 1]",1.0,1.984549400047399
31,1,sense_sinr_budgeted,1.0,0.06,1,60,640.0,1.0666666666666667,"[1, 1, 1, 1, 1, 1, 1, 1, 1, 1]",0.95,1.9845878999913111
32,1,proposed_c2f_adaptive_pd,0.8,0.04666666666666667,0,10,0.0,0.0,"[1, 1, 1, 1, 0, 1, 0, 1, 1, 1]",1.0,2.1568253999575973
32,1,sense_sinr_budgeted,1.0,0.04,1,60,640.0,1.0666666666666667,"[1, 1, 1, 1, 1, 1, 1, 1, 1, 1]",1.0,2.1568450999911875
33,1,proposed_c2f_adaptive_pd,1.0,0.06333333333333334,1,13,640.0,1.0666666666666667,"[1, 1, 1, 1, 1, 1, 1, 1, 1, 1]",1.0,2.5120943000074476
33,1,sense_sinr_budgeted,1.0,0.06333333333333334,1,60,640.0,1.0666666666666667,"[1, 1, 1, 1, 1, 1, 1, 1, 1, 1]",1.0,2.512112900032662
34,1,proposed_c2f_adaptive_pd,1.0,0.03333333333333333,1,16,640.0,1.0666666666666667,"[1, 1, 1, 1, 1, 1, 1, 1, 1, 1]",1.0,2.845994899980724
34,1,sense_sinr_budgeted,1.0,0.06,1,60,640.0,1.0666666666666667,"[1, 1, 1, 1, 1, 1, 1, 1, 1, 1]",1.0,2.846030200016685
35,1,proposed_c2f_adaptive_pd,1.0,0.04,1,15,640.0,1.0666666666666667,"[1, 1, 1, 1, 1, 1, 1, 1, 1, 1]",1.0,2.8227708999766037
35,1,sense_sinr_budgeted,1.0,0.06333333333333334,1,60,640.0,1.0666666666666667,"[1, 1, 1, 1, 1, 1, 1, 1, 1, 1]",1.0,2.8228079999098554
36,1,proposed_c2f_adaptive_pd,1.0,0.04666666666666667,0,10,0.0,0.0,"[1, 1, 1, 1, 1, 1, 1, 1, 1, 1]",1.0,1.9550809999927878
36,1,sense_sinr_budgeted,1.0,0.04666666666666667,1,60,640.0,1.0666666666666667,"[1, 1, 1, 1, 1, 1, 1, 1, 1, 1]",0.9833333333333333,1.955103199928999
37,1,proposed_c2f_adaptive_pd,0.9,0.03333333333333333,0,10,0.0,0.0,"[1, 1, 1, 1, 1, 1, 1, 1, 1, 0]",0.9,2.4570214999839664
37,1,sense_sinr_budgeted,0.9,0.016666666666666666,1,60,640.0,1.0666666666666667,"[1, 1, 1, 1, 1, 1, 1, 1, 1, 0]",0.9,2.4570633999537677
38,1,proposed_c2f_adaptive_pd,1.0,0.06333333333333334,0,10,0.0,0.0,"[1, 1, 1, 1, 1, 1, 1, 1, 1, 1]",1.0,2.2154153999872506
38,1,sense_sinr_budgeted,1.0,0.04666666666666667,1,60,640.0,1.0666666666666667,"[1, 1, 1, 1, 1, 1, 1, 1, 1, 1]",1.0,2.2154344000155106
39,1,proposed_c2f_adaptive_pd,1.0,0.06333333333333334,0,10,0.0,0.0,"[1, 1, 1, 1, 1, 1, 1, 1, 1, 1]",1.0,2.0957132999319583
39,1,sense_sinr_budgeted,1.0,0.05,1,60,640.0,1.0666666666666667,"[1, 1, 1, 1, 1, 1, 1, 1, 1, 1]",1.0,2.0957514999900013
40,1,proposed_c2f_adaptive_pd,1.0,0.05333333333333334,1,13,640.0,1.0666666666666667,"[1, 1, 1, 1, 1, 1, 1, 1, 1, 1]",1.0,2.5102108999853954
40,1,sense_sinr_budgeted,1.0,0.05,1,60,640.0,1.0666666666666667,"[1, 1, 1, 1, 1, 1, 1, 1, 1, 1]",1.0,2.510246600024402
41,1,proposed_c2f_adaptive_pd,1.0,0.03666666666666667,0,11,0.0,0.0,"[1, 1, 1, 1, 1, 1, 1, 1, 1, 1]",1.0,2.358881299966015
41,1,sense_sinr_budgeted,1.0,0.05333333333333334,1,60,640.0,1.0666666666666667,"[1, 1, 1, 1, 1, 1, 1, 1, 1, 1]",1.0,2.358901900006458
42,1,proposed_c2f_adaptive_pd,1.0,0.07333333333333333,1,11,640.0,1.0666666666666667,"[1, 1, 1, 1, 1, 1, 1, 1, 1, 1]",1.0,1.9708577999845147
42,1,sense_sinr_budgeted,1.0,0.04666666666666667,1,60,640.0,1.0666666666666667,"[1, 1, 1, 1, 1, 1, 1, 1, 1, 1]",1.0,1.9708767000120133
43,1,proposed_c2f_adaptive_pd,1.0,0.06,0,10,0.0,0.0,"[1, 1, 1, 1, 1, 1, 1, 1, 1, 1]",1.0,2.0116904999595135
43,1,sense_sinr_budgeted,1.0,0.056666666666666664,1,60,640.0,1.0666666666666667,"[1, 1, 1, 1, 1, 1, 1, 1, 1, 1]",1.0,2.0117235999787226
44,1,proposed_c2f_adaptive_pd,1.0,0.04666666666666667,1,21,640.0,1.0666666666666667,"[1, 1, 1, 1, 1, 1, 1, 1, 1, 1]",1.0,3.0472185999387875
44,1,sense_sinr_budgeted,1.0,0.02666666666666667,1,60,640.0,1.0666666666666667,"[1, 1, 1, 1, 1, 1, 1, 1, 1, 1]",1.0,3.0472579000052065
45,1,proposed_c2f_adaptive_pd,1.0,0.056666666666666664,0,12,0.0,0.0,"[1, 1, 1, 1, 1, 1, 1, 1, 1, 1]",1.0,2.6289682000642642
45,1,sense_sinr_budgeted,1.0,0.05,1,60,640.0,1.0666666666666667,"[1, 1, 1, 1, 1, 1, 1, 1, 1, 1]",1.0,2.6289872000925243
46,1,proposed_c2f_adaptive_pd,0.9,0.04,0,10,0.0,0.0,"[1, 1, 1, 1, 1, 0, 1, 1, 1, 1]",1.0,2.0728759000776336
46,1,sense_sinr_budgeted,1.0,0.056666666666666664,1,60,640.0,1.0666666666666667,"[1, 1, 1, 1, 1, 1, 1, 1, 1, 1]",1.0,2.0728946999879554
47,1,proposed_c2f_adaptive_pd,1.0,0.03333333333333333,0,10,0.0,0.0,"[1, 1, 1, 1, 1, 1, 1, 1, 1, 1]",1.0,2.192496000090614
47,1,sense_sinr_budgeted,1.0,0.023333333333333334,1,60,640.0,1.0666666666666667,"[1, 1, 1, 1, 1, 1, 1, 1, 1, 1]",1.0,2.192532500019297
48,1,proposed_c2f_adaptive_pd,1.0,0.06,0,10,0.0,0.0,"[1, 1, 1, 1, 1, 1, 1, 1, 1, 1]",1.0,2.3572468999773264
48,1,sense_sinr_budgeted,1.0,0.056666666666666664,1,60,640.0,1.0666666666666667,"[1, 1, 1, 1, 1, 1, 1, 1, 1, 1]",1.0,2.3572845000308007
49,1,proposed_c2f_adaptive_pd,1.0,0.02,0,11,0.0,0.0,"[1, 1, 1, 1, 1, 1, 1, 1, 1, 1]",1.0,2.6380984999705106
49,1,sense_sinr_budgeted,1.0,0.05333333333333334,1,60,640.0,1.0666666666666667,"[1, 1, 1, 1, 1, 1, 1, 1, 1, 1]",1.0,2.638118700007908
50,1,proposed_c2f_adaptive_pd,1.0,0.06333333333333334,0,10,0.0,0.0,"[1, 1, 1, 1, 1, 1, 1, 1, 1, 1]",1.0,2.1865250000264496
50,1,sense_sinr_budgeted,1.0,0.03666666666666667,1,60,640.0,1.0666666666666667,"[1, 1, 1, 1, 1, 1, 1, 1, 1, 1]",1.0,2.186543899937533
51,1,proposed_c2f_adaptive_pd,1.0,0.04,0,11,0.0,0.0,"[1, 1, 1, 1, 1, 1, 1, 1, 1, 1]",1.0,2.4198103999951854
51,1,sense_sinr_budgeted,1.0,0.05333333333333334,1,60,640.0,1.0666666666666667,"[1, 1, 1, 1, 1, 1, 1, 1, 1, 1]",1.0,2.4198448999086395
52,1,proposed_c2f_adaptive_pd,1.0,0.03666666666666667,0,10,0.0,0.0,"[1, 1, 1, 1, 1, 1, 1, 1, 1, 1]",1.0,2.213926700060256
52,1,sense_sinr_budgeted,1.0,0.043333333333333335,1,60,640.0,1.0666666666666667,"[1, 1, 1, 1, 1, 1, 1, 1, 1, 1]",1.0,2.213963199988939
53,1,proposed_c2f_adaptive_pd,1.0,0.043333333333333335,0,10,0.0,0.0,"[1, 1, 1, 1, 1, 1, 1, 1, 1, 1]",1.0,2.0950684999115765
53,1,sense_sinr_budgeted,1.0,0.04,1,60,640.0,1.0666666666666667,"[1, 1, 1, 1, 1, 1, 1, 1, 1, 1]",1.0,2.095087599940598
54,1,proposed_c2f_adaptive_pd,1.0,0.03666666666666667,0,10,0.0,0.0,"[1, 1, 1, 1, 1, 1, 1, 1, 1, 1]",1.0,2.552645199932158
54,1,sense_sinr_budgeted,1.0,0.03,1,60,640.0,1.0666666666666667,"[1, 1, 1, 1, 1, 1, 1, 1, 1, 1]",1.0,2.5526821999810636
55,1,proposed_c2f_adaptive_pd,1.0,0.06333333333333334,1,13,640.0,1.0666666666666667,"[1, 1, 1, 1, 1, 1, 1, 1, 1, 1]",1.0,2.5174445000011474
55,1,sense_sinr_budgeted,1.0,0.043333333333333335,1,60,640.0,1.0666666666666667,"[1, 1, 1, 1, 1, 1, 1, 1, 1, 1]",1.0,2.5174677000613883
56,1,proposed_c2f_adaptive_pd,1.0,0.05,1,11,640.0,1.0666666666666667,"[1, 1, 1, 1, 1, 1, 1, 1, 1, 1]",1.0,2.0801077999640256
56,1,sense_sinr_budgeted,1.0,0.056666666666666664,1,60,640.0,1.0666666666666667,"[1, 1, 1, 1, 1, 1, 1, 1, 1, 1]",1.0,2.080129300011322
57,1,proposed_c2f_adaptive_pd,1.0,0.043333333333333335,0,11,0.0,0.0,"[1, 1, 1, 1, 1, 1, 1, 1, 1, 1]",1.0,2.1515476999338716
57,1,sense_sinr_budgeted,1.0,0.05333333333333334,1,60,640.0,1.0666666666666667,"[1, 1, 1, 1, 1, 1, 1, 1, 1, 1]",1.0,2.1515668999636546
58,1,proposed_c2f_adaptive_pd,1.0,0.03666666666666667,0,10,0.0,0.0,"[1, 1, 1, 1, 1, 1, 1, 1, 1, 1]",1.0,2.30237859999761
58,1,sense_sinr_budgeted,1.0,0.05,1,60,640.0,1.0666666666666667,"[1, 1, 1, 1, 1, 1, 1, 1, 1, 1]",1.0,2.3023975000251085
59,1,proposed_c2f_adaptive_pd,1.0,0.056666666666666664,0,10,0.0,0.0,"[1, 1, 1, 1, 1, 1, 1, 1, 1, 1]",1.0,2.4177582999691367
59,1,sense_sinr_budgeted,1.0,0.023333333333333334,1,60,640.0,1.0666666666666667,"[1, 1, 1, 1, 1, 1, 1, 1, 1, 1]",1.0,2.4177774999989197
60,1,proposed_c2f_adaptive_pd,1.0,0.043333333333333335,0,14,0.0,0.0,"[1, 1, 1, 1, 1, 1, 1, 1, 1, 1]",1.0,2.569195899995975
60,1,sense_sinr_budgeted,1.0,0.06666666666666667,1,60,640.0,1.0666666666666667,"[1, 1, 1, 1, 1, 1, 1, 1, 1, 1]",1.0,2.5692328000441194
61,1,proposed_c2f_adaptive_pd,1.0,0.05333333333333334,1,11,640.0,1.0666666666666667,"[1, 1, 1, 1, 1, 1, 1, 1, 1, 1]",1.0,2.336435499950312
61,1,sense_sinr_budgeted,1.0,0.07,1,60,640.0,1.0666666666666667,"[1, 1, 1, 1, 1, 1, 1, 1, 1, 1]",1.0,2.336453999974765
62,1,proposed_c2f_adaptive_pd,1.0,0.03666666666666667,0,10,0.0,0.0,"[1, 1, 1, 1, 1, 1, 1, 1, 1, 1]",1.0,2.139414499979466
62,1,sense_sinr_budgeted,1.0,0.06,1,60,640.0,1.0666666666666667,"[1, 1, 1, 1, 1, 1, 1, 1, 1, 1]",1.0,2.1394506000215188
63,1,proposed_c2f_adaptive_pd,1.0,0.04666666666666667,0,11,0.0,0.0,"[1, 1, 1, 1, 1, 1, 1, 1, 1, 1]",1.0,2.2229351999703795
63,1,sense_sinr_budgeted,1.0,0.04666666666666667,1,60,640.0,1.0666666666666667,"[1, 1, 1, 1, 1, 1, 1, 1, 1, 1]",1.0,2.222954299999401
64,1,proposed_c2f_adaptive_pd,0.9,0.03666666666666667,1,15,640.0,1.0666666666666667,"[1, 1, 1, 1, 1, 1, 1, 1, 1, 0]",0.9333333333333333,2.5153726000571623
64,1,sense_sinr_budgeted,1.0,0.07,1,60,640.0,1.0666666666666667,"[1, 1, 1, 1, 1, 1, 1, 1, 1, 1]",1.0,2.515408999985084
65,1,proposed_c2f_adaptive_pd,1.0,0.04666666666666667,0,11,0.0,0.0,"[1, 1, 1, 1, 1, 1, 1, 1, 1, 1]",1.0,2.2579830000177026
65,1,sense_sinr_budgeted,1.0,0.04666666666666667,1,60,640.0,1.0666666666666667,"[1, 1, 1, 1, 1, 1, 1, 1, 1, 1]",1.0,2.2580024000490084
66,1,proposed_c2f_adaptive_pd,1.0,0.03,0,10,0.0,0.0,"[1, 1, 1, 1, 1, 1, 1, 1, 1, 1]",1.0,2.2594551000511274
66,1,sense_sinr_budgeted,1.0,0.056666666666666664,1,60,640.0,1.0666666666666667,"[1, 1, 1, 1, 1, 1, 1, 1, 1, 1]",0.9833333333333333,2.2594918999820948
67,1,proposed_c2f_adaptive_pd,1.0,0.07,0,11,0.0,0.0,"[1, 1, 1, 1, 1, 1, 1, 1, 1, 1]",1.0,2.467776700039394
67,1,sense_sinr_budgeted,1.0,0.09666666666666666,1,60,640.0,1.0666666666666667,"[1, 1, 1, 1, 1, 1, 1, 1, 1, 1]",1.0,2.467813599971123
68,1,proposed_c2f_adaptive_pd,1.0,0.05,1,15,640.0,1.0666666666666667,"[1, 1, 1, 1, 1, 1, 1, 1, 1, 1]",1.0,3.126676300074905
68,1,sense_sinr_budgeted,1.0,0.08,1,60,640.0,1.0666666666666667,"[1, 1, 1, 1, 1, 1, 1, 1, 1, 1]",1.0,3.126713400008157
69,1,proposed_c2f_adaptive_pd,1.0,0.056666666666666664,1,14,640.0,1.0666666666666667,"[1, 1, 1, 1, 1, 1, 1, 1, 1, 1]",1.0,2.4877505999756977
69,1,sense_sinr_budgeted,1.0,0.043333333333333335,1,60,640.0,1.0666666666666667,"[1, 1, 1, 1, 1, 1, 1, 1, 1, 1]",1.0,2.487787500023842
70,1,proposed_c2f_adaptive_pd,0.9,0.04,0,10,0.0,0.0,"[1, 0, 1, 1, 1, 1, 1, 1, 1, 1]",0.9,2.277536900015548
70,1,sense_sinr_budgeted,1.0,0.043333333333333335,1,60,640.0,1.0666666666666667,"[1, 1, 1, 1, 1, 1, 1, 1, 1, 1]",0.9833333333333333,2.277573800063692
71,1,proposed_c2f_adaptive_pd,1.0,0.056666666666666664,1,12,640.0,1.0666666666666667,"[1, 1, 1, 1, 1, 1, 1, 1, 1, 1]",1.0,2.5590337000321597
71,1,sense_sinr_budgeted,1.0,0.06,1,60,640.0,1.0666666666666667,"[1, 1, 1, 1, 1, 1, 1, 1, 1, 1]",1.0,2.5590540000703186
72,1,proposed_c2f_adaptive_pd,0.9,0.02666666666666667,1,10,640.0,1.0666666666666667,"[0, 1, 1, 1, 1, 1, 1, 1, 1, 1]",0.9,2.408458999940194
72,1,sense_sinr_budgeted,1.0,0.06,1,60,640.0,1.0666666666666667,"[1, 1, 1, 1, 1, 1, 1, 1, 1, 1]",0.9166666666666666,2.408496299991384
73,1,proposed_c2f_adaptive_pd,0.9,0.07666666666666666,0,10,0.0,0.0,"[1, 1, 0, 1, 1, 1, 1, 1, 1, 1]",1.0,2.27986700006295
73,1,sense_sinr_budgeted,1.0,0.056666666666666664,1,60,640.0,1.0666666666666667,"[1, 1, 1, 1, 1, 1, 1, 1, 1, 1]",0.9833333333333333,2.2799039999954402
74,1,proposed_c2f_adaptive_pd,1.0,0.04666666666666667,0,11,0.0,0.0,"[1, 1, 1, 1, 1, 1, 1, 1, 1, 1]",1.0,2.3292835999745876
74,1,sense_sinr_budgeted,1.0,0.06666666666666667,1,60,640.0,1.0666666666666667,"[1, 1, 1, 1, 1, 1, 1, 1, 1, 1]",1.0,2.329301999998279
75,1,proposed_c2f_adaptive_pd,1.0,0.03333333333333333,0,10,0.0,0.0,"[1, 1, 1, 1, 1, 1, 1, 1, 1, 1]",1.0,2.365568000008352
75,1,sense_sinr_budgeted,1.0,0.056666666666666664,1,60,640.0,1.0666666666666667,"[1, 1, 1, 1, 1, 1, 1, 1, 1, 1]",1.0,2.365606400067918
76,1,proposed_c2f_adaptive_pd,1.0,0.02666666666666667,0,15,0.0,0.0,"[1, 1, 1, 1, 1, 1, 1, 1, 1, 1]",1.0,2.7743999999947846
76,1,sense_sinr_budgeted,1.0,0.02666666666666667,1,60,640.0,1.0666666666666667,"[1, 1, 1, 1, 1, 1, 1, 1, 1, 1]",1.0,2.7744368000421673
77,1,proposed_c2f_adaptive_pd,1.0,0.04,0,12,0.0,0.0,"[1, 1, 1, 1, 1, 1, 1, 1, 1, 1]",1.0,2.5346615000162274
77,1,sense_sinr_budgeted,1.0,0.03666666666666667,1,60,640.0,1.0666666666666667,"[1, 1, 1, 1, 1, 1, 1, 1, 1, 1]",0.9666666666666667,2.5346798999235034
78,1,proposed_c2f_adaptive_pd,1.0,0.03,0,10,0.0,0.0,"[1, 1, 1, 1, 1, 1, 1, 1, 1, 1]",1.0,2.187719500041567
78,1,sense_sinr_budgeted,1.0,0.02666666666666667,1,60,640.0,1.0666666666666667,"[1, 1, 1, 1, 1, 1, 1, 1, 1, 1]",1.0,2.187738500069827
79,1,proposed_c2f_adaptive_pd,1.0,0.05333333333333334,0,10,0.0,0.0,"[1, 1, 1, 1, 1, 1, 1, 1, 1, 1]",1.0,2.299309500027448
79,1,sense_sinr_budgeted,1.0,0.07,1,60,640.0,1.0666666666666667,"[1, 1, 1, 1, 1, 1, 1, 1, 1, 1]",1.0,2.2993460999568924
80,1,proposed_c2f_adaptive_pd,1.0,0.02666666666666667,0,11,0.0,0.0,"[1, 1, 1, 1, 1, 1, 1, 1, 1, 1]",1.0,2.231205999967642
80,1,sense_sinr_budgeted,1.0,0.04666666666666667,1,60,640.0,1.0666666666666667,"[1, 1, 1, 1, 1, 1, 1, 1, 1, 1]",1.0,2.231224699993618
81,1,proposed_c2f_adaptive_pd,0.9,0.043333333333333335,1,20,640.0,1.0666666666666667,"[1, 1, 1, 1, 1, 0, 1, 1, 1, 1]",1.0,2.7309509000042453
81,1,sense_sinr_budgeted,0.9,0.08333333333333333,1,60,640.0,1.0666666666666667,"[1, 1, 1, 1, 1, 0, 1, 1, 1, 1]",0.9833333333333333,2.7309699000325054
82,1,proposed_c2f_adaptive_pd,1.0,0.043333333333333335,0,10,0.0,0.0,"[1, 1, 1, 1, 1, 1, 1, 1, 1, 1]",1.0,2.108797700027935
82,1,sense_sinr_budgeted,1.0,0.06333333333333334,1,60,640.0,1.0666666666666667,"[1, 1, 1, 1, 1, 1, 1, 1, 1, 1]",1.0,2.1088170999428257
83,1,proposed_c2f_adaptive_pd,1.0,0.056666666666666664,1,27,640.0,1.0666666666666667,"[1, 1, 1, 1, 1, 1, 1, 1, 1, 1]",1.0,3.854534800047986
83,1,sense_sinr_budgeted,0.9,0.06,1,60,640.0,1.0666666666666667,"[1, 1, 0, 1, 1, 1, 1, 1, 1, 1]",1.0,3.854569899966009
84,1,proposed_c2f_adaptive_pd,1.0,0.02666666666666667,0,10,0.0,0.0,"[1, 1, 1, 1, 1, 1, 1, 1, 1, 1]",1.0,2.3865471000317484
84,1,sense_sinr_budgeted,1.0,0.05,1,60,640.0,1.0666666666666667,"[1, 1, 1, 1, 1, 1, 1, 1, 1, 1]",1.0,2.3865831000730395
85,1,proposed_c2f_adaptive_pd,1.0,0.03666666666666667,0,11,0.0,0.0,"[1, 1, 1, 1, 1, 1, 1, 1, 1, 1]",1.0,2.640771200065501
85,1,sense_sinr_budgeted,1.0,0.04,1,60,640.0,1.0666666666666667,"[1, 1, 1, 1, 1, 1, 1, 1, 1, 1]",1.0,2.6408077999949455
86,1,proposed_c2f_adaptive_pd,1.0,0.04,1,16,640.0,1.0666666666666667,"[1, 1, 1, 1, 1, 1, 1, 1, 1, 1]",1.0,3.064267700072378
86,1,sense_sinr_budgeted,1.0,0.06666666666666667,1,60,640.0,1.0666666666666667,"[1, 1, 1, 1, 1, 1, 1, 1, 1, 1]",1.0,3.0642866999842227
87,1,proposed_c2f_adaptive_pd,1.0,0.056666666666666664,1,16,640.0,1.0666666666666667,"[1, 1, 1, 1, 1, 1, 1, 1, 1, 1]",1.0,2.8794597999658436
87,1,sense_sinr_budgeted,1.0,0.05,1,60,640.0,1.0666666666666667,"[1, 1, 1, 1, 1, 1, 1, 1, 1, 1]",1.0,2.8794958000071347
88,1,proposed_c2f_adaptive_pd,1.0,0.043333333333333335,0,10,0.0,0.0,"[1, 1, 1, 1, 1, 1, 1, 1, 1, 1]",1.0,2.336525399936363
88,1,sense_sinr_budgeted,1.0,0.03666666666666667,1,60,640.0,1.0666666666666667,"[1, 1, 1, 1, 1, 1, 1, 1, 1, 1]",1.0,2.336544599966146
89,1,proposed_c2f_adaptive_pd,1.0,0.05333333333333334,0,10,0.0,0.0,"[1, 1, 1, 1, 1, 1, 1, 1, 1, 1]",1.0,2.3624643000075594
89,1,sense_sinr_budgeted,1.0,0.04,1,60,640.0,1.0666666666666667,"[1, 1, 1, 1, 1, 1, 1, 1, 1, 1]",1.0,2.362483400036581
90,1,proposed_c2f_adaptive_pd,1.0,0.03,0,10,0.0,0.0,"[1, 1, 1, 1, 1, 1, 1, 1, 1, 1]",1.0,2.169497999944724
90,1,sense_sinr_budgeted,1.0,0.04,1,60,640.0,1.0666666666666667,"[1, 1, 1, 1, 1, 1, 1, 1, 1, 1]",1.0,2.1695170999737456
91,1,proposed_c2f_adaptive_pd,1.0,0.06,0,10,0.0,0.0,"[1, 1, 1, 1, 1, 1, 1, 1, 1, 1]",1.0,2.375483199954033
91,1,sense_sinr_budgeted,1.0,0.06333333333333334,1,60,640.0,1.0666666666666667,"[1, 1, 1, 1, 1, 1, 1, 1, 1, 1]",1.0,2.3755027999868616
92,1,proposed_c2f_adaptive_pd,1.0,0.05,1,16,640.0,1.0666666666666667,"[1, 1, 1, 1, 1, 1, 1, 1, 1, 1]",1.0,2.8112833000486717
92,1,sense_sinr_budgeted,1.0,0.06666666666666667,1,60,640.0,1.0666666666666667,"[1, 1, 1, 1, 1, 1, 1, 1, 1, 1]",1.0,2.8113025999628007
93,1,proposed_c2f_adaptive_pd,0.9,0.06666666666666667,0,10,0.0,0.0,"[1, 1, 1, 1, 1, 0, 1, 1, 1, 1]",1.0,2.327423800015822
93,1,sense_sinr_budgeted,1.0,0.03,1,60,640.0,1.0666666666666667,"[1, 1, 1, 1, 1, 1, 1, 1, 1, 1]",1.0,2.327462700079195
94,1,proposed_c2f_adaptive_pd,1.0,0.04,0,10,0.0,0.0,"[1, 1, 1, 1, 1, 1, 1, 1, 1, 1]",1.0,2.3836455000564456
94,1,sense_sinr_budgeted,1.0,0.04666666666666667,1,60,640.0,1.0666666666666667,"[1, 1, 1, 1, 1, 1, 1, 1, 1, 1]",1.0,2.3836812000954524
95,1,proposed_c2f_adaptive_pd,1.0,0.06,0,10,0.0,0.0,"[1, 1, 1, 1, 1, 1, 1, 1, 1, 1]",1.0,2.187193699995987
95,1,sense_sinr_budgeted,1.0,0.06,1,60,640.0,1.0666666666666667,"[1, 1, 1, 1, 1, 1, 1, 1, 1, 1]",1.0,2.1872143000364304
96,1,proposed_c2f_adaptive_pd,1.0,0.06666666666666667,0,10,0.0,0.0,"[1, 1, 1, 1, 1, 1, 1, 1, 1, 1]",1.0,1.979016200057231
96,1,sense_sinr_budgeted,1.0,0.03,1,60,640.0,1.0666666666666667,"[1, 1, 1, 1, 1, 1, 1, 1, 1, 1]",1.0,1.9790498999645934
97,1,proposed_c2f_adaptive_pd,1.0,0.04,0,10,0.0,0.0,"[1, 1, 1, 1, 1, 1, 1, 1, 1, 1]",1.0,2.457424300024286
97,1,sense_sinr_budgeted,1.0,0.03666666666666667,1,60,640.0,1.0666666666666667,"[1, 1, 1, 1, 1, 1, 1, 1, 1, 1]",1.0,2.457443500054069
98,1,proposed_c2f_adaptive_pd,1.0,0.05333333333333334,1,12,640.0,1.0666666666666667,"[1, 1, 1, 1, 1, 1, 1, 1, 1, 1]",1.0,2.3303732000058517
98,1,sense_sinr_budgeted,1.0,0.056666666666666664,1,60,640.0,1.0666666666666667,"[1, 1, 1, 1, 1, 1, 1, 1, 1, 1]",1.0,2.3304102999391034
99,1,proposed_c2f_adaptive_pd,1.0,0.056666666666666664,0,11,0.0,0.0,"[1, 1, 1, 1, 1, 1, 1, 1, 1, 1]",1.0,2.7811984000727534
99,1,sense_sinr_budgeted,1.0,0.043333333333333335,1,60,640.0,1.0666666666666667,"[1, 1, 1, 1, 1, 1, 1, 1, 1, 1]",1.0,2.7812358000082895
0,2,proposed_c2f_adaptive_pd,1.0,0.06,0,10,0.0,0.0,"[1, 1, 1, 1, 1, 1, 1, 1, 1, 1]",1.0,2.46578640001826
0,2,sense_sinr_budgeted,1.0,0.056666666666666664,2,60,1280.0,2.1333333333333333,"[1, 1, 1, 1, 1, 1, 1, 1, 1, 1]",1.0,2.4658051999285817
1,2,proposed_c2f_adaptive_pd,0.9,0.06333333333333334,2,30,1280.0,2.1333333333333333,"[1, 1, 1, 1, 0, 1, 1, 1, 1, 1]",1.0,4.520949000027031
1,2,sense_sinr_budgeted,0.9,0.04,2,60,1280.0,2.1333333333333333,"[1, 1, 1, 1, 0, 1, 1, 1, 1, 1]",1.0,4.5209896001033485
2,2,proposed_c2f_adaptive_pd,1.0,0.06333333333333334,0,10,0.0,0.0,"[1, 1, 1, 1, 1, 1, 1, 1, 1, 1]",1.0,2.5582399000413716
2,2,sense_sinr_budgeted,1.0,0.07,2,60,1280.0,2.1333333333333333,"[1, 1, 1, 1, 1, 1, 1, 1, 1, 1]",1.0,2.558275599963963
3,2,proposed_c2f_adaptive_pd,1.0,0.07,2,21,1280.0,2.1333333333333333,"[1, 1, 1, 1, 1, 1, 1, 1, 1, 1]",1.0,3.955283600022085
3,2,sense_sinr_budgeted,1.0,0.043333333333333335,2,60,1280.0,2.1333333333333333,"[1, 1, 1, 1, 1, 1, 1, 1, 1, 1]",1.0,3.9553023000480607
4,2,proposed_c2f_adaptive_pd,1.0,0.05,0,10,0.0,0.0,"[1, 1, 1, 1, 1, 1, 1, 1, 1, 1]",1.0,2.4879964999854565
4,2,sense_sinr_budgeted,1.0,0.03666666666666667,2,60,1280.0,2.1333333333333333,"[1, 1, 1, 1, 1, 1, 1, 1, 1, 1]",1.0,2.4880343000404537
5,2,proposed_c2f_adaptive_pd,1.0,0.043333333333333335,1,12,640.0,1.0666666666666667,"[1, 1, 1, 1, 1, 1, 1, 1, 1, 1]",1.0,3.085834699915722
5,2,sense_sinr_budgeted,1.0,0.05333333333333334,2,60,1280.0,2.1333333333333333,"[1, 1, 1, 1, 1, 1, 1, 1, 1, 1]",1.0,3.085871799965389
6,2,proposed_c2f_adaptive_pd,1.0,0.06,0,11,0.0,0.0,"[1, 1, 1, 1, 1, 1, 1, 1, 1, 1]",1.0,2.309973799972795
6,2,sense_sinr_budgeted,1.0,0.056666666666666664,2,60,1280.0,2.1333333333333333,"[1, 1, 1, 1, 1, 1, 1, 1, 1, 1]",1.0,2.309992800001055
7,2,proposed_c2f_adaptive_pd,1.0,0.07666666666666666,2,15,1280.0,2.1333333333333333,"[1, 1, 1, 1, 1, 1, 1, 1, 1, 1]",1.0,3.010071700089611
7,2,sense_sinr_budgeted,1.0,0.07333333333333333,2,60,1280.0,2.1333333333333333,"[1, 1, 1, 1, 1, 1, 1, 1, 1, 1]",1.0,3.010108800022863
8,2,proposed_c2f_adaptive_pd,0.9,0.06333333333333334,0,10,0.0,0.0,"[0, 1, 1, 1, 1, 1, 1, 1, 1, 1]",1.0,2.3002290000440553
8,2,sense_sinr_budgeted,1.0,0.05,2,60,1280.0,2.1333333333333333,"[1, 1, 1, 1, 1, 1, 1, 1, 1, 1]",1.0,2.3002480999566615
9,2,proposed_c2f_adaptive_pd,1.0,0.043333333333333335,0,16,0.0,0.0,"[1, 1, 1, 1, 1, 1, 1, 1, 1, 1]",1.0,3.358385600033216
9,2,sense_sinr_budgeted,1.0,0.06,2,60,1280.0,2.1333333333333333,"[1, 1, 1, 1, 1, 1, 1, 1, 1, 1]",1.0,3.358422699966468
10,2,proposed_c2f_adaptive_pd,1.0,0.06,0,12,0.0,0.0,"[1, 1, 1, 1, 1, 1, 1, 1, 1, 1]",1.0,2.533228199928999
10,2,sense_sinr_budgeted,1.0,0.043333333333333335,2,60,1280.0,2.1333333333333333,"[1, 1, 1, 1, 1, 1, 1, 1, 1, 1]",1.0,2.5332472999580204
11,2,proposed_c2f_adaptive_pd,0.8,0.05333333333333334,0,11,0.0,0.0,"[1, 1, 1, 1, 1, 0, 1, 1, 0, 1]",0.9090909090909091,2.487726500025019
11,2,sense_sinr_budgeted,0.9,0.04666666666666667,2,60,1280.0,2.1333333333333333,"[1, 1, 1, 1, 1, 0, 1, 1, 1, 1]",0.9833333333333333,2.4877657000906765
12,2,proposed_c2f_adaptive_pd,0.9,0.05,0,11,0.0,0.0,"[1, 1, 1, 1, 1, 1, 1, 0, 1, 1]",0.9090909090909091,2.3592755999416113
12,2,sense_sinr_budgeted,1.0,0.03,2,60,1280.0,2.1333333333333333,"[1, 1, 1, 1, 1, 1, 1, 1, 1, 1]",0.9833333333333333,2.3593126999912784
13,2,proposed_c2f_adaptive_pd,1.0,0.05333333333333334,0,10,0.0,0.0,"[1, 1, 1, 1, 1, 1, 1, 1, 1, 1]",1.0,2.605717599974014
13,2,sense_sinr_budgeted,1.0,0.03,2,60,1280.0,2.1333333333333333,"[1, 1, 1, 1, 1, 1, 1, 1, 1, 1]",1.0,2.605736600002274
14,2,proposed_c2f_adaptive_pd,0.9,0.05,0,10,0.0,0.0,"[1, 1, 1, 1, 1, 0, 1, 1, 1, 1]",1.0,2.0349256000481546
14,2,sense_sinr_budgeted,1.0,0.05,2,60,1280.0,2.1333333333333333,"[1, 1, 1, 1, 1, 1, 1, 1, 1, 1]",1.0,2.0349441999569535
15,2,proposed_c2f_adaptive_pd,1.0,0.05,1,12,640.0,1.0666666666666667,"[1, 1, 1, 1, 1, 1, 1, 1, 1, 1]",1.0,2.710563499946147
15,2,sense_sinr_budgeted,1.0,0.043333333333333335,2,60,1280.0,2.1333333333333333,"[1, 1, 1, 1, 1, 1, 1, 1, 1, 1]",1.0,2.7105825999751687
16,2,proposed_c2f_adaptive_pd,1.0,0.043333333333333335,0,10,0.0,0.0,"[1, 1, 1, 1, 1, 1, 1, 1, 1, 1]",1.0,1.8543246999615803
16,2,sense_sinr_budgeted,1.0,0.05333333333333334,2,60,1280.0,2.1333333333333333,"[1, 1, 1, 1, 1, 1, 1, 1, 1, 1]",1.0,1.854362400015816
17,2,proposed_c2f_adaptive_pd,1.0,0.04,0,10,0.0,0.0,"[1, 1, 1, 1, 1, 1, 1, 1, 1, 1]",1.0,1.9990759000647813
17,2,sense_sinr_budgeted,1.0,0.056666666666666664,2,60,1280.0,2.1333333333333333,"[1, 1, 1, 1, 1, 1, 1, 1, 1, 1]",1.0,1.9990950000938028
18,2,proposed_c2f_adaptive_pd,1.0,0.07333333333333333,0,11,0.0,0.0,"[1, 1, 1, 1, 1, 1, 1, 1, 1, 1]",1.0,2.5834272000938654
18,2,sense_sinr_budgeted,1.0,0.06333333333333334,2,60,1280.0,2.1333333333333333,"[1, 1, 1, 1, 1, 1, 1, 1, 1, 1]",1.0,2.5834460000041872
19,2,proposed_c2f_adaptive_pd,1.0,0.06,0,11,0.0,0.0,"[1, 1, 1, 1, 1, 1, 1, 1, 1, 1]",1.0,2.4324356999713928
19,2,sense_sinr_budgeted,1.0,0.06666666666666667,2,60,1280.0,2.1333333333333333,"[1, 1, 1, 1, 1, 1, 1, 1, 1, 1]",1.0,2.4324738000286743
20,2,proposed_c2f_adaptive_pd,1.0,0.03666666666666667,0,10,0.0,0.0,"[1, 1, 1, 1, 1, 1, 1, 1, 1, 1]",1.0,2.031045400071889
20,2,sense_sinr_budgeted,1.0,0.06,2,60,1280.0,2.1333333333333333,"[1, 1, 1, 1, 1, 1, 1, 1, 1, 1]",1.0,2.031066399998963
21,2,proposed_c2f_adaptive_pd,1.0,0.06666666666666667,1,15,640.0,1.0666666666666667,"[1, 1, 1, 1, 1, 1, 1, 1, 1, 1]",1.0,2.6663572000106797
21,2,sense_sinr_budgeted,1.0,0.04,2,60,1280.0,2.1333333333333333,"[1, 1, 1, 1, 1, 1, 1, 1, 1, 1]",1.0,2.6663764000404626
22,2,proposed_c2f_adaptive_pd,1.0,0.06333333333333334,0,10,0.0,0.0,"[1, 1, 1, 1, 1, 1, 1, 1, 1, 1]",1.0,2.1313220999436453
22,2,sense_sinr_budgeted,1.0,0.043333333333333335,2,60,1280.0,2.1333333333333333,"[1, 1, 1, 1, 1, 1, 1, 1, 1, 1]",1.0,2.1313419999787584
23,2,proposed_c2f_adaptive_pd,1.0,0.03333333333333333,0,10,0.0,0.0,"[1, 1, 1, 1, 1, 1, 1, 1, 1, 1]",1.0,2.3496174999745563
23,2,sense_sinr_budgeted,1.0,0.03666666666666667,2,60,1280.0,2.1333333333333333,"[1, 1, 1, 1, 1, 1, 1, 1, 1, 1]",1.0,2.3496365000028163
24,2,proposed_c2f_adaptive_pd,1.0,0.04,0,10,0.0,0.0,"[1, 1, 1, 1, 1, 1, 1, 1, 1, 1]",1.0,1.7573525999905542
24,2,sense_sinr_budgeted,1.0,0.06,2,60,1280.0,2.1333333333333333,"[1, 1, 1, 1, 1, 1, 1, 1, 1, 1]",0.9833333333333333,1.75737200002186
25,2,proposed_c2f_adaptive_pd,1.0,0.06333333333333334,2,15,1280.0,2.1333333333333333,"[1, 1, 1, 1, 1, 1, 1, 1, 1, 1]",1.0,1.9955466000828892
25,2,sense_sinr_budgeted,0.9,0.04,2,60,1280.0,2.1333333333333333,"[1, 1, 1, 1, 1, 1, 0, 1, 1, 1]",1.0,1.9955659999977797
26,2,proposed_c2f_adaptive_pd,0.9,0.06,0,10,0.0,0.0,"[1, 1, 1, 1, 1, 1, 1, 1, 0, 1]",1.0,1.7448415000690147
26,2,sense_sinr_budgeted,1.0,0.06666666666666667,2,60,1280.0,2.1333333333333333,"[1, 1, 1, 1, 1, 1, 1, 1, 1, 1]",1.0,1.7448607999831438
27,2,proposed_c2f_adaptive_pd,1.0,0.03333333333333333,0,10,0.0,0.0,"[1, 1, 1, 1, 1, 1, 1, 1, 1, 1]",1.0,1.9668209999799728
27,2,sense_sinr_budgeted,1.0,0.08,2,60,1280.0,2.1333333333333333,"[1, 1, 1, 1, 1, 1, 1, 1, 1, 1]",1.0,1.966840900015086
28,2,proposed_c2f_adaptive_pd,1.0,0.043333333333333335,0,11,0.0,0.0,"[1, 1, 1, 1, 1, 1, 1, 1, 1, 1]",1.0,2.0159478000132367
28,2,sense_sinr_budgeted,1.0,0.05,2,60,1280.0,2.1333333333333333,"[1, 1, 1, 1, 1, 1, 1, 1, 1, 1]",0.9833333333333333,2.0159668000414968
29,2,proposed_c2f_adaptive_pd,1.0,0.04666666666666667,2,20,1280.0,2.1333333333333333,"[1, 1, 1, 1, 1, 1, 1, 1, 1, 1]",1.0,2.2982410000404343
29,2,sense_sinr_budgeted,0.9,0.06,2,60,1280.0,2.1333333333333333,"[1, 1, 1, 1, 1, 1, 1, 1, 0, 1]",1.0,2.298264699988067
30,2,proposed_c2f_adaptive_pd,1.0,0.03666666666666667,0,11,0.0,0.0,"[1, 1, 1, 1, 1, 1, 1, 1, 1, 1]",1.0,2.182574500096962
30,2,sense_sinr_budgeted,1.0,0.043333333333333335,2,60,1280.0,2.1333333333333333,"[1, 1, 1, 1, 1, 1, 1, 1, 1, 1]",1.0,2.182594500016421
31,2,proposed_c2f_adaptive_pd,1.0,0.06333333333333334,0,10,0.0,0.0,"[1, 1, 1, 1, 1, 1, 1, 1, 1, 1]",1.0,1.676387200015597
31,2,sense_sinr_budgeted,1.0,0.05333333333333334,2,60,1280.0,2.1333333333333333,"[1, 1, 1, 1, 1, 1, 1, 1, 1, 1]",0.95,1.6764067000476643
32,2,proposed_c2f_adaptive_pd,0.8,0.04666666666666667,0,10,0.0,0.0,"[1, 1, 1, 1, 0, 1, 0, 1, 1, 1]",1.0,1.7857513999333605
32,2,sense_sinr_budgeted,1.0,0.03666666666666667,2,60,1280.0,2.1333333333333333,"[1, 1, 1, 1, 1, 1, 1, 1, 1, 1]",1.0,1.7857708999654278
33,2,proposed_c2f_adaptive_pd,1.0,0.06333333333333334,2,12,1280.0,2.1333333333333333,"[1, 1, 1, 1, 1, 1, 1, 1, 1, 1]",1.0,1.975996799999848
33,2,sense_sinr_budgeted,1.0,0.06,2,60,1280.0,2.1333333333333333,"[1, 1, 1, 1, 1, 1, 1, 1, 1, 1]",1.0,1.9760199000593275
34,2,proposed_c2f_adaptive_pd,1.0,0.04,2,15,1280.0,2.1333333333333333,"[1, 1, 1, 1, 1, 1, 1, 1, 1, 1]",1.0,2.28092419996392
34,2,sense_sinr_budgeted,1.0,0.06666666666666667,2,60,1280.0,2.1333333333333333,"[1, 1, 1, 1, 1, 1, 1, 1, 1, 1]",1.0,2.2809437999967486
35,2,proposed_c2f_adaptive_pd,0.9,0.04,2,15,1280.0,2.1333333333333333,"[1, 1, 1, 1, 1, 1, 1, 1, 0, 1]",1.0,2.5244210000382736
35,2,sense_sinr_budgeted,1.0,0.06333333333333334,2,60,1280.0,2.1333333333333333,"[1, 1, 1, 1, 1, 1, 1, 1, 1, 1]",1.0,2.5244402000680566
36,2,proposed_c2f_adaptive_pd,1.0,0.04666666666666667,0,10,0.0,0.0,"[1, 1, 1, 1, 1, 1, 1, 1, 1, 1]",1.0,1.6640027000103146
36,2,sense_sinr_budgeted,1.0,0.043333333333333335,2,60,1280.0,2.1333333333333333,"[1, 1, 1, 1, 1, 1, 1, 1, 1, 1]",0.9833333333333333,1.6640257000690326
37,2,proposed_c2f_adaptive_pd,0.9,0.03333333333333333,0,10,0.0,0.0,"[1, 1, 1, 1, 1, 1, 1, 1, 1, 0]",0.9,1.8409282999346033
37,2,sense_sinr_budgeted,0.9,0.02,2,60,1280.0,2.1333333333333333,"[1, 1, 1, 1, 1, 1, 1, 1, 1, 0]",0.9,1.8409474999643862
38,2,proposed_c2f_adaptive_pd,1.0,0.06333333333333334,0,10,0.0,0.0,"[1, 1, 1, 1, 1, 1, 1, 1, 1, 1]",1.0,1.6681731999851763
38,2,sense_sinr_budgeted,1.0,0.04666666666666667,2,60,1280.0,2.1333333333333333,"[1, 1, 1, 1, 1, 1, 1, 1, 1, 1]",1.0,1.6681934000225738
39,2,proposed_c2f_adaptive_pd,1.0,0.06333333333333334,0,10,0.0,0.0,"[1, 1, 1, 1, 1, 1, 1, 1, 1, 1]",1.0,1.7588940999703482
39,2,sense_sinr_budgeted,1.0,0.05333333333333334,2,60,1280.0,2.1333333333333333,"[1, 1, 1, 1, 1, 1, 1, 1, 1, 1]",1.0,1.7589143000077456
40,2,proposed_c2f_adaptive_pd,1.0,0.056666666666666664,2,12,1280.0,2.1333333333333333,"[1, 1, 1, 1, 1, 1, 1, 1, 1, 1]",1.0,2.0792802000651136
40,2,sense_sinr_budgeted,1.0,0.05,2,60,1280.0,2.1333333333333333,"[1, 1, 1, 1, 1, 1, 1, 1, 1, 1]",1.0,2.079303600010462
41,2,proposed_c2f_adaptive_pd,1.0,0.03666666666666667,0,11,0.0,0.0,"[1, 1, 1, 1, 1, 1, 1, 1, 1, 1]",1.0,1.8541270000860095
41,2,sense_sinr_budgeted,1.0,0.05333333333333334,2,60,1280.0,2.1333333333333333,"[1, 1, 1, 1, 1, 1, 1, 1, 1, 1]",1.0,1.8541463000001386
42,2,proposed_c2f_adaptive_pd,1.0,0.07333333333333333,1,11,640.0,1.0666666666666667,"[1, 1, 1, 1, 1, 1, 1, 1, 1, 1]",1.0,1.706269200076349
42,2,sense_sinr_budgeted,1.0,0.04666666666666667,2,60,1280.0,2.1333333333333333,"[1, 1, 1, 1, 1, 1, 1, 1, 1, 1]",1.0,1.7062885001068935
43,2,proposed_c2f_adaptive_pd,1.0,0.06,0,10,0.0,0.0,"[1, 1, 1, 1, 1, 1, 1, 1, 1, 1]",1.0,1.7366061999928206
43,2,sense_sinr_budgeted,1.0,0.056666666666666664,2,60,1280.0,2.1333333333333333,"[1, 1, 1, 1, 1, 1, 1, 1, 1, 1]",1.0,1.7366275999229401
44,2,proposed_c2f_adaptive_pd,1.0,0.05,2,21,1280.0,2.1333333333333333,"[1, 1, 1, 1, 1, 1, 1, 1, 1, 1]",1.0,2.872274599969387
44,2,sense_sinr_budgeted,1.0,0.02666666666666667,2,60,1280.0,2.1333333333333333,"[1, 1, 1, 1, 1, 1, 1, 1, 1, 1]",1.0,2.8723417000146583
45,2,proposed_c2f_adaptive_pd,1.0,0.056666666666666664,0,12,0.0,0.0,"[1, 1, 1, 1, 1, 1, 1, 1, 1, 1]",1.0,2.171047499985434
45,2,sense_sinr_budgeted,1.0,0.05,2,60,1280.0,2.1333333333333333,"[1, 1, 1, 1, 1, 1, 1, 1, 1, 1]",1.0,2.171080300002359
46,2,proposed_c2f_adaptive_pd,0.9,0.04,0,10,0.0,0.0,"[1, 1, 1, 1, 1, 0, 1, 1, 1, 1]",1.0,2.240868999972008
46,2,sense_sinr_budgeted,1.0,0.06,2,60,1280.0,2.1333333333333333,"[1, 1, 1, 1, 1, 1, 1, 1, 1, 1]",1.0,2.240888200001791
47,2,proposed_c2f_adaptive_pd,1.0,0.03333333333333333,0,10,0.0,0.0,"[1, 1, 1, 1, 1, 1, 1, 1, 1, 1]",1.0,2.2918182000285015
47,2,sense_sinr_budgeted,1.0,0.023333333333333334,2,60,1280.0,2.1333333333333333,"[1, 1, 1, 1, 1, 1, 1, 1, 1, 1]",1.0,2.2918551000766456
48,2,proposed_c2f_adaptive_pd,1.0,0.06,0,10,0.0,0.0,"[1, 1, 1, 1, 1, 1, 1, 1, 1, 1]",1.0,2.3999844000209123
48,2,sense_sinr_budgeted,1.0,0.056666666666666664,2,60,1280.0,2.1333333333333333,"[1, 1, 1, 1, 1, 1, 1, 1, 1, 1]",1.0,2.400003300048411
49,2,proposed_c2f_adaptive_pd,1.0,0.02,0,11,0.0,0.0,"[1, 1, 1, 1, 1, 1, 1, 1, 1, 1]",1.0,3.1185345998965204
49,2,sense_sinr_budgeted,1.0,0.056666666666666664,2,60,1280.0,2.1333333333333333,"[1, 1, 1, 1, 1, 1, 1, 1, 1, 1]",1.0,3.1185578999575227
50,2,proposed_c2f_adaptive_pd,1.0,0.06333333333333334,0,10,0.0,0.0,"[1, 1, 1, 1, 1, 1, 1, 1, 1, 1]",1.0,2.2887345999479294
50,2,sense_sinr_budgeted,1.0,0.03333333333333333,2,60,1280.0,2.1333333333333333,"[1, 1, 1, 1, 1, 1, 1, 1, 1, 1]",1.0,2.2887857999885455
51,2,proposed_c2f_adaptive_pd,1.0,0.04,0,11,0.0,0.0,"[1, 1, 1, 1, 1, 1, 1, 1, 1, 1]",1.0,2.583227999974042
51,2,sense_sinr_budgeted,1.0,0.05333333333333334,2,60,1280.0,2.1333333333333333,"[1, 1, 1, 1, 1, 1, 1, 1, 1, 1]",1.0,2.583264600019902
52,2,proposed_c2f_adaptive_pd,1.0,0.03666666666666667,0,10,0.0,0.0,"[1, 1, 1, 1, 1, 1, 1, 1, 1, 1]",1.0,2.2594567999476567
52,2,sense_sinr_budgeted,1.0,0.056666666666666664,2,60,1280.0,2.1333333333333333,"[1, 1, 1, 1, 1, 1, 1, 1, 1, 1]",1.0,2.2594909999752417
53,2,proposed_c2f_adaptive_pd,1.0,0.043333333333333335,0,10,0.0,0.0,"[1, 1, 1, 1, 1, 1, 1, 1, 1, 1]",1.0,2.2617977000772953
53,2,sense_sinr_budgeted,1.0,0.043333333333333335,2,60,1280.0,2.1333333333333333,"[1, 1, 1, 1, 1, 1, 1, 1, 1, 1]",1.0,2.2618380000349134
54,2,proposed_c2f_adaptive_pd,1.0,0.03666666666666667,0,10,0.0,0.0,"[1, 1, 1, 1, 1, 1, 1, 1, 1, 1]",1.0,2.597989400033839
54,2,sense_sinr_budgeted,1.0,0.02666666666666667,2,60,1280.0,2.1333333333333333,"[1, 1, 1, 1, 1, 1, 1, 1, 1, 1]",1.0,2.5980259000789374
55,2,proposed_c2f_adaptive_pd,1.0,0.06333333333333334,1,13,640.0,1.0666666666666667,"[1, 1, 1, 1, 1, 1, 1, 1, 1, 1]",1.0,2.823659999994561
55,2,sense_sinr_budgeted,1.0,0.043333333333333335,2,60,1280.0,2.1333333333333333,"[1, 1, 1, 1, 1, 1, 1, 1, 1, 1]",1.0,2.8236784000182524
56,2,proposed_c2f_adaptive_pd,1.0,0.05,1,11,640.0,1.0666666666666667,"[1, 1, 1, 1, 1, 1, 1, 1, 1, 1]",1.0,2.449392899987288
56,2,sense_sinr_budgeted,1.0,0.06,2,60,1280.0,2.1333333333333333,"[1, 1, 1, 1, 1, 1, 1, 1, 1, 1]",1.0,2.4494319999357685
57,2,proposed_c2f_adaptive_pd,1.0,0.043333333333333335,0,11,0.0,0.0,"[1, 1, 1, 1, 1, 1, 1, 1, 1, 1]",1.0,2.4811691000359133
57,2,sense_sinr_budgeted,1.0,0.05,2,60,1280.0,2.1333333333333333,"[1, 1, 1, 1, 1, 1, 1, 1, 1, 1]",1.0,2.4812060999684036
58,2,proposed_c2f_adaptive_pd,1.0,0.03666666666666667,0,10,0.0,0.0,"[1, 1, 1, 1, 1, 1, 1, 1, 1, 1]",1.0,2.393835199996829
58,2,sense_sinr_budgeted,1.0,0.05333333333333334,2,60,1280.0,2.1333333333333333,"[1, 1, 1, 1, 1, 1, 1, 1, 1, 1]",1.0,2.3938590000616387
59,2,proposed_c2f_adaptive_pd,1.0,0.056666666666666664,0,10,0.0,0.0,"[1, 1, 1, 1, 1, 1, 1, 1, 1, 1]",1.0,2.4597704999614507
59,2,sense_sinr_budgeted,1.0,0.023333333333333334,2,60,1280.0,2.1333333333333333,"[1, 1, 1, 1, 1, 1, 1, 1, 1, 1]",1.0,2.4598086000187322
60,2,proposed_c2f_adaptive_pd,1.0,0.043333333333333335,0,14,0.0,0.0,"[1, 1, 1, 1, 1, 1, 1, 1, 1, 1]",1.0,3.0765854999190196
60,2,sense_sinr_budgeted,1.0,0.06666666666666667,2,60,1280.0,2.1333333333333333,"[1, 1, 1, 1, 1, 1, 1, 1, 1, 1]",1.0,3.0766233999747783
61,2,proposed_c2f_adaptive_pd,1.0,0.05333333333333334,1,11,640.0,1.0666666666666667,"[1, 1, 1, 1, 1, 1, 1, 1, 1, 1]",1.0,2.7732191999675706
61,2,sense_sinr_budgeted,1.0,0.06666666666666667,2,60,1280.0,2.1333333333333333,"[1, 1, 1, 1, 1, 1, 1, 1, 1, 1]",1.0,2.7732378999935463
62,2,proposed_c2f_adaptive_pd,1.0,0.03666666666666667,0,10,0.0,0.0,"[1, 1, 1, 1, 1, 1, 1, 1, 1, 1]",1.0,2.284520099987276
62,2,sense_sinr_budgeted,1.0,0.07,2,60,1280.0,2.1333333333333333,"[1, 1, 1, 1, 1, 1, 1, 1, 1, 1]",1.0,2.2845490999752656
63,2,proposed_c2f_adaptive_pd,1.0,0.04666666666666667,0,11,0.0,0.0,"[1, 1, 1, 1, 1, 1, 1, 1, 1, 1]",1.0,2.44683090003673
63,2,sense_sinr_budgeted,1.0,0.043333333333333335,2,60,1280.0,2.1333333333333333,"[1, 1, 1, 1, 1, 1, 1, 1, 1, 1]",1.0,2.446872800006531
64,2,proposed_c2f_adaptive_pd,0.9,0.03333333333333333,2,14,1280.0,2.1333333333333333,"[1, 1, 1, 1, 1, 1, 1, 1, 1, 0]",0.9285714285714286,2.770556400064379
64,2,sense_sinr_budgeted,1.0,0.07333333333333333,2,60,1280.0,2.1333333333333333,"[1, 1, 1, 1, 1, 1, 1, 1, 1, 1]",1.0,2.770575499976985
65,2,proposed_c2f_adaptive_pd,1.0,0.04666666666666667,0,11,0.0,0.0,"[1, 1, 1, 1, 1, 1, 1, 1, 1, 1]",1.0,2.396178299910389
65,2,sense_sinr_budgeted,1.0,0.04666666666666667,2,60,1280.0,2.1333333333333333,"[1, 1, 1, 1, 1, 1, 1, 1, 1, 1]",1.0,2.3961967999348417
66,2,proposed_c2f_adaptive_pd,1.0,0.03,0,10,0.0,0.0,"[1, 1, 1, 1, 1, 1, 1, 1, 1, 1]",1.0,2.321701299981214
66,2,sense_sinr_budgeted,1.0,0.05333333333333334,2,60,1280.0,2.1333333333333333,"[1, 1, 1, 1, 1, 1, 1, 1, 1, 1]",0.9833333333333333,2.321720900014043
67,2,proposed_c2f_adaptive_pd,1.0,0.07,0,11,0.0,0.0,"[1, 1, 1, 1, 1, 1, 1, 1, 1, 1]",1.0,2.6065931000048295
67,2,sense_sinr_budgeted,1.0,0.09666666666666666,2,60,1280.0,2.1333333333333333,"[1, 1, 1, 1, 1, 1, 1, 1, 1, 1]",1.0,2.6066119000315666
68,2,proposed_c2f_adaptive_pd,1.0,0.05,1,15,640.0,1.0666666666666667,"[1, 1, 1, 1, 1, 1, 1, 1, 1, 1]",1.0,3.310621800017543
68,2,sense_sinr_budgeted,1.0,0.08,2,60,1280.0,2.1333333333333333,"[1, 1, 1, 1, 1, 1, 1, 1, 1, 1]",1.0,3.310660400078632
69,2,proposed_c2f_adaptive_pd,1.0,0.056666666666666664,2,14,1280.0,2.1333333333333333,"[1, 1, 1, 1, 1, 1, 1, 1, 1, 1]",1.0,2.81246370007284
69,2,sense_sinr_budgeted,1.0,0.043333333333333335,2,60,1280.0,2.1333333333333333,"[1, 1, 1, 1, 1, 1, 1, 1, 1, 1]",1.0,2.81250070000533
70,2,proposed_c2f_adaptive_pd,0.9,0.04,0,10,0.0,0.0,"[1, 0, 1, 1, 1, 1, 1, 1, 1, 1]",0.9,2.3088197000324726
70,2,sense_sinr_budgeted,1.0,0.04666666666666667,2,60,1280.0,2.1333333333333333,"[1, 1, 1, 1, 1, 1, 1, 1, 1, 1]",0.9833333333333333,2.308838100056164
71,2,proposed_c2f_adaptive_pd,1.0,0.056666666666666664,1,12,640.0,1.0666666666666667,"[1, 1, 1, 1, 1, 1, 1, 1, 1, 1]",1.0,2.9202303000492975
71,2,sense_sinr_budgeted,1.0,0.06333333333333334,2,60,1280.0,2.1333333333333333,"[1, 1, 1, 1, 1, 1, 1, 1, 1, 1]",1.0,2.920268499990925
72,2,proposed_c2f_adaptive_pd,0.9,0.02666666666666667,1,10,640.0,1.0666666666666667,"[0, 1, 1, 1, 1, 1, 1, 1, 1, 1]",0.9,2.4787044000113383
72,2,sense_sinr_budgeted,1.0,0.056666666666666664,2,60,1280.0,2.1333333333333333,"[1, 1, 1, 1, 1, 1, 1, 1, 1, 1]",0.9166666666666666,2.4787241000449285
73,2,proposed_c2f_adaptive_pd,0.9,0.07666666666666666,0,10,0.0,0.0,"[1, 1, 0, 1, 1, 1, 1, 1, 1, 1]",1.0,2.3953622999833897
73,2,sense_sinr_budgeted,1.0,0.056666666666666664,2,60,1280.0,2.1333333333333333,"[1, 1, 1, 1, 1, 1, 1, 1, 1, 1]",0.9833333333333333,2.395399700035341
74,2,proposed_c2f_adaptive_pd,1.0,0.04666666666666667,0,11,0.0,0.0,"[1, 1, 1, 1, 1, 1, 1, 1, 1, 1]",1.0,2.5896893999306485
74,2,sense_sinr_budgeted,1.0,0.06,2,60,1280.0,2.1333333333333333,"[1, 1, 1, 1, 1, 1, 1, 1, 1, 1]",1.0,2.5897089999634773
75,2,proposed_c2f_adaptive_pd,1.0,0.03333333333333333,0,10,0.0,0.0,"[1, 1, 1, 1, 1, 1, 1, 1, 1, 1]",1.0,2.547308300039731
75,2,sense_sinr_budgeted,1.0,0.06,2,60,1280.0,2.1333333333333333,"[1, 1, 1, 1, 1, 1, 1, 1, 1, 1]",1.0,2.547327300067991
76,2,proposed_c2f_adaptive_pd,1.0,0.02666666666666667,0,15,0.0,0.0,"[1, 1, 1, 1, 1, 1, 1, 1, 1, 1]",1.0,3.4676893000723794
76,2,sense_sinr_budgeted,1.0,0.02666666666666667,2,60,1280.0,2.1333333333333333,"[1, 1, 1, 1, 1, 1, 1, 1, 1, 1]",1.0,3.4677092001074925
77,2,proposed_c2f_adaptive_pd,1.0,0.04,0,12,0.0,0.0,"[1, 1, 1, 1, 1, 1, 1, 1, 1, 1]",1.0,2.844041800010018
77,2,sense_sinr_budgeted,1.0,0.03666666666666667,2,60,1280.0,2.1333333333333333,"[1, 1, 1, 1, 1, 1, 1, 1, 1, 1]",0.9666666666666667,2.844073800020851
78,2,proposed_c2f_adaptive_pd,1.0,0.03,0,10,0.0,0.0,"[1, 1, 1, 1, 1, 1, 1, 1, 1, 1]",1.0,2.221695000072941
78,2,sense_sinr_budgeted,1.0,0.02666666666666667,2,60,1280.0,2.1333333333333333,"[1, 1, 1, 1, 1, 1, 1, 1, 1, 1]",0.9833333333333333,2.221719600027427
79,2,proposed_c2f_adaptive_pd,1.0,0.05333333333333334,0,10,0.0,0.0,"[1, 1, 1, 1, 1, 1, 1, 1, 1, 1]",1.0,2.320258199935779
79,2,sense_sinr_budgeted,1.0,0.07,2,60,1280.0,2.1333333333333333,"[1, 1, 1, 1, 1, 1, 1, 1, 1, 1]",1.0,2.320277599967085
80,2,proposed_c2f_adaptive_pd,1.0,0.02666666666666667,0,11,0.0,0.0,"[1, 1, 1, 1, 1, 1, 1, 1, 1, 1]",1.0,2.301403500023298
80,2,sense_sinr_budgeted,1.0,0.05,2,60,1280.0,2.1333333333333333,"[1, 1, 1, 1, 1, 1, 1, 1, 1, 1]",1.0,2.3014420000836253
81,2,proposed_c2f_adaptive_pd,1.0,0.03333333333333333,2,20,1280.0,2.1333333333333333,"[1, 1, 1, 1, 1, 1, 1, 1, 1, 1]",1.0,2.9887853000545874
81,2,sense_sinr_budgeted,0.9,0.08,2,60,1280.0,2.1333333333333333,"[1, 1, 1, 1, 1, 0, 1, 1, 1, 1]",1.0,2.9888038999633864
82,2,proposed_c2f_adaptive_pd,1.0,0.043333333333333335,0,10,0.0,0.0,"[1, 1, 1, 1, 1, 1, 1, 1, 1, 1]",1.0,2.3204152000835165
82,2,sense_sinr_budgeted,1.0,0.06333333333333334,2,60,1280.0,2.1333333333333333,"[1, 1, 1, 1, 1, 1, 1, 1, 1, 1]",1.0,2.3204512000083923
83,2,proposed_c2f_adaptive_pd,1.0,0.06,2,27,1280.0,2.1333333333333333,"[1, 1, 1, 1, 1, 1, 1, 1, 1, 1]",1.0,4.1715817000949755
83,2,sense_sinr_budgeted,0.9,0.06333333333333334,2,60,1280.0,2.1333333333333333,"[1, 1, 0, 1, 1, 1, 1, 1, 1, 1]",1.0,4.171600400004536
84,2,proposed_c2f_adaptive_pd,1.0,0.02666666666666667,0,10,0.0,0.0,"[1, 1, 1, 1, 1, 1, 1, 1, 1, 1]",1.0,2.427146700094454
84,2,sense_sinr_budgeted,1.0,0.05,2,60,1280.0,2.1333333333333333,"[1, 1, 1, 1, 1, 1, 1, 1, 1, 1]",1.0,2.427165300003253
85,2,proposed_c2f_adaptive_pd,1.0,0.03666666666666667,0,11,0.0,0.0,"[1, 1, 1, 1, 1, 1, 1, 1, 1, 1]",1.0,2.7260091999778524
85,2,sense_sinr_budgeted,1.0,0.04,2,60,1280.0,2.1333333333333333,"[1, 1, 1, 1, 1, 1, 1, 1, 1, 1]",1.0,2.726027900003828
86,2,proposed_c2f_adaptive_pd,1.0,0.043333333333333335,2,14,1280.0,2.1333333333333333,"[1, 1, 1, 1, 1, 1, 1, 1, 1, 1]",1.0,3.2026635999791324
86,2,sense_sinr_budgeted,1.0,0.06666666666666667,2,60,1280.0,2.1333333333333333,"[1, 1, 1, 1, 1, 1, 1, 1, 1, 1]",1.0,3.2026873999275267
87,2,proposed_c2f_adaptive_pd,1.0,0.056666666666666664,2,16,1280.0,2.1333333333333333,"[1, 1, 1, 1, 1, 1, 1, 1, 1, 1]",1.0,3.1521947000874206
87,2,sense_sinr_budgeted,1.0,0.043333333333333335,2,60,1280.0,2.1333333333333333,"[1, 1, 1, 1, 1, 1, 1, 1, 1, 1]",1.0,3.1522321000229567
88,2,proposed_c2f_adaptive_pd,1.0,0.043333333333333335,0,10,0.0,0.0,"[1, 1, 1, 1, 1, 1, 1, 1, 1, 1]",1.0,2.451272099977359
88,2,sense_sinr_budgeted,1.0,0.03666666666666667,2,60,1280.0,2.1333333333333333,"[1, 1, 1, 1, 1, 1, 1, 1, 1, 1]",1.0,2.451311400043778
89,2,proposed_c2f_adaptive_pd,1.0,0.05333333333333334,0,10,0.0,0.0,"[1, 1, 1, 1, 1, 1, 1, 1, 1, 1]",1.0,2.723756300052628
89,2,sense_sinr_budgeted,1.0,0.03666666666666667,2,60,1280.0,2.1333333333333333,"[1, 1, 1, 1, 1, 1, 1, 1, 1, 1]",1.0,2.723775100079365
90,2,proposed_c2f_adaptive_pd,1.0,0.03,0,10,0.0,0.0,"[1, 1, 1, 1, 1, 1, 1, 1, 1, 1]",1.0,2.440734300063923
90,2,sense_sinr_budgeted,1.0,0.03333333333333333,2,60,1280.0,2.1333333333333333,"[1, 1, 1, 1, 1, 1, 1, 1, 1, 1]",1.0,2.440757400006987
91,2,proposed_c2f_adaptive_pd,1.0,0.06,0,10,0.0,0.0,"[1, 1, 1, 1, 1, 1, 1, 1, 1, 1]",1.0,2.3879018999869004
91,2,sense_sinr_budgeted,1.0,0.06333333333333334,2,60,1280.0,2.1333333333333333,"[1, 1, 1, 1, 1, 1, 1, 1, 1, 1]",1.0,2.387942700064741
92,2,proposed_c2f_adaptive_pd,1.0,0.05,2,15,1280.0,2.1333333333333333,"[1, 1, 1, 1, 1, 1, 1, 1, 1, 1]",1.0,3.363223399966955
92,2,sense_sinr_budgeted,1.0,0.06666666666666667,2,60,1280.0,2.1333333333333333,"[1, 1, 1, 1, 1, 1, 1, 1, 1, 1]",1.0,3.363242099992931
93,2,proposed_c2f_adaptive_pd,0.9,0.06666666666666667,0,10,0.0,0.0,"[1, 1, 1, 1, 1, 0, 1, 1, 1, 1]",1.0,2.4160063000163063
93,2,sense_sinr_budgeted,1.0,0.03,2,60,1280.0,2.1333333333333333,"[1, 1, 1, 1, 1, 1, 1, 1, 1, 1]",1.0,2.4160423999419436
94,2,proposed_c2f_adaptive_pd,1.0,0.04,0,10,0.0,0.0,"[1, 1, 1, 1, 1, 1, 1, 1, 1, 1]",1.0,2.422479600063525
94,2,sense_sinr_budgeted,1.0,0.05,2,60,1280.0,2.1333333333333333,"[1, 1, 1, 1, 1, 1, 1, 1, 1, 1]",1.0,2.422499200096354
95,2,proposed_c2f_adaptive_pd,1.0,0.06,0,10,0.0,0.0,"[1, 1, 1, 1, 1, 1, 1, 1, 1, 1]",1.0,2.3576421999605373
95,2,sense_sinr_budgeted,1.0,0.06,2,60,1280.0,2.1333333333333333,"[1, 1, 1, 1, 1, 1, 1, 1, 1, 1]",1.0,2.357683299924247
96,2,proposed_c2f_adaptive_pd,1.0,0.06666666666666667,0,10,0.0,0.0,"[1, 1, 1, 1, 1, 1, 1, 1, 1, 1]",1.0,2.067564900033176
96,2,sense_sinr_budgeted,1.0,0.03,2,60,1280.0,2.1333333333333333,"[1, 1, 1, 1, 1, 1, 1, 1, 1, 1]",1.0,2.067594000021927
97,2,proposed_c2f_adaptive_pd,1.0,0.04,0,10,0.0,0.0,"[1, 1, 1, 1, 1, 1, 1, 1, 1, 1]",1.0,2.4403693999629468
97,2,sense_sinr_budgeted,1.0,0.03333333333333333,2,60,1280.0,2.1333333333333333,"[1, 1, 1, 1, 1, 1, 1, 1, 1, 1]",1.0,2.440407000016421
98,2,proposed_c2f_adaptive_pd,1.0,0.05333333333333334,1,12,640.0,1.0666666666666667,"[1, 1, 1, 1, 1, 1, 1, 1, 1, 1]",1.0,2.4686131000053138
98,2,sense_sinr_budgeted,1.0,0.056666666666666664,2,60,1280.0,2.1333333333333333,"[1, 1, 1, 1, 1, 1, 1, 1, 1, 1]",1.0,2.4686323000350967
99,2,proposed_c2f_adaptive_pd,1.0,0.056666666666666664,0,11,0.0,0.0,"[1, 1, 1, 1, 1, 1, 1, 1, 1, 1]",1.0,2.7837642999365926
99,2,sense_sinr_budgeted,1.0,0.04,2,60,1280.0,2.1333333333333333,"[1, 1, 1, 1, 1, 1, 1, 1, 1, 1]",1.0,2.783783199964091
0,4,proposed_c2f_adaptive_pd,1.0,0.06,0,10,0.0,0.0,"[1, 1, 1, 1, 1, 1, 1, 1, 1, 1]",1.0,2.3798056000377983
0,4,sense_sinr_budgeted,1.0,0.04666666666666667,4,60,2560.0,4.266666666666667,"[1, 1, 1, 1, 1, 1, 1, 1, 1, 1]",1.0,2.379824500065297
1,4,proposed_c2f_adaptive_pd,0.9,0.06,3,30,1920.0,3.2,"[1, 1, 1, 1, 0, 1, 1, 1, 1, 1]",1.0,5.154891500016674
1,4,sense_sinr_budgeted,0.9,0.04,4,60,2560.0,4.266666666666667,"[1, 1, 1, 1, 0, 1, 1, 1, 1, 1]",1.0,5.154927700059488
2,4,proposed_c2f_adaptive_pd,1.0,0.06333333333333334,0,10,0.0,0.0,"[1, 1, 1, 1, 1, 1, 1, 1, 1, 1]",1.0,2.484039400005713
2,4,sense_sinr_budgeted,1.0,0.07333333333333333,4,60,2560.0,4.266666666666667,"[1, 1, 1, 1, 1, 1, 1, 1, 1, 1]",1.0,2.4841062000487
3,4,proposed_c2f_adaptive_pd,1.0,0.07,4,20,2560.0,4.266666666666667,"[1, 1, 1, 1, 1, 1, 1, 1, 1, 1]",1.0,4.347560699912719
3,4,sense_sinr_budgeted,1.0,0.043333333333333335,4,60,2560.0,4.266666666666667,"[1, 1, 1, 1, 1, 1, 1, 1, 1, 1]",1.0,4.3476006999844685
4,4,proposed_c2f_adaptive_pd,1.0,0.05,0,10,0.0,0.0,"[1, 1, 1, 1, 1, 1, 1, 1, 1, 1]",1.0,2.3588450000388548
4,4,sense_sinr_budgeted,1.0,0.03666666666666667,4,60,2560.0,4.266666666666667,"[1, 1, 1, 1, 1, 1, 1, 1, 1, 1]",1.0,2.3588688999880105
5,4,proposed_c2f_adaptive_pd,1.0,0.043333333333333335,1,12,640.0,1.0666666666666667,"[1, 1, 1, 1, 1, 1, 1, 1, 1, 1]",1.0,3.428916299948469
5,4,sense_sinr_budgeted,1.0,0.056666666666666664,4,60,2560.0,4.266666666666667,"[1, 1, 1, 1, 1, 1, 1, 1, 1, 1]",1.0,3.428954800008796
6,4,proposed_c2f_adaptive_pd,1.0,0.06,0,11,0.0,0.0,"[1, 1, 1, 1, 1, 1, 1, 1, 1, 1]",1.0,2.40306669997517
6,4,sense_sinr_budgeted,1.0,0.056666666666666664,4,60,2560.0,4.266666666666667,"[1, 1, 1, 1, 1, 1, 1, 1, 1, 1]",1.0,2.403085600002669
7,4,proposed_c2f_adaptive_pd,1.0,0.07666666666666666,2,15,1280.0,2.1333333333333333,"[1, 1, 1, 1, 1, 1, 1, 1, 1, 1]",1.0,3.1078658000333235
7,4,sense_sinr_budgeted,1.0,0.07333333333333333,4,60,2560.0,4.266666666666667,"[1, 1, 1, 1, 1, 1, 1, 1, 1, 1]",1.0,3.1079432000406086
8,4,proposed_c2f_adaptive_pd,0.9,0.06333333333333334,0,10,0.0,0.0,"[0, 1, 1, 1, 1, 1, 1, 1, 1, 1]",1.0,2.4134293000679463
8,4,sense_sinr_budgeted,1.0,0.043333333333333335,4,60,2560.0,4.266666666666667,"[1, 1, 1, 1, 1, 1, 1, 1, 1, 1]",1.0,2.4134524000110105
9,4,proposed_c2f_adaptive_pd,1.0,0.043333333333333335,0,16,0.0,0.0,"[1, 1, 1, 1, 1, 1, 1, 1, 1, 1]",1.0,3.5602457999484614
9,4,sense_sinr_budgeted,1.0,0.056666666666666664,4,60,2560.0,4.266666666666667,"[1, 1, 1, 1, 1, 1, 1, 1, 1, 1]",1.0,3.560266899992712
10,4,proposed_c2f_adaptive_pd,1.0,0.06,0,12,0.0,0.0,"[1, 1, 1, 1, 1, 1, 1, 1, 1, 1]",1.0,2.587773700011894
10,4,sense_sinr_budgeted,1.0,0.03666666666666667,4,60,2560.0,4.266666666666667,"[1, 1, 1, 1, 1, 1, 1, 1, 1, 1]",1.0,2.5878088999306783
11,4,proposed_c2f_adaptive_pd,0.8,0.05333333333333334,0,11,0.0,0.0,"[1, 1, 1, 1, 1, 0, 1, 1, 0, 1]",0.9090909090909091,2.551878899917938
11,4,sense_sinr_budgeted,0.9,0.05,4,60,2560.0,4.266666666666667,"[1, 1, 1, 1, 1, 0, 1, 1, 1, 1]",0.9833333333333333,2.5519212998915464
12,4,proposed_c2f_adaptive_pd,0.9,0.05,0,11,0.0,0.0,"[1, 1, 1, 1, 1, 1, 1, 0, 1, 1]",0.9090909090909091,2.6005329999607056
12,4,sense_sinr_budgeted,1.0,0.03,4,60,2560.0,4.266666666666667,"[1, 1, 1, 1, 1, 1, 1, 1, 1, 1]",0.9833333333333333,2.6005519999889657
13,4,proposed_c2f_adaptive_pd,1.0,0.05333333333333334,0,10,0.0,0.0,"[1, 1, 1, 1, 1, 1, 1, 1, 1, 1]",1.0,2.625368700013496
13,4,sense_sinr_budgeted,1.0,0.03333333333333333,4,60,2560.0,4.266666666666667,"[1, 1, 1, 1, 1, 1, 1, 1, 1, 1]",1.0,2.625387700041756
14,4,proposed_c2f_adaptive_pd,0.9,0.05,0,10,0.0,0.0,"[1, 1, 1, 1, 1, 0, 1, 1, 1, 1]",1.0,2.075495299999602
14,4,sense_sinr_budgeted,1.0,0.04666666666666667,4,60,2560.0,4.266666666666667,"[1, 1, 1, 1, 1, 1, 1, 1, 1, 1]",1.0,2.0755324999336153
15,4,proposed_c2f_adaptive_pd,1.0,0.05,1,12,640.0,1.0666666666666667,"[1, 1, 1, 1, 1, 1, 1, 1, 1, 1]",1.0,3.579807600006461
15,4,sense_sinr_budgeted,1.0,0.043333333333333335,4,60,2560.0,4.266666666666667,"[1, 1, 1, 1, 1, 1, 1, 1, 1, 1]",1.0,3.5798476999625564
16,4,proposed_c2f_adaptive_pd,1.0,0.043333333333333335,0,10,0.0,0.0,"[1, 1, 1, 1, 1, 1, 1, 1, 1, 1]",1.0,1.9074490999337286
16,4,sense_sinr_budgeted,1.0,0.05,4,60,2560.0,4.266666666666667,"[1, 1, 1, 1, 1, 1, 1, 1, 1, 1]",1.0,1.9074684999650344
17,4,proposed_c2f_adaptive_pd,1.0,0.04,0,10,0.0,0.0,"[1, 1, 1, 1, 1, 1, 1, 1, 1, 1]",1.0,2.130276900017634
17,4,sense_sinr_budgeted,1.0,0.06333333333333334,4,60,2560.0,4.266666666666667,"[1, 1, 1, 1, 1, 1, 1, 1, 1, 1]",1.0,2.1303138999501243
18,4,proposed_c2f_adaptive_pd,1.0,0.07333333333333333,0,11,0.0,0.0,"[1, 1, 1, 1, 1, 1, 1, 1, 1, 1]",1.0,2.5659808999625966
18,4,sense_sinr_budgeted,1.0,0.06666666666666667,4,60,2560.0,4.266666666666667,"[1, 1, 1, 1, 1, 1, 1, 1, 1, 1]",1.0,2.565999799990095
19,4,proposed_c2f_adaptive_pd,1.0,0.06,0,11,0.0,0.0,"[1, 1, 1, 1, 1, 1, 1, 1, 1, 1]",1.0,2.5991558000678197
19,4,sense_sinr_budgeted,1.0,0.07333333333333333,4,60,2560.0,4.266666666666667,"[1, 1, 1, 1, 1, 1, 1, 1, 1, 1]",1.0,2.599192399997264
20,4,proposed_c2f_adaptive_pd,1.0,0.03666666666666667,0,10,0.0,0.0,"[1, 1, 1, 1, 1, 1, 1, 1, 1, 1]",1.0,2.1647837000200525
20,4,sense_sinr_budgeted,1.0,0.06,4,60,2560.0,4.266666666666667,"[1, 1, 1, 1, 1, 1, 1, 1, 1, 1]",1.0,2.1648210000712425
21,4,proposed_c2f_adaptive_pd,1.0,0.06666666666666667,1,15,640.0,1.0666666666666667,"[1, 1, 1, 1, 1, 1, 1, 1, 1, 1]",1.0,3.1016724000219256
21,4,sense_sinr_budgeted,1.0,0.043333333333333335,4,60,2560.0,4.266666666666667,"[1, 1, 1, 1, 1, 1, 1, 1, 1, 1]",1.0,3.101692200056277
22,4,proposed_c2f_adaptive_pd,1.0,0.06333333333333334,0,10,0.0,0.0,"[1, 1, 1, 1, 1, 1, 1, 1, 1, 1]",1.0,2.373981799930334
22,4,sense_sinr_budgeted,1.0,0.04,4,60,2560.0,4.266666666666667,"[1, 1, 1, 1, 1, 1, 1, 1, 1, 1]",1.0,2.374019099981524
23,4,proposed_c2f_adaptive_pd,1.0,0.03333333333333333,0,10,0.0,0.0,"[1, 1, 1, 1, 1, 1, 1, 1, 1, 1]",1.0,2.612719500088133
23,4,sense_sinr_budgeted,1.0,0.04,4,60,2560.0,4.266666666666667,"[1, 1, 1, 1, 1, 1, 1, 1, 1, 1]",1.0,2.6127564000198618
24,4,proposed_c2f_adaptive_pd,1.0,0.04,0,10,0.0,0.0,"[1, 1, 1, 1, 1, 1, 1, 1, 1, 1]",1.0,2.382203600020148
24,4,sense_sinr_budgeted,1.0,0.06,4,60,2560.0,4.266666666666667,"[1, 1, 1, 1, 1, 1, 1, 1, 1, 1]",0.9833333333333333,2.3822419999632984
25,4,proposed_c2f_adaptive_pd,1.0,0.06,3,15,1920.0,3.2,"[1, 1, 1, 1, 1, 1, 1, 1, 1, 1]",1.0,2.971225699991919
25,4,sense_sinr_budgeted,0.9,0.04,4,60,2560.0,4.266666666666667,"[1, 1, 1, 1, 1, 1, 0, 1, 1, 1]",1.0,2.971264300053008
26,4,proposed_c2f_adaptive_pd,0.9,0.06,0,10,0.0,0.0,"[1, 1, 1, 1, 1, 1, 1, 1, 0, 1]",1.0,2.3667321000248194
26,4,sense_sinr_budgeted,1.0,0.06666666666666667,4,60,2560.0,4.266666666666667,"[1, 1, 1, 1, 1, 1, 1, 1, 1, 1]",1.0,2.3667676000623032
27,4,proposed_c2f_adaptive_pd,1.0,0.03333333333333333,0,10,0.0,0.0,"[1, 1, 1, 1, 1, 1, 1, 1, 1, 1]",1.0,2.7094996999949217
27,4,sense_sinr_budgeted,1.0,0.07,4,60,2560.0,4.266666666666667,"[1, 1, 1, 1, 1, 1, 1, 1, 1, 1]",1.0,2.709551600040868
28,4,proposed_c2f_adaptive_pd,1.0,0.043333333333333335,0,11,0.0,0.0,"[1, 1, 1, 1, 1, 1, 1, 1, 1, 1]",1.0,2.7339789000106975
28,4,sense_sinr_budgeted,1.0,0.04666666666666667,4,60,2560.0,4.266666666666667,"[1, 1, 1, 1, 1, 1, 1, 1, 1, 1]",0.9833333333333333,2.733997800038196
29,4,proposed_c2f_adaptive_pd,0.9,0.05,4,20,2560.0,4.266666666666667,"[1, 1, 1, 1, 1, 1, 1, 1, 0, 1]",1.0,3.5623883000807837
29,4,sense_sinr_budgeted,0.9,0.056666666666666664,4,60,2560.0,4.266666666666667,"[1, 1, 1, 1, 1, 1, 1, 1, 0, 1]",1.0,3.562407199991867
30,4,proposed_c2f_adaptive_pd,1.0,0.03666666666666667,0,11,0.0,0.0,"[1, 1, 1, 1, 1, 1, 1, 1, 1, 1]",1.0,2.909732799977064
30,4,sense_sinr_budgeted,1.0,0.043333333333333335,4,60,2560.0,4.266666666666667,"[1, 1, 1, 1, 1, 1, 1, 1, 1, 1]",1.0,2.9097678000107408
31,4,proposed_c2f_adaptive_pd,1.0,0.06333333333333334,0,10,0.0,0.0,"[1, 1, 1, 1, 1, 1, 1, 1, 1, 1]",1.0,2.2369571999879554
31,4,sense_sinr_budgeted,1.0,0.05,4,60,2560.0,4.266666666666667,"[1, 1, 1, 1, 1, 1, 1, 1, 1, 1]",0.9333333333333333,2.236993100028485
32,4,proposed_c2f_adaptive_pd,0.8,0.04666666666666667,0,10,0.0,0.0,"[1, 1, 1, 1, 0, 1, 0, 1, 1, 1]",1.0,2.334339400054887
32,4,sense_sinr_budgeted,1.0,0.04,4,60,2560.0,4.266666666666667,"[1, 1, 1, 1, 1, 1, 1, 1, 1, 1]",1.0,2.33435930009
33,4,proposed_c2f_adaptive_pd,1.0,0.06333333333333334,2,12,1280.0,2.1333333333333333,"[1, 1, 1, 1, 1, 1, 1, 1, 1, 1]",1.0,3.051635100040585
33,4,sense_sinr_budgeted,1.0,0.06666666666666667,4,60,2560.0,4.266666666666667,"[1, 1, 1, 1, 1, 1, 1, 1, 1, 1]",1.0,3.051671899971552
34,4,proposed_c2f_adaptive_pd,1.0,0.03666666666666667,3,13,1920.0,3.2,"[1, 1, 1, 1, 1, 1, 1, 1, 1, 1]",1.0,3.310484599904157
34,4,sense_sinr_budgeted,1.0,0.06333333333333334,4,60,2560.0,4.266666666666667,"[1, 1, 1, 1, 1, 1, 1, 1, 1, 1]",1.0,3.3105221999576315
35,4,proposed_c2f_adaptive_pd,0.9,0.04,3,15,1920.0,3.2,"[1, 1, 1, 1, 1, 1, 1, 1, 0, 1]",1.0,3.4718229999998584
35,4,sense_sinr_budgeted,1.0,0.06,4,60,2560.0,4.266666666666667,"[1, 1, 1, 1, 1, 1, 1, 1, 1, 1]",1.0,3.471861599944532
36,4,proposed_c2f_adaptive_pd,1.0,0.04666666666666667,0,10,0.0,0.0,"[1, 1, 1, 1, 1, 1, 1, 1, 1, 1]",1.0,2.189451100071892
36,4,sense_sinr_budgeted,1.0,0.04666666666666667,4,60,2560.0,4.266666666666667,"[1, 1, 1, 1, 1, 1, 1, 1, 1, 1]",0.9666666666666667,2.1894774000393227
37,4,proposed_c2f_adaptive_pd,0.9,0.03333333333333333,0,10,0.0,0.0,"[1, 1, 1, 1, 1, 1, 1, 1, 1, 0]",0.9,2.5010936999460682
37,4,sense_sinr_budgeted,0.9,0.023333333333333334,4,60,2560.0,4.266666666666667,"[1, 1, 1, 1, 1, 1, 1, 1, 1, 0]",0.9,2.5011124999728054
38,4,proposed_c2f_adaptive_pd,1.0,0.06333333333333334,0,10,0.0,0.0,"[1, 1, 1, 1, 1, 1, 1, 1, 1, 1]",1.0,2.1810864000581205
38,4,sense_sinr_budgeted,1.0,0.043333333333333335,4,60,2560.0,4.266666666666667,"[1, 1, 1, 1, 1, 1, 1, 1, 1, 1]",1.0,2.1811244999989867
39,4,proposed_c2f_adaptive_pd,1.0,0.06333333333333334,0,10,0.0,0.0,"[1, 1, 1, 1, 1, 1, 1, 1, 1, 1]",1.0,2.3762296999339014
39,4,sense_sinr_budgeted,1.0,0.05,4,60,2560.0,4.266666666666667,"[1, 1, 1, 1, 1, 1, 1, 1, 1, 1]",1.0,2.37624929996673
40,4,proposed_c2f_adaptive_pd,1.0,0.056666666666666664,2,12,1280.0,2.1333333333333333,"[1, 1, 1, 1, 1, 1, 1, 1, 1, 1]",1.0,3.3051249000709504
40,4,sense_sinr_budgeted,1.0,0.05,4,60,2560.0,4.266666666666667,"[1, 1, 1, 1, 1, 1, 1, 1, 1, 1]",1.0,3.3051634000148624
41,4,proposed_c2f_adaptive_pd,1.0,0.03666666666666667,0,11,0.0,0.0,"[1, 1, 1, 1, 1, 1, 1, 1, 1, 1]",1.0,2.399862700025551
41,4,sense_sinr_budgeted,1.0,0.05333333333333334,4,60,2560.0,4.266666666666667,"[1, 1, 1, 1, 1, 1, 1, 1, 1, 1]",1.0,2.3998822000576183
42,4,proposed_c2f_adaptive_pd,1.0,0.07333333333333333,1,11,640.0,1.0666666666666667,"[1, 1, 1, 1, 1, 1, 1, 1, 1, 1]",1.0,2.334832499967888
42,4,sense_sinr_budgeted,1.0,0.043333333333333335,4,60,2560.0,4.266666666666667,"[1, 1, 1, 1, 1, 1, 1, 1, 1, 1]",1.0,2.3348517999984324
43,4,proposed_c2f_adaptive_pd,1.0,0.06,0,10,0.0,0.0,"[1, 1, 1, 1, 1, 1, 1, 1, 1, 1]",1.0,2.3455414000200108
43,4,sense_sinr_budgeted,1.0,0.06,4,60,2560.0,4.266666666666667,"[1, 1, 1, 1, 1, 1, 1, 1, 1, 1]",1.0,2.345560200046748
44,4,proposed_c2f_adaptive_pd,1.0,0.05,2,21,1280.0,2.1333333333333333,"[1, 1, 1, 1, 1, 1, 1, 1, 1, 1]",1.0,4.7730476999422535
44,4,sense_sinr_budgeted,1.0,0.03,4,60,2560.0,4.266666666666667,"[1, 1, 1, 1, 1, 1, 1, 1, 1, 1]",1.0,4.773066799971275
45,4,proposed_c2f_adaptive_pd,1.0,0.056666666666666664,0,12,0.0,0.0,"[1, 1, 1, 1, 1, 1, 1, 1, 1, 1]",1.0,2.7750722999917343
45,4,sense_sinr_budgeted,1.0,0.056666666666666664,4,60,2560.0,4.266666666666667,"[1, 1, 1, 1, 1, 1, 1, 1, 1, 1]",1.0,2.775109399924986
46,4,proposed_c2f_adaptive_pd,0.9,0.04,0,10,0.0,0.0,"[1, 1, 1, 1, 1, 0, 1, 1, 1, 1]",1.0,2.5287275000009686
46,4,sense_sinr_budgeted,1.0,0.06333333333333334,4,60,2560.0,4.266666666666667,"[1, 1, 1, 1, 1, 1, 1, 1, 1, 1]",1.0,2.5287512000650167
47,4,proposed_c2f_adaptive_pd,1.0,0.03333333333333333,0,10,0.0,0.0,"[1, 1, 1, 1, 1, 1, 1, 1, 1, 1]",1.0,2.255056499969214
47,4,sense_sinr_budgeted,1.0,0.02666666666666667,4,60,2560.0,4.266666666666667,"[1, 1, 1, 1, 1, 1, 1, 1, 1, 1]",1.0,2.255094700027257
48,4,proposed_c2f_adaptive_pd,1.0,0.06,0,10,0.0,0.0,"[1, 1, 1, 1, 1, 1, 1, 1, 1, 1]",1.0,2.4028322000522166
48,4,sense_sinr_budgeted,1.0,0.056666666666666664,4,60,2560.0,4.266666666666667,"[1, 1, 1, 1, 1, 1, 1, 1, 1, 1]",1.0,2.4028683999786153
49,4,proposed_c2f_adaptive_pd,1.0,0.02,0,11,0.0,0.0,"[1, 1, 1, 1, 1, 1, 1, 1, 1, 1]",1.0,3.0575197999132797
49,4,sense_sinr_budgeted,1.0,0.056666666666666664,4,60,2560.0,4.266666666666667,"[1, 1, 1, 1, 1, 1, 1, 1, 1, 1]",1.0,3.0575387999415398
50,4,proposed_c2f_adaptive_pd,1.0,0.06333333333333334,0,10,0.0,0.0,"[1, 1, 1, 1, 1, 1, 1, 1, 1, 1]",1.0,2.3328864999348298
50,4,sense_sinr_budgeted,1.0,0.03666666666666667,4,60,2560.0,4.266666666666667,"[1, 1, 1, 1, 1, 1, 1, 1, 1, 1]",1.0,2.332907299976796
51,4,proposed_c2f_adaptive_pd,1.0,0.04,0,11,0.0,0.0,"[1, 1, 1, 1, 1, 1, 1, 1, 1, 1]",1.0,2.6235235000494868
51,4,sense_sinr_budgeted,1.0,0.06,4,60,2560.0,4.266666666666667,"[1, 1, 1, 1, 1, 1, 1, 1, 1, 1]",1.0,2.62355999997817
52,4,proposed_c2f_adaptive_pd,1.0,0.03666666666666667,0,10,0.0,0.0,"[1, 1, 1, 1, 1, 1, 1, 1, 1, 1]",1.0,2.249308400088921
52,4,sense_sinr_budgeted,1.0,0.05333333333333334,4,60,2560.0,4.266666666666667,"[1, 1, 1, 1, 1, 1, 1, 1, 1, 1]",1.0,2.2493275000015274
53,4,proposed_c2f_adaptive_pd,1.0,0.043333333333333335,0,10,0.0,0.0,"[1, 1, 1, 1, 1, 1, 1, 1, 1, 1]",1.0,2.289591000066139
53,4,sense_sinr_budgeted,1.0,0.04666666666666667,4,60,2560.0,4.266666666666667,"[1, 1, 1, 1, 1, 1, 1, 1, 1, 1]",1.0,2.2896108001004905
54,4,proposed_c2f_adaptive_pd,1.0,0.03666666666666667,0,10,0.0,0.0,"[1, 1, 1, 1, 1, 1, 1, 1, 1, 1]",1.0,2.5887527000159025
54,4,sense_sinr_budgeted,1.0,0.02666666666666667,4,60,2560.0,4.266666666666667,"[1, 1, 1, 1, 1, 1, 1, 1, 1, 1]",1.0,2.5887743999483064
55,4,proposed_c2f_adaptive_pd,1.0,0.06333333333333334,1,13,640.0,1.0666666666666667,"[1, 1, 1, 1, 1, 1, 1, 1, 1, 1]",1.0,3.1168130000587553
55,4,sense_sinr_budgeted,1.0,0.043333333333333335,4,60,2560.0,4.266666666666667,"[1, 1, 1, 1, 1, 1, 1, 1, 1, 1]",1.0,3.116837100009434
56,4,proposed_c2f_adaptive_pd,1.0,0.05,1,11,640.0,1.0666666666666667,"[1, 1, 1, 1, 1, 1, 1, 1, 1, 1]",1.0,2.434781300020404
56,4,sense_sinr_budgeted,1.0,0.06,4,60,2560.0,4.266666666666667,"[1, 1, 1, 1, 1, 1, 1, 1, 1, 1]",1.0,2.434822400100529
57,4,proposed_c2f_adaptive_pd,1.0,0.043333333333333335,0,11,0.0,0.0,"[1, 1, 1, 1, 1, 1, 1, 1, 1, 1]",1.0,2.498324799933471
57,4,sense_sinr_budgeted,1.0,0.05333333333333334,4,60,2560.0,4.266666666666667,"[1, 1, 1, 1, 1, 1, 1, 1, 1, 1]",1.0,2.498363899998367
58,4,proposed_c2f_adaptive_pd,1.0,0.03666666666666667,0,10,0.0,0.0,"[1, 1, 1, 1, 1, 1, 1, 1, 1, 1]",1.0,2.414059500093572
58,4,sense_sinr_budgeted,1.0,0.05333333333333334,4,60,2560.0,4.266666666666667,"[1, 1, 1, 1, 1, 1, 1, 1, 1, 1]",1.0,2.4140792000107467
59,4,proposed_c2f_adaptive_pd,1.0,0.056666666666666664,0,10,0.0,0.0,"[1, 1, 1, 1, 1, 1, 1, 1, 1, 1]",1.0,2.4759269000496715
59,4,sense_sinr_budgeted,1.0,0.02,4,60,2560.0,4.266666666666667,"[1, 1, 1, 1, 1, 1, 1, 1, 1, 1]",1.0,2.475947399972938
60,4,proposed_c2f_adaptive_pd,1.0,0.043333333333333335,0,14,0.0,0.0,"[1, 1, 1, 1, 1, 1, 1, 1, 1, 1]",1.0,3.1054752999916673
60,4,sense_sinr_budgeted,1.0,0.06333333333333334,4,60,2560.0,4.266666666666667,"[1, 1, 1, 1, 1, 1, 1, 1, 1, 1]",1.0,3.1054988999385387
61,4,proposed_c2f_adaptive_pd,1.0,0.05333333333333334,1,11,640.0,1.0666666666666667,"[1, 1, 1, 1, 1, 1, 1, 1, 1, 1]",1.0,2.8715394999599084
61,4,sense_sinr_budgeted,1.0,0.06666666666666667,4,60,2560.0,4.266666666666667,"[1, 1, 1, 1, 1, 1, 1, 1, 1, 1]",1.0,2.8715817999327555
62,4,proposed_c2f_adaptive_pd,1.0,0.03666666666666667,0,10,0.0,0.0,"[1, 1, 1, 1, 1, 1, 1, 1, 1, 1]",1.0,2.313476899988018
62,4,sense_sinr_budgeted,1.0,0.06666666666666667,4,60,2560.0,4.266666666666667,"[1, 1, 1, 1, 1, 1, 1, 1, 1, 1]",1.0,2.313500399934128
63,4,proposed_c2f_adaptive_pd,1.0,0.04666666666666667,0,11,0.0,0.0,"[1, 1, 1, 1, 1, 1, 1, 1, 1, 1]",1.0,2.446088399970904
63,4,sense_sinr_budgeted,1.0,0.043333333333333335,4,60,2560.0,4.266666666666667,"[1, 1, 1, 1, 1, 1, 1, 1, 1, 1]",1.0,2.4461269000312313
64,4,proposed_c2f_adaptive_pd,0.9,0.03333333333333333,2,14,1280.0,2.1333333333333333,"[1, 1, 1, 1, 1, 1, 1, 1, 1, 0]",0.9285714285714286,3.032860399922356
64,4,sense_sinr_budgeted,1.0,0.06,4,60,2560.0,4.266666666666667,"[1, 1, 1, 1, 1, 1, 1, 1, 1, 1]",1.0,3.032879399950616
65,4,proposed_c2f_adaptive_pd,1.0,0.04666666666666667,0,11,0.0,0.0,"[1, 1, 1, 1, 1, 1, 1, 1, 1, 1]",1.0,2.3659728000639006
65,4,sense_sinr_budgeted,1.0,0.04666666666666667,4,60,2560.0,4.266666666666667,"[1, 1, 1, 1, 1, 1, 1, 1, 1, 1]",1.0,2.3659924000967294
66,4,proposed_c2f_adaptive_pd,1.0,0.03,0,10,0.0,0.0,"[1, 1, 1, 1, 1, 1, 1, 1, 1, 1]",1.0,2.3269301999825984
66,4,sense_sinr_budgeted,1.0,0.05333333333333334,4,60,2560.0,4.266666666666667,"[1, 1, 1, 1, 1, 1, 1, 1, 1, 1]",0.9833333333333333,2.3269715999485925
67,4,proposed_c2f_adaptive_pd,1.0,0.07,0,11,0.0,0.0,"[1, 1, 1, 1, 1, 1, 1, 1, 1, 1]",1.0,2.616374099976383
67,4,sense_sinr_budgeted,1.0,0.09,4,60,2560.0,4.266666666666667,"[1, 1, 1, 1, 1, 1, 1, 1, 1, 1]",1.0,2.616413699928671
68,4,proposed_c2f_adaptive_pd,1.0,0.05,1,15,640.0,1.0666666666666667,"[1, 1, 1, 1, 1, 1, 1, 1, 1, 1]",1.0,3.920852999901399
68,4,sense_sinr_budgeted,1.0,0.07666666666666666,4,60,2560.0,4.266666666666667,"[1, 1, 1, 1, 1, 1, 1, 1, 1, 1]",1.0,3.920892799971625
69,4,proposed_c2f_adaptive_pd,1.0,0.056666666666666664,2,14,1280.0,2.1333333333333333,"[1, 1, 1, 1, 1, 1, 1, 1, 1, 1]",1.0,3.269378599943593
69,4,sense_sinr_budgeted,1.0,0.04,4,60,2560.0,4.266666666666667,"[1, 1, 1, 1, 1, 1, 1, 1, 1, 1]",1.0,3.2693974999710917
70,4,proposed_c2f_adaptive_pd,0.9,0.04,0,10,0.0,0.0,"[1, 0, 1, 1, 1, 1, 1, 1, 1, 1]",0.9,2.3009424000047147
70,4,sense_sinr_budgeted,1.0,0.043333333333333335,4,60,2560.0,4.266666666666667,"[1, 1, 1, 1, 1, 1, 1, 1, 1, 1]",0.9833333333333333,2.300985599984415
71,4,proposed_c2f_adaptive_pd,1.0,0.056666666666666664,1,12,640.0,1.0666666666666667,"[1, 1, 1, 1, 1, 1, 1, 1, 1, 1]",1.0,3.192033299943432
71,4,sense_sinr_budgeted,1.0,0.07,4,60,2560.0,4.266666666666667,"[1, 1, 1, 1, 1, 1, 1, 1, 1, 1]",1.0,3.192073700018227
72,4,proposed_c2f_adaptive_pd,0.9,0.02666666666666667,1,10,640.0,1.0666666666666667,"[0, 1, 1, 1, 1, 1, 1, 1, 1, 1]",0.9,2.541677700006403
72,4,sense_sinr_budgeted,1.0,0.056666666666666664,4,60,2560.0,4.266666666666667,"[1, 1, 1, 1, 1, 1, 1, 1, 1, 1]",0.9166666666666666,2.5417010000674054
73,4,proposed_c2f_adaptive_pd,0.9,0.07666666666666666,0,10,0.0,0.0,"[1, 1, 0, 1, 1, 1, 1, 1, 1, 1]",1.0,2.3583590999478474
73,4,sense_sinr_budgeted,1.0,0.05333333333333334,4,60,2560.0,4.266666666666667,"[1, 1, 1, 1, 1, 1, 1, 1, 1, 1]",0.9833333333333333,2.3583784999791533
74,4,proposed_c2f_adaptive_pd,1.0,0.04666666666666667,0,11,0.0,0.0,"[1, 1, 1, 1, 1, 1, 1, 1, 1, 1]",1.0,2.368280299939215
74,4,sense_sinr_budgeted,1.0,0.06,4,60,2560.0,4.266666666666667,"[1, 1, 1, 1, 1, 1, 1, 1, 1, 1]",1.0,2.3683038000017405
75,4,proposed_c2f_adaptive_pd,1.0,0.03333333333333333,0,10,0.0,0.0,"[1, 1, 1, 1, 1, 1, 1, 1, 1, 1]",1.0,2.176462100003846
75,4,sense_sinr_budgeted,1.0,0.056666666666666664,4,60,2560.0,4.266666666666667,"[1, 1, 1, 1, 1, 1, 1, 1, 1, 1]",1.0,2.176482000038959
76,4,proposed_c2f_adaptive_pd,1.0,0.02666666666666667,0,15,0.0,0.0,"[1, 1, 1, 1, 1, 1, 1, 1, 1, 1]",1.0,2.917018700041808
76,4,sense_sinr_budgeted,1.0,0.03333333333333333,4,60,2560.0,4.266666666666667,"[1, 1, 1, 1, 1, 1, 1, 1, 1, 1]",1.0,2.917038399958983
77,4,proposed_c2f_adaptive_pd,1.0,0.04,0,12,0.0,0.0,"[1, 1, 1, 1, 1, 1, 1, 1, 1, 1]",1.0,2.1378637000452727
77,4,sense_sinr_budgeted,1.0,0.03333333333333333,4,60,2560.0,4.266666666666667,"[1, 1, 1, 1, 1, 1, 1, 1, 1, 1]",0.9666666666666667,2.137883600080386
78,4,proposed_c2f_adaptive_pd,1.0,0.03,0,10,0.0,0.0,"[1, 1, 1, 1, 1, 1, 1, 1, 1, 1]",1.0,1.7011635000817478
78,4,sense_sinr_budgeted,1.0,0.02666666666666667,4,60,2560.0,4.266666666666667,"[1, 1, 1, 1, 1, 1, 1, 1, 1, 1]",0.9666666666666667,1.7011831999989226
79,4,proposed_c2f_adaptive_pd,1.0,0.05333333333333334,0,10,0.0,0.0,"[1, 1, 1, 1, 1, 1, 1, 1, 1, 1]",1.0,1.705100700026378
79,4,sense_sinr_budgeted,1.0,0.07,4,60,2560.0,4.266666666666667,"[1, 1, 1, 1, 1, 1, 1, 1, 1, 1]",1.0,1.7051197999389842
80,4,proposed_c2f_adaptive_pd,1.0,0.02666666666666667,0,11,0.0,0.0,"[1, 1, 1, 1, 1, 1, 1, 1, 1, 1]",1.0,1.7367056999355555
80,4,sense_sinr_budgeted,1.0,0.04666666666666667,4,60,2560.0,4.266666666666667,"[1, 1, 1, 1, 1, 1, 1, 1, 1, 1]",1.0,1.7367260999744758
81,4,proposed_c2f_adaptive_pd,1.0,0.03666666666666667,4,20,2560.0,4.266666666666667,"[1, 1, 1, 1, 1, 1, 1, 1, 1, 1]",1.0,2.4481219999725
81,4,sense_sinr_budgeted,0.9,0.07666666666666666,4,60,2560.0,4.266666666666667,"[1, 1, 1, 1, 1, 0, 1, 1, 1, 1]",1.0,2.4481413000030443
82,4,proposed_c2f_adaptive_pd,1.0,0.043333333333333335,0,10,0.0,0.0,"[1, 1, 1, 1, 1, 1, 1, 1, 1, 1]",1.0,1.7005584000144154
82,4,sense_sinr_budgeted,1.0,0.06333333333333334,4,60,2560.0,4.266666666666667,"[1, 1, 1, 1, 1, 1, 1, 1, 1, 1]",1.0,1.7005781000480056
83,4,proposed_c2f_adaptive_pd,0.9,0.06333333333333334,4,26,2560.0,4.266666666666667,"[1, 1, 0, 1, 1, 1, 1, 1, 1, 1]",1.0,3.792220799950883
83,4,sense_sinr_budgeted,0.9,0.07,4,60,2560.0,4.266666666666667,"[1, 1, 0, 1, 1, 1, 1, 1, 1, 1]",1.0,3.792240699985996
84,4,proposed_c2f_adaptive_pd,1.0,0.02666666666666667,0,10,0.0,0.0,"[1, 1, 1, 1, 1, 1, 1, 1, 1, 1]",1.0,1.8184670000337064
84,4,sense_sinr_budgeted,1.0,0.043333333333333335,4,60,2560.0,4.266666666666667,"[1, 1, 1, 1, 1, 1, 1, 1, 1, 1]",1.0,1.8184904999798164
85,4,proposed_c2f_adaptive_pd,1.0,0.03666666666666667,0,11,0.0,0.0,"[1, 1, 1, 1, 1, 1, 1, 1, 1, 1]",1.0,2.016995600075461
85,4,sense_sinr_budgeted,1.0,0.04,4,60,2560.0,4.266666666666667,"[1, 1, 1, 1, 1, 1, 1, 1, 1, 1]",1.0,2.017019600025378
86,4,proposed_c2f_adaptive_pd,1.0,0.043333333333333335,2,14,1280.0,2.1333333333333333,"[1, 1, 1, 1, 1, 1, 1, 1, 1, 1]",1.0,2.413331100018695
86,4,sense_sinr_budgeted,1.0,0.06333333333333334,4,60,2560.0,4.266666666666667,"[1, 1, 1, 1, 1, 1, 1, 1, 1, 1]",1.0,2.413387899985537
87,4,proposed_c2f_adaptive_pd,1.0,0.056666666666666664,3,16,1920.0,3.2,"[1, 1, 1, 1, 1, 1, 1, 1, 1, 1]",1.0,2.5392372000496835
87,4,sense_sinr_budgeted,1.0,0.05333333333333334,4,60,2560.0,4.266666666666667,"[1, 1, 1, 1, 1, 1, 1, 1, 1, 1]",1.0,2.539256599964574
88,4,proposed_c2f_adaptive_pd,1.0,0.043333333333333335,0,10,0.0,0.0,"[1, 1, 1, 1, 1, 1, 1, 1, 1, 1]",1.0,1.8182830999139696
88,4,sense_sinr_budgeted,1.0,0.03666666666666667,4,60,2560.0,4.266666666666667,"[1, 1, 1, 1, 1, 1, 1, 1, 1, 1]",1.0,1.818308599991724
89,4,proposed_c2f_adaptive_pd,1.0,0.05333333333333334,0,10,0.0,0.0,"[1, 1, 1, 1, 1, 1, 1, 1, 1, 1]",1.0,2.0977758000371978
89,4,sense_sinr_budgeted,1.0,0.04,4,60,2560.0,4.266666666666667,"[1, 1, 1, 1, 1, 1, 1, 1, 1, 1]",1.0,2.0978073000442237
90,4,proposed_c2f_adaptive_pd,1.0,0.03,0,10,0.0,0.0,"[1, 1, 1, 1, 1, 1, 1, 1, 1, 1]",1.0,1.8459766999585554
90,4,sense_sinr_budgeted,1.0,0.043333333333333335,4,60,2560.0,4.266666666666667,"[1, 1, 1, 1, 1, 1, 1, 1, 1, 1]",1.0,1.8459959999890998
91,4,proposed_c2f_adaptive_pd,1.0,0.06,0,10,0.0,0.0,"[1, 1, 1, 1, 1, 1, 1, 1, 1, 1]",1.0,1.8359932999592274
91,4,sense_sinr_budgeted,1.0,0.06333333333333334,4,60,2560.0,4.266666666666667,"[1, 1, 1, 1, 1, 1, 1, 1, 1, 1]",1.0,1.8360172000247985
92,4,proposed_c2f_adaptive_pd,1.0,0.05,2,15,1280.0,2.1333333333333333,"[1, 1, 1, 1, 1, 1, 1, 1, 1, 1]",1.0,2.8279509000713006
92,4,sense_sinr_budgeted,1.0,0.07333333333333333,4,60,2560.0,4.266666666666667,"[1, 1, 1, 1, 1, 1, 1, 1, 1, 1]",1.0,2.8279699999839067
93,4,proposed_c2f_adaptive_pd,0.9,0.06666666666666667,0,10,0.0,0.0,"[1, 1, 1, 1, 1, 0, 1, 1, 1, 1]",1.0,1.8454114999622107
93,4,sense_sinr_budgeted,1.0,0.02666666666666667,4,60,2560.0,4.266666666666667,"[1, 1, 1, 1, 1, 1, 1, 1, 1, 1]",1.0,1.8454312999965623
94,4,proposed_c2f_adaptive_pd,1.0,0.04,0,10,0.0,0.0,"[1, 1, 1, 1, 1, 1, 1, 1, 1, 1]",1.0,1.864815599983558
94,4,sense_sinr_budgeted,1.0,0.056666666666666664,4,60,2560.0,4.266666666666667,"[1, 1, 1, 1, 1, 1, 1, 1, 1, 1]",1.0,1.8648351998999715
95,4,proposed_c2f_adaptive_pd,1.0,0.06,0,10,0.0,0.0,"[1, 1, 1, 1, 1, 1, 1, 1, 1, 1]",1.0,2.0427175000077114
95,4,sense_sinr_budgeted,1.0,0.06,4,60,2560.0,4.266666666666667,"[1, 1, 1, 1, 1, 1, 1, 1, 1, 1]",1.0,2.042736200033687
96,4,proposed_c2f_adaptive_pd,1.0,0.06666666666666667,0,10,0.0,0.0,"[1, 1, 1, 1, 1, 1, 1, 1, 1, 1]",1.0,1.7166971999686211
96,4,sense_sinr_budgeted,1.0,0.03333333333333333,4,60,2560.0,4.266666666666667,"[1, 1, 1, 1, 1, 1, 1, 1, 1, 1]",1.0,1.7167168000014499
97,4,proposed_c2f_adaptive_pd,1.0,0.04,0,10,0.0,0.0,"[1, 1, 1, 1, 1, 1, 1, 1, 1, 1]",1.0,2.0490203999215737
97,4,sense_sinr_budgeted,1.0,0.03666666666666667,4,60,2560.0,4.266666666666667,"[1, 1, 1, 1, 1, 1, 1, 1, 1, 1]",1.0,2.0490567999659106
98,4,proposed_c2f_adaptive_pd,1.0,0.05333333333333334,1,12,640.0,1.0666666666666667,"[1, 1, 1, 1, 1, 1, 1, 1, 1, 1]",1.0,2.088697800063528
98,4,sense_sinr_budgeted,1.0,0.05333333333333334,4,60,2560.0,4.266666666666667,"[1, 1, 1, 1, 1, 1, 1, 1, 1, 1]",1.0,2.0887219000142068
99,4,proposed_c2f_adaptive_pd,1.0,0.056666666666666664,0,11,0.0,0.0,"[1, 1, 1, 1, 1, 1, 1, 1, 1, 1]",1.0,2.330661899992265
99,4,sense_sinr_budgeted,1.0,0.04666666666666667,4,60,2560.0,4.266666666666667,"[1, 1, 1, 1, 1, 1, 1, 1, 1, 1]",1.0,2.3306811000220478
0,8,proposed_c2f_adaptive_pd,1.0,0.06,0,10,0.0,0.0,"[1, 1, 1, 1, 1, 1, 1, 1, 1, 1]",1.0,2.0145352999679744
0,8,sense_sinr_budgeted,1.0,0.04666666666666667,8,60,5120.0,8.533333333333335,"[1, 1, 1, 1, 1, 1, 1, 1, 1, 1]",1.0,2.0145544999977574
1,8,proposed_c2f_adaptive_pd,0.9,0.06,3,30,1920.0,3.2,"[1, 1, 1, 1, 0, 1, 1, 1, 1, 1]",1.0,5.566645099897869
1,8,sense_sinr_budgeted,0.9,0.04666666666666667,8,60,5120.0,8.533333333333335,"[1, 1, 1, 1, 0, 1, 1, 1, 1, 1]",1.0,5.56667559989728
2,8,proposed_c2f_adaptive_pd,1.0,0.06333333333333334,0,10,0.0,0.0,"[1, 1, 1, 1, 1, 1, 1, 1, 1, 1]",1.0,2.1226004000054672
2,8,sense_sinr_budgeted,1.0,0.08333333333333333,8,60,5120.0,8.533333333333335,"[1, 1, 1, 1, 1, 1, 1, 1, 1, 1]",1.0,2.1226192000322044
3,8,proposed_c2f_adaptive_pd,1.0,0.07,4,20,2560.0,4.266666666666667,"[1, 1, 1, 1, 1, 1, 1, 1, 1, 1]",1.0,4.313376499922015
3,8,sense_sinr_budgeted,1.0,0.043333333333333335,8,60,5120.0,8.533333333333335,"[1, 1, 1, 1, 1, 1, 1, 1, 1, 1]",1.0,4.313414999982342
4,8,proposed_c2f_adaptive_pd,1.0,0.05,0,10,0.0,0.0,"[1, 1, 1, 1, 1, 1, 1, 1, 1, 1]",1.0,1.9888016999466345
4,8,sense_sinr_budgeted,1.0,0.04,8,60,5120.0,8.533333333333335,"[1, 1, 1, 1, 1, 1, 1, 1, 1, 1]",1.0,1.9888312999391928
5,8,proposed_c2f_adaptive_pd,1.0,0.043333333333333335,1,12,640.0,1.0666666666666667,"[1, 1, 1, 1, 1, 1, 1, 1, 1, 1]",1.0,2.839683900005184
5,8,sense_sinr_budgeted,1.0,0.05,8,60,5120.0,8.533333333333335,"[1, 1, 1, 1, 1, 1, 1, 1, 1, 1]",1.0,2.8397039000410587
6,8,proposed_c2f_adaptive_pd,1.0,0.06,0,11,0.0,0.0,"[1, 1, 1, 1, 1, 1, 1, 1, 1, 1]",1.0,2.1447015999583527
6,8,sense_sinr_budgeted,1.0,0.06333333333333334,8,60,5120.0,8.533333333333335,"[1, 1, 1, 1, 1, 1, 1, 1, 1, 1]",1.0,2.14472109999042
7,8,proposed_c2f_adaptive_pd,1.0,0.07666666666666666,2,15,1280.0,2.1333333333333333,"[1, 1, 1, 1, 1, 1, 1, 1, 1, 1]",1.0,2.734232500079088
7,8,sense_sinr_budgeted,1.0,0.06666666666666667,8,60,5120.0,8.533333333333335,"[1, 1, 1, 1, 1, 1, 1, 1, 1, 1]",1.0,2.7342525999993086
8,8,proposed_c2f_adaptive_pd,0.9,0.06333333333333334,0,10,0.0,0.0,"[0, 1, 1, 1, 1, 1, 1, 1, 1, 1]",1.0,1.9457008999306709
8,8,sense_sinr_budgeted,1.0,0.05,8,60,5120.0,8.533333333333335,"[1, 1, 1, 1, 1, 1, 1, 1, 1, 1]",1.0,1.9457204999634996
9,8,proposed_c2f_adaptive_pd,1.0,0.043333333333333335,0,16,0.0,0.0,"[1, 1, 1, 1, 1, 1, 1, 1, 1, 1]",1.0,2.782303999993019
9,8,sense_sinr_budgeted,1.0,0.056666666666666664,8,60,5120.0,8.533333333333335,"[1, 1, 1, 1, 1, 1, 1, 1, 1, 1]",1.0,2.7823245000327006
10,8,proposed_c2f_adaptive_pd,1.0,0.06,0,12,0.0,0.0,"[1, 1, 1, 1, 1, 1, 1, 1, 1, 1]",1.0,1.9428704999154434
10,8,sense_sinr_budgeted,1.0,0.03333333333333333,8,60,5120.0,8.533333333333335,"[1, 1, 1, 1, 1, 1, 1, 1, 1, 1]",1.0,1.9428896999452263
11,8,proposed_c2f_adaptive_pd,0.8,0.05333333333333334,0,11,0.0,0.0,"[1, 1, 1, 1, 1, 0, 1, 1, 0, 1]",0.9090909090909091,1.942866099998355
11,8,sense_sinr_budgeted,0.9,0.05,8,60,5120.0,8.533333333333335,"[1, 1, 1, 1, 1, 0, 1, 1, 1, 1]",0.9833333333333333,1.9428863000357524
12,8,proposed_c2f_adaptive_pd,0.9,0.05,0,11,0.0,0.0,"[1, 1, 1, 1, 1, 1, 1, 0, 1, 1]",0.9090909090909091,1.8634137999033555
12,8,sense_sinr_budgeted,1.0,0.03333333333333333,8,60,5120.0,8.533333333333335,"[1, 1, 1, 1, 1, 1, 1, 1, 1, 1]",0.9833333333333333,1.863433999940753
13,8,proposed_c2f_adaptive_pd,1.0,0.05333333333333334,0,10,0.0,0.0,"[1, 1, 1, 1, 1, 1, 1, 1, 1, 1]",1.0,1.9331203000620008
13,8,sense_sinr_budgeted,1.0,0.04,8,60,5120.0,8.533333333333335,"[1, 1, 1, 1, 1, 1, 1, 1, 1, 1]",1.0,1.9331412999890745
14,8,proposed_c2f_adaptive_pd,0.9,0.05,0,10,0.0,0.0,"[1, 1, 1, 1, 1, 0, 1, 1, 1, 1]",1.0,1.5252145000267774
14,8,sense_sinr_budgeted,1.0,0.04666666666666667,8,60,5120.0,8.533333333333335,"[1, 1, 1, 1, 1, 1, 1, 1, 1, 1]",1.0,1.5252348000649363
15,8,proposed_c2f_adaptive_pd,1.0,0.05,1,12,640.0,1.0666666666666667,"[1, 1, 1, 1, 1, 1, 1, 1, 1, 1]",1.0,2.689130499958992
15,8,sense_sinr_budgeted,1.0,0.04,8,60,5120.0,8.533333333333335,"[1, 1, 1, 1, 1, 1, 1, 1, 1, 1]",1.0,2.6891499999910593
16,8,proposed_c2f_adaptive_pd,1.0,0.043333333333333335,0,10,0.0,0.0,"[1, 1, 1, 1, 1, 1, 1, 1, 1, 1]",1.0,1.4092819000361487
16,8,sense_sinr_budgeted,1.0,0.04666666666666667,8,60,5120.0,8.533333333333335,"[1, 1, 1, 1, 1, 1, 1, 1, 1, 1]",1.0,1.4093049999792129
17,8,proposed_c2f_adaptive_pd,1.0,0.04,0,10,0.0,0.0,"[1, 1, 1, 1, 1, 1, 1, 1, 1, 1]",1.0,1.5769876999547705
17,8,sense_sinr_budgeted,1.0,0.06666666666666667,8,60,5120.0,8.533333333333335,"[1, 1, 1, 1, 1, 1, 1, 1, 1, 1]",1.0,1.5770316999405622
18,8,proposed_c2f_adaptive_pd,1.0,0.07333333333333333,0,11,0.0,0.0,"[1, 1, 1, 1, 1, 1, 1, 1, 1, 1]",1.0,1.8553153000539169
18,8,sense_sinr_budgeted,1.0,0.07,8,60,5120.0,8.533333333333335,"[1, 1, 1, 1, 1, 1, 1, 1, 1, 1]",1.0,1.8553351000882685
19,8,proposed_c2f_adaptive_pd,1.0,0.06,0,11,0.0,0.0,"[1, 1, 1, 1, 1, 1, 1, 1, 1, 1]",1.0,1.896802100003697
19,8,sense_sinr_budgeted,1.0,0.06,8,60,5120.0,8.533333333333335,"[1, 1, 1, 1, 1, 1, 1, 1, 1, 1]",1.0,1.8968216999201104
20,8,proposed_c2f_adaptive_pd,1.0,0.03666666666666667,0,10,0.0,0.0,"[1, 1, 1, 1, 1, 1, 1, 1, 1, 1]",1.0,1.5613816999830306
20,8,sense_sinr_budgeted,1.0,0.05333333333333334,8,60,5120.0,8.533333333333335,"[1, 1, 1, 1, 1, 1, 1, 1, 1, 1]",1.0,1.5614015000173822
21,8,proposed_c2f_adaptive_pd,1.0,0.07666666666666666,1,15,640.0,1.0666666666666667,"[1, 1, 1, 1, 1, 1, 1, 1, 1, 1]",1.0,2.735127200023271
21,8,sense_sinr_budgeted,1.0,0.06,8,60,5120.0,8.533333333333335,"[1, 1, 1, 1, 1, 1, 1, 1, 1, 1]",1.0,2.735147599945776
22,8,proposed_c2f_adaptive_pd,1.0,0.06333333333333334,0,10,0.0,0.0,"[1, 1, 1, 1, 1, 1, 1, 1, 1, 1]",1.0,1.7858146000653505
22,8,sense_sinr_budgeted,1.0,0.05,8,60,5120.0,8.533333333333335,"[1, 1, 1, 1, 1, 1, 1, 1, 1, 1]",1.0,1.7858342999825254
23,8,proposed_c2f_adaptive_pd,1.0,0.03333333333333333,0,10,0.0,0.0,"[1, 1, 1, 1, 1, 1, 1, 1, 1, 1]",1.0,1.9481211999664083
23,8,sense_sinr_budgeted,1.0,0.03666666666666667,8,60,5120.0,8.533333333333335,"[1, 1, 1, 1, 1, 1, 1, 1, 1, 1]",1.0,1.9481416000053287
24,8,proposed_c2f_adaptive_pd,1.0,0.04,0,10,0.0,0.0,"[1, 1, 1, 1, 1, 1, 1, 1, 1, 1]",1.0,1.7712781999725848
24,8,sense_sinr_budgeted,1.0,0.06333333333333334,8,60,5120.0,8.533333333333335,"[1, 1, 1, 1, 1, 1, 1, 1, 1, 1]",0.9666666666666667,1.7712986000115052
25,8,proposed_c2f_adaptive_pd,1.0,0.06,3,15,1920.0,3.2,"[1, 1, 1, 1, 1, 1, 1, 1, 1, 1]",1.0,2.2769458999391645
25,8,sense_sinr_budgeted,0.9,0.05,8,60,5120.0,8.533333333333335,"[1, 1, 1, 1, 1, 1, 0, 1, 1, 1]",1.0,2.276965699973516
26,8,proposed_c2f_adaptive_pd,0.9,0.06,0,10,0.0,0.0,"[1, 1, 1, 1, 1, 1, 1, 1, 0, 1]",1.0,1.7604814999504015
26,8,sense_sinr_budgeted,1.0,0.06666666666666667,8,60,5120.0,8.533333333333335,"[1, 1, 1, 1, 1, 1, 1, 1, 1, 1]",1.0,1.7605022999923676
27,8,proposed_c2f_adaptive_pd,1.0,0.03333333333333333,0,10,0.0,0.0,"[1, 1, 1, 1, 1, 1, 1, 1, 1, 1]",1.0,2.035641999915242
27,8,sense_sinr_budgeted,1.0,0.07,8,60,5120.0,8.533333333333335,"[1, 1, 1, 1, 1, 1, 1, 1, 1, 1]",1.0,2.035661599948071
28,8,proposed_c2f_adaptive_pd,1.0,0.043333333333333335,0,11,0.0,0.0,"[1, 1, 1, 1, 1, 1, 1, 1, 1, 1]",1.0,1.9959334000013769
28,8,sense_sinr_budgeted,1.0,0.05,8,60,5120.0,8.533333333333335,"[1, 1, 1, 1, 1, 1, 1, 1, 1, 1]",0.9833333333333333,1.995953100034967
29,8,proposed_c2f_adaptive_pd,0.9,0.05,4,20,2560.0,4.266666666666667,"[1, 1, 1, 1, 1, 1, 1, 1, 0, 1]",1.0,3.045900800032541
29,8,sense_sinr_budgeted,0.9,0.06333333333333334,8,60,5120.0,8.533333333333335,"[1, 1, 1, 1, 1, 1, 1, 1, 0, 1]",1.0,3.0459243999794126
30,8,proposed_c2f_adaptive_pd,1.0,0.03666666666666667,0,11,0.0,0.0,"[1, 1, 1, 1, 1, 1, 1, 1, 1, 1]",1.0,2.134531700052321
30,8,sense_sinr_budgeted,1.0,0.05,8,60,5120.0,8.533333333333335,"[1, 1, 1, 1, 1, 1, 1, 1, 1, 1]",1.0,2.1345513000851497
31,8,proposed_c2f_adaptive_pd,1.0,0.06333333333333334,0,10,0.0,0.0,"[1, 1, 1, 1, 1, 1, 1, 1, 1, 1]",1.0,1.6644035999197513
31,8,sense_sinr_budgeted,1.0,0.056666666666666664,8,60,5120.0,8.533333333333335,"[1, 1, 1, 1, 1, 1, 1, 1, 1, 1]",0.9333333333333333,1.6644236999563873
32,8,proposed_c2f_adaptive_pd,0.8,0.04666666666666667,0,10,0.0,0.0,"[1, 1, 1, 1, 0, 1, 0, 1, 1, 1]",1.0,1.716980200028047
32,8,sense_sinr_budgeted,1.0,0.03333333333333333,8,60,5120.0,8.533333333333335,"[1, 1, 1, 1, 1, 1, 1, 1, 1, 1]",1.0,1.717000300064683
33,8,proposed_c2f_adaptive_pd,1.0,0.06333333333333334,2,12,1280.0,2.1333333333333333,"[1, 1, 1, 1, 1, 1, 1, 1, 1, 1]",1.0,2.2569109000032768
33,8,sense_sinr_budgeted,1.0,0.04666666666666667,8,60,5120.0,8.533333333333335,"[1, 1, 1, 1, 1, 1, 1, 1, 1, 1]",1.0,2.256931099924259
34,8,proposed_c2f_adaptive_pd,1.0,0.03666666666666667,3,13,1920.0,3.2,"[1, 1, 1, 1, 1, 1, 1, 1, 1, 1]",1.0,2.6811122000217438
34,8,sense_sinr_budgeted,1.0,0.07,8,60,5120.0,8.533333333333335,"[1, 1, 1, 1, 1, 1, 1, 1, 1, 1]",1.0,2.6811362999724224
35,8,proposed_c2f_adaptive_pd,0.9,0.04,3,15,1920.0,3.2,"[1, 1, 1, 1, 1, 1, 1, 1, 0, 1]",1.0,2.5934987999498844
35,8,sense_sinr_budgeted,1.0,0.07,8,60,5120.0,8.533333333333335,"[1, 1, 1, 1, 1, 1, 1, 1, 1, 1]",1.0,2.5935179999796674
36,8,proposed_c2f_adaptive_pd,1.0,0.04666666666666667,0,10,0.0,0.0,"[1, 1, 1, 1, 1, 1, 1, 1, 1, 1]",1.0,1.6607083999551833
36,8,sense_sinr_budgeted,1.0,0.05,8,60,5120.0,8.533333333333335,"[1, 1, 1, 1, 1, 1, 1, 1, 1, 1]",0.9666666666666667,1.6607329999096692
37,8,proposed_c2f_adaptive_pd,0.9,0.03333333333333333,0,10,0.0,0.0,"[1, 1, 1, 1, 1, 1, 1, 1, 1, 0]",0.9,1.8140489000361413
37,8,sense_sinr_budgeted,0.9,0.023333333333333334,8,60,5120.0,8.533333333333335,"[1, 1, 1, 1, 1, 1, 1, 1, 1, 0]",0.9,1.8140725999837741
38,8,proposed_c2f_adaptive_pd,1.0,0.06333333333333334,0,10,0.0,0.0,"[1, 1, 1, 1, 1, 1, 1, 1, 1, 1]",1.0,1.6676290000323206
38,8,sense_sinr_budgeted,1.0,0.04666666666666667,8,60,5120.0,8.533333333333335,"[1, 1, 1, 1, 1, 1, 1, 1, 1, 1]",1.0,1.6676484000636265
39,8,proposed_c2f_adaptive_pd,1.0,0.06333333333333334,0,10,0.0,0.0,"[1, 1, 1, 1, 1, 1, 1, 1, 1, 1]",1.0,1.764789400040172
39,8,sense_sinr_budgeted,1.0,0.05,8,60,5120.0,8.533333333333335,"[1, 1, 1, 1, 1, 1, 1, 1, 1, 1]",1.0,1.764808899955824
40,8,proposed_c2f_adaptive_pd,1.0,0.056666666666666664,2,12,1280.0,2.1333333333333333,"[1, 1, 1, 1, 1, 1, 1, 1, 1, 1]",1.0,2.5129291999619454
40,8,sense_sinr_budgeted,1.0,0.05333333333333334,8,60,5120.0,8.533333333333335,"[1, 1, 1, 1, 1, 1, 1, 1, 1, 1]",1.0,2.5129492999985814
41,8,proposed_c2f_adaptive_pd,1.0,0.03666666666666667,0,11,0.0,0.0,"[1, 1, 1, 1, 1, 1, 1, 1, 1, 1]",1.0,1.837031500064768
41,8,sense_sinr_budgeted,1.0,0.05333333333333334,8,60,5120.0,8.533333333333335,"[1, 1, 1, 1, 1, 1, 1, 1, 1, 1]",1.0,1.8370526999933645
42,8,proposed_c2f_adaptive_pd,1.0,0.07333333333333333,1,11,640.0,1.0666666666666667,"[1, 1, 1, 1, 1, 1, 1, 1, 1, 1]",1.0,1.7396687000291422
42,8,sense_sinr_budgeted,1.0,0.05,8,60,5120.0,8.533333333333335,"[1, 1, 1, 1, 1, 1, 1, 1, 1, 1]",1.0,1.739688100060448
43,8,proposed_c2f_adaptive_pd,1.0,0.06,0,10,0.0,0.0,"[1, 1, 1, 1, 1, 1, 1, 1, 1, 1]",1.0,1.7168602999299765
43,8,sense_sinr_budgeted,1.0,0.05,8,60,5120.0,8.533333333333335,"[1, 1, 1, 1, 1, 1, 1, 1, 1, 1]",1.0,1.7168809999711812
44,8,proposed_c2f_adaptive_pd,1.0,0.05,2,21,1280.0,2.1333333333333333,"[1, 1, 1, 1, 1, 1, 1, 1, 1, 1]",1.0,3.6213702000677586
44,8,sense_sinr_budgeted,1.0,0.03666666666666667,8,60,5120.0,8.533333333333335,"[1, 1, 1, 1, 1, 1, 1, 1, 1, 1]",1.0,3.621392300003208
45,8,proposed_c2f_adaptive_pd,1.0,0.056666666666666664,0,12,0.0,0.0,"[1, 1, 1, 1, 1, 1, 1, 1, 1, 1]",1.0,2.048712100018747
45,8,sense_sinr_budgeted,1.0,0.05333333333333334,8,60,5120.0,8.533333333333335,"[1, 1, 1, 1, 1, 1, 1, 1, 1, 1]",1.0,2.0487482000607997
46,8,proposed_c2f_adaptive_pd,0.9,0.04,0,10,0.0,0.0,"[1, 1, 1, 1, 1, 0, 1, 1, 1, 1]",1.0,1.8957881999667734
46,8,sense_sinr_budgeted,1.0,0.06333333333333334,8,60,5120.0,8.533333333333335,"[1, 1, 1, 1, 1, 1, 1, 1, 1, 1]",1.0,1.8958076999988407
47,8,proposed_c2f_adaptive_pd,1.0,0.03333333333333333,0,10,0.0,0.0,"[1, 1, 1, 1, 1, 1, 1, 1, 1, 1]",1.0,1.7435538000427186
47,8,sense_sinr_budgeted,1.0,0.023333333333333334,8,60,5120.0,8.533333333333335,"[1, 1, 1, 1, 1, 1, 1, 1, 1, 1]",1.0,1.7435732000740245
48,8,proposed_c2f_adaptive_pd,1.0,0.06,0,10,0.0,0.0,"[1, 1, 1, 1, 1, 1, 1, 1, 1, 1]",1.0,1.9423912999918684
48,8,sense_sinr_budgeted,1.0,0.05333333333333334,8,60,5120.0,8.533333333333335,"[1, 1, 1, 1, 1, 1, 1, 1, 1, 1]",1.0,1.9424162999494001
49,8,proposed_c2f_adaptive_pd,1.0,0.02,0,11,0.0,0.0,"[1, 1, 1, 1, 1, 1, 1, 1, 1, 1]",1.0,2.5329050000291318
49,8,sense_sinr_budgeted,1.0,0.056666666666666664,8,60,5120.0,8.533333333333335,"[1, 1, 1, 1, 1, 1, 1, 1, 1, 1]",1.0,2.5329246000619605
50,8,proposed_c2f_adaptive_pd,1.0,0.06333333333333334,0,10,0.0,0.0,"[1, 1, 1, 1, 1, 1, 1, 1, 1, 1]",1.0,1.8666291000554338
50,8,sense_sinr_budgeted,1.0,0.03333333333333333,8,60,5120.0,8.533333333333335,"[1, 1, 1, 1, 1, 1, 1, 1, 1, 1]",1.0,1.866669400013052
51,8,proposed_c2f_adaptive_pd,1.0,0.04,0,11,0.0,0.0,"[1, 1, 1, 1, 1, 1, 1, 1, 1, 1]",1.0,2.128569299937226
51,8,sense_sinr_budgeted,1.0,0.05333333333333334,8,60,5120.0,8.533333333333335,"[1, 1, 1, 1, 1, 1, 1, 1, 1, 1]",1.0,2.1285886999685317
52,8,proposed_c2f_adaptive_pd,1.0,0.03666666666666667,0,10,0.0,0.0,"[1, 1, 1, 1, 1, 1, 1, 1, 1, 1]",1.0,1.829576599993743
52,8,sense_sinr_budgeted,1.0,0.05333333333333334,8,60,5120.0,8.533333333333335,"[1, 1, 1, 1, 1, 1, 1, 1, 1, 1]",1.0,1.8295997000532225
53,8,proposed_c2f_adaptive_pd,1.0,0.043333333333333335,0,10,0.0,0.0,"[1, 1, 1, 1, 1, 1, 1, 1, 1, 1]",1.0,1.8724967999150977
53,8,sense_sinr_budgeted,1.0,0.043333333333333335,8,60,5120.0,8.533333333333335,"[1, 1, 1, 1, 1, 1, 1, 1, 1, 1]",1.0,1.8725168999517336
54,8,proposed_c2f_adaptive_pd,1.0,0.03666666666666667,0,10,0.0,0.0,"[1, 1, 1, 1, 1, 1, 1, 1, 1, 1]",1.0,2.075791799928993
54,8,sense_sinr_budgeted,1.0,0.023333333333333334,8,60,5120.0,8.533333333333335,"[1, 1, 1, 1, 1, 1, 1, 1, 1, 1]",1.0,2.075833100010641
55,8,proposed_c2f_adaptive_pd,1.0,0.06333333333333334,1,13,640.0,1.0666666666666667,"[1, 1, 1, 1, 1, 1, 1, 1, 1, 1]",1.0,2.569236100069247
55,8,sense_sinr_budgeted,1.0,0.043333333333333335,8,60,5120.0,8.533333333333335,"[1, 1, 1, 1, 1, 1, 1, 1, 1, 1]",1.0,2.569255700102076
56,8,proposed_c2f_adaptive_pd,1.0,0.05,1,11,640.0,1.0666666666666667,"[1, 1, 1, 1, 1, 1, 1, 1, 1, 1]",1.0,1.9966878000414
56,8,sense_sinr_budgeted,1.0,0.06,8,60,5120.0,8.533333333333335,"[1, 1, 1, 1, 1, 1, 1, 1, 1, 1]",1.0,1.9967078999616206
57,8,proposed_c2f_adaptive_pd,1.0,0.043333333333333335,0,11,0.0,0.0,"[1, 1, 1, 1, 1, 1, 1, 1, 1, 1]",1.0,2.0246669000480324
57,8,sense_sinr_budgeted,1.0,0.056666666666666664,8,60,5120.0,8.533333333333335,"[1, 1, 1, 1, 1, 1, 1, 1, 1, 1]",1.0,2.0246866000816226
58,8,proposed_c2f_adaptive_pd,1.0,0.03666666666666667,0,10,0.0,0.0,"[1, 1, 1, 1, 1, 1, 1, 1, 1, 1]",1.0,1.9359395999927074
58,8,sense_sinr_budgeted,1.0,0.05333333333333334,8,60,5120.0,8.533333333333335,"[1, 1, 1, 1, 1, 1, 1, 1, 1, 1]",1.0,1.9359589000232518
59,8,proposed_c2f_adaptive_pd,1.0,0.056666666666666664,0,10,0.0,0.0,"[1, 1, 1, 1, 1, 1, 1, 1, 1, 1]",1.0,2.0024022000143304
59,8,sense_sinr_budgeted,1.0,0.02,8,60,5120.0,8.533333333333335,"[1, 1, 1, 1, 1, 1, 1, 1, 1, 1]",1.0,2.0024216000456363
60,8,proposed_c2f_adaptive_pd,1.0,0.043333333333333335,0,14,0.0,0.0,"[1, 1, 1, 1, 1, 1, 1, 1, 1, 1]",1.0,2.529156900011003
60,8,sense_sinr_budgeted,1.0,0.06666666666666667,8,60,5120.0,8.533333333333335,"[1, 1, 1, 1, 1, 1, 1, 1, 1, 1]",1.0,2.529176100040786
61,8,proposed_c2f_adaptive_pd,1.0,0.05333333333333334,1,11,640.0,1.0666666666666667,"[1, 1, 1, 1, 1, 1, 1, 1, 1, 1]",1.0,2.2659165000077337
61,8,sense_sinr_budgeted,1.0,0.07333333333333333,8,60,5120.0,8.533333333333335,"[1, 1, 1, 1, 1, 1, 1, 1, 1, 1]",1.0,2.2659363000420853
62,8,proposed_c2f_adaptive_pd,1.0,0.03666666666666667,0,10,0.0,0.0,"[1, 1, 1, 1, 1, 1, 1, 1, 1, 1]",1.0,1.8915889000054449
62,8,sense_sinr_budgeted,1.0,0.06,8,60,5120.0,8.533333333333335,"[1, 1, 1, 1, 1, 1, 1, 1, 1, 1]",1.0,1.8916084999218583
63,8,proposed_c2f_adaptive_pd,1.0,0.04666666666666667,0,11,0.0,0.0,"[1, 1, 1, 1, 1, 1, 1, 1, 1, 1]",1.0,1.9841727999737486
63,8,sense_sinr_budgeted,1.0,0.05333333333333334,8,60,5120.0,8.533333333333335,"[1, 1, 1, 1, 1, 1, 1, 1, 1, 1]",1.0,1.9841958999168128
64,8,proposed_c2f_adaptive_pd,0.9,0.03333333333333333,2,14,1280.0,2.1333333333333333,"[1, 1, 1, 1, 1, 1, 1, 1, 1, 0]",0.9285714285714286,2.4548904000548646
64,8,sense_sinr_budgeted,1.0,0.06333333333333334,8,60,5120.0,8.533333333333335,"[1, 1, 1, 1, 1, 1, 1, 1, 1, 1]",1.0,2.454933400033042
65,8,proposed_c2f_adaptive_pd,1.0,0.04666666666666667,0,11,0.0,0.0,"[1, 1, 1, 1, 1, 1, 1, 1, 1, 1]",1.0,1.9240249999566004
65,8,sense_sinr_budgeted,1.0,0.04666666666666667,8,60,5120.0,8.533333333333335,"[1, 1, 1, 1, 1, 1, 1, 1, 1, 1]",1.0,1.9240446999901906
66,8,proposed_c2f_adaptive_pd,1.0,0.03,0,10,0.0,0.0,"[1, 1, 1, 1, 1, 1, 1, 1, 1, 1]",1.0,1.882205400033854
66,8,sense_sinr_budgeted,1.0,0.056666666666666664,8,60,5120.0,8.533333333333335,"[1, 1, 1, 1, 1, 1, 1, 1, 1, 1]",0.9666666666666667,1.8822257000720128
67,8,proposed_c2f_adaptive_pd,1.0,0.07,0,11,0.0,0.0,"[1, 1, 1, 1, 1, 1, 1, 1, 1, 1]",1.0,2.121797199943103
67,8,sense_sinr_budgeted,1.0,0.08666666666666667,8,60,5120.0,8.533333333333335,"[1, 1, 1, 1, 1, 1, 1, 1, 1, 1]",1.0,2.12181669997517
68,8,proposed_c2f_adaptive_pd,1.0,0.05,1,15,640.0,1.0666666666666667,"[1, 1, 1, 1, 1, 1, 1, 1, 1, 1]",1.0,3.0637381999986246
68,8,sense_sinr_budgeted,1.0,0.06,8,60,5120.0,8.533333333333335,"[1, 1, 1, 1, 1, 1, 1, 1, 1, 1]",1.0,3.0637573999119923
69,8,proposed_c2f_adaptive_pd,1.0,0.056666666666666664,2,14,1280.0,2.1333333333333333,"[1, 1, 1, 1, 1, 1, 1, 1, 1, 1]",1.0,2.6890816999366507
69,8,sense_sinr_budgeted,1.0,0.05333333333333334,8,60,5120.0,8.533333333333335,"[1, 1, 1, 1, 1, 1, 1, 1, 1, 1]",1.0,2.6891023999778554
70,8,proposed_c2f_adaptive_pd,0.9,0.04,0,10,0.0,0.0,"[1, 0, 1, 1, 1, 1, 1, 1, 1, 1]",0.9,1.8976986999623477
70,8,sense_sinr_budgeted,1.0,0.043333333333333335,8,60,5120.0,8.533333333333335,"[1, 1, 1, 1, 1, 1, 1, 1, 1, 1]",0.9833333333333333,1.8977192000020295
71,8,proposed_c2f_adaptive_pd,1.0,0.056666666666666664,1,12,640.0,1.0666666666666667,"[1, 1, 1, 1, 1, 1, 1, 1, 1, 1]",1.0,2.580488199950196
71,8,sense_sinr_budgeted,1.0,0.07666666666666666,8,60,5120.0,8.533333333333335,"[1, 1, 1, 1, 1, 1, 1, 1, 1, 1]",1.0,2.5805077999830246
72,8,proposed_c2f_adaptive_pd,0.9,0.02666666666666667,1,10,640.0,1.0666666666666667,"[0, 1, 1, 1, 1, 1, 1, 1, 1, 1]",0.9,2.059781300020404
72,8,sense_sinr_budgeted,1.0,0.06,8,60,5120.0,8.533333333333335,"[1, 1, 1, 1, 1, 1, 1, 1, 1, 1]",0.9166666666666666,2.0598015999421477
73,8,proposed_c2f_adaptive_pd,0.9,0.07666666666666666,0,10,0.0,0.0,"[1, 1, 0, 1, 1, 1, 1, 1, 1, 1]",1.0,1.9803979999851435
73,8,sense_sinr_budgeted,1.0,0.056666666666666664,8,60,5120.0,8.533333333333335,"[1, 1, 1, 1, 1, 1, 1, 1, 1, 1]",0.9833333333333333,1.9804176999023184
74,8,proposed_c2f_adaptive_pd,1.0,0.04666666666666667,0,11,0.0,0.0,"[1, 1, 1, 1, 1, 1, 1, 1, 1, 1]",1.0,2.117743600043468
74,8,sense_sinr_budgeted,1.0,0.06,8,60,5120.0,8.533333333333335,"[1, 1, 1, 1, 1, 1, 1, 1, 1, 1]",1.0,2.1177638999652117
75,8,proposed_c2f_adaptive_pd,1.0,0.03333333333333333,0,10,0.0,0.0,"[1, 1, 1, 1, 1, 1, 1, 1, 1, 1]",1.0,2.0786530000623316
75,8,sense_sinr_budgeted,1.0,0.056666666666666664,8,60,5120.0,8.533333333333335,"[1, 1, 1, 1, 1, 1, 1, 1, 1, 1]",1.0,2.078689599991776
76,8,proposed_c2f_adaptive_pd,1.0,0.02666666666666667,0,15,0.0,0.0,"[1, 1, 1, 1, 1, 1, 1, 1, 1, 1]",1.0,2.8341785999946296
76,8,sense_sinr_budgeted,1.0,0.04,8,60,5120.0,8.533333333333335,"[1, 1, 1, 1, 1, 1, 1, 1, 1, 1]",1.0,2.834198199911043
77,8,proposed_c2f_adaptive_pd,1.0,0.04,0,12,0.0,0.0,"[1, 1, 1, 1, 1, 1, 1, 1, 1, 1]",1.0,2.293995200074278
77,8,sense_sinr_budgeted,1.0,0.043333333333333335,8,60,5120.0,8.533333333333335,"[1, 1, 1, 1, 1, 1, 1, 1, 1, 1]",0.9666666666666667,2.2940227000508457
78,8,proposed_c2f_adaptive_pd,1.0,0.03,0,10,0.0,0.0,"[1, 1, 1, 1, 1, 1, 1, 1, 1, 1]",1.0,1.8110113999573514
78,8,sense_sinr_budgeted,1.0,0.03333333333333333,8,60,5120.0,8.533333333333335,"[1, 1, 1, 1, 1, 1, 1, 1, 1, 1]",0.9666666666666667,1.8110306999878958
79,8,proposed_c2f_adaptive_pd,1.0,0.05333333333333334,0,10,0.0,0.0,"[1, 1, 1, 1, 1, 1, 1, 1, 1, 1]",1.0,1.8701134000439197
79,8,sense_sinr_budgeted,1.0,0.06666666666666667,8,60,5120.0,8.533333333333335,"[1, 1, 1, 1, 1, 1, 1, 1, 1, 1]",1.0,1.870132700074464
80,8,proposed_c2f_adaptive_pd,1.0,0.02666666666666667,0,11,0.0,0.0,"[1, 1, 1, 1, 1, 1, 1, 1, 1, 1]",1.0,1.8373861000873148
80,8,sense_sinr_budgeted,1.0,0.03666666666666667,8,60,5120.0,8.533333333333335,"[1, 1, 1, 1, 1, 1, 1, 1, 1, 1]",1.0,1.8374055000022054
81,8,proposed_c2f_adaptive_pd,1.0,0.03666666666666667,4,20,2560.0,4.266666666666667,"[1, 1, 1, 1, 1, 1, 1, 1, 1, 1]",1.0,3.232421400025487
81,8,sense_sinr_budgeted,0.9,0.07333333333333333,8,60,5120.0,8.533333333333335,"[1, 1, 1, 1, 1, 0, 1, 1, 1, 1]",1.0,3.2324599999701604
82,8,proposed_c2f_adaptive_pd,1.0,0.043333333333333335,0,10,0.0,0.0,"[1, 1, 1, 1, 1, 1, 1, 1, 1, 1]",1.0,1.7559065000386909
82,8,sense_sinr_budgeted,1.0,0.06,8,60,5120.0,8.533333333333335,"[1, 1, 1, 1, 1, 1, 1, 1, 1, 1]",1.0,1.7559263999573886
83,8,proposed_c2f_adaptive_pd,0.9,0.06,6,25,3840.0,6.400000000000001,"[1, 1, 0, 1, 1, 1, 1, 1, 1, 1]",1.0,4.190945099922828
83,8,sense_sinr_budgeted,0.9,0.056666666666666664,8,60,5120.0,8.533333333333335,"[1, 1, 0, 1, 1, 1, 1, 1, 1, 1]",1.0,4.190964299952611
84,8,proposed_c2f_adaptive_pd,1.0,0.02666666666666667,0,10,0.0,0.0,"[1, 1, 1, 1, 1, 1, 1, 1, 1, 1]",1.0,1.8927562000462785
84,8,sense_sinr_budgeted,1.0,0.043333333333333335,8,60,5120.0,8.533333333333335,"[1, 1, 1, 1, 1, 1, 1, 1, 1, 1]",1.0,1.8927803999977186
85,8,proposed_c2f_adaptive_pd,1.0,0.03666666666666667,0,11,0.0,0.0,"[1, 1, 1, 1, 1, 1, 1, 1, 1, 1]",1.0,2.1474793000379577
85,8,sense_sinr_budgeted,1.0,0.03666666666666667,8,60,5120.0,8.533333333333335,"[1, 1, 1, 1, 1, 1, 1, 1, 1, 1]",1.0,2.1474993999581784
86,8,proposed_c2f_adaptive_pd,1.0,0.043333333333333335,2,14,1280.0,2.1333333333333333,"[1, 1, 1, 1, 1, 1, 1, 1, 1, 1]",1.0,2.488496500067413
86,8,sense_sinr_budgeted,1.0,0.06333333333333334,8,60,5120.0,8.533333333333335,"[1, 1, 1, 1, 1, 1, 1, 1, 1, 1]",1.0,2.488516499986872
87,8,proposed_c2f_adaptive_pd,1.0,0.056666666666666664,3,16,1920.0,3.2,"[1, 1, 1, 1, 1, 1, 1, 1, 1, 1]",1.0,2.720195399946533
87,8,sense_sinr_budgeted,1.0,0.05,8,60,5120.0,8.533333333333335,"[1, 1, 1, 1, 1, 1, 1, 1, 1, 1]",1.0,2.7202309999847785
88,8,proposed_c2f_adaptive_pd,1.0,0.043333333333333335,0,10,0.0,0.0,"[1, 1, 1, 1, 1, 1, 1, 1, 1, 1]",1.0,1.877501100068912
88,8,sense_sinr_budgeted,1.0,0.03666666666666667,8,60,5120.0,8.533333333333335,"[1, 1, 1, 1, 1, 1, 1, 1, 1, 1]",1.0,1.8775205001002178
89,8,proposed_c2f_adaptive_pd,1.0,0.05333333333333334,0,10,0.0,0.0,"[1, 1, 1, 1, 1, 1, 1, 1, 1, 1]",1.0,2.1053975000977516
89,8,sense_sinr_budgeted,1.0,0.03,8,60,5120.0,8.533333333333335,"[1, 1, 1, 1, 1, 1, 1, 1, 1, 1]",1.0,2.105416600010358
90,8,proposed_c2f_adaptive_pd,1.0,0.03,0,10,0.0,0.0,"[1, 1, 1, 1, 1, 1, 1, 1, 1, 1]",1.0,1.8461734999436885
90,8,sense_sinr_budgeted,1.0,0.03666666666666667,8,60,5120.0,8.533333333333335,"[1, 1, 1, 1, 1, 1, 1, 1, 1, 1]",1.0,1.846192799974233
91,8,proposed_c2f_adaptive_pd,1.0,0.06,0,10,0.0,0.0,"[1, 1, 1, 1, 1, 1, 1, 1, 1, 1]",1.0,1.7834468999644741
91,8,sense_sinr_budgeted,1.0,0.056666666666666664,8,60,5120.0,8.533333333333335,"[1, 1, 1, 1, 1, 1, 1, 1, 1, 1]",1.0,1.7834666999988258
92,8,proposed_c2f_adaptive_pd,1.0,0.05,2,15,1280.0,2.1333333333333333,"[1, 1, 1, 1, 1, 1, 1, 1, 1, 1]",1.0,2.7574803999159485
92,8,sense_sinr_budgeted,1.0,0.07,8,60,5120.0,8.533333333333335,"[1, 1, 1, 1, 1, 1, 1, 1, 1, 1]",1.0,2.7575002999510616
93,8,proposed_c2f_adaptive_pd,0.9,0.06666666666666667,0,10,0.0,0.0,"[1, 1, 1, 1, 1, 0, 1, 1, 1, 1]",1.0,1.8199343999149278
93,8,sense_sinr_budgeted,1.0,0.03,8,60,5120.0,8.533333333333335,"[1, 1, 1, 1, 1, 1, 1, 1, 1, 1]",1.0,1.819954099948518
94,8,proposed_c2f_adaptive_pd,1.0,0.04,0,10,0.0,0.0,"[1, 1, 1, 1, 1, 1, 1, 1, 1, 1]",1.0,1.8168942000484094
94,8,sense_sinr_budgeted,1.0,0.05,8,60,5120.0,8.533333333333335,"[1, 1, 1, 1, 1, 1, 1, 1, 1, 1]",1.0,1.8169141000835225
95,8,proposed_c2f_adaptive_pd,1.0,0.06,0,10,0.0,0.0,"[1, 1, 1, 1, 1, 1, 1, 1, 1, 1]",1.0,1.7430206999415532
95,8,sense_sinr_budgeted,1.0,0.06,8,60,5120.0,8.533333333333335,"[1, 1, 1, 1, 1, 1, 1, 1, 1, 1]",1.0,1.7430446000071242
96,8,proposed_c2f_adaptive_pd,1.0,0.06666666666666667,0,10,0.0,0.0,"[1, 1, 1, 1, 1, 1, 1, 1, 1, 1]",1.0,1.5198564999736845
96,8,sense_sinr_budgeted,1.0,0.03666666666666667,8,60,5120.0,8.533333333333335,"[1, 1, 1, 1, 1, 1, 1, 1, 1, 1]",1.0,1.5198762998916209
97,8,proposed_c2f_adaptive_pd,1.0,0.04,0,10,0.0,0.0,"[1, 1, 1, 1, 1, 1, 1, 1, 1, 1]",1.0,1.8262035000370815
97,8,sense_sinr_budgeted,1.0,0.04,8,60,5120.0,8.533333333333335,"[1, 1, 1, 1, 1, 1, 1, 1, 1, 1]",1.0,1.826227799989283
98,8,proposed_c2f_adaptive_pd,1.0,0.05333333333333334,1,12,640.0,1.0666666666666667,"[1, 1, 1, 1, 1, 1, 1, 1, 1, 1]",1.0,1.8484994999598712
98,8,sense_sinr_budgeted,1.0,0.05333333333333334,8,60,5120.0,8.533333333333335,"[1, 1, 1, 1, 1, 1, 1, 1, 1, 1]",1.0,1.848523199907504
99,8,proposed_c2f_adaptive_pd,1.0,0.056666666666666664,0,11,0.0,0.0,"[1, 1, 1, 1, 1, 1, 1, 1, 1, 1]",1.0,2.0258513999870047
99,8,sense_sinr_budgeted,1.0,0.03333333333333333,8,60,5120.0,8.533333333333335,"[1, 1, 1, 1, 1, 1, 1, 1, 1, 1]",1.0,2.025874700048007
