trial,method,detected,total_targets,detected_fraction,false_alarm,total_false,false_alarm_fraction,selected_observations,remote_reports,local_observations,overhead_bits,overhead_delay_ms,D_mean,D_median,belief_capture_rate,selector_score_evaluations,coordination_messages,bid_rounds,detection_runtime_ms,fusion_nodes,selected_links
0,proposed_c2f_adaptive_pd,10,10,1.0,9,300,0.03,10,0,10,0.0,0.0,1672.1179181936627,194.1683983380151,1.0,9567.0,9567.0,0.0,4.2508000042289495,"6,0,6,1,10,6,11,6,8,0",0:1-6;1:1-0;2:0-6;3:8-1;4:0-10;5:1-6;6:9-11;7:4-6;8:0-8;9:2-0
0,proposed_c2f_adaptive_pd_calibrated,10,10,1.0,10,300,0.03333333333333333,10,0,10,0.0,0.0,1672.1179181936627,194.1683983380151,1.0,9567.0,9567.0,0.0,13.301400002092123,"6,0,6,1,10,6,11,6,8,0",0:1-6;1:1-0;2:0-6;3:8-1;4:0-10;5:1-6;6:9-11;7:4-6;8:0-8;9:2-0
1,proposed_c2f_adaptive_pd,10,10,1.0,19,300,0.06333333333333334,10,0,10,0.0,0.0,25960.461773856896,171.32131364242258,1.0,13599.0,13599.0,0.0,5.794400000013411,"5,4,8,9,13,2,11,11,7,2",0:1-5;1:0-4;2:0-8;3:0-9;4:2-13;5:0-2;6:0-11;7:0-11;8:1-7;9:3-2
1,proposed_c2f_adaptive_pd_calibrated,10,10,1.0,19,300,0.06333333333333334,10,0,10,0.0,0.0,25960.461773856896,171.32131364242258,1.0,13599.0,13599.0,0.0,7.923000026494265,"5,4,8,9,13,2,11,11,7,2",0:1-5;1:0-4;2:0-8;3:0-9;4:2-13;5:0-2;6:0-11;7:0-11;8:1-7;9:3-2
2,proposed_c2f_adaptive_pd,10,10,1.0,13,300,0.043333333333333335,11,0,11,0.0,0.0,2081.8095121979572,72.8308750428453,1.0,11848.0,11848.0,0.0,6.529800011776388,"8,10,10,12,6,11,0,10,8,14","0:2-8;1:8-10;2:3-10;3:1-12;4:0-6;5:4-11;6:1-0;7:14-10;8:10-8,4-8;9:12-14"
2,proposed_c2f_adaptive_pd_calibrated,10,10,1.0,14,300,0.04666666666666667,11,0,11,0.0,0.0,2081.8095121979572,72.8308750428453,1.0,11848.0,11848.0,0.0,12.713300005998462,"8,10,10,12,6,11,0,10,8,14","0:2-8;1:8-10;2:3-10;3:1-12;4:0-6;5:4-11;6:1-0;7:14-10;8:10-8,4-8;9:12-14"
3,proposed_c2f_adaptive_pd,9,10,0.9,12,300,0.04,15,3,12,1920.0,3.2,1011.0885831446428,307.9488630338776,1.0,12505.0,12505.0,0.0,6.27159996656701,"12,11,6,6,12,3,9,4,13,5","0:1-12;1:1-11;2:0-6,0-12,2-6,0-5,4-6,6-5;3:2-6;4:0-12;5:1-3;6:0-9;7:2-4;8:1-13;9:2-5"
3,proposed_c2f_adaptive_pd_calibrated,9,10,0.9,13,300,0.043333333333333335,15,3,12,1920.0,3.2,1011.0885831446428,307.9488630338776,1.0,12505.0,12505.0,0.0,20.520599966403097,"12,11,6,6,12,3,9,4,13,5","0:1-12;1:1-11;2:0-6,0-12,2-6,0-5,4-6,6-5;3:2-6;4:0-12;5:1-3;6:0-9;7:2-4;8:1-13;9:2-5"
4,proposed_c2f_adaptive_pd,10,10,1.0,12,300,0.04,10,0,10,0.0,0.0,910.5253151942854,215.45650390225734,1.0,10659.0,10659.0,0.0,6.107599998358637,"8,7,7,9,4,1,13,1,1,10",0:0-8;1:2-7;2:1-7;3:3-9;4:0-4;5:2-1;6:0-13;7:2-1;8:6-1;9:0-10
4,proposed_c2f_adaptive_pd_calibrated,10,10,1.0,12,300,0.04,10,0,10,0.0,0.0,910.5253151942854,215.45650390225734,1.0,10659.0,10659.0,0.0,12.866900011431426,"8,7,7,9,4,1,13,1,1,10",0:0-8;1:2-7;2:1-7;3:3-9;4:0-4;5:2-1;6:0-13;7:2-1;8:6-1;9:0-10
5,proposed_c2f_adaptive_pd,10,10,1.0,9,300,0.03,10,0,10,0.0,0.0,343.6813442595738,95.24911735422418,1.0,8811.0,8811.0,0.0,6.274999992456287,"7,4,13,11,6,9,6,4,4,10",0:5-7;1:1-4;2:1-13;3:4-11;4:7-6;5:13-9;6:14-6;7:10-4;8:1-4;9:4-10
5,proposed_c2f_adaptive_pd_calibrated,10,10,1.0,11,300,0.03666666666666667,10,0,10,0.0,0.0,343.6813442595738,95.24911735422418,1.0,8811.0,8811.0,0.0,8.975800010375679,"7,4,13,11,6,9,6,4,4,10",0:5-7;1:1-4;2:1-13;3:4-11;4:7-6;5:13-9;6:14-6;7:10-4;8:1-4;9:4-10
6,proposed_c2f_adaptive_pd,10,10,1.0,15,300,0.05,11,0,11,0.0,0.0,1363.235297291131,544.3598105672696,1.0,10732.0,10732.0,0.0,6.439899967517704,"2,1,4,6,9,3,3,4,4,4","0:0-2;1:0-1;2:0-4;3:0-6;4:1-9;5:2-3;6:4-3;7:0-4;8:1-4;9:8-4,5-4"
6,proposed_c2f_adaptive_pd_calibrated,10,10,1.0,15,300,0.05,11,0,11,0.0,0.0,1363.235297291131,544.3598105672696,1.0,10732.0,10732.0,0.0,14.497599971946329,"2,1,4,6,9,3,3,4,4,4","0:0-2;1:0-1;2:0-4;3:0-6;4:1-9;5:2-3;6:4-3;7:0-4;8:1-4;9:8-4,5-4"
7,proposed_c2f_adaptive_pd,10,10,1.0,22,300,0.07333333333333333,11,0,11,0.0,0.0,463.7973024248125,218.21874844786703,1.0,11964.0,11964.0,0.0,4.287599993404001,"4,3,6,14,4,2,4,6,8,4","0:1-4;1:12-3;2:0-6;3:2-14;4:2-4;5:0-2;6:3-4,12-4;7:0-6;8:0-8;9:2-4"
7,proposed_c2f_adaptive_pd_calibrated,10,10,1.0,22,300,0.07333333333333333,11,0,11,0.0,0.0,463.7973024248125,218.21874844786703,1.0,11964.0,11964.0,0.0,11.623899976257235,"4,3,6,14,4,2,4,6,8,4","0:1-4;1:12-3;2:0-6;3:2-14;4:2-4;5:0-2;6:3-4,12-4;7:0-6;8:0-8;9:2-4"
8,proposed_c2f_adaptive_pd,10,10,1.0,21,300,0.07,12,0,12,0.0,0.0,1972.3843074963631,327.2090760698293,1.0,13866.0,13866.0,0.0,3.944600000977516,"3,1,2,14,2,4,14,3,9,5","0:2-3,11-3,1-3;1:0-1;2:3-2;3:0-14;4:1-2;5:0-4;6:0-14;7:0-3;8:1-9;9:0-5"
8,proposed_c2f_adaptive_pd_calibrated,10,10,1.0,21,300,0.07,12,0,12,0.0,0.0,1972.3843074963631,327.2090760698293,1.0,13866.0,13866.0,0.0,11.768099968321621,"3,1,2,14,2,4,14,3,9,5","0:2-3,11-3,1-3;1:0-1;2:3-2;3:0-14;4:1-2;5:0-4;6:0-14;7:0-3;8:1-9;9:0-5"
9,proposed_c2f_adaptive_pd,9,10,0.9,9,270,0.03333333333333333,10,0,10,0.0,0.0,512.0398056704873,364.17034896633413,0.9,9581.0,9581.0,0.0,3.9074000087566674,"14,6,6,1,14,11,10,13,0,8",0:7-14;1:0-6;2:0-6;3:3-1;4:0-14;5:3-11;6:0-10;7:1-13;8:1-0;9:0-8
9,proposed_c2f_adaptive_pd_calibrated,9,10,0.9,9,270,0.03333333333333333,10,0,10,0.0,0.0,512.0398056704873,364.17034896633413,0.9,9581.0,9581.0,0.0,7.110600010491908,"14,6,6,1,14,11,10,13,0,8",0:7-14;1:0-6;2:0-6;3:3-1;4:0-14;5:3-11;6:0-10;7:1-13;8:1-0;9:0-8
10,proposed_c2f_adaptive_pd,10,10,1.0,20,300,0.06666666666666667,15,1,14,640.0,1.0666666666666667,1436.740508016771,198.20200502260485,1.0,12043.0,12043.0,0.0,6.816400040406734,"13,7,14,4,1,5,7,12,0,3","0:0-13;1:0-7;2:7-14,14-7,3-14,4-14,5-14,12-14;3:1-4;4:0-1;5:0-5;6:11-7;7:2-12;8:1-0;9:4-3"
10,proposed_c2f_adaptive_pd_calibrated,10,10,1.0,20,300,0.06666666666666667,15,1,14,640.0,1.0666666666666667,1436.740508016771,198.20200502260485,1.0,12043.0,12043.0,0.0,16.415500023867935,"13,7,14,4,1,5,7,12,0,3","0:0-13;1:0-7;2:7-14,14-7,3-14,4-14,5-14,12-14;3:1-4;4:0-1;5:0-5;6:11-7;7:2-12;8:1-0;9:4-3"
11,proposed_c2f_adaptive_pd,10,10,1.0,14,300,0.04666666666666667,10,0,10,0.0,0.0,600.9792154390607,208.5815184855945,1.0,11429.0,11429.0,0.0,5.890499975066632,"6,7,4,3,7,2,4,8,14,4",0:0-6;1:0-7;2:1-4;3:0-3;4:1-7;5:0-2;6:1-4;7:2-8;8:1-14;9:1-4
11,proposed_c2f_adaptive_pd_calibrated,10,10,1.0,14,300,0.04666666666666667,10,0,10,0.0,0.0,600.9792154390607,208.5815184855945,1.0,11429.0,11429.0,0.0,12.05429999390617,"6,7,4,3,7,2,4,8,14,4",0:0-6;1:0-7;2:1-4;3:0-3;4:1-7;5:0-2;6:1-4;7:2-8;8:1-14;9:1-4
12,proposed_c2f_adaptive_pd,10,10,1.0,12,300,0.04,11,0,11,0.0,0.0,27322.296356511844,374.7124326094829,1.0,12923.0,12923.0,0.0,6.501399970147759,"11,7,7,1,8,2,0,5,10,5","0:3-11;1:0-7;2:13-7,4-7;3:0-1;4:3-8;5:9-2;6:1-0;7:3-5;8:0-10;9:10-5"
12,proposed_c2f_adaptive_pd_calibrated,10,10,1.0,12,300,0.04,11,0,11,0.0,0.0,27322.296356511844,374.7124326094829,1.0,12923.0,12923.0,0.0,15.853799995966256,"11,7,7,1,8,2,0,5,10,5","0:3-11;1:0-7;2:13-7,4-7;3:0-1;4:3-8;5:9-2;6:1-0;7:3-5;8:0-10;9:10-5"
13,proposed_c2f_adaptive_pd,10,10,1.0,23,300,0.07666666666666666,15,3,12,1920.0,3.2,2822.6236853090954,174.1388351172322,1.0,14217.0,14217.0,0.0,6.167999992612749,"1,3,11,10,6,0,7,3,5,10","0:1-2,2-1,1-12,12-1,5-1,13-12;1:2-3;2:0-11;3:0-10;4:0-6;5:1-0;6:5-7;7:2-3;8:14-5;9:8-10"
13,proposed_c2f_adaptive_pd_calibrated,10,10,1.0,24,300,0.08,15,3,12,1920.0,3.2,2822.6236853090954,174.1388351172322,1.0,14217.0,14217.0,0.0,20.155999984126538,"1,3,11,10,6,0,7,3,5,10","0:1-2,2-1,1-12,12-1,5-1,13-12;1:2-3;2:0-11;3:0-10;4:0-6;5:1-0;6:5-7;7:2-3;8:14-5;9:8-10"
14,proposed_c2f_adaptive_pd,10,10,1.0,8,300,0.02666666666666667,10,0,10,0.0,0.0,17795.955289343845,1163.995852153404,1.0,10659.0,10659.0,0.0,5.211999989114702,"12,4,12,5,8,4,9,12,0,10",0:4-12;1:0-4;2:0-12;3:9-5;4:0-8;5:2-4;6:0-9;7:2-12;8:2-0;9:1-10
14,proposed_c2f_adaptive_pd_calibrated,10,10,1.0,9,300,0.03,10,0,10,0.0,0.0,17795.955289343845,1163.995852153404,1.0,10659.0,10659.0,0.0,9.615299990400672,"12,4,12,5,8,4,9,12,0,10",0:4-12;1:0-4;2:0-12;3:9-5;4:0-8;5:2-4;6:0-9;7:2-12;8:2-0;9:1-10
15,proposed_c2f_adaptive_pd,10,10,1.0,15,300,0.05,10,0,10,0.0,0.0,1182.7391819418876,284.23242250655903,1.0,10197.0,10197.0,0.0,3.9130999939516187,"1,8,9,8,10,10,11,7,6,10",0:0-1;1:1-8;2:0-9;3:1-8;4:0-10;5:0-10;6:0-11;7:2-7;8:0-6;9:0-10
15,proposed_c2f_adaptive_pd_calibrated,10,10,1.0,15,300,0.05,10,0,10,0.0,0.0,1182.7391819418876,284.23242250655903,1.0,10197.0,10197.0,0.0,9.456200001295656,"1,8,9,8,10,10,11,7,6,10",0:0-1;1:1-8;2:0-9;3:1-8;4:0-10;5:0-10;6:0-11;7:2-7;8:0-6;9:0-10
16,proposed_c2f_adaptive_pd,10,10,1.0,16,300,0.05333333333333334,10,0,10,0.0,0.0,1370.4579322741702,386.5468247466322,1.0,8223.0,8223.0,0.0,3.5731999669224024,"14,2,14,14,2,7,5,14,4,0",0:2-14;1:6-2;2:2-14;3:0-14;4:0-2;5:1-7;6:2-5;7:2-14;8:2-4;9:9-0
16,proposed_c2f_adaptive_pd_calibrated,10,10,1.0,16,300,0.05333333333333334,10,0,10,0.0,0.0,1370.4579322741702,386.5468247466322,1.0,8223.0,8223.0,0.0,12.109400006011128,"14,2,14,14,2,7,5,14,4,0",0:2-14;1:6-2;2:2-14;3:0-14;4:0-2;5:1-7;6:2-5;7:2-14;8:2-4;9:9-0
17,proposed_c2f_adaptive_pd,10,10,1.0,12,300,0.04,10,0,10,0.0,0.0,715.1511589908584,171.6469767309685,1.0,11079.0,11079.0,0.0,3.7650999729521573,"1,3,4,5,7,6,6,1,6,5",0:0-1;1:1-3;2:3-4;3:3-5;4:0-7;5:7-6;6:0-6;7:0-1;8:0-6;9:11-5
17,proposed_c2f_adaptive_pd_calibrated,10,10,1.0,12,300,0.04,10,0,10,0.0,0.0,715.1511589908584,171.6469767309685,1.0,11079.0,11079.0,0.0,12.256500020157546,"1,3,4,5,7,6,6,1,6,5",0:0-1;1:1-3;2:3-4;3:3-5;4:0-7;5:7-6;6:0-6;7:0-1;8:0-6;9:11-5
18,proposed_c2f_adaptive_pd,10,10,1.0,12,300,0.04,12,1,11,640.0,1.0666666666666667,2678.7286729146817,198.77095343926325,1.0,12776.0,12776.0,0.0,7.0062000304460526,"8,8,5,14,1,13,2,2,8,10","0:9-8;1:0-8;2:0-5;3:2-14;4:1-6,6-1;5:0-13;6:1-2;7:3-2;8:9-8,1-8;9:2-10"
18,proposed_c2f_adaptive_pd_calibrated,10,10,1.0,12,300,0.04,12,1,11,640.0,1.0666666666666667,2678.7286729146817,198.77095343926325,1.0,12776.0,12776.0,0.0,15.953399997670203,"8,8,5,14,1,13,2,2,8,10","0:9-8;1:0-8;2:0-5;3:2-14;4:1-6,6-1;5:0-13;6:1-2;7:3-2;8:9-8,1-8;9:2-10"
19,proposed_c2f_adaptive_pd,10,10,1.0,11,300,0.03666666666666667,15,3,12,1920.0,3.2,2338.770870003769,325.4793415856733,1.0,18151.0,18151.0,0.0,6.931999989319593,"6,2,9,8,7,3,2,3,6,7","0:5-6;1:12-2;2:0-9;3:11-8;4:3-7;5:5-3;6:0-2;7:1-3;8:10-6,6-10,0-6,5-6,6-0,5-10;9:1-7"
19,proposed_c2f_adaptive_pd_calibrated,10,10,1.0,11,300,0.03666666666666667,15,3,12,1920.0,3.2,2338.770870003769,325.4793415856733,1.0,18151.0,18151.0,0.0,18.193700001575053,"6,2,9,8,7,3,2,3,6,7","0:5-6;1:12-2;2:0-9;3:11-8;4:3-7;5:5-3;6:0-2;7:1-3;8:10-6,6-10,0-6,5-6,6-0,5-10;9:1-7"
20,proposed_c2f_adaptive_pd,10,10,1.0,11,300,0.03666666666666667,13,1,12,640.0,1.0666666666666667,2888.936660282501,325.6480776872735,1.0,16245.0,16245.0,0.0,5.430600023828447,"14,1,8,6,6,12,10,3,5,12","0:6-14,14-6,10-14,12-14;1:0-1;2:0-8;3:0-6;4:13-6;5:1-12;6:2-10;7:1-3;8:1-5;9:5-12"
20,proposed_c2f_adaptive_pd_calibrated,10,10,1.0,11,300,0.03666666666666667,13,1,12,640.0,1.0666666666666667,2888.936660282501,325.6480776872735,1.0,16245.0,16245.0,0.0,11.626599996816367,"14,1,8,6,6,12,10,3,5,12","0:6-14,14-6,10-14,12-14;1:0-1;2:0-8;3:0-6;4:13-6;5:1-12;6:2-10;7:1-3;8:1-5;9:5-12"
21,proposed_c2f_adaptive_pd,10,10,1.0,15,300,0.05,15,1,14,640.0,1.0666666666666667,1655.1692876358175,44.30324778056815,1.0,13564.0,13564.0,0.0,8.026800001971424,"3,1,10,2,9,13,3,6,12,2","0:0-3;1:0-1;2:5-10;3:9-2,2-9,10-2;4:1-9;5:0-13;6:0-3;7:0-6;8:1-12;9:13-2,10-2,9-2,3-2"
21,proposed_c2f_adaptive_pd_calibrated,10,10,1.0,15,300,0.05,15,1,14,640.0,1.0666666666666667,1655.1692876358175,44.30324778056815,1.0,13564.0,13564.0,0.0,17.08760001929477,"3,1,10,2,9,13,3,6,12,2","0:0-3;1:0-1;2:5-10;3:9-2,2-9,10-2;4:1-9;5:0-13;6:0-3;7:0-6;8:1-12;9:13-2,10-2,9-2,3-2"
22,proposed_c2f_adaptive_pd,10,10,1.0,14,300,0.04666666666666667,10,0,10,0.0,0.0,1576.724175095283,514.0250741484399,1.0,14047.0,14047.0,0.0,6.2827999936416745,"3,3,9,3,3,5,4,10,5,3",0:1-3;1:1-3;2:2-9;3:1-3;4:1-3;5:1-5;6:0-4;7:0-10;8:1-5;9:1-3
22,proposed_c2f_adaptive_pd_calibrated,10,10,1.0,14,300,0.04666666666666667,10,0,10,0.0,0.0,1576.724175095283,514.0250741484399,1.0,14047.0,14047.0,0.0,9.267899964470416,"3,3,9,3,3,5,4,10,5,3",0:1-3;1:1-3;2:2-9;3:1-3;4:1-3;5:1-5;6:0-4;7:0-10;8:1-5;9:1-3
23,proposed_c2f_adaptive_pd,10,10,1.0,14,300,0.04666666666666667,11,1,10,640.0,1.0666666666666667,5200.5948953416655,233.7870094936168,1.0,12175.0,12175.0,0.0,5.7696999865584075,"6,5,7,7,0,2,10,2,4,6","0:0-6;1:0-5;2:8-7;3:8-7,7-8;4:1-0;5:4-2;6:2-10;7:0-2;8:0-4;9:1-6"
23,proposed_c2f_adaptive_pd_calibrated,10,10,1.0,14,300,0.04666666666666667,11,1,10,640.0,1.0666666666666667,5200.5948953416655,233.7870094936168,1.0,12175.0,12175.0,0.0,14.85899998806417,"6,5,7,7,0,2,10,2,4,6","0:0-6;1:0-5;2:8-7;3:8-7,7-8;4:1-0;5:4-2;6:2-10;7:0-2;8:0-4;9:1-6"
24,proposed_c2f_adaptive_pd,9,10,0.9,26,300,0.08666666666666667,26,0,26,0.0,0.0,1714.7842979430711,163.11531301637729,1.0,24957.0,24957.0,0.0,12.691800016909838,"8,5,5,6,8,4,7,4,4,5","0:10-8;1:3-5,10-5,4-5,13-5,14-5;2:4-5,3-5,10-5,0-5,13-5,14-5;3:0-6;4:0-8;5:6-4;6:0-7;7:13-4,12-4,0-4,2-4,6-4,9-4;8:0-4;9:10-5,3-5,14-5"
24,proposed_c2f_adaptive_pd_calibrated,9,10,0.9,26,300,0.08666666666666667,26,0,26,0.0,0.0,1714.7842979430711,163.11531301637729,1.0,24957.0,24957.0,0.0,32.30449999682605,"8,5,5,6,8,4,7,4,4,5","0:10-8;1:3-5,10-5,4-5,13-5,14-5;2:4-5,3-5,10-5,0-5,13-5,14-5;3:0-6;4:0-8;5:6-4;6:0-7;7:13-4,12-4,0-4,2-4,6-4,9-4;8:0-4;9:10-5,3-5,14-5"
25,proposed_c2f_adaptive_pd,10,10,1.0,19,300,0.06333333333333334,14,0,14,0.0,0.0,4312.907218652088,357.29278632162755,1.0,18696.0,18696.0,0.0,7.537800003774464,"8,7,13,12,9,13,14,8,0,7","0:0-8;1:0-7;2:0-13;3:1-12;4:1-9;5:12-13,4-13,0-13,3-13,1-13;6:0-14;7:13-8;8:2-0;9:0-7"
25,proposed_c2f_adaptive_pd_calibrated,10,10,1.0,20,300,0.06666666666666667,14,0,14,0.0,0.0,4312.907218652088,357.29278632162755,1.0,18696.0,18696.0,0.0,14.60570003837347,"8,7,13,12,9,13,14,8,0,7","0:0-8;1:0-7;2:0-13;3:1-12;4:1-9;5:12-13,4-13,0-13,3-13,1-13;6:0-14;7:13-8;8:2-0;9:0-7"
26,proposed_c2f_adaptive_pd,9,10,0.9,18,300,0.06,15,2,13,1280.0,2.1333333333333333,758.2684213447744,200.51822731982656,1.0,19890.0,19890.0,0.0,6.389299989677966,"12,12,1,0,4,6,11,6,13,6","0:13-12;1:6-12,1-12;2:0-1;3:2-0;4:1-4;5:0-6;6:4-11;7:1-6;8:0-13;9:1-6,6-1,12-6,12-1,14-6"
26,proposed_c2f_adaptive_pd_calibrated,9,10,0.9,18,300,0.06,15,2,13,1280.0,2.1333333333333333,758.2684213447744,200.51822731982656,1.0,19890.0,19890.0,0.0,15.614900039508939,"12,12,1,0,4,6,11,6,13,6","0:13-12;1:6-12,1-12;2:0-1;3:2-0;4:1-4;5:0-6;6:4-11;7:1-6;8:0-13;9:1-6,6-1,12-6,12-1,14-6"
27,proposed_c2f_adaptive_pd,10,10,1.0,10,300,0.03333333333333333,15,1,14,640.0,1.0666666666666667,1238.4175858639885,106.80919723137603,1.0,15851.0,15851.0,0.0,8.288400014862418,"5,9,14,2,13,3,11,7,12,12","0:0-5;1:1-9,9-1,8-9,13-9,10-9,3-9;2:0-14;3:4-2;4:0-13;5:0-3;6:1-11;7:0-7;8:7-12;9:8-12"
27,proposed_c2f_adaptive_pd_calibrated,10,10,1.0,10,300,0.03333333333333333,15,1,14,640.0,1.0666666666666667,1238.4175858639885,106.80919723137603,1.0,15851.0,15851.0,0.0,16.026999976020306,"5,9,14,2,13,3,11,7,12,12","0:0-5;1:1-9,9-1,8-9,13-9,10-9,3-9;2:0-14;3:4-2;4:0-13;5:0-3;6:1-11;7:0-7;8:7-12;9:8-12"
28,proposed_c2f_adaptive_pd,10,10,1.0,14,300,0.04666666666666667,11,0,11,0.0,0.0,3523.889595816558,226.7856435808535,1.0,11964.0,11964.0,0.0,3.9398999651893973,"6,2,7,7,7,10,13,13,5,5","0:0-6;1:1-2;2:0-7;3:0-7;4:14-7,12-7;5:1-10;6:0-13;7:0-13;8:0-5;9:0-5"
28,proposed_c2f_adaptive_pd_calibrated,10,10,1.0,14,300,0.04666666666666667,11,0,11,0.0,0.0,3523.889595816558,226.7856435808535,1.0,11964.0,11964.0,0.0,12.423599953763187,"6,2,7,7,7,10,13,13,5,5","0:0-6;1:1-2;2:0-7;3:0-7;4:14-7,12-7;5:1-10;6:0-13;7:0-13;8:0-5;9:0-5"
29,proposed_c2f_adaptive_pd,10,10,1.0,16,300,0.05333333333333334,18,4,14,2560.0,4.266666666666667,734.606909225666,291.1984882262209,1.0,21162.0,21162.0,0.0,9.957599977497011,"11,3,4,5,5,0,5,5,6,14","0:0-11;1:0-3;2:11-4,3-4;3:12-5,1-5,12-9,9-5,1-9,12-6;4:11-5,5-11,4-5;5:2-0;6:3-5;7:3-5;8:0-6;9:0-14"
29,proposed_c2f_adaptive_pd_calibrated,10,10,1.0,16,300,0.05333333333333334,18,4,14,2560.0,4.266666666666667,734.606909225666,291.1984882262209,1.0,21162.0,21162.0,0.0,24.870499968528748,"11,3,4,5,5,0,5,5,6,14","0:0-11;1:0-3;2:11-4,3-4;3:12-5,1-5,12-9,9-5,1-9,12-6;4:11-5,5-11,4-5;5:2-0;6:3-5;7:3-5;8:0-6;9:0-14"
30,proposed_c2f_adaptive_pd,10,10,1.0,7,300,0.023333333333333334,10,0,10,0.0,0.0,13069.540280930065,478.88227668802176,1.0,11429.0,11429.0,0.0,5.369599966797978,"12,1,7,8,3,1,13,7,0,9",0:1-12;1:0-1;2:3-7;3:0-8;4:1-3;5:0-1;6:0-13;7:0-7;8:1-0;9:5-9
30,proposed_c2f_adaptive_pd_calibrated,10,10,1.0,8,300,0.02666666666666667,10,0,10,0.0,0.0,13069.540280930065,478.88227668802176,1.0,11429.0,11429.0,0.0,14.140300045255572,"12,1,7,8,3,1,13,7,0,9",0:1-12;1:0-1;2:3-7;3:0-8;4:1-3;5:0-1;6:0-13;7:0-7;8:1-0;9:5-9
31,proposed_c2f_adaptive_pd,10,10,1.0,13,300,0.043333333333333335,10,0,10,0.0,0.0,1640.12389374729,542.996158865767,1.0,7733.0,7733.0,0.0,5.768699978943914,"9,13,8,3,9,8,13,0,0,11",0:0-9;1:0-13;2:1-8;3:5-3;4:0-9;5:1-8;6:0-13;7:3-0;8:3-0;9:0-11
31,proposed_c2f_adaptive_pd_calibrated,10,10,1.0,14,300,0.04666666666666667,10,0,10,0.0,0.0,1640.12389374729,542.996158865767,1.0,7733.0,7733.0,0.0,8.946700021624565,"9,13,8,3,9,8,13,0,0,11",0:0-9;1:0-13;2:1-8;3:5-3;4:0-9;5:1-8;6:0-13;7:3-0;8:3-0;9:0-11
32,proposed_c2f_adaptive_pd,10,10,1.0,13,300,0.043333333333333335,11,1,10,640.0,1.0666666666666667,926.6685757961064,646.1024130308828,1.0,10938.0,10938.0,0.0,4.4707999913953245,"2,12,4,1,7,5,14,2,5,7","0:5-2;1:2-12;2:0-4;3:0-1;4:4-7;5:4-5;6:14-6,6-14;7:12-2;8:1-5;9:2-7"
32,proposed_c2f_adaptive_pd_calibrated,10,10,1.0,13,300,0.043333333333333335,11,1,10,640.0,1.0666666666666667,926.6685757961064,646.1024130308828,1.0,10938.0,10938.0,0.0,10.963200009427965,"2,12,4,1,7,5,14,2,5,7","0:5-2;1:2-12;2:0-4;3:0-1;4:4-7;5:4-5;6:14-6,6-14;7:12-2;8:1-5;9:2-7"
33,proposed_c2f_adaptive_pd,10,10,1.0,10,300,0.03333333333333333,10,0,10,0.0,0.0,1139.53350462858,167.90547291881916,1.0,11751.0,11751.0,0.0,5.587899999227375,"0,12,14,0,0,13,3,0,10,14",0:14-0;1:3-12;2:0-14;3:4-0;4:3-0;5:0-13;6:4-3;7:1-0;8:0-10;9:0-14
33,proposed_c2f_adaptive_pd_calibrated,10,10,1.0,10,300,0.03333333333333333,10,0,10,0.0,0.0,1139.53350462858,167.90547291881916,1.0,11751.0,11751.0,0.0,11.103499971795827,"0,12,14,0,0,13,3,0,10,14",0:14-0;1:3-12;2:0-14;3:4-0;4:3-0;5:0-13;6:4-3;7:1-0;8:0-10;9:0-14
34,proposed_c2f_adaptive_pd,10,10,1.0,17,300,0.056666666666666664,11,0,11,0.0,0.0,783.4570168225639,327.0070637107224,1.0,11283.0,11283.0,0.0,7.16949999332428,"9,9,2,0,9,1,8,0,9,2","0:12-9;1:4-9;2:1-2;3:4-0;4:12-9,4-9;5:2-1;6:2-8;7:1-0;8:0-9;9:0-2"
34,proposed_c2f_adaptive_pd_calibrated,10,10,1.0,17,300,0.056666666666666664,11,0,11,0.0,0.0,783.4570168225639,327.0070637107224,1.0,11283.0,11283.0,0.0,14.955200022086501,"9,9,2,0,9,1,8,0,9,2","0:12-9;1:4-9;2:1-2;3:4-0;4:12-9,4-9;5:2-1;6:2-8;7:1-0;8:0-9;9:0-2"
35,proposed_c2f_adaptive_pd,10,10,1.0,15,300,0.05,15,4,11,2560.0,4.266666666666667,11850.110430658315,333.90675055319895,1.0,14577.0,14577.0,0.0,6.054700003005564,"5,2,0,13,3,4,1,11,0,8","0:0-5;1:2-7,0-7,7-2,0-2,4-7,5-7;2:2-0;3:0-13;4:1-3;5:0-4;6:11-1;7:1-11;8:2-0;9:0-8"
35,proposed_c2f_adaptive_pd_calibrated,10,10,1.0,17,300,0.056666666666666664,15,4,11,2560.0,4.266666666666667,11850.110430658315,333.90675055319895,1.0,14577.0,14577.0,0.0,20.187499991152436,"5,2,0,13,3,4,1,11,0,8","0:0-5;1:2-7,0-7,7-2,0-2,4-7,5-7;2:2-0;3:0-13;4:1-3;5:0-4;6:11-1;7:1-11;8:2-0;9:0-8"
36,proposed_c2f_adaptive_pd,10,10,1.0,16,300,0.05333333333333334,11,0,11,0.0,0.0,1601.2540994100614,254.19080050502248,1.0,9108.0,9108.0,0.0,4.972299968358129,"9,1,1,11,9,5,10,9,9,11","0:1-9;1:12-1;2:0-1,4-1;3:2-11;4:1-9;5:2-5;6:4-10;7:1-9;8:1-9;9:0-11"
36,proposed_c2f_adaptive_pd_calibrated,10,10,1.0,16,300,0.05333333333333334,11,0,11,0.0,0.0,1601.2540994100614,254.19080050502248,1.0,9108.0,9108.0,0.0,11.976299982052296,"9,1,1,11,9,5,10,9,9,11","0:1-9;1:12-1;2:0-1,4-1;3:2-11;4:1-9;5:2-5;6:4-10;7:1-9;8:1-9;9:0-11"
37,proposed_c2f_adaptive_pd,10,10,1.0,13,300,0.043333333333333335,10,0,10,0.0,0.0,4049.8387727258632,772.8850809960759,1.0,13387.0,13387.0,0.0,4.842199967242777,"0,4,2,13,5,14,1,6,5,3",0:1-0;1:0-4;2:1-2;3:0-13;4:3-5;5:2-14;6:0-1;7:10-6;8:0-5;9:6-3
37,proposed_c2f_adaptive_pd_calibrated,10,10,1.0,13,300,0.043333333333333335,10,0,10,0.0,0.0,4049.8387727258632,772.8850809960759,1.0,13387.0,13387.0,0.0,12.979499995708466,"0,4,2,13,5,14,1,6,5,3",0:1-0;1:0-4;2:1-2;3:0-13;4:3-5;5:2-14;6:0-1;7:10-6;8:0-5;9:6-3
38,proposed_c2f_adaptive_pd,10,10,1.0,14,300,0.04666666666666667,15,2,13,1280.0,2.1333333333333333,1111.055096792738,433.73281976503813,1.0,13639.0,13639.0,0.0,5.060299998149276,"9,2,3,7,13,8,0,11,0,3","0:1-9;1:1-2;2:4-3;3:0-7;4:4-13;5:3-8;6:1-0;7:0-11;8:11-0,0-11,12-0,0-12,9-0,13-0;9:1-3"
38,proposed_c2f_adaptive_pd_calibrated,10,10,1.0,14,300,0.04666666666666667,15,2,13,1280.0,2.1333333333333333,1111.055096792738,433.73281976503813,1.0,13639.0,13639.0,0.0,14.237000024877489,"9,2,3,7,13,8,0,11,0,3","0:1-9;1:1-2;2:4-3;3:0-7;4:4-13;5:3-8;6:1-0;7:0-11;8:11-0,0-11,12-0,0-12,9-0,13-0;9:1-3"
39,proposed_c2f_adaptive_pd,10,10,1.0,16,300,0.05333333333333334,10,0,10,0.0,0.0,3985.746827339707,694.2357871496374,1.0,12087.0,12087.0,0.0,5.392699968069792,"12,3,1,13,2,10,14,12,14,2",0:3-12;1:0-3;2:0-1;3:0-13;4:4-2;5:0-10;6:3-14;7:2-12;8:3-14;9:13-2
39,proposed_c2f_adaptive_pd_calibrated,10,10,1.0,16,300,0.05333333333333334,10,0,10,0.0,0.0,3985.746827339707,694.2357871496374,1.0,12087.0,12087.0,0.0,10.51479997113347,"12,3,1,13,2,10,14,12,14,2",0:3-12;1:0-3;2:0-1;3:0-13;4:4-2;5:0-10;6:3-14;7:2-12;8:3-14;9:13-2
40,proposed_c2f_adaptive_pd,10,10,1.0,15,300,0.05,11,0,11,0.0,0.0,4805.532160069957,191.0313156467093,1.0,11848.0,11848.0,0.0,5.019600037485361,"13,13,3,9,12,4,5,14,3,11","0:0-13;1:14-13;2:0-3;3:14-9,5-9;4:0-12;5:2-4;6:0-5;7:5-14;8:0-3;9:0-11"
40,proposed_c2f_adaptive_pd_calibrated,10,10,1.0,16,300,0.05333333333333334,11,0,11,0.0,0.0,4805.532160069957,191.0313156467093,1.0,11848.0,11848.0,0.0,9.77110001258552,"13,13,3,9,12,4,5,14,3,11","0:0-13;1:14-13;2:0-3;3:14-9,5-9;4:0-12;5:2-4;6:0-5;7:5-14;8:0-3;9:0-11"
41,proposed_c2f_adaptive_pd,10,10,1.0,13,300,0.043333333333333335,10,0,10,0.0,0.0,231.85252812018507,99.44104672849645,1.0,9581.0,9581.0,0.0,6.711299996823072,"2,9,0,0,1,4,10,13,3,2",0:5-2;1:2-9;2:2-0;3:3-0;4:3-1;5:1-4;6:0-10;7:0-13;8:0-3;9:10-2
41,proposed_c2f_adaptive_pd_calibrated,10,10,1.0,13,300,0.043333333333333335,10,0,10,0.0,0.0,231.85252812018507,99.44104672849645,1.0,9581.0,9581.0,0.0,13.671600027009845,"2,9,0,0,1,4,10,13,3,2",0:5-2;1:2-9;2:2-0;3:3-0;4:3-1;5:1-4;6:0-10;7:0-13;8:0-3;9:10-2
42,proposed_c2f_adaptive_pd,10,10,1.0,19,300,0.06333333333333334,10,0,10,0.0,0.0,2393.1580886932325,616.8024091550238,1.0,9581.0,9581.0,0.0,3.6337999626994133,"5,0,8,12,4,1,3,4,14,8",0:0-5;1:1-0;2:1-8;3:0-12;4:0-4;5:0-1;6:1-3;7:2-4;8:0-14;9:1-8
42,proposed_c2f_adaptive_pd_calibrated,10,10,1.0,19,300,0.06333333333333334,10,0,10,0.0,0.0,2393.1580886932325,616.8024091550238,1.0,9581.0,9581.0,0.0,9.91349999094382,"5,0,8,12,4,1,3,4,14,8",0:0-5;1:1-0;2:1-8;3:0-12;4:0-4;5:0-1;6:1-3;7:2-4;8:0-14;9:1-8
43,proposed_c2f_adaptive_pd,10,10,1.0,17,300,0.056666666666666664,10,0,10,0.0,0.0,611.0302433662089,400.4790421647235,1.0,9581.0,9581.0,0.0,6.100500002503395,"8,10,5,6,12,6,6,3,14,12",0:3-8;1:1-10;2:2-5;3:13-6;4:1-12;5:0-6;6:0-6;7:8-3;8:0-14;9:1-12
43,proposed_c2f_adaptive_pd_calibrated,10,10,1.0,17,300,0.056666666666666664,10,0,10,0.0,0.0,611.0302433662089,400.4790421647235,1.0,9581.0,9581.0,0.0,10.927299968898296,"8,10,5,6,12,6,6,3,14,12",0:3-8;1:1-10;2:2-5;3:13-6;4:1-12;5:0-6;6:0-6;7:8-3;8:0-14;9:1-12
44,proposed_c2f_adaptive_pd,10,10,1.0,21,300,0.07,10,0,10,0.0,0.0,26721.14317045075,186.24662996714,1.0,10071.0,10071.0,0.0,6.191799999214709,"7,0,6,0,12,1,3,14,9,0",0:0-7;1:2-0;2:0-6;3:9-0;4:0-12;5:0-1;6:8-3;7:0-14;8:0-9;9:1-0
44,proposed_c2f_adaptive_pd_calibrated,10,10,1.0,21,300,0.07,10,0,10,0.0,0.0,26721.14317045075,186.24662996714,1.0,10071.0,10071.0,0.0,10.508600040338933,"7,0,6,0,12,1,3,14,9,0",0:0-7;1:2-0;2:0-6;3:9-0;4:0-12;5:0-1;6:8-3;7:0-14;8:0-9;9:1-0
45,proposed_c2f_adaptive_pd,10,10,1.0,20,300,0.06666666666666667,20,1,19,640.0,1.0666666666666667,2142.888741440094,186.73077957448513,1.0,22928.0,22928.0,0.0,10.121700004674494,"2,13,0,4,6,1,2,13,3,6","0:0-2;1:2-13;2:1-0;3:0-4;4:0-6;5:11-1,10-1,5-1,0-1,7-1,6-1;6:3-2;7:8-13;8:0-3;9:0-6,13-6,14-6,7-6,6-0,1-6"
45,proposed_c2f_adaptive_pd_calibrated,10,10,1.0,20,300,0.06666666666666667,20,1,19,640.0,1.0666666666666667,2142.888741440094,186.73077957448513,1.0,22928.0,22928.0,0.0,25.74150002328679,"2,13,0,4,6,1,2,13,3,6","0:0-2;1:2-13;2:1-0;3:0-4;4:0-6;5:11-1,10-1,5-1,0-1,7-1,6-1;6:3-2;7:8-13;8:0-3;9:0-6,13-6,14-6,7-6,6-0,1-6"
46,proposed_c2f_adaptive_pd,10,10,1.0,16,300,0.05333333333333334,10,0,10,0.0,0.0,1907.5265982557842,436.21484749442743,1.0,8349.0,8349.0,0.0,4.951399983838201,"3,5,0,3,14,5,8,6,3,11",0:0-3;1:0-5;2:1-0;3:0-3;4:5-14;5:9-5;6:0-8;7:0-6;8:0-3;9:0-11
46,proposed_c2f_adaptive_pd_calibrated,10,10,1.0,16,300,0.05333333333333334,10,0,10,0.0,0.0,1907.5265982557842,436.21484749442743,1.0,8349.0,8349.0,0.0,7.80949997715652,"3,5,0,3,14,5,8,6,3,11",0:0-3;1:0-5;2:1-0;3:0-3;4:5-14;5:9-5;6:0-8;7:0-6;8:0-3;9:0-11
47,proposed_c2f_adaptive_pd,9,10,0.9,11,300,0.03666666666666667,10,0,10,0.0,0.0,323.55602618299565,325.7552616219583,1.0,9903.0,9903.0,0.0,4.323499975726008,"8,4,0,11,6,8,11,7,6,12",0:0-8;1:5-4;2:1-0;3:4-11;4:3-6;5:5-8;6:5-11;7:0-7;8:1-6;9:0-12
47,proposed_c2f_adaptive_pd_calibrated,9,10,0.9,11,300,0.03666666666666667,10,0,10,0.0,0.0,323.55602618299565,325.7552616219583,1.0,9903.0,9903.0,0.0,12.693800032138824,"8,4,0,11,6,8,11,7,6,12",0:0-8;1:5-4;2:1-0;3:4-11;4:3-6;5:5-8;6:5-11;7:0-7;8:1-6;9:0-12
48,proposed_c2f_adaptive_pd,10,10,1.0,9,300,0.03,12,0,12,0.0,0.0,271.4725045866667,106.76806855867945,1.0,11141.0,11141.0,0.0,7.047499995678663,"11,2,2,0,0,2,0,6,9,3","0:0-11;1:0-2;2:0-2;3:2-0;4:1-0;5:0-2;6:2-0;7:11-6;8:1-9;9:1-3,12-3,5-3"
48,proposed_c2f_adaptive_pd_calibrated,10,10,1.0,9,300,0.03,12,0,12,0.0,0.0,271.4725045866667,106.76806855867945,1.0,11141.0,11141.0,0.0,11.601699981838465,"11,2,2,0,0,2,0,6,9,3","0:0-11;1:0-2;2:0-2;3:2-0;4:1-0;5:0-2;6:2-0;7:11-6;8:1-9;9:1-3,12-3,5-3"
49,proposed_c2f_adaptive_pd,10,10,1.0,17,300,0.056666666666666664,13,1,12,640.0,1.0666666666666667,412.0895321309884,138.18599921072027,1.0,12268.0,12268.0,0.0,5.353999964427203,"0,4,3,13,8,1,14,7,6,11","0:11-0;1:1-4;2:1-3;3:6-13;4:0-8;5:3-1;6:2-14;7:1-7;8:10-6,2-6;9:0-11,11-0,6-11"
49,proposed_c2f_adaptive_pd_calibrated,10,10,1.0,18,300,0.06,13,1,12,640.0,1.0666666666666667,412.0895321309884,138.18599921072027,1.0,12268.0,12268.0,0.0,15.877700003329664,"0,4,3,13,8,1,14,7,6,11","0:11-0;1:1-4;2:1-3;3:6-13;4:0-8;5:3-1;6:2-14;7:1-7;8:10-6,2-6;9:0-11,11-0,6-11"
50,proposed_c2f_adaptive_pd,10,10,1.0,16,300,0.05333333333333334,11,1,10,640.0,1.0666666666666667,6584.875840057097,266.29230455852394,1.0,12468.0,12468.0,0.0,4.743299970868975,"0,3,2,5,6,5,3,6,6,10","0:2-0;1:6-3;2:0-2;3:0-5;4:0-6;5:6-5,5-6;6:6-3;7:0-6;8:0-6;9:0-10"
50,proposed_c2f_adaptive_pd_calibrated,10,10,1.0,16,300,0.05333333333333334,11,1,10,640.0,1.0666666666666667,6584.875840057097,266.29230455852394,1.0,12468.0,12468.0,0.0,9.562599996570498,"0,3,2,5,6,5,3,6,6,10","0:2-0;1:6-3;2:0-2;3:0-5;4:0-6;5:6-5,5-6;6:6-3;7:0-6;8:0-6;9:0-10"
51,proposed_c2f_adaptive_pd,10,10,1.0,10,300,0.03333333333333333,10,0,10,0.0,0.0,6802.907994966942,527.2797621749629,1.0,12591.0,12591.0,0.0,5.2207999979145825,"2,6,5,3,7,7,9,11,6,9",0:0-2;1:2-6;2:0-5;3:1-3;4:0-7;5:0-7;6:0-9;7:1-11;8:13-6;9:0-9
51,proposed_c2f_adaptive_pd_calibrated,10,10,1.0,11,300,0.03666666666666667,10,0,10,0.0,0.0,6802.907994966942,527.2797621749629,1.0,12591.0,12591.0,0.0,12.27509998716414,"2,6,5,3,7,7,9,11,6,9",0:0-2;1:2-6;2:0-5;3:1-3;4:0-7;5:0-7;6:0-9;7:1-11;8:13-6;9:0-9
52,proposed_c2f_adaptive_pd,10,10,1.0,19,300,0.06333333333333334,10,0,10,0.0,0.0,3666.5563843132963,754.4114381703412,1.0,10813.0,10813.0,0.0,5.977099994197488,"2,12,2,3,5,13,0,7,2,11",0:0-2;1:0-12;2:0-2;3:0-3;4:0-5;5:0-13;6:1-0;7:0-7;8:3-2;9:0-11
52,proposed_c2f_adaptive_pd_calibrated,10,10,1.0,19,300,0.06333333333333334,10,0,10,0.0,0.0,3666.5563843132963,754.4114381703412,1.0,10813.0,10813.0,0.0,13.931599969509989,"2,12,2,3,5,13,0,7,2,11",0:0-2;1:0-12;2:0-2;3:0-3;4:0-5;5:0-13;6:1-0;7:0-7;8:3-2;9:0-11
53,proposed_c2f_adaptive_pd,10,10,1.0,22,300,0.07333333333333333,10,0,10,0.0,0.0,51404.61810684322,4596.003111324766,1.0,9735.0,9735.0,0.0,5.623199976980686,"0,5,3,5,13,11,4,4,14,8",0:1-0;1:0-5;2:6-3;3:0-5;4:0-13;5:0-11;6:6-4;7:2-4;8:0-14;9:4-8
53,proposed_c2f_adaptive_pd_calibrated,10,10,1.0,22,300,0.07333333333333333,10,0,10,0.0,0.0,51404.61810684322,4596.003111324766,1.0,9735.0,9735.0,0.0,12.38329999614507,"0,5,3,5,13,11,4,4,14,8",0:1-0;1:0-5;2:6-3;3:0-5;4:0-13;5:0-11;6:6-4;7:2-4;8:0-14;9:4-8
54,proposed_c2f_adaptive_pd,9,10,0.9,12,300,0.04,15,5,10,3200.0,5.333333333333334,323.10076308084774,93.91659298003304,1.0,14353.0,14353.0,0.0,6.813000014517456,"14,4,1,9,14,5,8,4,8,2","0:1-14;1:0-4;2:0-1;3:8-9;4:2-14;5:1-5;6:0-8;7:4-0,8-0,9-0,12-0,8-4,3-0;8:3-8;9:0-2"
54,proposed_c2f_adaptive_pd_calibrated,9,10,0.9,12,300,0.04,15,5,10,3200.0,5.333333333333334,323.10076308084774,93.91659298003304,1.0,14353.0,14353.0,0.0,17.94240000890568,"14,4,1,9,14,5,8,4,8,2","0:1-14;1:0-4;2:0-1;3:8-9;4:2-14;5:1-5;6:0-8;7:4-0,8-0,9-0,12-0,8-4,3-0;8:3-8;9:0-2"
55,proposed_c2f_adaptive_pd,10,10,1.0,15,300,0.05,10,0,10,0.0,0.0,1571.5412290013833,501.85852105468257,1.0,8965.0,8965.0,0.0,5.141800036653876,"3,5,11,5,13,6,4,2,5,5",0:14-3;1:0-5;2:0-11;3:3-5;4:4-13;5:0-6;6:7-4;7:0-2;8:7-5;9:3-5
55,proposed_c2f_adaptive_pd_calibrated,10,10,1.0,16,300,0.05333333333333334,10,0,10,0.0,0.0,1571.5412290013833,501.85852105468257,1.0,8965.0,8965.0,0.0,11.389499995857477,"3,5,11,5,13,6,4,2,5,5",0:14-3;1:0-5;2:0-11;3:3-5;4:4-13;5:0-6;6:7-4;7:0-2;8:7-5;9:3-5
56,proposed_c2f_adaptive_pd,10,10,1.0,11,300,0.03666666666666667,15,2,13,1280.0,2.1333333333333333,658.5266600126728,185.76042658996158,1.0,11651.0,11651.0,0.0,7.717300031799823,"1,9,0,0,9,4,8,4,14,1","0:0-1;1:13-9;2:14-13,14-0,13-0,0-13,9-0,3-0;3:13-0;4:0-9;5:0-4;6:1-8;7:3-4;8:0-14;9:0-1"
56,proposed_c2f_adaptive_pd_calibrated,10,10,1.0,13,300,0.043333333333333335,15,2,13,1280.0,2.1333333333333333,658.5266600126728,185.76042658996158,1.0,11651.0,11651.0,0.0,18.95249995868653,"1,9,0,0,9,4,8,4,14,1","0:0-1;1:13-9;2:14-13,14-0,13-0,0-13,9-0,3-0;3:13-0;4:0-9;5:0-4;6:1-8;7:3-4;8:0-14;9:0-1"
57,proposed_c2f_adaptive_pd,10,10,1.0,21,300,0.07,10,0,10,0.0,0.0,39999.695531821206,839.1703945285853,1.0,11891.0,11891.0,0.0,5.187299975659698,"6,13,3,6,6,13,12,2,3,14",0:7-6;1:0-13;2:0-3;3:7-6;4:0-6;5:0-13;6:0-12;7:0-2;8:0-3;9:0-14
57,proposed_c2f_adaptive_pd_calibrated,10,10,1.0,21,300,0.07,10,0,10,0.0,0.0,39999.695531821206,839.1703945285853,1.0,11891.0,11891.0,0.0,12.1256000129506,"6,13,3,6,6,13,12,2,3,14",0:7-6;1:0-13;2:0-3;3:7-6;4:0-6;5:0-13;6:0-12;7:0-2;8:0-3;9:0-14
58,proposed_c2f_adaptive_pd,10,10,1.0,14,300,0.04666666666666667,13,1,12,640.0,1.0666666666666667,958.1690503521731,108.6174135822416,1.0,11060.0,11060.0,0.0,6.736000010278076,"6,11,1,12,10,10,14,10,8,3","0:0-6;1:1-11;2:2-1;3:1-12;4:0-10,2-10,13-10;5:0-10;6:1-14;7:10-0,2-10;8:0-8;9:14-3"
58,proposed_c2f_adaptive_pd_calibrated,10,10,1.0,14,300,0.04666666666666667,13,1,12,640.0,1.0666666666666667,958.1690503521731,108.6174135822416,1.0,11060.0,11060.0,0.0,14.00409999769181,"6,11,1,12,10,10,14,10,8,3","0:0-6;1:1-11;2:2-1;3:1-12;4:0-10,2-10,13-10;5:0-10;6:1-14;7:10-0,2-10;8:0-8;9:14-3"
59,proposed_c2f_adaptive_pd,10,10,1.0,14,300,0.04666666666666667,10,0,10,0.0,0.0,4043.043249073701,2476.4540878241314,1.0,9581.0,9581.0,0.0,3.6208000383339822,"10,9,12,9,9,3,12,3,9,0",0:0-10;1:0-9;2:0-12;3:0-9;4:0-9;5:4-3;6:0-12;7:2-3;8:0-9;9:2-0
59,proposed_c2f_adaptive_pd_calibrated,10,10,1.0,14,300,0.04666666666666667,10,0,10,0.0,0.0,4043.043249073701,2476.4540878241314,1.0,9581.0,9581.0,0.0,7.449799973983318,"10,9,12,9,9,3,12,3,9,0",0:0-10;1:0-9;2:0-12;3:0-9;4:0-9;5:4-3;6:0-12;7:2-3;8:0-9;9:2-0
60,proposed_c2f_adaptive_pd,10,10,1.0,12,300,0.04,21,5,16,3200.0,5.333333333333334,8489.775828755044,128.48362566589523,1.0,17072.0,17072.0,0.0,10.1577999885194,"7,2,8,9,4,1,7,6,7,7","0:7-1,1-7,7-4,4-7,1-4,4-1;1:1-2;2:2-8;3:0-9;4:9-4,14-4,11-4,7-4;5:2-1;6:7-1,1-7,2-7;7:0-6;8:1-7;9:1-7,2-7"
60,proposed_c2f_adaptive_pd_calibrated,10,10,1.0,12,300,0.04,21,5,16,3200.0,5.333333333333334,8489.775828755044,128.48362566589523,1.0,17072.0,17072.0,0.0,23.314799997024238,"7,2,8,9,4,1,7,6,7,7","0:7-1,1-7,7-4,4-7,1-4,4-1;1:1-2;2:2-8;3:0-9;4:9-4,14-4,11-4,7-4;5:2-1;6:7-1,1-7,2-7;7:0-6;8:1-7;9:1-7,2-7"
61,proposed_c2f_adaptive_pd,10,10,1.0,18,300,0.06,12,0,12,0.0,0.0,1789.1668636457111,94.70174104044582,1.0,12961.0,12961.0,0.0,7.328200037591159,"12,5,5,3,13,10,7,7,13,12","0:0-12;1:1-5;2:0-5;3:0-3;4:8-13;5:0-10;6:0-7;7:0-7;8:7-13,14-13,11-13;9:0-12"
61,proposed_c2f_adaptive_pd_calibrated,10,10,1.0,18,300,0.06,12,0,12,0.0,0.0,1789.1668636457111,94.70174104044582,1.0,12961.0,12961.0,0.0,12.214099988341331,"12,5,5,3,13,10,7,7,13,12","0:0-12;1:1-5;2:0-5;3:0-3;4:8-13;5:0-10;6:0-7;7:0-7;8:7-13,14-13,11-13;9:0-12"
62,proposed_c2f_adaptive_pd,9,10,0.9,12,300,0.04,12,0,12,0.0,0.0,10002.214103518028,113.38173126585761,1.0,12737.0,12737.0,0.0,6.078300008084625,"10,7,0,1,6,5,5,9,14,5","0:0-10;1:2-7;2:5-0;3:0-1;4:0-6;5:0-5;6:0-5;7:0-9;8:0-14;9:9-5,0-5,10-5"
62,proposed_c2f_adaptive_pd_calibrated,9,10,0.9,12,300,0.04,12,0,12,0.0,0.0,10002.214103518028,113.38173126585761,1.0,12737.0,12737.0,0.0,17.081899975892156,"10,7,0,1,6,5,5,9,14,5","0:0-10;1:2-7;2:5-0;3:0-1;4:0-6;5:0-5;6:0-5;7:0-9;8:0-14;9:9-5,0-5,10-5"
63,proposed_c2f_adaptive_pd,9,10,0.9,17,300,0.056666666666666664,20,5,15,3200.0,5.333333333333334,488472.37703795114,210.42628257450647,1.0,22909.0,22909.0,0.0,11.014699994120747,"2,8,5,2,8,14,9,12,8,8","0:7-2;1:0-8;2:0-5;3:7-2;4:0-8;5:13-14;6:0-9;7:0-12;8:8-14,14-8,2-8,0-8,2-14,3-8;9:8-14,14-8,2-8,0-8,2-14,8-0"
63,proposed_c2f_adaptive_pd_calibrated,9,10,0.9,18,300,0.06,20,5,15,3200.0,5.333333333333334,488472.37703795114,210.42628257450647,1.0,22909.0,22909.0,0.0,22.467500006314367,"2,8,5,2,8,14,9,12,8,8","0:7-2;1:0-8;2:0-5;3:7-2;4:0-8;5:13-14;6:0-9;7:0-12;8:8-14,14-8,2-8,0-8,2-14,3-8;9:8-14,14-8,2-8,0-8,2-14,8-0"
64,proposed_c2f_adaptive_pd,10,10,1.0,10,300,0.03333333333333333,10,0,10,0.0,0.0,2684.2725667491113,722.7819704516073,1.0,10239.0,10239.0,0.0,5.152099998667836,"3,9,2,11,1,4,0,13,12,1",0:11-3;1:0-9;2:0-2;3:1-11;4:6-1;5:0-4;6:2-0;7:0-13;8:3-12;9:4-1
64,proposed_c2f_adaptive_pd_calibrated,10,10,1.0,11,300,0.03666666666666667,10,0,10,0.0,0.0,2684.2725667491113,722.7819704516073,1.0,10239.0,10239.0,0.0,12.342800037004054,"3,9,2,11,1,4,0,13,12,1",0:11-3;1:0-9;2:0-2;3:1-11;4:6-1;5:0-4;6:2-0;7:0-13;8:3-12;9:4-1
65,proposed_c2f_adaptive_pd,10,10,1.0,11,300,0.03666666666666667,15,1,14,640.0,1.0666666666666667,1024.0913503064332,239.0252807586826,1.0,17419.0,17419.0,0.0,8.841700037010014,"3,3,3,8,9,10,9,9,7,3","0:2-3;1:0-3;2:0-3;3:0-8;4:0-9;5:3-10,10-3,12-10,6-10,14-10,7-10;6:0-9;7:0-9;8:0-7;9:0-3"
65,proposed_c2f_adaptive_pd_calibrated,10,10,1.0,14,300,0.04666666666666667,15,1,14,640.0,1.0666666666666667,1024.0913503064332,239.0252807586826,1.0,17419.0,17419.0,0.0,19.149200001265854,"3,3,3,8,9,10,9,9,7,3","0:2-3;1:0-3;2:0-3;3:0-8;4:0-9;5:3-10,10-3,12-10,6-10,14-10,7-10;6:0-9;7:0-9;8:0-7;9:0-3"
66,proposed_c2f_adaptive_pd,10,10,1.0,11,300,0.03666666666666667,10,0,10,0.0,0.0,785.7977274647559,537.652830961108,1.0,8811.0,8811.0,0.0,3.6091000074520707,"2,0,7,11,10,11,13,3,9,13",0:0-2;1:1-0;2:3-7;3:1-11;4:0-10;5:14-11;6:0-13;7:1-3;8:1-9;9:4-13
66,proposed_c2f_adaptive_pd_calibrated,10,10,1.0,13,300,0.043333333333333335,10,0,10,0.0,0.0,785.7977274647559,537.652830961108,1.0,8811.0,8811.0,0.0,12.817700044251978,"2,0,7,11,10,11,13,3,9,13",0:0-2;1:1-0;2:3-7;3:1-11;4:0-10;5:14-11;6:0-13;7:1-3;8:1-9;9:4-13
67,proposed_c2f_adaptive_pd,9,10,0.9,5,300,0.016666666666666666,12,1,11,640.0,1.0666666666666667,19882.015648317312,115.75554596062102,1.0,14140.0,14140.0,0.0,8.335100021213293,"3,12,9,7,1,2,11,12,6,9","0:10-3,3-10,13-3;1:0-12;2:3-9;3:0-7;4:0-1;5:0-2;6:8-11;7:1-12;8:0-6;9:1-9"
67,proposed_c2f_adaptive_pd_calibrated,9,10,0.9,5,300,0.016666666666666666,12,1,11,640.0,1.0666666666666667,19882.015648317312,115.75554596062102,1.0,14140.0,14140.0,0.0,13.69009999325499,"3,12,9,7,1,2,11,12,6,9","0:10-3,3-10,13-3;1:0-12;2:3-9;3:0-7;4:0-1;5:0-2;6:8-11;7:1-12;8:0-6;9:1-9"
68,proposed_c2f_adaptive_pd,9,10,0.9,17,300,0.056666666666666664,11,0,11,0.0,0.0,2895.50940588765,207.77808549372207,1.0,11292.0,11292.0,0.0,5.624899989925325,"11,14,14,8,11,7,5,8,11,7","0:8-11;1:0-14;2:0-14;3:5-8;4:8-11,5-11;5:0-7;6:6-5;7:0-8;8:5-11;9:0-7"
68,proposed_c2f_adaptive_pd_calibrated,9,10,0.9,17,300,0.056666666666666664,11,0,11,0.0,0.0,2895.50940588765,207.77808549372207,1.0,11292.0,11292.0,0.0,15.339299978222698,"11,14,14,8,11,7,5,8,11,7","0:8-11;1:0-14;2:0-14;3:5-8;4:8-11,5-11;5:0-7;6:6-5;7:0-8;8:5-11;9:0-7"
69,proposed_c2f_adaptive_pd,9,10,0.9,12,300,0.04,20,5,15,3200.0,5.333333333333334,2969.4518815136707,128.019062318237,1.0,21035.0,21035.0,0.0,7.831399969290942,"5,1,9,10,8,2,12,11,13,11","0:0-5;1:0-1;2:0-9;3:0-10;4:1-8;5:0-2;6:0-12;7:0-11,11-0,2-11,11-2,10-11,9-11;8:1-13;9:0-11,11-0,2-11,11-2,10-11,0-2"
69,proposed_c2f_adaptive_pd_calibrated,9,10,0.9,12,300,0.04,20,5,15,3200.0,5.333333333333334,2969.4518815136707,128.019062318237,1.0,21035.0,21035.0,0.0,27.52220002003014,"5,1,9,10,8,2,12,11,13,11","0:0-5;1:0-1;2:0-9;3:0-10;4:1-8;5:0-2;6:0-12;7:0-11,11-0,2-11,11-2,10-11,9-11;8:1-13;9:0-11,11-0,2-11,11-2,10-11,0-2"
70,proposed_c2f_adaptive_pd,9,10,0.9,15,300,0.05,16,1,15,640.0,1.0666666666666667,2561.3060728583355,362.8101695739265,1.0,15841.0,15841.0,0.0,6.4780000247992575,"0,8,2,6,2,2,7,1,7,2","0:1-0;1:2-8,8-2,1-8,7-8,11-8,0-8;2:0-2;3:0-6;4:0-2;5:0-2;6:0-7;7:0-1;8:2-7,11-7;9:0-2"
70,proposed_c2f_adaptive_pd_calibrated,9,10,0.9,16,300,0.05333333333333334,16,1,15,640.0,1.0666666666666667,2561.3060728583355,362.8101695739265,1.0,15841.0,15841.0,0.0,18.09169998159632,"0,8,2,6,2,2,7,1,7,2","0:1-0;1:2-8,8-2,1-8,7-8,11-8,0-8;2:0-2;3:0-6;4:0-2;5:0-2;6:0-7;7:0-1;8:2-7,11-7;9:0-2"
71,proposed_c2f_adaptive_pd,10,10,1.0,18,300,0.06,11,0,11,0.0,0.0,10867.030772090377,1062.5196645913588,1.0,13280.0,13280.0,0.0,6.668199959676713,"10,11,11,13,8,1,1,6,12,2","0:2-10;1:4-11;2:13-11;3:6-13;4:1-8;5:4-1;6:14-1,4-1;7:1-6;8:0-12;9:0-2"
71,proposed_c2f_adaptive_pd_calibrated,10,10,1.0,18,300,0.06,11,0,11,0.0,0.0,10867.030772090377,1062.5196645913588,1.0,13280.0,13280.0,0.0,11.763599992264062,"10,11,11,13,8,1,1,6,12,2","0:2-10;1:4-11;2:13-11;3:6-13;4:1-8;5:4-1;6:14-1,4-1;7:1-6;8:0-12;9:0-2"
72,proposed_c2f_adaptive_pd,10,10,1.0,17,300,0.056666666666666664,13,0,13,0.0,0.0,381.6294313246072,142.0032204329034,1.0,11802.0,11802.0,0.0,7.63770000776276,"5,4,7,1,3,6,13,1,11,0","0:2-5;1:0-4;2:0-7;3:0-1;4:9-3;5:2-6;6:0-13;7:2-1;8:6-11,5-11,3-11,8-11;9:1-0"
72,proposed_c2f_adaptive_pd_calibrated,10,10,1.0,19,300,0.06333333333333334,13,0,13,0.0,0.0,381.6294313246072,142.0032204329034,1.0,11802.0,11802.0,0.0,16.3254999788478,"5,4,7,1,3,6,13,1,11,0","0:2-5;1:0-4;2:0-7;3:0-1;4:9-3;5:2-6;6:0-13;7:2-1;8:6-11,5-11,3-11,8-11;9:1-0"
73,proposed_c2f_adaptive_pd,10,10,1.0,18,300,0.06,11,0,11,0.0,0.0,1229.684752442138,219.11038163529537,1.0,10956.0,10956.0,0.0,5.211700045038015,"6,4,13,2,6,11,7,7,1,5","0:0-6;1:1-4;2:0-13;3:9-2,7-2;4:9-6;5:0-11;6:2-7;7:0-7;8:0-1;9:1-5"
73,proposed_c2f_adaptive_pd_calibrated,10,10,1.0,18,300,0.06,11,0,11,0.0,0.0,1229.684752442138,219.11038163529537,1.0,10956.0,10956.0,0.0,15.56720002554357,"6,4,13,2,6,11,7,7,1,5","0:0-6;1:1-4;2:0-13;3:9-2,7-2;4:9-6;5:0-11;6:2-7;7:0-7;8:0-1;9:1-5"
74,proposed_c2f_adaptive_pd,10,10,1.0,15,300,0.05,10,0,10,0.0,0.0,978.7843198856805,157.4571022966578,1.0,9581.0,9581.0,0.0,5.846599990036339,"13,6,2,3,11,6,3,7,13,11",0:1-13;1:2-6;2:0-2;3:13-3;4:0-11;5:5-6;6:7-3;7:0-7;8:1-13;9:0-11
74,proposed_c2f_adaptive_pd_calibrated,10,10,1.0,15,300,0.05,10,0,10,0.0,0.0,978.7843198856805,157.4571022966578,1.0,9581.0,9581.0,0.0,12.077800056431442,"13,6,2,3,11,6,3,7,13,11",0:1-13;1:2-6;2:0-2;3:13-3;4:0-11;5:5-6;6:7-3;7:0-7;8:1-13;9:0-11
75,proposed_c2f_adaptive_pd,10,10,1.0,10,300,0.03333333333333333,11,0,11,0.0,0.0,3262.319184433188,1283.4772653007954,1.0,11096.0,11096.0,0.0,4.1337000438943505,"7,5,1,2,13,4,3,7,4,4","0:0-7;1:0-5;2:3-1;3:9-2,0-2;4:6-13;5:0-4;6:1-3;7:0-7;8:0-4;9:0-4"
75,proposed_c2f_adaptive_pd_calibrated,10,10,1.0,10,300,0.03333333333333333,11,0,11,0.0,0.0,3262.319184433188,1283.4772653007954,1.0,11096.0,11096.0,0.0,12.136499979533255,"7,5,1,2,13,4,3,7,4,4","0:0-7;1:0-5;2:3-1;3:9-2,0-2;4:6-13;5:0-4;6:1-3;7:0-7;8:0-4;9:0-4"
76,proposed_c2f_adaptive_pd,10,10,1.0,16,300,0.05333333333333334,10,0,10,0.0,0.0,6264.744051153715,94.43583329727029,1.0,11275.0,11275.0,0.0,5.003999976906925,"5,14,5,1,8,7,8,0,11,1",0:0-5;1:8-14;2:0-5;3:5-1;4:0-8;5:1-7;6:1-8;7:1-0;8:6-11;9:0-1
76,proposed_c2f_adaptive_pd_calibrated,10,10,1.0,16,300,0.05333333333333334,10,0,10,0.0,0.0,6264.744051153715,94.43583329727029,1.0,11275.0,11275.0,0.0,11.870000045746565,"5,14,5,1,8,7,8,0,11,1",0:0-5;1:8-14;2:0-5;3:5-1;4:0-8;5:1-7;6:1-8;7:1-0;8:6-11;9:0-1
77,proposed_c2f_adaptive_pd,10,10,1.0,20,300,0.06666666666666667,19,3,16,1920.0,3.2,817.1034549430656,150.46968813464207,1.0,20789.0,20789.0,0.0,10.400099970865995,"10,4,8,11,4,0,1,4,11,7","0:0-4,4-10,10-4,3-10,0-10;1:0-4;2:3-8;3:0-11;4:0-4;5:1-0;6:0-1;7:0-4;8:0-11;9:8-7,2-7,11-7,14-7,7-2,6-7"
77,proposed_c2f_adaptive_pd_calibrated,10,10,1.0,20,300,0.06666666666666667,19,3,16,1920.0,3.2,817.1034549430656,150.46968813464207,1.0,20789.0,20789.0,0.0,23.981999955140054,"10,4,8,11,4,0,1,4,11,7","0:0-4,4-10,10-4,3-10,0-10;1:0-4;2:3-8;3:0-11;4:0-4;5:1-0;6:0-1;7:0-4;8:0-11;9:8-7,2-7,11-7,14-7,7-2,6-7"
78,proposed_c2f_adaptive_pd,10,10,1.0,23,300,0.07666666666666666,10,0,10,0.0,0.0,137.62570486696956,142.22061802515756,1.0,10351.0,10351.0,0.0,3.659999987576157,"2,1,4,8,14,6,12,3,6,13",0:11-2;1:0-1;2:0-4;3:1-8;4:8-14;5:0-6;6:5-12;7:0-3;8:5-6;9:4-13
78,proposed_c2f_adaptive_pd_calibrated,10,10,1.0,23,300,0.07666666666666666,10,0,10,0.0,0.0,137.62570486696956,142.22061802515756,1.0,10351.0,10351.0,0.0,14.039300032891333,"2,1,4,8,14,6,12,3,6,13",0:11-2;1:0-1;2:0-4;3:1-8;4:8-14;5:0-6;6:5-12;7:0-3;8:5-6;9:4-13
79,proposed_c2f_adaptive_pd,10,10,1.0,19,300,0.06333333333333334,10,1,9,640.0,1.0666666666666667,173515.49621824105,558.9003402398965,1.0,9063.0,9063.0,0.0,5.436500010546297,"12,9,14,8,10,9,1,7,14,10",0:0-12;1:0-9;2:0-14;3:1-8;4:1-10;5:0-9;6:1-5;7:6-7;8:0-14;9:4-10
79,proposed_c2f_adaptive_pd_calibrated,10,10,1.0,20,300,0.06666666666666667,10,1,9,640.0,1.0666666666666667,173515.49621824105,558.9003402398965,1.0,9063.0,9063.0,0.0,10.268800018820912,"12,9,14,8,10,9,1,7,14,10",0:0-12;1:0-9;2:0-14;3:1-8;4:1-10;5:0-9;6:1-5;7:6-7;8:0-14;9:4-10
80,proposed_c2f_adaptive_pd,10,10,1.0,14,300,0.04666666666666667,10,0,10,0.0,0.0,441.2972140561916,218.5149053493235,1.0,11079.0,11079.0,0.0,5.589899956248701,"9,11,3,6,13,3,5,14,14,14",0:2-9;1:8-11;2:2-3;3:9-6;4:0-13;5:2-3;6:0-5;7:7-14;8:0-14;9:0-14
80,proposed_c2f_adaptive_pd_calibrated,10,10,1.0,15,300,0.05,10,0,10,0.0,0.0,441.2972140561916,218.5149053493235,1.0,11079.0,11079.0,0.0,9.61110001662746,"9,11,3,6,13,3,5,14,14,14",0:2-9;1:8-11;2:2-3;3:9-6;4:0-13;5:2-3;6:0-5;7:7-14;8:0-14;9:0-14
81,proposed_c2f_adaptive_pd,10,10,1.0,12,300,0.04,10,0,10,0.0,0.0,9893.116174344726,4092.0162310146493,1.0,10575.0,10575.0,0.0,4.969700006768107,"7,13,5,1,10,3,8,10,12,14",0:0-7;1:14-13;2:2-5;3:0-1;4:1-10;5:0-3;6:0-8;7:0-10;8:0-12;9:0-14
81,proposed_c2f_adaptive_pd_calibrated,10,10,1.0,12,300,0.04,10,0,10,0.0,0.0,9893.116174344726,4092.0162310146493,1.0,10575.0,10575.0,0.0,10.24959998903796,"7,13,5,1,10,3,8,10,12,14",0:0-7;1:14-13;2:2-5;3:0-1;4:1-10;5:0-3;6:0-8;7:0-10;8:0-12;9:0-14
82,proposed_c2f_adaptive_pd,9,10,0.9,14,270,0.05185185185185185,10,0,10,0.0,0.0,42848.105104834045,158.60102764088168,0.9,12423.0,12423.0,0.0,4.481300013139844,"9,0,1,8,12,5,1,13,8,9",0:0-9;1:3-0;2:4-1;3:0-8;4:2-12;5:0-5;6:2-1;7:0-13;8:0-8;9:12-9
82,proposed_c2f_adaptive_pd_calibrated,9,10,0.9,15,270,0.05555555555555555,10,0,10,0.0,0.0,42848.105104834045,158.60102764088168,0.9,12423.0,12423.0,0.0,9.434700012207031,"9,0,1,8,12,5,1,13,8,9",0:0-9;1:3-0;2:4-1;3:0-8;4:2-12;5:0-5;6:2-1;7:0-13;8:0-8;9:12-9
83,proposed_c2f_adaptive_pd,10,10,1.0,21,300,0.07,10,0,10,0.0,0.0,7675.502992550546,422.55080835229194,1.0,10967.0,10967.0,0.0,5.070999963209033,"3,9,12,12,5,9,14,8,2,0",0:2-3;1:0-9;2:0-12;3:0-12;4:4-5;5:0-9;6:0-14;7:0-8;8:0-2;9:1-0
83,proposed_c2f_adaptive_pd_calibrated,10,10,1.0,21,300,0.07,10,0,10,0.0,0.0,7675.502992550546,422.55080835229194,1.0,10967.0,10967.0,0.0,11.548900045454502,"3,9,12,12,5,9,14,8,2,0",0:2-3;1:0-9;2:0-12;3:0-12;4:4-5;5:0-9;6:0-14;7:0-8;8:0-2;9:1-0
84,proposed_c2f_adaptive_pd,9,10,0.9,14,300,0.04666666666666667,11,0,11,0.0,0.0,2889.6949140676,308.1667802016367,1.0,15237.0,15237.0,0.0,6.935000012163073,"11,5,7,11,13,1,0,11,1,5","0:0-11;1:0-5;2:3-7;3:1-11;4:3-13;5:3-1;6:2-0,5-0;7:1-11;8:3-1;9:0-5"
84,proposed_c2f_adaptive_pd_calibrated,9,10,0.9,14,300,0.04666666666666667,11,0,11,0.0,0.0,2889.6949140676,308.1667802016367,1.0,15237.0,15237.0,0.0,12.29729998158291,"11,5,7,11,13,1,0,11,1,5","0:0-11;1:0-5;2:3-7;3:1-11;4:3-13;5:3-1;6:2-0,5-0;7:1-11;8:3-1;9:0-5"
85,proposed_c2f_adaptive_pd,10,10,1.0,17,300,0.056666666666666664,13,0,13,0.0,0.0,11474.186778419584,2157.9522303321564,1.0,13429.0,13429.0,0.0,4.933199961669743,"5,4,9,6,0,13,5,13,4,0","0:6-5;1:2-4;2:3-9;3:5-6;4:10-0,11-0,3-0;5:8-13;6:6-5;7:2-13;8:2-4;9:11-0,1-0"
85,proposed_c2f_adaptive_pd_calibrated,10,10,1.0,17,300,0.056666666666666664,13,0,13,0.0,0.0,11474.186778419584,2157.9522303321564,1.0,13429.0,13429.0,0.0,17.26659998530522,"5,4,9,6,0,13,5,13,4,0","0:6-5;1:2-4;2:3-9;3:5-6;4:10-0,11-0,3-0;5:8-13;6:6-5;7:2-13;8:2-4;9:11-0,1-0"
86,proposed_c2f_adaptive_pd,10,10,1.0,7,300,0.023333333333333334,12,1,11,640.0,1.0666666666666667,7186.251735690644,458.33641796341374,1.0,11365.0,11365.0,0.0,5.615099973510951,"1,10,13,5,2,6,11,0,12,1","0:0-1;1:0-10;2:2-13;3:0-5;4:0-2;5:0-6;6:0-11;7:0-14,14-0,3-0;8:4-12;9:0-1"
86,proposed_c2f_adaptive_pd_calibrated,10,10,1.0,7,300,0.023333333333333334,12,1,11,640.0,1.0666666666666667,7186.251735690644,458.33641796341374,1.0,11365.0,11365.0,0.0,13.391299988143146,"1,10,13,5,2,6,11,0,12,1","0:0-1;1:0-10;2:2-13;3:0-5;4:0-2;5:0-6;6:0-11;7:0-14,14-0,3-0;8:4-12;9:0-1"
87,proposed_c2f_adaptive_pd,10,10,1.0,11,300,0.03666666666666667,10,0,10,0.0,0.0,28458.685710768157,271.0674783709659,1.0,10505.0,10505.0,0.0,6.187500024680048,"8,8,9,12,2,13,13,10,13,5",0:5-8;1:0-8;2:1-9;3:0-12;4:7-2;5:2-13;6:0-13;7:0-10;8:0-13;9:0-5
87,proposed_c2f_adaptive_pd_calibrated,10,10,1.0,12,300,0.04,10,0,10,0.0,0.0,28458.685710768157,271.0674783709659,1.0,10505.0,10505.0,0.0,13.541300024371594,"8,8,9,12,2,13,13,10,13,5",0:5-8;1:0-8;2:1-9;3:0-12;4:7-2;5:2-13;6:0-13;7:0-10;8:0-13;9:0-5
88,proposed_c2f_adaptive_pd,10,10,1.0,21,300,0.07,11,0,11,0.0,0.0,2777.197515387702,89.39119063174496,1.0,14760.0,14760.0,0.0,6.929899973329157,"2,14,9,9,7,7,12,5,7,2","0:1-2;1:0-14;2:7-9,3-9;3:3-9;4:1-7;5:0-7;6:2-12;7:0-5;8:1-7;9:0-2"
88,proposed_c2f_adaptive_pd_calibrated,10,10,1.0,21,300,0.07,11,0,11,0.0,0.0,2777.197515387702,89.39119063174496,1.0,14760.0,14760.0,0.0,9.744800045154989,"2,14,9,9,7,7,12,5,7,2","0:1-2;1:0-14;2:7-9,3-9;3:3-9;4:1-7;5:0-7;6:2-12;7:0-5;8:1-7;9:0-2"
89,proposed_c2f_adaptive_pd,10,10,1.0,13,300,0.043333333333333335,14,1,13,640.0,1.0666666666666667,4475.521781001414,344.5635803964999,1.0,15607.0,15607.0,0.0,8.750099979806691,"4,4,10,4,2,1,10,0,2,11","0:14-4;1:1-4;2:5-10;3:9-4,4-9,14-4,6-4,11-4;4:0-2;5:4-1;6:1-10;7:1-0;8:0-2;9:0-11"
89,proposed_c2f_adaptive_pd_calibrated,10,10,1.0,15,300,0.05,14,1,13,640.0,1.0666666666666667,4475.521781001414,344.5635803964999,1.0,15607.0,15607.0,0.0,19.78529995540157,"4,4,10,4,2,1,10,0,2,11","0:14-4;1:1-4;2:5-10;3:9-4,4-9,14-4,6-4,11-4;4:0-2;5:4-1;6:1-10;7:1-0;8:0-2;9:0-11"
90,proposed_c2f_adaptive_pd,10,10,1.0,19,300,0.06333333333333334,11,0,11,0.0,0.0,349.1084376598682,180.97680985226103,1.0,9640.0,9640.0,0.0,7.050199958030134,"8,11,4,0,0,9,8,1,7,0","0:1-8;1:3-11;2:1-4;3:6-0;4:6-0;5:1-9;6:0-8;7:2-1;8:2-7,9-7;9:6-0"
90,proposed_c2f_adaptive_pd_calibrated,10,10,1.0,19,300,0.06333333333333334,11,0,11,0.0,0.0,349.1084376598682,180.97680985226103,1.0,9640.0,9640.0,0.0,10.232099972199649,"8,11,4,0,0,9,8,1,7,0","0:1-8;1:3-11;2:1-4;3:6-0;4:6-0;5:1-9;6:0-8;7:2-1;8:2-7,9-7;9:6-0"
91,proposed_c2f_adaptive_pd,7,10,0.7,15,300,0.05,25,8,17,5120.0,8.533333333333335,197452.23417337763,136.3051739069992,1.0,23125.0,23125.0,0.0,11.715700034983456,"8,6,4,8,14,3,0,3,0,8","0:14-8,8-14,7-8,8-7,11-8,3-8;1:3-6;2:1-4;3:3-8,14-8,8-14,3-7,3-14,6-8;4:13-14;5:1-3;6:1-0;7:6-3,3-6,8-3,7-3,3-7,8-6;8:5-0;9:0-8"
91,proposed_c2f_adaptive_pd_calibrated,7,10,0.7,15,300,0.05,25,8,17,5120.0,8.533333333333335,197452.23417337763,136.3051739069992,1.0,23125.0,23125.0,0.0,29.06739996979013,"8,6,4,8,14,3,0,3,0,8","0:14-8,8-14,7-8,8-7,11-8,3-8;1:3-6;2:1-4;3:3-8,14-8,8-14,3-7,3-14,6-8;4:13-14;5:1-3;6:1-0;7:6-3,3-6,8-3,7-3,3-7,8-6;8:5-0;9:0-8"
92,proposed_c2f_adaptive_pd,10,10,1.0,19,300,0.06333333333333334,12,0,12,0.0,0.0,1408.7208882388568,198.67943713196368,1.0,13533.0,13533.0,0.0,5.493000033311546,"12,2,8,14,12,1,4,4,8,8","0:0-12;1:0-2;2:3-8,6-8;3:3-14;4:1-12;5:0-1;6:9-4;7:9-4,3-4;8:2-8;9:2-8"
92,proposed_c2f_adaptive_pd_calibrated,10,10,1.0,19,300,0.06333333333333334,12,0,12,0.0,0.0,1408.7208882388568,198.67943713196368,1.0,13533.0,13533.0,0.0,11.39950001379475,"12,2,8,14,12,1,4,4,8,8","0:0-12;1:0-2;2:3-8,6-8;3:3-14;4:1-12;5:0-1;6:9-4;7:9-4,3-4;8:2-8;9:2-8"
93,proposed_c2f_adaptive_pd,10,10,1.0,22,300,0.07333333333333333,10,0,10,0.0,0.0,21347.063304591262,653.2006167098915,1.0,8811.0,8811.0,0.0,4.906199988909066,"9,6,10,7,1,5,5,14,14,3",0:3-9;1:3-6;2:0-10;3:1-7;4:0-1;5:0-5;6:1-5;7:0-14;8:0-14;9:5-3
93,proposed_c2f_adaptive_pd_calibrated,10,10,1.0,22,300,0.07333333333333333,10,0,10,0.0,0.0,21347.063304591262,653.2006167098915,1.0,8811.0,8811.0,0.0,14.308899990282953,"9,6,10,7,1,5,5,14,14,3",0:3-9;1:3-6;2:0-10;3:1-7;4:0-1;5:0-5;6:1-5;7:0-14;8:0-14;9:5-3
94,proposed_c2f_adaptive_pd,10,10,1.0,12,300,0.04,11,1,10,640.0,1.0666666666666667,1137.1611068422524,185.23474012248923,1.0,11278.0,11278.0,0.0,6.392800016328692,"0,13,13,10,10,7,4,6,6,9","0:1-0;1:4-13;2:0-13;3:3-10;4:0-10;5:0-7;6:2-4;7:0-6;8:6-4,2-6;9:11-9"
94,proposed_c2f_adaptive_pd_calibrated,10,10,1.0,13,300,0.043333333333333335,11,1,10,640.0,1.0666666666666667,1137.1611068422524,185.23474012248923,1.0,11278.0,11278.0,0.0,13.69729998987168,"0,13,13,10,10,7,4,6,6,9","0:1-0;1:4-13;2:0-13;3:3-10;4:0-10;5:0-7;6:2-4;7:0-6;8:6-4,2-6;9:11-9"
95,proposed_c2f_adaptive_pd,9,10,0.9,12,270,0.044444444444444446,10,0,10,0.0,0.0,499.6355278654294,143.73422409273428,0.9,11919.0,11919.0,0.0,5.286699975840747,"12,5,7,13,9,6,12,10,0,1",0:0-12;1:0-5;2:1-7;3:5-13;4:0-9;5:7-6;6:0-12;7:6-10;8:1-0;9:0-1
95,proposed_c2f_adaptive_pd_calibrated,9,10,0.9,13,270,0.04814814814814815,10,0,10,0.0,0.0,499.6355278654294,143.73422409273428,0.9,11919.0,11919.0,0.0,11.75929995952174,"12,5,7,13,9,6,12,10,0,1",0:0-12;1:0-5;2:1-7;3:5-13;4:0-9;5:7-6;6:0-12;7:6-10;8:1-0;9:0-1
96,proposed_c2f_adaptive_pd,10,10,1.0,16,300,0.05333333333333334,10,0,10,0.0,0.0,611.7932092220192,127.04659956382389,1.0,11429.0,11429.0,0.0,3.509200003463775,"6,2,4,11,10,10,6,9,0,9",0:1-6;1:1-2;2:0-4;3:0-11;4:3-10;5:0-10;6:0-6;7:0-9;8:3-0;9:0-9
96,proposed_c2f_adaptive_pd_calibrated,10,10,1.0,16,300,0.05333333333333334,10,0,10,0.0,0.0,611.7932092220192,127.04659956382389,1.0,11429.0,11429.0,0.0,13.32700002240017,"6,2,4,11,10,10,6,9,0,9",0:1-6;1:1-2;2:0-4;3:0-11;4:3-10;5:0-10;6:0-6;7:0-9;8:3-0;9:0-9
97,proposed_c2f_adaptive_pd,10,10,1.0,11,300,0.03666666666666667,12,0,12,0.0,0.0,4685.15908493874,379.758915120379,1.0,8660.0,8660.0,0.0,7.403999974485487,"7,13,12,12,10,6,5,3,13,10","0:12-7;1:3-13;2:3-12;3:3-12,5-12;4:0-10;5:12-6,7-6;6:11-5;7:5-3;8:3-13;9:0-10"
97,proposed_c2f_adaptive_pd_calibrated,10,10,1.0,11,300,0.03666666666666667,12,0,12,0.0,0.0,4685.15908493874,379.758915120379,1.0,8660.0,8660.0,0.0,11.756299994885921,"7,13,12,12,10,6,5,3,13,10","0:12-7;1:3-13;2:3-12;3:3-12,5-12;4:0-10;5:12-6,7-6;6:11-5;7:5-3;8:3-13;9:0-10"
98,proposed_c2f_adaptive_pd,10,10,1.0,15,300,0.05,15,2,13,1280.0,2.1333333333333333,3210.639129810886,827.4538954786167,1.0,13205.0,13205.0,0.0,5.521000013686717,"13,7,1,12,6,1,13,4,8,5","0:8-13;1:0-7;2:1-14,14-1,4-1,3-1,3-14,11-1;3:0-12;4:5-6;5:0-1;6:8-13;7:0-4;8:1-8;9:1-5"
98,proposed_c2f_adaptive_pd_calibrated,10,10,1.0,15,300,0.05,15,2,13,1280.0,2.1333333333333333,3210.639129810886,827.4538954786167,1.0,13205.0,13205.0,0.0,16.7848999844864,"13,7,1,12,6,1,13,4,8,5","0:8-13;1:0-7;2:1-14,14-1,4-1,3-1,3-14,11-1;3:0-12;4:5-6;5:0-1;6:8-13;7:0-4;8:1-8;9:1-5"
99,proposed_c2f_adaptive_pd,10,10,1.0,8,300,0.02666666666666667,14,0,14,0.0,0.0,1194.880125280244,265.32094485942196,1.0,17757.0,17757.0,0.0,8.406100037973374,"5,6,6,2,12,8,1,0,6,7","0:0-5;1:11-6,4-6,1-6;2:1-6,11-6;3:3-2;4:0-12;5:0-8;6:0-1;7:12-0,1-0;8:4-6;9:0-7"
99,proposed_c2f_adaptive_pd_calibrated,10,10,1.0,8,300,0.02666666666666667,14,0,14,0.0,0.0,1194.880125280244,265.32094485942196,1.0,17757.0,17757.0,0.0,18.55560002150014,"5,6,6,2,12,8,1,0,6,7","0:0-5;1:11-6,4-6,1-6;2:1-6,11-6;3:3-2;4:0-12;5:0-8;6:0-1;7:12-0,1-0;8:4-6;9:0-7"
100,proposed_c2f_adaptive_pd,10,10,1.0,15,300,0.05,15,3,12,1920.0,3.2,5482.574135312983,1444.6455906695987,1.0,13401.0,13401.0,0.0,8.400999999139458,"8,0,8,2,4,2,6,12,6,7","0:0-8;1:0-10,5-0,11-10,10-0,13-0,8-10;2:13-8;3:8-2;4:0-4;5:1-2;6:0-6;7:1-12;8:1-6;9:0-7"
100,proposed_c2f_adaptive_pd_calibrated,10,10,1.0,15,300,0.05,15,3,12,1920.0,3.2,5482.574135312983,1444.6455906695987,1.0,13401.0,13401.0,0.0,16.343299997970462,"8,0,8,2,4,2,6,12,6,7","0:0-8;1:0-10,5-0,11-10,10-0,13-0,8-10;2:13-8;3:8-2;4:0-4;5:1-2;6:0-6;7:1-12;8:1-6;9:0-7"
101,proposed_c2f_adaptive_pd,10,10,1.0,13,300,0.043333333333333335,13,2,11,1280.0,2.1333333333333333,3337.3593080669743,467.40443844692123,1.0,13123.0,13123.0,0.0,5.114900006446987,"2,5,0,1,7,0,14,12,13,4","0:3-2;1:0-5;2:4-0;3:5-1;4:0-7;5:0-8,8-0,9-8,7-0;6:0-14;7:0-12;8:0-13;9:0-4"
101,proposed_c2f_adaptive_pd_calibrated,10,10,1.0,14,300,0.04666666666666667,13,2,11,1280.0,2.1333333333333333,3337.3593080669743,467.40443844692123,1.0,13123.0,13123.0,0.0,10.79490000847727,"2,5,0,1,7,0,14,12,13,4","0:3-2;1:0-5;2:4-0;3:5-1;4:0-7;5:0-8,8-0,9-8,7-0;6:0-14;7:0-12;8:0-13;9:0-4"
102,proposed_c2f_adaptive_pd,10,10,1.0,15,300,0.05,10,0,10,0.0,0.0,2048.783128322425,229.8569861583158,1.0,8195.0,8195.0,0.0,3.5584999714046717,"1,14,10,9,12,10,1,5,10,2",0:10-1;1:0-14;2:3-10;3:3-9;4:0-12;5:1-10;6:2-1;7:0-5;8:6-10;9:0-2
102,proposed_c2f_adaptive_pd_calibrated,10,10,1.0,15,300,0.05,10,0,10,0.0,0.0,2048.783128322425,229.8569861583158,1.0,8195.0,8195.0,0.0,11.706600023899227,"1,14,10,9,12,10,1,5,10,2",0:10-1;1:0-14;2:3-10;3:3-9;4:0-12;5:1-10;6:2-1;7:0-5;8:6-10;9:0-2
103,proposed_c2f_adaptive_pd,10,10,1.0,14,300,0.04666666666666667,11,0,11,0.0,0.0,2918.850072159825,168.36060625450972,1.0,11796.0,11796.0,0.0,6.013299978803843,"2,0,3,10,10,7,5,10,4,6","0:5-2;1:1-0;2:6-3;3:0-10;4:0-10;5:0-7;6:0-5;7:1-10,9-10;8:0-4;9:4-6"
103,proposed_c2f_adaptive_pd_calibrated,10,10,1.0,14,300,0.04666666666666667,11,0,11,0.0,0.0,2918.850072159825,168.36060625450972,1.0,11796.0,11796.0,0.0,13.083599973469973,"2,0,3,10,10,7,5,10,4,6","0:5-2;1:1-0;2:6-3;3:0-10;4:0-10;5:0-7;6:0-5;7:1-10,9-10;8:0-4;9:4-6"
104,proposed_c2f_adaptive_pd,10,10,1.0,13,300,0.043333333333333335,10,0,10,0.0,0.0,1371.3698170668144,193.17086162891974,1.0,10743.0,10743.0,0.0,3.634000022429973,"10,8,10,7,7,13,5,8,10,4",0:8-10;1:0-8;2:2-10;3:1-7;4:1-7;5:0-13;6:8-5;7:0-8;8:1-10;9:1-4
104,proposed_c2f_adaptive_pd_calibrated,10,10,1.0,13,300,0.043333333333333335,10,0,10,0.0,0.0,1371.3698170668144,193.17086162891974,1.0,10743.0,10743.0,0.0,12.967700022272766,"10,8,10,7,7,13,5,8,10,4",0:8-10;1:0-8;2:2-10;3:1-7;4:1-7;5:0-13;6:8-5;7:0-8;8:1-10;9:1-4
105,proposed_c2f_adaptive_pd,10,10,1.0,17,300,0.056666666666666664,21,0,21,0.0,0.0,453.47575204194874,94.12192533522696,1.0,16088.0,16088.0,0.0,10.202599980402738,"14,14,14,4,14,4,14,6,10,14","0:5-14,2-14,4-14,6-14,8-14,12-14;1:2-14,4-14,5-14,6-14,8-14,3-14;2:5-14;3:2-4;4:0-14;5:2-4,8-4;6:0-14;7:1-6;8:12-10;9:5-14"
105,proposed_c2f_adaptive_pd_calibrated,10,10,1.0,17,300,0.056666666666666664,21,0,21,0.0,0.0,453.47575204194874,94.12192533522696,1.0,16088.0,16088.0,0.0,25.722499995026737,"14,14,14,4,14,4,14,6,10,14","0:5-14,2-14,4-14,6-14,8-14,12-14;1:2-14,4-14,5-14,6-14,8-14,3-14;2:5-14;3:2-4;4:0-14;5:2-4,8-4;6:0-14;7:1-6;8:12-10;9:5-14"
106,proposed_c2f_adaptive_pd,10,10,1.0,15,300,0.05,10,0,10,0.0,0.0,1794.3995586396043,74.23700016604894,1.0,10743.0,10743.0,0.0,5.0252999644726515,"8,3,12,9,0,11,1,7,11,6",0:1-8;1:4-3;2:0-12;3:2-9;4:5-0;5:1-11;6:8-1;7:3-7;8:3-11;9:0-6
106,proposed_c2f_adaptive_pd_calibrated,10,10,1.0,16,300,0.05333333333333334,10,0,10,0.0,0.0,1794.3995586396043,74.23700016604894,1.0,10743.0,10743.0,0.0,10.571899998467416,"8,3,12,9,0,11,1,7,11,6",0:1-8;1:4-3;2:0-12;3:2-9;4:5-0;5:1-11;6:8-1;7:3-7;8:3-11;9:0-6
107,proposed_c2f_adaptive_pd,9,10,0.9,8,300,0.02666666666666667,10,0,10,0.0,0.0,1114.0273128115198,240.7102054858733,1.0,10505.0,10505.0,0.0,6.409600027836859,"13,10,14,10,4,8,13,11,0,11",0:0-13;1:6-10;2:0-14;3:0-10;4:1-4;5:5-8;6:0-13;7:3-11;8:1-0;9:0-11
107,proposed_c2f_adaptive_pd_calibrated,9,10,0.9,8,300,0.02666666666666667,10,0,10,0.0,0.0,1114.0273128115198,240.7102054858733,1.0,10505.0,10505.0,0.0,11.219499981962144,"13,10,14,10,4,8,13,11,0,11",0:0-13;1:6-10;2:0-14;3:0-10;4:1-4;5:5-8;6:0-13;7:3-11;8:1-0;9:0-11
108,proposed_c2f_adaptive_pd,10,10,1.0,13,300,0.043333333333333335,11,0,11,0.0,0.0,317.56945917516094,285.7276119019647,1.0,10956.0,10956.0,0.0,6.343799992464483,"4,0,8,3,7,2,6,4,7,10","0:0-4;1:3-0;2:0-8;3:0-3;4:1-7;5:1-2;6:0-6;7:0-4;8:6-7;9:3-10,2-10"
108,proposed_c2f_adaptive_pd_calibrated,10,10,1.0,13,300,0.043333333333333335,11,0,11,0.0,0.0,317.56945917516094,285.7276119019647,1.0,10956.0,10956.0,0.0,12.720400001853704,"4,0,8,3,7,2,6,4,7,10","0:0-4;1:3-0;2:0-8;3:0-3;4:1-7;5:1-2;6:0-6;7:0-4;8:6-7;9:3-10,2-10"
109,proposed_c2f_adaptive_pd,9,10,0.9,18,300,0.06,10,0,10,0.0,0.0,867.070582485434,129.78729601369815,1.0,9735.0,9735.0,0.0,6.273599981795996,"2,9,6,0,10,1,6,1,2,13",0:0-2;1:1-9;2:3-6;3:3-0;4:0-10;5:4-1;6:12-6;7:0-1;8:4-2;9:5-13
109,proposed_c2f_adaptive_pd_calibrated,9,10,0.9,18,300,0.06,10,0,10,0.0,0.0,867.070582485434,129.78729601369815,1.0,9735.0,9735.0,0.0,12.195400020573288,"2,9,6,0,10,1,6,1,2,13",0:0-2;1:1-9;2:3-6;3:3-0;4:0-10;5:4-1;6:12-6;7:0-1;8:4-2;9:5-13
110,proposed_c2f_adaptive_pd,10,10,1.0,10,300,0.03333333333333333,10,0,10,0.0,0.0,693.52443645176,421.9961362224782,1.0,11583.0,11583.0,0.0,3.6545999464578927,"1,13,1,10,14,8,0,1,0,6",0:0-1;1:0-13;2:0-1;3:0-10;4:0-14;5:0-8;6:1-0;7:6-1;8:1-0;9:1-6
110,proposed_c2f_adaptive_pd_calibrated,10,10,1.0,10,300,0.03333333333333333,10,0,10,0.0,0.0,693.52443645176,421.9961362224782,1.0,11583.0,11583.0,0.0,9.304000006522983,"1,13,1,10,14,8,0,1,0,6",0:0-1;1:0-13;2:0-1;3:0-10;4:0-14;5:0-8;6:1-0;7:6-1;8:1-0;9:1-6
111,proposed_c2f_adaptive_pd,10,10,1.0,16,300,0.05333333333333334,12,2,10,1280.0,2.1333333333333333,283.5115117886517,86.42825209973002,1.0,10424.0,10424.0,0.0,7.018200005404651,"5,13,2,14,14,7,11,10,13,12","0:2-5;1:4-13;2:0-2;3:12-14;4:0-14;5:8-7;6:11-9,10-9;7:11-10,9-10;8:10-13;9:0-12"
111,proposed_c2f_adaptive_pd_calibrated,10,10,1.0,16,300,0.05333333333333334,12,2,10,1280.0,2.1333333333333333,283.5115117886517,86.42825209973002,1.0,10424.0,10424.0,0.0,11.917499999981374,"5,13,2,14,14,7,11,10,13,12","0:2-5;1:4-13;2:0-2;3:12-14;4:0-14;5:8-7;6:11-9,10-9;7:11-10,9-10;8:10-13;9:0-12"
112,proposed_c2f_adaptive_pd,10,10,1.0,10,300,0.03333333333333333,15,4,11,2560.0,4.266666666666667,47611.42045382773,177.67338576741315,1.0,12757.0,12757.0,0.0,5.704700015485287,"4,11,6,5,11,5,11,5,2,14","0:0-4;1:2-11;2:0-6;3:8-5;4:3-11;5:1-5;6:11-4,11-3,3-11,4-11,3-4,4-3;7:0-5;8:0-2;9:0-14"
112,proposed_c2f_adaptive_pd_calibrated,10,10,1.0,12,300,0.04,15,4,11,2560.0,4.266666666666667,47611.42045382773,177.67338576741315,1.0,12757.0,12757.0,0.0,13.49460001802072,"4,11,6,5,11,5,11,5,2,14","0:0-4;1:2-11;2:0-6;3:8-5;4:3-11;5:1-5;6:11-4,11-3,3-11,4-11,3-4,4-3;7:0-5;8:0-2;9:0-14"
113,proposed_c2f_adaptive_pd,9,10,0.9,9,300,0.03,10,0,10,0.0,0.0,828.2795968368106,511.34438508156677,1.0,9889.0,9889.0,0.0,6.1781000113114715,"2,7,10,1,12,2,2,2,12,4",0:1-2;1:3-7;2:1-10;3:0-1;4:0-12;5:6-2;6:1-2;7:1-2;8:0-12;9:0-4
113,proposed_c2f_adaptive_pd_calibrated,9,10,0.9,9,300,0.03,10,0,10,0.0,0.0,828.2795968368106,511.34438508156677,1.0,9889.0,9889.0,0.0,10.836999979801476,"2,7,10,1,12,2,2,2,12,4",0:1-2;1:3-7;2:1-10;3:0-1;4:0-12;5:6-2;6:1-2;7:1-2;8:0-12;9:0-4
114,proposed_c2f_adaptive_pd,10,10,1.0,15,300,0.05,16,1,15,640.0,1.0666666666666667,15554.880377662766,108.55086153837479,1.0,15157.0,15157.0,0.0,8.149200002662838,"5,6,0,2,5,9,5,10,4,11","0:0-5;1:0-6;2:2-0,8-0;3:0-2;4:4-5;5:0-9;6:10-5;7:10-5,5-10,2-10,7-10,13-10,12-10;8:3-4;9:0-11"
114,proposed_c2f_adaptive_pd_calibrated,10,10,1.0,15,300,0.05,16,1,15,640.0,1.0666666666666667,15554.880377662766,108.55086153837479,1.0,15157.0,15157.0,0.0,15.373900008853525,"5,6,0,2,5,9,5,10,4,11","0:0-5;1:0-6;2:2-0,8-0;3:0-2;4:4-5;5:0-9;6:10-5;7:10-5,5-10,2-10,7-10,13-10,12-10;8:3-4;9:0-11"
115,proposed_c2f_adaptive_pd,10,10,1.0,10,300,0.03333333333333333,12,0,12,0.0,0.0,10416.665923207107,246.35538460410802,1.0,12223.0,12223.0,0.0,7.202400011010468,"2,9,14,5,13,9,1,9,5,13","0:0-2;1:0-9;2:0-14;3:3-5;4:7-13;5:0-9;6:0-1;7:0-9;8:3-5,7-5,10-5;9:7-13"
115,proposed_c2f_adaptive_pd_calibrated,10,10,1.0,10,300,0.03333333333333333,12,0,12,0.0,0.0,10416.665923207107,246.35538460410802,1.0,12223.0,12223.0,0.0,16.65339997271076,"2,9,14,5,13,9,1,9,5,13","0:0-2;1:0-9;2:0-14;3:3-5;4:7-13;5:0-9;6:0-1;7:0-9;8:3-5,7-5,10-5;9:7-13"
116,proposed_c2f_adaptive_pd,10,10,1.0,11,300,0.03666666666666667,10,0,10,0.0,0.0,4476.54722286257,350.3945110275308,1.0,9119.0,9119.0,0.0,6.506500008981675,"6,10,7,0,10,8,1,6,8,10",0:2-6;1:0-10;2:0-7;3:1-0;4:8-10;5:10-8;6:13-1;7:2-6;8:0-8;9:2-10
116,proposed_c2f_adaptive_pd_calibrated,10,10,1.0,12,300,0.04,10,0,10,0.0,0.0,4476.54722286257,350.3945110275308,1.0,9119.0,9119.0,0.0,9.5992999849841,"6,10,7,0,10,8,1,6,8,10",0:2-6;1:0-10;2:0-7;3:1-0;4:8-10;5:10-8;6:13-1;7:2-6;8:0-8;9:2-10
117,proposed_c2f_adaptive_pd,10,10,1.0,15,300,0.05,12,1,11,640.0,1.0666666666666667,9853.082296303382,348.3597818869175,1.0,12737.0,12737.0,0.0,6.583100010175258,"4,0,11,9,0,1,7,0,13,8","0:0-4;1:1-0;2:0-11;3:0-9;4:7-0,0-7,13-0;5:2-1;6:0-7;7:2-0;8:0-13;9:0-8"
117,proposed_c2f_adaptive_pd_calibrated,10,10,1.0,15,300,0.05,12,1,11,640.0,1.0666666666666667,9853.082296303382,348.3597818869175,1.0,12737.0,12737.0,0.0,14.952500001527369,"4,0,11,9,0,1,7,0,13,8","0:0-4;1:1-0;2:0-11;3:0-9;4:7-0,0-7,13-0;5:2-1;6:0-7;7:2-0;8:0-13;9:0-8"
118,proposed_c2f_adaptive_pd,8,10,0.8,14,300,0.04666666666666667,12,1,11,640.0,1.0666666666666667,521.7545852119465,33.93146397848904,1.0,12051.0,12051.0,0.0,6.957100005820394,"8,6,14,10,12,2,10,14,13,8","0:10-8;1:5-6;2:10-14;3:5-10;4:7-12;5:0-2;6:1-10;7:0-14;8:3-13;9:14-8,6-14,10-8"
118,proposed_c2f_adaptive_pd_calibrated,8,10,0.8,15,300,0.05,12,1,11,640.0,1.0666666666666667,521.7545852119465,33.93146397848904,1.0,12051.0,12051.0,0.0,16.237400006502867,"8,6,14,10,12,2,10,14,13,8","0:10-8;1:5-6;2:10-14;3:5-10;4:7-12;5:0-2;6:1-10;7:0-14;8:3-13;9:14-8,6-14,10-8"
119,proposed_c2f_adaptive_pd,9,10,0.9,12,300,0.04,10,0,10,0.0,0.0,1298.911280635081,153.69199870720524,1.0,8524.0,8524.0,0.0,4.067300003953278,"9,2,7,4,6,9,1,1,8,12",0:10-9;1:0-2;2:0-7;3:0-4;4:0-6;5:10-9;6:0-1;7:0-1;8:2-8;9:1-12
119,proposed_c2f_adaptive_pd_calibrated,9,10,0.9,12,300,0.04,10,0,10,0.0,0.0,1298.911280635081,153.69199870720524,1.0,8524.0,8524.0,0.0,13.964999991003424,"9,2,7,4,6,9,1,1,8,12",0:10-9;1:0-2;2:0-7;3:0-4;4:0-6;5:10-9;6:0-1;7:0-1;8:2-8;9:1-12
120,proposed_c2f_adaptive_pd,10,10,1.0,17,300,0.056666666666666664,11,0,11,0.0,0.0,761008.2145924835,99.65173375122384,1.0,9615.0,9615.0,0.0,4.287899995688349,"5,14,13,2,9,9,9,3,9,1","0:0-5;1:0-14;2:0-13;3:3-2,13-2;4:14-9;5:1-9;6:2-9;7:0-3;8:2-9;9:0-1"
120,proposed_c2f_adaptive_pd_calibrated,10,10,1.0,17,300,0.056666666666666664,11,0,11,0.0,0.0,761008.2145924835,99.65173375122384,1.0,9615.0,9615.0,0.0,12.397899990901351,"5,14,13,2,9,9,9,3,9,1","0:0-5;1:0-14;2:0-13;3:3-2,13-2;4:14-9;5:1-9;6:2-9;7:0-3;8:2-9;9:0-1"
121,proposed_c2f_adaptive_pd,10,10,1.0,9,300,0.03,21,2,19,1280.0,2.1333333333333333,292.81258248826265,131.7605725527352,1.0,21639.0,21639.0,0.0,8.148599998094141,"9,9,7,3,9,4,3,4,9,13","0:3-9;1:3-9,6-9;2:2-7,11-7,13-7,10-7,4-7,7-4;3:6-3;4:0-9;5:0-4;6:6-3;7:0-4;8:0-9;9:11-13,13-11,12-13,7-13,14-13,3-13"
121,proposed_c2f_adaptive_pd_calibrated,10,10,1.0,9,300,0.03,21,2,19,1280.0,2.1333333333333333,292.81258248826265,131.7605725527352,1.0,21639.0,21639.0,0.0,28.928499959874898,"9,9,7,3,9,4,3,4,9,13","0:3-9;1:3-9,6-9;2:2-7,11-7,13-7,10-7,4-7,7-4;3:6-3;4:0-9;5:0-4;6:6-3;7:0-4;8:0-9;9:11-13,13-11,12-13,7-13,14-13,3-13"
122,proposed_c2f_adaptive_pd,10,10,1.0,14,300,0.04666666666666667,10,0,10,0.0,0.0,917.773677229831,227.7479213005622,1.0,11415.0,11415.0,0.0,3.519299963954836,"13,14,11,7,12,12,13,0,1,0",0:7-13;1:0-14;2:0-11;3:11-7;4:4-12;5:1-12;6:5-13;7:1-0;8:0-1;9:1-0
122,proposed_c2f_adaptive_pd_calibrated,10,10,1.0,14,300,0.04666666666666667,10,0,10,0.0,0.0,917.773677229831,227.7479213005622,1.0,11415.0,11415.0,0.0,10.028199991211295,"13,14,11,7,12,12,13,0,1,0",0:7-13;1:0-14;2:0-11;3:11-7;4:4-12;5:1-12;6:5-13;7:1-0;8:0-1;9:1-0
123,proposed_c2f_adaptive_pd,10,10,1.0,13,300,0.043333333333333335,14,0,14,0.0,0.0,51981.27603158788,393.51153425447717,1.0,20146.0,20146.0,0.0,8.229700033552945,"9,12,13,12,12,12,0,11,10,12","0:4-9;1:0-12;2:0-13;3:2-12,10-12;4:0-12;5:9-12,10-12,2-12,4-12;6:1-0;7:5-11;8:2-10;9:9-12"
123,proposed_c2f_adaptive_pd_calibrated,10,10,1.0,13,300,0.043333333333333335,14,0,14,0.0,0.0,51981.27603158788,393.51153425447717,1.0,20146.0,20146.0,0.0,15.561999985948205,"9,12,13,12,12,12,0,11,10,12","0:4-9;1:0-12;2:0-13;3:2-12,10-12;4:0-12;5:9-12,10-12,2-12,4-12;6:1-0;7:5-11;8:2-10;9:9-12"
124,proposed_c2f_adaptive_pd,10,10,1.0,25,300,0.08333333333333333,17,4,13,2560.0,4.266666666666667,9005.91439745102,1055.2502618116516,1.0,20427.0,20427.0,0.0,9.36369999544695,"3,5,6,11,8,13,12,4,11,11","0:6-3,3-6,12-3,3-12,11-3,6-12;1:0-5;2:0-6;3:1-11;4:1-8;5:1-13;6:0-12;7:1-4;8:11-7,6-11,12-11;9:1-11"
124,proposed_c2f_adaptive_pd_calibrated,10,10,1.0,25,300,0.08333333333333333,17,4,13,2560.0,4.266666666666667,9005.91439745102,1055.2502618116516,1.0,20427.0,20427.0,0.0,18.283799989148974,"3,5,6,11,8,13,12,4,11,11","0:6-3,3-6,12-3,3-12,11-3,6-12;1:0-5;2:0-6;3:1-11;4:1-8;5:1-13;6:0-12;7:1-4;8:11-7,6-11,12-11;9:1-11"
125,proposed_c2f_adaptive_pd,10,10,1.0,17,300,0.056666666666666664,10,0,10,0.0,0.0,6258.655274349834,990.2206522250916,1.0,10967.0,10967.0,0.0,4.5535999815911055,"2,6,3,7,7,1,3,5,7,10",0:0-2;1:0-6;2:0-3;3:0-7;4:0-7;5:0-1;6:5-3;7:3-5;8:0-7;9:0-10
125,proposed_c2f_adaptive_pd_calibrated,10,10,1.0,17,300,0.056666666666666664,10,0,10,0.0,0.0,6258.655274349834,990.2206522250916,1.0,10967.0,10967.0,0.0,10.020199988503009,"2,6,3,7,7,1,3,5,7,10",0:0-2;1:0-6;2:0-3;3:0-7;4:0-7;5:0-1;6:5-3;7:3-5;8:0-7;9:0-10
126,proposed_c2f_adaptive_pd,10,10,1.0,17,300,0.056666666666666664,11,0,11,0.0,0.0,6878.511433753675,149.74573979362597,1.0,10756.0,10756.0,0.0,5.097899993415922,"10,1,0,14,13,3,7,3,14,7","0:0-10;1:12-1;2:1-0;3:1-14,12-14;4:0-13;5:0-3;6:1-7;7:0-3;8:1-14;9:2-7"
126,proposed_c2f_adaptive_pd_calibrated,10,10,1.0,18,300,0.06,11,0,11,0.0,0.0,6878.511433753675,149.74573979362597,1.0,10756.0,10756.0,0.0,13.859900005627424,"10,1,0,14,13,3,7,3,14,7","0:0-10;1:12-1;2:1-0;3:1-14,12-14;4:0-13;5:0-3;6:1-7;7:0-3;8:1-14;9:2-7"
127,proposed_c2f_adaptive_pd,10,10,1.0,14,300,0.04666666666666667,12,0,12,0.0,0.0,4874.241550898327,523.9137767768428,1.0,10973.0,10973.0,0.0,7.302099955268204,"5,3,4,14,3,12,5,8,7,9","0:0-5;1:4-3;2:1-4;3:1-14;4:12-3,6-3,4-3;5:0-12;6:0-5;7:0-8;8:0-7;9:1-9"
127,proposed_c2f_adaptive_pd_calibrated,10,10,1.0,15,300,0.05,12,0,12,0.0,0.0,4874.241550898327,523.9137767768428,1.0,10973.0,10973.0,0.0,10.758899967186153,"5,3,4,14,3,12,5,8,7,9","0:0-5;1:4-3;2:1-4;3:1-14;4:12-3,6-3,4-3;5:0-12;6:0-5;7:0-8;8:0-7;9:1-9"
128,proposed_c2f_adaptive_pd,10,10,1.0,10,300,0.03333333333333333,10,0,10,0.0,0.0,771.4495242355044,184.40259264210576,1.0,9273.0,9273.0,0.0,6.1981999897398055,"13,2,1,12,0,1,10,9,7,4",0:8-13;1:0-2;2:0-1;3:2-12;4:1-0;5:0-1;6:0-10;7:0-9;8:0-7;9:0-4
128,proposed_c2f_adaptive_pd_calibrated,10,10,1.0,10,300,0.03333333333333333,10,0,10,0.0,0.0,771.4495242355044,184.40259264210576,1.0,9273.0,9273.0,0.0,10.945699992589653,"13,2,1,12,0,1,10,9,7,4",0:8-13;1:0-2;2:0-1;3:2-12;4:1-0;5:0-1;6:0-10;7:0-9;8:0-7;9:0-4
129,proposed_c2f_adaptive_pd,10,10,1.0,15,300,0.05,15,3,12,1920.0,3.2,1909.8833863688792,361.8689595969912,1.0,12743.0,12743.0,0.0,6.599700020160526,"6,5,9,0,6,1,6,10,4,6","0:3-6;1:0-5;2:2-9;3:1-0;4:3-6;5:0-1;6:8-6,2-6,6-8,6-2,10-6,6-10;7:2-10;8:0-4;9:0-6"
129,proposed_c2f_adaptive_pd_calibrated,10,10,1.0,15,300,0.05,15,3,12,1920.0,3.2,1909.8833863688792,361.8689595969912,1.0,12743.0,12743.0,0.0,16.294300032313913,"6,5,9,0,6,1,6,10,4,6","0:3-6;1:0-5;2:2-9;3:1-0;4:3-6;5:0-1;6:8-6,2-6,6-8,6-2,10-6,6-10;7:2-10;8:0-4;9:0-6"
130,proposed_c2f_adaptive_pd,10,10,1.0,14,300,0.04666666666666667,12,0,12,0.0,0.0,1048.805150203771,532.7785394980738,1.0,12933.0,12933.0,0.0,7.15319998562336,"8,9,0,11,6,6,3,13,13,11","0:0-8;1:0-9;2:1-0;3:0-11;4:0-6;5:3-6,14-6,12-6;6:0-3;7:0-13;8:0-13;9:0-11"
130,proposed_c2f_adaptive_pd_calibrated,10,10,1.0,14,300,0.04666666666666667,12,0,12,0.0,0.0,1048.805150203771,532.7785394980738,1.0,12933.0,12933.0,0.0,11.512500001117587,"8,9,0,11,6,6,3,13,13,11","0:0-8;1:0-9;2:1-0;3:0-11;4:0-6;5:3-6,14-6,12-6;6:0-3;7:0-13;8:0-13;9:0-11"
131,proposed_c2f_adaptive_pd,10,10,1.0,15,300,0.05,10,0,10,0.0,0.0,1014.426131920624,485.02687437697483,1.0,9427.0,9427.0,0.0,5.897800030652434,"9,1,7,8,1,7,2,3,5,12",0:5-9;1:9-1;2:0-7;3:7-8;4:5-1;5:0-7;6:0-2;7:0-3;8:3-5;9:0-12
131,proposed_c2f_adaptive_pd_calibrated,10,10,1.0,15,300,0.05,10,0,10,0.0,0.0,1014.426131920624,485.02687437697483,1.0,9427.0,9427.0,0.0,12.295299966353923,"9,1,7,8,1,7,2,3,5,12",0:5-9;1:9-1;2:0-7;3:7-8;4:5-1;5:0-7;6:0-2;7:0-3;8:3-5;9:0-12
132,proposed_c2f_adaptive_pd,10,10,1.0,18,300,0.06,10,0,10,0.0,0.0,14159.331185932455,274.10912618877745,1.0,9273.0,9273.0,0.0,3.570100001525134,"11,3,13,13,5,0,5,11,2,6",0:0-11;1:0-3;2:1-13;3:0-13;4:0-5;5:2-0;6:0-5;7:2-11;8:0-2;9:0-6
132,proposed_c2f_adaptive_pd_calibrated,10,10,1.0,18,300,0.06,10,0,10,0.0,0.0,14159.331185932455,274.10912618877745,1.0,9273.0,9273.0,0.0,13.817700033541769,"11,3,13,13,5,0,5,11,2,6",0:0-11;1:0-3;2:1-13;3:0-13;4:0-5;5:2-0;6:0-5;7:2-11;8:0-2;9:0-6
133,proposed_c2f_adaptive_pd,10,10,1.0,16,300,0.05333333333333334,10,0,10,0.0,0.0,12431.092873098347,507.2165722105131,1.0,8811.0,8811.0,0.0,5.828100023791194,"8,3,9,7,8,4,14,4,14,9",0:9-8;1:0-3;2:2-9;3:0-7;4:7-8;5:0-4;6:2-14;7:0-4;8:0-14;9:0-9
133,proposed_c2f_adaptive_pd_calibrated,10,10,1.0,16,300,0.05333333333333334,10,0,10,0.0,0.0,12431.092873098347,507.2165722105131,1.0,8811.0,8811.0,0.0,10.81130001693964,"8,3,9,7,8,4,14,4,14,9",0:9-8;1:0-3;2:2-9;3:0-7;4:7-8;5:0-4;6:2-14;7:0-4;8:0-14;9:0-9
134,proposed_c2f_adaptive_pd,10,10,1.0,15,300,0.05,11,1,10,640.0,1.0666666666666667,935.6867789722153,224.9096974217441,1.0,11943.0,11943.0,0.0,3.950499987695366,"13,10,4,8,2,4,10,14,1,12","0:0-13;1:2-10;2:0-4;3:7-8;4:2-3;5:0-4;6:2-10;7:0-14;8:2-1;9:8-12,7-12"
134,proposed_c2f_adaptive_pd_calibrated,10,10,1.0,15,300,0.05,11,1,10,640.0,1.0666666666666667,935.6867789722153,224.9096974217441,1.0,11943.0,11943.0,0.0,12.727399996947497,"13,10,4,8,2,4,10,14,1,12","0:0-13;1:2-10;2:0-4;3:7-8;4:2-3;5:0-4;6:2-10;7:0-14;8:2-1;9:8-12,7-12"
135,proposed_c2f_adaptive_pd,10,10,1.0,16,300,0.05333333333333334,15,3,12,1920.0,3.2,5614.801405070961,114.64611011716676,1.0,13016.0,13016.0,0.0,8.127799956128001,"12,5,4,2,14,3,14,10,1,5","0:10-12;1:8-5;2:3-4;3:0-2;4:3-14;5:1-3;6:8-14,14-3,8-3,3-14,4-3,5-14;7:4-10;8:0-1;9:1-5"
135,proposed_c2f_adaptive_pd_calibrated,10,10,1.0,16,300,0.05333333333333334,15,3,12,1920.0,3.2,5614.801405070961,114.64611011716676,1.0,13016.0,13016.0,0.0,14.785100007429719,"12,5,4,2,14,3,14,10,1,5","0:10-12;1:8-5;2:3-4;3:0-2;4:3-14;5:1-3;6:8-14,14-3,8-3,3-14,4-3,5-14;7:4-10;8:0-1;9:1-5"
136,proposed_c2f_adaptive_pd,10,10,1.0,14,300,0.04666666666666667,10,0,10,0.0,0.0,4285.704122972011,369.9251059613095,1.0,8041.0,8041.0,0.0,4.408199980389327,"11,11,3,2,11,3,14,5,1,6",0:0-11;1:0-11;2:2-3;3:3-2;4:0-11;5:0-3;6:2-14;7:6-5;8:0-1;9:4-6
136,proposed_c2f_adaptive_pd_calibrated,10,10,1.0,14,300,0.04666666666666667,10,0,10,0.0,0.0,4285.704122972011,369.9251059613095,1.0,8041.0,8041.0,0.0,8.832199964672327,"11,11,3,2,11,3,14,5,1,6",0:0-11;1:0-11;2:2-3;3:3-2;4:0-11;5:0-3;6:2-14;7:6-5;8:0-1;9:4-6
137,proposed_c2f_adaptive_pd,10,10,1.0,11,300,0.03666666666666667,12,0,12,0.0,0.0,1048.7160318583808,299.80017493445416,1.0,8983.0,8983.0,0.0,7.191199983935803,"4,2,3,14,11,6,4,7,2,5","0:2-4,5-4;1:0-2;2:0-3;3:0-14;4:2-11,6-11;5:0-6;6:0-4;7:1-7;8:0-2;9:4-5"
137,proposed_c2f_adaptive_pd_calibrated,10,10,1.0,11,300,0.03666666666666667,12,0,12,0.0,0.0,1048.7160318583808,299.80017493445416,1.0,8983.0,8983.0,0.0,12.671599979512393,"4,2,3,14,11,6,4,7,2,5","0:2-4,5-4;1:0-2;2:0-3;3:0-14;4:2-11,6-11;5:0-6;6:0-4;7:1-7;8:0-2;9:4-5"
138,proposed_c2f_adaptive_pd,10,10,1.0,11,300,0.03666666666666667,10,0,10,0.0,0.0,634.1398834357743,127.86494383584224,1.0,9889.0,9889.0,0.0,4.8316000029444695,"7,7,8,5,5,11,6,10,7,6",0:0-7;1:0-7;2:0-8;3:0-5;4:4-5;5:5-11;6:0-6;7:5-10;8:5-7;9:0-6
138,proposed_c2f_adaptive_pd_calibrated,10,10,1.0,11,300,0.03666666666666667,10,0,10,0.0,0.0,634.1398834357743,127.86494383584224,1.0,9889.0,9889.0,0.0,10.78160002361983,"7,7,8,5,5,11,6,10,7,6",0:0-7;1:0-7;2:0-8;3:0-5;4:4-5;5:5-11;6:0-6;7:5-10;8:5-7;9:0-6
139,proposed_c2f_adaptive_pd,10,10,1.0,16,300,0.05333333333333334,10,0,10,0.0,0.0,13909855.48847953,95.66767133810004,1.0,11415.0,11415.0,0.0,6.321499997284263,"2,3,10,12,12,0,11,12,7,10",0:0-2;1:10-3;2:0-10;3:1-12;4:3-12;5:1-0;6:10-11;7:3-12;8:0-7;9:0-10
139,proposed_c2f_adaptive_pd_calibrated,10,10,1.0,16,300,0.05333333333333334,10,0,10,0.0,0.0,13909855.48847953,95.66767133810004,1.0,11415.0,11415.0,0.0,13.742199982516468,"2,3,10,12,12,0,11,12,7,10",0:0-2;1:10-3;2:0-10;3:1-12;4:3-12;5:1-0;6:10-11;7:3-12;8:0-7;9:0-10
140,proposed_c2f_adaptive_pd,10,10,1.0,22,300,0.07333333333333333,20,4,16,2560.0,4.266666666666667,420.78248400529293,106.54966018396655,1.0,19400.0,19400.0,0.0,10.357499995734543,"2,0,7,7,5,11,14,9,6,8","0:0-2;1:1-0;2:0-7;3:7-0,0-7,12-7,5-7,4-7,3-7;4:6-5;5:9-11;6:13-14,0-14,14-9,14-0,14-13,9-14;7:0-9;8:1-6;9:3-8"
140,proposed_c2f_adaptive_pd_calibrated,10,10,1.0,22,300,0.07333333333333333,20,4,16,2560.0,4.266666666666667,420.78248400529293,106.54966018396655,1.0,19400.0,19400.0,0.0,20.304500008933246,"2,0,7,7,5,11,14,9,6,8","0:0-2;1:1-0;2:0-7;3:7-0,0-7,12-7,5-7,4-7,3-7;4:6-5;5:9-11;6:13-14,0-14,14-9,14-0,14-13,9-14;7:0-9;8:1-6;9:3-8"
141,proposed_c2f_adaptive_pd,10,10,1.0,18,300,0.06,12,0,12,0.0,0.0,1435.4181287803144,647.6105316116848,1.0,16964.0,16964.0,0.0,5.48340001842007,"12,8,14,0,6,8,9,8,6,9","0:3-12;1:0-8;2:0-14;3:1-0;4:1-6;5:0-8;6:0-9;7:0-8;8:12-6,7-6,3-6;9:0-9"
141,proposed_c2f_adaptive_pd_calibrated,10,10,1.0,18,300,0.06,12,0,12,0.0,0.0,1435.4181287803144,647.6105316116848,1.0,16964.0,16964.0,0.0,14.466599968727678,"12,8,14,0,6,8,9,8,6,9","0:3-12;1:0-8;2:0-14;3:1-0;4:1-6;5:0-8;6:0-9;7:0-8;8:12-6,7-6,3-6;9:0-9"
142,proposed_c2f_adaptive_pd,10,10,1.0,9,300,0.03,13,1,12,640.0,1.0666666666666667,2646.804425196838,209.70006807604813,1.0,18110.0,18110.0,0.0,7.164200011175126,"7,2,8,14,14,4,5,11,7,7","0:4-7,7-4,2-7;1:4-2;2:7-8,4-8;3:0-14;4:0-14;5:0-4;6:2-5;7:0-11;8:0-7;9:4-7"
142,proposed_c2f_adaptive_pd_calibrated,10,10,1.0,9,300,0.03,13,1,12,640.0,1.0666666666666667,2646.804425196838,209.70006807604813,1.0,18110.0,18110.0,0.0,14.582399977371097,"7,2,8,14,14,4,5,11,7,7","0:4-7,7-4,2-7;1:4-2;2:7-8,4-8;3:0-14;4:0-14;5:0-4;6:2-5;7:0-11;8:0-7;9:4-7"
143,proposed_c2f_adaptive_pd,10,10,1.0,19,300,0.06333333333333334,10,0,10,0.0,0.0,558.7294069076261,176.45963240077955,1.0,9735.0,9735.0,0.0,6.168899999465793,"6,14,13,13,9,6,1,0,3,10",0:0-6;1:0-14;2:7-13;3:1-13;4:0-9;5:10-6;6:2-1;7:6-0;8:0-3;9:0-10
143,proposed_c2f_adaptive_pd_calibrated,10,10,1.0,19,300,0.06333333333333334,10,0,10,0.0,0.0,558.7294069076261,176.45963240077955,1.0,9735.0,9735.0,0.0,12.560900009702891,"6,14,13,13,9,6,1,0,3,10",0:0-6;1:0-14;2:7-13;3:1-13;4:0-9;5:10-6;6:2-1;7:6-0;8:0-3;9:0-10
144,proposed_c2f_adaptive_pd,9,10,0.9,9,270,0.03333333333333333,10,0,10,0.0,0.0,2636.49328557124,1219.0100059770207,0.9,11247.0,11247.0,0.0,4.823199997190386,"2,12,14,7,9,8,11,5,7,2",0:4-2;1:0-12;2:0-14;3:0-7;4:1-9;5:13-8;6:0-11;7:0-5;8:0-7;9:0-2
144,proposed_c2f_adaptive_pd_calibrated,9,10,0.9,9,270,0.03333333333333333,10,0,10,0.0,0.0,2636.49328557124,1219.0100059770207,0.9,11247.0,11247.0,0.0,12.303699972108006,"2,12,14,7,9,8,11,5,7,2",0:4-2;1:0-12;2:0-14;3:0-7;4:1-9;5:13-8;6:0-11;7:0-5;8:0-7;9:0-2
145,proposed_c2f_adaptive_pd,9,10,0.9,15,300,0.05,10,0,10,0.0,0.0,978.3560279464975,271.66243240238066,1.0,8965.0,8965.0,0.0,4.542900016531348,"6,13,11,13,10,3,3,9,12,12",0:1-6;1:2-13;2:0-11;3:3-13;4:0-10;5:6-3;6:5-3;7:12-9;8:9-12;9:2-12
145,proposed_c2f_adaptive_pd_calibrated,9,10,0.9,15,300,0.05,10,0,10,0.0,0.0,978.3560279464975,271.66243240238066,1.0,8965.0,8965.0,0.0,10.225399979390204,"6,13,11,13,10,3,3,9,12,12",0:1-6;1:2-13;2:0-11;3:3-13;4:0-10;5:6-3;6:5-3;7:12-9;8:9-12;9:2-12
146,proposed_c2f_adaptive_pd,9,10,0.9,14,300,0.04666666666666667,13,1,12,640.0,1.0666666666666667,1054.0480752922244,102.61030998577435,1.0,17426.0,17426.0,0.0,7.491900003515184,"5,6,9,2,9,5,9,9,10,11","0:1-5;1:0-6;2:13-9,1-9;3:0-2;4:8-9;5:0-5;6:13-9;7:13-9,9-13,1-9;8:0-10;9:7-11"
146,proposed_c2f_adaptive_pd_calibrated,9,10,0.9,14,300,0.04666666666666667,13,1,12,640.0,1.0666666666666667,1054.0480752922244,102.61030998577435,1.0,17426.0,17426.0,0.0,16.298599948640913,"5,6,9,2,9,5,9,9,10,11","0:1-5;1:0-6;2:13-9,1-9;3:0-2;4:8-9;5:0-5;6:13-9;7:13-9,9-13,1-9;8:0-10;9:7-11"
147,proposed_c2f_adaptive_pd,10,10,1.0,12,300,0.04,10,0,10,0.0,0.0,241.85718758514676,89.20168091779233,1.0,12591.0,12591.0,0.0,6.242299976292998,"8,12,12,8,8,3,14,0,8,1",0:3-8;1:0-12;2:11-12;3:1-8;4:4-8;5:4-3;6:0-14;7:1-0;8:2-8;9:7-1
147,proposed_c2f_adaptive_pd_calibrated,10,10,1.0,12,300,0.04,10,0,10,0.0,0.0,241.85718758514676,89.20168091779233,1.0,12591.0,12591.0,0.0,8.000300033017993,"8,12,12,8,8,3,14,0,8,1",0:3-8;1:0-12;2:11-12;3:1-8;4:4-8;5:4-3;6:0-14;7:1-0;8:2-8;9:7-1
148,proposed_c2f_adaptive_pd,10,10,1.0,7,300,0.023333333333333334,10,0,10,0.0,0.0,46858.15544057107,329.6039038836869,1.0,9399.0,9399.0,0.0,6.225600023753941,"3,14,1,11,6,8,8,11,9,3",0:0-3;1:0-14;2:6-1;3:3-11;4:1-6;5:2-8;6:2-8;7:1-11;8:0-9;9:0-3
148,proposed_c2f_adaptive_pd_calibrated,10,10,1.0,7,300,0.023333333333333334,10,0,10,0.0,0.0,46858.15544057107,329.6039038836869,1.0,9399.0,9399.0,0.0,12.701899977400899,"3,14,1,11,6,8,8,11,9,3",0:0-3;1:0-14;2:6-1;3:3-11;4:1-6;5:2-8;6:2-8;7:1-11;8:0-9;9:0-3
149,proposed_c2f_adaptive_pd,10,10,1.0,12,300,0.04,10,0,10,0.0,0.0,657.7468463444463,474.78814820197476,1.0,12199.0,12199.0,0.0,4.649599955882877,"13,6,14,14,13,9,6,11,6,7",0:0-13;1:1-6;2:0-14;3:0-14;4:0-13;5:0-9;6:1-6;7:1-11;8:1-6;9:0-7
149,proposed_c2f_adaptive_pd_calibrated,10,10,1.0,12,300,0.04,10,0,10,0.0,0.0,657.7468463444463,474.78814820197476,1.0,12199.0,12199.0,0.0,13.04570003412664,"13,6,14,14,13,9,6,11,6,7",0:0-13;1:1-6;2:0-14;3:0-14;4:0-13;5:0-9;6:1-6;7:1-11;8:1-6;9:0-7
150,proposed_c2f_adaptive_pd,10,10,1.0,7,300,0.023333333333333334,11,0,11,0.0,0.0,1108.983700452504,161.73938405011148,1.0,12552.0,12552.0,0.0,4.684600047767162,"1,9,10,0,6,6,3,9,2,10","0:0-1;1:0-9;2:0-10;3:1-0;4:0-6;5:0-6;6:10-3,9-3;7:1-9;8:0-2;9:0-10"
150,proposed_c2f_adaptive_pd_calibrated,10,10,1.0,7,300,0.023333333333333334,11,0,11,0.0,0.0,1108.983700452504,161.73938405011148,1.0,12552.0,12552.0,0.0,11.213899997528642,"1,9,10,0,6,6,3,9,2,10","0:0-1;1:0-9;2:0-10;3:1-0;4:0-6;5:0-6;6:10-3,9-3;7:1-9;8:0-2;9:0-10"
151,proposed_c2f_adaptive_pd,10,10,1.0,20,300,0.06666666666666667,15,4,11,2560.0,4.266666666666667,1894.881776466489,203.18374703429947,1.0,17657.0,17657.0,0.0,7.695700041949749,"4,11,12,4,11,14,6,14,10,10","0:0-4;1:7-11;2:2-12;3:0-4;4:11-7,7-11,10-11,10-7,11-10,7-10;5:0-14;6:0-6;7:0-14;8:0-10;9:0-10"
151,proposed_c2f_adaptive_pd_calibrated,10,10,1.0,19,300,0.06333333333333334,15,4,11,2560.0,4.266666666666667,1894.881776466489,203.18374703429947,1.0,17657.0,17657.0,0.0,19.34240001719445,"4,11,12,4,11,14,6,14,10,10","0:0-4;1:7-11;2:2-12;3:0-4;4:11-7,7-11,10-11,10-7,11-10,7-10;5:0-14;6:0-6;7:0-14;8:0-10;9:0-10"
152,proposed_c2f_adaptive_pd,10,10,1.0,19,300,0.06333333333333334,10,0,10,0.0,0.0,111528.65515440004,917.7641604361879,1.0,10071.0,10071.0,0.0,3.6873999633826315,"11,3,12,9,4,8,11,9,1,4",0:0-11;1:0-3;2:5-12;3:0-9;4:0-4;5:2-8;6:0-11;7:0-9;8:2-1;9:0-4
152,proposed_c2f_adaptive_pd_calibrated,10,10,1.0,19,300,0.06333333333333334,10,0,10,0.0,0.0,111528.65515440004,917.7641604361879,1.0,10071.0,10071.0,0.0,8.22139997035265,"11,3,12,9,4,8,11,9,1,4",0:0-11;1:0-3;2:5-12;3:0-9;4:0-4;5:2-8;6:0-11;7:0-9;8:2-1;9:0-4
153,proposed_c2f_adaptive_pd,10,10,1.0,18,300,0.06,11,2,9,1280.0,2.1333333333333333,1695.6327761116306,578.061350899508,1.0,10004.0,10004.0,0.0,3.9575000409968197,"10,10,5,4,6,0,12,6,5,11","0:2-10;1:5-10;2:5-9,5-10;3:1-4;4:4-6;5:1-0;6:0-12;7:3-6;8:1-5;9:0-11"
153,proposed_c2f_adaptive_pd_calibrated,10,10,1.0,18,300,0.06,11,2,9,1280.0,2.1333333333333333,1695.6327761116306,578.061350899508,1.0,10004.0,10004.0,0.0,11.661499971523881,"10,10,5,4,6,0,12,6,5,11","0:2-10;1:5-10;2:5-9,5-10;3:1-4;4:4-6;5:1-0;6:0-12;7:3-6;8:1-5;9:0-11"
154,proposed_c2f_adaptive_pd,10,10,1.0,16,300,0.05333333333333334,11,0,11,0.0,0.0,5321.144144199238,1468.019719414337,1.0,14736.0,14736.0,0.0,5.764200002886355,"13,1,10,13,10,2,13,1,12,12","0:9-13,4-13;1:2-1;2:0-10;3:3-13;4:0-10;5:0-2;6:0-13;7:0-1;8:1-12;9:6-12"
154,proposed_c2f_adaptive_pd_calibrated,10,10,1.0,16,300,0.05333333333333334,11,0,11,0.0,0.0,5321.144144199238,1468.019719414337,1.0,14736.0,14736.0,0.0,14.559099974576384,"13,1,10,13,10,2,13,1,12,12","0:9-13,4-13;1:2-1;2:0-10;3:3-13;4:0-10;5:0-2;6:0-13;7:0-1;8:1-12;9:6-12"
155,proposed_c2f_adaptive_pd,10,10,1.0,10,300,0.03333333333333333,10,0,10,0.0,0.0,11400.809124714211,309.73678368590663,1.0,12591.0,12591.0,0.0,4.0624000248499215,"0,8,14,13,0,14,13,13,14,0",0:5-0;1:0-8;2:1-14;3:0-13;4:5-0;5:9-14;6:0-13;7:0-13;8:1-14;9:8-0
155,proposed_c2f_adaptive_pd_calibrated,10,10,1.0,10,300,0.03333333333333333,10,0,10,0.0,0.0,11400.809124714211,309.73678368590663,1.0,12591.0,12591.0,0.0,11.169999954290688,"0,8,14,13,0,14,13,13,14,0",0:5-0;1:0-8;2:1-14;3:0-13;4:5-0;5:9-14;6:0-13;7:0-13;8:1-14;9:8-0
156,proposed_c2f_adaptive_pd,9,10,0.9,10,300,0.03333333333333333,12,0,12,0.0,0.0,140.0274715235841,69.72459351300563,1.0,13639.0,13639.0,0.0,7.169099990278482,"3,6,1,2,5,12,6,5,5,10","0:0-3;1:1-6;2:0-1;3:5-2;4:8-5,2-5,12-5;5:5-12;6:1-6;7:2-5;8:0-5;9:0-10"
156,proposed_c2f_adaptive_pd_calibrated,9,10,0.9,10,300,0.03333333333333333,12,0,12,0.0,0.0,140.0274715235841,69.72459351300563,1.0,13639.0,13639.0,0.0,14.166400011163205,"3,6,1,2,5,12,6,5,5,10","0:0-3;1:1-6;2:0-1;3:5-2;4:8-5,2-5,12-5;5:5-12;6:1-6;7:2-5;8:0-5;9:0-10"
157,proposed_c2f_adaptive_pd,9,10,0.9,18,270,0.06666666666666667,10,0,10,0.0,0.0,604.7977109084243,346.2420100326358,0.9,8657.0,8657.0,0.0,4.943300038576126,"6,13,14,1,7,4,13,4,2,2",0:0-6;1:10-13;2:0-14;3:12-1;4:1-7;5:0-4;6:4-13;7:0-4;8:0-2;9:0-2
157,proposed_c2f_adaptive_pd_calibrated,9,10,0.9,18,270,0.06666666666666667,10,0,10,0.0,0.0,604.7977109084243,346.2420100326358,0.9,8657.0,8657.0,0.0,11.785799986682832,"6,13,14,1,7,4,13,4,2,2",0:0-6;1:10-13;2:0-14;3:12-1;4:1-7;5:0-4;6:4-13;7:0-4;8:0-2;9:0-2
158,proposed_c2f_adaptive_pd,10,10,1.0,16,300,0.05333333333333334,10,0,10,0.0,0.0,1291.9975492571489,88.75649135946978,1.0,10967.0,10967.0,0.0,6.199499999638647,"13,2,14,9,6,0,13,7,2,13",0:1-13;1:1-2;2:0-14;3:0-9;4:0-6;5:2-0;6:1-13;7:4-7;8:0-2;9:0-13
158,proposed_c2f_adaptive_pd_calibrated,10,10,1.0,16,300,0.05333333333333334,10,0,10,0.0,0.0,1291.9975492571489,88.75649135946978,1.0,10967.0,10967.0,0.0,11.384200013708323,"13,2,14,9,6,0,13,7,2,13",0:1-13;1:1-2;2:0-14;3:0-9;4:0-6;5:2-0;6:1-13;7:4-7;8:0-2;9:0-13
159,proposed_c2f_adaptive_pd,10,10,1.0,17,300,0.056666666666666664,11,1,10,640.0,1.0666666666666667,12369.736004231123,1105.970043898475,1.0,10788.0,10788.0,0.0,4.313900019042194,"13,5,3,8,13,8,14,11,1,11","0:0-13;1:4-5;2:0-3;3:0-8;4:0-13;5:0-8;6:11-14,14-11;7:14-11;8:2-1;9:0-11"
159,proposed_c2f_adaptive_pd_calibrated,10,10,1.0,17,300,0.056666666666666664,11,1,10,640.0,1.0666666666666667,12369.736004231123,1105.970043898475,1.0,10788.0,10788.0,0.0,12.710099981632084,"13,5,3,8,13,8,14,11,1,11","0:0-13;1:4-5;2:0-3;3:0-8;4:0-13;5:0-8;6:11-14,14-11;7:14-11;8:2-1;9:0-11"
160,proposed_c2f_adaptive_pd,10,10,1.0,14,300,0.04666666666666667,13,0,13,0.0,0.0,510.33285263583457,89.18609790444754,1.0,14666.0,14666.0,0.0,5.55149995489046,"14,6,14,3,12,6,11,0,11,3","0:10-14,3-14;1:1-6;2:1-14;3:1-3;4:8-12,9-12;5:1-6;6:5-11,0-11;7:5-0;8:0-11;9:1-3"
160,proposed_c2f_adaptive_pd_calibrated,10,10,1.0,14,300,0.04666666666666667,13,0,13,0.0,0.0,510.33285263583457,89.18609790444754,1.0,14666.0,14666.0,0.0,13.070300046820194,"14,6,14,3,12,6,11,0,11,3","0:10-14,3-14;1:1-6;2:1-14;3:1-3;4:8-12,9-12;5:1-6;6:5-11,0-11;7:5-0;8:0-11;9:1-3"
161,proposed_c2f_adaptive_pd,10,10,1.0,13,300,0.043333333333333335,10,0,10,0.0,0.0,197504.76568386523,2000.5192500590254,1.0,9735.0,9735.0,0.0,4.00919996900484,"10,4,11,5,13,7,13,3,8,13",0:0-10;1:2-4;2:0-11;3:1-5;4:0-13;5:1-7;6:0-13;7:0-3;8:14-8;9:0-13
161,proposed_c2f_adaptive_pd_calibrated,10,10,1.0,14,300,0.04666666666666667,10,0,10,0.0,0.0,197504.76568386523,2000.5192500590254,1.0,9735.0,9735.0,0.0,10.136800003238022,"10,4,11,5,13,7,13,3,8,13",0:0-10;1:2-4;2:0-11;3:1-5;4:0-13;5:1-7;6:0-13;7:0-3;8:14-8;9:0-13
162,proposed_c2f_adaptive_pd,10,10,1.0,16,300,0.05333333333333334,11,0,11,0.0,0.0,451.01685813654603,239.63179938119373,1.0,9591.0,9591.0,0.0,5.940699949860573,"11,13,8,2,8,4,8,10,4,1","0:1-11;1:1-13;2:1-8;3:0-2;4:2-8;5:2-4;6:5-8;7:0-10;8:9-4,11-4;9:0-1"
162,proposed_c2f_adaptive_pd_calibrated,10,10,1.0,16,300,0.05333333333333334,11,0,11,0.0,0.0,451.01685813654603,239.63179938119373,1.0,9591.0,9591.0,0.0,9.33259999146685,"11,13,8,2,8,4,8,10,4,1","0:1-11;1:1-13;2:1-8;3:0-2;4:2-8;5:2-4;6:5-8;7:0-10;8:9-4,11-4;9:0-1"
163,proposed_c2f_adaptive_pd,10,10,1.0,12,300,0.04,10,1,9,640.0,1.0666666666666667,971.632161288104,81.13754959396721,1.0,10407.0,10407.0,0.0,6.092600000556558,"13,0,5,6,10,7,1,0,9,7",0:4-13;1:8-0;2:4-5;3:0-6;4:10-8;5:11-7;6:2-1;7:8-0;8:0-9;9:0-7
163,proposed_c2f_adaptive_pd_calibrated,10,10,1.0,13,300,0.043333333333333335,10,1,9,640.0,1.0666666666666667,971.632161288104,81.13754959396721,1.0,10407.0,10407.0,0.0,11.460100009571761,"13,0,5,6,10,7,1,0,9,7",0:4-13;1:8-0;2:4-5;3:0-6;4:10-8;5:11-7;6:2-1;7:8-0;8:0-9;9:0-7
164,proposed_c2f_adaptive_pd,9,10,0.9,11,300,0.03666666666666667,11,1,10,640.0,1.0666666666666667,7288.741991212703,215.66020591011448,1.0,9276.0,9276.0,0.0,5.2417999831959605,"2,11,11,14,8,7,10,11,14,9","0:0-2;1:1-11;2:0-11;3:14-1,1-14;4:0-8;5:0-7;6:8-10;7:0-11;8:0-14;9:0-9"
164,proposed_c2f_adaptive_pd_calibrated,9,10,0.9,11,300,0.03666666666666667,11,1,10,640.0,1.0666666666666667,7288.741991212703,215.66020591011448,1.0,9276.0,9276.0,0.0,12.847899983171374,"2,11,11,14,8,7,10,11,14,9","0:0-2;1:1-11;2:0-11;3:14-1,1-14;4:0-8;5:0-7;6:8-10;7:0-11;8:0-14;9:0-9"
165,proposed_c2f_adaptive_pd,10,10,1.0,9,300,0.03,10,0,10,0.0,0.0,9006.351744217285,545.0114061076617,1.0,9735.0,9735.0,0.0,4.031700023915619,"11,2,8,0,6,13,0,0,6,0",0:1-11;1:0-2;2:1-8;3:4-0;4:0-6;5:0-13;6:1-0;7:4-0;8:2-6;9:4-0
165,proposed_c2f_adaptive_pd_calibrated,10,10,1.0,9,300,0.03,10,0,10,0.0,0.0,9006.351744217285,545.0114061076617,1.0,9735.0,9735.0,0.0,13.183999981265515,"11,2,8,0,6,13,0,0,6,0",0:1-11;1:0-2;2:1-8;3:4-0;4:0-6;5:0-13;6:1-0;7:4-0;8:2-6;9:4-0
166,proposed_c2f_adaptive_pd,10,10,1.0,18,300,0.06,10,0,10,0.0,0.0,169.62879339432385,77.89001880029484,1.0,10505.0,10505.0,0.0,5.0264999736100435,"13,1,5,13,14,13,14,13,5,7",0:2-13;1:3-1;2:3-5;3:1-13;4:3-14;5:2-13;6:3-14;7:2-13;8:1-5;9:1-7
166,proposed_c2f_adaptive_pd_calibrated,10,10,1.0,18,300,0.06,10,0,10,0.0,0.0,169.62879339432385,77.89001880029484,1.0,10505.0,10505.0,0.0,12.821000011172146,"13,1,5,13,14,13,14,13,5,7",0:2-13;1:3-1;2:3-5;3:1-13;4:3-14;5:2-13;6:3-14;7:2-13;8:1-5;9:1-7
167,proposed_c2f_adaptive_pd,10,10,1.0,11,300,0.03666666666666667,11,1,10,640.0,1.0666666666666667,276538.6936753455,332.8389053502517,1.0,11460.0,11460.0,0.0,5.851699970662594,"10,9,2,1,10,14,11,14,7,9","0:0-10;1:6-9;2:0-2;3:0-1;4:0-10;5:0-14;6:0-11;7:0-14;8:7-4,4-7;9:3-9"
167,proposed_c2f_adaptive_pd_calibrated,10,10,1.0,11,300,0.03666666666666667,11,1,10,640.0,1.0666666666666667,276538.6936753455,332.8389053502517,1.0,11460.0,11460.0,0.0,13.155599997844547,"10,9,2,1,10,14,11,14,7,9","0:0-10;1:6-9;2:0-2;3:0-1;4:0-10;5:0-14;6:0-11;7:0-14;8:7-4,4-7;9:3-9"
168,proposed_c2f_adaptive_pd,10,10,1.0,15,300,0.05,11,0,11,0.0,0.0,1172.3435001980474,112.013572789996,1.0,12567.0,12567.0,0.0,6.033000012394041,"3,7,2,6,7,7,10,0,10,7","0:1-3;1:6-7;2:0-2;3:0-6;4:0-7;5:6-7,2-7;6:3-10;7:2-0;8:3-10;9:6-7"
168,proposed_c2f_adaptive_pd_calibrated,10,10,1.0,16,300,0.05333333333333334,11,0,11,0.0,0.0,1172.3435001980474,112.013572789996,1.0,12567.0,12567.0,0.0,13.90339998761192,"3,7,2,6,7,7,10,0,10,7","0:1-3;1:6-7;2:0-2;3:0-6;4:0-7;5:6-7,2-7;6:3-10;7:2-0;8:3-10;9:6-7"
169,proposed_c2f_adaptive_pd,9,10,0.9,9,270,0.03333333333333333,10,0,10,0.0,0.0,3758.4788973275436,1752.0370978012656,0.9,10967.0,10967.0,0.0,6.813300016801804,"3,11,6,4,10,9,1,11,6,0",0:0-3;1:0-11;2:1-6;3:0-4;4:0-10;5:0-9;6:6-1;7:0-11;8:1-6;9:1-0
169,proposed_c2f_adaptive_pd_calibrated,9,10,0.9,9,270,0.03333333333333333,10,0,10,0.0,0.0,3758.4788973275436,1752.0370978012656,0.9,10967.0,10967.0,0.0,12.18759996118024,"3,11,6,4,10,9,1,11,6,0",0:0-3;1:0-11;2:1-6;3:0-4;4:0-10;5:0-9;6:6-1;7:0-11;8:1-6;9:1-0
170,proposed_c2f_adaptive_pd,10,10,1.0,14,300,0.04666666666666667,10,0,10,0.0,0.0,17367.687224402085,1365.5708176543317,1.0,10659.0,10659.0,0.0,6.058700033463538,"12,2,7,8,4,8,1,10,10,5",0:0-12;1:4-2;2:2-7;3:0-8;4:0-4;5:0-8;6:0-1;7:3-10;8:3-10;9:3-5
170,proposed_c2f_adaptive_pd_calibrated,10,10,1.0,15,300,0.05,10,0,10,0.0,0.0,17367.687224402085,1365.5708176543317,1.0,10659.0,10659.0,0.0,13.701399962883443,"12,2,7,8,4,8,1,10,10,5",0:0-12;1:4-2;2:2-7;3:0-8;4:0-4;5:0-8;6:0-1;7:3-10;8:3-10;9:3-5
171,proposed_c2f_adaptive_pd,9,10,0.9,10,270,0.037037037037037035,17,4,13,2560.0,4.266666666666667,1656.9052084710413,41.147374444966616,0.9411764705882353,19566.0,19566.0,0.0,6.215900008101016,"7,0,0,7,13,3,5,13,13,3","0:0-7;1:1-0;2:1-0;3:1-7;4:3-13;5:2-3,3-2,10-3;6:4-5;7:3-13;8:3-13;9:13-3,2-3,3-2,9-2,11-3,13-5"
171,proposed_c2f_adaptive_pd_calibrated,9,10,0.9,11,270,0.040740740740740744,17,4,13,2560.0,4.266666666666667,1656.9052084710413,41.147374444966616,0.9411764705882353,19566.0,19566.0,0.0,18.744700006209314,"7,0,0,7,13,3,5,13,13,3","0:0-7;1:1-0;2:1-0;3:1-7;4:3-13;5:2-3,3-2,10-3;6:4-5;7:3-13;8:3-13;9:13-3,2-3,3-2,9-2,11-3,13-5"
172,proposed_c2f_adaptive_pd,10,10,1.0,13,300,0.043333333333333335,10,0,10,0.0,0.0,56901.80034711608,598.5154942343236,1.0,6655.0,6655.0,0.0,5.568699969444424,"0,0,11,10,10,12,4,12,13,4",0:1-0;1:12-0;2:1-11;3:1-10;4:1-10;5:0-12;6:1-4;7:0-12;8:1-13;9:1-4
172,proposed_c2f_adaptive_pd_calibrated,10,10,1.0,15,300,0.05,10,0,10,0.0,0.0,56901.80034711608,598.5154942343236,1.0,6655.0,6655.0,0.0,11.850799957755953,"0,0,11,10,10,12,4,12,13,4",0:1-0;1:12-0;2:1-11;3:1-10;4:1-10;5:0-12;6:1-4;7:0-12;8:1-13;9:1-4
173,proposed_c2f_adaptive_pd,9,10,0.9,13,300,0.043333333333333335,20,3,17,1920.0,3.2,13749.203618823676,185.75695075959544,1.0,23599.0,23599.0,0.0,10.996000026352704,"0,0,8,11,4,5,4,6,11,7","0:1-0;1:7-0;2:0-8;3:0-11;4:0-4;5:9-5,5-9,0-5,1-5,13-5,7-5;6:1-4;7:7-6,3-6,6-3,7-3,10-6,0-6;8:1-11;9:0-7"
173,proposed_c2f_adaptive_pd_calibrated,9,10,0.9,13,300,0.043333333333333335,20,3,17,1920.0,3.2,13749.203618823676,185.75695075959544,1.0,23599.0,23599.0,0.0,25.207600032445043,"0,0,8,11,4,5,4,6,11,7","0:1-0;1:7-0;2:0-8;3:0-11;4:0-4;5:9-5,5-9,0-5,1-5,13-5,7-5;6:1-4;7:7-6,3-6,6-3,7-3,10-6,0-6;8:1-11;9:0-7"
174,proposed_c2f_adaptive_pd,10,10,1.0,15,300,0.05,10,0,10,0.0,0.0,4271.344059175755,1093.7746569695496,1.0,11429.0,11429.0,0.0,3.9895999943837523,"13,6,10,2,5,12,10,8,2,14",0:0-13;1:0-6;2:1-10;3:0-2;4:0-5;5:5-12;6:3-10;7:13-8;8:1-2;9:3-14
174,proposed_c2f_adaptive_pd_calibrated,10,10,1.0,15,300,0.05,10,0,10,0.0,0.0,4271.344059175755,1093.7746569695496,1.0,11429.0,11429.0,0.0,10.446200030855834,"13,6,10,2,5,12,10,8,2,14",0:0-13;1:0-6;2:1-10;3:0-2;4:0-5;5:5-12;6:3-10;7:13-8;8:1-2;9:3-14
175,proposed_c2f_adaptive_pd,10,10,1.0,16,300,0.05333333333333334,12,1,11,640.0,1.0666666666666667,1464.9812446468945,99.61234608289715,1.0,14076.0,14076.0,0.0,4.782299976795912,"4,8,8,8,10,14,10,7,12,13","0:2-4,12-4;1:8-6,10-8;2:7-8;3:2-8;4:1-10;5:0-14;6:1-10;7:1-7;8:1-12;9:0-13"
175,proposed_c2f_adaptive_pd_calibrated,10,10,1.0,16,300,0.05333333333333334,12,1,11,640.0,1.0666666666666667,1464.9812446468945,99.61234608289715,1.0,14076.0,14076.0,0.0,13.461100053973496,"4,8,8,8,10,14,10,7,12,13","0:2-4,12-4;1:8-6,10-8;2:7-8;3:2-8;4:1-10;5:0-14;6:1-10;7:1-7;8:1-12;9:0-13"
176,proposed_c2f_adaptive_pd,10,10,1.0,21,300,0.07,10,0,10,0.0,0.0,27601.27744865517,382.42504856649197,1.0,8503.0,8503.0,0.0,6.126899970695376,"2,13,14,0,4,1,11,1,10,0",0:3-2;1:0-13;2:0-14;3:1-0;4:0-4;5:0-1;6:0-11;7:7-1;8:0-10;9:1-0
176,proposed_c2f_adaptive_pd_calibrated,10,10,1.0,21,300,0.07,10,0,10,0.0,0.0,27601.27744865517,382.42504856649197,1.0,8503.0,8503.0,0.0,10.614599974360317,"2,13,14,0,4,1,11,1,10,0",0:3-2;1:0-13;2:0-14;3:1-0;4:0-4;5:0-1;6:0-11;7:7-1;8:0-10;9:1-0
177,proposed_c2f_adaptive_pd,9,10,0.9,19,300,0.06333333333333334,10,0,10,0.0,0.0,8989.888269402005,342.1139042817264,1.0,7271.0,7271.0,0.0,6.1375999939627945,"9,8,3,11,2,10,11,9,11,6",0:0-9;1:3-8;2:4-3;3:1-11;4:0-2;5:0-10;6:0-11;7:0-9;8:1-11;9:0-6
177,proposed_c2f_adaptive_pd_calibrated,9,10,0.9,19,300,0.06333333333333334,10,0,10,0.0,0.0,8989.888269402005,342.1139042817264,1.0,7271.0,7271.0,0.0,13.678500021342188,"9,8,3,11,2,10,11,9,11,6",0:0-9;1:3-8;2:4-3;3:1-11;4:0-2;5:0-10;6:0-11;7:0-9;8:1-11;9:0-6
178,proposed_c2f_adaptive_pd,10,10,1.0,20,300,0.06666666666666667,12,0,12,0.0,0.0,3131.525559228402,471.6765615390108,1.0,15126.0,15126.0,0.0,5.985399999190122,"2,7,13,6,10,6,14,1,14,10","0:0-2;1:1-7;2:10-13,6-13;3:3-6;4:0-10;5:13-6,10-6;6:4-14;7:2-1;8:4-14;9:0-10"
178,proposed_c2f_adaptive_pd_calibrated,10,10,1.0,20,300,0.06666666666666667,12,0,12,0.0,0.0,3131.525559228402,471.6765615390108,1.0,15126.0,15126.0,0.0,15.072800044436008,"2,7,13,6,10,6,14,1,14,10","0:0-2;1:1-7;2:10-13,6-13;3:3-6;4:0-10;5:13-6,10-6;6:4-14;7:2-1;8:4-14;9:0-10"
179,proposed_c2f_adaptive_pd,10,10,1.0,15,300,0.05,18,5,13,3200.0,5.333333333333334,149911.68459187084,1102.3780819553667,1.0,15874.0,15874.0,0.0,7.685699965804815,"10,4,6,4,14,5,1,10,10,3","0:1-10;1:1-4;2:0-6;3:0-4;4:2-14;5:0-5;6:0-1;7:10-1,1-10,6-10,10-6;8:10-1,1-10,6-1,6-10,10-6,7-10;9:0-3"
179,proposed_c2f_adaptive_pd_calibrated,10,10,1.0,15,300,0.05,18,5,13,3200.0,5.333333333333334,149911.68459187084,1102.3780819553667,1.0,15874.0,15874.0,0.0,20.72770002996549,"10,4,6,4,14,5,1,10,10,3","0:1-10;1:1-4;2:0-6;3:0-4;4:2-14;5:0-5;6:0-1;7:10-1,1-10,6-10,10-6;8:10-1,1-10,6-1,6-10,10-6,7-10;9:0-3"
180,proposed_c2f_adaptive_pd,8,10,0.8,14,300,0.04666666666666667,15,1,14,640.0,1.0666666666666667,710.0531850811005,60.40245846143574,1.0,16385.0,16385.0,0.0,8.367699978407472,"14,9,5,7,3,1,7,9,7,14","0:2-14,14-2,12-14;1:1-9;2:1-5;3:1-7;4:10-3,4-3,2-3;5:2-1;6:13-7;7:1-9;8:1-7;9:12-14,2-14"
180,proposed_c2f_adaptive_pd_calibrated,8,10,0.8,14,300,0.04666666666666667,15,1,14,640.0,1.0666666666666667,710.0531850811005,60.40245846143574,1.0,16385.0,16385.0,0.0,17.878200043924153,"14,9,5,7,3,1,7,9,7,14","0:2-14,14-2,12-14;1:1-9;2:1-5;3:1-7;4:10-3,4-3,2-3;5:2-1;6:13-7;7:1-9;8:1-7;9:12-14,2-14"
181,proposed_c2f_adaptive_pd,10,10,1.0,19,300,0.06333333333333334,12,0,12,0.0,0.0,7003.673196964791,253.98230941178753,1.0,16124.0,16124.0,0.0,6.601300032343715,"0,7,13,4,13,14,9,14,7,5","0:1-0;1:3-7;2:0-13;3:0-4;4:11-13,6-13,8-13;5:0-14;6:0-9;7:0-14;8:2-7;9:2-5"
181,proposed_c2f_adaptive_pd_calibrated,10,10,1.0,19,300,0.06333333333333334,12,0,12,0.0,0.0,7003.673196964791,253.98230941178753,1.0,16124.0,16124.0,0.0,14.852799999061972,"0,7,13,4,13,14,9,14,7,5","0:1-0;1:3-7;2:0-13;3:0-4;4:11-13,6-13,8-13;5:0-14;6:0-9;7:0-14;8:2-7;9:2-5"
182,proposed_c2f_adaptive_pd,10,10,1.0,11,300,0.03666666666666667,10,0,10,0.0,0.0,411.3691996080678,135.97909531779374,1.0,12353.0,12353.0,0.0,6.388200039509684,"11,12,3,0,7,12,5,7,3,9",0:0-11;1:3-12;2:6-3;3:1-0;4:0-7;5:0-12;6:0-5;7:0-7;8:0-3;9:8-9
182,proposed_c2f_adaptive_pd_calibrated,10,10,1.0,11,300,0.03666666666666667,10,0,10,0.0,0.0,411.3691996080678,135.97909531779374,1.0,12353.0,12353.0,0.0,11.526400048751384,"11,12,3,0,7,12,5,7,3,9",0:0-11;1:3-12;2:6-3;3:1-0;4:0-7;5:0-12;6:0-5;7:0-7;8:0-3;9:8-9
183,proposed_c2f_adaptive_pd,10,10,1.0,15,300,0.05,10,0,10,0.0,0.0,7960.474602477918,235.0265063018245,1.0,10813.0,10813.0,0.0,5.072100029792637,"0,7,6,1,2,14,14,9,9,7",0:2-0;1:1-7;2:1-6;3:3-1;4:0-2;5:5-14;6:4-14;7:0-9;8:0-9;9:1-7
183,proposed_c2f_adaptive_pd_calibrated,10,10,1.0,15,300,0.05,10,0,10,0.0,0.0,7960.474602477918,235.0265063018245,1.0,10813.0,10813.0,0.0,13.408099999651313,"0,7,6,1,2,14,14,9,9,7",0:2-0;1:1-7;2:1-6;3:3-1;4:0-2;5:5-14;6:4-14;7:0-9;8:0-9;9:1-7
184,proposed_c2f_adaptive_pd,9,10,0.9,7,270,0.025925925925925925,10,0,10,0.0,0.0,5365.023819938944,1215.0761928181612,0.9,9273.0,9273.0,0.0,3.6339000216685236,"10,7,2,2,12,0,2,8,11,5",0:0-10;1:0-7;2:3-2;3:0-2;4:0-12;5:2-0;6:0-2;7:2-8;8:3-11;9:1-5
184,proposed_c2f_adaptive_pd_calibrated,9,10,0.9,7,270,0.025925925925925925,10,0,10,0.0,0.0,5365.023819938944,1215.0761928181612,0.9,9273.0,9273.0,0.0,7.648200029507279,"10,7,2,2,12,0,2,8,11,5",0:0-10;1:0-7;2:3-2;3:0-2;4:0-12;5:2-0;6:0-2;7:2-8;8:3-11;9:1-5
185,proposed_c2f_adaptive_pd,10,10,1.0,16,300,0.05333333333333334,10,0,10,0.0,0.0,11817.948744419318,940.8580758035968,1.0,8223.0,8223.0,0.0,3.6492000217549503,"6,12,5,14,6,12,3,10,6,11",0:2-6;1:9-12;2:0-5;3:1-14;4:0-6;5:3-12;6:0-3;7:0-10;8:5-6;9:5-11
185,proposed_c2f_adaptive_pd_calibrated,10,10,1.0,16,300,0.05333333333333334,10,0,10,0.0,0.0,11817.948744419318,940.8580758035968,1.0,8223.0,8223.0,0.0,13.009699992835522,"6,12,5,14,6,12,3,10,6,11",0:2-6;1:9-12;2:0-5;3:1-14;4:0-6;5:3-12;6:0-3;7:0-10;8:5-6;9:5-11
186,proposed_c2f_adaptive_pd,10,10,1.0,10,300,0.03333333333333333,10,0,10,0.0,0.0,8690.361484765108,288.48253116109584,1.0,10043.0,10043.0,0.0,4.8248000093735754,"1,4,3,4,7,13,6,4,2,5",0:7-1;1:13-4;2:0-3;3:1-4;4:0-7;5:0-13;6:0-6;7:0-4;8:5-2;9:0-5
186,proposed_c2f_adaptive_pd_calibrated,10,10,1.0,10,300,0.03333333333333333,10,0,10,0.0,0.0,8690.361484765108,288.48253116109584,1.0,10043.0,10043.0,0.0,11.195500032044947,"1,4,3,4,7,13,6,4,2,5",0:7-1;1:13-4;2:0-3;3:1-4;4:0-7;5:0-13;6:0-6;7:0-4;8:5-2;9:0-5
187,proposed_c2f_adaptive_pd,10,10,1.0,14,300,0.04666666666666667,10,0,10,0.0,0.0,567.1355085783367,136.1292179577651,1.0,12644.0,12644.0,0.0,3.411400015465915,"0,13,8,8,10,6,8,8,11,2",0:1-0;1:0-13;2:14-8;3:0-8;4:5-10;5:0-6;6:1-8;7:4-8;8:1-11;9:6-2
187,proposed_c2f_adaptive_pd_calibrated,10,10,1.0,14,300,0.04666666666666667,10,0,10,0.0,0.0,567.1355085783367,136.1292179577651,1.0,12644.0,12644.0,0.0,9.686800010968,"0,13,8,8,10,6,8,8,11,2",0:1-0;1:0-13;2:14-8;3:0-8;4:5-10;5:0-6;6:1-8;7:4-8;8:1-11;9:6-2
188,proposed_c2f_adaptive_pd,9,10,0.9,14,300,0.04666666666666667,10,0,10,0.0,0.0,638.4164667599474,205.39980906973756,1.0,13298.0,13298.0,0.0,3.8190000341273844,"12,3,12,14,12,13,11,13,5,13",0:5-12;1:0-3;2:0-12;3:0-14;4:2-12;5:3-13;6:6-11;7:3-13;8:0-5;9:3-13
188,proposed_c2f_adaptive_pd_calibrated,9,10,0.9,16,300,0.05333333333333334,10,0,10,0.0,0.0,638.4164667599474,205.39980906973756,1.0,13298.0,13298.0,0.0,13.261499989312142,"12,3,12,14,12,13,11,13,5,13",0:5-12;1:0-3;2:0-12;3:0-14;4:2-12;5:3-13;6:6-11;7:3-13;8:0-5;9:3-13
189,proposed_c2f_adaptive_pd,9,10,0.9,19,300,0.06333333333333334,10,0,10,0.0,0.0,800.0021652270141,451.4208557689328,1.0,10043.0,10043.0,0.0,5.59010001597926,"14,12,13,8,4,12,3,8,11,0",0:3-14;1:1-12;2:2-13;3:2-8;4:3-4;5:2-12;6:14-3;7:2-8;8:2-11;9:1-0
189,proposed_c2f_adaptive_pd_calibrated,9,10,0.9,19,300,0.06333333333333334,10,0,10,0.0,0.0,800.0021652270141,451.4208557689328,1.0,10043.0,10043.0,0.0,11.505200003739446,"14,12,13,8,4,12,3,8,11,0",0:3-14;1:1-12;2:2-13;3:2-8;4:3-4;5:2-12;6:14-3;7:2-8;8:2-11;9:1-0
190,proposed_c2f_adaptive_pd,10,10,1.0,21,300,0.07,10,0,10,0.0,0.0,11386.428767457342,392.09476663585974,1.0,10967.0,10967.0,0.0,4.4575000065378845,"6,12,0,0,4,7,0,4,7,6",0:0-6;1:0-12;2:1-0;3:1-0;4:11-4;5:6-7;6:1-0;7:2-4;8:0-7;9:0-6
190,proposed_c2f_adaptive_pd_calibrated,10,10,1.0,21,300,0.07,10,0,10,0.0,0.0,11386.428767457342,392.09476663585974,1.0,10967.0,10967.0,0.0,9.46150004165247,"6,12,0,0,4,7,0,4,7,6",0:0-6;1:0-12;2:1-0;3:1-0;4:11-4;5:6-7;6:1-0;7:2-4;8:0-7;9:0-6
191,proposed_c2f_adaptive_pd,10,10,1.0,16,300,0.05333333333333334,20,6,14,3840.0,6.400000000000001,1969.5689768828197,99.25081476314126,1.0,22187.0,22187.0,0.0,8.087499998509884,"7,12,8,6,6,13,6,1,1,6","0:0-7;1:6-12;2:1-8;3:1-6;4:1-6,6-1,7-6,7-1,6-7,13-6;5:0-13;6:1-6;7:6-1,1-6,7-1,3-1,7-6,1-7;8:3-1;9:0-6"
191,proposed_c2f_adaptive_pd_calibrated,10,10,1.0,16,300,0.05333333333333334,20,6,14,3840.0,6.400000000000001,1969.5689768828197,99.25081476314126,1.0,22187.0,22187.0,0.0,22.787399997469038,"7,12,8,6,6,13,6,1,1,6","0:0-7;1:6-12;2:1-8;3:1-6;4:1-6,6-1,7-6,7-1,6-7,13-6;5:0-13;6:1-6;7:6-1,1-6,7-1,3-1,7-6,1-7;8:3-1;9:0-6"
192,proposed_c2f_adaptive_pd,10,10,1.0,10,300,0.03333333333333333,10,0,10,0.0,0.0,152971.89409578446,356.13414042659247,1.0,9119.0,9119.0,0.0,3.9656999870203435,"9,9,6,4,11,0,11,14,11,2",0:1-9;1:0-9;2:0-6;3:3-4;4:4-11;5:1-0;6:4-11;7:0-14;8:4-11;9:0-2
192,proposed_c2f_adaptive_pd_calibrated,10,10,1.0,10,300,0.03333333333333333,10,0,10,0.0,0.0,152971.89409578446,356.13414042659247,1.0,9119.0,9119.0,0.0,11.676000023726374,"9,9,6,4,11,0,11,14,11,2",0:1-9;1:0-9;2:0-6;3:3-4;4:4-11;5:1-0;6:4-11;7:0-14;8:4-11;9:0-2
193,proposed_c2f_adaptive_pd,10,10,1.0,17,300,0.056666666666666664,13,1,12,640.0,1.0666666666666667,105385.42222993942,277.44260887778546,1.0,13015.0,13015.0,0.0,4.651399969588965,"6,0,0,7,2,5,2,6,8,0","0:0-6;1:10-0;2:10-0,1-0;3:3-7;4:6-2;5:0-5;6:10-2;7:0-6;8:0-8;9:10-0,0-10,5-0"
193,proposed_c2f_adaptive_pd_calibrated,10,10,1.0,17,300,0.056666666666666664,13,1,12,640.0,1.0666666666666667,105385.42222993942,277.44260887778546,1.0,13015.0,13015.0,0.0,15.228200005367398,"6,0,0,7,2,5,2,6,8,0","0:0-6;1:10-0;2:10-0,1-0;3:3-7;4:6-2;5:0-5;6:10-2;7:0-6;8:0-8;9:10-0,0-10,5-0"
194,proposed_c2f_adaptive_pd,10,10,1.0,18,300,0.06,10,0,10,0.0,0.0,1501.3474512034077,249.98605957126495,1.0,9735.0,9735.0,0.0,3.9194999844767153,"5,0,9,7,10,3,10,5,9,7",0:6-5;1:2-0;2:8-9;3:0-7;4:5-10;5:0-3;6:3-10;7:3-5;8:6-9;9:0-7
194,proposed_c2f_adaptive_pd_calibrated,10,10,1.0,18,300,0.06,10,0,10,0.0,0.0,1501.3474512034077,249.98605957126495,1.0,9735.0,9735.0,0.0,11.604400002397597,"5,0,9,7,10,3,10,5,9,7",0:6-5;1:2-0;2:8-9;3:0-7;4:5-10;5:0-3;6:3-10;7:3-5;8:6-9;9:0-7
195,proposed_c2f_adaptive_pd,10,10,1.0,9,300,0.03,10,0,10,0.0,0.0,4483.664941137033,197.5988252325011,1.0,10505.0,10505.0,0.0,4.578699998091906,"4,11,2,14,5,1,5,10,7,2",0:0-4;1:0-11;2:0-2;3:5-14;4:0-5;5:0-1;6:10-5;7:0-10;8:1-7;9:0-2
195,proposed_c2f_adaptive_pd_calibrated,10,10,1.0,9,300,0.03,10,0,10,0.0,0.0,4483.664941137033,197.5988252325011,1.0,10505.0,10505.0,0.0,12.129199982155114,"4,11,2,14,5,1,5,10,7,2",0:0-4;1:0-11;2:0-2;3:5-14;4:0-5;5:0-1;6:10-5;7:0-10;8:1-7;9:0-2
196,proposed_c2f_adaptive_pd,10,10,1.0,13,300,0.043333333333333335,15,3,12,1920.0,3.2,2598.253962716854,1109.4666706794294,1.0,16331.0,16331.0,0.0,8.728699991479516,"9,9,7,2,7,7,11,1,6,8","0:3-9;1:7-9,9-11,3-11,7-11,11-9,3-9;2:1-7;3:0-2;4:1-7;5:0-7;6:3-11;7:0-1;8:0-6;9:0-8"
196,proposed_c2f_adaptive_pd_calibrated,10,10,1.0,13,300,0.043333333333333335,15,3,12,1920.0,3.2,2598.253962716854,1109.4666706794294,1.0,16331.0,16331.0,0.0,21.106600004713982,"9,9,7,2,7,7,11,1,6,8","0:3-9;1:7-9,9-11,3-11,7-11,11-9,3-9;2:1-7;3:0-2;4:1-7;5:0-7;6:3-11;7:0-1;8:0-6;9:0-8"
197,proposed_c2f_adaptive_pd,9,10,0.9,16,300,0.05333333333333334,20,3,17,1920.0,3.2,6102.993823456081,214.54641649694963,1.0,20734.0,20734.0,0.0,10.322200017981231,"12,2,9,14,5,9,1,0,5,6","0:0-12;1:3-2;2:5-9;3:1-14,2-14,14-1,8-14,9-14,2-5;4:8-5,14-5,1-5,9-5,8-9,10-5;5:5-9;6:0-1;7:1-0;8:1-5;9:0-6"
197,proposed_c2f_adaptive_pd_calibrated,9,10,0.9,16,300,0.05333333333333334,20,3,17,1920.0,3.2,6102.993823456081,214.54641649694963,1.0,20734.0,20734.0,0.0,24.18549999129027,"12,2,9,14,5,9,1,0,5,6","0:0-12;1:3-2;2:5-9;3:1-14,2-14,14-1,8-14,9-14,2-5;4:8-5,14-5,1-5,9-5,8-9,10-5;5:5-9;6:0-1;7:1-0;8:1-5;9:0-6"
198,proposed_c2f_adaptive_pd,10,10,1.0,19,300,0.06333333333333334,11,0,11,0.0,0.0,242826.53097758366,71.5337013328098,1.0,11505.0,11505.0,0.0,4.849000019021332,"8,0,2,13,10,3,1,7,6,11","0:4-8;1:1-0;2:0-2;3:2-13;4:0-10;5:0-3;6:2-1;7:0-7;8:4-6,0-6;9:0-11"
198,proposed_c2f_adaptive_pd_calibrated,10,10,1.0,19,300,0.06333333333333334,11,0,11,0.0,0.0,242826.53097758366,71.5337013328098,1.0,11505.0,11505.0,0.0,15.61030000448227,"8,0,2,13,10,3,1,7,6,11","0:4-8;1:1-0;2:0-2;3:2-13;4:0-10;5:0-3;6:2-1;7:0-7;8:4-6,0-6;9:0-11"
199,proposed_c2f_adaptive_pd,10,10,1.0,18,300,0.06,15,2,13,1280.0,2.1333333333333333,2322.052416168579,559.4519071157898,1.0,13009.0,13009.0,0.0,8.92069999827072,"7,8,11,14,14,8,0,10,14,10","0:0-7;1:0-8;2:11-8,8-11,7-11,7-8,0-11,3-11;3:1-14;4:1-14;5:0-8;6:1-0;7:8-10;8:1-14;9:0-10"
199,proposed_c2f_adaptive_pd_calibrated,10,10,1.0,18,300,0.06,15,2,13,1280.0,2.1333333333333333,2322.052416168579,559.4519071157898,1.0,13009.0,13009.0,0.0,18.028600024990737,"7,8,11,14,14,8,0,10,14,10","0:0-7;1:0-8;2:11-8,8-11,7-11,7-8,0-11,3-11;3:1-14;4:1-14;5:0-8;6:1-0;7:8-10;8:1-14;9:0-10"
200,proposed_c2f_adaptive_pd,9,10,0.9,9,300,0.03,10,0,10,0.0,0.0,702.0001416659368,231.74917889859353,1.0,12759.0,12759.0,0.0,6.086700013838708,"3,12,13,11,14,7,14,12,3,0",0:1-3;1:5-12;2:4-13;3:13-11;4:0-14;5:4-7;6:1-14;7:1-12;8:1-3;9:1-0
200,proposed_c2f_adaptive_pd_calibrated,9,10,0.9,9,300,0.03,10,0,10,0.0,0.0,702.0001416659368,231.74917889859353,1.0,12759.0,12759.0,0.0,10.88969997363165,"3,12,13,11,14,7,14,12,3,0",0:1-3;1:5-12;2:4-13;3:13-11;4:0-14;5:4-7;6:1-14;7:1-12;8:1-3;9:1-0
201,proposed_c2f_adaptive_pd,10,10,1.0,12,300,0.04,10,0,10,0.0,0.0,1502.4304348390724,304.48626497021587,1.0,11751.0,11751.0,0.0,5.647100042551756,"14,0,5,14,4,13,14,14,8,11",0:1-14;1:3-0;2:1-5;3:2-14;4:0-4;5:0-13;6:1-14;7:1-14;8:13-8;9:0-11
201,proposed_c2f_adaptive_pd_calibrated,10,10,1.0,12,300,0.04,10,0,10,0.0,0.0,1502.4304348390724,304.48626497021587,1.0,11751.0,11751.0,0.0,8.779200026765466,"14,0,5,14,4,13,14,14,8,11",0:1-14;1:3-0;2:1-5;3:2-14;4:0-4;5:0-13;6:1-14;7:1-14;8:13-8;9:0-11
202,proposed_c2f_adaptive_pd,10,10,1.0,15,300,0.05,12,0,12,0.0,0.0,171038.66305710626,1500.980249616614,1.0,15498.0,15498.0,0.0,6.319600041024387,"5,13,2,12,5,0,2,3,6,12","0:0-5;1:11-13,14-13,7-13;2:1-2;3:0-12;4:0-5;5:3-0;6:0-2;7:0-3;8:1-6;9:0-12"
202,proposed_c2f_adaptive_pd_calibrated,10,10,1.0,16,300,0.05333333333333334,12,0,12,0.0,0.0,171038.66305710626,1500.980249616614,1.0,15498.0,15498.0,0.0,16.83849998516962,"5,13,2,12,5,0,2,3,6,12","0:0-5;1:11-13,14-13,7-13;2:1-2;3:0-12;4:0-5;5:3-0;6:0-2;7:0-3;8:1-6;9:0-12"
203,proposed_c2f_adaptive_pd,10,10,1.0,12,300,0.04,10,0,10,0.0,0.0,242.5584648835943,161.23270467835,1.0,11891.0,11891.0,0.0,4.422699974384159,"4,3,4,4,12,12,4,4,9,7",0:0-4;1:0-3;2:1-4;3:3-4;4:0-12;5:0-12;6:0-4;7:0-4;8:8-9;9:0-7
203,proposed_c2f_adaptive_pd_calibrated,10,10,1.0,12,300,0.04,10,0,10,0.0,0.0,242.5584648835943,161.23270467835,1.0,11891.0,11891.0,0.0,10.649000003468245,"4,3,4,4,12,12,4,4,9,7",0:0-4;1:0-3;2:1-4;3:3-4;4:0-12;5:0-12;6:0-4;7:0-4;8:8-9;9:0-7
204,proposed_c2f_adaptive_pd,9,10,0.9,15,300,0.05,19,2,17,1280.0,2.1333333333333333,847.9205924018304,672.8288953391509,1.0,21602.0,21602.0,0.0,10.763500002212822,"13,13,7,13,14,3,4,12,13,13","0:0-13;1:1-13;2:0-7;3:0-13;4:2-14;5:3-14,14-3,2-3,13-3,12-3,6-3;6:2-4;7:2-12;8:6-13,13-6,8-13,1-13,3-13;9:0-13"
204,proposed_c2f_adaptive_pd_calibrated,9,10,0.9,15,300,0.05,19,2,17,1280.0,2.1333333333333333,847.9205924018304,672.8288953391509,1.0,21602.0,21602.0,0.0,21.451700013130903,"13,13,7,13,14,3,4,12,13,13","0:0-13;1:1-13;2:0-7;3:0-13;4:2-14;5:3-14,14-3,2-3,13-3,12-3,6-3;6:2-4;7:2-12;8:6-13,13-6,8-13,1-13,3-13;9:0-13"
205,proposed_c2f_adaptive_pd,9,10,0.9,19,300,0.06333333333333334,10,0,10,0.0,0.0,1023.0605542215947,180.6939446977153,1.0,10043.0,10043.0,0.0,3.9068000041879714,"11,13,10,1,10,3,10,12,3,11",0:0-11;1:0-13;2:0-10;3:3-1;4:2-10;5:0-3;6:5-10;7:1-12;8:2-3;9:0-11
205,proposed_c2f_adaptive_pd_calibrated,10,10,1.0,19,300,0.06333333333333334,10,0,10,0.0,0.0,1023.0605542215947,180.6939446977153,1.0,10043.0,10043.0,0.0,11.206700000911951,"11,13,10,1,10,3,10,12,3,11",0:0-11;1:0-13;2:0-10;3:3-1;4:2-10;5:0-3;6:5-10;7:1-12;8:2-3;9:0-11
206,proposed_c2f_adaptive_pd,10,10,1.0,21,300,0.07,10,0,10,0.0,0.0,5391.599210766031,168.4758452518072,1.0,10351.0,10351.0,0.0,5.241999984718859,"13,1,3,0,13,8,3,14,2,3",0:3-13;1:0-1;2:2-3;3:1-0;4:0-13;5:0-8;6:0-3;7:1-14;8:0-2;9:2-3
206,proposed_c2f_adaptive_pd_calibrated,10,10,1.0,21,300,0.07,10,0,10,0.0,0.0,5391.599210766031,168.4758452518072,1.0,10351.0,10351.0,0.0,13.434800028335303,"13,1,3,0,13,8,3,14,2,3",0:3-13;1:0-1;2:2-3;3:1-0;4:0-13;5:0-8;6:0-3;7:1-14;8:0-2;9:2-3
207,proposed_c2f_adaptive_pd,10,10,1.0,14,300,0.04666666666666667,10,0,10,0.0,0.0,40133.4783813438,1079.0715571955673,1.0,9119.0,9119.0,0.0,6.604199996218085,"6,6,4,4,6,6,10,13,4,6",0:0-6;1:0-6;2:0-4;3:2-4;4:0-6;5:0-6;6:9-10;7:2-13;8:1-4;9:0-6
207,proposed_c2f_adaptive_pd_calibrated,10,10,1.0,14,300,0.04666666666666667,10,0,10,0.0,0.0,40133.4783813438,1079.0715571955673,1.0,9119.0,9119.0,0.0,15.138599963393062,"6,6,4,4,6,6,10,13,4,6",0:0-6;1:0-6;2:0-4;3:2-4;4:0-6;5:0-6;6:9-10;7:2-13;8:1-4;9:0-6
208,proposed_c2f_adaptive_pd,10,10,1.0,21,300,0.07,13,1,12,640.0,1.0666666666666667,1499.626492079964,501.408110218753,1.0,16413.0,16413.0,0.0,5.916599999181926,"3,7,5,7,0,9,12,11,0,3","0:0-3;1:0-7;2:5-10,10-5,2-5,6-5;3:2-7;4:2-0;5:1-9;6:6-12;7:0-11;8:1-0;9:0-3"
208,proposed_c2f_adaptive_pd_calibrated,10,10,1.0,21,300,0.07,13,1,12,640.0,1.0666666666666667,1499.626492079964,501.408110218753,1.0,16413.0,16413.0,0.0,14.775299991015345,"3,7,5,7,0,9,12,11,0,3","0:0-3;1:0-7;2:5-10,10-5,2-5,6-5;3:2-7;4:2-0;5:1-9;6:6-12;7:0-11;8:1-0;9:0-3"
209,proposed_c2f_adaptive_pd,10,10,1.0,14,300,0.04666666666666667,17,3,14,1920.0,3.2,13501.719240043289,185.42080790464712,1.0,19309.0,19309.0,0.0,7.236100034788251,"0,7,13,12,13,3,14,13,14,13","0:1-0;1:3-7;2:2-13;3:1-12;4:3-13;5:0-3;6:0-14;7:12-13,4-13,1-13,13-12,13-4,13-1;8:0-14,8-14;9:12-13,1-13"
209,proposed_c2f_adaptive_pd_calibrated,10,10,1.0,14,300,0.04666666666666667,17,3,14,1920.0,3.2,13501.719240043289,185.42080790464712,1.0,19309.0,19309.0,0.0,23.963300045579672,"0,7,13,12,13,3,14,13,14,13","0:1-0;1:3-7;2:2-13;3:1-12;4:3-13;5:0-3;6:0-14;7:12-13,4-13,1-13,13-12,13-4,13-1;8:0-14,8-14;9:12-13,1-13"
210,proposed_c2f_adaptive_pd,7,10,0.7,14,270,0.05185185185185185,20,3,17,1920.0,3.2,11958.031566073641,186.714763413228,0.95,19040.0,19040.0,0.0,10.256499983370304,"1,1,0,3,6,3,0,2,0,4","0:0-1;1:0-1;2:1-0;3:10-3;4:0-6;5:1-3;6:6-0,0-6,3-0,10-0,2-0,9-0;7:6-2,10-2,0-2,3-2,6-3,2-10;8:6-0;9:1-4"
210,proposed_c2f_adaptive_pd_calibrated,7,10,0.7,14,270,0.05185185185185185,20,3,17,1920.0,3.2,11958.031566073641,186.714763413228,0.95,19040.0,19040.0,0.0,21.13200002349913,"1,1,0,3,6,3,0,2,0,4","0:0-1;1:0-1;2:1-0;3:10-3;4:0-6;5:1-3;6:6-0,0-6,3-0,10-0,2-0,9-0;7:6-2,10-2,0-2,3-2,6-3,2-10;8:6-0;9:1-4"
211,proposed_c2f_adaptive_pd,10,10,1.0,11,300,0.03666666666666667,10,0,10,0.0,0.0,355.20568142777523,175.40333770893687,1.0,9273.0,9273.0,0.0,3.4488000092096627,"5,8,5,1,1,7,8,5,8,5",0:3-5;1:2-8;2:3-5;3:0-1;4:0-1;5:0-7;6:3-8;7:3-5;8:6-8;9:0-5
211,proposed_c2f_adaptive_pd_calibrated,10,10,1.0,11,300,0.03666666666666667,10,0,10,0.0,0.0,355.20568142777523,175.40333770893687,1.0,9273.0,9273.0,0.0,11.897600023075938,"5,8,5,1,1,7,8,5,8,5",0:3-5;1:2-8;2:3-5;3:0-1;4:0-1;5:0-7;6:3-8;7:3-5;8:6-8;9:0-5
212,proposed_c2f_adaptive_pd,9,10,0.9,12,270,0.044444444444444446,15,2,13,1280.0,2.1333333333333333,1889.7019401326622,449.1930761344263,0.9333333333333333,16761.0,16761.0,0.0,8.328199968673289,"4,7,0,6,0,6,8,8,14,4","0:14-4,4-14,4-2,11-4,2-4,9-4;1:1-7;2:3-0;3:0-6;4:5-0;5:0-6;6:3-8;7:3-8;8:7-14;9:14-4"
212,proposed_c2f_adaptive_pd_calibrated,9,10,0.9,12,270,0.044444444444444446,15,2,13,1280.0,2.1333333333333333,1889.7019401326622,449.1930761344263,0.9333333333333333,16761.0,16761.0,0.0,15.59399999678135,"4,7,0,6,0,6,8,8,14,4","0:14-4,4-14,4-2,11-4,2-4,9-4;1:1-7;2:3-0;3:0-6;4:5-0;5:0-6;6:3-8;7:3-8;8:7-14;9:14-4"
213,proposed_c2f_adaptive_pd,10,10,1.0,12,300,0.04,20,4,16,2560.0,4.266666666666667,404.1244270977204,223.8482201987739,1.0,22288.0,22288.0,0.0,7.849999994505197,"9,13,14,4,0,9,2,4,6,0","0:0-9;1:0-13;2:0-14;3:0-4;4:14-0,0-14,2-0,0-2,9-0,0-9;5:1-9;6:0-2;7:0-4;8:0-6,3-6,13-6,14-6,11-6,6-3;9:2-0"
213,proposed_c2f_adaptive_pd_calibrated,10,10,1.0,12,300,0.04,20,4,16,2560.0,4.266666666666667,404.1244270977204,223.8482201987739,1.0,22288.0,22288.0,0.0,23.552500002551824,"9,13,14,4,0,9,2,4,6,0","0:0-9;1:0-13;2:0-14;3:0-4;4:14-0,0-14,2-0,0-2,9-0,0-9;5:1-9;6:0-2;7:0-4;8:0-6,3-6,13-6,14-6,11-6,6-3;9:2-0"
214,proposed_c2f_adaptive_pd,10,10,1.0,18,300,0.06,11,0,11,0.0,0.0,1559.8772258631366,294.7964925965396,1.0,12370.0,12370.0,0.0,6.6229000221937895,"8,11,11,3,14,11,14,2,12,3","0:2-8;1:5-11;2:0-11;3:1-3;4:3-14;5:0-11;6:1-14;7:12-2;8:2-12,0-12;9:1-3"
214,proposed_c2f_adaptive_pd_calibrated,10,10,1.0,18,300,0.06,11,0,11,0.0,0.0,1559.8772258631366,294.7964925965396,1.0,12370.0,12370.0,0.0,15.522199973929673,"8,11,11,3,14,11,14,2,12,3","0:2-8;1:5-11;2:0-11;3:1-3;4:3-14;5:0-11;6:1-14;7:12-2;8:2-12,0-12;9:1-3"
215,proposed_c2f_adaptive_pd,10,10,1.0,8,300,0.02666666666666667,15,3,12,1920.0,3.2,8848.039097049757,101.13307513188053,1.0,15025.0,15025.0,0.0,7.655800029169768,"5,5,2,12,4,3,12,13,9,12","0:0-5;1:1-5;2:2-14,14-2,3-14,3-2,8-14,8-2;3:0-12;4:0-4;5:0-3;6:0-12;7:0-13;8:0-9;9:0-12"
215,proposed_c2f_adaptive_pd_calibrated,10,10,1.0,8,300,0.02666666666666667,15,3,12,1920.0,3.2,8848.039097049757,101.13307513188053,1.0,15025.0,15025.0,0.0,21.01799997035414,"5,5,2,12,4,3,12,13,9,12","0:0-5;1:1-5;2:2-14,14-2,3-14,3-2,8-14,8-2;3:0-12;4:0-4;5:0-3;6:0-12;7:0-13;8:0-9;9:0-12"
216,proposed_c2f_adaptive_pd,10,10,1.0,19,300,0.06333333333333334,10,0,10,0.0,0.0,2622.9351082658077,414.90568250274055,1.0,11079.0,11079.0,0.0,5.026699975132942,"11,7,14,9,3,14,10,0,10,5",0:0-11;1:1-7;2:0-14;3:0-9;4:1-3;5:11-14;6:0-10;7:1-0;8:1-10;9:0-5
216,proposed_c2f_adaptive_pd_calibrated,10,10,1.0,19,300,0.06333333333333334,10,0,10,0.0,0.0,2622.9351082658077,414.90568250274055,1.0,11079.0,11079.0,0.0,10.247699974570423,"11,7,14,9,3,14,10,0,10,5",0:0-11;1:1-7;2:0-14;3:0-9;4:1-3;5:11-14;6:0-10;7:1-0;8:1-10;9:0-5
217,proposed_c2f_adaptive_pd,9,10,0.9,9,270,0.03333333333333333,11,0,11,0.0,0.0,3510.684626105461,1669.5205124365866,0.9090909090909091,9276.0,9276.0,0.0,4.009999975096434,"5,2,4,4,6,11,10,12,5,1","0:4-5;1:0-2;2:1-4;3:0-4;4:0-6;5:0-11;6:9-10;7:4-12;8:4-5,14-5;9:0-1"
217,proposed_c2f_adaptive_pd_calibrated,9,10,0.9,10,270,0.037037037037037035,11,0,11,0.0,0.0,3510.684626105461,1669.5205124365866,0.9090909090909091,9276.0,9276.0,0.0,11.625900049693882,"5,2,4,4,6,11,10,12,5,1","0:4-5;1:0-2;2:1-4;3:0-4;4:0-6;5:0-11;6:9-10;7:4-12;8:4-5,14-5;9:0-1"
218,proposed_c2f_adaptive_pd,10,10,1.0,11,300,0.03666666666666667,10,0,10,0.0,0.0,306243.3919297942,416.4606360980897,1.0,10351.0,10351.0,0.0,3.668899997137487,"8,8,5,10,3,8,0,14,7,7",0:0-8;1:1-8;2:3-5;3:1-10;4:0-3;5:1-8;6:3-0;7:2-14;8:0-7;9:0-7
218,proposed_c2f_adaptive_pd_calibrated,10,10,1.0,12,300,0.04,10,0,10,0.0,0.0,306243.3919297942,416.4606360980897,1.0,10351.0,10351.0,0.0,13.893600029405206,"8,8,5,10,3,8,0,14,7,7",0:0-8;1:1-8;2:3-5;3:1-10;4:0-3;5:1-8;6:3-0;7:2-14;8:0-7;9:0-7
219,proposed_c2f_adaptive_pd,9,10,0.9,11,300,0.03666666666666667,16,2,14,1280.0,2.1333333333333333,125985.91448353494,239.9317030428515,1.0,15897.0,15897.0,0.0,7.379800023045391,"3,4,8,8,3,3,7,7,2,6","0:0-3;1:0-4;2:0-8;3:2-8;4:9-3,3-9,10-3,4-3,12-3,3-4;5:7-3;6:10-7,13-7;7:0-7;8:1-2;9:0-6"
219,proposed_c2f_adaptive_pd_calibrated,9,10,0.9,11,300,0.03666666666666667,16,2,14,1280.0,2.1333333333333333,125985.91448353494,239.9317030428515,1.0,15897.0,15897.0,0.0,18.641099974047393,"3,4,8,8,3,3,7,7,2,6","0:0-3;1:0-4;2:0-8;3:2-8;4:9-3,3-9,10-3,4-3,12-3,3-4;5:7-3;6:10-7,13-7;7:0-7;8:1-2;9:0-6"
220,proposed_c2f_adaptive_pd,10,10,1.0,14,300,0.04666666666666667,13,0,13,0.0,0.0,16058.746811467878,206.48900303835808,1.0,10153.0,10153.0,0.0,7.112400024197996,"9,7,0,0,7,13,12,4,13,7","0:2-9;1:4-7,1-7;2:12-0;3:4-0,12-0,7-0;4:0-7;5:0-13;6:0-12;7:1-4;8:4-13;9:4-7"
220,proposed_c2f_adaptive_pd_calibrated,10,10,1.0,14,300,0.04666666666666667,13,0,13,0.0,0.0,16058.746811467878,206.48900303835808,1.0,10153.0,10153.0,0.0,17.489999998360872,"9,7,0,0,7,13,12,4,13,7","0:2-9;1:4-7,1-7;2:12-0;3:4-0,12-0,7-0;4:0-7;5:0-13;6:0-12;7:1-4;8:4-13;9:4-7"
221,proposed_c2f_adaptive_pd,10,10,1.0,13,300,0.043333333333333335,10,0,10,0.0,0.0,5431.490074270791,1799.7375678462013,1.0,8657.0,8657.0,0.0,6.983200029935688,"10,12,14,7,3,8,9,4,12,3",0:1-10;1:0-12;2:0-14;3:0-7;4:6-3;5:1-8;6:2-9;7:0-4;8:0-12;9:1-3
221,proposed_c2f_adaptive_pd_calibrated,10,10,1.0,14,300,0.04666666666666667,10,0,10,0.0,0.0,5431.490074270791,1799.7375678462013,1.0,8657.0,8657.0,0.0,12.671299977228045,"10,12,14,7,3,8,9,4,12,3",0:1-10;1:0-12;2:0-14;3:0-7;4:6-3;5:1-8;6:2-9;7:0-4;8:0-12;9:1-3
222,proposed_c2f_adaptive_pd,9,10,0.9,14,270,0.05185185185185185,10,0,10,0.0,0.0,433.07901226755786,221.32011701159144,0.9,12759.0,12759.0,0.0,4.95299999602139,"4,9,8,10,5,12,5,7,3,5",0:0-4;1:0-9;2:0-8;3:0-10;4:2-5;5:0-12;6:6-5;7:13-7;8:1-3;9:6-5
222,proposed_c2f_adaptive_pd_calibrated,9,10,0.9,15,270,0.05555555555555555,10,0,10,0.0,0.0,433.07901226755786,221.32011701159144,0.9,12759.0,12759.0,0.0,11.72239996958524,"4,9,8,10,5,12,5,7,3,5",0:0-4;1:0-9;2:0-8;3:0-10;4:2-5;5:0-12;6:6-5;7:13-7;8:1-3;9:6-5
223,proposed_c2f_adaptive_pd,10,10,1.0,8,300,0.02666666666666667,13,0,13,0.0,0.0,1827.7239811835884,517.3925631032096,1.0,14546.0,14546.0,0.0,5.6801000027917325,"11,1,12,3,10,6,4,0,3,6","0:13-11,12-11,8-11;1:3-1;2:1-12;3:0-3;4:0-10;5:1-6;6:14-4,6-4;7:2-0;8:0-3;9:1-6"
223,proposed_c2f_adaptive_pd_calibrated,10,10,1.0,10,300,0.03333333333333333,13,0,13,0.0,0.0,1827.7239811835884,517.3925631032096,1.0,14546.0,14546.0,0.0,16.360600013285875,"11,1,12,3,10,6,4,0,3,6","0:13-11,12-11,8-11;1:3-1;2:1-12;3:0-3;4:0-10;5:1-6;6:14-4,6-4;7:2-0;8:0-3;9:1-6"
224,proposed_c2f_adaptive_pd,10,10,1.0,14,300,0.04666666666666667,10,0,10,0.0,0.0,2732.3466677567394,371.965834607941,1.0,8503.0,8503.0,0.0,5.67899999441579,"3,2,11,6,13,2,7,3,1,10",0:6-3;1:0-2;2:1-11;3:3-6;4:0-13;5:0-2;6:0-7;7:6-3;8:0-1;9:0-10
224,proposed_c2f_adaptive_pd_calibrated,10,10,1.0,15,300,0.05,10,0,10,0.0,0.0,2732.3466677567394,371.965834607941,1.0,8503.0,8503.0,0.0,13.091199973132461,"3,2,11,6,13,2,7,3,1,10",0:6-3;1:0-2;2:1-11;3:3-6;4:0-13;5:0-2;6:0-7;7:6-3;8:0-1;9:0-10
225,proposed_c2f_adaptive_pd,10,10,1.0,17,300,0.056666666666666664,11,0,11,0.0,0.0,1063.6932384855374,230.3354744151303,1.0,8436.0,8436.0,0.0,6.474299996625632,"13,2,3,14,9,5,9,8,3,3","0:3-13,8-13;1:1-2;2:4-3;3:3-14;4:6-9;5:0-5;6:11-9;7:0-8;8:0-3;9:0-3"
225,proposed_c2f_adaptive_pd_calibrated,10,10,1.0,18,300,0.06,11,0,11,0.0,0.0,1063.6932384855374,230.3354744151303,1.0,8436.0,8436.0,0.0,10.7105000060983,"13,2,3,14,9,5,9,8,3,3","0:3-13,8-13;1:1-2;2:4-3;3:3-14;4:6-9;5:0-5;6:11-9;7:0-8;8:0-3;9:0-3"
226,proposed_c2f_adaptive_pd,10,10,1.0,21,300,0.07,17,2,15,1280.0,2.1333333333333333,32723.21867542097,129.57990764948613,1.0,14681.0,14681.0,0.0,9.245100023690611,"10,4,13,7,2,7,8,7,0,7","0:0-10,7-10;1:10-4,7-4;2:13-14,7-13,14-13,2-13;3:2-7;4:11-2,2-11,0-2;5:13-7;6:0-8;7:13-7;8:1-0;9:13-7"
226,proposed_c2f_adaptive_pd_calibrated,10,10,1.0,21,300,0.07,17,2,15,1280.0,2.1333333333333333,32723.21867542097,129.57990764948613,1.0,14681.0,14681.0,0.0,17.7096999832429,"10,4,13,7,2,7,8,7,0,7","0:0-10,7-10;1:10-4,7-4;2:13-14,7-13,14-13,2-13;3:2-7;4:11-2,2-11,0-2;5:13-7;6:0-8;7:13-7;8:1-0;9:13-7"
227,proposed_c2f_adaptive_pd,9,10,0.9,19,300,0.06333333333333334,10,0,10,0.0,0.0,129.09565572770228,87.14708902599175,1.0,10526.0,10526.0,0.0,5.419099994469434,"13,7,0,9,11,11,1,13,13,3",0:0-13;1:2-7;2:9-0;3:0-9;4:3-11;5:0-11;6:4-1;7:0-13;8:3-13;9:1-3
227,proposed_c2f_adaptive_pd_calibrated,9,10,0.9,19,300,0.06333333333333334,10,0,10,0.0,0.0,129.09565572770228,87.14708902599175,1.0,10526.0,10526.0,0.0,15.38629998685792,"13,7,0,9,11,11,1,13,13,3",0:0-13;1:2-7;2:9-0;3:0-9;4:3-11;5:0-11;6:4-1;7:0-13;8:3-13;9:1-3
228,proposed_c2f_adaptive_pd,10,10,1.0,14,300,0.04666666666666667,10,0,10,0.0,0.0,2101.1814452716403,733.7980074268256,1.0,9889.0,9889.0,0.0,6.221899995580316,"2,7,6,9,11,3,9,0,9,13",0:1-2;1:0-7;2:1-6;3:0-9;4:4-11;5:0-3;6:0-9;7:1-0;8:7-9;9:4-13
228,proposed_c2f_adaptive_pd_calibrated,10,10,1.0,14,300,0.04666666666666667,10,0,10,0.0,0.0,2101.1814452716403,733.7980074268256,1.0,9889.0,9889.0,0.0,10.757999960333109,"2,7,6,9,11,3,9,0,9,13",0:1-2;1:0-7;2:1-6;3:0-9;4:4-11;5:0-3;6:0-9;7:1-0;8:7-9;9:4-13
229,proposed_c2f_adaptive_pd,10,10,1.0,15,300,0.05,12,1,11,640.0,1.0666666666666667,513.7040943090562,157.60193877514007,1.0,9321.0,9321.0,0.0,4.198200011160225,"7,1,4,14,11,13,14,9,1,14","0:1-7;1:0-1;2:0-4;3:0-14;4:11-13,13-11,10-11;5:1-13;6:3-14;7:0-9;8:2-1;9:1-14"
229,proposed_c2f_adaptive_pd_calibrated,10,10,1.0,15,300,0.05,12,1,11,640.0,1.0666666666666667,513.7040943090562,157.60193877514007,1.0,9321.0,9321.0,0.0,13.81610002135858,"7,1,4,14,11,13,14,9,1,14","0:1-7;1:0-1;2:0-4;3:0-14;4:11-13,13-11,10-11;5:1-13;6:3-14;7:0-9;8:2-1;9:1-14"
230,proposed_c2f_adaptive_pd,10,10,1.0,13,300,0.043333333333333335,10,0,10,0.0,0.0,24882.441841184434,181.0094344402233,1.0,9231.0,9231.0,0.0,3.757900034543127,"10,13,1,9,0,6,0,6,5,6",0:1-10;1:0-13;2:0-1;3:0-9;4:1-0;5:1-6;6:3-0;7:1-6;8:0-5;9:2-6
230,proposed_c2f_adaptive_pd_calibrated,10,10,1.0,15,300,0.05,10,0,10,0.0,0.0,24882.441841184434,181.0094344402233,1.0,9231.0,9231.0,0.0,7.833799987565726,"10,13,1,9,0,6,0,6,5,6",0:1-10;1:0-13;2:0-1;3:0-9;4:1-0;5:1-6;6:3-0;7:1-6;8:0-5;9:2-6
231,proposed_c2f_adaptive_pd,9,10,0.9,16,300,0.05333333333333334,15,3,12,1920.0,3.2,753.1702918245034,387.50943414612254,1.0,14269.0,14269.0,0.0,6.645200017374009,"3,8,11,3,0,1,4,11,2,6","0:2-3;1:0-8;2:0-11;3:7-3,3-7,6-3,9-3,3-6,3-9;4:4-0;5:0-1;6:0-4;7:2-11;8:6-2;9:2-6"
231,proposed_c2f_adaptive_pd_calibrated,9,10,0.9,16,300,0.05333333333333334,15,3,12,1920.0,3.2,753.1702918245034,387.50943414612254,1.0,14269.0,14269.0,0.0,19.928399997297674,"3,8,11,3,0,1,4,11,2,6","0:2-3;1:0-8;2:0-11;3:7-3,3-7,6-3,9-3,3-6,3-9;4:4-0;5:0-1;6:0-4;7:2-11;8:6-2;9:2-6"
232,proposed_c2f_adaptive_pd,10,10,1.0,18,300,0.06,10,0,10,0.0,0.0,2874.552808416746,513.6084651234034,1.0,7887.0,7887.0,0.0,5.628300015814602,"10,3,0,14,11,7,5,9,7,14",0:0-10;1:2-3;2:1-0;3:1-14;4:0-11;5:4-7;6:1-5;7:0-9;8:6-7;9:1-14
232,proposed_c2f_adaptive_pd_calibrated,10,10,1.0,18,300,0.06,10,0,10,0.0,0.0,2874.552808416746,513.6084651234034,1.0,7887.0,7887.0,0.0,8.36659997003153,"10,3,0,14,11,7,5,9,7,14",0:0-10;1:2-3;2:1-0;3:1-14;4:0-11;5:4-7;6:1-5;7:0-9;8:6-7;9:1-14
233,proposed_c2f_adaptive_pd,10,10,1.0,15,300,0.05,10,0,10,0.0,0.0,963.3028064906587,619.9002547526628,1.0,9427.0,9427.0,0.0,3.911099978722632,"9,11,2,10,7,13,7,5,11,10",0:1-9;1:0-11;2:0-2;3:0-10;4:1-7;5:1-13;6:0-7;7:2-5;8:3-11;9:3-10
233,proposed_c2f_adaptive_pd_calibrated,10,10,1.0,15,300,0.05,10,0,10,0.0,0.0,963.3028064906587,619.9002547526628,1.0,9427.0,9427.0,0.0,10.422100021969527,"9,11,2,10,7,13,7,5,11,10",0:1-9;1:0-11;2:0-2;3:0-10;4:1-7;5:1-13;6:0-7;7:2-5;8:3-11;9:3-10
234,proposed_c2f_adaptive_pd,9,10,0.9,12,270,0.044444444444444446,11,0,11,0.0,0.0,2377.707037404272,157.66341481106912,0.9090909090909091,10116.0,10116.0,0.0,3.648200014140457,"11,1,6,2,8,13,0,3,6,6","0:0-11;1:0-1;2:1-6;3:0-2;4:1-8;5:0-13;6:3-0,9-0;7:0-3;8:1-6;9:1-6"
234,proposed_c2f_adaptive_pd_calibrated,9,10,0.9,13,270,0.04814814814814815,11,0,11,0.0,0.0,2377.707037404272,157.66341481106912,0.9090909090909091,10116.0,10116.0,0.0,12.011499959044158,"11,1,6,2,8,13,0,3,6,6","0:0-11;1:0-1;2:1-6;3:0-2;4:1-8;5:0-13;6:3-0,9-0;7:0-3;8:1-6;9:1-6"
235,proposed_c2f_adaptive_pd,10,10,1.0,16,300,0.05333333333333334,10,0,10,0.0,0.0,17547.281574025295,2987.389157589324,1.0,9889.0,9889.0,0.0,3.846899955533445,"0,4,7,7,1,5,3,1,4,10",0:3-0;1:0-4;2:0-7;3:0-7;4:0-1;5:0-5;6:0-3;7:0-1;8:0-4;9:0-10
235,proposed_c2f_adaptive_pd_calibrated,10,10,1.0,16,300,0.05333333333333334,10,0,10,0.0,0.0,17547.281574025295,2987.389157589324,1.0,9889.0,9889.0,0.0,12.614200008101761,"0,4,7,7,1,5,3,1,4,10",0:3-0;1:0-4;2:0-7;3:0-7;4:0-1;5:0-5;6:0-3;7:0-1;8:0-4;9:0-10
236,proposed_c2f_adaptive_pd,10,10,1.0,20,300,0.06666666666666667,10,0,10,0.0,0.0,1399.2250232693132,161.71805715501165,1.0,10197.0,10197.0,0.0,4.409699991811067,"9,14,0,9,0,4,0,3,12,7",0:2-9;1:3-14;2:4-0;3:0-9;4:1-0;5:0-4;6:1-0;7:10-3;8:3-12;9:0-7
236,proposed_c2f_adaptive_pd_calibrated,10,10,1.0,20,300,0.06666666666666667,10,0,10,0.0,0.0,1399.2250232693132,161.71805715501165,1.0,10197.0,10197.0,0.0,14.02200001757592,"9,14,0,9,0,4,0,3,12,7",0:2-9;1:3-14;2:4-0;3:0-9;4:1-0;5:0-4;6:1-0;7:10-3;8:3-12;9:0-7
237,proposed_c2f_adaptive_pd,10,10,1.0,8,300,0.02666666666666667,12,0,12,0.0,0.0,12142.802437107312,149.39401651506023,1.0,14128.0,14128.0,0.0,5.044199991971254,"13,11,0,13,9,11,13,8,0,12","0:4-13;1:0-11;2:3-0;3:2-13;4:0-9;5:0-11;6:6-13,2-13;7:1-8;8:9-0,3-0;9:0-12"
237,proposed_c2f_adaptive_pd_calibrated,10,10,1.0,8,300,0.02666666666666667,12,0,12,0.0,0.0,12142.802437107312,149.39401651506023,1.0,14128.0,14128.0,0.0,13.397400034591556,"13,11,0,13,9,11,13,8,0,12","0:4-13;1:0-11;2:3-0;3:2-13;4:0-9;5:0-11;6:6-13,2-13;7:1-8;8:9-0,3-0;9:0-12"
238,proposed_c2f_adaptive_pd,10,10,1.0,12,300,0.04,10,0,10,0.0,0.0,299.16508537354605,236.05064652671385,1.0,10351.0,10351.0,0.0,4.441200057044625,"6,9,11,0,14,3,11,11,12,3",0:0-6;1:0-9;2:0-11;3:6-0;4:2-14;5:1-3;6:0-11;7:0-11;8:1-12;9:9-3
238,proposed_c2f_adaptive_pd_calibrated,10,10,1.0,12,300,0.04,10,0,10,0.0,0.0,299.16508537354605,236.05064652671385,1.0,10351.0,10351.0,0.0,12.531900021713227,"6,9,11,0,14,3,11,11,12,3",0:0-6;1:0-9;2:0-11;3:6-0;4:2-14;5:1-3;6:0-11;7:0-11;8:1-12;9:9-3
239,proposed_c2f_adaptive_pd,10,10,1.0,17,300,0.056666666666666664,10,0,10,0.0,0.0,4664.523345331634,341.9606063589774,1.0,8349.0,8349.0,0.0,5.638800037559122,"8,14,13,3,0,10,6,14,6,0",0:1-8;1:3-14;2:0-13;3:6-3;4:1-0;5:1-10;6:1-6;7:0-14;8:0-6;9:3-0
239,proposed_c2f_adaptive_pd_calibrated,10,10,1.0,18,300,0.06,10,0,10,0.0,0.0,4664.523345331634,341.9606063589774,1.0,8349.0,8349.0,0.0,11.043199978303164,"8,14,13,3,0,10,6,14,6,0",0:1-8;1:3-14;2:0-13;3:6-3;4:1-0;5:1-10;6:1-6;7:0-14;8:0-6;9:3-0
240,proposed_c2f_adaptive_pd,8,10,0.8,16,240,0.06666666666666667,10,0,10,0.0,0.0,4271.286693347217,277.59926642936773,0.8,11583.0,11583.0,0.0,5.0181999686174095,"13,1,9,6,8,4,10,5,0,0",0:0-13;1:6-1;2:0-9;3:1-6;4:0-8;5:2-4;6:3-10;7:3-5;8:7-0;9:1-0
240,proposed_c2f_adaptive_pd_calibrated,8,10,0.8,16,240,0.06666666666666667,10,0,10,0.0,0.0,4271.286693347217,277.59926642936773,0.8,11583.0,11583.0,0.0,9.89420001860708,"13,1,9,6,8,4,10,5,0,0",0:0-13;1:6-1;2:0-9;3:1-6;4:0-8;5:2-4;6:3-10;7:3-5;8:7-0;9:1-0
241,proposed_c2f_adaptive_pd,10,10,1.0,20,300,0.06666666666666667,10,0,10,0.0,0.0,1510.4357441742397,255.15543825264803,1.0,8965.0,8965.0,0.0,6.169700005557388,"1,9,3,11,9,11,0,5,0,7",0:2-1;1:1-9;2:1-3;3:0-11;4:5-9;5:5-11;6:2-0;7:0-5;8:5-0;9:1-7
241,proposed_c2f_adaptive_pd_calibrated,10,10,1.0,20,300,0.06666666666666667,10,0,10,0.0,0.0,1510.4357441742397,255.15543825264803,1.0,8965.0,8965.0,0.0,8.656800026074052,"1,9,3,11,9,11,0,5,0,7",0:2-1;1:1-9;2:1-3;3:0-11;4:5-9;5:5-11;6:2-0;7:0-5;8:5-0;9:1-7
242,proposed_c2f_adaptive_pd,9,10,0.9,19,300,0.06333333333333334,18,1,17,640.0,1.0666666666666667,4036.6599173619616,111.7792455626165,1.0,24734.0,24734.0,0.0,9.209999989252537,"1,7,10,8,14,11,14,1,7,14","0:0-1;1:0-7;2:1-10;3:6-8;4:1-14;5:0-11;6:0-14;7:0-1;8:0-7,8-7,3-7,6-7;9:1-14,2-14,14-1,8-14,6-14,9-14"
242,proposed_c2f_adaptive_pd_calibrated,9,10,0.9,19,300,0.06333333333333334,18,1,17,640.0,1.0666666666666667,4036.6599173619616,111.7792455626165,1.0,24734.0,24734.0,0.0,22.195200028363615,"1,7,10,8,14,11,14,1,7,14","0:0-1;1:0-7;2:1-10;3:6-8;4:1-14;5:0-11;6:0-14;7:0-1;8:0-7,8-7,3-7,6-7;9:1-14,2-14,14-1,8-14,6-14,9-14"
243,proposed_c2f_adaptive_pd,10,10,1.0,15,300,0.05,11,1,10,640.0,1.0666666666666667,44075.51387695303,1303.5537075840425,1.0,9458.0,9458.0,0.0,4.496400011703372,"5,5,3,6,7,8,7,11,7,13","0:0-5;1:0-5;2:0-3;3:0-6;4:2-7;5:2-8;6:7-8,13-7;7:0-11;8:2-7;9:1-13"
243,proposed_c2f_adaptive_pd_calibrated,10,10,1.0,16,300,0.05333333333333334,11,1,10,640.0,1.0666666666666667,44075.51387695303,1303.5537075840425,1.0,9458.0,9458.0,0.0,14.2354000126943,"5,5,3,6,7,8,7,11,7,13","0:0-5;1:0-5;2:0-3;3:0-6;4:2-7;5:2-8;6:7-8,13-7;7:0-11;8:2-7;9:1-13"
244,proposed_c2f_adaptive_pd,10,10,1.0,24,300,0.08,10,0,10,0.0,0.0,3241.410025459415,351.91731138207456,1.0,11275.0,11275.0,0.0,5.2081000176258385,"11,14,6,11,3,3,7,0,7,0",0:3-11;1:0-14;2:1-6;3:8-11;4:0-3;5:0-3;6:0-7;7:1-0;8:3-7;9:1-0
244,proposed_c2f_adaptive_pd_calibrated,10,10,1.0,24,300,0.08,10,0,10,0.0,0.0,3241.410025459415,351.91731138207456,1.0,11275.0,11275.0,0.0,10.730100038927048,"11,14,6,11,3,3,7,0,7,0",0:3-11;1:0-14;2:1-6;3:8-11;4:0-3;5:0-3;6:0-7;7:1-0;8:3-7;9:1-0
245,proposed_c2f_adaptive_pd,10,10,1.0,17,300,0.056666666666666664,18,3,15,1920.0,3.2,666657.8132759179,629.9149313594634,1.0,16154.0,16154.0,0.0,8.611899975221604,"14,0,14,4,6,13,2,13,11,8","0:5-14,11-14,12-14,14-13,13-14;1:1-0;2:5-14;3:0-4;4:0-6;5:0-13;6:0-2;7:0-13;8:7-11,11-7,5-11,11-5,8-11;9:12-8"
245,proposed_c2f_adaptive_pd_calibrated,10,10,1.0,18,300,0.06,18,3,15,1920.0,3.2,666657.8132759179,629.9149313594634,1.0,16154.0,16154.0,0.0,21.485700039193034,"14,0,14,4,6,13,2,13,11,8","0:5-14,11-14,12-14,14-13,13-14;1:1-0;2:5-14;3:0-4;4:0-6;5:0-13;6:0-2;7:0-13;8:7-11,11-7,5-11,11-5,8-11;9:12-8"
246,proposed_c2f_adaptive_pd,9,10,0.9,13,300,0.043333333333333335,17,3,14,1920.0,3.2,2076.514220776802,98.97866344463435,1.0,18915.0,18915.0,0.0,8.078099985141307,"14,8,1,4,13,3,9,4,13,12","0:1-14;1:0-8;2:3-1;3:12-4,4-12,7-4,9-4,5-4,4-9;4:1-13;5:10-3;6:2-9,9-2,14-9;7:1-4;8:1-13;9:5-12"
246,proposed_c2f_adaptive_pd_calibrated,9,10,0.9,13,300,0.043333333333333335,17,3,14,1920.0,3.2,2076.514220776802,98.97866344463435,1.0,18915.0,18915.0,0.0,21.60599996568635,"14,8,1,4,13,3,9,4,13,12","0:1-14;1:0-8;2:3-1;3:12-4,4-12,7-4,9-4,5-4,4-9;4:1-13;5:10-3;6:2-9,9-2,14-9;7:1-4;8:1-13;9:5-12"
247,proposed_c2f_adaptive_pd,10,10,1.0,17,300,0.056666666666666664,10,0,10,0.0,0.0,2515.940917473459,669.0236276556509,1.0,12423.0,12423.0,0.0,3.621000039856881,"3,13,9,11,3,3,7,13,12,10",0:0-3;1:0-13;2:0-9;3:5-11;4:7-3;5:0-3;6:6-7;7:0-13;8:0-12;9:0-10
247,proposed_c2f_adaptive_pd_calibrated,10,10,1.0,17,300,0.056666666666666664,10,0,10,0.0,0.0,2515.940917473459,669.0236276556509,1.0,12423.0,12423.0,0.0,13.134499953594059,"3,13,9,11,3,3,7,13,12,10",0:0-3;1:0-13;2:0-9;3:5-11;4:7-3;5:0-3;6:6-7;7:0-13;8:0-12;9:0-10
248,proposed_c2f_adaptive_pd,10,10,1.0,14,300,0.04666666666666667,10,0,10,0.0,0.0,8674.27815675712,172.79656822141803,1.0,10659.0,10659.0,0.0,3.362799994647503,"4,11,13,11,8,1,10,4,12,4",0:9-4;1:0-11;2:2-13;3:0-11;4:0-8;5:0-1;6:0-10;7:3-4;8:0-12;9:3-4
248,proposed_c2f_adaptive_pd_calibrated,10,10,1.0,14,300,0.04666666666666667,10,0,10,0.0,0.0,8674.27815675712,172.79656822141803,1.0,10659.0,10659.0,0.0,11.460000008810312,"4,11,13,11,8,1,10,4,12,4",0:9-4;1:0-11;2:2-13;3:0-11;4:0-8;5:0-1;6:0-10;7:3-4;8:0-12;9:3-4
249,proposed_c2f_adaptive_pd,10,10,1.0,13,300,0.043333333333333335,10,0,10,0.0,0.0,7352.143224947536,322.1720768792949,1.0,10043.0,10043.0,0.0,3.420500026550144,"1,2,0,0,13,1,2,1,11,7",0:0-1;1:1-2;2:2-0;3:7-0;4:0-13;5:0-1;6:0-2;7:5-1;8:0-11;9:0-7
249,proposed_c2f_adaptive_pd_calibrated,10,10,1.0,13,300,0.043333333333333335,10,0,10,0.0,0.0,7352.143224947536,322.1720768792949,1.0,10043.0,10043.0,0.0,12.105199974030256,"1,2,0,0,13,1,2,1,11,7",0:0-1;1:1-2;2:2-0;3:7-0;4:0-13;5:0-1;6:0-2;7:5-1;8:0-11;9:0-7
250,proposed_c2f_adaptive_pd,9,10,0.9,12,270,0.044444444444444446,11,0,11,0.0,0.0,1413.5261329790756,106.73040893237852,0.9090909090909091,11628.0,11628.0,0.0,3.4622999955900013,"3,7,12,1,0,3,6,7,9,9","0:6-3;1:0-7;2:2-12;3:2-1;4:2-0;5:9-3;6:0-6;7:9-7,3-7;8:0-9;9:7-9"
250,proposed_c2f_adaptive_pd_calibrated,9,10,0.9,12,270,0.044444444444444446,11,0,11,0.0,0.0,1413.5261329790756,106.73040893237852,0.9090909090909091,11628.0,11628.0,0.0,13.50770000135526,"3,7,12,1,0,3,6,7,9,9","0:6-3;1:0-7;2:2-12;3:2-1;4:2-0;5:9-3;6:0-6;7:9-7,3-7;8:0-9;9:7-9"
251,proposed_c2f_adaptive_pd,10,10,1.0,14,300,0.04666666666666667,11,1,10,640.0,1.0666666666666667,1623.9886169356191,255.24825655618918,1.0,14655.0,14655.0,0.0,5.783999979030341,"13,8,0,7,5,8,6,3,4,11","0:0-13;1:5-8;2:1-0;3:0-7;4:4-5;5:8-12,12-8;6:0-6;7:0-3;8:0-4;9:0-11"
251,proposed_c2f_adaptive_pd_calibrated,10,10,1.0,14,300,0.04666666666666667,11,1,10,640.0,1.0666666666666667,1623.9886169356191,255.24825655618918,1.0,14655.0,14655.0,0.0,12.832100037485361,"13,8,0,7,5,8,6,3,4,11","0:0-13;1:5-8;2:1-0;3:0-7;4:4-5;5:8-12,12-8;6:0-6;7:0-3;8:0-4;9:0-11"
252,proposed_c2f_adaptive_pd,10,10,1.0,19,300,0.06333333333333334,15,2,13,1280.0,2.1333333333333333,1087.3890943081046,414.03469661062434,1.0,18301.0,18301.0,0.0,7.951100007630885,"12,10,13,14,13,10,12,4,2,3","0:2-12;1:1-10;2:4-13;3:3-14;4:4-13,13-4,14-13,13-14,12-13,7-13;5:0-10;6:1-12;7:2-4;8:0-2;9:4-3"
252,proposed_c2f_adaptive_pd_calibrated,10,10,1.0,19,300,0.06333333333333334,15,2,13,1280.0,2.1333333333333333,1087.3890943081046,414.03469661062434,1.0,18301.0,18301.0,0.0,15.20130003336817,"12,10,13,14,13,10,12,4,2,3","0:2-12;1:1-10;2:4-13;3:3-14;4:4-13,13-4,14-13,13-14,12-13,7-13;5:0-10;6:1-12;7:2-4;8:0-2;9:4-3"
253,proposed_c2f_adaptive_pd,10,10,1.0,15,300,0.05,10,0,10,0.0,0.0,5766.602560845784,257.76240338559785,1.0,11919.0,11919.0,0.0,6.127800035756081,"14,13,13,0,8,9,4,0,7,8",0:0-14;1:5-13;2:4-13;3:1-0;4:2-8;5:1-9;6:2-4;7:1-0;8:1-7;9:1-8
253,proposed_c2f_adaptive_pd_calibrated,10,10,1.0,15,300,0.05,10,0,10,0.0,0.0,5766.602560845784,257.76240338559785,1.0,11919.0,11919.0,0.0,11.830199975520372,"14,13,13,0,8,9,4,0,7,8",0:0-14;1:5-13;2:4-13;3:1-0;4:2-8;5:1-9;6:2-4;7:1-0;8:1-7;9:1-8
254,proposed_c2f_adaptive_pd,9,10,0.9,17,300,0.056666666666666664,20,3,17,1920.0,3.2,842.4354563800555,99.55729544170129,1.0,22490.0,22490.0,0.0,8.590599987655878,"4,9,4,9,10,9,13,7,4,7","0:0-4;1:0-9;2:7-4,4-7,5-4,10-4;3:7-9;4:0-10;5:7-9,9-7,6-9;6:0-13;7:0-7;8:7-4,4-7,5-4,10-4,11-4,0-4;9:4-7"
254,proposed_c2f_adaptive_pd_calibrated,9,10,0.9,18,300,0.06,20,3,17,1920.0,3.2,842.4354563800555,99.55729544170129,1.0,22490.0,22490.0,0.0,26.60069998819381,"4,9,4,9,10,9,13,7,4,7","0:0-4;1:0-9;2:7-4,4-7,5-4,10-4;3:7-9;4:0-10;5:7-9,9-7,6-9;6:0-13;7:0-7;8:7-4,4-7,5-4,10-4,11-4,0-4;9:4-7"
255,proposed_c2f_adaptive_pd,10,10,1.0,15,300,0.05,10,0,10,0.0,0.0,72075.61839895349,303.1492623786405,1.0,10043.0,10043.0,0.0,6.008400057908148,"7,5,3,13,2,3,14,2,10,11",0:6-7;1:2-5;2:0-3;3:3-13;4:0-2;5:0-3;6:0-14;7:0-2;8:13-10;9:0-11
255,proposed_c2f_adaptive_pd_calibrated,10,10,1.0,15,300,0.05,10,0,10,0.0,0.0,72075.61839895349,303.1492623786405,1.0,10043.0,10043.0,0.0,10.015300009399652,"7,5,3,13,2,3,14,2,10,11",0:6-7;1:2-5;2:0-3;3:3-13;4:0-2;5:0-3;6:0-14;7:0-2;8:13-10;9:0-11
256,proposed_c2f_adaptive_pd,9,10,0.9,15,300,0.05,10,0,10,0.0,0.0,76605.9404183842,541.479938602198,1.0,11919.0,11919.0,0.0,3.554800001438707,"11,8,0,1,13,14,6,8,2,13",0:0-11;1:3-8;2:1-0;3:0-1;4:0-13;5:0-14;6:0-6;7:9-8;8:0-2;9:0-13
256,proposed_c2f_adaptive_pd_calibrated,9,10,0.9,15,300,0.05,10,0,10,0.0,0.0,76605.9404183842,541.479938602198,1.0,11919.0,11919.0,0.0,9.797300037462264,"11,8,0,1,13,14,6,8,2,13",0:0-11;1:3-8;2:1-0;3:0-1;4:0-13;5:0-14;6:0-6;7:9-8;8:0-2;9:0-13
257,proposed_c2f_adaptive_pd,9,10,0.9,9,270,0.03333333333333333,10,0,10,0.0,0.0,25210.97084387457,610.0455899439145,0.9,11121.0,11121.0,0.0,3.475499979685992,"11,0,14,1,14,2,5,11,14,0",0:0-11;1:2-0;2:3-14;3:0-1;4:0-14;5:0-2;6:0-5;7:4-11;8:0-14;9:1-0
257,proposed_c2f_adaptive_pd_calibrated,9,10,0.9,10,270,0.037037037037037035,10,0,10,0.0,0.0,25210.97084387457,610.0455899439145,0.9,11121.0,11121.0,0.0,10.332899983040988,"11,0,14,1,14,2,5,11,14,0",0:0-11;1:2-0;2:3-14;3:0-1;4:0-14;5:0-2;6:0-5;7:4-11;8:0-14;9:1-0
258,proposed_c2f_adaptive_pd,10,10,1.0,17,300,0.056666666666666664,13,1,12,640.0,1.0666666666666667,53869.357606793696,433.2922464183973,0.7692307692307693,15755.0,15755.0,0.0,5.619200004730374,"6,6,13,5,6,13,4,8,13,13","0:0-6;1:9-6;2:0-13;3:1-5;4:1-6;5:1-13;6:0-4;7:0-8;8:14-13,13-14,1-13,8-13;9:0-13"
258,proposed_c2f_adaptive_pd_calibrated,10,10,1.0,17,300,0.056666666666666664,13,1,12,640.0,1.0666666666666667,53869.357606793696,433.2922464183973,0.7692307692307693,15755.0,15755.0,0.0,10.423600033391267,"6,6,13,5,6,13,4,8,13,13","0:0-6;1:9-6;2:0-13;3:1-5;4:1-6;5:1-13;6:0-4;7:0-8;8:14-13,13-14,1-13,8-13;9:0-13"
259,proposed_c2f_adaptive_pd,10,10,1.0,18,300,0.06,10,0,10,0.0,0.0,1866.6733367452514,728.1572851184587,1.0,11429.0,11429.0,0.0,5.72640000609681,"4,8,14,9,10,11,11,7,14,13",0:3-4;1:0-8;2:0-14;3:0-9;4:0-10;5:0-11;6:0-11;7:3-7;8:0-14;9:0-13
259,proposed_c2f_adaptive_pd_calibrated,10,10,1.0,18,300,0.06,10,0,10,0.0,0.0,1866.6733367452514,728.1572851184587,1.0,11429.0,11429.0,0.0,12.522100005298853,"4,8,14,9,10,11,11,7,14,13",0:3-4;1:0-8;2:0-14;3:0-9;4:0-10;5:0-11;6:0-11;7:3-7;8:0-14;9:0-13
260,proposed_c2f_adaptive_pd,9,10,0.9,18,300,0.06,11,0,11,0.0,0.0,4176.899667057876,86.93146579033044,1.0,8604.0,8604.0,0.0,6.176900002174079,"12,6,2,6,8,7,8,6,12,11","0:1-12;1:12-6;2:7-2;3:1-6;4:12-8;5:2-7;6:11-8;7:12-6,8-6;8:0-12;9:0-11"
260,proposed_c2f_adaptive_pd_calibrated,9,10,0.9,18,300,0.06,11,0,11,0.0,0.0,4176.899667057876,86.93146579033044,1.0,8604.0,8604.0,0.0,13.459799985866994,"12,6,2,6,8,7,8,6,12,11","0:1-12;1:12-6;2:7-2;3:1-6;4:12-8;5:2-7;6:11-8;7:12-6,8-6;8:0-12;9:0-11"
261,proposed_c2f_adaptive_pd,10,10,1.0,16,300,0.05333333333333334,17,2,15,1280.0,2.1333333333333333,209.42100483736786,120.95218649058187,1.0,23437.0,23437.0,0.0,9.832900017499924,"11,11,3,8,8,3,8,8,10,3","0:6-11;1:13-11,0-11,6-11;2:4-3,3-4,10-3,3-10,12-3,1-3;3:0-8;4:0-8;5:10-3;6:1-8;7:0-8;8:1-10;9:1-3"
261,proposed_c2f_adaptive_pd_calibrated,10,10,1.0,16,300,0.05333333333333334,17,2,15,1280.0,2.1333333333333333,209.42100483736786,120.95218649058187,1.0,23437.0,23437.0,0.0,20.59109997935593,"11,11,3,8,8,3,8,8,10,3","0:6-11;1:13-11,0-11,6-11;2:4-3,3-4,10-3,3-10,12-3,1-3;3:0-8;4:0-8;5:10-3;6:1-8;7:0-8;8:1-10;9:1-3"
262,proposed_c2f_adaptive_pd,9,10,0.9,10,270,0.037037037037037035,10,0,10,0.0,0.0,356.2487832029051,227.62161153140508,0.9,9581.0,9581.0,0.0,5.862299993168563,"6,2,4,4,4,5,14,4,8,3",0:4-6;1:3-2;2:1-4;3:0-4;4:1-4;5:2-5;6:0-14;7:2-4;8:1-8;9:1-3
262,proposed_c2f_adaptive_pd_calibrated,9,10,0.9,10,270,0.037037037037037035,10,0,10,0.0,0.0,356.2487832029051,227.62161153140508,0.9,9581.0,9581.0,0.0,10.643200017511845,"6,2,4,4,4,5,14,4,8,3",0:4-6;1:3-2;2:1-4;3:0-4;4:1-4;5:2-5;6:0-14;7:2-4;8:1-8;9:1-3
263,proposed_c2f_adaptive_pd,8,10,0.8,12,240,0.05,10,0,10,0.0,0.0,2109.367256858115,337.3776234522279,0.8,11429.0,11429.0,0.0,2.940799982752651,"3,7,10,3,10,2,1,5,5,13",0:0-3;1:0-7;2:0-10;3:0-3;4:0-10;5:0-2;6:0-1;7:1-5;8:1-5;9:3-13
263,proposed_c2f_adaptive_pd_calibrated,8,10,0.8,13,240,0.05416666666666667,10,0,10,0.0,0.0,2109.367256858115,337.3776234522279,0.8,11429.0,11429.0,0.0,7.871500041801482,"3,7,10,3,10,2,1,5,5,13",0:0-3;1:0-7;2:0-10;3:0-3;4:0-10;5:0-2;6:0-1;7:1-5;8:1-5;9:3-13
264,proposed_c2f_adaptive_pd,10,10,1.0,15,300,0.05,10,0,10,0.0,0.0,1880.2513404872466,763.7358276732614,1.0,12346.0,12346.0,0.0,6.145799998193979,"4,1,2,10,3,7,7,7,9,4",0:0-4;1:0-1;2:0-2;3:0-10;4:2-3;5:3-7;6:3-7;7:3-7;8:5-9;9:0-4
264,proposed_c2f_adaptive_pd_calibrated,10,10,1.0,15,300,0.05,10,0,10,0.0,0.0,1880.2513404872466,763.7358276732614,1.0,12346.0,12346.0,0.0,8.580999972764403,"4,1,2,10,3,7,7,7,9,4",0:0-4;1:0-1;2:0-2;3:0-10;4:2-3;5:3-7;6:3-7;7:3-7;8:5-9;9:0-4
265,proposed_c2f_adaptive_pd,10,10,1.0,15,300,0.05,11,0,11,0.0,0.0,75412.6540788612,313.27516384733724,1.0,11796.0,11796.0,0.0,6.549999990966171,"8,5,0,14,5,6,2,0,0,0","0:3-8;1:1-5;2:9-0,4-0;3:1-14;4:1-5;5:3-6;6:0-2;7:1-0;8:1-0;9:1-0"
265,proposed_c2f_adaptive_pd_calibrated,10,10,1.0,15,300,0.05,11,0,11,0.0,0.0,75412.6540788612,313.27516384733724,1.0,11796.0,11796.0,0.0,13.412099971901625,"8,5,0,14,5,6,2,0,0,0","0:3-8;1:1-5;2:9-0,4-0;3:1-14;4:1-5;5:3-6;6:0-2;7:1-0;8:1-0;9:1-0"
266,proposed_c2f_adaptive_pd,10,10,1.0,9,300,0.03,10,0,10,0.0,0.0,2947.8653812018174,591.8959519529876,1.0,10813.0,10813.0,0.0,3.8952999748289585,"7,7,10,11,4,8,1,5,8,10",0:0-7;1:0-7;2:5-10;3:0-11;4:0-4;5:2-8;6:0-1;7:0-5;8:7-8;9:5-10
266,proposed_c2f_adaptive_pd_calibrated,10,10,1.0,9,300,0.03,10,0,10,0.0,0.0,2947.8653812018174,591.8959519529876,1.0,10813.0,10813.0,0.0,13.78780003869906,"7,7,10,11,4,8,1,5,8,10",0:0-7;1:0-7;2:5-10;3:0-11;4:0-4;5:2-8;6:0-1;7:0-5;8:7-8;9:5-10
267,proposed_c2f_adaptive_pd,10,10,1.0,15,300,0.05,13,1,12,640.0,1.0666666666666667,111.22923639986803,47.56828602747253,1.0,8195.0,8195.0,0.0,7.950700004585087,"12,0,2,11,4,11,2,0,12,11","0:0-12;1:1-0;2:1-2;3:2-11;4:1-4;5:1-11;6:0-2;7:1-0;8:1-12;9:9-11,2-11,11-9,4-11"
267,proposed_c2f_adaptive_pd_calibrated,10,10,1.0,16,300,0.05333333333333334,13,1,12,640.0,1.0666666666666667,111.22923639986803,47.56828602747253,1.0,8195.0,8195.0,0.0,15.732200001366436,"12,0,2,11,4,11,2,0,12,11","0:0-12;1:1-0;2:1-2;3:2-11;4:1-4;5:1-11;6:0-2;7:1-0;8:1-12;9:9-11,2-11,11-9,4-11"
268,proposed_c2f_adaptive_pd,10,10,1.0,24,300,0.08,10,0,10,0.0,0.0,991.661495401247,154.65573558826966,1.0,11121.0,11121.0,0.0,4.53370000468567,"3,5,6,1,9,2,2,8,8,7",0:5-3;1:3-5;2:0-6;3:0-1;4:0-9;5:0-2;6:0-2;7:1-8;8:1-8;9:0-7
268,proposed_c2f_adaptive_pd_calibrated,10,10,1.0,24,300,0.08,10,0,10,0.0,0.0,991.661495401247,154.65573558826966,1.0,11121.0,11121.0,0.0,10.666400019545108,"3,5,6,1,9,2,2,8,8,7",0:5-3;1:3-5;2:0-6;3:0-1;4:0-9;5:0-2;6:0-2;7:1-8;8:1-8;9:0-7
269,proposed_c2f_adaptive_pd,9,10,0.9,15,300,0.05,20,2,18,1280.0,2.1333333333333333,8384.60734119088,41.97800425428282,1.0,14998.0,14998.0,0.0,11.422300012782216,"6,12,14,8,2,14,8,8,7,0","0:1-6;1:0-12;2:0-14;3:11-8,3-8,12-8,2-8,5-8,8-3;4:12-2;5:1-14;6:3-8,11-8,12-8,2-8,5-8,8-3;7:2-8;8:0-7;9:1-0"
269,proposed_c2f_adaptive_pd_calibrated,9,10,0.9,15,300,0.05,20,2,18,1280.0,2.1333333333333333,8384.60734119088,41.97800425428282,1.0,14998.0,14998.0,0.0,23.744900012388825,"6,12,14,8,2,14,8,8,7,0","0:1-6;1:0-12;2:0-14;3:11-8,3-8,12-8,2-8,5-8,8-3;4:12-2;5:1-14;6:3-8,11-8,12-8,2-8,5-8,8-3;7:2-8;8:0-7;9:1-0"
270,proposed_c2f_adaptive_pd,10,10,1.0,6,300,0.02,10,0,10,0.0,0.0,7341.731284627118,177.1426009131757,1.0,8041.0,8041.0,0.0,6.0125000309199095,"11,5,3,11,5,2,2,14,2,4",0:0-11;1:2-5;2:1-3;3:2-11;4:1-5;5:0-2;6:3-2;7:2-14;8:0-2;9:0-4
270,proposed_c2f_adaptive_pd_calibrated,10,10,1.0,6,300,0.02,10,0,10,0.0,0.0,7341.731284627118,177.1426009131757,1.0,8041.0,8041.0,0.0,8.211800013668835,"11,5,3,11,5,2,2,14,2,4",0:0-11;1:2-5;2:1-3;3:2-11;4:1-5;5:0-2;6:3-2;7:2-14;8:0-2;9:0-4
271,proposed_c2f_adaptive_pd,9,10,0.9,17,300,0.056666666666666664,10,0,10,0.0,0.0,1199.5204816582166,233.53769250266396,1.0,11121.0,11121.0,0.0,6.483700009994209,"13,3,13,1,11,1,3,0,12,9",0:0-13;1:0-3;2:4-13;3:4-1;4:5-11;5:3-1;6:0-3;7:2-0;8:1-12;9:4-9
271,proposed_c2f_adaptive_pd_calibrated,9,10,0.9,17,300,0.056666666666666664,10,0,10,0.0,0.0,1199.5204816582166,233.53769250266396,1.0,11121.0,11121.0,0.0,12.156199954915792,"13,3,13,1,11,1,3,0,12,9",0:0-13;1:0-3;2:4-13;3:4-1;4:5-11;5:3-1;6:0-3;7:2-0;8:1-12;9:4-9
272,proposed_c2f_adaptive_pd,10,10,1.0,18,300,0.06,10,0,10,0.0,0.0,39633.937554427066,849.874994133635,1.0,9427.0,9427.0,0.0,4.55900002270937,"9,14,5,13,14,14,6,6,1,7",0:0-9;1:5-14;2:0-5;3:0-13;4:0-14;5:5-14;6:1-6;7:1-6;8:12-1;9:0-7
272,proposed_c2f_adaptive_pd_calibrated,10,10,1.0,18,300,0.06,10,0,10,0.0,0.0,39633.937554427066,849.874994133635,1.0,9427.0,9427.0,0.0,10.474300011992455,"9,14,5,13,14,14,6,6,1,7",0:0-9;1:5-14;2:0-5;3:0-13;4:0-14;5:5-14;6:1-6;7:1-6;8:12-1;9:0-7
273,proposed_c2f_adaptive_pd,10,10,1.0,15,300,0.05,10,0,10,0.0,0.0,2415.94697118705,474.9069676108105,1.0,12423.0,12423.0,0.0,5.955500004347414,"8,14,3,13,3,1,10,9,14,1",0:0-8;1:0-14;2:7-3;3:0-13;4:7-3;5:3-1;6:0-10;7:5-9;8:0-14;9:0-1
273,proposed_c2f_adaptive_pd_calibrated,10,10,1.0,15,300,0.05,10,0,10,0.0,0.0,2415.94697118705,474.9069676108105,1.0,12423.0,12423.0,0.0,13.780700042843819,"8,14,3,13,3,1,10,9,14,1",0:0-8;1:0-14;2:7-3;3:0-13;4:7-3;5:3-1;6:0-10;7:5-9;8:0-14;9:0-1
274,proposed_c2f_adaptive_pd,10,10,1.0,23,300,0.07666666666666666,16,3,13,1920.0,3.2,3770.1868062695125,74.10998663594184,1.0,20485.0,20485.0,0.0,7.422199996653944,"6,6,6,6,13,5,0,6,8,13","0:9-6;1:9-6;2:0-6,6-0,6-8,8-6,9-0,9-6;3:0-6;4:1-13;5:0-5;6:1-0;7:0-6,8-6;8:0-8;9:0-13"
274,proposed_c2f_adaptive_pd_calibrated,10,10,1.0,23,300,0.07666666666666666,16,3,13,1920.0,3.2,3770.1868062695125,74.10998663594184,1.0,20485.0,20485.0,0.0,19.11590003874153,"6,6,6,6,13,5,0,6,8,13","0:9-6;1:9-6;2:0-6,6-0,6-8,8-6,9-0,9-6;3:0-6;4:1-13;5:0-5;6:1-0;7:0-6,8-6;8:0-8;9:0-13"
275,proposed_c2f_adaptive_pd,10,10,1.0,13,300,0.043333333333333335,10,0,10,0.0,0.0,717.8908130663164,308.49675777158006,1.0,11891.0,11891.0,0.0,5.753400037065148,"10,2,12,1,1,13,7,7,7,9",0:1-10;1:0-2;2:1-12;3:2-1;4:2-1;5:1-13;6:1-7;7:1-7;8:1-7;9:0-9
275,proposed_c2f_adaptive_pd_calibrated,10,10,1.0,13,300,0.043333333333333335,10,0,10,0.0,0.0,717.8908130663164,308.49675777158006,1.0,11891.0,11891.0,0.0,9.939200012013316,"10,2,12,1,1,13,7,7,7,9",0:1-10;1:0-2;2:1-12;3:2-1;4:2-1;5:1-13;6:1-7;7:1-7;8:1-7;9:0-9
276,proposed_c2f_adaptive_pd,9,10,0.9,10,300,0.03333333333333333,10,0,10,0.0,0.0,6620.390610390877,215.198163844855,1.0,7887.0,7887.0,0.0,4.3110999977216125,"10,5,8,9,10,6,14,13,9,10",0:0-10;1:1-5;2:0-8;3:0-9;4:0-10;5:0-6;6:0-14;7:7-13;8:2-9;9:0-10
276,proposed_c2f_adaptive_pd_calibrated,9,10,0.9,11,300,0.03666666666666667,10,0,10,0.0,0.0,6620.390610390877,215.198163844855,1.0,7887.0,7887.0,0.0,9.720999980345368,"10,5,8,9,10,6,14,13,9,10",0:0-10;1:1-5;2:0-8;3:0-9;4:0-10;5:0-6;6:0-14;7:7-13;8:2-9;9:0-10
277,proposed_c2f_adaptive_pd,10,10,1.0,16,300,0.05333333333333334,10,0,10,0.0,0.0,31950.767693442398,1925.797920509226,1.0,8503.0,8503.0,0.0,6.167199986521155,"5,10,2,6,0,8,11,0,5,9",0:2-5;1:2-10;2:0-2;3:4-6;4:2-0;5:1-8;6:1-11;7:2-0;8:2-5;9:0-9
277,proposed_c2f_adaptive_pd_calibrated,10,10,1.0,17,300,0.056666666666666664,10,0,10,0.0,0.0,31950.767693442398,1925.797920509226,1.0,8503.0,8503.0,0.0,11.266799992881715,"5,10,2,6,0,8,11,0,5,9",0:2-5;1:2-10;2:0-2;3:4-6;4:2-0;5:1-8;6:1-11;7:2-0;8:2-5;9:0-9
278,proposed_c2f_adaptive_pd,9,10,0.9,9,300,0.03,10,0,10,0.0,0.0,41432.936034574275,505.21140067715663,1.0,10813.0,10813.0,0.0,4.789600032381713,"12,9,10,14,10,10,7,9,6,7",0:5-12;1:0-9;2:0-10;3:0-14;4:0-10;5:0-10;6:0-7;7:0-9;8:9-6;9:0-7
278,proposed_c2f_adaptive_pd_calibrated,9,10,0.9,9,300,0.03,10,0,10,0.0,0.0,41432.936034574275,505.21140067715663,1.0,10813.0,10813.0,0.0,12.784400023519993,"12,9,10,14,10,10,7,9,6,7",0:5-12;1:0-9;2:0-10;3:0-14;4:0-10;5:0-10;6:0-7;7:0-9;8:9-6;9:0-7
279,proposed_c2f_adaptive_pd,10,10,1.0,16,300,0.05333333333333334,10,0,10,0.0,0.0,8411.108012224382,576.9729713788845,1.0,12423.0,12423.0,0.0,4.62560000596568,"12,5,12,8,6,14,3,0,0,5",0:1-12;1:0-5;2:1-12;3:1-8;4:0-6;5:0-14;6:0-3;7:2-0;8:4-0;9:4-5
279,proposed_c2f_adaptive_pd_calibrated,10,10,1.0,16,300,0.05333333333333334,10,0,10,0.0,0.0,8411.108012224382,576.9729713788845,1.0,12423.0,12423.0,0.0,11.591400019824505,"12,5,12,8,6,14,3,0,0,5",0:1-12;1:0-5;2:1-12;3:1-8;4:0-6;5:0-14;6:0-3;7:2-0;8:4-0;9:4-5
280,proposed_c2f_adaptive_pd,10,10,1.0,15,300,0.05,10,0,10,0.0,0.0,867.5703214659245,225.77190886397312,1.0,13620.0,13620.0,0.0,6.366899993736297,"2,10,9,6,7,6,10,3,9,0",0:4-2;1:4-10;2:0-9;3:0-6;4:0-7;5:1-6;6:4-10;7:0-3;8:0-9;9:3-0
280,proposed_c2f_adaptive_pd_calibrated,10,10,1.0,15,300,0.05,10,0,10,0.0,0.0,867.5703214659245,225.77190886397312,1.0,13620.0,13620.0,0.0,13.47509998595342,"2,10,9,6,7,6,10,3,9,0",0:4-2;1:4-10;2:0-9;3:0-6;4:0-7;5:1-6;6:4-10;7:0-3;8:0-9;9:3-0
281,proposed_c2f_adaptive_pd,10,10,1.0,12,300,0.04,10,0,10,0.0,0.0,326.5026783548041,86.26681587582814,1.0,10575.0,10575.0,0.0,4.609600000549108,"1,13,0,5,3,0,0,9,13,14",0:3-1;1:1-13;2:10-0;3:1-5;4:1-3;5:2-0;6:1-0;7:1-9;8:0-13;9:1-14
281,proposed_c2f_adaptive_pd_calibrated,10,10,1.0,12,300,0.04,10,0,10,0.0,0.0,326.5026783548041,86.26681587582814,1.0,10575.0,10575.0,0.0,13.08399997651577,"1,13,0,5,3,0,0,9,13,14",0:3-1;1:1-13;2:10-0;3:1-5;4:1-3;5:2-0;6:1-0;7:1-9;8:0-13;9:1-14
282,proposed_c2f_adaptive_pd,10,10,1.0,16,300,0.05333333333333334,10,0,10,0.0,0.0,1429.6624066571726,519.1030207206446,1.0,9427.0,9427.0,0.0,3.457799961324781,"8,3,6,13,3,10,9,3,1,3",0:0-8;1:2-3;2:0-6;3:2-13;4:0-3;5:0-10;6:0-9;7:0-3;8:0-1;9:1-3
282,proposed_c2f_adaptive_pd_calibrated,10,10,1.0,16,300,0.05333333333333334,10,0,10,0.0,0.0,1429.6624066571726,519.1030207206446,1.0,9427.0,9427.0,0.0,12.188099964987487,"8,3,6,13,3,10,9,3,1,3",0:0-8;1:2-3;2:0-6;3:2-13;4:0-3;5:0-10;6:0-9;7:0-3;8:0-1;9:1-3
283,proposed_c2f_adaptive_pd,10,10,1.0,15,300,0.05,12,1,11,640.0,1.0666666666666667,18083.517988213316,393.73570971039226,1.0,13286.0,13286.0,0.0,7.197000028099865,"1,1,10,1,12,1,11,0,13,14","0:2-1;1:2-1;2:3-10;3:9-1;4:12-3,3-12,11-12;5:2-1;6:0-11;7:7-0;8:1-13;9:6-14"
283,proposed_c2f_adaptive_pd_calibrated,10,10,1.0,15,300,0.05,12,1,11,640.0,1.0666666666666667,18083.517988213316,393.73570971039226,1.0,13286.0,13286.0,0.0,15.038800018373877,"1,1,10,1,12,1,11,0,13,14","0:2-1;1:2-1;2:3-10;3:9-1;4:12-3,3-12,11-12;5:2-1;6:0-11;7:7-0;8:1-13;9:6-14"
284,proposed_c2f_adaptive_pd,9,10,0.9,8,300,0.02666666666666667,23,3,20,1920.0,3.2,472.0213124031143,62.605489250611484,1.0,24520.0,24520.0,0.0,12.217699957545847,"7,0,5,5,5,0,3,0,5,13","0:1-7,0-7,7-1,14-7,7-13,13-7;1:7-0,8-0,0-8,1-0,14-0,13-0;2:1-5;3:1-5;4:1-5;5:8-0,7-0;6:1-3;7:7-0,1-0,8-0;8:8-5;9:1-13"
284,proposed_c2f_adaptive_pd_calibrated,9,10,0.9,8,300,0.02666666666666667,23,3,20,1920.0,3.2,472.0213124031143,62.605489250611484,1.0,24520.0,24520.0,0.0,27.177700016181916,"7,0,5,5,5,0,3,0,5,13","0:1-7,0-7,7-1,14-7,7-13,13-7;1:7-0,8-0,0-8,1-0,14-0,13-0;2:1-5;3:1-5;4:1-5;5:8-0,7-0;6:1-3;7:7-0,1-0,8-0;8:8-5;9:1-13"
285,proposed_c2f_adaptive_pd,10,10,1.0,13,300,0.043333333333333335,12,1,11,640.0,1.0666666666666667,66981.85988386374,136.02024629784222,1.0,11084.0,11084.0,0.0,7.2619999991729856,"13,5,2,14,13,14,0,3,9,1","0:0-13;1:10-5;2:1-2;3:0-14;4:4-13,13-4,7-13;5:3-14;6:4-0;7:7-3;8:7-9;9:0-1"
285,proposed_c2f_adaptive_pd_calibrated,10,10,1.0,13,300,0.043333333333333335,12,1,11,640.0,1.0666666666666667,66981.85988386374,136.02024629784222,1.0,11084.0,11084.0,0.0,13.490299985278398,"13,5,2,14,13,14,0,3,9,1","0:0-13;1:10-5;2:1-2;3:0-14;4:4-13,13-4,7-13;5:3-14;6:4-0;7:7-3;8:7-9;9:0-1"
286,proposed_c2f_adaptive_pd,10,10,1.0,17,300,0.056666666666666664,10,0,10,0.0,0.0,912.909288455691,438.39507969759484,1.0,9427.0,9427.0,0.0,3.602400014642626,"10,11,13,13,5,8,12,5,10,2",0:1-10;1:1-11;2:0-13;3:0-13;4:0-5;5:2-8;6:2-12;7:0-5;8:0-10;9:3-2
286,proposed_c2f_adaptive_pd_calibrated,10,10,1.0,17,300,0.056666666666666664,10,0,10,0.0,0.0,912.909288455691,438.39507969759484,1.0,9427.0,9427.0,0.0,9.224999987054616,"10,11,13,13,5,8,12,5,10,2",0:1-10;1:1-11;2:0-13;3:0-13;4:0-5;5:2-8;6:2-12;7:0-5;8:0-10;9:3-2
287,proposed_c2f_adaptive_pd,10,10,1.0,20,300,0.06666666666666667,10,0,10,0.0,0.0,1248.0696774067615,186.71897327208498,1.0,12688.0,12688.0,0.0,4.2443000129424036,"10,12,4,6,1,2,13,7,7,7",0:0-10;1:3-12;2:0-4;3:0-6;4:2-1;5:0-2;6:4-13;7:4-7;8:0-7;9:11-7
287,proposed_c2f_adaptive_pd_calibrated,10,10,1.0,20,300,0.06666666666666667,10,0,10,0.0,0.0,1248.0696774067615,186.71897327208498,1.0,12688.0,12688.0,0.0,12.643399997614324,"10,12,4,6,1,2,13,7,7,7",0:0-10;1:3-12;2:0-4;3:0-6;4:2-1;5:0-2;6:4-13;7:4-7;8:0-7;9:11-7
288,proposed_c2f_adaptive_pd,10,10,1.0,14,300,0.04666666666666667,10,0,10,0.0,0.0,1420.1894560067726,993.6053345977798,1.0,11275.0,11275.0,0.0,5.730899982154369,"14,3,12,1,4,12,2,14,9,1",0:0-14;1:0-3;2:0-12;3:5-1;4:0-4;5:1-12;6:0-2;7:2-14;8:1-9;9:11-1
288,proposed_c2f_adaptive_pd_calibrated,10,10,1.0,14,300,0.04666666666666667,10,0,10,0.0,0.0,1420.1894560067726,993.6053345977798,1.0,11275.0,11275.0,0.0,9.243900014553219,"14,3,12,1,4,12,2,14,9,1",0:0-14;1:0-3;2:0-12;3:5-1;4:0-4;5:1-12;6:0-2;7:2-14;8:1-9;9:11-1
289,proposed_c2f_adaptive_pd,10,10,1.0,14,300,0.04666666666666667,11,0,11,0.0,0.0,2874.5648142358036,45.068912208114696,1.0,8772.0,8772.0,0.0,3.936199995223433,"7,13,9,10,7,2,7,6,10,8","0:5-7,13-7;1:9-13;2:1-9;3:0-10;4:0-7;5:3-2;6:0-7;7:0-6;8:0-10;9:0-8"
289,proposed_c2f_adaptive_pd_calibrated,10,10,1.0,14,300,0.04666666666666667,11,0,11,0.0,0.0,2874.5648142358036,45.068912208114696,1.0,8772.0,8772.0,0.0,16.283800010569394,"7,13,9,10,7,2,7,6,10,8","0:5-7,13-7;1:9-13;2:1-9;3:0-10;4:0-7;5:3-2;6:0-7;7:0-6;8:0-10;9:0-8"
290,proposed_c2f_adaptive_pd,10,10,1.0,17,300,0.056666666666666664,10,0,10,0.0,0.0,993.155406532385,742.095964907267,1.0,12087.0,12087.0,0.0,5.213199998252094,"2,4,5,11,2,12,12,11,4,11",0:6-2;1:1-4;2:0-5;3:0-11;4:5-2;5:0-12;6:1-12;7:0-11;8:1-4;9:0-11
290,proposed_c2f_adaptive_pd_calibrated,10,10,1.0,17,300,0.056666666666666664,10,0,10,0.0,0.0,993.155406532385,742.095964907267,1.0,12087.0,12087.0,0.0,13.473899976816028,"2,4,5,11,2,12,12,11,4,11",0:6-2;1:1-4;2:0-5;3:0-11;4:5-2;5:0-12;6:1-12;7:0-11;8:1-4;9:0-11
291,proposed_c2f_adaptive_pd,10,10,1.0,18,300,0.06,10,0,10,0.0,0.0,780.7781998674307,297.6254120127313,1.0,8503.0,8503.0,0.0,3.4696999937295914,"12,4,14,13,6,2,8,8,6,8",0:0-12;1:1-4;2:0-14;3:9-13;4:0-6;5:0-2;6:0-8;7:0-8;8:0-6;9:0-8
291,proposed_c2f_adaptive_pd_calibrated,10,10,1.0,18,300,0.06,10,0,10,0.0,0.0,780.7781998674307,297.6254120127313,1.0,8503.0,8503.0,0.0,12.195600022096187,"12,4,14,13,6,2,8,8,6,8",0:0-12;1:1-4;2:0-14;3:9-13;4:0-6;5:0-2;6:0-8;7:0-8;8:0-6;9:0-8
292,proposed_c2f_adaptive_pd,10,10,1.0,10,300,0.03333333333333333,10,0,10,0.0,0.0,13490.968023900205,1381.547534215203,1.0,12759.0,12759.0,0.0,4.489599959924817,"0,4,10,7,0,5,1,9,8,14",0:1-0;1:1-4;2:14-10;3:2-7;4:1-0;5:0-5;6:0-1;7:0-9;8:12-8;9:1-14
292,proposed_c2f_adaptive_pd_calibrated,10,10,1.0,10,300,0.03333333333333333,10,0,10,0.0,0.0,13490.968023900205,1381.547534215203,1.0,12759.0,12759.0,0.0,11.438199959229678,"0,4,10,7,0,5,1,9,8,14",0:1-0;1:1-4;2:14-10;3:2-7;4:1-0;5:0-5;6:0-1;7:0-9;8:12-8;9:1-14
293,proposed_c2f_adaptive_pd,10,10,1.0,17,300,0.056666666666666664,18,2,16,1280.0,2.1333333333333333,14505.160388079477,352.0447934821894,1.0,16462.0,16462.0,0.0,9.836899989750236,"9,5,14,12,14,14,9,9,9,6","0:1-9;1:0-5;2:4-14;3:0-12;4:1-14;5:7-14,14-7,13-14,4-14,12-14;6:3-9;7:3-9;8:3-9,9-3,11-9,5-9,1-9;9:0-6"
293,proposed_c2f_adaptive_pd_calibrated,10,10,1.0,17,300,0.056666666666666664,18,2,16,1280.0,2.1333333333333333,14505.160388079477,352.0447934821894,1.0,16462.0,16462.0,0.0,20.987399970181286,"9,5,14,12,14,14,9,9,9,6","0:1-9;1:0-5;2:4-14;3:0-12;4:1-14;5:7-14,14-7,13-14,4-14,12-14;6:3-9;7:3-9;8:3-9,9-3,11-9,5-9,1-9;9:0-6"
294,proposed_c2f_adaptive_pd,10,10,1.0,14,300,0.04666666666666667,15,3,12,1920.0,3.2,786.2113937346435,277.62419326572683,1.0,10951.0,10951.0,0.0,9.128500008955598,"5,5,10,14,3,6,8,3,1,3","0:7-5;1:0-5;2:1-10;3:0-14;4:12-3,14-3,3-14,3-12,3-6,6-3;5:0-6;6:0-8;7:12-3;8:2-1;9:12-3"
294,proposed_c2f_adaptive_pd_calibrated,10,10,1.0,14,300,0.04666666666666667,15,3,12,1920.0,3.2,786.2113937346435,277.62419326572683,1.0,10951.0,10951.0,0.0,14.309499994851649,"5,5,10,14,3,6,8,3,1,3","0:7-5;1:0-5;2:1-10;3:0-14;4:12-3,14-3,3-14,3-12,3-6,6-3;5:0-6;6:0-8;7:12-3;8:2-1;9:12-3"
295,proposed_c2f_adaptive_pd,10,10,1.0,16,300,0.05333333333333334,10,0,10,0.0,0.0,509.01547134580676,252.66434280773586,1.0,9889.0,9889.0,0.0,5.2356000524014235,"10,14,14,0,4,12,13,4,9,1",0:0-10;1:1-14;2:4-14;3:10-0;4:5-4;5:5-12;6:1-13;7:5-4;8:0-9;9:0-1
295,proposed_c2f_adaptive_pd_calibrated,10,10,1.0,16,300,0.05333333333333334,10,0,10,0.0,0.0,509.01547134580676,252.66434280773586,1.0,9889.0,9889.0,0.0,14.226700004655868,"10,14,14,0,4,12,13,4,9,1",0:0-10;1:1-14;2:4-14;3:10-0;4:5-4;5:5-12;6:1-13;7:5-4;8:0-9;9:0-1
296,proposed_c2f_adaptive_pd,9,10,0.9,11,270,0.040740740740740744,17,3,14,1920.0,3.2,360.53973525490346,119.63277347694856,0.9411764705882353,18389.0,18389.0,0.0,7.372799969743937,"11,3,4,10,11,11,3,10,6,5","0:8-11,11-12,12-11,8-12,10-11,13-11;1:7-3;2:1-4;3:0-10;4:4-11;5:11-12,12-11,8-11;6:0-3;7:0-10;8:1-6;9:11-5"
296,proposed_c2f_adaptive_pd_calibrated,9,10,0.9,11,270,0.040740740740740744,17,3,14,1920.0,3.2,360.53973525490346,119.63277347694856,0.9411764705882353,18389.0,18389.0,0.0,18.517899967264384,"11,3,4,10,11,11,3,10,6,5","0:8-11,11-12,12-11,8-12,10-11,13-11;1:7-3;2:1-4;3:0-10;4:4-11;5:11-12,12-11,8-11;6:0-3;7:0-10;8:1-6;9:11-5"
297,proposed_c2f_adaptive_pd,10,10,1.0,17,300,0.056666666666666664,16,2,14,1280.0,2.1333333333333333,3396.4184322393025,101.09618112550123,1.0,18011.0,18011.0,0.0,9.994600026402622,"4,12,1,6,5,12,4,3,12,7","0:0-4;1:0-12;2:0-1;3:5-6;4:2-5;5:0-12,1-12,13-12,12-0,12-1,3-12;6:0-4;7:0-3,12-3;8:0-12;9:2-7"
297,proposed_c2f_adaptive_pd_calibrated,10,10,1.0,17,300,0.056666666666666664,16,2,14,1280.0,2.1333333333333333,3396.4184322393025,101.09618112550123,1.0,18011.0,18011.0,0.0,20.402800000738353,"4,12,1,6,5,12,4,3,12,7","0:0-4;1:0-12;2:0-1;3:5-6;4:2-5;5:0-12,1-12,13-12,12-0,12-1,3-12;6:0-4;7:0-3,12-3;8:0-12;9:2-7"
298,proposed_c2f_adaptive_pd,10,10,1.0,17,300,0.056666666666666664,10,0,10,0.0,0.0,1828.9374938260025,272.5809360941601,1.0,10043.0,10043.0,0.0,4.34260000474751,"7,1,0,14,4,8,10,14,2,10",0:9-7;1:0-1;2:1-0;3:5-14;4:0-4;5:2-8;6:2-10;7:5-14;8:3-2;9:1-10
298,proposed_c2f_adaptive_pd_calibrated,10,10,1.0,17,300,0.056666666666666664,10,0,10,0.0,0.0,1828.9374938260025,272.5809360941601,1.0,10043.0,10043.0,0.0,11.320199992042035,"7,1,0,14,4,8,10,14,2,10",0:9-7;1:0-1;2:1-0;3:5-14;4:0-4;5:2-8;6:2-10;7:5-14;8:3-2;9:1-10
299,proposed_c2f_adaptive_pd,10,10,1.0,11,300,0.03666666666666667,11,0,11,0.0,0.0,4617.278727478561,560.9128970937003,1.0,12468.0,12468.0,0.0,4.043900000397116,"14,12,14,0,14,6,7,0,7,5","0:0-14;1:0-12;2:0-14;3:5-0;4:0-14;5:0-6;6:0-7;7:14-0;8:5-7,8-7;9:0-5"
299,proposed_c2f_adaptive_pd_calibrated,10,10,1.0,13,300,0.043333333333333335,11,0,11,0.0,0.0,4617.278727478561,560.9128970937003,1.0,12468.0,12468.0,0.0,11.39339996734634,"14,12,14,0,14,6,7,0,7,5","0:0-14;1:0-12;2:0-14;3:5-0;4:0-14;5:0-6;6:0-7;7:14-0;8:5-7,8-7;9:0-5"
300,proposed_c2f_adaptive_pd,10,10,1.0,15,300,0.05,10,0,10,0.0,0.0,1927.5344612627355,470.86653505965194,1.0,11919.0,11919.0,0.0,5.607100029010326,"9,13,6,5,9,8,4,0,12,13",0:0-9;1:4-13;2:4-6;3:1-5;4:0-9;5:2-8;6:13-4;7:1-0;8:4-12;9:4-13
300,proposed_c2f_adaptive_pd_calibrated,10,10,1.0,15,300,0.05,10,0,10,0.0,0.0,1927.5344612627355,470.86653505965194,1.0,11919.0,11919.0,0.0,12.697500002104789,"9,13,6,5,9,8,4,0,12,13",0:0-9;1:4-13;2:4-6;3:1-5;4:0-9;5:2-8;6:13-4;7:1-0;8:4-12;9:4-13
301,proposed_c2f_adaptive_pd,9,10,0.9,15,300,0.05,10,1,9,640.0,1.0666666666666667,971.5905796729633,135.37857736918087,1.0,9889.0,9889.0,0.0,5.226000037509948,"7,1,4,9,11,14,4,1,10,2",0:1-7;1:0-1;2:0-4;3:0-9;4:0-11;5:9-14;6:2-4;7:0-1;8:3-11;9:4-2
301,proposed_c2f_adaptive_pd_calibrated,9,10,0.9,16,300,0.05333333333333334,10,1,9,640.0,1.0666666666666667,971.5905796729633,135.37857736918087,1.0,9889.0,9889.0,0.0,11.153300001751631,"7,1,4,9,11,14,4,1,10,2",0:1-7;1:0-1;2:0-4;3:0-9;4:0-11;5:9-14;6:2-4;7:0-1;8:3-11;9:4-2
302,proposed_c2f_adaptive_pd,10,10,1.0,11,300,0.03666666666666667,11,0,11,0.0,0.0,2455.2921055320203,988.4825620504894,1.0,10914.0,10914.0,0.0,5.783999979030341,"7,13,3,8,6,4,4,11,10,14","0:2-7;1:0-13;2:0-3;3:0-8;4:0-6;5:12-4;6:0-4;7:5-11;8:7-10,8-10;9:1-14"
302,proposed_c2f_adaptive_pd_calibrated,10,10,1.0,11,300,0.03666666666666667,11,0,11,0.0,0.0,2455.2921055320203,988.4825620504894,1.0,10914.0,10914.0,0.0,12.892200029455125,"7,13,3,8,6,4,4,11,10,14","0:2-7;1:0-13;2:0-3;3:0-8;4:0-6;5:12-4;6:0-4;7:5-11;8:7-10,8-10;9:1-14"
303,proposed_c2f_adaptive_pd,10,10,1.0,12,300,0.04,10,0,10,0.0,0.0,6259.898818265357,345.27473374796557,1.0,10659.0,10659.0,0.0,5.513399955816567,"6,5,6,5,0,2,10,2,10,0",0:13-6;1:0-5;2:3-6;3:0-5;4:1-0;5:0-2;6:0-10;7:3-2;8:0-10;9:1-0
303,proposed_c2f_adaptive_pd_calibrated,10,10,1.0,13,300,0.043333333333333335,10,0,10,0.0,0.0,6259.898818265357,345.27473374796557,1.0,10659.0,10659.0,0.0,10.126499983016402,"6,5,6,5,0,2,10,2,10,0",0:13-6;1:0-5;2:3-6;3:0-5;4:1-0;5:0-2;6:0-10;7:3-2;8:0-10;9:1-0
304,proposed_c2f_adaptive_pd,10,10,1.0,12,300,0.04,10,0,10,0.0,0.0,1966.137471744747,1050.4617312050866,1.0,9119.0,9119.0,0.0,4.371300048660487,"11,3,14,10,3,11,11,12,14,11",0:1-11;1:0-3;2:5-14;3:1-10;4:0-3;5:1-11;6:1-11;7:0-12;8:2-14;9:1-11
304,proposed_c2f_adaptive_pd_calibrated,10,10,1.0,12,300,0.04,10,0,10,0.0,0.0,1966.137471744747,1050.4617312050866,1.0,9119.0,9119.0,0.0,13.40409996919334,"11,3,14,10,3,11,11,12,14,11",0:1-11;1:0-3;2:5-14;3:1-10;4:0-3;5:1-11;6:1-11;7:0-12;8:2-14;9:1-11
305,proposed_c2f_adaptive_pd,9,10,0.9,14,300,0.04666666666666667,12,0,12,0.0,0.0,3896.4010457898607,1568.782856796195,1.0,16601.0,16601.0,0.0,5.933400010690093,"3,1,5,10,11,10,6,7,10,10","0:10-3;1:2-1;2:0-5;3:3-10,9-10,4-10;4:0-11;5:1-10;6:0-6;7:0-7;8:1-10;9:11-10"
305,proposed_c2f_adaptive_pd_calibrated,9,10,0.9,14,300,0.04666666666666667,12,0,12,0.0,0.0,3896.4010457898607,1568.782856796195,1.0,16601.0,16601.0,0.0,14.035600004717708,"3,1,5,10,11,10,6,7,10,10","0:10-3;1:2-1;2:0-5;3:3-10,9-10,4-10;4:0-11;5:1-10;6:0-6;7:0-7;8:1-10;9:11-10"
306,proposed_c2f_adaptive_pd,10,10,1.0,7,300,0.023333333333333334,10,0,10,0.0,0.0,229305.32809357223,637.2358076140868,1.0,11415.0,11415.0,0.0,5.076600005850196,"6,10,5,7,10,7,4,2,3,12",0:1-6;1:0-10;2:0-5;3:0-7;4:2-10;5:0-7;6:0-4;7:1-2;8:0-3;9:0-12
306,proposed_c2f_adaptive_pd_calibrated,10,10,1.0,7,300,0.023333333333333334,10,0,10,0.0,0.0,229305.32809357223,637.2358076140868,1.0,11415.0,11415.0,0.0,13.9315000269562,"6,10,5,7,10,7,4,2,3,12",0:1-6;1:0-10;2:0-5;3:0-7;4:2-10;5:0-7;6:0-4;7:1-2;8:0-3;9:0-12
307,proposed_c2f_adaptive_pd,10,10,1.0,7,300,0.023333333333333334,14,1,13,640.0,1.0666666666666667,47072.03336446634,2544.0315514181098,1.0,13141.0,13141.0,0.0,6.2204000423662364,"11,14,2,12,6,6,4,7,12,13","0:0-11;1:0-14;2:0-2;3:2-12;4:0-6;5:0-6;6:7-4;7:12-7,7-12,2-7,4-7,6-7;8:0-12;9:5-13"
307,proposed_c2f_adaptive_pd_calibrated,10,10,1.0,7,300,0.023333333333333334,14,1,13,640.0,1.0666666666666667,47072.03336446634,2544.0315514181098,1.0,13141.0,13141.0,0.0,16.837899980600923,"11,14,2,12,6,6,4,7,12,13","0:0-11;1:0-14;2:0-2;3:2-12;4:0-6;5:0-6;6:7-4;7:12-7,7-12,2-7,4-7,6-7;8:0-12;9:5-13"
308,proposed_c2f_adaptive_pd,9,10,0.9,6,270,0.022222222222222223,10,0,10,0.0,0.0,8125.99907074274,398.6219143017088,0.9,12199.0,12199.0,0.0,5.128599994350225,"9,1,13,12,6,10,6,9,12,14",0:0-9;1:0-1;2:0-13;3:0-12;4:0-6;5:1-10;6:0-6;7:0-9;8:0-12;9:0-14
308,proposed_c2f_adaptive_pd_calibrated,9,10,0.9,6,270,0.022222222222222223,10,0,10,0.0,0.0,8125.99907074274,398.6219143017088,0.9,12199.0,12199.0,0.0,12.875000014901161,"9,1,13,12,6,10,6,9,12,14",0:0-9;1:0-1;2:0-13;3:0-12;4:0-6;5:1-10;6:0-6;7:0-9;8:0-12;9:0-14
309,proposed_c2f_adaptive_pd,9,10,0.9,14,300,0.04666666666666667,10,0,10,0.0,0.0,4261.333620027941,1202.6865434491808,1.0,8055.0,8055.0,0.0,5.381800001487136,"10,8,5,4,2,3,1,7,3,9",0:1-10;1:1-8;2:0-5;3:0-4;4:0-2;5:14-3;6:0-1;7:4-7;8:1-3;9:0-9
309,proposed_c2f_adaptive_pd_calibrated,9,10,0.9,14,300,0.04666666666666667,10,0,10,0.0,0.0,4261.333620027941,1202.6865434491808,1.0,8055.0,8055.0,0.0,8.011300000362098,"10,8,5,4,2,3,1,7,3,9",0:1-10;1:1-8;2:0-5;3:0-4;4:0-2;5:14-3;6:0-1;7:4-7;8:1-3;9:0-9
310,proposed_c2f_adaptive_pd,10,10,1.0,21,300,0.07,10,0,10,0.0,0.0,4454.283763518161,282.1737214379992,1.0,10043.0,10043.0,0.0,3.5401000059209764,"1,13,3,3,9,4,11,8,0,8",0:0-1;1:0-13;2:1-3;3:1-3;4:0-9;5:5-4;6:0-11;7:0-8;8:1-0;9:1-8
310,proposed_c2f_adaptive_pd_calibrated,10,10,1.0,21,300,0.07,10,0,10,0.0,0.0,4454.283763518161,282.1737214379992,1.0,10043.0,10043.0,0.0,11.428600002545863,"1,13,3,3,9,4,11,8,0,8",0:0-1;1:0-13;2:1-3;3:1-3;4:0-9;5:5-4;6:0-11;7:0-8;8:1-0;9:1-8
311,proposed_c2f_adaptive_pd,9,10,0.9,17,300,0.056666666666666664,12,1,11,640.0,1.0666666666666667,1256.6058989979024,103.78103802460468,1.0,14433.0,14433.0,0.0,5.516299977898598,"11,6,3,0,9,10,10,5,10,9","0:0-11;1:0-6;2:2-3;3:13-0;4:0-9;5:0-10;6:3-10;7:9-5,12-5;8:3-10;9:5-9,9-5"
311,proposed_c2f_adaptive_pd_calibrated,9,10,0.9,17,300,0.056666666666666664,12,1,11,640.0,1.0666666666666667,1256.6058989979024,103.78103802460468,1.0,14433.0,14433.0,0.0,15.829599986318499,"11,6,3,0,9,10,10,5,10,9","0:0-11;1:0-6;2:2-3;3:13-0;4:0-9;5:0-10;6:3-10;7:9-5,12-5;8:3-10;9:5-9,9-5"
312,proposed_c2f_adaptive_pd,9,10,0.9,13,300,0.043333333333333335,12,1,11,640.0,1.0666666666666667,2510.033722792601,218.44363208120552,1.0,12051.0,12051.0,0.0,5.831099988427013,"3,13,3,14,14,14,2,4,6,7","0:10-3,3-10,6-3;1:6-13;2:1-3;3:1-14;4:0-14;5:0-14;6:0-2;7:0-4;8:1-6;9:0-7"
312,proposed_c2f_adaptive_pd_calibrated,9,10,0.9,13,300,0.043333333333333335,12,1,11,640.0,1.0666666666666667,2510.033722792601,218.44363208120552,1.0,12051.0,12051.0,0.0,16.664299997501075,"3,13,3,14,14,14,2,4,6,7","0:10-3,3-10,6-3;1:6-13;2:1-3;3:1-14;4:0-14;5:0-14;6:0-2;7:0-4;8:1-6;9:0-7"
313,proposed_c2f_adaptive_pd,10,10,1.0,15,300,0.05,11,0,11,0.0,0.0,4632.378282479442,152.46313794144902,1.0,9276.0,9276.0,0.0,6.669700029306114,"5,5,3,2,9,4,13,10,9,9","0:6-5;1:14-5;2:0-3;3:10-2;4:6-9;5:0-4;6:2-13;7:0-10;8:14-9,5-9;9:0-9"
313,proposed_c2f_adaptive_pd_calibrated,10,10,1.0,15,300,0.05,11,0,11,0.0,0.0,4632.378282479442,152.46313794144902,1.0,9276.0,9276.0,0.0,10.399599967058748,"5,5,3,2,9,4,13,10,9,9","0:6-5;1:14-5;2:0-3;3:10-2;4:6-9;5:0-4;6:2-13;7:0-10;8:14-9,5-9;9:0-9"
314,proposed_c2f_adaptive_pd,10,10,1.0,6,300,0.02,11,0,11,0.0,0.0,2958.9420863948317,1100.7325689898746,1.0,9444.0,9444.0,0.0,6.497099995613098,"4,10,2,11,4,4,6,12,11,6","0:0-4;1:0-10;2:7-2;3:6-11,14-11;4:2-4;5:0-4;6:0-6;7:1-12;8:0-11;9:1-6"
314,proposed_c2f_adaptive_pd_calibrated,10,10,1.0,6,300,0.02,11,0,11,0.0,0.0,2958.9420863948317,1100.7325689898746,1.0,9444.0,9444.0,0.0,14.887600031215698,"4,10,2,11,4,4,6,12,11,6","0:0-4;1:0-10;2:7-2;3:6-11,14-11;4:2-4;5:0-4;6:0-6;7:1-12;8:0-11;9:1-6"
315,proposed_c2f_adaptive_pd,9,10,0.9,16,300,0.05333333333333334,20,2,18,1280.0,2.1333333333333333,982.0625855527429,141.89950215975523,1.0,19316.0,19316.0,0.0,9.225199988577515,"4,4,9,14,12,7,12,10,8,12","0:0-4;1:7-4,1-4;2:0-9;3:1-14;4:4-12,10-12,9-12,7-12,6-12,12-4;5:0-7;6:13-12,11-12;7:4-10,9-10,10-6,1-10;8:1-8;9:1-12"
315,proposed_c2f_adaptive_pd_calibrated,9,10,0.9,16,300,0.05333333333333334,20,2,18,1280.0,2.1333333333333333,982.0625855527429,141.89950215975523,1.0,19316.0,19316.0,0.0,22.991099976934493,"4,4,9,14,12,7,12,10,8,12","0:0-4;1:7-4,1-4;2:0-9;3:1-14;4:4-12,10-12,9-12,7-12,6-12,12-4;5:0-7;6:13-12,11-12;7:4-10,9-10,10-6,1-10;8:1-8;9:1-12"
316,proposed_c2f_adaptive_pd,10,10,1.0,20,300,0.06666666666666667,12,0,12,0.0,0.0,252.98000036877815,131.39017359799692,1.0,15207.0,15207.0,0.0,5.806300032418221,"3,13,5,5,12,3,3,5,13,4","0:10-3;1:4-13;2:0-5,1-5;3:6-5,1-5;4:1-12;5:1-3;6:5-3;7:1-5;8:2-13;9:0-4"
316,proposed_c2f_adaptive_pd_calibrated,10,10,1.0,20,300,0.06666666666666667,12,0,12,0.0,0.0,252.98000036877815,131.39017359799692,1.0,15207.0,15207.0,0.0,16.190399997867644,"3,13,5,5,12,3,3,5,13,4","0:10-3;1:4-13;2:0-5,1-5;3:6-5,1-5;4:1-12;5:1-3;6:5-3;7:1-5;8:2-13;9:0-4"
317,proposed_c2f_adaptive_pd,10,10,1.0,15,300,0.05,10,0,10,0.0,0.0,2563.9676611024606,607.5277071494719,1.0,8349.0,8349.0,0.0,4.143600002862513,"12,1,0,1,10,0,5,11,5,10",0:0-12;1:0-1;2:2-0;3:0-1;4:1-10;5:2-0;6:0-5;7:0-11;8:1-5;9:1-10
317,proposed_c2f_adaptive_pd_calibrated,10,10,1.0,17,300,0.056666666666666664,10,0,10,0.0,0.0,2563.9676611024606,607.5277071494719,1.0,8349.0,8349.0,0.0,11.297399993054569,"12,1,0,1,10,0,5,11,5,10",0:0-12;1:0-1;2:2-0;3:0-1;4:1-10;5:2-0;6:0-5;7:0-11;8:1-5;9:1-10
318,proposed_c2f_adaptive_pd,10,10,1.0,14,300,0.04666666666666667,13,0,13,0.0,0.0,316.3948647278613,179.68602543039515,1.0,18885.0,18885.0,0.0,6.61679997574538,"0,0,8,11,0,10,8,12,10,12","0:3-0;1:12-0,7-0;2:2-8;3:0-11,12-11;4:2-0;5:2-10;6:0-8;7:1-12,4-12;8:5-10;9:0-12"
318,proposed_c2f_adaptive_pd_calibrated,10,10,1.0,14,300,0.04666666666666667,13,0,13,0.0,0.0,316.3948647278613,179.68602543039515,1.0,18885.0,18885.0,0.0,15.433399996254593,"0,0,8,11,0,10,8,12,10,12","0:3-0;1:12-0,7-0;2:2-8;3:0-11,12-11;4:2-0;5:2-10;6:0-8;7:1-12,4-12;8:5-10;9:0-12"
319,proposed_c2f_adaptive_pd,9,10,0.9,18,300,0.06,11,1,10,640.0,1.0666666666666667,2047.8080352408501,249.61001425337616,1.0,11642.0,11642.0,0.0,6.749799998942763,"9,3,6,3,9,5,5,2,0,9","0:0-9;1:0-3;2:2-6;3:0-3;4:0-9;5:0-5;6:10-5;7:0-2;8:2-0;9:9-3,14-9"
319,proposed_c2f_adaptive_pd_calibrated,9,10,0.9,18,300,0.06,11,1,10,640.0,1.0666666666666667,2047.8080352408501,249.61001425337616,1.0,11642.0,11642.0,0.0,12.708800029940903,"9,3,6,3,9,5,5,2,0,9","0:0-9;1:0-3;2:2-6;3:0-3;4:0-9;5:0-5;6:10-5;7:0-2;8:2-0;9:9-3,14-9"
320,proposed_c2f_adaptive_pd,9,10,0.9,17,300,0.056666666666666664,15,2,13,1280.0,2.1333333333333333,469377.63162827573,398.75556618196924,1.0,16075.0,16075.0,0.0,8.201999997254461,"7,12,8,5,1,6,1,14,1,2","0:0-7;1:1-12;2:0-8;3:1-5;4:0-1;5:13-6,14-6,6-13,12-6,10-6,6-14;6:0-1;7:0-14;8:0-1;9:0-2"
320,proposed_c2f_adaptive_pd_calibrated,9,10,0.9,18,300,0.06,15,2,13,1280.0,2.1333333333333333,469377.63162827573,398.75556618196924,1.0,16075.0,16075.0,0.0,20.624799944926053,"7,12,8,5,1,6,1,14,1,2","0:0-7;1:1-12;2:0-8;3:1-5;4:0-1;5:13-6,14-6,6-13,12-6,10-6,6-14;6:0-1;7:0-14;8:0-1;9:0-2"
321,proposed_c2f_adaptive_pd,10,10,1.0,12,300,0.04,10,0,10,0.0,0.0,246.29374423144168,185.01072238135524,1.0,12688.0,12688.0,0.0,5.657800007611513,"10,1,14,14,2,12,0,5,5,1",0:0-10;1:0-1;2:0-14;3:0-14;4:5-2;5:0-12;6:4-0;7:0-5;8:0-5;9:12-1
321,proposed_c2f_adaptive_pd_calibrated,10,10,1.0,12,300,0.04,10,0,10,0.0,0.0,246.29374423144168,185.01072238135524,1.0,12688.0,12688.0,0.0,9.655200003180653,"10,1,14,14,2,12,0,5,5,1",0:0-10;1:0-1;2:0-14;3:0-14;4:5-2;5:0-12;6:4-0;7:0-5;8:0-5;9:12-1
322,proposed_c2f_adaptive_pd,10,10,1.0,12,300,0.04,10,0,10,0.0,0.0,14878.592430167118,401.8147382041914,1.0,11275.0,11275.0,0.0,4.822699993383139,"4,12,13,14,10,8,0,13,4,12",0:5-4;1:4-12;2:0-13;3:0-14;4:0-10;5:2-8;6:1-0;7:0-13;8:0-4;9:0-12
322,proposed_c2f_adaptive_pd_calibrated,10,10,1.0,12,300,0.04,10,0,10,0.0,0.0,14878.592430167118,401.8147382041914,1.0,11275.0,11275.0,0.0,13.533200020901859,"4,12,13,14,10,8,0,13,4,12",0:5-4;1:4-12;2:0-13;3:0-14;4:0-10;5:2-8;6:1-0;7:0-13;8:0-4;9:0-12
323,proposed_c2f_adaptive_pd,10,10,1.0,16,300,0.05333333333333334,10,0,10,0.0,0.0,1210.1455666019858,354.7918604486648,1.0,13095.0,13095.0,0.0,4.72480000462383,"13,14,10,3,6,0,5,5,5,14",0:0-13;1:0-14;2:14-10;3:0-3;4:0-6;5:1-0;6:14-5;7:0-5;8:3-5;9:0-14
323,proposed_c2f_adaptive_pd_calibrated,10,10,1.0,16,300,0.05333333333333334,10,0,10,0.0,0.0,1210.1455666019858,354.7918604486648,1.0,13095.0,13095.0,0.0,8.004200004506856,"13,14,10,3,6,0,5,5,5,14",0:0-13;1:0-14;2:14-10;3:0-3;4:0-6;5:1-0;6:14-5;7:0-5;8:3-5;9:0-14
324,proposed_c2f_adaptive_pd,9,10,0.9,7,300,0.023333333333333334,11,0,11,0.0,0.0,51965474.61487683,266.0212772474521,1.0,11628.0,11628.0,0.0,6.629899959079921,"7,4,1,5,9,9,12,2,2,7","0:1-7;1:0-4;2:2-1;3:0-5;4:0-9;5:6-9;6:2-12;7:0-2;8:0-2;9:1-7,12-7"
324,proposed_c2f_adaptive_pd_calibrated,9,10,0.9,9,300,0.03,11,0,11,0.0,0.0,51965474.61487683,266.0212772474521,1.0,11628.0,11628.0,0.0,12.412499985657632,"7,4,1,5,9,9,12,2,2,7","0:1-7;1:0-4;2:2-1;3:0-5;4:0-9;5:6-9;6:2-12;7:0-2;8:0-2;9:1-7,12-7"
325,proposed_c2f_adaptive_pd,10,10,1.0,18,300,0.06,11,0,11,0.0,0.0,1515.0702436108213,663.6729887278343,1.0,14865.0,14865.0,0.0,6.619699997827411,"8,7,12,1,6,5,10,6,14,1","0:14-8;1:6-7;2:0-12;3:0-1;4:0-6;5:0-5;6:13-10,0-10;7:0-6;8:0-14;9:0-1"
325,proposed_c2f_adaptive_pd_calibrated,10,10,1.0,19,300,0.06333333333333334,11,0,11,0.0,0.0,1515.0702436108213,663.6729887278343,1.0,14865.0,14865.0,0.0,8.96949996240437,"8,7,12,1,6,5,10,6,14,1","0:14-8;1:6-7;2:0-12;3:0-1;4:0-6;5:0-5;6:13-10,0-10;7:0-6;8:0-14;9:0-1"
326,proposed_c2f_adaptive_pd,10,10,1.0,8,300,0.02666666666666667,10,0,10,0.0,0.0,1905.24321667031,363.4600738646061,1.0,9889.0,9889.0,0.0,3.5160999977961183,"2,5,9,9,14,5,14,5,10,3",0:0-2;1:0-5;2:5-9;3:2-9;4:0-14;5:6-5;6:0-14;7:0-5;8:2-10;9:0-3
326,proposed_c2f_adaptive_pd_calibrated,10,10,1.0,8,300,0.02666666666666667,10,0,10,0.0,0.0,1905.24321667031,363.4600738646061,1.0,9889.0,9889.0,0.0,12.945400027092546,"2,5,9,9,14,5,14,5,10,3",0:0-2;1:0-5;2:5-9;3:2-9;4:0-14;5:6-5;6:0-14;7:0-5;8:2-10;9:0-3
327,proposed_c2f_adaptive_pd,10,10,1.0,13,300,0.043333333333333335,12,1,11,640.0,1.0666666666666667,500.7616480813987,134.58077496905636,1.0,14161.0,14161.0,0.0,5.679900001268834,"7,4,0,3,11,7,13,13,0,12","0:0-7;1:0-4;2:0-12,4-0;3:0-3;4:0-11;5:0-7;6:11-13,1-13;7:3-13;8:4-0;9:0-12"
327,proposed_c2f_adaptive_pd_calibrated,10,10,1.0,13,300,0.043333333333333335,12,1,11,640.0,1.0666666666666667,500.7616480813987,134.58077496905636,1.0,14161.0,14161.0,0.0,16.671599994879216,"7,4,0,3,11,7,13,13,0,12","0:0-7;1:0-4;2:0-12,4-0;3:0-3;4:0-11;5:0-7;6:11-13,1-13;7:3-13;8:4-0;9:0-12"
328,proposed_c2f_adaptive_pd,10,10,1.0,19,300,0.06333333333333334,11,0,11,0.0,0.0,55879.70553630738,788.7103206784197,1.0,14652.0,14652.0,0.0,5.169100011698902,"14,7,4,14,12,7,4,8,7,4","0:0-14;1:0-7;2:1-4;3:0-14;4:3-12,11-12;5:2-7;6:1-4;7:1-8;8:1-7;9:1-4"
328,proposed_c2f_adaptive_pd_calibrated,10,10,1.0,20,300,0.06666666666666667,11,0,11,0.0,0.0,55879.70553630738,788.7103206784197,1.0,14652.0,14652.0,0.0,12.88260001456365,"14,7,4,14,12,7,4,8,7,4","0:0-14;1:0-7;2:1-4;3:0-14;4:3-12,11-12;5:2-7;6:1-4;7:1-8;8:1-7;9:1-4"
329,proposed_c2f_adaptive_pd,10,10,1.0,14,300,0.04666666666666667,10,0,10,0.0,0.0,7980.683967175493,685.9665696624922,1.0,8223.0,8223.0,0.0,6.220100040081888,"5,11,2,7,3,7,13,9,7,10",0:0-5;1:1-11;2:1-2;3:10-7;4:0-3;5:0-7;6:0-13;7:7-9;8:0-7;9:0-10
329,proposed_c2f_adaptive_pd_calibrated,10,10,1.0,15,300,0.05,10,0,10,0.0,0.0,7980.683967175493,685.9665696624922,1.0,8223.0,8223.0,0.0,9.934600035194308,"5,11,2,7,3,7,13,9,7,10",0:0-5;1:1-11;2:1-2;3:10-7;4:0-3;5:0-7;6:0-13;7:7-9;8:0-7;9:0-10
330,proposed_c2f_adaptive_pd,10,10,1.0,11,300,0.03666666666666667,12,0,12,0.0,0.0,5492.562934067125,264.8156632354017,1.0,11323.0,11323.0,0.0,7.235499972011894,"5,14,7,5,11,12,4,1,4,6","0:12-5;1:0-14;2:8-7,0-7,13-7;3:1-5;4:1-11;5:0-12;6:3-4;7:3-1;8:0-4;9:0-6"
330,proposed_c2f_adaptive_pd_calibrated,10,10,1.0,12,300,0.04,12,0,12,0.0,0.0,5492.562934067125,264.8156632354017,1.0,11323.0,11323.0,0.0,12.973599950782955,"5,14,7,5,11,12,4,1,4,6","0:12-5;1:0-14;2:8-7,0-7,13-7;3:1-5;4:1-11;5:0-12;6:3-4;7:3-1;8:0-4;9:0-6"
331,proposed_c2f_adaptive_pd,10,10,1.0,13,300,0.043333333333333335,15,2,13,1280.0,2.1333333333333333,2269.3528475254457,298.3848653301641,1.0,13821.0,13821.0,0.0,7.170199998654425,"9,12,2,12,5,8,5,7,6,6","0:0-9;1:0-12;2:1-2;3:0-12;4:6-5,5-13,13-5,0-5,5-6,14-5;5:1-8;6:0-5;7:3-7;8:0-6;9:0-6"
331,proposed_c2f_adaptive_pd_calibrated,10,10,1.0,13,300,0.043333333333333335,15,2,13,1280.0,2.1333333333333333,2269.3528475254457,298.3848653301641,1.0,13821.0,13821.0,0.0,19.77210002951324,"9,12,2,12,5,8,5,7,6,6","0:0-9;1:0-12;2:1-2;3:0-12;4:6-5,5-13,13-5,0-5,5-6,14-5;5:1-8;6:0-5;7:3-7;8:0-6;9:0-6"
332,proposed_c2f_adaptive_pd,10,10,1.0,10,300,0.03333333333333333,10,0,10,0.0,0.0,261.05647854202397,109.97934926336839,1.0,13095.0,13095.0,0.0,6.261599948629737,"9,12,11,12,12,12,9,2,9,0",0:0-9;1:1-12;2:6-11;3:0-12;4:3-12;5:0-12;6:2-9;7:3-2;8:0-9;9:8-0
332,proposed_c2f_adaptive_pd_calibrated,10,10,1.0,10,300,0.03333333333333333,10,0,10,0.0,0.0,261.05647854202397,109.97934926336839,1.0,13095.0,13095.0,0.0,11.419499991461635,"9,12,11,12,12,12,9,2,9,0",0:0-9;1:1-12;2:6-11;3:0-12;4:3-12;5:0-12;6:2-9;7:3-2;8:0-9;9:8-0
333,proposed_c2f_adaptive_pd,9,10,0.9,20,300,0.06666666666666667,12,1,11,640.0,1.0666666666666667,691.7110663754431,359.65399863587845,1.0,12796.0,12796.0,0.0,7.3044000309892,"6,1,2,3,1,11,4,8,4,13","0:0-6;1:0-1;2:13-2;3:0-3;4:0-1;5:6-11;6:2-4;7:0-8;8:8-4,4-8,0-4;9:0-13"
333,proposed_c2f_adaptive_pd_calibrated,9,10,0.9,20,300,0.06666666666666667,12,1,11,640.0,1.0666666666666667,691.7110663754431,359.65399863587845,1.0,12796.0,12796.0,0.0,16.798799973912537,"6,1,2,3,1,11,4,8,4,13","0:0-6;1:0-1;2:13-2;3:0-3;4:0-1;5:6-11;6:2-4;7:0-8;8:8-4,4-8,0-4;9:0-13"
334,proposed_c2f_adaptive_pd,10,10,1.0,10,300,0.03333333333333333,12,1,11,640.0,1.0666666666666667,3325.7568088118883,399.6944434031835,1.0,18634.0,18634.0,0.0,5.354100023396313,"6,12,4,11,14,4,12,6,13,4","0:0-6;1:1-12;2:1-4;3:4-11;4:0-14;5:1-4;6:4-12;7:0-6;8:8-13,13-8,14-13;9:0-4"
334,proposed_c2f_adaptive_pd_calibrated,10,10,1.0,11,300,0.03666666666666667,12,1,11,640.0,1.0666666666666667,3325.7568088118883,399.6944434031835,1.0,18634.0,18634.0,0.0,13.877000019419938,"6,12,4,11,14,4,12,6,13,4","0:0-6;1:1-12;2:1-4;3:4-11;4:0-14;5:1-4;6:4-12;7:0-6;8:8-13,13-8,14-13;9:0-4"
335,proposed_c2f_adaptive_pd,10,10,1.0,12,300,0.04,10,0,10,0.0,0.0,3951.4661494646266,356.995289036266,1.0,10407.0,10407.0,0.0,4.917800019029528,"9,3,7,3,8,6,1,7,12,8",0:0-9;1:0-3;2:0-7;3:0-3;4:7-8;5:9-6;6:2-1;7:3-7;8:4-12;9:7-8
335,proposed_c2f_adaptive_pd_calibrated,10,10,1.0,13,300,0.043333333333333335,10,0,10,0.0,0.0,3951.4661494646266,356.995289036266,1.0,10407.0,10407.0,0.0,11.80540001951158,"9,3,7,3,8,6,1,7,12,8",0:0-9;1:0-3;2:0-7;3:0-3;4:7-8;5:9-6;6:2-1;7:3-7;8:4-12;9:7-8
336,proposed_c2f_adaptive_pd,10,10,1.0,15,300,0.05,13,0,13,0.0,0.0,735.4968957946551,249.68517204878802,1.0,12571.0,12571.0,0.0,7.992000028025359,"14,12,0,3,0,12,0,14,1,5","0:1-14;1:2-12;2:4-0;3:1-3;4:2-0;5:7-12,6-12,8-12;6:2-0;7:1-14;8:14-1,6-1;9:3-5"
336,proposed_c2f_adaptive_pd_calibrated,10,10,1.0,15,300,0.05,13,0,13,0.0,0.0,735.4968957946551,249.68517204878802,1.0,12571.0,12571.0,0.0,16.595099994447082,"14,12,0,3,0,12,0,14,1,5","0:1-14;1:2-12;2:4-0;3:1-3;4:2-0;5:7-12,6-12,8-12;6:2-0;7:1-14;8:14-1,6-1;9:3-5"
337,proposed_c2f_adaptive_pd,10,10,1.0,21,300,0.07,17,2,15,1280.0,2.1333333333333333,26370.726881255698,61.21359352922515,1.0,21263.0,21263.0,0.0,6.3593999948352575,"9,7,0,14,0,9,3,8,8,0","0:3-9;1:0-7;2:12-0;3:0-14;4:12-0;5:7-9,3-9,9-3,4-9,0-9;6:0-3;7:12-8,8-12,10-8,0-8;8:10-8;9:3-0"
337,proposed_c2f_adaptive_pd_calibrated,10,10,1.0,21,300,0.07,17,2,15,1280.0,2.1333333333333333,26370.726881255698,61.21359352922515,1.0,21263.0,21263.0,0.0,22.28510001441464,"9,7,0,14,0,9,3,8,8,0","0:3-9;1:0-7;2:12-0;3:0-14;4:12-0;5:7-9,3-9,9-3,4-9,0-9;6:0-3;7:12-8,8-12,10-8,0-8;8:10-8;9:3-0"
338,proposed_c2f_adaptive_pd,10,10,1.0,11,300,0.03666666666666667,13,0,13,0.0,0.0,1873.5157610581336,103.26149423634354,1.0,20948.0,20948.0,0.0,7.357899972703308,"12,0,12,7,7,10,10,12,10,6","0:0-12;1:3-0;2:0-12;3:1-7;4:0-7;5:7-10,1-10,12-10;6:0-10;7:1-12;8:12-10,7-10;9:2-6"
338,proposed_c2f_adaptive_pd_calibrated,10,10,1.0,11,300,0.03666666666666667,13,0,13,0.0,0.0,1873.5157610581336,103.26149423634354,1.0,20948.0,20948.0,0.0,13.642100035212934,"12,0,12,7,7,10,10,12,10,6","0:0-12;1:3-0;2:0-12;3:1-7;4:0-7;5:7-10,1-10,12-10;6:0-10;7:1-12;8:12-10,7-10;9:2-6"
339,proposed_c2f_adaptive_pd,9,10,0.9,12,300,0.04,10,0,10,0.0,0.0,13729.68969582959,419.816086523012,1.0,11079.0,11079.0,0.0,4.022200009785593,"8,0,6,6,1,6,10,10,11,9",0:0-8;1:2-0;2:0-6;3:1-6;4:0-1;5:5-6;6:0-10;7:1-10;8:1-11;9:1-9
339,proposed_c2f_adaptive_pd_calibrated,10,10,1.0,12,300,0.04,10,0,10,0.0,0.0,13729.68969582959,419.816086523012,1.0,11079.0,11079.0,0.0,10.763400001451373,"8,0,6,6,1,6,10,10,11,9",0:0-8;1:2-0;2:0-6;3:1-6;4:0-1;5:5-6;6:0-10;7:1-10;8:1-11;9:1-9
340,proposed_c2f_adaptive_pd,9,10,0.9,13,300,0.043333333333333335,21,5,16,3200.0,5.333333333333334,978.3315695981155,103.06151564560744,1.0,20798.0,20798.0,0.0,11.995799955911934,"0,4,0,2,12,5,0,3,8,8","0:8-0,13-0;1:14-4,4-14,9-4,4-9,12-4,11-14;2:1-0;3:0-2;4:11-12;5:0-5;6:1-0;7:0-3;8:2-8;9:0-8,8-0,13-8,8-13,7-8,6-8"
340,proposed_c2f_adaptive_pd_calibrated,9,10,0.9,13,300,0.043333333333333335,21,5,16,3200.0,5.333333333333334,978.3315695981155,103.06151564560744,1.0,20798.0,20798.0,0.0,26.794500008691102,"0,4,0,2,12,5,0,3,8,8","0:8-0,13-0;1:14-4,4-14,9-4,4-9,12-4,11-14;2:1-0;3:0-2;4:11-12;5:0-5;6:1-0;7:0-3;8:2-8;9:0-8,8-0,13-8,8-13,7-8,6-8"
341,proposed_c2f_adaptive_pd,10,10,1.0,14,300,0.04666666666666667,20,3,17,1920.0,3.2,2639.3366273780707,745.733840988526,1.0,21839.0,21839.0,0.0,9.291800030041486,"6,11,5,9,7,12,12,8,4,14","0:0-6;1:9-11,1-11,8-11,2-11,6-11,11-1;2:0-5;3:0-9;4:4-7;5:0-12;6:0-12;7:6-8,8-6,11-8,1-8,8-4,4-8;8:0-4;9:13-14"
341,proposed_c2f_adaptive_pd_calibrated,10,10,1.0,14,300,0.04666666666666667,20,3,17,1920.0,3.2,2639.3366273780707,745.733840988526,1.0,21839.0,21839.0,0.0,24.578899960033596,"6,11,5,9,7,12,12,8,4,14","0:0-6;1:9-11,1-11,8-11,2-11,6-11,11-1;2:0-5;3:0-9;4:4-7;5:0-12;6:0-12;7:6-8,8-6,11-8,1-8,8-4,4-8;8:0-4;9:13-14"
342,proposed_c2f_adaptive_pd,10,10,1.0,15,300,0.05,10,0,10,0.0,0.0,3445.173905583101,409.6332964270621,1.0,11891.0,11891.0,0.0,3.539999946951866,"1,10,3,8,0,13,10,11,10,12",0:0-1;1:0-10;2:1-3;3:0-8;4:5-0;5:7-13;6:1-10;7:0-11;8:1-10;9:0-12
342,proposed_c2f_adaptive_pd_calibrated,10,10,1.0,15,300,0.05,10,0,10,0.0,0.0,3445.173905583101,409.6332964270621,1.0,11891.0,11891.0,0.0,10.735200019553304,"1,10,3,8,0,13,10,11,10,12",0:0-1;1:0-10;2:1-3;3:0-8;4:5-0;5:7-13;6:1-10;7:0-11;8:1-10;9:0-12
343,proposed_c2f_adaptive_pd,10,10,1.0,13,300,0.043333333333333335,10,0,10,0.0,0.0,8799.040951792673,165.5265631797282,1.0,9399.0,9399.0,0.0,6.276700005400926,"9,12,3,1,9,10,6,0,0,0",0:1-9;1:1-12;2:0-3;3:2-1;4:7-9;5:7-10;6:4-6;7:1-0;8:14-0;9:7-0
343,proposed_c2f_adaptive_pd_calibrated,10,10,1.0,13,300,0.043333333333333335,10,0,10,0.0,0.0,8799.040951792673,165.5265631797282,1.0,9399.0,9399.0,0.0,12.221899989526719,"9,12,3,1,9,10,6,0,0,0",0:1-9;1:1-12;2:0-3;3:2-1;4:7-9;5:7-10;6:4-6;7:1-0;8:14-0;9:7-0
344,proposed_c2f_adaptive_pd,8,10,0.8,21,300,0.07,15,3,12,1920.0,3.2,453.5392666995011,127.20053930116865,1.0,13835.0,13835.0,0.0,9.21549997292459,"12,8,5,12,7,3,1,8,2,8","0:3-12;1:0-8;2:0-5;3:4-12;4:6-7;5:0-3;6:0-1;7:4-8,8-4,12-8,12-4,3-8,8-3;8:1-2;9:0-8"
344,proposed_c2f_adaptive_pd_calibrated,8,10,0.8,21,300,0.07,15,3,12,1920.0,3.2,453.5392666995011,127.20053930116865,1.0,13835.0,13835.0,0.0,15.460999973583966,"12,8,5,12,7,3,1,8,2,8","0:3-12;1:0-8;2:0-5;3:4-12;4:6-7;5:0-3;6:0-1;7:4-8,8-4,12-8,12-4,3-8,8-3;8:1-2;9:0-8"
345,proposed_c2f_adaptive_pd,10,10,1.0,12,300,0.04,10,0,10,0.0,0.0,3263.4857271003,839.1177417510937,1.0,7579.0,7579.0,0.0,6.230400002095848,"4,5,3,6,12,0,2,2,1,3",0:2-4;1:3-5;2:0-3;3:7-6;4:2-12;5:1-0;6:0-2;7:0-2;8:0-1;9:0-3
345,proposed_c2f_adaptive_pd_calibrated,10,10,1.0,12,300,0.04,10,0,10,0.0,0.0,3263.4857271003,839.1177417510937,1.0,7579.0,7579.0,0.0,12.95509998453781,"4,5,3,6,12,0,2,2,1,3",0:2-4;1:3-5;2:0-3;3:7-6;4:2-12;5:1-0;6:0-2;7:0-2;8:0-1;9:0-3
346,proposed_c2f_adaptive_pd,10,10,1.0,11,300,0.03666666666666667,13,0,13,0.0,0.0,1070.567232651529,110.99097975712053,1.0,16750.0,16750.0,0.0,7.603399979416281,"1,14,0,7,1,12,1,2,7,8","0:3-1;1:4-14;2:2-0;3:0-7;4:2-1;5:1-12;6:5-1,8-1;7:0-2;8:14-7,8-7,2-7;9:0-8"
346,proposed_c2f_adaptive_pd_calibrated,10,10,1.0,11,300,0.03666666666666667,13,0,13,0.0,0.0,1070.567232651529,110.99097975712053,1.0,16750.0,16750.0,0.0,12.641799985431135,"1,14,0,7,1,12,1,2,7,8","0:3-1;1:4-14;2:2-0;3:0-7;4:2-1;5:1-12;6:5-1,8-1;7:0-2;8:14-7,8-7,2-7;9:0-8"
347,proposed_c2f_adaptive_pd,10,10,1.0,15,300,0.05,10,0,10,0.0,0.0,799.6099426773219,110.59635047241969,1.0,8349.0,8349.0,0.0,3.5484000109136105,"0,7,3,13,9,12,12,7,3,12",0:4-0;1:1-7;2:1-3;3:1-13;4:0-9;5:2-12;6:5-12;7:0-7;8:1-3;9:5-12
347,proposed_c2f_adaptive_pd_calibrated,10,10,1.0,15,300,0.05,10,0,10,0.0,0.0,799.6099426773219,110.59635047241969,1.0,8349.0,8349.0,0.0,11.523700028192252,"0,7,3,13,9,12,12,7,3,12",0:4-0;1:1-7;2:1-3;3:1-13;4:0-9;5:2-12;6:5-12;7:0-7;8:1-3;9:5-12
348,proposed_c2f_adaptive_pd,10,10,1.0,17,300,0.056666666666666664,11,1,10,640.0,1.0666666666666667,317.624312728581,244.85242845494577,1.0,10028.0,10028.0,0.0,6.042500026524067,"10,5,2,8,14,14,7,6,4,8","0:0-10;1:4-5;2:4-2;3:0-8;4:6-14;5:14-6,6-14;6:2-7;7:0-6;8:0-4;9:1-8"
348,proposed_c2f_adaptive_pd_calibrated,10,10,1.0,17,300,0.056666666666666664,11,1,10,640.0,1.0666666666666667,317.624312728581,244.85242845494577,1.0,10028.0,10028.0,0.0,11.803200002759695,"10,5,2,8,14,14,7,6,4,8","0:0-10;1:4-5;2:4-2;3:0-8;4:6-14;5:14-6,6-14;6:2-7;7:0-6;8:0-4;9:1-8"
349,proposed_c2f_adaptive_pd,10,10,1.0,4,300,0.013333333333333334,15,2,13,1280.0,2.1333333333333333,70775.51549604275,313.9035488404129,1.0,15179.0,15179.0,0.0,7.5600999989546835,"0,8,3,3,13,13,3,13,6,14","0:1-0;1:1-8;2:5-3,1-3,3-5,2-3,4-3,3-4;3:4-3;4:0-13;5:0-13;6:0-3;7:0-13;8:0-6;9:1-14"
349,proposed_c2f_adaptive_pd_calibrated,10,10,1.0,4,300,0.013333333333333334,15,2,13,1280.0,2.1333333333333333,70775.51549604275,313.9035488404129,1.0,15179.0,15179.0,0.0,20.450900017749518,"0,8,3,3,13,13,3,13,6,14","0:1-0;1:1-8;2:5-3,1-3,3-5,2-3,4-3,3-4;3:4-3;4:0-13;5:0-13;6:0-3;7:0-13;8:0-6;9:1-14"
350,proposed_c2f_adaptive_pd,10,10,1.0,14,300,0.04666666666666667,15,3,12,1920.0,3.2,396.45778184352037,110.06561664706186,1.0,17265.0,17265.0,0.0,7.985299977008253,"4,4,7,8,7,8,10,7,13,1","0:0-4;1:13-4;2:0-7;3:0-8;4:0-7;5:2-8;6:0-10;7:0-7;8:4-13;9:13-11,13-1,12-11,4-1,0-1,4-11"
350,proposed_c2f_adaptive_pd_calibrated,10,10,1.0,14,300,0.04666666666666667,15,3,12,1920.0,3.2,396.45778184352037,110.06561664706186,1.0,17265.0,17265.0,0.0,18.77169997896999,"4,4,7,8,7,8,10,7,13,1","0:0-4;1:13-4;2:0-7;3:0-8;4:0-7;5:2-8;6:0-10;7:0-7;8:4-13;9:13-11,13-1,12-11,4-1,0-1,4-11"
351,proposed_c2f_adaptive_pd,10,10,1.0,12,300,0.04,10,0,10,0.0,0.0,63382.15555702108,106.21218568230883,1.0,11247.0,11247.0,0.0,4.64040000224486,"0,13,3,9,8,9,2,5,5,14",0:3-0;1:0-13;2:0-3;3:6-9;4:0-8;5:1-9;6:5-2;7:2-5;8:2-5;9:0-14
351,proposed_c2f_adaptive_pd_calibrated,10,10,1.0,12,300,0.04,10,0,10,0.0,0.0,63382.15555702108,106.21218568230883,1.0,11247.0,11247.0,0.0,11.46910001989454,"0,13,3,9,8,9,2,5,5,14",0:3-0;1:0-13;2:0-3;3:6-9;4:0-8;5:1-9;6:5-2;7:2-5;8:2-5;9:0-14
352,proposed_c2f_adaptive_pd,9,10,0.9,17,270,0.06296296296296296,11,0,11,0.0,0.0,14899.697088674428,359.5848154118371,0.9090909090909091,9444.0,9444.0,0.0,5.625099991448224,"5,5,6,12,6,9,14,6,9,8","0:1-5;1:0-5;2:1-6;3:1-12;4:4-6;5:0-9;6:0-14;7:11-6,4-6;8:0-9;9:2-8"
352,proposed_c2f_adaptive_pd_calibrated,9,10,0.9,17,270,0.06296296296296296,11,0,11,0.0,0.0,14899.697088674428,359.5848154118371,0.9090909090909091,9444.0,9444.0,0.0,15.636000025551766,"5,5,6,12,6,9,14,6,9,8","0:1-5;1:0-5;2:1-6;3:1-12;4:4-6;5:0-9;6:0-14;7:11-6,4-6;8:0-9;9:2-8"
353,proposed_c2f_adaptive_pd,10,10,1.0,21,300,0.07,15,1,14,640.0,1.0666666666666667,1740.1119940277963,378.68323207056164,1.0,16509.0,16509.0,0.0,8.462099998723716,"8,0,3,1,7,2,14,7,7,12","0:2-8;1:2-0;2:1-3;3:2-1;4:0-7;5:1-2;6:2-14;7:12-7;8:7-10,10-7,12-7,0-7,5-7,8-7;9:0-12"
353,proposed_c2f_adaptive_pd_calibrated,10,10,1.0,22,300,0.07333333333333333,15,1,14,640.0,1.0666666666666667,1740.1119940277963,378.68323207056164,1.0,16509.0,16509.0,0.0,19.372299953829497,"8,0,3,1,7,2,14,7,7,12","0:2-8;1:2-0;2:1-3;3:2-1;4:0-7;5:1-2;6:2-14;7:12-7;8:7-10,10-7,12-7,0-7,5-7,8-7;9:0-12"
354,proposed_c2f_adaptive_pd,10,10,1.0,10,300,0.03333333333333333,10,0,10,0.0,0.0,5123.31375094364,1359.3363636089343,1.0,9273.0,9273.0,0.0,5.238500016275793,"8,4,12,9,8,14,7,4,9,3",0:6-8;1:0-4;2:2-12;3:0-9;4:0-8;5:7-14;6:6-7;7:0-4;8:2-9;9:2-3
354,proposed_c2f_adaptive_pd_calibrated,10,10,1.0,10,300,0.03333333333333333,10,0,10,0.0,0.0,5123.31375094364,1359.3363636089343,1.0,9273.0,9273.0,0.0,13.644899998325855,"8,4,12,9,8,14,7,4,9,3",0:6-8;1:0-4;2:2-12;3:0-9;4:0-8;5:7-14;6:6-7;7:0-4;8:2-9;9:2-3
355,proposed_c2f_adaptive_pd,10,10,1.0,8,300,0.02666666666666667,10,0,10,0.0,0.0,253.37026054523736,99.61102676769251,1.0,7887.0,7887.0,0.0,6.275200052186847,"4,3,4,9,7,1,2,2,13,0",0:0-4;1:0-3;2:0-4;3:3-9;4:1-7;5:3-1;6:4-2;7:1-2;8:0-13;9:1-0
355,proposed_c2f_adaptive_pd_calibrated,10,10,1.0,9,300,0.03,10,0,10,0.0,0.0,253.37026054523736,99.61102676769251,1.0,7887.0,7887.0,0.0,10.52379998145625,"4,3,4,9,7,1,2,2,13,0",0:0-4;1:0-3;2:0-4;3:3-9;4:1-7;5:3-1;6:4-2;7:1-2;8:0-13;9:1-0
356,proposed_c2f_adaptive_pd,10,10,1.0,21,300,0.07,17,2,15,1280.0,2.1333333333333333,147.18796826236294,102.662263383679,1.0,19090.0,19090.0,0.0,9.979799971915781,"1,0,5,12,8,5,5,12,5,5","0:0-1;1:13-0;2:8-5,9-5;3:2-12;4:5-8,9-8;5:9-5,10-5,8-5,5-6,6-5,5-8;6:4-5;7:2-12;8:4-5;9:4-5"
356,proposed_c2f_adaptive_pd_calibrated,10,10,1.0,24,300,0.08,17,2,15,1280.0,2.1333333333333333,147.18796826236294,102.662263383679,1.0,19090.0,19090.0,0.0,21.297600003890693,"1,0,5,12,8,5,5,12,5,5","0:0-1;1:13-0;2:8-5,9-5;3:2-12;4:5-8,9-8;5:9-5,10-5,8-5,5-6,6-5,5-8;6:4-5;7:2-12;8:4-5;9:4-5"
357,proposed_c2f_adaptive_pd,10,10,1.0,15,300,0.05,12,0,12,0.0,0.0,465.4706626390096,274.49650540838246,1.0,12972.0,12972.0,0.0,5.750099953729659,"3,7,9,14,1,8,13,14,1,12","0:8-3,9-3,14-3;1:1-7;2:0-9;3:0-14;4:0-1;5:14-8;6:1-13;7:0-14;8:0-1;9:1-12"
357,proposed_c2f_adaptive_pd_calibrated,10,10,1.0,16,300,0.05333333333333334,12,0,12,0.0,0.0,465.4706626390096,274.49650540838246,1.0,12972.0,12972.0,0.0,13.512599980458617,"3,7,9,14,1,8,13,14,1,12","0:8-3,9-3,14-3;1:1-7;2:0-9;3:0-14;4:0-1;5:14-8;6:1-13;7:0-14;8:0-1;9:1-12"
358,proposed_c2f_adaptive_pd,10,10,1.0,12,300,0.04,16,3,13,1920.0,3.2,857.3130146745485,166.20160687416953,1.0,19632.0,19632.0,0.0,5.292799964081496,"7,2,2,1,0,13,11,11,12,0","0:13-7,0-7;1:1-2;2:9-2,2-9,8-2,2-8,3-2,8-9;3:0-1;4:1-0;5:5-13;6:0-11;7:2-11;8:0-12;9:1-0"
358,proposed_c2f_adaptive_pd_calibrated,10,10,1.0,12,300,0.04,16,3,13,1920.0,3.2,857.3130146745485,166.20160687416953,1.0,19632.0,19632.0,0.0,20.277000032365322,"7,2,2,1,0,13,11,11,12,0","0:13-7,0-7;1:1-2;2:9-2,2-9,8-2,2-8,3-2,8-9;3:0-1;4:1-0;5:5-13;6:0-11;7:2-11;8:0-12;9:1-0"
359,proposed_c2f_adaptive_pd,9,10,0.9,16,300,0.05333333333333334,12,0,12,0.0,0.0,976.0602708338554,185.61586831245774,1.0,19082.0,19082.0,0.0,7.137399981729686,"0,0,14,8,7,2,5,8,10,2","0:6-0;1:9-0,1-0,4-0;2:1-14;3:0-8;4:0-7;5:0-2;6:1-5;7:3-8;8:0-10;9:0-2"
359,proposed_c2f_adaptive_pd_calibrated,9,10,0.9,16,300,0.05333333333333334,12,0,12,0.0,0.0,976.0602708338554,185.61586831245774,1.0,19082.0,19082.0,0.0,13.695000030566007,"0,0,14,8,7,2,5,8,10,2","0:6-0;1:9-0,1-0,4-0;2:1-14;3:0-8;4:0-7;5:0-2;6:1-5;7:3-8;8:0-10;9:0-2"
360,proposed_c2f_adaptive_pd,10,10,1.0,14,300,0.04666666666666667,10,0,10,0.0,0.0,4769.584359100119,827.3446671483243,1.0,11275.0,11275.0,0.0,4.279799992218614,"1,1,9,10,4,7,14,11,10,1",0:7-1;1:3-1;2:0-9;3:0-10;4:0-4;5:1-7;6:0-14;7:0-11;8:0-10;9:7-1
360,proposed_c2f_adaptive_pd_calibrated,10,10,1.0,14,300,0.04666666666666667,10,0,10,0.0,0.0,4769.584359100119,827.3446671483243,1.0,11275.0,11275.0,0.0,7.741099980194122,"1,1,9,10,4,7,14,11,10,1",0:7-1;1:3-1;2:0-9;3:0-10;4:0-4;5:1-7;6:0-14;7:0-11;8:0-10;9:7-1
361,proposed_c2f_adaptive_pd,10,10,1.0,11,300,0.03666666666666667,11,2,9,1280.0,2.1333333333333333,8788.863284841316,202.2572346602255,1.0,8268.0,8268.0,0.0,5.66570000955835,"1,10,12,9,11,3,2,13,0,11","0:0-1;1:1-10;2:0-12;3:0-9;4:1-11;5:0-3;6:0-2;7:9-11,0-11;8:6-0;9:0-11"
361,proposed_c2f_adaptive_pd_calibrated,10,10,1.0,11,300,0.03666666666666667,11,2,9,1280.0,2.1333333333333333,8788.863284841316,202.2572346602255,1.0,8268.0,8268.0,0.0,11.708400037605315,"1,10,12,9,11,3,2,13,0,11","0:0-1;1:1-10;2:0-12;3:0-9;4:1-11;5:0-3;6:0-2;7:9-11,0-11;8:6-0;9:0-11"
362,proposed_c2f_adaptive_pd,8,10,0.8,18,270,0.06666666666666667,18,5,13,3200.0,5.333333333333334,121.85499497123908,59.9486818382118,0.9444444444444444,17403.0,17403.0,0.0,7.7735999948345125,"13,1,6,9,14,12,14,11,13,14","0:1-13;1:0-1;2:1-6;3:12-9;4:1-14;5:0-12;6:5-14,7-14;7:13-11;8:13-11,11-13,11-1,13-1,8-11,1-11;9:9-14,7-14,3-14"
362,proposed_c2f_adaptive_pd_calibrated,8,10,0.8,18,270,0.06666666666666667,18,5,13,3200.0,5.333333333333334,121.85499497123908,59.9486818382118,0.9444444444444444,17403.0,17403.0,0.0,22.426499985158443,"13,1,6,9,14,12,14,11,13,14","0:1-13;1:0-1;2:1-6;3:12-9;4:1-14;5:0-12;6:5-14,7-14;7:13-11;8:13-11,11-13,11-1,13-1,8-11,1-11;9:9-14,7-14,3-14"
363,proposed_c2f_adaptive_pd,10,10,1.0,27,300,0.09,13,1,12,640.0,1.0666666666666667,7522.687007320269,459.06270516281353,1.0,13915.0,13915.0,0.0,6.097899982705712,"1,0,5,3,5,1,13,2,9,5","0:0-1;1:4-0;2:0-5;3:8-3,3-8,4-3;4:0-5,10-5;5:7-1;6:0-13;7:5-2;8:1-9;9:0-5"
363,proposed_c2f_adaptive_pd_calibrated,10,10,1.0,27,300,0.09,13,1,12,640.0,1.0666666666666667,7522.687007320269,459.06270516281353,1.0,13915.0,13915.0,0.0,13.29600001918152,"1,0,5,3,5,1,13,2,9,5","0:0-1;1:4-0;2:0-5;3:8-3,3-8,4-3;4:0-5,10-5;5:7-1;6:0-13;7:5-2;8:1-9;9:0-5"
364,proposed_c2f_adaptive_pd,10,10,1.0,15,300,0.05,10,0,10,0.0,0.0,6061.763543421158,1379.1982022306295,1.0,12507.0,12507.0,0.0,4.528599965851754,"12,3,12,12,12,0,9,3,8,0",0:0-12;1:2-3;2:5-12;3:0-12;4:0-12;5:1-0;6:7-9;7:1-3;8:2-8;9:1-0
364,proposed_c2f_adaptive_pd_calibrated,10,10,1.0,15,300,0.05,10,0,10,0.0,0.0,6061.763543421158,1379.1982022306295,1.0,12507.0,12507.0,0.0,10.743599967099726,"12,3,12,12,12,0,9,3,8,0",0:0-12;1:2-3;2:5-12;3:0-12;4:0-12;5:1-0;6:7-9;7:1-3;8:2-8;9:1-0
365,proposed_c2f_adaptive_pd,8,10,0.8,18,270,0.06666666666666667,11,0,11,0.0,0.0,1803.081161647346,249.46965946120963,0.9090909090909091,12636.0,12636.0,0.0,3.626400022767484,"7,14,1,7,7,7,7,14,1,14","0:0-7;1:11-14,8-14;2:8-1;3:0-7;4:5-7;5:0-7;6:1-7;7:0-14;8:5-1;9:0-14"
365,proposed_c2f_adaptive_pd_calibrated,8,10,0.8,18,270,0.06666666666666667,11,0,11,0.0,0.0,1803.081161647346,249.46965946120963,0.9090909090909091,12636.0,12636.0,0.0,9.2156000318937,"7,14,1,7,7,7,7,14,1,14","0:0-7;1:11-14,8-14;2:8-1;3:0-7;4:5-7;5:0-7;6:1-7;7:0-14;8:5-1;9:0-14"
366,proposed_c2f_adaptive_pd,10,10,1.0,18,300,0.06,11,0,11,0.0,0.0,427.3594625632956,292.3521806101604,1.0,9108.0,9108.0,0.0,6.597100000362843,"12,9,3,3,0,4,13,3,3,1","0:2-12;1:0-9;2:0-3;3:4-3;4:1-0;5:2-4;6:0-13;7:2-3;8:12-3,2-3;9:0-1"
366,proposed_c2f_adaptive_pd_calibrated,10,10,1.0,18,300,0.06,11,0,11,0.0,0.0,427.3594625632956,292.3521806101604,1.0,9108.0,9108.0,0.0,14.561799995135516,"12,9,3,3,0,4,13,3,3,1","0:2-12;1:0-9;2:0-3;3:4-3;4:1-0;5:2-4;6:0-13;7:2-3;8:12-3,2-3;9:0-1"
367,proposed_c2f_adaptive_pd,9,10,0.9,13,300,0.043333333333333335,13,2,11,1280.0,2.1333333333333333,1264.0913655328081,316.7875822958455,1.0,18449.0,18449.0,0.0,7.410600024741143,"1,6,4,0,3,6,0,6,4,13","0:1-14,7-1;1:0-6;2:0-4;3:1-0;4:0-3;5:0-6;6:4-0;7:4-6;8:6-4,4-6,14-4;9:2-13"
367,proposed_c2f_adaptive_pd_calibrated,9,10,0.9,14,300,0.04666666666666667,13,2,11,1280.0,2.1333333333333333,1264.0913655328081,316.7875822958455,1.0,18449.0,18449.0,0.0,17.230800003744662,"1,6,4,0,3,6,0,6,4,13","0:1-14,7-1;1:0-6;2:0-4;3:1-0;4:0-3;5:0-6;6:4-0;7:4-6;8:6-4,4-6,14-4;9:2-13"
368,proposed_c2f_adaptive_pd,10,10,1.0,12,300,0.04,11,0,11,0.0,0.0,1179.0454915700925,241.30902134041258,1.0,11124.0,11124.0,0.0,5.124399962369353,"3,0,10,5,3,12,14,12,8,1","0:4-3;1:1-0,10-0;2:0-10;3:1-5;4:0-3;5:3-12;6:0-14;7:3-12;8:1-8;9:0-1"
368,proposed_c2f_adaptive_pd_calibrated,10,10,1.0,12,300,0.04,11,0,11,0.0,0.0,1179.0454915700925,241.30902134041258,1.0,11124.0,11124.0,0.0,15.521200024522841,"3,0,10,5,3,12,14,12,8,1","0:4-3;1:1-0,10-0;2:0-10;3:1-5;4:0-3;5:3-12;6:0-14;7:3-12;8:1-8;9:0-1"
369,proposed_c2f_adaptive_pd,10,10,1.0,15,300,0.05,10,0,10,0.0,0.0,101587.95270149613,77.28018355181095,1.0,12255.0,12255.0,0.0,3.619000024627894,"7,3,2,2,10,1,13,8,2,3",0:3-7;1:0-3;2:4-2;3:5-2;4:1-10;5:3-1;6:4-13;7:0-8;8:0-2;9:0-3
369,proposed_c2f_adaptive_pd_calibrated,10,10,1.0,15,300,0.05,10,0,10,0.0,0.0,101587.95270149613,77.28018355181095,1.0,12255.0,12255.0,0.0,10.852999985218048,"7,3,2,2,10,1,13,8,2,3",0:3-7;1:0-3;2:4-2;3:5-2;4:1-10;5:3-1;6:4-13;7:0-8;8:0-2;9:0-3
370,proposed_c2f_adaptive_pd,10,10,1.0,17,300,0.056666666666666664,10,0,10,0.0,0.0,976.0543887141326,189.58919370237834,1.0,10197.0,10197.0,0.0,6.180399970617145,"9,1,8,1,4,6,1,5,0,12",0:0-9;1:0-1;2:0-8;3:0-1;4:1-4;5:0-6;6:0-1;7:0-5;8:3-0;9:3-12
370,proposed_c2f_adaptive_pd_calibrated,10,10,1.0,18,300,0.06,10,0,10,0.0,0.0,976.0543887141326,189.58919370237834,1.0,10197.0,10197.0,0.0,13.28099996317178,"9,1,8,1,4,6,1,5,0,12",0:0-9;1:0-1;2:0-8;3:0-1;4:1-4;5:0-6;6:0-1;7:0-5;8:3-0;9:3-12
371,proposed_c2f_adaptive_pd,10,10,1.0,21,300,0.07,10,0,10,0.0,0.0,5347.982210382711,2347.568001499125,1.0,8965.0,8965.0,0.0,3.994900034740567,"4,0,8,8,9,8,8,5,3,14",0:5-4;1:6-0;2:6-8;3:0-8;4:0-9;5:0-8;6:0-8;7:0-5;8:0-3;9:2-14
371,proposed_c2f_adaptive_pd_calibrated,10,10,1.0,21,300,0.07,10,0,10,0.0,0.0,5347.982210382711,2347.568001499125,1.0,8965.0,8965.0,0.0,10.704999964218587,"4,0,8,8,9,8,8,5,3,14",0:5-4;1:6-0;2:6-8;3:0-8;4:0-9;5:0-8;6:0-8;7:0-5;8:0-3;9:2-14
372,proposed_c2f_adaptive_pd,10,10,1.0,14,300,0.04666666666666667,16,2,14,1280.0,2.1333333333333333,5497.967953748212,185.6478270429842,1.0,17297.0,17297.0,0.0,7.1635000058449805,"14,14,3,9,0,12,8,14,12,7","0:0-14;1:0-14;2:0-3;3:0-9;4:3-0,1-0;5:2-12;6:5-8,8-5,4-8,8-4,10-8,3-8;7:3-14;8:2-12;9:0-7"
372,proposed_c2f_adaptive_pd_calibrated,10,10,1.0,14,300,0.04666666666666667,16,2,14,1280.0,2.1333333333333333,5497.967953748212,185.6478270429842,1.0,17297.0,17297.0,0.0,21.307800023350865,"14,14,3,9,0,12,8,14,12,7","0:0-14;1:0-14;2:0-3;3:0-9;4:3-0,1-0;5:2-12;6:5-8,8-5,4-8,8-4,10-8,3-8;7:3-14;8:2-12;9:0-7"
373,proposed_c2f_adaptive_pd,10,10,1.0,20,300,0.06666666666666667,12,0,12,0.0,0.0,9983.764232934953,327.08727075602155,1.0,9404.0,9404.0,0.0,4.745699989143759,"8,0,11,11,8,3,10,12,1,9","0:0-8,11-8,14-8;1:5-0;2:0-11;3:0-11;4:9-8;5:0-3;6:4-10;7:0-12;8:3-1;9:14-9"
373,proposed_c2f_adaptive_pd_calibrated,10,10,1.0,20,300,0.06666666666666667,12,0,12,0.0,0.0,9983.764232934953,327.08727075602155,1.0,9404.0,9404.0,0.0,14.959499996621162,"8,0,11,11,8,3,10,12,1,9","0:0-8,11-8,14-8;1:5-0;2:0-11;3:0-11;4:9-8;5:0-3;6:4-10;7:0-12;8:3-1;9:14-9"
374,proposed_c2f_adaptive_pd,10,10,1.0,21,300,0.07,10,0,10,0.0,0.0,662.9489118373797,228.5886154422013,1.0,12591.0,12591.0,0.0,4.4234999804757535,"4,5,11,1,1,4,9,1,4,4",0:0-4;1:0-5;2:0-11;3:14-1;4:5-1;5:3-4;6:0-9;7:4-1;8:1-4;9:0-4
374,proposed_c2f_adaptive_pd_calibrated,10,10,1.0,22,300,0.07333333333333333,10,0,10,0.0,0.0,662.9489118373797,228.5886154422013,1.0,12591.0,12591.0,0.0,12.93160003842786,"4,5,11,1,1,4,9,1,4,4",0:0-4;1:0-5;2:0-11;3:14-1;4:5-1;5:3-4;6:0-9;7:4-1;8:1-4;9:0-4
375,proposed_c2f_adaptive_pd,10,10,1.0,12,300,0.04,12,1,11,640.0,1.0666666666666667,119.97303390003397,101.28291991501447,1.0,13062.0,13062.0,0.0,5.64500002656132,"4,10,7,10,3,12,12,2,3,1","0:0-4;1:0-10;2:12-7;3:13-10;4:9-3;5:5-12;6:2-12;7:2-1,1-2,10-2;8:0-3;9:7-1"
375,proposed_c2f_adaptive_pd_calibrated,10,10,1.0,13,300,0.043333333333333335,12,1,11,640.0,1.0666666666666667,119.97303390003397,101.28291991501447,1.0,13062.0,13062.0,0.0,14.567299978807569,"4,10,7,10,3,12,12,2,3,1","0:0-4;1:0-10;2:12-7;3:13-10;4:9-3;5:5-12;6:2-12;7:2-1,1-2,10-2;8:0-3;9:7-1"
376,proposed_c2f_adaptive_pd,10,10,1.0,19,300,0.06333333333333334,11,0,11,0.0,0.0,13916.124903534033,546.1535606790401,1.0,11460.0,11460.0,0.0,5.865300016012043,"12,10,1,8,1,1,8,7,7,10","0:5-12,6-12;1:0-10;2:2-1;3:0-8;4:2-1;5:2-1;6:0-8;7:4-7;8:3-7;9:0-10"
376,proposed_c2f_adaptive_pd_calibrated,10,10,1.0,19,300,0.06333333333333334,11,0,11,0.0,0.0,13916.124903534033,546.1535606790401,1.0,11460.0,11460.0,0.0,14.560299983713776,"12,10,1,8,1,1,8,7,7,10","0:5-12,6-12;1:0-10;2:2-1;3:0-8;4:2-1;5:2-1;6:0-8;7:4-7;8:3-7;9:0-10"
377,proposed_c2f_adaptive_pd,10,10,1.0,12,300,0.04,10,0,10,0.0,0.0,1344.0246158490809,255.6530958169726,1.0,8965.0,8965.0,0.0,6.423600018024445,"8,9,6,8,13,4,11,0,9,3",0:10-8;1:2-9;2:0-6;3:0-8;4:0-13;5:0-4;6:0-11;7:1-0;8:0-9;9:0-3
377,proposed_c2f_adaptive_pd_calibrated,10,10,1.0,13,300,0.043333333333333335,10,0,10,0.0,0.0,1344.0246158490809,255.6530958169726,1.0,8965.0,8965.0,0.0,13.654599955771118,"8,9,6,8,13,4,11,0,9,3",0:10-8;1:2-9;2:0-6;3:0-8;4:0-13;5:0-4;6:0-11;7:1-0;8:0-9;9:0-3
378,proposed_c2f_adaptive_pd,10,10,1.0,17,300,0.056666666666666664,18,3,15,1920.0,3.2,683.6053489398785,73.35897139114446,1.0,15902.0,15902.0,0.0,9.370699990540743,"13,13,12,3,3,11,14,13,14,14","0:2-13;1:2-13;2:5-12;3:0-3,3-0,8-3;4:8-3,0-3,3-0,8-0,10-3,11-3;5:0-11;6:12-14;7:2-13;8:12-14;9:5-14,12-14"
378,proposed_c2f_adaptive_pd_calibrated,10,10,1.0,19,300,0.06333333333333334,18,3,15,1920.0,3.2,683.6053489398785,73.35897139114446,1.0,15902.0,15902.0,0.0,25.174800015520304,"13,13,12,3,3,11,14,13,14,14","0:2-13;1:2-13;2:5-12;3:0-3,3-0,8-3;4:8-3,0-3,3-0,8-0,10-3,11-3;5:0-11;6:12-14;7:2-13;8:12-14;9:5-14,12-14"
379,proposed_c2f_adaptive_pd,10,10,1.0,12,300,0.04,11,0,11,0.0,0.0,2460.3049390998767,662.2133005900437,1.0,11120.0,11120.0,0.0,5.405599949881434,"1,6,4,6,8,11,13,9,10,2","0:2-1,11-1;1:0-6;2:3-4;3:5-6;4:0-8;5:0-11;6:0-13;7:0-9;8:0-10;9:1-2"
379,proposed_c2f_adaptive_pd_calibrated,10,10,1.0,15,300,0.05,11,0,11,0.0,0.0,2460.3049390998767,662.2133005900437,1.0,11120.0,11120.0,0.0,9.167200012598187,"1,6,4,6,8,11,13,9,10,2","0:2-1,11-1;1:0-6;2:3-4;3:5-6;4:0-8;5:0-11;6:0-13;7:0-9;8:0-10;9:1-2"
380,proposed_c2f_adaptive_pd,9,10,0.9,20,300,0.06666666666666667,21,7,14,4480.0,7.466666666666669,540.8917405935299,66.62241212509511,1.0,15648.0,15648.0,0.0,12.217700015753508,"2,11,8,2,4,5,11,13,2,2","0:13-2;1:0-11;2:7-8;3:7-13,7-2,2-13,13-2,7-4,10-2;4:9-4,2-4;5:0-5;6:9-11;7:0-13;8:2-4,2-13,13-4,13-2,4-2,11-4;9:0-2"
380,proposed_c2f_adaptive_pd_calibrated,9,10,0.9,20,300,0.06666666666666667,21,7,14,4480.0,7.466666666666669,540.8917405935299,66.62241212509511,1.0,15648.0,15648.0,0.0,22.973500017542392,"2,11,8,2,4,5,11,13,2,2","0:13-2;1:0-11;2:7-8;3:7-13,7-2,2-13,13-2,7-4,10-2;4:9-4,2-4;5:0-5;6:9-11;7:0-13;8:2-4,2-13,13-4,13-2,4-2,11-4;9:0-2"
381,proposed_c2f_adaptive_pd,10,10,1.0,18,300,0.06,11,0,11,0.0,0.0,2067.1175208007066,353.75118803900614,1.0,14397.0,14397.0,0.0,6.715100025758147,"8,13,6,12,5,1,5,6,5,8","0:0-8;1:0-13;2:0-6;3:0-12;4:0-5,1-5;5:0-1;6:0-5;7:0-6;8:0-5;9:0-8"
381,proposed_c2f_adaptive_pd_calibrated,10,10,1.0,18,300,0.06,11,0,11,0.0,0.0,2067.1175208007066,353.75118803900614,1.0,14397.0,14397.0,0.0,13.908200024161488,"8,13,6,12,5,1,5,6,5,8","0:0-8;1:0-13;2:0-6;3:0-12;4:0-5,1-5;5:0-1;6:0-5;7:0-6;8:0-5;9:0-8"
382,proposed_c2f_adaptive_pd,10,10,1.0,13,300,0.043333333333333335,10,0,10,0.0,0.0,22991.91005733281,206.23348373823077,1.0,11275.0,11275.0,0.0,4.7488000127486885,"2,10,10,2,4,8,6,4,6,2",0:6-2;1:0-10;2:0-10;3:6-2;4:0-4;5:0-8;6:0-6;7:0-4;8:0-6;9:0-2
382,proposed_c2f_adaptive_pd_calibrated,10,10,1.0,13,300,0.043333333333333335,10,0,10,0.0,0.0,22991.91005733281,206.23348373823077,1.0,11275.0,11275.0,0.0,12.7698999713175,"2,10,10,2,4,8,6,4,6,2",0:6-2;1:0-10;2:0-10;3:6-2;4:0-4;5:0-8;6:0-6;7:0-4;8:0-6;9:0-2
383,proposed_c2f_adaptive_pd,10,10,1.0,11,300,0.03666666666666667,10,0,10,0.0,0.0,3130.9389726025065,194.26640078081437,1.0,11583.0,11583.0,0.0,6.597200001124293,"1,3,1,11,3,10,2,10,13,13",0:0-1;1:5-3;2:7-1;3:1-11;4:0-3;5:2-10;6:1-2;7:0-10;8:1-13;9:7-13
383,proposed_c2f_adaptive_pd_calibrated,10,10,1.0,12,300,0.04,10,0,10,0.0,0.0,3130.9389726025065,194.26640078081437,1.0,11583.0,11583.0,0.0,12.095100013539195,"1,3,1,11,3,10,2,10,13,13",0:0-1;1:5-3;2:7-1;3:1-11;4:0-3;5:2-10;6:1-2;7:0-10;8:1-13;9:7-13
384,proposed_c2f_adaptive_pd,10,10,1.0,15,300,0.05,10,0,10,0.0,0.0,2143.6216606149915,746.881384045116,1.0,8657.0,8657.0,0.0,3.9004000136628747,"5,5,6,14,6,6,9,5,1,9",0:3-5;1:3-5;2:0-6;3:2-14;4:2-6;5:2-6;6:0-9;7:0-5;8:0-1;9:0-9
384,proposed_c2f_adaptive_pd_calibrated,10,10,1.0,15,300,0.05,10,0,10,0.0,0.0,2143.6216606149915,746.881384045116,1.0,8657.0,8657.0,0.0,12.774200004059821,"5,5,6,14,6,6,9,5,1,9",0:3-5;1:3-5;2:0-6;3:2-14;4:2-6;5:2-6;6:0-9;7:0-5;8:0-1;9:0-9
385,proposed_c2f_adaptive_pd,10,10,1.0,17,300,0.056666666666666664,10,0,10,0.0,0.0,7386.145134489481,1323.8167110061588,1.0,11429.0,11429.0,0.0,5.47149998601526,"12,8,14,0,11,10,11,0,4,0",0:0-12;1:0-8;2:0-14;3:1-0;4:7-11;5:0-10;6:0-11;7:7-0;8:0-4;9:1-0
385,proposed_c2f_adaptive_pd_calibrated,10,10,1.0,17,300,0.056666666666666664,10,0,10,0.0,0.0,7386.145134489481,1323.8167110061588,1.0,11429.0,11429.0,0.0,14.519500022288412,"12,8,14,0,11,10,11,0,4,0",0:0-12;1:0-8;2:0-14;3:1-0;4:7-11;5:0-10;6:0-11;7:7-0;8:0-4;9:1-0
386,proposed_c2f_adaptive_pd,10,10,1.0,12,300,0.04,13,1,12,640.0,1.0666666666666667,3017.6544186547862,211.8011910545169,1.0,14649.0,14649.0,0.0,6.524599972181022,"2,6,4,10,6,3,3,6,6,12","0:1-2;1:0-6;2:0-4;3:0-10;4:3-6;5:0-3;6:0-3;7:3-6;8:6-9,9-6,3-6,4-6;9:3-12"
386,proposed_c2f_adaptive_pd_calibrated,10,10,1.0,13,300,0.043333333333333335,13,1,12,640.0,1.0666666666666667,3017.6544186547862,211.8011910545169,1.0,14649.0,14649.0,0.0,13.612599985208362,"2,6,4,10,6,3,3,6,6,12","0:1-2;1:0-6;2:0-4;3:0-10;4:3-6;5:0-3;6:0-3;7:3-6;8:6-9,9-6,3-6,4-6;9:3-12"
387,proposed_c2f_adaptive_pd,10,10,1.0,18,300,0.06,16,3,13,1920.0,3.2,4677.328445610394,175.3232405328642,1.0,19366.0,19366.0,0.0,8.126300002913922,"8,10,12,12,2,6,10,0,5,0","0:0-8;1:6-10;2:2-12;3:12-10,10-12,4-12,7-12,7-10,6-12;4:0-2;5:0-6;6:12-10,10-12;7:3-0;8:0-5;9:1-0"
387,proposed_c2f_adaptive_pd_calibrated,10,10,1.0,18,300,0.06,16,3,13,1920.0,3.2,4677.328445610394,175.3232405328642,1.0,19366.0,19366.0,0.0,14.969000010751188,"8,10,12,12,2,6,10,0,5,0","0:0-8;1:6-10;2:2-12;3:12-10,10-12,4-12,7-12,7-10,6-12;4:0-2;5:0-6;6:12-10,10-12;7:3-0;8:0-5;9:1-0"
388,proposed_c2f_adaptive_pd,10,10,1.0,9,300,0.03,15,4,11,2560.0,4.266666666666667,1272.811513216223,291.62723003149847,1.0,14073.0,14073.0,0.0,8.558499976061285,"2,4,8,12,2,11,4,1,8,9","0:0-2;1:0-4;2:0-8;3:2-12;4:1-2,2-1,4-2,2-4,1-4,4-1;5:0-11;6:0-4;7:0-1;8:3-8;9:0-9"
388,proposed_c2f_adaptive_pd_calibrated,10,10,1.0,9,300,0.03,15,4,11,2560.0,4.266666666666667,1272.811513216223,291.62723003149847,1.0,14073.0,14073.0,0.0,20.204300002660602,"2,4,8,12,2,11,4,1,8,9","0:0-2;1:0-4;2:0-8;3:2-12;4:1-2,2-1,4-2,2-4,1-4,4-1;5:0-11;6:0-4;7:0-1;8:3-8;9:0-9"
389,proposed_c2f_adaptive_pd,10,10,1.0,9,300,0.03,10,0,10,0.0,0.0,345293.4666931451,124.19207179249898,1.0,9119.0,9119.0,0.0,4.056999983731657,"11,3,11,2,10,5,6,5,13,9",0:2-11;1:12-3;2:0-11;3:0-2;4:2-10;5:11-5;6:0-6;7:3-5;8:4-13;9:0-9
389,proposed_c2f_adaptive_pd_calibrated,10,10,1.0,10,300,0.03333333333333333,10,0,10,0.0,0.0,345293.4666931451,124.19207179249898,1.0,9119.0,9119.0,0.0,10.993800009600818,"11,3,11,2,10,5,6,5,13,9",0:2-11;1:12-3;2:0-11;3:0-2;4:2-10;5:11-5;6:0-6;7:3-5;8:4-13;9:0-9
390,proposed_c2f_adaptive_pd,10,10,1.0,14,300,0.04666666666666667,13,1,12,640.0,1.0666666666666667,407934.6514523658,381.75944445967036,1.0,19515.0,19515.0,0.0,5.276399955619127,"3,10,2,5,2,13,4,5,3,2","0:2-3,11-3;1:8-10;2:0-2;3:0-5;4:3-2;5:0-13;6:0-4;7:0-5,5-0,10-5;8:2-3;9:5-2"
390,proposed_c2f_adaptive_pd_calibrated,10,10,1.0,14,300,0.04666666666666667,13,1,12,640.0,1.0666666666666667,407934.6514523658,381.75944445967036,1.0,19515.0,19515.0,0.0,16.263899975456297,"3,10,2,5,2,13,4,5,3,2","0:2-3,11-3;1:8-10;2:0-2;3:0-5;4:3-2;5:0-13;6:0-4;7:0-5,5-0,10-5;8:2-3;9:5-2"
391,proposed_c2f_adaptive_pd,10,10,1.0,15,300,0.05,16,1,15,640.0,1.0666666666666667,2821.3894049248574,152.3112104216874,1.0,15735.0,15735.0,0.0,9.154299972578883,"5,5,14,12,12,5,7,5,1,9","0:2-5,9-5,14-5,11-5,7-5,5-14;1:2-5;2:0-14;3:3-12,11-12;4:0-12;5:1-5;6:0-7;7:2-5;8:0-1;9:2-9"
391,proposed_c2f_adaptive_pd_calibrated,10,10,1.0,16,300,0.05333333333333334,16,1,15,640.0,1.0666666666666667,2821.3894049248574,152.3112104216874,1.0,15735.0,15735.0,0.0,18.20140000199899,"5,5,14,12,12,5,7,5,1,9","0:2-5,9-5,14-5,11-5,7-5,5-14;1:2-5;2:0-14;3:3-12,11-12;4:0-12;5:1-5;6:0-7;7:2-5;8:0-1;9:2-9"
392,proposed_c2f_adaptive_pd,10,10,1.0,15,300,0.05,10,0,10,0.0,0.0,1376.390997502793,394.5655266110706,1.0,12507.0,12507.0,0.0,5.7042999542318285,"1,1,8,3,8,1,13,6,3,7",0:0-1;1:0-1;2:0-8;3:4-3;4:0-8;5:9-1;6:1-13;7:2-6;8:0-3;9:0-7
392,proposed_c2f_adaptive_pd_calibrated,10,10,1.0,15,300,0.05,10,0,10,0.0,0.0,1376.390997502793,394.5655266110706,1.0,12507.0,12507.0,0.0,8.90310003887862,"1,1,8,3,8,1,13,6,3,7",0:0-1;1:0-1;2:0-8;3:4-3;4:0-8;5:9-1;6:1-13;7:2-6;8:0-3;9:0-7
393,proposed_c2f_adaptive_pd,10,10,1.0,13,300,0.043333333333333335,10,0,10,0.0,0.0,49003.930048500166,899.3588238583399,1.0,10351.0,10351.0,0.0,5.876099981833249,"6,6,2,4,6,12,12,12,8,13",0:0-6;1:0-6;2:0-2;3:0-4;4:0-6;5:0-12;6:0-12;7:0-12;8:0-8;9:1-13
393,proposed_c2f_adaptive_pd_calibrated,10,10,1.0,13,300,0.043333333333333335,10,0,10,0.0,0.0,49003.930048500166,899.3588238583399,1.0,10351.0,10351.0,0.0,11.85589999658987,"6,6,2,4,6,12,12,12,8,13",0:0-6;1:0-6;2:0-2;3:0-4;4:0-6;5:0-12;6:0-12;7:0-12;8:0-8;9:1-13
394,proposed_c2f_adaptive_pd,10,10,1.0,18,300,0.06,10,0,10,0.0,0.0,1019.6705740952493,380.24267247750686,1.0,10043.0,10043.0,0.0,5.533200048375875,"10,2,4,11,2,4,8,8,0,6",0:0-10;1:1-2;2:8-4;3:0-11;4:1-2;5:0-4;6:0-8;7:0-8;8:7-0;9:0-6
394,proposed_c2f_adaptive_pd_calibrated,10,10,1.0,19,300,0.06333333333333334,10,0,10,0.0,0.0,1019.6705740952493,380.24267247750686,1.0,10043.0,10043.0,0.0,18.704799993429333,"10,2,4,11,2,4,8,8,0,6",0:0-10;1:1-2;2:8-4;3:0-11;4:1-2;5:0-4;6:0-8;7:0-8;8:7-0;9:0-6
395,proposed_c2f_adaptive_pd,10,10,1.0,16,300,0.05333333333333334,10,0,10,0.0,0.0,168446.1259417364,280.9839119189198,1.0,10659.0,10659.0,0.0,5.107700009830296,"12,5,0,9,11,14,14,6,9,13",0:0-12;1:0-5;2:1-0;3:2-9;4:0-11;5:1-14;6:1-14;7:0-6;8:0-9;9:1-13
395,proposed_c2f_adaptive_pd_calibrated,10,10,1.0,16,300,0.05333333333333334,10,0,10,0.0,0.0,168446.1259417364,280.9839119189198,1.0,10659.0,10659.0,0.0,8.787599974311888,"12,5,0,9,11,14,14,6,9,13",0:0-12;1:0-5;2:1-0;3:2-9;4:0-11;5:1-14;6:1-14;7:0-6;8:0-9;9:1-13
396,proposed_c2f_adaptive_pd,8,10,0.8,13,300,0.043333333333333335,10,0,10,0.0,0.0,1013.4863924857502,105.77693193835407,1.0,9119.0,9119.0,0.0,5.524699983652681,"2,13,4,13,12,6,13,9,12,13",0:0-2;1:0-13;2:5-4;3:0-13;4:0-12;5:0-6;6:10-13;7:1-9;8:0-12;9:0-13
396,proposed_c2f_adaptive_pd_calibrated,8,10,0.8,14,300,0.04666666666666667,10,0,10,0.0,0.0,1013.4863924857502,105.77693193835407,1.0,9119.0,9119.0,0.0,12.177700002212077,"2,13,4,13,12,6,13,9,12,13",0:0-2;1:0-13;2:5-4;3:0-13;4:0-12;5:0-6;6:10-13;7:1-9;8:0-12;9:0-13
397,proposed_c2f_adaptive_pd,10,10,1.0,18,300,0.06,10,0,10,0.0,0.0,9573.34785195857,402.8445485642234,1.0,11583.0,11583.0,0.0,3.8861000211909413,"0,11,14,14,8,3,5,3,5,9",0:3-0;1:0-11;2:0-14;3:4-14;4:0-8;5:0-3;6:3-5;7:0-3;8:0-5;9:0-9
397,proposed_c2f_adaptive_pd_calibrated,10,10,1.0,18,300,0.06,10,0,10,0.0,0.0,9573.34785195857,402.8445485642234,1.0,11583.0,11583.0,0.0,13.810199976433069,"0,11,14,14,8,3,5,3,5,9",0:3-0;1:0-11;2:0-14;3:4-14;4:0-8;5:0-3;6:3-5;7:0-3;8:0-5;9:0-9
398,proposed_c2f_adaptive_pd,10,10,1.0,20,300,0.06666666666666667,10,0,10,0.0,0.0,157285.39721683966,284.16111022091684,1.0,9273.0,9273.0,0.0,5.735000013373792,"4,0,11,6,2,12,9,10,14,7",0:13-4;1:2-0;2:7-11;3:0-6;4:0-2;5:0-12;6:4-9;7:0-10;8:1-14;9:0-7
398,proposed_c2f_adaptive_pd_calibrated,10,10,1.0,20,300,0.06666666666666667,10,0,10,0.0,0.0,157285.39721683966,284.16111022091684,1.0,9273.0,9273.0,0.0,8.905599999707192,"4,0,11,6,2,12,9,10,14,7",0:13-4;1:2-0;2:7-11;3:0-6;4:0-2;5:0-12;6:4-9;7:0-10;8:1-14;9:0-7
399,proposed_c2f_adaptive_pd,10,10,1.0,18,300,0.06,14,0,14,0.0,0.0,591.4558259082725,164.68956757851043,1.0,15833.0,15833.0,0.0,4.574999969918281,"13,12,4,11,11,1,4,13,9,6","0:8-13;1:0-12;2:3-4;3:13-11,1-11;4:1-11;5:0-1;6:7-4;7:3-13,10-13,8-13;8:7-9,0-9;9:0-6"
399,proposed_c2f_adaptive_pd_calibrated,10,10,1.0,18,300,0.06,14,0,14,0.0,0.0,591.4558259082725,164.68956757851043,1.0,15833.0,15833.0,0.0,14.386099996045232,"13,12,4,11,11,1,4,13,9,6","0:8-13;1:0-12;2:3-4;3:13-11,1-11;4:1-11;5:0-1;6:7-4;7:3-13,10-13,8-13;8:7-9,0-9;9:0-6"
400,proposed_c2f_adaptive_pd,9,10,0.9,18,270,0.06666666666666667,10,0,10,0.0,0.0,1331.3139041727338,217.5714389834335,0.9,12892.0,12892.0,0.0,3.6379999946802855,"2,10,0,7,9,5,9,5,6,1",0:0-2;1:0-10;2:1-0;3:2-7;4:0-9;5:9-5;6:0-9;7:3-5;8:1-6;9:14-1
400,proposed_c2f_adaptive_pd_calibrated,9,10,0.9,19,270,0.07037037037037037,10,0,10,0.0,0.0,1331.3139041727338,217.5714389834335,0.9,12892.0,12892.0,0.0,10.342900000978261,"2,10,0,7,9,5,9,5,6,1",0:0-2;1:0-10;2:1-0;3:2-7;4:0-9;5:9-5;6:0-9;7:3-5;8:1-6;9:14-1
401,proposed_c2f_adaptive_pd,10,10,1.0,14,300,0.04666666666666667,10,0,10,0.0,0.0,54807.20789135354,417.133512593936,1.0,11737.0,11737.0,0.0,5.850100016687065,"13,6,8,5,10,12,9,4,13,0",0:5-13;1:0-6;2:5-8;3:0-5;4:7-10;5:0-12;6:0-9;7:0-4;8:5-13;9:1-0
401,proposed_c2f_adaptive_pd_calibrated,10,10,1.0,14,300,0.04666666666666667,10,0,10,0.0,0.0,54807.20789135354,417.133512593936,1.0,11737.0,11737.0,0.0,9.075200010556728,"13,6,8,5,10,12,9,4,13,0",0:5-13;1:0-6;2:5-8;3:0-5;4:7-10;5:0-12;6:0-9;7:0-4;8:5-13;9:1-0
402,proposed_c2f_adaptive_pd,10,10,1.0,20,300,0.06666666666666667,10,0,10,0.0,0.0,6902.310903088842,545.4258958150231,1.0,11751.0,11751.0,0.0,6.2945999670773745,"13,13,5,12,8,10,10,13,6,2",0:0-13;1:14-13;2:0-5;3:0-12;4:1-8;5:0-10;6:0-10;7:1-13;8:0-6;9:0-2
402,proposed_c2f_adaptive_pd_calibrated,10,10,1.0,20,300,0.06666666666666667,10,0,10,0.0,0.0,6902.310903088842,545.4258958150231,1.0,11751.0,11751.0,0.0,11.366299993824214,"13,13,5,12,8,10,10,13,6,2",0:0-13;1:14-13;2:0-5;3:0-12;4:1-8;5:0-10;6:0-10;7:1-13;8:0-6;9:0-2
403,proposed_c2f_adaptive_pd,10,10,1.0,24,300,0.08,10,0,10,0.0,0.0,1036.7836393439738,175.65755095815766,1.0,10351.0,10351.0,0.0,3.507699992042035,"1,3,7,5,3,13,12,4,7,12",0:5-1;1:0-3;2:2-7;3:1-5;4:0-3;5:7-13;6:0-12;7:0-4;8:2-7;9:0-12
403,proposed_c2f_adaptive_pd_calibrated,10,10,1.0,24,300,0.08,10,0,10,0.0,0.0,1036.7836393439738,175.65755095815766,1.0,10351.0,10351.0,0.0,13.706600002478808,"1,3,7,5,3,13,12,4,7,12",0:5-1;1:0-3;2:2-7;3:1-5;4:0-3;5:7-13;6:0-12;7:0-4;8:2-7;9:0-12
404,proposed_c2f_adaptive_pd,10,10,1.0,18,300,0.06,21,2,19,1280.0,2.1333333333333333,7937.031206197797,89.39775658735996,1.0,19607.0,19607.0,0.0,7.181300024967641,"11,4,5,5,11,12,13,13,4,14","0:13-11,2-11,11-13,9-11,6-11;1:0-4;2:13-5,5-3,3-5,8-5,2-5;3:3-5;4:6-11,0-11,12-11,9-11;5:0-12;6:2-13;7:0-13;8:0-4;9:0-14"
404,proposed_c2f_adaptive_pd_calibrated,10,10,1.0,18,300,0.06,21,2,19,1280.0,2.1333333333333333,7937.031206197797,89.39775658735996,1.0,19607.0,19607.0,0.0,26.54320001602173,"11,4,5,5,11,12,13,13,4,14","0:13-11,2-11,11-13,9-11,6-11;1:0-4;2:13-5,5-3,3-5,8-5,2-5;3:3-5;4:6-11,0-11,12-11,9-11;5:0-12;6:2-13;7:0-13;8:0-4;9:0-14"
405,proposed_c2f_adaptive_pd,10,10,1.0,16,300,0.05333333333333334,12,0,12,0.0,0.0,899.9116006046303,183.87682941240146,1.0,12961.0,12961.0,0.0,6.552400009240955,"4,4,7,4,3,0,5,1,4,12","0:8-4,6-4,3-4;1:1-4;2:3-7;3:0-4;4:12-3;5:1-0;6:0-5;7:14-1;8:0-4;9:2-12"
405,proposed_c2f_adaptive_pd_calibrated,10,10,1.0,16,300,0.05333333333333334,12,0,12,0.0,0.0,899.9116006046303,183.87682941240146,1.0,12961.0,12961.0,0.0,13.407199992798269,"4,4,7,4,3,0,5,1,4,12","0:8-4,6-4,3-4;1:1-4;2:3-7;3:0-4;4:12-3;5:1-0;6:0-5;7:14-1;8:0-4;9:2-12"
406,proposed_c2f_adaptive_pd,10,10,1.0,12,300,0.04,12,2,10,1280.0,2.1333333333333333,3146.747711163963,437.4703205850012,1.0,13950.0,13950.0,0.0,6.839699984993786,"14,12,2,4,6,4,3,8,1,13","0:3-14;1:12-6,9-6,6-12;2:0-2;3:2-4;4:12-6;5:2-4;6:1-3;7:1-8;8:3-1;9:1-13"
406,proposed_c2f_adaptive_pd_calibrated,10,10,1.0,12,300,0.04,12,2,10,1280.0,2.1333333333333333,3146.747711163963,437.4703205850012,1.0,13950.0,13950.0,0.0,13.949899992439896,"14,12,2,4,6,4,3,8,1,13","0:3-14;1:12-6,9-6,6-12;2:0-2;3:2-4;4:12-6;5:2-4;6:1-3;7:1-8;8:3-1;9:1-13"
407,proposed_c2f_adaptive_pd,10,10,1.0,14,300,0.04666666666666667,11,0,11,0.0,0.0,39779.95832747584,239.5430159792925,1.0,9108.0,9108.0,0.0,5.1509999902918935,"14,2,13,2,10,2,13,1,4,7","0:0-14;1:0-2;2:0-13;3:1-2;4:1-10;5:1-2;6:0-13,7-13;7:0-1;8:0-4;9:0-7"
407,proposed_c2f_adaptive_pd_calibrated,10,10,1.0,14,300,0.04666666666666667,11,0,11,0.0,0.0,39779.95832747584,239.5430159792925,1.0,9108.0,9108.0,0.0,15.239999978803098,"14,2,13,2,10,2,13,1,4,7","0:0-14;1:0-2;2:0-13;3:1-2;4:1-10;5:1-2;6:0-13,7-13;7:0-1;8:0-4;9:0-7"
408,proposed_c2f_adaptive_pd,10,10,1.0,15,300,0.05,10,0,10,0.0,0.0,949.228148680879,721.8536334329406,1.0,9616.0,9616.0,0.0,6.521500006783754,"3,2,12,14,13,10,13,13,9,5",0:9-3;1:0-2;2:0-12;3:0-14;4:2-13;5:5-10;6:0-13;7:2-13;8:3-9;9:0-5
408,proposed_c2f_adaptive_pd_calibrated,10,10,1.0,15,300,0.05,10,0,10,0.0,0.0,949.228148680879,721.8536334329406,1.0,9616.0,9616.0,0.0,13.539300009142607,"3,2,12,14,13,10,13,13,9,5",0:9-3;1:0-2;2:0-12;3:0-14;4:2-13;5:5-10;6:0-13;7:2-13;8:3-9;9:0-5
409,proposed_c2f_adaptive_pd,9,10,0.9,16,270,0.05925925925925926,10,0,10,0.0,0.0,87593.88545090785,207.4651065863584,0.9,8559.0,8559.0,0.0,3.893399960361421,"0,14,0,4,6,13,5,7,1,3",0:1-0;1:0-14;2:3-0;3:0-4;4:0-6;5:2-13;6:10-5;7:0-7;8:0-1;9:0-3
409,proposed_c2f_adaptive_pd_calibrated,9,10,0.9,16,270,0.05925925925925926,10,0,10,0.0,0.0,87593.88545090785,207.4651065863584,0.9,8559.0,8559.0,0.0,11.30760001251474,"0,14,0,4,6,13,5,7,1,3",0:1-0;1:0-14;2:3-0;3:0-4;4:0-6;5:2-13;6:10-5;7:0-7;8:0-1;9:0-3
410,proposed_c2f_adaptive_pd,10,10,1.0,14,300,0.04666666666666667,10,0,10,0.0,0.0,1144.2201652680205,182.1476452633222,1.0,9581.0,9581.0,0.0,3.71439999435097,"6,5,5,5,7,4,5,6,1,5",0:2-6;1:0-5;2:2-5;3:0-5;4:2-7;5:0-4;6:0-5;7:0-6;8:4-1;9:2-5
410,proposed_c2f_adaptive_pd_calibrated,10,10,1.0,14,300,0.04666666666666667,10,0,10,0.0,0.0,1144.2201652680205,182.1476452633222,1.0,9581.0,9581.0,0.0,10.907899995800108,"6,5,5,5,7,4,5,6,1,5",0:2-6;1:0-5;2:2-5;3:0-5;4:2-7;5:0-4;6:0-5;7:0-6;8:4-1;9:2-5
411,proposed_c2f_adaptive_pd,10,10,1.0,19,300,0.06333333333333334,10,0,10,0.0,0.0,17355.655912120284,424.43149579230055,1.0,7579.0,7579.0,0.0,6.111399969086051,"11,5,8,4,14,9,0,9,3,11",0:0-11;1:0-5;2:12-8;3:0-4;4:0-14;5:0-9;6:1-0;7:0-9;8:0-3;9:0-11
411,proposed_c2f_adaptive_pd_calibrated,10,10,1.0,20,300,0.06666666666666667,10,0,10,0.0,0.0,17355.655912120284,424.43149579230055,1.0,7579.0,7579.0,0.0,12.294000014662743,"11,5,8,4,14,9,0,9,3,11",0:0-11;1:0-5;2:12-8;3:0-4;4:0-14;5:0-9;6:1-0;7:0-9;8:0-3;9:0-11
412,proposed_c2f_adaptive_pd,10,10,1.0,19,300,0.06333333333333334,10,0,10,0.0,0.0,3596.2380581869197,465.259525966356,1.0,10659.0,10659.0,0.0,5.222600011620671,"13,4,12,14,6,13,12,13,14,11",0:0-13;1:0-4;2:1-12;3:0-14;4:0-6;5:0-13;6:1-12;7:0-13;8:0-14;9:0-11
412,proposed_c2f_adaptive_pd_calibrated,10,10,1.0,21,300,0.07,10,0,10,0.0,0.0,3596.2380581869197,465.259525966356,1.0,10659.0,10659.0,0.0,10.76390000525862,"13,4,12,14,6,13,12,13,14,11",0:0-13;1:0-4;2:1-12;3:0-14;4:0-6;5:0-13;6:1-12;7:0-13;8:0-14;9:0-11
413,proposed_c2f_adaptive_pd,10,10,1.0,18,300,0.06,16,4,12,2560.0,4.266666666666667,910.8636478308923,331.47268396521434,1.0,16948.0,16948.0,0.0,6.118600023910403,"6,6,8,10,5,5,8,6,10,7","0:1-6,7-6;1:1-6;2:0-8;3:0-10;4:13-5,5-13,14-5,5-14,13-14,14-13;5:10-5;6:0-8;7:1-6;8:1-10;9:4-7"
413,proposed_c2f_adaptive_pd_calibrated,10,10,1.0,19,300,0.06333333333333334,16,4,12,2560.0,4.266666666666667,910.8636478308923,331.47268396521434,1.0,16948.0,16948.0,0.0,16.37929998105392,"6,6,8,10,5,5,8,6,10,7","0:1-6,7-6;1:1-6;2:0-8;3:0-10;4:13-5,5-13,14-5,5-14,13-14,14-13;5:10-5;6:0-8;7:1-6;8:1-10;9:4-7"
414,proposed_c2f_adaptive_pd,10,10,1.0,15,300,0.05,17,2,15,1280.0,2.1333333333333333,1807.387774376885,197.35106357669224,1.0,23225.0,23225.0,0.0,9.600499994121492,"3,9,7,6,5,6,12,5,4,5","0:0-3;1:0-9;2:0-7;3:13-6,6-13,1-6,6-1,5-6;4:0-5;5:1-6;6:11-12,14-12,9-12,0-12;7:0-5;8:0-4;9:4-5"
414,proposed_c2f_adaptive_pd_calibrated,10,10,1.0,15,300,0.05,17,2,15,1280.0,2.1333333333333333,1807.387774376885,197.35106357669224,1.0,23225.0,23225.0,0.0,21.596300008241087,"3,9,7,6,5,6,12,5,4,5","0:0-3;1:0-9;2:0-7;3:13-6,6-13,1-6,6-1,5-6;4:0-5;5:1-6;6:11-12,14-12,9-12,0-12;7:0-5;8:0-4;9:4-5"
415,proposed_c2f_adaptive_pd,10,10,1.0,13,300,0.043333333333333335,11,0,11,0.0,0.0,713.9904672401635,367.3864091452184,1.0,11460.0,11460.0,0.0,6.022499990649521,"6,1,7,14,8,3,1,9,5,7","0:0-6;1:14-1,10-1;2:0-7;3:1-14;4:0-8;5:0-3;6:0-1;7:0-9;8:1-5;9:0-7"
415,proposed_c2f_adaptive_pd_calibrated,10,10,1.0,13,300,0.043333333333333335,11,0,11,0.0,0.0,713.9904672401635,367.3864091452184,1.0,11460.0,11460.0,0.0,15.451900020707399,"6,1,7,14,8,3,1,9,5,7","0:0-6;1:14-1,10-1;2:0-7;3:1-14;4:0-8;5:0-3;6:0-1;7:0-9;8:1-5;9:0-7"
416,proposed_c2f_adaptive_pd,10,10,1.0,15,300,0.05,12,1,11,640.0,1.0666666666666667,4975.032196527705,178.61919833907962,1.0,14154.0,14154.0,0.0,7.2616999968886375,"14,14,10,2,14,11,4,5,3,13","0:0-14;1:0-14;2:0-10;3:1-2;4:0-14;5:0-11;6:4-13,13-4,3-4;7:0-5;8:2-3;9:2-13"
416,proposed_c2f_adaptive_pd_calibrated,10,10,1.0,15,300,0.05,12,1,11,640.0,1.0666666666666667,4975.032196527705,178.61919833907962,1.0,14154.0,14154.0,0.0,14.532300003338605,"14,14,10,2,14,11,4,5,3,13","0:0-14;1:0-14;2:0-10;3:1-2;4:0-14;5:0-11;6:4-13,13-4,3-4;7:0-5;8:2-3;9:2-13"
417,proposed_c2f_adaptive_pd,10,10,1.0,15,300,0.05,10,0,10,0.0,0.0,2372.5140003849265,260.4027815019891,1.0,9273.0,9273.0,0.0,6.025900016538799,"9,6,3,1,12,10,9,5,1,9",0:0-9;1:4-6;2:0-3;3:4-1;4:5-12;5:0-10;6:1-9;7:1-5;8:2-1;9:0-9
417,proposed_c2f_adaptive_pd_calibrated,10,10,1.0,15,300,0.05,10,0,10,0.0,0.0,2372.5140003849265,260.4027815019891,1.0,9273.0,9273.0,0.0,11.368700012098998,"9,6,3,1,12,10,9,5,1,9",0:0-9;1:4-6;2:0-3;3:4-1;4:5-12;5:0-10;6:1-9;7:1-5;8:2-1;9:0-9
418,proposed_c2f_adaptive_pd,10,10,1.0,17,300,0.056666666666666664,16,4,12,2560.0,4.266666666666667,35899.794442319195,980.6317465020313,1.0,14139.0,14139.0,0.0,6.651400006376207,"8,0,4,9,12,9,3,1,10,12","0:0-8;1:1-0;2:0-4;3:0-9;4:3-12,4-12;5:0-9;6:3-5,5-3,8-5,12-5,8-3,2-5;7:0-1;8:4-10;9:1-12"
418,proposed_c2f_adaptive_pd_calibrated,10,10,1.0,17,300,0.056666666666666664,16,4,12,2560.0,4.266666666666667,35899.794442319195,980.6317465020313,1.0,14139.0,14139.0,0.0,18.695099977776408,"8,0,4,9,12,9,3,1,10,12","0:0-8;1:1-0;2:0-4;3:0-9;4:3-12,4-12;5:0-9;6:3-5,5-3,8-5,12-5,8-3,2-5;7:0-1;8:4-10;9:1-12"
419,proposed_c2f_adaptive_pd,10,10,1.0,10,300,0.03333333333333333,10,0,10,0.0,0.0,897.466505077014,407.2769941383053,1.0,9119.0,9119.0,0.0,6.117699958849698,"5,12,7,2,5,8,14,4,6,4",0:0-5;1:3-12;2:0-7;3:9-2;4:0-5;5:0-8;6:0-14;7:1-4;8:2-6;9:0-4
419,proposed_c2f_adaptive_pd_calibrated,10,10,1.0,10,300,0.03333333333333333,10,0,10,0.0,0.0,897.466505077014,407.2769941383053,1.0,9119.0,9119.0,0.0,10.825700010173023,"5,12,7,2,5,8,14,4,6,4",0:0-5;1:3-12;2:0-7;3:9-2;4:0-5;5:0-8;6:0-14;7:1-4;8:2-6;9:0-4
420,proposed_c2f_adaptive_pd,10,10,1.0,10,300,0.03333333333333333,10,0,10,0.0,0.0,16492.895297234983,774.4000724788475,1.0,11891.0,11891.0,0.0,6.087699963245541,"14,2,1,4,14,5,11,8,7,11",0:1-14;1:0-2;2:0-1;3:1-4;4:1-14;5:8-5;6:1-11;7:0-8;8:0-7;9:0-11
420,proposed_c2f_adaptive_pd_calibrated,10,10,1.0,10,300,0.03333333333333333,10,0,10,0.0,0.0,16492.895297234983,774.4000724788475,1.0,11891.0,11891.0,0.0,12.111000018194318,"14,2,1,4,14,5,11,8,7,11",0:1-14;1:0-2;2:0-1;3:1-4;4:1-14;5:8-5;6:1-11;7:0-8;8:0-7;9:0-11
421,proposed_c2f_adaptive_pd,10,10,1.0,10,300,0.03333333333333333,15,2,13,1280.0,2.1333333333333333,1393.2082715291315,318.6187591967413,1.0,15197.0,15197.0,0.0,8.867700002156198,"14,14,4,11,0,14,0,11,0,4","0:0-14;1:0-14;2:0-4;3:0-11;4:1-0;5:1-14;6:11-0;7:0-11;8:1-0;9:1-4,4-1,4-14,14-4,0-4,11-4"
421,proposed_c2f_adaptive_pd_calibrated,10,10,1.0,11,300,0.03666666666666667,15,2,13,1280.0,2.1333333333333333,1393.2082715291315,318.6187591967413,1.0,15197.0,15197.0,0.0,17.854100035037845,"14,14,4,11,0,14,0,11,0,4","0:0-14;1:0-14;2:0-4;3:0-11;4:1-0;5:1-14;6:11-0;7:0-11;8:1-0;9:1-4,4-1,4-14,14-4,0-4,11-4"
422,proposed_c2f_adaptive_pd,10,10,1.0,19,300,0.06333333333333334,15,1,14,640.0,1.0666666666666667,1865.0583314904998,208.08153404175306,1.0,13233.0,13233.0,0.0,6.714399962220341,"5,10,12,1,13,5,2,12,5,10","0:6-5;1:0-10;2:0-12;3:7-1;4:0-13;5:0-5;6:4-2;7:0-12;8:0-5;9:5-10,6-10,10-6,12-10,7-10,11-10"
422,proposed_c2f_adaptive_pd_calibrated,10,10,1.0,19,300,0.06333333333333334,15,1,14,640.0,1.0666666666666667,1865.0583314904998,208.08153404175306,1.0,13233.0,13233.0,0.0,18.445199995767325,"5,10,12,1,13,5,2,12,5,10","0:6-5;1:0-10;2:0-12;3:7-1;4:0-13;5:0-5;6:4-2;7:0-12;8:0-5;9:5-10,6-10,10-6,12-10,7-10,11-10"
423,proposed_c2f_adaptive_pd,10,10,1.0,12,300,0.04,21,8,13,5120.0,8.533333333333335,4223.275218447407,161.73906248804462,1.0,21679.0,21679.0,0.0,12.335000035818666,"11,13,6,10,1,10,5,12,0,7","0:0-11;1:1-13;2:2-6;3:1-10,9-10;4:0-1;5:0-10;6:7-12,5-12,12-7,5-7,7-5,12-5;7:2-12;8:1-0;9:7-8,5-7,5-8,5-12,8-7,7-12"
423,proposed_c2f_adaptive_pd_calibrated,10,10,1.0,13,300,0.043333333333333335,21,8,13,5120.0,8.533333333333335,4223.275218447407,161.73906248804462,1.0,21679.0,21679.0,0.0,28.34740001708269,"11,13,6,10,1,10,5,12,0,7","0:0-11;1:1-13;2:2-6;3:1-10,9-10;4:0-1;5:0-10;6:7-12,5-12,12-7,5-7,7-5,12-5;7:2-12;8:1-0;9:7-8,5-7,5-8,5-12,8-7,7-12"
424,proposed_c2f_adaptive_pd,9,10,0.9,12,300,0.04,15,3,12,1920.0,3.2,6245.7070514663155,487.8097630060197,1.0,18263.0,18263.0,0.0,8.840000024065375,"7,7,11,12,0,3,13,5,6,7","0:1-7;1:1-7;2:5-11;3:1-12;4:5-0;5:0-3;6:0-13;7:5-11,11-5,5-0,0-5,11-0,13-5;8:0-6;9:0-7"
424,proposed_c2f_adaptive_pd_calibrated,9,10,0.9,12,300,0.04,15,3,12,1920.0,3.2,6245.7070514663155,487.8097630060197,1.0,18263.0,18263.0,0.0,13.168300036340952,"7,7,11,12,0,3,13,5,6,7","0:1-7;1:1-7;2:5-11;3:1-12;4:5-0;5:0-3;6:0-13;7:5-11,11-5,5-0,0-5,11-0,13-5;8:0-6;9:0-7"
425,proposed_c2f_adaptive_pd,10,10,1.0,14,300,0.04666666666666667,10,0,10,0.0,0.0,971.6493677780051,268.2950464151097,1.0,10813.0,10813.0,0.0,3.9604000048711896,"8,1,11,13,10,9,11,8,6,8",0:3-8;1:0-1;2:0-11;3:1-13;4:0-10;5:0-9;6:0-11;7:1-8;8:0-6;9:3-8
425,proposed_c2f_adaptive_pd_calibrated,10,10,1.0,14,300,0.04666666666666667,10,0,10,0.0,0.0,971.6493677780051,268.2950464151097,1.0,10813.0,10813.0,0.0,15.154399967286736,"8,1,11,13,10,9,11,8,6,8",0:3-8;1:0-1;2:0-11;3:1-13;4:0-10;5:0-9;6:0-11;7:1-8;8:0-6;9:3-8
426,proposed_c2f_adaptive_pd,10,10,1.0,10,300,0.03333333333333333,10,0,10,0.0,0.0,603.1554490206427,200.10195788581348,1.0,7117.0,7117.0,0.0,4.556800005957484,"13,1,2,0,2,10,10,7,12,4",0:1-13;1:0-1;2:1-2;3:1-0;4:1-2;5:2-10;6:0-10;7:1-7;8:0-12;9:0-4
426,proposed_c2f_adaptive_pd_calibrated,10,10,1.0,10,300,0.03333333333333333,10,0,10,0.0,0.0,603.1554490206427,200.10195788581348,1.0,7117.0,7117.0,0.0,10.104799992404878,"13,1,2,0,2,10,10,7,12,4",0:1-13;1:0-1;2:1-2;3:1-0;4:1-2;5:2-10;6:0-10;7:1-7;8:0-12;9:0-4
427,proposed_c2f_adaptive_pd,10,10,1.0,13,300,0.043333333333333335,10,0,10,0.0,0.0,2748.840472068142,416.10556385435564,1.0,11891.0,11891.0,0.0,4.16909996420145,"6,6,5,2,14,14,1,0,12,7",0:0-6;1:3-6;2:1-5;3:5-2;4:0-14;5:0-14;6:2-1;7:7-0;8:0-12;9:0-7
427,proposed_c2f_adaptive_pd_calibrated,10,10,1.0,13,300,0.043333333333333335,10,0,10,0.0,0.0,2748.840472068142,416.10556385435564,1.0,11891.0,11891.0,0.0,10.336100007407367,"6,6,5,2,14,14,1,0,12,7",0:0-6;1:3-6;2:1-5;3:5-2;4:0-14;5:0-14;6:2-1;7:7-0;8:0-12;9:0-7
428,proposed_c2f_adaptive_pd,10,10,1.0,15,300,0.05,10,0,10,0.0,0.0,3976.3473800285346,344.6837171231231,1.0,11275.0,11275.0,0.0,3.962300019338727,"8,10,0,7,13,10,7,7,5,6",0:0-8;1:4-10;2:5-0;3:0-7;4:5-13;5:4-10;6:0-7;7:1-7;8:0-5;9:2-6
428,proposed_c2f_adaptive_pd_calibrated,10,10,1.0,15,300,0.05,10,0,10,0.0,0.0,3976.3473800285346,344.6837171231231,1.0,11275.0,11275.0,0.0,10.316100029740483,"8,10,0,7,13,10,7,7,5,6",0:0-8;1:4-10;2:5-0;3:0-7;4:5-13;5:4-10;6:0-7;7:1-7;8:0-5;9:2-6
429,proposed_c2f_adaptive_pd,9,10,0.9,20,300,0.06666666666666667,11,0,11,0.0,0.0,135.3786357721906,111.82478095508,1.0,11278.0,11278.0,0.0,5.540999991353601,"2,12,3,2,1,7,7,11,1,14","0:3-2,14-2;1:0-12;2:2-3;3:5-2;4:0-1;5:1-7;6:10-7;7:0-11;8:0-1;9:0-14"
429,proposed_c2f_adaptive_pd_calibrated,9,10,0.9,20,300,0.06666666666666667,11,0,11,0.0,0.0,135.3786357721906,111.82478095508,1.0,11278.0,11278.0,0.0,12.282699986826628,"2,12,3,2,1,7,7,11,1,14","0:3-2,14-2;1:0-12;2:2-3;3:5-2;4:0-1;5:1-7;6:10-7;7:0-11;8:0-1;9:0-14"
430,proposed_c2f_adaptive_pd,10,10,1.0,12,300,0.04,10,0,10,0.0,0.0,1327.4520277473607,870.0235726751082,1.0,6655.0,6655.0,0.0,5.920999974478036,"0,8,4,6,9,6,10,12,2,11",0:4-0;1:0-8;2:5-4;3:0-6;4:1-9;5:0-6;6:7-10;7:1-12;8:1-2;9:7-11
430,proposed_c2f_adaptive_pd_calibrated,10,10,1.0,13,300,0.043333333333333335,10,0,10,0.0,0.0,1327.4520277473607,870.0235726751082,1.0,6655.0,6655.0,0.0,12.199899996630847,"0,8,4,6,9,6,10,12,2,11",0:4-0;1:0-8;2:5-4;3:0-6;4:1-9;5:0-6;6:7-10;7:1-12;8:1-2;9:7-11
431,proposed_c2f_adaptive_pd,10,10,1.0,15,300,0.05,11,0,11,0.0,0.0,1142.5236228628821,167.39615475135668,1.0,13476.0,13476.0,0.0,5.71599998511374,"3,5,6,7,9,8,3,6,9,9","0:0-3;1:0-5;2:0-6;3:0-7;4:1-9;5:0-8;6:0-3;7:0-6;8:0-9;9:1-9,0-9"
431,proposed_c2f_adaptive_pd_calibrated,10,10,1.0,15,300,0.05,11,0,11,0.0,0.0,1142.5236228628821,167.39615475135668,1.0,13476.0,13476.0,0.0,11.346500017680228,"3,5,6,7,9,8,3,6,9,9","0:0-3;1:0-5;2:0-6;3:0-7;4:1-9;5:0-8;6:0-3;7:0-6;8:0-9;9:1-9,0-9"
432,proposed_c2f_adaptive_pd,9,10,0.9,15,300,0.05,11,1,10,640.0,1.0666666666666667,2229.36069163156,585.9430525857821,1.0,14344.0,14344.0,0.0,4.7648000181652606,"5,5,9,7,10,5,9,2,9,11","0:5-0,0-5;1:2-5;2:0-9;3:0-7;4:2-10;5:0-5;6:4-9;7:1-2;8:4-9;9:0-11"
432,proposed_c2f_adaptive_pd_calibrated,9,10,0.9,15,300,0.05,11,1,10,640.0,1.0666666666666667,2229.36069163156,585.9430525857821,1.0,14344.0,14344.0,0.0,12.455499963834882,"5,5,9,7,10,5,9,2,9,11","0:5-0,0-5;1:2-5;2:0-9;3:0-7;4:2-10;5:0-5;6:4-9;7:1-2;8:4-9;9:0-11"
433,proposed_c2f_adaptive_pd,10,10,1.0,11,300,0.03666666666666667,10,0,10,0.0,0.0,26793.059860959085,534.4730159883953,1.0,11737.0,11737.0,0.0,4.15450002765283,"10,8,11,8,3,9,2,9,9,6",0:0-10;1:0-8;2:0-11;3:0-8;4:1-3;5:0-9;6:3-2;7:0-9;8:0-9;9:1-6
433,proposed_c2f_adaptive_pd_calibrated,10,10,1.0,11,300,0.03666666666666667,10,0,10,0.0,0.0,26793.059860959085,534.4730159883953,1.0,11737.0,11737.0,0.0,9.675699984654784,"10,8,11,8,3,9,2,9,9,6",0:0-10;1:0-8;2:0-11;3:0-8;4:1-3;5:0-9;6:3-2;7:0-9;8:0-9;9:1-6
434,proposed_c2f_adaptive_pd,10,10,1.0,17,300,0.056666666666666664,11,0,11,0.0,0.0,10515.292692159772,860.1046452905865,1.0,8940.0,8940.0,0.0,5.115900014061481,"2,2,12,1,1,6,6,9,13,9","0:7-2;1:4-2;2:14-12;3:0-1;4:0-1;5:0-6;6:0-6;7:0-9;8:14-13,2-13;9:0-9"
434,proposed_c2f_adaptive_pd_calibrated,10,10,1.0,17,300,0.056666666666666664,11,0,11,0.0,0.0,10515.292692159772,860.1046452905865,1.0,8940.0,8940.0,0.0,10.600399982649833,"2,2,12,1,1,6,6,9,13,9","0:7-2;1:4-2;2:14-12;3:0-1;4:0-1;5:0-6;6:0-6;7:0-9;8:14-13,2-13;9:0-9"
435,proposed_c2f_adaptive_pd,9,10,0.9,11,300,0.03666666666666667,19,1,18,640.0,1.0666666666666667,9971.7181010279,134.66523743649418,1.0,20323.0,20323.0,0.0,9.48799995239824,"5,4,3,4,9,7,10,11,10,3","0:0-5;1:3-4,1-4,12-4,14-4,11-4;2:4-3;3:3-4,12-4,9-4,4-3,1-4,14-4;4:0-9;5:0-7;6:6-10;7:0-11;8:0-10;9:12-3"
435,proposed_c2f_adaptive_pd_calibrated,9,10,0.9,11,300,0.03666666666666667,19,1,18,640.0,1.0666666666666667,9971.7181010279,134.66523743649418,1.0,20323.0,20323.0,0.0,25.31940001063049,"5,4,3,4,9,7,10,11,10,3","0:0-5;1:3-4,1-4,12-4,14-4,11-4;2:4-3;3:3-4,12-4,9-4,4-3,1-4,14-4;4:0-9;5:0-7;6:6-10;7:0-11;8:0-10;9:12-3"
436,proposed_c2f_adaptive_pd,10,10,1.0,18,300,0.06,21,4,17,2560.0,4.266666666666667,183173.32951165264,187.7385127756329,1.0,23787.0,23787.0,0.0,12.047800002619624,"8,7,8,1,11,4,1,1,8,1","0:3-8;1:0-7;2:5-8;3:7-1,1-7,4-7,7-4,0-1,14-1;4:0-11;5:3-4,8-4,4-3,0-4,6-4,9-4;6:7-1;7:0-1;8:4-8,3-8;9:4-1"
436,proposed_c2f_adaptive_pd_calibrated,10,10,1.0,18,300,0.06,21,4,17,2560.0,4.266666666666667,183173.32951165264,187.7385127756329,1.0,23787.0,23787.0,0.0,21.460599964484572,"8,7,8,1,11,4,1,1,8,1","0:3-8;1:0-7;2:5-8;3:7-1,1-7,4-7,7-4,0-1,14-1;4:0-11;5:3-4,8-4,4-3,0-4,6-4,9-4;6:7-1;7:0-1;8:4-8,3-8;9:4-1"
437,proposed_c2f_adaptive_pd,10,10,1.0,13,300,0.043333333333333335,10,0,10,0.0,0.0,15987.608000633725,915.8518016181463,1.0,9581.0,9581.0,0.0,6.065499968826771,"14,11,8,8,12,11,7,9,1,2",0:2-14;1:0-11;2:0-8;3:0-8;4:0-12;5:0-11;6:0-7;7:2-9;8:3-1;9:6-2
437,proposed_c2f_adaptive_pd_calibrated,10,10,1.0,13,300,0.043333333333333335,10,0,10,0.0,0.0,15987.608000633725,915.8518016181463,1.0,9581.0,9581.0,0.0,10.120699997060001,"14,11,8,8,12,11,7,9,1,2",0:2-14;1:0-11;2:0-8;3:0-8;4:0-12;5:0-11;6:0-7;7:2-9;8:3-1;9:6-2
438,proposed_c2f_adaptive_pd,10,10,1.0,13,300,0.043333333333333335,11,0,11,0.0,0.0,629.4263528243764,123.30003342994956,1.0,12188.0,12188.0,0.0,6.022399989888072,"10,0,2,6,6,2,13,8,2,10","0:1-10;1:1-0;2:8-2;3:2-6;4:0-6;5:8-2,5-2;6:0-13;7:7-8;8:5-2;9:3-10"
438,proposed_c2f_adaptive_pd_calibrated,10,10,1.0,13,300,0.043333333333333335,11,0,11,0.0,0.0,629.4263528243764,123.30003342994956,1.0,12188.0,12188.0,0.0,15.197100001387298,"10,0,2,6,6,2,13,8,2,10","0:1-10;1:1-0;2:8-2;3:2-6;4:0-6;5:8-2,5-2;6:0-13;7:7-8;8:5-2;9:3-10"
439,proposed_c2f_adaptive_pd,10,10,1.0,10,300,0.03333333333333333,10,0,10,0.0,0.0,1367.1564736964879,228.46516619030695,1.0,12353.0,12353.0,0.0,6.567599950358272,"9,4,5,7,3,7,7,2,7,4",0:0-9;1:0-4;2:0-5;3:0-7;4:5-3;5:0-7;6:0-7;7:6-2;8:2-7;9:0-4
439,proposed_c2f_adaptive_pd_calibrated,10,10,1.0,10,300,0.03333333333333333,10,0,10,0.0,0.0,1367.1564736964879,228.46516619030695,1.0,12353.0,12353.0,0.0,13.06169998133555,"9,4,5,7,3,7,7,2,7,4",0:0-9;1:0-4;2:0-5;3:0-7;4:5-3;5:0-7;6:0-7;7:6-2;8:2-7;9:0-4
440,proposed_c2f_adaptive_pd,10,10,1.0,22,300,0.07333333333333333,15,1,14,640.0,1.0666666666666667,1448.1832020475235,565.7549237861635,0.8666666666666667,13457.0,13457.0,0.0,7.570199959445745,"13,9,4,6,11,7,12,9,4,4","0:0-13,1-13,13-0,5-13,8-13,3-13;1:2-9;2:6-4;3:1-6;4:0-11;5:1-7;6:0-12;7:2-9;8:6-4;9:2-4"
440,proposed_c2f_adaptive_pd_calibrated,10,10,1.0,22,300,0.07333333333333333,15,1,14,640.0,1.0666666666666667,1448.1832020475235,565.7549237861635,0.8666666666666667,13457.0,13457.0,0.0,19.342000014148653,"13,9,4,6,11,7,12,9,4,4","0:0-13,1-13,13-0,5-13,8-13,3-13;1:2-9;2:6-4;3:1-6;4:0-11;5:1-7;6:0-12;7:2-9;8:6-4;9:2-4"
441,proposed_c2f_adaptive_pd,10,10,1.0,19,300,0.06333333333333334,11,0,11,0.0,0.0,620.0839666825552,103.45475235813436,1.0,9822.0,9822.0,0.0,5.758600018452853,"14,13,13,4,13,13,12,13,14,7","0:0-14;1:2-13;2:0-13;3:0-4;4:0-13;5:8-13;6:1-12;7:2-13;8:5-14,1-14;9:0-7"
441,proposed_c2f_adaptive_pd_calibrated,10,10,1.0,19,300,0.06333333333333334,11,0,11,0.0,0.0,620.0839666825552,103.45475235813436,1.0,9822.0,9822.0,0.0,13.331800000742078,"14,13,13,4,13,13,12,13,14,7","0:0-14;1:2-13;2:0-13;3:0-4;4:0-13;5:8-13;6:1-12;7:2-13;8:5-14,1-14;9:0-7"
442,proposed_c2f_adaptive_pd,9,10,0.9,20,300,0.06666666666666667,10,0,10,0.0,0.0,25831.076061340245,111.75061117606907,1.0,10197.0,10197.0,0.0,5.488700000569224,"4,2,10,1,2,7,6,7,9,12",0:0-4;1:7-2;2:0-10;3:0-1;4:7-2;5:0-7;6:0-6;7:0-7;8:4-9;9:0-12
442,proposed_c2f_adaptive_pd_calibrated,9,10,0.9,20,300,0.06666666666666667,10,0,10,0.0,0.0,25831.076061340245,111.75061117606907,1.0,10197.0,10197.0,0.0,7.908999978099018,"4,2,10,1,2,7,6,7,9,12",0:0-4;1:7-2;2:0-10;3:0-1;4:7-2;5:0-7;6:0-6;7:0-7;8:4-9;9:0-12
443,proposed_c2f_adaptive_pd,10,10,1.0,14,300,0.04666666666666667,10,0,10,0.0,0.0,20786.312796527345,665.90656700783,1.0,11982.0,11982.0,0.0,4.739500000141561,"6,2,14,9,0,10,5,8,12,7",0:0-6;1:0-2;2:7-14;3:2-9;4:3-0;5:8-10;6:4-5;7:4-8;8:0-12;9:0-7
443,proposed_c2f_adaptive_pd_calibrated,10,10,1.0,14,300,0.04666666666666667,10,0,10,0.0,0.0,20786.312796527345,665.90656700783,1.0,11982.0,11982.0,0.0,9.35050001135096,"6,2,14,9,0,10,5,8,12,7",0:0-6;1:0-2;2:7-14;3:2-9;4:3-0;5:8-10;6:4-5;7:4-8;8:0-12;9:0-7
444,proposed_c2f_adaptive_pd,10,10,1.0,22,300,0.07333333333333333,10,0,10,0.0,0.0,451866.8543875005,272.4453328024933,1.0,9231.0,9231.0,0.0,6.381599989254028,"14,12,12,3,10,12,10,9,9,11",0:2-14;1:0-12;2:0-12;3:4-3;4:11-10;5:0-12;6:11-10;7:0-9;8:1-9;9:2-11
444,proposed_c2f_adaptive_pd_calibrated,10,10,1.0,23,300,0.07666666666666666,10,0,10,0.0,0.0,451866.8543875005,272.4453328024933,1.0,9231.0,9231.0,0.0,12.571000028401613,"14,12,12,3,10,12,10,9,9,11",0:2-14;1:0-12;2:0-12;3:4-3;4:11-10;5:0-12;6:11-10;7:0-9;8:1-9;9:2-11
445,proposed_c2f_adaptive_pd,10,10,1.0,14,300,0.04666666666666667,10,0,10,0.0,0.0,450.0157244090309,294.76564881863715,1.0,10197.0,10197.0,0.0,6.184300000313669,"8,1,8,2,5,9,6,2,0,8",0:1-8;1:0-1;2:0-8;3:0-2;4:0-5;5:0-9;6:0-6;7:1-2;8:1-0;9:5-8
445,proposed_c2f_adaptive_pd_calibrated,10,10,1.0,14,300,0.04666666666666667,10,0,10,0.0,0.0,450.0157244090309,294.76564881863715,1.0,10197.0,10197.0,0.0,9.603600017726421,"8,1,8,2,5,9,6,2,0,8",0:1-8;1:0-1;2:0-8;3:0-2;4:0-5;5:0-9;6:0-6;7:1-2;8:1-0;9:5-8
446,proposed_c2f_adaptive_pd,10,10,1.0,12,300,0.04,13,1,12,640.0,1.0666666666666667,5566.00229547724,300.74222986804466,1.0,17122.0,17122.0,0.0,6.729300017468631,"3,8,3,3,3,8,7,3,8,11","0:1-3;1:0-8;2:3-10,10-3,5-3;3:0-3;4:9-3,10-3;5:0-8;6:5-7;7:0-3;8:0-8;9:1-11"
446,proposed_c2f_adaptive_pd_calibrated,10,10,1.0,12,300,0.04,13,1,12,640.0,1.0666666666666667,5566.00229547724,300.74222986804466,1.0,17122.0,17122.0,0.0,16.268899955321103,"3,8,3,3,3,8,7,3,8,11","0:1-3;1:0-8;2:3-10,10-3,5-3;3:0-3;4:9-3,10-3;5:0-8;6:5-7;7:0-3;8:0-8;9:1-11"
447,proposed_c2f_adaptive_pd,10,10,1.0,15,300,0.05,10,0,10,0.0,0.0,710.1245697945508,237.74706676208893,1.0,9119.0,9119.0,0.0,3.4570000134408474,"4,6,2,10,1,0,12,12,4,0",0:1-4;1:2-6;2:0-2;3:1-10;4:0-1;5:1-0;6:0-12;7:1-12;8:12-4;9:1-0
447,proposed_c2f_adaptive_pd_calibrated,10,10,1.0,15,300,0.05,10,0,10,0.0,0.0,710.1245697945508,237.74706676208893,1.0,9119.0,9119.0,0.0,9.250500006601214,"4,6,2,10,1,0,12,12,4,0",0:1-4;1:2-6;2:0-2;3:1-10;4:0-1;5:1-0;6:0-12;7:1-12;8:12-4;9:1-0
448,proposed_c2f_adaptive_pd,8,10,0.8,13,300,0.043333333333333335,21,6,15,3840.0,6.400000000000001,4784.248740711595,380.2838224979739,1.0,18458.0,18458.0,0.0,12.062299996614456,"6,13,0,6,1,9,13,13,14,8","0:0-6;1:8-13,13-10,10-13,13-8,8-10,7-13;2:1-0;3:9-6;4:0-1;5:0-9;6:8-13,10-13;7:8-13,13-10,10-13,13-8,8-10,12-13;8:0-14;9:10-8"
448,proposed_c2f_adaptive_pd_calibrated,8,10,0.8,13,300,0.043333333333333335,21,6,15,3840.0,6.400000000000001,4784.248740711595,380.2838224979739,1.0,18458.0,18458.0,0.0,26.749300013761967,"6,13,0,6,1,9,13,13,14,8","0:0-6;1:8-13,13-10,10-13,13-8,8-10,7-13;2:1-0;3:9-6;4:0-1;5:0-9;6:8-13,10-13;7:8-13,13-10,10-13,13-8,8-10,12-13;8:0-14;9:10-8"
449,proposed_c2f_adaptive_pd,10,10,1.0,14,300,0.04666666666666667,12,1,11,640.0,1.0666666666666667,2557.7337116683448,384.785627077394,1.0,16380.0,16380.0,0.0,7.278500008396804,"4,4,7,2,4,4,4,0,6,9","0:6-4,4-6,3-4;1:0-4;2:0-7;3:8-2;4:1-4;5:0-4;6:5-4;7:7-0;8:0-6;9:1-9"
449,proposed_c2f_adaptive_pd_calibrated,10,10,1.0,15,300,0.05,12,1,11,640.0,1.0666666666666667,2557.7337116683448,384.785627077394,1.0,16380.0,16380.0,0.0,13.72260000789538,"4,4,7,2,4,4,4,0,6,9","0:6-4,4-6,3-4;1:0-4;2:0-7;3:8-2;4:1-4;5:0-4;6:5-4;7:7-0;8:0-6;9:1-9"
450,proposed_c2f_adaptive_pd,10,10,1.0,11,300,0.03666666666666667,17,1,16,640.0,1.0666666666666667,2602.7196065796184,121.0337421123312,1.0,15268.0,15268.0,0.0,6.54279999434948,"5,14,0,5,11,11,11,8,2,5","0:1-5;1:0-14;2:11-0,5-0;3:0-5;4:12-11,6-11,8-11,14-11,11-14,13-11;5:14-11;6:12-11,6-11;7:0-8;8:0-2;9:0-5"
450,proposed_c2f_adaptive_pd_calibrated,10,10,1.0,11,300,0.03666666666666667,17,1,16,640.0,1.0666666666666667,2602.7196065796184,121.0337421123312,1.0,15268.0,15268.0,0.0,18.953700026031584,"5,14,0,5,11,11,11,8,2,5","0:1-5;1:0-14;2:11-0,5-0;3:0-5;4:12-11,6-11,8-11,14-11,11-14,13-11;5:14-11;6:12-11,6-11;7:0-8;8:0-2;9:0-5"
451,proposed_c2f_adaptive_pd,10,10,1.0,12,300,0.04,10,0,10,0.0,0.0,3593.7961721555976,849.6891476598371,1.0,10813.0,10813.0,0.0,5.328100000042468,"13,9,14,11,13,6,0,6,11,1",0:1-13;1:1-9;2:1-14;3:0-11;4:1-13;5:0-6;6:1-0;7:0-6;8:1-11;9:7-1
451,proposed_c2f_adaptive_pd_calibrated,10,10,1.0,12,300,0.04,10,0,10,0.0,0.0,3593.7961721555976,849.6891476598371,1.0,10813.0,10813.0,0.0,11.001999955624342,"13,9,14,11,13,6,0,6,11,1",0:1-13;1:1-9;2:1-14;3:0-11;4:1-13;5:0-6;6:1-0;7:0-6;8:1-11;9:7-1
452,proposed_c2f_adaptive_pd,10,10,1.0,16,300,0.05333333333333334,10,0,10,0.0,0.0,312.29171942351576,178.09819086755118,1.0,9434.0,9434.0,0.0,6.454799964558333,"1,7,7,9,9,8,12,4,0,1",0:7-1;1:0-7;2:0-7;3:0-9;4:4-9;5:0-8;6:0-12;7:0-4;8:1-0;9:11-1
452,proposed_c2f_adaptive_pd_calibrated,10,10,1.0,17,300,0.056666666666666664,10,0,10,0.0,0.0,312.29171942351576,178.09819086755118,1.0,9434.0,9434.0,0.0,8.855400024913251,"1,7,7,9,9,8,12,4,0,1",0:7-1;1:0-7;2:0-7;3:0-9;4:4-9;5:0-8;6:0-12;7:0-4;8:1-0;9:11-1
453,proposed_c2f_adaptive_pd,9,10,0.9,9,300,0.03,17,1,16,640.0,1.0666666666666667,13744.353303367247,1208.644535676648,1.0,22608.0,22608.0,0.0,5.940800008829683,"14,11,6,11,11,9,12,3,12,6","0:0-14;1:5-11,0-11;2:0-6,11-6;3:7-11,3-11,10-11,12-11,11-12,1-11;4:0-11;5:6-9;6:2-12;7:1-3;8:0-12;9:13-6"
453,proposed_c2f_adaptive_pd_calibrated,9,10,0.9,9,300,0.03,17,1,16,640.0,1.0666666666666667,13744.353303367247,1208.644535676648,1.0,22608.0,22608.0,0.0,18.543399986810982,"14,11,6,11,11,9,12,3,12,6","0:0-14;1:5-11,0-11;2:0-6,11-6;3:7-11,3-11,10-11,12-11,11-12,1-11;4:0-11;5:6-9;6:2-12;7:1-3;8:0-12;9:13-6"
454,proposed_c2f_adaptive_pd,9,10,0.9,14,300,0.04666666666666667,15,2,13,1280.0,2.1333333333333333,21232.496080157223,198.10840667451703,1.0,16747.0,16747.0,0.0,7.287799962796271,"8,10,6,3,6,6,1,0,13,10","0:7-8;1:0-10;2:0-6;3:0-3;4:6-5,5-6,1-6,10-6,6-1,2-6;5:1-6;6:0-1;7:1-0;8:0-13;9:0-10"
454,proposed_c2f_adaptive_pd_calibrated,9,10,0.9,14,300,0.04666666666666667,15,2,13,1280.0,2.1333333333333333,21232.496080157223,198.10840667451703,1.0,16747.0,16747.0,0.0,15.717700007371604,"8,10,6,3,6,6,1,0,13,10","0:7-8;1:0-10;2:0-6;3:0-3;4:6-5,5-6,1-6,10-6,6-1,2-6;5:1-6;6:0-1;7:1-0;8:0-13;9:0-10"
455,proposed_c2f_adaptive_pd,9,10,0.9,8,270,0.02962962962962963,10,1,9,640.0,1.0666666666666667,1112.850048010235,128.65593156503195,0.9,12045.0,12045.0,0.0,4.74999996367842,"9,13,7,3,6,0,8,9,7,4",0:2-9;1:9-13;2:0-7;3:7-12;4:2-6;5:1-0;6:1-8;7:0-9;8:0-7;9:1-4
455,proposed_c2f_adaptive_pd_calibrated,9,10,0.9,8,270,0.02962962962962963,10,1,9,640.0,1.0666666666666667,1112.850048010235,128.65593156503195,0.9,12045.0,12045.0,0.0,7.697199995163828,"9,13,7,3,6,0,8,9,7,4",0:2-9;1:9-13;2:0-7;3:7-12;4:2-6;5:1-0;6:1-8;7:0-9;8:0-7;9:1-4
456,proposed_c2f_adaptive_pd,10,10,1.0,21,300,0.07,10,0,10,0.0,0.0,20378.286283639427,160.70766761259165,1.0,8503.0,8503.0,0.0,4.094099975191057,"6,4,5,2,4,10,1,2,3,6",0:1-6;1:1-4;2:11-5;3:6-2;4:3-4;5:0-10;6:0-1;7:4-2;8:0-3;9:0-6
456,proposed_c2f_adaptive_pd_calibrated,10,10,1.0,21,300,0.07,10,0,10,0.0,0.0,20378.286283639427,160.70766761259165,1.0,8503.0,8503.0,0.0,10.217299975920469,"6,4,5,2,4,10,1,2,3,6",0:1-6;1:1-4;2:11-5;3:6-2;4:3-4;5:0-10;6:0-1;7:4-2;8:0-3;9:0-6
457,proposed_c2f_adaptive_pd,10,10,1.0,20,300,0.06666666666666667,15,0,15,0.0,0.0,7421.374863145892,392.92039317495414,1.0,13807.0,13807.0,0.0,7.252299983520061,"11,2,9,0,10,4,9,13,1,4","0:8-11;1:0-2;2:0-9;3:1-0;4:0-10;5:2-4;6:0-9;7:0-13;8:0-1;9:12-4,6-4,7-4,8-4,2-4,13-4"
457,proposed_c2f_adaptive_pd_calibrated,10,10,1.0,20,300,0.06666666666666667,15,0,15,0.0,0.0,7421.374863145892,392.92039317495414,1.0,13807.0,13807.0,0.0,17.717899987474084,"11,2,9,0,10,4,9,13,1,4","0:8-11;1:0-2;2:0-9;3:1-0;4:0-10;5:2-4;6:0-9;7:0-13;8:0-1;9:12-4,6-4,7-4,8-4,2-4,13-4"
458,proposed_c2f_adaptive_pd,10,10,1.0,15,300,0.05,10,0,10,0.0,0.0,365.3717093034154,217.67502517118618,1.0,10505.0,10505.0,0.0,6.2360999872908,"7,1,3,0,4,9,14,0,3,10",0:10-7;1:0-1;2:0-3;3:7-0;4:0-4;5:13-9;6:0-14;7:1-0;8:0-3;9:0-10
458,proposed_c2f_adaptive_pd_calibrated,10,10,1.0,15,300,0.05,10,0,10,0.0,0.0,365.3717093034154,217.67502517118618,1.0,10505.0,10505.0,0.0,12.14770000660792,"7,1,3,0,4,9,14,0,3,10",0:10-7;1:0-1;2:0-3;3:7-0;4:0-4;5:13-9;6:0-14;7:1-0;8:0-3;9:0-10
459,proposed_c2f_adaptive_pd,10,10,1.0,13,300,0.043333333333333335,20,3,17,1920.0,3.2,2184.6982947902916,376.3441905338609,1.0,20792.0,20792.0,0.0,10.624199989251792,"6,12,12,6,10,4,4,4,10,6","0:9-6,1-6,6-9,4-6,3-6,11-6;1:0-12;2:0-12;3:9-6,6-9,3-6,1-6,11-6,6-11;4:3-10;5:0-4;6:0-4;7:7-4;8:0-10;9:0-6"
459,proposed_c2f_adaptive_pd_calibrated,10,10,1.0,13,300,0.043333333333333335,20,3,17,1920.0,3.2,2184.6982947902916,376.3441905338609,1.0,20792.0,20792.0,0.0,20.72640002006665,"6,12,12,6,10,4,4,4,10,6","0:9-6,1-6,6-9,4-6,3-6,11-6;1:0-12;2:0-12;3:9-6,6-9,3-6,1-6,11-6,6-11;4:3-10;5:0-4;6:0-4;7:7-4;8:0-10;9:0-6"
460,proposed_c2f_adaptive_pd,10,10,1.0,8,300,0.02666666666666667,13,1,12,640.0,1.0666666666666667,3863.143054185294,177.79475322719082,1.0,17933.0,17933.0,0.0,6.8039000034332275,"6,4,4,8,10,14,8,5,13,3","0:4-6,0-6;1:0-4;2:0-4;3:0-8;4:0-10;5:0-14;6:0-8;7:5-10,10-5,0-5;8:0-13;9:1-3"
460,proposed_c2f_adaptive_pd_calibrated,10,10,1.0,8,300,0.02666666666666667,13,1,12,640.0,1.0666666666666667,3863.143054185294,177.79475322719082,1.0,17933.0,17933.0,0.0,14.958699990529567,"6,4,4,8,10,14,8,5,13,3","0:4-6,0-6;1:0-4;2:0-4;3:0-8;4:0-10;5:0-14;6:0-8;7:5-10,10-5,0-5;8:0-13;9:1-3"
461,proposed_c2f_adaptive_pd,10,10,1.0,16,300,0.05333333333333334,10,0,10,0.0,0.0,757.0823515310697,296.4333027296153,1.0,13598.0,13598.0,0.0,6.125400017481297,"12,14,1,9,12,12,1,4,1,9",0:0-12;1:0-14;2:8-1;3:12-9;4:9-12;5:9-12;6:0-1;7:9-4;8:2-1;9:12-9
461,proposed_c2f_adaptive_pd_calibrated,10,10,1.0,16,300,0.05333333333333334,10,0,10,0.0,0.0,757.0823515310697,296.4333027296153,1.0,13598.0,13598.0,0.0,8.816200017463416,"12,14,1,9,12,12,1,4,1,9",0:0-12;1:0-14;2:8-1;3:12-9;4:9-12;5:9-12;6:0-1;7:9-4;8:2-1;9:12-9
462,proposed_c2f_adaptive_pd,10,10,1.0,15,300,0.05,11,1,10,640.0,1.0666666666666667,5515.944029004642,1014.6591094170491,1.0,10620.0,10620.0,0.0,6.267900054808706,"8,0,10,4,6,0,10,4,9,0","0:0-8;1:3-0;2:4-10;3:0-4;4:4-6;5:4-0;6:0-10;7:0-4;8:0-9;9:0-3,3-0"
462,proposed_c2f_adaptive_pd_calibrated,10,10,1.0,15,300,0.05,11,1,10,640.0,1.0666666666666667,5515.944029004642,1014.6591094170491,1.0,10620.0,10620.0,0.0,15.31970000360161,"8,0,10,4,6,0,10,4,9,0","0:0-8;1:3-0;2:4-10;3:0-4;4:4-6;5:4-0;6:0-10;7:0-4;8:0-9;9:0-3,3-0"
463,proposed_c2f_adaptive_pd,10,10,1.0,14,300,0.04666666666666667,10,0,10,0.0,0.0,1550.2625390308963,519.4116429435114,1.0,8349.0,8349.0,0.0,5.048600025475025,"5,9,11,9,6,11,14,13,2,5",0:0-5;1:2-9;2:0-11;3:2-9;4:0-6;5:0-11;6:0-14;7:2-13;8:1-2;9:0-5
463,proposed_c2f_adaptive_pd_calibrated,10,10,1.0,15,300,0.05,10,0,10,0.0,0.0,1550.2625390308963,519.4116429435114,1.0,8349.0,8349.0,0.0,11.024999956134707,"5,9,11,9,6,11,14,13,2,5",0:0-5;1:2-9;2:0-11;3:2-9;4:0-6;5:0-11;6:0-14;7:2-13;8:1-2;9:0-5
464,proposed_c2f_adaptive_pd,10,10,1.0,16,300,0.05333333333333334,15,2,13,1280.0,2.1333333333333333,371.8906504673775,74.74820825123037,1.0,17402.0,17402.0,0.0,8.83179996162653,"0,7,7,14,4,5,1,1,14,5","0:1-0;1:0-7;2:0-7;3:1-14;4:11-4;5:10-5;6:0-1;7:0-1;8:1-14;9:4-5,5-7,5-14,14-5,10-5,7-5"
464,proposed_c2f_adaptive_pd_calibrated,10,10,1.0,16,300,0.05333333333333334,15,2,13,1280.0,2.1333333333333333,371.8906504673775,74.74820825123037,1.0,17402.0,17402.0,0.0,15.794900013133883,"0,7,7,14,4,5,1,1,14,5","0:1-0;1:0-7;2:0-7;3:1-14;4:11-4;5:10-5;6:0-1;7:0-1;8:1-14;9:4-5,5-7,5-14,14-5,10-5,7-5"
465,proposed_c2f_adaptive_pd,10,10,1.0,17,300,0.056666666666666664,10,0,10,0.0,0.0,339481.2899647216,755.3116565367301,1.0,13095.0,13095.0,0.0,6.304299982730299,"7,13,14,6,11,5,6,4,3,6",0:0-7;1:0-13;2:0-14;3:10-6;4:0-11;5:0-5;6:2-6;7:1-4;8:14-3;9:1-6
465,proposed_c2f_adaptive_pd_calibrated,10,10,1.0,17,300,0.056666666666666664,10,0,10,0.0,0.0,339481.2899647216,755.3116565367301,1.0,13095.0,13095.0,0.0,12.672499986365438,"7,13,14,6,11,5,6,4,3,6",0:0-7;1:0-13;2:0-14;3:10-6;4:0-11;5:0-5;6:2-6;7:1-4;8:14-3;9:1-6
466,proposed_c2f_adaptive_pd,9,10,0.9,17,300,0.056666666666666664,14,0,14,0.0,0.0,830.4811930487879,167.53492134170665,1.0,19927.0,19927.0,0.0,5.634599947370589,"13,9,9,12,9,9,0,4,0,9","0:1-13;1:7-9;2:7-9;3:0-12;4:4-9;5:7-9,2-9,11-9,12-9;6:3-0;7:0-4;8:2-0;9:8-9,2-9"
466,proposed_c2f_adaptive_pd_calibrated,9,10,0.9,17,300,0.056666666666666664,14,0,14,0.0,0.0,830.4811930487879,167.53492134170665,1.0,19927.0,19927.0,0.0,16.058299981523305,"13,9,9,12,9,9,0,4,0,9","0:1-13;1:7-9;2:7-9;3:0-12;4:4-9;5:7-9,2-9,11-9,12-9;6:3-0;7:0-4;8:2-0;9:8-9,2-9"
467,proposed_c2f_adaptive_pd,9,10,0.9,13,300,0.043333333333333335,22,4,18,2560.0,4.266666666666667,1036.9665744939152,91.90567998751541,1.0,22362.0,22362.0,0.0,10.136099997907877,"11,6,9,6,14,11,4,6,3,6","0:0-11;1:2-6;2:1-9;3:6-2,2-6,6-11,11-6,3-6,5-6;4:0-14,3-14;5:0-11;6:5-4;7:6-2,2-6,3-6,11-6,0-6,5-6;8:0-3;9:2-6,6-2"
467,proposed_c2f_adaptive_pd_calibrated,9,10,0.9,13,300,0.043333333333333335,22,4,18,2560.0,4.266666666666667,1036.9665744939152,91.90567998751541,1.0,22362.0,22362.0,0.0,25.330299977213144,"11,6,9,6,14,11,4,6,3,6","0:0-11;1:2-6;2:1-9;3:6-2,2-6,6-11,11-6,3-6,5-6;4:0-14,3-14;5:0-11;6:5-4;7:6-2,2-6,3-6,11-6,0-6,5-6;8:0-3;9:2-6,6-2"
468,proposed_c2f_adaptive_pd,10,10,1.0,16,300,0.05333333333333334,10,0,10,0.0,0.0,1314.9728133806334,872.7350656522995,1.0,10043.0,10043.0,0.0,5.861899990122765,"1,1,0,6,8,10,4,13,14,5",0:0-1;1:0-1;2:1-0;3:4-6;4:0-8;5:4-10;6:3-4;7:0-13;8:0-14;9:2-5
468,proposed_c2f_adaptive_pd_calibrated,10,10,1.0,16,300,0.05333333333333334,10,0,10,0.0,0.0,1314.9728133806334,872.7350656522995,1.0,10043.0,10043.0,0.0,12.538000009953976,"1,1,0,6,8,10,4,13,14,5",0:0-1;1:0-1;2:1-0;3:4-6;4:0-8;5:4-10;6:3-4;7:0-13;8:0-14;9:2-5
469,proposed_c2f_adaptive_pd,10,10,1.0,13,300,0.043333333333333335,16,3,13,1920.0,3.2,2756.4109969249716,280.43574120853003,1.0,11997.0,11997.0,0.0,7.118700013961643,"12,8,7,2,5,12,13,4,7,12","0:0-12;1:4-8;2:0-7;3:13-2,2-13,2-0,13-0,0-2,11-2;4:1-5;5:1-12,2-12;6:0-13;7:1-4;8:1-7;9:10-12"
469,proposed_c2f_adaptive_pd_calibrated,10,10,1.0,14,300,0.04666666666666667,16,3,13,1920.0,3.2,2756.4109969249716,280.43574120853003,1.0,11997.0,11997.0,0.0,20.796600030735135,"12,8,7,2,5,12,13,4,7,12","0:0-12;1:4-8;2:0-7;3:13-2,2-13,2-0,13-0,0-2,11-2;4:1-5;5:1-12,2-12;6:0-13;7:1-4;8:1-7;9:10-12"
470,proposed_c2f_adaptive_pd,10,10,1.0,11,300,0.03666666666666667,16,4,12,2560.0,4.266666666666667,3167.6472391881734,223.30999958413162,1.0,17619.0,17619.0,0.0,7.924599980469793,"11,13,8,5,7,11,7,11,8,10","0:0-11;1:0-13;2:11-8;3:0-5;4:14-7,3-7;5:0-11;6:1-7;7:2-11;8:14-8,8-7,7-8,3-7,8-14,14-7;9:0-10"
470,proposed_c2f_adaptive_pd_calibrated,10,10,1.0,12,300,0.04,16,4,12,2560.0,4.266666666666667,3167.6472391881734,223.30999958413162,1.0,17619.0,17619.0,0.0,15.82660002168268,"11,13,8,5,7,11,7,11,8,10","0:0-11;1:0-13;2:11-8;3:0-5;4:14-7,3-7;5:0-11;6:1-7;7:2-11;8:14-8,8-7,7-8,3-7,8-14,14-7;9:0-10"
471,proposed_c2f_adaptive_pd,9,10,0.9,14,300,0.04666666666666667,15,3,12,1920.0,3.2,6204.648259379862,551.4788867837945,1.0,12771.0,12771.0,0.0,8.397999976295978,"9,12,5,4,8,2,1,3,12,14","0:0-9;1:0-12;2:8-5;3:10-4,4-10,8-4,4-3,8-3,5-4;4:3-8;5:10-2;6:7-1;7:0-3;8:0-12;9:0-14"
471,proposed_c2f_adaptive_pd_calibrated,9,10,0.9,15,300,0.05,15,3,12,1920.0,3.2,6204.648259379862,551.4788867837945,1.0,12771.0,12771.0,0.0,16.648299992084503,"9,12,5,4,8,2,1,3,12,14","0:0-9;1:0-12;2:8-5;3:10-4,4-10,8-4,4-3,8-3,5-4;4:3-8;5:10-2;6:7-1;7:0-3;8:0-12;9:0-14"
472,proposed_c2f_adaptive_pd,10,10,1.0,14,300,0.04666666666666667,15,2,13,1280.0,2.1333333333333333,1526.8512011663347,517.8496655989794,1.0,14059.0,14059.0,0.0,5.460600019432604,"13,8,7,0,2,12,6,6,8,1","0:0-13;1:0-8;2:0-7;3:8-0,0-8,12-0,9-0,7-0,0-7;4:0-2;5:0-12;6:1-6;7:0-6;8:0-8;9:0-1"
472,proposed_c2f_adaptive_pd_calibrated,10,10,1.0,14,300,0.04666666666666667,15,2,13,1280.0,2.1333333333333333,1526.8512011663347,517.8496655989794,1.0,14059.0,14059.0,0.0,18.051800027024,"13,8,7,0,2,12,6,6,8,1","0:0-13;1:0-8;2:0-7;3:8-0,0-8,12-0,9-0,7-0,0-7;4:0-2;5:0-12;6:1-6;7:0-6;8:0-8;9:0-1"
473,proposed_c2f_adaptive_pd,10,10,1.0,13,300,0.043333333333333335,10,0,10,0.0,0.0,868.4953423144456,443.2426988180964,1.0,8811.0,8811.0,0.0,4.27299999864772,"9,13,5,2,12,7,4,12,2,11",0:1-9;1:2-13;2:0-5;3:1-2;4:0-12;5:1-7;6:0-4;7:0-12;8:0-2;9:1-11
473,proposed_c2f_adaptive_pd_calibrated,10,10,1.0,13,300,0.043333333333333335,10,0,10,0.0,0.0,868.4953423144456,443.2426988180964,1.0,8811.0,8811.0,0.0,12.588199984747916,"9,13,5,2,12,7,4,12,2,11",0:1-9;1:2-13;2:0-5;3:1-2;4:0-12;5:1-7;6:0-4;7:0-12;8:0-2;9:1-11
474,proposed_c2f_adaptive_pd,10,10,1.0,23,300,0.07666666666666666,14,1,13,640.0,1.0666666666666667,493.1384966020073,137.0647588658384,1.0,11955.0,11955.0,0.0,7.907399965915829,"4,4,3,8,2,11,6,14,13,11","0:8-4;1:8-4,4-8,9-4,3-4;2:6-3,11-3;3:3-8;4:0-2;5:0-11;6:3-6;7:0-14;8:0-13;9:9-11"
474,proposed_c2f_adaptive_pd_calibrated,10,10,1.0,23,300,0.07666666666666666,14,1,13,640.0,1.0666666666666667,493.1384966020073,137.0647588658384,1.0,11955.0,11955.0,0.0,18.077699991408736,"4,4,3,8,2,11,6,14,13,11","0:8-4;1:8-4,4-8,9-4,3-4;2:6-3,11-3;3:3-8;4:0-2;5:0-11;6:3-6;7:0-14;8:0-13;9:9-11"
475,proposed_c2f_adaptive_pd,10,10,1.0,17,300,0.056666666666666664,10,0,10,0.0,0.0,3243.456071684611,996.6333859165437,1.0,8503.0,8503.0,0.0,5.148900032509118,"0,9,2,7,6,4,3,9,0,6",0:9-0;1:0-9;2:1-2;3:5-7;4:0-6;5:0-4;6:0-3;7:0-9;8:4-0;9:7-6
475,proposed_c2f_adaptive_pd_calibrated,10,10,1.0,17,300,0.056666666666666664,10,0,10,0.0,0.0,3243.456071684611,996.6333859165437,1.0,8503.0,8503.0,0.0,11.214700003620237,"0,9,2,7,6,4,3,9,0,6",0:9-0;1:0-9;2:1-2;3:5-7;4:0-6;5:0-4;6:0-3;7:0-9;8:4-0;9:7-6
476,proposed_c2f_adaptive_pd,10,10,1.0,17,300,0.056666666666666664,10,0,10,0.0,0.0,2243.2389433804997,158.49688244102848,1.0,8195.0,8195.0,0.0,6.119999976363033,"0,0,4,1,11,11,0,8,1,5",0:1-0;1:1-0;2:3-4;3:0-1;4:3-11;5:4-11;6:1-0;7:3-8;8:0-1;9:0-5
476,proposed_c2f_adaptive_pd_calibrated,10,10,1.0,19,300,0.06333333333333334,10,0,10,0.0,0.0,2243.2389433804997,158.49688244102848,1.0,8195.0,8195.0,0.0,12.173499970231205,"0,0,4,1,11,11,0,8,1,5",0:1-0;1:1-0;2:3-4;3:0-1;4:3-11;5:4-11;6:1-0;7:3-8;8:0-1;9:0-5
477,proposed_c2f_adaptive_pd,9,10,0.9,11,270,0.040740740740740744,11,0,11,0.0,0.0,6262.962169761064,773.1636535210739,0.9090909090909091,7932.0,7932.0,0.0,5.670299986377358,"12,4,2,4,10,12,8,4,13,14","0:0-12;1:0-4;2:0-2;3:1-4;4:0-10;5:0-12;6:0-8,2-8;7:1-4;8:1-13;9:0-14"
477,proposed_c2f_adaptive_pd_calibrated,9,10,0.9,11,270,0.040740740740740744,11,0,11,0.0,0.0,6262.962169761064,773.1636535210739,0.9090909090909091,7932.0,7932.0,0.0,12.888299999758601,"12,4,2,4,10,12,8,4,13,14","0:0-12;1:0-4;2:0-2;3:1-4;4:0-10;5:0-12;6:0-8,2-8;7:1-4;8:1-13;9:0-14"
478,proposed_c2f_adaptive_pd,10,10,1.0,10,300,0.03333333333333333,11,0,11,0.0,0.0,3244.4806899375317,79.0336140280549,1.0,7298.0,7298.0,0.0,6.196700036525726,"3,14,12,7,6,3,5,2,6,4","0:7-3;1:0-14;2:3-12,0-12;3:5-7;4:2-6;5:6-3;6:0-5;7:0-2;8:0-6;9:0-4"
478,proposed_c2f_adaptive_pd_calibrated,10,10,1.0,12,300,0.04,11,0,11,0.0,0.0,3244.4806899375317,79.0336140280549,1.0,7298.0,7298.0,0.0,14.351100020576268,"3,14,12,7,6,3,5,2,6,4","0:7-3;1:0-14;2:3-12,0-12;3:5-7;4:2-6;5:6-3;6:0-5;7:0-2;8:0-6;9:0-4"
479,proposed_c2f_adaptive_pd,10,10,1.0,13,300,0.043333333333333335,10,0,10,0.0,0.0,1350.009146534491,245.39202332747345,1.0,12528.0,12528.0,0.0,5.51610003458336,"14,2,4,13,5,13,13,12,0,4",0:1-14;1:0-2;2:12-4;3:1-13;4:0-5;5:0-13;6:10-13;7:0-12;8:2-0;9:0-4
479,proposed_c2f_adaptive_pd_calibrated,10,10,1.0,13,300,0.043333333333333335,10,0,10,0.0,0.0,1350.009146534491,245.39202332747345,1.0,12528.0,12528.0,0.0,12.402799970004708,"14,2,4,13,5,13,13,12,0,4",0:1-14;1:0-2;2:12-4;3:1-13;4:0-5;5:0-13;6:10-13;7:0-12;8:2-0;9:0-4
480,proposed_c2f_adaptive_pd,10,10,1.0,13,300,0.043333333333333335,19,3,16,1920.0,3.2,640.8311006780776,118.32070414332311,1.0,18991.0,18991.0,0.0,8.927099988795817,"8,13,14,1,3,0,4,1,12,9","0:0-8,13-8,11-8;1:0-13;2:0-14;3:0-1,13-1,2-1;4:2-3;5:1-0;6:0-4;7:1-2,2-1,13-1,1-13,0-1,1-0;8:3-12;9:0-9"
480,proposed_c2f_adaptive_pd_calibrated,10,10,1.0,13,300,0.043333333333333335,19,3,16,1920.0,3.2,640.8311006780776,118.32070414332311,1.0,18991.0,18991.0,0.0,20.287899998947978,"8,13,14,1,3,0,4,1,12,9","0:0-8,13-8,11-8;1:0-13;2:0-14;3:0-1,13-1,2-1;4:2-3;5:1-0;6:0-4;7:1-2,2-1,13-1,1-13,0-1,1-0;8:3-12;9:0-9"
481,proposed_c2f_adaptive_pd,10,10,1.0,19,300,0.06333333333333334,11,1,10,640.0,1.0666666666666667,6444.117931794281,1524.0848000570059,1.0,8940.0,8940.0,0.0,4.267699958290905,"14,1,12,2,13,9,4,4,3,10","0:0-14;1:11-1;2:0-12;3:0-2;4:0-13;5:0-9;6:4-3,3-4;7:0-4;8:4-3;9:0-10"
481,proposed_c2f_adaptive_pd_calibrated,10,10,1.0,19,300,0.06333333333333334,11,1,10,640.0,1.0666666666666667,6444.117931794281,1524.0848000570059,1.0,8940.0,8940.0,0.0,15.614999982062727,"14,1,12,2,13,9,4,4,3,10","0:0-14;1:11-1;2:0-12;3:0-2;4:0-13;5:0-9;6:4-3,3-4;7:0-4;8:4-3;9:0-10"
482,proposed_c2f_adaptive_pd,10,10,1.0,20,300,0.06666666666666667,10,0,10,0.0,0.0,470.86646384127897,148.3498989608449,1.0,10659.0,10659.0,0.0,6.177100003696978,"12,3,5,0,1,2,7,7,10,14",0:0-12;1:0-3;2:2-5;3:1-0;4:0-1;5:0-2;6:0-7;7:0-7;8:5-10;9:4-14
482,proposed_c2f_adaptive_pd_calibrated,10,10,1.0,20,300,0.06666666666666667,10,0,10,0.0,0.0,470.86646384127897,148.3498989608449,1.0,10659.0,10659.0,0.0,9.936899994499981,"12,3,5,0,1,2,7,7,10,14",0:0-12;1:0-3;2:2-5;3:1-0;4:0-1;5:0-2;6:0-7;7:0-7;8:5-10;9:4-14
483,proposed_c2f_adaptive_pd,10,10,1.0,10,300,0.03333333333333333,11,0,11,0.0,0.0,101686.07473695048,2036.0939828855953,1.0,9108.0,9108.0,0.0,6.015100050717592,"2,10,4,4,3,4,10,7,6,11","0:1-2;1:0-10;2:3-4;3:3-4,2-4;4:1-3;5:1-4;6:1-10;7:1-7;8:0-6;9:0-11"
483,proposed_c2f_adaptive_pd_calibrated,10,10,1.0,10,300,0.03333333333333333,11,0,11,0.0,0.0,101686.07473695048,2036.0939828855953,1.0,9108.0,9108.0,0.0,15.898599987849593,"2,10,4,4,3,4,10,7,6,11","0:1-2;1:0-10;2:3-4;3:3-4,2-4;4:1-3;5:1-4;6:1-10;7:1-7;8:0-6;9:0-11"
484,proposed_c2f_adaptive_pd,10,10,1.0,11,300,0.03666666666666667,22,10,12,6400.0,10.66666666666667,593.9252582772167,279.7599040170668,1.0,17215.0,17215.0,0.0,8.68969998555258,"3,1,13,9,1,4,1,10,10,13","0:0-3;1:1-5,1-10,10-1;2:3-13;3:1-9;4:1-5,10-5,1-10,10-1,5-1,5-10;5:8-4;6:1-5,10-5,1-10,5-1,5-10,10-1;7:0-10;8:0-10;9:3-13"
484,proposed_c2f_adaptive_pd_calibrated,10,10,1.0,11,300,0.03666666666666667,22,10,12,6400.0,10.66666666666667,593.9252582772167,279.7599040170668,1.0,17215.0,17215.0,0.0,25.390700029674917,"3,1,13,9,1,4,1,10,10,13","0:0-3;1:1-5,1-10,10-1;2:3-13;3:1-9;4:1-5,10-5,1-10,10-1,5-1,5-10;5:8-4;6:1-5,10-5,1-10,5-1,5-10,10-1;7:0-10;8:0-10;9:3-13"
485,proposed_c2f_adaptive_pd,9,10,0.9,21,300,0.07,10,0,10,0.0,0.0,21554.35772994876,192.73024518861658,1.0,9427.0,9427.0,0.0,5.462499975692481,"8,8,7,6,4,8,0,1,14,13",0:0-8;1:0-8;2:0-7;3:0-6;4:0-4;5:1-8;6:1-0;7:0-1;8:0-14;9:3-13
485,proposed_c2f_adaptive_pd_calibrated,9,10,0.9,21,300,0.07,10,0,10,0.0,0.0,21554.35772994876,192.73024518861658,1.0,9427.0,9427.0,0.0,8.304999966640025,"8,8,7,6,4,8,0,1,14,13",0:0-8;1:0-8;2:0-7;3:0-6;4:0-4;5:1-8;6:1-0;7:0-1;8:0-14;9:3-13
486,proposed_c2f_adaptive_pd,10,10,1.0,18,300,0.06,11,0,11,0.0,0.0,2618.638420986344,240.8332068014421,1.0,10535.0,10535.0,0.0,3.772400028537959,"4,13,9,12,6,12,14,9,13,8","0:1-4;1:1-13;2:1-9;3:1-12;4:0-6;5:2-12;6:1-14;7:0-9;8:1-13;9:6-8,2-8"
486,proposed_c2f_adaptive_pd_calibrated,10,10,1.0,18,300,0.06,11,0,11,0.0,0.0,2618.638420986344,240.8332068014421,1.0,10535.0,10535.0,0.0,14.787999971304089,"4,13,9,12,6,12,14,9,13,8","0:1-4;1:1-13;2:1-9;3:1-12;4:0-6;5:2-12;6:1-14;7:0-9;8:1-13;9:6-8,2-8"
487,proposed_c2f_adaptive_pd,9,10,0.9,14,300,0.04666666666666667,10,0,10,0.0,0.0,3128.4038943197183,228.75376979172722,1.0,9119.0,9119.0,0.0,6.128300039563328,"6,3,12,6,4,11,12,0,10,10",0:0-6;1:11-3;2:1-12;3:0-6;4:0-4;5:0-11;6:1-12;7:2-0;8:1-10;9:0-10
487,proposed_c2f_adaptive_pd_calibrated,9,10,0.9,14,300,0.04666666666666667,10,0,10,0.0,0.0,3128.4038943197183,228.75376979172722,1.0,9119.0,9119.0,0.0,11.508599971421063,"6,3,12,6,4,11,12,0,10,10",0:0-6;1:11-3;2:1-12;3:0-6;4:0-4;5:0-11;6:1-12;7:2-0;8:1-10;9:0-10
488,proposed_c2f_adaptive_pd,9,10,0.9,11,270,0.040740740740740744,17,2,15,1280.0,2.1333333333333333,3879.4778211260127,242.608632326025,0.8823529411764706,14573.0,14573.0,0.0,8.554600004572421,"10,1,14,8,14,4,0,1,6,10","0:1-10,0-10;1:0-1;2:11-14,14-11,10-14,1-14,4-14,14-1;3:2-8;4:1-14,11-14;5:1-4;6:1-0;7:0-1;8:3-6;9:0-10"
488,proposed_c2f_adaptive_pd_calibrated,9,10,0.9,11,270,0.040740740740740744,17,2,15,1280.0,2.1333333333333333,3879.4778211260127,242.608632326025,0.8823529411764706,14573.0,14573.0,0.0,19.953499955590814,"10,1,14,8,14,4,0,1,6,10","0:1-10,0-10;1:0-1;2:11-14,14-11,10-14,1-14,4-14,14-1;3:2-8;4:1-14,11-14;5:1-4;6:1-0;7:0-1;8:3-6;9:0-10"
489,proposed_c2f_adaptive_pd,9,10,0.9,19,300,0.06333333333333334,10,0,10,0.0,0.0,1119.3901694441047,191.9576156193345,1.0,12591.0,12591.0,0.0,6.298399996012449,"1,4,7,8,4,0,8,8,4,11",0:2-1;1:5-4;2:0-7;3:12-8;4:5-4;5:1-0;6:0-8;7:10-8;8:1-4;9:0-11
489,proposed_c2f_adaptive_pd_calibrated,9,10,0.9,20,300,0.06666666666666667,10,0,10,0.0,0.0,1119.3901694441047,191.9576156193345,1.0,12591.0,12591.0,0.0,8.228600025177002,"1,4,7,8,4,0,8,8,4,11",0:2-1;1:5-4;2:0-7;3:12-8;4:5-4;5:1-0;6:0-8;7:10-8;8:1-4;9:0-11
490,proposed_c2f_adaptive_pd,10,10,1.0,11,300,0.03666666666666667,10,0,10,0.0,0.0,3265.452526940452,184.42049704508563,1.0,8965.0,8965.0,0.0,3.6024999571964145,"12,13,5,4,4,0,8,5,4,9",0:1-12;1:1-13;2:1-5;3:0-4;4:0-4;5:2-0;6:0-8;7:13-5;8:0-4;9:14-9
490,proposed_c2f_adaptive_pd_calibrated,10,10,1.0,13,300,0.043333333333333335,10,0,10,0.0,0.0,3265.452526940452,184.42049704508563,1.0,8965.0,8965.0,0.0,8.510399959050119,"12,13,5,4,4,0,8,5,4,9",0:1-12;1:1-13;2:1-5;3:0-4;4:0-4;5:2-0;6:0-8;7:13-5;8:0-4;9:14-9
491,proposed_c2f_adaptive_pd,10,10,1.0,12,300,0.04,12,0,12,0.0,0.0,1584.2324938109136,94.55945459830534,1.0,13560.0,13560.0,0.0,4.586299997754395,"7,3,11,14,0,11,11,4,11,12","0:3-7;1:6-3;2:5-11,12-11;3:0-14;4:1-0;5:1-11;6:3-11;7:0-4;8:2-11,12-11;9:2-12"
491,proposed_c2f_adaptive_pd_calibrated,10,10,1.0,13,300,0.043333333333333335,12,0,12,0.0,0.0,1584.2324938109136,94.55945459830534,1.0,13560.0,13560.0,0.0,13.740900030825287,"7,3,11,14,0,11,11,4,11,12","0:3-7;1:6-3;2:5-11,12-11;3:0-14;4:1-0;5:1-11;6:3-11;7:0-4;8:2-11,12-11;9:2-12"
492,proposed_c2f_adaptive_pd,10,10,1.0,12,300,0.04,13,2,11,1280.0,2.1333333333333333,8914.448495859448,1846.2999998684986,1.0,12689.0,12689.0,0.0,7.520399987697601,"5,12,10,9,4,11,9,14,0,13","0:14-5,5-14,0-5,5-0;1:1-12;2:0-10;3:0-9;4:0-4;5:0-11;6:0-9;7:0-14;8:1-0;9:0-13"
492,proposed_c2f_adaptive_pd_calibrated,10,10,1.0,13,300,0.043333333333333335,13,2,11,1280.0,2.1333333333333333,8914.448495859448,1846.2999998684986,1.0,12689.0,12689.0,0.0,16.423099965322763,"5,12,10,9,4,11,9,14,0,13","0:14-5,5-14,0-5,5-0;1:1-12;2:0-10;3:0-9;4:0-4;5:0-11;6:0-9;7:0-14;8:1-0;9:0-13"
493,proposed_c2f_adaptive_pd,10,10,1.0,17,300,0.056666666666666664,10,0,10,0.0,0.0,5547.404898028004,422.52421415711524,1.0,8195.0,8195.0,0.0,6.303399975877255,"11,5,9,1,12,6,12,0,7,12",0:4-11;1:1-5;2:0-9;3:2-1;4:0-12;5:1-6;6:0-12;7:2-0;8:1-7;9:0-12
493,proposed_c2f_adaptive_pd_calibrated,10,10,1.0,17,300,0.056666666666666664,10,0,10,0.0,0.0,5547.404898028004,422.52421415711524,1.0,8195.0,8195.0,0.0,12.715199962258339,"11,5,9,1,12,6,12,0,7,12",0:4-11;1:1-5;2:0-9;3:2-1;4:0-12;5:1-6;6:0-12;7:2-0;8:1-7;9:0-12
494,proposed_c2f_adaptive_pd,10,10,1.0,11,300,0.03666666666666667,10,0,10,0.0,0.0,1335.7191849760875,95.72084372909038,1.0,10351.0,10351.0,0.0,4.35150001430884,"4,3,12,10,14,3,5,3,8,2",0:5-4;1:5-3;2:0-12;3:2-10;4:0-14;5:4-3;6:3-5;7:12-3;8:0-8;9:0-2
494,proposed_c2f_adaptive_pd_calibrated,10,10,1.0,11,300,0.03666666666666667,10,0,10,0.0,0.0,1335.7191849760875,95.72084372909038,1.0,10351.0,10351.0,0.0,11.759599961806089,"4,3,12,10,14,3,5,3,8,2",0:5-4;1:5-3;2:0-12;3:2-10;4:0-14;5:4-3;6:3-5;7:12-3;8:0-8;9:0-2
495,proposed_c2f_adaptive_pd,10,10,1.0,21,300,0.07,11,1,10,640.0,1.0666666666666667,6447.330641970171,131.42748674760352,1.0,12087.0,12087.0,0.0,5.0746999913826585,"7,8,4,0,14,11,3,0,7,8","0:0-7;1:2-8;2:4-9,9-4;3:1-0;4:0-14;5:0-11;6:7-3;7:2-0;8:0-7;9:0-8"
495,proposed_c2f_adaptive_pd_calibrated,10,10,1.0,24,300,0.08,11,1,10,640.0,1.0666666666666667,6447.330641970171,131.42748674760352,1.0,12087.0,12087.0,0.0,12.211899971589446,"7,8,4,0,14,11,3,0,7,8","0:0-7;1:2-8;2:4-9,9-4;3:1-0;4:0-14;5:0-11;6:7-3;7:2-0;8:0-7;9:0-8"
496,proposed_c2f_adaptive_pd,10,10,1.0,12,300,0.04,12,0,12,0.0,0.0,2537.623868264819,210.12969817049452,1.0,15284.0,15284.0,0.0,7.017600000835955,"1,8,9,2,6,1,7,9,7,4","0:0-1;1:1-8;2:1-9;3:0-2;4:5-6;5:0-1;6:10-7;7:1-9;8:12-7;9:14-4,11-4,5-4"
496,proposed_c2f_adaptive_pd_calibrated,10,10,1.0,12,300,0.04,12,0,12,0.0,0.0,2537.623868264819,210.12969817049452,1.0,15284.0,15284.0,0.0,15.307399968151003,"1,8,9,2,6,1,7,9,7,4","0:0-1;1:1-8;2:1-9;3:0-2;4:5-6;5:0-1;6:10-7;7:1-9;8:12-7;9:14-4,11-4,5-4"
497,proposed_c2f_adaptive_pd,9,10,0.9,14,270,0.05185185185185185,11,0,11,0.0,0.0,5781.40857921406,203.43337380016604,0.9090909090909091,9948.0,9948.0,0.0,5.763799999840558,"2,7,0,8,6,10,11,5,5,14","0:0-2;1:0-7;2:2-0;3:0-8;4:0-6;5:7-10;6:0-11;7:8-5,4-5;8:2-5;9:0-14"
497,proposed_c2f_adaptive_pd_calibrated,9,10,0.9,14,270,0.05185185185185185,11,0,11,0.0,0.0,5781.40857921406,203.43337380016604,0.9090909090909091,9948.0,9948.0,0.0,11.514000012539327,"2,7,0,8,6,10,11,5,5,14","0:0-2;1:0-7;2:2-0;3:0-8;4:0-6;5:7-10;6:0-11;7:8-5,4-5;8:2-5;9:0-14"
498,proposed_c2f_adaptive_pd,9,10,0.9,20,300,0.06666666666666667,10,0,10,0.0,0.0,34006.95736916322,470.2236635160126,1.0,9119.0,9119.0,0.0,4.539099987596273,"2,1,8,1,0,5,7,9,5,9",0:1-2;1:11-1;2:0-8;3:4-1;4:3-0;5:11-5;6:0-7;7:2-9;8:2-5;9:2-9
498,proposed_c2f_adaptive_pd_calibrated,9,10,0.9,20,300,0.06666666666666667,10,0,10,0.0,0.0,34006.95736916322,470.2236635160126,1.0,9119.0,9119.0,0.0,13.27060000039637,"2,1,8,1,0,5,7,9,5,9",0:1-2;1:11-1;2:0-8;3:4-1;4:3-0;5:11-5;6:0-7;7:2-9;8:2-5;9:2-9
499,proposed_c2f_adaptive_pd,10,10,1.0,14,300,0.04666666666666667,15,4,11,2560.0,4.266666666666667,2559.5934343655126,737.664865850161,1.0,18417.0,18417.0,0.0,8.832400024402887,"0,13,11,1,1,4,9,4,4,11","0:13-0;1:0-13;2:1-11;3:0-1;4:2-1;5:0-4;6:0-9;7:14-4,4-6,6-4,14-6,8-6,4-14;8:0-4;9:1-11"
499,proposed_c2f_adaptive_pd_calibrated,10,10,1.0,14,300,0.04666666666666667,15,4,11,2560.0,4.266666666666667,2559.5934343655126,737.664865850161,1.0,18417.0,18417.0,0.0,18.86810001451522,"0,13,11,1,1,4,9,4,4,11","0:13-0;1:0-13;2:1-11;3:0-1;4:2-1;5:0-4;6:0-9;7:14-4,4-6,6-4,14-6,8-6,4-14;8:0-4;9:1-11"
500,proposed_c2f_adaptive_pd,10,10,1.0,19,300,0.06333333333333334,10,0,10,0.0,0.0,1345.3871607751346,378.3867150912621,1.0,10505.0,10505.0,0.0,4.396400006953627,"1,0,6,8,6,9,0,5,10,6",0:0-1;1:11-0;2:0-6;3:0-8;4:1-6;5:3-9;6:1-0;7:0-5;8:8-10;9:12-6
500,proposed_c2f_adaptive_pd_calibrated,10,10,1.0,19,300,0.06333333333333334,10,0,10,0.0,0.0,1345.3871607751346,378.3867150912621,1.0,10505.0,10505.0,0.0,14.065399998798966,"1,0,6,8,6,9,0,5,10,6",0:0-1;1:11-0;2:0-6;3:0-8;4:1-6;5:3-9;6:1-0;7:0-5;8:8-10;9:12-6
501,proposed_c2f_adaptive_pd,9,10,0.9,14,300,0.04666666666666667,10,0,10,0.0,0.0,5800.560701388159,603.2409915441067,1.0,10813.0,10813.0,0.0,7.382699986919761,"0,2,1,6,4,7,1,1,3,13",0:1-0;1:1-2;2:2-1;3:0-6;4:9-4;5:1-7;6:5-1;7:2-1;8:0-3;9:0-13
501,proposed_c2f_adaptive_pd_calibrated,9,10,0.9,14,300,0.04666666666666667,10,0,10,0.0,0.0,5800.560701388159,603.2409915441067,1.0,10813.0,10813.0,0.0,9.1651999973692,"0,2,1,6,4,7,1,1,3,13",0:1-0;1:1-2;2:2-1;3:0-6;4:9-4;5:1-7;6:5-1;7:2-1;8:0-3;9:0-13
502,proposed_c2f_adaptive_pd,10,10,1.0,11,300,0.03666666666666667,10,0,10,0.0,0.0,2607.274445108248,311.5504199874899,1.0,10239.0,10239.0,0.0,4.353400028776377,"10,11,2,6,5,4,0,9,3,6",0:1-10;1:7-11;2:10-2;3:1-6;4:0-5;5:0-4;6:12-0;7:7-9;8:4-3;9:1-6
502,proposed_c2f_adaptive_pd_calibrated,10,10,1.0,11,300,0.03666666666666667,10,0,10,0.0,0.0,2607.274445108248,311.5504199874899,1.0,10239.0,10239.0,0.0,9.095199988223612,"10,11,2,6,5,4,0,9,3,6",0:1-10;1:7-11;2:10-2;3:1-6;4:0-5;5:0-4;6:12-0;7:7-9;8:4-3;9:1-6
503,proposed_c2f_adaptive_pd,10,10,1.0,14,300,0.04666666666666667,26,5,21,3200.0,5.333333333333334,1721.1732736213514,73.95111019118418,1.0,24824.0,24824.0,0.0,10.396800003945827,"9,8,10,14,9,5,8,10,14,1","0:0-9;1:14-8,7-8,5-8;2:10-9,9-10,8-10,8-9,0-10,5-10;3:7-14,11-14;4:0-9;5:2-5;6:10-8,9-8;7:9-10,10-9,8-10,0-10,8-9,1-10;8:7-14,14-7,6-14;9:0-1"
503,proposed_c2f_adaptive_pd_calibrated,10,10,1.0,14,300,0.04666666666666667,26,5,21,3200.0,5.333333333333334,1721.1732736213514,73.95111019118418,1.0,24824.0,24824.0,0.0,30.14909999910742,"9,8,10,14,9,5,8,10,14,1","0:0-9;1:14-8,7-8,5-8;2:10-9,9-10,8-10,8-9,0-10,5-10;3:7-14,11-14;4:0-9;5:2-5;6:10-8,9-8;7:9-10,10-9,8-10,0-10,8-9,1-10;8:7-14,14-7,6-14;9:0-1"
504,proposed_c2f_adaptive_pd,10,10,1.0,14,300,0.04666666666666667,12,1,11,640.0,1.0666666666666667,1884.1293644465059,282.11626835443485,1.0,9296.0,9296.0,0.0,4.626700014341623,"9,14,9,7,4,6,5,9,8,10","0:0-9;1:7-14;2:3-9;3:4-7;4:0-4;5:0-6;6:0-5;7:3-9;8:0-8;9:7-10,10-7,14-10"
504,proposed_c2f_adaptive_pd_calibrated,10,10,1.0,14,300,0.04666666666666667,12,1,11,640.0,1.0666666666666667,1884.1293644465059,282.11626835443485,1.0,9296.0,9296.0,0.0,12.611199985258281,"9,14,9,7,4,6,5,9,8,10","0:0-9;1:7-14;2:3-9;3:4-7;4:0-4;5:0-6;6:0-5;7:3-9;8:0-8;9:7-10,10-7,14-10"
505,proposed_c2f_adaptive_pd,10,10,1.0,13,300,0.043333333333333335,10,0,10,0.0,0.0,1703.027406389422,994.0551175108731,1.0,11583.0,11583.0,0.0,6.485999969299883,"5,9,3,5,4,2,0,12,7,2",0:0-5;1:0-9;2:0-3;3:3-5;4:0-4;5:1-2;6:1-0;7:0-12;8:0-7;9:0-2
505,proposed_c2f_adaptive_pd_calibrated,10,10,1.0,14,300,0.04666666666666667,10,0,10,0.0,0.0,1703.027406389422,994.0551175108731,1.0,11583.0,11583.0,0.0,12.453100003767759,"5,9,3,5,4,2,0,12,7,2",0:0-5;1:0-9;2:0-3;3:3-5;4:0-4;5:1-2;6:1-0;7:0-12;8:0-7;9:0-2
506,proposed_c2f_adaptive_pd,10,10,1.0,16,300,0.05333333333333334,16,3,13,1920.0,3.2,804.6981831703657,129.49341686761156,1.0,16933.0,16933.0,0.0,9.539199993014336,"7,4,0,3,9,12,12,0,10,1","0:12-7,2-7,7-2,5-7,8-2,7-5;1:0-4;2:11-0,6-0;3:1-3;4:10-9;5:0-12;6:0-12;7:1-0;8:9-10;9:0-1"
506,proposed_c2f_adaptive_pd_calibrated,10,10,1.0,17,300,0.056666666666666664,16,3,13,1920.0,3.2,804.6981831703657,129.49341686761156,1.0,16933.0,16933.0,0.0,18.525600025895983,"7,4,0,3,9,12,12,0,10,1","0:12-7,2-7,7-2,5-7,8-2,7-5;1:0-4;2:11-0,6-0;3:1-3;4:10-9;5:0-12;6:0-12;7:1-0;8:9-10;9:0-1"
507,proposed_c2f_adaptive_pd,10,10,1.0,17,300,0.056666666666666664,15,4,11,2560.0,4.266666666666667,85105.74925092098,1382.3624841922908,1.0,13219.0,13219.0,0.0,8.25120002264157,"8,6,6,14,13,0,11,9,0,5","0:8-14,4-14,4-8,14-8,4-2,8-2;1:5-6;2:0-6;3:1-14;4:0-13;5:1-0;6:0-11;7:6-9;8:1-0;9:6-5"
507,proposed_c2f_adaptive_pd_calibrated,10,10,1.0,17,300,0.056666666666666664,15,4,11,2560.0,4.266666666666667,85105.74925092098,1382.3624841922908,1.0,13219.0,13219.0,0.0,16.59559999825433,"8,6,6,14,13,0,11,9,0,5","0:8-14,4-14,4-8,14-8,4-2,8-2;1:5-6;2:0-6;3:1-14;4:0-13;5:1-0;6:0-11;7:6-9;8:1-0;9:6-5"
508,proposed_c2f_adaptive_pd,10,10,1.0,24,300,0.08,18,3,15,1920.0,3.2,164.09561524737578,95.60686579268744,1.0,19260.0,19260.0,0.0,8.9237000211142,"1,0,8,10,8,8,7,11,13,10","0:0-1;1:2-0;2:2-8,10-8,6-8,8-6,1-8,10-6;3:2-10;4:1-8;5:2-8;6:1-7;7:1-11;8:0-13;9:2-10,10-2,0-10,6-10"
508,proposed_c2f_adaptive_pd_calibrated,10,10,1.0,24,300,0.08,18,3,15,1920.0,3.2,164.09561524737578,95.60686579268744,1.0,19260.0,19260.0,0.0,22.017000010237098,"1,0,8,10,8,8,7,11,13,10","0:0-1;1:2-0;2:2-8,10-8,6-8,8-6,1-8,10-6;3:2-10;4:1-8;5:2-8;6:1-7;7:1-11;8:0-13;9:2-10,10-2,0-10,6-10"
509,proposed_c2f_adaptive_pd,9,10,0.9,12,270,0.044444444444444446,11,1,10,640.0,1.0666666666666667,2187.114555447822,1106.0228752650075,0.9090909090909091,10452.0,10452.0,0.0,6.030499993357807,"2,3,4,4,12,0,4,3,13,11","0:2-13,13-2;1:0-3;2:0-4;3:0-4;4:0-12;5:1-0;6:0-4;7:0-3;8:0-13;9:0-11"
509,proposed_c2f_adaptive_pd_calibrated,9,10,0.9,13,270,0.04814814814814815,11,1,10,640.0,1.0666666666666667,2187.114555447822,1106.0228752650075,0.9090909090909091,10452.0,10452.0,0.0,10.663299995940179,"2,3,4,4,12,0,4,3,13,11","0:2-13,13-2;1:0-3;2:0-4;3:0-4;4:0-12;5:1-0;6:0-4;7:0-3;8:0-13;9:0-11"
510,proposed_c2f_adaptive_pd,10,10,1.0,14,300,0.04666666666666667,14,1,13,640.0,1.0666666666666667,1035.454396676043,81.81637068967947,1.0,13942.0,13942.0,0.0,6.097799981944263,"13,7,4,13,9,11,5,9,5,10","0:2-13;1:1-7;2:0-4;3:13-14,14-13,9-13;4:0-9;5:0-11;6:11-5,8-5;7:7-9,13-9;8:0-5;9:1-10"
510,proposed_c2f_adaptive_pd_calibrated,10,10,1.0,14,300,0.04666666666666667,14,1,13,640.0,1.0666666666666667,1035.454396676043,81.81637068967947,1.0,13942.0,13942.0,0.0,19.29630001541227,"13,7,4,13,9,11,5,9,5,10","0:2-13;1:1-7;2:0-4;3:13-14,14-13,9-13;4:0-9;5:0-11;6:11-5,8-5;7:7-9,13-9;8:0-5;9:1-10"
511,proposed_c2f_adaptive_pd,10,10,1.0,16,300,0.05333333333333334,10,0,10,0.0,0.0,916.7142617414418,369.9083981487546,1.0,8503.0,8503.0,0.0,4.76779998280108,"7,9,4,5,8,13,11,14,5,13",0:0-7;1:2-9;2:5-4;3:0-5;4:0-8;5:0-13;6:1-11;7:0-14;8:0-5;9:1-13
511,proposed_c2f_adaptive_pd_calibrated,10,10,1.0,17,300,0.056666666666666664,10,0,10,0.0,0.0,916.7142617414418,369.9083981487546,1.0,8503.0,8503.0,0.0,8.18579999031499,"7,9,4,5,8,13,11,14,5,13",0:0-7;1:2-9;2:5-4;3:0-5;4:0-8;5:0-13;6:1-11;7:0-14;8:0-5;9:1-13
512,proposed_c2f_adaptive_pd,9,10,0.9,10,270,0.037037037037037035,40,1,39,640.0,1.0666666666666667,626.7306297716053,20.6011548506806,0.975,28346.0,28346.0,0.0,14.784200000576675,"11,11,8,12,11,12,5,8,11,12","0:10-11,7-11;1:7-11,6-11,3-11,14-11,10-11,1-11;2:10-8,0-8,9-8,11-8,7-8,14-8;3:0-12;4:7-11,10-11,14-11,6-11,3-11,9-11;5:0-12;6:0-5,5-0,10-5,9-5,12-5;7:5-8,10-8,9-8,4-8,11-8,14-8;8:7-11,10-11,3-11,14-11,9-11,6-11;9:2-12"
512,proposed_c2f_adaptive_pd_calibrated,9,10,0.9,10,270,0.037037037037037035,40,1,39,640.0,1.0666666666666667,626.7306297716053,20.6011548506806,0.975,28346.0,28346.0,0.0,44.453500013332814,"11,11,8,12,11,12,5,8,11,12","0:10-11,7-11;1:7-11,6-11,3-11,14-11,10-11,1-11;2:10-8,0-8,9-8,11-8,7-8,14-8;3:0-12;4:7-11,10-11,14-11,6-11,3-11,9-11;5:0-12;6:0-5,5-0,10-5,9-5,12-5;7:5-8,10-8,9-8,4-8,11-8,14-8;8:7-11,10-11,3-11,14-11,9-11,6-11;9:2-12"
513,proposed_c2f_adaptive_pd,8,10,0.8,13,270,0.04814814814814815,16,2,14,1280.0,2.1333333333333333,3732.7213570276244,77.4850489671256,0.9375,15663.0,15663.0,0.0,6.495799985714257,"7,0,11,3,14,11,5,3,4,11","0:0-7;1:2-0;2:0-11;3:7-3;4:0-14;5:5-11,4-11;6:11-5,5-11,7-5,1-5,6-5,7-11;7:2-3;8:0-4;9:0-11"
513,proposed_c2f_adaptive_pd_calibrated,8,10,0.8,13,270,0.04814814814814815,16,2,14,1280.0,2.1333333333333333,3732.7213570276244,77.4850489671256,0.9375,15663.0,15663.0,0.0,18.799099954776466,"7,0,11,3,14,11,5,3,4,11","0:0-7;1:2-0;2:0-11;3:7-3;4:0-14;5:5-11,4-11;6:11-5,5-11,7-5,1-5,6-5,7-11;7:2-3;8:0-4;9:0-11"
514,proposed_c2f_adaptive_pd,10,10,1.0,16,300,0.05333333333333334,10,0,10,0.0,0.0,2480.1884395718525,1390.0032015532004,1.0,10659.0,10659.0,0.0,3.480800020042807,"14,1,1,3,5,3,1,5,9,13",0:3-14;1:3-1;2:3-1;3:0-3;4:0-5;5:1-3;6:0-1;7:0-5;8:0-9;9:0-13
514,proposed_c2f_adaptive_pd_calibrated,10,10,1.0,16,300,0.05333333333333334,10,0,10,0.0,0.0,2480.1884395718525,1390.0032015532004,1.0,10659.0,10659.0,0.0,10.521399963181466,"14,1,1,3,5,3,1,5,9,13",0:3-14;1:3-1;2:3-1;3:0-3;4:0-5;5:1-3;6:0-1;7:0-5;8:0-9;9:0-13
515,proposed_c2f_adaptive_pd,10,10,1.0,14,300,0.04666666666666667,11,0,11,0.0,0.0,292.0846730634829,158.3784624576818,1.0,9120.0,9120.0,0.0,6.419199984520674,"5,8,13,2,5,13,12,1,4,1","0:0-5;1:2-8;2:0-13;3:8-2;4:2-5,6-5;5:7-13;6:0-12;7:0-1;8:0-4;9:4-1"
515,proposed_c2f_adaptive_pd_calibrated,10,10,1.0,14,300,0.04666666666666667,11,0,11,0.0,0.0,292.0846730634829,158.3784624576818,1.0,9120.0,9120.0,0.0,14.363900001626462,"5,8,13,2,5,13,12,1,4,1","0:0-5;1:2-8;2:0-13;3:8-2;4:2-5,6-5;5:7-13;6:0-12;7:0-1;8:0-4;9:4-1"
516,proposed_c2f_adaptive_pd,9,10,0.9,10,300,0.03333333333333333,11,1,10,640.0,1.0666666666666667,315528.8491725704,301.5761046207667,1.0,11122.0,11122.0,0.0,5.205099994782358,"12,9,9,8,13,8,12,12,6,7","0:7-12;1:0-9;2:0-9;3:0-8;4:0-13;5:0-8;6:7-12;7:7-12;8:5-6,6-5;9:4-7"
516,proposed_c2f_adaptive_pd_calibrated,9,10,0.9,10,300,0.03333333333333333,11,1,10,640.0,1.0666666666666667,315528.8491725704,301.5761046207667,1.0,11122.0,11122.0,0.0,15.14779997523874,"12,9,9,8,13,8,12,12,6,7","0:7-12;1:0-9;2:0-9;3:0-8;4:0-13;5:0-8;6:7-12;7:7-12;8:5-6,6-5;9:4-7"
517,proposed_c2f_adaptive_pd,10,10,1.0,16,300,0.05333333333333334,10,0,10,0.0,0.0,11762.943615261258,2775.503291873859,1.0,10071.0,10071.0,0.0,6.254300009459257,"7,5,0,9,10,1,8,0,12,8",0:0-7;1:0-5;2:1-0;3:0-9;4:1-10;5:3-1;6:3-8;7:1-0;8:5-12;9:1-8
517,proposed_c2f_adaptive_pd_calibrated,10,10,1.0,17,300,0.056666666666666664,10,0,10,0.0,0.0,11762.943615261258,2775.503291873859,1.0,10071.0,10071.0,0.0,12.250900035724044,"7,5,0,9,10,1,8,0,12,8",0:0-7;1:0-5;2:1-0;3:0-9;4:1-10;5:3-1;6:3-8;7:1-0;8:5-12;9:1-8
518,proposed_c2f_adaptive_pd,10,10,1.0,16,300,0.05333333333333334,10,0,10,0.0,0.0,409.2296635480389,139.6358872127568,1.0,8657.0,8657.0,0.0,4.092599963769317,"0,5,13,10,8,8,3,13,5,9",0:1-0;1:2-5;2:1-13;3:3-10;4:1-8;5:0-8;6:7-3;7:0-13;8:0-5;9:3-9
518,proposed_c2f_adaptive_pd_calibrated,10,10,1.0,16,300,0.05333333333333334,10,0,10,0.0,0.0,409.2296635480389,139.6358872127568,1.0,8657.0,8657.0,0.0,10.03780000610277,"0,5,13,10,8,8,3,13,5,9",0:1-0;1:2-5;2:1-13;3:3-10;4:1-8;5:0-8;6:7-3;7:0-13;8:0-5;9:3-9
519,proposed_c2f_adaptive_pd,10,10,1.0,17,300,0.056666666666666664,11,0,11,0.0,0.0,63797.250410037486,1413.7055705911444,1.0,14135.0,14135.0,0.0,3.853500005789101,"9,2,14,10,12,7,13,12,0,13","0:0-9;1:12-2;2:0-14;3:0-10;4:2-12;5:0-7;6:0-13;7:3-12,5-12;8:2-0;9:0-13"
519,proposed_c2f_adaptive_pd_calibrated,10,10,1.0,17,300,0.056666666666666664,11,0,11,0.0,0.0,63797.250410037486,1413.7055705911444,1.0,14135.0,14135.0,0.0,12.710199982393533,"9,2,14,10,12,7,13,12,0,13","0:0-9;1:12-2;2:0-14;3:0-10;4:2-12;5:0-7;6:0-13;7:3-12,5-12;8:2-0;9:0-13"
520,proposed_c2f_adaptive_pd,10,10,1.0,15,300,0.05,15,3,12,1920.0,3.2,2880.6093232598055,171.04697748190927,1.0,19365.0,19365.0,0.0,6.309599964879453,"1,10,5,2,12,1,14,3,1,9","0:0-1;1:1-10;2:1-5;3:3-2;4:1-12;5:0-1;6:1-14;7:1-3;8:1-10,10-1,14-1,1-14,6-1,14-10;9:2-9"
520,proposed_c2f_adaptive_pd_calibrated,10,10,1.0,16,300,0.05333333333333334,15,3,12,1920.0,3.2,2880.6093232598055,171.04697748190927,1.0,19365.0,19365.0,0.0,14.66060004895553,"1,10,5,2,12,1,14,3,1,9","0:0-1;1:1-10;2:1-5;3:3-2;4:1-12;5:0-1;6:1-14;7:1-3;8:1-10,10-1,14-1,1-14,6-1,14-10;9:2-9"
521,proposed_c2f_adaptive_pd,10,10,1.0,17,300,0.056666666666666664,11,1,10,640.0,1.0666666666666667,590.082972661358,393.86378771386603,1.0,11319.0,11319.0,0.0,6.422300008125603,"3,0,1,3,7,6,13,14,1,3","0:0-3;1:1-0;2:10-1;3:4-3,3-4;4:0-7;5:0-6;6:12-13;7:5-14;8:10-1;9:0-3"
521,proposed_c2f_adaptive_pd_calibrated,10,10,1.0,17,300,0.056666666666666664,11,1,10,640.0,1.0666666666666667,590.082972661358,393.86378771386603,1.0,11319.0,11319.0,0.0,13.50930001353845,"3,0,1,3,7,6,13,14,1,3","0:0-3;1:1-0;2:10-1;3:4-3,3-4;4:0-7;5:0-6;6:12-13;7:5-14;8:10-1;9:0-3"
522,proposed_c2f_adaptive_pd,10,10,1.0,13,300,0.043333333333333335,21,4,17,2560.0,4.266666666666667,1041.9329871677232,262.7658683653034,1.0,16796.0,16796.0,0.0,11.78030000301078,"3,0,1,6,11,6,8,12,0,12","0:0-3;1:7-0,0-7,3-0,0-3,1-0,0-1;2:0-1;3:12-6;4:11-12,12-11;5:0-6;6:0-8;7:6-12,14-12,11-12,10-12,5-12,7-12;8:1-0;9:0-12"
522,proposed_c2f_adaptive_pd_calibrated,10,10,1.0,13,300,0.043333333333333335,21,4,17,2560.0,4.266666666666667,1041.9329871677232,262.7658683653034,1.0,16796.0,16796.0,0.0,27.393999975174665,"3,0,1,6,11,6,8,12,0,12","0:0-3;1:7-0,0-7,3-0,0-3,1-0,0-1;2:0-1;3:12-6;4:11-12,12-11;5:0-6;6:0-8;7:6-12,14-12,11-12,10-12,5-12,7-12;8:1-0;9:0-12"
523,proposed_c2f_adaptive_pd,10,10,1.0,10,300,0.03333333333333333,16,2,14,1280.0,2.1333333333333333,15797.485232515897,549.4065192394613,1.0,14066.0,14066.0,0.0,7.1496000164188445,"5,7,1,6,2,0,1,9,13,6","0:0-5;1:1-7;2:8-1;3:4-6;4:9-2,0-2;5:1-0;6:0-1;7:2-9;8:4-13,13-4,7-13,13-7,1-13,14-13;9:4-6"
523,proposed_c2f_adaptive_pd_calibrated,10,10,1.0,10,300,0.03333333333333333,16,2,14,1280.0,2.1333333333333333,15797.485232515897,549.4065192394613,1.0,14066.0,14066.0,0.0,18.56729999417439,"5,7,1,6,2,0,1,9,13,6","0:0-5;1:1-7;2:8-1;3:4-6;4:9-2,0-2;5:1-0;6:0-1;7:2-9;8:4-13,13-4,7-13,13-7,1-13,14-13;9:4-6"
524,proposed_c2f_adaptive_pd,10,10,1.0,8,300,0.02666666666666667,10,1,9,640.0,1.0666666666666667,10171.889874982031,63.756853786102475,1.0,11072.0,11072.0,0.0,5.312099994625896,"13,4,4,5,0,12,14,11,12,2",0:13-0;1:0-4;2:0-4;3:1-5;4:1-0;5:9-12;6:7-14;7:0-11;8:0-12;9:0-2
524,proposed_c2f_adaptive_pd_calibrated,10,10,1.0,8,300,0.02666666666666667,10,1,9,640.0,1.0666666666666667,10171.889874982031,63.756853786102475,1.0,11072.0,11072.0,0.0,10.437700024340302,"13,4,4,5,0,12,14,11,12,2",0:13-0;1:0-4;2:0-4;3:1-5;4:1-0;5:9-12;6:7-14;7:0-11;8:0-12;9:0-2
525,proposed_c2f_adaptive_pd,10,10,1.0,12,300,0.04,10,0,10,0.0,0.0,15642.872237730178,221.23642572889548,1.0,7733.0,7733.0,0.0,5.867599975317717,"0,4,9,5,13,0,14,5,8,8",0:1-0;1:6-4;2:0-9;3:1-5;4:2-13;5:5-0;6:0-14;7:0-5;8:3-8;9:0-8
525,proposed_c2f_adaptive_pd_calibrated,10,10,1.0,12,300,0.04,10,0,10,0.0,0.0,15642.872237730178,221.23642572889548,1.0,7733.0,7733.0,0.0,11.315800016745925,"0,4,9,5,13,0,14,5,8,8",0:1-0;1:6-4;2:0-9;3:1-5;4:2-13;5:5-0;6:0-14;7:0-5;8:3-8;9:0-8
526,proposed_c2f_adaptive_pd,10,10,1.0,11,300,0.03666666666666667,11,1,10,640.0,1.0666666666666667,688.3631572240063,223.2524648600172,1.0,11319.0,11319.0,0.0,6.648599985055625,"11,3,0,4,11,9,14,6,0,6","0:0-11;1:0-3;2:1-0;3:9-4,4-9;4:2-11;5:0-9;6:5-14;7:11-6;8:1-0;9:2-6"
526,proposed_c2f_adaptive_pd_calibrated,10,10,1.0,11,300,0.03666666666666667,11,1,10,640.0,1.0666666666666667,688.3631572240063,223.2524648600172,1.0,11319.0,11319.0,0.0,13.884400017559528,"11,3,0,4,11,9,14,6,0,6","0:0-11;1:0-3;2:1-0;3:9-4,4-9;4:2-11;5:0-9;6:5-14;7:11-6;8:1-0;9:2-6"
527,proposed_c2f_adaptive_pd,10,10,1.0,15,300,0.05,15,1,14,640.0,1.0666666666666667,4652.226944556303,229.59441565136598,1.0,18567.0,18567.0,0.0,8.56819999171421,"3,8,10,13,13,6,13,6,6,10","0:1-3;1:2-8;2:0-10;3:1-13;4:2-13;5:9-6,2-6,0-6,5-6,12-6,6-12;6:1-13;7:5-6;8:0-6;9:2-10"
527,proposed_c2f_adaptive_pd_calibrated,10,10,1.0,16,300,0.05333333333333334,15,1,14,640.0,1.0666666666666667,4652.226944556303,229.59441565136598,1.0,18567.0,18567.0,0.0,14.748999965377152,"3,8,10,13,13,6,13,6,6,10","0:1-3;1:2-8;2:0-10;3:1-13;4:2-13;5:9-6,2-6,0-6,5-6,12-6,6-12;6:1-13;7:5-6;8:0-6;9:2-10"
528,proposed_c2f_adaptive_pd,10,10,1.0,12,300,0.04,11,0,11,0.0,0.0,412.06189604254024,81.23866770268042,1.0,10004.0,10004.0,0.0,6.7408999893814325,"3,13,14,1,8,4,4,0,14,0","0:0-3;1:0-13;2:9-14;3:0-1;4:3-8;5:12-4;6:8-4;7:13-0,3-0;8:3-14;9:1-0"
528,proposed_c2f_adaptive_pd_calibrated,10,10,1.0,12,300,0.04,11,0,11,0.0,0.0,412.06189604254024,81.23866770268042,1.0,10004.0,10004.0,0.0,15.666699968278408,"3,13,14,1,8,4,4,0,14,0","0:0-3;1:0-13;2:9-14;3:0-1;4:3-8;5:12-4;6:8-4;7:13-0,3-0;8:3-14;9:1-0"
529,proposed_c2f_adaptive_pd,9,10,0.9,16,300,0.05333333333333334,20,6,14,3840.0,6.400000000000001,56402.438124439934,46.761169229513825,1.0,24317.0,24317.0,0.0,6.532800034619868,"0,10,1,12,13,5,11,6,6,11","0:1-0;1:0-10;2:1-2,9-2,6-2,2-1;3:0-12;4:8-13,1-13;5:0-5;6:7-11,13-11;7:8-6;8:1-6;9:13-11,11-7,7-11,4-11,11-4,13-8"
529,proposed_c2f_adaptive_pd_calibrated,9,10,0.9,16,300,0.05333333333333334,20,6,14,3840.0,6.400000000000001,56402.438124439934,46.761169229513825,1.0,24317.0,24317.0,0.0,24.44190002279356,"0,10,1,12,13,5,11,6,6,11","0:1-0;1:0-10;2:1-2,9-2,6-2,2-1;3:0-12;4:8-13,1-13;5:0-5;6:7-11,13-11;7:8-6;8:1-6;9:13-11,11-7,7-11,4-11,11-4,13-8"
530,proposed_c2f_adaptive_pd,10,10,1.0,16,300,0.05333333333333334,21,7,14,4480.0,7.466666666666669,57418.64207188469,149.1412526861222,1.0,20834.0,20834.0,0.0,10.67190000321716,"10,5,13,14,13,6,6,4,4,6","0:2-10;1:0-5;2:0-13;3:6-14,11-14;4:0-13;5:2-6,6-2,7-6,6-7,10-6,6-10;6:2-6;7:2-4;8:2-4;9:2-6,6-2,7-6,6-7,2-7,7-2"
530,proposed_c2f_adaptive_pd_calibrated,10,10,1.0,16,300,0.05333333333333334,21,7,14,4480.0,7.466666666666669,57418.64207188469,149.1412526861222,1.0,20834.0,20834.0,0.0,25.283199967816472,"10,5,13,14,13,6,6,4,4,6","0:2-10;1:0-5;2:0-13;3:6-14,11-14;4:0-13;5:2-6,6-2,7-6,6-7,10-6,6-10;6:2-6;7:2-4;8:2-4;9:2-6,6-2,7-6,6-7,2-7,7-2"
531,proposed_c2f_adaptive_pd,10,10,1.0,10,300,0.03333333333333333,16,0,16,0.0,0.0,1842.1883836607794,127.46422234771877,1.0,13705.0,13705.0,0.0,5.307999963406473,"7,2,3,6,1,7,14,14,10,7","0:10-7;1:0-2,8-2;2:4-3;3:3-6;4:0-1;5:10-7;6:0-14;7:0-14;8:7-10,4-10;9:2-7,10-7,4-7,14-7,1-7"
531,proposed_c2f_adaptive_pd_calibrated,10,10,1.0,10,300,0.03333333333333333,16,0,16,0.0,0.0,1842.1883836607794,127.46422234771877,1.0,13705.0,13705.0,0.0,16.725500056054443,"7,2,3,6,1,7,14,14,10,7","0:10-7;1:0-2,8-2;2:4-3;3:3-6;4:0-1;5:10-7;6:0-14;7:0-14;8:7-10,4-10;9:2-7,10-7,4-7,14-7,1-7"
532,proposed_c2f_adaptive_pd,10,10,1.0,17,300,0.056666666666666664,16,3,13,1920.0,3.2,1345.3574246068588,318.52070150176166,1.0,22960.0,22960.0,0.0,8.635999984107912,"2,2,9,3,12,4,4,1,0,7","0:9-2,8-2;1:8-2,13-2,2-8,8-9,9-8,5-2;2:1-9;3:1-3;4:0-12;5:3-4;6:3-4;7:0-1;8:5-0;9:10-7"
532,proposed_c2f_adaptive_pd_calibrated,10,10,1.0,17,300,0.056666666666666664,16,3,13,1920.0,3.2,1345.3574246068588,318.52070150176166,1.0,22960.0,22960.0,0.0,19.246599986217916,"2,2,9,3,12,4,4,1,0,7","0:9-2,8-2;1:8-2,13-2,2-8,8-9,9-8,5-2;2:1-9;3:1-3;4:0-12;5:3-4;6:3-4;7:0-1;8:5-0;9:10-7"
533,proposed_c2f_adaptive_pd,9,10,0.9,18,270,0.06666666666666667,10,0,10,0.0,0.0,295.70694626172246,94.3380908044399,0.9,10505.0,10505.0,0.0,3.6489000194706023,"6,11,1,12,7,7,7,9,13,11",0:0-6;1:1-11;2:0-1;3:0-12;4:2-7;5:0-7;6:1-7;7:2-9;8:9-13;9:1-11
533,proposed_c2f_adaptive_pd_calibrated,9,10,0.9,19,270,0.07037037037037037,10,0,10,0.0,0.0,295.70694626172246,94.3380908044399,0.9,10505.0,10505.0,0.0,10.97719999961555,"6,11,1,12,7,7,7,9,13,11",0:0-6;1:1-11;2:0-1;3:0-12;4:2-7;5:0-7;6:1-7;7:2-9;8:9-13;9:1-11
534,proposed_c2f_adaptive_pd,9,10,0.9,13,300,0.043333333333333335,11,0,11,0.0,0.0,6323.739315135266,170.8684210082221,1.0,14760.0,14760.0,0.0,5.883900041226298,"9,13,13,10,3,9,9,13,12,12","0:0-9;1:6-13;2:1-13;3:0-10;4:0-3;5:2-9;6:0-9;7:6-13;8:0-12;9:1-12,13-12"
534,proposed_c2f_adaptive_pd_calibrated,9,10,0.9,13,300,0.043333333333333335,11,0,11,0.0,0.0,6323.739315135266,170.8684210082221,1.0,14760.0,14760.0,0.0,12.792900030035526,"9,13,13,10,3,9,9,13,12,12","0:0-9;1:6-13;2:1-13;3:0-10;4:0-3;5:2-9;6:0-9;7:6-13;8:0-12;9:1-12,13-12"
535,proposed_c2f_adaptive_pd,10,10,1.0,13,300,0.043333333333333335,10,0,10,0.0,0.0,7469.303620986223,277.1834576102833,1.0,12045.0,12045.0,0.0,5.163899972103536,"5,6,14,1,8,3,13,14,3,9",0:0-5;1:0-6;2:3-14;3:2-1;4:0-8;5:0-3;6:7-13;7:0-14;8:8-3;9:0-9
535,proposed_c2f_adaptive_pd_calibrated,10,10,1.0,13,300,0.043333333333333335,10,0,10,0.0,0.0,7469.303620986223,277.1834576102833,1.0,12045.0,12045.0,0.0,8.60060000559315,"5,6,14,1,8,3,13,14,3,9",0:0-5;1:0-6;2:3-14;3:2-1;4:0-8;5:0-3;6:7-13;7:0-14;8:8-3;9:0-9
536,proposed_c2f_adaptive_pd,10,10,1.0,15,300,0.05,10,0,10,0.0,0.0,1915.2730101744353,112.45497858010725,1.0,13123.0,13123.0,0.0,5.649600003380328,"13,5,14,13,6,1,9,5,12,0",0:1-13;1:0-5;2:6-14;3:0-13;4:10-6;5:2-1;6:0-9;7:8-5;8:4-12;9:1-0
536,proposed_c2f_adaptive_pd_calibrated,10,10,1.0,16,300,0.05333333333333334,10,0,10,0.0,0.0,1915.2730101744353,112.45497858010725,1.0,13123.0,13123.0,0.0,12.479899975005537,"13,5,14,13,6,1,9,5,12,0",0:1-13;1:0-5;2:6-14;3:0-13;4:10-6;5:2-1;6:0-9;7:8-5;8:4-12;9:1-0
537,proposed_c2f_adaptive_pd,10,10,1.0,11,300,0.03666666666666667,11,0,11,0.0,0.0,591.1254743203268,166.22281417682876,1.0,11824.0,11824.0,0.0,6.919900013599545,"0,6,6,5,0,0,14,3,8,4","0:1-0;1:0-6;2:0-6;3:2-5;4:9-0,5-0;5:8-0;6:1-14;7:2-3;8:0-8;9:12-4"
537,proposed_c2f_adaptive_pd_calibrated,10,10,1.0,11,300,0.03666666666666667,11,0,11,0.0,0.0,591.1254743203268,166.22281417682876,1.0,11824.0,11824.0,0.0,14.86940000904724,"0,6,6,5,0,0,14,3,8,4","0:1-0;1:0-6;2:0-6;3:2-5;4:9-0,5-0;5:8-0;6:1-14;7:2-3;8:0-8;9:12-4"
538,proposed_c2f_adaptive_pd,10,10,1.0,17,300,0.056666666666666664,15,4,11,2560.0,4.266666666666667,1422.0449714412566,821.3249986754195,1.0,17703.0,17703.0,0.0,7.543199986685067,"1,13,12,2,2,9,7,4,3,2","0:0-1;1:0-13;2:0-12;3:2-3,3-2,13-3,3-13,7-3,13-2;4:3-2;5:0-9;6:2-7;7:7-4;8:0-3;9:13-2"
538,proposed_c2f_adaptive_pd_calibrated,10,10,1.0,17,300,0.056666666666666664,15,4,11,2560.0,4.266666666666667,1422.0449714412566,821.3249986754195,1.0,17703.0,17703.0,0.0,16.356199979782104,"1,13,12,2,2,9,7,4,3,2","0:0-1;1:0-13;2:0-12;3:2-3,3-2,13-3,3-13,7-3,13-2;4:3-2;5:0-9;6:2-7;7:7-4;8:0-3;9:13-2"
539,proposed_c2f_adaptive_pd,10,10,1.0,11,300,0.03666666666666667,11,1,10,640.0,1.0666666666666667,1396.603655767121,356.2111356072164,1.0,11796.0,11796.0,0.0,4.739500000141561,"4,8,10,2,7,14,3,8,13,13","0:0-4;1:0-8;2:0-10;3:0-2;4:0-7;5:0-14;6:3-10,10-3;7:0-8;8:3-13;9:0-13"
539,proposed_c2f_adaptive_pd_calibrated,10,10,1.0,11,300,0.03666666666666667,11,1,10,640.0,1.0666666666666667,1396.603655767121,356.2111356072164,1.0,11796.0,11796.0,0.0,12.962200038600713,"4,8,10,2,7,14,3,8,13,13","0:0-4;1:0-8;2:0-10;3:0-2;4:0-7;5:0-14;6:3-10,10-3;7:0-8;8:3-13;9:0-13"
540,proposed_c2f_adaptive_pd,9,10,0.9,13,300,0.043333333333333335,10,0,10,0.0,0.0,49334.67990348663,997.0251657894757,1.0,10043.0,10043.0,0.0,4.727299965452403,"1,1,6,8,12,13,9,10,3,3",0:0-1;1:0-1;2:3-6;3:4-8;4:0-12;5:0-13;6:0-9;7:0-10;8:0-3;9:0-3
540,proposed_c2f_adaptive_pd_calibrated,9,10,0.9,13,300,0.043333333333333335,10,0,10,0.0,0.0,49334.67990348663,997.0251657894757,1.0,10043.0,10043.0,0.0,10.515799978747964,"1,1,6,8,12,13,9,10,3,3",0:0-1;1:0-1;2:3-6;3:4-8;4:0-12;5:0-13;6:0-9;7:0-10;8:0-3;9:0-3
541,proposed_c2f_adaptive_pd,9,10,0.9,15,300,0.05,10,0,10,0.0,0.0,256.24675582500674,152.54118315439285,1.0,13431.0,13431.0,0.0,3.9132999954745173,"12,12,0,14,14,9,10,12,11,14",0:6-12;1:0-12;2:1-0;3:0-14;4:0-14;5:0-9;6:1-10;7:1-12;8:0-11;9:0-14
541,proposed_c2f_adaptive_pd_calibrated,9,10,0.9,15,300,0.05,10,0,10,0.0,0.0,256.24675582500674,152.54118315439285,1.0,13431.0,13431.0,0.0,13.203800015617162,"12,12,0,14,14,9,10,12,11,14",0:6-12;1:0-12;2:1-0;3:0-14;4:0-14;5:0-9;6:1-10;7:1-12;8:0-11;9:0-14
542,proposed_c2f_adaptive_pd,9,10,0.9,14,300,0.04666666666666667,13,1,12,640.0,1.0666666666666667,1287.1983695592758,108.24913729631207,1.0,17522.0,17522.0,0.0,5.23599999723956,"9,8,3,5,8,3,11,3,9,5","0:2-9,9-2;1:3-8;2:5-3;3:4-5;4:0-8;5:5-3,12-3;6:0-11;7:4-3;8:2-9,7-9;9:0-5"
542,proposed_c2f_adaptive_pd_calibrated,9,10,0.9,14,300,0.04666666666666667,13,1,12,640.0,1.0666666666666667,1287.1983695592758,108.24913729631207,1.0,17522.0,17522.0,0.0,15.33449999988079,"9,8,3,5,8,3,11,3,9,5","0:2-9,9-2;1:3-8;2:5-3;3:4-5;4:0-8;5:5-3,12-3;6:0-11;7:4-3;8:2-9,7-9;9:0-5"
543,proposed_c2f_adaptive_pd,10,10,1.0,13,300,0.043333333333333335,14,1,13,640.0,1.0666666666666667,1611.7240022090189,289.22080892467517,1.0,17953.0,17953.0,0.0,8.089000009931624,"6,13,7,7,6,7,2,9,8,13","0:0-6;1:0-13;2:10-7;3:13-7,10-13,10-7,5-7;4:0-6;5:0-7;6:0-2;7:0-9;8:0-8;9:1-13,3-13"
543,proposed_c2f_adaptive_pd_calibrated,10,10,1.0,13,300,0.043333333333333335,14,1,13,640.0,1.0666666666666667,1611.7240022090189,289.22080892467517,1.0,17953.0,17953.0,0.0,11.874000017996877,"6,13,7,7,6,7,2,9,8,13","0:0-6;1:0-13;2:10-7;3:13-7,10-13,10-7,5-7;4:0-6;5:0-7;6:0-2;7:0-9;8:0-8;9:1-13,3-13"
544,proposed_c2f_adaptive_pd,10,10,1.0,14,300,0.04666666666666667,10,0,10,0.0,0.0,67122.2888772987,2570.2355769943388,1.0,8503.0,8503.0,0.0,5.250999995041639,"13,8,1,1,2,12,4,12,4,11",0:0-13;1:0-8;2:2-1;3:0-1;4:0-2;5:0-12;6:0-4;7:0-12;8:0-4;9:5-11
544,proposed_c2f_adaptive_pd_calibrated,10,10,1.0,14,300,0.04666666666666667,10,0,10,0.0,0.0,67122.2888772987,2570.2355769943388,1.0,8503.0,8503.0,0.0,12.231900007463992,"13,8,1,1,2,12,4,12,4,11",0:0-13;1:0-8;2:2-1;3:0-1;4:0-2;5:0-12;6:0-4;7:0-12;8:0-4;9:5-11
545,proposed_c2f_adaptive_pd,9,10,0.9,13,270,0.04814814814814815,11,0,11,0.0,0.0,1475.0291201582345,180.24655370547936,0.9090909090909091,12300.0,12300.0,0.0,5.7416000054217875,"2,4,7,7,14,7,8,5,5,1","0:0-2;1:0-4;2:8-7,1-7;3:1-7;4:0-14;5:1-7;6:14-8;7:0-5;8:1-5;9:0-1"
545,proposed_c2f_adaptive_pd_calibrated,9,10,0.9,14,270,0.05185185185185185,11,0,11,0.0,0.0,1475.0291201582345,180.24655370547936,0.9090909090909091,12300.0,12300.0,0.0,11.79820002289489,"2,4,7,7,14,7,8,5,5,1","0:0-2;1:0-4;2:8-7,1-7;3:1-7;4:0-14;5:1-7;6:14-8;7:0-5;8:1-5;9:0-1"
546,proposed_c2f_adaptive_pd,9,10,0.9,17,300,0.056666666666666664,15,3,12,1920.0,3.2,281.2385367179594,97.27440621256679,1.0,15463.0,15463.0,0.0,8.222699980251491,"1,14,1,1,14,0,1,4,11,10","0:0-1;1:1-14;2:14-1;3:2-1;4:0-14;5:13-0;6:0-1;7:5-4;8:11-12,12-11,13-12,13-11,4-12,4-11;9:1-10"
546,proposed_c2f_adaptive_pd_calibrated,9,10,0.9,17,300,0.056666666666666664,15,3,12,1920.0,3.2,281.2385367179594,97.27440621256679,1.0,15463.0,15463.0,0.0,19.44890001323074,"1,14,1,1,14,0,1,4,11,10","0:0-1;1:1-14;2:14-1;3:2-1;4:0-14;5:13-0;6:0-1;7:5-4;8:11-12,12-11,13-12,13-11,4-12,4-11;9:1-10"
547,proposed_c2f_adaptive_pd,10,10,1.0,18,300,0.06,10,0,10,0.0,0.0,1397.3119530008548,735.0843921468379,1.0,10250.0,10250.0,0.0,4.375800024718046,"0,2,7,1,4,14,4,8,13,9",0:1-0;1:0-2;2:0-7;3:13-1;4:0-4;5:5-14;6:8-4;7:0-8;8:0-13;9:4-9
547,proposed_c2f_adaptive_pd_calibrated,10,10,1.0,18,300,0.06,10,0,10,0.0,0.0,1397.3119530008548,735.0843921468379,1.0,10250.0,10250.0,0.0,12.638300016988069,"0,2,7,1,4,14,4,8,13,9",0:1-0;1:0-2;2:0-7;3:13-1;4:0-4;5:5-14;6:8-4;7:0-8;8:0-13;9:4-9
548,proposed_c2f_adaptive_pd,10,10,1.0,11,300,0.03666666666666667,11,1,10,640.0,1.0666666666666667,2588.539162543362,168.867287194283,1.0,17595.0,17595.0,0.0,3.9538000128231943,"0,4,2,7,3,7,7,3,3,1","0:1-0;1:7-4;2:0-2;3:6-7;4:14-3,3-14;5:0-7;6:0-7;7:14-3;8:14-3;9:0-1"
548,proposed_c2f_adaptive_pd_calibrated,10,10,1.0,12,300,0.04,11,1,10,640.0,1.0666666666666667,2588.539162543362,168.867287194283,1.0,17595.0,17595.0,0.0,12.818099989090115,"0,4,2,7,3,7,7,3,3,1","0:1-0;1:7-4;2:0-2;3:6-7;4:14-3,3-14;5:0-7;6:0-7;7:14-3;8:14-3;9:0-1"
549,proposed_c2f_adaptive_pd,10,10,1.0,16,300,0.05333333333333334,10,0,10,0.0,0.0,5324.9648673963675,410.76914504493095,1.0,9735.0,9735.0,0.0,6.003699963912368,"13,7,5,9,5,8,9,8,9,9",0:0-13;1:0-7;2:0-5;3:1-9;4:2-5;5:1-8;6:3-9;7:1-8;8:3-9;9:0-9
549,proposed_c2f_adaptive_pd_calibrated,10,10,1.0,17,300,0.056666666666666664,10,0,10,0.0,0.0,5324.9648673963675,410.76914504493095,1.0,9735.0,9735.0,0.0,13.194700004532933,"13,7,5,9,5,8,9,8,9,9",0:0-13;1:0-7;2:0-5;3:1-9;4:2-5;5:1-8;6:3-9;7:1-8;8:3-9;9:0-9
550,proposed_c2f_adaptive_pd,10,10,1.0,24,300,0.08,10,0,10,0.0,0.0,8621.880200480276,443.72695825508316,1.0,12199.0,12199.0,0.0,3.6920999991707504,"4,10,8,6,8,5,6,5,3,6",0:1-4;1:0-10;2:0-8;3:0-6;4:0-8;5:0-5;6:0-6;7:0-5;8:0-3;9:0-6
550,proposed_c2f_adaptive_pd_calibrated,10,10,1.0,24,300,0.08,10,0,10,0.0,0.0,8621.880200480276,443.72695825508316,1.0,12199.0,12199.0,0.0,13.863000029232353,"4,10,8,6,8,5,6,5,3,6",0:1-4;1:0-10;2:0-8;3:0-6;4:0-8;5:0-5;6:0-6;7:0-5;8:0-3;9:0-6
551,proposed_c2f_adaptive_pd,9,10,0.9,15,300,0.05,10,0,10,0.0,0.0,1697.1552295296678,148.94614399581639,1.0,11232.0,11232.0,0.0,3.916100016795099,"9,14,1,13,5,4,9,0,7,1",0:1-9;1:0-14;2:0-1;3:2-13;4:0-5;5:2-4;6:0-9;7:1-0;8:0-7;9:0-1
551,proposed_c2f_adaptive_pd_calibrated,9,10,0.9,15,300,0.05,10,0,10,0.0,0.0,1697.1552295296678,148.94614399581639,1.0,11232.0,11232.0,0.0,10.07339998614043,"9,14,1,13,5,4,9,0,7,1",0:1-9;1:0-14;2:0-1;3:2-13;4:0-5;5:2-4;6:0-9;7:1-0;8:0-7;9:0-1
552,proposed_c2f_adaptive_pd,9,10,0.9,15,270,0.05555555555555555,10,0,10,0.0,0.0,298.42978874363655,118.94821980458488,0.9,8195.0,8195.0,0.0,4.0466999635100365,"10,12,6,5,3,14,1,13,0,11",0:0-10;1:0-12;2:5-6;3:1-5;4:2-3;5:0-14;6:7-1;7:0-13;8:4-0;9:0-11
552,proposed_c2f_adaptive_pd_calibrated,9,10,0.9,15,270,0.05555555555555555,10,0,10,0.0,0.0,298.42978874363655,118.94821980458488,0.9,8195.0,8195.0,0.0,9.823600004892796,"10,12,6,5,3,14,1,13,0,11",0:0-10;1:0-12;2:5-6;3:1-5;4:2-3;5:0-14;6:7-1;7:0-13;8:4-0;9:0-11
553,proposed_c2f_adaptive_pd,10,10,1.0,17,300,0.056666666666666664,10,0,10,0.0,0.0,68323.19526710073,1991.120439249385,1.0,10197.0,10197.0,0.0,6.770699983462691,"1,10,1,11,10,3,2,12,3,7",0:0-1;1:0-10;2:0-1;3:0-11;4:9-10;5:8-3;6:0-2;7:0-12;8:0-3;9:0-7
553,proposed_c2f_adaptive_pd_calibrated,10,10,1.0,17,300,0.056666666666666664,10,0,10,0.0,0.0,68323.19526710073,1991.120439249385,1.0,10197.0,10197.0,0.0,10.699900041799992,"1,10,1,11,10,3,2,12,3,7",0:0-1;1:0-10;2:0-1;3:0-11;4:9-10;5:8-3;6:0-2;7:0-12;8:0-3;9:0-7
554,proposed_c2f_adaptive_pd,9,10,0.9,8,270,0.02962962962962963,11,0,11,0.0,0.0,2072.4145161757037,268.96433967652666,0.9090909090909091,10914.0,10914.0,0.0,4.418299999088049,"3,0,1,9,7,14,11,1,11,2","0:4-3;1:3-0;2:0-1;3:1-9;4:4-7;5:0-14;6:0-11;7:2-1;8:1-11;9:6-2,1-2"
554,proposed_c2f_adaptive_pd_calibrated,9,10,0.9,8,270,0.02962962962962963,11,0,11,0.0,0.0,2072.4145161757037,268.96433967652666,0.9090909090909091,10914.0,10914.0,0.0,14.185099978931248,"3,0,1,9,7,14,11,1,11,2","0:4-3;1:3-0;2:0-1;3:1-9;4:4-7;5:0-14;6:0-11;7:2-1;8:1-11;9:6-2,1-2"
555,proposed_c2f_adaptive_pd,10,10,1.0,7,300,0.023333333333333334,10,0,10,0.0,0.0,35086.98472396675,319.23487569143754,1.0,9273.0,9273.0,0.0,3.4702999982982874,"8,14,5,1,5,9,0,5,5,4",0:0-8;1:0-14;2:4-5;3:0-1;4:2-5;5:0-9;6:8-0;7:2-5;8:13-5;9:1-4
555,proposed_c2f_adaptive_pd_calibrated,10,10,1.0,7,300,0.023333333333333334,10,0,10,0.0,0.0,35086.98472396675,319.23487569143754,1.0,9273.0,9273.0,0.0,13.697700051125139,"8,14,5,1,5,9,0,5,5,4",0:0-8;1:0-14;2:4-5;3:0-1;4:2-5;5:0-9;6:8-0;7:2-5;8:13-5;9:1-4
556,proposed_c2f_adaptive_pd,9,10,0.9,13,300,0.043333333333333335,10,0,10,0.0,0.0,530.5002057726048,226.4228451632584,1.0,10197.0,10197.0,0.0,4.847200005315244,"6,1,12,9,1,10,3,14,7,5",0:1-6;1:7-1;2:0-12;3:0-9;4:2-1;5:5-10;6:9-3;7:2-14;8:1-7;9:2-5
556,proposed_c2f_adaptive_pd_calibrated,9,10,0.9,13,300,0.043333333333333335,10,0,10,0.0,0.0,530.5002057726048,226.4228451632584,1.0,10197.0,10197.0,0.0,12.201800011098385,"6,1,12,9,1,10,3,14,7,5",0:1-6;1:7-1;2:0-12;3:0-9;4:2-1;5:5-10;6:9-3;7:2-14;8:1-7;9:2-5
557,proposed_c2f_adaptive_pd,10,10,1.0,20,300,0.06666666666666667,15,2,13,1280.0,2.1333333333333333,99097.60687972538,1049.370261601294,1.0,9859.0,9859.0,0.0,6.0455999919213355,"7,10,12,2,10,5,12,9,9,4","0:0-7;1:0-10;2:4-12;3:5-2;4:11-10;5:1-5;6:0-12;7:0-9;8:6-9,9-6,2-9,2-6,5-9,3-9;9:0-4"
557,proposed_c2f_adaptive_pd_calibrated,10,10,1.0,20,300,0.06666666666666667,15,2,13,1280.0,2.1333333333333333,99097.60687972538,1049.370261601294,1.0,9859.0,9859.0,0.0,16.551700013224036,"7,10,12,2,10,5,12,9,9,4","0:0-7;1:0-10;2:4-12;3:5-2;4:11-10;5:1-5;6:0-12;7:0-9;8:6-9,9-6,2-9,2-6,5-9,3-9;9:0-4"
558,proposed_c2f_adaptive_pd,10,10,1.0,16,300,0.05333333333333334,10,0,10,0.0,0.0,1292.373372894452,116.37070272908755,1.0,10575.0,10575.0,0.0,6.128199980594218,"6,8,13,0,9,8,9,10,8,10",0:0-6;1:0-8;2:7-13;3:1-0;4:1-9;5:4-8;6:0-9;7:0-10;8:0-8;9:1-10
558,proposed_c2f_adaptive_pd_calibrated,10,10,1.0,16,300,0.05333333333333334,10,0,10,0.0,0.0,1292.373372894452,116.37070272908755,1.0,10575.0,10575.0,0.0,13.814000005368143,"6,8,13,0,9,8,9,10,8,10",0:0-6;1:0-8;2:7-13;3:1-0;4:1-9;5:4-8;6:0-9;7:0-10;8:0-8;9:1-10
559,proposed_c2f_adaptive_pd,10,10,1.0,17,300,0.056666666666666664,10,0,10,0.0,0.0,86051.34088504073,419.0243117491164,1.0,10743.0,10743.0,0.0,5.942799965851009,"7,3,7,7,4,7,7,6,11,11",0:0-7;1:0-3;2:13-7;3:0-7;4:0-4;5:3-7;6:0-7;7:0-6;8:12-11;9:0-11
559,proposed_c2f_adaptive_pd_calibrated,10,10,1.0,17,300,0.056666666666666664,10,0,10,0.0,0.0,86051.34088504073,419.0243117491164,1.0,10743.0,10743.0,0.0,8.568599994760007,"7,3,7,7,4,7,7,6,11,11",0:0-7;1:0-3;2:13-7;3:0-7;4:0-4;5:3-7;6:0-7;7:0-6;8:12-11;9:0-11
560,proposed_c2f_adaptive_pd,10,10,1.0,20,300,0.06666666666666667,10,0,10,0.0,0.0,2917.7190472667326,771.0735110219623,1.0,13074.0,13074.0,0.0,3.6120000295341015,"6,8,0,0,10,4,3,7,2,1",0:1-6;1:0-8;2:1-0;3:1-0;4:0-10;5:0-4;6:13-3;7:0-7;8:0-2;9:0-1
560,proposed_c2f_adaptive_pd_calibrated,10,10,1.0,20,300,0.06666666666666667,10,0,10,0.0,0.0,2917.7190472667326,771.0735110219623,1.0,13074.0,13074.0,0.0,10.61880000634119,"6,8,0,0,10,4,3,7,2,1",0:1-6;1:0-8;2:1-0;3:1-0;4:0-10;5:0-4;6:13-3;7:0-7;8:0-2;9:0-1
561,proposed_c2f_adaptive_pd,10,10,1.0,15,300,0.05,11,0,11,0.0,0.0,51189.8606011041,2180.2488711648493,1.0,11824.0,11824.0,0.0,3.948699973989278,"14,6,6,11,11,0,0,11,2,0","0:10-14,8-14;1:0-6;2:0-6;3:2-11;4:0-11;5:2-0;6:1-0;7:0-11;8:0-2;9:2-0"
561,proposed_c2f_adaptive_pd_calibrated,10,10,1.0,15,300,0.05,11,0,11,0.0,0.0,51189.8606011041,2180.2488711648493,1.0,11824.0,11824.0,0.0,12.983000022359192,"14,6,6,11,11,0,0,11,2,0","0:10-14,8-14;1:0-6;2:0-6;3:2-11;4:0-11;5:2-0;6:1-0;7:0-11;8:0-2;9:2-0"
562,proposed_c2f_adaptive_pd,10,10,1.0,17,300,0.056666666666666664,10,0,10,0.0,0.0,38986.54989013293,413.48247248627433,1.0,10505.0,10505.0,0.0,6.161600002087653,"8,4,8,12,5,4,11,14,12,13",0:0-8;1:1-4;2:0-8;3:11-12;4:4-5;5:0-4;6:0-11;7:0-14;8:7-12;9:0-13
562,proposed_c2f_adaptive_pd_calibrated,10,10,1.0,17,300,0.056666666666666664,10,0,10,0.0,0.0,38986.54989013293,413.48247248627433,1.0,10505.0,10505.0,0.0,14.227100007701665,"8,4,8,12,5,4,11,14,12,13",0:0-8;1:1-4;2:0-8;3:11-12;4:4-5;5:0-4;6:0-11;7:0-14;8:7-12;9:0-13
563,proposed_c2f_adaptive_pd,10,10,1.0,18,300,0.06,10,0,10,0.0,0.0,7706.519750778383,529.1994084344686,1.0,10197.0,10197.0,0.0,6.023399997502565,"2,10,9,5,4,2,8,4,3,3",0:1-2;1:2-10;2:1-9;3:0-5;4:0-4;5:0-2;6:0-8;7:0-4;8:0-3;9:9-3
563,proposed_c2f_adaptive_pd_calibrated,10,10,1.0,18,300,0.06,10,0,10,0.0,0.0,7706.519750778383,529.1994084344686,1.0,10197.0,10197.0,0.0,9.185600036289543,"2,10,9,5,4,2,8,4,3,3",0:1-2;1:2-10;2:1-9;3:0-5;4:0-4;5:0-2;6:0-8;7:0-4;8:0-3;9:9-3
564,proposed_c2f_adaptive_pd,10,10,1.0,19,300,0.06333333333333334,10,0,10,0.0,0.0,1269.3779792204928,342.2738903729779,1.0,12423.0,12423.0,0.0,5.967699980828911,"6,12,11,0,0,10,14,4,9,13",0:0-6;1:0-12;2:0-11;3:1-0;4:1-0;5:0-10;6:3-14;7:6-4;8:0-9;9:1-13
564,proposed_c2f_adaptive_pd_calibrated,10,10,1.0,19,300,0.06333333333333334,10,0,10,0.0,0.0,1269.3779792204928,342.2738903729779,1.0,12423.0,12423.0,0.0,12.252200045622885,"6,12,11,0,0,10,14,4,9,13",0:0-6;1:0-12;2:0-11;3:1-0;4:1-0;5:0-10;6:3-14;7:6-4;8:0-9;9:1-13
565,proposed_c2f_adaptive_pd,10,10,1.0,20,300,0.06666666666666667,10,0,10,0.0,0.0,730.9841918096241,271.4396701981576,1.0,10575.0,10575.0,0.0,5.965700023807585,"10,6,10,0,5,8,0,8,4,2",0:0-10;1:5-6;2:1-10;3:1-0;4:0-5;5:2-8;6:6-0;7:2-8;8:2-4;9:8-2
565,proposed_c2f_adaptive_pd_calibrated,10,10,1.0,20,300,0.06666666666666667,10,0,10,0.0,0.0,730.9841918096241,271.4396701981576,1.0,10575.0,10575.0,0.0,10.834599961526692,"10,6,10,0,5,8,0,8,4,2",0:0-10;1:5-6;2:1-10;3:1-0;4:0-5;5:2-8;6:6-0;7:2-8;8:2-4;9:8-2
566,proposed_c2f_adaptive_pd,10,10,1.0,19,300,0.06333333333333334,11,1,10,640.0,1.0666666666666667,630.8414224188563,230.23506007641018,1.0,12734.0,12734.0,0.0,6.314400001429021,"14,13,3,13,6,12,6,4,10,6","0:1-14;1:0-13;2:1-3;3:2-13;4:1-6;5:0-12;6:2-6;7:2-4;8:6-10,10-6;9:2-6"
566,proposed_c2f_adaptive_pd_calibrated,10,10,1.0,19,300,0.06333333333333334,11,1,10,640.0,1.0666666666666667,630.8414224188563,230.23506007641018,1.0,12734.0,12734.0,0.0,12.59220001520589,"14,13,3,13,6,12,6,4,10,6","0:1-14;1:0-13;2:1-3;3:2-13;4:1-6;5:0-12;6:2-6;7:2-4;8:6-10,10-6;9:2-6"
567,proposed_c2f_adaptive_pd,10,10,1.0,11,300,0.03666666666666667,20,4,16,2560.0,4.266666666666667,1258.9791882388765,451.64098027552916,1.0,20010.0,20010.0,0.0,11.678799986839294,"11,8,12,9,11,11,11,2,7,8","0:3-11,5-11,11-3,11-5,9-11,2-11;1:1-8;2:0-12;3:0-9;4:5-11,3-11,11-3,11-5,2-11,9-11;5:2-11;6:1-11;7:0-2;8:8-7;9:0-8"
567,proposed_c2f_adaptive_pd_calibrated,10,10,1.0,11,300,0.03666666666666667,20,4,16,2560.0,4.266666666666667,1258.9791882388765,451.64098027552916,1.0,20010.0,20010.0,0.0,22.609900042880327,"11,8,12,9,11,11,11,2,7,8","0:3-11,5-11,11-3,11-5,9-11,2-11;1:1-8;2:0-12;3:0-9;4:5-11,3-11,11-3,11-5,2-11,9-11;5:2-11;6:1-11;7:0-2;8:8-7;9:0-8"
568,proposed_c2f_adaptive_pd,10,10,1.0,22,300,0.07333333333333333,11,0,11,0.0,0.0,163.36435200653975,112.22263837991733,1.0,13476.0,13476.0,0.0,5.747599992901087,"5,2,5,3,5,12,5,5,4,6","0:0-5;1:4-2;2:0-5;3:6-3,14-3;4:7-5;5:0-12;6:7-5;7:4-5;8:5-4;9:0-6"
568,proposed_c2f_adaptive_pd_calibrated,10,10,1.0,22,300,0.07333333333333333,11,0,11,0.0,0.0,163.36435200653975,112.22263837991733,1.0,13476.0,13476.0,0.0,12.513999943621457,"5,2,5,3,5,12,5,5,4,6","0:0-5;1:4-2;2:0-5;3:6-3,14-3;4:7-5;5:0-12;6:7-5;7:4-5;8:5-4;9:0-6"
569,proposed_c2f_adaptive_pd,10,10,1.0,17,300,0.056666666666666664,10,0,10,0.0,0.0,556.0595337324511,280.594796676804,1.0,9273.0,9273.0,0.0,5.500299972482026,"4,0,7,8,9,13,12,7,12,2",0:0-4;1:2-0;2:4-7;3:1-8;4:0-9;5:1-13;6:0-12;7:6-7;8:0-12;9:0-2
569,proposed_c2f_adaptive_pd_calibrated,10,10,1.0,17,300,0.056666666666666664,10,0,10,0.0,0.0,556.0595337324511,280.594796676804,1.0,9273.0,9273.0,0.0,9.431600046809763,"4,0,7,8,9,13,12,7,12,2",0:0-4;1:2-0;2:4-7;3:1-8;4:0-9;5:1-13;6:0-12;7:6-7;8:0-12;9:0-2
570,proposed_c2f_adaptive_pd,10,10,1.0,17,300,0.056666666666666664,10,0,10,0.0,0.0,709.7100397955858,162.00182807414097,1.0,9735.0,9735.0,0.0,5.548299988731742,"2,0,5,0,5,6,4,0,14,0",0:5-2;1:3-0;2:1-5;3:14-0;4:2-5;5:0-6;6:12-4;7:4-0;8:0-14;9:3-0
570,proposed_c2f_adaptive_pd_calibrated,10,10,1.0,17,300,0.056666666666666664,10,0,10,0.0,0.0,709.7100397955858,162.00182807414097,1.0,9735.0,9735.0,0.0,10.435500007588416,"2,0,5,0,5,6,4,0,14,0",0:5-2;1:3-0;2:1-5;3:14-0;4:2-5;5:0-6;6:12-4;7:4-0;8:0-14;9:3-0
571,proposed_c2f_adaptive_pd,10,10,1.0,22,300,0.07333333333333333,10,0,10,0.0,0.0,584.9377618822941,299.9291588774438,1.0,9581.0,9581.0,0.0,4.627200018148869,"12,3,3,6,5,11,8,6,6,6",0:0-12;1:12-3;2:0-3;3:1-6;4:0-5;5:0-11;6:3-8;7:3-6;8:0-6;9:0-6
571,proposed_c2f_adaptive_pd_calibrated,10,10,1.0,22,300,0.07333333333333333,10,0,10,0.0,0.0,584.9377618822941,299.9291588774438,1.0,9581.0,9581.0,0.0,11.328699998557568,"12,3,3,6,5,11,8,6,6,6",0:0-12;1:12-3;2:0-3;3:1-6;4:0-5;5:0-11;6:3-8;7:3-6;8:0-6;9:0-6
572,proposed_c2f_adaptive_pd,10,10,1.0,14,300,0.04666666666666667,16,2,14,1280.0,2.1333333333333333,502.50494108180794,219.9524267874967,1.0,16380.0,16380.0,0.0,9.446299984119833,"10,8,3,9,5,7,8,3,2,11","0:0-10;1:14-8,4-8,8-14,7-8,0-8,10-8;2:1-3;3:3-9;4:0-5;5:2-7;6:0-8;7:11-3,3-11;8:4-2;9:1-11"
572,proposed_c2f_adaptive_pd_calibrated,10,10,1.0,15,300,0.05,16,2,14,1280.0,2.1333333333333333,502.50494108180794,219.9524267874967,1.0,16380.0,16380.0,0.0,21.760999981779605,"10,8,3,9,5,7,8,3,2,11","0:0-10;1:14-8,4-8,8-14,7-8,0-8,10-8;2:1-3;3:3-9;4:0-5;5:2-7;6:0-8;7:11-3,3-11;8:4-2;9:1-11"
573,proposed_c2f_adaptive_pd,10,10,1.0,15,300,0.05,15,1,14,640.0,1.0666666666666667,1837.3955016469822,348.53960018240093,1.0,15375.0,15375.0,0.0,5.546899978071451,"10,12,8,7,5,3,2,10,11,12","0:1-10;1:0-12;2:5-8;3:0-7;4:1-5;5:0-3;6:0-2;7:0-10;8:0-11;9:6-12,14-12,12-14,5-12,8-12,10-12"
573,proposed_c2f_adaptive_pd_calibrated,10,10,1.0,15,300,0.05,15,1,14,640.0,1.0666666666666667,1837.3955016469822,348.53960018240093,1.0,15375.0,15375.0,0.0,20.735299971420318,"10,12,8,7,5,3,2,10,11,12","0:1-10;1:0-12;2:5-8;3:0-7;4:1-5;5:0-3;6:0-2;7:0-10;8:0-11;9:6-12,14-12,12-14,5-12,8-12,10-12"
574,proposed_c2f_adaptive_pd,9,10,0.9,11,300,0.03666666666666667,10,0,10,0.0,0.0,1495.79284155509,1078.4159440908618,1.0,9581.0,9581.0,0.0,4.411200003232807,"6,14,11,3,11,5,4,3,13,13",0:0-6;1:0-14;2:0-11;3:0-3;4:0-11;5:0-5;6:0-4;7:0-3;8:0-13;9:1-13
574,proposed_c2f_adaptive_pd_calibrated,9,10,0.9,11,300,0.03666666666666667,10,0,10,0.0,0.0,1495.79284155509,1078.4159440908618,1.0,9581.0,9581.0,0.0,12.806200014892966,"6,14,11,3,11,5,4,3,13,13",0:0-6;1:0-14;2:0-11;3:0-3;4:0-11;5:0-5;6:0-4;7:0-3;8:0-13;9:1-13
575,proposed_c2f_adaptive_pd,10,10,1.0,15,300,0.05,10,0,10,0.0,0.0,962.1618967661558,523.0916498578091,1.0,10505.0,10505.0,0.0,6.237199995666742,"3,2,1,1,10,9,5,0,2,12",0:0-3;1:5-2;2:0-1;3:0-1;4:0-10;5:0-9;6:0-5;7:1-0;8:5-2;9:0-12
575,proposed_c2f_adaptive_pd_calibrated,10,10,1.0,15,300,0.05,10,0,10,0.0,0.0,962.1618967661558,523.0916498578091,1.0,10505.0,10505.0,0.0,9.535000019241124,"3,2,1,1,10,9,5,0,2,12",0:0-3;1:5-2;2:0-1;3:0-1;4:0-10;5:0-9;6:0-5;7:1-0;8:5-2;9:0-12
576,proposed_c2f_adaptive_pd,10,10,1.0,20,300,0.06666666666666667,11,1,10,640.0,1.0666666666666667,9568.144412358697,1252.111731792622,1.0,14942.0,14942.0,0.0,3.7072999984957278,"2,1,6,8,8,6,6,10,2,5","0:3-2;1:0-1;2:0-6;3:0-8;4:0-8;5:0-6;6:0-6;7:1-10;8:6-2,2-6;9:1-5"
576,proposed_c2f_adaptive_pd_calibrated,10,10,1.0,20,300,0.06666666666666667,11,1,10,640.0,1.0666666666666667,9568.144412358697,1252.111731792622,1.0,14942.0,14942.0,0.0,12.071700009983033,"2,1,6,8,8,6,6,10,2,5","0:3-2;1:0-1;2:0-6;3:0-8;4:0-8;5:0-6;6:0-6;7:1-10;8:6-2,2-6;9:1-5"
577,proposed_c2f_adaptive_pd,8,10,0.8,11,270,0.040740740740740744,10,0,10,0.0,0.0,985.3579844568503,216.11170020987464,0.9,8503.0,8503.0,0.0,3.6560999578796327,"5,6,3,10,5,5,5,1,7,10",0:0-5;1:4-6;2:2-3;3:1-10;4:7-5;5:0-5;6:0-5;7:3-1;8:0-7;9:1-10
577,proposed_c2f_adaptive_pd_calibrated,8,10,0.8,11,270,0.040740740740740744,10,0,10,0.0,0.0,985.3579844568503,216.11170020987464,0.9,8503.0,8503.0,0.0,10.148599976673722,"5,6,3,10,5,5,5,1,7,10",0:0-5;1:4-6;2:2-3;3:1-10;4:7-5;5:0-5;6:0-5;7:3-1;8:0-7;9:1-10
578,proposed_c2f_adaptive_pd,10,10,1.0,13,300,0.043333333333333335,10,0,10,0.0,0.0,206.22979573226394,129.18434476553676,1.0,6963.0,6963.0,0.0,6.5326999756507576,"10,11,10,5,10,2,4,4,6,4",0:6-10;1:1-11;2:2-10;3:0-5;4:1-10;5:1-2;6:6-4;7:6-4;8:0-6;9:6-4
578,proposed_c2f_adaptive_pd_calibrated,10,10,1.0,13,300,0.043333333333333335,10,0,10,0.0,0.0,206.22979573226394,129.18434476553676,1.0,6963.0,6963.0,0.0,12.876299966592342,"10,11,10,5,10,2,4,4,6,4",0:6-10;1:1-11;2:2-10;3:0-5;4:1-10;5:1-2;6:6-4;7:6-4;8:0-6;9:6-4
579,proposed_c2f_adaptive_pd,9,10,0.9,16,300,0.05333333333333334,13,1,12,640.0,1.0666666666666667,139.13512135182475,98.79023669975814,1.0,18017.0,18017.0,0.0,4.4917999766767025,"7,3,7,5,7,9,7,14,6,7","0:9-7;1:0-3;2:14-7;3:0-5;4:9-7;5:4-9;6:14-7,1-7;7:0-14;8:0-6;9:14-7,7-14,2-7"
579,proposed_c2f_adaptive_pd_calibrated,9,10,0.9,16,300,0.05333333333333334,13,1,12,640.0,1.0666666666666667,139.13512135182475,98.79023669975814,1.0,18017.0,18017.0,0.0,16.657000000122935,"7,3,7,5,7,9,7,14,6,7","0:9-7;1:0-3;2:14-7;3:0-5;4:9-7;5:4-9;6:14-7,1-7;7:0-14;8:0-6;9:14-7,7-14,2-7"
580,proposed_c2f_adaptive_pd,10,10,1.0,15,300,0.05,10,0,10,0.0,0.0,1081.550318702432,506.4802146464732,1.0,11121.0,11121.0,0.0,3.811499977018684,"2,3,9,0,11,9,12,4,4,14",0:0-2;1:0-3;2:0-9;3:4-0;4:0-11;5:0-9;6:0-12;7:0-4;8:0-4;9:5-14
580,proposed_c2f_adaptive_pd_calibrated,10,10,1.0,16,300,0.05333333333333334,10,0,10,0.0,0.0,1081.550318702432,506.4802146464732,1.0,11121.0,11121.0,0.0,12.522900011390448,"2,3,9,0,11,9,12,4,4,14",0:0-2;1:0-3;2:0-9;3:4-0;4:0-11;5:0-9;6:0-12;7:0-4;8:0-4;9:5-14
581,proposed_c2f_adaptive_pd,9,10,0.9,14,300,0.04666666666666667,10,0,10,0.0,0.0,1663.614894032228,529.1027115619353,1.0,11891.0,11891.0,0.0,4.852099984418601,"2,10,6,4,13,1,13,12,4,7",0:0-2;1:8-10;2:8-6;3:1-4;4:0-13;5:4-1;6:0-13;7:0-12;8:1-4;9:0-7
581,proposed_c2f_adaptive_pd_calibrated,9,10,0.9,15,300,0.05,10,0,10,0.0,0.0,1663.614894032228,529.1027115619353,1.0,11891.0,11891.0,0.0,12.886499986052513,"2,10,6,4,13,1,13,12,4,7",0:0-2;1:8-10;2:8-6;3:1-4;4:0-13;5:4-1;6:0-13;7:0-12;8:1-4;9:0-7
582,proposed_c2f_adaptive_pd,10,10,1.0,12,300,0.04,19,2,17,1280.0,2.1333333333333333,689.9187361134065,179.75081844977052,1.0,16582.0,16582.0,0.0,7.582299993373454,"8,6,6,5,3,4,11,10,9,6","0:8-9,9-8,11-8,5-8;1:0-6;2:0-6;3:0-5;4:0-3;5:2-4;6:12-11,13-11;7:1-10,10-1,11-10,8-10,3-10,9-10;8:0-9;9:0-6"
582,proposed_c2f_adaptive_pd_calibrated,10,10,1.0,12,300,0.04,19,2,17,1280.0,2.1333333333333333,689.9187361134065,179.75081844977052,1.0,16582.0,16582.0,0.0,19.117399991955608,"8,6,6,5,3,4,11,10,9,6","0:8-9,9-8,11-8,5-8;1:0-6;2:0-6;3:0-5;4:0-3;5:2-4;6:12-11,13-11;7:1-10,10-1,11-10,8-10,3-10,9-10;8:0-9;9:0-6"
583,proposed_c2f_adaptive_pd,10,10,1.0,12,300,0.04,11,1,10,640.0,1.0666666666666667,1345.8658994291807,76.12125997058362,1.0,9780.0,9780.0,0.0,6.774699955713004,"14,4,5,2,13,0,12,10,5,0","0:3-14;1:8-4;2:0-5;3:3-2;4:3-13;5:1-0;6:4-12;7:10-1,1-10;8:4-5;9:1-0"
583,proposed_c2f_adaptive_pd_calibrated,10,10,1.0,12,300,0.04,11,1,10,640.0,1.0666666666666667,1345.8658994291807,76.12125997058362,1.0,9780.0,9780.0,0.0,13.204900023993105,"14,4,5,2,13,0,12,10,5,0","0:3-14;1:8-4;2:0-5;3:3-2;4:3-13;5:1-0;6:4-12;7:10-1,1-10;8:4-5;9:1-0"
584,proposed_c2f_adaptive_pd,10,10,1.0,14,300,0.04666666666666667,11,0,11,0.0,0.0,45557.62731906156,719.3827653151776,1.0,14455.0,14455.0,0.0,3.972300037276,"8,2,13,3,4,11,14,10,5,3","0:0-8;1:0-2;2:1-13;3:0-3;4:0-4;5:12-11,6-11;6:1-14;7:0-10;8:0-5;9:0-3"
584,proposed_c2f_adaptive_pd_calibrated,10,10,1.0,14,300,0.04666666666666667,11,0,11,0.0,0.0,45557.62731906156,719.3827653151776,1.0,14455.0,14455.0,0.0,14.564799959771335,"8,2,13,3,4,11,14,10,5,3","0:0-8;1:0-2;2:1-13;3:0-3;4:0-4;5:12-11,6-11;6:1-14;7:0-10;8:0-5;9:0-3"
585,proposed_c2f_adaptive_pd,9,10,0.9,18,300,0.06,11,0,11,0.0,0.0,3249.910489159379,349.68105095994326,1.0,12132.0,12132.0,0.0,5.990600038785487,"14,14,10,3,8,14,2,11,10,11","0:0-14;1:0-14;2:0-10;3:8-3,6-3;4:6-8;5:6-14;6:0-2;7:1-11;8:0-10;9:0-11"
585,proposed_c2f_adaptive_pd_calibrated,9,10,0.9,19,300,0.06333333333333334,11,0,11,0.0,0.0,3249.910489159379,349.68105095994326,1.0,12132.0,12132.0,0.0,13.370600005146116,"14,14,10,3,8,14,2,11,10,11","0:0-14;1:0-14;2:0-10;3:8-3,6-3;4:6-8;5:6-14;6:0-2;7:1-11;8:0-10;9:0-11"
586,proposed_c2f_adaptive_pd,10,10,1.0,18,300,0.06,10,0,10,0.0,0.0,1368.7250967831628,475.7338705443872,1.0,11121.0,11121.0,0.0,3.53670003823936,"13,9,4,0,14,8,5,1,14,9",0:0-13;1:0-9;2:0-4;3:8-0;4:4-14;5:0-8;6:0-5;7:2-1;8:0-14;9:0-9
586,proposed_c2f_adaptive_pd_calibrated,10,10,1.0,18,300,0.06,10,0,10,0.0,0.0,1368.7250967831628,475.7338705443872,1.0,11121.0,11121.0,0.0,11.985199991613626,"13,9,4,0,14,8,5,1,14,9",0:0-13;1:0-9;2:0-4;3:8-0;4:4-14;5:0-8;6:0-5;7:2-1;8:0-14;9:0-9
587,proposed_c2f_adaptive_pd,10,10,1.0,13,300,0.043333333333333335,10,0,10,0.0,0.0,2048.7901952629754,262.1394041089257,1.0,10743.0,10743.0,0.0,5.1930000190623105,"4,2,7,12,2,12,4,2,4,4",0:12-4;1:0-2;2:2-7;3:2-12;4:7-2;5:1-12;6:2-4;7:4-2;8:1-4;9:1-4
587,proposed_c2f_adaptive_pd_calibrated,10,10,1.0,13,300,0.043333333333333335,10,0,10,0.0,0.0,2048.7901952629754,262.1394041089257,1.0,10743.0,10743.0,0.0,9.078600036446005,"4,2,7,12,2,12,4,2,4,4",0:12-4;1:0-2;2:2-7;3:2-12;4:7-2;5:1-12;6:2-4;7:4-2;8:1-4;9:1-4
588,proposed_c2f_adaptive_pd,10,10,1.0,16,300,0.05333333333333334,11,1,10,640.0,1.0666666666666667,776.2828085314256,106.53032795327111,1.0,16360.0,16360.0,0.0,6.08650001231581,"12,6,4,4,8,9,14,5,11,8","0:4-12;1:5-6,6-5;2:0-4;3:5-4;4:0-8;5:0-9;6:0-14;7:4-5;8:3-11;9:1-8"
588,proposed_c2f_adaptive_pd_calibrated,10,10,1.0,16,300,0.05333333333333334,11,1,10,640.0,1.0666666666666667,776.2828085314256,106.53032795327111,1.0,16360.0,16360.0,0.0,15.450600010808557,"12,6,4,4,8,9,14,5,11,8","0:4-12;1:5-6,6-5;2:0-4;3:5-4;4:0-8;5:0-9;6:0-14;7:4-5;8:3-11;9:1-8"
589,proposed_c2f_adaptive_pd,10,10,1.0,16,300,0.05333333333333334,15,1,14,640.0,1.0666666666666667,1643.7365306194647,423.34753002427914,1.0,20278.0,20278.0,0.0,8.757999981753528,"6,14,8,6,11,3,10,14,3,0","0:1-6;1:0-14;2:6-8,9-8,4-8,1-8;3:1-6;4:0-11;5:1-3;6:0-10;7:0-14;8:1-3,3-1,6-3;9:1-0"
589,proposed_c2f_adaptive_pd_calibrated,10,10,1.0,16,300,0.05333333333333334,15,1,14,640.0,1.0666666666666667,1643.7365306194647,423.34753002427914,1.0,20278.0,20278.0,0.0,17.38239999394864,"6,14,8,6,11,3,10,14,3,0","0:1-6;1:0-14;2:6-8,9-8,4-8,1-8;3:1-6;4:0-11;5:1-3;6:0-10;7:0-14;8:1-3,3-1,6-3;9:1-0"
590,proposed_c2f_adaptive_pd,10,10,1.0,10,300,0.03333333333333333,10,0,10,0.0,0.0,19999.468382916744,131.8927051470194,1.0,10911.0,10911.0,0.0,4.864300019107759,"5,10,7,13,10,11,3,13,3,1",0:0-5;1:0-10;2:2-7;3:0-13;4:2-10;5:14-11;6:1-3;7:10-13;8:0-3;9:0-1
590,proposed_c2f_adaptive_pd_calibrated,10,10,1.0,11,300,0.03666666666666667,10,0,10,0.0,0.0,19999.468382916744,131.8927051470194,1.0,10911.0,10911.0,0.0,8.28800001181662,"5,10,7,13,10,11,3,13,3,1",0:0-5;1:0-10;2:2-7;3:0-13;4:2-10;5:14-11;6:1-3;7:10-13;8:0-3;9:0-1
591,proposed_c2f_adaptive_pd,10,10,1.0,20,300,0.06666666666666667,10,0,10,0.0,0.0,4492.958383336484,162.11566289855787,1.0,12677.0,12677.0,0.0,4.112599999643862,"11,0,3,14,3,11,14,0,8,12",0:14-11;1:1-0;2:5-3;3:8-14;4:1-3;5:0-11;6:1-14;7:1-0;8:0-8;9:1-12
591,proposed_c2f_adaptive_pd_calibrated,10,10,1.0,20,300,0.06666666666666667,10,0,10,0.0,0.0,4492.958383336484,162.11566289855787,1.0,12677.0,12677.0,0.0,13.591099996119738,"11,0,3,14,3,11,14,0,8,12",0:14-11;1:1-0;2:5-3;3:8-14;4:1-3;5:0-11;6:1-14;7:1-0;8:0-8;9:1-12
592,proposed_c2f_adaptive_pd,10,10,1.0,16,300,0.05333333333333334,12,2,10,1280.0,2.1333333333333333,8950.15031289618,304.9370788995259,1.0,17610.0,17610.0,0.0,7.174299971666187,"4,1,12,9,10,14,3,12,6,4","0:0-4;1:2-1;2:0-12;3:0-9;4:0-10;5:0-14;6:0-3;7:7-12;8:4-6,6-4;9:4-6,6-4"
592,proposed_c2f_adaptive_pd_calibrated,10,10,1.0,16,300,0.05333333333333334,12,2,10,1280.0,2.1333333333333333,8950.15031289618,304.9370788995259,1.0,17610.0,17610.0,0.0,14.200700039509684,"4,1,12,9,10,14,3,12,6,4","0:0-4;1:2-1;2:0-12;3:0-9;4:0-10;5:0-14;6:0-3;7:7-12;8:4-6,6-4;9:4-6,6-4"
593,proposed_c2f_adaptive_pd,10,10,1.0,19,300,0.06333333333333334,10,0,10,0.0,0.0,960.9344777685574,493.63656793682014,1.0,11275.0,11275.0,0.0,5.2906000055372715,"8,0,9,9,14,5,5,9,7,13",0:0-8;1:1-0;2:6-9;3:1-9;4:4-14;5:0-5;6:0-5;7:10-9;8:0-7;9:2-13
593,proposed_c2f_adaptive_pd_calibrated,10,10,1.0,19,300,0.06333333333333334,10,0,10,0.0,0.0,960.9344777685574,493.63656793682014,1.0,11275.0,11275.0,0.0,10.702500003390014,"8,0,9,9,14,5,5,9,7,13",0:0-8;1:1-0;2:6-9;3:1-9;4:4-14;5:0-5;6:0-5;7:10-9;8:0-7;9:2-13
594,proposed_c2f_adaptive_pd,9,10,0.9,12,270,0.044444444444444446,10,0,10,0.0,0.0,815.2292567548933,73.5510187747052,0.9,11737.0,11737.0,0.0,4.913499986287206,"12,5,12,9,8,1,1,2,12,13",0:2-12;1:0-5;2:2-12;3:0-9;4:9-8;5:4-1;6:0-1;7:3-2;8:1-12;9:2-13
594,proposed_c2f_adaptive_pd_calibrated,9,10,0.9,12,270,0.044444444444444446,10,0,10,0.0,0.0,815.2292567548933,73.5510187747052,0.9,11737.0,11737.0,0.0,7.490099989809096,"12,5,12,9,8,1,1,2,12,13",0:2-12;1:0-5;2:2-12;3:0-9;4:9-8;5:4-1;6:0-1;7:3-2;8:1-12;9:2-13
595,proposed_c2f_adaptive_pd,9,10,0.9,14,300,0.04666666666666667,15,3,12,1920.0,3.2,1388.6900763967153,273.1731187564098,1.0,14759.0,14759.0,0.0,8.095700002741069,"4,14,5,6,10,5,1,3,3,14","0:0-4;1:13-14,14-3,14-13,3-14,12-14,14-12;2:0-5;3:1-6;4:4-10;5:8-5;6:2-1;7:10-3;8:4-3;9:0-14"
595,proposed_c2f_adaptive_pd_calibrated,9,10,0.9,15,300,0.05,15,3,12,1920.0,3.2,1388.6900763967153,273.1731187564098,1.0,14759.0,14759.0,0.0,17.348500026855618,"4,14,5,6,10,5,1,3,3,14","0:0-4;1:13-14,14-3,14-13,3-14,12-14,14-12;2:0-5;3:1-6;4:4-10;5:8-5;6:2-1;7:10-3;8:4-3;9:0-14"
596,proposed_c2f_adaptive_pd,10,10,1.0,15,300,0.05,16,2,14,1280.0,2.1333333333333333,350.84458048412824,113.53222330479375,1.0,16809.0,16809.0,0.0,9.30289999814704,"10,10,2,2,10,11,14,2,10,14","0:5-10;1:6-10,10-6,11-10,10-11,14-10;2:0-2;3:0-2;4:13-10,6-10,7-10;5:1-11;6:1-14;7:0-2;8:8-10;9:1-14"
596,proposed_c2f_adaptive_pd_calibrated,10,10,1.0,15,300,0.05,16,2,14,1280.0,2.1333333333333333,350.84458048412824,113.53222330479375,1.0,16809.0,16809.0,0.0,18.37370003340766,"10,10,2,2,10,11,14,2,10,14","0:5-10;1:6-10,10-6,11-10,10-11,14-10;2:0-2;3:0-2;4:13-10,6-10,7-10;5:1-11;6:1-14;7:0-2;8:8-10;9:1-14"
597,proposed_c2f_adaptive_pd,10,10,1.0,13,300,0.043333333333333335,10,0,10,0.0,0.0,18050.375865811893,436.9393189860977,1.0,10197.0,10197.0,0.0,5.134199978783727,"6,5,1,5,3,12,11,11,11,7",0:2-6;1:0-5;2:0-1;3:4-5;4:0-3;5:0-12;6:0-11;7:2-11;8:5-11;9:1-7
597,proposed_c2f_adaptive_pd_calibrated,10,10,1.0,13,300,0.043333333333333335,10,0,10,0.0,0.0,18050.375865811893,436.9393189860977,1.0,10197.0,10197.0,0.0,11.669000028632581,"6,5,1,5,3,12,11,11,11,7",0:2-6;1:0-5;2:0-1;3:4-5;4:0-3;5:0-12;6:0-11;7:2-11;8:5-11;9:1-7
598,proposed_c2f_adaptive_pd,10,10,1.0,13,300,0.043333333333333335,10,0,10,0.0,0.0,3844.249300253531,962.3197789566059,1.0,10813.0,10813.0,0.0,3.793100011534989,"7,8,8,0,12,1,4,0,11,13",0:1-7;1:0-8;2:1-8;3:1-0;4:0-12;5:0-1;6:0-4;7:1-0;8:0-11;9:0-13
598,proposed_c2f_adaptive_pd_calibrated,10,10,1.0,13,300,0.043333333333333335,10,0,10,0.0,0.0,3844.249300253531,962.3197789566059,1.0,10813.0,10813.0,0.0,10.302399983629584,"7,8,8,0,12,1,4,0,11,13",0:1-7;1:0-8;2:1-8;3:1-0;4:0-12;5:0-1;6:0-4;7:1-0;8:0-11;9:0-13
599,proposed_c2f_adaptive_pd,8,10,0.8,20,300,0.06666666666666667,12,1,11,640.0,1.0666666666666667,741.8432591158833,56.87793219212728,1.0,14697.0,14697.0,0.0,6.8082999787293375,"2,13,5,8,6,11,1,4,3,11","0:0-2;1:0-13;2:0-5;3:1-8;4:0-6;5:6-11,11-6,5-11;6:2-1;7:2-4;8:0-3;9:0-11"
599,proposed_c2f_adaptive_pd_calibrated,8,10,0.8,20,300,0.06666666666666667,12,1,11,640.0,1.0666666666666667,741.8432591158833,56.87793219212728,1.0,14697.0,14697.0,0.0,15.746099990792572,"2,13,5,8,6,11,1,4,3,11","0:0-2;1:0-13;2:0-5;3:1-8;4:0-6;5:6-11,11-6,5-11;6:2-1;7:2-4;8:0-3;9:0-11"
600,proposed_c2f_adaptive_pd,10,10,1.0,18,300,0.06,10,0,10,0.0,0.0,1047.585758079913,367.63124628198074,1.0,6809.0,6809.0,0.0,5.250299989711493,"2,1,11,6,6,6,12,10,9,6",0:4-2;1:0-1;2:12-11;3:3-6;4:1-6;5:0-6;6:0-12;7:6-10;8:1-9;9:0-6
600,proposed_c2f_adaptive_pd_calibrated,10,10,1.0,19,300,0.06333333333333334,10,0,10,0.0,0.0,1047.585758079913,367.63124628198074,1.0,6809.0,6809.0,0.0,11.63359999191016,"2,1,11,6,6,6,12,10,9,6",0:4-2;1:0-1;2:12-11;3:3-6;4:1-6;5:0-6;6:0-12;7:6-10;8:1-9;9:0-6
601,proposed_c2f_adaptive_pd,10,10,1.0,20,300,0.06666666666666667,10,0,10,0.0,0.0,4765.034605141229,1507.5057864547225,1.0,11891.0,11891.0,0.0,6.017800013069063,"8,1,6,2,9,11,5,9,9,12",0:12-8;1:0-1;2:0-6;3:0-2;4:0-9;5:1-11;6:1-5;7:0-9;8:0-9;9:0-12
601,proposed_c2f_adaptive_pd_calibrated,10,10,1.0,20,300,0.06666666666666667,10,0,10,0.0,0.0,4765.034605141229,1507.5057864547225,1.0,11891.0,11891.0,0.0,12.853999971412122,"8,1,6,2,9,11,5,9,9,12",0:12-8;1:0-1;2:0-6;3:0-2;4:0-9;5:1-11;6:1-5;7:0-9;8:0-9;9:0-12
602,proposed_c2f_adaptive_pd,9,10,0.9,18,300,0.06,10,0,10,0.0,0.0,2172.6092515176365,611.8446895893419,1.0,10351.0,10351.0,0.0,4.347499983850867,"2,2,10,1,11,8,9,9,3,6",0:1-2;1:7-2;2:0-10;3:2-1;4:12-11;5:0-8;6:0-9;7:0-9;8:0-3;9:1-6
602,proposed_c2f_adaptive_pd_calibrated,9,10,0.9,18,300,0.06,10,0,10,0.0,0.0,2172.6092515176365,611.8446895893419,1.0,10351.0,10351.0,0.0,12.418100028298795,"2,2,10,1,11,8,9,9,3,6",0:1-2;1:7-2;2:0-10;3:2-1;4:12-11;5:0-8;6:0-9;7:0-9;8:0-3;9:1-6
603,proposed_c2f_adaptive_pd,10,10,1.0,13,300,0.043333333333333335,10,0,10,0.0,0.0,3690.0413690937376,757.9732515337284,1.0,11121.0,11121.0,0.0,4.053600016050041,"4,14,7,13,12,10,12,8,14,12",0:0-4;1:0-14;2:0-7;3:4-13;4:0-12;5:0-10;6:7-12;7:4-8;8:1-14;9:4-12
603,proposed_c2f_adaptive_pd_calibrated,10,10,1.0,13,300,0.043333333333333335,10,0,10,0.0,0.0,3690.0413690937376,757.9732515337284,1.0,11121.0,11121.0,0.0,11.82469999184832,"4,14,7,13,12,10,12,8,14,12",0:0-4;1:0-14;2:0-7;3:4-13;4:0-12;5:0-10;6:7-12;7:4-8;8:1-14;9:4-12
604,proposed_c2f_adaptive_pd,10,10,1.0,15,300,0.05,15,2,13,1280.0,2.1333333333333333,851.181281090219,183.6395394826966,1.0,15828.0,15828.0,0.0,8.688400033861399,"5,2,3,2,4,8,4,0,2,5","0:0-5;1:9-2;2:4-3,3-8,8-3,4-8,0-3,11-3;3:13-2;4:0-4;5:4-8;6:0-4;7:1-0;8:1-2;9:0-5"
604,proposed_c2f_adaptive_pd_calibrated,10,10,1.0,15,300,0.05,15,2,13,1280.0,2.1333333333333333,851.181281090219,183.6395394826966,1.0,15828.0,15828.0,0.0,19.781999988481402,"5,2,3,2,4,8,4,0,2,5","0:0-5;1:9-2;2:4-3,3-8,8-3,4-8,0-3,11-3;3:13-2;4:0-4;5:4-8;6:0-4;7:1-0;8:1-2;9:0-5"
605,proposed_c2f_adaptive_pd,10,10,1.0,20,300,0.06666666666666667,11,1,10,640.0,1.0666666666666667,3444.1336315702015,1097.8892662602768,1.0,11570.0,11570.0,0.0,4.21670003561303,"7,7,2,11,12,12,7,8,2,10","0:0-7;1:8-7;2:12-2;3:13-11;4:2-12;5:2-12;6:4-7;7:0-8;8:2-12,11-2;9:3-10"
605,proposed_c2f_adaptive_pd_calibrated,10,10,1.0,20,300,0.06666666666666667,11,1,10,640.0,1.0666666666666667,3444.1336315702015,1097.8892662602768,1.0,11570.0,11570.0,0.0,12.639800028409809,"7,7,2,11,12,12,7,8,2,10","0:0-7;1:8-7;2:12-2;3:13-11;4:2-12;5:2-12;6:4-7;7:0-8;8:2-12,11-2;9:3-10"
606,proposed_c2f_adaptive_pd,10,10,1.0,5,300,0.016666666666666666,11,0,11,0.0,0.0,690099.9120073399,248.65092782472252,1.0,15275.0,15275.0,0.0,5.295699986163527,"3,2,11,11,5,2,9,3,3,5","0:1-3,2-3;1:0-2;2:12-11;3:1-11;4:0-5;5:0-2;6:0-9;7:0-3;8:0-3;9:0-5"
606,proposed_c2f_adaptive_pd_calibrated,10,10,1.0,5,300,0.016666666666666666,11,0,11,0.0,0.0,690099.9120073399,248.65092782472252,1.0,15275.0,15275.0,0.0,10.982399981003255,"3,2,11,11,5,2,9,3,3,5","0:1-3,2-3;1:0-2;2:12-11;3:1-11;4:0-5;5:0-2;6:0-9;7:0-3;8:0-3;9:0-5"
607,proposed_c2f_adaptive_pd,10,10,1.0,13,300,0.043333333333333335,10,0,10,0.0,0.0,1773.9360715554424,617.0477734993503,1.0,9581.0,9581.0,0.0,5.362100026104599,"11,3,3,7,1,3,1,5,10,0",0:1-11;1:0-3;2:0-3;3:3-7;4:5-1;5:0-3;6:11-1;7:2-5;8:3-10;9:3-0
607,proposed_c2f_adaptive_pd_calibrated,10,10,1.0,14,300,0.04666666666666667,10,0,10,0.0,0.0,1773.9360715554424,617.0477734993503,1.0,9581.0,9581.0,0.0,9.135300002526492,"11,3,3,7,1,3,1,5,10,0",0:1-11;1:0-3;2:0-3;3:3-7;4:5-1;5:0-3;6:11-1;7:2-5;8:3-10;9:3-0
608,proposed_c2f_adaptive_pd,10,10,1.0,13,300,0.043333333333333335,10,0,10,0.0,0.0,86266.24405787575,2104.8198482039343,1.0,12591.0,12591.0,0.0,6.282099988311529,"14,4,4,14,3,2,1,13,6,5",0:0-14;1:0-4;2:0-4;3:9-14;4:0-3;5:0-2;6:0-1;7:0-13;8:0-6;9:0-5
608,proposed_c2f_adaptive_pd_calibrated,10,10,1.0,14,300,0.04666666666666667,10,0,10,0.0,0.0,86266.24405787575,2104.8198482039343,1.0,12591.0,12591.0,0.0,11.385900026652962,"14,4,4,14,3,2,1,13,6,5",0:0-14;1:0-4;2:0-4;3:9-14;4:0-3;5:0-2;6:0-1;7:0-13;8:0-6;9:0-5
609,proposed_c2f_adaptive_pd,10,10,1.0,14,300,0.04666666666666667,10,0,10,0.0,0.0,448.8679328379958,184.7265872527728,1.0,10659.0,10659.0,0.0,4.248200042638928,"14,8,4,7,9,10,11,12,11,13",0:4-14;1:0-8;2:0-4;3:0-7;4:8-9;5:0-10;6:1-11;7:0-12;8:0-11;9:7-13
609,proposed_c2f_adaptive_pd_calibrated,10,10,1.0,14,300,0.04666666666666667,10,0,10,0.0,0.0,448.8679328379958,184.7265872527728,1.0,10659.0,10659.0,0.0,11.547399975825101,"14,8,4,7,9,10,11,12,11,13",0:4-14;1:0-8;2:0-4;3:0-7;4:8-9;5:0-10;6:1-11;7:0-12;8:0-11;9:7-13
610,proposed_c2f_adaptive_pd,8,10,0.8,9,240,0.0375,15,1,14,640.0,1.0666666666666667,157.0894402583451,56.099020944715335,0.8666666666666667,11861.0,11861.0,0.0,4.29519999306649,"5,5,13,0,3,8,13,10,10,11","0:2-5;1:2-5;2:1-13;3:9-0,4-0,0-4,5-0,7-0,13-0;4:2-3;5:0-8;6:5-13;7:1-10;8:0-10;9:0-11"
610,proposed_c2f_adaptive_pd_calibrated,8,10,0.8,9,240,0.0375,15,1,14,640.0,1.0666666666666667,157.0894402583451,56.099020944715335,0.8666666666666667,11861.0,11861.0,0.0,15.590000024531037,"5,5,13,0,3,8,13,10,10,11","0:2-5;1:2-5;2:1-13;3:9-0,4-0,0-4,5-0,7-0,13-0;4:2-3;5:0-8;6:5-13;7:1-10;8:0-10;9:0-11"
611,proposed_c2f_adaptive_pd,10,10,1.0,19,300,0.06333333333333334,10,0,10,0.0,0.0,5098.690499440835,186.23809107065037,1.0,11121.0,11121.0,0.0,6.170600012410432,"3,8,0,8,10,4,11,8,4,2",0:0-3;1:0-8;2:1-0;3:0-8;4:0-10;5:0-4;6:0-11;7:1-8;8:0-4;9:14-2
611,proposed_c2f_adaptive_pd_calibrated,10,10,1.0,21,300,0.07,10,0,10,0.0,0.0,5098.690499440835,186.23809107065037,1.0,11121.0,11121.0,0.0,11.76260004285723,"3,8,0,8,10,4,11,8,4,2",0:0-3;1:0-8;2:1-0;3:0-8;4:0-10;5:0-4;6:0-11;7:1-8;8:0-4;9:14-2
612,proposed_c2f_adaptive_pd,9,10,0.9,22,300,0.07333333333333333,11,0,11,0.0,0.0,2315.256784154404,182.27524789068133,1.0,11877.0,11877.0,0.0,6.451399996876717,"10,4,5,12,11,4,10,0,5,4","0:2-10;1:0-4;2:0-5;3:9-12;4:12-11,13-11;5:3-4;6:1-10;7:2-0;8:0-5;9:1-4"
612,proposed_c2f_adaptive_pd_calibrated,9,10,0.9,22,300,0.07333333333333333,11,0,11,0.0,0.0,2315.256784154404,182.27524789068133,1.0,11877.0,11877.0,0.0,10.010600031819195,"10,4,5,12,11,4,10,0,5,4","0:2-10;1:0-4;2:0-5;3:9-12;4:12-11,13-11;5:3-4;6:1-10;7:2-0;8:0-5;9:1-4"
613,proposed_c2f_adaptive_pd,10,10,1.0,9,300,0.03,11,0,11,0.0,0.0,81959.95736398123,342.97931214942673,1.0,11302.0,11302.0,0.0,6.009800010360777,"8,0,7,5,4,3,13,5,7,7","0:0-8;1:3-0;2:11-7;3:0-5;4:1-4;5:0-3;6:1-13;7:1-5;8:11-7,6-7;9:11-7"
613,proposed_c2f_adaptive_pd_calibrated,10,10,1.0,9,300,0.03,11,0,11,0.0,0.0,81959.95736398123,342.97931214942673,1.0,11302.0,11302.0,0.0,14.138100028503686,"8,0,7,5,4,3,13,5,7,7","0:0-8;1:3-0;2:11-7;3:0-5;4:1-4;5:0-3;6:1-13;7:1-5;8:11-7,6-7;9:11-7"
614,proposed_c2f_adaptive_pd,9,10,0.9,15,300,0.05,11,1,10,640.0,1.0666666666666667,4544.776444457237,187.90591063963373,1.0,10535.0,10535.0,0.0,6.616000027861446,"1,13,7,13,10,3,9,5,3,10","0:1-4,11-1;1:3-13;2:3-7;3:7-13;4:1-10;5:0-3;6:0-9;7:0-5;8:5-3;9:2-10"
614,proposed_c2f_adaptive_pd_calibrated,9,10,0.9,15,300,0.05,11,1,10,640.0,1.0666666666666667,4544.776444457237,187.90591063963373,1.0,10535.0,10535.0,0.0,13.281699968501925,"1,13,7,13,10,3,9,5,3,10","0:1-4,11-1;1:3-13;2:3-7;3:7-13;4:1-10;5:0-3;6:0-9;7:0-5;8:5-3;9:2-10"
615,proposed_c2f_adaptive_pd,10,10,1.0,16,300,0.05333333333333334,15,3,12,1920.0,3.2,682.4447314960779,575.4979966781427,1.0,13205.0,13205.0,0.0,9.609300002921373,"10,3,1,12,13,12,1,11,11,3","0:0-10;1:2-3;2:8-1;3:0-12;4:1-13;5:11-12,12-6,6-12,0-6,11-6,0-12;6:4-1;7:1-11;8:0-11;9:0-3"
615,proposed_c2f_adaptive_pd_calibrated,10,10,1.0,16,300,0.05333333333333334,15,3,12,1920.0,3.2,682.4447314960779,575.4979966781427,1.0,13205.0,13205.0,0.0,15.561999985948205,"10,3,1,12,13,12,1,11,11,3","0:0-10;1:2-3;2:8-1;3:0-12;4:1-13;5:11-12,12-6,6-12,0-6,11-6,0-12;6:4-1;7:1-11;8:0-11;9:0-3"
616,proposed_c2f_adaptive_pd,9,10,0.9,13,300,0.043333333333333335,15,2,13,1280.0,2.1333333333333333,7457.6221809319595,311.0323138519849,1.0,16957.0,16957.0,0.0,7.175599981565028,"0,6,13,7,0,13,7,13,11,12","0:1-0;1:0-6;2:12-13,4-13,7-13,0-13,13-0,12-0;3:0-7;4:1-0;5:0-13;6:0-7;7:0-13;8:0-11;9:7-12"
616,proposed_c2f_adaptive_pd_calibrated,9,10,0.9,14,300,0.04666666666666667,15,2,13,1280.0,2.1333333333333333,7457.6221809319595,311.0323138519849,1.0,16957.0,16957.0,0.0,19.15280002867803,"0,6,13,7,0,13,7,13,11,12","0:1-0;1:0-6;2:12-13,4-13,7-13,0-13,13-0,12-0;3:0-7;4:1-0;5:0-13;6:0-7;7:0-13;8:0-11;9:7-12"
617,proposed_c2f_adaptive_pd,10,10,1.0,14,300,0.04666666666666667,10,0,10,0.0,0.0,19104.694478533067,656.0611408668482,1.0,10505.0,10505.0,0.0,5.174300051294267,"11,1,0,11,14,5,13,13,12,3",0:0-11;1:0-1;2:1-0;3:1-11;4:0-14;5:1-5;6:0-13;7:2-13;8:3-12;9:0-3
617,proposed_c2f_adaptive_pd_calibrated,10,10,1.0,14,300,0.04666666666666667,10,0,10,0.0,0.0,19104.694478533067,656.0611408668482,1.0,10505.0,10505.0,0.0,8.30719998339191,"11,1,0,11,14,5,13,13,12,3",0:0-11;1:0-1;2:1-0;3:1-11;4:0-14;5:1-5;6:0-13;7:2-13;8:3-12;9:0-3
618,proposed_c2f_adaptive_pd,10,10,1.0,13,300,0.043333333333333335,14,1,13,640.0,1.0666666666666667,5074.384932693579,195.97135959925276,1.0,14723.0,14723.0,0.0,5.32039999961853,"7,13,3,9,6,0,8,4,6,8","0:4-7;1:2-13;2:0-3;3:0-9;4:2-6;5:8-0,0-8,10-0,9-0,1-0;6:0-8;7:0-4;8:3-6;9:0-8"
618,proposed_c2f_adaptive_pd_calibrated,10,10,1.0,13,300,0.043333333333333335,14,1,13,640.0,1.0666666666666667,5074.384932693579,195.97135959925276,1.0,14723.0,14723.0,0.0,13.96120002027601,"7,13,3,9,6,0,8,4,6,8","0:4-7;1:2-13;2:0-3;3:0-9;4:2-6;5:8-0,0-8,10-0,9-0,1-0;6:0-8;7:0-4;8:3-6;9:0-8"
619,proposed_c2f_adaptive_pd,10,10,1.0,21,300,0.07,12,0,12,0.0,0.0,2106.4815574382333,94.64140644029334,1.0,11060.0,11060.0,0.0,7.738900021649897,"12,10,10,12,11,4,13,8,7,11","0:0-12;1:0-10;2:0-10;3:0-12;4:6-11,4-11,12-11;5:0-4;6:5-13;7:2-8;8:0-7;9:1-11"
619,proposed_c2f_adaptive_pd_calibrated,10,10,1.0,21,300,0.07,12,0,12,0.0,0.0,2106.4815574382333,94.64140644029334,1.0,11060.0,11060.0,0.0,15.884599997662008,"12,10,10,12,11,4,13,8,7,11","0:0-12;1:0-10;2:0-10;3:0-12;4:6-11,4-11,12-11;5:0-4;6:5-13;7:2-8;8:0-7;9:1-11"
620,proposed_c2f_adaptive_pd,9,10,0.9,20,270,0.07407407407407407,10,0,10,0.0,0.0,1273.2908611949,337.0828072312962,0.9,8503.0,8503.0,0.0,5.489600007422268,"1,2,8,10,10,6,6,2,4,9",0:2-1;1:1-2;2:0-8;3:1-10;4:0-10;5:0-6;6:0-6;7:1-2;8:7-4;9:0-9
620,proposed_c2f_adaptive_pd_calibrated,9,10,0.9,20,270,0.07407407407407407,10,0,10,0.0,0.0,1273.2908611949,337.0828072312962,0.9,8503.0,8503.0,0.0,12.41010002559051,"1,2,8,10,10,6,6,2,4,9",0:2-1;1:1-2;2:0-8;3:1-10;4:0-10;5:0-6;6:0-6;7:1-2;8:7-4;9:0-9
621,proposed_c2f_adaptive_pd,10,10,1.0,22,300,0.07333333333333333,21,7,14,4480.0,7.466666666666669,503.4547901236183,39.31128091305135,1.0,21182.0,21182.0,0.0,12.326000025495887,"2,11,14,8,3,8,14,9,12,7","0:1-2;1:0-11;2:11-14,14-11,4-14,9-14,14-4,14-9;3:0-8;4:1-3;5:14-8,11-8;6:9-14,14-9,4-14,14-4,9-4,4-9;7:0-9;8:2-12;9:0-7"
621,proposed_c2f_adaptive_pd_calibrated,10,10,1.0,23,300,0.07666666666666666,21,7,14,4480.0,7.466666666666669,503.4547901236183,39.31128091305135,1.0,21182.0,21182.0,0.0,26.37400000821799,"2,11,14,8,3,8,14,9,12,7","0:1-2;1:0-11;2:11-14,14-11,4-14,9-14,14-4,14-9;3:0-8;4:1-3;5:14-8,11-8;6:9-14,14-9,4-14,14-4,9-4,4-9;7:0-9;8:2-12;9:0-7"
622,proposed_c2f_adaptive_pd,9,10,0.9,17,300,0.056666666666666664,10,0,10,0.0,0.0,620.7988422135908,336.22105348113905,1.0,10351.0,10351.0,0.0,3.5739000304602087,"3,4,2,11,10,12,3,1,4,3",0:5-3;1:0-4;2:12-2;3:0-11;4:0-10;5:2-12;6:5-3;7:0-1;8:0-4;9:0-3
622,proposed_c2f_adaptive_pd_calibrated,9,10,0.9,17,300,0.056666666666666664,10,0,10,0.0,0.0,620.7988422135908,336.22105348113905,1.0,10351.0,10351.0,0.0,13.90200003515929,"3,4,2,11,10,12,3,1,4,3",0:5-3;1:0-4;2:12-2;3:0-11;4:0-10;5:2-12;6:5-3;7:0-1;8:0-4;9:0-3
623,proposed_c2f_adaptive_pd,10,10,1.0,17,300,0.056666666666666664,16,1,15,640.0,1.0666666666666667,1100.3664915408797,347.8323166304916,1.0,14858.0,14858.0,0.0,7.904199999757111,"5,9,5,9,4,8,6,0,1,4","0:0-5;1:11-9,7-9,5-9,9-11,3-9,12-9;2:3-5;3:11-9,12-9;4:1-4;5:1-8;6:0-6;7:3-0;8:0-1;9:0-4"
623,proposed_c2f_adaptive_pd_calibrated,10,10,1.0,17,300,0.056666666666666664,16,1,15,640.0,1.0666666666666667,1100.3664915408797,347.8323166304916,1.0,14858.0,14858.0,0.0,17.678799980785698,"5,9,5,9,4,8,6,0,1,4","0:0-5;1:11-9,7-9,5-9,9-11,3-9,12-9;2:3-5;3:11-9,12-9;4:1-4;5:1-8;6:0-6;7:3-0;8:0-1;9:0-4"
624,proposed_c2f_adaptive_pd,10,10,1.0,12,300,0.04,11,0,11,0.0,0.0,23787.951315090708,1781.2816942261861,1.0,14063.0,14063.0,0.0,5.226099980063736,"5,6,4,8,1,13,11,2,6,5","0:0-5;1:14-6,9-6;2:0-4;3:0-8;4:0-1;5:0-13;6:0-11;7:0-2;8:1-6;9:0-5"
624,proposed_c2f_adaptive_pd_calibrated,10,10,1.0,13,300,0.043333333333333335,11,0,11,0.0,0.0,23787.951315090708,1781.2816942261861,1.0,14063.0,14063.0,0.0,12.82329997047782,"5,6,4,8,1,13,11,2,6,5","0:0-5;1:14-6,9-6;2:0-4;3:0-8;4:0-1;5:0-13;6:0-11;7:0-2;8:1-6;9:0-5"
625,proposed_c2f_adaptive_pd,10,10,1.0,12,300,0.04,10,0,10,0.0,0.0,1189.5848195091153,559.2570970653236,1.0,9119.0,9119.0,0.0,6.165500031784177,"10,1,2,12,0,9,2,10,2,3",0:0-10;1:3-1;2:0-2;3:1-12;4:2-0;5:1-9;6:0-2;7:0-10;8:0-2;9:4-3
625,proposed_c2f_adaptive_pd_calibrated,10,10,1.0,12,300,0.04,10,0,10,0.0,0.0,1189.5848195091153,559.2570970653236,1.0,9119.0,9119.0,0.0,9.481200017035007,"10,1,2,12,0,9,2,10,2,3",0:0-10;1:3-1;2:0-2;3:1-12;4:2-0;5:1-9;6:0-2;7:0-10;8:0-2;9:4-3
626,proposed_c2f_adaptive_pd,9,10,0.9,16,300,0.05333333333333334,17,2,15,1280.0,2.1333333333333333,44296.52698121488,441.7250645180962,1.0,13938.0,13938.0,0.0,9.377399983350188,"7,4,13,11,10,4,11,8,13,7","0:0-7;1:1-4;2:0-13;3:9-11,4-11,6-11;4:1-10;5:6-4;6:9-11,11-9,4-11,6-11,12-11,11-12;7:2-8;8:0-13;9:0-7"
626,proposed_c2f_adaptive_pd_calibrated,9,10,0.9,16,300,0.05333333333333334,17,2,15,1280.0,2.1333333333333333,44296.52698121488,441.7250645180962,1.0,13938.0,13938.0,0.0,18.659699999261647,"7,4,13,11,10,4,11,8,13,7","0:0-7;1:1-4;2:0-13;3:9-11,4-11,6-11;4:1-10;5:6-4;6:9-11,11-9,4-11,6-11,12-11,11-12;7:2-8;8:0-13;9:0-7"
627,proposed_c2f_adaptive_pd,10,10,1.0,17,300,0.056666666666666664,10,0,10,0.0,0.0,7900.897893149815,106.30947646430661,1.0,10743.0,10743.0,0.0,6.164600024931133,"5,14,4,13,9,14,1,9,4,12",0:0-5;1:0-14;2:1-4;3:2-13;4:0-9;5:0-14;6:7-1;7:13-9;8:2-4;9:2-12
627,proposed_c2f_adaptive_pd_calibrated,10,10,1.0,19,300,0.06333333333333334,10,0,10,0.0,0.0,7900.897893149815,106.30947646430661,1.0,10743.0,10743.0,0.0,13.700200011953712,"5,14,4,13,9,14,1,9,4,12",0:0-5;1:0-14;2:1-4;3:2-13;4:0-9;5:0-14;6:7-1;7:13-9;8:2-4;9:2-12
628,proposed_c2f_adaptive_pd,10,10,1.0,14,300,0.04666666666666667,10,0,10,0.0,0.0,3155.84615484756,910.8447438406304,1.0,12507.0,12507.0,0.0,4.892400000244379,"13,10,3,8,1,3,3,0,14,3",0:0-13;1:0-10;2:0-3;3:0-8;4:8-1;5:0-3;6:0-3;7:2-0;8:0-14;9:0-3
628,proposed_c2f_adaptive_pd_calibrated,10,10,1.0,15,300,0.05,10,0,10,0.0,0.0,3155.84615484756,910.8447438406304,1.0,12507.0,12507.0,0.0,10.220299998763949,"13,10,3,8,1,3,3,0,14,3",0:0-13;1:0-10;2:0-3;3:0-8;4:8-1;5:0-3;6:0-3;7:2-0;8:0-14;9:0-3
629,proposed_c2f_adaptive_pd,10,10,1.0,17,300,0.056666666666666664,17,2,15,1280.0,2.1333333333333333,230.97801983827566,67.19706165170291,1.0,19744.0,19744.0,0.0,9.100900031626225,"10,2,13,8,10,0,5,7,11,2","0:3-10;1:9-2,2-9;2:0-13;3:0-8,11-8;4:5-10;5:1-0;6:10-5;7:0-7;8:0-11;9:13-2,5-2,2-13,12-2,1-2,6-2"
629,proposed_c2f_adaptive_pd_calibrated,10,10,1.0,17,300,0.056666666666666664,17,2,15,1280.0,2.1333333333333333,230.97801983827566,67.19706165170291,1.0,19744.0,19744.0,0.0,21.181599993724376,"10,2,13,8,10,0,5,7,11,2","0:3-10;1:9-2,2-9;2:0-13;3:0-8,11-8;4:5-10;5:1-0;6:10-5;7:0-7;8:0-11;9:13-2,5-2,2-13,12-2,1-2,6-2"
630,proposed_c2f_adaptive_pd,10,10,1.0,17,300,0.056666666666666664,19,5,14,3200.0,5.333333333333334,2747.8874813794796,93.15910716165709,1.0,18784.0,18784.0,0.0,9.254899981897324,"11,9,2,0,7,1,9,11,10,8","0:12-11;1:0-9;2:8-2,2-6,13-2,8-6,6-2,13-6;3:3-0;4:1-7;5:4-1;6:9-1,1-9,14-1,14-9,3-9;7:1-11;8:0-10;9:1-8"
630,proposed_c2f_adaptive_pd_calibrated,10,10,1.0,17,300,0.056666666666666664,19,5,14,3200.0,5.333333333333334,2747.8874813794796,93.15910716165709,1.0,18784.0,18784.0,0.0,20.885599951725453,"11,9,2,0,7,1,9,11,10,8","0:12-11;1:0-9;2:8-2,2-6,13-2,8-6,6-2,13-6;3:3-0;4:1-7;5:4-1;6:9-1,1-9,14-1,14-9,3-9;7:1-11;8:0-10;9:1-8"
631,proposed_c2f_adaptive_pd,10,10,1.0,20,300,0.06666666666666667,10,0,10,0.0,0.0,14659.136161814822,307.7052950847745,1.0,13095.0,13095.0,0.0,6.223300006240606,"2,1,6,1,7,1,12,3,1,1",0:0-2;1:0-1;2:4-6;3:9-1;4:0-7;5:3-1;6:0-12;7:1-3;8:9-1;9:3-1
631,proposed_c2f_adaptive_pd_calibrated,10,10,1.0,20,300,0.06666666666666667,10,0,10,0.0,0.0,14659.136161814822,307.7052950847745,1.0,13095.0,13095.0,0.0,12.847599980887026,"2,1,6,1,7,1,12,3,1,1",0:0-2;1:0-1;2:4-6;3:9-1;4:0-7;5:3-1;6:0-12;7:1-3;8:9-1;9:3-1
632,proposed_c2f_adaptive_pd,9,10,0.9,14,300,0.04666666666666667,11,0,11,0.0,0.0,2128.156014120711,481.97296768993954,1.0,8772.0,8772.0,0.0,7.95180001296103,"11,0,10,4,13,2,11,14,14,10","0:0-11;1:1-0;2:6-10,8-10;3:1-4;4:3-13;5:0-2;6:0-11;7:0-14;8:0-14;9:0-10"
632,proposed_c2f_adaptive_pd_calibrated,9,10,0.9,14,300,0.04666666666666667,11,0,11,0.0,0.0,2128.156014120711,481.97296768993954,1.0,8772.0,8772.0,0.0,10.654999990947545,"11,0,10,4,13,2,11,14,14,10","0:0-11;1:1-0;2:6-10,8-10;3:1-4;4:3-13;5:0-2;6:0-11;7:0-14;8:0-14;9:0-10"
633,proposed_c2f_adaptive_pd,9,10,0.9,15,270,0.05555555555555555,11,1,10,640.0,1.0666666666666667,10690.721364127214,55.52124719734494,0.9090909090909091,9108.0,9108.0,0.0,5.5819000117480755,"6,5,13,12,9,4,0,12,7,8","0:1-6;1:3-5;2:0-13;3:7-12;4:0-9;5:0-4;6:1-0;7:12-7,7-12;8:2-7;9:0-8"
633,proposed_c2f_adaptive_pd_calibrated,9,10,0.9,15,270,0.05555555555555555,11,1,10,640.0,1.0666666666666667,10690.721364127214,55.52124719734494,0.9090909090909091,9108.0,9108.0,0.0,14.363900001626462,"6,5,13,12,9,4,0,12,7,8","0:1-6;1:3-5;2:0-13;3:7-12;4:0-9;5:0-4;6:1-0;7:12-7,7-12;8:2-7;9:0-8"
634,proposed_c2f_adaptive_pd,9,10,0.9,7,300,0.023333333333333334,10,0,10,0.0,0.0,162.1012734764978,50.81435897093773,1.0,7887.0,7887.0,0.0,5.980600020848215,"2,1,2,8,2,8,3,8,8,8",0:5-2;1:0-1;2:5-2;3:3-8;4:5-2;5:2-8;6:0-3;7:0-8;8:2-8;9:1-8
634,proposed_c2f_adaptive_pd_calibrated,9,10,0.9,7,300,0.023333333333333334,10,0,10,0.0,0.0,162.1012734764978,50.81435897093773,1.0,7887.0,7887.0,0.0,7.809500035364181,"2,1,2,8,2,8,3,8,8,8",0:5-2;1:0-1;2:5-2;3:3-8;4:5-2;5:2-8;6:0-3;7:0-8;8:2-8;9:1-8
635,proposed_c2f_adaptive_pd,9,10,0.9,14,300,0.04666666666666667,10,0,10,0.0,0.0,2087.704185638137,177.88637016247228,1.0,12087.0,12087.0,0.0,4.56339999800548,"1,10,1,8,0,10,2,9,9,13",0:7-1;1:0-10;2:14-1;3:0-8;4:1-0;5:4-10;6:1-2;7:0-9;8:10-9;9:2-13
635,proposed_c2f_adaptive_pd_calibrated,9,10,0.9,14,300,0.04666666666666667,10,0,10,0.0,0.0,2087.704185638137,177.88637016247228,1.0,12087.0,12087.0,0.0,10.758099961094558,"1,10,1,8,0,10,2,9,9,13",0:7-1;1:0-10;2:14-1;3:0-8;4:1-0;5:4-10;6:1-2;7:0-9;8:10-9;9:2-13
636,proposed_c2f_adaptive_pd,10,10,1.0,11,300,0.03666666666666667,16,2,14,1280.0,2.1333333333333333,715.6469405430167,259.1695989796648,1.0,14568.0,14568.0,0.0,7.627099985256791,"12,8,7,3,14,13,8,1,1,10","0:9-12,8-12;1:0-8;2:0-7;3:2-3;4:1-14;5:0-13;6:6-8;7:1-14,14-1,10-1,10-14,4-1,3-1;8:9-1;9:0-10"
636,proposed_c2f_adaptive_pd_calibrated,10,10,1.0,12,300,0.04,16,2,14,1280.0,2.1333333333333333,715.6469405430167,259.1695989796648,1.0,14568.0,14568.0,0.0,20.552200032398105,"12,8,7,3,14,13,8,1,1,10","0:9-12,8-12;1:0-8;2:0-7;3:2-3;4:1-14;5:0-13;6:6-8;7:1-14,14-1,10-1,10-14,4-1,3-1;8:9-1;9:0-10"
637,proposed_c2f_adaptive_pd,10,10,1.0,13,300,0.043333333333333335,10,0,10,0.0,0.0,1934.2558381139092,275.72192741311835,1.0,8503.0,8503.0,0.0,4.280799999833107,"4,2,2,12,2,5,9,14,4,10",0:1-4;1:1-2;2:8-2;3:0-12;4:4-2;5:0-5;6:0-9;7:0-14;8:0-4;9:4-10
637,proposed_c2f_adaptive_pd_calibrated,10,10,1.0,13,300,0.043333333333333335,10,0,10,0.0,0.0,1934.2558381139092,275.72192741311835,1.0,8503.0,8503.0,0.0,14.473999966867268,"4,2,2,12,2,5,9,14,4,10",0:1-4;1:1-2;2:8-2;3:0-12;4:4-2;5:0-5;6:0-9;7:0-14;8:0-4;9:4-10
638,proposed_c2f_adaptive_pd,10,10,1.0,27,300,0.09,12,1,11,640.0,1.0666666666666667,2541.6394348525127,71.58283895249048,1.0,14658.0,14658.0,0.0,5.152900004759431,"4,14,3,14,6,12,3,6,11,9","0:0-4;1:3-14;2:9-3;3:0-14;4:0-6;5:2-12;6:0-3;7:6-1,1-6,8-6;8:2-11;9:0-9"
638,proposed_c2f_adaptive_pd_calibrated,10,10,1.0,27,300,0.09,12,1,11,640.0,1.0666666666666667,2541.6394348525127,71.58283895249048,1.0,14658.0,14658.0,0.0,12.660700012929738,"4,14,3,14,6,12,3,6,11,9","0:0-4;1:3-14;2:9-3;3:0-14;4:0-6;5:2-12;6:0-3;7:6-1,1-6,8-6;8:2-11;9:0-9"
639,proposed_c2f_adaptive_pd,10,10,1.0,11,300,0.03666666666666667,10,0,10,0.0,0.0,1069.8360158985738,247.25774472999387,1.0,10043.0,10043.0,0.0,3.4481999464333057,"6,1,10,3,4,6,6,3,4,13",0:7-6;1:0-1;2:9-10;3:2-3;4:0-4;5:0-6;6:7-6;7:2-3;8:0-4;9:0-13
639,proposed_c2f_adaptive_pd_calibrated,10,10,1.0,12,300,0.04,10,0,10,0.0,0.0,1069.8360158985738,247.25774472999387,1.0,10043.0,10043.0,0.0,11.333599977660924,"6,1,10,3,4,6,6,3,4,13",0:7-6;1:0-1;2:9-10;3:2-3;4:0-4;5:0-6;6:7-6;7:2-3;8:0-4;9:0-13
640,proposed_c2f_adaptive_pd,9,10,0.9,14,300,0.04666666666666667,10,0,10,0.0,0.0,1856.6696610119002,90.88566538530323,1.0,11737.0,11737.0,0.0,5.585099977906793,"9,8,9,14,0,14,7,14,0,9",0:0-9;1:1-8;2:0-9;3:1-14;4:2-0;5:1-14;6:0-7;7:4-14;8:2-0;9:0-9
640,proposed_c2f_adaptive_pd_calibrated,9,10,0.9,15,300,0.05,10,0,10,0.0,0.0,1856.6696610119002,90.88566538530323,1.0,11737.0,11737.0,0.0,11.885700048878789,"9,8,9,14,0,14,7,14,0,9",0:0-9;1:1-8;2:0-9;3:1-14;4:2-0;5:1-14;6:0-7;7:4-14;8:2-0;9:0-9
641,proposed_c2f_adaptive_pd,8,10,0.8,25,300,0.08333333333333333,20,7,13,4480.0,7.466666666666669,100792.77017179898,302.5845352948911,1.0,21258.0,21258.0,0.0,8.451399975456297,"6,8,4,12,4,11,5,5,2,7","0:0-6;1:8-4,4-8,5-8,5-4,8-5,4-5;2:8-4;3:0-12;4:8-4,4-8,5-4,5-8,3-4,3-8;5:0-11;6:0-5;7:0-5;8:0-2;9:5-7"
641,proposed_c2f_adaptive_pd_calibrated,8,10,0.8,25,300,0.08333333333333333,20,7,13,4480.0,7.466666666666669,100792.77017179898,302.5845352948911,1.0,21258.0,21258.0,0.0,20.92500001890585,"6,8,4,12,4,11,5,5,2,7","0:0-6;1:8-4,4-8,5-8,5-4,8-5,4-5;2:8-4;3:0-12;4:8-4,4-8,5-4,5-8,3-4,3-8;5:0-11;6:0-5;7:0-5;8:0-2;9:5-7"
642,proposed_c2f_adaptive_pd,9,10,0.9,19,270,0.07037037037037037,11,0,11,0.0,0.0,332.99661008551027,201.4417438873745,0.9090909090909091,13812.0,13812.0,0.0,3.5109000164084136,"4,0,9,8,0,0,10,10,0,1","0:0-4;1:5-0;2:2-9,7-9;3:0-8;4:1-0;5:1-0;6:2-10;7:0-10;8:1-0;9:0-1"
642,proposed_c2f_adaptive_pd_calibrated,9,10,0.9,19,270,0.07037037037037037,11,0,11,0.0,0.0,332.99661008551027,201.4417438873745,0.9090909090909091,13812.0,13812.0,0.0,11.164999974425882,"4,0,9,8,0,0,10,10,0,1","0:0-4;1:5-0;2:2-9,7-9;3:0-8;4:1-0;5:1-0;6:2-10;7:0-10;8:1-0;9:0-1"
643,proposed_c2f_adaptive_pd,10,10,1.0,15,300,0.05,10,0,10,0.0,0.0,699.5048231059702,352.030641922099,1.0,12969.0,12969.0,0.0,5.767800030298531,"2,10,14,2,8,13,2,5,2,11",0:0-2;1:0-10;2:2-14;3:0-2;4:0-8;5:0-13;6:0-2;7:6-5;8:0-2;9:0-11
643,proposed_c2f_adaptive_pd_calibrated,10,10,1.0,16,300,0.05333333333333334,10,0,10,0.0,0.0,699.5048231059702,352.030641922099,1.0,12969.0,12969.0,0.0,11.573499999940395,"2,10,14,2,8,13,2,5,2,11",0:0-2;1:0-10;2:2-14;3:0-2;4:0-8;5:0-13;6:0-2;7:6-5;8:0-2;9:0-11
644,proposed_c2f_adaptive_pd,10,10,1.0,20,300,0.06666666666666667,12,0,12,0.0,0.0,5944.682382227396,546.990715306034,1.0,11333.0,11333.0,0.0,6.031299999449402,"2,3,13,14,3,6,11,4,13,8","0:0-2;1:14-3,4-3;2:1-13;3:1-14;4:14-3,1-3;5:3-6;6:0-11;7:1-4;8:0-13;9:0-8"
644,proposed_c2f_adaptive_pd_calibrated,10,10,1.0,20,300,0.06666666666666667,12,0,12,0.0,0.0,5944.682382227396,546.990715306034,1.0,11333.0,11333.0,0.0,15.297100006137043,"2,3,13,14,3,6,11,4,13,8","0:0-2;1:14-3,4-3;2:1-13;3:1-14;4:14-3,1-3;5:3-6;6:0-11;7:1-4;8:0-13;9:0-8"
645,proposed_c2f_adaptive_pd,10,10,1.0,10,300,0.03333333333333333,10,0,10,0.0,0.0,1165.1806555106937,316.97294026740474,1.0,12892.0,12892.0,0.0,3.5253999521955848,"12,1,13,2,4,12,13,6,10,14",0:10-12;1:2-1;2:4-13;3:9-2;4:0-4;5:7-12;6:0-13;7:0-6;8:0-10;9:0-14
645,proposed_c2f_adaptive_pd_calibrated,10,10,1.0,12,300,0.04,10,0,10,0.0,0.0,1165.1806555106937,316.97294026740474,1.0,12892.0,12892.0,0.0,12.126399960834533,"12,1,13,2,4,12,13,6,10,14",0:10-12;1:2-1;2:4-13;3:9-2;4:0-4;5:7-12;6:0-13;7:0-6;8:0-10;9:0-14
646,proposed_c2f_adaptive_pd,10,10,1.0,13,300,0.043333333333333335,10,0,10,0.0,0.0,3385.372580746813,499.4777174515114,1.0,9889.0,9889.0,0.0,6.092199997510761,"9,13,14,11,1,11,3,8,1,3",0:0-9;1:0-13;2:2-14;3:0-11;4:5-1;5:2-11;6:0-3;7:1-8;8:4-1;9:0-3
646,proposed_c2f_adaptive_pd_calibrated,10,10,1.0,14,300,0.04666666666666667,10,0,10,0.0,0.0,3385.372580746813,499.4777174515114,1.0,9889.0,9889.0,0.0,13.268799986690283,"9,13,14,11,1,11,3,8,1,3",0:0-9;1:0-13;2:2-14;3:0-11;4:5-1;5:2-11;6:0-3;7:1-8;8:4-1;9:0-3
647,proposed_c2f_adaptive_pd,10,10,1.0,16,300,0.05333333333333334,11,1,10,640.0,1.0666666666666667,1097.6457591959265,220.64872403517535,1.0,13098.0,13098.0,0.0,6.149500026367605,"7,10,11,6,8,14,8,10,13,8","0:1-7;1:0-10;2:0-11;3:2-6;4:3-8;5:14-2,4-14;6:3-8;7:0-10;8:1-13;9:7-8"
647,proposed_c2f_adaptive_pd_calibrated,10,10,1.0,16,300,0.05333333333333334,11,1,10,640.0,1.0666666666666667,1097.6457591959265,220.64872403517535,1.0,13098.0,13098.0,0.0,11.46169996354729,"7,10,11,6,8,14,8,10,13,8","0:1-7;1:0-10;2:0-11;3:2-6;4:3-8;5:14-2,4-14;6:3-8;7:0-10;8:1-13;9:7-8"
648,proposed_c2f_adaptive_pd,10,10,1.0,14,300,0.04666666666666667,11,0,11,0.0,0.0,2477.1947667569543,507.0781305033928,1.0,14190.0,14190.0,0.0,5.362200026866049,"14,9,13,0,7,14,9,5,13,3","0:8-14,11-14;1:0-9;2:3-13;3:3-0;4:1-7;5:1-14;6:0-9;7:1-5;8:0-13;9:0-3"
648,proposed_c2f_adaptive_pd_calibrated,10,10,1.0,14,300,0.04666666666666667,11,0,11,0.0,0.0,2477.1947667569543,507.0781305033928,1.0,14190.0,14190.0,0.0,15.739399997983128,"14,9,13,0,7,14,9,5,13,3","0:8-14,11-14;1:0-9;2:3-13;3:3-0;4:1-7;5:1-14;6:0-9;7:1-5;8:0-13;9:0-3"
649,proposed_c2f_adaptive_pd,9,10,0.9,13,300,0.043333333333333335,14,2,12,1280.0,2.1333333333333333,1422.3154158072498,169.8261167312629,1.0,10184.0,10184.0,0.0,6.160099990665913,"0,5,4,14,8,3,10,9,6,4","0:5-0,0-12,12-0,5-12,9-0;1:0-5;2:0-4;3:3-14;4:2-8;5:0-3;6:0-10;7:1-9;8:3-6;9:0-4"
649,proposed_c2f_adaptive_pd_calibrated,9,10,0.9,13,300,0.043333333333333335,14,2,12,1280.0,2.1333333333333333,1422.3154158072498,169.8261167312629,1.0,10184.0,10184.0,0.0,15.202199982013553,"0,5,4,14,8,3,10,9,6,4","0:5-0,0-12,12-0,5-12,9-0;1:0-5;2:0-4;3:3-14;4:2-8;5:0-3;6:0-10;7:1-9;8:3-6;9:0-4"
650,proposed_c2f_adaptive_pd,10,10,1.0,9,300,0.03,14,2,12,1280.0,2.1333333333333333,4205.832185434472,527.3246698080102,1.0,17418.0,17418.0,0.0,5.39139995817095,"10,10,10,1,13,14,12,3,1,14","0:9-10,10-9,13-10;1:9-10,10-9,13-10;2:2-10;3:0-1;4:2-13;5:0-14;6:0-12;7:1-3;8:2-1;9:0-14"
650,proposed_c2f_adaptive_pd_calibrated,10,10,1.0,9,300,0.03,14,2,12,1280.0,2.1333333333333333,4205.832185434472,527.3246698080102,1.0,17418.0,17418.0,0.0,18.848800042178482,"10,10,10,1,13,14,12,3,1,14","0:9-10,10-9,13-10;1:9-10,10-9,13-10;2:2-10;3:0-1;4:2-13;5:0-14;6:0-12;7:1-3;8:2-1;9:0-14"
651,proposed_c2f_adaptive_pd,10,10,1.0,12,300,0.04,10,0,10,0.0,0.0,6287.171248168782,285.88909830317783,1.0,9119.0,9119.0,0.0,4.12920000962913,"0,9,5,11,1,2,8,8,5,1",0:1-0;1:0-9;2:1-5;3:0-11;4:7-1;5:0-2;6:5-8;7:1-8;8:1-5;9:0-1
651,proposed_c2f_adaptive_pd_calibrated,10,10,1.0,12,300,0.04,10,0,10,0.0,0.0,6287.171248168782,285.88909830317783,1.0,9119.0,9119.0,0.0,12.153900053817779,"0,9,5,11,1,2,8,8,5,1",0:1-0;1:0-9;2:1-5;3:0-11;4:7-1;5:0-2;6:5-8;7:1-8;8:1-5;9:0-1
652,proposed_c2f_adaptive_pd,10,10,1.0,16,300,0.05333333333333334,11,0,11,0.0,0.0,841.7066626094287,371.5240528886443,1.0,12734.0,12734.0,0.0,5.218399979639798,"2,13,14,8,6,1,0,2,1,1","0:0-2;1:1-13;2:0-14;3:5-8;4:1-6;5:4-1;6:2-0;7:9-2;8:13-1;9:3-1,4-1"
652,proposed_c2f_adaptive_pd_calibrated,10,10,1.0,16,300,0.05333333333333334,11,0,11,0.0,0.0,841.7066626094287,371.5240528886443,1.0,12734.0,12734.0,0.0,15.33910003490746,"2,13,14,8,6,1,0,2,1,1","0:0-2;1:1-13;2:0-14;3:5-8;4:1-6;5:4-1;6:2-0;7:9-2;8:13-1;9:3-1,4-1"
653,proposed_c2f_adaptive_pd,10,10,1.0,21,300,0.07,10,1,9,640.0,1.0666666666666667,16364.82633196046,145.7450714558286,1.0,10162.0,10162.0,0.0,4.183400014881045,"6,9,10,6,1,0,11,11,13,13",0:11-6;1:0-9;2:10-9;3:8-6;4:0-1;5:12-0;6:6-11;7:3-11;8:1-13;9:1-13
653,proposed_c2f_adaptive_pd_calibrated,10,10,1.0,21,300,0.07,10,1,9,640.0,1.0666666666666667,16364.82633196046,145.7450714558286,1.0,10162.0,10162.0,0.0,10.005899996031076,"6,9,10,6,1,0,11,11,13,13",0:11-6;1:0-9;2:10-9;3:8-6;4:0-1;5:12-0;6:6-11;7:3-11;8:1-13;9:1-13
654,proposed_c2f_adaptive_pd,10,10,1.0,17,300,0.056666666666666664,11,0,11,0.0,0.0,410.3775764687813,333.37599272066745,1.0,9780.0,9780.0,0.0,4.778400005307049,"3,3,6,11,14,0,2,8,13,3","0:1-3;1:2-3;2:14-6,4-6;3:1-11;4:0-14;5:1-0;6:3-2;7:1-8;8:0-13;9:2-3"
654,proposed_c2f_adaptive_pd_calibrated,10,10,1.0,18,300,0.06,11,0,11,0.0,0.0,410.3775764687813,333.37599272066745,1.0,9780.0,9780.0,0.0,13.166499964427203,"3,3,6,11,14,0,2,8,13,3","0:1-3;1:2-3;2:14-6,4-6;3:1-11;4:0-14;5:1-0;6:3-2;7:1-8;8:0-13;9:2-3"
655,proposed_c2f_adaptive_pd,9,10,0.9,16,300,0.05333333333333334,19,5,14,3200.0,5.333333333333334,704.3192760301969,160.9592503008751,1.0,15967.0,15967.0,0.0,6.050100026186556,"1,8,5,4,14,10,2,14,4,10","0:0-1;1:3-8;2:0-5;3:0-4;4:8-14,11-14,14-11,0-14,8-11,14-0;5:3-10;6:0-2;7:0-14;8:0-4;9:3-10,10-3,8-10,7-10,10-7"
655,proposed_c2f_adaptive_pd_calibrated,9,10,0.9,17,300,0.056666666666666664,19,5,14,3200.0,5.333333333333334,704.3192760301969,160.9592503008751,1.0,15967.0,15967.0,0.0,25.25409997906536,"1,8,5,4,14,10,2,14,4,10","0:0-1;1:3-8;2:0-5;3:0-4;4:8-14,11-14,14-11,0-14,8-11,14-0;5:3-10;6:0-2;7:0-14;8:0-4;9:3-10,10-3,8-10,7-10,10-7"
656,proposed_c2f_adaptive_pd,9,10,0.9,16,300,0.05333333333333334,10,0,10,0.0,0.0,726.4931371664206,207.0336280365936,1.0,11247.0,11247.0,0.0,5.815899989102036,"14,13,6,7,4,10,4,9,0,10",0:0-14;1:0-13;2:0-6;3:0-7;4:0-4;5:0-10;6:0-4;7:2-9;8:3-0;9:0-10
656,proposed_c2f_adaptive_pd_calibrated,9,10,0.9,16,300,0.05333333333333334,10,0,10,0.0,0.0,726.4931371664206,207.0336280365936,1.0,11247.0,11247.0,0.0,13.03380000172183,"14,13,6,7,4,10,4,9,0,10",0:0-14;1:0-13;2:0-6;3:0-7;4:0-4;5:0-10;6:0-4;7:2-9;8:3-0;9:0-10
657,proposed_c2f_adaptive_pd,9,10,0.9,17,300,0.056666666666666664,16,3,13,1920.0,3.2,4952.205296946267,232.55393093901304,1.0,17297.0,17297.0,0.0,5.64190000295639,"7,6,5,3,3,4,1,7,2,3","0:0-7;1:5-6;2:2-5,5-2,5-3,3-5,6-5,5-6;3:5-3,10-3;4:1-3;5:0-4;6:3-1;7:0-7;8:1-2;9:2-3"
657,proposed_c2f_adaptive_pd_calibrated,9,10,0.9,17,300,0.056666666666666664,16,3,13,1920.0,3.2,4952.205296946267,232.55393093901304,1.0,17297.0,17297.0,0.0,21.676800039131194,"7,6,5,3,3,4,1,7,2,3","0:0-7;1:5-6;2:2-5,5-2,5-3,3-5,6-5,5-6;3:5-3,10-3;4:1-3;5:0-4;6:3-1;7:0-7;8:1-2;9:2-3"
658,proposed_c2f_adaptive_pd,10,10,1.0,19,300,0.06333333333333334,10,0,10,0.0,0.0,778.1083737181369,450.7747063763534,1.0,5269.0,5269.0,0.0,6.166999984998256,"0,8,4,14,6,7,7,10,7,3",0:1-0;1:14-8;2:5-4;3:1-14;4:0-6;5:6-7;6:0-7;7:0-10;8:0-7;9:4-3
658,proposed_c2f_adaptive_pd_calibrated,10,10,1.0,19,300,0.06333333333333334,10,0,10,0.0,0.0,778.1083737181369,450.7747063763534,1.0,5269.0,5269.0,0.0,13.32999998703599,"0,8,4,14,6,7,7,10,7,3",0:1-0;1:14-8;2:5-4;3:1-14;4:0-6;5:6-7;6:0-7;7:0-10;8:0-7;9:4-3
659,proposed_c2f_adaptive_pd,10,10,1.0,16,300,0.05333333333333334,11,1,10,640.0,1.0666666666666667,710.966456744931,117.44538073558661,1.0,13308.0,13308.0,0.0,5.565800005570054,"5,8,4,3,8,8,3,8,1,0","0:5-8,8-5;1:4-8;2:0-4;3:4-3;4:0-8;5:2-8;6:4-3;7:0-8;8:0-1;9:4-0"
659,proposed_c2f_adaptive_pd_calibrated,10,10,1.0,16,300,0.05333333333333334,11,1,10,640.0,1.0666666666666667,710.966456744931,117.44538073558661,1.0,13308.0,13308.0,0.0,13.825100031681359,"5,8,4,3,8,8,3,8,1,0","0:5-8,8-5;1:4-8;2:0-4;3:4-3;4:0-8;5:2-8;6:4-3;7:0-8;8:0-1;9:4-0"
660,proposed_c2f_adaptive_pd,10,10,1.0,15,300,0.05,10,0,10,0.0,0.0,2290.813455034907,109.95945700757984,1.0,11436.0,11436.0,0.0,6.094100011978298,"0,6,1,1,8,11,9,11,9,12",0:9-0;1:14-6;2:0-1;3:0-1;4:0-8;5:0-11;6:0-9;7:0-11;8:11-9;9:6-12
660,proposed_c2f_adaptive_pd_calibrated,10,10,1.0,15,300,0.05,10,0,10,0.0,0.0,2290.813455034907,109.95945700757984,1.0,11436.0,11436.0,0.0,8.67340003605932,"0,6,1,1,8,11,9,11,9,12",0:9-0;1:14-6;2:0-1;3:0-1;4:0-8;5:0-11;6:0-9;7:0-11;8:11-9;9:6-12
661,proposed_c2f_adaptive_pd,10,10,1.0,7,300,0.023333333333333334,11,0,11,0.0,0.0,16030.67021292305,125.00399946040787,1.0,9948.0,9948.0,0.0,5.981499969493598,"10,9,9,5,11,9,14,9,11,1","0:0-10;1:13-9;2:0-9;3:0-5;4:0-11;5:5-9;6:1-14;7:13-9,5-9;8:4-11;9:4-1"
661,proposed_c2f_adaptive_pd_calibrated,10,10,1.0,7,300,0.023333333333333334,11,0,11,0.0,0.0,16030.67021292305,125.00399946040787,1.0,9948.0,9948.0,0.0,12.642400048207492,"10,9,9,5,11,9,14,9,11,1","0:0-10;1:13-9;2:0-9;3:0-5;4:0-11;5:5-9;6:1-14;7:13-9,5-9;8:4-11;9:4-1"
662,proposed_c2f_adaptive_pd,10,10,1.0,19,300,0.06333333333333334,18,3,15,1920.0,3.2,3505.3970941713296,905.0680082837407,1.0,20972.0,20972.0,0.0,7.605199993122369,"1,3,3,12,0,14,6,2,11,0","0:0-1;1:4-3;2:0-3;3:7-12;4:1-0;5:0-14,14-0,1-14,1-0,13-14,3-14;6:2-6;7:0-2;8:0-11;9:0-14,14-0,1-0,13-0"
662,proposed_c2f_adaptive_pd_calibrated,10,10,1.0,19,300,0.06333333333333334,18,3,15,1920.0,3.2,3505.3970941713296,905.0680082837407,1.0,20972.0,20972.0,0.0,20.787800021935254,"1,3,3,12,0,14,6,2,11,0","0:0-1;1:4-3;2:0-3;3:7-12;4:1-0;5:0-14,14-0,1-14,1-0,13-14,3-14;6:2-6;7:0-2;8:0-11;9:0-14,14-0,1-0,13-0"
663,proposed_c2f_adaptive_pd,10,10,1.0,10,300,0.03333333333333333,13,0,13,0.0,0.0,1246.0088304715416,98.52739068168134,1.0,16217.0,16217.0,0.0,6.876299972645938,"10,4,6,12,1,6,7,14,1,4","0:1-10;1:2-4;2:2-6;3:1-12;4:0-1;5:2-6;6:13-7,5-7,9-7,4-7;7:0-14;8:2-1;9:2-4"
663,proposed_c2f_adaptive_pd_calibrated,10,10,1.0,11,300,0.03666666666666667,13,0,13,0.0,0.0,1246.0088304715416,98.52739068168134,1.0,16217.0,16217.0,0.0,15.803800022695214,"10,4,6,12,1,6,7,14,1,4","0:1-10;1:2-4;2:2-6;3:1-12;4:0-1;5:2-6;6:13-7,5-7,9-7,4-7;7:0-14;8:2-1;9:2-4"
664,proposed_c2f_adaptive_pd,10,10,1.0,14,300,0.04666666666666667,16,1,15,640.0,1.0666666666666667,750.954483806717,275.195552080792,1.0,17479.0,17479.0,0.0,8.126800006721169,"6,14,14,3,9,3,14,8,8,10","0:1-6;1:9-14,13-14;2:0-14;3:0-3;4:0-9;5:0-3;6:8-14,14-8,2-14,13-14,9-14,10-14;7:13-8;8:10-8;9:1-10"
664,proposed_c2f_adaptive_pd_calibrated,10,10,1.0,14,300,0.04666666666666667,16,1,15,640.0,1.0666666666666667,750.954483806717,275.195552080792,1.0,17479.0,17479.0,0.0,19.657200027722865,"6,14,14,3,9,3,14,8,8,10","0:1-6;1:9-14,13-14;2:0-14;3:0-3;4:0-9;5:0-3;6:8-14,14-8,2-14,13-14,9-14,10-14;7:13-8;8:10-8;9:1-10"
665,proposed_c2f_adaptive_pd,9,10,0.9,18,300,0.06,11,0,11,0.0,0.0,6727.131384938931,650.9911095262567,1.0,10574.0,10574.0,0.0,6.074399978388101,"0,3,7,3,14,1,0,4,10,7","0:1-0;1:7-3;2:3-7;3:0-3;4:0-14;5:0-1;6:4-0,7-0;7:9-4;8:1-10;9:3-7"
665,proposed_c2f_adaptive_pd_calibrated,9,10,0.9,19,300,0.06333333333333334,11,0,11,0.0,0.0,6727.131384938931,650.9911095262567,1.0,10574.0,10574.0,0.0,14.22329997876659,"0,3,7,3,14,1,0,4,10,7","0:1-0;1:7-3;2:3-7;3:0-3;4:0-14;5:0-1;6:4-0,7-0;7:9-4;8:1-10;9:3-7"
666,proposed_c2f_adaptive_pd,10,10,1.0,9,300,0.03,10,0,10,0.0,0.0,522.3999299092106,151.17065952103042,1.0,8888.0,8888.0,0.0,5.005099985282868,"11,8,0,7,12,7,8,3,1,0",0:0-11;1:0-8;2:1-0;3:12-7;4:3-12;5:11-7;6:1-8;7:0-3;8:0-1;9:1-0
666,proposed_c2f_adaptive_pd_calibrated,10,10,1.0,9,300,0.03,10,0,10,0.0,0.0,522.3999299092106,151.17065952103042,1.0,8888.0,8888.0,0.0,11.558699945453554,"11,8,0,7,12,7,8,3,1,0",0:0-11;1:0-8;2:1-0;3:12-7;4:3-12;5:11-7;6:1-8;7:0-3;8:0-1;9:1-0
667,proposed_c2f_adaptive_pd,9,10,0.9,18,300,0.06,20,4,16,2560.0,4.266666666666667,45929.24389518015,63.564529249645304,1.0,21658.0,21658.0,0.0,9.657799964770675,"3,11,12,13,10,12,11,1,6,13","0:2-3;1:0-11;2:0-12;3:10-3,13-3,10-13,4-13,6-13,4-3;4:4-10,13-10,10-4,6-10,3-10,0-10;5:0-12;6:0-11;7:0-1;8:0-6;9:2-13"
667,proposed_c2f_adaptive_pd_calibrated,9,10,0.9,18,300,0.06,20,4,16,2560.0,4.266666666666667,45929.24389518015,63.564529249645304,1.0,21658.0,21658.0,0.0,26.854800002183765,"3,11,12,13,10,12,11,1,6,13","0:2-3;1:0-11;2:0-12;3:10-3,13-3,10-13,4-13,6-13,4-3;4:4-10,13-10,10-4,6-10,3-10,0-10;5:0-12;6:0-11;7:0-1;8:0-6;9:2-13"
668,proposed_c2f_adaptive_pd,9,10,0.9,15,270,0.05555555555555555,10,0,10,0.0,0.0,20720.0315266285,1031.7827912830364,0.9,9273.0,9273.0,0.0,5.561000027228147,"2,5,2,13,12,11,3,6,10,5",0:0-2;1:9-5;2:0-2;3:0-13;4:0-12;5:0-11;6:6-3;7:3-6;8:0-10;9:6-5
668,proposed_c2f_adaptive_pd_calibrated,9,10,0.9,15,270,0.05555555555555555,10,0,10,0.0,0.0,20720.0315266285,1031.7827912830364,0.9,9273.0,9273.0,0.0,11.699699971359223,"2,5,2,13,12,11,3,6,10,5",0:0-2;1:9-5;2:0-2;3:0-13;4:0-12;5:0-11;6:6-3;7:3-6;8:0-10;9:6-5
669,proposed_c2f_adaptive_pd,10,10,1.0,12,300,0.04,11,0,11,0.0,0.0,17731.58936980703,791.4098765889556,1.0,12916.0,12916.0,0.0,6.532200030051172,"7,2,12,10,12,11,7,4,11,8","0:10-7,3-7;1:0-2;2:2-12;3:1-10;4:0-12;5:0-11;6:1-7;7:0-4;8:0-11;9:1-8"
669,proposed_c2f_adaptive_pd_calibrated,10,10,1.0,13,300,0.043333333333333335,11,0,11,0.0,0.0,17731.58936980703,791.4098765889556,1.0,12916.0,12916.0,0.0,13.700000010430813,"7,2,12,10,12,11,7,4,11,8","0:10-7,3-7;1:0-2;2:2-12;3:1-10;4:0-12;5:0-11;6:1-7;7:0-4;8:0-11;9:1-8"
670,proposed_c2f_adaptive_pd,10,10,1.0,14,300,0.04666666666666667,10,0,10,0.0,0.0,4464.559273717733,415.0962023166836,1.0,8503.0,8503.0,0.0,4.9202999798581,"4,0,9,6,5,0,13,13,13,10",0:0-4;1:1-0;2:1-9;3:2-6;4:0-5;5:4-0;6:0-13;7:0-13;8:2-13;9:1-10
670,proposed_c2f_adaptive_pd_calibrated,10,10,1.0,15,300,0.05,10,0,10,0.0,0.0,4464.559273717733,415.0962023166836,1.0,8503.0,8503.0,0.0,10.937100043520331,"4,0,9,6,5,0,13,13,13,10",0:0-4;1:1-0;2:1-9;3:2-6;4:0-5;5:4-0;6:0-13;7:0-13;8:2-13;9:1-10
671,proposed_c2f_adaptive_pd,9,10,0.9,18,300,0.06,10,0,10,0.0,0.0,1655351.057918805,3181.089518676834,1.0,11429.0,11429.0,0.0,4.192400025203824,"1,12,2,9,4,1,7,1,14,11",0:5-1;1:0-12;2:0-2;3:3-9;4:0-4;5:0-1;6:0-7;7:0-1;8:0-14;9:3-11
671,proposed_c2f_adaptive_pd_calibrated,9,10,0.9,18,300,0.06,10,0,10,0.0,0.0,1655351.057918805,3181.089518676834,1.0,11429.0,11429.0,0.0,11.217000021133572,"1,12,2,9,4,1,7,1,14,11",0:5-1;1:0-12;2:0-2;3:3-9;4:0-4;5:0-1;6:0-7;7:0-1;8:0-14;9:3-11
672,proposed_c2f_adaptive_pd,8,10,0.8,11,270,0.040740740740740744,21,2,19,1280.0,2.1333333333333333,872.260666577629,193.56952087632615,0.9523809523809523,22122.0,22122.0,0.0,11.370900028850883,"7,5,7,7,13,5,9,11,8,11","0:11-7,14-7,12-7,2-7,1-7,7-12;1:0-5;2:12-7,7-12,1-7,14-7,2-7,11-7;3:1-7;4:0-13;5:0-5;6:0-9;7:5-11;8:0-8;9:5-11,8-11"
672,proposed_c2f_adaptive_pd_calibrated,8,10,0.8,11,270,0.040740740740740744,21,2,19,1280.0,2.1333333333333333,872.260666577629,193.56952087632615,0.9523809523809523,22122.0,22122.0,0.0,23.441099969204515,"7,5,7,7,13,5,9,11,8,11","0:11-7,14-7,12-7,2-7,1-7,7-12;1:0-5;2:12-7,7-12,1-7,14-7,2-7,11-7;3:1-7;4:0-13;5:0-5;6:0-9;7:5-11;8:0-8;9:5-11,8-11"
673,proposed_c2f_adaptive_pd,8,10,0.8,14,300,0.04666666666666667,15,4,11,2560.0,4.266666666666667,6020.263814228128,1239.605641857183,1.0,15148.0,15148.0,0.0,7.560800004284829,"2,12,11,1,4,14,1,5,6,7","0:0-2;1:0-12;2:3-11;3:0-1;4:3-4;5:0-14;6:14-1;7:3-5;8:3-6;9:7-10,1-10,10-7,14-7,14-10,0-10"
673,proposed_c2f_adaptive_pd_calibrated,8,10,0.8,14,300,0.04666666666666667,15,4,11,2560.0,4.266666666666667,6020.263814228128,1239.605641857183,1.0,15148.0,15148.0,0.0,15.523499983828515,"2,12,11,1,4,14,1,5,6,7","0:0-2;1:0-12;2:3-11;3:0-1;4:3-4;5:0-14;6:14-1;7:3-5;8:3-6;9:7-10,1-10,10-7,14-7,14-10,0-10"
674,proposed_c2f_adaptive_pd,10,10,1.0,14,300,0.04666666666666667,10,0,10,0.0,0.0,4473.445315051833,154.39759820930286,1.0,11583.0,11583.0,0.0,6.140500016044825,"8,0,14,2,2,2,4,9,4,11",0:2-8;1:1-0;2:6-14;3:0-2;4:1-2;5:0-2;6:2-4;7:0-9;8:0-4;9:12-11
674,proposed_c2f_adaptive_pd_calibrated,10,10,1.0,16,300,0.05333333333333334,10,0,10,0.0,0.0,4473.445315051833,154.39759820930286,1.0,11583.0,11583.0,0.0,13.410400017164648,"8,0,14,2,2,2,4,9,4,11",0:2-8;1:1-0;2:6-14;3:0-2;4:1-2;5:0-2;6:2-4;7:0-9;8:0-4;9:12-11
675,proposed_c2f_adaptive_pd,10,10,1.0,11,300,0.03666666666666667,13,0,13,0.0,0.0,387.5831601915268,87.01114924137832,1.0,14867.0,14867.0,0.0,4.6944000059738755,"13,5,6,5,9,9,12,5,0,7","0:7-13;1:9-5;2:7-6,10-6;3:0-5;4:12-9,7-9;5:5-9,12-9;6:1-12;7:0-5;8:2-0;9:3-7"
675,proposed_c2f_adaptive_pd_calibrated,10,10,1.0,11,300,0.03666666666666667,13,0,13,0.0,0.0,387.5831601915268,87.01114924137832,1.0,14867.0,14867.0,0.0,15.885500004515052,"13,5,6,5,9,9,12,5,0,7","0:7-13;1:9-5;2:7-6,10-6;3:0-5;4:12-9,7-9;5:5-9,12-9;6:1-12;7:0-5;8:2-0;9:3-7"
676,proposed_c2f_adaptive_pd,9,10,0.9,12,270,0.044444444444444446,12,0,12,0.0,0.0,138.66344610714847,69.04386005358408,0.9166666666666666,11305.0,11305.0,0.0,5.544500018004328,"13,7,13,7,6,10,6,0,9,9","0:1-13;1:0-7;2:0-13;3:8-7,6-7;4:7-6,8-6;5:2-10;6:2-6;7:3-0;8:7-9;9:7-9"
676,proposed_c2f_adaptive_pd_calibrated,9,10,0.9,13,270,0.04814814814814815,12,0,12,0.0,0.0,138.66344610714847,69.04386005358408,0.9166666666666666,11305.0,11305.0,0.0,14.412300020921975,"13,7,13,7,6,10,6,0,9,9","0:1-13;1:0-7;2:0-13;3:8-7,6-7;4:7-6,8-6;5:2-10;6:2-6;7:3-0;8:7-9;9:7-9"
677,proposed_c2f_adaptive_pd,10,10,1.0,9,300,0.03,11,1,10,640.0,1.0666666666666667,695117.909485462,212.2947159638247,1.0,12342.0,12342.0,0.0,4.8534999950788915,"13,9,10,9,8,9,14,12,2,7","0:1-13;1:0-9;2:0-10;3:0-9;4:1-8;5:0-9;6:0-14;7:0-12;8:0-2;9:10-7,7-10"
677,proposed_c2f_adaptive_pd_calibrated,10,10,1.0,9,300,0.03,11,1,10,640.0,1.0666666666666667,695117.909485462,212.2947159638247,1.0,12342.0,12342.0,0.0,12.30629999190569,"13,9,10,9,8,9,14,12,2,7","0:1-13;1:0-9;2:0-10;3:0-9;4:1-8;5:0-9;6:0-14;7:0-12;8:0-2;9:10-7,7-10"
678,proposed_c2f_adaptive_pd,10,10,1.0,17,300,0.056666666666666664,10,0,10,0.0,0.0,4268.789508594633,349.78233783577303,1.0,11919.0,11919.0,0.0,3.9084000163711607,"3,14,10,14,1,13,5,10,5,12",0:1-3;1:0-14;2:11-10;3:1-14;4:2-1;5:1-13;6:0-5;7:11-10;8:3-5;9:0-12
678,proposed_c2f_adaptive_pd_calibrated,10,10,1.0,17,300,0.056666666666666664,10,0,10,0.0,0.0,4268.789508594633,349.78233783577303,1.0,11919.0,11919.0,0.0,13.336999982129782,"3,14,10,14,1,13,5,10,5,12",0:1-3;1:0-14;2:11-10;3:1-14;4:2-1;5:1-13;6:0-5;7:11-10;8:3-5;9:0-12
679,proposed_c2f_adaptive_pd,10,10,1.0,24,300,0.08,10,0,10,0.0,0.0,989.9113234350522,164.9351559911794,1.0,10813.0,10813.0,0.0,6.217000016476959,"6,1,0,2,1,12,8,1,6,7",0:2-6;1:2-1;2:2-0;3:0-2;4:0-1;5:0-12;6:13-8;7:8-1;8:5-6;9:0-7
679,proposed_c2f_adaptive_pd_calibrated,10,10,1.0,25,300,0.08333333333333333,10,0,10,0.0,0.0,989.9113234350522,164.9351559911794,1.0,10813.0,10813.0,0.0,12.401200016029179,"6,1,0,2,1,12,8,1,6,7",0:2-6;1:2-1;2:2-0;3:0-2;4:0-1;5:0-12;6:13-8;7:8-1;8:5-6;9:0-7
680,proposed_c2f_adaptive_pd,10,10,1.0,10,300,0.03333333333333333,10,0,10,0.0,0.0,449.75156900624813,96.36071903328167,1.0,11583.0,11583.0,0.0,5.8327000006102026,"10,4,4,6,2,4,2,10,2,6",0:12-10;1:13-4;2:3-4;3:4-6;4:3-2;5:0-4;6:3-2;7:2-10;8:0-2;9:0-6
680,proposed_c2f_adaptive_pd_calibrated,10,10,1.0,14,300,0.04666666666666667,10,0,10,0.0,0.0,449.75156900624813,96.36071903328167,1.0,11583.0,11583.0,0.0,10.562099982053041,"10,4,4,6,2,4,2,10,2,6",0:12-10;1:13-4;2:3-4;3:4-6;4:3-2;5:0-4;6:3-2;7:2-10;8:0-2;9:0-6
681,proposed_c2f_adaptive_pd,10,10,1.0,16,300,0.05333333333333334,11,0,11,0.0,0.0,6726.681271414585,696.0690000126677,1.0,10535.0,10535.0,0.0,5.4722000495530665,"3,4,10,4,4,2,9,0,11,7","0:0-3;1:0-4;2:1-10;3:0-4;4:8-4;5:1-2;6:0-9;7:3-0,14-0;8:4-11;9:1-7"
681,proposed_c2f_adaptive_pd_calibrated,10,10,1.0,16,300,0.05333333333333334,11,0,11,0.0,0.0,6726.681271414585,696.0690000126677,1.0,10535.0,10535.0,0.0,13.818399980664253,"3,4,10,4,4,2,9,0,11,7","0:0-3;1:0-4;2:1-10;3:0-4;4:8-4;5:1-2;6:0-9;7:3-0,14-0;8:4-11;9:1-7"
682,proposed_c2f_adaptive_pd,10,10,1.0,13,300,0.043333333333333335,11,0,11,0.0,0.0,877.9006828352318,181.55124922664942,1.0,11666.0,11666.0,0.0,3.909400023985654,"6,3,7,6,9,5,11,5,5,2","0:1-6;1:1-3;2:12-7;3:1-6;4:1-9;5:0-5;6:4-11;7:2-5,6-5;8:0-5;9:0-2"
682,proposed_c2f_adaptive_pd_calibrated,10,10,1.0,14,300,0.04666666666666667,11,0,11,0.0,0.0,877.9006828352318,181.55124922664942,1.0,11666.0,11666.0,0.0,10.790899978019297,"6,3,7,6,9,5,11,5,5,2","0:1-6;1:1-3;2:12-7;3:1-6;4:1-9;5:0-5;6:4-11;7:2-5,6-5;8:0-5;9:0-2"
683,proposed_c2f_adaptive_pd,10,10,1.0,19,300,0.06333333333333334,10,0,10,0.0,0.0,2197.749946560299,111.93452828132317,1.0,10071.0,10071.0,0.0,5.643100012093782,"9,14,0,0,1,7,9,9,7,4",0:10-9;1:5-14;2:1-0;3:7-0;4:0-1;5:0-7;6:11-9;7:4-9;8:11-7;9:0-4
683,proposed_c2f_adaptive_pd_calibrated,10,10,1.0,21,300,0.07,10,0,10,0.0,0.0,2197.749946560299,111.93452828132317,1.0,10071.0,10071.0,0.0,13.275500037707388,"9,14,0,0,1,7,9,9,7,4",0:10-9;1:5-14;2:1-0;3:7-0;4:0-1;5:0-7;6:11-9;7:4-9;8:11-7;9:0-4
684,proposed_c2f_adaptive_pd,10,10,1.0,13,300,0.043333333333333335,12,1,11,640.0,1.0666666666666667,731.9496287830042,166.23109190696206,1.0,15944.0,15944.0,0.0,4.13080002181232,"1,2,4,12,2,8,11,3,7,12","0:0-1;1:0-2;2:3-4;3:0-12;4:0-2;5:14-8,8-14;6:3-11;7:0-3;8:0-7;9:3-12,9-12"
684,proposed_c2f_adaptive_pd_calibrated,10,10,1.0,13,300,0.043333333333333335,12,1,11,640.0,1.0666666666666667,731.9496287830042,166.23109190696206,1.0,15944.0,15944.0,0.0,16.32130000507459,"1,2,4,12,2,8,11,3,7,12","0:0-1;1:0-2;2:3-4;3:0-12;4:0-2;5:14-8,8-14;6:3-11;7:0-3;8:0-7;9:3-12,9-12"
685,proposed_c2f_adaptive_pd,10,10,1.0,14,300,0.04666666666666667,12,2,10,1280.0,2.1333333333333333,140027.40585942124,641.8089040176504,1.0,10716.0,10716.0,0.0,7.045899983495474,"2,7,14,13,12,10,4,13,10,10","0:0-2;1:0-7;2:0-14;3:0-13;4:0-12;5:1-10;6:10-4;7:1-13;8:13-10,10-11;9:10-11,13-10"
685,proposed_c2f_adaptive_pd_calibrated,10,10,1.0,15,300,0.05,12,2,10,1280.0,2.1333333333333333,140027.40585942124,641.8089040176504,1.0,10716.0,10716.0,0.0,15.972099965438247,"2,7,14,13,12,10,4,13,10,10","0:0-2;1:0-7;2:0-14;3:0-13;4:0-12;5:1-10;6:10-4;7:1-13;8:13-10,10-11;9:10-11,13-10"
686,proposed_c2f_adaptive_pd,10,10,1.0,21,300,0.07,15,2,13,1280.0,2.1333333333333333,457.83856433059555,449.6064356916326,1.0,14091.0,14091.0,0.0,8.037099963985384,"13,13,0,2,12,10,11,5,10,1","0:0-13,12-0,13-0,12-13,11-13,10-13;1:0-13;2:6-0;3:0-2;4:8-12;5:0-10;6:0-11;7:7-5;8:0-10;9:3-1"
686,proposed_c2f_adaptive_pd_calibrated,10,10,1.0,21,300,0.07,15,2,13,1280.0,2.1333333333333333,457.83856433059555,449.6064356916326,1.0,14091.0,14091.0,0.0,17.510500038042665,"13,13,0,2,12,10,11,5,10,1","0:0-13,12-0,13-0,12-13,11-13,10-13;1:0-13;2:6-0;3:0-2;4:8-12;5:0-10;6:0-11;7:7-5;8:0-10;9:3-1"
687,proposed_c2f_adaptive_pd,10,10,1.0,21,300,0.07,10,0,10,0.0,0.0,257.7654730747973,172.80687752468444,1.0,9273.0,9273.0,0.0,5.328499944880605,"5,4,12,13,4,14,12,8,3,12",0:1-5;1:2-4;2:0-12;3:8-13;4:0-4;5:0-14;6:1-12;7:0-8;8:1-3;9:0-12
687,proposed_c2f_adaptive_pd_calibrated,10,10,1.0,21,300,0.07,10,0,10,0.0,0.0,257.7654730747973,172.80687752468444,1.0,9273.0,9273.0,0.0,12.282799987588078,"5,4,12,13,4,14,12,8,3,12",0:1-5;1:2-4;2:0-12;3:8-13;4:0-4;5:0-14;6:1-12;7:0-8;8:1-3;9:0-12
688,proposed_c2f_adaptive_pd,9,10,0.9,13,300,0.043333333333333335,15,2,13,1280.0,2.1333333333333333,11504.539343515673,166.93888793063434,1.0,15207.0,15207.0,0.0,7.187100010924041,"14,6,1,6,5,3,4,9,1,5","0:0-14;1:3-6;2:0-1;3:3-6;4:1-5;5:1-3;6:0-4;7:0-9;8:0-1,7-1,10-1,1-10,1-4,11-1;9:1-5"
688,proposed_c2f_adaptive_pd_calibrated,9,10,0.9,13,300,0.043333333333333335,15,2,13,1280.0,2.1333333333333333,11504.539343515673,166.93888793063434,1.0,15207.0,15207.0,0.0,15.85159997921437,"14,6,1,6,5,3,4,9,1,5","0:0-14;1:3-6;2:0-1;3:3-6;4:1-5;5:1-3;6:0-4;7:0-9;8:0-1,7-1,10-1,1-10,1-4,11-1;9:1-5"
689,proposed_c2f_adaptive_pd,9,10,0.9,9,270,0.03333333333333333,16,3,13,1920.0,3.2,667.8149272079054,76.55026830712572,0.875,13728.0,13728.0,0.0,5.447099974844605,"2,13,14,11,0,6,8,2,11,3","0:0-2;1:8-13;2:11-14;3:3-11,11-3;4:1-0;5:0-6;6:6-8;7:0-2;8:11-3,3-11,4-3,4-11,9-11,14-11;9:11-3"
689,proposed_c2f_adaptive_pd_calibrated,9,10,0.9,9,270,0.03333333333333333,16,3,13,1920.0,3.2,667.8149272079054,76.55026830712572,0.875,13728.0,13728.0,0.0,17.578400031197816,"2,13,14,11,0,6,8,2,11,3","0:0-2;1:8-13;2:11-14;3:3-11,11-3;4:1-0;5:0-6;6:6-8;7:0-2;8:11-3,3-11,4-3,4-11,9-11,14-11;9:11-3"
690,proposed_c2f_adaptive_pd,10,10,1.0,17,300,0.056666666666666664,16,3,13,1920.0,3.2,3712.0611852335082,1529.1227528118034,1.0,18988.0,18988.0,0.0,6.346700014546514,"8,0,12,7,4,5,0,9,0,1","0:12-8,4-8;1:1-0,0-1,3-0,0-3,0-12,12-0;2:0-12;3:0-7;4:2-4;5:0-5;6:1-0;7:1-9;8:1-0;9:0-1"
690,proposed_c2f_adaptive_pd_calibrated,10,10,1.0,17,300,0.056666666666666664,16,3,13,1920.0,3.2,3712.0611852335082,1529.1227528118034,1.0,18988.0,18988.0,0.0,20.329800026956946,"8,0,12,7,4,5,0,9,0,1","0:12-8,4-8;1:1-0,0-1,3-0,0-3,0-12,12-0;2:0-12;3:0-7;4:2-4;5:0-5;6:1-0;7:1-9;8:1-0;9:0-1"
691,proposed_c2f_adaptive_pd,9,10,0.9,20,270,0.07407407407407407,10,0,10,0.0,0.0,2280.7311464901454,219.33446476226288,0.9,9581.0,9581.0,0.0,4.727100022137165,"8,4,14,6,14,4,4,12,11,0",0:0-8;1:0-4;2:0-14;3:0-6;4:9-14;5:0-4;6:6-4;7:4-12;8:6-11;9:3-0
691,proposed_c2f_adaptive_pd_calibrated,9,10,0.9,20,270,0.07407407407407407,10,0,10,0.0,0.0,2280.7311464901454,219.33446476226288,0.9,9581.0,9581.0,0.0,11.827000009361655,"8,4,14,6,14,4,4,12,11,0",0:0-8;1:0-4;2:0-14;3:0-6;4:9-14;5:0-4;6:6-4;7:4-12;8:6-11;9:3-0
692,proposed_c2f_adaptive_pd,10,10,1.0,17,300,0.056666666666666664,10,0,10,0.0,0.0,20133.96350338298,746.4243635099983,1.0,12255.0,12255.0,0.0,6.06709998100996,"9,10,14,9,3,5,9,11,8,12",0:0-9;1:1-10;2:1-14;3:4-9;4:9-3;5:0-5;6:0-9;7:0-11;8:1-8;9:0-12
692,proposed_c2f_adaptive_pd_calibrated,10,10,1.0,17,300,0.056666666666666664,10,0,10,0.0,0.0,20133.96350338298,746.4243635099983,1.0,12255.0,12255.0,0.0,14.380300010088831,"9,10,14,9,3,5,9,11,8,12",0:0-9;1:1-10;2:1-14;3:4-9;4:9-3;5:0-5;6:0-9;7:0-11;8:1-8;9:0-12
693,proposed_c2f_adaptive_pd,9,10,0.9,17,300,0.056666666666666664,16,2,14,1280.0,2.1333333333333333,5089.341287370457,158.17875219488494,1.0,11753.0,11753.0,0.0,8.620899985544384,"14,4,11,14,12,8,10,7,2,10","0:0-14;1:0-4;2:0-11;3:0-14;4:14-12,1-12,0-12,6-12,0-14,1-14;5:0-8;6:9-10,8-10;7:0-7;8:0-2;9:0-10"
693,proposed_c2f_adaptive_pd_calibrated,9,10,0.9,17,300,0.056666666666666664,16,2,14,1280.0,2.1333333333333333,5089.341287370457,158.17875219488494,1.0,11753.0,11753.0,0.0,18.827199994120747,"14,4,11,14,12,8,10,7,2,10","0:0-14;1:0-4;2:0-11;3:0-14;4:14-12,1-12,0-12,6-12,0-14,1-14;5:0-8;6:9-10,8-10;7:0-7;8:0-2;9:0-10"
694,proposed_c2f_adaptive_pd,9,10,0.9,8,300,0.02666666666666667,12,1,11,640.0,1.0666666666666667,298.8532195063102,67.26849545831047,1.0,15284.0,15284.0,0.0,5.124500021338463,"4,14,6,2,12,8,9,8,2,12","0:2-4;1:2-14;2:0-6;3:1-2;4:0-12;5:5-8;6:0-9;7:12-8,5-8,8-12;8:1-2;9:0-12"
694,proposed_c2f_adaptive_pd_calibrated,9,10,0.9,8,300,0.02666666666666667,12,1,11,640.0,1.0666666666666667,298.8532195063102,67.26849545831047,1.0,15284.0,15284.0,0.0,14.733800024259835,"4,14,6,2,12,8,9,8,2,12","0:2-4;1:2-14;2:0-6;3:1-2;4:0-12;5:5-8;6:0-9;7:12-8,5-8,8-12;8:1-2;9:0-12"
695,proposed_c2f_adaptive_pd,10,10,1.0,26,300,0.08666666666666667,10,0,10,0.0,0.0,9727.553352735822,723.9714045870711,1.0,11751.0,11751.0,0.0,3.4721000120043755,"0,7,2,14,13,3,3,3,2,11",0:9-0;1:14-7;2:0-2;3:0-14;4:1-13;5:1-3;6:1-3;7:4-3;8:0-2;9:0-11
695,proposed_c2f_adaptive_pd_calibrated,10,10,1.0,26,300,0.08666666666666667,10,0,10,0.0,0.0,9727.553352735822,723.9714045870711,1.0,11751.0,11751.0,0.0,13.580099970567971,"0,7,2,14,13,3,3,3,2,11",0:9-0;1:14-7;2:0-2;3:0-14;4:1-13;5:1-3;6:1-3;7:4-3;8:0-2;9:0-11
696,proposed_c2f_adaptive_pd,10,10,1.0,17,300,0.056666666666666664,10,0,10,0.0,0.0,3974.6010703917323,242.6833828477353,1.0,13853.0,13853.0,0.0,6.162200006656349,"1,0,11,6,1,4,9,2,1,11",0:2-1;1:2-0;2:2-11;3:0-6;4:11-1;5:0-4;6:1-9;7:1-2;8:11-1;9:2-11
696,proposed_c2f_adaptive_pd_calibrated,10,10,1.0,17,300,0.056666666666666664,10,0,10,0.0,0.0,3974.6010703917323,242.6833828477353,1.0,13853.0,13853.0,0.0,10.280499991495162,"1,0,11,6,1,4,9,2,1,11",0:2-1;1:2-0;2:2-11;3:0-6;4:11-1;5:0-4;6:1-9;7:1-2;8:11-1;9:2-11
697,proposed_c2f_adaptive_pd,10,10,1.0,17,300,0.056666666666666664,12,0,12,0.0,0.0,32266.424698940224,514.8624232962758,1.0,14963.0,14963.0,0.0,4.799199989065528,"13,10,14,1,14,10,10,3,3,6","0:4-13;1:9-10,13-10,7-10;2:0-14;3:0-1;4:0-14;5:4-10;6:7-10;7:0-3;8:0-3;9:1-6"
697,proposed_c2f_adaptive_pd_calibrated,10,10,1.0,17,300,0.056666666666666664,12,0,12,0.0,0.0,32266.424698940224,514.8624232962758,1.0,14963.0,14963.0,0.0,13.915399962570518,"13,10,14,1,14,10,10,3,3,6","0:4-13;1:9-10,13-10,7-10;2:0-14;3:0-1;4:0-14;5:4-10;6:7-10;7:0-3;8:0-3;9:1-6"
698,proposed_c2f_adaptive_pd,10,10,1.0,13,300,0.043333333333333335,10,0,10,0.0,0.0,2329.9090140296826,561.086697258869,1.0,8503.0,8503.0,0.0,4.8115000245161355,"4,6,5,12,9,2,3,13,2,4",0:0-4;1:0-6;2:0-5;3:3-12;4:4-9;5:0-2;6:0-3;7:4-13;8:0-2;9:0-4
698,proposed_c2f_adaptive_pd_calibrated,10,10,1.0,13,300,0.043333333333333335,10,0,10,0.0,0.0,2329.9090140296826,561.086697258869,1.0,8503.0,8503.0,0.0,12.895199994090945,"4,6,5,12,9,2,3,13,2,4",0:0-4;1:0-6;2:0-5;3:3-12;4:4-9;5:0-2;6:0-3;7:4-13;8:0-2;9:0-4
699,proposed_c2f_adaptive_pd,10,10,1.0,16,300,0.05333333333333334,10,0,10,0.0,0.0,9146.063626881576,273.03670077677043,1.0,13431.0,13431.0,0.0,5.575799965299666,"9,8,9,14,12,10,6,4,10,9",0:0-9;1:0-8;2:8-9;3:1-14;4:0-12;5:0-10;6:3-6;7:6-4;8:2-10;9:0-9
699,proposed_c2f_adaptive_pd_calibrated,10,10,1.0,16,300,0.05333333333333334,10,0,10,0.0,0.0,9146.063626881576,273.03670077677043,1.0,13431.0,13431.0,0.0,7.9123000032268465,"9,8,9,14,12,10,6,4,10,9",0:0-9;1:0-8;2:8-9;3:1-14;4:0-12;5:0-10;6:3-6;7:6-4;8:2-10;9:0-9
700,proposed_c2f_adaptive_pd,9,10,0.9,16,300,0.05333333333333334,17,4,13,2560.0,4.266666666666667,271.15325435969015,76.9268531117535,1.0,20567.0,20567.0,0.0,7.764699985273182,"10,7,5,4,13,8,0,13,1,13","0:4-10,4-8,10-8,8-10,11-10,10-11;1:0-7;2:0-5;3:10-4,4-10,8-4;4:3-13;5:0-8;6:1-0;7:0-13;8:0-1;9:1-13"
700,proposed_c2f_adaptive_pd_calibrated,9,10,0.9,16,300,0.05333333333333334,17,4,13,2560.0,4.266666666666667,271.15325435969015,76.9268531117535,1.0,20567.0,20567.0,0.0,21.37640002183616,"10,7,5,4,13,8,0,13,1,13","0:4-10,4-8,10-8,8-10,11-10,10-11;1:0-7;2:0-5;3:10-4,4-10,8-4;4:3-13;5:0-8;6:1-0;7:0-13;8:0-1;9:1-13"
701,proposed_c2f_adaptive_pd,10,10,1.0,20,300,0.06666666666666667,12,0,12,0.0,0.0,2761.4123037300433,691.9581015246979,1.0,18328.0,18328.0,0.0,5.952900042757392,"3,14,14,6,10,3,7,11,5,3","0:0-3;1:0-14;2:0-14;3:1-6;4:3-10;5:11-3;6:0-7;7:0-11;8:8-5,2-5;9:11-3,10-3"
701,proposed_c2f_adaptive_pd_calibrated,10,10,1.0,20,300,0.06666666666666667,12,0,12,0.0,0.0,2761.4123037300433,691.9581015246979,1.0,18328.0,18328.0,0.0,16.188399982638657,"3,14,14,6,10,3,7,11,5,3","0:0-3;1:0-14;2:0-14;3:1-6;4:3-10;5:11-3;6:0-7;7:0-11;8:8-5,2-5;9:11-3,10-3"
702,proposed_c2f_adaptive_pd,10,10,1.0,14,300,0.04666666666666667,11,0,11,0.0,0.0,1098.6193702121107,186.57367134759647,1.0,12916.0,12916.0,0.0,3.9934999658726156,"14,8,9,2,7,8,7,6,9,11","0:0-14;1:0-8;2:10-9;3:11-2,9-2;4:4-7;5:0-8;6:4-7;7:0-6;8:0-9;9:2-11"
702,proposed_c2f_adaptive_pd_calibrated,10,10,1.0,14,300,0.04666666666666667,11,0,11,0.0,0.0,1098.6193702121107,186.57367134759647,1.0,12916.0,12916.0,0.0,14.262899989262223,"14,8,9,2,7,8,7,6,9,11","0:0-14;1:0-8;2:10-9;3:11-2,9-2;4:4-7;5:0-8;6:4-7;7:0-6;8:0-9;9:2-11"
703,proposed_c2f_adaptive_pd,9,10,0.9,13,270,0.04814814814814815,10,0,10,0.0,0.0,17564.91400186059,671.2145372931808,0.9,11121.0,11121.0,0.0,3.3351999591104686,"6,7,10,13,11,9,0,13,12,4",0:0-6;1:0-7;2:0-10;3:1-13;4:0-11;5:0-9;6:1-0;7:1-13;8:0-12;9:0-4
703,proposed_c2f_adaptive_pd_calibrated,9,10,0.9,14,270,0.05185185185185185,10,0,10,0.0,0.0,17564.91400186059,671.2145372931808,0.9,11121.0,11121.0,0.0,12.700100021902472,"6,7,10,13,11,9,0,13,12,4",0:0-6;1:0-7;2:0-10;3:1-13;4:0-11;5:0-9;6:1-0;7:1-13;8:0-12;9:0-4
704,proposed_c2f_adaptive_pd,9,10,0.9,16,300,0.05333333333333334,10,0,10,0.0,0.0,1627.93377415907,274.9129544628384,1.0,8223.0,8223.0,0.0,6.139500008430332,"4,12,1,0,5,14,8,14,5,3",0:0-4;1:4-12;2:0-1;3:1-0;4:0-5;5:11-14;6:0-8;7:0-14;8:4-5;9:2-3
704,proposed_c2f_adaptive_pd_calibrated,9,10,0.9,16,300,0.05333333333333334,10,0,10,0.0,0.0,1627.93377415907,274.9129544628384,1.0,8223.0,8223.0,0.0,8.733199967537075,"4,12,1,0,5,14,8,14,5,3",0:0-4;1:4-12;2:0-1;3:1-0;4:0-5;5:11-14;6:0-8;7:0-14;8:4-5;9:2-3
705,proposed_c2f_adaptive_pd,9,10,0.9,10,270,0.037037037037037035,10,0,10,0.0,0.0,10749.4226737491,207.82989126746344,0.9,10351.0,10351.0,0.0,5.53669995861128,"2,1,6,2,2,11,5,7,0,11",0:3-2;1:2-1;2:0-6;3:0-2;4:0-2;5:0-11;6:11-5;7:9-7;8:1-0;9:0-11
705,proposed_c2f_adaptive_pd_calibrated,9,10,0.9,11,270,0.040740740740740744,10,0,10,0.0,0.0,10749.4226737491,207.82989126746344,0.9,10351.0,10351.0,0.0,8.389799972064793,"2,1,6,2,2,11,5,7,0,11",0:3-2;1:2-1;2:0-6;3:0-2;4:0-2;5:0-11;6:11-5;7:9-7;8:1-0;9:0-11
706,proposed_c2f_adaptive_pd,9,10,0.9,23,300,0.07666666666666666,15,2,13,1280.0,2.1333333333333333,2099.6419646895783,210.69034815449112,1.0,12953.0,12953.0,0.0,8.462400001008064,"0,10,10,11,3,2,7,5,5,10","0:1-0;1:0-10;2:0-10;3:0-11;4:0-3;5:0-2;6:12-7,7-12,2-13,2-7,8-7,9-7;7:1-5;8:1-5;9:0-10"
706,proposed_c2f_adaptive_pd_calibrated,9,10,0.9,24,300,0.08,15,2,13,1280.0,2.1333333333333333,2099.6419646895783,210.69034815449112,1.0,12953.0,12953.0,0.0,16.93739998154342,"0,10,10,11,3,2,7,5,5,10","0:1-0;1:0-10;2:0-10;3:0-11;4:0-3;5:0-2;6:12-7,7-12,2-13,2-7,8-7,9-7;7:1-5;8:1-5;9:0-10"
707,proposed_c2f_adaptive_pd,10,10,1.0,13,300,0.043333333333333335,17,3,14,1920.0,3.2,19120.38781623134,89.74634357221464,1.0,12884.0,12884.0,0.0,9.702300012577325,"4,7,4,10,11,9,1,0,9,11","0:6-4;1:0-7;2:8-4,4-8,7-4,12-4,11-4,4-12;3:0-10;4:1-11;5:1-9;6:1-0,7-1,0-1;7:1-0;8:0-9;9:4-11"
707,proposed_c2f_adaptive_pd_calibrated,10,10,1.0,14,300,0.04666666666666667,17,3,14,1920.0,3.2,19120.38781623134,89.74634357221464,1.0,12884.0,12884.0,0.0,18.660200003068894,"4,7,4,10,11,9,1,0,9,11","0:6-4;1:0-7;2:8-4,4-8,7-4,12-4,11-4,4-12;3:0-10;4:1-11;5:1-9;6:1-0,7-1,0-1;7:1-0;8:0-9;9:4-11"
708,proposed_c2f_adaptive_pd,10,10,1.0,16,300,0.05333333333333334,11,0,11,0.0,0.0,860.1744170179521,578.4885055194978,1.0,10186.0,10186.0,0.0,5.985199997667223,"6,12,9,8,12,14,0,10,4,1","0:0-6;1:2-12;2:0-9;3:12-8;4:0-12;5:12-14,4-14;6:1-0;7:0-10;8:2-4;9:10-1"
708,proposed_c2f_adaptive_pd_calibrated,10,10,1.0,16,300,0.05333333333333334,11,0,11,0.0,0.0,860.1744170179521,578.4885055194978,1.0,10186.0,10186.0,0.0,9.643000026699156,"6,12,9,8,12,14,0,10,4,1","0:0-6;1:2-12;2:0-9;3:12-8;4:0-12;5:12-14,4-14;6:1-0;7:0-10;8:2-4;9:10-1"
709,proposed_c2f_adaptive_pd,10,10,1.0,18,300,0.06,17,4,13,2560.0,4.266666666666667,24639.72586448295,260.8590429130902,1.0,18869.0,18869.0,0.0,7.977900037076324,"10,13,7,8,12,10,3,9,6,4","0:1-10;1:0-13;2:0-7;3:0-8;4:0-12;5:14-10,10-14,11-10;6:14-3,10-3,11-3,3-14,10-7,11-7;7:0-9;8:0-6;9:0-4"
709,proposed_c2f_adaptive_pd_calibrated,10,10,1.0,19,300,0.06333333333333334,17,4,13,2560.0,4.266666666666667,24639.72586448295,260.8590429130902,1.0,18869.0,18869.0,0.0,18.219499965198338,"10,13,7,8,12,10,3,9,6,4","0:1-10;1:0-13;2:0-7;3:0-8;4:0-12;5:14-10,10-14,11-10;6:14-3,10-3,11-3,3-14,10-7,11-7;7:0-9;8:0-6;9:0-4"
710,proposed_c2f_adaptive_pd,8,10,0.8,12,300,0.04,20,4,16,2560.0,4.266666666666667,1068.5709443569883,35.93895424627307,1.0,14826.0,14826.0,0.0,7.095799956005067,"7,7,5,12,0,2,11,0,5,11","0:5-12,5-7,0-12,2-12,0-7,7-12;1:12-7;2:0-5;3:1-12;4:8-0,6-0,7-0,3-0,2-0,12-0;5:0-2;6:2-11;7:2-0;8:1-5;9:1-11"
710,proposed_c2f_adaptive_pd_calibrated,8,10,0.8,13,300,0.043333333333333335,20,4,16,2560.0,4.266666666666667,1068.5709443569883,35.93895424627307,1.0,14826.0,14826.0,0.0,26.570999994874,"7,7,5,12,0,2,11,0,5,11","0:5-12,5-7,0-12,2-12,0-7,7-12;1:12-7;2:0-5;3:1-12;4:8-0,6-0,7-0,3-0,2-0,12-0;5:0-2;6:2-11;7:2-0;8:1-5;9:1-11"
711,proposed_c2f_adaptive_pd,10,10,1.0,25,300,0.08333333333333333,11,0,11,0.0,0.0,850.3256310448371,221.64859998737978,1.0,10938.0,10938.0,0.0,6.658800004515797,"1,13,5,3,13,3,0,9,2,6","0:13-1,4-1;1:0-13;2:7-5;3:0-3;4:0-13;5:1-3;6:1-0;7:2-9;8:0-2;9:0-6"
711,proposed_c2f_adaptive_pd_calibrated,10,10,1.0,26,300,0.08666666666666667,11,0,11,0.0,0.0,850.3256310448371,221.64859998737978,1.0,10938.0,10938.0,0.0,14.70629998948425,"1,13,5,3,13,3,0,9,2,6","0:13-1,4-1;1:0-13;2:7-5;3:0-3;4:0-13;5:1-3;6:1-0;7:2-9;8:0-2;9:0-6"
712,proposed_c2f_adaptive_pd,9,10,0.9,10,300,0.03333333333333333,10,0,10,0.0,0.0,15335.580960848263,139.033044209694,1.0,8195.0,8195.0,0.0,6.1737000360153615,"7,3,4,3,3,10,9,0,12,9",0:0-7;1:6-3;2:0-4;3:0-3;4:2-3;5:4-10;6:0-9;7:1-0;8:8-12;9:4-9
712,proposed_c2f_adaptive_pd_calibrated,9,10,0.9,10,300,0.03333333333333333,10,0,10,0.0,0.0,15335.580960848263,139.033044209694,1.0,8195.0,8195.0,0.0,11.224300018511713,"7,3,4,3,3,10,9,0,12,9",0:0-7;1:6-3;2:0-4;3:0-3;4:2-3;5:4-10;6:0-9;7:1-0;8:8-12;9:4-9
713,proposed_c2f_adaptive_pd,10,10,1.0,20,300,0.06666666666666667,10,0,10,0.0,0.0,12420.76167487894,4208.030139150295,1.0,10351.0,10351.0,0.0,5.508699978236109,"14,3,7,9,4,1,10,2,4,14",0:9-14;1:0-3;2:0-7;3:1-9;4:0-4;5:0-1;6:0-10;7:0-2;8:0-4;9:1-14
713,proposed_c2f_adaptive_pd_calibrated,10,10,1.0,20,300,0.06666666666666667,10,0,10,0.0,0.0,12420.76167487894,4208.030139150295,1.0,10351.0,10351.0,0.0,11.79650000995025,"14,3,7,9,4,1,10,2,4,14",0:9-14;1:0-3;2:0-7;3:1-9;4:0-4;5:0-1;6:0-10;7:0-2;8:0-4;9:1-14
714,proposed_c2f_adaptive_pd,10,10,1.0,16,300,0.05333333333333334,10,0,10,0.0,0.0,1849.9105132415693,680.8267411235258,1.0,11275.0,11275.0,0.0,3.887999977450818,"12,11,0,4,14,13,0,3,8,12",0:0-12;1:0-11;2:12-0;3:0-4;4:0-14;5:0-13;6:1-0;7:0-3;8:1-8;9:0-12
714,proposed_c2f_adaptive_pd_calibrated,10,10,1.0,16,300,0.05333333333333334,10,0,10,0.0,0.0,1849.9105132415693,680.8267411235258,1.0,11275.0,11275.0,0.0,10.95650001661852,"12,11,0,4,14,13,0,3,8,12",0:0-12;1:0-11;2:12-0;3:0-4;4:0-14;5:0-13;6:1-0;7:0-3;8:1-8;9:0-12
715,proposed_c2f_adaptive_pd,10,10,1.0,20,300,0.06666666666666667,10,0,10,0.0,0.0,1775.1308045968944,662.6752736970491,1.0,10043.0,10043.0,0.0,5.2417999831959605,"10,1,7,2,3,5,0,7,11,5",0:2-10;1:2-1;2:3-7;3:6-2;4:2-3;5:0-5;6:1-0;7:3-7;8:1-11;9:0-5
715,proposed_c2f_adaptive_pd_calibrated,10,10,1.0,20,300,0.06666666666666667,10,0,10,0.0,0.0,1775.1308045968944,662.6752736970491,1.0,10043.0,10043.0,0.0,13.396200025454164,"10,1,7,2,3,5,0,7,11,5",0:2-10;1:2-1;2:3-7;3:6-2;4:2-3;5:0-5;6:1-0;7:3-7;8:1-11;9:0-5
716,proposed_c2f_adaptive_pd,8,10,0.8,19,300,0.06333333333333334,10,0,10,0.0,0.0,1225.3428641195703,344.40196525589135,1.0,10505.0,10505.0,0.0,6.131500005722046,"12,11,9,7,6,13,1,14,12,12",0:3-12;1:0-11;2:4-9;3:0-7;4:0-6;5:0-13;6:0-1;7:0-14;8:3-12;9:3-12
716,proposed_c2f_adaptive_pd_calibrated,8,10,0.8,20,300,0.06666666666666667,10,0,10,0.0,0.0,1225.3428641195703,344.40196525589135,1.0,10505.0,10505.0,0.0,14.007400022819638,"12,11,9,7,6,13,1,14,12,12",0:3-12;1:0-11;2:4-9;3:0-7;4:0-6;5:0-13;6:0-1;7:0-14;8:3-12;9:3-12
717,proposed_c2f_adaptive_pd,10,10,1.0,14,300,0.04666666666666667,11,1,10,640.0,1.0666666666666667,1076.2355170646392,781.6336289199747,1.0,9118.0,9118.0,0.0,5.345000012312084,"13,0,4,6,8,1,13,8,6,14","0:0-13;1:4-0;2:8-4;3:0-6;4:1-8;5:12-3,2-1;6:0-13;7:4-8;8:0-6;9:1-14"
717,proposed_c2f_adaptive_pd_calibrated,10,10,1.0,14,300,0.04666666666666667,11,1,10,640.0,1.0666666666666667,1076.2355170646392,781.6336289199747,1.0,9118.0,9118.0,0.0,15.468299970962107,"13,0,4,6,8,1,13,8,6,14","0:0-13;1:4-0;2:8-4;3:0-6;4:1-8;5:12-3,2-1;6:0-13;7:4-8;8:0-6;9:1-14"
718,proposed_c2f_adaptive_pd,9,10,0.9,13,300,0.043333333333333335,15,2,13,1280.0,2.1333333333333333,641.8871462830793,75.69263839806372,1.0,15300.0,15300.0,0.0,8.749600034207106,"11,12,12,2,7,3,11,9,3,2","0:0-11;1:3-12,9-12,12-3,7-12,12-7,4-12;2:3-12;3:0-2;4:2-7;5:12-3;6:2-11;7:0-9;8:12-3;9:0-2"
718,proposed_c2f_adaptive_pd_calibrated,9,10,0.9,13,300,0.043333333333333335,15,2,13,1280.0,2.1333333333333333,641.8871462830793,75.69263839806372,1.0,15300.0,15300.0,0.0,15.442300005815923,"11,12,12,2,7,3,11,9,3,2","0:0-11;1:3-12,9-12,12-3,7-12,12-7,4-12;2:3-12;3:0-2;4:2-7;5:12-3;6:2-11;7:0-9;8:12-3;9:0-2"
719,proposed_c2f_adaptive_pd,10,10,1.0,21,300,0.07,10,0,10,0.0,0.0,3191.3679207471914,1189.3203303028715,1.0,10967.0,10967.0,0.0,3.8512000464834273,"14,12,12,0,5,9,14,6,7,5",0:2-14;1:0-12;2:0-12;3:1-0;4:0-5;5:0-9;6:2-14;7:0-6;8:0-7;9:0-5
719,proposed_c2f_adaptive_pd_calibrated,10,10,1.0,22,300,0.07333333333333333,10,0,10,0.0,0.0,3191.3679207471914,1189.3203303028715,1.0,10967.0,10967.0,0.0,8.744099992327392,"14,12,12,0,5,9,14,6,7,5",0:2-14;1:0-12;2:0-12;3:1-0;4:0-5;5:0-9;6:2-14;7:0-6;8:0-7;9:0-5
720,proposed_c2f_adaptive_pd,10,10,1.0,16,300,0.05333333333333334,15,0,15,0.0,0.0,1732.5299671434325,150.3914571496362,1.0,15818.0,15818.0,0.0,7.269399997312576,"6,12,2,11,1,5,1,11,13,14","0:7-6;1:6-12;2:8-2,9-2,13-2,14-2;3:0-11;4:7-1;5:0-5;6:5-1;7:5-11,3-11,0-11;8:0-13;9:0-14"
720,proposed_c2f_adaptive_pd_calibrated,10,10,1.0,16,300,0.05333333333333334,15,0,15,0.0,0.0,1732.5299671434325,150.3914571496362,1.0,15818.0,15818.0,0.0,17.727700003888458,"6,12,2,11,1,5,1,11,13,14","0:7-6;1:6-12;2:8-2,9-2,13-2,14-2;3:0-11;4:7-1;5:0-5;6:5-1;7:5-11,3-11,0-11;8:0-13;9:0-14"
721,proposed_c2f_adaptive_pd,10,10,1.0,16,300,0.05333333333333334,11,0,11,0.0,0.0,76894270.51642433,270.6833049795983,1.0,9846.0,9846.0,0.0,6.807399971876293,"13,9,13,0,10,11,11,10,11,10","0:0-13;1:2-9;2:0-13;3:11-0,4-0;4:8-10;5:0-11;6:0-11;7:0-10;8:0-11;9:7-10"
721,proposed_c2f_adaptive_pd_calibrated,10,10,1.0,16,300,0.05333333333333334,11,0,11,0.0,0.0,76894270.51642433,270.6833049795983,1.0,9846.0,9846.0,0.0,13.229999982286245,"13,9,13,0,10,11,11,10,11,10","0:0-13;1:2-9;2:0-13;3:11-0,4-0;4:8-10;5:0-11;6:0-11;7:0-10;8:0-11;9:7-10"
722,proposed_c2f_adaptive_pd,10,10,1.0,20,300,0.06666666666666667,10,0,10,0.0,0.0,3810.3930544207133,671.4995943523646,1.0,8503.0,8503.0,0.0,6.095999968238175,"14,13,11,0,13,8,8,4,1,9",0:1-14;1:5-13;2:0-11;3:1-0;4:10-13;5:1-8;6:1-8;7:0-4;8:7-1;9:0-9
722,proposed_c2f_adaptive_pd_calibrated,10,10,1.0,20,300,0.06666666666666667,10,0,10,0.0,0.0,3810.3930544207133,671.4995943523646,1.0,8503.0,8503.0,0.0,11.82920002611354,"14,13,11,0,13,8,8,4,1,9",0:1-14;1:5-13;2:0-11;3:1-0;4:10-13;5:1-8;6:1-8;7:0-4;8:7-1;9:0-9
723,proposed_c2f_adaptive_pd,10,10,1.0,18,300,0.06,16,1,15,640.0,1.0666666666666667,594.4216881084906,46.50654407652862,1.0,10012.0,10012.0,0.0,9.119599999394268,"8,6,6,1,9,9,7,3,1,1","0:1-8,14-8,10-8,13-8,8-14,4-8;1:0-6;2:0-6;3:3-1;4:0-9;5:2-9;6:0-7;7:0-3;8:0-1;9:4-1,13-1"
723,proposed_c2f_adaptive_pd_calibrated,10,10,1.0,18,300,0.06,16,1,15,640.0,1.0666666666666667,594.4216881084906,46.50654407652862,1.0,10012.0,10012.0,0.0,21.644100022967905,"8,6,6,1,9,9,7,3,1,1","0:1-8,14-8,10-8,13-8,8-14,4-8;1:0-6;2:0-6;3:3-1;4:0-9;5:2-9;6:0-7;7:0-3;8:0-1;9:4-1,13-1"
724,proposed_c2f_adaptive_pd,10,10,1.0,14,300,0.04666666666666667,11,0,11,0.0,0.0,21599.141426836304,171.78849624524952,1.0,11096.0,11096.0,0.0,6.752000015694648,"5,7,8,4,6,12,2,2,0,7","0:0-5;1:6-7;2:0-8;3:0-4;4:0-6;5:0-12;6:0-2;7:0-2;8:2-0;9:2-7,11-7"
724,proposed_c2f_adaptive_pd_calibrated,10,10,1.0,14,300,0.04666666666666667,11,0,11,0.0,0.0,21599.141426836304,171.78849624524952,1.0,11096.0,11096.0,0.0,15.971000015269965,"5,7,8,4,6,12,2,2,0,7","0:0-5;1:6-7;2:0-8;3:0-4;4:0-6;5:0-12;6:0-2;7:0-2;8:2-0;9:2-7,11-7"
725,proposed_c2f_adaptive_pd,10,10,1.0,21,300,0.07,10,0,10,0.0,0.0,1010.4613744709717,225.24097900128618,1.0,9273.0,9273.0,0.0,6.136599986348301,"0,11,13,5,1,12,6,0,7,0",0:1-0;1:0-11;2:0-13;3:6-5;4:2-1;5:0-12;6:11-6;7:1-0;8:0-7;9:5-0
725,proposed_c2f_adaptive_pd_calibrated,10,10,1.0,21,300,0.07,10,0,10,0.0,0.0,1010.4613744709717,225.24097900128618,1.0,9273.0,9273.0,0.0,14.252800028771162,"0,11,13,5,1,12,6,0,7,0",0:1-0;1:0-11;2:0-13;3:6-5;4:2-1;5:0-12;6:11-6;7:1-0;8:0-7;9:5-0
726,proposed_c2f_adaptive_pd,10,10,1.0,17,300,0.056666666666666664,17,4,13,2560.0,4.266666666666667,14266.897687101222,116.3650753430588,1.0,18602.0,18602.0,0.0,6.062400003429502,"9,6,3,3,6,6,3,3,0,14","0:8-9,11-9;1:0-6;2:0-3;3:13-3;4:2-6;5:2-6;6:0-3;7:13-3,12-3;8:1-0,0-1,1-12,0-12,12-1,5-0;9:2-14"
726,proposed_c2f_adaptive_pd_calibrated,10,10,1.0,18,300,0.06,17,4,13,2560.0,4.266666666666667,14266.897687101222,116.3650753430588,1.0,18602.0,18602.0,0.0,16.760899976361543,"9,6,3,3,6,6,3,3,0,14","0:8-9,11-9;1:0-6;2:0-3;3:13-3;4:2-6;5:2-6;6:0-3;7:13-3,12-3;8:1-0,0-1,1-12,0-12,12-1,5-0;9:2-14"
727,proposed_c2f_adaptive_pd,9,10,0.9,20,300,0.06666666666666667,13,1,12,640.0,1.0666666666666667,1456.191952387799,244.11299139883195,1.0,14593.0,14593.0,0.0,7.2601999854668975,"13,3,11,8,8,11,2,13,9,12","0:0-13;1:1-3;2:0-11;3:0-8;4:1-8;5:11-6,6-11,12-11,10-11;6:0-2;7:0-13;8:1-9;9:0-12"
727,proposed_c2f_adaptive_pd_calibrated,9,10,0.9,20,300,0.06666666666666667,13,1,12,640.0,1.0666666666666667,1456.191952387799,244.11299139883195,1.0,14593.0,14593.0,0.0,13.805399998091161,"13,3,11,8,8,11,2,13,9,12","0:0-13;1:1-3;2:0-11;3:0-8;4:1-8;5:11-6,6-11,12-11,10-11;6:0-2;7:0-13;8:1-9;9:0-12"
728,proposed_c2f_adaptive_pd,10,10,1.0,19,300,0.06333333333333334,11,0,11,0.0,0.0,10147.747767874496,331.1985296412828,1.0,10788.0,10788.0,0.0,5.024799960665405,"9,7,9,2,5,13,7,6,13,4","0:0-9;1:0-7;2:3-9;3:1-2;4:0-5;5:5-13,2-13;6:1-7;7:0-6;8:1-13;9:6-4"
728,proposed_c2f_adaptive_pd_calibrated,10,10,1.0,19,300,0.06333333333333334,11,0,11,0.0,0.0,10147.747767874496,331.1985296412828,1.0,10788.0,10788.0,0.0,15.21889999276027,"9,7,9,2,5,13,7,6,13,4","0:0-9;1:0-7;2:3-9;3:1-2;4:0-5;5:5-13,2-13;6:1-7;7:0-6;8:1-13;9:6-4"
729,proposed_c2f_adaptive_pd,10,10,1.0,19,300,0.06333333333333334,10,0,10,0.0,0.0,119540.99004392498,1637.4792685455961,1.0,12199.0,12199.0,0.0,4.569799988530576,"13,11,11,1,1,0,9,11,14,6",0:14-13;1:0-11;2:4-11;3:0-1;4:0-1;5:1-0;6:0-9;7:1-11;8:0-14;9:0-6
729,proposed_c2f_adaptive_pd_calibrated,10,10,1.0,19,300,0.06333333333333334,10,0,10,0.0,0.0,119540.99004392498,1637.4792685455961,1.0,12199.0,12199.0,0.0,13.197600026614964,"13,11,11,1,1,0,9,11,14,6",0:14-13;1:0-11;2:4-11;3:0-1;4:0-1;5:1-0;6:0-9;7:1-11;8:0-14;9:0-6
730,proposed_c2f_adaptive_pd,10,10,1.0,10,300,0.03333333333333333,10,0,10,0.0,0.0,1629.7063142064535,112.78503004088509,1.0,10197.0,10197.0,0.0,6.015199993271381,"3,8,3,11,3,2,6,14,4,4",0:0-3;1:0-8;2:0-3;3:0-11;4:7-3;5:7-2;6:0-6;7:0-14;8:12-4;9:1-4
730,proposed_c2f_adaptive_pd_calibrated,10,10,1.0,10,300,0.03333333333333333,10,0,10,0.0,0.0,1629.7063142064535,112.78503004088509,1.0,10197.0,10197.0,0.0,12.913500017020851,"3,8,3,11,3,2,6,14,4,4",0:0-3;1:0-8;2:0-3;3:0-11;4:7-3;5:7-2;6:0-6;7:0-14;8:12-4;9:1-4
731,proposed_c2f_adaptive_pd,10,10,1.0,17,300,0.056666666666666664,10,0,10,0.0,0.0,3795.126864425901,128.33730504892685,1.0,10967.0,10967.0,0.0,4.810900019947439,"4,11,8,3,8,8,8,6,6,13",0:5-4;1:0-11;2:2-8;3:0-3;4:2-8;5:0-8;6:0-8;7:3-6;8:10-6;9:0-13
731,proposed_c2f_adaptive_pd_calibrated,10,10,1.0,18,300,0.06,10,0,10,0.0,0.0,3795.126864425901,128.33730504892685,1.0,10967.0,10967.0,0.0,12.51069997670129,"4,11,8,3,8,8,8,6,6,13",0:5-4;1:0-11;2:2-8;3:0-3;4:2-8;5:0-8;6:0-8;7:3-6;8:10-6;9:0-13
732,proposed_c2f_adaptive_pd,10,10,1.0,11,300,0.03666666666666667,10,1,9,640.0,1.0666666666666667,441.24111773462164,194.7751520852833,1.0,11072.0,11072.0,0.0,3.5777000011876225,"9,10,11,8,13,13,10,10,8,1",0:1-9;1:10-2;2:0-11;3:3-8;4:0-13;5:1-13;6:0-10;7:1-10;8:1-8;9:2-1
732,proposed_c2f_adaptive_pd_calibrated,10,10,1.0,12,300,0.04,10,1,9,640.0,1.0666666666666667,441.24111773462164,194.7751520852833,1.0,11072.0,11072.0,0.0,11.990099970716983,"9,10,11,8,13,13,10,10,8,1",0:1-9;1:10-2;2:0-11;3:3-8;4:0-13;5:1-13;6:0-10;7:1-10;8:1-8;9:2-1
733,proposed_c2f_adaptive_pd,10,10,1.0,18,300,0.06,13,1,12,640.0,1.0666666666666667,43535.09441587345,660.585718788819,1.0,13230.0,13230.0,0.0,4.907999944407493,"13,6,8,7,1,6,2,14,7,14","0:0-13;1:1-6;2:0-8;3:2-7;4:0-1;5:6-2,2-6,14-6,4-6;6:1-2;7:4-14;8:4-7;9:4-14"
733,proposed_c2f_adaptive_pd_calibrated,10,10,1.0,19,300,0.06333333333333334,13,1,12,640.0,1.0666666666666667,43535.09441587345,660.585718788819,1.0,13230.0,13230.0,0.0,14.472600014414638,"13,6,8,7,1,6,2,14,7,14","0:0-13;1:1-6;2:0-8;3:2-7;4:0-1;5:6-2,2-6,14-6,4-6;6:1-2;7:4-14;8:4-7;9:4-14"
734,proposed_c2f_adaptive_pd,10,10,1.0,20,300,0.06666666666666667,12,0,12,0.0,0.0,6149.044795100426,1072.1516839518963,1.0,14654.0,14654.0,0.0,6.712100002914667,"2,8,11,12,6,14,0,13,14,4","0:0-2;1:1-8;2:0-11;3:0-12;4:1-6;5:5-14;6:1-0;7:0-13;8:4-14,5-14,7-14;9:0-4"
734,proposed_c2f_adaptive_pd_calibrated,10,10,1.0,20,300,0.06666666666666667,12,0,12,0.0,0.0,6149.044795100426,1072.1516839518963,1.0,14654.0,14654.0,0.0,12.640200031455606,"2,8,11,12,6,14,0,13,14,4","0:0-2;1:1-8;2:0-11;3:0-12;4:1-6;5:5-14;6:1-0;7:0-13;8:4-14,5-14,7-14;9:0-4"
735,proposed_c2f_adaptive_pd,10,10,1.0,15,300,0.05,10,0,10,0.0,0.0,7165.666528125401,306.534195541274,1.0,9231.0,9231.0,0.0,4.485999990720302,"9,5,1,9,14,11,12,13,3,1",0:0-9;1:6-5;2:0-1;3:0-9;4:0-14;5:0-11;6:1-12;7:2-13;8:12-3;9:3-1
735,proposed_c2f_adaptive_pd_calibrated,10,10,1.0,15,300,0.05,10,0,10,0.0,0.0,7165.666528125401,306.534195541274,1.0,9231.0,9231.0,0.0,10.536100016906857,"9,5,1,9,14,11,12,13,3,1",0:0-9;1:6-5;2:0-1;3:0-9;4:0-14;5:0-11;6:1-12;7:2-13;8:12-3;9:3-1
736,proposed_c2f_adaptive_pd,10,10,1.0,16,300,0.05333333333333334,21,3,18,1920.0,3.2,2979.857909831745,369.57410235015345,1.0,21119.0,21119.0,0.0,10.05870004883036,"2,4,5,0,7,6,8,6,11,14","0:11-2,5-2;1:2-4;2:2-5;3:6-0;4:0-7,7-6,7-0,8-7,6-7,14-7;5:0-6;6:14-8,8-14,6-8,7-8,3-8,0-8;7:0-6;8:2-11;9:1-14"
736,proposed_c2f_adaptive_pd_calibrated,10,10,1.0,16,300,0.05333333333333334,21,3,18,1920.0,3.2,2979.857909831745,369.57410235015345,1.0,21119.0,21119.0,0.0,28.60249998047948,"2,4,5,0,7,6,8,6,11,14","0:11-2,5-2;1:2-4;2:2-5;3:6-0;4:0-7,7-6,7-0,8-7,6-7,14-7;5:0-6;6:14-8,8-14,6-8,7-8,3-8,0-8;7:0-6;8:2-11;9:1-14"
737,proposed_c2f_adaptive_pd,10,10,1.0,19,300,0.06333333333333334,13,1,12,640.0,1.0666666666666667,289.2470218193839,115.0144836131279,1.0,21968.0,21968.0,0.0,7.785000023432076,"10,7,3,6,6,3,3,11,3,12","0:1-10,0-10;1:2-7;2:14-3;3:0-6;4:0-6;5:1-3;6:5-3;7:0-11;8:0-3;9:9-12,12-9,6-12"
737,proposed_c2f_adaptive_pd_calibrated,10,10,1.0,19,300,0.06333333333333334,13,1,12,640.0,1.0666666666666667,289.2470218193839,115.0144836131279,1.0,21968.0,21968.0,0.0,18.52749998215586,"10,7,3,6,6,3,3,11,3,12","0:1-10,0-10;1:2-7;2:14-3;3:0-6;4:0-6;5:1-3;6:5-3;7:0-11;8:0-3;9:9-12,12-9,6-12"
738,proposed_c2f_adaptive_pd,10,10,1.0,10,300,0.03333333333333333,15,2,13,1280.0,2.1333333333333333,599830.022701494,220.8073861580774,1.0,13877.0,13877.0,0.0,8.208299987018108,"5,12,7,7,0,11,13,12,9,2","0:0-5;1:0-12;2:12-7,12-2,2-7,7-2,0-7,1-7;3:1-7;4:1-0;5:0-11;6:2-13;7:0-12;8:0-9;9:0-2"
738,proposed_c2f_adaptive_pd_calibrated,10,10,1.0,10,300,0.03333333333333333,15,2,13,1280.0,2.1333333333333333,599830.022701494,220.8073861580774,1.0,13877.0,13877.0,0.0,20.350200007669628,"5,12,7,7,0,11,13,12,9,2","0:0-5;1:0-12;2:12-7,12-2,2-7,7-2,0-7,1-7;3:1-7;4:1-0;5:0-11;6:2-13;7:0-12;8:0-9;9:0-2"
739,proposed_c2f_adaptive_pd,9,10,0.9,12,300,0.04,13,1,12,640.0,1.0666666666666667,2313.8207142598394,251.43296822376715,1.0,12899.0,12899.0,0.0,6.336199992801994,"4,11,5,3,11,13,13,12,4,1","0:0-4;1:1-11;2:0-5;3:0-3;4:13-11,13-6,6-11,1-11;5:2-13;6:6-13;7:0-12;8:1-4;9:0-1"
739,proposed_c2f_adaptive_pd_calibrated,9,10,0.9,12,300,0.04,13,1,12,640.0,1.0666666666666667,2313.8207142598394,251.43296822376715,1.0,12899.0,12899.0,0.0,17.776599968783557,"4,11,5,3,11,13,13,12,4,1","0:0-4;1:1-11;2:0-5;3:0-3;4:13-11,13-6,6-11,1-11;5:2-13;6:6-13;7:0-12;8:1-4;9:0-1"
740,proposed_c2f_adaptive_pd,10,10,1.0,15,300,0.05,10,0,10,0.0,0.0,723.0708525949743,234.9994925200209,1.0,8811.0,8811.0,0.0,6.179399963002652,"13,12,7,2,11,4,12,5,14,0",0:4-13;1:0-12;2:4-7;3:0-2;4:0-11;5:3-4;6:0-12;7:11-5;8:3-14;9:2-0
740,proposed_c2f_adaptive_pd_calibrated,10,10,1.0,15,300,0.05,10,0,10,0.0,0.0,723.0708525949743,234.9994925200209,1.0,8811.0,8811.0,0.0,10.435800009872764,"13,12,7,2,11,4,12,5,14,0",0:4-13;1:0-12;2:4-7;3:0-2;4:0-11;5:3-4;6:0-12;7:11-5;8:3-14;9:2-0
741,proposed_c2f_adaptive_pd,10,10,1.0,24,300,0.08,10,0,10,0.0,0.0,14662.455855162985,229.36558044349314,1.0,15622.0,15622.0,0.0,6.0523999854922295,"13,7,5,11,13,14,7,5,5,13",0:14-13;1:0-7;2:6-5;3:1-11;4:0-13;5:0-14;6:0-7;7:1-5;8:3-5;9:0-13
741,proposed_c2f_adaptive_pd_calibrated,10,10,1.0,25,300,0.08333333333333333,10,0,10,0.0,0.0,14662.455855162985,229.36558044349314,1.0,15622.0,15622.0,0.0,9.595500014256686,"13,7,5,11,13,14,7,5,5,13",0:14-13;1:0-7;2:6-5;3:1-11;4:0-13;5:0-14;6:0-7;7:1-5;8:3-5;9:0-13
742,proposed_c2f_adaptive_pd,10,10,1.0,9,300,0.03,12,1,11,640.0,1.0666666666666667,83138.4018135557,465.73659088981844,1.0,7163.0,7163.0,0.0,4.940300015732646,"14,4,6,4,12,14,11,5,4,3","0:3-14;1:1-4;2:0-6;3:2-4,11-4;4:1-12;5:0-14;6:6-11;7:0-5;8:4-2,2-4;9:8-3"
742,proposed_c2f_adaptive_pd_calibrated,10,10,1.0,9,300,0.03,12,1,11,640.0,1.0666666666666667,83138.4018135557,465.73659088981844,1.0,7163.0,7163.0,0.0,13.952100009191781,"14,4,6,4,12,14,11,5,4,3","0:3-14;1:1-4;2:0-6;3:2-4,11-4;4:1-12;5:0-14;6:6-11;7:0-5;8:4-2,2-4;9:8-3"
743,proposed_c2f_adaptive_pd,10,10,1.0,15,300,0.05,10,0,10,0.0,0.0,530.9670573382712,332.0039163436194,1.0,11275.0,11275.0,0.0,5.597799958195537,"0,2,5,13,8,10,8,0,5,0",0:1-0;1:0-2;2:2-5;3:0-13;4:0-8;5:0-10;6:4-8;7:1-0;8:4-5;9:3-0
743,proposed_c2f_adaptive_pd_calibrated,10,10,1.0,15,300,0.05,10,0,10,0.0,0.0,530.9670573382712,332.0039163436194,1.0,11275.0,11275.0,0.0,12.188899971079081,"0,2,5,13,8,10,8,0,5,0",0:1-0;1:0-2;2:2-5;3:0-13;4:0-8;5:0-10;6:4-8;7:1-0;8:4-5;9:3-0
744,proposed_c2f_adaptive_pd,10,10,1.0,11,300,0.03666666666666667,10,0,10,0.0,0.0,848.1115407954301,263.9747944866744,1.0,9889.0,9889.0,0.0,5.968799989204854,"11,5,3,3,0,12,5,5,5,1",0:0-11;1:0-5;2:2-3;3:1-3;4:14-0;5:2-12;6:1-5;7:1-5;8:0-5;9:4-1
744,proposed_c2f_adaptive_pd_calibrated,10,10,1.0,11,300,0.03666666666666667,10,0,10,0.0,0.0,848.1115407954301,263.9747944866744,1.0,9889.0,9889.0,0.0,14.07380000455305,"11,5,3,3,0,12,5,5,5,1",0:0-11;1:0-5;2:2-3;3:1-3;4:14-0;5:2-12;6:1-5;7:1-5;8:0-5;9:4-1
745,proposed_c2f_adaptive_pd,10,10,1.0,11,300,0.03666666666666667,10,0,10,0.0,0.0,1149.9592990835968,630.0028150517815,1.0,9273.0,9273.0,0.0,5.4441000102087855,"0,9,1,8,10,7,1,9,14,7",0:1-0;1:2-9;2:2-1;3:0-8;4:1-10;5:0-7;6:2-1;7:3-9;8:2-14;9:0-7
745,proposed_c2f_adaptive_pd_calibrated,10,10,1.0,13,300,0.043333333333333335,10,0,10,0.0,0.0,1149.9592990835968,630.0028150517815,1.0,9273.0,9273.0,0.0,11.376800015568733,"0,9,1,8,10,7,1,9,14,7",0:1-0;1:2-9;2:2-1;3:0-8;4:1-10;5:0-7;6:2-1;7:3-9;8:2-14;9:0-7
746,proposed_c2f_adaptive_pd,10,10,1.0,11,300,0.03666666666666667,10,0,10,0.0,0.0,7353.8699045173635,121.98323960434917,1.0,7887.0,7887.0,0.0,3.8822999922558665,"0,2,4,2,10,9,3,2,4,1",0:1-0;1:1-2;2:0-4;3:0-2;4:1-10;5:0-9;6:0-3;7:5-2;8:0-4;9:2-1
746,proposed_c2f_adaptive_pd_calibrated,10,10,1.0,11,300,0.03666666666666667,10,0,10,0.0,0.0,7353.8699045173635,121.98323960434917,1.0,7887.0,7887.0,0.0,11.587600049097091,"0,2,4,2,10,9,3,2,4,1",0:1-0;1:1-2;2:0-4;3:0-2;4:1-10;5:0-9;6:0-3;7:5-2;8:0-4;9:2-1
747,proposed_c2f_adaptive_pd,9,10,0.9,13,300,0.043333333333333335,14,2,12,1280.0,2.1333333333333333,702.0565435091529,175.04180112802717,1.0,20121.0,20121.0,0.0,8.223199984058738,"14,5,3,13,3,13,2,13,13,5","0:1-14;1:0-5;2:7-3;3:13-7,7-13,8-13;4:12-3;5:1-13;6:1-2;7:7-13,13-7,8-13;8:8-13;9:1-5"
747,proposed_c2f_adaptive_pd_calibrated,9,10,0.9,13,300,0.043333333333333335,14,2,12,1280.0,2.1333333333333333,702.0565435091529,175.04180112802717,1.0,20121.0,20121.0,0.0,15.28120000148192,"14,5,3,13,3,13,2,13,13,5","0:1-14;1:0-5;2:7-3;3:13-7,7-13,8-13;4:12-3;5:1-13;6:1-2;7:7-13,13-7,8-13;8:8-13;9:1-5"
748,proposed_c2f_adaptive_pd,10,10,1.0,24,300,0.08,14,1,13,640.0,1.0666666666666667,6746.02828407941,215.9196429330419,1.0,14933.0,14933.0,0.0,6.998499971814454,"5,10,2,6,10,5,10,5,10,9","0:0-5;1:0-10;2:0-2;3:0-6;4:2-10;5:0-5;6:9-10;7:0-5;8:4-10;9:14-9,9-14,6-9,3-9,10-9"
748,proposed_c2f_adaptive_pd_calibrated,10,10,1.0,24,300,0.08,14,1,13,640.0,1.0666666666666667,6746.02828407941,215.9196429330419,1.0,14933.0,14933.0,0.0,18.029199971351773,"5,10,2,6,10,5,10,5,10,9","0:0-5;1:0-10;2:0-2;3:0-6;4:2-10;5:0-5;6:9-10;7:0-5;8:4-10;9:14-9,9-14,6-9,3-9,10-9"
749,proposed_c2f_adaptive_pd,10,10,1.0,13,300,0.043333333333333335,16,4,12,2560.0,4.266666666666667,18944.89846225524,167.95039534221382,1.0,17031.0,17031.0,0.0,7.503199973143637,"6,3,6,3,1,6,8,14,1,6","0:1-6,6-1,13-6,6-13,13-1,1-13;1:2-3;2:1-6;3:4-3;4:0-1;5:1-6,8-6;6:1-8;7:0-14;8:6-1;9:8-6"
749,proposed_c2f_adaptive_pd_calibrated,10,10,1.0,13,300,0.043333333333333335,16,4,12,2560.0,4.266666666666667,18944.89846225524,167.95039534221382,1.0,17031.0,17031.0,0.0,21.4583000051789,"6,3,6,3,1,6,8,14,1,6","0:1-6,6-1,13-6,6-13,13-1,1-13;1:2-3;2:1-6;3:4-3;4:0-1;5:1-6,8-6;6:1-8;7:0-14;8:6-1;9:8-6"
750,proposed_c2f_adaptive_pd,10,10,1.0,19,300,0.06333333333333334,10,0,10,0.0,0.0,589.2275969430391,280.5785280068907,1.0,10967.0,10967.0,0.0,5.852100031916052,"1,11,8,10,9,11,11,13,9,8",0:0-1;1:3-11;2:0-8;3:0-10;4:0-9;5:1-11;6:1-11;7:4-13;8:14-9;9:0-8
750,proposed_c2f_adaptive_pd_calibrated,10,10,1.0,20,300,0.06666666666666667,10,0,10,0.0,0.0,589.2275969430391,280.5785280068907,1.0,10967.0,10967.0,0.0,13.44110001809895,"1,11,8,10,9,11,11,13,9,8",0:0-1;1:3-11;2:0-8;3:0-10;4:0-9;5:1-11;6:1-11;7:4-13;8:14-9;9:0-8
751,proposed_c2f_adaptive_pd,10,10,1.0,12,300,0.04,10,0,10,0.0,0.0,10280.258785820119,644.6451064232317,1.0,10505.0,10505.0,0.0,6.628900009673089,"5,7,11,12,5,0,5,8,7,11",0:0-5;1:4-7;2:1-11;3:4-12;4:0-5;5:2-0;6:0-5;7:0-8;8:6-7;9:0-11
751,proposed_c2f_adaptive_pd_calibrated,10,10,1.0,12,300,0.04,10,0,10,0.0,0.0,10280.258785820119,644.6451064232317,1.0,10505.0,10505.0,0.0,9.887999971397221,"5,7,11,12,5,0,5,8,7,11",0:0-5;1:4-7;2:1-11;3:4-12;4:0-5;5:2-0;6:0-5;7:0-8;8:6-7;9:0-11
752,proposed_c2f_adaptive_pd,9,10,0.9,13,300,0.043333333333333335,10,0,10,0.0,0.0,1351.8567684491125,99.73273931630614,1.0,11254.0,11254.0,0.0,5.243599996902049,"14,6,7,13,6,13,6,9,0,14",0:4-14;1:3-6;2:1-7;3:0-13;4:14-6;5:3-13;6:1-6;7:1-9;8:10-0;9:1-14
752,proposed_c2f_adaptive_pd_calibrated,9,10,0.9,13,300,0.043333333333333335,10,0,10,0.0,0.0,1351.8567684491125,99.73273931630614,1.0,11254.0,11254.0,0.0,13.40409996919334,"14,6,7,13,6,13,6,9,0,14",0:4-14;1:3-6;2:1-7;3:0-13;4:14-6;5:3-13;6:1-6;7:1-9;8:10-0;9:1-14
753,proposed_c2f_adaptive_pd,9,10,0.9,16,300,0.05333333333333334,10,0,10,0.0,0.0,3533.7902096966345,266.88294056529804,1.0,13052.0,13052.0,0.0,6.15899998228997,"10,7,9,4,2,7,2,5,13,7",0:5-10;1:0-7;2:2-9;3:1-4;4:0-2;5:0-7;6:0-2;7:0-5;8:0-13;9:0-7
753,proposed_c2f_adaptive_pd_calibrated,9,10,0.9,17,300,0.056666666666666664,10,0,10,0.0,0.0,3533.7902096966345,266.88294056529804,1.0,13052.0,13052.0,0.0,9.353699977509677,"10,7,9,4,2,7,2,5,13,7",0:5-10;1:0-7;2:2-9;3:1-4;4:0-2;5:0-7;6:0-2;7:0-5;8:0-13;9:0-7
754,proposed_c2f_adaptive_pd,10,10,1.0,10,300,0.03333333333333333,10,0,10,0.0,0.0,45458.52037253209,208.20141311611053,1.0,12353.0,12353.0,0.0,6.041799962986261,"14,8,0,9,7,0,7,1,0,3",0:2-14;1:0-8;2:1-0;3:0-9;4:1-7;5:1-0;6:0-7;7:2-1;8:1-0;9:0-3
754,proposed_c2f_adaptive_pd_calibrated,10,10,1.0,10,300,0.03333333333333333,10,0,10,0.0,0.0,45458.52037253209,208.20141311611053,1.0,12353.0,12353.0,0.0,10.267000005114824,"14,8,0,9,7,0,7,1,0,3",0:2-14;1:0-8;2:1-0;3:0-9;4:1-7;5:1-0;6:0-7;7:2-1;8:1-0;9:0-3
755,proposed_c2f_adaptive_pd,10,10,1.0,14,300,0.04666666666666667,12,0,12,0.0,0.0,1019.8514341233491,402.5529783834471,1.0,13402.0,13402.0,0.0,5.3456000168807805,"4,3,4,2,7,2,11,8,1,1","0:14-4,6-4,7-4;1:2-3;2:14-4;3:0-2;4:2-7;5:0-2;6:2-11;7:0-8;8:0-1;9:0-1"
755,proposed_c2f_adaptive_pd_calibrated,10,10,1.0,14,300,0.04666666666666667,12,0,12,0.0,0.0,1019.8514341233491,402.5529783834471,1.0,13402.0,13402.0,0.0,15.982599987182766,"4,3,4,2,7,2,11,8,1,1","0:14-4,6-4,7-4;1:2-3;2:14-4;3:0-2;4:2-7;5:0-2;6:2-11;7:0-8;8:0-1;9:0-1"
756,proposed_c2f_adaptive_pd,10,10,1.0,12,300,0.04,14,0,14,0.0,0.0,4934.544005003895,170.52529319281552,1.0,12831.0,12831.0,0.0,7.037900038994849,"3,0,1,13,14,1,9,3,2,6","0:1-3;1:1-0;2:3-1;3:1-13,14-13;4:13-14,1-14,4-14,7-14;5:6-1;6:1-9;7:0-3;8:5-2;9:0-6"
756,proposed_c2f_adaptive_pd_calibrated,10,10,1.0,12,300,0.04,14,0,14,0.0,0.0,4934.544005003895,170.52529319281552,1.0,12831.0,12831.0,0.0,17.20589998876676,"3,0,1,13,14,1,9,3,2,6","0:1-3;1:1-0;2:3-1;3:1-13,14-13;4:13-14,1-14,4-14,7-14;5:6-1;6:1-9;7:0-3;8:5-2;9:0-6"
757,proposed_c2f_adaptive_pd,9,10,0.9,8,300,0.02666666666666667,11,0,11,0.0,0.0,1670.4450196331236,98.5619085718981,1.0,11824.0,11824.0,0.0,5.725199996959418,"13,9,13,13,10,5,1,13,9,6","0:2-13;1:1-9;2:2-13;3:1-13;4:12-10,5-10;5:2-5;6:0-1;7:0-13;8:0-9;9:0-6"
757,proposed_c2f_adaptive_pd_calibrated,9,10,0.9,8,300,0.02666666666666667,11,0,11,0.0,0.0,1670.4450196331236,98.5619085718981,1.0,11824.0,11824.0,0.0,11.395599984098226,"13,9,13,13,10,5,1,13,9,6","0:2-13;1:1-9;2:2-13;3:1-13;4:12-10,5-10;5:2-5;6:0-1;7:0-13;8:0-9;9:0-6"
758,proposed_c2f_adaptive_pd,10,10,1.0,17,300,0.056666666666666664,10,0,10,0.0,0.0,6673.6111928583005,176.2757398356456,1.0,11583.0,11583.0,0.0,5.677300039678812,"1,4,14,6,8,7,8,7,1,0",0:11-1;1:0-4;2:8-14;3:2-6;4:2-8;5:0-7;6:0-8;7:1-7;8:3-1;9:5-0
758,proposed_c2f_adaptive_pd_calibrated,10,10,1.0,17,300,0.056666666666666664,10,0,10,0.0,0.0,6673.6111928583005,176.2757398356456,1.0,11583.0,11583.0,0.0,12.344299990218133,"1,4,14,6,8,7,8,7,1,0",0:11-1;1:0-4;2:8-14;3:2-6;4:2-8;5:0-7;6:0-8;7:1-7;8:3-1;9:5-0
759,proposed_c2f_adaptive_pd,10,10,1.0,19,300,0.06333333333333334,10,0,10,0.0,0.0,500.35790176243063,50.570400659280395,1.0,11618.0,11618.0,0.0,6.13240001257509,"3,5,8,13,11,7,14,7,2,11",0:0-3;1:0-5;2:0-8;3:0-13;4:1-11;5:13-7;6:0-14;7:13-7;8:9-2;9:1-11
759,proposed_c2f_adaptive_pd_calibrated,10,10,1.0,19,300,0.06333333333333334,10,0,10,0.0,0.0,500.35790176243063,50.570400659280395,1.0,11618.0,11618.0,0.0,13.142600015271455,"3,5,8,13,11,7,14,7,2,11",0:0-3;1:0-5;2:0-8;3:0-13;4:1-11;5:13-7;6:0-14;7:13-7;8:9-2;9:1-11
760,proposed_c2f_adaptive_pd,10,10,1.0,18,300,0.06,10,0,10,0.0,0.0,63626.39588483138,509.80533776148377,1.0,11800.0,11800.0,0.0,4.261499969288707,"13,14,0,10,3,1,10,9,4,13",0:0-13;1:0-14;2:6-0;3:0-10;4:10-3;5:0-1;6:12-10;7:0-9;8:8-4;9:0-13
760,proposed_c2f_adaptive_pd_calibrated,10,10,1.0,18,300,0.06,10,0,10,0.0,0.0,63626.39588483138,509.80533776148377,1.0,11800.0,11800.0,0.0,12.345399998594075,"13,14,0,10,3,1,10,9,4,13",0:0-13;1:0-14;2:6-0;3:0-10;4:10-3;5:0-1;6:12-10;7:0-9;8:8-4;9:0-13
761,proposed_c2f_adaptive_pd,10,10,1.0,16,300,0.05333333333333334,15,1,14,640.0,1.0666666666666667,26740.006278876892,1312.6497743370724,1.0,17209.0,17209.0,0.0,8.142700011376292,"0,14,14,10,5,2,5,13,5,2","0:2-0;1:13-14,1-14,14-13,9-14,8-14,7-14;2:1-14;3:0-10;4:0-5;5:0-2;6:0-5;7:0-13;8:0-5;9:0-2"
761,proposed_c2f_adaptive_pd_calibrated,10,10,1.0,16,300,0.05333333333333334,15,1,14,640.0,1.0666666666666667,26740.006278876892,1312.6497743370724,1.0,17209.0,17209.0,0.0,17.918900004588068,"0,14,14,10,5,2,5,13,5,2","0:2-0;1:13-14,1-14,14-13,9-14,8-14,7-14;2:1-14;3:0-10;4:0-5;5:0-2;6:0-5;7:0-13;8:0-5;9:0-2"
762,proposed_c2f_adaptive_pd,10,10,1.0,10,300,0.03333333333333333,10,0,10,0.0,0.0,846.9633849418224,333.7512922304602,1.0,9230.0,9230.0,0.0,5.1506999880075455,"12,0,13,0,3,5,3,8,14,10",0:4-12;1:1-0;2:0-13;3:1-0;4:2-3;5:4-5;6:2-3;7:1-8;8:0-14;9:5-10
762,proposed_c2f_adaptive_pd_calibrated,10,10,1.0,10,300,0.03333333333333333,10,0,10,0.0,0.0,846.9633849418224,333.7512922304602,1.0,9230.0,9230.0,0.0,13.073999958578497,"12,0,13,0,3,5,3,8,14,10",0:4-12;1:1-0;2:0-13;3:1-0;4:2-3;5:4-5;6:2-3;7:1-8;8:0-14;9:5-10
763,proposed_c2f_adaptive_pd,10,10,1.0,13,300,0.043333333333333335,18,1,17,640.0,1.0666666666666667,4770.990584790112,780.9193913843583,1.0,16826.0,16826.0,0.0,6.552899954840541,"10,5,7,3,8,8,9,5,5,6","0:1-10;1:7-5,5-7,8-5,9-5,14-5;2:3-7;3:1-3;4:0-8;5:0-8;6:5-9,10-9;7:8-5,14-5,7-5,9-5;8:7-5;9:0-6"
763,proposed_c2f_adaptive_pd_calibrated,10,10,1.0,13,300,0.043333333333333335,18,1,17,640.0,1.0666666666666667,4770.990584790112,780.9193913843583,1.0,16826.0,16826.0,0.0,19.59889999125153,"10,5,7,3,8,8,9,5,5,6","0:1-10;1:7-5,5-7,8-5,9-5,14-5;2:3-7;3:1-3;4:0-8;5:0-8;6:5-9,10-9;7:8-5,14-5,7-5,9-5;8:7-5;9:0-6"
764,proposed_c2f_adaptive_pd,10,10,1.0,14,300,0.04666666666666667,10,0,10,0.0,0.0,668.8802439633026,153.20951063704348,1.0,10407.0,10407.0,0.0,4.438699979800731,"14,5,10,6,14,7,1,11,8,7",0:1-14;1:0-5;2:0-10;3:7-6;4:6-14;5:0-7;6:3-1;7:1-11;8:0-8;9:3-7
764,proposed_c2f_adaptive_pd_calibrated,10,10,1.0,14,300,0.04666666666666667,10,0,10,0.0,0.0,668.8802439633026,153.20951063704348,1.0,10407.0,10407.0,0.0,8.660699997562915,"14,5,10,6,14,7,1,11,8,7",0:1-14;1:0-5;2:0-10;3:7-6;4:6-14;5:0-7;6:3-1;7:1-11;8:0-8;9:3-7
765,proposed_c2f_adaptive_pd,9,10,0.9,11,300,0.03666666666666667,22,3,19,1920.0,3.2,12933.260965696363,135.6898342935706,0.9545454545454546,22276.0,22276.0,0.0,11.886499996762723,"4,13,0,0,13,6,8,10,11,13","0:12-4;1:11-13,7-13,13-7,4-13,12-13,10-13;2:1-0;3:1-0;4:11-13,4-13,12-13;5:0-6;6:2-8;7:1-10;8:3-11;9:7-13,13-7,11-13,4-13,12-13,13-4"
765,proposed_c2f_adaptive_pd_calibrated,9,10,0.9,12,300,0.04,22,3,19,1920.0,3.2,12933.260965696363,135.6898342935706,0.9545454545454546,22276.0,22276.0,0.0,27.05279999645427,"4,13,0,0,13,6,8,10,11,13","0:12-4;1:11-13,7-13,13-7,4-13,12-13,10-13;2:1-0;3:1-0;4:11-13,4-13,12-13;5:0-6;6:2-8;7:1-10;8:3-11;9:7-13,13-7,11-13,4-13,12-13,13-4"
766,proposed_c2f_adaptive_pd,10,10,1.0,10,300,0.03333333333333333,15,1,14,640.0,1.0666666666666667,50355.49842030936,2649.457705813908,1.0,12099.0,12099.0,0.0,5.191899952478707,"2,6,14,9,3,10,6,2,2,3","0:1-2;1:0-6;2:8-14;3:1-9;4:0-3;5:0-10;6:0-6;7:1-2;8:14-2,8-2,1-2,14-7,6-2,0-2;9:0-3"
766,proposed_c2f_adaptive_pd_calibrated,10,10,1.0,10,300,0.03333333333333333,15,1,14,640.0,1.0666666666666667,50355.49842030936,2649.457705813908,1.0,12099.0,12099.0,0.0,20.873799978289753,"2,6,14,9,3,10,6,2,2,3","0:1-2;1:0-6;2:8-14;3:1-9;4:0-3;5:0-10;6:0-6;7:1-2;8:14-2,8-2,1-2,14-7,6-2,0-2;9:0-3"
767,proposed_c2f_adaptive_pd,10,10,1.0,17,300,0.056666666666666664,13,1,12,640.0,1.0666666666666667,4664.374888189783,230.52191817203132,1.0,14932.0,14932.0,0.0,6.18870003381744,"12,9,11,0,2,14,7,6,11,9","0:0-12;1:0-9;2:0-11;3:0-3,2-0;4:9-2;5:0-14;6:11-7,10-7,12-7;7:0-6;8:5-11;9:2-9"
767,proposed_c2f_adaptive_pd_calibrated,10,10,1.0,17,300,0.056666666666666664,13,1,12,640.0,1.0666666666666667,4664.374888189783,230.52191817203132,1.0,14932.0,14932.0,0.0,15.402499993797392,"12,9,11,0,2,14,7,6,11,9","0:0-12;1:0-9;2:0-11;3:0-3,2-0;4:9-2;5:0-14;6:11-7,10-7,12-7;7:0-6;8:5-11;9:2-9"
768,proposed_c2f_adaptive_pd,10,10,1.0,13,300,0.043333333333333335,10,0,10,0.0,0.0,5217.583238032979,1271.3137387201327,1.0,10967.0,10967.0,0.0,6.2046999810263515,"4,6,6,2,4,11,6,7,3,6",0:0-4;1:0-6;2:0-6;3:6-2;4:0-4;5:3-11;6:0-6;7:0-7;8:0-3;9:0-6
768,proposed_c2f_adaptive_pd_calibrated,10,10,1.0,13,300,0.043333333333333335,10,0,10,0.0,0.0,5217.583238032979,1271.3137387201327,1.0,10967.0,10967.0,0.0,10.709399997722358,"4,6,6,2,4,11,6,7,3,6",0:0-4;1:0-6;2:0-6;3:6-2;4:0-4;5:3-11;6:0-6;7:0-7;8:0-3;9:0-6
769,proposed_c2f_adaptive_pd,9,10,0.9,20,300,0.06666666666666667,10,0,10,0.0,0.0,268.05362785531105,66.2410335084613,1.0,8559.0,8559.0,0.0,5.928599974140525,"8,6,4,8,6,12,4,1,13,6",0:0-8;1:12-6;2:9-4;3:0-8;4:11-6;5:11-12;6:9-4;7:2-1;8:0-13;9:1-6
769,proposed_c2f_adaptive_pd_calibrated,9,10,0.9,20,300,0.06666666666666667,10,0,10,0.0,0.0,268.05362785531105,66.2410335084613,1.0,8559.0,8559.0,0.0,13.653600006364286,"8,6,4,8,6,12,4,1,13,6",0:0-8;1:12-6;2:9-4;3:0-8;4:11-6;5:11-12;6:9-4;7:2-1;8:0-13;9:1-6
770,proposed_c2f_adaptive_pd,10,10,1.0,14,300,0.04666666666666667,10,0,10,0.0,0.0,115457.37413920143,500.0326103516503,1.0,12759.0,12759.0,0.0,5.849100009072572,"10,10,12,11,0,11,13,8,10,14",0:0-10;1:0-10;2:0-12;3:1-11;4:9-0;5:0-11;6:0-13;7:0-8;8:0-10;9:0-14
770,proposed_c2f_adaptive_pd_calibrated,10,10,1.0,14,300,0.04666666666666667,10,0,10,0.0,0.0,115457.37413920143,500.0326103516503,1.0,12759.0,12759.0,0.0,8.629099989775568,"10,10,12,11,0,11,13,8,10,14",0:0-10;1:0-10;2:0-12;3:1-11;4:9-0;5:0-11;6:0-13;7:0-8;8:0-10;9:0-14
771,proposed_c2f_adaptive_pd,10,10,1.0,7,300,0.023333333333333334,17,1,16,640.0,1.0666666666666667,109242.561570733,204.93464745782995,1.0,15813.0,15813.0,0.0,9.728399978484958,"2,2,2,3,5,0,11,6,5,3","0:6-2;1:9-2;2:0-2;3:8-3,3-8,11-3,13-3,10-3,14-3;4:0-5;5:1-0;6:3-11,12-11;7:0-6;8:0-5;9:11-3,8-3"
771,proposed_c2f_adaptive_pd_calibrated,10,10,1.0,7,300,0.023333333333333334,17,1,16,640.0,1.0666666666666667,109242.561570733,204.93464745782995,1.0,15813.0,15813.0,0.0,22.181599983014166,"2,2,2,3,5,0,11,6,5,3","0:6-2;1:9-2;2:0-2;3:8-3,3-8,11-3,13-3,10-3,14-3;4:0-5;5:1-0;6:3-11,12-11;7:0-6;8:0-5;9:11-3,8-3"
772,proposed_c2f_adaptive_pd,10,10,1.0,17,300,0.056666666666666664,16,3,13,1920.0,3.2,738.6986760560965,313.9835935453706,1.0,16538.0,16538.0,0.0,9.00660001207143,"12,12,14,5,5,14,3,0,12,1","0:5-12;1:0-12;2:0-14;3:0-5;4:0-5;5:6-14,12-14,14-6,10-14,14-10,12-6;6:0-3;7:3-0;8:6-12,0-12;9:3-1"
772,proposed_c2f_adaptive_pd_calibrated,10,10,1.0,17,300,0.056666666666666664,16,3,13,1920.0,3.2,738.6986760560965,313.9835935453706,1.0,16538.0,16538.0,0.0,21.447000035550445,"12,12,14,5,5,14,3,0,12,1","0:5-12;1:0-12;2:0-14;3:0-5;4:0-5;5:6-14,12-14,14-6,10-14,14-10,12-6;6:0-3;7:3-0;8:6-12,0-12;9:3-1"
773,proposed_c2f_adaptive_pd,10,10,1.0,18,300,0.06,11,1,10,640.0,1.0666666666666667,595.6740709331262,391.77622646788484,1.0,13098.0,13098.0,0.0,5.604300007689744,"8,13,9,13,0,3,4,10,2,11","0:0-8;1:3-13;2:0-9;3:3-13;4:0-11,6-0;5:0-3;6:0-4;7:0-10;8:0-2;9:0-11"
773,proposed_c2f_adaptive_pd_calibrated,10,10,1.0,19,300,0.06333333333333334,11,1,10,640.0,1.0666666666666667,595.6740709331262,391.77622646788484,1.0,13098.0,13098.0,0.0,15.026699984446168,"8,13,9,13,0,3,4,10,2,11","0:0-8;1:3-13;2:0-9;3:3-13;4:0-11,6-0;5:0-3;6:0-4;7:0-10;8:0-2;9:0-11"
774,proposed_c2f_adaptive_pd,9,10,0.9,16,270,0.05925925925925926,10,0,10,0.0,0.0,700.4896170420818,127.66963636981495,0.9,11275.0,11275.0,0.0,5.126899981405586,"7,5,13,9,1,7,3,2,7,6",0:0-7;1:0-5;2:0-13;3:2-9;4:0-1;5:0-7;6:0-3;7:1-2;8:0-7;9:0-6
774,proposed_c2f_adaptive_pd_calibrated,9,10,0.9,16,270,0.05925925925925926,10,0,10,0.0,0.0,700.4896170420818,127.66963636981495,0.9,11275.0,11275.0,0.0,11.884399980772287,"7,5,13,9,1,7,3,2,7,6",0:0-7;1:0-5;2:0-13;3:2-9;4:0-1;5:0-7;6:0-3;7:1-2;8:0-7;9:0-6
775,proposed_c2f_adaptive_pd,10,10,1.0,17,300,0.056666666666666664,10,0,10,0.0,0.0,624.353076194587,352.73362719311035,1.0,6039.0,6039.0,0.0,4.066599998623133,"2,8,4,3,8,9,0,2,13,0",0:13-2;1:1-8;2:0-4;3:0-3;4:0-8;5:2-9;6:1-0;7:13-2;8:1-13;9:3-0
775,proposed_c2f_adaptive_pd_calibrated,10,10,1.0,18,300,0.06,10,0,10,0.0,0.0,624.353076194587,352.73362719311035,1.0,6039.0,6039.0,0.0,14.03670001309365,"2,8,4,3,8,9,0,2,13,0",0:13-2;1:1-8;2:0-4;3:0-3;4:0-8;5:2-9;6:1-0;7:13-2;8:1-13;9:3-0
776,proposed_c2f_adaptive_pd,10,10,1.0,19,300,0.06333333333333334,11,0,11,0.0,0.0,462.1224204218887,182.07030177991143,1.0,11630.0,11630.0,0.0,6.73979998100549,"7,2,5,9,9,0,6,4,7,1","0:0-7;1:0-2;2:1-5;3:0-9;4:0-9;5:2-0,12-0;6:0-6;7:9-4;8:0-7;9:0-1"
776,proposed_c2f_adaptive_pd_calibrated,10,10,1.0,19,300,0.06333333333333334,11,0,11,0.0,0.0,462.1224204218887,182.07030177991143,1.0,11630.0,11630.0,0.0,12.799300020560622,"7,2,5,9,9,0,6,4,7,1","0:0-7;1:0-2;2:1-5;3:0-9;4:0-9;5:2-0,12-0;6:0-6;7:9-4;8:0-7;9:0-1"
777,proposed_c2f_adaptive_pd,10,10,1.0,14,300,0.04666666666666667,10,0,10,0.0,0.0,2464.304028201722,341.87499920064795,1.0,9273.0,9273.0,0.0,5.552499962504953,"2,11,9,12,8,1,10,13,2,11",0:6-2;1:0-11;2:0-9;3:0-12;4:0-8;5:2-1;6:2-10;7:0-13;8:0-2;9:0-11
777,proposed_c2f_adaptive_pd_calibrated,10,10,1.0,14,300,0.04666666666666667,10,0,10,0.0,0.0,2464.304028201722,341.87499920064795,1.0,9273.0,9273.0,0.0,13.217100000474602,"2,11,9,12,8,1,10,13,2,11",0:6-2;1:0-11;2:0-9;3:0-12;4:0-8;5:2-1;6:2-10;7:0-13;8:0-2;9:0-11
778,proposed_c2f_adaptive_pd,10,10,1.0,11,300,0.03666666666666667,12,0,12,0.0,0.0,2558.496530891272,378.31498001666165,1.0,14496.0,14496.0,0.0,7.254199997987598,"11,7,11,9,5,2,5,5,10,6","0:1-11;1:1-7;2:6-11;3:0-9;4:11-5,12-5,9-5;5:0-2;6:6-5;7:2-5;8:0-10;9:0-6"
778,proposed_c2f_adaptive_pd_calibrated,10,10,1.0,11,300,0.03666666666666667,12,0,12,0.0,0.0,2558.496530891272,378.31498001666165,1.0,14496.0,14496.0,0.0,12.976500031072646,"11,7,11,9,5,2,5,5,10,6","0:1-11;1:1-7;2:6-11;3:0-9;4:11-5,12-5,9-5;5:0-2;6:6-5;7:2-5;8:0-10;9:0-6"
779,proposed_c2f_adaptive_pd,10,10,1.0,16,300,0.05333333333333334,11,0,11,0.0,0.0,213.45849564732572,133.8488042805903,1.0,12212.0,12212.0,0.0,6.195500027388334,"14,14,14,14,5,11,14,12,5,11","0:8-14;1:4-14;2:2-14;3:4-14;4:14-5,4-5;5:0-11;6:13-14;7:0-12;8:3-5;9:1-11"
779,proposed_c2f_adaptive_pd_calibrated,10,10,1.0,17,300,0.056666666666666664,11,0,11,0.0,0.0,213.45849564732572,133.8488042805903,1.0,12212.0,12212.0,0.0,11.736500018741935,"14,14,14,14,5,11,14,12,5,11","0:8-14;1:4-14;2:2-14;3:4-14;4:14-5,4-5;5:0-11;6:13-14;7:0-12;8:3-5;9:1-11"
780,proposed_c2f_adaptive_pd,10,10,1.0,12,300,0.04,10,0,10,0.0,0.0,52802.37174533781,244.26348459580436,1.0,11737.0,11737.0,0.0,5.862799996975809,"6,1,7,7,1,9,3,4,0,14",0:0-6;1:0-1;2:8-7;3:0-7;4:0-1;5:14-9;6:0-3;7:2-4;8:1-0;9:0-14
780,proposed_c2f_adaptive_pd_calibrated,10,10,1.0,12,300,0.04,10,0,10,0.0,0.0,52802.37174533781,244.26348459580436,1.0,11737.0,11737.0,0.0,10.540999996010214,"6,1,7,7,1,9,3,4,0,14",0:0-6;1:0-1;2:8-7;3:0-7;4:0-1;5:14-9;6:0-3;7:2-4;8:1-0;9:0-14
781,proposed_c2f_adaptive_pd,10,10,1.0,12,300,0.04,10,0,10,0.0,0.0,6218.898188124685,1197.2267933958494,1.0,14355.0,14355.0,0.0,6.362399959471077,"9,14,4,9,6,9,0,6,0,9",0:0-9;1:0-14;2:2-4;3:0-9;4:0-6;5:0-9;6:1-0;7:0-6;8:1-0;9:0-9
781,proposed_c2f_adaptive_pd_calibrated,10,10,1.0,12,300,0.04,10,0,10,0.0,0.0,6218.898188124685,1197.2267933958494,1.0,14355.0,14355.0,0.0,12.522799952421337,"9,14,4,9,6,9,0,6,0,9",0:0-9;1:0-14;2:2-4;3:0-9;4:0-6;5:0-9;6:1-0;7:0-6;8:1-0;9:0-9
782,proposed_c2f_adaptive_pd,10,10,1.0,15,300,0.05,10,0,10,0.0,0.0,7383.9488095511315,70.25777825355281,1.0,9231.0,9231.0,0.0,4.501599993091077,"11,14,7,11,14,14,7,4,12,8",0:8-11;1:3-14;2:0-7;3:0-11;4:0-14;5:3-14;6:0-7;7:0-4;8:1-12;9:0-8
782,proposed_c2f_adaptive_pd_calibrated,10,10,1.0,15,300,0.05,10,0,10,0.0,0.0,7383.9488095511315,70.25777825355281,1.0,9231.0,9231.0,0.0,7.962899981066585,"11,14,7,11,14,14,7,4,12,8",0:8-11;1:3-14;2:0-7;3:0-11;4:0-14;5:3-14;6:0-7;7:0-4;8:1-12;9:0-8
783,proposed_c2f_adaptive_pd,10,10,1.0,13,300,0.043333333333333335,10,0,10,0.0,0.0,971.3455014342866,126.54808195724557,1.0,11583.0,11583.0,0.0,3.48620000295341,"11,0,11,5,5,8,3,1,0,9",0:0-11;1:1-0;2:0-11;3:0-5;4:0-5;5:0-8;6:2-3;7:0-1;8:1-0;9:2-9
783,proposed_c2f_adaptive_pd_calibrated,10,10,1.0,13,300,0.043333333333333335,10,0,10,0.0,0.0,971.3455014342866,126.54808195724557,1.0,11583.0,11583.0,0.0,11.839899991173297,"11,0,11,5,5,8,3,1,0,9",0:0-11;1:1-0;2:0-11;3:0-5;4:0-5;5:0-8;6:2-3;7:0-1;8:1-0;9:2-9
784,proposed_c2f_adaptive_pd,10,10,1.0,18,300,0.06,10,0,10,0.0,0.0,6677.110854627121,862.8528722838914,1.0,8503.0,8503.0,0.0,6.167699990328401,"5,10,1,10,5,5,12,4,1,10",0:7-5;1:0-10;2:0-1;3:0-10;4:6-5;5:2-5;6:0-12;7:2-4;8:0-1;9:0-10
784,proposed_c2f_adaptive_pd_calibrated,10,10,1.0,19,300,0.06333333333333334,10,0,10,0.0,0.0,6677.110854627121,862.8528722838914,1.0,8503.0,8503.0,0.0,13.504500035196543,"5,10,1,10,5,5,12,4,1,10",0:7-5;1:0-10;2:0-1;3:0-10;4:6-5;5:2-5;6:0-12;7:2-4;8:0-1;9:0-10
785,proposed_c2f_adaptive_pd,10,10,1.0,13,300,0.043333333333333335,10,0,10,0.0,0.0,721.3041013095916,177.17508982499706,1.0,11919.0,11919.0,0.0,5.605999962426722,"6,6,7,4,7,7,2,7,3,5",0:8-6;1:8-6;2:6-7;3:5-4;4:8-7;5:0-7;6:0-2;7:2-7;8:0-3;9:6-5
785,proposed_c2f_adaptive_pd_calibrated,10,10,1.0,13,300,0.043333333333333335,10,0,10,0.0,0.0,721.3041013095916,177.17508982499706,1.0,11919.0,11919.0,0.0,11.957700015045702,"6,6,7,4,7,7,2,7,3,5",0:8-6;1:8-6;2:6-7;3:5-4;4:8-7;5:0-7;6:0-2;7:2-7;8:0-3;9:6-5
786,proposed_c2f_adaptive_pd,10,10,1.0,15,300,0.05,10,0,10,0.0,0.0,1798.079991546862,1888.5134239013296,1.0,12759.0,12759.0,0.0,4.0342999855056405,"6,9,7,1,13,10,5,14,11,6",0:0-6;1:0-9;2:2-7;3:0-1;4:4-13;5:0-10;6:2-5;7:0-14;8:2-11;9:0-6
786,proposed_c2f_adaptive_pd_calibrated,10,10,1.0,16,300,0.05333333333333334,10,0,10,0.0,0.0,1798.079991546862,1888.5134239013296,1.0,12759.0,12759.0,0.0,10.800499992910773,"6,9,7,1,13,10,5,14,11,6",0:0-6;1:0-9;2:2-7;3:0-1;4:4-13;5:0-10;6:2-5;7:0-14;8:2-11;9:0-6
787,proposed_c2f_adaptive_pd,9,10,0.9,18,300,0.06,15,2,13,1280.0,2.1333333333333333,2716.637707612033,164.74795869848705,1.0,12099.0,12099.0,0.0,8.432200003881007,"4,5,1,11,4,9,11,9,7,8","0:0-4;1:1-5;2:0-1;3:2-11;4:1-4;5:0-9;6:0-11;7:6-9,11-9,12-9,9-12,9-8,8-9;8:1-7;9:1-8"
787,proposed_c2f_adaptive_pd_calibrated,9,10,0.9,18,300,0.06,15,2,13,1280.0,2.1333333333333333,2716.637707612033,164.74795869848705,1.0,12099.0,12099.0,0.0,19.338799989782274,"4,5,1,11,4,9,11,9,7,8","0:0-4;1:1-5;2:0-1;3:2-11;4:1-4;5:0-9;6:0-11;7:6-9,11-9,12-9,9-12,9-8,8-9;8:1-7;9:1-8"
788,proposed_c2f_adaptive_pd,9,10,0.9,14,300,0.04666666666666667,10,0,10,0.0,0.0,283.2163495000344,218.22102656318657,1.0,10407.0,10407.0,0.0,5.320700001902878,"11,0,5,8,5,6,3,1,10,9",0:1-11;1:2-0;2:0-5;3:1-8;4:0-5;5:0-6;6:14-3;7:2-1;8:2-10;9:1-9
788,proposed_c2f_adaptive_pd_calibrated,9,10,0.9,15,300,0.05,10,0,10,0.0,0.0,283.2163495000344,218.22102656318657,1.0,10407.0,10407.0,0.0,11.679400049615651,"11,0,5,8,5,6,3,1,10,9",0:1-11;1:2-0;2:0-5;3:1-8;4:0-5;5:0-6;6:14-3;7:2-1;8:2-10;9:1-9
789,proposed_c2f_adaptive_pd,10,10,1.0,12,300,0.04,10,0,10,0.0,0.0,1196.8885950690342,791.7470466672569,1.0,9063.0,9063.0,0.0,4.668299981858581,"12,1,11,8,1,0,7,7,10,11",0:0-12;1:4-1;2:2-11;3:0-8;4:4-1;5:1-0;6:1-7;7:0-7;8:5-10;9:0-11
789,proposed_c2f_adaptive_pd_calibrated,10,10,1.0,12,300,0.04,10,0,10,0.0,0.0,1196.8885950690342,791.7470466672569,1.0,9063.0,9063.0,0.0,10.071200027596205,"12,1,11,8,1,0,7,7,10,11",0:0-12;1:4-1;2:2-11;3:0-8;4:4-1;5:1-0;6:1-7;7:0-7;8:5-10;9:0-11
790,proposed_c2f_adaptive_pd,10,10,1.0,15,300,0.05,11,1,10,640.0,1.0666666666666667,797.1624007768867,127.59601790993219,1.0,12526.0,12526.0,0.0,5.894400004763156,"8,8,12,8,13,11,2,6,14,6","0:0-8;1:3-8;2:4-12;3:0-8;4:7-13;5:11-12,12-11;6:1-2;7:14-6;8:1-14;9:1-6"
790,proposed_c2f_adaptive_pd_calibrated,10,10,1.0,15,300,0.05,11,1,10,640.0,1.0666666666666667,797.1624007768867,127.59601790993219,1.0,12526.0,12526.0,0.0,16.01630001096055,"8,8,12,8,13,11,2,6,14,6","0:0-8;1:3-8;2:4-12;3:0-8;4:7-13;5:11-12,12-11;6:1-2;7:14-6;8:1-14;9:1-6"
791,proposed_c2f_adaptive_pd,10,10,1.0,17,300,0.056666666666666664,10,0,10,0.0,0.0,307.4297254280941,298.7475606717322,1.0,10659.0,10659.0,0.0,5.34699996933341,"5,0,12,4,10,2,6,9,12,7",0:0-5;1:1-0;2:3-12;3:3-4;4:1-10;5:0-2;6:1-6;7:4-9;8:3-12;9:2-7
791,proposed_c2f_adaptive_pd_calibrated,10,10,1.0,17,300,0.056666666666666664,10,0,10,0.0,0.0,307.4297254280941,298.7475606717322,1.0,10659.0,10659.0,0.0,10.794800007715821,"5,0,12,4,10,2,6,9,12,7",0:0-5;1:1-0;2:3-12;3:3-4;4:1-10;5:0-2;6:1-6;7:4-9;8:3-12;9:2-7
792,proposed_c2f_adaptive_pd,10,10,1.0,12,300,0.04,15,1,14,640.0,1.0666666666666667,7611.340869929821,293.6477202359171,1.0,14535.0,14535.0,0.0,8.665100031066686,"14,5,3,2,11,5,13,14,11,11","0:0-14;1:6-5;2:1-3;3:0-2;4:6-11;5:11-5,7-5,6-5,8-5,5-6,13-5;6:0-13;7:7-14;8:0-11;9:8-11"
792,proposed_c2f_adaptive_pd_calibrated,10,10,1.0,14,300,0.04666666666666667,15,1,14,640.0,1.0666666666666667,7611.340869929821,293.6477202359171,1.0,14535.0,14535.0,0.0,16.787300002761185,"14,5,3,2,11,5,13,14,11,11","0:0-14;1:6-5;2:1-3;3:0-2;4:6-11;5:11-5,7-5,6-5,8-5,5-6,13-5;6:0-13;7:7-14;8:0-11;9:8-11"
793,proposed_c2f_adaptive_pd,9,10,0.9,11,300,0.03666666666666667,10,0,10,0.0,0.0,1586.7540228907817,93.9923372188499,1.0,11429.0,11429.0,0.0,5.198700004257262,"9,8,14,0,0,8,8,1,7,0",0:8-9;1:0-8;2:8-14;3:1-0;4:9-0;5:6-8;6:6-8;7:0-1;8:0-7;9:1-0
793,proposed_c2f_adaptive_pd_calibrated,9,10,0.9,11,300,0.03666666666666667,10,0,10,0.0,0.0,1586.7540228907817,93.9923372188499,1.0,11429.0,11429.0,0.0,14.138100028503686,"9,8,14,0,0,8,8,1,7,0",0:8-9;1:0-8;2:8-14;3:1-0;4:9-0;5:6-8;6:6-8;7:0-1;8:0-7;9:1-0
794,proposed_c2f_adaptive_pd,10,10,1.0,10,300,0.03333333333333333,13,1,12,640.0,1.0666666666666667,162.38728831578615,105.29998166257101,1.0,14952.0,14952.0,0.0,5.195500038098544,"13,1,14,9,0,5,13,8,2,9","0:0-13;1:2-1;2:0-14;3:0-9;4:10-0,0-10,13-0,9-0;5:0-5;6:2-13;7:2-8;8:3-2;9:12-9"
794,proposed_c2f_adaptive_pd_calibrated,10,10,1.0,10,300,0.03333333333333333,13,1,12,640.0,1.0666666666666667,162.38728831578615,105.29998166257101,1.0,14952.0,14952.0,0.0,14.734799973666668,"13,1,14,9,0,5,13,8,2,9","0:0-13;1:2-1;2:0-14;3:0-9;4:10-0,0-10,13-0,9-0;5:0-5;6:2-13;7:2-8;8:3-2;9:12-9"
795,proposed_c2f_adaptive_pd,8,10,0.8,16,300,0.05333333333333334,25,8,17,5120.0,8.533333333333335,691.3905021205007,51.634861726388905,1.0,27909.0,27909.0,0.0,14.03079996816814,"11,9,13,4,14,9,14,14,4,2","0:7-11;1:0-9;2:1-13;3:4-13,5-13,14-13,2-13,1-13,5-4;4:11-14,14-11,5-14,2-14,1-14,7-14;5:0-9;6:11-14;7:11-14,14-11,7-14,0-14,14-7,10-14;8:5-4;9:3-2"
795,proposed_c2f_adaptive_pd_calibrated,8,10,0.8,16,300,0.05333333333333334,25,8,17,5120.0,8.533333333333335,691.3905021205007,51.634861726388905,1.0,27909.0,27909.0,0.0,32.13040000991896,"11,9,13,4,14,9,14,14,4,2","0:7-11;1:0-9;2:1-13;3:4-13,5-13,14-13,2-13,1-13,5-4;4:11-14,14-11,5-14,2-14,1-14,7-14;5:0-9;6:11-14;7:11-14,14-11,7-14,0-14,14-7,10-14;8:5-4;9:3-2"
796,proposed_c2f_adaptive_pd,10,10,1.0,12,300,0.04,21,4,17,2560.0,4.266666666666667,2877.6569746416208,313.1675653682097,1.0,18596.0,18596.0,0.0,10.547900048550218,"3,7,9,2,7,12,2,13,2,2","0:0-3;1:3-7,7-3,0-7,10-7,13-7,12-7;2:0-9;3:0-2;4:0-7;5:0-12;6:2-12,12-2,9-2,0-2,8-12,5-12;7:0-13;8:0-2;9:12-2,5-2"
796,proposed_c2f_adaptive_pd_calibrated,10,10,1.0,12,300,0.04,21,4,17,2560.0,4.266666666666667,2877.6569746416208,313.1675653682097,1.0,18596.0,18596.0,0.0,24.596699979156256,"3,7,9,2,7,12,2,13,2,2","0:0-3;1:3-7,7-3,0-7,10-7,13-7,12-7;2:0-9;3:0-2;4:0-7;5:0-12;6:2-12,12-2,9-2,0-2,8-12,5-12;7:0-13;8:0-2;9:12-2,5-2"
797,proposed_c2f_adaptive_pd,10,10,1.0,12,300,0.04,12,1,11,640.0,1.0666666666666667,375.8712256392773,156.79067355055213,1.0,13563.0,13563.0,0.0,6.303599977400154,"9,1,10,11,12,11,0,13,12,8","0:5-9;1:4-1;2:0-10;3:0-11;4:1-12;5:14-11,11-14,5-11;6:1-0;7:1-13;8:5-12;9:0-8"
797,proposed_c2f_adaptive_pd_calibrated,10,10,1.0,13,300,0.043333333333333335,12,1,11,640.0,1.0666666666666667,375.8712256392773,156.79067355055213,1.0,13563.0,13563.0,0.0,12.305299984291196,"9,1,10,11,12,11,0,13,12,8","0:5-9;1:4-1;2:0-10;3:0-11;4:1-12;5:14-11,11-14,5-11;6:1-0;7:1-13;8:5-12;9:0-8"
798,proposed_c2f_adaptive_pd,10,10,1.0,15,300,0.05,11,0,11,0.0,0.0,2295.929744620138,465.43964516596725,1.0,14865.0,14865.0,0.0,3.815600008238107,"11,12,9,4,6,5,12,0,10,11","0:0-11;1:7-12;2:0-9;3:0-4;4:12-6,9-6;5:3-5;6:1-12;7:1-0;8:0-10;9:1-11"
798,proposed_c2f_adaptive_pd_calibrated,10,10,1.0,15,300,0.05,11,0,11,0.0,0.0,2295.929744620138,465.43964516596725,1.0,14865.0,14865.0,0.0,11.752700025681406,"11,12,9,4,6,5,12,0,10,11","0:0-11;1:7-12;2:0-9;3:0-4;4:12-6,9-6;5:3-5;6:1-12;7:1-0;8:0-10;9:1-11"
799,proposed_c2f_adaptive_pd,10,10,1.0,13,300,0.043333333333333335,10,0,10,0.0,0.0,3343.5489305931815,919.4229978659024,1.0,10351.0,10351.0,0.0,4.78259997908026,"14,13,12,7,0,3,10,7,12,9",0:4-14;1:0-13;2:0-12;3:3-7;4:1-0;5:0-3;6:2-10;7:0-7;8:2-12;9:2-9
799,proposed_c2f_adaptive_pd_calibrated,10,10,1.0,13,300,0.043333333333333335,10,0,10,0.0,0.0,3343.5489305931815,919.4229978659024,1.0,10351.0,10351.0,0.0,14.161899976897985,"14,13,12,7,0,3,10,7,12,9",0:4-14;1:0-13;2:0-12;3:3-7;4:1-0;5:0-3;6:2-10;7:0-7;8:2-12;9:2-9
800,proposed_c2f_adaptive_pd,10,10,1.0,8,300,0.02666666666666667,10,0,10,0.0,0.0,4360.319836437375,3196.254180945559,1.0,10575.0,10575.0,0.0,5.892799992579967,"9,5,14,0,3,6,5,1,9,13",0:6-9;1:0-5;2:12-14;3:1-0;4:0-3;5:1-6;6:0-5;7:0-1;8:14-9;9:4-13
800,proposed_c2f_adaptive_pd_calibrated,10,10,1.0,8,300,0.02666666666666667,10,0,10,0.0,0.0,4360.319836437375,3196.254180945559,1.0,10575.0,10575.0,0.0,13.850499992258847,"9,5,14,0,3,6,5,1,9,13",0:6-9;1:0-5;2:12-14;3:1-0;4:0-3;5:1-6;6:0-5;7:0-1;8:14-9;9:4-13
801,proposed_c2f_adaptive_pd,10,10,1.0,17,300,0.056666666666666664,11,0,11,0.0,0.0,823.1154750252081,326.5962571398156,1.0,15867.0,15867.0,0.0,5.188199982512742,"4,6,4,8,4,4,12,5,2,5","0:0-4;1:2-6;2:2-4;3:3-8;4:3-4,2-4;5:2-4;6:1-12;7:1-5;8:3-2;9:0-5"
801,proposed_c2f_adaptive_pd_calibrated,10,10,1.0,17,300,0.056666666666666664,11,0,11,0.0,0.0,823.1154750252081,326.5962571398156,1.0,15867.0,15867.0,0.0,11.578000034205616,"4,6,4,8,4,4,12,5,2,5","0:0-4;1:2-6;2:2-4;3:3-8;4:3-4,2-4;5:2-4;6:1-12;7:1-5;8:3-2;9:0-5"
802,proposed_c2f_adaptive_pd,10,10,1.0,16,300,0.05333333333333334,10,0,10,0.0,0.0,26262.653986739373,2115.838271379668,1.0,10967.0,10967.0,0.0,3.398299973923713,"13,4,7,9,10,1,3,4,12,1",0:0-13;1:9-4;2:0-7;3:0-9;4:0-10;5:2-1;6:0-3;7:0-4;8:0-12;9:0-1
802,proposed_c2f_adaptive_pd_calibrated,10,10,1.0,17,300,0.056666666666666664,10,0,10,0.0,0.0,26262.653986739373,2115.838271379668,1.0,10967.0,10967.0,0.0,9.933199966326356,"13,4,7,9,10,1,3,4,12,1",0:0-13;1:9-4;2:0-7;3:0-9;4:0-10;5:2-1;6:0-3;7:0-4;8:0-12;9:0-1
803,proposed_c2f_adaptive_pd,10,10,1.0,12,300,0.04,14,0,14,0.0,0.0,2738.570956274844,79.50776272623281,1.0,14547.0,14547.0,0.0,7.374599983450025,"12,8,8,8,13,8,4,9,13,14","0:0-12;1:7-8,10-8;2:6-8;3:7-8,6-8;4:2-13;5:6-8;6:1-4;7:1-9;8:11-13;9:1-14,5-14,12-14"
803,proposed_c2f_adaptive_pd_calibrated,10,10,1.0,12,300,0.04,14,0,14,0.0,0.0,2738.570956274844,79.50776272623281,1.0,14547.0,14547.0,0.0,19.885700021404773,"12,8,8,8,13,8,4,9,13,14","0:0-12;1:7-8,10-8;2:6-8;3:7-8,6-8;4:2-13;5:6-8;6:1-4;7:1-9;8:11-13;9:1-14,5-14,12-14"
804,proposed_c2f_adaptive_pd,9,10,0.9,21,300,0.07,11,1,10,640.0,1.0666666666666667,2403.1686980657937,155.23568584279198,1.0,12212.0,12212.0,0.0,6.215000001247972,"1,8,5,1,3,2,1,7,12,8","0:3-1;1:8-7,9-8;2:0-5;3:2-1;4:1-3;5:13-2;6:2-1;7:0-7;8:1-12;9:2-8"
804,proposed_c2f_adaptive_pd_calibrated,9,10,0.9,21,300,0.07,11,1,10,640.0,1.0666666666666667,2403.1686980657937,155.23568584279198,1.0,12212.0,12212.0,0.0,10.464799997862428,"1,8,5,1,3,2,1,7,12,8","0:3-1;1:8-7,9-8;2:0-5;3:2-1;4:1-3;5:13-2;6:2-1;7:0-7;8:1-12;9:2-8"
805,proposed_c2f_adaptive_pd,10,10,1.0,13,300,0.043333333333333335,10,0,10,0.0,0.0,23158.902207484043,263.54779157904,1.0,10351.0,10351.0,0.0,4.410299996379763,"9,6,14,9,12,2,13,11,14,6",0:0-9;1:0-6;2:0-14;3:2-9;4:0-12;5:1-2;6:1-13;7:2-11;8:0-14;9:1-6
805,proposed_c2f_adaptive_pd_calibrated,10,10,1.0,13,300,0.043333333333333335,10,0,10,0.0,0.0,23158.902207484043,263.54779157904,1.0,10351.0,10351.0,0.0,8.762799960095435,"9,6,14,9,12,2,13,11,14,6",0:0-9;1:0-6;2:0-14;3:2-9;4:0-12;5:1-2;6:1-13;7:2-11;8:0-14;9:1-6
806,proposed_c2f_adaptive_pd,9,10,0.9,14,300,0.04666666666666667,11,0,11,0.0,0.0,781.4170408843692,238.6808575698231,1.0,15488.0,15488.0,0.0,6.573999999091029,"5,3,0,5,9,0,2,5,6,0","0:6-5;1:7-3;2:1-0;3:0-5;4:14-9;5:1-0;6:0-2;7:14-5,12-5;8:0-6;9:1-0"
806,proposed_c2f_adaptive_pd_calibrated,9,10,0.9,14,300,0.04666666666666667,11,0,11,0.0,0.0,781.4170408843692,238.6808575698231,1.0,15488.0,15488.0,0.0,15.28859999962151,"5,3,0,5,9,0,2,5,6,0","0:6-5;1:7-3;2:1-0;3:0-5;4:14-9;5:1-0;6:0-2;7:14-5,12-5;8:0-6;9:1-0"
807,proposed_c2f_adaptive_pd,9,10,0.9,19,300,0.06333333333333334,11,1,10,640.0,1.0666666666666667,848.9507844209149,507.0884987447978,1.0,15478.0,15478.0,0.0,6.78440002957359,"10,2,7,10,10,5,0,5,4,2","0:0-10;1:10-2,2-10;2:2-7;3:0-10;4:0-10;5:0-5;6:1-0;7:0-5;8:0-4;9:12-2"
807,proposed_c2f_adaptive_pd_calibrated,9,10,0.9,19,300,0.06333333333333334,11,1,10,640.0,1.0666666666666667,848.9507844209149,507.0884987447978,1.0,15478.0,15478.0,0.0,12.820000003557652,"10,2,7,10,10,5,0,5,4,2","0:0-10;1:10-2,2-10;2:2-7;3:0-10;4:0-10;5:0-5;6:1-0;7:0-5;8:0-4;9:12-2"
808,proposed_c2f_adaptive_pd,10,10,1.0,14,300,0.04666666666666667,15,2,13,1280.0,2.1333333333333333,3309.198958502637,48.98482118841274,1.0,17867.0,17867.0,0.0,7.270700007211417,"5,4,7,14,0,0,7,0,6,2","0:1-5;1:0-4,11-4,0-11,4-11,13-4,14-4;2:0-7;3:1-14;4:11-0;5:13-0;6:2-7;7:8-0;8:1-6;9:1-2"
808,proposed_c2f_adaptive_pd_calibrated,10,10,1.0,14,300,0.04666666666666667,15,2,13,1280.0,2.1333333333333333,3309.198958502637,48.98482118841274,1.0,17867.0,17867.0,0.0,17.404799989890307,"5,4,7,14,0,0,7,0,6,2","0:1-5;1:0-4,11-4,0-11,4-11,13-4,14-4;2:0-7;3:1-14;4:11-0;5:13-0;6:2-7;7:8-0;8:1-6;9:1-2"
809,proposed_c2f_adaptive_pd,10,10,1.0,16,300,0.05333333333333334,11,1,10,640.0,1.0666666666666667,25088.804614299715,128.84744899228076,1.0,10620.0,10620.0,0.0,4.268699965905398,"12,7,9,0,6,3,5,0,1,0","0:7-12;1:0-7;2:14-9;3:1-0;4:6-11,1-6;5:0-3;6:7-5;7:1-0;8:6-1;9:1-0"
809,proposed_c2f_adaptive_pd_calibrated,10,10,1.0,16,300,0.05333333333333334,11,1,10,640.0,1.0666666666666667,25088.804614299715,128.84744899228076,1.0,10620.0,10620.0,0.0,9.680600021965802,"12,7,9,0,6,3,5,0,1,0","0:7-12;1:0-7;2:14-9;3:1-0;4:6-11,1-6;5:0-3;6:7-5;7:1-0;8:6-1;9:1-0"
810,proposed_c2f_adaptive_pd,10,10,1.0,7,300,0.023333333333333334,10,0,10,0.0,0.0,482.6672597190756,325.56806189775966,1.0,10967.0,10967.0,0.0,4.303900001104921,"6,4,3,11,3,6,9,4,11,11",0:0-6;1:3-4;2:1-3;3:3-11;4:0-3;5:0-6;6:4-9;7:9-4;8:0-11;9:4-11
810,proposed_c2f_adaptive_pd_calibrated,10,10,1.0,7,300,0.023333333333333334,10,0,10,0.0,0.0,482.6672597190756,325.56806189775966,1.0,10967.0,10967.0,0.0,9.653699991758913,"6,4,3,11,3,6,9,4,11,11",0:0-6;1:3-4;2:1-3;3:3-11;4:0-3;5:0-6;6:4-9;7:9-4;8:0-11;9:4-11
811,proposed_c2f_adaptive_pd,10,10,1.0,18,300,0.06,12,1,11,640.0,1.0666666666666667,3357.816427893107,667.5660644893003,1.0,13364.0,13364.0,0.0,4.532999999355525,"11,2,6,2,6,3,2,8,9,12","0:0-11;1:7-2;2:1-6;3:0-2;4:1-6;5:0-3;6:0-2;7:13-8;8:2-9,9-2,6-9;9:0-12"
811,proposed_c2f_adaptive_pd_calibrated,10,10,1.0,18,300,0.06,12,1,11,640.0,1.0666666666666667,3357.816427893107,667.5660644893003,1.0,13364.0,13364.0,0.0,17.036500037647784,"11,2,6,2,6,3,2,8,9,12","0:0-11;1:7-2;2:1-6;3:0-2;4:1-6;5:0-3;6:0-2;7:13-8;8:2-9,9-2,6-9;9:0-12"
812,proposed_c2f_adaptive_pd,10,10,1.0,19,300,0.06333333333333334,13,0,13,0.0,0.0,482.57477748246373,327.5944952688109,1.0,16002.0,16002.0,0.0,4.404200008139014,"7,7,0,0,7,13,2,11,8,0","0:0-7;1:0-7;2:7-0,8-0;3:7-0;4:0-7;5:6-13;6:0-2;7:0-11;8:0-8;9:8-0,7-0,2-0"
812,proposed_c2f_adaptive_pd_calibrated,10,10,1.0,19,300,0.06333333333333334,13,0,13,0.0,0.0,482.57477748246373,327.5944952688109,1.0,16002.0,16002.0,0.0,13.51509999949485,"7,7,0,0,7,13,2,11,8,0","0:0-7;1:0-7;2:7-0,8-0;3:7-0;4:0-7;5:6-13;6:0-2;7:0-11;8:0-8;9:8-0,7-0,2-0"
813,proposed_c2f_adaptive_pd,10,10,1.0,9,300,0.03,10,0,10,0.0,0.0,3945.453666418432,350.70019029202024,1.0,12045.0,12045.0,0.0,3.4329999471083283,"6,2,11,11,11,4,3,2,4,4",0:0-6;1:12-2;2:0-11;3:0-11;4:0-11;5:0-4;6:0-3;7:0-2;8:7-4;9:0-4
813,proposed_c2f_adaptive_pd_calibrated,10,10,1.0,9,300,0.03,10,0,10,0.0,0.0,3945.453666418432,350.70019029202024,1.0,12045.0,12045.0,0.0,12.43820000672713,"6,2,11,11,11,4,3,2,4,4",0:0-6;1:12-2;2:0-11;3:0-11;4:0-11;5:0-4;6:0-3;7:0-2;8:7-4;9:0-4
814,proposed_c2f_adaptive_pd,10,10,1.0,11,300,0.03666666666666667,10,0,10,0.0,0.0,1767111.7658484117,593.995472555648,1.0,10043.0,10043.0,0.0,3.6336000193841755,"4,4,8,12,13,11,4,3,4,13",0:0-4;1:0-4;2:0-8;3:2-12;4:0-13;5:4-11;6:0-4;7:0-3;8:11-4;9:0-13
814,proposed_c2f_adaptive_pd_calibrated,10,10,1.0,11,300,0.03666666666666667,10,0,10,0.0,0.0,1767111.7658484117,593.995472555648,1.0,10043.0,10043.0,0.0,13.089500018395483,"4,4,8,12,13,11,4,3,4,13",0:0-4;1:0-4;2:0-8;3:2-12;4:0-13;5:4-11;6:0-4;7:0-3;8:11-4;9:0-13
815,proposed_c2f_adaptive_pd,10,10,1.0,12,300,0.04,17,2,15,1280.0,2.1333333333333333,2247.617555959099,87.41836024132223,1.0,14893.0,14893.0,0.0,8.016000036150217,"3,6,4,0,6,6,2,5,5,12","0:7-3;1:2-6,9-6,6-9,4-9,14-6,12-6;2:0-4;3:1-0;4:9-6,2-6,4-6;5:0-6;6:4-2;7:7-5;8:0-5;9:0-12"
815,proposed_c2f_adaptive_pd_calibrated,10,10,1.0,12,300,0.04,17,2,15,1280.0,2.1333333333333333,2247.617555959099,87.41836024132223,1.0,14893.0,14893.0,0.0,18.206900043878704,"3,6,4,0,6,6,2,5,5,12","0:7-3;1:2-6,9-6,6-9,4-9,14-6,12-6;2:0-4;3:1-0;4:9-6,2-6,4-6;5:0-6;6:4-2;7:7-5;8:0-5;9:0-12"
816,proposed_c2f_adaptive_pd,10,10,1.0,13,300,0.043333333333333335,11,0,11,0.0,0.0,7243.105450522994,91.03883046749165,1.0,12810.0,12810.0,0.0,3.9586000493727624,"5,0,4,0,0,2,0,1,11,14","0:2-5;1:7-0,12-0;2:0-4;3:4-0;4:4-0;5:0-2;6:1-0;7:0-1;8:2-11;9:1-14"
816,proposed_c2f_adaptive_pd_calibrated,10,10,1.0,13,300,0.043333333333333335,11,0,11,0.0,0.0,7243.105450522994,91.03883046749165,1.0,12810.0,12810.0,0.0,10.876699991058558,"5,0,4,0,0,2,0,1,11,14","0:2-5;1:7-0,12-0;2:0-4;3:4-0;4:4-0;5:0-2;6:1-0;7:0-1;8:2-11;9:1-14"
817,proposed_c2f_adaptive_pd,9,10,0.9,10,300,0.03333333333333333,10,0,10,0.0,0.0,3020.051045062738,287.22755485010066,1.0,10967.0,10967.0,0.0,5.890600034035742,"11,7,13,13,13,14,4,6,5,3",0:0-11;1:0-7;2:0-13;3:1-13;4:1-13;5:0-14;6:1-4;7:1-6;8:0-5;9:1-3
817,proposed_c2f_adaptive_pd_calibrated,9,10,0.9,10,300,0.03333333333333333,10,0,10,0.0,0.0,3020.051045062738,287.22755485010066,1.0,10967.0,10967.0,0.0,10.155800031498075,"11,7,13,13,13,14,4,6,5,3",0:0-11;1:0-7;2:0-13;3:1-13;4:1-13;5:0-14;6:1-4;7:1-6;8:0-5;9:1-3
818,proposed_c2f_adaptive_pd,10,10,1.0,22,300,0.07333333333333333,10,0,10,0.0,0.0,3804.6541308014703,1009.4883703412238,1.0,9273.0,9273.0,0.0,5.690099962521344,"4,2,0,14,5,4,5,6,2,9",0:0-4;1:3-2;2:1-0;3:0-14;4:0-5;5:0-4;6:9-5;7:0-6;8:3-2;9:0-9
818,proposed_c2f_adaptive_pd_calibrated,10,10,1.0,22,300,0.07333333333333333,10,0,10,0.0,0.0,3804.6541308014703,1009.4883703412238,1.0,9273.0,9273.0,0.0,9.010300040245056,"4,2,0,14,5,4,5,6,2,9",0:0-4;1:3-2;2:1-0;3:0-14;4:0-5;5:0-4;6:9-5;7:0-6;8:3-2;9:0-9
819,proposed_c2f_adaptive_pd,10,10,1.0,12,300,0.04,10,0,10,0.0,0.0,483.2190332561369,203.63242456346367,1.0,10239.0,10239.0,0.0,5.1517000538297,"7,10,7,12,1,9,13,2,4,6",0:1-7;1:6-10;2:0-7;3:2-12;4:0-1;5:0-9;6:2-13;7:0-2;8:0-4;9:7-6
819,proposed_c2f_adaptive_pd_calibrated,10,10,1.0,12,300,0.04,10,0,10,0.0,0.0,483.2190332561369,203.63242456346367,1.0,10239.0,10239.0,0.0,9.561400045640767,"7,10,7,12,1,9,13,2,4,6",0:1-7;1:6-10;2:0-7;3:2-12;4:0-1;5:0-9;6:2-13;7:0-2;8:0-4;9:7-6
820,proposed_c2f_adaptive_pd,10,10,1.0,12,300,0.04,10,0,10,0.0,0.0,11870.46348553681,203.87129856901123,1.0,10071.0,10071.0,0.0,4.2085000313818455,"9,7,2,2,3,9,0,4,5,13",0:4-9;1:0-7;2:6-2;3:5-2;4:0-3;5:0-9;6:3-0;7:0-4;8:2-5;9:0-13
820,proposed_c2f_adaptive_pd_calibrated,10,10,1.0,12,300,0.04,10,0,10,0.0,0.0,11870.46348553681,203.87129856901123,1.0,10071.0,10071.0,0.0,10.293299972545356,"9,7,2,2,3,9,0,4,5,13",0:4-9;1:0-7;2:6-2;3:5-2;4:0-3;5:0-9;6:3-0;7:0-4;8:2-5;9:0-13
821,proposed_c2f_adaptive_pd,10,10,1.0,16,300,0.05333333333333334,10,0,10,0.0,0.0,3715.936565222944,886.0462712119034,1.0,10505.0,10505.0,0.0,6.12350000301376,"10,4,8,10,9,5,9,10,11,1",0:0-10;1:0-4;2:1-8;3:0-10;4:0-9;5:0-5;6:0-9;7:0-10;8:3-11;9:0-1
821,proposed_c2f_adaptive_pd_calibrated,10,10,1.0,16,300,0.05333333333333334,10,0,10,0.0,0.0,3715.936565222944,886.0462712119034,1.0,10505.0,10505.0,0.0,13.861300016287714,"10,4,8,10,9,5,9,10,11,1",0:0-10;1:0-4;2:1-8;3:0-10;4:0-9;5:0-5;6:0-9;7:0-10;8:3-11;9:0-1
822,proposed_c2f_adaptive_pd,10,10,1.0,16,300,0.05333333333333334,10,0,10,0.0,0.0,7074.349798535042,861.0735018932456,1.0,12815.0,12815.0,0.0,6.262600014451891,"0,0,0,11,7,3,2,6,1,0",0:1-0;1:1-0;2:1-0;3:6-11;4:0-7;5:0-3;6:0-2;7:0-6;8:0-1;9:1-0
822,proposed_c2f_adaptive_pd_calibrated,10,10,1.0,17,300,0.056666666666666664,10,0,10,0.0,0.0,7074.349798535042,861.0735018932456,1.0,12815.0,12815.0,0.0,11.137599998619407,"0,0,0,11,7,3,2,6,1,0",0:1-0;1:1-0;2:1-0;3:6-11;4:0-7;5:0-3;6:0-2;7:0-6;8:0-1;9:1-0
823,proposed_c2f_adaptive_pd,10,10,1.0,18,300,0.06,10,0,10,0.0,0.0,49406.32540019036,167.1185455338239,1.0,11275.0,11275.0,0.0,5.9566000127233565,"12,6,0,11,13,13,0,9,9,2",0:0-12;1:0-6;2:1-0;3:0-11;4:0-13;5:3-13;6:1-0;7:0-9;8:0-9;9:0-2
823,proposed_c2f_adaptive_pd_calibrated,10,10,1.0,18,300,0.06,10,0,10,0.0,0.0,49406.32540019036,167.1185455338239,1.0,11275.0,11275.0,0.0,11.039300006814301,"12,6,0,11,13,13,0,9,9,2",0:0-12;1:0-6;2:1-0;3:0-11;4:0-13;5:3-13;6:1-0;7:0-9;8:0-9;9:0-2
824,proposed_c2f_adaptive_pd,10,10,1.0,18,300,0.06,10,0,10,0.0,0.0,1266.5651811590387,205.24668034918605,1.0,8965.0,8965.0,0.0,5.442699999548495,"10,12,3,2,6,12,0,8,7,14",0:1-10;1:0-12;2:1-3;3:0-2;4:0-6;5:0-12;6:6-0;7:4-8;8:0-7;9:0-14
824,proposed_c2f_adaptive_pd_calibrated,10,10,1.0,18,300,0.06,10,0,10,0.0,0.0,1266.5651811590387,205.24668034918605,1.0,8965.0,8965.0,0.0,10.302799986675382,"10,12,3,2,6,12,0,8,7,14",0:1-10;1:0-12;2:1-3;3:0-2;4:0-6;5:0-12;6:6-0;7:4-8;8:0-7;9:0-14
825,proposed_c2f_adaptive_pd,10,10,1.0,21,300,0.07,14,0,14,0.0,0.0,4258.097646202654,237.359472194492,1.0,16848.0,16848.0,0.0,6.519299990031868,"1,5,9,1,1,2,10,10,9,11","0:2-1;1:3-5;2:0-9;3:5-1,12-1;4:5-1;5:0-2;6:9-10,13-10;7:8-10,6-10,14-10;8:0-9;9:1-11"
825,proposed_c2f_adaptive_pd_calibrated,10,10,1.0,21,300,0.07,14,0,14,0.0,0.0,4258.097646202654,237.359472194492,1.0,16848.0,16848.0,0.0,16.766800021287054,"1,5,9,1,1,2,10,10,9,11","0:2-1;1:3-5;2:0-9;3:5-1,12-1;4:5-1;5:0-2;6:9-10,13-10;7:8-10,6-10,14-10;8:0-9;9:1-11"
826,proposed_c2f_adaptive_pd,10,10,1.0,20,300,0.06666666666666667,14,1,13,640.0,1.0666666666666667,17544.6392803655,440.6025391191324,1.0,17425.0,17425.0,0.0,8.20209999801591,"3,6,8,8,0,0,0,0,8,1","0:0-3;1:0-6;2:0-8;3:0-8;4:2-0;5:2-0;6:1-0;7:5-0;8:0-8;9:8-1,1-8,3-1,2-1,7-1"
826,proposed_c2f_adaptive_pd_calibrated,10,10,1.0,20,300,0.06666666666666667,14,1,13,640.0,1.0666666666666667,17544.6392803655,440.6025391191324,1.0,17425.0,17425.0,0.0,17.166399979032576,"3,6,8,8,0,0,0,0,8,1","0:0-3;1:0-6;2:0-8;3:0-8;4:2-0;5:2-0;6:1-0;7:5-0;8:0-8;9:8-1,1-8,3-1,2-1,7-1"
827,proposed_c2f_adaptive_pd,9,10,0.9,18,270,0.06666666666666667,11,1,10,640.0,1.0666666666666667,628.3850339308094,158.99817100836884,0.9090909090909091,8097.0,8097.0,0.0,4.2063999571837485,"14,0,8,3,5,14,4,5,14,14","0:4-14;1:6-0;2:8-1,1-8;3:6-3;4:14-5;5:5-14;6:5-4;7:3-5;8:4-14;9:8-14"
827,proposed_c2f_adaptive_pd_calibrated,9,10,0.9,18,270,0.06666666666666667,11,1,10,640.0,1.0666666666666667,628.3850339308094,158.99817100836884,0.9090909090909091,8097.0,8097.0,0.0,8.437500044237822,"14,0,8,3,5,14,4,5,14,14","0:4-14;1:6-0;2:8-1,1-8;3:6-3;4:14-5;5:5-14;6:5-4;7:3-5;8:4-14;9:8-14"
828,proposed_c2f_adaptive_pd,10,10,1.0,6,300,0.02,10,0,10,0.0,0.0,700.9869012323426,319.18526556713994,1.0,8965.0,8965.0,0.0,6.031900004018098,"0,12,0,14,5,1,10,9,9,13",0:7-0;1:1-12;2:1-0;3:0-14;4:8-5;5:2-1;6:2-10;7:0-9;8:0-9;9:2-13
828,proposed_c2f_adaptive_pd_calibrated,10,10,1.0,7,300,0.023333333333333334,10,0,10,0.0,0.0,700.9869012323426,319.18526556713994,1.0,8965.0,8965.0,0.0,9.413900028448552,"0,12,0,14,5,1,10,9,9,13",0:7-0;1:1-12;2:1-0;3:0-14;4:8-5;5:2-1;6:2-10;7:0-9;8:0-9;9:2-13
829,proposed_c2f_adaptive_pd,10,10,1.0,12,300,0.04,12,0,12,0.0,0.0,81554.43502004884,735.8065212890225,1.0,10463.0,10463.0,0.0,6.852200021967292,"11,1,8,11,11,3,12,11,7,2","0:6-11,5-11;1:12-1;2:1-8;3:0-11;4:14-11,10-11;5:0-3;6:1-12;7:1-11;8:9-7;9:0-2"
829,proposed_c2f_adaptive_pd_calibrated,10,10,1.0,12,300,0.04,12,0,12,0.0,0.0,81554.43502004884,735.8065212890225,1.0,10463.0,10463.0,0.0,14.621299982536584,"11,1,8,11,11,3,12,11,7,2","0:6-11,5-11;1:12-1;2:1-8;3:0-11;4:14-11,10-11;5:0-3;6:1-12;7:1-11;8:9-7;9:0-2"
830,proposed_c2f_adaptive_pd,10,10,1.0,13,300,0.043333333333333335,12,0,12,0.0,0.0,569.7819110048317,236.68085306502968,1.0,10959.0,10959.0,0.0,5.5618000333197415,"0,12,6,9,0,10,4,14,3,3","0:9-0,8-0,11-0;1:0-12;2:10-6;3:5-9;4:9-0;5:3-10;6:0-4;7:5-14;8:1-3;9:2-3"
830,proposed_c2f_adaptive_pd_calibrated,10,10,1.0,14,300,0.04666666666666667,12,0,12,0.0,0.0,569.7819110048317,236.68085306502968,1.0,10959.0,10959.0,0.0,15.033600036986172,"0,12,6,9,0,10,4,14,3,3","0:9-0,8-0,11-0;1:0-12;2:10-6;3:5-9;4:9-0;5:3-10;6:0-4;7:5-14;8:1-3;9:2-3"
831,proposed_c2f_adaptive_pd,10,10,1.0,15,300,0.05,11,1,10,640.0,1.0666666666666667,1885.9073069328897,422.4915204330191,1.0,12495.0,12495.0,0.0,5.735099955927581,"14,5,12,12,2,4,7,12,6,4","0:14-13,13-14;1:3-5;2:10-12;3:0-12;4:0-2;5:1-4;6:5-7;7:0-12;8:0-6;9:1-4"
831,proposed_c2f_adaptive_pd_calibrated,10,10,1.0,15,300,0.05,11,1,10,640.0,1.0666666666666667,1885.9073069328897,422.4915204330191,1.0,12495.0,12495.0,0.0,11.091699998360127,"14,5,12,12,2,4,7,12,6,4","0:14-13,13-14;1:3-5;2:10-12;3:0-12;4:0-2;5:1-4;6:5-7;7:0-12;8:0-6;9:1-4"
832,proposed_c2f_adaptive_pd,9,10,0.9,16,270,0.05925925925925926,11,1,10,640.0,1.0666666666666667,230.507096972302,188.00354040875368,0.9090909090909091,13304.0,13304.0,0.0,5.332799977622926,"1,1,2,1,1,2,13,9,9,14","0:0-1;1:0-1;2:2-5,12-2;3:2-1;4:2-1;5:3-2;6:2-13;7:3-9;8:7-9;9:1-14"
832,proposed_c2f_adaptive_pd_calibrated,9,10,0.9,18,270,0.06666666666666667,11,1,10,640.0,1.0666666666666667,230.507096972302,188.00354040875368,0.9090909090909091,13304.0,13304.0,0.0,11.623899976257235,"1,1,2,1,1,2,13,9,9,14","0:0-1;1:0-1;2:2-5,12-2;3:2-1;4:2-1;5:3-2;6:2-13;7:3-9;8:7-9;9:1-14"
833,proposed_c2f_adaptive_pd,9,10,0.9,14,270,0.05185185185185185,15,2,13,1280.0,2.1333333333333333,2393.9246830604106,93.39100043496492,0.9333333333333333,14777.0,14777.0,0.0,5.900899996049702,"11,9,9,6,8,12,7,3,0,10","0:9-11;1:1-9;2:0-9;3:9-6,6-10,10-6,9-10,11-6,14-6;4:0-8;5:0-12;6:1-7;7:1-3;8:10-0;9:0-10"
833,proposed_c2f_adaptive_pd_calibrated,9,10,0.9,15,270,0.05555555555555555,15,2,13,1280.0,2.1333333333333333,2393.9246830604106,93.39100043496492,0.9333333333333333,14777.0,14777.0,0.0,11.470400029793382,"11,9,9,6,8,12,7,3,0,10","0:9-11;1:1-9;2:0-9;3:9-6,6-10,10-6,9-10,11-6,14-6;4:0-8;5:0-12;6:1-7;7:1-3;8:10-0;9:0-10"
834,proposed_c2f_adaptive_pd,10,10,1.0,8,300,0.02666666666666667,18,2,16,1280.0,2.1333333333333333,606.8482947064406,212.47801262638873,1.0,22038.0,22038.0,0.0,8.845700009260327,"1,6,1,1,1,5,2,5,10,2","0:0-1;1:7-6,9-6,5-6;2:2-1;3:0-1;4:2-1;5:6-5,4-5;6:1-2;7:6-5,3-5,4-5,5-3,13-5,5-4;8:2-10;9:1-2"
834,proposed_c2f_adaptive_pd_calibrated,10,10,1.0,8,300,0.02666666666666667,18,2,16,1280.0,2.1333333333333333,606.8482947064406,212.47801262638873,1.0,22038.0,22038.0,0.0,24.472999968566,"1,6,1,1,1,5,2,5,10,2","0:0-1;1:7-6,9-6,5-6;2:2-1;3:0-1;4:2-1;5:6-5,4-5;6:1-2;7:6-5,3-5,4-5,5-3,13-5,5-4;8:2-10;9:1-2"
835,proposed_c2f_adaptive_pd,9,10,0.9,14,300,0.04666666666666667,15,1,14,640.0,1.0666666666666667,3635.337497320858,324.1516915146615,1.0,11357.0,11357.0,0.0,8.565600030124187,"2,3,2,6,1,2,7,13,0,7","0:10-2;1:0-3;2:0-2;3:0-6;4:5-1,12-1,13-1,8-1,1-13,10-1;5:9-2;6:0-7;7:1-13;8:7-0;9:0-7"
835,proposed_c2f_adaptive_pd_calibrated,9,10,0.9,14,300,0.04666666666666667,15,1,14,640.0,1.0666666666666667,3635.337497320858,324.1516915146615,1.0,11357.0,11357.0,0.0,15.729799983091652,"2,3,2,6,1,2,7,13,0,7","0:10-2;1:0-3;2:0-2;3:0-6;4:5-1,12-1,13-1,8-1,1-13,10-1;5:9-2;6:0-7;7:1-13;8:7-0;9:0-7"
836,proposed_c2f_adaptive_pd,9,10,0.9,12,300,0.04,10,0,10,0.0,0.0,5753.882417778712,322.8494424960252,1.0,8503.0,8503.0,0.0,5.48930000513792,"8,6,11,6,4,4,12,9,2,0",0:0-8;1:3-6;2:0-11;3:0-6;4:7-4;5:6-4;6:0-12;7:4-9;8:3-2;9:1-0
836,proposed_c2f_adaptive_pd_calibrated,9,10,0.9,12,300,0.04,10,0,10,0.0,0.0,5753.882417778712,322.8494424960252,1.0,8503.0,8503.0,0.0,11.298299999907613,"8,6,11,6,4,4,12,9,2,0",0:0-8;1:3-6;2:0-11;3:0-6;4:7-4;5:6-4;6:0-12;7:4-9;8:3-2;9:1-0
837,proposed_c2f_adaptive_pd,10,10,1.0,15,300,0.05,10,0,10,0.0,0.0,7175.022960179538,440.2889456551519,1.0,11751.0,11751.0,0.0,5.948300007730722,"7,4,11,13,11,14,12,7,9,4",0:9-7;1:1-4;2:0-11;3:1-13;4:0-11;5:0-14;6:11-12;7:8-7;8:0-9;9:1-4
837,proposed_c2f_adaptive_pd_calibrated,10,10,1.0,16,300,0.05333333333333334,10,0,10,0.0,0.0,7175.022960179538,440.2889456551519,1.0,11751.0,11751.0,0.0,8.784700010437518,"7,4,11,13,11,14,12,7,9,4",0:9-7;1:1-4;2:0-11;3:1-13;4:0-11;5:0-14;6:11-12;7:8-7;8:0-9;9:1-4
838,proposed_c2f_adaptive_pd,10,10,1.0,23,300,0.07666666666666666,10,0,10,0.0,0.0,827138.2284508945,123.7383365993706,1.0,7887.0,7887.0,0.0,4.953299998305738,"14,10,6,11,12,0,3,11,12,6",0:6-14;1:2-10;2:10-6;3:2-11;4:0-12;5:1-0;6:2-3;7:3-11;8:0-12;9:1-6
838,proposed_c2f_adaptive_pd_calibrated,10,10,1.0,23,300,0.07666666666666666,10,0,10,0.0,0.0,827138.2284508945,123.7383365993706,1.0,7887.0,7887.0,0.0,11.815599980764091,"14,10,6,11,12,0,3,11,12,6",0:6-14;1:2-10;2:10-6;3:2-11;4:0-12;5:1-0;6:2-3;7:3-11;8:0-12;9:1-6
839,proposed_c2f_adaptive_pd,10,10,1.0,13,300,0.043333333333333335,17,2,15,1280.0,2.1333333333333333,13840.650939932279,349.5362151359414,1.0,17430.0,17430.0,0.0,9.308099979534745,"13,11,9,0,13,13,7,1,3,0","0:13-14,14-13,10-13,13-4,4-13,0-13;1:0-11;2:0-9;3:1-0;4:14-13,4-13,11-13;5:14-13;6:0-7;7:0-1;8:0-3;9:10-0"
839,proposed_c2f_adaptive_pd_calibrated,10,10,1.0,13,300,0.043333333333333335,17,2,15,1280.0,2.1333333333333333,13840.650939932279,349.5362151359414,1.0,17430.0,17430.0,0.0,15.110499982256442,"13,11,9,0,13,13,7,1,3,0","0:13-14,14-13,10-13,13-4,4-13,0-13;1:0-11;2:0-9;3:1-0;4:14-13,4-13,11-13;5:14-13;6:0-7;7:0-1;8:0-3;9:10-0"
840,proposed_c2f_adaptive_pd,10,10,1.0,16,300,0.05333333333333334,16,1,15,640.0,1.0666666666666667,11111.934578535438,82.3428192971823,1.0,17728.0,17728.0,0.0,8.462500001769513,"12,10,10,0,6,9,0,12,9,4","0:0-12;1:11-10;2:11-10;3:10-0,12-0;4:1-6;5:0-9;6:10-0,9-0,11-0,0-9,14-0,8-0;7:0-12;8:1-9;9:1-4"
840,proposed_c2f_adaptive_pd_calibrated,10,10,1.0,16,300,0.05333333333333334,16,1,15,640.0,1.0666666666666667,11111.934578535438,82.3428192971823,1.0,17728.0,17728.0,0.0,16.514299961272627,"12,10,10,0,6,9,0,12,9,4","0:0-12;1:11-10;2:11-10;3:10-0,12-0;4:1-6;5:0-9;6:10-0,9-0,11-0,0-9,14-0,8-0;7:0-12;8:1-9;9:1-4"
841,proposed_c2f_adaptive_pd,10,10,1.0,15,300,0.05,14,1,13,640.0,1.0666666666666667,3052.9023577629973,758.4199366651991,1.0,11933.0,11933.0,0.0,8.189400017727166,"6,0,1,1,2,2,7,4,2,8","0:0-6;1:1-0;2:3-1,0-1,2-1,12-1;3:0-1;4:0-2;5:3-2;6:0-7;7:0-4;8:2-3,3-2;9:4-8"
841,proposed_c2f_adaptive_pd_calibrated,10,10,1.0,15,300,0.05,14,1,13,640.0,1.0666666666666667,3052.9023577629973,758.4199366651991,1.0,11933.0,11933.0,0.0,18.50379997631535,"6,0,1,1,2,2,7,4,2,8","0:0-6;1:1-0;2:3-1,0-1,2-1,12-1;3:0-1;4:0-2;5:3-2;6:0-7;7:0-4;8:2-3,3-2;9:4-8"
842,proposed_c2f_adaptive_pd,10,10,1.0,18,300,0.06,10,0,10,0.0,0.0,34844.34564900919,294.86324597472503,1.0,10505.0,10505.0,0.0,3.7507000379264355,"1,12,9,11,3,8,0,7,6,1",0:3-1;1:0-12;2:0-9;3:0-11;4:0-3;5:0-8;6:1-0;7:0-7;8:0-6;9:4-1
842,proposed_c2f_adaptive_pd_calibrated,10,10,1.0,18,300,0.06,10,0,10,0.0,0.0,34844.34564900919,294.86324597472503,1.0,10505.0,10505.0,0.0,10.601900052279234,"1,12,9,11,3,8,0,7,6,1",0:3-1;1:0-12;2:0-9;3:0-11;4:0-3;5:0-8;6:1-0;7:0-7;8:0-6;9:4-1
843,proposed_c2f_adaptive_pd,10,10,1.0,11,300,0.03666666666666667,11,1,10,640.0,1.0666666666666667,445.07320635637836,136.62019682444375,1.0,11292.0,11292.0,0.0,5.161400011274964,"4,12,0,9,9,12,10,3,10,14","0:5-4;1:1-12;2:1-0;3:0-9;4:0-9;5:1-12;6:2-10;7:3-8,8-3;8:4-10;9:0-14"
843,proposed_c2f_adaptive_pd_calibrated,10,10,1.0,12,300,0.04,11,1,10,640.0,1.0666666666666667,445.07320635637836,136.62019682444375,1.0,11292.0,11292.0,0.0,12.310900026932359,"4,12,0,9,9,12,10,3,10,14","0:5-4;1:1-12;2:1-0;3:0-9;4:0-9;5:1-12;6:2-10;7:3-8,8-3;8:4-10;9:0-14"
844,proposed_c2f_adaptive_pd,10,10,1.0,14,300,0.04666666666666667,15,1,14,640.0,1.0666666666666667,64321.8453320267,98.69662310809872,1.0,13625.0,13625.0,0.0,8.046200033277273,"14,2,1,7,10,13,2,14,5,3","0:5-14;1:3-2;2:3-1;3:3-7,7-2,2-7,9-7,10-7,6-7;4:0-10;5:2-13;6:3-2;7:0-14;8:0-5;9:6-3"
844,proposed_c2f_adaptive_pd_calibrated,10,10,1.0,15,300,0.05,15,1,14,640.0,1.0666666666666667,64321.8453320267,98.69662310809872,1.0,13625.0,13625.0,0.0,15.112499997485429,"14,2,1,7,10,13,2,14,5,3","0:5-14;1:3-2;2:3-1;3:3-7,7-2,2-7,9-7,10-7,6-7;4:0-10;5:2-13;6:3-2;7:0-14;8:0-5;9:6-3"
845,proposed_c2f_adaptive_pd,10,10,1.0,15,300,0.05,12,1,11,640.0,1.0666666666666667,1057.9273111832586,214.0684136684376,1.0,16052.0,16052.0,0.0,7.118199951946735,"8,10,3,12,3,2,5,6,9,3","0:0-8;1:1-10;2:4-3;3:1-12;4:4-3;5:4-2,2-4;6:0-5;7:0-6;8:0-9,8-9;9:4-3"
845,proposed_c2f_adaptive_pd_calibrated,10,10,1.0,15,300,0.05,12,1,11,640.0,1.0666666666666667,1057.9273111832586,214.0684136684376,1.0,16052.0,16052.0,0.0,16.76890003727749,"8,10,3,12,3,2,5,6,9,3","0:0-8;1:1-10;2:4-3;3:1-12;4:4-3;5:4-2,2-4;6:0-5;7:0-6;8:0-9,8-9;9:4-3"
846,proposed_c2f_adaptive_pd,10,10,1.0,14,300,0.04666666666666667,11,0,11,0.0,0.0,3981.641300559984,361.4673239348624,1.0,12030.0,12030.0,0.0,4.735399968922138,"1,3,0,13,4,4,2,7,12,14","0:0-1;1:7-3,13-3;2:2-0;3:0-13;4:0-4;5:2-4;6:0-2;7:0-7;8:0-12;9:1-14"
846,proposed_c2f_adaptive_pd_calibrated,10,10,1.0,15,300,0.05,11,0,11,0.0,0.0,3981.641300559984,361.4673239348624,1.0,12030.0,12030.0,0.0,14.180899946950376,"1,3,0,13,4,4,2,7,12,14","0:0-1;1:7-3,13-3;2:2-0;3:0-13;4:0-4;5:2-4;6:0-2;7:0-7;8:0-12;9:1-14"
847,proposed_c2f_adaptive_pd,10,10,1.0,17,300,0.056666666666666664,16,0,16,0.0,0.0,206339.3966550366,183.10948420210755,1.0,16624.0,16624.0,0.0,6.428099994082004,"1,2,11,2,12,3,6,10,4,4","0:4-1,5-1,2-1;1:1-2;2:0-11;3:5-2;4:7-12;5:13-3,0-3,10-3,12-3,7-3;6:0-6;7:0-10;8:0-4;9:0-4"
847,proposed_c2f_adaptive_pd_calibrated,10,10,1.0,18,300,0.06,16,0,16,0.0,0.0,206339.3966550366,183.10948420210755,1.0,16624.0,16624.0,0.0,18.296799971722066,"1,2,11,2,12,3,6,10,4,4","0:4-1,5-1,2-1;1:1-2;2:0-11;3:5-2;4:7-12;5:13-3,0-3,10-3,12-3,7-3;6:0-6;7:0-10;8:0-4;9:0-4"
848,proposed_c2f_adaptive_pd,10,10,1.0,16,300,0.05333333333333334,10,0,10,0.0,0.0,2453.6374922980044,398.1435307239268,1.0,9581.0,9581.0,0.0,3.4241999965161085,"9,8,4,14,10,8,11,14,4,14",0:3-9;1:0-8;2:0-4;3:0-14;4:0-10;5:0-8;6:2-11;7:8-14;8:1-4;9:0-14
848,proposed_c2f_adaptive_pd_calibrated,10,10,1.0,16,300,0.05333333333333334,10,0,10,0.0,0.0,2453.6374922980044,398.1435307239268,1.0,9581.0,9581.0,0.0,13.428100035525858,"9,8,4,14,10,8,11,14,4,14",0:3-9;1:0-8;2:0-4;3:0-14;4:0-10;5:0-8;6:2-11;7:8-14;8:1-4;9:0-14
849,proposed_c2f_adaptive_pd,10,10,1.0,20,300,0.06666666666666667,10,0,10,0.0,0.0,19043.632263968375,3339.200990595831,1.0,10197.0,10197.0,0.0,6.119799974840134,"2,9,11,1,11,6,13,5,10,2",0:0-2;1:1-9;2:1-11;3:0-1;4:1-11;5:0-6;6:0-13;7:1-5;8:0-10;9:0-2
849,proposed_c2f_adaptive_pd_calibrated,10,10,1.0,21,300,0.07,10,0,10,0.0,0.0,19043.632263968375,3339.200990595831,1.0,10197.0,10197.0,0.0,13.344499981030822,"2,9,11,1,11,6,13,5,10,2",0:0-2;1:1-9;2:1-11;3:0-1;4:1-11;5:0-6;6:0-13;7:1-5;8:0-10;9:0-2
850,proposed_c2f_adaptive_pd,10,10,1.0,12,300,0.04,11,0,11,0.0,0.0,1237.2974706282341,473.9013327870499,1.0,12972.0,12972.0,0.0,5.077800014987588,"7,3,7,1,7,13,14,5,3,5","0:1-7,14-7;1:0-3;2:1-7;3:0-1;4:0-7;5:2-13;6:0-14;7:3-5;8:4-3;9:0-5"
850,proposed_c2f_adaptive_pd_calibrated,10,10,1.0,13,300,0.043333333333333335,11,0,11,0.0,0.0,1237.2974706282341,473.9013327870499,1.0,12972.0,12972.0,0.0,13.415199995506555,"7,3,7,1,7,13,14,5,3,5","0:1-7,14-7;1:0-3;2:1-7;3:0-1;4:0-7;5:2-13;6:0-14;7:3-5;8:4-3;9:0-5"
851,proposed_c2f_adaptive_pd,10,10,1.0,21,300,0.07,13,0,13,0.0,0.0,972.6207148746438,217.25294880038894,1.0,14207.0,14207.0,0.0,6.774000008590519,"13,6,3,13,11,3,8,4,14,12","0:10-13;1:0-6;2:14-3,1-3;3:8-13;4:1-11;5:1-3;6:0-8;7:12-4;8:3-14,9-14,1-14;9:0-12"
851,proposed_c2f_adaptive_pd_calibrated,10,10,1.0,22,300,0.07333333333333333,13,0,13,0.0,0.0,972.6207148746438,217.25294880038894,1.0,14207.0,14207.0,0.0,17.779699992388487,"13,6,3,13,11,3,8,4,14,12","0:10-13;1:0-6;2:14-3,1-3;3:8-13;4:1-11;5:1-3;6:0-8;7:12-4;8:3-14,9-14,1-14;9:0-12"
852,proposed_c2f_adaptive_pd,10,10,1.0,15,300,0.05,10,0,10,0.0,0.0,15401.258966638876,1119.6135388427724,1.0,9273.0,9273.0,0.0,4.8251000116579235,"4,8,6,14,9,7,6,8,7,4",0:0-4;1:0-8;2:0-6;3:0-14;4:8-9;5:0-7;6:0-6;7:1-8;8:0-7;9:1-4
852,proposed_c2f_adaptive_pd_calibrated,10,10,1.0,15,300,0.05,10,0,10,0.0,0.0,15401.258966638876,1119.6135388427724,1.0,9273.0,9273.0,0.0,11.324199964292347,"4,8,6,14,9,7,6,8,7,4",0:0-4;1:0-8;2:0-6;3:0-14;4:8-9;5:0-7;6:0-6;7:1-8;8:0-7;9:1-4
853,proposed_c2f_adaptive_pd,9,10,0.9,15,300,0.05,17,3,14,1920.0,3.2,4868.847990459896,903.8312945474333,1.0,19506.0,19506.0,0.0,8.20959999691695,"9,12,7,3,6,6,3,6,14,5","0:0-9;1:0-12;2:0-7;3:3-4,4-3,5-3,2-3,9-3,5-4;4:0-6;5:0-6;6:4-3,3-4,2-3;7:0-6;8:0-14;9:0-5"
853,proposed_c2f_adaptive_pd_calibrated,9,10,0.9,15,300,0.05,17,3,14,1920.0,3.2,4868.847990459896,903.8312945474333,1.0,19506.0,19506.0,0.0,16.483699961099774,"9,12,7,3,6,6,3,6,14,5","0:0-9;1:0-12;2:0-7;3:3-4,4-3,5-3,2-3,9-3,5-4;4:0-6;5:0-6;6:4-3,3-4,2-3;7:0-6;8:0-14;9:0-5"
854,proposed_c2f_adaptive_pd,10,10,1.0,14,300,0.04666666666666667,12,0,12,0.0,0.0,970.4598055222939,104.72596671053944,1.0,14286.0,14286.0,0.0,4.516199987847358,"14,1,14,1,12,12,12,4,9,10","0:0-14;1:0-1;2:0-14;3:0-1;4:0-12;5:11-12,2-12;6:11-12,0-12;7:2-4;8:0-9;9:0-10"
854,proposed_c2f_adaptive_pd_calibrated,10,10,1.0,15,300,0.05,12,0,12,0.0,0.0,970.4598055222939,104.72596671053944,1.0,14286.0,14286.0,0.0,11.79800002137199,"14,1,14,1,12,12,12,4,9,10","0:0-14;1:0-1;2:0-14;3:0-1;4:0-12;5:11-12,2-12;6:11-12,0-12;7:2-4;8:0-9;9:0-10"
855,proposed_c2f_adaptive_pd,10,10,1.0,17,300,0.056666666666666664,16,2,14,1280.0,2.1333333333333333,140.89583710907465,72.86920171669863,1.0,18765.0,18765.0,0.0,8.623600006103516,"3,8,3,14,13,13,3,3,3,0","0:13-3;1:0-8;2:0-3,3-0;3:0-14;4:3-13;5:3-13;6:4-3;7:0-3,3-0,13-3,12-3,14-3,2-3;8:1-3;9:12-0"
855,proposed_c2f_adaptive_pd_calibrated,10,10,1.0,16,300,0.05333333333333334,16,2,14,1280.0,2.1333333333333333,140.89583710907465,72.86920171669863,1.0,18765.0,18765.0,0.0,17.7914000232704,"3,8,3,14,13,13,3,3,3,0","0:13-3;1:0-8;2:0-3,3-0;3:0-14;4:3-13;5:3-13;6:4-3;7:0-3,3-0,13-3,12-3,14-3,2-3;8:1-3;9:12-0"
856,proposed_c2f_adaptive_pd,10,10,1.0,14,300,0.04666666666666667,21,4,17,2560.0,4.266666666666667,2499.6305868337854,458.5116990218032,1.0,22695.0,22695.0,0.0,8.831000013742596,"6,14,14,9,14,7,7,0,8,6","0:0-6;1:0-14;2:10-14,7-14,14-10,13-14,0-14,4-14;3:11-9;4:0-14;5:14-7,7-10,10-7,14-10,13-7,7-13;6:11-7,10-7;7:1-0;8:0-8;9:0-6"
856,proposed_c2f_adaptive_pd_calibrated,10,10,1.0,14,300,0.04666666666666667,21,4,17,2560.0,4.266666666666667,2499.6305868337854,458.5116990218032,1.0,22695.0,22695.0,0.0,19.09620000515133,"6,14,14,9,14,7,7,0,8,6","0:0-6;1:0-14;2:10-14,7-14,14-10,13-14,0-14,4-14;3:11-9;4:0-14;5:14-7,7-10,10-7,14-10,13-7,7-13;6:11-7,10-7;7:1-0;8:0-8;9:0-6"
857,proposed_c2f_adaptive_pd,10,10,1.0,22,300,0.07333333333333333,13,0,13,0.0,0.0,18691.367162724044,186.45630765331165,1.0,13005.0,13005.0,0.0,7.859700010158122,"2,11,4,4,1,14,2,11,9,12","0:0-2;1:1-11;2:6-4,11-4,14-4;3:0-4;4:0-1;5:0-14;6:1-2,13-2;7:6-11;8:1-9;9:6-12"
857,proposed_c2f_adaptive_pd_calibrated,10,10,1.0,22,300,0.07333333333333333,13,0,13,0.0,0.0,18691.367162724044,186.45630765331165,1.0,13005.0,13005.0,0.0,16.533599991817027,"2,11,4,4,1,14,2,11,9,12","0:0-2;1:1-11;2:6-4,11-4,14-4;3:0-4;4:0-1;5:0-14;6:1-2,13-2;7:6-11;8:1-9;9:6-12"
858,proposed_c2f_adaptive_pd,10,10,1.0,11,300,0.03666666666666667,14,2,12,1280.0,2.1333333333333333,904.1347042982568,263.89628801679993,1.0,12959.0,12959.0,0.0,7.626300037372857,"7,3,7,2,1,0,0,2,7,14","0:3-7;1:0-3;2:0-7;3:2-9,2-1,1-2,9-2,0-2;4:0-1;5:1-0;6:5-0;7:0-2;8:0-7;9:1-14"
858,proposed_c2f_adaptive_pd_calibrated,10,10,1.0,11,300,0.03666666666666667,14,2,12,1280.0,2.1333333333333333,904.1347042982568,263.89628801679993,1.0,12959.0,12959.0,0.0,15.860199986491352,"7,3,7,2,1,0,0,2,7,14","0:3-7;1:0-3;2:0-7;3:2-9,2-1,1-2,9-2,0-2;4:0-1;5:1-0;6:5-0;7:0-2;8:0-7;9:1-14"
859,proposed_c2f_adaptive_pd,10,10,1.0,19,300,0.06333333333333334,10,0,10,0.0,0.0,702.2168451014496,425.92338477237513,1.0,8391.0,8391.0,0.0,5.463799985591322,"3,6,2,13,8,7,12,1,6,1",0:10-3;1:0-6;2:4-2;3:0-13;4:2-8;5:2-7;6:1-12;7:3-1;8:0-6;9:10-1
859,proposed_c2f_adaptive_pd_calibrated,10,10,1.0,20,300,0.06666666666666667,10,0,10,0.0,0.0,702.2168451014496,425.92338477237513,1.0,8391.0,8391.0,0.0,10.595500003546476,"3,6,2,13,8,7,12,1,6,1",0:10-3;1:0-6;2:4-2;3:0-13;4:2-8;5:2-7;6:1-12;7:3-1;8:0-6;9:10-1
860,proposed_c2f_adaptive_pd,10,10,1.0,8,300,0.02666666666666667,10,0,10,0.0,0.0,963738.1815889217,278.3075346534406,1.0,9119.0,9119.0,0.0,5.713299964554608,"7,1,11,2,7,10,9,12,13,9",0:1-7;1:0-1;2:12-11;3:0-2;4:1-7;5:3-10;6:0-9;7:3-12;8:0-13;9:0-9
860,proposed_c2f_adaptive_pd_calibrated,10,10,1.0,8,300,0.02666666666666667,10,0,10,0.0,0.0,963738.1815889217,278.3075346534406,1.0,9119.0,9119.0,0.0,11.447199969552457,"7,1,11,2,7,10,9,12,13,9",0:1-7;1:0-1;2:12-11;3:0-2;4:1-7;5:3-10;6:0-9;7:3-12;8:0-13;9:0-9
861,proposed_c2f_adaptive_pd,10,10,1.0,22,300,0.07333333333333333,10,0,10,0.0,0.0,2162.8585877580954,1130.8566375712949,1.0,11751.0,11751.0,0.0,4.906199988909066,"9,10,14,13,9,6,11,8,3,10",0:2-9;1:1-10;2:1-14;3:1-13;4:0-9;5:0-6;6:2-11;7:1-8;8:2-3;9:0-10
861,proposed_c2f_adaptive_pd_calibrated,10,10,1.0,22,300,0.07333333333333333,10,0,10,0.0,0.0,2162.8585877580954,1130.8566375712949,1.0,11751.0,11751.0,0.0,13.367699983064085,"9,10,14,13,9,6,11,8,3,10",0:2-9;1:1-10;2:1-14;3:1-13;4:0-9;5:0-6;6:2-11;7:1-8;8:2-3;9:0-10
862,proposed_c2f_adaptive_pd,9,10,0.9,16,270,0.05925925925925926,10,0,10,0.0,0.0,22813.88470202897,2290.349994321862,0.9,11583.0,11583.0,0.0,4.758100025355816,"10,0,4,11,5,8,9,6,12,9",0:0-10;1:2-0;2:0-4;3:4-11;4:1-5;5:0-8;6:0-9;7:0-6;8:0-12;9:0-9
862,proposed_c2f_adaptive_pd_calibrated,9,10,0.9,17,270,0.06296296296296296,10,0,10,0.0,0.0,22813.88470202897,2290.349994321862,0.9,11583.0,11583.0,0.0,10.18439995823428,"10,0,4,11,5,8,9,6,12,9",0:0-10;1:2-0;2:0-4;3:4-11;4:1-5;5:0-8;6:0-9;7:0-6;8:0-12;9:0-9
863,proposed_c2f_adaptive_pd,10,10,1.0,21,300,0.07,10,0,10,0.0,0.0,470386.52532368776,130.55429983725782,1.0,6809.0,6809.0,0.0,3.828299988526851,"14,11,4,7,7,6,7,3,8,14",0:4-14;1:1-11;2:1-4;3:0-7;4:0-7;5:0-6;6:0-7;7:0-3;8:5-8;9:1-14
863,proposed_c2f_adaptive_pd_calibrated,10,10,1.0,22,300,0.07333333333333333,10,0,10,0.0,0.0,470386.52532368776,130.55429983725782,1.0,6809.0,6809.0,0.0,12.365000031422824,"14,11,4,7,7,6,7,3,8,14",0:4-14;1:1-11;2:1-4;3:0-7;4:0-7;5:0-6;6:0-7;7:0-3;8:5-8;9:1-14
864,proposed_c2f_adaptive_pd,10,10,1.0,13,300,0.043333333333333335,11,0,11,0.0,0.0,703.9832895308268,461.8171221655718,1.0,12804.0,12804.0,0.0,5.864400009158999,"7,0,6,14,11,11,0,0,11,6","0:0-7;1:1-0;2:0-6;3:11-14;4:14-11;5:10-11,12-11;6:1-0;7:3-0;8:0-11;9:0-6"
864,proposed_c2f_adaptive_pd_calibrated,10,10,1.0,14,300,0.04666666666666667,11,0,11,0.0,0.0,703.9832895308268,461.8171221655718,1.0,12804.0,12804.0,0.0,9.082599950488657,"7,0,6,14,11,11,0,0,11,6","0:0-7;1:1-0;2:0-6;3:11-14;4:14-11;5:10-11,12-11;6:1-0;7:3-0;8:0-11;9:0-6"
865,proposed_c2f_adaptive_pd,10,10,1.0,13,300,0.043333333333333335,10,0,10,0.0,0.0,8287.92882412522,120.30474910419942,1.0,12045.0,12045.0,0.0,5.817800003569573,"4,7,7,12,8,11,4,3,10,3",0:9-4;1:0-7;2:5-7;3:2-12;4:0-8;5:0-11;6:7-4;7:0-3;8:0-10;9:2-3
865,proposed_c2f_adaptive_pd_calibrated,10,10,1.0,13,300,0.043333333333333335,10,0,10,0.0,0.0,8287.92882412522,120.30474910419942,1.0,12045.0,12045.0,0.0,14.404399960767478,"4,7,7,12,8,11,4,3,10,3",0:9-4;1:0-7;2:5-7;3:2-12;4:0-8;5:0-11;6:7-4;7:0-3;8:0-10;9:2-3
866,proposed_c2f_adaptive_pd,10,10,1.0,15,300,0.05,11,0,11,0.0,0.0,267.3081716292876,211.20776092174282,1.0,12887.0,12887.0,0.0,6.411300040781498,"4,13,7,11,14,9,3,4,7,13","0:0-4;1:8-13,0-13;2:0-7;3:3-11;4:3-14;5:0-9;6:11-3;7:0-4;8:6-7;9:1-13"
866,proposed_c2f_adaptive_pd_calibrated,10,10,1.0,15,300,0.05,11,0,11,0.0,0.0,267.3081716292876,211.20776092174282,1.0,12887.0,12887.0,0.0,15.501699992455542,"4,13,7,11,14,9,3,4,7,13","0:0-4;1:8-13,0-13;2:0-7;3:3-11;4:3-14;5:0-9;6:11-3;7:0-4;8:6-7;9:1-13"
867,proposed_c2f_adaptive_pd,10,10,1.0,12,300,0.04,15,1,14,640.0,1.0666666666666667,2559.560165218371,93.42215115067388,1.0,13429.0,13429.0,0.0,8.768800005782396,"2,7,13,14,8,7,3,3,3,7","0:0-2;1:3-7;2:0-13;3:1-14;4:5-8;5:5-7,7-5,12-7,9-7,10-7,6-7;6:1-3;7:2-3;8:1-3;9:3-7"
867,proposed_c2f_adaptive_pd_calibrated,10,10,1.0,13,300,0.043333333333333335,15,1,14,640.0,1.0666666666666667,2559.560165218371,93.42215115067388,1.0,13429.0,13429.0,0.0,16.433500044513494,"2,7,13,14,8,7,3,3,3,7","0:0-2;1:3-7;2:0-13;3:1-14;4:5-8;5:5-7,7-5,12-7,9-7,10-7,6-7;6:1-3;7:2-3;8:1-3;9:3-7"
868,proposed_c2f_adaptive_pd,10,10,1.0,11,300,0.03666666666666667,14,1,13,640.0,1.0666666666666667,10650.501677679164,488.3841391479625,1.0,15829.0,15829.0,0.0,5.891899985726923,"8,1,1,8,2,11,4,13,5,14","0:11-8;1:0-1,10-1,1-0,4-1,5-1;2:0-1;3:3-8;4:0-2;5:8-11;6:0-4;7:0-13;8:0-5;9:0-14"
868,proposed_c2f_adaptive_pd_calibrated,10,10,1.0,12,300,0.04,14,1,13,640.0,1.0666666666666667,10650.501677679164,488.3841391479625,1.0,15829.0,15829.0,0.0,19.043900014366955,"8,1,1,8,2,11,4,13,5,14","0:11-8;1:0-1,10-1,1-0,4-1,5-1;2:0-1;3:3-8;4:0-2;5:8-11;6:0-4;7:0-13;8:0-5;9:0-14"
869,proposed_c2f_adaptive_pd,10,10,1.0,24,300,0.08,10,0,10,0.0,0.0,1860.0292940098957,199.34931249811308,1.0,9427.0,9427.0,0.0,4.406600026413798,"1,1,3,0,13,5,14,9,7,2",0:0-1;1:2-1;2:12-3;3:1-0;4:0-13;5:0-5;6:0-14;7:3-9;8:4-7;9:1-2
869,proposed_c2f_adaptive_pd_calibrated,10,10,1.0,24,300,0.08,10,0,10,0.0,0.0,1860.0292940098957,199.34931249811308,1.0,9427.0,9427.0,0.0,10.307800024747849,"1,1,3,0,13,5,14,9,7,2",0:0-1;1:2-1;2:12-3;3:1-0;4:0-13;5:0-5;6:0-14;7:3-9;8:4-7;9:1-2
870,proposed_c2f_adaptive_pd,10,10,1.0,17,300,0.056666666666666664,11,0,11,0.0,0.0,539.3465130978277,294.2999614560035,1.0,13098.0,13098.0,0.0,4.709500004537404,"3,12,7,3,3,1,13,10,7,13","0:1-3;1:0-12;2:0-7;3:2-3;4:1-3;5:2-1;6:0-13;7:1-10;8:14-7;9:14-13,7-13"
870,proposed_c2f_adaptive_pd_calibrated,10,10,1.0,17,300,0.056666666666666664,11,0,11,0.0,0.0,539.3465130978277,294.2999614560035,1.0,13098.0,13098.0,0.0,15.718100010417402,"3,12,7,3,3,1,13,10,7,13","0:1-3;1:0-12;2:0-7;3:2-3;4:1-3;5:2-1;6:0-13;7:1-10;8:14-7;9:14-13,7-13"
871,proposed_c2f_adaptive_pd,10,10,1.0,23,300,0.07666666666666666,10,0,10,0.0,0.0,3484.0740682152573,615.0582640491177,1.0,9273.0,9273.0,0.0,3.618400020059198,"12,7,9,2,5,8,12,0,9,13",0:0-12;1:1-7;2:1-9;3:1-2;4:0-5;5:0-8;6:1-12;7:1-0;8:1-9;9:1-13
871,proposed_c2f_adaptive_pd_calibrated,10,10,1.0,23,300,0.07666666666666666,10,0,10,0.0,0.0,3484.0740682152573,615.0582640491177,1.0,9273.0,9273.0,0.0,9.444500028621405,"12,7,9,2,5,8,12,0,9,13",0:0-12;1:1-7;2:1-9;3:1-2;4:0-5;5:0-8;6:1-12;7:1-0;8:1-9;9:1-13
872,proposed_c2f_adaptive_pd,10,10,1.0,11,300,0.03666666666666667,10,0,10,0.0,0.0,6782.6599647241455,322.65798277140567,1.0,10686.0,10686.0,0.0,5.375900014769286,"13,10,13,1,1,0,9,14,1,14",0:0-13;1:4-10;2:0-13;3:0-1;4:14-1;5:1-0;6:0-9;7:0-14;8:0-1;9:0-14
872,proposed_c2f_adaptive_pd_calibrated,10,10,1.0,12,300,0.04,10,0,10,0.0,0.0,6782.6599647241455,322.65798277140567,1.0,10686.0,10686.0,0.0,11.634199996478856,"13,10,13,1,1,0,9,14,1,14",0:0-13;1:4-10;2:0-13;3:0-1;4:14-1;5:1-0;6:0-9;7:0-14;8:0-1;9:0-14
873,proposed_c2f_adaptive_pd,10,10,1.0,13,300,0.043333333333333335,10,0,10,0.0,0.0,217571.86776953324,697.6385806618514,1.0,10911.0,10911.0,0.0,6.2541000079363585,"11,3,8,8,12,1,14,10,14,11",0:9-11;1:0-3;2:0-8;3:0-8;4:4-12;5:8-1;6:0-14;7:0-10;8:1-14;9:1-11
873,proposed_c2f_adaptive_pd_calibrated,10,10,1.0,13,300,0.043333333333333335,10,0,10,0.0,0.0,217571.86776953324,697.6385806618514,1.0,10911.0,10911.0,0.0,10.739399993326515,"11,3,8,8,12,1,14,10,14,11",0:9-11;1:0-3;2:0-8;3:0-8;4:4-12;5:8-1;6:0-14;7:0-10;8:1-14;9:1-11
874,proposed_c2f_adaptive_pd,9,10,0.9,22,300,0.07333333333333333,10,0,10,0.0,0.0,28071768.877367675,282.0684253427154,1.0,7117.0,7117.0,0.0,6.182899989653379,"1,4,9,1,0,1,9,12,4,10",0:0-1;1:3-4;2:0-9;3:0-1;4:1-0;5:0-1;6:0-9;7:2-12;8:2-4;9:2-10
874,proposed_c2f_adaptive_pd_calibrated,9,10,0.9,22,300,0.07333333333333333,10,0,10,0.0,0.0,28071768.877367675,282.0684253427154,1.0,7117.0,7117.0,0.0,12.95519998529926,"1,4,9,1,0,1,9,12,4,10",0:0-1;1:3-4;2:0-9;3:0-1;4:1-0;5:0-1;6:0-9;7:2-12;8:2-4;9:2-10
875,proposed_c2f_adaptive_pd,9,10,0.9,12,300,0.04,15,2,13,1280.0,2.1333333333333333,295013.20315955475,301.9493928966459,1.0,12757.0,12757.0,0.0,8.4645000169985,"5,7,2,7,11,5,2,8,1,13","0:1-5;1:0-7;2:0-2;3:0-7;4:0-11;5:13-5,5-13,3-5,8-5,9-5,3-13;6:0-2;7:2-8;8:0-1;9:0-13"
875,proposed_c2f_adaptive_pd_calibrated,9,10,0.9,13,300,0.043333333333333335,15,2,13,1280.0,2.1333333333333333,295013.20315955475,301.9493928966459,1.0,12757.0,12757.0,0.0,15.89030004106462,"5,7,2,7,11,5,2,8,1,13","0:1-5;1:0-7;2:0-2;3:0-7;4:0-11;5:13-5,5-13,3-5,8-5,9-5,3-13;6:0-2;7:2-8;8:0-1;9:0-13"
876,proposed_c2f_adaptive_pd,10,10,1.0,13,300,0.043333333333333335,10,1,9,640.0,1.0666666666666667,349716.1356608487,498.98441788609546,1.0,9616.0,9616.0,0.0,5.945300043094903,"14,14,9,9,5,9,0,7,9,0",0:0-14;1:0-14;2:5-9;3:1-9;4:5-9;5:0-9;6:1-0;7:4-7;8:1-9;9:1-0
876,proposed_c2f_adaptive_pd_calibrated,10,10,1.0,14,300,0.04666666666666667,10,1,9,640.0,1.0666666666666667,349716.1356608487,498.98441788609546,1.0,9616.0,9616.0,0.0,10.237600014079362,"14,14,9,9,5,9,0,7,9,0",0:0-14;1:0-14;2:5-9;3:1-9;4:5-9;5:0-9;6:1-0;7:4-7;8:1-9;9:1-0
877,proposed_c2f_adaptive_pd,10,10,1.0,10,300,0.03333333333333333,10,0,10,0.0,0.0,1443.5141017920898,1051.3004849272443,1.0,9889.0,9889.0,0.0,5.219299986492842,"14,6,14,14,14,5,1,7,13,1",0:1-14;1:1-6;2:0-14;3:0-14;4:0-14;5:12-5;6:5-1;7:5-7;8:0-13;9:6-1
877,proposed_c2f_adaptive_pd_calibrated,10,10,1.0,10,300,0.03333333333333333,10,0,10,0.0,0.0,1443.5141017920898,1051.3004849272443,1.0,9889.0,9889.0,0.0,10.768999985884875,"14,6,14,14,14,5,1,7,13,1",0:1-14;1:1-6;2:0-14;3:0-14;4:0-14;5:12-5;6:5-1;7:5-7;8:0-13;9:6-1
878,proposed_c2f_adaptive_pd,10,10,1.0,17,300,0.056666666666666664,10,0,10,0.0,0.0,2642.172559969788,131.73739283760025,1.0,11429.0,11429.0,0.0,5.669699981808662,"8,14,5,10,10,0,5,1,10,6",0:6-8;1:0-14;2:0-5;3:2-10;4:0-10;5:12-0;6:14-5;7:2-1;8:4-10;9:1-6
878,proposed_c2f_adaptive_pd_calibrated,10,10,1.0,18,300,0.06,10,0,10,0.0,0.0,2642.172559969788,131.73739283760025,1.0,11429.0,11429.0,0.0,13.77879997016862,"8,14,5,10,10,0,5,1,10,6",0:6-8;1:0-14;2:0-5;3:2-10;4:0-10;5:12-0;6:14-5;7:2-1;8:4-10;9:1-6
879,proposed_c2f_adaptive_pd,10,10,1.0,12,300,0.04,14,1,13,640.0,1.0666666666666667,984.4825962889485,202.207284834134,1.0,17220.0,17220.0,0.0,5.64940000185743,"7,14,0,0,12,4,14,4,12,2","0:0-7;1:0-14;2:1-0;3:1-0;4:0-12;5:0-4;6:0-14;7:9-4,6-4,1-4,0-4;8:0-12;9:3-2,2-3"
879,proposed_c2f_adaptive_pd_calibrated,10,10,1.0,12,300,0.04,14,1,13,640.0,1.0666666666666667,984.4825962889485,202.207284834134,1.0,17220.0,17220.0,0.0,15.53319999948144,"7,14,0,0,12,4,14,4,12,2","0:0-7;1:0-14;2:1-0;3:1-0;4:0-12;5:0-4;6:0-14;7:9-4,6-4,1-4,0-4;8:0-12;9:3-2,2-3"
880,proposed_c2f_adaptive_pd,10,10,1.0,20,300,0.06666666666666667,12,1,11,640.0,1.0666666666666667,3435123.3479672195,2212.8972937673825,1.0,12376.0,12376.0,0.0,5.870900000445545,"8,4,11,2,10,2,11,8,2,11","0:0-8;1:1-4;2:0-11;3:1-2;4:14-10,10-14,3-10;5:1-2;6:0-11;7:0-8;8:3-2;9:0-11"
880,proposed_c2f_adaptive_pd_calibrated,10,10,1.0,20,300,0.06666666666666667,12,1,11,640.0,1.0666666666666667,3435123.3479672195,2212.8972937673825,1.0,12376.0,12376.0,0.0,16.856900008860976,"8,4,11,2,10,2,11,8,2,11","0:0-8;1:1-4;2:0-11;3:1-2;4:14-10,10-14,3-10;5:1-2;6:0-11;7:0-8;8:3-2;9:0-11"
881,proposed_c2f_adaptive_pd,10,10,1.0,18,300,0.06,11,0,11,0.0,0.0,5583.754740200784,1365.7783199881378,1.0,13122.0,13122.0,0.0,6.692499970085919,"14,4,13,13,11,2,8,14,4,6","0:0-14;1:5-4;2:6-13,11-13;3:6-13;4:4-11;5:0-2;6:0-8;7:0-14;8:8-4;9:1-6"
881,proposed_c2f_adaptive_pd_calibrated,10,10,1.0,19,300,0.06333333333333334,11,0,11,0.0,0.0,5583.754740200784,1365.7783199881378,1.0,13122.0,13122.0,0.0,13.888699992094189,"14,4,13,13,11,2,8,14,4,6","0:0-14;1:5-4;2:6-13,11-13;3:6-13;4:4-11;5:0-2;6:0-8;7:0-14;8:8-4;9:1-6"
882,proposed_c2f_adaptive_pd,10,10,1.0,14,300,0.04666666666666667,15,3,12,1920.0,3.2,2125.641521156345,480.6048035837132,1.0,12533.0,12533.0,0.0,6.432399968616664,"14,12,13,10,6,14,0,1,13,6","0:2-14;1:2-12;2:2-13;3:0-10;4:6-9,9-6,4-9,11-9,11-6,4-6;5:0-14;6:1-0;7:0-1;8:2-13;9:4-6"
882,proposed_c2f_adaptive_pd_calibrated,10,10,1.0,14,300,0.04666666666666667,15,3,12,1920.0,3.2,2125.641521156345,480.6048035837132,1.0,12533.0,12533.0,0.0,15.652200032491237,"14,12,13,10,6,14,0,1,13,6","0:2-14;1:2-12;2:2-13;3:0-10;4:6-9,9-6,4-9,11-9,11-6,4-6;5:0-14;6:1-0;7:0-1;8:2-13;9:4-6"
883,proposed_c2f_adaptive_pd,10,10,1.0,6,300,0.02,11,0,11,0.0,0.0,500.61775382603525,276.55604698502634,1.0,13304.0,13304.0,0.0,6.75020000198856,"0,5,0,9,11,5,12,14,10,2","0:12-0,5-0;1:0-5;2:5-0;3:1-9;4:0-11;5:0-5;6:0-12;7:0-14;8:1-10;9:4-2"
883,proposed_c2f_adaptive_pd_calibrated,10,10,1.0,6,300,0.02,11,0,11,0.0,0.0,500.61775382603525,276.55604698502634,1.0,13304.0,13304.0,0.0,12.827400001697242,"0,5,0,9,11,5,12,14,10,2","0:12-0,5-0;1:0-5;2:5-0;3:1-9;4:0-11;5:0-5;6:0-12;7:0-14;8:1-10;9:4-2"
884,proposed_c2f_adaptive_pd,10,10,1.0,14,300,0.04666666666666667,10,0,10,0.0,0.0,8535.061779951668,516.4109234465573,1.0,13431.0,13431.0,0.0,5.086899967864156,"3,10,1,3,13,10,5,8,10,9",0:1-3;1:0-10;2:0-1;3:1-3;4:2-13;5:0-10;6:3-5;7:0-8;8:5-10;9:0-9
884,proposed_c2f_adaptive_pd_calibrated,10,10,1.0,14,300,0.04666666666666667,10,0,10,0.0,0.0,8535.061779951668,516.4109234465573,1.0,13431.0,13431.0,0.0,13.231399992946535,"3,10,1,3,13,10,5,8,10,9",0:1-3;1:0-10;2:0-1;3:1-3;4:2-13;5:0-10;6:3-5;7:0-8;8:5-10;9:0-9
885,proposed_c2f_adaptive_pd,10,10,1.0,11,300,0.03666666666666667,11,0,11,0.0,0.0,32464.977310419355,195.75601612022444,1.0,14148.0,14148.0,0.0,6.780299998354167,"12,3,0,5,6,11,12,12,12,1","0:1-12;1:2-3;2:1-0;3:1-5,0-5;4:2-6;5:1-11;6:1-12;7:0-12;8:1-12;9:0-1"
885,proposed_c2f_adaptive_pd_calibrated,10,10,1.0,11,300,0.03666666666666667,11,0,11,0.0,0.0,32464.977310419355,195.75601612022444,1.0,14148.0,14148.0,0.0,12.372400029562414,"12,3,0,5,6,11,12,12,12,1","0:1-12;1:2-3;2:1-0;3:1-5,0-5;4:2-6;5:1-11;6:1-12;7:0-12;8:1-12;9:0-1"
886,proposed_c2f_adaptive_pd,10,10,1.0,7,300,0.023333333333333334,15,3,12,1920.0,3.2,455.0583623038518,336.66235051156934,1.0,13877.0,13877.0,0.0,8.060899970587343,"12,8,13,13,12,5,5,13,8,8","0:2-12;1:5-8;2:1-13;3:1-13;4:5-12;5:0-5;6:0-5;7:1-13;8:5-8;9:8-12,12-8,14-8,8-14,8-5,5-8"
886,proposed_c2f_adaptive_pd_calibrated,10,10,1.0,7,300,0.023333333333333334,15,3,12,1920.0,3.2,455.0583623038518,336.66235051156934,1.0,13877.0,13877.0,0.0,14.398600033018738,"12,8,13,13,12,5,5,13,8,8","0:2-12;1:5-8;2:1-13;3:1-13;4:5-12;5:0-5;6:0-5;7:1-13;8:5-8;9:8-12,12-8,14-8,8-14,8-5,5-8"
887,proposed_c2f_adaptive_pd,10,10,1.0,15,300,0.05,10,0,10,0.0,0.0,842091.9286100811,4091.3061766879937,1.0,8195.0,8195.0,0.0,3.4995999885722995,"0,14,9,5,2,1,10,6,7,11",0:2-0;1:1-14;2:0-9;3:0-5;4:0-2;5:4-1;6:1-10;7:0-6;8:0-7;9:1-11
887,proposed_c2f_adaptive_pd_calibrated,10,10,1.0,15,300,0.05,10,0,10,0.0,0.0,842091.9286100811,4091.3061766879937,1.0,8195.0,8195.0,0.0,11.877299984917045,"0,14,9,5,2,1,10,6,7,11",0:2-0;1:1-14;2:0-9;3:0-5;4:0-2;5:4-1;6:1-10;7:0-6;8:0-7;9:1-11
888,proposed_c2f_adaptive_pd,10,10,1.0,12,300,0.04,15,2,13,1280.0,2.1333333333333333,4472.082983976984,375.4014076037306,1.0,10307.0,10307.0,0.0,5.1589999930001795,"2,5,8,9,14,12,4,12,7,14","0:9-2;1:2-5;2:0-8;3:2-9;4:2-14;5:0-12;6:0-4;7:0-12;8:8-7,5-7,8-5,7-5,11-7,10-7;9:2-14"
888,proposed_c2f_adaptive_pd_calibrated,10,10,1.0,12,300,0.04,15,2,13,1280.0,2.1333333333333333,4472.082983976984,375.4014076037306,1.0,10307.0,10307.0,0.0,19.51290003489703,"2,5,8,9,14,12,4,12,7,14","0:9-2;1:2-5;2:0-8;3:2-9;4:2-14;5:0-12;6:0-4;7:0-12;8:8-7,5-7,8-5,7-5,11-7,10-7;9:2-14"
889,proposed_c2f_adaptive_pd,10,10,1.0,9,300,0.03,10,0,10,0.0,0.0,1453.4715868575524,187.52068511729442,1.0,8965.0,8965.0,0.0,3.388000011909753,"2,6,2,7,10,7,12,13,5,1",0:1-2;1:0-6;2:1-2;3:0-7;4:0-10;5:0-7;6:8-12;7:0-13;8:0-5;9:0-1
889,proposed_c2f_adaptive_pd_calibrated,10,10,1.0,10,300,0.03333333333333333,10,0,10,0.0,0.0,1453.4715868575524,187.52068511729442,1.0,8965.0,8965.0,0.0,12.943199952133,"2,6,2,7,10,7,12,13,5,1",0:1-2;1:0-6;2:1-2;3:0-7;4:0-10;5:0-7;6:8-12;7:0-13;8:0-5;9:0-1
890,proposed_c2f_adaptive_pd,9,10,0.9,12,300,0.04,10,0,10,0.0,0.0,6916.875149586808,1381.3445206752326,1.0,9581.0,9581.0,0.0,5.967299977783114,"6,14,6,8,2,11,11,6,13,12",0:1-6;1:1-14;2:1-6;3:4-8;4:0-2;5:0-11;6:0-11;7:1-6;8:1-13;9:5-12
890,proposed_c2f_adaptive_pd_calibrated,9,10,0.9,13,300,0.043333333333333335,10,0,10,0.0,0.0,6916.875149586808,1381.3445206752326,1.0,9581.0,9581.0,0.0,9.623799996916205,"6,14,6,8,2,11,11,6,13,12",0:1-6;1:1-14;2:1-6;3:4-8;4:0-2;5:0-11;6:0-11;7:1-6;8:1-13;9:5-12
891,proposed_c2f_adaptive_pd,9,10,0.9,15,300,0.05,13,1,12,640.0,1.0666666666666667,2514.433833291748,75.60602966459753,1.0,14280.0,14280.0,0.0,7.063099998049438,"12,8,2,4,4,12,14,1,5,9","0:4-12,12-4,2-12;1:1-8;2:0-2;3:1-4;4:0-4;5:4-12,2-12;6:0-14;7:3-1;8:0-5;9:5-9"
891,proposed_c2f_adaptive_pd_calibrated,9,10,0.9,16,300,0.05333333333333334,13,1,12,640.0,1.0666666666666667,2514.433833291748,75.60602966459753,1.0,14280.0,14280.0,0.0,17.71089999238029,"12,8,2,4,4,12,14,1,5,9","0:4-12,12-4,2-12;1:1-8;2:0-2;3:1-4;4:0-4;5:4-12,2-12;6:0-14;7:3-1;8:0-5;9:5-9"
892,proposed_c2f_adaptive_pd,10,10,1.0,14,300,0.04666666666666667,11,1,10,640.0,1.0666666666666667,71758.11615510465,256.4416081243688,1.0,15561.0,15561.0,0.0,4.816800006665289,"3,0,3,0,7,11,6,10,10,11","0:4-3;1:2-0;2:2-3;3:1-0;4:11-7;5:11-7,7-11;6:0-6;7:0-10;8:0-10;9:3-11"
892,proposed_c2f_adaptive_pd_calibrated,10,10,1.0,14,300,0.04666666666666667,11,1,10,640.0,1.0666666666666667,71758.11615510465,256.4416081243688,1.0,15561.0,15561.0,0.0,10.770399996545166,"3,0,3,0,7,11,6,10,10,11","0:4-3;1:2-0;2:2-3;3:1-0;4:11-7;5:11-7,7-11;6:0-6;7:0-10;8:0-10;9:3-11"
893,proposed_c2f_adaptive_pd,10,10,1.0,13,300,0.043333333333333335,10,0,10,0.0,0.0,1352.2711920856689,339.68663215515926,1.0,10197.0,10197.0,0.0,4.210100043565035,"5,10,14,2,12,8,6,7,8,9",0:0-5;1:1-10;2:0-14;3:13-2;4:4-12;5:2-8;6:0-6;7:0-7;8:4-8;9:0-9
893,proposed_c2f_adaptive_pd_calibrated,10,10,1.0,13,300,0.043333333333333335,10,0,10,0.0,0.0,1352.2711920856689,339.68663215515926,1.0,10197.0,10197.0,0.0,13.467099983245134,"5,10,14,2,12,8,6,7,8,9",0:0-5;1:1-10;2:0-14;3:13-2;4:4-12;5:2-8;6:0-6;7:0-7;8:4-8;9:0-9
894,proposed_c2f_adaptive_pd,10,10,1.0,7,300,0.023333333333333334,10,0,10,0.0,0.0,2000.3381601073493,499.45226113092576,1.0,10505.0,10505.0,0.0,5.511700001079589,"7,5,3,4,13,0,5,5,4,12",0:6-7;1:0-5;2:0-3;3:1-4;4:0-13;5:2-0;6:4-5;7:0-5;8:1-4;9:0-12
894,proposed_c2f_adaptive_pd_calibrated,10,10,1.0,7,300,0.023333333333333334,10,0,10,0.0,0.0,2000.3381601073493,499.45226113092576,1.0,10505.0,10505.0,0.0,13.877100020181388,"7,5,3,4,13,0,5,5,4,12",0:6-7;1:0-5;2:0-3;3:1-4;4:0-13;5:2-0;6:4-5;7:0-5;8:1-4;9:0-12
895,proposed_c2f_adaptive_pd,9,10,0.9,11,270,0.040740740740740744,11,0,11,0.0,0.0,772.8653360971705,81.01545010037742,0.9090909090909091,9276.0,9276.0,0.0,5.384000018239021,"13,8,7,13,0,1,1,7,1,1","0:0-13;1:2-8;2:5-7;3:0-13;4:3-0;5:5-1,11-1;6:2-1;7:5-7;8:11-1;9:2-1"
895,proposed_c2f_adaptive_pd_calibrated,9,10,0.9,11,270,0.040740740740740744,11,0,11,0.0,0.0,772.8653360971705,81.01545010037742,0.9090909090909091,9276.0,9276.0,0.0,12.006199976895005,"13,8,7,13,0,1,1,7,1,1","0:0-13;1:2-8;2:5-7;3:0-13;4:3-0;5:5-1,11-1;6:2-1;7:5-7;8:11-1;9:2-1"
896,proposed_c2f_adaptive_pd,10,10,1.0,12,300,0.04,10,0,10,0.0,0.0,853.4003904052395,309.0559563921246,1.0,9273.0,9273.0,0.0,3.7435999838635325,"5,5,8,14,9,11,5,12,8,6",0:8-5;1:0-5;2:5-8;3:2-14;4:2-9;5:2-11;6:4-5;7:0-12;8:0-8;9:2-6
896,proposed_c2f_adaptive_pd_calibrated,10,10,1.0,12,300,0.04,10,0,10,0.0,0.0,853.4003904052395,309.0559563921246,1.0,9273.0,9273.0,0.0,10.705500026233494,"5,5,8,14,9,11,5,12,8,6",0:8-5;1:0-5;2:5-8;3:2-14;4:2-9;5:2-11;6:4-5;7:0-12;8:0-8;9:2-6
897,proposed_c2f_adaptive_pd,10,10,1.0,14,300,0.04666666666666667,11,1,10,640.0,1.0666666666666667,1885.0690461918155,156.7569676200343,1.0,10550.0,10550.0,0.0,6.452000001445413,"7,6,13,11,0,8,0,5,1,12","0:1-7;1:1-6;2:1-13;3:6-11;4:10-0;5:1-8;6:0-10,10-0;7:1-5;8:2-1;9:0-12"
897,proposed_c2f_adaptive_pd_calibrated,10,10,1.0,15,300,0.05,11,1,10,640.0,1.0666666666666667,1885.0690461918155,156.7569676200343,1.0,10550.0,10550.0,0.0,16.141900036018342,"7,6,13,11,0,8,0,5,1,12","0:1-7;1:1-6;2:1-13;3:6-11;4:10-0;5:1-8;6:0-10,10-0;7:1-5;8:2-1;9:0-12"
898,proposed_c2f_adaptive_pd,10,10,1.0,18,300,0.06,13,2,11,1280.0,2.1333333333333333,34652.08754015034,243.79239821748422,1.0,14834.0,14834.0,0.0,7.26879999274388,"11,3,5,8,12,11,13,10,7,3","0:0-11;1:0-3,3-0;2:2-5;3:8-14,14-8,4-8;4:0-12;5:0-11;6:1-13;7:0-10;8:2-7;9:0-3"
898,proposed_c2f_adaptive_pd_calibrated,10,10,1.0,18,300,0.06,13,2,11,1280.0,2.1333333333333333,34652.08754015034,243.79239821748422,1.0,14834.0,14834.0,0.0,13.028299959842116,"11,3,5,8,12,11,13,10,7,3","0:0-11;1:0-3,3-0;2:2-5;3:8-14,14-8,4-8;4:0-12;5:0-11;6:1-13;7:0-10;8:2-7;9:0-3"
899,proposed_c2f_adaptive_pd,9,10,0.9,24,300,0.08,10,0,10,0.0,0.0,1416.572887346702,1131.431682387199,1.0,9119.0,9119.0,0.0,3.556600015144795,"14,6,3,7,4,5,6,13,10,2",0:5-14;1:0-6;2:0-3;3:0-7;4:0-4;5:0-5;6:0-6;7:0-13;8:1-10;9:0-2
899,proposed_c2f_adaptive_pd_calibrated,9,10,0.9,24,300,0.08,10,0,10,0.0,0.0,1416.572887346702,1131.431682387199,1.0,9119.0,9119.0,0.0,8.61979997716844,"14,6,3,7,4,5,6,13,10,2",0:5-14;1:0-6;2:0-3;3:0-7;4:0-4;5:0-5;6:0-6;7:0-13;8:1-10;9:0-2
900,proposed_c2f_adaptive_pd,9,10,0.9,17,300,0.056666666666666664,12,1,11,640.0,1.0666666666666667,15329.824889918289,133.40940631800316,1.0,12242.0,12242.0,0.0,6.353000004310161,"0,6,12,12,12,12,11,14,8,6","0:1-0;1:13-6;2:6-12,12-3,1-12;3:1-12;4:0-12;5:1-12;6:0-11;7:0-14;8:0-8;9:2-6"
900,proposed_c2f_adaptive_pd_calibrated,9,10,0.9,18,300,0.06,12,1,11,640.0,1.0666666666666667,15329.824889918289,133.40940631800316,1.0,12242.0,12242.0,0.0,12.91819999460131,"0,6,12,12,12,12,11,14,8,6","0:1-0;1:13-6;2:6-12,12-3,1-12;3:1-12;4:0-12;5:1-12;6:0-11;7:0-14;8:0-8;9:2-6"
901,proposed_c2f_adaptive_pd,10,10,1.0,13,300,0.043333333333333335,10,0,10,0.0,0.0,32491.538970911242,1144.5137333931657,1.0,9735.0,9735.0,0.0,3.9450000040233135,"3,9,14,2,12,3,11,10,3,8",0:1-3;1:11-9;2:0-14;3:1-2;4:0-12;5:1-3;6:9-11;7:2-10;8:1-3;9:1-8
901,proposed_c2f_adaptive_pd_calibrated,10,10,1.0,13,300,0.043333333333333335,10,0,10,0.0,0.0,32491.538970911242,1144.5137333931657,1.0,9735.0,9735.0,0.0,14.053700026124716,"3,9,14,2,12,3,11,10,3,8",0:1-3;1:11-9;2:0-14;3:1-2;4:0-12;5:1-3;6:9-11;7:2-10;8:1-3;9:1-8
902,proposed_c2f_adaptive_pd,10,10,1.0,12,300,0.04,11,0,11,0.0,0.0,18412.12637885908,62.78867295605521,1.0,9555.0,9555.0,0.0,5.538299970794469,"4,7,6,12,10,12,2,4,10,8","0:0-4;1:0-7;2:8-6;3:0-12;4:7-10;5:1-12;6:0-2;7:0-4;8:5-10;9:10-8,6-8"
902,proposed_c2f_adaptive_pd_calibrated,10,10,1.0,14,300,0.04666666666666667,11,0,11,0.0,0.0,18412.12637885908,62.78867295605521,1.0,9555.0,9555.0,0.0,12.415200006216764,"4,7,6,12,10,12,2,4,10,8","0:0-4;1:0-7;2:8-6;3:0-12;4:7-10;5:1-12;6:0-2;7:0-4;8:5-10;9:10-8,6-8"
903,proposed_c2f_adaptive_pd,10,10,1.0,8,300,0.02666666666666667,10,0,10,0.0,0.0,2121737.7321702885,1620.4232069269449,1.0,9119.0,9119.0,0.0,6.131500005722046,"12,7,7,5,4,5,12,11,4,0",0:2-12;1:0-7;2:0-7;3:1-5;4:0-4;5:1-5;6:2-12;7:0-11;8:0-4;9:1-0
903,proposed_c2f_adaptive_pd_calibrated,10,10,1.0,8,300,0.02666666666666667,10,0,10,0.0,0.0,2121737.7321702885,1620.4232069269449,1.0,9119.0,9119.0,0.0,13.645400002133101,"12,7,7,5,4,5,12,11,4,0",0:2-12;1:0-7;2:0-7;3:1-5;4:0-4;5:1-5;6:2-12;7:0-11;8:0-4;9:1-0
904,proposed_c2f_adaptive_pd,10,10,1.0,12,300,0.04,10,0,10,0.0,0.0,1339.3258969550109,334.20627800994873,1.0,9903.0,9903.0,0.0,6.132500013336539,"2,14,14,2,13,5,3,14,3,13",0:0-2;1:0-14;2:8-14;3:1-2;4:1-13;5:1-5;6:0-3;7:0-14;8:0-3;9:4-13
904,proposed_c2f_adaptive_pd_calibrated,10,10,1.0,12,300,0.04,10,0,10,0.0,0.0,1339.3258969550109,334.20627800994873,1.0,9903.0,9903.0,0.0,12.467199994716793,"2,14,14,2,13,5,3,14,3,13",0:0-2;1:0-14;2:8-14;3:1-2;4:1-13;5:1-5;6:0-3;7:0-14;8:0-3;9:4-13
905,proposed_c2f_adaptive_pd,10,10,1.0,20,300,0.06666666666666667,11,0,11,0.0,0.0,364.11514811034647,249.54384780294222,1.0,10550.0,10550.0,0.0,4.924500011838973,"3,10,5,1,5,3,14,5,3,5","0:0-3;1:12-10;2:1-5;3:0-1;4:9-5,3-5;5:1-3;6:0-14;7:1-5;8:0-3;9:9-5"
905,proposed_c2f_adaptive_pd_calibrated,10,10,1.0,21,300,0.07,11,0,11,0.0,0.0,364.11514811034647,249.54384780294222,1.0,10550.0,10550.0,0.0,13.767700002063066,"3,10,5,1,5,3,14,5,3,5","0:0-3;1:12-10;2:1-5;3:0-1;4:9-5,3-5;5:1-3;6:0-14;7:1-5;8:0-3;9:9-5"
906,proposed_c2f_adaptive_pd,10,10,1.0,17,300,0.056666666666666664,10,0,10,0.0,0.0,995.5525830255519,390.46885177977146,1.0,13431.0,13431.0,0.0,5.792499985545874,"3,3,14,9,11,11,13,5,3,9",0:0-3;1:0-3;2:0-14;3:0-9;4:1-11;5:4-11;6:0-13;7:0-5;8:0-3;9:0-9
906,proposed_c2f_adaptive_pd_calibrated,10,10,1.0,17,300,0.056666666666666664,10,0,10,0.0,0.0,995.5525830255519,390.46885177977146,1.0,13431.0,13431.0,0.0,10.607299976982176,"3,3,14,9,11,11,13,5,3,9",0:0-3;1:0-3;2:0-14;3:0-9;4:1-11;5:4-11;6:0-13;7:0-5;8:0-3;9:0-9
907,proposed_c2f_adaptive_pd,10,10,1.0,19,300,0.06333333333333334,10,0,10,0.0,0.0,11928.110182809072,556.5993833559938,1.0,9581.0,9581.0,0.0,6.201800017151982,"6,2,6,5,10,3,0,3,9,0",0:0-6;1:0-2;2:0-6;3:0-5;4:0-10;5:0-3;6:1-0;7:0-3;8:5-9;9:1-0
907,proposed_c2f_adaptive_pd_calibrated,10,10,1.0,19,300,0.06333333333333334,10,0,10,0.0,0.0,11928.110182809072,556.5993833559938,1.0,9581.0,9581.0,0.0,11.107400001492351,"6,2,6,5,10,3,0,3,9,0",0:0-6;1:0-2;2:0-6;3:0-5;4:0-10;5:0-3;6:1-0;7:0-3;8:5-9;9:1-0
908,proposed_c2f_adaptive_pd,10,10,1.0,15,300,0.05,12,1,11,640.0,1.0666666666666667,128573.3162102527,267.43076440744875,1.0,13762.0,13762.0,0.0,6.578899978194386,"7,5,12,7,1,4,1,7,6,3","0:0-7;1:0-5;2:1-12;3:0-7;4:1-12,12-1,10-1;5:0-4;6:4-1;7:0-7;8:2-6;9:0-3"
908,proposed_c2f_adaptive_pd_calibrated,10,10,1.0,15,300,0.05,12,1,11,640.0,1.0666666666666667,128573.3162102527,267.43076440744875,1.0,13762.0,13762.0,0.0,11.523699969984591,"7,5,12,7,1,4,1,7,6,3","0:0-7;1:0-5;2:1-12;3:0-7;4:1-12,12-1,10-1;5:0-4;6:4-1;7:0-7;8:2-6;9:0-3"
909,proposed_c2f_adaptive_pd,10,10,1.0,16,300,0.05333333333333334,11,1,10,640.0,1.0666666666666667,5300.010580744059,1173.7084798359274,1.0,8730.0,8730.0,0.0,4.53809997998178,"6,2,6,6,1,13,7,13,13,13","0:1-6;1:0-2;2:0-6;3:5-6;4:5-1;5:0-13;6:0-7;7:13-0,4-13;8:0-13;9:0-13"
909,proposed_c2f_adaptive_pd_calibrated,10,10,1.0,16,300,0.05333333333333334,11,1,10,640.0,1.0666666666666667,5300.010580744059,1173.7084798359274,1.0,8730.0,8730.0,0.0,14.131099975202233,"6,2,6,6,1,13,7,13,13,13","0:1-6;1:0-2;2:0-6;3:5-6;4:5-1;5:0-13;6:0-7;7:13-0,4-13;8:0-13;9:0-13"
910,proposed_c2f_adaptive_pd,8,10,0.8,13,300,0.043333333333333335,13,0,13,0.0,0.0,4524.318731008933,179.8513050951087,1.0,16666.0,16666.0,0.0,7.748100033495575,"0,2,9,1,0,5,3,9,1,0","0:6-0,3-0;1:0-2;2:1-9;3:3-1;4:1-0;5:0-5;6:9-3;7:0-9;8:4-1;9:3-0,9-0,6-0"
910,proposed_c2f_adaptive_pd_calibrated,8,10,0.8,13,300,0.043333333333333335,13,0,13,0.0,0.0,4524.318731008933,179.8513050951087,1.0,16666.0,16666.0,0.0,17.07559998612851,"0,2,9,1,0,5,3,9,1,0","0:6-0,3-0;1:0-2;2:1-9;3:3-1;4:1-0;5:0-5;6:9-3;7:0-9;8:4-1;9:3-0,9-0,6-0"
911,proposed_c2f_adaptive_pd,10,10,1.0,16,300,0.05333333333333334,10,0,10,0.0,0.0,3135.233180658941,147.53535510387002,1.0,12045.0,12045.0,0.0,5.472300050314516,"10,2,10,7,7,11,7,7,11,6",0:1-10;1:1-2;2:0-10;3:2-7;4:0-7;5:0-11;6:2-7;7:2-7;8:0-11;9:2-6
911,proposed_c2f_adaptive_pd_calibrated,10,10,1.0,17,300,0.056666666666666664,10,0,10,0.0,0.0,3135.233180658941,147.53535510387002,1.0,12045.0,12045.0,0.0,10.942800028715283,"10,2,10,7,7,11,7,7,11,6",0:1-10;1:1-2;2:0-10;3:2-7;4:0-7;5:0-11;6:2-7;7:2-7;8:0-11;9:2-6
912,proposed_c2f_adaptive_pd,10,10,1.0,11,300,0.03666666666666667,10,0,10,0.0,0.0,5242.124095042579,2523.638906333555,1.0,9273.0,9273.0,0.0,4.91160003002733,"12,13,13,11,6,7,8,7,1,8",0:0-12;1:0-13;2:0-13;3:4-11;4:3-6;5:0-7;6:0-8;7:0-7;8:0-1;9:0-8
912,proposed_c2f_adaptive_pd_calibrated,10,10,1.0,11,300,0.03666666666666667,10,0,10,0.0,0.0,5242.124095042579,2523.638906333555,1.0,9273.0,9273.0,0.0,13.69129994418472,"12,13,13,11,6,7,8,7,1,8",0:0-12;1:0-13;2:0-13;3:4-11;4:3-6;5:0-7;6:0-8;7:0-7;8:0-1;9:0-8
913,proposed_c2f_adaptive_pd,9,10,0.9,15,300,0.05,10,0,10,0.0,0.0,228.25233881229155,111.81230379387594,1.0,10911.0,10911.0,0.0,5.000499950256199,"5,14,2,7,9,7,12,7,0,7",0:0-5;1:0-14;2:0-2;3:10-7;4:0-9;5:0-7;6:0-12;7:14-7;8:3-0;9:10-7
913,proposed_c2f_adaptive_pd_calibrated,9,10,0.9,15,300,0.05,10,0,10,0.0,0.0,228.25233881229155,111.81230379387594,1.0,10911.0,10911.0,0.0,8.965299988631159,"5,14,2,7,9,7,12,7,0,7",0:0-5;1:0-14;2:0-2;3:10-7;4:0-9;5:0-7;6:0-12;7:14-7;8:3-0;9:10-7
914,proposed_c2f_adaptive_pd,10,10,1.0,14,300,0.04666666666666667,20,4,16,2560.0,4.266666666666667,3856.8454130519467,142.04995691649168,1.0,19628.0,19628.0,0.0,6.412899994757026,"3,0,2,4,13,11,4,11,4,0","0:4-3;1:1-0;2:0-2;3:3-4,0-4,4-3,4-0,1-4,12-4;4:0-13;5:0-11;6:3-4,4-3,0-4,10-4,7-4,4-0;7:0-11;8:3-4;9:1-0"
914,proposed_c2f_adaptive_pd_calibrated,10,10,1.0,15,300,0.05,20,4,16,2560.0,4.266666666666667,3856.8454130519467,142.04995691649168,1.0,19628.0,19628.0,0.0,22.878399991896003,"3,0,2,4,13,11,4,11,4,0","0:4-3;1:1-0;2:0-2;3:3-4,0-4,4-3,4-0,1-4,12-4;4:0-13;5:0-11;6:3-4,4-3,0-4,10-4,7-4,4-0;7:0-11;8:3-4;9:1-0"
915,proposed_c2f_adaptive_pd,10,10,1.0,22,300,0.07333333333333333,14,1,13,640.0,1.0666666666666667,14834.81483631876,444.3122790006736,1.0,20043.0,20043.0,0.0,7.532100018579513,"12,14,3,14,3,11,13,7,6,1","0:0-12;1:13-14,14-13,12-14,7-14;2:0-3;3:6-14;4:1-3,7-3;5:0-11;6:12-13;7:14-7;8:0-6;9:3-1"
915,proposed_c2f_adaptive_pd_calibrated,10,10,1.0,22,300,0.07333333333333333,14,1,13,640.0,1.0666666666666667,14834.81483631876,444.3122790006736,1.0,20043.0,20043.0,0.0,16.724599990993738,"12,14,3,14,3,11,13,7,6,1","0:0-12;1:13-14,14-13,12-14,7-14;2:0-3;3:6-14;4:1-3,7-3;5:0-11;6:12-13;7:14-7;8:0-6;9:3-1"
916,proposed_c2f_adaptive_pd,10,10,1.0,17,300,0.056666666666666664,10,0,10,0.0,0.0,355.08790192568955,331.923410625222,1.0,12870.0,12870.0,0.0,6.166899984236807,"11,10,10,4,1,10,5,9,3,13",0:1-11;1:1-10;2:4-10;3:8-4;4:2-1;5:4-10;6:0-5;7:0-9;8:0-3;9:0-13
916,proposed_c2f_adaptive_pd_calibrated,10,10,1.0,18,300,0.06,10,0,10,0.0,0.0,355.08790192568955,331.923410625222,1.0,12870.0,12870.0,0.0,13.974800007417798,"11,10,10,4,1,10,5,9,3,13",0:1-11;1:1-10;2:4-10;3:8-4;4:2-1;5:4-10;6:0-5;7:0-9;8:0-3;9:0-13
917,proposed_c2f_adaptive_pd,9,10,0.9,17,270,0.06296296296296296,11,0,11,0.0,0.0,15196.56226936218,281.1545227851427,0.9090909090909091,11292.0,11292.0,0.0,5.203799984883517,"0,12,14,4,12,9,14,0,4,0","0:1-0;1:0-12;2:0-14;3:3-4;4:0-12;5:0-9;6:0-14;7:1-0;8:12-4,3-4;9:1-0"
917,proposed_c2f_adaptive_pd_calibrated,9,10,0.9,17,270,0.06296296296296296,11,0,11,0.0,0.0,15196.56226936218,281.1545227851427,0.9090909090909091,11292.0,11292.0,0.0,12.223700003232807,"0,12,14,4,12,9,14,0,4,0","0:1-0;1:0-12;2:0-14;3:3-4;4:0-12;5:0-9;6:0-14;7:1-0;8:12-4,3-4;9:1-0"
918,proposed_c2f_adaptive_pd,10,10,1.0,11,300,0.03666666666666667,10,0,10,0.0,0.0,379.4503327336987,164.2375018262567,1.0,9735.0,9735.0,0.0,5.921299976762384,"0,5,0,12,13,0,10,11,14,5",0:3-0;1:0-5;2:8-0;3:5-12;4:1-13;5:1-0;6:0-10;7:0-11;8:0-14;9:0-5
918,proposed_c2f_adaptive_pd_calibrated,10,10,1.0,11,300,0.03666666666666667,10,0,10,0.0,0.0,379.4503327336987,164.2375018262567,1.0,9735.0,9735.0,0.0,11.497100000269711,"0,5,0,12,13,0,10,11,14,5",0:3-0;1:0-5;2:8-0;3:5-12;4:1-13;5:1-0;6:0-10;7:0-11;8:0-14;9:0-5
919,proposed_c2f_adaptive_pd,8,10,0.8,13,300,0.043333333333333335,15,3,12,1920.0,3.2,114.20003638856244,53.90674056055609,1.0,10997.0,10997.0,0.0,5.825400003232062,"13,8,11,7,1,0,14,6,3,10","0:9-13;1:1-8;2:14-11,11-14,1-11,1-14,7-11,7-14;3:0-7;4:3-1;5:5-0;6:11-14;7:14-6;8:0-3;9:9-10"
919,proposed_c2f_adaptive_pd_calibrated,8,10,0.8,13,300,0.043333333333333335,15,3,12,1920.0,3.2,114.20003638856244,53.90674056055609,1.0,10997.0,10997.0,0.0,15.329899964854121,"13,8,11,7,1,0,14,6,3,10","0:9-13;1:1-8;2:14-11,11-14,1-11,1-14,7-11,7-14;3:0-7;4:3-1;5:5-0;6:11-14;7:14-6;8:0-3;9:9-10"
920,proposed_c2f_adaptive_pd,10,10,1.0,15,300,0.05,10,0,10,0.0,0.0,1608.1235378829183,101.17213550350314,1.0,7733.0,7733.0,0.0,5.812399962451309,"1,12,1,12,12,8,11,12,12,0",0:3-1;1:0-12;2:0-1;3:8-12;4:7-12;5:3-8;6:0-11;7:3-12;8:7-12;9:4-0
920,proposed_c2f_adaptive_pd_calibrated,10,10,1.0,16,300,0.05333333333333334,10,0,10,0.0,0.0,1608.1235378829183,101.17213550350314,1.0,7733.0,7733.0,0.0,12.26769998902455,"1,12,1,12,12,8,11,12,12,0",0:3-1;1:0-12;2:0-1;3:8-12;4:7-12;5:3-8;6:0-11;7:3-12;8:7-12;9:4-0
921,proposed_c2f_adaptive_pd,10,10,1.0,13,300,0.043333333333333335,26,8,18,5120.0,8.533333333333335,15251.586014967583,37.33931004470895,1.0,28908.0,28908.0,0.0,15.094999980647117,"11,10,8,11,3,12,13,12,3,8","0:8-11;1:7-10;2:0-8;3:14-11,8-11,2-11;4:0-3;5:12-3,11-12,0-12,0-3,3-12,12-0;6:0-13;7:0-12,12-0,12-3,3-12,11-12;8:0-3;9:14-8,11-8,8-11,14-11,8-14,10-8"
921,proposed_c2f_adaptive_pd_calibrated,10,10,1.0,13,300,0.043333333333333335,26,8,18,5120.0,8.533333333333335,15251.586014967583,37.33931004470895,1.0,28908.0,28908.0,0.0,35.18760000588372,"11,10,8,11,3,12,13,12,3,8","0:8-11;1:7-10;2:0-8;3:14-11,8-11,2-11;4:0-3;5:12-3,11-12,0-12,0-3,3-12,12-0;6:0-13;7:0-12,12-0,12-3,3-12,11-12;8:0-3;9:14-8,11-8,8-11,14-11,8-14,10-8"
922,proposed_c2f_adaptive_pd,9,10,0.9,15,300,0.05,12,1,11,640.0,1.0666666666666667,22370.2350973295,207.4374643732346,1.0,9492.0,9492.0,0.0,4.149399988818914,"2,10,13,9,5,5,2,3,1,13","0:0-2;1:0-10;2:6-13;3:0-9;4:0-5;5:5-9,9-5,10-5;6:0-2;7:1-3;8:0-1;9:0-13"
922,proposed_c2f_adaptive_pd_calibrated,9,10,0.9,16,300,0.05333333333333334,12,1,11,640.0,1.0666666666666667,22370.2350973295,207.4374643732346,1.0,9492.0,9492.0,0.0,12.137899990193546,"2,10,13,9,5,5,2,3,1,13","0:0-2;1:0-10;2:6-13;3:0-9;4:0-5;5:5-9,9-5,10-5;6:0-2;7:1-3;8:0-1;9:0-13"
923,proposed_c2f_adaptive_pd,9,10,0.9,15,300,0.05,11,0,11,0.0,0.0,686.3067720148317,215.26612411914647,1.0,15492.0,15492.0,0.0,6.762699980754405,"10,14,14,4,11,7,10,14,14,4","0:0-10;1:0-14;2:0-14;3:0-4;4:0-11;5:0-7;6:0-10;7:6-14,2-14;8:0-14;9:3-4"
923,proposed_c2f_adaptive_pd_calibrated,9,10,0.9,15,300,0.05,11,0,11,0.0,0.0,686.3067720148317,215.26612411914647,1.0,15492.0,15492.0,0.0,14.185100037138909,"10,14,14,4,11,7,10,14,14,4","0:0-10;1:0-14;2:0-14;3:0-4;4:0-11;5:0-7;6:0-10;7:6-14,2-14;8:0-14;9:3-4"
924,proposed_c2f_adaptive_pd,10,10,1.0,17,300,0.056666666666666664,17,3,14,1920.0,3.2,1705.3037169563454,593.6158853480252,1.0,18972.0,18972.0,0.0,7.763900037389249,"9,13,11,5,2,9,9,2,2,0","0:8-9;1:1-13;2:0-11;3:1-5;4:9-2,1-2,2-1,14-2,8-2,9-1;5:14-9;6:9-14,14-9;7:1-2;8:13-2,1-2;9:1-0"
924,proposed_c2f_adaptive_pd_calibrated,10,10,1.0,17,300,0.056666666666666664,17,3,14,1920.0,3.2,1705.3037169563454,593.6158853480252,1.0,18972.0,18972.0,0.0,21.63590001873672,"9,13,11,5,2,9,9,2,2,0","0:8-9;1:1-13;2:0-11;3:1-5;4:9-2,1-2,2-1,14-2,8-2,9-1;5:14-9;6:9-14,14-9;7:1-2;8:13-2,1-2;9:1-0"
925,proposed_c2f_adaptive_pd,10,10,1.0,16,300,0.05333333333333334,20,5,15,3200.0,5.333333333333334,408.5210860120868,100.65755884965145,1.0,16082.0,16082.0,0.0,6.592700025066733,"4,14,10,1,11,6,6,12,3,6","0:3-4;1:13-14;2:0-10;3:0-1;4:4-11;5:14-6,5-6,6-5,13-6,14-5,4-6;6:14-6,13-6,5-6,6-5,6-13,14-13;7:0-12;8:0-3;9:5-6"
925,proposed_c2f_adaptive_pd_calibrated,10,10,1.0,16,300,0.05333333333333334,20,5,15,3200.0,5.333333333333334,408.5210860120868,100.65755884965145,1.0,16082.0,16082.0,0.0,24.079399998299778,"4,14,10,1,11,6,6,12,3,6","0:3-4;1:13-14;2:0-10;3:0-1;4:4-11;5:14-6,5-6,6-5,13-6,14-5,4-6;6:14-6,13-6,5-6,6-5,6-13,14-13;7:0-12;8:0-3;9:5-6"
926,proposed_c2f_adaptive_pd,10,10,1.0,19,300,0.06333333333333334,10,0,10,0.0,0.0,3244.5712627692237,142.04492800404637,1.0,9735.0,9735.0,0.0,6.180799973662943,"12,11,11,3,3,6,1,12,12,12",0:0-12;1:0-11;2:1-11;3:0-3;4:1-3;5:3-6;6:0-1;7:0-12;8:0-12;9:1-12
926,proposed_c2f_adaptive_pd_calibrated,10,10,1.0,19,300,0.06333333333333334,10,0,10,0.0,0.0,3244.5712627692237,142.04492800404637,1.0,9735.0,9735.0,0.0,10.690500028431416,"12,11,11,3,3,6,1,12,12,12",0:0-12;1:0-11;2:1-11;3:0-3;4:1-3;5:3-6;6:0-1;7:0-12;8:0-12;9:1-12
927,proposed_c2f_adaptive_pd,10,10,1.0,8,300,0.02666666666666667,12,0,12,0.0,0.0,1022.0454625114182,496.4448621720805,1.0,11323.0,11323.0,0.0,6.081100029405206,"1,14,8,14,8,3,10,8,14,10","0:0-1;1:6-14;2:0-8;3:6-14;4:0-8;5:1-3;6:6-10;7:2-8;8:6-14;9:6-10,14-10,8-10"
927,proposed_c2f_adaptive_pd_calibrated,10,10,1.0,9,300,0.03,12,0,12,0.0,0.0,1022.0454625114182,496.4448621720805,1.0,11323.0,11323.0,0.0,14.717500016558915,"1,14,8,14,8,3,10,8,14,10","0:0-1;1:6-14;2:0-8;3:6-14;4:0-8;5:1-3;6:6-10;7:2-8;8:6-14;9:6-10,14-10,8-10"
928,proposed_c2f_adaptive_pd,10,10,1.0,10,300,0.03333333333333333,11,1,10,640.0,1.0666666666666667,714.2692190498228,255.3873355725661,1.0,14025.0,14025.0,0.0,5.878500000108033,"11,12,1,11,12,7,5,10,8,8","0:6-11;1:0-12;2:5-1;3:1-11;4:2-12;5:2-7;6:3-5;7:0-10;8:6-8;9:11-8,8-11"
928,proposed_c2f_adaptive_pd_calibrated,10,10,1.0,10,300,0.03333333333333333,11,1,10,640.0,1.0666666666666667,714.2692190498228,255.3873355725661,1.0,14025.0,14025.0,0.0,13.968200015369803,"11,12,1,11,12,7,5,10,8,8","0:6-11;1:0-12;2:5-1;3:1-11;4:2-12;5:2-7;6:3-5;7:0-10;8:6-8;9:11-8,8-11"
929,proposed_c2f_adaptive_pd,10,10,1.0,21,300,0.07,10,0,10,0.0,0.0,3333.5726447561515,1731.5060631984193,1.0,13095.0,13095.0,0.0,5.918400012888014,"10,7,3,2,7,14,13,4,4,5",0:0-10;1:0-7;2:2-3;3:0-2;4:0-7;5:4-14;6:0-13;7:0-4;8:5-4;9:0-5
929,proposed_c2f_adaptive_pd_calibrated,10,10,1.0,21,300,0.07,10,0,10,0.0,0.0,3333.5726447561515,1731.5060631984193,1.0,13095.0,13095.0,0.0,11.743600014597178,"10,7,3,2,7,14,13,4,4,5",0:0-10;1:0-7;2:2-3;3:0-2;4:0-7;5:4-14;6:0-13;7:0-4;8:5-4;9:0-5
930,proposed_c2f_adaptive_pd,10,10,1.0,14,300,0.04666666666666667,10,0,10,0.0,0.0,3563.556654574426,802.5468800209802,1.0,8657.0,8657.0,0.0,3.5632000071927905,"2,3,14,1,2,0,0,10,14,5",0:3-2;1:0-3;2:4-14;3:0-1;4:1-2;5:1-0;6:1-0;7:4-10;8:4-14;9:0-5
930,proposed_c2f_adaptive_pd_calibrated,10,10,1.0,14,300,0.04666666666666667,10,0,10,0.0,0.0,3563.556654574426,802.5468800209802,1.0,8657.0,8657.0,0.0,13.526699971407652,"2,3,14,1,2,0,0,10,14,5",0:3-2;1:0-3;2:4-14;3:0-1;4:1-2;5:1-0;6:1-0;7:4-10;8:4-14;9:0-5
931,proposed_c2f_adaptive_pd,10,10,1.0,11,300,0.03666666666666667,10,0,10,0.0,0.0,689.1881522305792,196.3080791791765,1.0,10043.0,10043.0,0.0,4.919299972243607,"3,12,10,11,12,5,0,12,4,10",0:0-3;1:0-12;2:0-10;3:0-11;4:0-12;5:4-5;6:1-0;7:0-12;8:3-4;9:2-10
931,proposed_c2f_adaptive_pd_calibrated,10,10,1.0,11,300,0.03666666666666667,10,0,10,0.0,0.0,689.1881522305792,196.3080791791765,1.0,10043.0,10043.0,0.0,10.25699998717755,"3,12,10,11,12,5,0,12,4,10",0:0-3;1:0-12;2:0-10;3:0-11;4:0-12;5:4-5;6:1-0;7:0-12;8:3-4;9:2-10
932,proposed_c2f_adaptive_pd,10,10,1.0,16,300,0.05333333333333334,10,0,10,0.0,0.0,1944.123727105515,204.7648789771351,1.0,9567.0,9567.0,0.0,6.10580004286021,"11,4,11,3,6,3,11,3,9,8",0:1-11;1:10-4;2:1-11;3:1-3;4:0-6;5:1-3;6:1-11;7:10-3;8:0-9;9:0-8
932,proposed_c2f_adaptive_pd_calibrated,10,10,1.0,16,300,0.05333333333333334,10,0,10,0.0,0.0,1944.123727105515,204.7648789771351,1.0,9567.0,9567.0,0.0,12.307299999520183,"11,4,11,3,6,3,11,3,9,8",0:1-11;1:10-4;2:1-11;3:1-3;4:0-6;5:1-3;6:1-11;7:10-3;8:0-9;9:0-8
933,proposed_c2f_adaptive_pd,10,10,1.0,15,300,0.05,14,2,12,1280.0,2.1333333333333333,148316.5929665686,643.370354683803,1.0,14709.0,14709.0,0.0,7.661700015887618,"11,13,4,4,0,14,8,13,13,11","0:2-11;1:9-13;2:7-4;3:2-4;4:1-0;5:2-14;6:0-8;7:9-13,13-11,11-13,13-9,14-13;8:9-13;9:13-11"
933,proposed_c2f_adaptive_pd_calibrated,10,10,1.0,16,300,0.05333333333333334,14,2,12,1280.0,2.1333333333333333,148316.5929665686,643.370354683803,1.0,14709.0,14709.0,0.0,16.337200009729713,"11,13,4,4,0,14,8,13,13,11","0:2-11;1:9-13;2:7-4;3:2-4;4:1-0;5:2-14;6:0-8;7:9-13,13-11,11-13,13-9,14-13;8:9-13;9:13-11"
934,proposed_c2f_adaptive_pd,10,10,1.0,15,300,0.05,12,0,12,0.0,0.0,713.6310613156207,233.77104986803272,1.0,15178.0,15178.0,0.0,5.744799971580505,"0,11,7,11,0,7,9,12,3,4","0:14-0;1:1-11;2:6-7;3:0-11;4:13-0;5:12-7,2-7;6:1-9;7:1-12;8:1-3;9:2-4,10-4"
934,proposed_c2f_adaptive_pd_calibrated,10,10,1.0,16,300,0.05333333333333334,12,0,12,0.0,0.0,713.6310613156207,233.77104986803272,1.0,15178.0,15178.0,0.0,13.760000001639128,"0,11,7,11,0,7,9,12,3,4","0:14-0;1:1-11;2:6-7;3:0-11;4:13-0;5:12-7,2-7;6:1-9;7:1-12;8:1-3;9:2-4,10-4"
935,proposed_c2f_adaptive_pd,10,10,1.0,11,300,0.03666666666666667,10,0,10,0.0,0.0,3112.359624912121,118.05110545714075,1.0,9889.0,9889.0,0.0,3.4222000394947827,"5,6,0,14,12,5,2,5,10,1",0:0-5;1:1-6;2:9-0;3:0-14;4:0-12;5:2-5;6:8-2;7:1-5;8:1-10;9:6-1
935,proposed_c2f_adaptive_pd_calibrated,10,10,1.0,11,300,0.03666666666666667,10,0,10,0.0,0.0,3112.359624912121,118.05110545714075,1.0,9889.0,9889.0,0.0,14.422199979890138,"5,6,0,14,12,5,2,5,10,1",0:0-5;1:1-6;2:9-0;3:0-14;4:0-12;5:2-5;6:8-2;7:1-5;8:1-10;9:6-1
936,proposed_c2f_adaptive_pd,10,10,1.0,8,300,0.02666666666666667,10,0,10,0.0,0.0,239.47205401705952,103.87761522872768,1.0,9889.0,9889.0,0.0,5.78710000263527,"9,2,6,14,5,0,9,14,7,9",0:0-9;1:0-2;2:0-6;3:2-14;4:0-5;5:11-0;6:2-9;7:7-14;8:2-7;9:0-9
936,proposed_c2f_adaptive_pd_calibrated,10,10,1.0,8,300,0.02666666666666667,10,0,10,0.0,0.0,239.47205401705952,103.87761522872768,1.0,9889.0,9889.0,0.0,11.693299980834126,"9,2,6,14,5,0,9,14,7,9",0:0-9;1:0-2;2:0-6;3:2-14;4:0-5;5:11-0;6:2-9;7:7-14;8:2-7;9:0-9
937,proposed_c2f_adaptive_pd,10,10,1.0,13,300,0.043333333333333335,10,0,10,0.0,0.0,1777.4212500834485,519.0807249225284,1.0,9427.0,9427.0,0.0,4.403700004331768,"1,11,12,7,1,0,8,3,14,1",0:10-1;1:0-11;2:0-12;3:0-7;4:10-1;5:10-0;6:0-8;7:0-3;8:1-14;9:0-1
937,proposed_c2f_adaptive_pd_calibrated,10,10,1.0,14,300,0.04666666666666667,10,0,10,0.0,0.0,1777.4212500834485,519.0807249225284,1.0,9427.0,9427.0,0.0,11.438399960752577,"1,11,12,7,1,0,8,3,14,1",0:10-1;1:0-11;2:0-12;3:0-7;4:10-1;5:10-0;6:0-8;7:0-3;8:1-14;9:0-1
938,proposed_c2f_adaptive_pd,10,10,1.0,9,300,0.03,10,0,10,0.0,0.0,6683.866176126829,1120.8687796573558,1.0,12045.0,12045.0,0.0,5.9995000483468175,"13,12,10,13,6,6,9,2,6,2",0:1-13;1:6-12;2:1-10;3:2-13;4:0-6;5:0-6;6:1-9;7:3-2;8:0-6;9:0-2
938,proposed_c2f_adaptive_pd_calibrated,10,10,1.0,9,300,0.03,10,0,10,0.0,0.0,6683.866176126829,1120.8687796573558,1.0,12045.0,12045.0,0.0,13.63370002945885,"13,12,10,13,6,6,9,2,6,2",0:1-13;1:6-12;2:1-10;3:2-13;4:0-6;5:0-6;6:1-9;7:3-2;8:0-6;9:0-2
939,proposed_c2f_adaptive_pd,10,10,1.0,21,300,0.07,11,0,11,0.0,0.0,310009.1362297191,527.8130664446411,1.0,9948.0,9948.0,0.0,6.564300041645765,"5,1,3,4,11,2,13,0,0,11","0:0-5;1:0-1;2:1-3;3:0-4;4:0-11;5:10-2;6:9-13,2-13;7:1-0;8:1-0;9:0-11"
939,proposed_c2f_adaptive_pd_calibrated,10,10,1.0,22,300,0.07333333333333333,11,0,11,0.0,0.0,310009.1362297191,527.8130664446411,1.0,9948.0,9948.0,0.0,11.674799956381321,"5,1,3,4,11,2,13,0,0,11","0:0-5;1:0-1;2:1-3;3:0-4;4:0-11;5:10-2;6:9-13,2-13;7:1-0;8:1-0;9:0-11"
940,proposed_c2f_adaptive_pd,10,10,1.0,16,300,0.05333333333333334,10,0,10,0.0,0.0,4681.039721966323,643.5983288317523,1.0,10351.0,10351.0,0.0,4.657800018321723,"10,13,13,14,1,1,2,0,1,8",0:3-10;1:0-13;2:0-13;3:0-14;4:0-1;5:0-1;6:0-2;7:1-0;8:2-1;9:3-8
940,proposed_c2f_adaptive_pd_calibrated,10,10,1.0,16,300,0.05333333333333334,10,0,10,0.0,0.0,4681.039721966323,643.5983288317523,1.0,10351.0,10351.0,0.0,13.576099998317659,"10,13,13,14,1,1,2,0,1,8",0:3-10;1:0-13;2:0-13;3:0-14;4:0-1;5:0-1;6:0-2;7:1-0;8:2-1;9:3-8
941,proposed_c2f_adaptive_pd,10,10,1.0,18,300,0.06,10,0,10,0.0,0.0,900.6159521739619,168.70886392985184,1.0,11583.0,11583.0,0.0,6.473499990534037,"2,7,4,13,3,12,7,4,8,3",0:3-2;1:1-7;2:0-4;3:1-13;4:0-3;5:0-12;6:9-7;7:0-4;8:0-8;9:8-3
941,proposed_c2f_adaptive_pd_calibrated,10,10,1.0,18,300,0.06,10,0,10,0.0,0.0,900.6159521739619,168.70886392985184,1.0,11583.0,11583.0,0.0,14.12700000219047,"2,7,4,13,3,12,7,4,8,3",0:3-2;1:1-7;2:0-4;3:1-13;4:0-3;5:0-12;6:9-7;7:0-4;8:0-8;9:8-3
942,proposed_c2f_adaptive_pd,10,10,1.0,10,300,0.03333333333333333,16,0,16,0.0,0.0,5116.270522992507,178.65400358195885,1.0,22482.0,22482.0,0.0,8.245600038208067,"0,7,7,2,10,9,12,2,2,13","0:1-0;1:12-7;2:1-7;3:14-2,9-2,13-2,3-2;4:0-10;5:0-9;6:0-12;7:14-2,13-2,9-2,3-2;8:14-2;9:0-13"
942,proposed_c2f_adaptive_pd_calibrated,10,10,1.0,10,300,0.03333333333333333,16,0,16,0.0,0.0,5116.270522992507,178.65400358195885,1.0,22482.0,22482.0,0.0,21.89829997951165,"0,7,7,2,10,9,12,2,2,13","0:1-0;1:12-7;2:1-7;3:14-2,9-2,13-2,3-2;4:0-10;5:0-9;6:0-12;7:14-2,13-2,9-2,3-2;8:14-2;9:0-13"
943,proposed_c2f_adaptive_pd,10,10,1.0,12,300,0.04,12,0,12,0.0,0.0,1149.8082373587786,167.0586957892612,1.0,12149.0,12149.0,0.0,6.592600024305284,"5,14,7,12,8,9,2,14,12,1","0:2-5;1:0-14;2:0-7;3:10-12,8-12,6-12;4:0-8;5:0-9;6:4-2;7:0-14;8:0-12;9:0-1"
943,proposed_c2f_adaptive_pd_calibrated,10,10,1.0,12,300,0.04,12,0,12,0.0,0.0,1149.8082373587786,167.0586957892612,1.0,12149.0,12149.0,0.0,13.106999977026135,"5,14,7,12,8,9,2,14,12,1","0:2-5;1:0-14;2:0-7;3:10-12,8-12,6-12;4:0-8;5:0-9;6:4-2;7:0-14;8:0-12;9:0-1"
944,proposed_c2f_adaptive_pd,10,10,1.0,18,300,0.06,11,0,11,0.0,0.0,24902.88622826492,87.25091792512964,1.0,12188.0,12188.0,0.0,6.618899991735816,"12,6,14,5,7,14,7,4,5,8","0:1-12;1:0-6;2:10-14,11-14;3:0-5;4:0-7;5:2-14;6:0-7;7:0-4;8:2-5;9:0-8"
944,proposed_c2f_adaptive_pd_calibrated,10,10,1.0,18,300,0.06,11,0,11,0.0,0.0,24902.88622826492,87.25091792512964,1.0,12188.0,12188.0,0.0,14.322900038678199,"12,6,14,5,7,14,7,4,5,8","0:1-12;1:0-6;2:10-14,11-14;3:0-5;4:0-7;5:2-14;6:0-7;7:0-4;8:2-5;9:0-8"
945,proposed_c2f_adaptive_pd,10,10,1.0,9,300,0.03,13,0,13,0.0,0.0,21721.913301027995,711.8694555420192,1.0,11513.0,11513.0,0.0,7.090999977663159,"8,5,4,7,9,13,7,3,4,6","0:0-8;1:0-5;2:1-4;3:2-7;4:1-9;5:1-13;6:2-7;7:14-3;8:11-4,0-4,1-4,3-4;9:2-6"
945,proposed_c2f_adaptive_pd_calibrated,10,10,1.0,9,300,0.03,13,0,13,0.0,0.0,21721.913301027995,711.8694555420192,1.0,11513.0,11513.0,0.0,17.51999999396503,"8,5,4,7,9,13,7,3,4,6","0:0-8;1:0-5;2:1-4;3:2-7;4:1-9;5:1-13;6:2-7;7:14-3;8:11-4,0-4,1-4,3-4;9:2-6"
946,proposed_c2f_adaptive_pd,10,10,1.0,14,300,0.04666666666666667,11,1,10,640.0,1.0666666666666667,14463.825484509362,778.9634989156137,1.0,16150.0,16150.0,0.0,3.8920000079087913,"3,13,14,4,1,8,1,13,12,0","0:0-3;1:3-13;2:13-14,14-13;3:0-4;4:0-1;5:0-8;6:0-1;7:3-13;8:0-12;9:1-0"
946,proposed_c2f_adaptive_pd_calibrated,10,10,1.0,15,300,0.05,11,1,10,640.0,1.0666666666666667,14463.825484509362,778.9634989156137,1.0,16150.0,16150.0,0.0,13.231599994469434,"3,13,14,4,1,8,1,13,12,0","0:0-3;1:3-13;2:13-14,14-13;3:0-4;4:0-1;5:0-8;6:0-1;7:3-13;8:0-12;9:1-0"
947,proposed_c2f_adaptive_pd,10,10,1.0,20,300,0.06666666666666667,10,0,10,0.0,0.0,19388.32807314213,134.87736147964284,1.0,10813.0,10813.0,0.0,5.074799992144108,"1,8,8,10,11,7,4,3,13,3",0:2-1;1:1-8;2:1-8;3:0-10;4:0-11;5:2-7;6:2-4;7:0-3;8:0-13;9:0-3
947,proposed_c2f_adaptive_pd_calibrated,10,10,1.0,21,300,0.07,10,0,10,0.0,0.0,19388.32807314213,134.87736147964284,1.0,10813.0,10813.0,0.0,10.991400049533695,"1,8,8,10,11,7,4,3,13,3",0:2-1;1:1-8;2:1-8;3:0-10;4:0-11;5:2-7;6:2-4;7:0-3;8:0-13;9:0-3
948,proposed_c2f_adaptive_pd,10,10,1.0,10,300,0.03333333333333333,10,0,10,0.0,0.0,7125.017393073927,320.11555490031753,1.0,9427.0,9427.0,0.0,3.4202999668195844,"4,8,7,13,11,14,8,13,9,13",0:0-4;1:0-8;2:0-7;3:0-13;4:3-11;5:0-14;6:0-8;7:2-13;8:0-9;9:5-13
948,proposed_c2f_adaptive_pd_calibrated,10,10,1.0,11,300,0.03666666666666667,10,0,10,0.0,0.0,7125.017393073927,320.11555490031753,1.0,9427.0,9427.0,0.0,12.279199960175902,"4,8,7,13,11,14,8,13,9,13",0:0-4;1:0-8;2:0-7;3:0-13;4:3-11;5:0-14;6:0-8;7:2-13;8:0-9;9:5-13
949,proposed_c2f_adaptive_pd,10,10,1.0,7,300,0.023333333333333334,11,0,11,0.0,0.0,2689.14141416771,891.7972241339132,1.0,13475.0,13475.0,0.0,6.255100015550852,"4,12,3,14,7,2,13,4,6,8","0:0-4;1:0-12;2:0-3;3:0-14;4:0-7;5:0-2;6:12-13,10-13;7:0-4;8:0-6;9:0-8"
949,proposed_c2f_adaptive_pd_calibrated,10,10,1.0,8,300,0.02666666666666667,11,0,11,0.0,0.0,2689.14141416771,891.7972241339132,1.0,13475.0,13475.0,0.0,12.752400012686849,"4,12,3,14,7,2,13,4,6,8","0:0-4;1:0-12;2:0-3;3:0-14;4:0-7;5:0-2;6:12-13,10-13;7:0-4;8:0-6;9:0-8"
950,proposed_c2f_adaptive_pd,10,10,1.0,13,300,0.043333333333333335,11,0,11,0.0,0.0,2454.989733642902,113.95469056122973,1.0,12300.0,12300.0,0.0,6.3526000012643635,"10,6,12,12,12,6,8,14,9,9","0:0-10;1:0-6;2:1-12;3:8-12,13-12;4:1-12;5:0-6;6:0-8;7:0-14;8:0-9;9:0-9"
950,proposed_c2f_adaptive_pd_calibrated,10,10,1.0,13,300,0.043333333333333335,11,0,11,0.0,0.0,2454.989733642902,113.95469056122973,1.0,12300.0,12300.0,0.0,15.893600007984787,"10,6,12,12,12,6,8,14,9,9","0:0-10;1:0-6;2:1-12;3:8-12,13-12;4:1-12;5:0-6;6:0-8;7:0-14;8:0-9;9:0-9"
951,proposed_c2f_adaptive_pd,10,10,1.0,16,300,0.05333333333333334,11,0,11,0.0,0.0,3176.900632207336,244.13702865290776,1.0,11796.0,11796.0,0.0,6.407700013369322,"3,8,0,0,9,14,3,9,1,9","0:0-3;1:1-8;2:1-0;3:1-0;4:14-9;5:0-14;6:12-3,14-3;7:3-9;8:0-1;9:0-9"
951,proposed_c2f_adaptive_pd_calibrated,10,10,1.0,16,300,0.05333333333333334,11,0,11,0.0,0.0,3176.900632207336,244.13702865290776,1.0,11796.0,11796.0,0.0,11.791200027801096,"3,8,0,0,9,14,3,9,1,9","0:0-3;1:1-8;2:1-0;3:1-0;4:14-9;5:0-14;6:12-3,14-3;7:3-9;8:0-1;9:0-9"
952,proposed_c2f_adaptive_pd,10,10,1.0,20,300,0.06666666666666667,10,0,10,0.0,0.0,775449183.3605177,1222.5727324700347,1.0,8965.0,8965.0,0.0,5.6862999917939305,"6,0,1,1,6,7,10,7,1,0",0:0-6;1:1-0;2:0-1;3:6-1;4:0-6;5:0-7;6:0-10;7:0-7;8:0-1;9:7-0
952,proposed_c2f_adaptive_pd_calibrated,10,10,1.0,20,300,0.06666666666666667,10,0,10,0.0,0.0,775449183.3605177,1222.5727324700347,1.0,8965.0,8965.0,0.0,11.936599970795214,"6,0,1,1,6,7,10,7,1,0",0:0-6;1:1-0;2:0-1;3:6-1;4:0-6;5:0-7;6:0-10;7:0-7;8:0-1;9:7-0
953,proposed_c2f_adaptive_pd,10,10,1.0,17,300,0.056666666666666664,15,3,12,1920.0,3.2,2446.2330936281714,403.4933826600259,1.0,17153.0,17153.0,0.0,8.499599993228912,"13,6,13,8,5,13,0,7,12,8","0:1-13;1:7-6;2:1-13;3:0-8;4:8-5;5:13-4,4-13,8-13,1-13,13-8,13-1;6:6-0;7:0-7;8:3-12;9:1-8"
953,proposed_c2f_adaptive_pd_calibrated,10,10,1.0,17,300,0.056666666666666664,15,3,12,1920.0,3.2,2446.2330936281714,403.4933826600259,1.0,17153.0,17153.0,0.0,19.75730003323406,"13,6,13,8,5,13,0,7,12,8","0:1-13;1:7-6;2:1-13;3:0-8;4:8-5;5:13-4,4-13,8-13,1-13,13-8,13-1;6:6-0;7:0-7;8:3-12;9:1-8"
954,proposed_c2f_adaptive_pd,10,10,1.0,27,300,0.09,10,0,10,0.0,0.0,16575.53020882377,317.581987214272,1.0,10526.0,10526.0,0.0,6.166499981191009,"9,13,6,4,7,11,11,10,7,14",0:4-9;1:11-13;2:0-6;3:3-4;4:0-7;5:1-11;6:1-11;7:0-10;8:0-7;9:0-14
954,proposed_c2f_adaptive_pd_calibrated,10,10,1.0,27,300,0.09,10,0,10,0.0,0.0,16575.53020882377,317.581987214272,1.0,10526.0,10526.0,0.0,10.107799957040697,"9,13,6,4,7,11,11,10,7,14",0:4-9;1:11-13;2:0-6;3:3-4;4:0-7;5:1-11;6:1-11;7:0-10;8:0-7;9:0-14
955,proposed_c2f_adaptive_pd,9,10,0.9,12,300,0.04,20,4,16,2560.0,4.266666666666667,855.3087708827809,335.1713692111911,0.9,18716.0,18716.0,0.0,7.855899981223047,"5,1,14,2,13,8,9,10,13,1","0:2-5;1:0-1;2:0-14;3:2-1,1-2,5-2,7-2,5-1,7-1;4:0-13;5:2-8;6:2-9;7:3-10;8:6-13;9:2-1,1-2,5-1,10-1,0-1,7-1"
955,proposed_c2f_adaptive_pd_calibrated,9,10,0.9,13,300,0.043333333333333335,20,4,16,2560.0,4.266666666666667,855.3087708827809,335.1713692111911,0.9,18716.0,18716.0,0.0,23.911099997349083,"5,1,14,2,13,8,9,10,13,1","0:2-5;1:0-1;2:0-14;3:2-1,1-2,5-2,7-2,5-1,7-1;4:0-13;5:2-8;6:2-9;7:3-10;8:6-13;9:2-1,1-2,5-1,10-1,0-1,7-1"
956,proposed_c2f_adaptive_pd,10,10,1.0,9,300,0.03,10,0,10,0.0,0.0,137623.03609140072,241.18081837904862,1.0,12045.0,12045.0,0.0,5.30109996907413,"0,9,12,4,1,14,8,9,6,10",0:3-0;1:0-9;2:3-12;3:0-4;4:0-1;5:0-14;6:0-8;7:0-9;8:0-6;9:0-10
956,proposed_c2f_adaptive_pd_calibrated,10,10,1.0,11,300,0.03666666666666667,10,0,10,0.0,0.0,137623.03609140072,241.18081837904862,1.0,12045.0,12045.0,0.0,11.330999957863241,"0,9,12,4,1,14,8,9,6,10",0:3-0;1:0-9;2:3-12;3:0-4;4:0-1;5:0-14;6:0-8;7:0-9;8:0-6;9:0-10
957,proposed_c2f_adaptive_pd,10,10,1.0,22,300,0.07333333333333333,10,0,10,0.0,0.0,2199.539294346329,170.1559498982171,1.0,12892.0,12892.0,0.0,4.7707000048831105,"5,1,4,3,11,2,8,8,2,5",0:4-5;1:0-1;2:12-4;3:0-3;4:0-11;5:0-2;6:2-8;7:2-8;8:4-2;9:13-5
957,proposed_c2f_adaptive_pd_calibrated,10,10,1.0,22,300,0.07333333333333333,10,0,10,0.0,0.0,2199.539294346329,170.1559498982171,1.0,12892.0,12892.0,0.0,13.42339999973774,"5,1,4,3,11,2,8,8,2,5",0:4-5;1:0-1;2:12-4;3:0-3;4:0-11;5:0-2;6:2-8;7:2-8;8:4-2;9:13-5
958,proposed_c2f_adaptive_pd,10,10,1.0,16,300,0.05333333333333334,11,0,11,0.0,0.0,2536.667187467484,561.7460818672853,1.0,11460.0,11460.0,0.0,5.679599998984486,"1,4,2,4,3,6,11,14,8,10","0:0-1;1:2-4;2:0-2;3:2-4;4:10-3,2-3;5:0-6;6:0-11;7:0-14;8:0-8;9:0-10"
958,proposed_c2f_adaptive_pd_calibrated,10,10,1.0,16,300,0.05333333333333334,11,0,11,0.0,0.0,2536.667187467484,561.7460818672853,1.0,11460.0,11460.0,0.0,12.154600000940263,"1,4,2,4,3,6,11,14,8,10","0:0-1;1:2-4;2:0-2;3:2-4;4:10-3,2-3;5:0-6;6:0-11;7:0-14;8:0-8;9:0-10"
959,proposed_c2f_adaptive_pd,10,10,1.0,22,300,0.07333333333333333,15,2,13,1280.0,2.1333333333333333,131.59877239142025,106.49875934711699,1.0,16616.0,16616.0,0.0,6.026600021868944,"7,0,8,0,6,0,8,12,4,10","0:0-7;1:3-0;2:0-8,6-8,8-6,14-8,3-8,8-14;3:3-0;4:0-6;5:3-0;6:0-8;7:0-12;8:13-4;9:1-10"
959,proposed_c2f_adaptive_pd_calibrated,10,10,1.0,23,300,0.07666666666666666,15,2,13,1280.0,2.1333333333333333,131.59877239142025,106.49875934711699,1.0,16616.0,16616.0,0.0,19.808100012596697,"7,0,8,0,6,0,8,12,4,10","0:0-7;1:3-0;2:0-8,6-8,8-6,14-8,3-8,8-14;3:3-0;4:0-6;5:3-0;6:0-8;7:0-12;8:13-4;9:1-10"
960,proposed_c2f_adaptive_pd,10,10,1.0,13,300,0.043333333333333335,21,2,19,1280.0,2.1333333333333333,954.9909179491849,115.85553989240975,1.0,20842.0,20842.0,0.0,9.919499978423119,"2,1,0,4,13,0,9,0,4,2","0:0-2;1:0-1;2:1-0;3:13-4,8-4;4:0-13;5:9-0,0-9,10-0,1-0,5-0,0-1;6:0-9;7:10-0,11-0,1-0,9-0,12-0,5-0;8:3-4;9:1-2"
960,proposed_c2f_adaptive_pd_calibrated,10,10,1.0,13,300,0.043333333333333335,21,2,19,1280.0,2.1333333333333333,954.9909179491849,115.85553989240975,1.0,20842.0,20842.0,0.0,25.95169999403879,"2,1,0,4,13,0,9,0,4,2","0:0-2;1:0-1;2:1-0;3:13-4,8-4;4:0-13;5:9-0,0-9,10-0,1-0,5-0,0-1;6:0-9;7:10-0,11-0,1-0,9-0,12-0,5-0;8:3-4;9:1-2"
961,proposed_c2f_adaptive_pd,10,10,1.0,14,300,0.04666666666666667,15,1,14,640.0,1.0666666666666667,1392.0725014626337,653.3541892907513,1.0,12701.0,12701.0,0.0,6.797199952416122,"2,1,1,6,14,1,13,6,8,6","0:4-2;1:0-1;2:2-1,8-1,12-1,14-1,4-1,12-0;3:1-6;4:5-14;5:0-1;6:0-13;7:0-6;8:2-8;9:0-6"
961,proposed_c2f_adaptive_pd_calibrated,10,10,1.0,14,300,0.04666666666666667,15,1,14,640.0,1.0666666666666667,1392.0725014626337,653.3541892907513,1.0,12701.0,12701.0,0.0,13.384599995333701,"2,1,1,6,14,1,13,6,8,6","0:4-2;1:0-1;2:2-1,8-1,12-1,14-1,4-1,12-0;3:1-6;4:5-14;5:0-1;6:0-13;7:0-6;8:2-8;9:0-6"
962,proposed_c2f_adaptive_pd,10,10,1.0,15,300,0.05,12,1,11,640.0,1.0666666666666667,425.39698242878484,109.01790909318069,1.0,14746.0,14746.0,0.0,7.305400038603693,"12,0,14,0,11,2,5,3,5,13","0:3-12;1:8-0;2:1-14;3:4-0,0-4,3-0;4:1-11;5:0-2;6:0-5;7:0-3;8:0-5;9:3-13"
962,proposed_c2f_adaptive_pd_calibrated,10,10,1.0,16,300,0.05333333333333334,12,1,11,640.0,1.0666666666666667,425.39698242878484,109.01790909318069,1.0,14746.0,14746.0,0.0,12.24260003073141,"12,0,14,0,11,2,5,3,5,13","0:3-12;1:8-0;2:1-14;3:4-0,0-4,3-0;4:1-11;5:0-2;6:0-5;7:0-3;8:0-5;9:3-13"
963,proposed_c2f_adaptive_pd,10,10,1.0,12,300,0.04,10,0,10,0.0,0.0,264.6892836241903,191.26314552213415,1.0,10325.0,10325.0,0.0,6.222199997864664,"1,1,1,0,5,0,13,1,4,0",0:5-1;1:14-1;2:0-1;3:5-0;4:0-5;5:5-0;6:0-13;7:5-1;8:0-4;9:8-0
963,proposed_c2f_adaptive_pd_calibrated,10,10,1.0,13,300,0.043333333333333335,10,0,10,0.0,0.0,264.6892836241903,191.26314552213415,1.0,10325.0,10325.0,0.0,10.985600005369633,"1,1,1,0,5,0,13,1,4,0",0:5-1;1:14-1;2:0-1;3:5-0;4:0-5;5:5-0;6:0-13;7:5-1;8:0-4;9:8-0
964,proposed_c2f_adaptive_pd,10,10,1.0,14,300,0.04666666666666667,11,1,10,640.0,1.0666666666666667,790.5018530594145,398.5815383942007,1.0,10368.0,10368.0,0.0,6.235899985767901,"10,9,6,6,11,11,10,3,2,0","0:0-10;1:0-9;2:0-6;3:0-6;4:3-11;5:8-11;6:0-10;7:0-3;8:1-2;9:7-0,0-7"
964,proposed_c2f_adaptive_pd_calibrated,10,10,1.0,15,300,0.05,11,1,10,640.0,1.0666666666666667,790.5018530594145,398.5815383942007,1.0,10368.0,10368.0,0.0,12.370700016617775,"10,9,6,6,11,11,10,3,2,0","0:0-10;1:0-9;2:0-6;3:0-6;4:3-11;5:8-11;6:0-10;7:0-3;8:1-2;9:7-0,0-7"
965,proposed_c2f_adaptive_pd,10,10,1.0,17,300,0.056666666666666664,10,0,10,0.0,0.0,11506.564532314977,426.91147378409534,1.0,10659.0,10659.0,0.0,5.5265999981202185,"1,2,4,7,2,0,5,8,5,6",0:0-1;1:0-2;2:2-4;3:0-7;4:0-2;5:1-0;6:2-5;7:0-8;8:2-5;9:0-6
965,proposed_c2f_adaptive_pd_calibrated,10,10,1.0,17,300,0.056666666666666664,10,0,10,0.0,0.0,11506.564532314977,426.91147378409534,1.0,10659.0,10659.0,0.0,13.767700002063066,"1,2,4,7,2,0,5,8,5,6",0:0-1;1:0-2;2:2-4;3:0-7;4:0-2;5:1-0;6:2-5;7:0-8;8:2-5;9:0-6
966,proposed_c2f_adaptive_pd,9,10,0.9,11,300,0.03666666666666667,11,1,10,640.0,1.0666666666666667,1359.3692994300648,80.01393425680297,1.0,14396.0,14396.0,0.0,6.537700013723224,"6,13,14,10,12,13,13,12,3,5","0:11-6;1:0-13;2:0-14;3:0-10;4:1-12;5:8-13;6:1-13;7:1-12;8:3-0,0-3;9:9-5"
966,proposed_c2f_adaptive_pd_calibrated,9,10,0.9,11,300,0.03666666666666667,11,1,10,640.0,1.0666666666666667,1359.3692994300648,80.01393425680297,1.0,14396.0,14396.0,0.0,13.621299993246794,"6,13,14,10,12,13,13,12,3,5","0:11-6;1:0-13;2:0-14;3:0-10;4:1-12;5:8-13;6:1-13;7:1-12;8:3-0,0-3;9:9-5"
967,proposed_c2f_adaptive_pd,10,10,1.0,25,300,0.08333333333333333,11,0,11,0.0,0.0,5532.896221815905,1102.8987238034617,1.0,10116.0,10116.0,0.0,6.750000000465661,"3,2,12,14,2,8,2,1,10,7","0:2-3;1:3-2;2:0-12;3:0-14;4:14-2,3-2;5:3-8;6:3-2;7:0-1;8:0-10;9:0-7"
967,proposed_c2f_adaptive_pd_calibrated,10,10,1.0,25,300,0.08333333333333333,11,0,11,0.0,0.0,5532.896221815905,1102.8987238034617,1.0,10116.0,10116.0,0.0,11.502000037580729,"3,2,12,14,2,8,2,1,10,7","0:2-3;1:3-2;2:0-12;3:0-14;4:14-2,3-2;5:3-8;6:3-2;7:0-1;8:0-10;9:0-7"
968,proposed_c2f_adaptive_pd,10,10,1.0,17,300,0.056666666666666664,21,3,18,1920.0,3.2,959.8665972112001,209.68290164952583,1.0,18802.0,18802.0,0.0,8.282400027383119,"4,3,2,4,3,4,2,9,7,2","0:6-4;1:1-3;2:4-2,3-2,14-2,2-3,2-4,1-2;3:4-3,9-4,3-4,6-4,12-4,2-4;4:4-3;5:3-4,12-4;6:0-2;7:3-9;8:0-7;9:1-2"
968,proposed_c2f_adaptive_pd_calibrated,10,10,1.0,18,300,0.06,21,3,18,1920.0,3.2,959.8665972112001,209.68290164952583,1.0,18802.0,18802.0,0.0,24.541899969335645,"4,3,2,4,3,4,2,9,7,2","0:6-4;1:1-3;2:4-2,3-2,14-2,2-3,2-4,1-2;3:4-3,9-4,3-4,6-4,12-4,2-4;4:4-3;5:3-4,12-4;6:0-2;7:3-9;8:0-7;9:1-2"
969,proposed_c2f_adaptive_pd,10,10,1.0,14,300,0.04666666666666667,16,4,12,2560.0,4.266666666666667,24810.57301855058,100.76285182402236,1.0,14343.0,14343.0,0.0,6.2191999750211835,"5,4,6,4,3,13,2,10,1,8","0:1-5,3-5;1:0-4;2:0-6;3:0-4;4:0-3;5:0-13;6:0-2;7:0-10;8:2-1;9:8-2,8-9,2-9,3-2,3-8,2-8"
969,proposed_c2f_adaptive_pd_calibrated,10,10,1.0,14,300,0.04666666666666667,16,4,12,2560.0,4.266666666666667,24810.57301855058,100.76285182402236,1.0,14343.0,14343.0,0.0,20.75149997835979,"5,4,6,4,3,13,2,10,1,8","0:1-5,3-5;1:0-4;2:0-6;3:0-4;4:0-3;5:0-13;6:0-2;7:0-10;8:2-1;9:8-2,8-9,2-9,3-2,3-8,2-8"
970,proposed_c2f_adaptive_pd,10,10,1.0,17,300,0.056666666666666664,11,0,11,0.0,0.0,5580.157841595757,899.9911976996214,1.0,9458.0,9458.0,0.0,5.986799951642752,"5,6,10,5,1,8,5,8,14,1","0:1-5;1:0-6;2:0-10;3:0-5;4:0-1;5:2-8;6:0-5;7:13-8,4-8;8:0-14;9:0-1"
970,proposed_c2f_adaptive_pd_calibrated,10,10,1.0,17,300,0.056666666666666664,11,0,11,0.0,0.0,5580.157841595757,899.9911976996214,1.0,9458.0,9458.0,0.0,14.994600031059235,"5,6,10,5,1,8,5,8,14,1","0:1-5;1:0-6;2:0-10;3:0-5;4:0-1;5:2-8;6:0-5;7:13-8,4-8;8:0-14;9:0-1"
971,proposed_c2f_adaptive_pd,10,10,1.0,17,300,0.056666666666666664,10,0,10,0.0,0.0,621.6182941957949,460.79668370855546,1.0,9581.0,9581.0,0.0,5.978700006380677,"2,2,12,14,6,9,12,4,7,13",0:4-2;1:4-2;2:0-12;3:0-14;4:1-6;5:6-9;6:8-12;7:0-4;8:0-7;9:0-13
971,proposed_c2f_adaptive_pd_calibrated,10,10,1.0,17,300,0.056666666666666664,10,0,10,0.0,0.0,621.6182941957949,460.79668370855546,1.0,9581.0,9581.0,0.0,11.238200007937849,"2,2,12,14,6,9,12,4,7,13",0:4-2;1:4-2;2:0-12;3:0-14;4:1-6;5:6-9;6:8-12;7:0-4;8:0-7;9:0-13
972,proposed_c2f_adaptive_pd,10,10,1.0,16,300,0.05333333333333334,12,0,12,0.0,0.0,3557.9590523432644,46.38220568977469,1.0,9052.0,9052.0,0.0,7.669000013265759,"11,0,11,8,7,1,9,8,11,6","0:8-11,9-11;1:7-0;2:0-11;3:0-8;4:0-7;5:4-1;6:1-9;7:1-8;8:8-11,9-11;9:0-6"
972,proposed_c2f_adaptive_pd_calibrated,10,10,1.0,17,300,0.056666666666666664,12,0,12,0.0,0.0,3557.9590523432644,46.38220568977469,1.0,9052.0,9052.0,0.0,16.271900036372244,"11,0,11,8,7,1,9,8,11,6","0:8-11,9-11;1:7-0;2:0-11;3:0-8;4:0-7;5:4-1;6:1-9;7:1-8;8:8-11,9-11;9:0-6"
973,proposed_c2f_adaptive_pd,9,10,0.9,15,270,0.05555555555555555,10,0,10,0.0,0.0,388.1035842418217,95.99812393976859,0.9,7047.0,7047.0,0.0,4.356299992650747,"4,2,0,1,11,5,5,5,13,1",0:1-4;1:4-2;2:1-0;3:0-1;4:2-11;5:2-5;6:0-5;7:13-5;8:11-13;9:0-1
973,proposed_c2f_adaptive_pd_calibrated,9,10,0.9,16,270,0.05925925925925926,10,0,10,0.0,0.0,388.1035842418217,95.99812393976859,0.9,7047.0,7047.0,0.0,9.352600027341396,"4,2,0,1,11,5,5,5,13,1",0:1-4;1:4-2;2:1-0;3:0-1;4:2-11;5:2-5;6:0-5;7:13-5;8:11-13;9:0-1
974,proposed_c2f_adaptive_pd,10,10,1.0,19,300,0.06333333333333334,10,0,10,0.0,0.0,2614.2797589610695,787.2577702486858,1.0,10351.0,10351.0,0.0,6.737599964253604,"1,12,1,3,10,10,5,5,12,10",0:0-1;1:0-12;2:3-1;3:4-3;4:2-10;5:2-10;6:0-5;7:0-5;8:6-12;9:0-10
974,proposed_c2f_adaptive_pd_calibrated,10,10,1.0,19,300,0.06333333333333334,10,0,10,0.0,0.0,2614.2797589610695,787.2577702486858,1.0,10351.0,10351.0,0.0,13.429899991024286,"1,12,1,3,10,10,5,5,12,10",0:0-1;1:0-12;2:3-1;3:4-3;4:2-10;5:2-10;6:0-5;7:0-5;8:6-12;9:0-10
975,proposed_c2f_adaptive_pd,10,10,1.0,13,300,0.043333333333333335,12,1,11,640.0,1.0666666666666667,2554.2609293140267,216.7826755612768,1.0,13521.0,13521.0,0.0,4.15150000480935,"4,7,4,7,9,14,5,4,14,9","0:0-4;1:3-7;2:3-4;3:3-7;4:0-9;5:14-5,5-14,8-14;6:6-5;7:0-4;8:4-14;9:0-9"
975,proposed_c2f_adaptive_pd_calibrated,10,10,1.0,13,300,0.043333333333333335,12,1,11,640.0,1.0666666666666667,2554.2609293140267,216.7826755612768,1.0,13521.0,13521.0,0.0,12.974200013559312,"4,7,4,7,9,14,5,4,14,9","0:0-4;1:3-7;2:3-4;3:3-7;4:0-9;5:14-5,5-14,8-14;6:6-5;7:0-4;8:4-14;9:0-9"
976,proposed_c2f_adaptive_pd,10,10,1.0,14,300,0.04666666666666667,16,2,14,1280.0,2.1333333333333333,471.8342846819398,87.61146629728599,1.0,20469.0,20469.0,0.0,5.319399992004037,"5,0,12,5,5,3,1,10,5,1","0:6-5,3-5,4-5;1:2-0;2:3-12;3:6-5;4:6-5;5:0-3;6:2-1,1-2;7:2-10;8:13-5,5-13,6-5,3-5;9:2-1"
976,proposed_c2f_adaptive_pd_calibrated,10,10,1.0,14,300,0.04666666666666667,16,2,14,1280.0,2.1333333333333333,471.8342846819398,87.61146629728599,1.0,20469.0,20469.0,0.0,20.173900004010648,"5,0,12,5,5,3,1,10,5,1","0:6-5,3-5,4-5;1:2-0;2:3-12;3:6-5;4:6-5;5:0-3;6:2-1,1-2;7:2-10;8:13-5,5-13,6-5,3-5;9:2-1"
977,proposed_c2f_adaptive_pd,10,10,1.0,8,300,0.02666666666666667,10,0,10,0.0,0.0,329933.38151184615,741.8509814335347,1.0,11247.0,11247.0,0.0,6.387699977494776,"5,10,12,8,8,14,12,14,13,4",0:0-5;1:0-10;2:2-12;3:1-8;4:1-8;5:1-14;6:0-12;7:4-14;8:0-13;9:12-4
977,proposed_c2f_adaptive_pd_calibrated,10,10,1.0,10,300,0.03333333333333333,10,0,10,0.0,0.0,329933.38151184615,741.8509814335347,1.0,11247.0,11247.0,0.0,10.373700002674013,"5,10,12,8,8,14,12,14,13,4",0:0-5;1:0-10;2:2-12;3:1-8;4:1-8;5:1-14;6:0-12;7:4-14;8:0-13;9:12-4
978,proposed_c2f_adaptive_pd,10,10,1.0,15,300,0.05,15,3,12,1920.0,3.2,2679.2790326138665,70.43962918104849,1.0,11217.0,11217.0,0.0,8.604400034528226,"14,9,1,1,1,11,8,3,11,5","0:0-14;1:3-9;2:7-1,1-7,2-1,2-7,6-1,6-7;3:2-1;4:2-1;5:0-11;6:0-8;7:0-3;8:0-11;9:6-5"
978,proposed_c2f_adaptive_pd_calibrated,10,10,1.0,16,300,0.05333333333333334,15,3,12,1920.0,3.2,2679.2790326138665,70.43962918104849,1.0,11217.0,11217.0,0.0,19.537499989382923,"14,9,1,1,1,11,8,3,11,5","0:0-14;1:3-9;2:7-1,1-7,2-1,2-7,6-1,6-7;3:2-1;4:2-1;5:0-11;6:0-8;7:0-3;8:0-11;9:6-5"
979,proposed_c2f_adaptive_pd,10,10,1.0,16,300,0.05333333333333334,11,0,11,0.0,0.0,2877.5401971141523,1727.855374032646,1.0,14278.0,14278.0,0.0,5.0048999837599695,"5,7,7,9,7,7,14,13,13,10","0:0-5;1:2-7;2:0-7;3:0-9;4:0-7;5:1-7;6:10-14,12-14;7:0-13;8:1-13;9:12-10"
979,proposed_c2f_adaptive_pd_calibrated,10,10,1.0,16,300,0.05333333333333334,11,0,11,0.0,0.0,2877.5401971141523,1727.855374032646,1.0,14278.0,14278.0,0.0,13.4898999822326,"5,7,7,9,7,7,14,13,13,10","0:0-5;1:2-7;2:0-7;3:0-9;4:0-7;5:1-7;6:10-14,12-14;7:0-13;8:1-13;9:12-10"
980,proposed_c2f_adaptive_pd,10,10,1.0,19,300,0.06333333333333334,10,0,10,0.0,0.0,5004.671874357062,989.1580936333239,1.0,11429.0,11429.0,0.0,5.419199995230883,"14,10,10,0,5,10,0,4,4,1",0:2-14;1:0-10;2:4-10;3:1-0;4:1-5;5:0-10;6:1-0;7:2-4;8:2-4;9:0-1
980,proposed_c2f_adaptive_pd_calibrated,10,10,1.0,20,300,0.06666666666666667,10,0,10,0.0,0.0,5004.671874357062,989.1580936333239,1.0,11429.0,11429.0,0.0,12.298999994527549,"14,10,10,0,5,10,0,4,4,1",0:2-14;1:0-10;2:4-10;3:1-0;4:1-5;5:0-10;6:1-0;7:2-4;8:2-4;9:0-1
981,proposed_c2f_adaptive_pd,10,10,1.0,13,300,0.043333333333333335,10,0,10,0.0,0.0,3123.876719829022,1085.3512858986824,1.0,10197.0,10197.0,0.0,5.052799999248236,"12,8,7,8,11,2,13,11,0,13",0:0-12;1:0-8;2:0-7;3:0-8;4:0-11;5:3-2;6:1-13;7:2-11;8:1-0;9:2-13
981,proposed_c2f_adaptive_pd_calibrated,10,10,1.0,13,300,0.043333333333333335,10,0,10,0.0,0.0,3123.876719829022,1085.3512858986824,1.0,10197.0,10197.0,0.0,12.367299990728498,"12,8,7,8,11,2,13,11,0,13",0:0-12;1:0-8;2:0-7;3:0-8;4:0-11;5:3-2;6:1-13;7:2-11;8:1-0;9:2-13
982,proposed_c2f_adaptive_pd,10,10,1.0,14,300,0.04666666666666667,12,1,11,640.0,1.0666666666666667,730.4612458318376,505.5059193461391,1.0,8593.0,8593.0,0.0,4.44629997946322,"3,8,2,2,8,3,12,0,12,0","0:14-3;1:0-8;2:0-2;3:1-2;4:0-8;5:2-3;6:0-12;7:0-6,6-0,14-0;8:0-12;9:4-0"
982,proposed_c2f_adaptive_pd_calibrated,10,10,1.0,14,300,0.04666666666666667,12,1,11,640.0,1.0666666666666667,730.4612458318376,505.5059193461391,1.0,8593.0,8593.0,0.0,16.575700021348894,"3,8,2,2,8,3,12,0,12,0","0:14-3;1:0-8;2:0-2;3:1-2;4:0-8;5:2-3;6:0-12;7:0-6,6-0,14-0;8:0-12;9:4-0"
983,proposed_c2f_adaptive_pd,10,10,1.0,17,300,0.056666666666666664,11,0,11,0.0,0.0,843.6898165811772,530.1683446892021,1.0,8026.0,8026.0,0.0,6.548499979544431,"11,10,13,14,4,6,11,1,3,14","0:0-11;1:0-10;2:1-13;3:0-14;4:0-4;5:0-6;6:5-11;7:0-1;8:7-3,4-3;9:0-14"
983,proposed_c2f_adaptive_pd_calibrated,10,10,1.0,17,300,0.056666666666666664,11,0,11,0.0,0.0,843.6898165811772,530.1683446892021,1.0,8026.0,8026.0,0.0,15.242599998600781,"11,10,13,14,4,6,11,1,3,14","0:0-11;1:0-10;2:1-13;3:0-14;4:0-4;5:0-6;6:5-11;7:0-1;8:7-3,4-3;9:0-14"
984,proposed_c2f_adaptive_pd,9,10,0.9,14,300,0.04666666666666667,10,0,10,0.0,0.0,760.9330966013454,368.77267441020683,1.0,10505.0,10505.0,0.0,5.8237999910488725,"1,3,7,3,8,5,9,6,6,12",0:2-1;1:0-3;2:2-7;3:0-3;4:1-8;5:0-5;6:11-9;7:0-6;8:1-6;9:1-12
984,proposed_c2f_adaptive_pd_calibrated,9,10,0.9,14,300,0.04666666666666667,10,0,10,0.0,0.0,760.9330966013454,368.77267441020683,1.0,10505.0,10505.0,0.0,11.464999988675117,"1,3,7,3,8,5,9,6,6,12",0:2-1;1:0-3;2:2-7;3:0-3;4:1-8;5:0-5;6:11-9;7:0-6;8:1-6;9:1-12
985,proposed_c2f_adaptive_pd,10,10,1.0,17,300,0.056666666666666664,10,0,10,0.0,0.0,4770.721305257972,1044.573873309185,1.0,10659.0,10659.0,0.0,6.034899968653917,"9,2,14,14,14,7,6,0,11,4",0:0-9;1:3-2;2:2-14;3:0-14;4:0-14;5:2-7;6:0-6;7:1-0;8:1-11;9:0-4
985,proposed_c2f_adaptive_pd_calibrated,10,10,1.0,18,300,0.06,10,0,10,0.0,0.0,4770.721305257972,1044.573873309185,1.0,10659.0,10659.0,0.0,9.151000005658716,"9,2,14,14,14,7,6,0,11,4",0:0-9;1:3-2;2:2-14;3:0-14;4:0-14;5:2-7;6:0-6;7:1-0;8:1-11;9:0-4
986,proposed_c2f_adaptive_pd,10,10,1.0,18,300,0.06,10,0,10,0.0,0.0,612.6496097725178,437.9847668885278,1.0,11079.0,11079.0,0.0,5.16629999037832,"2,11,0,6,10,8,8,14,5,2",0:4-2;1:5-11;2:1-0;3:0-6;4:3-10;5:0-8;6:0-8;7:5-14;8:0-5;9:0-2
986,proposed_c2f_adaptive_pd_calibrated,10,10,1.0,18,300,0.06,10,0,10,0.0,0.0,612.6496097725178,437.9847668885278,1.0,11079.0,11079.0,0.0,9.526100009679794,"2,11,0,6,10,8,8,14,5,2",0:4-2;1:5-11;2:1-0;3:0-6;4:3-10;5:0-8;6:0-8;7:5-14;8:0-5;9:0-2
987,proposed_c2f_adaptive_pd,10,10,1.0,16,300,0.05333333333333334,12,0,12,0.0,0.0,571.8047386415492,181.1950263908476,1.0,13656.0,13656.0,0.0,6.644300010520965,"13,4,14,5,1,11,2,14,10,2","0:0-13;1:0-4;2:0-14;3:0-5;4:14-1;5:7-11,9-11;6:5-2;7:0-14,1-14;8:1-10;9:3-2"
987,proposed_c2f_adaptive_pd_calibrated,10,10,1.0,16,300,0.05333333333333334,12,0,12,0.0,0.0,571.8047386415492,181.1950263908476,1.0,13656.0,13656.0,0.0,15.965500031597912,"13,4,14,5,1,11,2,14,10,2","0:0-13;1:0-4;2:0-14;3:0-5;4:14-1;5:7-11,9-11;6:5-2;7:0-14,1-14;8:1-10;9:3-2"
988,proposed_c2f_adaptive_pd,10,10,1.0,15,300,0.05,17,3,14,1920.0,3.2,13440.098697260226,43.53739210228615,1.0,15897.0,15897.0,0.0,9.212000004481524,"13,5,3,2,14,14,0,2,14,5","0:1-13;1:13-5,5-13,2-5;2:0-3;3:0-2;4:0-14;5:4-14;6:1-0;7:0-2;8:0-14;9:2-5,13-5,5-13,5-2,0-5,3-5"
988,proposed_c2f_adaptive_pd_calibrated,10,10,1.0,15,300,0.05,17,3,14,1920.0,3.2,13440.098697260226,43.53739210228615,1.0,15897.0,15897.0,0.0,24.002699996344745,"13,5,3,2,14,14,0,2,14,5","0:1-13;1:13-5,5-13,2-5;2:0-3;3:0-2;4:0-14;5:4-14;6:1-0;7:0-2;8:0-14;9:2-5,13-5,5-13,5-2,0-5,3-5"
989,proposed_c2f_adaptive_pd,10,10,1.0,14,300,0.04666666666666667,14,2,12,1280.0,2.1333333333333333,222.71956972039615,46.89168274287707,1.0,20859.0,20859.0,0.0,4.777399997692555,"10,4,10,11,11,2,2,10,11,11","0:1-10;1:0-4;2:0-10;3:5-11;4:1-11;5:1-2;6:11-2,2-11,2-10,10-2;7:2-10,11-10;8:12-11;9:0-11"
989,proposed_c2f_adaptive_pd_calibrated,10,10,1.0,14,300,0.04666666666666667,14,2,12,1280.0,2.1333333333333333,222.71956972039615,46.89168274287707,1.0,20859.0,20859.0,0.0,12.065600021742284,"10,4,10,11,11,2,2,10,11,11","0:1-10;1:0-4;2:0-10;3:5-11;4:1-11;5:1-2;6:11-2,2-11,2-10,10-2;7:2-10,11-10;8:12-11;9:0-11"
990,proposed_c2f_adaptive_pd,10,10,1.0,14,300,0.04666666666666667,10,0,10,0.0,0.0,1473.3908194312005,202.82352365402625,1.0,9735.0,9735.0,0.0,4.054600023664534,"0,12,0,11,0,4,8,1,2,0",0:10-0;1:0-12;2:2-0;3:0-11;4:1-0;5:0-4;6:0-8;7:0-1;8:13-2;9:4-0
990,proposed_c2f_adaptive_pd_calibrated,10,10,1.0,15,300,0.05,10,0,10,0.0,0.0,1473.3908194312005,202.82352365402625,1.0,9735.0,9735.0,0.0,13.033499999437481,"0,12,0,11,0,4,8,1,2,0",0:10-0;1:0-12;2:2-0;3:0-11;4:1-0;5:0-4;6:0-8;7:0-1;8:13-2;9:4-0
991,proposed_c2f_adaptive_pd,10,10,1.0,16,300,0.05333333333333334,12,1,11,640.0,1.0666666666666667,112060.97498360262,266.3836289399168,1.0,15194.0,15194.0,0.0,7.064299948979169,"14,8,7,14,9,6,13,13,7,14","0:0-14;1:0-8;2:0-7;3:0-14;4:0-9;5:6-1,1-6,0-6;6:1-13;7:2-13;8:0-7;9:0-14"
991,proposed_c2f_adaptive_pd_calibrated,10,10,1.0,16,300,0.05333333333333334,12,1,11,640.0,1.0666666666666667,112060.97498360262,266.3836289399168,1.0,15194.0,15194.0,0.0,11.280599981546402,"14,8,7,14,9,6,13,13,7,14","0:0-14;1:0-8;2:0-7;3:0-14;4:0-9;5:6-1,1-6,0-6;6:1-13;7:2-13;8:0-7;9:0-14"
992,proposed_c2f_adaptive_pd,10,10,1.0,23,300,0.07666666666666666,10,0,10,0.0,0.0,6001.4044271902785,1018.2453104169917,1.0,8503.0,8503.0,0.0,3.5023000091314316,"10,7,14,0,8,13,7,1,1,10",0:0-10;1:0-7;2:3-14;3:4-0;4:1-8;5:3-13;6:0-7;7:3-1;8:3-1;9:0-10
992,proposed_c2f_adaptive_pd_calibrated,10,10,1.0,23,300,0.07666666666666666,10,0,10,0.0,0.0,6001.4044271902785,1018.2453104169917,1.0,8503.0,8503.0,0.0,12.084399990271777,"10,7,14,0,8,13,7,1,1,10",0:0-10;1:0-7;2:3-14;3:4-0;4:1-8;5:3-13;6:0-7;7:3-1;8:3-1;9:0-10
993,proposed_c2f_adaptive_pd,10,10,1.0,25,300,0.08333333333333333,12,1,11,640.0,1.0666666666666667,315.963313114167,133.99992816105467,1.0,12580.0,12580.0,0.0,4.112299997359514,"5,0,5,0,11,3,13,3,5,2","0:0-5;1:3-0;2:2-5;3:9-0,0-9,4-0;4:13-11;5:10-3;6:0-13;7:11-3;8:0-5;9:1-2"
993,proposed_c2f_adaptive_pd_calibrated,10,10,1.0,25,300,0.08333333333333333,12,1,11,640.0,1.0666666666666667,315.963313114167,133.99992816105467,1.0,12580.0,12580.0,0.0,11.205999995581806,"5,0,5,0,11,3,13,3,5,2","0:0-5;1:3-0;2:2-5;3:9-0,0-9,4-0;4:13-11;5:10-3;6:0-13;7:11-3;8:0-5;9:1-2"
994,proposed_c2f_adaptive_pd,10,10,1.0,25,300,0.08333333333333333,13,1,12,640.0,1.0666666666666667,800.0180596821234,232.86316151777544,1.0,15483.0,15483.0,0.0,4.462500044610351,"14,5,5,5,6,3,1,0,3,5","0:1-14;1:0-5;2:1-5;3:5-7,7-5,12-5,14-5;4:1-6;5:5-3;6:5-1;7:2-0;8:5-3;9:0-5"
994,proposed_c2f_adaptive_pd_calibrated,10,10,1.0,24,300,0.08,13,1,12,640.0,1.0666666666666667,800.0180596821234,232.86316151777544,1.0,15483.0,15483.0,0.0,11.28680002875626,"14,5,5,5,6,3,1,0,3,5","0:1-14;1:0-5;2:1-5;3:5-7,7-5,12-5,14-5;4:1-6;5:5-3;6:5-1;7:2-0;8:5-3;9:0-5"
995,proposed_c2f_adaptive_pd,10,10,1.0,15,300,0.05,10,0,10,0.0,0.0,2886.1538762355226,566.0827918750871,1.0,11919.0,11919.0,0.0,4.4658000115305185,"11,7,12,2,8,13,0,13,11,7",0:0-11;1:0-7;2:8-12;3:0-2;4:0-8;5:4-13;6:1-0;7:4-13;8:7-11;9:0-7
995,proposed_c2f_adaptive_pd_calibrated,10,10,1.0,16,300,0.05333333333333334,10,0,10,0.0,0.0,2886.1538762355226,566.0827918750871,1.0,11919.0,11919.0,0.0,10.398700018413365,"11,7,12,2,8,13,0,13,11,7",0:0-11;1:0-7;2:8-12;3:0-2;4:0-8;5:4-13;6:1-0;7:4-13;8:7-11;9:0-7
996,proposed_c2f_adaptive_pd,10,10,1.0,21,300,0.07,10,0,10,0.0,0.0,1597.402506971243,152.3071202046081,1.0,12815.0,12815.0,0.0,5.339299968909472,"6,4,1,7,7,13,5,5,6,13",0:3-6;1:1-4;2:0-1;3:0-7;4:0-7;5:6-13;6:6-5;7:0-5;8:1-6;9:5-13
996,proposed_c2f_adaptive_pd_calibrated,10,10,1.0,21,300,0.07,10,0,10,0.0,0.0,1597.402506971243,152.3071202046081,1.0,12815.0,12815.0,0.0,8.167399966623634,"6,4,1,7,7,13,5,5,6,13",0:3-6;1:1-4;2:0-1;3:0-7;4:0-7;5:6-13;6:6-5;7:0-5;8:1-6;9:5-13
997,proposed_c2f_adaptive_pd,10,10,1.0,9,300,0.03,14,0,14,0.0,0.0,1450.6373509320522,598.3109218144475,1.0,18855.0,18855.0,0.0,4.649299953598529,"9,13,4,13,7,4,14,8,4,4","0:5-9;1:3-13,12-13;2:0-4;3:7-13,10-13;4:10-7,0-7;5:0-4;6:10-14,7-14;7:0-8;8:0-4;9:0-4"
997,proposed_c2f_adaptive_pd_calibrated,10,10,1.0,9,300,0.03,14,0,14,0.0,0.0,1450.6373509320522,598.3109218144475,1.0,18855.0,18855.0,0.0,17.067299981135875,"9,13,4,13,7,4,14,8,4,4","0:5-9;1:3-13,12-13;2:0-4;3:7-13,10-13;4:10-7,0-7;5:0-4;6:10-14,7-14;7:0-8;8:0-4;9:0-4"
998,proposed_c2f_adaptive_pd,8,10,0.8,8,270,0.02962962962962963,19,4,15,2560.0,4.266666666666667,650.6092554097546,108.77867990290392,0.9473684210526315,22883.0,22883.0,0.0,6.298899999819696,"8,14,0,10,5,8,8,9,6,5","0:0-8,8-0,12-8,8-12;1:0-14;2:8-0,1-0;3:0-10;4:0-5;5:8-0,0-8,7-8,12-8,8-12,1-8;6:0-8;7:5-9;8:0-6;9:0-5"
998,proposed_c2f_adaptive_pd_calibrated,8,10,0.8,8,270,0.02962962962962963,19,4,15,2560.0,4.266666666666667,650.6092554097546,108.77867990290392,0.9473684210526315,22883.0,22883.0,0.0,15.376799972727895,"8,14,0,10,5,8,8,9,6,5","0:0-8,8-0,12-8,8-12;1:0-14;2:8-0,1-0;3:0-10;4:0-5;5:8-0,0-8,7-8,12-8,8-12,1-8;6:0-8;7:5-9;8:0-6;9:0-5"
999,proposed_c2f_adaptive_pd,10,10,1.0,16,300,0.05333333333333334,10,0,10,0.0,0.0,1553.8586537648903,465.4339267725493,1.0,10197.0,10197.0,0.0,3.910900035407394,"0,10,11,8,0,8,4,14,9,10",0:1-0;1:1-10;2:0-11;3:5-8;4:7-0;5:5-8;6:8-4;7:4-14;8:0-9;9:0-10
999,proposed_c2f_adaptive_pd_calibrated,10,10,1.0,16,300,0.05333333333333334,10,0,10,0.0,0.0,1553.8586537648903,465.4339267725493,1.0,10197.0,10197.0,0.0,8.003399998415262,"0,10,11,8,0,8,4,14,9,10",0:1-0;1:1-10;2:0-11;3:5-8;4:7-0;5:5-8;6:8-4;7:4-14;8:0-9;9:0-10
