trial,arm,p_d,p_fa,belief_objective,truth_objective,belief_worst_pd,truth_worst_pd,truth_mean_pd,n_tx,n_links,n_captured,kappa_db_median,eta_median,eval_kappa_db_median,eval_eta_median,fraction_json,retention_json,eval_fraction_json,eval_retention_json,joint_rounds,accepted_rounds,termination,measure_seconds,capture_aware,redundancy_aware,selection_rcs_factor,selector_strategy,fusion_rule,exact_gaussian_threshold,capability_source,capability_retention_source,risk_polish_swaps,risk_polish_json,risk_secondary_swaps,risk_secondary_json,fusion_pd_polish_json,rho_mean,rho_vector_json,power_policy,soft_mu,control_mu_json,history_json,selected_json,selected_eval_json,fusion_nodes_json
30,constant_serial_baseline,0.0,0.022222222222222223,0.05450706512512848,0.05450128056381066,0.04910388721156414,0.0490982177732048,0.0491319801844671,6,7,7,0.0,1.0,0.0,1.0,null,null,null,null,0,0,serial,0.0,False,False,1.0,c2f,max_in_rate,False,predicted,predicted_risk,2,"[{""round"":0,""remove_target"":1,""remove_link"":[5,1],""add_target"":0,""add_link"":[0,1],""worst_pd_before"":0.04874856471146236,""worst_pd_after"":0.04910388721156414,""service_before"":0.14682533553189633,""service_after"":0.14732677678753633},{""round"":1,""remove_target"":2,""remove_link"":[5,1],""add_target"":2,""add_link"":[3,1],""worst_pd_before"":0.04910388721156414,""worst_pd_after"":0.04910388721156414,""service_before"":0.14732677678753633,""service_after"":0.14739375245591899}]",0,[],"{""before"":[0.04910388721156414,0.04911421401245323,0.04917565123190163],""after"":[0.04910388721156414,0.04911421401245323,0.04917565123190163],""reports_before"":[2,2,3],""reports_after"":[2,2,3],""candidate_evaluations"":15}",0.7999999999999999,"[0.8,0.8,0.8,0.8,0.8,0.8]",uniform,nan,null,[],"{""0"":[[2,1],[0,1]],""1"":[[0,1],[2,1]],""2"":[[2,1],[0,1],[3,1]]}","{""0"":[[2,1],[0,1]],""1"":[[0,1],[2,1]],""2"":[[2,1],[0,1],[3,1]]}","[2,2,2]"
30,constant_joint_baseline,0.0,0.044444444444444446,0.04703298334356976,0.04557386339938933,0.04226699099877661,0.04093185508050348,0.041893506036117086,3,13,13,0.0,1.0,0.0,1.0,null,null,null,null,1,0,fixed_point,0.0,False,False,1.0,c2f,max_in_rate,False,predicted,predicted_risk,5,"[{""round"":0,""remove_target"":1,""remove_link"":[3,5],""add_target"":0,""add_link"":[0,2],""worst_pd_before"":0.036965600532135594,""worst_pd_after"":0.040351330146057025,""service_before"":0.12128507124043456,""service_after"":0.1266688050986332},{""round"":1,""remove_target"":2,""remove_link"":[0,5],""add_target"":0,""add_link"":[3,2],""worst_pd_before"":0.040351330146057025,""worst_pd_after"":0.040765376369216025,""service_before"":0.1266688050986332,""service_after"":0.126757911007087},{""round"":2,""remove_target"":1,""remove_link"":[3,4],""add_target"":0,""add_link"":[3,0],""worst_pd_before"":0.040765376369216025,""worst_pd_after"":0.0420360477176139,""service_before"":0.126757911007087,""service_after"":0.12753915274518723},{""round"":3,""remove_target"":0,""remove_link"":[0,2],""add_target"":0,""add_link"":[0,1],""worst_pd_before"":0.0420360477176139,""worst_pd_after"":0.04226699099877661,""service_before"":0.12753915274518723,""service_after"":0.1280591319367938},{""round"":4,""remove_target"":0,""remove_link"":[2,0],""add_target"":0,""add_link"":[2,1],""worst_pd_before"":0.04226699099877661,""worst_pd_after"":0.04226699099877661,""service_before"":0.1280591319367938,""service_after"":0.12841462165253326}]",0,[],"{""before"":[0.042911516624959935,0.04323611402879671,0.04226699099877661],""after"":[0.0442380941913484,0.04323611402879671,0.04226699099877661],""reports_before"":[4,2,3],""reports_after"":[3,2,3],""candidate_evaluations"":9}",0.7999999999999999,"[0.8,0.8,0.8,0.8,0.8,0.8]",uniform,nan,null,"[{""round"":0,""mask_before"":[0,2,3],""mask_candidate"":[0,2,3],""objective_before"":0.04226699099877661,""accepted"":false,""reason"":""fixed_point""}]","{""0"":[[3,2],[3,0],[0,1],[2,1]],""1"":[[2,5],[2,3],[0,3],[0,5]],""2"":[[2,3],[0,3],[2,4],[2,5],[0,4]]}","{""0"":[[3,2],[3,0],[0,1],[2,1]],""1"":[[2,5],[2,3],[0,3],[0,5]],""2"":[[2,3],[0,3],[2,4],[2,5],[0,4]]}","[2,3,3]"
30,constant_serial_capture,0.0,0.022222222222222223,0.054507067825270095,0.05450128056381066,0.049103890554250545,0.0490982177732048,0.0491319801844671,6,7,7,0.0,1.0,0.0,1.0,null,null,null,null,0,0,serial,0.0,True,False,1.0,c2f,max_in_rate,False,predicted,predicted_risk,2,"[{""round"":0,""remove_target"":1,""remove_link"":[5,1],""add_target"":0,""add_link"":[0,1],""worst_pd_before"":0.04874856442162969,""worst_pd_after"":0.049103890554250545,""service_before"":0.14682515083303116,""service_after"":0.14732676131138586},{""round"":1,""remove_target"":2,""remove_link"":[5,1],""add_target"":2,""add_link"":[3,1],""worst_pd_before"":0.049103890554250545,""worst_pd_after"":0.049103890554250545,""service_before"":0.14732676131138586,""service_after"":0.14739374554207563}]",0,[],"{""before"":[0.049103890554250545,0.0491142080126811,0.049175646975144],""after"":[0.049103890554250545,0.0491142080126811,0.049175646975144],""reports_before"":[2,2,3],""reports_after"":[2,2,3],""candidate_evaluations"":15}",0.7999999999999999,"[0.8,0.8,0.8,0.8,0.8,0.8]",uniform,nan,null,[],"{""0"":[[2,1],[0,1]],""1"":[[0,1],[2,1]],""2"":[[2,1],[0,1],[3,1]]}","{""0"":[[2,1],[0,1]],""1"":[[0,1],[2,1]],""2"":[[2,1],[0,1],[3,1]]}","[2,2,2]"
30,constant_joint_capture,0.0,0.044444444444444446,0.047033386922113285,0.04557386339938933,0.04226746471472562,0.04093185508050348,0.041893506036117086,3,13,13,0.0,1.0,0.0,1.0,null,null,null,null,1,0,fixed_point,0.0,True,False,1.0,c2f,max_in_rate,False,predicted,predicted_risk,5,"[{""round"":0,""remove_target"":1,""remove_link"":[3,5],""add_target"":0,""add_link"":[0,2],""worst_pd_before"":0.03696560020061104,""worst_pd_after"":0.04035132972543592,""service_before"":0.1212865617327134,""service_after"":0.1266679676717091},{""round"":1,""remove_target"":2,""remove_link"":[0,5],""add_target"":0,""add_link"":[3,2],""worst_pd_before"":0.04035132972543592,""worst_pd_after"":0.040765899824811484,""service_before"":0.1266679676717091,""service_after"":0.12675757524785722},{""round"":2,""remove_target"":1,""remove_link"":[3,4],""add_target"":0,""add_link"":[3,0],""worst_pd_before"":0.040765899824811484,""worst_pd_after"":0.042036255492427045,""service_before"":0.12675757524785722,""service_after"":0.12753909842881717},{""round"":3,""remove_target"":0,""remove_link"":[0,2],""add_target"":0,""add_link"":[0,1],""worst_pd_before"":0.042036255492427045,""worst_pd_after"":0.04226746471472562,""service_before"":0.12753909842881717,""service_after"":0.12805883341697635},{""round"":4,""remove_target"":0,""remove_link"":[2,0],""add_target"":0,""add_link"":[2,1],""worst_pd_before"":0.04226746471472562,""worst_pd_after"":0.04226746471472562,""service_before"":0.12805883341697635,""service_after"":0.1284142714603211}]",0,[],"{""before"":[0.042911428523931,0.04323537822166449,0.04226746471472562],""after"":[0.04423843852212174,0.04323537822166449,0.04226746471472562],""reports_before"":[4,2,3],""reports_after"":[3,2,3],""candidate_evaluations"":9}",0.7999999999999999,"[0.8,0.8,0.8,0.8,0.8,0.8]",uniform,nan,null,"[{""round"":0,""mask_before"":[0,2,3],""mask_candidate"":[0,2,3],""objective_before"":0.04226746471472562,""accepted"":false,""reason"":""fixed_point""}]","{""0"":[[3,2],[3,0],[0,1],[2,1]],""1"":[[2,5],[2,3],[0,3],[0,5]],""2"":[[2,3],[0,3],[2,4],[2,5],[0,4]]}","{""0"":[[3,2],[3,0],[0,1],[2,1]],""1"":[[2,5],[2,3],[0,3],[0,5]],""2"":[[2,3],[0,3],[2,4],[2,5],[0,4]]}","[2,3,3]"
30,constant_serial_redundancy,0.0,0.03333333333333333,0.05436957073370661,0.05417799184252353,0.048968095256915006,0.04877720458396063,0.048991157721824684,6,8,8,0.0,1.0,0.0,1.0,null,null,null,null,0,0,serial,0.0,False,True,1.0,c2f,max_in_rate,False,predicted,predicted_risk,0,[],0,[],"{""before"":[0.04910388721156414,0.048968095256915006,0.04910867556351897],""after"":[0.04910388721156414,0.048968095256915006,0.04910867556351897],""reports_before"":[2,3,3],""reports_after"":[2,3,3],""candidate_evaluations"":15}",0.7999999999999999,"[0.8,0.8,0.8,0.8,0.8,0.8]",uniform,nan,null,[],"{""0"":[[2,1],[0,1]],""1"":[[5,1],[0,1],[2,1]],""2"":[[2,1],[0,1],[5,1]]}","{""0"":[[2,1],[0,1]],""1"":[[5,1],[0,1],[2,1]],""2"":[[2,1],[0,1],[5,1]]}","[2,2,2]"
30,constant_joint_redundancy,0.0,0.022222222222222223,0.04502492386661922,0.045063451642473835,0.040320539364073094,0.04032105366047045,0.04240188169713213,3,14,14,0.0,1.0,0.0,1.0,null,null,null,null,1,0,fixed_point,0.0,False,True,1.0,c2f,max_in_rate,False,predicted,predicted_risk,1,"[{""round"":0,""remove_target"":2,""remove_link"":[2,5],""add_target"":2,""add_link"":[2,1],""worst_pd_before"":0.040320539364073094,""worst_pd_after"":0.040320539364073094,""service_before"":0.12642112245213288,""service_after"":0.1264616738364684}]",0,[],"{""before"":[0.040320539364073094,0.04269970175357974,0.04344143271881557],""after"":[0.040320539364073094,0.04269970175357974,0.04344143271881557],""reports_before"":[2,4,5],""reports_after"":[1,3,4],""candidate_evaluations"":9}",0.7999999999999999,"[0.8,0.8,0.8,0.8,0.8,0.8]",uniform,nan,null,"[{""round"":0,""mask_before"":[0,2,5],""mask_candidate"":[0,2,5],""objective_before"":0.040320539364073094,""accepted"":false,""reason"":""fixed_point""}]","{""0"":[[2,0],[0,2]],""1"":[[2,5],[0,5],[5,3],[5,4],[2,3],[0,3]],""2"":[[0,5],[2,4],[2,3],[0,3],[0,4],[2,1]]}","{""0"":[[2,0],[0,2]],""1"":[[2,5],[0,5],[5,3],[5,4],[2,3],[0,3]],""2"":[[0,5],[2,4],[2,3],[0,3],[0,4],[2,1]]}","[0,3,3]"
30,constant_serial_combined,0.0,0.03333333333333333,0.054369399349816834,0.05417799184252353,0.04896792366694724,0.04877720458396063,0.048991157721824684,6,8,8,0.0,1.0,0.0,1.0,null,null,null,null,0,0,serial,0.0,True,True,1.0,c2f,max_in_rate,False,predicted,predicted_risk,0,[],0,[],"{""before"":[0.049103890554250545,0.04896792366694724,0.04910866274445422],""after"":[0.049103890554250545,0.04896792366694724,0.04910866274445422],""reports_before"":[2,3,3],""reports_after"":[2,3,3],""candidate_evaluations"":15}",0.7999999999999999,"[0.8,0.8,0.8,0.8,0.8,0.8]",uniform,nan,null,[],"{""0"":[[2,1],[0,1]],""1"":[[5,1],[0,1],[2,1]],""2"":[[2,1],[0,1],[5,1]]}","{""0"":[[2,1],[0,1]],""1"":[[5,1],[0,1],[2,1]],""2"":[[2,1],[0,1],[5,1]]}","[2,2,2]"
30,constant_joint_combined,0.0,0.022222222222222223,0.04502459864565504,0.045063451642473835,0.04032053892737626,0.04032105366047045,0.04240188169713213,3,14,14,0.0,1.0,0.0,1.0,null,null,null,null,1,0,fixed_point,0.0,True,True,1.0,c2f,max_in_rate,False,predicted,predicted_risk,1,"[{""round"":0,""remove_target"":2,""remove_link"":[2,5],""add_target"":2,""add_link"":[2,1],""worst_pd_before"":0.04032053892737626,""worst_pd_after"":0.04032053892737626,""service_before"":0.12641752143349483,""service_after"":0.12645816482795977}]",0,[],"{""before"":[0.04032053892737626,0.042696482880810495,0.043441143019773],""after"":[0.04032053892737626,0.042696482880810495,0.043441143019773],""reports_before"":[2,4,5],""reports_after"":[1,3,4],""candidate_evaluations"":9}",0.7999999999999999,"[0.8,0.8,0.8,0.8,0.8,0.8]",uniform,nan,null,"[{""round"":0,""mask_before"":[0,2,5],""mask_candidate"":[0,2,5],""objective_before"":0.04032053892737626,""accepted"":false,""reason"":""fixed_point""}]","{""0"":[[2,0],[0,2]],""1"":[[2,5],[0,5],[5,3],[5,4],[2,3],[0,3]],""2"":[[0,5],[2,4],[2,3],[0,3],[0,4],[2,1]]}","{""0"":[[2,0],[0,2]],""1"":[[2,5],[0,5],[5,3],[5,4],[2,3],[0,3]],""2"":[[0,5],[2,4],[2,3],[0,3],[0,4],[2,1]]}","[0,3,3]"
30,tpuic_serial_baseline,0.0,0.05555555555555555,0.08234167403667636,0.1849017749796326,0.07103823179577413,0.158746876194017,0.22651872543885765,6,15,15,37.15624123458355,0.9777298048729695,37.664827250633365,0.9995034195354577,"[[4.640230470909054e-05,0.0009279444432770405,4.793570010835339e-05],[0.00011189572875791945,0.0006881332954545083,0.00017802011400223423],[4.254796953080974e-05,0.002216222162975001,6.586340331509516e-05],[0.00014091056954802965,0.0001506345974264139,0.00014262438112176497],[0.0002081050783095719,0.028868088592981123,0.00022901035994590672],[0.00037665131292812746,0.013264459910690909,0.0003940878204749115]]","[[0.9967325625136978,0.8110543112439329,0.9907154332508442],[0.9949330741799867,0.9765128378707562,0.760146324696937],[0.9900147243715813,0.8730660305969523,0.9355728402491286],[0.9981179509221152,0.9955297028472545,0.9799785122434459],[0.7847982901109373,0.7592440457022437,0.9789467718751829],[0.9989400860756418,0.705688051210012,0.9590334457171071]]","[[5.081763886332858e-05,0.00025837814715972643,5.240629601274224e-05],[0.00010142350120449138,0.0007330906984953943,0.00015511298265980346],[2.995791470548682e-05,0.002229914843149881,6.203478229267333e-05],[9.268974894554032e-05,0.00010273793746329767,9.41499819834876e-05],[0.0002875695616627714,0.04948214615737164,0.00031603513668487717],[0.00018896718821423425,0.00776623864500048,0.00021450268676519532]]","[[0.9999087545106291,0.9976160065248967,0.9998642566391367],[0.9998914906247409,0.999465900214583,0.9999219752706571],[0.9992249083869783,0.9990282148599813,0.9995409388563326],[0.9999967689251728,0.9999511801763593,0.9999442802723129],[0.9975477632653833,0.9950925585337862,0.9996630869692548],[0.9992499296838888,0.9986529486946883,0.9993405771356739]]",0,0,serial,33.99533400009386,False,False,1.0,c2f,max_in_rate,False,predicted,predicted_risk,5,"[{""round"":0,""remove_target"":1,""remove_link"":[4,0],""add_target"":0,""add_link"":[5,2],""worst_pd_before"":0.05577366238079707,""worst_pd_after"":0.05891058689549581,""service_before"":0.3712659523167144,""service_after"":0.37413150989857547},{""round"":1,""remove_target"":0,""remove_link"":[2,1],""add_target"":0,""add_link"":[5,0],""worst_pd_before"":0.05891058689549581,""worst_pd_after"":0.06318007577224054,""service_before"":0.37413150989857547,""service_after"":0.38158864957846383},{""round"":2,""remove_target"":0,""remove_link"":[4,1],""add_target"":1,""add_link"":[4,0],""worst_pd_before"":0.06318007577224054,""worst_pd_after"":0.06345144270507823,""service_before"":0.38158864957846383,""service_after"":0.3812956225314167},{""round"":3,""remove_target"":2,""remove_link"":[2,1],""add_target"":0,""add_link"":[4,2],""worst_pd_before"":0.06345144270507823,""worst_pd_after"":0.06345144270507823,""service_before"":0.3812956225314167,""service_after"":0.3842083762976663},{""round"":4,""remove_target"":0,""remove_link"":[5,1],""add_target"":0,""add_link"":[4,0],""worst_pd_before"":0.06345144270507823,""worst_pd_after"":0.06345144270507823,""service_before"":0.3842083762976663,""service_after"":0.3855720561805843}]",0,[],"{""before"":[0.07103823179577413,0.06345144270507823,0.25108238167973196],""after"":[0.07103823179577413,0.08792618424104899,0.25108238167973196],""reports_before"":[2,5,3],""reports_after"":[2,3,2],""candidate_evaluations"":15}",0.7999999999999999,"[0.8,0.8,0.8,0.8,0.8,0.8]",uniform,1.0,null,[],"{""0"":[[5,2],[5,0],[4,2],[4,0]],""1"":[[5,1],[4,1],[2,1],[5,0],[5,2],[4,0]],""2"":[[2,0],[4,0],[4,2],[5,0],[5,2]]}","{""0"":[[5,2],[5,0],[4,2],[4,0]],""1"":[[5,1],[4,1],[2,1],[5,0],[5,2],[4,0]],""2"":[[2,0],[4,0],[4,2],[5,0],[5,2]]}","[2,1,0]"
30,tpuic_joint_baseline,0.6666666666666666,0.05555555555555555,0.4049260196202021,0.9673486355346274,0.34070809766556687,0.8628486355346274,0.9535431020040788,3,14,14,34.60775458830865,0.9912889729305628,35.993399847302356,0.9997422500528101,"[[3.438799175225095e-05,0.0007398274855783121,3.4569640428717674e-05],[0.0002127061770441953,0.001273423650262321,0.00032207495103393514],[0.00039691702963206275,0.05057117888920385,0.00039634375182118025],[9.716030569307179e-05,9.855916073865949e-05,9.761678475474594e-05],[0.0002466157759000852,0.003543371405566266,0.00024794939629908737],[0.0003719564832341122,0.0092637940525772,0.0003739435516649801]]","[[0.9957573054007283,0.6710153981031519,0.9940242760898008],[0.9996541997538189,0.9668906708110178,0.6686923812509408],[0.9901300323222555,0.733174003320476,0.9924479135388702],[0.9986186282730157,0.9973645407558815,0.9727967464939272],[0.7454028351391918,0.9238238777672207,0.9980841034098058],[0.9994183390854606,0.6601682990414108,0.997392353035658]]","[[2.8603086764384753e-05,0.00041742204730483234,2.860698501810057e-05],[0.00040152458280195795,0.0014759746623695632,0.0005078768504480682],[0.00017524029625132947,0.06287853879914043,0.00017586233669304965],[7.096455074995063e-05,7.334730663715471e-05,7.138935682990214e-05],[4.4104362175966135e-05,0.0033587743980503,4.5818699248635496e-05],[0.0003598712821450629,0.008678038734441935,0.0003609095691500897]]","[[0.9999305990675178,0.9979359171414383,0.9998777307262469],[0.9999404492094689,0.999373755345163,0.9999176504393044],[0.9997417230626167,0.999506815419214,0.9996709780222961],[0.9999505092326987,0.9999618384790351,0.999943512668557],[0.9975344262903878,0.9947703737460739,0.9998793122714708],[0.9991696664567512,0.9990629199280351,0.9997427770430037]]",1,0,fixed_point,27.77762269997038,False,False,1.0,c2f,max_in_rate,False,predicted,predicted_risk,0,[],0,[],"{""before"":[0.34070809766556687,0.9543761113262348,0.5471792195463518],""after"":[0.34070809766556687,0.9543761113262348,0.5471792195463518],""reports_before"":[5,2,4],""reports_after"":[4,0,4],""candidate_evaluations"":13}",0.7999999999999999,"[0.8,0.8,0.8,0.8,0.8,0.8]",uniform,1.0,null,"[{""round"":0,""mask_before"":[2,4,5],""mask_candidate"":[2,4,5],""objective_before"":0.34070809766556687,""accepted"":false,""reason"":""fixed_point""}]","{""0"":[[4,5],[5,4],[5,3],[5,2],[2,5],[4,3]],""1"":[[5,3],[4,3]],""2"":[[2,0],[2,4],[4,2],[2,3],[4,0],[5,2]]}","{""0"":[[4,5],[5,4],[5,3],[5,2],[2,5],[4,3]],""1"":[[5,3],[4,3]],""2"":[[2,0],[2,4],[4,2],[2,3],[4,0],[5,2]]}","[3,3,2]"
30,tpuic_serial_capture,0.0,0.05555555555555555,0.08226755085223121,0.1849017749796326,0.07097831133661026,0.158746876194017,0.22651872543885765,6,15,15,37.15624123458355,0.9777298048729695,37.664827250633365,0.9995034195354577,"[[4.640230470909054e-05,0.0009279444432770405,4.793570010835339e-05],[0.00011189572875791945,0.0006881332954545083,0.00017802011400223423],[4.254796953080974e-05,0.002216222162975001,6.586340331509516e-05],[0.00014091056954802965,0.0001506345974264139,0.00014262438112176497],[0.0002081050783095719,0.028868088592981123,0.00022901035994590672],[0.00037665131292812746,0.013264459910690909,0.0003940878204749115]]","[[0.9967325625136978,0.8110543112439329,0.9907154332508442],[0.9949330741799867,0.9765128378707562,0.760146324696937],[0.9900147243715813,0.8730660305969523,0.9355728402491286],[0.9981179509221152,0.9955297028472545,0.9799785122434459],[0.7847982901109373,0.7592440457022437,0.9789467718751829],[0.9989400860756418,0.705688051210012,0.9590334457171071]]","[[5.081763886332858e-05,0.00025837814715972643,5.240629601274224e-05],[0.00010142350120449138,0.0007330906984953943,0.00015511298265980346],[2.995791470548682e-05,0.002229914843149881,6.203478229267333e-05],[9.268974894554032e-05,0.00010273793746329767,9.41499819834876e-05],[0.0002875695616627714,0.04948214615737164,0.00031603513668487717],[0.00018896718821423425,0.00776623864500048,0.00021450268676519532]]","[[0.9999087545106291,0.9976160065248967,0.9998642566391367],[0.9998914906247409,0.999465900214583,0.9999219752706571],[0.9992249083869783,0.9990282148599813,0.9995409388563326],[0.9999967689251728,0.9999511801763593,0.9999442802723129],[0.9975477632653833,0.9950925585337862,0.9996630869692548],[0.9992499296838888,0.9986529486946883,0.9993405771356739]]",0,0,serial,0.0,True,False,1.0,c2f,max_in_rate,False,predicted,predicted_risk,5,"[{""round"":0,""remove_target"":1,""remove_link"":[4,0],""add_target"":0,""add_link"":[5,2],""worst_pd_before"":0.05575969747600139,""worst_pd_after"":0.05886857114683783,""service_before"":0.3706430084279231,""service_after"":0.37348092779244435},{""round"":1,""remove_target"":0,""remove_link"":[2,1],""add_target"":0,""add_link"":[5,0],""worst_pd_before"":0.05886857114683783,""worst_pd_after"":0.06315657917993917,""service_before"":0.37348092779244435,""service_after"":0.38092664738019216},{""round"":2,""remove_target"":0,""remove_link"":[4,1],""add_target"":1,""add_link"":[4,0],""worst_pd_before"":0.06315657917993917,""worst_pd_after"":0.0634275334862543,""service_before"":0.38092664738019216,""service_after"":0.3806336928715872},{""round"":3,""remove_target"":2,""remove_link"":[2,1],""add_target"":0,""add_link"":[4,2],""worst_pd_before"":0.0634275334862543,""worst_pd_after"":0.0634275334862543,""service_before"":0.3806336928715872,""service_after"":0.38354448118403656},{""round"":4,""remove_target"":0,""remove_link"":[5,1],""add_target"":0,""add_link"":[4,0],""worst_pd_before"":0.0634275334862543,""worst_pd_after"":0.0634275334862543,""service_before"":0.38354448118403656,""service_after"":0.3849066647506373}]",0,[],"{""before"":[0.07097831133661026,0.0634275334862543,0.25050081992777273],""after"":[0.07097831133661026,0.08784231316343231,0.25050081992777273],""reports_before"":[2,5,3],""reports_after"":[2,3,2],""candidate_evaluations"":15}",0.7999999999999999,"[0.8,0.8,0.8,0.8,0.8,0.8]",uniform,1.0,null,[],"{""0"":[[5,2],[5,0],[4,2],[4,0]],""1"":[[5,1],[4,1],[2,1],[5,0],[5,2],[4,0]],""2"":[[2,0],[4,0],[4,2],[5,0],[5,2]]}","{""0"":[[5,2],[5,0],[4,2],[4,0]],""1"":[[5,1],[4,1],[2,1],[5,0],[5,2],[4,0]],""2"":[[2,0],[4,0],[4,2],[5,0],[5,2]]}","[2,1,0]"
30,tpuic_joint_capture,0.6666666666666666,0.05555555555555555,0.4040675298874304,0.9673486355346274,0.3399568481325883,0.8628486355346274,0.9535431020040788,3,14,14,34.60775458830865,0.9912889729305628,35.993399847302356,0.9997422500528101,"[[3.438799175225095e-05,0.0007398274855783121,3.4569640428717674e-05],[0.0002127061770441953,0.001273423650262321,0.00032207495103393514],[0.00039691702963206275,0.05057117888920385,0.00039634375182118025],[9.716030569307179e-05,9.855916073865949e-05,9.761678475474594e-05],[0.0002466157759000852,0.003543371405566266,0.00024794939629908737],[0.0003719564832341122,0.0092637940525772,0.0003739435516649801]]","[[0.9957573054007283,0.6710153981031519,0.9940242760898008],[0.9996541997538189,0.9668906708110178,0.6686923812509408],[0.9901300323222555,0.733174003320476,0.9924479135388702],[0.9986186282730157,0.9973645407558815,0.9727967464939272],[0.7454028351391918,0.9238238777672207,0.9980841034098058],[0.9994183390854606,0.6601682990414108,0.997392353035658]]","[[2.8603086764384753e-05,0.00041742204730483234,2.860698501810057e-05],[0.00040152458280195795,0.0014759746623695632,0.0005078768504480682],[0.00017524029625132947,0.06287853879914043,0.00017586233669304965],[7.096455074995063e-05,7.334730663715471e-05,7.138935682990214e-05],[4.4104362175966135e-05,0.0033587743980503,4.5818699248635496e-05],[0.0003598712821450629,0.008678038734441935,0.0003609095691500897]]","[[0.9999305990675178,0.9979359171414383,0.9998777307262469],[0.9999404492094689,0.999373755345163,0.9999176504393044],[0.9997417230626167,0.999506815419214,0.9996709780222961],[0.9999505092326987,0.9999618384790351,0.999943512668557],[0.9975344262903878,0.9947703737460739,0.9998793122714708],[0.9991696664567512,0.9990629199280351,0.9997427770430037]]",1,0,fixed_point,0.0,True,False,1.0,c2f,max_in_rate,False,predicted,predicted_risk,0,[],0,[],"{""before"":[0.3399568481325883,0.9540351220120851,0.5461068175484208],""after"":[0.3399568481325883,0.9540351220120851,0.5461068175484208],""reports_before"":[5,2,4],""reports_after"":[4,0,4],""candidate_evaluations"":13}",0.7999999999999999,"[0.8,0.8,0.8,0.8,0.8,0.8]",uniform,1.0,null,"[{""round"":0,""mask_before"":[2,4,5],""mask_candidate"":[2,4,5],""objective_before"":0.3399568481325883,""accepted"":false,""reason"":""fixed_point""}]","{""0"":[[4,5],[5,4],[5,3],[5,2],[2,5],[4,3]],""1"":[[5,3],[4,3]],""2"":[[2,0],[2,4],[4,2],[2,3],[4,0],[5,2]]}","{""0"":[[4,5],[5,4],[5,3],[5,2],[2,5],[4,3]],""1"":[[5,3],[4,3]],""2"":[[2,0],[2,4],[4,2],[2,3],[4,0],[5,2]]}","[3,3,2]"
30,tpuic_serial_redundancy,0.0,0.05555555555555555,0.08234167403667636,0.1849017749796326,0.07103823179577413,0.158746876194017,0.22651872543885765,6,15,15,37.15624123458355,0.9777298048729695,37.664827250633365,0.9995034195354577,"[[4.640230470909054e-05,0.0009279444432770405,4.793570010835339e-05],[0.00011189572875791945,0.0006881332954545083,0.00017802011400223423],[4.254796953080974e-05,0.002216222162975001,6.586340331509516e-05],[0.00014091056954802965,0.0001506345974264139,0.00014262438112176497],[0.0002081050783095719,0.028868088592981123,0.00022901035994590672],[0.00037665131292812746,0.013264459910690909,0.0003940878204749115]]","[[0.9967325625136978,0.8110543112439329,0.9907154332508442],[0.9949330741799867,0.9765128378707562,0.760146324696937],[0.9900147243715813,0.8730660305969523,0.9355728402491286],[0.9981179509221152,0.9955297028472545,0.9799785122434459],[0.7847982901109373,0.7592440457022437,0.9789467718751829],[0.9989400860756418,0.705688051210012,0.9590334457171071]]","[[5.081763886332858e-05,0.00025837814715972643,5.240629601274224e-05],[0.00010142350120449138,0.0007330906984953943,0.00015511298265980346],[2.995791470548682e-05,0.002229914843149881,6.203478229267333e-05],[9.268974894554032e-05,0.00010273793746329767,9.41499819834876e-05],[0.0002875695616627714,0.04948214615737164,0.00031603513668487717],[0.00018896718821423425,0.00776623864500048,0.00021450268676519532]]","[[0.9999087545106291,0.9976160065248967,0.9998642566391367],[0.9998914906247409,0.999465900214583,0.9999219752706571],[0.9992249083869783,0.9990282148599813,0.9995409388563326],[0.9999967689251728,0.9999511801763593,0.9999442802723129],[0.9975477632653833,0.9950925585337862,0.9996630869692548],[0.9992499296838888,0.9986529486946883,0.9993405771356739]]",0,0,serial,0.0,False,True,1.0,c2f,max_in_rate,False,predicted,predicted_risk,5,"[{""round"":0,""remove_target"":1,""remove_link"":[4,0],""add_target"":0,""add_link"":[5,2],""worst_pd_before"":0.05577366238079707,""worst_pd_after"":0.05891058689549581,""service_before"":0.3712659523167144,""service_after"":0.37413150989857547},{""round"":1,""remove_target"":0,""remove_link"":[2,1],""add_target"":0,""add_link"":[5,0],""worst_pd_before"":0.05891058689549581,""worst_pd_after"":0.06318007577224054,""service_before"":0.37413150989857547,""service_after"":0.38158864957846383},{""round"":2,""remove_target"":0,""remove_link"":[4,1],""add_target"":1,""add_link"":[4,0],""worst_pd_before"":0.06318007577224054,""worst_pd_after"":0.06345144270507823,""service_before"":0.38158864957846383,""service_after"":0.3812956225314167},{""round"":3,""remove_target"":2,""remove_link"":[2,1],""add_target"":0,""add_link"":[4,2],""worst_pd_before"":0.06345144270507823,""worst_pd_after"":0.06345144270507823,""service_before"":0.3812956225314167,""service_after"":0.3842083762976663},{""round"":4,""remove_target"":0,""remove_link"":[5,1],""add_target"":0,""add_link"":[4,0],""worst_pd_before"":0.06345144270507823,""worst_pd_after"":0.06345144270507823,""service_before"":0.3842083762976663,""service_after"":0.3855720561805843}]",0,[],"{""before"":[0.07103823179577413,0.06345144270507823,0.25108238167973196],""after"":[0.07103823179577413,0.08792618424104899,0.25108238167973196],""reports_before"":[2,5,3],""reports_after"":[2,3,2],""candidate_evaluations"":15}",0.7999999999999999,"[0.8,0.8,0.8,0.8,0.8,0.8]",uniform,1.0,null,[],"{""0"":[[5,2],[5,0],[4,2],[4,0]],""1"":[[5,1],[4,1],[2,1],[5,0],[5,2],[4,0]],""2"":[[2,0],[4,0],[4,2],[5,0],[5,2]]}","{""0"":[[5,2],[5,0],[4,2],[4,0]],""1"":[[5,1],[4,1],[2,1],[5,0],[5,2],[4,0]],""2"":[[2,0],[4,0],[4,2],[5,0],[5,2]]}","[2,1,0]"
30,tpuic_joint_redundancy,0.6666666666666666,0.05555555555555555,0.4049260196202021,0.9673486355346274,0.34070809766556687,0.8628486355346274,0.9535431020040788,3,14,14,34.60775458830865,0.9912889729305628,35.993399847302356,0.9997422500528101,"[[3.438799175225095e-05,0.0007398274855783121,3.4569640428717674e-05],[0.0002127061770441953,0.001273423650262321,0.00032207495103393514],[0.00039691702963206275,0.05057117888920385,0.00039634375182118025],[9.716030569307179e-05,9.855916073865949e-05,9.761678475474594e-05],[0.0002466157759000852,0.003543371405566266,0.00024794939629908737],[0.0003719564832341122,0.0092637940525772,0.0003739435516649801]]","[[0.9957573054007283,0.6710153981031519,0.9940242760898008],[0.9996541997538189,0.9668906708110178,0.6686923812509408],[0.9901300323222555,0.733174003320476,0.9924479135388702],[0.9986186282730157,0.9973645407558815,0.9727967464939272],[0.7454028351391918,0.9238238777672207,0.9980841034098058],[0.9994183390854606,0.6601682990414108,0.997392353035658]]","[[2.8603086764384753e-05,0.00041742204730483234,2.860698501810057e-05],[0.00040152458280195795,0.0014759746623695632,0.0005078768504480682],[0.00017524029625132947,0.06287853879914043,0.00017586233669304965],[7.096455074995063e-05,7.334730663715471e-05,7.138935682990214e-05],[4.4104362175966135e-05,0.0033587743980503,4.5818699248635496e-05],[0.0003598712821450629,0.008678038734441935,0.0003609095691500897]]","[[0.9999305990675178,0.9979359171414383,0.9998777307262469],[0.9999404492094689,0.999373755345163,0.9999176504393044],[0.9997417230626167,0.999506815419214,0.9996709780222961],[0.9999505092326987,0.9999618384790351,0.999943512668557],[0.9975344262903878,0.9947703737460739,0.9998793122714708],[0.9991696664567512,0.9990629199280351,0.9997427770430037]]",1,0,fixed_point,0.0,False,True,1.0,c2f,max_in_rate,False,predicted,predicted_risk,0,[],0,[],"{""before"":[0.34070809766556687,0.9543761113262348,0.5471792195463518],""after"":[0.34070809766556687,0.9543761113262348,0.5471792195463518],""reports_before"":[5,2,4],""reports_after"":[4,0,4],""candidate_evaluations"":13}",0.7999999999999999,"[0.8,0.8,0.8,0.8,0.8,0.8]",uniform,1.0,null,"[{""round"":0,""mask_before"":[2,4,5],""mask_candidate"":[2,4,5],""objective_before"":0.34070809766556687,""accepted"":false,""reason"":""fixed_point""}]","{""0"":[[4,5],[5,4],[5,3],[5,2],[2,5],[4,3]],""1"":[[5,3],[4,3]],""2"":[[2,0],[2,4],[4,2],[2,3],[4,0],[5,2]]}","{""0"":[[4,5],[5,4],[5,3],[5,2],[2,5],[4,3]],""1"":[[5,3],[4,3]],""2"":[[2,0],[2,4],[4,2],[2,3],[4,0],[5,2]]}","[3,3,2]"
30,tpuic_serial_combined,0.0,0.05555555555555555,0.08226755085223121,0.1849017749796326,0.07097831133661026,0.158746876194017,0.22651872543885765,6,15,15,37.15624123458355,0.9777298048729695,37.664827250633365,0.9995034195354577,"[[4.640230470909054e-05,0.0009279444432770405,4.793570010835339e-05],[0.00011189572875791945,0.0006881332954545083,0.00017802011400223423],[4.254796953080974e-05,0.002216222162975001,6.586340331509516e-05],[0.00014091056954802965,0.0001506345974264139,0.00014262438112176497],[0.0002081050783095719,0.028868088592981123,0.00022901035994590672],[0.00037665131292812746,0.013264459910690909,0.0003940878204749115]]","[[0.9967325625136978,0.8110543112439329,0.9907154332508442],[0.9949330741799867,0.9765128378707562,0.760146324696937],[0.9900147243715813,0.8730660305969523,0.9355728402491286],[0.9981179509221152,0.9955297028472545,0.9799785122434459],[0.7847982901109373,0.7592440457022437,0.9789467718751829],[0.9989400860756418,0.705688051210012,0.9590334457171071]]","[[5.081763886332858e-05,0.00025837814715972643,5.240629601274224e-05],[0.00010142350120449138,0.0007330906984953943,0.00015511298265980346],[2.995791470548682e-05,0.002229914843149881,6.203478229267333e-05],[9.268974894554032e-05,0.00010273793746329767,9.41499819834876e-05],[0.0002875695616627714,0.04948214615737164,0.00031603513668487717],[0.00018896718821423425,0.00776623864500048,0.00021450268676519532]]","[[0.9999087545106291,0.9976160065248967,0.9998642566391367],[0.9998914906247409,0.999465900214583,0.9999219752706571],[0.9992249083869783,0.9990282148599813,0.9995409388563326],[0.9999967689251728,0.9999511801763593,0.9999442802723129],[0.9975477632653833,0.9950925585337862,0.9996630869692548],[0.9992499296838888,0.9986529486946883,0.9993405771356739]]",0,0,serial,0.0,True,True,1.0,c2f,max_in_rate,False,predicted,predicted_risk,5,"[{""round"":0,""remove_target"":1,""remove_link"":[4,0],""add_target"":0,""add_link"":[5,2],""worst_pd_before"":0.05575969747600139,""worst_pd_after"":0.05886857114683783,""service_before"":0.3706430084279231,""service_after"":0.37348092779244435},{""round"":1,""remove_target"":0,""remove_link"":[2,1],""add_target"":0,""add_link"":[5,0],""worst_pd_before"":0.05886857114683783,""worst_pd_after"":0.06315657917993917,""service_before"":0.37348092779244435,""service_after"":0.38092664738019216},{""round"":2,""remove_target"":0,""remove_link"":[4,1],""add_target"":1,""add_link"":[4,0],""worst_pd_before"":0.06315657917993917,""worst_pd_after"":0.0634275334862543,""service_before"":0.38092664738019216,""service_after"":0.3806336928715872},{""round"":3,""remove_target"":2,""remove_link"":[2,1],""add_target"":0,""add_link"":[4,2],""worst_pd_before"":0.0634275334862543,""worst_pd_after"":0.0634275334862543,""service_before"":0.3806336928715872,""service_after"":0.38354448118403656},{""round"":4,""remove_target"":0,""remove_link"":[5,1],""add_target"":0,""add_link"":[4,0],""worst_pd_before"":0.0634275334862543,""worst_pd_after"":0.0634275334862543,""service_before"":0.38354448118403656,""service_after"":0.3849066647506373}]",0,[],"{""before"":[0.07097831133661026,0.0634275334862543,0.25050081992777273],""after"":[0.07097831133661026,0.08784231316343231,0.25050081992777273],""reports_before"":[2,5,3],""reports_after"":[2,3,2],""candidate_evaluations"":15}",0.7999999999999999,"[0.8,0.8,0.8,0.8,0.8,0.8]",uniform,1.0,null,[],"{""0"":[[5,2],[5,0],[4,2],[4,0]],""1"":[[5,1],[4,1],[2,1],[5,0],[5,2],[4,0]],""2"":[[2,0],[4,0],[4,2],[5,0],[5,2]]}","{""0"":[[5,2],[5,0],[4,2],[4,0]],""1"":[[5,1],[4,1],[2,1],[5,0],[5,2],[4,0]],""2"":[[2,0],[4,0],[4,2],[5,0],[5,2]]}","[2,1,0]"
30,tpuic_joint_combined,0.6666666666666666,0.05555555555555555,0.4040675298874304,0.9673486355346274,0.3399568481325883,0.8628486355346274,0.9535431020040788,3,14,14,34.60775458830865,0.9912889729305628,35.993399847302356,0.9997422500528101,"[[3.438799175225095e-05,0.0007398274855783121,3.4569640428717674e-05],[0.0002127061770441953,0.001273423650262321,0.00032207495103393514],[0.00039691702963206275,0.05057117888920385,0.00039634375182118025],[9.716030569307179e-05,9.855916073865949e-05,9.761678475474594e-05],[0.0002466157759000852,0.003543371405566266,0.00024794939629908737],[0.0003719564832341122,0.0092637940525772,0.0003739435516649801]]","[[0.9957573054007283,0.6710153981031519,0.9940242760898008],[0.9996541997538189,0.9668906708110178,0.6686923812509408],[0.9901300323222555,0.733174003320476,0.9924479135388702],[0.9986186282730157,0.9973645407558815,0.9727967464939272],[0.7454028351391918,0.9238238777672207,0.9980841034098058],[0.9994183390854606,0.6601682990414108,0.997392353035658]]","[[2.8603086764384753e-05,0.00041742204730483234,2.860698501810057e-05],[0.00040152458280195795,0.0014759746623695632,0.0005078768504480682],[0.00017524029625132947,0.06287853879914043,0.00017586233669304965],[7.096455074995063e-05,7.334730663715471e-05,7.138935682990214e-05],[4.4104362175966135e-05,0.0033587743980503,4.5818699248635496e-05],[0.0003598712821450629,0.008678038734441935,0.0003609095691500897]]","[[0.9999305990675178,0.9979359171414383,0.9998777307262469],[0.9999404492094689,0.999373755345163,0.9999176504393044],[0.9997417230626167,0.999506815419214,0.9996709780222961],[0.9999505092326987,0.9999618384790351,0.999943512668557],[0.9975344262903878,0.9947703737460739,0.9998793122714708],[0.9991696664567512,0.9990629199280351,0.9997427770430037]]",1,0,fixed_point,0.0,True,True,1.0,c2f,max_in_rate,False,predicted,predicted_risk,0,[],0,[],"{""before"":[0.3399568481325883,0.9540351220120851,0.5461068175484208],""after"":[0.3399568481325883,0.9540351220120851,0.5461068175484208],""reports_before"":[5,2,4],""reports_after"":[4,0,4],""candidate_evaluations"":13}",0.7999999999999999,"[0.8,0.8,0.8,0.8,0.8,0.8]",uniform,1.0,null,"[{""round"":0,""mask_before"":[2,4,5],""mask_candidate"":[2,4,5],""objective_before"":0.3399568481325883,""accepted"":false,""reason"":""fixed_point""}]","{""0"":[[4,5],[5,4],[5,3],[5,2],[2,5],[4,3]],""1"":[[5,3],[4,3]],""2"":[[2,0],[2,4],[4,2],[2,3],[4,0],[5,2]]}","{""0"":[[4,5],[5,4],[5,3],[5,2],[2,5],[4,3]],""1"":[[5,3],[4,3]],""2"":[[2,0],[2,4],[4,2],[2,3],[4,0],[5,2]]}","[3,3,2]"
31,constant_serial_baseline,0.0,0.011111111111111112,0.04754102515856766,0.04489267903782719,0.04279743512196149,0.04024728231518426,0.04178254156477601,6,18,18,0.0,1.0,0.0,1.0,null,null,null,null,0,0,serial,0.0,False,False,1.0,c2f,max_in_rate,False,predicted,predicted_risk,3,"[{""round"":0,""remove_target"":0,""remove_link"":[0,4],""add_target"":0,""add_link"":[3,2],""worst_pd_before"":0.038573723091550605,""worst_pd_after"":0.04008605581478938,""service_before"":0.12118857391559931,""service_after"":0.12541217744967623},{""round"":1,""remove_target"":2,""remove_link"":[0,4],""add_target"":2,""add_link"":[3,1],""worst_pd_before"":0.04008605581478938,""worst_pd_after"":0.04252879500925933,""service_before"":0.12541217744967623,""service_after"":0.12849264828901105},{""round"":2,""remove_target"":1,""remove_link"":[3,4],""add_target"":1,""add_link"":[2,1],""worst_pd_before"":0.04252879500925933,""worst_pd_after"":0.042797326625627505,""service_before"":0.12849264828901105,""service_after"":0.12908297656549017}]",0,[],"{""before"":[0.042797326625627505,0.04311912328573846,0.04316652665412421],""after"":[0.04279743512196149,0.04311923910490503,0.043166612611566575],""reports_before"":[4,4,4],""reports_after"":[6,6,6],""candidate_evaluations"":15}",0.7999999999999999,"[0.8,0.8,0.8,0.8,0.8,0.8]",uniform,nan,null,[],"{""0"":[[3,4],[2,4],[0,2],[0,1],[3,1],[3,2]],""1"":[[2,4],[0,4],[3,2],[3,1],[0,2],[2,1]],""2"":[[0,2],[3,4],[2,4],[0,1],[3,2],[3,1]]}","{""0"":[[3,4],[2,4],[0,2],[0,1],[3,1],[3,2]],""1"":[[2,4],[0,4],[3,2],[3,1],[0,2],[2,1]],""2"":[[0,2],[3,4],[2,4],[0,1],[3,2],[3,1]]}","[5,5,3]"
31,constant_joint_baseline,0.0,0.022222222222222223,0.04902603160124921,0.04824901189405199,0.04414327296389829,0.043317535310179144,0.04711455688693341,3,18,17,0.0,1.0,0.0,1.0,null,null,null,null,1,0,fixed_point,0.0,False,False,1.0,c2f,max_in_rate,False,predicted,predicted_risk,2,"[{""round"":0,""remove_target"":1,""remove_link"":[3,2],""add_target"":1,""add_link"":[2,0],""worst_pd_before"":0.04383710796543729,""worst_pd_after"":0.04388291077615947,""service_before"":0.1327789144328366,""service_after"":0.1328247172435588},{""round"":1,""remove_target"":1,""remove_link"":[3,0],""add_target"":1,""add_link"":[3,4],""worst_pd_before"":0.04388291077615947,""worst_pd_after"":0.04414327296389829,""service_before"":0.1328247172435588,""service_after"":0.1330850794312976}]",0,[],"{""before"":[0.044370450807521326,0.04414327296389829,0.044571355659877986],""after"":[0.044370450807521326,0.04414327296389829,0.044571355659877986],""reports_before"":[5,5,5],""reports_after"":[4,4,4],""candidate_evaluations"":12}",0.7999999999999999,"[0.8,0.8,0.8,0.8,0.8,0.8]",uniform,nan,null,"[{""round"":0,""mask_before"":[0,2,3],""mask_candidate"":[0,2,3],""objective_before"":0.04414327296389829,""accepted"":false,""reason"":""fixed_point""}]","{""0"":[[0,4],[0,2],[3,0],[2,0],[0,3],[0,5]],""1"":[[2,3],[0,3],[3,5],[0,2],[2,0],[3,4]],""2"":[[3,0],[0,2],[2,0],[0,3],[0,4],[0,5]]}","{""0"":[[0,4],[0,2],[3,0],[2,0],[0,3],[0,5]],""1"":[[2,3],[0,3],[3,5],[0,2],[2,0],[3,4]],""2"":[[3,0],[0,2],[2,0],[0,3],[0,5]]}","[0,3,0]"
31,constant_serial_capture,0.0,0.011111111111111112,0.04754158050421454,0.04489267903782719,0.04279791870207875,0.04024728231518426,0.04178254156477601,6,18,18,0.0,1.0,0.0,1.0,null,null,null,null,0,0,serial,0.0,True,False,1.0,c2f,max_in_rate,False,predicted,predicted_risk,3,"[{""round"":0,""remove_target"":0,""remove_link"":[0,4],""add_target"":0,""add_link"":[3,2],""worst_pd_before"":0.038572460528250405,""worst_pd_after"":0.040086930957870075,""service_before"":0.12118906679310612,""service_after"":0.12541441656659147},{""round"":1,""remove_target"":2,""remove_link"":[0,4],""add_target"":2,""add_link"":[3,1],""worst_pd_before"":0.040086930957870075,""worst_pd_after"":0.04252967530698564,""service_before"":0.12541441656659147,""service_after"":0.12849391101327495},{""round"":2,""remove_target"":1,""remove_link"":[3,4],""add_target"":1,""add_link"":[2,1],""worst_pd_before"":0.04252967530698564,""worst_pd_after"":0.042797810301735746,""service_before"":0.12849391101327495,""service_after"":0.12908408683555794}]",0,[],"{""before"":[0.042797810301735746,0.04311985112926864,0.043166425404553566],""after"":[0.04279791870207875,0.04311996687311237,0.04316651148245586],""reports_before"":[4,4,4],""reports_after"":[6,6,6],""candidate_evaluations"":15}",0.7999999999999999,"[0.8,0.8,0.8,0.8,0.8,0.8]",uniform,nan,null,[],"{""0"":[[3,4],[2,4],[0,2],[0,1],[3,1],[3,2]],""1"":[[2,4],[0,4],[3,2],[3,1],[0,2],[2,1]],""2"":[[0,2],[3,4],[2,4],[0,1],[3,2],[3,1]]}","{""0"":[[3,4],[2,4],[0,2],[0,1],[3,1],[3,2]],""1"":[[2,4],[0,4],[3,2],[3,1],[0,2],[2,1]],""2"":[[0,2],[3,4],[2,4],[0,1],[3,2],[3,1]]}","[5,5,3]"
31,constant_joint_capture,0.0,0.022222222222222223,0.04902597707476403,0.04824901189405199,0.04414334522356672,0.043317535310179144,0.04711455688693341,3,18,17,0.0,1.0,0.0,1.0,null,null,null,null,1,0,fixed_point,0.0,True,False,1.0,c2f,max_in_rate,False,predicted,predicted_risk,2,"[{""round"":0,""remove_target"":1,""remove_link"":[3,2],""add_target"":1,""add_link"":[2,0],""worst_pd_before"":0.04383666593706602,""worst_pd_after"":0.043883546164749536,""service_before"":0.1327758027065052,""service_after"":0.13282268293418872},{""round"":1,""remove_target"":1,""remove_link"":[3,0],""add_target"":1,""add_link"":[3,4],""worst_pd_before"":0.043883546164749536,""worst_pd_after"":0.04414334522356672,""service_before"":0.13282268293418872,""service_after"":0.1330824819930059}]",0,[],"{""before"":[0.04436933870558785,0.04414334522356672,0.04456979806385133],""after"":[0.04436933870558785,0.04414334522356672,0.04456979806385133],""reports_before"":[5,5,5],""reports_after"":[4,4,4],""candidate_evaluations"":12}",0.7999999999999999,"[0.8,0.8,0.8,0.8,0.8,0.8]",uniform,nan,null,"[{""round"":0,""mask_before"":[0,2,3],""mask_candidate"":[0,2,3],""objective_before"":0.04414334522356672,""accepted"":false,""reason"":""fixed_point""}]","{""0"":[[0,4],[0,2],[3,0],[2,0],[0,3],[0,5]],""1"":[[2,3],[0,3],[3,5],[0,2],[2,0],[3,4]],""2"":[[3,0],[0,2],[2,0],[0,3],[0,4],[0,5]]}","{""0"":[[0,4],[0,2],[3,0],[2,0],[0,3],[0,5]],""1"":[[2,3],[0,3],[3,5],[0,2],[2,0],[3,4]],""2"":[[3,0],[0,2],[2,0],[0,3],[0,5]]}","[0,3,0]"
31,constant_serial_redundancy,0.0,0.011111111111111112,0.04754102515856766,0.04489267903782719,0.04279743512196149,0.04024728231518426,0.04178254156477601,6,18,18,0.0,1.0,0.0,1.0,null,null,null,null,0,0,serial,0.0,False,True,1.0,c2f,max_in_rate,False,predicted,predicted_risk,3,"[{""round"":0,""remove_target"":0,""remove_link"":[0,4],""add_target"":0,""add_link"":[3,2],""worst_pd_before"":0.038573723091550605,""worst_pd_after"":0.04008605581478938,""service_before"":0.12118857391559931,""service_after"":0.12541217744967623},{""round"":1,""remove_target"":2,""remove_link"":[0,4],""add_target"":2,""add_link"":[3,1],""worst_pd_before"":0.04008605581478938,""worst_pd_after"":0.04252879500925933,""service_before"":0.12541217744967623,""service_after"":0.12849264828901105},{""round"":2,""remove_target"":1,""remove_link"":[3,4],""add_target"":1,""add_link"":[2,1],""worst_pd_before"":0.04252879500925933,""worst_pd_after"":0.042797326625627505,""service_before"":0.12849264828901105,""service_after"":0.12908297656549017}]",0,[],"{""before"":[0.042797326625627505,0.04311912328573846,0.04316652665412421],""after"":[0.04279743512196149,0.04311923910490503,0.043166612611566575],""reports_before"":[4,4,4],""reports_after"":[6,6,6],""candidate_evaluations"":15}",0.7999999999999999,"[0.8,0.8,0.8,0.8,0.8,0.8]",uniform,nan,null,[],"{""0"":[[3,4],[2,4],[0,2],[0,1],[3,1],[3,2]],""1"":[[2,4],[0,4],[3,2],[3,1],[0,2],[2,1]],""2"":[[0,2],[3,4],[2,4],[0,1],[3,2],[3,1]]}","{""0"":[[3,4],[2,4],[0,2],[0,1],[3,1],[3,2]],""1"":[[2,4],[0,4],[3,2],[3,1],[0,2],[2,1]],""2"":[[0,2],[3,4],[2,4],[0,1],[3,2],[3,1]]}","[5,5,3]"
31,constant_joint_redundancy,0.0,0.022222222222222223,0.04902603160124921,0.04824901189405199,0.04414327296389829,0.043317535310179144,0.04711455688693341,3,18,17,0.0,1.0,0.0,1.0,null,null,null,null,1,0,fixed_point,0.0,False,True,1.0,c2f,max_in_rate,False,predicted,predicted_risk,2,"[{""round"":0,""remove_target"":1,""remove_link"":[3,2],""add_target"":1,""add_link"":[2,0],""worst_pd_before"":0.04383710796543729,""worst_pd_after"":0.04388291077615947,""service_before"":0.1327789144328366,""service_after"":0.1328247172435588},{""round"":1,""remove_target"":1,""remove_link"":[3,0],""add_target"":1,""add_link"":[3,4],""worst_pd_before"":0.04388291077615947,""worst_pd_after"":0.04414327296389829,""service_before"":0.1328247172435588,""service_after"":0.1330850794312976}]",0,[],"{""before"":[0.044370450807521326,0.04414327296389829,0.044571355659877986],""after"":[0.044370450807521326,0.04414327296389829,0.044571355659877986],""reports_before"":[5,5,5],""reports_after"":[4,4,4],""candidate_evaluations"":12}",0.7999999999999999,"[0.8,0.8,0.8,0.8,0.8,0.8]",uniform,nan,null,"[{""round"":0,""mask_before"":[0,2,3],""mask_candidate"":[0,2,3],""objective_before"":0.04414327296389829,""accepted"":false,""reason"":""fixed_point""}]","{""0"":[[0,4],[0,2],[3,0],[2,0],[0,3],[0,5]],""1"":[[2,3],[0,3],[3,5],[0,2],[2,0],[3,4]],""2"":[[3,0],[0,2],[2,0],[0,3],[0,4],[0,5]]}","{""0"":[[0,4],[0,2],[3,0],[2,0],[0,3],[0,5]],""1"":[[2,3],[0,3],[3,5],[0,2],[2,0],[3,4]],""2"":[[3,0],[0,2],[2,0],[0,3],[0,5]]}","[0,3,0]"
31,constant_serial_combined,0.0,0.011111111111111112,0.04754158050421454,0.04489267903782719,0.04279791870207875,0.04024728231518426,0.04178254156477601,6,18,18,0.0,1.0,0.0,1.0,null,null,null,null,0,0,serial,0.0,True,True,1.0,c2f,max_in_rate,False,predicted,predicted_risk,3,"[{""round"":0,""remove_target"":0,""remove_link"":[0,4],""add_target"":0,""add_link"":[3,2],""worst_pd_before"":0.038572460528250405,""worst_pd_after"":0.040086930957870075,""service_before"":0.12118906679310612,""service_after"":0.12541441656659147},{""round"":1,""remove_target"":2,""remove_link"":[0,4],""add_target"":2,""add_link"":[3,1],""worst_pd_before"":0.040086930957870075,""worst_pd_after"":0.04252967530698564,""service_before"":0.12541441656659147,""service_after"":0.12849391101327495},{""round"":2,""remove_target"":1,""remove_link"":[3,4],""add_target"":1,""add_link"":[2,1],""worst_pd_before"":0.04252967530698564,""worst_pd_after"":0.042797810301735746,""service_before"":0.12849391101327495,""service_after"":0.12908408683555794}]",0,[],"{""before"":[0.042797810301735746,0.04311985112926864,0.043166425404553566],""after"":[0.04279791870207875,0.04311996687311237,0.04316651148245586],""reports_before"":[4,4,4],""reports_after"":[6,6,6],""candidate_evaluations"":15}",0.7999999999999999,"[0.8,0.8,0.8,0.8,0.8,0.8]",uniform,nan,null,[],"{""0"":[[3,4],[2,4],[0,2],[0,1],[3,1],[3,2]],""1"":[[2,4],[0,4],[3,2],[3,1],[0,2],[2,1]],""2"":[[0,2],[3,4],[2,4],[0,1],[3,2],[3,1]]}","{""0"":[[3,4],[2,4],[0,2],[0,1],[3,1],[3,2]],""1"":[[2,4],[0,4],[3,2],[3,1],[0,2],[2,1]],""2"":[[0,2],[3,4],[2,4],[0,1],[3,2],[3,1]]}","[5,5,3]"
31,constant_joint_combined,0.0,0.022222222222222223,0.04902597707476403,0.04824901189405199,0.04414334522356672,0.043317535310179144,0.04711455688693341,3,18,17,0.0,1.0,0.0,1.0,null,null,null,null,1,0,fixed_point,0.0,True,True,1.0,c2f,max_in_rate,False,predicted,predicted_risk,2,"[{""round"":0,""remove_target"":1,""remove_link"":[3,2],""add_target"":1,""add_link"":[2,0],""worst_pd_before"":0.04383666593706602,""worst_pd_after"":0.043883546164749536,""service_before"":0.1327758027065052,""service_after"":0.13282268293418872},{""round"":1,""remove_target"":1,""remove_link"":[3,0],""add_target"":1,""add_link"":[3,4],""worst_pd_before"":0.043883546164749536,""worst_pd_after"":0.04414334522356672,""service_before"":0.13282268293418872,""service_after"":0.1330824819930059}]",0,[],"{""before"":[0.04436933870558785,0.04414334522356672,0.04456979806385133],""after"":[0.04436933870558785,0.04414334522356672,0.04456979806385133],""reports_before"":[5,5,5],""reports_after"":[4,4,4],""candidate_evaluations"":12}",0.7999999999999999,"[0.8,0.8,0.8,0.8,0.8,0.8]",uniform,nan,null,"[{""round"":0,""mask_before"":[0,2,3],""mask_candidate"":[0,2,3],""objective_before"":0.04414334522356672,""accepted"":false,""reason"":""fixed_point""}]","{""0"":[[0,4],[0,2],[3,0],[2,0],[0,3],[0,5]],""1"":[[2,3],[0,3],[3,5],[0,2],[2,0],[3,4]],""2"":[[3,0],[0,2],[2,0],[0,3],[0,4],[0,5]]}","{""0"":[[0,4],[0,2],[3,0],[2,0],[0,3],[0,5]],""1"":[[2,3],[0,3],[3,5],[0,2],[2,0],[3,4]],""2"":[[3,0],[0,2],[2,0],[0,3],[0,5]]}","[0,3,0]"
31,tpuic_serial_baseline,0.3333333333333333,0.06666666666666667,0.16399134354349684,0.13183030468040494,0.07815857545723885,0.07953937471506918,0.5024828418267268,6,18,17,33.5987604269331,0.9789034895243593,34.41015416927385,0.9978849712576255,"[[0.000441542903890881,0.0004232122901021144,0.0017910368483323885],[7.219926541512181e-05,7.49530426657109e-05,8.024151571880285e-05],[0.00035074536358804294,0.00014035830389816004,0.0004317924109841808],[0.00039411098857595496,0.001618561990311839,0.0005416257965344869],[0.0005496685272432163,0.00034462739564452633,0.0006562839870741955],[0.0005974910265484268,0.0006001271383391771,0.0006006229981328185]]","[[0.9934234902124423,0.9922012004505248,0.6905695216172131],[0.9977394409896497,0.9995359018159605,0.8834801709224324],[0.9929702439567022,0.998402590935779,0.5412353719186291],[0.9985568185081029,0.8918955537698345,0.804232657996006],[0.9080847292162932,0.9994005199591539,0.8587004875840738],[0.9992942080299362,0.772779522097114,0.9656057785981939]]","[[0.0002483659586960681,0.00023233283348341095,0.0009632148857119586],[7.058901103843203e-05,7.506284934266634e-05,8.467638813022973e-05],[0.00020487343238781517,9.75633517511524e-05,0.0003587175685947057],[0.0006155888352987626,0.001980555004533051,0.0007244401448068909],[0.00036577710549741014,0.00024368603093095342,0.0006587625574306186],[0.0007991167157541643,0.0008012719045411849,0.0008043000558327181]]","[[0.9978057773864704,0.9988687298135546,0.9979641651287807],[0.9965826844802651,0.9998928594712579,0.999290380942764],[0.9937140248547128,0.9993303434139998,0.7370942740328594],[0.9998949617273766,0.996895968341387,0.8668491967034531],[0.9997074909785685,0.9996804329936866,0.9883260203719028],[0.9993732806635764,0.9943324678118441,0.9968291418221358]]",0,0,serial,33.87541769980453,False,False,1.0,c2f,max_in_rate,False,predicted,predicted_risk,0,[],0,[],"{""before"":[0.7801498055535687,0.07815857545723885,0.7817787530901128],""after"":[0.7801498055535687,0.07815857545723885,0.7817787530901128],""reports_before"":[4,4,3],""reports_after"":[3,4,3],""candidate_evaluations"":15}",0.7999999999999999,"[0.8,0.8,0.8,0.8,0.8,0.8]",uniform,1.0,null,[],"{""0"":[[0,4],[0,1],[0,2],[3,4],[2,4],[3,1]],""1"":[[3,1],[3,2],[3,4],[2,1],[2,4],[0,2]],""2"":[[0,1],[0,4],[3,1],[2,1],[0,2],[3,4]]}","{""0"":[[0,4],[0,1],[0,2],[3,4],[2,4],[3,1]],""1"":[[3,1],[3,2],[3,4],[2,1],[2,4],[0,2]],""2"":[[0,1],[3,1],[2,1],[0,2],[3,4]]}","[4,1,1]"
31,tpuic_joint_baseline,0.3333333333333333,0.044444444444444446,0.24755926943804768,0.194030537024934,0.14305926943804767,0.13230966521119134,0.5515060494711618,3,10,10,34.00041993015965,0.9868117221826156,33.86524060213112,0.9991263149611067,"[[0.00039464924107360797,0.00039484483027149814,0.0007174240925932624],[4.914723788329128e-05,4.908275108124298e-05,5.24919877992107e-05],[0.0004356828134484462,0.00042358689034524197,0.0015019323680437128],[0.0002638581815652081,0.0004013188488396505,0.00027161537819616206],[0.00039253971241412576,0.00036406719959063485,0.0004414293672894406],[0.0004531452690939623,0.000453284000227498,0.00045317279684140054]]","[[0.9983990516895832,0.9880886236563917,0.506841420874751],[0.997261730653584,0.9995219093194869,0.9219860299039923],[0.9896222526597211,0.997497089406875,0.3327799664231258],[0.9996812722147823,0.8145075135402399,0.8381699312662461],[0.9855348207088394,0.9999358108388406,0.8872198571143329],[0.9998988263100808,0.6814393785517485,0.9571949877226616]]","[[0.00040864807444894214,0.00041266954839300354,0.0007163459701728799],[9.019214731210616e-05,9.013975628444096e-05,9.22807518416691e-05],[0.00019768141987246124,0.00017777560287602422,0.001748788004944114],[0.0005432770589712826,0.0006687940071953881,0.0005466710960914761],[0.0002902887773648433,0.00026131804588934573,0.00034636336546181427],[0.0004429555084050995,0.00044314932432262013,0.0004427789482396718]]","[[0.9997502360890296,0.9999471681457047,0.9995842908230875],[0.997576100522753,0.999941793059107,0.9971056442944896],[0.9945335108152209,0.9987274865250511,0.42005737263059334],[0.9998861737924247,0.9976417534821801,0.9369815848847435],[0.999556459880261,0.999857648469831,0.9994596703459064],[0.9992790548853548,0.9989735750368585,0.9975566656560582]]",1,0,fixed_point,27.695989300031215,False,False,1.0,c2f,max_in_rate,False,predicted,predicted_risk,0,[],0,[],"{""before"":[0.98102243531881,0.14305926943804767,0.982103552266246],""after"":[0.98102243531881,0.14305926943804767,0.982103552266246],""reports_before"":[2,5,2],""reports_after"":[1,4,1],""candidate_evaluations"":12}",0.7999999999999999,"[0.8,0.8,0.8,0.8,0.8,0.8]",uniform,1.0,null,"[{""round"":0,""mask_before"":[0,2,3],""mask_candidate"":[0,2,3],""objective_before"":0.14305926943804767,""accepted"":false,""reason"":""fixed_point""}]","{""0"":[[0,4],[2,0]],""1"":[[3,2],[3,0],[3,1],[2,3],[0,3],[3,4]],""2"":[[0,3],[0,1]]}","{""0"":[[0,4],[2,0]],""1"":[[3,2],[3,0],[3,1],[2,3],[0,3],[3,4]],""2"":[[0,3],[0,1]]}","[0,3,3]"
31,tpuic_serial_capture,0.3333333333333333,0.06666666666666667,0.16386983405419106,0.13183030468040494,0.07812163009430065,0.07953937471506918,0.5024828418267268,6,18,17,33.5987604269331,0.9789034895243593,34.41015416927385,0.9978849712576255,"[[0.000441542903890881,0.0004232122901021144,0.0017910368483323885],[7.219926541512181e-05,7.49530426657109e-05,8.024151571880285e-05],[0.00035074536358804294,0.00014035830389816004,0.0004317924109841808],[0.00039411098857595496,0.001618561990311839,0.0005416257965344869],[0.0005496685272432163,0.00034462739564452633,0.0006562839870741955],[0.0005974910265484268,0.0006001271383391771,0.0006006229981328185]]","[[0.9934234902124423,0.9922012004505248,0.6905695216172131],[0.9977394409896497,0.9995359018159605,0.8834801709224324],[0.9929702439567022,0.998402590935779,0.5412353719186291],[0.9985568185081029,0.8918955537698345,0.804232657996006],[0.9080847292162932,0.9994005199591539,0.8587004875840738],[0.9992942080299362,0.772779522097114,0.9656057785981939]]","[[0.0002483659586960681,0.00023233283348341095,0.0009632148857119586],[7.058901103843203e-05,7.506284934266634e-05,8.467638813022973e-05],[0.00020487343238781517,9.75633517511524e-05,0.0003587175685947057],[0.0006155888352987626,0.001980555004533051,0.0007244401448068909],[0.00036577710549741014,0.00024368603093095342,0.0006587625574306186],[0.0007991167157541643,0.0008012719045411849,0.0008043000558327181]]","[[0.9978057773864704,0.9988687298135546,0.9979641651287807],[0.9965826844802651,0.9998928594712579,0.999290380942764],[0.9937140248547128,0.9993303434139998,0.7370942740328594],[0.9998949617273766,0.996895968341387,0.8668491967034531],[0.9997074909785685,0.9996804329936866,0.9883260203719028],[0.9993732806635764,0.9943324678118441,0.9968291418221358]]",0,0,serial,0.0,True,False,1.0,c2f,max_in_rate,False,predicted,predicted_risk,0,[],0,[],"{""before"":[0.7793694830357198,0.07812163009430065,0.7811255656318441],""after"":[0.7793694830357198,0.07812163009430065,0.7811255656318441],""reports_before"":[4,4,3],""reports_after"":[3,4,3],""candidate_evaluations"":15}",0.7999999999999999,"[0.8,0.8,0.8,0.8,0.8,0.8]",uniform,1.0,null,[],"{""0"":[[0,4],[0,1],[0,2],[3,4],[2,4],[3,1]],""1"":[[3,1],[3,2],[3,4],[2,1],[2,4],[0,2]],""2"":[[0,1],[0,4],[3,1],[2,1],[0,2],[3,4]]}","{""0"":[[0,4],[0,1],[0,2],[3,4],[2,4],[3,1]],""1"":[[3,1],[3,2],[3,4],[2,1],[2,4],[0,2]],""2"":[[0,1],[3,1],[2,1],[0,2],[3,4]]}","[4,1,1]"
31,tpuic_joint_capture,0.3333333333333333,0.044444444444444446,0.24743454827526945,0.194030537024934,0.14293454827526944,0.13230966521119134,0.5515060494711618,3,10,10,34.00041993015965,0.9868117221826156,33.86524060213112,0.9991263149611067,"[[0.00039464924107360797,0.00039484483027149814,0.0007174240925932624],[4.914723788329128e-05,4.908275108124298e-05,5.24919877992107e-05],[0.0004356828134484462,0.00042358689034524197,0.0015019323680437128],[0.0002638581815652081,0.0004013188488396505,0.00027161537819616206],[0.00039253971241412576,0.00036406719959063485,0.0004414293672894406],[0.0004531452690939623,0.000453284000227498,0.00045317279684140054]]","[[0.9983990516895832,0.9880886236563917,0.506841420874751],[0.997261730653584,0.9995219093194869,0.9219860299039923],[0.9896222526597211,0.997497089406875,0.3327799664231258],[0.9996812722147823,0.8145075135402399,0.8381699312662461],[0.9855348207088394,0.9999358108388406,0.8872198571143329],[0.9998988263100808,0.6814393785517485,0.9571949877226616]]","[[0.00040864807444894214,0.00041266954839300354,0.0007163459701728799],[9.019214731210616e-05,9.013975628444096e-05,9.22807518416691e-05],[0.00019768141987246124,0.00017777560287602422,0.001748788004944114],[0.0005432770589712826,0.0006687940071953881,0.0005466710960914761],[0.0002902887773648433,0.00026131804588934573,0.00034636336546181427],[0.0004429555084050995,0.00044314932432262013,0.0004427789482396718]]","[[0.9997502360890296,0.9999471681457047,0.9995842908230875],[0.997576100522753,0.999941793059107,0.9971056442944896],[0.9945335108152209,0.9987274865250511,0.42005737263059334],[0.9998861737924247,0.9976417534821801,0.9369815848847435],[0.999556459880261,0.999857648469831,0.9994596703459064],[0.9992790548853548,0.9989735750368585,0.9975566656560582]]",1,0,fixed_point,0.0,True,False,1.0,c2f,max_in_rate,False,predicted,predicted_risk,0,[],0,[],"{""before"":[0.9808942145159416,0.14293454827526944,0.9819750507236169],""after"":[0.9808942145159416,0.14293454827526944,0.9819750507236169],""reports_before"":[2,5,2],""reports_after"":[1,4,1],""candidate_evaluations"":12}",0.7999999999999999,"[0.8,0.8,0.8,0.8,0.8,0.8]",uniform,1.0,null,"[{""round"":0,""mask_before"":[0,2,3],""mask_candidate"":[0,2,3],""objective_before"":0.14293454827526944,""accepted"":false,""reason"":""fixed_point""}]","{""0"":[[0,4],[2,0]],""1"":[[3,2],[3,0],[3,1],[2,3],[0,3],[3,4]],""2"":[[0,3],[0,1]]}","{""0"":[[0,4],[2,0]],""1"":[[3,2],[3,0],[3,1],[2,3],[0,3],[3,4]],""2"":[[0,3],[0,1]]}","[0,3,3]"
31,tpuic_serial_redundancy,0.3333333333333333,0.06666666666666667,0.16399134354349684,0.13183030468040494,0.07815857545723885,0.07953937471506918,0.5024828418267268,6,18,17,33.5987604269331,0.9789034895243593,34.41015416927385,0.9978849712576255,"[[0.000441542903890881,0.0004232122901021144,0.0017910368483323885],[7.219926541512181e-05,7.49530426657109e-05,8.024151571880285e-05],[0.00035074536358804294,0.00014035830389816004,0.0004317924109841808],[0.00039411098857595496,0.001618561990311839,0.0005416257965344869],[0.0005496685272432163,0.00034462739564452633,0.0006562839870741955],[0.0005974910265484268,0.0006001271383391771,0.0006006229981328185]]","[[0.9934234902124423,0.9922012004505248,0.6905695216172131],[0.9977394409896497,0.9995359018159605,0.8834801709224324],[0.9929702439567022,0.998402590935779,0.5412353719186291],[0.9985568185081029,0.8918955537698345,0.804232657996006],[0.9080847292162932,0.9994005199591539,0.8587004875840738],[0.9992942080299362,0.772779522097114,0.9656057785981939]]","[[0.0002483659586960681,0.00023233283348341095,0.0009632148857119586],[7.058901103843203e-05,7.506284934266634e-05,8.467638813022973e-05],[0.00020487343238781517,9.75633517511524e-05,0.0003587175685947057],[0.0006155888352987626,0.001980555004533051,0.0007244401448068909],[0.00036577710549741014,0.00024368603093095342,0.0006587625574306186],[0.0007991167157541643,0.0008012719045411849,0.0008043000558327181]]","[[0.9978057773864704,0.9988687298135546,0.9979641651287807],[0.9965826844802651,0.9998928594712579,0.999290380942764],[0.9937140248547128,0.9993303434139998,0.7370942740328594],[0.9998949617273766,0.996895968341387,0.8668491967034531],[0.9997074909785685,0.9996804329936866,0.9883260203719028],[0.9993732806635764,0.9943324678118441,0.9968291418221358]]",0,0,serial,0.0,False,True,1.0,c2f,max_in_rate,False,predicted,predicted_risk,0,[],0,[],"{""before"":[0.7801498055535687,0.07815857545723885,0.7817787530901128],""after"":[0.7801498055535687,0.07815857545723885,0.7817787530901128],""reports_before"":[4,4,3],""reports_after"":[3,4,3],""candidate_evaluations"":15}",0.7999999999999999,"[0.8,0.8,0.8,0.8,0.8,0.8]",uniform,1.0,null,[],"{""0"":[[0,4],[0,1],[0,2],[3,4],[2,4],[3,1]],""1"":[[3,1],[3,2],[3,4],[2,1],[2,4],[0,2]],""2"":[[0,1],[0,4],[3,1],[2,1],[0,2],[3,4]]}","{""0"":[[0,4],[0,1],[0,2],[3,4],[2,4],[3,1]],""1"":[[3,1],[3,2],[3,4],[2,1],[2,4],[0,2]],""2"":[[0,1],[3,1],[2,1],[0,2],[3,4]]}","[4,1,1]"
31,tpuic_joint_redundancy,0.3333333333333333,0.044444444444444446,0.24755926943804768,0.194030537024934,0.14305926943804767,0.13230966521119134,0.5515060494711618,3,10,10,34.00041993015965,0.9868117221826156,33.86524060213112,0.9991263149611067,"[[0.00039464924107360797,0.00039484483027149814,0.0007174240925932624],[4.914723788329128e-05,4.908275108124298e-05,5.24919877992107e-05],[0.0004356828134484462,0.00042358689034524197,0.0015019323680437128],[0.0002638581815652081,0.0004013188488396505,0.00027161537819616206],[0.00039253971241412576,0.00036406719959063485,0.0004414293672894406],[0.0004531452690939623,0.000453284000227498,0.00045317279684140054]]","[[0.9983990516895832,0.9880886236563917,0.506841420874751],[0.997261730653584,0.9995219093194869,0.9219860299039923],[0.9896222526597211,0.997497089406875,0.3327799664231258],[0.9996812722147823,0.8145075135402399,0.8381699312662461],[0.9855348207088394,0.9999358108388406,0.8872198571143329],[0.9998988263100808,0.6814393785517485,0.9571949877226616]]","[[0.00040864807444894214,0.00041266954839300354,0.0007163459701728799],[9.019214731210616e-05,9.013975628444096e-05,9.22807518416691e-05],[0.00019768141987246124,0.00017777560287602422,0.001748788004944114],[0.0005432770589712826,0.0006687940071953881,0.0005466710960914761],[0.0002902887773648433,0.00026131804588934573,0.00034636336546181427],[0.0004429555084050995,0.00044314932432262013,0.0004427789482396718]]","[[0.9997502360890296,0.9999471681457047,0.9995842908230875],[0.997576100522753,0.999941793059107,0.9971056442944896],[0.9945335108152209,0.9987274865250511,0.42005737263059334],[0.9998861737924247,0.9976417534821801,0.9369815848847435],[0.999556459880261,0.999857648469831,0.9994596703459064],[0.9992790548853548,0.9989735750368585,0.9975566656560582]]",1,0,fixed_point,0.0,False,True,1.0,c2f,max_in_rate,False,predicted,predicted_risk,0,[],0,[],"{""before"":[0.98102243531881,0.14305926943804767,0.982103552266246],""after"":[0.98102243531881,0.14305926943804767,0.982103552266246],""reports_before"":[2,5,2],""reports_after"":[1,4,1],""candidate_evaluations"":12}",0.7999999999999999,"[0.8,0.8,0.8,0.8,0.8,0.8]",uniform,1.0,null,"[{""round"":0,""mask_before"":[0,2,3],""mask_candidate"":[0,2,3],""objective_before"":0.14305926943804767,""accepted"":false,""reason"":""fixed_point""}]","{""0"":[[0,4],[2,0]],""1"":[[3,2],[3,0],[3,1],[2,3],[0,3],[3,4]],""2"":[[0,3],[0,1]]}","{""0"":[[0,4],[2,0]],""1"":[[3,2],[3,0],[3,1],[2,3],[0,3],[3,4]],""2"":[[0,3],[0,1]]}","[0,3,3]"
31,tpuic_serial_combined,0.3333333333333333,0.06666666666666667,0.16386983405419106,0.13183030468040494,0.07812163009430065,0.07953937471506918,0.5024828418267268,6,18,17,33.5987604269331,0.9789034895243593,34.41015416927385,0.9978849712576255,"[[0.000441542903890881,0.0004232122901021144,0.0017910368483323885],[7.219926541512181e-05,7.49530426657109e-05,8.024151571880285e-05],[0.00035074536358804294,0.00014035830389816004,0.0004317924109841808],[0.00039411098857595496,0.001618561990311839,0.0005416257965344869],[0.0005496685272432163,0.00034462739564452633,0.0006562839870741955],[0.0005974910265484268,0.0006001271383391771,0.0006006229981328185]]","[[0.9934234902124423,0.9922012004505248,0.6905695216172131],[0.9977394409896497,0.9995359018159605,0.8834801709224324],[0.9929702439567022,0.998402590935779,0.5412353719186291],[0.9985568185081029,0.8918955537698345,0.804232657996006],[0.9080847292162932,0.9994005199591539,0.8587004875840738],[0.9992942080299362,0.772779522097114,0.9656057785981939]]","[[0.0002483659586960681,0.00023233283348341095,0.0009632148857119586],[7.058901103843203e-05,7.506284934266634e-05,8.467638813022973e-05],[0.00020487343238781517,9.75633517511524e-05,0.0003587175685947057],[0.0006155888352987626,0.001980555004533051,0.0007244401448068909],[0.00036577710549741014,0.00024368603093095342,0.0006587625574306186],[0.0007991167157541643,0.0008012719045411849,0.0008043000558327181]]","[[0.9978057773864704,0.9988687298135546,0.9979641651287807],[0.9965826844802651,0.9998928594712579,0.999290380942764],[0.9937140248547128,0.9993303434139998,0.7370942740328594],[0.9998949617273766,0.996895968341387,0.8668491967034531],[0.9997074909785685,0.9996804329936866,0.9883260203719028],[0.9993732806635764,0.9943324678118441,0.9968291418221358]]",0,0,serial,0.0,True,True,1.0,c2f,max_in_rate,False,predicted,predicted_risk,0,[],0,[],"{""before"":[0.7793694830357198,0.07812163009430065,0.7811255656318441],""after"":[0.7793694830357198,0.07812163009430065,0.7811255656318441],""reports_before"":[4,4,3],""reports_after"":[3,4,3],""candidate_evaluations"":15}",0.7999999999999999,"[0.8,0.8,0.8,0.8,0.8,0.8]",uniform,1.0,null,[],"{""0"":[[0,4],[0,1],[0,2],[3,4],[2,4],[3,1]],""1"":[[3,1],[3,2],[3,4],[2,1],[2,4],[0,2]],""2"":[[0,1],[0,4],[3,1],[2,1],[0,2],[3,4]]}","{""0"":[[0,4],[0,1],[0,2],[3,4],[2,4],[3,1]],""1"":[[3,1],[3,2],[3,4],[2,1],[2,4],[0,2]],""2"":[[0,1],[3,1],[2,1],[0,2],[3,4]]}","[4,1,1]"
31,tpuic_joint_combined,0.3333333333333333,0.044444444444444446,0.24743454827526945,0.194030537024934,0.14293454827526944,0.13230966521119134,0.5515060494711618,3,10,10,34.00041993015965,0.9868117221826156,33.86524060213112,0.9991263149611067,"[[0.00039464924107360797,0.00039484483027149814,0.0007174240925932624],[4.914723788329128e-05,4.908275108124298e-05,5.24919877992107e-05],[0.0004356828134484462,0.00042358689034524197,0.0015019323680437128],[0.0002638581815652081,0.0004013188488396505,0.00027161537819616206],[0.00039253971241412576,0.00036406719959063485,0.0004414293672894406],[0.0004531452690939623,0.000453284000227498,0.00045317279684140054]]","[[0.9983990516895832,0.9880886236563917,0.506841420874751],[0.997261730653584,0.9995219093194869,0.9219860299039923],[0.9896222526597211,0.997497089406875,0.3327799664231258],[0.9996812722147823,0.8145075135402399,0.8381699312662461],[0.9855348207088394,0.9999358108388406,0.8872198571143329],[0.9998988263100808,0.6814393785517485,0.9571949877226616]]","[[0.00040864807444894214,0.00041266954839300354,0.0007163459701728799],[9.019214731210616e-05,9.013975628444096e-05,9.22807518416691e-05],[0.00019768141987246124,0.00017777560287602422,0.001748788004944114],[0.0005432770589712826,0.0006687940071953881,0.0005466710960914761],[0.0002902887773648433,0.00026131804588934573,0.00034636336546181427],[0.0004429555084050995,0.00044314932432262013,0.0004427789482396718]]","[[0.9997502360890296,0.9999471681457047,0.9995842908230875],[0.997576100522753,0.999941793059107,0.9971056442944896],[0.9945335108152209,0.9987274865250511,0.42005737263059334],[0.9998861737924247,0.9976417534821801,0.9369815848847435],[0.999556459880261,0.999857648469831,0.9994596703459064],[0.9992790548853548,0.9989735750368585,0.9975566656560582]]",1,0,fixed_point,0.0,True,True,1.0,c2f,max_in_rate,False,predicted,predicted_risk,0,[],0,[],"{""before"":[0.9808942145159416,0.14293454827526944,0.9819750507236169],""after"":[0.9808942145159416,0.14293454827526944,0.9819750507236169],""reports_before"":[2,5,2],""reports_after"":[1,4,1],""candidate_evaluations"":12}",0.7999999999999999,"[0.8,0.8,0.8,0.8,0.8,0.8]",uniform,1.0,null,"[{""round"":0,""mask_before"":[0,2,3],""mask_candidate"":[0,2,3],""objective_before"":0.14293454827526944,""accepted"":false,""reason"":""fixed_point""}]","{""0"":[[0,4],[2,0]],""1"":[[3,2],[3,0],[3,1],[2,3],[0,3],[3,4]],""2"":[[0,3],[0,1]]}","{""0"":[[0,4],[2,0]],""1"":[[3,2],[3,0],[3,1],[2,3],[0,3],[3,4]],""2"":[[0,3],[0,1]]}","[0,3,3]"
32,constant_serial_baseline,0.0,0.011111111111111112,0.0480543814597608,0.047002242425080484,0.043201068698782256,0.04227706909553731,0.04287461772315825,6,17,17,0.0,1.0,0.0,1.0,null,null,null,null,0,0,serial,0.0,False,False,1.0,c2f,max_in_rate,False,predicted,predicted_risk,4,"[{""round"":0,""remove_target"":0,""remove_link"":[5,2],""add_target"":0,""add_link"":[5,3],""worst_pd_before"":0.03935861655008091,""worst_pd_after"":0.042137359751227586,""service_before"":0.12488669637574373,""service_after"":0.12766543957689042},{""round"":1,""remove_target"":2,""remove_link"":[2,3],""add_target"":0,""add_link"":[2,3],""worst_pd_before"":0.042137359751227586,""worst_pd_after"":0.042448520827800686,""service_before"":0.12766543957689042,""service_after"":0.12871394827900276},{""round"":2,""remove_target"":0,""remove_link"":[0,2],""add_target"":2,""add_link"":[5,1],""worst_pd_before"":0.042448520827800686,""worst_pd_after"":0.04318293499410248,""service_before"":0.12871394827900276,""service_after"":0.13009075432190476},{""round"":3,""remove_target"":2,""remove_link"":[0,5],""add_target"":0,""add_link"":[0,5],""worst_pd_before"":0.04318293499410248,""worst_pd_after"":0.04318293499410248,""service_before"":0.13009075432190476,""service_after"":0.136708979375973}]",0,[],"{""before"":[0.043530319836494476,0.04318293499410248,0.04999572454537605],""after"":[0.043533555155247754,0.043201068698782256,0.04999572454537605],""reports_before"":[6,4,5],""reports_after"":[4,5,2],""candidate_evaluations"":12}",0.7999999999999999,"[0.8,0.8,0.8,0.8,0.8,0.8]",uniform,nan,null,[],"{""0"":[[5,0],[2,0],[2,5],[5,3],[2,3],[0,5]],""1"":[[0,2],[5,0],[5,2],[2,0],[0,3],[0,5]],""2"":[[2,4],[2,1],[0,1],[0,4],[5,1]]}","{""0"":[[5,0],[2,0],[2,5],[5,3],[2,3],[0,5]],""1"":[[0,2],[5,0],[5,2],[2,0],[0,3],[0,5]],""2"":[[2,4],[2,1],[0,1],[0,4],[5,1]]}","[3,3,1]"
32,constant_joint_baseline,0.0,0.03333333333333333,0.04806627130560505,0.04842855583768173,0.04323541575672381,0.04355949810576471,0.04446800680929578,3,18,18,0.0,1.0,0.0,1.0,null,null,null,null,1,0,fixed_point,0.0,False,False,1.0,c2f,max_in_rate,False,predicted,predicted_risk,1,"[{""round"":0,""remove_target"":0,""remove_link"":[5,2],""add_target"":0,""add_link"":[0,5],""worst_pd_before"":0.040266773868611064,""worst_pd_after"":0.04229289576293117,""service_before"":0.12629605967855462,""service_after"":0.12915311022625456}]",0,[],"{""before"":[0.043123824416311,0.043736390047012394,0.04229289576293117],""after"":[0.04323541575672381,0.043736390047012394,0.04572165441800047],""reports_before"":[4,5,5],""reports_after"":[6,4,6],""candidate_evaluations"":12}",0.7999999999999999,"[0.8,0.8,0.8,0.8,0.8,0.8]",uniform,nan,null,"[{""round"":0,""mask_before"":[0,2,5],""mask_candidate"":[0,2,5],""objective_before"":0.04323541575672381,""accepted"":false,""reason"":""fixed_point""}]","{""0"":[[0,2],[2,5],[5,0],[2,0],[5,3],[0,5]],""1"":[[0,2],[5,0],[5,2],[0,5],[0,3],[2,0]],""2"":[[5,2],[0,2],[2,0],[5,0],[2,5],[2,3]]}","{""0"":[[0,2],[2,5],[5,0],[2,0],[5,3],[0,5]],""1"":[[0,2],[5,0],[5,2],[0,5],[0,3],[2,0]],""2"":[[5,2],[0,2],[2,0],[5,0],[2,5],[2,3]]}","[4,0,4]"
32,constant_serial_capture,0.0,0.011111111111111112,0.048054207260560804,0.047002242425080484,0.043200859883621275,0.04227706909553731,0.04287461772315825,6,17,17,0.0,1.0,0.0,1.0,null,null,null,null,0,0,serial,0.0,True,False,1.0,c2f,max_in_rate,False,predicted,predicted_risk,4,"[{""round"":0,""remove_target"":0,""remove_link"":[5,2],""add_target"":0,""add_link"":[5,3],""worst_pd_before"":0.03935842460852137,""worst_pd_after"":0.04213639444297483,""service_before"":0.12488729025111998,""service_after"":0.12766526008557344},{""round"":1,""remove_target"":2,""remove_link"":[2,3],""add_target"":0,""add_link"":[2,3],""worst_pd_before"":0.04213639444297483,""worst_pd_after"":0.0424476400123363,""service_before"":0.12766526008557344,""service_after"":0.1287130888205046},{""round"":2,""remove_target"":0,""remove_link"":[0,2],""add_target"":2,""add_link"":[5,1],""worst_pd_before"":0.0424476400123363,""worst_pd_after"":0.04318272881218144,""service_before"":0.1287130888205046,""service_after"":0.130091273758397},{""round"":3,""remove_target"":2,""remove_link"":[0,5],""add_target"":0,""add_link"":[0,5],""worst_pd_before"":0.04318272881218144,""worst_pd_after"":0.04318272881218144,""service_before"":0.130091273758397,""service_after"":0.13670911858983276}]",0,[],"{""before"":[0.043530667334968076,0.04318272881218144,0.04999572244268326],""after"":[0.043533901525126935,0.043200859883621275,0.04999572244268326],""reports_before"":[6,4,5],""reports_after"":[4,5,2],""candidate_evaluations"":12}",0.7999999999999999,"[0.8,0.8,0.8,0.8,0.8,0.8]",uniform,nan,null,[],"{""0"":[[5,0],[2,0],[2,5],[5,3],[2,3],[0,5]],""1"":[[0,2],[5,0],[5,2],[2,0],[0,3],[0,5]],""2"":[[2,4],[2,1],[0,1],[0,4],[5,1]]}","{""0"":[[5,0],[2,0],[2,5],[5,3],[2,3],[0,5]],""1"":[[0,2],[5,0],[5,2],[2,0],[0,3],[0,5]],""2"":[[2,4],[2,1],[0,1],[0,4],[5,1]]}","[3,3,1]"
32,constant_joint_capture,0.0,0.03333333333333333,0.04806566661877462,0.04842855583768173,0.04323483895968622,0.04355949810576471,0.04446800680929578,3,18,18,0.0,1.0,0.0,1.0,null,null,null,null,1,0,fixed_point,0.0,True,False,1.0,c2f,max_in_rate,False,predicted,predicted_risk,1,"[{""round"":0,""remove_target"":0,""remove_link"":[5,2],""add_target"":0,""add_link"":[0,5],""worst_pd_before"":0.04026625319482344,""worst_pd_after"":0.04229305330520466,""service_before"":0.12629547228881213,""service_after"":0.1291520293082863}]",0,[],"{""before"":[0.04312281021429759,0.04373616578878403,0.04229305330520466],""after"":[0.04323483895968622,0.04373616578878403,0.045721108021000545],""reports_before"":[4,5,5],""reports_after"":[6,4,6],""candidate_evaluations"":12}",0.7999999999999999,"[0.8,0.8,0.8,0.8,0.8,0.8]",uniform,nan,null,"[{""round"":0,""mask_before"":[0,2,5],""mask_candidate"":[0,2,5],""objective_before"":0.04323483895968622,""accepted"":false,""reason"":""fixed_point""}]","{""0"":[[0,2],[2,5],[5,0],[2,0],[5,3],[0,5]],""1"":[[0,2],[5,0],[5,2],[0,5],[0,3],[2,0]],""2"":[[5,2],[0,2],[2,0],[5,0],[2,5],[2,3]]}","{""0"":[[0,2],[2,5],[5,0],[2,0],[5,3],[0,5]],""1"":[[0,2],[5,0],[5,2],[0,5],[0,3],[2,0]],""2"":[[5,2],[0,2],[2,0],[5,0],[2,5],[2,3]]}","[4,0,4]"
32,constant_serial_redundancy,0.0,0.011111111111111112,0.0480543814597608,0.047002242425080484,0.043201068698782256,0.04227706909553731,0.04287461772315825,6,17,17,0.0,1.0,0.0,1.0,null,null,null,null,0,0,serial,0.0,False,True,1.0,c2f,max_in_rate,False,predicted,predicted_risk,4,"[{""round"":0,""remove_target"":0,""remove_link"":[5,2],""add_target"":0,""add_link"":[5,3],""worst_pd_before"":0.03935861655008091,""worst_pd_after"":0.042137359751227586,""service_before"":0.12488669637574373,""service_after"":0.12766543957689042},{""round"":1,""remove_target"":2,""remove_link"":[2,3],""add_target"":0,""add_link"":[2,3],""worst_pd_before"":0.042137359751227586,""worst_pd_after"":0.042448520827800686,""service_before"":0.12766543957689042,""service_after"":0.12871394827900276},{""round"":2,""remove_target"":0,""remove_link"":[0,2],""add_target"":2,""add_link"":[5,1],""worst_pd_before"":0.042448520827800686,""worst_pd_after"":0.04318293499410248,""service_before"":0.12871394827900276,""service_after"":0.13009075432190476},{""round"":3,""remove_target"":2,""remove_link"":[0,5],""add_target"":0,""add_link"":[0,5],""worst_pd_before"":0.04318293499410248,""worst_pd_after"":0.04318293499410248,""service_before"":0.13009075432190476,""service_after"":0.136708979375973}]",0,[],"{""before"":[0.043530319836494476,0.04318293499410248,0.04999572454537605],""after"":[0.043533555155247754,0.043201068698782256,0.04999572454537605],""reports_before"":[6,4,5],""reports_after"":[4,5,2],""candidate_evaluations"":12}",0.7999999999999999,"[0.8,0.8,0.8,0.8,0.8,0.8]",uniform,nan,null,[],"{""0"":[[5,0],[2,0],[2,5],[5,3],[2,3],[0,5]],""1"":[[0,2],[5,0],[5,2],[2,0],[0,3],[0,5]],""2"":[[2,4],[2,1],[0,1],[0,4],[5,1]]}","{""0"":[[5,0],[2,0],[2,5],[5,3],[2,3],[0,5]],""1"":[[0,2],[5,0],[5,2],[2,0],[0,3],[0,5]],""2"":[[2,4],[2,1],[0,1],[0,4],[5,1]]}","[3,3,1]"
32,constant_joint_redundancy,0.0,0.03333333333333333,0.04806627130560505,0.04842855583768173,0.04323541575672381,0.04355949810576471,0.04446800680929578,3,18,18,0.0,1.0,0.0,1.0,null,null,null,null,1,0,fixed_point,0.0,False,True,1.0,c2f,max_in_rate,False,predicted,predicted_risk,1,"[{""round"":0,""remove_target"":0,""remove_link"":[5,2],""add_target"":0,""add_link"":[0,5],""worst_pd_before"":0.040266773868611064,""worst_pd_after"":0.04229289576293117,""service_before"":0.12629605967855462,""service_after"":0.12915311022625456}]",0,[],"{""before"":[0.043123824416311,0.043736390047012394,0.04229289576293117],""after"":[0.04323541575672381,0.043736390047012394,0.04572165441800047],""reports_before"":[4,5,5],""reports_after"":[6,4,6],""candidate_evaluations"":12}",0.7999999999999999,"[0.8,0.8,0.8,0.8,0.8,0.8]",uniform,nan,null,"[{""round"":0,""mask_before"":[0,2,5],""mask_candidate"":[0,2,5],""objective_before"":0.04323541575672381,""accepted"":false,""reason"":""fixed_point""}]","{""0"":[[0,2],[2,5],[5,0],[2,0],[5,3],[0,5]],""1"":[[0,2],[5,0],[5,2],[0,5],[0,3],[2,0]],""2"":[[5,2],[0,2],[2,0],[5,0],[2,5],[2,3]]}","{""0"":[[0,2],[2,5],[5,0],[2,0],[5,3],[0,5]],""1"":[[0,2],[5,0],[5,2],[0,5],[0,3],[2,0]],""2"":[[5,2],[0,2],[2,0],[5,0],[2,5],[2,3]]}","[4,0,4]"
32,constant_serial_combined,0.0,0.011111111111111112,0.048054207260560804,0.047002242425080484,0.043200859883621275,0.04227706909553731,0.04287461772315825,6,17,17,0.0,1.0,0.0,1.0,null,null,null,null,0,0,serial,0.0,True,True,1.0,c2f,max_in_rate,False,predicted,predicted_risk,4,"[{""round"":0,""remove_target"":0,""remove_link"":[5,2],""add_target"":0,""add_link"":[5,3],""worst_pd_before"":0.03935842460852137,""worst_pd_after"":0.04213639444297483,""service_before"":0.12488729025111998,""service_after"":0.12766526008557344},{""round"":1,""remove_target"":2,""remove_link"":[2,3],""add_target"":0,""add_link"":[2,3],""worst_pd_before"":0.04213639444297483,""worst_pd_after"":0.0424476400123363,""service_before"":0.12766526008557344,""service_after"":0.1287130888205046},{""round"":2,""remove_target"":0,""remove_link"":[0,2],""add_target"":2,""add_link"":[5,1],""worst_pd_before"":0.0424476400123363,""worst_pd_after"":0.04318272881218144,""service_before"":0.1287130888205046,""service_after"":0.130091273758397},{""round"":3,""remove_target"":2,""remove_link"":[0,5],""add_target"":0,""add_link"":[0,5],""worst_pd_before"":0.04318272881218144,""worst_pd_after"":0.04318272881218144,""service_before"":0.130091273758397,""service_after"":0.13670911858983276}]",0,[],"{""before"":[0.043530667334968076,0.04318272881218144,0.04999572244268326],""after"":[0.043533901525126935,0.043200859883621275,0.04999572244268326],""reports_before"":[6,4,5],""reports_after"":[4,5,2],""candidate_evaluations"":12}",0.7999999999999999,"[0.8,0.8,0.8,0.8,0.8,0.8]",uniform,nan,null,[],"{""0"":[[5,0],[2,0],[2,5],[5,3],[2,3],[0,5]],""1"":[[0,2],[5,0],[5,2],[2,0],[0,3],[0,5]],""2"":[[2,4],[2,1],[0,1],[0,4],[5,1]]}","{""0"":[[5,0],[2,0],[2,5],[5,3],[2,3],[0,5]],""1"":[[0,2],[5,0],[5,2],[2,0],[0,3],[0,5]],""2"":[[2,4],[2,1],[0,1],[0,4],[5,1]]}","[3,3,1]"
32,constant_joint_combined,0.0,0.03333333333333333,0.04806566661877462,0.04842855583768173,0.04323483895968622,0.04355949810576471,0.04446800680929578,3,18,18,0.0,1.0,0.0,1.0,null,null,null,null,1,0,fixed_point,0.0,True,True,1.0,c2f,max_in_rate,False,predicted,predicted_risk,1,"[{""round"":0,""remove_target"":0,""remove_link"":[5,2],""add_target"":0,""add_link"":[0,5],""worst_pd_before"":0.04026625319482344,""worst_pd_after"":0.04229305330520466,""service_before"":0.12629547228881213,""service_after"":0.1291520293082863}]",0,[],"{""before"":[0.04312281021429759,0.04373616578878403,0.04229305330520466],""after"":[0.04323483895968622,0.04373616578878403,0.045721108021000545],""reports_before"":[4,5,5],""reports_after"":[6,4,6],""candidate_evaluations"":12}",0.7999999999999999,"[0.8,0.8,0.8,0.8,0.8,0.8]",uniform,nan,null,"[{""round"":0,""mask_before"":[0,2,5],""mask_candidate"":[0,2,5],""objective_before"":0.04323483895968622,""accepted"":false,""reason"":""fixed_point""}]","{""0"":[[0,2],[2,5],[5,0],[2,0],[5,3],[0,5]],""1"":[[0,2],[5,0],[5,2],[0,5],[0,3],[2,0]],""2"":[[5,2],[0,2],[2,0],[5,0],[2,5],[2,3]]}","{""0"":[[0,2],[2,5],[5,0],[2,0],[5,3],[0,5]],""1"":[[0,2],[5,0],[5,2],[0,5],[0,3],[2,0]],""2"":[[5,2],[0,2],[2,0],[5,0],[2,5],[2,3]]}","[4,0,4]"
32,tpuic_serial_baseline,0.0,0.03333333333333333,0.06599646652146712,0.09901693144977226,0.05326927609263419,0.08616002953041069,0.15575374208825152,6,18,18,35.7084634123984,0.9920056491482988,36.56901508423361,0.9999338385865706,"[[0.0007830855826511417,0.0003678918242456345,0.00036463074405848617],[8.522210548087781e-05,8.382697060385278e-05,8.403077602058183e-05],[0.0008864446005218042,0.0007925440051873804,0.0007979132799960189],[0.0002570110312070987,0.00029381827107328003,0.00031756922413172264],[7.522896818418158e-05,8.677382608455519e-05,8.87276986873721e-05],[0.00011933395073640507,0.0002807731364177727,0.00012025938644228642]]","[[0.992976343018243,0.9054967628608471,0.9991935686839472],[0.9987913499781761,0.9996152122953009,0.9993250680570971],[0.9532323101497581,0.9813622951245066,0.9985339893878489],[0.8919565171802556,0.8483154632100345,0.9991474653508005],[0.9353525752816502,0.9804292552333046,0.9994885954245402],[0.9910349552783546,0.9682252108981546,0.999599132391006]]","[[0.0006720056338066196,0.00028785226071317605,0.0002883018420116352],[0.00013106224035638024,0.00013028058653146687,0.0001304857683349768],[0.0004370117438825709,0.00033791659920970996,0.00034308601594081213],[0.00021233568489380667,0.00022865146895350118,0.0002448468616642063],[5.5319073564765346e-05,6.719133357217737e-05,6.8720807735562e-05],[8.063975578343301e-05,0.0002393750226688923,8.161616839803694e-05]]","[[0.9999944777087509,0.9841490709272718,0.9999799763951415],[0.9999985125647313,0.9999931053544197,0.9992443539156687],[0.9999943338524551,0.9941899231164929,0.9998446056448451],[0.9999611201576332,0.9993554085584297,0.9997883732728816],[0.9999926337034394,0.999158092832691,0.9999523890196352],[0.9999990006614473,0.999554005627135,0.999915288153506]]",0,0,serial,34.13939210004173,False,False,1.0,c2f,max_in_rate,False,predicted,predicted_risk,1,"[{""round"":0,""remove_target"":1,""remove_link"":[5,4],""add_target"":1,""add_link"":[0,2],""worst_pd_before"":0.05326440705019483,""worst_pd_after"":0.05326440705019483,""service_before"":0.44215331999104474,""service_after"":0.4426183039056229}]",0,[],"{""before"":[0.29120221396344304,0.09815168289198505,0.05326440705019483],""after"":[0.29120221396344304,0.09815168289198505,0.05326927609263419],""reports_before"":[5,5,4],""reports_after"":[5,5,6],""candidate_evaluations"":6}",0.7999999999999999,"[0.8,0.8,0.8,0.8,0.8,0.8]",uniform,1.0,null,[],"{""0"":[[2,5],[5,2],[5,4],[2,4],[5,1],[2,1]],""1"":[[5,0],[0,4],[0,1],[0,3],[0,5],[0,2]],""2"":[[5,2],[2,5],[2,0],[0,2],[2,4],[5,0]]}","{""0"":[[2,5],[5,2],[5,4],[2,4],[5,1],[2,1]],""1"":[[5,0],[0,4],[0,1],[0,3],[0,5],[0,2]],""2"":[[5,2],[2,5],[2,0],[0,2],[2,4],[5,0]]}","[2,2,3]"
32,tpuic_joint_baseline,0.6666666666666666,0.03333333333333333,0.08709951654907531,0.1559517700131538,0.06259231500537693,0.1298066497539395,0.33814764074336184,3,18,18,34.669095502200115,0.9963337300933819,37.97403043624293,0.999944025229462,"[[0.0007168436409856092,0.0003990770071651025,0.0003990536733865875],[0.00010576503292456116,0.00010523353407532734,0.00010529258220299204],[0.0009294735499209655,0.0008752508990990061,0.0008761198620302011],[0.0005253239201987359,0.0005473426428927558,0.0005270223412688009],[0.00011999280943443732,0.00013918877322655087,0.00013649013329066685],[0.00027107101465523824,0.00029184320536730586,0.0002715806109983397]]","[[0.9943675041462263,0.9924164128352247,0.9984601284312097],[0.9987984949590023,0.9997380533672328,0.9995696268861951],[0.9982999560405373,0.9701355165121544,0.9994179188334708],[0.8440308776414266,0.8967991639368582,0.999454910453546],[0.9137967157287464,0.9928119371084707,0.9994725709584852],[0.9819735532693705,0.9912476337938602,0.9995828820855677]]","[[0.0004942957042366152,0.00015947202402667558,0.00015940774065264306],[5.965728222504416e-05,5.8953828240366315e-05,5.8991423160286e-05],[0.000762764871608538,0.0007155301114713223,0.0007159535086159274],[0.0001955875089609729,0.00022052034357758797,0.00019778233221178372],[9.418358263807211e-05,0.00011379367530971201,0.00011144307056501619],[0.00013854859052289434,0.00015969101970349743,0.00013916037902772058]]","[[0.9999924621723014,0.9653001402572177,0.9999809975845074],[0.9999984732966554,0.9999892680020344,0.999511703444402],[0.9999889637588519,0.9798121802751558,0.9999610189020923],[0.9998921338358301,0.9998114594889931,0.9999270315568316],[0.999992788322562,0.9994282564617218,0.9998885885405054],[0.9999997025788095,0.9998682796390116,0.9999757929767099]]",1,0,fixed_point,28.325737100094557,False,False,1.0,c2f,max_in_rate,False,predicted,predicted_risk,0,[],0,[],"{""before"":[0.5907217499075623,0.18599984044622767,0.06259231500537693],""after"":[0.5907217499075623,0.18599984044622767,0.06259231500537693],""reports_before"":[4,5,4],""reports_after"":[4,4,4],""candidate_evaluations"":12}",0.7999999999999999,"[0.8,0.8,0.8,0.8,0.8,0.8]",uniform,1.0,null,"[{""round"":0,""mask_before"":[0,2,5],""mask_candidate"":[0,2,5],""objective_before"":0.06259231500537693,""accepted"":false,""reason"":""fixed_point""}]","{""0"":[[2,5],[5,2],[5,4],[2,4],[0,5],[5,1]],""1"":[[5,0],[0,5],[0,4],[0,1],[2,0],[0,2]],""2"":[[5,2],[2,5],[0,2],[2,0],[5,0],[0,5]]}","{""0"":[[2,5],[5,2],[5,4],[2,4],[0,5],[5,1]],""1"":[[5,0],[0,5],[0,4],[0,1],[2,0],[0,2]],""2"":[[5,2],[2,5],[0,2],[2,0],[5,0],[0,5]]}","[5,0,5]"
32,tpuic_serial_capture,0.0,0.03333333333333333,0.06595586080446447,0.09901693144977226,0.053248858206857284,0.08616002953041069,0.15575374208825152,6,18,18,35.7084634123984,0.9920056491482988,36.56901508423361,0.9999338385865706,"[[0.0007830855826511417,0.0003678918242456345,0.00036463074405848617],[8.522210548087781e-05,8.382697060385278e-05,8.403077602058183e-05],[0.0008864446005218042,0.0007925440051873804,0.0007979132799960189],[0.0002570110312070987,0.00029381827107328003,0.00031756922413172264],[7.522896818418158e-05,8.677382608455519e-05,8.87276986873721e-05],[0.00011933395073640507,0.0002807731364177727,0.00012025938644228642]]","[[0.992976343018243,0.9054967628608471,0.9991935686839472],[0.9987913499781761,0.9996152122953009,0.9993250680570971],[0.9532323101497581,0.9813622951245066,0.9985339893878489],[0.8919565171802556,0.8483154632100345,0.9991474653508005],[0.9353525752816502,0.9804292552333046,0.9994885954245402],[0.9910349552783546,0.9682252108981546,0.999599132391006]]","[[0.0006720056338066196,0.00028785226071317605,0.0002883018420116352],[0.00013106224035638024,0.00013028058653146687,0.0001304857683349768],[0.0004370117438825709,0.00033791659920970996,0.00034308601594081213],[0.00021233568489380667,0.00022865146895350118,0.0002448468616642063],[5.5319073564765346e-05,6.719133357217737e-05,6.8720807735562e-05],[8.063975578343301e-05,0.0002393750226688923,8.161616839803694e-05]]","[[0.9999944777087509,0.9841490709272718,0.9999799763951415],[0.9999985125647313,0.9999931053544197,0.9992443539156687],[0.9999943338524551,0.9941899231164929,0.9998446056448451],[0.9999611201576332,0.9993554085584297,0.9997883732728816],[0.9999926337034394,0.999158092832691,0.9999523890196352],[0.9999990006614473,0.999554005627135,0.999915288153506]]",0,0,serial,0.0,True,False,1.0,c2f,max_in_rate,False,predicted,predicted_risk,1,"[{""round"":0,""remove_target"":1,""remove_link"":[5,4],""add_target"":1,""add_link"":[0,2],""worst_pd_before"":0.0532439738333967,""worst_pd_after"":0.0532439738333967,""service_before"":0.44125822214300015,""service_after"":0.4417231747951391}]",0,[],"{""before"":[0.2904546388729673,0.09802456208877514,0.0532439738333967],""after"":[0.2904546388729673,0.09802456208877514,0.053248858206857284],""reports_before"":[5,5,4],""reports_after"":[5,5,6],""candidate_evaluations"":6}",0.7999999999999999,"[0.8,0.8,0.8,0.8,0.8,0.8]",uniform,1.0,null,[],"{""0"":[[2,5],[5,2],[5,4],[2,4],[5,1],[2,1]],""1"":[[5,0],[0,4],[0,1],[0,3],[0,5],[0,2]],""2"":[[5,2],[2,5],[2,0],[0,2],[2,4],[5,0]]}","{""0"":[[2,5],[5,2],[5,4],[2,4],[5,1],[2,1]],""1"":[[5,0],[0,4],[0,1],[0,3],[0,5],[0,2]],""2"":[[5,2],[2,5],[2,0],[0,2],[2,4],[5,0]]}","[2,2,3]"
32,tpuic_joint_capture,0.6666666666666666,0.03333333333333333,0.08700670668150441,0.1559517700131538,0.06254934100758208,0.1298066497539395,0.33814764074336184,3,18,18,34.669095502200115,0.9963337300933819,37.97403043624293,0.999944025229462,"[[0.0007168436409856092,0.0003990770071651025,0.0003990536733865875],[0.00010576503292456116,0.00010523353407532734,0.00010529258220299204],[0.0009294735499209655,0.0008752508990990061,0.0008761198620302011],[0.0005253239201987359,0.0005473426428927558,0.0005270223412688009],[0.00011999280943443732,0.00013918877322655087,0.00013649013329066685],[0.00027107101465523824,0.00029184320536730586,0.0002715806109983397]]","[[0.9943675041462263,0.9924164128352247,0.9984601284312097],[0.9987984949590023,0.9997380533672328,0.9995696268861951],[0.9982999560405373,0.9701355165121544,0.9994179188334708],[0.8440308776414266,0.8967991639368582,0.999454910453546],[0.9137967157287464,0.9928119371084707,0.9994725709584852],[0.9819735532693705,0.9912476337938602,0.9995828820855677]]","[[0.0004942957042366152,0.00015947202402667558,0.00015940774065264306],[5.965728222504416e-05,5.8953828240366315e-05,5.8991423160286e-05],[0.000762764871608538,0.0007155301114713223,0.0007159535086159274],[0.0001955875089609729,0.00022052034357758797,0.00019778233221178372],[9.418358263807211e-05,0.00011379367530971201,0.00011144307056501619],[0.00013854859052289434,0.00015969101970349743,0.00013916037902772058]]","[[0.9999924621723014,0.9653001402572177,0.9999809975845074],[0.9999984732966554,0.9999892680020344,0.999511703444402],[0.9999889637588519,0.9798121802751558,0.9999610189020923],[0.9998921338358301,0.9998114594889931,0.9999270315568316],[0.999992788322562,0.9994282564617218,0.9998885885405054],[0.9999997025788095,0.9998682796390116,0.9999757929767099]]",1,0,fixed_point,0.0,True,False,1.0,c2f,max_in_rate,False,predicted,predicted_risk,0,[],0,[],"{""before"":[0.5894547867593409,0.18562817806328918,0.06254934100758208],""after"":[0.5894547867593409,0.18562817806328918,0.06254934100758208],""reports_before"":[4,5,4],""reports_after"":[4,4,4],""candidate_evaluations"":12}",0.7999999999999999,"[0.8,0.8,0.8,0.8,0.8,0.8]",uniform,1.0,null,"[{""round"":0,""mask_before"":[0,2,5],""mask_candidate"":[0,2,5],""objective_before"":0.06254934100758208,""accepted"":false,""reason"":""fixed_point""}]","{""0"":[[2,5],[5,2],[5,4],[2,4],[0,5],[5,1]],""1"":[[5,0],[0,5],[0,4],[0,1],[2,0],[0,2]],""2"":[[5,2],[2,5],[0,2],[2,0],[5,0],[0,5]]}","{""0"":[[2,5],[5,2],[5,4],[2,4],[0,5],[5,1]],""1"":[[5,0],[0,5],[0,4],[0,1],[2,0],[0,2]],""2"":[[5,2],[2,5],[0,2],[2,0],[5,0],[0,5]]}","[5,0,5]"
32,tpuic_serial_redundancy,0.0,0.03333333333333333,0.06599646652146712,0.09901693144977226,0.05326927609263419,0.08616002953041069,0.15575374208825152,6,18,18,35.7084634123984,0.9920056491482988,36.56901508423361,0.9999338385865706,"[[0.0007830855826511417,0.0003678918242456345,0.00036463074405848617],[8.522210548087781e-05,8.382697060385278e-05,8.403077602058183e-05],[0.0008864446005218042,0.0007925440051873804,0.0007979132799960189],[0.0002570110312070987,0.00029381827107328003,0.00031756922413172264],[7.522896818418158e-05,8.677382608455519e-05,8.87276986873721e-05],[0.00011933395073640507,0.0002807731364177727,0.00012025938644228642]]","[[0.992976343018243,0.9054967628608471,0.9991935686839472],[0.9987913499781761,0.9996152122953009,0.9993250680570971],[0.9532323101497581,0.9813622951245066,0.9985339893878489],[0.8919565171802556,0.8483154632100345,0.9991474653508005],[0.9353525752816502,0.9804292552333046,0.9994885954245402],[0.9910349552783546,0.9682252108981546,0.999599132391006]]","[[0.0006720056338066196,0.00028785226071317605,0.0002883018420116352],[0.00013106224035638024,0.00013028058653146687,0.0001304857683349768],[0.0004370117438825709,0.00033791659920970996,0.00034308601594081213],[0.00021233568489380667,0.00022865146895350118,0.0002448468616642063],[5.5319073564765346e-05,6.719133357217737e-05,6.8720807735562e-05],[8.063975578343301e-05,0.0002393750226688923,8.161616839803694e-05]]","[[0.9999944777087509,0.9841490709272718,0.9999799763951415],[0.9999985125647313,0.9999931053544197,0.9992443539156687],[0.9999943338524551,0.9941899231164929,0.9998446056448451],[0.9999611201576332,0.9993554085584297,0.9997883732728816],[0.9999926337034394,0.999158092832691,0.9999523890196352],[0.9999990006614473,0.999554005627135,0.999915288153506]]",0,0,serial,0.0,False,True,1.0,c2f,max_in_rate,False,predicted,predicted_risk,1,"[{""round"":0,""remove_target"":1,""remove_link"":[5,4],""add_target"":1,""add_link"":[0,2],""worst_pd_before"":0.05326440705019483,""worst_pd_after"":0.05326440705019483,""service_before"":0.44215331999104474,""service_after"":0.4426183039056229}]",0,[],"{""before"":[0.29120221396344304,0.09815168289198505,0.05326440705019483],""after"":[0.29120221396344304,0.09815168289198505,0.05326927609263419],""reports_before"":[5,5,4],""reports_after"":[5,5,6],""candidate_evaluations"":6}",0.7999999999999999,"[0.8,0.8,0.8,0.8,0.8,0.8]",uniform,1.0,null,[],"{""0"":[[2,5],[5,2],[5,4],[2,4],[5,1],[2,1]],""1"":[[5,0],[0,4],[0,1],[0,3],[0,5],[0,2]],""2"":[[5,2],[2,5],[2,0],[0,2],[2,4],[5,0]]}","{""0"":[[2,5],[5,2],[5,4],[2,4],[5,1],[2,1]],""1"":[[5,0],[0,4],[0,1],[0,3],[0,5],[0,2]],""2"":[[5,2],[2,5],[2,0],[0,2],[2,4],[5,0]]}","[2,2,3]"
32,tpuic_joint_redundancy,0.6666666666666666,0.03333333333333333,0.08709951654907531,0.1559517700131538,0.06259231500537693,0.1298066497539395,0.33814764074336184,3,18,18,34.669095502200115,0.9963337300933819,37.97403043624293,0.999944025229462,"[[0.0007168436409856092,0.0003990770071651025,0.0003990536733865875],[0.00010576503292456116,0.00010523353407532734,0.00010529258220299204],[0.0009294735499209655,0.0008752508990990061,0.0008761198620302011],[0.0005253239201987359,0.0005473426428927558,0.0005270223412688009],[0.00011999280943443732,0.00013918877322655087,0.00013649013329066685],[0.00027107101465523824,0.00029184320536730586,0.0002715806109983397]]","[[0.9943675041462263,0.9924164128352247,0.9984601284312097],[0.9987984949590023,0.9997380533672328,0.9995696268861951],[0.9982999560405373,0.9701355165121544,0.9994179188334708],[0.8440308776414266,0.8967991639368582,0.999454910453546],[0.9137967157287464,0.9928119371084707,0.9994725709584852],[0.9819735532693705,0.9912476337938602,0.9995828820855677]]","[[0.0004942957042366152,0.00015947202402667558,0.00015940774065264306],[5.965728222504416e-05,5.8953828240366315e-05,5.8991423160286e-05],[0.000762764871608538,0.0007155301114713223,0.0007159535086159274],[0.0001955875089609729,0.00022052034357758797,0.00019778233221178372],[9.418358263807211e-05,0.00011379367530971201,0.00011144307056501619],[0.00013854859052289434,0.00015969101970349743,0.00013916037902772058]]","[[0.9999924621723014,0.9653001402572177,0.9999809975845074],[0.9999984732966554,0.9999892680020344,0.999511703444402],[0.9999889637588519,0.9798121802751558,0.9999610189020923],[0.9998921338358301,0.9998114594889931,0.9999270315568316],[0.999992788322562,0.9994282564617218,0.9998885885405054],[0.9999997025788095,0.9998682796390116,0.9999757929767099]]",1,0,fixed_point,0.0,False,True,1.0,c2f,max_in_rate,False,predicted,predicted_risk,0,[],0,[],"{""before"":[0.5907217499075623,0.18599984044622767,0.06259231500537693],""after"":[0.5907217499075623,0.18599984044622767,0.06259231500537693],""reports_before"":[4,5,4],""reports_after"":[4,4,4],""candidate_evaluations"":12}",0.7999999999999999,"[0.8,0.8,0.8,0.8,0.8,0.8]",uniform,1.0,null,"[{""round"":0,""mask_before"":[0,2,5],""mask_candidate"":[0,2,5],""objective_before"":0.06259231500537693,""accepted"":false,""reason"":""fixed_point""}]","{""0"":[[2,5],[5,2],[5,4],[2,4],[0,5],[5,1]],""1"":[[5,0],[0,5],[0,4],[0,1],[2,0],[0,2]],""2"":[[5,2],[2,5],[0,2],[2,0],[5,0],[0,5]]}","{""0"":[[2,5],[5,2],[5,4],[2,4],[0,5],[5,1]],""1"":[[5,0],[0,5],[0,4],[0,1],[2,0],[0,2]],""2"":[[5,2],[2,5],[0,2],[2,0],[5,0],[0,5]]}","[5,0,5]"
32,tpuic_serial_combined,0.0,0.03333333333333333,0.06595586080446447,0.09901693144977226,0.053248858206857284,0.08616002953041069,0.15575374208825152,6,18,18,35.7084634123984,0.9920056491482988,36.56901508423361,0.9999338385865706,"[[0.0007830855826511417,0.0003678918242456345,0.00036463074405848617],[8.522210548087781e-05,8.382697060385278e-05,8.403077602058183e-05],[0.0008864446005218042,0.0007925440051873804,0.0007979132799960189],[0.0002570110312070987,0.00029381827107328003,0.00031756922413172264],[7.522896818418158e-05,8.677382608455519e-05,8.87276986873721e-05],[0.00011933395073640507,0.0002807731364177727,0.00012025938644228642]]","[[0.992976343018243,0.9054967628608471,0.9991935686839472],[0.9987913499781761,0.9996152122953009,0.9993250680570971],[0.9532323101497581,0.9813622951245066,0.9985339893878489],[0.8919565171802556,0.8483154632100345,0.9991474653508005],[0.9353525752816502,0.9804292552333046,0.9994885954245402],[0.9910349552783546,0.9682252108981546,0.999599132391006]]","[[0.0006720056338066196,0.00028785226071317605,0.0002883018420116352],[0.00013106224035638024,0.00013028058653146687,0.0001304857683349768],[0.0004370117438825709,0.00033791659920970996,0.00034308601594081213],[0.00021233568489380667,0.00022865146895350118,0.0002448468616642063],[5.5319073564765346e-05,6.719133357217737e-05,6.8720807735562e-05],[8.063975578343301e-05,0.0002393750226688923,8.161616839803694e-05]]","[[0.9999944777087509,0.9841490709272718,0.9999799763951415],[0.9999985125647313,0.9999931053544197,0.9992443539156687],[0.9999943338524551,0.9941899231164929,0.9998446056448451],[0.9999611201576332,0.9993554085584297,0.9997883732728816],[0.9999926337034394,0.999158092832691,0.9999523890196352],[0.9999990006614473,0.999554005627135,0.999915288153506]]",0,0,serial,0.0,True,True,1.0,c2f,max_in_rate,False,predicted,predicted_risk,1,"[{""round"":0,""remove_target"":1,""remove_link"":[5,4],""add_target"":1,""add_link"":[0,2],""worst_pd_before"":0.0532439738333967,""worst_pd_after"":0.0532439738333967,""service_before"":0.44125822214300015,""service_after"":0.4417231747951391}]",0,[],"{""before"":[0.2904546388729673,0.09802456208877514,0.0532439738333967],""after"":[0.2904546388729673,0.09802456208877514,0.053248858206857284],""reports_before"":[5,5,4],""reports_after"":[5,5,6],""candidate_evaluations"":6}",0.7999999999999999,"[0.8,0.8,0.8,0.8,0.8,0.8]",uniform,1.0,null,[],"{""0"":[[2,5],[5,2],[5,4],[2,4],[5,1],[2,1]],""1"":[[5,0],[0,4],[0,1],[0,3],[0,5],[0,2]],""2"":[[5,2],[2,5],[2,0],[0,2],[2,4],[5,0]]}","{""0"":[[2,5],[5,2],[5,4],[2,4],[5,1],[2,1]],""1"":[[5,0],[0,4],[0,1],[0,3],[0,5],[0,2]],""2"":[[5,2],[2,5],[2,0],[0,2],[2,4],[5,0]]}","[2,2,3]"
32,tpuic_joint_combined,0.6666666666666666,0.03333333333333333,0.08700670668150441,0.1559517700131538,0.06254934100758208,0.1298066497539395,0.33814764074336184,3,18,18,34.669095502200115,0.9963337300933819,37.97403043624293,0.999944025229462,"[[0.0007168436409856092,0.0003990770071651025,0.0003990536733865875],[0.00010576503292456116,0.00010523353407532734,0.00010529258220299204],[0.0009294735499209655,0.0008752508990990061,0.0008761198620302011],[0.0005253239201987359,0.0005473426428927558,0.0005270223412688009],[0.00011999280943443732,0.00013918877322655087,0.00013649013329066685],[0.00027107101465523824,0.00029184320536730586,0.0002715806109983397]]","[[0.9943675041462263,0.9924164128352247,0.9984601284312097],[0.9987984949590023,0.9997380533672328,0.9995696268861951],[0.9982999560405373,0.9701355165121544,0.9994179188334708],[0.8440308776414266,0.8967991639368582,0.999454910453546],[0.9137967157287464,0.9928119371084707,0.9994725709584852],[0.9819735532693705,0.9912476337938602,0.9995828820855677]]","[[0.0004942957042366152,0.00015947202402667558,0.00015940774065264306],[5.965728222504416e-05,5.8953828240366315e-05,5.8991423160286e-05],[0.000762764871608538,0.0007155301114713223,0.0007159535086159274],[0.0001955875089609729,0.00022052034357758797,0.00019778233221178372],[9.418358263807211e-05,0.00011379367530971201,0.00011144307056501619],[0.00013854859052289434,0.00015969101970349743,0.00013916037902772058]]","[[0.9999924621723014,0.9653001402572177,0.9999809975845074],[0.9999984732966554,0.9999892680020344,0.999511703444402],[0.9999889637588519,0.9798121802751558,0.9999610189020923],[0.9998921338358301,0.9998114594889931,0.9999270315568316],[0.999992788322562,0.9994282564617218,0.9998885885405054],[0.9999997025788095,0.9998682796390116,0.9999757929767099]]",1,0,fixed_point,0.0,True,True,1.0,c2f,max_in_rate,False,predicted,predicted_risk,0,[],0,[],"{""before"":[0.5894547867593409,0.18562817806328918,0.06254934100758208],""after"":[0.5894547867593409,0.18562817806328918,0.06254934100758208],""reports_before"":[4,5,4],""reports_after"":[4,4,4],""candidate_evaluations"":12}",0.7999999999999999,"[0.8,0.8,0.8,0.8,0.8,0.8]",uniform,1.0,null,"[{""round"":0,""mask_before"":[0,2,5],""mask_candidate"":[0,2,5],""objective_before"":0.06254934100758208,""accepted"":false,""reason"":""fixed_point""}]","{""0"":[[2,5],[5,2],[5,4],[2,4],[0,5],[5,1]],""1"":[[5,0],[0,5],[0,4],[0,1],[2,0],[0,2]],""2"":[[5,2],[2,5],[0,2],[2,0],[5,0],[0,5]]}","{""0"":[[2,5],[5,2],[5,4],[2,4],[0,5],[5,1]],""1"":[[5,0],[0,5],[0,4],[0,1],[2,0],[0,2]],""2"":[[5,2],[2,5],[0,2],[2,0],[5,0],[0,5]]}","[5,0,5]"
