trial,method,detected,total_targets,detected_fraction,false_alarm,total_false,false_alarm_fraction,selected_observations,remote_reports,local_observations,overhead_bits,overhead_delay_ms,D_mean,D_median,belief_capture_rate,selector_score_evaluations,coordination_messages,bid_rounds,detection_runtime_ms,fusion_nodes,selected_links
0,proposed_c2f_adaptive_pd,10,10,1.0,9,300,0.03,10,0,10,0.0,0.0,1672.1179181936627,194.1683983380151,1.0,9567.0,9567.0,0.0,5.750000011175871,"6,0,6,1,10,6,11,6,8,0",0:1-6;1:1-0;2:0-6;3:8-1;4:0-10;5:1-6;6:9-11;7:4-6;8:0-8;9:2-0
0,proposed_c2f_adaptive_pd_calibrated,10,10,1.0,10,300,0.03333333333333333,10,0,10,0.0,0.0,1672.1179181936627,194.1683983380151,1.0,9567.0,9567.0,0.0,11.964200006332248,"6,0,6,1,10,6,11,6,8,0",0:1-6;1:1-0;2:0-6;3:8-1;4:0-10;5:1-6;6:9-11;7:4-6;8:0-8;9:2-0
1,proposed_c2f_adaptive_pd,10,10,1.0,19,300,0.06333333333333334,10,0,10,0.0,0.0,25960.461773856896,171.32131364242258,1.0,13599.0,13599.0,0.0,3.5046000266447663,"5,4,8,9,13,2,11,11,7,2",0:1-5;1:0-4;2:0-8;3:0-9;4:2-13;5:0-2;6:0-11;7:0-11;8:1-7;9:3-2
1,proposed_c2f_adaptive_pd_calibrated,10,10,1.0,19,300,0.06333333333333334,10,0,10,0.0,0.0,25960.461773856896,171.32131364242258,1.0,13599.0,13599.0,0.0,10.49860002240166,"5,4,8,9,13,2,11,11,7,2",0:1-5;1:0-4;2:0-8;3:0-9;4:2-13;5:0-2;6:0-11;7:0-11;8:1-7;9:3-2
2,proposed_c2f_adaptive_pd,10,10,1.0,13,300,0.043333333333333335,11,0,11,0.0,0.0,2081.8095121979572,72.8308750428453,1.0,11848.0,11848.0,0.0,5.822500039357692,"8,10,10,12,6,11,0,10,8,14","0:2-8;1:8-10;2:3-10;3:1-12;4:0-6;5:4-11;6:1-0;7:14-10;8:10-8,4-8;9:12-14"
2,proposed_c2f_adaptive_pd_calibrated,10,10,1.0,14,300,0.04666666666666667,11,0,11,0.0,0.0,2081.8095121979572,72.8308750428453,1.0,11848.0,11848.0,0.0,14.915700012352318,"8,10,10,12,6,11,0,10,8,14","0:2-8;1:8-10;2:3-10;3:1-12;4:0-6;5:4-11;6:1-0;7:14-10;8:10-8,4-8;9:12-14"
3,proposed_c2f_adaptive_pd,9,10,0.9,12,300,0.04,15,3,12,1920.0,3.2,1011.0885831446428,307.9488630338776,1.0,12505.0,12505.0,0.0,6.964800006244332,"12,11,6,6,12,3,9,4,13,5","0:1-12;1:1-11;2:0-6,0-12,2-6,0-5,4-6,6-5;3:2-6;4:0-12;5:1-3;6:0-9;7:2-4;8:1-13;9:2-5"
3,proposed_c2f_adaptive_pd_calibrated,9,10,0.9,13,300,0.043333333333333335,15,3,12,1920.0,3.2,1011.0885831446428,307.9488630338776,1.0,12505.0,12505.0,0.0,18.29650002764538,"12,11,6,6,12,3,9,4,13,5","0:1-12;1:1-11;2:0-6,0-12,2-6,0-5,4-6,6-5;3:2-6;4:0-12;5:1-3;6:0-9;7:2-4;8:1-13;9:2-5"
4,proposed_c2f_adaptive_pd,10,10,1.0,12,300,0.04,10,0,10,0.0,0.0,910.5253151942854,215.45650390225734,1.0,10659.0,10659.0,0.0,6.39470003079623,"8,7,7,9,4,1,13,1,1,10",0:0-8;1:2-7;2:1-7;3:3-9;4:0-4;5:2-1;6:0-13;7:2-1;8:6-1;9:0-10
4,proposed_c2f_adaptive_pd_calibrated,10,10,1.0,12,300,0.04,10,0,10,0.0,0.0,910.5253151942854,215.45650390225734,1.0,10659.0,10659.0,0.0,10.954600002150983,"8,7,7,9,4,1,13,1,1,10",0:0-8;1:2-7;2:1-7;3:3-9;4:0-4;5:2-1;6:0-13;7:2-1;8:6-1;9:0-10
5,proposed_c2f_adaptive_pd,10,10,1.0,9,300,0.03,10,0,10,0.0,0.0,343.6813442595738,95.24911735422418,1.0,8811.0,8811.0,0.0,6.2679999973624945,"7,4,13,11,6,9,6,4,4,10",0:5-7;1:1-4;2:1-13;3:4-11;4:7-6;5:13-9;6:14-6;7:10-4;8:1-4;9:4-10
5,proposed_c2f_adaptive_pd_calibrated,10,10,1.0,11,300,0.03666666666666667,10,0,10,0.0,0.0,343.6813442595738,95.24911735422418,1.0,8811.0,8811.0,0.0,10.275200009346008,"7,4,13,11,6,9,6,4,4,10",0:5-7;1:1-4;2:1-13;3:4-11;4:7-6;5:13-9;6:14-6;7:10-4;8:1-4;9:4-10
6,proposed_c2f_adaptive_pd,10,10,1.0,15,300,0.05,11,0,11,0.0,0.0,1363.235297291131,544.3598105672696,1.0,10732.0,10732.0,0.0,3.722699999343604,"2,1,4,6,9,3,3,4,4,4","0:0-2;1:0-1;2:0-4;3:0-6;4:1-9;5:2-3;6:4-3;7:0-4;8:1-4;9:8-4,5-4"
6,proposed_c2f_adaptive_pd_calibrated,10,10,1.0,15,300,0.05,11,0,11,0.0,0.0,1363.235297291131,544.3598105672696,1.0,10732.0,10732.0,0.0,14.360899978782982,"2,1,4,6,9,3,3,4,4,4","0:0-2;1:0-1;2:0-4;3:0-6;4:1-9;5:2-3;6:4-3;7:0-4;8:1-4;9:8-4,5-4"
7,proposed_c2f_adaptive_pd,10,10,1.0,22,300,0.07333333333333333,11,0,11,0.0,0.0,463.7973024248125,218.21874844786703,1.0,11964.0,11964.0,0.0,5.354899971280247,"4,3,6,14,4,2,4,6,8,4","0:1-4;1:12-3;2:0-6;3:2-14;4:2-4;5:0-2;6:3-4,12-4;7:0-6;8:0-8;9:2-4"
7,proposed_c2f_adaptive_pd_calibrated,10,10,1.0,22,300,0.07333333333333333,11,0,11,0.0,0.0,463.7973024248125,218.21874844786703,1.0,11964.0,11964.0,0.0,10.746199986897409,"4,3,6,14,4,2,4,6,8,4","0:1-4;1:12-3;2:0-6;3:2-14;4:2-4;5:0-2;6:3-4,12-4;7:0-6;8:0-8;9:2-4"
8,proposed_c2f_adaptive_pd,10,10,1.0,21,300,0.07,12,0,12,0.0,0.0,1972.3843074963631,327.2090760698293,1.0,13866.0,13866.0,0.0,4.022500012069941,"3,1,2,14,2,4,14,3,9,5","0:2-3,11-3,1-3;1:0-1;2:3-2;3:0-14;4:1-2;5:0-4;6:0-14;7:0-3;8:1-9;9:0-5"
8,proposed_c2f_adaptive_pd_calibrated,10,10,1.0,21,300,0.07,12,0,12,0.0,0.0,1972.3843074963631,327.2090760698293,1.0,13866.0,13866.0,0.0,16.662499983794987,"3,1,2,14,2,4,14,3,9,5","0:2-3,11-3,1-3;1:0-1;2:3-2;3:0-14;4:1-2;5:0-4;6:0-14;7:0-3;8:1-9;9:0-5"
9,proposed_c2f_adaptive_pd,9,10,0.9,9,270,0.03333333333333333,10,0,10,0.0,0.0,512.0398056704873,364.17034896633413,0.9,9581.0,9581.0,0.0,3.0414999928325415,"14,6,6,1,14,11,10,13,0,8",0:7-14;1:0-6;2:0-6;3:3-1;4:0-14;5:3-11;6:0-10;7:1-13;8:1-0;9:0-8
9,proposed_c2f_adaptive_pd_calibrated,9,10,0.9,9,270,0.03333333333333333,10,0,10,0.0,0.0,512.0398056704873,364.17034896633413,0.9,9581.0,9581.0,0.0,9.374900022521615,"14,6,6,1,14,11,10,13,0,8",0:7-14;1:0-6;2:0-6;3:3-1;4:0-14;5:3-11;6:0-10;7:1-13;8:1-0;9:0-8
10,proposed_c2f_adaptive_pd,10,10,1.0,20,300,0.06666666666666667,15,1,14,640.0,1.0666666666666667,1436.740508016771,198.20200502260485,1.0,12043.0,12043.0,0.0,7.734899991191924,"13,7,14,4,1,5,7,12,0,3","0:0-13;1:0-7;2:7-14,14-7,3-14,4-14,5-14,12-14;3:1-4;4:0-1;5:0-5;6:11-7;7:2-12;8:1-0;9:4-3"
10,proposed_c2f_adaptive_pd_calibrated,10,10,1.0,20,300,0.06666666666666667,15,1,14,640.0,1.0666666666666667,1436.740508016771,198.20200502260485,1.0,12043.0,12043.0,0.0,20.247999986167997,"13,7,14,4,1,5,7,12,0,3","0:0-13;1:0-7;2:7-14,14-7,3-14,4-14,5-14,12-14;3:1-4;4:0-1;5:0-5;6:11-7;7:2-12;8:1-0;9:4-3"
11,proposed_c2f_adaptive_pd,10,10,1.0,14,300,0.04666666666666667,10,0,10,0.0,0.0,600.9792154390607,208.5815184855945,1.0,11429.0,11429.0,0.0,6.147999956738204,"6,7,4,3,7,2,4,8,14,4",0:0-6;1:0-7;2:1-4;3:0-3;4:1-7;5:0-2;6:1-4;7:2-8;8:1-14;9:1-4
11,proposed_c2f_adaptive_pd_calibrated,10,10,1.0,14,300,0.04666666666666667,10,0,10,0.0,0.0,600.9792154390607,208.5815184855945,1.0,11429.0,11429.0,0.0,13.000699982512742,"6,7,4,3,7,2,4,8,14,4",0:0-6;1:0-7;2:1-4;3:0-3;4:1-7;5:0-2;6:1-4;7:2-8;8:1-14;9:1-4
12,proposed_c2f_adaptive_pd,10,10,1.0,12,300,0.04,11,0,11,0.0,0.0,27322.296356511844,374.7124326094829,1.0,12923.0,12923.0,0.0,6.111800030339509,"11,7,7,1,8,2,0,5,10,5","0:3-11;1:0-7;2:13-7,4-7;3:0-1;4:3-8;5:9-2;6:1-0;7:3-5;8:0-10;9:10-5"
12,proposed_c2f_adaptive_pd_calibrated,10,10,1.0,12,300,0.04,11,0,11,0.0,0.0,27322.296356511844,374.7124326094829,1.0,12923.0,12923.0,0.0,15.689799969550222,"11,7,7,1,8,2,0,5,10,5","0:3-11;1:0-7;2:13-7,4-7;3:0-1;4:3-8;5:9-2;6:1-0;7:3-5;8:0-10;9:10-5"
13,proposed_c2f_adaptive_pd,10,10,1.0,23,300,0.07666666666666666,15,3,12,1920.0,3.2,2822.6236853090954,174.1388351172322,1.0,14217.0,14217.0,0.0,7.848199980799109,"1,3,11,10,6,0,7,3,5,10","0:1-2,2-1,1-12,12-1,5-1,13-12;1:2-3;2:0-11;3:0-10;4:0-6;5:1-0;6:5-7;7:2-3;8:14-5;9:8-10"
13,proposed_c2f_adaptive_pd_calibrated,10,10,1.0,24,300,0.08,15,3,12,1920.0,3.2,2822.6236853090954,174.1388351172322,1.0,14217.0,14217.0,0.0,20.348200050648302,"1,3,11,10,6,0,7,3,5,10","0:1-2,2-1,1-12,12-1,5-1,13-12;1:2-3;2:0-11;3:0-10;4:0-6;5:1-0;6:5-7;7:2-3;8:14-5;9:8-10"
14,proposed_c2f_adaptive_pd,10,10,1.0,8,300,0.02666666666666667,10,0,10,0.0,0.0,17795.955289343845,1163.995852153404,1.0,10659.0,10659.0,0.0,3.6344000254757702,"12,4,12,5,8,4,9,12,0,10",0:4-12;1:0-4;2:0-12;3:9-5;4:0-8;5:2-4;6:0-9;7:2-12;8:2-0;9:1-10
14,proposed_c2f_adaptive_pd_calibrated,10,10,1.0,9,300,0.03,10,0,10,0.0,0.0,17795.955289343845,1163.995852153404,1.0,10659.0,10659.0,0.0,13.553299999330193,"12,4,12,5,8,4,9,12,0,10",0:4-12;1:0-4;2:0-12;3:9-5;4:0-8;5:2-4;6:0-9;7:2-12;8:2-0;9:1-10
15,proposed_c2f_adaptive_pd,10,10,1.0,15,300,0.05,10,0,10,0.0,0.0,1182.7391819418876,284.23242250655903,1.0,10197.0,10197.0,0.0,3.421999979764223,"1,8,9,8,10,10,11,7,6,10",0:0-1;1:1-8;2:0-9;3:1-8;4:0-10;5:0-10;6:0-11;7:2-7;8:0-6;9:0-10
15,proposed_c2f_adaptive_pd_calibrated,10,10,1.0,15,300,0.05,10,0,10,0.0,0.0,1182.7391819418876,284.23242250655903,1.0,10197.0,10197.0,0.0,13.491699995938689,"1,8,9,8,10,10,11,7,6,10",0:0-1;1:1-8;2:0-9;3:1-8;4:0-10;5:0-10;6:0-11;7:2-7;8:0-6;9:0-10
16,proposed_c2f_adaptive_pd,10,10,1.0,16,300,0.05333333333333334,10,0,10,0.0,0.0,1370.4579322741702,386.5468247466322,1.0,8223.0,8223.0,0.0,5.4632999817840755,"14,2,14,14,2,7,5,14,4,0",0:2-14;1:6-2;2:2-14;3:0-14;4:0-2;5:1-7;6:2-5;7:2-14;8:2-4;9:9-0
16,proposed_c2f_adaptive_pd_calibrated,10,10,1.0,16,300,0.05333333333333334,10,0,10,0.0,0.0,1370.4579322741702,386.5468247466322,1.0,8223.0,8223.0,0.0,13.152800034731627,"14,2,14,14,2,7,5,14,4,0",0:2-14;1:6-2;2:2-14;3:0-14;4:0-2;5:1-7;6:2-5;7:2-14;8:2-4;9:9-0
17,proposed_c2f_adaptive_pd,10,10,1.0,12,300,0.04,10,0,10,0.0,0.0,715.1511589908584,171.6469767309685,1.0,11079.0,11079.0,0.0,4.278099979273975,"1,3,4,5,7,6,6,1,6,5",0:0-1;1:1-3;2:3-4;3:3-5;4:0-7;5:7-6;6:0-6;7:0-1;8:0-6;9:11-5
17,proposed_c2f_adaptive_pd_calibrated,10,10,1.0,12,300,0.04,10,0,10,0.0,0.0,715.1511589908584,171.6469767309685,1.0,11079.0,11079.0,0.0,11.824899993371218,"1,3,4,5,7,6,6,1,6,5",0:0-1;1:1-3;2:3-4;3:3-5;4:0-7;5:7-6;6:0-6;7:0-1;8:0-6;9:11-5
18,proposed_c2f_adaptive_pd,10,10,1.0,12,300,0.04,12,1,11,640.0,1.0666666666666667,2678.7286729146817,198.77095343926325,1.0,12776.0,12776.0,0.0,7.1023000054992735,"8,8,5,14,1,13,2,2,8,10","0:9-8;1:0-8;2:0-5;3:2-14;4:1-6,6-1;5:0-13;6:1-2;7:3-2;8:9-8,1-8;9:2-10"
18,proposed_c2f_adaptive_pd_calibrated,10,10,1.0,12,300,0.04,12,1,11,640.0,1.0666666666666667,2678.7286729146817,198.77095343926325,1.0,12776.0,12776.0,0.0,13.46769998781383,"8,8,5,14,1,13,2,2,8,10","0:9-8;1:0-8;2:0-5;3:2-14;4:1-6,6-1;5:0-13;6:1-2;7:3-2;8:9-8,1-8;9:2-10"
19,proposed_c2f_adaptive_pd,10,10,1.0,11,300,0.03666666666666667,15,3,12,1920.0,3.2,2338.770870003769,325.4793415856733,1.0,18151.0,18151.0,0.0,5.845599982421845,"6,2,9,8,7,3,2,3,6,7","0:5-6;1:12-2;2:0-9;3:11-8;4:3-7;5:5-3;6:0-2;7:1-3;8:10-6,6-10,0-6,5-6,6-0,5-10;9:1-7"
19,proposed_c2f_adaptive_pd_calibrated,10,10,1.0,11,300,0.03666666666666667,15,3,12,1920.0,3.2,2338.770870003769,325.4793415856733,1.0,18151.0,18151.0,0.0,20.66519996151328,"6,2,9,8,7,3,2,3,6,7","0:5-6;1:12-2;2:0-9;3:11-8;4:3-7;5:5-3;6:0-2;7:1-3;8:10-6,6-10,0-6,5-6,6-0,5-10;9:1-7"
20,proposed_c2f_adaptive_pd,10,10,1.0,11,300,0.03666666666666667,13,1,12,640.0,1.0666666666666667,2888.936660282501,325.6480776872735,1.0,16245.0,16245.0,0.0,6.386999972164631,"14,1,8,6,6,12,10,3,5,12","0:6-14,14-6,10-14,12-14;1:0-1;2:0-8;3:0-6;4:13-6;5:1-12;6:2-10;7:1-3;8:1-5;9:5-12"
20,proposed_c2f_adaptive_pd_calibrated,10,10,1.0,11,300,0.03666666666666667,13,1,12,640.0,1.0666666666666667,2888.936660282501,325.6480776872735,1.0,16245.0,16245.0,0.0,15.598499972838908,"14,1,8,6,6,12,10,3,5,12","0:6-14,14-6,10-14,12-14;1:0-1;2:0-8;3:0-6;4:13-6;5:1-12;6:2-10;7:1-3;8:1-5;9:5-12"
21,proposed_c2f_adaptive_pd,10,10,1.0,15,300,0.05,15,1,14,640.0,1.0666666666666667,1655.1692876358175,44.30324778056815,1.0,13564.0,13564.0,0.0,7.884200022090226,"3,1,10,2,9,13,3,6,12,2","0:0-3;1:0-1;2:5-10;3:9-2,2-9,10-2;4:1-9;5:0-13;6:0-3;7:0-6;8:1-12;9:13-2,10-2,9-2,3-2"
21,proposed_c2f_adaptive_pd_calibrated,10,10,1.0,15,300,0.05,15,1,14,640.0,1.0666666666666667,1655.1692876358175,44.30324778056815,1.0,13564.0,13564.0,0.0,14.760599995497614,"3,1,10,2,9,13,3,6,12,2","0:0-3;1:0-1;2:5-10;3:9-2,2-9,10-2;4:1-9;5:0-13;6:0-3;7:0-6;8:1-12;9:13-2,10-2,9-2,3-2"
22,proposed_c2f_adaptive_pd,10,10,1.0,14,300,0.04666666666666667,10,0,10,0.0,0.0,1576.724175095283,514.0250741484399,1.0,14047.0,14047.0,0.0,5.93089999165386,"3,3,9,3,3,5,4,10,5,3",0:1-3;1:1-3;2:2-9;3:1-3;4:1-3;5:1-5;6:0-4;7:0-10;8:1-5;9:1-3
22,proposed_c2f_adaptive_pd_calibrated,10,10,1.0,14,300,0.04666666666666667,10,0,10,0.0,0.0,1576.724175095283,514.0250741484399,1.0,14047.0,14047.0,0.0,13.471399957779795,"3,3,9,3,3,5,4,10,5,3",0:1-3;1:1-3;2:2-9;3:1-3;4:1-3;5:1-5;6:0-4;7:0-10;8:1-5;9:1-3
23,proposed_c2f_adaptive_pd,10,10,1.0,14,300,0.04666666666666667,11,1,10,640.0,1.0666666666666667,5200.5948953416655,233.7870094936168,1.0,12175.0,12175.0,0.0,4.507300036493689,"6,5,7,7,0,2,10,2,4,6","0:0-6;1:0-5;2:8-7;3:8-7,7-8;4:1-0;5:4-2;6:2-10;7:0-2;8:0-4;9:1-6"
23,proposed_c2f_adaptive_pd_calibrated,10,10,1.0,14,300,0.04666666666666667,11,1,10,640.0,1.0666666666666667,5200.5948953416655,233.7870094936168,1.0,12175.0,12175.0,0.0,10.605099960230291,"6,5,7,7,0,2,10,2,4,6","0:0-6;1:0-5;2:8-7;3:8-7,7-8;4:1-0;5:4-2;6:2-10;7:0-2;8:0-4;9:1-6"
24,proposed_c2f_adaptive_pd,9,10,0.9,26,300,0.08666666666666667,26,0,26,0.0,0.0,1714.7842979430711,163.11531301637729,1.0,24957.0,24957.0,0.0,12.560800008941442,"8,5,5,6,8,4,7,4,4,5","0:10-8;1:3-5,10-5,4-5,13-5,14-5;2:4-5,3-5,10-5,0-5,13-5,14-5;3:0-6;4:0-8;5:6-4;6:0-7;7:13-4,12-4,0-4,2-4,6-4,9-4;8:0-4;9:10-5,3-5,14-5"
24,proposed_c2f_adaptive_pd_calibrated,9,10,0.9,26,300,0.08666666666666667,26,0,26,0.0,0.0,1714.7842979430711,163.11531301637729,1.0,24957.0,24957.0,0.0,28.93410000251606,"8,5,5,6,8,4,7,4,4,5","0:10-8;1:3-5,10-5,4-5,13-5,14-5;2:4-5,3-5,10-5,0-5,13-5,14-5;3:0-6;4:0-8;5:6-4;6:0-7;7:13-4,12-4,0-4,2-4,6-4,9-4;8:0-4;9:10-5,3-5,14-5"
25,proposed_c2f_adaptive_pd,10,10,1.0,19,300,0.06333333333333334,14,0,14,0.0,0.0,4312.907218652088,357.29278632162755,1.0,18696.0,18696.0,0.0,8.342600020114332,"8,7,13,12,9,13,14,8,0,7","0:0-8;1:0-7;2:0-13;3:1-12;4:1-9;5:12-13,4-13,0-13,3-13,1-13;6:0-14;7:13-8;8:2-0;9:0-7"
25,proposed_c2f_adaptive_pd_calibrated,10,10,1.0,20,300,0.06666666666666667,14,0,14,0.0,0.0,4312.907218652088,357.29278632162755,1.0,18696.0,18696.0,0.0,18.30220001284033,"8,7,13,12,9,13,14,8,0,7","0:0-8;1:0-7;2:0-13;3:1-12;4:1-9;5:12-13,4-13,0-13,3-13,1-13;6:0-14;7:13-8;8:2-0;9:0-7"
26,proposed_c2f_adaptive_pd,9,10,0.9,18,300,0.06,15,2,13,1280.0,2.1333333333333333,758.2684213447744,200.51822731982656,1.0,19890.0,19890.0,0.0,8.768300001975149,"12,12,1,0,4,6,11,6,13,6","0:13-12;1:6-12,1-12;2:0-1;3:2-0;4:1-4;5:0-6;6:4-11;7:1-6;8:0-13;9:1-6,6-1,12-6,12-1,14-6"
26,proposed_c2f_adaptive_pd_calibrated,9,10,0.9,18,300,0.06,15,2,13,1280.0,2.1333333333333333,758.2684213447744,200.51822731982656,1.0,19890.0,19890.0,0.0,17.38690002821386,"12,12,1,0,4,6,11,6,13,6","0:13-12;1:6-12,1-12;2:0-1;3:2-0;4:1-4;5:0-6;6:4-11;7:1-6;8:0-13;9:1-6,6-1,12-6,12-1,14-6"
27,proposed_c2f_adaptive_pd,10,10,1.0,10,300,0.03333333333333333,15,1,14,640.0,1.0666666666666667,1238.4175858639885,106.80919723137603,1.0,15851.0,15851.0,0.0,6.326299975626171,"5,9,14,2,13,3,11,7,12,12","0:0-5;1:1-9,9-1,8-9,13-9,10-9,3-9;2:0-14;3:4-2;4:0-13;5:0-3;6:1-11;7:0-7;8:7-12;9:8-12"
27,proposed_c2f_adaptive_pd_calibrated,10,10,1.0,10,300,0.03333333333333333,15,1,14,640.0,1.0666666666666667,1238.4175858639885,106.80919723137603,1.0,15851.0,15851.0,0.0,18.03699997253716,"5,9,14,2,13,3,11,7,12,12","0:0-5;1:1-9,9-1,8-9,13-9,10-9,3-9;2:0-14;3:4-2;4:0-13;5:0-3;6:1-11;7:0-7;8:7-12;9:8-12"
28,proposed_c2f_adaptive_pd,10,10,1.0,14,300,0.04666666666666667,11,0,11,0.0,0.0,3523.889595816558,226.7856435808535,1.0,11964.0,11964.0,0.0,5.712200014386326,"6,2,7,7,7,10,13,13,5,5","0:0-6;1:1-2;2:0-7;3:0-7;4:14-7,12-7;5:1-10;6:0-13;7:0-13;8:0-5;9:0-5"
28,proposed_c2f_adaptive_pd_calibrated,10,10,1.0,14,300,0.04666666666666667,11,0,11,0.0,0.0,3523.889595816558,226.7856435808535,1.0,11964.0,11964.0,0.0,15.558000013697892,"6,2,7,7,7,10,13,13,5,5","0:0-6;1:1-2;2:0-7;3:0-7;4:14-7,12-7;5:1-10;6:0-13;7:0-13;8:0-5;9:0-5"
29,proposed_c2f_adaptive_pd,10,10,1.0,16,300,0.05333333333333334,18,4,14,2560.0,4.266666666666667,734.606909225666,291.1984882262209,1.0,21162.0,21162.0,0.0,8.643199980724603,"11,3,4,5,5,0,5,5,6,14","0:0-11;1:0-3;2:11-4,3-4;3:12-5,1-5,12-9,9-5,1-9,12-6;4:11-5,5-11,4-5;5:2-0;6:3-5;7:3-5;8:0-6;9:0-14"
29,proposed_c2f_adaptive_pd_calibrated,10,10,1.0,16,300,0.05333333333333334,18,4,14,2560.0,4.266666666666667,734.606909225666,291.1984882262209,1.0,21162.0,21162.0,0.0,22.009599953889847,"11,3,4,5,5,0,5,5,6,14","0:0-11;1:0-3;2:11-4,3-4;3:12-5,1-5,12-9,9-5,1-9,12-6;4:11-5,5-11,4-5;5:2-0;6:3-5;7:3-5;8:0-6;9:0-14"
30,proposed_c2f_adaptive_pd,10,10,1.0,7,300,0.023333333333333334,10,0,10,0.0,0.0,13069.540280930065,478.88227668802176,1.0,11429.0,11429.0,0.0,6.106099986936897,"12,1,7,8,3,1,13,7,0,9",0:1-12;1:0-1;2:3-7;3:0-8;4:1-3;5:0-1;6:0-13;7:0-7;8:1-0;9:5-9
30,proposed_c2f_adaptive_pd_calibrated,10,10,1.0,8,300,0.02666666666666667,10,0,10,0.0,0.0,13069.540280930065,478.88227668802176,1.0,11429.0,11429.0,0.0,10.55329997325316,"12,1,7,8,3,1,13,7,0,9",0:1-12;1:0-1;2:3-7;3:0-8;4:1-3;5:0-1;6:0-13;7:0-7;8:1-0;9:5-9
31,proposed_c2f_adaptive_pd,10,10,1.0,13,300,0.043333333333333335,10,0,10,0.0,0.0,1640.12389374729,542.996158865767,1.0,7733.0,7733.0,0.0,5.4379000212065876,"9,13,8,3,9,8,13,0,0,11",0:0-9;1:0-13;2:1-8;3:5-3;4:0-9;5:1-8;6:0-13;7:3-0;8:3-0;9:0-11
31,proposed_c2f_adaptive_pd_calibrated,10,10,1.0,14,300,0.04666666666666667,10,0,10,0.0,0.0,1640.12389374729,542.996158865767,1.0,7733.0,7733.0,0.0,13.254999998025596,"9,13,8,3,9,8,13,0,0,11",0:0-9;1:0-13;2:1-8;3:5-3;4:0-9;5:1-8;6:0-13;7:3-0;8:3-0;9:0-11
32,proposed_c2f_adaptive_pd,10,10,1.0,13,300,0.043333333333333335,11,1,10,640.0,1.0666666666666667,926.6685757961064,646.1024130308828,1.0,10938.0,10938.0,0.0,5.4169000359252095,"2,12,4,1,7,5,14,2,5,7","0:5-2;1:2-12;2:0-4;3:0-1;4:4-7;5:4-5;6:14-6,6-14;7:12-2;8:1-5;9:2-7"
32,proposed_c2f_adaptive_pd_calibrated,10,10,1.0,13,300,0.043333333333333335,11,1,10,640.0,1.0666666666666667,926.6685757961064,646.1024130308828,1.0,10938.0,10938.0,0.0,12.21439999062568,"2,12,4,1,7,5,14,2,5,7","0:5-2;1:2-12;2:0-4;3:0-1;4:4-7;5:4-5;6:14-6,6-14;7:12-2;8:1-5;9:2-7"
33,proposed_c2f_adaptive_pd,10,10,1.0,10,300,0.03333333333333333,10,0,10,0.0,0.0,1139.53350462858,167.90547291881916,1.0,11751.0,11751.0,0.0,5.499299964867532,"0,12,14,0,0,13,3,0,10,14",0:14-0;1:3-12;2:0-14;3:4-0;4:3-0;5:0-13;6:4-3;7:1-0;8:0-10;9:0-14
33,proposed_c2f_adaptive_pd_calibrated,10,10,1.0,10,300,0.03333333333333333,10,0,10,0.0,0.0,1139.53350462858,167.90547291881916,1.0,11751.0,11751.0,0.0,13.772900041658431,"0,12,14,0,0,13,3,0,10,14",0:14-0;1:3-12;2:0-14;3:4-0;4:3-0;5:0-13;6:4-3;7:1-0;8:0-10;9:0-14
34,proposed_c2f_adaptive_pd,10,10,1.0,17,300,0.056666666666666664,11,0,11,0.0,0.0,783.4570168225639,327.0070637107224,1.0,11283.0,11283.0,0.0,6.750000000465661,"9,9,2,0,9,1,8,0,9,2","0:12-9;1:4-9;2:1-2;3:4-0;4:12-9,4-9;5:2-1;6:2-8;7:1-0;8:0-9;9:0-2"
34,proposed_c2f_adaptive_pd_calibrated,10,10,1.0,17,300,0.056666666666666664,11,0,11,0.0,0.0,783.4570168225639,327.0070637107224,1.0,11283.0,11283.0,0.0,10.684100037906319,"9,9,2,0,9,1,8,0,9,2","0:12-9;1:4-9;2:1-2;3:4-0;4:12-9,4-9;5:2-1;6:2-8;7:1-0;8:0-9;9:0-2"
35,proposed_c2f_adaptive_pd,10,10,1.0,15,300,0.05,15,4,11,2560.0,4.266666666666667,11850.110430658315,333.90675055319895,1.0,14577.0,14577.0,0.0,8.024599985219538,"5,2,0,13,3,4,1,11,0,8","0:0-5;1:2-7,0-7,7-2,0-2,4-7,5-7;2:2-0;3:0-13;4:1-3;5:0-4;6:11-1;7:1-11;8:2-0;9:0-8"
35,proposed_c2f_adaptive_pd_calibrated,10,10,1.0,17,300,0.056666666666666664,15,4,11,2560.0,4.266666666666667,11850.110430658315,333.90675055319895,1.0,14577.0,14577.0,0.0,16.860999981872737,"5,2,0,13,3,4,1,11,0,8","0:0-5;1:2-7,0-7,7-2,0-2,4-7,5-7;2:2-0;3:0-13;4:1-3;5:0-4;6:11-1;7:1-11;8:2-0;9:0-8"
36,proposed_c2f_adaptive_pd,10,10,1.0,16,300,0.05333333333333334,11,0,11,0.0,0.0,1601.2540994100614,254.19080050502248,1.0,9108.0,9108.0,0.0,6.738500029314309,"9,1,1,11,9,5,10,9,9,11","0:1-9;1:12-1;2:0-1,4-1;3:2-11;4:1-9;5:2-5;6:4-10;7:1-9;8:1-9;9:0-11"
36,proposed_c2f_adaptive_pd_calibrated,10,10,1.0,16,300,0.05333333333333334,11,0,11,0.0,0.0,1601.2540994100614,254.19080050502248,1.0,9108.0,9108.0,0.0,15.104399994015694,"9,1,1,11,9,5,10,9,9,11","0:1-9;1:12-1;2:0-1,4-1;3:2-11;4:1-9;5:2-5;6:4-10;7:1-9;8:1-9;9:0-11"
37,proposed_c2f_adaptive_pd,10,10,1.0,13,300,0.043333333333333335,10,0,10,0.0,0.0,4049.8387727258632,772.8850809960759,1.0,13387.0,13387.0,0.0,5.6665000156499445,"0,4,2,13,5,14,1,6,5,3",0:1-0;1:0-4;2:1-2;3:0-13;4:3-5;5:2-14;6:0-1;7:10-6;8:0-5;9:6-3
37,proposed_c2f_adaptive_pd_calibrated,10,10,1.0,13,300,0.043333333333333335,10,0,10,0.0,0.0,4049.8387727258632,772.8850809960759,1.0,13387.0,13387.0,0.0,11.576800025068223,"0,4,2,13,5,14,1,6,5,3",0:1-0;1:0-4;2:1-2;3:0-13;4:3-5;5:2-14;6:0-1;7:10-6;8:0-5;9:6-3
38,proposed_c2f_adaptive_pd,10,10,1.0,14,300,0.04666666666666667,15,2,13,1280.0,2.1333333333333333,1111.055096792738,433.73281976503813,1.0,13639.0,13639.0,0.0,6.857000000309199,"9,2,3,7,13,8,0,11,0,3","0:1-9;1:1-2;2:4-3;3:0-7;4:4-13;5:3-8;6:1-0;7:0-11;8:11-0,0-11,12-0,0-12,9-0,13-0;9:1-3"
38,proposed_c2f_adaptive_pd_calibrated,10,10,1.0,14,300,0.04666666666666667,15,2,13,1280.0,2.1333333333333333,1111.055096792738,433.73281976503813,1.0,13639.0,13639.0,0.0,18.47119996091351,"9,2,3,7,13,8,0,11,0,3","0:1-9;1:1-2;2:4-3;3:0-7;4:4-13;5:3-8;6:1-0;7:0-11;8:11-0,0-11,12-0,0-12,9-0,13-0;9:1-3"
39,proposed_c2f_adaptive_pd,10,10,1.0,16,300,0.05333333333333334,10,0,10,0.0,0.0,3985.746827339707,694.2357871496374,1.0,12087.0,12087.0,0.0,4.7913999878801405,"12,3,1,13,2,10,14,12,14,2",0:3-12;1:0-3;2:0-1;3:0-13;4:4-2;5:0-10;6:3-14;7:2-12;8:3-14;9:13-2
39,proposed_c2f_adaptive_pd_calibrated,10,10,1.0,16,300,0.05333333333333334,10,0,10,0.0,0.0,3985.746827339707,694.2357871496374,1.0,12087.0,12087.0,0.0,11.88679999904707,"12,3,1,13,2,10,14,12,14,2",0:3-12;1:0-3;2:0-1;3:0-13;4:4-2;5:0-10;6:3-14;7:2-12;8:3-14;9:13-2
40,proposed_c2f_adaptive_pd,10,10,1.0,15,300,0.05,11,0,11,0.0,0.0,4805.532160069957,191.0313156467093,1.0,11848.0,11848.0,0.0,4.2900999542325735,"13,13,3,9,12,4,5,14,3,11","0:0-13;1:14-13;2:0-3;3:14-9,5-9;4:0-12;5:2-4;6:0-5;7:5-14;8:0-3;9:0-11"
40,proposed_c2f_adaptive_pd_calibrated,10,10,1.0,16,300,0.05333333333333334,11,0,11,0.0,0.0,4805.532160069957,191.0313156467093,1.0,11848.0,11848.0,0.0,13.89599998947233,"13,13,3,9,12,4,5,14,3,11","0:0-13;1:14-13;2:0-3;3:14-9,5-9;4:0-12;5:2-4;6:0-5;7:5-14;8:0-3;9:0-11"
41,proposed_c2f_adaptive_pd,10,10,1.0,13,300,0.043333333333333335,10,0,10,0.0,0.0,231.85252812018507,99.44104672849645,1.0,9581.0,9581.0,0.0,3.9492000360041857,"2,9,0,0,1,4,10,13,3,2",0:5-2;1:2-9;2:2-0;3:3-0;4:3-1;5:1-4;6:0-10;7:0-13;8:0-3;9:10-2
41,proposed_c2f_adaptive_pd_calibrated,10,10,1.0,13,300,0.043333333333333335,10,0,10,0.0,0.0,231.85252812018507,99.44104672849645,1.0,9581.0,9581.0,0.0,12.001299997791648,"2,9,0,0,1,4,10,13,3,2",0:5-2;1:2-9;2:2-0;3:3-0;4:3-1;5:1-4;6:0-10;7:0-13;8:0-3;9:10-2
42,proposed_c2f_adaptive_pd,10,10,1.0,19,300,0.06333333333333334,10,0,10,0.0,0.0,2393.1580886932325,616.8024091550238,1.0,9581.0,9581.0,0.0,4.709100001491606,"5,0,8,12,4,1,3,4,14,8",0:0-5;1:1-0;2:1-8;3:0-12;4:0-4;5:0-1;6:1-3;7:2-4;8:0-14;9:1-8
42,proposed_c2f_adaptive_pd_calibrated,10,10,1.0,19,300,0.06333333333333334,10,0,10,0.0,0.0,2393.1580886932325,616.8024091550238,1.0,9581.0,9581.0,0.0,11.04239997221157,"5,0,8,12,4,1,3,4,14,8",0:0-5;1:1-0;2:1-8;3:0-12;4:0-4;5:0-1;6:1-3;7:2-4;8:0-14;9:1-8
43,proposed_c2f_adaptive_pd,10,10,1.0,17,300,0.056666666666666664,10,0,10,0.0,0.0,611.0302433662089,400.4790421647235,1.0,9581.0,9581.0,0.0,5.842100013978779,"8,10,5,6,12,6,6,3,14,12",0:3-8;1:1-10;2:2-5;3:13-6;4:1-12;5:0-6;6:0-6;7:8-3;8:0-14;9:1-12
43,proposed_c2f_adaptive_pd_calibrated,10,10,1.0,17,300,0.056666666666666664,10,0,10,0.0,0.0,611.0302433662089,400.4790421647235,1.0,9581.0,9581.0,0.0,10.388800001237541,"8,10,5,6,12,6,6,3,14,12",0:3-8;1:1-10;2:2-5;3:13-6;4:1-12;5:0-6;6:0-6;7:8-3;8:0-14;9:1-12
44,proposed_c2f_adaptive_pd,10,10,1.0,21,300,0.07,10,0,10,0.0,0.0,26721.14317045075,186.24662996714,1.0,10071.0,10071.0,0.0,4.980900033842772,"7,0,6,0,12,1,3,14,9,0",0:0-7;1:2-0;2:0-6;3:9-0;4:0-12;5:0-1;6:8-3;7:0-14;8:0-9;9:1-0
44,proposed_c2f_adaptive_pd_calibrated,10,10,1.0,21,300,0.07,10,0,10,0.0,0.0,26721.14317045075,186.24662996714,1.0,10071.0,10071.0,0.0,13.142699957825243,"7,0,6,0,12,1,3,14,9,0",0:0-7;1:2-0;2:0-6;3:9-0;4:0-12;5:0-1;6:8-3;7:0-14;8:0-9;9:1-0
45,proposed_c2f_adaptive_pd,10,10,1.0,20,300,0.06666666666666667,20,1,19,640.0,1.0666666666666667,2142.888741440094,186.73077957448513,1.0,22928.0,22928.0,0.0,9.915200003888458,"2,13,0,4,6,1,2,13,3,6","0:0-2;1:2-13;2:1-0;3:0-4;4:0-6;5:11-1,10-1,5-1,0-1,7-1,6-1;6:3-2;7:8-13;8:0-3;9:0-6,13-6,14-6,7-6,6-0,1-6"
45,proposed_c2f_adaptive_pd_calibrated,10,10,1.0,20,300,0.06666666666666667,20,1,19,640.0,1.0666666666666667,2142.888741440094,186.73077957448513,1.0,22928.0,22928.0,0.0,25.72340000187978,"2,13,0,4,6,1,2,13,3,6","0:0-2;1:2-13;2:1-0;3:0-4;4:0-6;5:11-1,10-1,5-1,0-1,7-1,6-1;6:3-2;7:8-13;8:0-3;9:0-6,13-6,14-6,7-6,6-0,1-6"
46,proposed_c2f_adaptive_pd,10,10,1.0,16,300,0.05333333333333334,10,0,10,0.0,0.0,1907.5265982557842,436.21484749442743,1.0,8349.0,8349.0,0.0,4.143800004385412,"3,5,0,3,14,5,8,6,3,11",0:0-3;1:0-5;2:1-0;3:0-3;4:5-14;5:9-5;6:0-8;7:0-6;8:0-3;9:0-11
46,proposed_c2f_adaptive_pd_calibrated,10,10,1.0,16,300,0.05333333333333334,10,0,10,0.0,0.0,1907.5265982557842,436.21484749442743,1.0,8349.0,8349.0,0.0,11.016000004019588,"3,5,0,3,14,5,8,6,3,11",0:0-3;1:0-5;2:1-0;3:0-3;4:5-14;5:9-5;6:0-8;7:0-6;8:0-3;9:0-11
47,proposed_c2f_adaptive_pd,9,10,0.9,11,300,0.03666666666666667,10,0,10,0.0,0.0,323.55602618299565,325.7552616219583,1.0,9903.0,9903.0,0.0,5.785000044852495,"8,4,0,11,6,8,11,7,6,12",0:0-8;1:5-4;2:1-0;3:4-11;4:3-6;5:5-8;6:5-11;7:0-7;8:1-6;9:0-12
47,proposed_c2f_adaptive_pd_calibrated,9,10,0.9,11,300,0.03666666666666667,10,0,10,0.0,0.0,323.55602618299565,325.7552616219583,1.0,9903.0,9903.0,0.0,14.923299953807145,"8,4,0,11,6,8,11,7,6,12",0:0-8;1:5-4;2:1-0;3:4-11;4:3-6;5:5-8;6:5-11;7:0-7;8:1-6;9:0-12
48,proposed_c2f_adaptive_pd,10,10,1.0,9,300,0.03,12,0,12,0.0,0.0,271.4725045866667,106.76806855867945,1.0,11141.0,11141.0,0.0,5.515299970284104,"11,2,2,0,0,2,0,6,9,3","0:0-11;1:0-2;2:0-2;3:2-0;4:1-0;5:0-2;6:2-0;7:11-6;8:1-9;9:1-3,12-3,5-3"
48,proposed_c2f_adaptive_pd_calibrated,10,10,1.0,9,300,0.03,12,0,12,0.0,0.0,271.4725045866667,106.76806855867945,1.0,11141.0,11141.0,0.0,16.775800031609833,"11,2,2,0,0,2,0,6,9,3","0:0-11;1:0-2;2:0-2;3:2-0;4:1-0;5:0-2;6:2-0;7:11-6;8:1-9;9:1-3,12-3,5-3"
49,proposed_c2f_adaptive_pd,10,10,1.0,17,300,0.056666666666666664,13,1,12,640.0,1.0666666666666667,412.0895321309884,138.18599921072027,1.0,12268.0,12268.0,0.0,7.583900005556643,"0,4,3,13,8,1,14,7,6,11","0:11-0;1:1-4;2:1-3;3:6-13;4:0-8;5:3-1;6:2-14;7:1-7;8:10-6,2-6;9:0-11,11-0,6-11"
49,proposed_c2f_adaptive_pd_calibrated,10,10,1.0,18,300,0.06,13,1,12,640.0,1.0666666666666667,412.0895321309884,138.18599921072027,1.0,12268.0,12268.0,0.0,17.77340000262484,"0,4,3,13,8,1,14,7,6,11","0:11-0;1:1-4;2:1-3;3:6-13;4:0-8;5:3-1;6:2-14;7:1-7;8:10-6,2-6;9:0-11,11-0,6-11"
50,proposed_c2f_adaptive_pd,10,10,1.0,16,300,0.05333333333333334,11,1,10,640.0,1.0666666666666667,6584.875840057097,266.29230455852394,1.0,12468.0,12468.0,0.0,5.481000000145286,"0,3,2,5,6,5,3,6,6,10","0:2-0;1:6-3;2:0-2;3:0-5;4:0-6;5:6-5,5-6;6:6-3;7:0-6;8:0-6;9:0-10"
50,proposed_c2f_adaptive_pd_calibrated,10,10,1.0,16,300,0.05333333333333334,11,1,10,640.0,1.0666666666666667,6584.875840057097,266.29230455852394,1.0,12468.0,12468.0,0.0,15.046399959828705,"0,3,2,5,6,5,3,6,6,10","0:2-0;1:6-3;2:0-2;3:0-5;4:0-6;5:6-5,5-6;6:6-3;7:0-6;8:0-6;9:0-10"
51,proposed_c2f_adaptive_pd,10,10,1.0,10,300,0.03333333333333333,10,0,10,0.0,0.0,6802.907994966942,527.2797621749629,1.0,12591.0,12591.0,0.0,5.841200007125735,"2,6,5,3,7,7,9,11,6,9",0:0-2;1:2-6;2:0-5;3:1-3;4:0-7;5:0-7;6:0-9;7:1-11;8:13-6;9:0-9
51,proposed_c2f_adaptive_pd_calibrated,10,10,1.0,11,300,0.03666666666666667,10,0,10,0.0,0.0,6802.907994966942,527.2797621749629,1.0,12591.0,12591.0,0.0,9.251700015738606,"2,6,5,3,7,7,9,11,6,9",0:0-2;1:2-6;2:0-5;3:1-3;4:0-7;5:0-7;6:0-9;7:1-11;8:13-6;9:0-9
52,proposed_c2f_adaptive_pd,10,10,1.0,19,300,0.06333333333333334,10,0,10,0.0,0.0,3666.5563843132963,754.4114381703412,1.0,10813.0,10813.0,0.0,6.040100008249283,"2,12,2,3,5,13,0,7,2,11",0:0-2;1:0-12;2:0-2;3:0-3;4:0-5;5:0-13;6:1-0;7:0-7;8:3-2;9:0-11
52,proposed_c2f_adaptive_pd_calibrated,10,10,1.0,19,300,0.06333333333333334,10,0,10,0.0,0.0,3666.5563843132963,754.4114381703412,1.0,10813.0,10813.0,0.0,9.816700010560453,"2,12,2,3,5,13,0,7,2,11",0:0-2;1:0-12;2:0-2;3:0-3;4:0-5;5:0-13;6:1-0;7:0-7;8:3-2;9:0-11
53,proposed_c2f_adaptive_pd,10,10,1.0,22,300,0.07333333333333333,10,0,10,0.0,0.0,51404.61810684322,4596.003111324766,1.0,9735.0,9735.0,0.0,3.641100018285215,"0,5,3,5,13,11,4,4,14,8",0:1-0;1:0-5;2:6-3;3:0-5;4:0-13;5:0-11;6:6-4;7:2-4;8:0-14;9:4-8
53,proposed_c2f_adaptive_pd_calibrated,10,10,1.0,22,300,0.07333333333333333,10,0,10,0.0,0.0,51404.61810684322,4596.003111324766,1.0,9735.0,9735.0,0.0,10.400599974673241,"0,5,3,5,13,11,4,4,14,8",0:1-0;1:0-5;2:6-3;3:0-5;4:0-13;5:0-11;6:6-4;7:2-4;8:0-14;9:4-8
54,proposed_c2f_adaptive_pd,9,10,0.9,12,300,0.04,15,5,10,3200.0,5.333333333333334,323.10076308084774,93.91659298003304,1.0,14353.0,14353.0,0.0,8.100299979560077,"14,4,1,9,14,5,8,4,8,2","0:1-14;1:0-4;2:0-1;3:8-9;4:2-14;5:1-5;6:0-8;7:4-0,8-0,9-0,12-0,8-4,3-0;8:3-8;9:0-2"
54,proposed_c2f_adaptive_pd_calibrated,9,10,0.9,12,300,0.04,15,5,10,3200.0,5.333333333333334,323.10076308084774,93.91659298003304,1.0,14353.0,14353.0,0.0,12.415099947247654,"14,4,1,9,14,5,8,4,8,2","0:1-14;1:0-4;2:0-1;3:8-9;4:2-14;5:1-5;6:0-8;7:4-0,8-0,9-0,12-0,8-4,3-0;8:3-8;9:0-2"
55,proposed_c2f_adaptive_pd,10,10,1.0,15,300,0.05,10,0,10,0.0,0.0,1571.5412290013833,501.85852105468257,1.0,8965.0,8965.0,0.0,4.36919997446239,"3,5,11,5,13,6,4,2,5,5",0:14-3;1:0-5;2:0-11;3:3-5;4:4-13;5:0-6;6:7-4;7:0-2;8:7-5;9:3-5
55,proposed_c2f_adaptive_pd_calibrated,10,10,1.0,16,300,0.05333333333333334,10,0,10,0.0,0.0,1571.5412290013833,501.85852105468257,1.0,8965.0,8965.0,0.0,11.943600024096668,"3,5,11,5,13,6,4,2,5,5",0:14-3;1:0-5;2:0-11;3:3-5;4:4-13;5:0-6;6:7-4;7:0-2;8:7-5;9:3-5
56,proposed_c2f_adaptive_pd,10,10,1.0,11,300,0.03666666666666667,15,2,13,1280.0,2.1333333333333333,658.5266600126728,185.76042658996158,1.0,11651.0,11651.0,0.0,8.416800003033131,"1,9,0,0,9,4,8,4,14,1","0:0-1;1:13-9;2:14-13,14-0,13-0,0-13,9-0,3-0;3:13-0;4:0-9;5:0-4;6:1-8;7:3-4;8:0-14;9:0-1"
56,proposed_c2f_adaptive_pd_calibrated,10,10,1.0,13,300,0.043333333333333335,15,2,13,1280.0,2.1333333333333333,658.5266600126728,185.76042658996158,1.0,11651.0,11651.0,0.0,20.14560002135113,"1,9,0,0,9,4,8,4,14,1","0:0-1;1:13-9;2:14-13,14-0,13-0,0-13,9-0,3-0;3:13-0;4:0-9;5:0-4;6:1-8;7:3-4;8:0-14;9:0-1"
57,proposed_c2f_adaptive_pd,10,10,1.0,21,300,0.07,10,0,10,0.0,0.0,39999.695531821206,839.1703945285853,1.0,11891.0,11891.0,0.0,4.252100014127791,"6,13,3,6,6,13,12,2,3,14",0:7-6;1:0-13;2:0-3;3:7-6;4:0-6;5:0-13;6:0-12;7:0-2;8:0-3;9:0-14
57,proposed_c2f_adaptive_pd_calibrated,10,10,1.0,21,300,0.07,10,0,10,0.0,0.0,39999.695531821206,839.1703945285853,1.0,11891.0,11891.0,0.0,8.964699984062463,"6,13,3,6,6,13,12,2,3,14",0:7-6;1:0-13;2:0-3;3:7-6;4:0-6;5:0-13;6:0-12;7:0-2;8:0-3;9:0-14
58,proposed_c2f_adaptive_pd,10,10,1.0,14,300,0.04666666666666667,13,1,12,640.0,1.0666666666666667,958.1690503521731,108.6174135822416,1.0,11060.0,11060.0,0.0,6.421900005079806,"6,11,1,12,10,10,14,10,8,3","0:0-6;1:1-11;2:2-1;3:1-12;4:0-10,2-10,13-10;5:0-10;6:1-14;7:10-0,2-10;8:0-8;9:14-3"
58,proposed_c2f_adaptive_pd_calibrated,10,10,1.0,14,300,0.04666666666666667,13,1,12,640.0,1.0666666666666667,958.1690503521731,108.6174135822416,1.0,11060.0,11060.0,0.0,13.11519998125732,"6,11,1,12,10,10,14,10,8,3","0:0-6;1:1-11;2:2-1;3:1-12;4:0-10,2-10,13-10;5:0-10;6:1-14;7:10-0,2-10;8:0-8;9:14-3"
59,proposed_c2f_adaptive_pd,10,10,1.0,14,300,0.04666666666666667,10,0,10,0.0,0.0,4043.043249073701,2476.4540878241314,1.0,9581.0,9581.0,0.0,4.763500008266419,"10,9,12,9,9,3,12,3,9,0",0:0-10;1:0-9;2:0-12;3:0-9;4:0-9;5:4-3;6:0-12;7:2-3;8:0-9;9:2-0
59,proposed_c2f_adaptive_pd_calibrated,10,10,1.0,14,300,0.04666666666666667,10,0,10,0.0,0.0,4043.043249073701,2476.4540878241314,1.0,9581.0,9581.0,0.0,11.572499992325902,"10,9,12,9,9,3,12,3,9,0",0:0-10;1:0-9;2:0-12;3:0-9;4:0-9;5:4-3;6:0-12;7:2-3;8:0-9;9:2-0
60,proposed_c2f_adaptive_pd,10,10,1.0,12,300,0.04,21,5,16,3200.0,5.333333333333334,8489.775828755044,128.48362566589523,1.0,17072.0,17072.0,0.0,7.836400007363409,"7,2,8,9,4,1,7,6,7,7","0:7-1,1-7,7-4,4-7,1-4,4-1;1:1-2;2:2-8;3:0-9;4:9-4,14-4,11-4,7-4;5:2-1;6:7-1,1-7,2-7;7:0-6;8:1-7;9:1-7,2-7"
60,proposed_c2f_adaptive_pd_calibrated,10,10,1.0,12,300,0.04,21,5,16,3200.0,5.333333333333334,8489.775828755044,128.48362566589523,1.0,17072.0,17072.0,0.0,26.06000000378117,"7,2,8,9,4,1,7,6,7,7","0:7-1,1-7,7-4,4-7,1-4,4-1;1:1-2;2:2-8;3:0-9;4:9-4,14-4,11-4,7-4;5:2-1;6:7-1,1-7,2-7;7:0-6;8:1-7;9:1-7,2-7"
61,proposed_c2f_adaptive_pd,10,10,1.0,18,300,0.06,12,0,12,0.0,0.0,1789.1668636457111,94.70174104044582,1.0,12961.0,12961.0,0.0,7.214899989776313,"12,5,5,3,13,10,7,7,13,12","0:0-12;1:1-5;2:0-5;3:0-3;4:8-13;5:0-10;6:0-7;7:0-7;8:7-13,14-13,11-13;9:0-12"
61,proposed_c2f_adaptive_pd_calibrated,10,10,1.0,18,300,0.06,12,0,12,0.0,0.0,1789.1668636457111,94.70174104044582,1.0,12961.0,12961.0,0.0,17.087899963371456,"12,5,5,3,13,10,7,7,13,12","0:0-12;1:1-5;2:0-5;3:0-3;4:8-13;5:0-10;6:0-7;7:0-7;8:7-13,14-13,11-13;9:0-12"
62,proposed_c2f_adaptive_pd,9,10,0.9,12,300,0.04,12,0,12,0.0,0.0,10002.214103518028,113.38173126585761,1.0,12737.0,12737.0,0.0,6.615000020246953,"10,7,0,1,6,5,5,9,14,5","0:0-10;1:2-7;2:5-0;3:0-1;4:0-6;5:0-5;6:0-5;7:0-9;8:0-14;9:9-5,0-5,10-5"
62,proposed_c2f_adaptive_pd_calibrated,9,10,0.9,12,300,0.04,12,0,12,0.0,0.0,10002.214103518028,113.38173126585761,1.0,12737.0,12737.0,0.0,17.41189998574555,"10,7,0,1,6,5,5,9,14,5","0:0-10;1:2-7;2:5-0;3:0-1;4:0-6;5:0-5;6:0-5;7:0-9;8:0-14;9:9-5,0-5,10-5"
63,proposed_c2f_adaptive_pd,9,10,0.9,17,300,0.056666666666666664,20,5,15,3200.0,5.333333333333334,488472.37703795114,210.42628257450647,1.0,22909.0,22909.0,0.0,6.746800034306943,"2,8,5,2,8,14,9,12,8,8","0:7-2;1:0-8;2:0-5;3:7-2;4:0-8;5:13-14;6:0-9;7:0-12;8:8-14,14-8,2-8,0-8,2-14,3-8;9:8-14,14-8,2-8,0-8,2-14,8-0"
63,proposed_c2f_adaptive_pd_calibrated,9,10,0.9,18,300,0.06,20,5,15,3200.0,5.333333333333334,488472.37703795114,210.42628257450647,1.0,22909.0,22909.0,0.0,26.007699954789132,"2,8,5,2,8,14,9,12,8,8","0:7-2;1:0-8;2:0-5;3:7-2;4:0-8;5:13-14;6:0-9;7:0-12;8:8-14,14-8,2-8,0-8,2-14,3-8;9:8-14,14-8,2-8,0-8,2-14,8-0"
64,proposed_c2f_adaptive_pd,10,10,1.0,10,300,0.03333333333333333,10,0,10,0.0,0.0,2684.2725667491113,722.7819704516073,1.0,10239.0,10239.0,0.0,5.382400006055832,"3,9,2,11,1,4,0,13,12,1",0:11-3;1:0-9;2:0-2;3:1-11;4:6-1;5:0-4;6:2-0;7:0-13;8:3-12;9:4-1
64,proposed_c2f_adaptive_pd_calibrated,10,10,1.0,11,300,0.03666666666666667,10,0,10,0.0,0.0,2684.2725667491113,722.7819704516073,1.0,10239.0,10239.0,0.0,8.802799973636866,"3,9,2,11,1,4,0,13,12,1",0:11-3;1:0-9;2:0-2;3:1-11;4:6-1;5:0-4;6:2-0;7:0-13;8:3-12;9:4-1
65,proposed_c2f_adaptive_pd,10,10,1.0,11,300,0.03666666666666667,15,1,14,640.0,1.0666666666666667,1024.0913503064332,239.0252807586826,1.0,17419.0,17419.0,0.0,6.892699981108308,"3,3,3,8,9,10,9,9,7,3","0:2-3;1:0-3;2:0-3;3:0-8;4:0-9;5:3-10,10-3,12-10,6-10,14-10,7-10;6:0-9;7:0-9;8:0-7;9:0-3"
65,proposed_c2f_adaptive_pd_calibrated,10,10,1.0,14,300,0.04666666666666667,15,1,14,640.0,1.0666666666666667,1024.0913503064332,239.0252807586826,1.0,17419.0,17419.0,0.0,19.09210003213957,"3,3,3,8,9,10,9,9,7,3","0:2-3;1:0-3;2:0-3;3:0-8;4:0-9;5:3-10,10-3,12-10,6-10,14-10,7-10;6:0-9;7:0-9;8:0-7;9:0-3"
66,proposed_c2f_adaptive_pd,10,10,1.0,11,300,0.03666666666666667,10,0,10,0.0,0.0,785.7977274647559,537.652830961108,1.0,8811.0,8811.0,0.0,6.243700045160949,"2,0,7,11,10,11,13,3,9,13",0:0-2;1:1-0;2:3-7;3:1-11;4:0-10;5:14-11;6:0-13;7:1-3;8:1-9;9:4-13
66,proposed_c2f_adaptive_pd_calibrated,10,10,1.0,13,300,0.043333333333333335,10,0,10,0.0,0.0,785.7977274647559,537.652830961108,1.0,8811.0,8811.0,0.0,12.860700022429228,"2,0,7,11,10,11,13,3,9,13",0:0-2;1:1-0;2:3-7;3:1-11;4:0-10;5:14-11;6:0-13;7:1-3;8:1-9;9:4-13
67,proposed_c2f_adaptive_pd,9,10,0.9,5,300,0.016666666666666666,12,1,11,640.0,1.0666666666666667,19882.015648317312,115.75554596062102,1.0,14140.0,14140.0,0.0,6.448700034525245,"3,12,9,7,1,2,11,12,6,9","0:10-3,3-10,13-3;1:0-12;2:3-9;3:0-7;4:0-1;5:0-2;6:8-11;7:1-12;8:0-6;9:1-9"
67,proposed_c2f_adaptive_pd_calibrated,9,10,0.9,5,300,0.016666666666666666,12,1,11,640.0,1.0666666666666667,19882.015648317312,115.75554596062102,1.0,14140.0,14140.0,0.0,15.664000005926937,"3,12,9,7,1,2,11,12,6,9","0:10-3,3-10,13-3;1:0-12;2:3-9;3:0-7;4:0-1;5:0-2;6:8-11;7:1-12;8:0-6;9:1-9"
68,proposed_c2f_adaptive_pd,9,10,0.9,17,300,0.056666666666666664,11,0,11,0.0,0.0,2895.50940588765,207.77808549372207,1.0,11292.0,11292.0,0.0,4.055700032040477,"11,14,14,8,11,7,5,8,11,7","0:8-11;1:0-14;2:0-14;3:5-8;4:8-11,5-11;5:0-7;6:6-5;7:0-8;8:5-11;9:0-7"
68,proposed_c2f_adaptive_pd_calibrated,9,10,0.9,17,300,0.056666666666666664,11,0,11,0.0,0.0,2895.50940588765,207.77808549372207,1.0,11292.0,11292.0,0.0,12.629700009711087,"11,14,14,8,11,7,5,8,11,7","0:8-11;1:0-14;2:0-14;3:5-8;4:8-11,5-11;5:0-7;6:6-5;7:0-8;8:5-11;9:0-7"
69,proposed_c2f_adaptive_pd,9,10,0.9,12,300,0.04,20,5,15,3200.0,5.333333333333334,2969.4518815136707,128.019062318237,1.0,21035.0,21035.0,0.0,8.693400013726205,"5,1,9,10,8,2,12,11,13,11","0:0-5;1:0-1;2:0-9;3:0-10;4:1-8;5:0-2;6:0-12;7:0-11,11-0,2-11,11-2,10-11,9-11;8:1-13;9:0-11,11-0,2-11,11-2,10-11,0-2"
69,proposed_c2f_adaptive_pd_calibrated,9,10,0.9,12,300,0.04,20,5,15,3200.0,5.333333333333334,2969.4518815136707,128.019062318237,1.0,21035.0,21035.0,0.0,25.215799978468567,"5,1,9,10,8,2,12,11,13,11","0:0-5;1:0-1;2:0-9;3:0-10;4:1-8;5:0-2;6:0-12;7:0-11,11-0,2-11,11-2,10-11,9-11;8:1-13;9:0-11,11-0,2-11,11-2,10-11,0-2"
70,proposed_c2f_adaptive_pd,9,10,0.9,15,300,0.05,16,1,15,640.0,1.0666666666666667,2561.3060728583355,362.8101695739265,1.0,15841.0,15841.0,0.0,8.237299975007772,"0,8,2,6,2,2,7,1,7,2","0:1-0;1:2-8,8-2,1-8,7-8,11-8,0-8;2:0-2;3:0-6;4:0-2;5:0-2;6:0-7;7:0-1;8:2-7,11-7;9:0-2"
70,proposed_c2f_adaptive_pd_calibrated,9,10,0.9,16,300,0.05333333333333334,16,1,15,640.0,1.0666666666666667,2561.3060728583355,362.8101695739265,1.0,15841.0,15841.0,0.0,19.00620001833886,"0,8,2,6,2,2,7,1,7,2","0:1-0;1:2-8,8-2,1-8,7-8,11-8,0-8;2:0-2;3:0-6;4:0-2;5:0-2;6:0-7;7:0-1;8:2-7,11-7;9:0-2"
71,proposed_c2f_adaptive_pd,10,10,1.0,18,300,0.06,11,0,11,0.0,0.0,10867.030772090377,1062.5196645913588,1.0,13280.0,13280.0,0.0,5.293500027619302,"10,11,11,13,8,1,1,6,12,2","0:2-10;1:4-11;2:13-11;3:6-13;4:1-8;5:4-1;6:14-1,4-1;7:1-6;8:0-12;9:0-2"
71,proposed_c2f_adaptive_pd_calibrated,10,10,1.0,18,300,0.06,11,0,11,0.0,0.0,10867.030772090377,1062.5196645913588,1.0,13280.0,13280.0,0.0,15.502700000070035,"10,11,11,13,8,1,1,6,12,2","0:2-10;1:4-11;2:13-11;3:6-13;4:1-8;5:4-1;6:14-1,4-1;7:1-6;8:0-12;9:0-2"
72,proposed_c2f_adaptive_pd,10,10,1.0,17,300,0.056666666666666664,13,0,13,0.0,0.0,381.6294313246072,142.0032204329034,1.0,11802.0,11802.0,0.0,5.215600016526878,"5,4,7,1,3,6,13,1,11,0","0:2-5;1:0-4;2:0-7;3:0-1;4:9-3;5:2-6;6:0-13;7:2-1;8:6-11,5-11,3-11,8-11;9:1-0"
72,proposed_c2f_adaptive_pd_calibrated,10,10,1.0,19,300,0.06333333333333334,13,0,13,0.0,0.0,381.6294313246072,142.0032204329034,1.0,11802.0,11802.0,0.0,14.161700033582747,"5,4,7,1,3,6,13,1,11,0","0:2-5;1:0-4;2:0-7;3:0-1;4:9-3;5:2-6;6:0-13;7:2-1;8:6-11,5-11,3-11,8-11;9:1-0"
73,proposed_c2f_adaptive_pd,10,10,1.0,18,300,0.06,11,0,11,0.0,0.0,1229.684752442138,219.11038163529537,1.0,10956.0,10956.0,0.0,6.354999961331487,"6,4,13,2,6,11,7,7,1,5","0:0-6;1:1-4;2:0-13;3:9-2,7-2;4:9-6;5:0-11;6:2-7;7:0-7;8:0-1;9:1-5"
73,proposed_c2f_adaptive_pd_calibrated,10,10,1.0,18,300,0.06,11,0,11,0.0,0.0,1229.684752442138,219.11038163529537,1.0,10956.0,10956.0,0.0,14.372000005096197,"6,4,13,2,6,11,7,7,1,5","0:0-6;1:1-4;2:0-13;3:9-2,7-2;4:9-6;5:0-11;6:2-7;7:0-7;8:0-1;9:1-5"
74,proposed_c2f_adaptive_pd,10,10,1.0,15,300,0.05,10,0,10,0.0,0.0,978.7843198856805,157.4571022966578,1.0,9581.0,9581.0,0.0,6.599200016353279,"13,6,2,3,11,6,3,7,13,11",0:1-13;1:2-6;2:0-2;3:13-3;4:0-11;5:5-6;6:7-3;7:0-7;8:1-13;9:0-11
74,proposed_c2f_adaptive_pd_calibrated,10,10,1.0,15,300,0.05,10,0,10,0.0,0.0,978.7843198856805,157.4571022966578,1.0,9581.0,9581.0,0.0,13.827599992509931,"13,6,2,3,11,6,3,7,13,11",0:1-13;1:2-6;2:0-2;3:13-3;4:0-11;5:5-6;6:7-3;7:0-7;8:1-13;9:0-11
75,proposed_c2f_adaptive_pd,10,10,1.0,10,300,0.03333333333333333,11,0,11,0.0,0.0,3262.319184433188,1283.4772653007954,1.0,11096.0,11096.0,0.0,4.960499994922429,"7,5,1,2,13,4,3,7,4,4","0:0-7;1:0-5;2:3-1;3:9-2,0-2;4:6-13;5:0-4;6:1-3;7:0-7;8:0-4;9:0-4"
75,proposed_c2f_adaptive_pd_calibrated,10,10,1.0,10,300,0.03333333333333333,11,0,11,0.0,0.0,3262.319184433188,1283.4772653007954,1.0,11096.0,11096.0,0.0,15.928199980407953,"7,5,1,2,13,4,3,7,4,4","0:0-7;1:0-5;2:3-1;3:9-2,0-2;4:6-13;5:0-4;6:1-3;7:0-7;8:0-4;9:0-4"
76,proposed_c2f_adaptive_pd,10,10,1.0,16,300,0.05333333333333334,10,0,10,0.0,0.0,6264.744051153715,94.43583329727029,1.0,11275.0,11275.0,0.0,4.740600008517504,"5,14,5,1,8,7,8,0,11,1",0:0-5;1:8-14;2:0-5;3:5-1;4:0-8;5:1-7;6:1-8;7:1-0;8:6-11;9:0-1
76,proposed_c2f_adaptive_pd_calibrated,10,10,1.0,16,300,0.05333333333333334,10,0,10,0.0,0.0,6264.744051153715,94.43583329727029,1.0,11275.0,11275.0,0.0,12.381200038362294,"5,14,5,1,8,7,8,0,11,1",0:0-5;1:8-14;2:0-5;3:5-1;4:0-8;5:1-7;6:1-8;7:1-0;8:6-11;9:0-1
77,proposed_c2f_adaptive_pd,10,10,1.0,20,300,0.06666666666666667,19,3,16,1920.0,3.2,817.1034549430656,150.46968813464207,1.0,20789.0,20789.0,0.0,9.525900008156896,"10,4,8,11,4,0,1,4,11,7","0:0-4,4-10,10-4,3-10,0-10;1:0-4;2:3-8;3:0-11;4:0-4;5:1-0;6:0-1;7:0-4;8:0-11;9:8-7,2-7,11-7,14-7,7-2,6-7"
77,proposed_c2f_adaptive_pd_calibrated,10,10,1.0,20,300,0.06666666666666667,19,3,16,1920.0,3.2,817.1034549430656,150.46968813464207,1.0,20789.0,20789.0,0.0,17.919500009156764,"10,4,8,11,4,0,1,4,11,7","0:0-4,4-10,10-4,3-10,0-10;1:0-4;2:3-8;3:0-11;4:0-4;5:1-0;6:0-1;7:0-4;8:0-11;9:8-7,2-7,11-7,14-7,7-2,6-7"
78,proposed_c2f_adaptive_pd,10,10,1.0,23,300,0.07666666666666666,10,0,10,0.0,0.0,137.62570486696956,142.22061802515756,1.0,10351.0,10351.0,0.0,6.329499999992549,"2,1,4,8,14,6,12,3,6,13",0:11-2;1:0-1;2:0-4;3:1-8;4:8-14;5:0-6;6:5-12;7:0-3;8:5-6;9:4-13
78,proposed_c2f_adaptive_pd_calibrated,10,10,1.0,23,300,0.07666666666666666,10,0,10,0.0,0.0,137.62570486696956,142.22061802515756,1.0,10351.0,10351.0,0.0,13.786100025754422,"2,1,4,8,14,6,12,3,6,13",0:11-2;1:0-1;2:0-4;3:1-8;4:8-14;5:0-6;6:5-12;7:0-3;8:5-6;9:4-13
79,proposed_c2f_adaptive_pd,10,10,1.0,19,300,0.06333333333333334,10,1,9,640.0,1.0666666666666667,173515.49621824105,558.9003402398965,1.0,9063.0,9063.0,0.0,4.283100017346442,"12,9,14,8,10,9,1,7,14,10",0:0-12;1:0-9;2:0-14;3:1-8;4:1-10;5:0-9;6:1-5;7:6-7;8:0-14;9:4-10
79,proposed_c2f_adaptive_pd_calibrated,10,10,1.0,20,300,0.06666666666666667,10,1,9,640.0,1.0666666666666667,173515.49621824105,558.9003402398965,1.0,9063.0,9063.0,0.0,10.279799986165017,"12,9,14,8,10,9,1,7,14,10",0:0-12;1:0-9;2:0-14;3:1-8;4:1-10;5:0-9;6:1-5;7:6-7;8:0-14;9:4-10
80,proposed_c2f_adaptive_pd,10,10,1.0,14,300,0.04666666666666667,10,0,10,0.0,0.0,441.2972140561916,218.5149053493235,1.0,11079.0,11079.0,0.0,4.959499987307936,"9,11,3,6,13,3,5,14,14,14",0:2-9;1:8-11;2:2-3;3:9-6;4:0-13;5:2-3;6:0-5;7:7-14;8:0-14;9:0-14
80,proposed_c2f_adaptive_pd_calibrated,10,10,1.0,15,300,0.05,10,0,10,0.0,0.0,441.2972140561916,218.5149053493235,1.0,11079.0,11079.0,0.0,13.80280003650114,"9,11,3,6,13,3,5,14,14,14",0:2-9;1:8-11;2:2-3;3:9-6;4:0-13;5:2-3;6:0-5;7:7-14;8:0-14;9:0-14
81,proposed_c2f_adaptive_pd,10,10,1.0,12,300,0.04,10,0,10,0.0,0.0,9893.116174344726,4092.0162310146493,1.0,10575.0,10575.0,0.0,5.303799989633262,"7,13,5,1,10,3,8,10,12,14",0:0-7;1:14-13;2:2-5;3:0-1;4:1-10;5:0-3;6:0-8;7:0-10;8:0-12;9:0-14
81,proposed_c2f_adaptive_pd_calibrated,10,10,1.0,12,300,0.04,10,0,10,0.0,0.0,9893.116174344726,4092.0162310146493,1.0,10575.0,10575.0,0.0,13.319099962245673,"7,13,5,1,10,3,8,10,12,14",0:0-7;1:14-13;2:2-5;3:0-1;4:1-10;5:0-3;6:0-8;7:0-10;8:0-12;9:0-14
82,proposed_c2f_adaptive_pd,9,10,0.9,14,270,0.05185185185185185,10,0,10,0.0,0.0,42848.105104834045,158.60102764088168,0.9,12423.0,12423.0,0.0,4.004299989901483,"9,0,1,8,12,5,1,13,8,9",0:0-9;1:3-0;2:4-1;3:0-8;4:2-12;5:0-5;6:2-1;7:0-13;8:0-8;9:12-9
82,proposed_c2f_adaptive_pd_calibrated,9,10,0.9,15,270,0.05555555555555555,10,0,10,0.0,0.0,42848.105104834045,158.60102764088168,0.9,12423.0,12423.0,0.0,11.84980000834912,"9,0,1,8,12,5,1,13,8,9",0:0-9;1:3-0;2:4-1;3:0-8;4:2-12;5:0-5;6:2-1;7:0-13;8:0-8;9:12-9
83,proposed_c2f_adaptive_pd,10,10,1.0,21,300,0.07,10,0,10,0.0,0.0,7675.502992550546,422.55080835229194,1.0,10967.0,10967.0,0.0,5.2773000206798315,"3,9,12,12,5,9,14,8,2,0",0:2-3;1:0-9;2:0-12;3:0-12;4:4-5;5:0-9;6:0-14;7:0-8;8:0-2;9:1-0
83,proposed_c2f_adaptive_pd_calibrated,10,10,1.0,21,300,0.07,10,0,10,0.0,0.0,7675.502992550546,422.55080835229194,1.0,10967.0,10967.0,0.0,11.949800013098866,"3,9,12,12,5,9,14,8,2,0",0:2-3;1:0-9;2:0-12;3:0-12;4:4-5;5:0-9;6:0-14;7:0-8;8:0-2;9:1-0
84,proposed_c2f_adaptive_pd,9,10,0.9,14,300,0.04666666666666667,11,0,11,0.0,0.0,2889.6949140676,308.1667802016367,1.0,15237.0,15237.0,0.0,5.874799971934408,"11,5,7,11,13,1,0,11,1,5","0:0-11;1:0-5;2:3-7;3:1-11;4:3-13;5:3-1;6:2-0,5-0;7:1-11;8:3-1;9:0-5"
84,proposed_c2f_adaptive_pd_calibrated,9,10,0.9,14,300,0.04666666666666667,11,0,11,0.0,0.0,2889.6949140676,308.1667802016367,1.0,15237.0,15237.0,0.0,11.315200012177229,"11,5,7,11,13,1,0,11,1,5","0:0-11;1:0-5;2:3-7;3:1-11;4:3-13;5:3-1;6:2-0,5-0;7:1-11;8:3-1;9:0-5"
85,proposed_c2f_adaptive_pd,10,10,1.0,17,300,0.056666666666666664,13,0,13,0.0,0.0,11474.186778419584,2157.9522303321564,1.0,13429.0,13429.0,0.0,6.037599989213049,"5,4,9,6,0,13,5,13,4,0","0:6-5;1:2-4;2:3-9;3:5-6;4:10-0,11-0,3-0;5:8-13;6:6-5;7:2-13;8:2-4;9:11-0,1-0"
85,proposed_c2f_adaptive_pd_calibrated,10,10,1.0,17,300,0.056666666666666664,13,0,13,0.0,0.0,11474.186778419584,2157.9522303321564,1.0,13429.0,13429.0,0.0,14.693599950987846,"5,4,9,6,0,13,5,13,4,0","0:6-5;1:2-4;2:3-9;3:5-6;4:10-0,11-0,3-0;5:8-13;6:6-5;7:2-13;8:2-4;9:11-0,1-0"
86,proposed_c2f_adaptive_pd,10,10,1.0,7,300,0.023333333333333334,12,1,11,640.0,1.0666666666666667,7186.251735690644,458.33641796341374,1.0,11365.0,11365.0,0.0,6.515500019304454,"1,10,13,5,2,6,11,0,12,1","0:0-1;1:0-10;2:2-13;3:0-5;4:0-2;5:0-6;6:0-11;7:0-14,14-0,3-0;8:4-12;9:0-1"
86,proposed_c2f_adaptive_pd_calibrated,10,10,1.0,7,300,0.023333333333333334,12,1,11,640.0,1.0666666666666667,7186.251735690644,458.33641796341374,1.0,11365.0,11365.0,0.0,14.395299949683249,"1,10,13,5,2,6,11,0,12,1","0:0-1;1:0-10;2:2-13;3:0-5;4:0-2;5:0-6;6:0-11;7:0-14,14-0,3-0;8:4-12;9:0-1"
87,proposed_c2f_adaptive_pd,10,10,1.0,11,300,0.03666666666666667,10,0,10,0.0,0.0,28458.685710768157,271.0674783709659,1.0,10505.0,10505.0,0.0,5.995800020173192,"8,8,9,12,2,13,13,10,13,5",0:5-8;1:0-8;2:1-9;3:0-12;4:7-2;5:2-13;6:0-13;7:0-10;8:0-13;9:0-5
87,proposed_c2f_adaptive_pd_calibrated,10,10,1.0,12,300,0.04,10,0,10,0.0,0.0,28458.685710768157,271.0674783709659,1.0,10505.0,10505.0,0.0,12.823700031731278,"8,8,9,12,2,13,13,10,13,5",0:5-8;1:0-8;2:1-9;3:0-12;4:7-2;5:2-13;6:0-13;7:0-10;8:0-13;9:0-5
88,proposed_c2f_adaptive_pd,10,10,1.0,21,300,0.07,11,0,11,0.0,0.0,2777.197515387702,89.39119063174496,1.0,14760.0,14760.0,0.0,6.191299995407462,"2,14,9,9,7,7,12,5,7,2","0:1-2;1:0-14;2:7-9,3-9;3:3-9;4:1-7;5:0-7;6:2-12;7:0-5;8:1-7;9:0-2"
88,proposed_c2f_adaptive_pd_calibrated,10,10,1.0,21,300,0.07,11,0,11,0.0,0.0,2777.197515387702,89.39119063174496,1.0,14760.0,14760.0,0.0,14.352299971506,"2,14,9,9,7,7,12,5,7,2","0:1-2;1:0-14;2:7-9,3-9;3:3-9;4:1-7;5:0-7;6:2-12;7:0-5;8:1-7;9:0-2"
89,proposed_c2f_adaptive_pd,10,10,1.0,13,300,0.043333333333333335,14,1,13,640.0,1.0666666666666667,4475.521781001414,344.5635803964999,1.0,15607.0,15607.0,0.0,8.733799972105771,"4,4,10,4,2,1,10,0,2,11","0:14-4;1:1-4;2:5-10;3:9-4,4-9,14-4,6-4,11-4;4:0-2;5:4-1;6:1-10;7:1-0;8:0-2;9:0-11"
89,proposed_c2f_adaptive_pd_calibrated,10,10,1.0,15,300,0.05,14,1,13,640.0,1.0666666666666667,4475.521781001414,344.5635803964999,1.0,15607.0,15607.0,0.0,13.044600025750697,"4,4,10,4,2,1,10,0,2,11","0:14-4;1:1-4;2:5-10;3:9-4,4-9,14-4,6-4,11-4;4:0-2;5:4-1;6:1-10;7:1-0;8:0-2;9:0-11"
90,proposed_c2f_adaptive_pd,10,10,1.0,19,300,0.06333333333333334,11,0,11,0.0,0.0,349.1084376598682,180.97680985226103,1.0,9640.0,9640.0,0.0,5.084999953396618,"8,11,4,0,0,9,8,1,7,0","0:1-8;1:3-11;2:1-4;3:6-0;4:6-0;5:1-9;6:0-8;7:2-1;8:2-7,9-7;9:6-0"
90,proposed_c2f_adaptive_pd_calibrated,10,10,1.0,19,300,0.06333333333333334,11,0,11,0.0,0.0,349.1084376598682,180.97680985226103,1.0,9640.0,9640.0,0.0,9.111399995163083,"8,11,4,0,0,9,8,1,7,0","0:1-8;1:3-11;2:1-4;3:6-0;4:6-0;5:1-9;6:0-8;7:2-1;8:2-7,9-7;9:6-0"
91,proposed_c2f_adaptive_pd,7,10,0.7,15,300,0.05,25,8,17,5120.0,8.533333333333335,197452.23417337763,136.3051739069992,1.0,23125.0,23125.0,0.0,8.438099990598857,"8,6,4,8,14,3,0,3,0,8","0:14-8,8-14,7-8,8-7,11-8,3-8;1:3-6;2:1-4;3:3-8,14-8,8-14,3-7,3-14,6-8;4:13-14;5:1-3;6:1-0;7:6-3,3-6,8-3,7-3,3-7,8-6;8:5-0;9:0-8"
91,proposed_c2f_adaptive_pd_calibrated,7,10,0.7,15,300,0.05,25,8,17,5120.0,8.533333333333335,197452.23417337763,136.3051739069992,1.0,23125.0,23125.0,0.0,32.54660003585741,"8,6,4,8,14,3,0,3,0,8","0:14-8,8-14,7-8,8-7,11-8,3-8;1:3-6;2:1-4;3:3-8,14-8,8-14,3-7,3-14,6-8;4:13-14;5:1-3;6:1-0;7:6-3,3-6,8-3,7-3,3-7,8-6;8:5-0;9:0-8"
92,proposed_c2f_adaptive_pd,10,10,1.0,19,300,0.06333333333333334,12,0,12,0.0,0.0,1408.7208882388568,198.67943713196368,1.0,13533.0,13533.0,0.0,5.023200006689876,"12,2,8,14,12,1,4,4,8,8","0:0-12;1:0-2;2:3-8,6-8;3:3-14;4:1-12;5:0-1;6:9-4;7:9-4,3-4;8:2-8;9:2-8"
92,proposed_c2f_adaptive_pd_calibrated,10,10,1.0,19,300,0.06333333333333334,12,0,12,0.0,0.0,1408.7208882388568,198.67943713196368,1.0,13533.0,13533.0,0.0,14.522899989970028,"12,2,8,14,12,1,4,4,8,8","0:0-12;1:0-2;2:3-8,6-8;3:3-14;4:1-12;5:0-1;6:9-4;7:9-4,3-4;8:2-8;9:2-8"
93,proposed_c2f_adaptive_pd,10,10,1.0,22,300,0.07333333333333333,10,0,10,0.0,0.0,21347.063304591262,653.2006167098915,1.0,8811.0,8811.0,0.0,5.34870004048571,"9,6,10,7,1,5,5,14,14,3",0:3-9;1:3-6;2:0-10;3:1-7;4:0-1;5:0-5;6:1-5;7:0-14;8:0-14;9:5-3
93,proposed_c2f_adaptive_pd_calibrated,10,10,1.0,22,300,0.07333333333333333,10,0,10,0.0,0.0,21347.063304591262,653.2006167098915,1.0,8811.0,8811.0,0.0,10.325599985662848,"9,6,10,7,1,5,5,14,14,3",0:3-9;1:3-6;2:0-10;3:1-7;4:0-1;5:0-5;6:1-5;7:0-14;8:0-14;9:5-3
94,proposed_c2f_adaptive_pd,10,10,1.0,12,300,0.04,11,1,10,640.0,1.0666666666666667,1137.1611068422524,185.23474012248923,1.0,11278.0,11278.0,0.0,5.938500049524009,"0,13,13,10,10,7,4,6,6,9","0:1-0;1:4-13;2:0-13;3:3-10;4:0-10;5:0-7;6:2-4;7:0-6;8:6-4,2-6;9:11-9"
94,proposed_c2f_adaptive_pd_calibrated,10,10,1.0,13,300,0.043333333333333335,11,1,10,640.0,1.0666666666666667,1137.1611068422524,185.23474012248923,1.0,11278.0,11278.0,0.0,11.39210001565516,"0,13,13,10,10,7,4,6,6,9","0:1-0;1:4-13;2:0-13;3:3-10;4:0-10;5:0-7;6:2-4;7:0-6;8:6-4,2-6;9:11-9"
95,proposed_c2f_adaptive_pd,9,10,0.9,12,270,0.044444444444444446,10,0,10,0.0,0.0,499.6355278654294,143.73422409273428,0.9,11919.0,11919.0,0.0,4.375800024718046,"12,5,7,13,9,6,12,10,0,1",0:0-12;1:0-5;2:1-7;3:5-13;4:0-9;5:7-6;6:0-12;7:6-10;8:1-0;9:0-1
95,proposed_c2f_adaptive_pd_calibrated,9,10,0.9,13,270,0.04814814814814815,10,0,10,0.0,0.0,499.6355278654294,143.73422409273428,0.9,11919.0,11919.0,0.0,11.93440001225099,"12,5,7,13,9,6,12,10,0,1",0:0-12;1:0-5;2:1-7;3:5-13;4:0-9;5:7-6;6:0-12;7:6-10;8:1-0;9:0-1
96,proposed_c2f_adaptive_pd,10,10,1.0,16,300,0.05333333333333334,10,0,10,0.0,0.0,611.7932092220192,127.04659956382389,1.0,11429.0,11429.0,0.0,5.097799992654473,"6,2,4,11,10,10,6,9,0,9",0:1-6;1:1-2;2:0-4;3:0-11;4:3-10;5:0-10;6:0-6;7:0-9;8:3-0;9:0-9
96,proposed_c2f_adaptive_pd_calibrated,10,10,1.0,16,300,0.05333333333333334,10,0,10,0.0,0.0,611.7932092220192,127.04659956382389,1.0,11429.0,11429.0,0.0,8.341700013261288,"6,2,4,11,10,10,6,9,0,9",0:1-6;1:1-2;2:0-4;3:0-11;4:3-10;5:0-10;6:0-6;7:0-9;8:3-0;9:0-9
97,proposed_c2f_adaptive_pd,10,10,1.0,11,300,0.03666666666666667,12,0,12,0.0,0.0,4685.15908493874,379.758915120379,1.0,8660.0,8660.0,0.0,4.5464999857358634,"7,13,12,12,10,6,5,3,13,10","0:12-7;1:3-13;2:3-12;3:3-12,5-12;4:0-10;5:12-6,7-6;6:11-5;7:5-3;8:3-13;9:0-10"
97,proposed_c2f_adaptive_pd_calibrated,10,10,1.0,11,300,0.03666666666666667,12,0,12,0.0,0.0,4685.15908493874,379.758915120379,1.0,8660.0,8660.0,0.0,14.520200027618557,"7,13,12,12,10,6,5,3,13,10","0:12-7;1:3-13;2:3-12;3:3-12,5-12;4:0-10;5:12-6,7-6;6:11-5;7:5-3;8:3-13;9:0-10"
98,proposed_c2f_adaptive_pd,10,10,1.0,15,300,0.05,15,2,13,1280.0,2.1333333333333333,3210.639129810886,827.4538954786167,1.0,13205.0,13205.0,0.0,7.78590003028512,"13,7,1,12,6,1,13,4,8,5","0:8-13;1:0-7;2:1-14,14-1,4-1,3-1,3-14,11-1;3:0-12;4:5-6;5:0-1;6:8-13;7:0-4;8:1-8;9:1-5"
98,proposed_c2f_adaptive_pd_calibrated,10,10,1.0,15,300,0.05,15,2,13,1280.0,2.1333333333333333,3210.639129810886,827.4538954786167,1.0,13205.0,13205.0,0.0,15.911900030914694,"13,7,1,12,6,1,13,4,8,5","0:8-13;1:0-7;2:1-14,14-1,4-1,3-1,3-14,11-1;3:0-12;4:5-6;5:0-1;6:8-13;7:0-4;8:1-8;9:1-5"
99,proposed_c2f_adaptive_pd,10,10,1.0,8,300,0.02666666666666667,14,0,14,0.0,0.0,1194.880125280244,265.32094485942196,1.0,17757.0,17757.0,0.0,8.251500024925917,"5,6,6,2,12,8,1,0,6,7","0:0-5;1:11-6,4-6,1-6;2:1-6,11-6;3:3-2;4:0-12;5:0-8;6:0-1;7:12-0,1-0;8:4-6;9:0-7"
99,proposed_c2f_adaptive_pd_calibrated,10,10,1.0,8,300,0.02666666666666667,14,0,14,0.0,0.0,1194.880125280244,265.32094485942196,1.0,17757.0,17757.0,0.0,18.02819996373728,"5,6,6,2,12,8,1,0,6,7","0:0-5;1:11-6,4-6,1-6;2:1-6,11-6;3:3-2;4:0-12;5:0-8;6:0-1;7:12-0,1-0;8:4-6;9:0-7"
100,proposed_c2f_adaptive_pd,10,10,1.0,15,300,0.05,15,3,12,1920.0,3.2,5482.574135312983,1444.6455906695987,1.0,13401.0,13401.0,0.0,7.686299970373511,"8,0,8,2,4,2,6,12,6,7","0:0-8;1:0-10,5-0,11-10,10-0,13-0,8-10;2:13-8;3:8-2;4:0-4;5:1-2;6:0-6;7:1-12;8:1-6;9:0-7"
100,proposed_c2f_adaptive_pd_calibrated,10,10,1.0,15,300,0.05,15,3,12,1920.0,3.2,5482.574135312983,1444.6455906695987,1.0,13401.0,13401.0,0.0,20.41220001410693,"8,0,8,2,4,2,6,12,6,7","0:0-8;1:0-10,5-0,11-10,10-0,13-0,8-10;2:13-8;3:8-2;4:0-4;5:1-2;6:0-6;7:1-12;8:1-6;9:0-7"
101,proposed_c2f_adaptive_pd,10,10,1.0,13,300,0.043333333333333335,13,2,11,1280.0,2.1333333333333333,3337.3593080669743,467.40443844692123,1.0,13123.0,13123.0,0.0,7.764400041196495,"2,5,0,1,7,0,14,12,13,4","0:3-2;1:0-5;2:4-0;3:5-1;4:0-7;5:0-8,8-0,9-8,7-0;6:0-14;7:0-12;8:0-13;9:0-4"
101,proposed_c2f_adaptive_pd_calibrated,10,10,1.0,14,300,0.04666666666666667,13,2,11,1280.0,2.1333333333333333,3337.3593080669743,467.40443844692123,1.0,13123.0,13123.0,0.0,15.876999997999519,"2,5,0,1,7,0,14,12,13,4","0:3-2;1:0-5;2:4-0;3:5-1;4:0-7;5:0-8,8-0,9-8,7-0;6:0-14;7:0-12;8:0-13;9:0-4"
102,proposed_c2f_adaptive_pd,10,10,1.0,15,300,0.05,10,0,10,0.0,0.0,2048.783128322425,229.8569861583158,1.0,8195.0,8195.0,0.0,6.295500032138079,"1,14,10,9,12,10,1,5,10,2",0:10-1;1:0-14;2:3-10;3:3-9;4:0-12;5:1-10;6:2-1;7:0-5;8:6-10;9:0-2
102,proposed_c2f_adaptive_pd_calibrated,10,10,1.0,15,300,0.05,10,0,10,0.0,0.0,2048.783128322425,229.8569861583158,1.0,8195.0,8195.0,0.0,13.118500006385148,"1,14,10,9,12,10,1,5,10,2",0:10-1;1:0-14;2:3-10;3:3-9;4:0-12;5:1-10;6:2-1;7:0-5;8:6-10;9:0-2
103,proposed_c2f_adaptive_pd,10,10,1.0,14,300,0.04666666666666667,11,0,11,0.0,0.0,2918.850072159825,168.36060625450972,1.0,11796.0,11796.0,0.0,6.691900023724884,"2,0,3,10,10,7,5,10,4,6","0:5-2;1:1-0;2:6-3;3:0-10;4:0-10;5:0-7;6:0-5;7:1-10,9-10;8:0-4;9:4-6"
103,proposed_c2f_adaptive_pd_calibrated,10,10,1.0,14,300,0.04666666666666667,11,0,11,0.0,0.0,2918.850072159825,168.36060625450972,1.0,11796.0,11796.0,0.0,15.670599997974932,"2,0,3,10,10,7,5,10,4,6","0:5-2;1:1-0;2:6-3;3:0-10;4:0-10;5:0-7;6:0-5;7:1-10,9-10;8:0-4;9:4-6"
104,proposed_c2f_adaptive_pd,10,10,1.0,13,300,0.043333333333333335,10,0,10,0.0,0.0,1371.3698170668144,193.17086162891974,1.0,10743.0,10743.0,0.0,3.8674999959766865,"10,8,10,7,7,13,5,8,10,4",0:8-10;1:0-8;2:2-10;3:1-7;4:1-7;5:0-13;6:8-5;7:0-8;8:1-10;9:1-4
104,proposed_c2f_adaptive_pd_calibrated,10,10,1.0,13,300,0.043333333333333335,10,0,10,0.0,0.0,1371.3698170668144,193.17086162891974,1.0,10743.0,10743.0,0.0,12.579199974425137,"10,8,10,7,7,13,5,8,10,4",0:8-10;1:0-8;2:2-10;3:1-7;4:1-7;5:0-13;6:8-5;7:0-8;8:1-10;9:1-4
105,proposed_c2f_adaptive_pd,10,10,1.0,17,300,0.056666666666666664,21,0,21,0.0,0.0,453.47575204194874,94.12192533522696,1.0,16088.0,16088.0,0.0,10.987999965436757,"14,14,14,4,14,4,14,6,10,14","0:5-14,2-14,4-14,6-14,8-14,12-14;1:2-14,4-14,5-14,6-14,8-14,3-14;2:5-14;3:2-4;4:0-14;5:2-4,8-4;6:0-14;7:1-6;8:12-10;9:5-14"
105,proposed_c2f_adaptive_pd_calibrated,10,10,1.0,17,300,0.056666666666666664,21,0,21,0.0,0.0,453.47575204194874,94.12192533522696,1.0,16088.0,16088.0,0.0,24.11599998595193,"14,14,14,4,14,4,14,6,10,14","0:5-14,2-14,4-14,6-14,8-14,12-14;1:2-14,4-14,5-14,6-14,8-14,3-14;2:5-14;3:2-4;4:0-14;5:2-4,8-4;6:0-14;7:1-6;8:12-10;9:5-14"
106,proposed_c2f_adaptive_pd,10,10,1.0,15,300,0.05,10,0,10,0.0,0.0,1794.3995586396043,74.23700016604894,1.0,10743.0,10743.0,0.0,3.501300001516938,"8,3,12,9,0,11,1,7,11,6",0:1-8;1:4-3;2:0-12;3:2-9;4:5-0;5:1-11;6:8-1;7:3-7;8:3-11;9:0-6
106,proposed_c2f_adaptive_pd_calibrated,10,10,1.0,16,300,0.05333333333333334,10,0,10,0.0,0.0,1794.3995586396043,74.23700016604894,1.0,10743.0,10743.0,0.0,10.67490002606064,"8,3,12,9,0,11,1,7,11,6",0:1-8;1:4-3;2:0-12;3:2-9;4:5-0;5:1-11;6:8-1;7:3-7;8:3-11;9:0-6
107,proposed_c2f_adaptive_pd,9,10,0.9,8,300,0.02666666666666667,10,0,10,0.0,0.0,1114.0273128115198,240.7102054858733,1.0,10505.0,10505.0,0.0,6.488999992143363,"13,10,14,10,4,8,13,11,0,11",0:0-13;1:6-10;2:0-14;3:0-10;4:1-4;5:5-8;6:0-13;7:3-11;8:1-0;9:0-11
107,proposed_c2f_adaptive_pd_calibrated,9,10,0.9,8,300,0.02666666666666667,10,0,10,0.0,0.0,1114.0273128115198,240.7102054858733,1.0,10505.0,10505.0,0.0,8.548899961169809,"13,10,14,10,4,8,13,11,0,11",0:0-13;1:6-10;2:0-14;3:0-10;4:1-4;5:5-8;6:0-13;7:3-11;8:1-0;9:0-11
108,proposed_c2f_adaptive_pd,10,10,1.0,13,300,0.043333333333333335,11,0,11,0.0,0.0,317.56945917516094,285.7276119019647,1.0,10956.0,10956.0,0.0,6.746500032022595,"4,0,8,3,7,2,6,4,7,10","0:0-4;1:3-0;2:0-8;3:0-3;4:1-7;5:1-2;6:0-6;7:0-4;8:6-7;9:3-10,2-10"
108,proposed_c2f_adaptive_pd_calibrated,10,10,1.0,13,300,0.043333333333333335,11,0,11,0.0,0.0,317.56945917516094,285.7276119019647,1.0,10956.0,10956.0,0.0,11.404999997466803,"4,0,8,3,7,2,6,4,7,10","0:0-4;1:3-0;2:0-8;3:0-3;4:1-7;5:1-2;6:0-6;7:0-4;8:6-7;9:3-10,2-10"
109,proposed_c2f_adaptive_pd,9,10,0.9,18,300,0.06,10,0,10,0.0,0.0,867.070582485434,129.78729601369815,1.0,9735.0,9735.0,0.0,6.168399995658547,"2,9,6,0,10,1,6,1,2,13",0:0-2;1:1-9;2:3-6;3:3-0;4:0-10;5:4-1;6:12-6;7:0-1;8:4-2;9:5-13
109,proposed_c2f_adaptive_pd_calibrated,9,10,0.9,18,300,0.06,10,0,10,0.0,0.0,867.070582485434,129.78729601369815,1.0,9735.0,9735.0,0.0,12.739699974190444,"2,9,6,0,10,1,6,1,2,13",0:0-2;1:1-9;2:3-6;3:3-0;4:0-10;5:4-1;6:12-6;7:0-1;8:4-2;9:5-13
110,proposed_c2f_adaptive_pd,10,10,1.0,10,300,0.03333333333333333,10,0,10,0.0,0.0,693.52443645176,421.9961362224782,1.0,11583.0,11583.0,0.0,6.172600027639419,"1,13,1,10,14,8,0,1,0,6",0:0-1;1:0-13;2:0-1;3:0-10;4:0-14;5:0-8;6:1-0;7:6-1;8:1-0;9:1-6
110,proposed_c2f_adaptive_pd_calibrated,10,10,1.0,10,300,0.03333333333333333,10,0,10,0.0,0.0,693.52443645176,421.9961362224782,1.0,11583.0,11583.0,0.0,10.012400045525283,"1,13,1,10,14,8,0,1,0,6",0:0-1;1:0-13;2:0-1;3:0-10;4:0-14;5:0-8;6:1-0;7:6-1;8:1-0;9:1-6
111,proposed_c2f_adaptive_pd,10,10,1.0,16,300,0.05333333333333334,12,2,10,1280.0,2.1333333333333333,283.5115117886517,86.42825209973002,1.0,10424.0,10424.0,0.0,4.724700003862381,"5,13,2,14,14,7,11,10,13,12","0:2-5;1:4-13;2:0-2;3:12-14;4:0-14;5:8-7;6:11-9,10-9;7:11-10,9-10;8:10-13;9:0-12"
111,proposed_c2f_adaptive_pd_calibrated,10,10,1.0,16,300,0.05333333333333334,12,2,10,1280.0,2.1333333333333333,283.5115117886517,86.42825209973002,1.0,10424.0,10424.0,0.0,16.696600010618567,"5,13,2,14,14,7,11,10,13,12","0:2-5;1:4-13;2:0-2;3:12-14;4:0-14;5:8-7;6:11-9,10-9;7:11-10,9-10;8:10-13;9:0-12"
112,proposed_c2f_adaptive_pd,10,10,1.0,10,300,0.03333333333333333,15,4,11,2560.0,4.266666666666667,47611.42045382773,177.67338576741315,1.0,12757.0,12757.0,0.0,5.90559997363016,"4,11,6,5,11,5,11,5,2,14","0:0-4;1:2-11;2:0-6;3:8-5;4:3-11;5:1-5;6:11-4,11-3,3-11,4-11,3-4,4-3;7:0-5;8:0-2;9:0-14"
112,proposed_c2f_adaptive_pd_calibrated,10,10,1.0,12,300,0.04,15,4,11,2560.0,4.266666666666667,47611.42045382773,177.67338576741315,1.0,12757.0,12757.0,0.0,18.822700018063188,"4,11,6,5,11,5,11,5,2,14","0:0-4;1:2-11;2:0-6;3:8-5;4:3-11;5:1-5;6:11-4,11-3,3-11,4-11,3-4,4-3;7:0-5;8:0-2;9:0-14"
113,proposed_c2f_adaptive_pd,9,10,0.9,9,300,0.03,10,0,10,0.0,0.0,828.2795968368106,511.34438508156677,1.0,9889.0,9889.0,0.0,4.245399963110685,"2,7,10,1,12,2,2,2,12,4",0:1-2;1:3-7;2:1-10;3:0-1;4:0-12;5:6-2;6:1-2;7:1-2;8:0-12;9:0-4
113,proposed_c2f_adaptive_pd_calibrated,9,10,0.9,9,300,0.03,10,0,10,0.0,0.0,828.2795968368106,511.34438508156677,1.0,9889.0,9889.0,0.0,13.275900040753186,"2,7,10,1,12,2,2,2,12,4",0:1-2;1:3-7;2:1-10;3:0-1;4:0-12;5:6-2;6:1-2;7:1-2;8:0-12;9:0-4
114,proposed_c2f_adaptive_pd,10,10,1.0,15,300,0.05,16,1,15,640.0,1.0666666666666667,15554.880377662766,108.55086153837479,1.0,15157.0,15157.0,0.0,9.247399982996285,"5,6,0,2,5,9,5,10,4,11","0:0-5;1:0-6;2:2-0,8-0;3:0-2;4:4-5;5:0-9;6:10-5;7:10-5,5-10,2-10,7-10,13-10,12-10;8:3-4;9:0-11"
114,proposed_c2f_adaptive_pd_calibrated,10,10,1.0,15,300,0.05,16,1,15,640.0,1.0666666666666667,15554.880377662766,108.55086153837479,1.0,15157.0,15157.0,0.0,18.909999984316528,"5,6,0,2,5,9,5,10,4,11","0:0-5;1:0-6;2:2-0,8-0;3:0-2;4:4-5;5:0-9;6:10-5;7:10-5,5-10,2-10,7-10,13-10,12-10;8:3-4;9:0-11"
115,proposed_c2f_adaptive_pd,10,10,1.0,10,300,0.03333333333333333,12,0,12,0.0,0.0,10416.665923207107,246.35538460410802,1.0,12223.0,12223.0,0.0,6.720100005622953,"2,9,14,5,13,9,1,9,5,13","0:0-2;1:0-9;2:0-14;3:3-5;4:7-13;5:0-9;6:0-1;7:0-9;8:3-5,7-5,10-5;9:7-13"
115,proposed_c2f_adaptive_pd_calibrated,10,10,1.0,10,300,0.03333333333333333,12,0,12,0.0,0.0,10416.665923207107,246.35538460410802,1.0,12223.0,12223.0,0.0,14.809300017077476,"2,9,14,5,13,9,1,9,5,13","0:0-2;1:0-9;2:0-14;3:3-5;4:7-13;5:0-9;6:0-1;7:0-9;8:3-5,7-5,10-5;9:7-13"
116,proposed_c2f_adaptive_pd,10,10,1.0,11,300,0.03666666666666667,10,0,10,0.0,0.0,4476.54722286257,350.3945110275308,1.0,9119.0,9119.0,0.0,6.868099968414754,"6,10,7,0,10,8,1,6,8,10",0:2-6;1:0-10;2:0-7;3:1-0;4:8-10;5:10-8;6:13-1;7:2-6;8:0-8;9:2-10
116,proposed_c2f_adaptive_pd_calibrated,10,10,1.0,12,300,0.04,10,0,10,0.0,0.0,4476.54722286257,350.3945110275308,1.0,9119.0,9119.0,0.0,11.801499989815056,"6,10,7,0,10,8,1,6,8,10",0:2-6;1:0-10;2:0-7;3:1-0;4:8-10;5:10-8;6:13-1;7:2-6;8:0-8;9:2-10
117,proposed_c2f_adaptive_pd,10,10,1.0,15,300,0.05,12,1,11,640.0,1.0666666666666667,9853.082296303382,348.3597818869175,1.0,12737.0,12737.0,0.0,7.150999968871474,"4,0,11,9,0,1,7,0,13,8","0:0-4;1:1-0;2:0-11;3:0-9;4:7-0,0-7,13-0;5:2-1;6:0-7;7:2-0;8:0-13;9:0-8"
117,proposed_c2f_adaptive_pd_calibrated,10,10,1.0,15,300,0.05,12,1,11,640.0,1.0666666666666667,9853.082296303382,348.3597818869175,1.0,12737.0,12737.0,0.0,13.334000017493963,"4,0,11,9,0,1,7,0,13,8","0:0-4;1:1-0;2:0-11;3:0-9;4:7-0,0-7,13-0;5:2-1;6:0-7;7:2-0;8:0-13;9:0-8"
118,proposed_c2f_adaptive_pd,8,10,0.8,14,300,0.04666666666666667,12,1,11,640.0,1.0666666666666667,521.7545852119465,33.93146397848904,1.0,12051.0,12051.0,0.0,7.29850004427135,"8,6,14,10,12,2,10,14,13,8","0:10-8;1:5-6;2:10-14;3:5-10;4:7-12;5:0-2;6:1-10;7:0-14;8:3-13;9:14-8,6-14,10-8"
118,proposed_c2f_adaptive_pd_calibrated,8,10,0.8,15,300,0.05,12,1,11,640.0,1.0666666666666667,521.7545852119465,33.93146397848904,1.0,12051.0,12051.0,0.0,13.485000003129244,"8,6,14,10,12,2,10,14,13,8","0:10-8;1:5-6;2:10-14;3:5-10;4:7-12;5:0-2;6:1-10;7:0-14;8:3-13;9:14-8,6-14,10-8"
119,proposed_c2f_adaptive_pd,9,10,0.9,12,300,0.04,10,0,10,0.0,0.0,1298.911280635081,153.69199870720524,1.0,8524.0,8524.0,0.0,6.3714999705553055,"9,2,7,4,6,9,1,1,8,12",0:10-9;1:0-2;2:0-7;3:0-4;4:0-6;5:10-9;6:0-1;7:0-1;8:2-8;9:1-12
119,proposed_c2f_adaptive_pd_calibrated,9,10,0.9,12,300,0.04,10,0,10,0.0,0.0,1298.911280635081,153.69199870720524,1.0,8524.0,8524.0,0.0,8.702499966602772,"9,2,7,4,6,9,1,1,8,12",0:10-9;1:0-2;2:0-7;3:0-4;4:0-6;5:10-9;6:0-1;7:0-1;8:2-8;9:1-12
120,proposed_c2f_adaptive_pd,10,10,1.0,17,300,0.056666666666666664,11,0,11,0.0,0.0,761008.2145924835,99.65173375122384,1.0,9615.0,9615.0,0.0,5.875499977264553,"5,14,13,2,9,9,9,3,9,1","0:0-5;1:0-14;2:0-13;3:3-2,13-2;4:14-9;5:1-9;6:2-9;7:0-3;8:2-9;9:0-1"
120,proposed_c2f_adaptive_pd_calibrated,10,10,1.0,17,300,0.056666666666666664,11,0,11,0.0,0.0,761008.2145924835,99.65173375122384,1.0,9615.0,9615.0,0.0,10.741500009316951,"5,14,13,2,9,9,9,3,9,1","0:0-5;1:0-14;2:0-13;3:3-2,13-2;4:14-9;5:1-9;6:2-9;7:0-3;8:2-9;9:0-1"
121,proposed_c2f_adaptive_pd,10,10,1.0,9,300,0.03,21,2,19,1280.0,2.1333333333333333,292.81258248826265,131.7605725527352,1.0,21639.0,21639.0,0.0,10.331499972380698,"9,9,7,3,9,4,3,4,9,13","0:3-9;1:3-9,6-9;2:2-7,11-7,13-7,10-7,4-7,7-4;3:6-3;4:0-9;5:0-4;6:6-3;7:0-4;8:0-9;9:11-13,13-11,12-13,7-13,14-13,3-13"
121,proposed_c2f_adaptive_pd_calibrated,10,10,1.0,9,300,0.03,21,2,19,1280.0,2.1333333333333333,292.81258248826265,131.7605725527352,1.0,21639.0,21639.0,0.0,27.07319997716695,"9,9,7,3,9,4,3,4,9,13","0:3-9;1:3-9,6-9;2:2-7,11-7,13-7,10-7,4-7,7-4;3:6-3;4:0-9;5:0-4;6:6-3;7:0-4;8:0-9;9:11-13,13-11,12-13,7-13,14-13,3-13"
122,proposed_c2f_adaptive_pd,10,10,1.0,14,300,0.04666666666666667,10,0,10,0.0,0.0,917.773677229831,227.7479213005622,1.0,11415.0,11415.0,0.0,4.110399982891977,"13,14,11,7,12,12,13,0,1,0",0:7-13;1:0-14;2:0-11;3:11-7;4:4-12;5:1-12;6:5-13;7:1-0;8:0-1;9:1-0
122,proposed_c2f_adaptive_pd_calibrated,10,10,1.0,14,300,0.04666666666666667,10,0,10,0.0,0.0,917.773677229831,227.7479213005622,1.0,11415.0,11415.0,0.0,13.52409995160997,"13,14,11,7,12,12,13,0,1,0",0:7-13;1:0-14;2:0-11;3:11-7;4:4-12;5:1-12;6:5-13;7:1-0;8:0-1;9:1-0
123,proposed_c2f_adaptive_pd,10,10,1.0,13,300,0.043333333333333335,14,0,14,0.0,0.0,51981.27603158788,393.51153425447717,1.0,20146.0,20146.0,0.0,8.371500007342547,"9,12,13,12,12,12,0,11,10,12","0:4-9;1:0-12;2:0-13;3:2-12,10-12;4:0-12;5:9-12,10-12,2-12,4-12;6:1-0;7:5-11;8:2-10;9:9-12"
123,proposed_c2f_adaptive_pd_calibrated,10,10,1.0,13,300,0.043333333333333335,14,0,14,0.0,0.0,51981.27603158788,393.51153425447717,1.0,20146.0,20146.0,0.0,14.335500018205494,"9,12,13,12,12,12,0,11,10,12","0:4-9;1:0-12;2:0-13;3:2-12,10-12;4:0-12;5:9-12,10-12,2-12,4-12;6:1-0;7:5-11;8:2-10;9:9-12"
124,proposed_c2f_adaptive_pd,10,10,1.0,25,300,0.08333333333333333,17,4,13,2560.0,4.266666666666667,9005.91439745102,1055.2502618116516,1.0,20427.0,20427.0,0.0,8.471500012092292,"3,5,6,11,8,13,12,4,11,11","0:6-3,3-6,12-3,3-12,11-3,6-12;1:0-5;2:0-6;3:1-11;4:1-8;5:1-13;6:0-12;7:1-4;8:11-7,6-11,12-11;9:1-11"
124,proposed_c2f_adaptive_pd_calibrated,10,10,1.0,25,300,0.08333333333333333,17,4,13,2560.0,4.266666666666667,9005.91439745102,1055.2502618116516,1.0,20427.0,20427.0,0.0,14.6264000213705,"3,5,6,11,8,13,12,4,11,11","0:6-3,3-6,12-3,3-12,11-3,6-12;1:0-5;2:0-6;3:1-11;4:1-8;5:1-13;6:0-12;7:1-4;8:11-7,6-11,12-11;9:1-11"
125,proposed_c2f_adaptive_pd,10,10,1.0,17,300,0.056666666666666664,10,0,10,0.0,0.0,6258.655274349834,990.2206522250916,1.0,10967.0,10967.0,0.0,6.1308000003919005,"2,6,3,7,7,1,3,5,7,10",0:0-2;1:0-6;2:0-3;3:0-7;4:0-7;5:0-1;6:5-3;7:3-5;8:0-7;9:0-10
125,proposed_c2f_adaptive_pd_calibrated,10,10,1.0,17,300,0.056666666666666664,10,0,10,0.0,0.0,6258.655274349834,990.2206522250916,1.0,10967.0,10967.0,0.0,9.06599999871105,"2,6,3,7,7,1,3,5,7,10",0:0-2;1:0-6;2:0-3;3:0-7;4:0-7;5:0-1;6:5-3;7:3-5;8:0-7;9:0-10
126,proposed_c2f_adaptive_pd,10,10,1.0,17,300,0.056666666666666664,11,0,11,0.0,0.0,6878.511433753675,149.74573979362597,1.0,10756.0,10756.0,0.0,4.59750002482906,"10,1,0,14,13,3,7,3,14,7","0:0-10;1:12-1;2:1-0;3:1-14,12-14;4:0-13;5:0-3;6:1-7;7:0-3;8:1-14;9:2-7"
126,proposed_c2f_adaptive_pd_calibrated,10,10,1.0,18,300,0.06,11,0,11,0.0,0.0,6878.511433753675,149.74573979362597,1.0,10756.0,10756.0,0.0,15.051399997901171,"10,1,0,14,13,3,7,3,14,7","0:0-10;1:12-1;2:1-0;3:1-14,12-14;4:0-13;5:0-3;6:1-7;7:0-3;8:1-14;9:2-7"
127,proposed_c2f_adaptive_pd,10,10,1.0,14,300,0.04666666666666667,12,0,12,0.0,0.0,4874.241550898327,523.9137767768428,1.0,10973.0,10973.0,0.0,4.253300023265183,"5,3,4,14,3,12,5,8,7,9","0:0-5;1:4-3;2:1-4;3:1-14;4:12-3,6-3,4-3;5:0-12;6:0-5;7:0-8;8:0-7;9:1-9"
127,proposed_c2f_adaptive_pd_calibrated,10,10,1.0,15,300,0.05,12,0,12,0.0,0.0,4874.241550898327,523.9137767768428,1.0,10973.0,10973.0,0.0,14.72999999532476,"5,3,4,14,3,12,5,8,7,9","0:0-5;1:4-3;2:1-4;3:1-14;4:12-3,6-3,4-3;5:0-12;6:0-5;7:0-8;8:0-7;9:1-9"
128,proposed_c2f_adaptive_pd,10,10,1.0,10,300,0.03333333333333333,10,0,10,0.0,0.0,771.4495242355044,184.40259264210576,1.0,9273.0,9273.0,0.0,5.918300012126565,"13,2,1,12,0,1,10,9,7,4",0:8-13;1:0-2;2:0-1;3:2-12;4:1-0;5:0-1;6:0-10;7:0-9;8:0-7;9:0-4
128,proposed_c2f_adaptive_pd_calibrated,10,10,1.0,10,300,0.03333333333333333,10,0,10,0.0,0.0,771.4495242355044,184.40259264210576,1.0,9273.0,9273.0,0.0,11.490700009744614,"13,2,1,12,0,1,10,9,7,4",0:8-13;1:0-2;2:0-1;3:2-12;4:1-0;5:0-1;6:0-10;7:0-9;8:0-7;9:0-4
129,proposed_c2f_adaptive_pd,10,10,1.0,15,300,0.05,15,3,12,1920.0,3.2,1909.8833863688792,361.8689595969912,1.0,12743.0,12743.0,0.0,7.2169000050053,"6,5,9,0,6,1,6,10,4,6","0:3-6;1:0-5;2:2-9;3:1-0;4:3-6;5:0-1;6:8-6,2-6,6-8,6-2,10-6,6-10;7:2-10;8:0-4;9:0-6"
129,proposed_c2f_adaptive_pd_calibrated,10,10,1.0,15,300,0.05,15,3,12,1920.0,3.2,1909.8833863688792,361.8689595969912,1.0,12743.0,12743.0,0.0,18.9335000468418,"6,5,9,0,6,1,6,10,4,6","0:3-6;1:0-5;2:2-9;3:1-0;4:3-6;5:0-1;6:8-6,2-6,6-8,6-2,10-6,6-10;7:2-10;8:0-4;9:0-6"
130,proposed_c2f_adaptive_pd,10,10,1.0,14,300,0.04666666666666667,12,0,12,0.0,0.0,1048.805150203771,532.7785394980738,1.0,12933.0,12933.0,0.0,4.706299980171025,"8,9,0,11,6,6,3,13,13,11","0:0-8;1:0-9;2:1-0;3:0-11;4:0-6;5:3-6,14-6,12-6;6:0-3;7:0-13;8:0-13;9:0-11"
130,proposed_c2f_adaptive_pd_calibrated,10,10,1.0,14,300,0.04666666666666667,12,0,12,0.0,0.0,1048.805150203771,532.7785394980738,1.0,12933.0,12933.0,0.0,15.065499988850206,"8,9,0,11,6,6,3,13,13,11","0:0-8;1:0-9;2:1-0;3:0-11;4:0-6;5:3-6,14-6,12-6;6:0-3;7:0-13;8:0-13;9:0-11"
131,proposed_c2f_adaptive_pd,10,10,1.0,15,300,0.05,10,0,10,0.0,0.0,1014.426131920624,485.02687437697483,1.0,9427.0,9427.0,0.0,6.052700045984238,"9,1,7,8,1,7,2,3,5,12",0:5-9;1:9-1;2:0-7;3:7-8;4:5-1;5:0-7;6:0-2;7:0-3;8:3-5;9:0-12
131,proposed_c2f_adaptive_pd_calibrated,10,10,1.0,15,300,0.05,10,0,10,0.0,0.0,1014.426131920624,485.02687437697483,1.0,9427.0,9427.0,0.0,9.976600005757064,"9,1,7,8,1,7,2,3,5,12",0:5-9;1:9-1;2:0-7;3:7-8;4:5-1;5:0-7;6:0-2;7:0-3;8:3-5;9:0-12
132,proposed_c2f_adaptive_pd,10,10,1.0,18,300,0.06,10,0,10,0.0,0.0,14159.331185932455,274.10912618877745,1.0,9273.0,9273.0,0.0,4.806199984159321,"11,3,13,13,5,0,5,11,2,6",0:0-11;1:0-3;2:1-13;3:0-13;4:0-5;5:2-0;6:0-5;7:2-11;8:0-2;9:0-6
132,proposed_c2f_adaptive_pd_calibrated,10,10,1.0,18,300,0.06,10,0,10,0.0,0.0,14159.331185932455,274.10912618877745,1.0,9273.0,9273.0,0.0,13.439000002108514,"11,3,13,13,5,0,5,11,2,6",0:0-11;1:0-3;2:1-13;3:0-13;4:0-5;5:2-0;6:0-5;7:2-11;8:0-2;9:0-6
133,proposed_c2f_adaptive_pd,10,10,1.0,16,300,0.05333333333333334,10,0,10,0.0,0.0,12431.092873098347,507.2165722105131,1.0,8811.0,8811.0,0.0,7.586500025354326,"8,3,9,7,8,4,14,4,14,9",0:9-8;1:0-3;2:2-9;3:0-7;4:7-8;5:0-4;6:2-14;7:0-4;8:0-14;9:0-9
133,proposed_c2f_adaptive_pd_calibrated,10,10,1.0,16,300,0.05333333333333334,10,0,10,0.0,0.0,12431.092873098347,507.2165722105131,1.0,8811.0,8811.0,0.0,12.71219999762252,"8,3,9,7,8,4,14,4,14,9",0:9-8;1:0-3;2:2-9;3:0-7;4:7-8;5:0-4;6:2-14;7:0-4;8:0-14;9:0-9
134,proposed_c2f_adaptive_pd,10,10,1.0,15,300,0.05,11,1,10,640.0,1.0666666666666667,935.6867789722153,224.9096974217441,1.0,11943.0,11943.0,0.0,5.808199988678098,"13,10,4,8,2,4,10,14,1,12","0:0-13;1:2-10;2:0-4;3:7-8;4:2-3;5:0-4;6:2-10;7:0-14;8:2-1;9:8-12,7-12"
134,proposed_c2f_adaptive_pd_calibrated,10,10,1.0,15,300,0.05,11,1,10,640.0,1.0666666666666667,935.6867789722153,224.9096974217441,1.0,11943.0,11943.0,0.0,12.569000013172626,"13,10,4,8,2,4,10,14,1,12","0:0-13;1:2-10;2:0-4;3:7-8;4:2-3;5:0-4;6:2-10;7:0-14;8:2-1;9:8-12,7-12"
135,proposed_c2f_adaptive_pd,10,10,1.0,16,300,0.05333333333333334,15,3,12,1920.0,3.2,5614.801405070961,114.64611011716676,1.0,13016.0,13016.0,0.0,8.920000051148236,"12,5,4,2,14,3,14,10,1,5","0:10-12;1:8-5;2:3-4;3:0-2;4:3-14;5:1-3;6:8-14,14-3,8-3,3-14,4-3,5-14;7:4-10;8:0-1;9:1-5"
135,proposed_c2f_adaptive_pd_calibrated,10,10,1.0,16,300,0.05333333333333334,15,3,12,1920.0,3.2,5614.801405070961,114.64611011716676,1.0,13016.0,13016.0,0.0,14.359199965838343,"12,5,4,2,14,3,14,10,1,5","0:10-12;1:8-5;2:3-4;3:0-2;4:3-14;5:1-3;6:8-14,14-3,8-3,3-14,4-3,5-14;7:4-10;8:0-1;9:1-5"
136,proposed_c2f_adaptive_pd,10,10,1.0,14,300,0.04666666666666667,10,0,10,0.0,0.0,4285.704122972011,369.9251059613095,1.0,8041.0,8041.0,0.0,6.020299973897636,"11,11,3,2,11,3,14,5,1,6",0:0-11;1:0-11;2:2-3;3:3-2;4:0-11;5:0-3;6:2-14;7:6-5;8:0-1;9:4-6
136,proposed_c2f_adaptive_pd_calibrated,10,10,1.0,14,300,0.04666666666666667,10,0,10,0.0,0.0,4285.704122972011,369.9251059613095,1.0,8041.0,8041.0,0.0,12.78630003798753,"11,11,3,2,11,3,14,5,1,6",0:0-11;1:0-11;2:2-3;3:3-2;4:0-11;5:0-3;6:2-14;7:6-5;8:0-1;9:4-6
137,proposed_c2f_adaptive_pd,10,10,1.0,11,300,0.03666666666666667,12,0,12,0.0,0.0,1048.7160318583808,299.80017493445416,1.0,8983.0,8983.0,0.0,5.309099971782416,"4,2,3,14,11,6,4,7,2,5","0:2-4,5-4;1:0-2;2:0-3;3:0-14;4:2-11,6-11;5:0-6;6:0-4;7:1-7;8:0-2;9:4-5"
137,proposed_c2f_adaptive_pd_calibrated,10,10,1.0,11,300,0.03666666666666667,12,0,12,0.0,0.0,1048.7160318583808,299.80017493445416,1.0,8983.0,8983.0,0.0,12.454000010620803,"4,2,3,14,11,6,4,7,2,5","0:2-4,5-4;1:0-2;2:0-3;3:0-14;4:2-11,6-11;5:0-6;6:0-4;7:1-7;8:0-2;9:4-5"
138,proposed_c2f_adaptive_pd,10,10,1.0,11,300,0.03666666666666667,10,0,10,0.0,0.0,634.1398834357743,127.86494383584224,1.0,9889.0,9889.0,0.0,6.07010000385344,"7,7,8,5,5,11,6,10,7,6",0:0-7;1:0-7;2:0-8;3:0-5;4:4-5;5:5-11;6:0-6;7:5-10;8:5-7;9:0-6
138,proposed_c2f_adaptive_pd_calibrated,10,10,1.0,11,300,0.03666666666666667,10,0,10,0.0,0.0,634.1398834357743,127.86494383584224,1.0,9889.0,9889.0,0.0,12.052499980200082,"7,7,8,5,5,11,6,10,7,6",0:0-7;1:0-7;2:0-8;3:0-5;4:4-5;5:5-11;6:0-6;7:5-10;8:5-7;9:0-6
139,proposed_c2f_adaptive_pd,10,10,1.0,16,300,0.05333333333333334,10,0,10,0.0,0.0,13909855.48847953,95.66767133810004,1.0,11415.0,11415.0,0.0,3.790199989452958,"2,3,10,12,12,0,11,12,7,10",0:0-2;1:10-3;2:0-10;3:1-12;4:3-12;5:1-0;6:10-11;7:3-12;8:0-7;9:0-10
139,proposed_c2f_adaptive_pd_calibrated,10,10,1.0,16,300,0.05333333333333334,10,0,10,0.0,0.0,13909855.48847953,95.66767133810004,1.0,11415.0,11415.0,0.0,8.720299985725433,"2,3,10,12,12,0,11,12,7,10",0:0-2;1:10-3;2:0-10;3:1-12;4:3-12;5:1-0;6:10-11;7:3-12;8:0-7;9:0-10
140,proposed_c2f_adaptive_pd,10,10,1.0,22,300,0.07333333333333333,20,4,16,2560.0,4.266666666666667,420.78248400529293,106.54966018396655,1.0,19400.0,19400.0,0.0,8.57979996362701,"2,0,7,7,5,11,14,9,6,8","0:0-2;1:1-0;2:0-7;3:7-0,0-7,12-7,5-7,4-7,3-7;4:6-5;5:9-11;6:13-14,0-14,14-9,14-0,14-13,9-14;7:0-9;8:1-6;9:3-8"
140,proposed_c2f_adaptive_pd_calibrated,10,10,1.0,22,300,0.07333333333333333,20,4,16,2560.0,4.266666666666667,420.78248400529293,106.54966018396655,1.0,19400.0,19400.0,0.0,22.986299998592585,"2,0,7,7,5,11,14,9,6,8","0:0-2;1:1-0;2:0-7;3:7-0,0-7,12-7,5-7,4-7,3-7;4:6-5;5:9-11;6:13-14,0-14,14-9,14-0,14-13,9-14;7:0-9;8:1-6;9:3-8"
141,proposed_c2f_adaptive_pd,10,10,1.0,18,300,0.06,12,0,12,0.0,0.0,1435.4181287803144,647.6105316116848,1.0,16964.0,16964.0,0.0,4.022200009785593,"12,8,14,0,6,8,9,8,6,9","0:3-12;1:0-8;2:0-14;3:1-0;4:1-6;5:0-8;6:0-9;7:0-8;8:12-6,7-6,3-6;9:0-9"
141,proposed_c2f_adaptive_pd_calibrated,10,10,1.0,18,300,0.06,12,0,12,0.0,0.0,1435.4181287803144,647.6105316116848,1.0,16964.0,16964.0,0.0,14.07520001521334,"12,8,14,0,6,8,9,8,6,9","0:3-12;1:0-8;2:0-14;3:1-0;4:1-6;5:0-8;6:0-9;7:0-8;8:12-6,7-6,3-6;9:0-9"
142,proposed_c2f_adaptive_pd,10,10,1.0,9,300,0.03,13,1,12,640.0,1.0666666666666667,2646.804425196838,209.70006807604813,1.0,18110.0,18110.0,0.0,7.484900008421391,"7,2,8,14,14,4,5,11,7,7","0:4-7,7-4,2-7;1:4-2;2:7-8,4-8;3:0-14;4:0-14;5:0-4;6:2-5;7:0-11;8:0-7;9:4-7"
142,proposed_c2f_adaptive_pd_calibrated,10,10,1.0,9,300,0.03,13,1,12,640.0,1.0666666666666667,2646.804425196838,209.70006807604813,1.0,18110.0,18110.0,0.0,17.406600003596395,"7,2,8,14,14,4,5,11,7,7","0:4-7,7-4,2-7;1:4-2;2:7-8,4-8;3:0-14;4:0-14;5:0-4;6:2-5;7:0-11;8:0-7;9:4-7"
143,proposed_c2f_adaptive_pd,10,10,1.0,19,300,0.06333333333333334,10,0,10,0.0,0.0,558.7294069076261,176.45963240077955,1.0,9735.0,9735.0,0.0,5.103900039102882,"6,14,13,13,9,6,1,0,3,10",0:0-6;1:0-14;2:7-13;3:1-13;4:0-9;5:10-6;6:2-1;7:6-0;8:0-3;9:0-10
143,proposed_c2f_adaptive_pd_calibrated,10,10,1.0,19,300,0.06333333333333334,10,0,10,0.0,0.0,558.7294069076261,176.45963240077955,1.0,9735.0,9735.0,0.0,9.435100015252829,"6,14,13,13,9,6,1,0,3,10",0:0-6;1:0-14;2:7-13;3:1-13;4:0-9;5:10-6;6:2-1;7:6-0;8:0-3;9:0-10
144,proposed_c2f_adaptive_pd,9,10,0.9,9,270,0.03333333333333333,10,0,10,0.0,0.0,2636.49328557124,1219.0100059770207,0.9,11247.0,11247.0,0.0,5.6573000038042665,"2,12,14,7,9,8,11,5,7,2",0:4-2;1:0-12;2:0-14;3:0-7;4:1-9;5:13-8;6:0-11;7:0-5;8:0-7;9:0-2
144,proposed_c2f_adaptive_pd_calibrated,9,10,0.9,9,270,0.03333333333333333,10,0,10,0.0,0.0,2636.49328557124,1219.0100059770207,0.9,11247.0,11247.0,0.0,10.07350004510954,"2,12,14,7,9,8,11,5,7,2",0:4-2;1:0-12;2:0-14;3:0-7;4:1-9;5:13-8;6:0-11;7:0-5;8:0-7;9:0-2
145,proposed_c2f_adaptive_pd,9,10,0.9,15,300,0.05,10,0,10,0.0,0.0,978.3560279464975,271.66243240238066,1.0,8965.0,8965.0,0.0,3.45960003323853,"6,13,11,13,10,3,3,9,12,12",0:1-6;1:2-13;2:0-11;3:3-13;4:0-10;5:6-3;6:5-3;7:12-9;8:9-12;9:2-12
145,proposed_c2f_adaptive_pd_calibrated,9,10,0.9,15,300,0.05,10,0,10,0.0,0.0,978.3560279464975,271.66243240238066,1.0,8965.0,8965.0,0.0,13.751399994362146,"6,13,11,13,10,3,3,9,12,12",0:1-6;1:2-13;2:0-11;3:3-13;4:0-10;5:6-3;6:5-3;7:12-9;8:9-12;9:2-12
146,proposed_c2f_adaptive_pd,9,10,0.9,14,300,0.04666666666666667,13,1,12,640.0,1.0666666666666667,1054.0480752922244,102.61030998577435,1.0,17426.0,17426.0,0.0,7.733500038739294,"5,6,9,2,9,5,9,9,10,11","0:1-5;1:0-6;2:13-9,1-9;3:0-2;4:8-9;5:0-5;6:13-9;7:13-9,9-13,1-9;8:0-10;9:7-11"
146,proposed_c2f_adaptive_pd_calibrated,9,10,0.9,14,300,0.04666666666666667,13,1,12,640.0,1.0666666666666667,1054.0480752922244,102.61030998577435,1.0,17426.0,17426.0,0.0,17.38059998024255,"5,6,9,2,9,5,9,9,10,11","0:1-5;1:0-6;2:13-9,1-9;3:0-2;4:8-9;5:0-5;6:13-9;7:13-9,9-13,1-9;8:0-10;9:7-11"
147,proposed_c2f_adaptive_pd,10,10,1.0,12,300,0.04,10,0,10,0.0,0.0,241.85718758514676,89.20168091779233,1.0,12591.0,12591.0,0.0,5.042299977503717,"8,12,12,8,8,3,14,0,8,1",0:3-8;1:0-12;2:11-12;3:1-8;4:4-8;5:4-3;6:0-14;7:1-0;8:2-8;9:7-1
147,proposed_c2f_adaptive_pd_calibrated,10,10,1.0,12,300,0.04,10,0,10,0.0,0.0,241.85718758514676,89.20168091779233,1.0,12591.0,12591.0,0.0,13.33300000987947,"8,12,12,8,8,3,14,0,8,1",0:3-8;1:0-12;2:11-12;3:1-8;4:4-8;5:4-3;6:0-14;7:1-0;8:2-8;9:7-1
148,proposed_c2f_adaptive_pd,10,10,1.0,7,300,0.023333333333333334,10,0,10,0.0,0.0,46858.15544057107,329.6039038836869,1.0,9399.0,9399.0,0.0,6.09669997356832,"3,14,1,11,6,8,8,11,9,3",0:0-3;1:0-14;2:6-1;3:3-11;4:1-6;5:2-8;6:2-8;7:1-11;8:0-9;9:0-3
148,proposed_c2f_adaptive_pd_calibrated,10,10,1.0,7,300,0.023333333333333334,10,0,10,0.0,0.0,46858.15544057107,329.6039038836869,1.0,9399.0,9399.0,0.0,11.557099991478026,"3,14,1,11,6,8,8,11,9,3",0:0-3;1:0-14;2:6-1;3:3-11;4:1-6;5:2-8;6:2-8;7:1-11;8:0-9;9:0-3
149,proposed_c2f_adaptive_pd,10,10,1.0,12,300,0.04,10,0,10,0.0,0.0,657.7468463444463,474.78814820197476,1.0,12199.0,12199.0,0.0,4.671200003940612,"13,6,14,14,13,9,6,11,6,7",0:0-13;1:1-6;2:0-14;3:0-14;4:0-13;5:0-9;6:1-6;7:1-11;8:1-6;9:0-7
149,proposed_c2f_adaptive_pd_calibrated,10,10,1.0,12,300,0.04,10,0,10,0.0,0.0,657.7468463444463,474.78814820197476,1.0,12199.0,12199.0,0.0,11.505300004500896,"13,6,14,14,13,9,6,11,6,7",0:0-13;1:1-6;2:0-14;3:0-14;4:0-13;5:0-9;6:1-6;7:1-11;8:1-6;9:0-7
150,proposed_c2f_adaptive_pd,10,10,1.0,7,300,0.023333333333333334,11,0,11,0.0,0.0,1108.983700452504,161.73938405011148,1.0,12552.0,12552.0,0.0,4.482000018469989,"1,9,10,0,6,6,3,9,2,10","0:0-1;1:0-9;2:0-10;3:1-0;4:0-6;5:0-6;6:10-3,9-3;7:1-9;8:0-2;9:0-10"
150,proposed_c2f_adaptive_pd_calibrated,10,10,1.0,7,300,0.023333333333333334,11,0,11,0.0,0.0,1108.983700452504,161.73938405011148,1.0,12552.0,12552.0,0.0,15.516099985688925,"1,9,10,0,6,6,3,9,2,10","0:0-1;1:0-9;2:0-10;3:1-0;4:0-6;5:0-6;6:10-3,9-3;7:1-9;8:0-2;9:0-10"
151,proposed_c2f_adaptive_pd,10,10,1.0,20,300,0.06666666666666667,15,4,11,2560.0,4.266666666666667,1894.881776466489,203.18374703429947,1.0,17657.0,17657.0,0.0,7.169799995608628,"4,11,12,4,11,14,6,14,10,10","0:0-4;1:7-11;2:2-12;3:0-4;4:11-7,7-11,10-11,10-7,11-10,7-10;5:0-14;6:0-6;7:0-14;8:0-10;9:0-10"
151,proposed_c2f_adaptive_pd_calibrated,10,10,1.0,19,300,0.06333333333333334,15,4,11,2560.0,4.266666666666667,1894.881776466489,203.18374703429947,1.0,17657.0,17657.0,0.0,18.122099980246276,"4,11,12,4,11,14,6,14,10,10","0:0-4;1:7-11;2:2-12;3:0-4;4:11-7,7-11,10-11,10-7,11-10,7-10;5:0-14;6:0-6;7:0-14;8:0-10;9:0-10"
152,proposed_c2f_adaptive_pd,10,10,1.0,19,300,0.06333333333333334,10,0,10,0.0,0.0,111528.65515440004,917.7641604361879,1.0,10071.0,10071.0,0.0,6.439400021918118,"11,3,12,9,4,8,11,9,1,4",0:0-11;1:0-3;2:5-12;3:0-9;4:0-4;5:2-8;6:0-11;7:0-9;8:2-1;9:0-4
152,proposed_c2f_adaptive_pd_calibrated,10,10,1.0,19,300,0.06333333333333334,10,0,10,0.0,0.0,111528.65515440004,917.7641604361879,1.0,10071.0,10071.0,0.0,11.01140002720058,"11,3,12,9,4,8,11,9,1,4",0:0-11;1:0-3;2:5-12;3:0-9;4:0-4;5:2-8;6:0-11;7:0-9;8:2-1;9:0-4
153,proposed_c2f_adaptive_pd,10,10,1.0,18,300,0.06,11,2,9,1280.0,2.1333333333333333,1695.6327761116306,578.061350899508,1.0,10004.0,10004.0,0.0,4.715500050224364,"10,10,5,4,6,0,12,6,5,11","0:2-10;1:5-10;2:5-9,5-10;3:1-4;4:4-6;5:1-0;6:0-12;7:3-6;8:1-5;9:0-11"
153,proposed_c2f_adaptive_pd_calibrated,10,10,1.0,18,300,0.06,11,2,9,1280.0,2.1333333333333333,1695.6327761116306,578.061350899508,1.0,10004.0,10004.0,0.0,10.260700015351176,"10,10,5,4,6,0,12,6,5,11","0:2-10;1:5-10;2:5-9,5-10;3:1-4;4:4-6;5:1-0;6:0-12;7:3-6;8:1-5;9:0-11"
154,proposed_c2f_adaptive_pd,10,10,1.0,16,300,0.05333333333333334,11,0,11,0.0,0.0,5321.144144199238,1468.019719414337,1.0,14736.0,14736.0,0.0,6.736800016369671,"13,1,10,13,10,2,13,1,12,12","0:9-13,4-13;1:2-1;2:0-10;3:3-13;4:0-10;5:0-2;6:0-13;7:0-1;8:1-12;9:6-12"
154,proposed_c2f_adaptive_pd_calibrated,10,10,1.0,16,300,0.05333333333333334,11,0,11,0.0,0.0,5321.144144199238,1468.019719414337,1.0,14736.0,14736.0,0.0,16.41010004095733,"13,1,10,13,10,2,13,1,12,12","0:9-13,4-13;1:2-1;2:0-10;3:3-13;4:0-10;5:0-2;6:0-13;7:0-1;8:1-12;9:6-12"
155,proposed_c2f_adaptive_pd,10,10,1.0,10,300,0.03333333333333333,10,0,10,0.0,0.0,11400.809124714211,309.73678368590663,1.0,12591.0,12591.0,0.0,6.256400025449693,"0,8,14,13,0,14,13,13,14,0",0:5-0;1:0-8;2:1-14;3:0-13;4:5-0;5:9-14;6:0-13;7:0-13;8:1-14;9:8-0
155,proposed_c2f_adaptive_pd_calibrated,10,10,1.0,10,300,0.03333333333333333,10,0,10,0.0,0.0,11400.809124714211,309.73678368590663,1.0,12591.0,12591.0,0.0,14.926699979696423,"0,8,14,13,0,14,13,13,14,0",0:5-0;1:0-8;2:1-14;3:0-13;4:5-0;5:9-14;6:0-13;7:0-13;8:1-14;9:8-0
156,proposed_c2f_adaptive_pd,9,10,0.9,10,300,0.03333333333333333,12,0,12,0.0,0.0,140.0274715235841,69.72459351300563,1.0,13639.0,13639.0,0.0,6.515799963381141,"3,6,1,2,5,12,6,5,5,10","0:0-3;1:1-6;2:0-1;3:5-2;4:8-5,2-5,12-5;5:5-12;6:1-6;7:2-5;8:0-5;9:0-10"
156,proposed_c2f_adaptive_pd_calibrated,9,10,0.9,10,300,0.03333333333333333,12,0,12,0.0,0.0,140.0274715235841,69.72459351300563,1.0,13639.0,13639.0,0.0,15.86799998767674,"3,6,1,2,5,12,6,5,5,10","0:0-3;1:1-6;2:0-1;3:5-2;4:8-5,2-5,12-5;5:5-12;6:1-6;7:2-5;8:0-5;9:0-10"
157,proposed_c2f_adaptive_pd,9,10,0.9,18,270,0.06666666666666667,10,0,10,0.0,0.0,604.7977109084243,346.2420100326358,0.9,8657.0,8657.0,0.0,4.41080000018701,"6,13,14,1,7,4,13,4,2,2",0:0-6;1:10-13;2:0-14;3:12-1;4:1-7;5:0-4;6:4-13;7:0-4;8:0-2;9:0-2
157,proposed_c2f_adaptive_pd_calibrated,9,10,0.9,18,270,0.06666666666666667,10,0,10,0.0,0.0,604.7977109084243,346.2420100326358,0.9,8657.0,8657.0,0.0,6.747499981429428,"6,13,14,1,7,4,13,4,2,2",0:0-6;1:10-13;2:0-14;3:12-1;4:1-7;5:0-4;6:4-13;7:0-4;8:0-2;9:0-2
158,proposed_c2f_adaptive_pd,10,10,1.0,16,300,0.05333333333333334,10,0,10,0.0,0.0,1291.9975492571489,88.75649135946978,1.0,10967.0,10967.0,0.0,5.59310003882274,"13,2,14,9,6,0,13,7,2,13",0:1-13;1:1-2;2:0-14;3:0-9;4:0-6;5:2-0;6:1-13;7:4-7;8:0-2;9:0-13
158,proposed_c2f_adaptive_pd_calibrated,10,10,1.0,16,300,0.05333333333333334,10,0,10,0.0,0.0,1291.9975492571489,88.75649135946978,1.0,10967.0,10967.0,0.0,13.346099993214011,"13,2,14,9,6,0,13,7,2,13",0:1-13;1:1-2;2:0-14;3:0-9;4:0-6;5:2-0;6:1-13;7:4-7;8:0-2;9:0-13
159,proposed_c2f_adaptive_pd,10,10,1.0,17,300,0.056666666666666664,11,1,10,640.0,1.0666666666666667,12369.736004231123,1105.970043898475,1.0,10788.0,10788.0,0.0,3.8089999579824507,"13,5,3,8,13,8,14,11,1,11","0:0-13;1:4-5;2:0-3;3:0-8;4:0-13;5:0-8;6:11-14,14-11;7:14-11;8:2-1;9:0-11"
159,proposed_c2f_adaptive_pd_calibrated,10,10,1.0,17,300,0.056666666666666664,11,1,10,640.0,1.0666666666666667,12369.736004231123,1105.970043898475,1.0,10788.0,10788.0,0.0,14.650499972049147,"13,5,3,8,13,8,14,11,1,11","0:0-13;1:4-5;2:0-3;3:0-8;4:0-13;5:0-8;6:11-14,14-11;7:14-11;8:2-1;9:0-11"
160,proposed_c2f_adaptive_pd,10,10,1.0,14,300,0.04666666666666667,13,0,13,0.0,0.0,510.33285263583457,89.18609790444754,1.0,14666.0,14666.0,0.0,7.141900015994906,"14,6,14,3,12,6,11,0,11,3","0:10-14,3-14;1:1-6;2:1-14;3:1-3;4:8-12,9-12;5:1-6;6:5-11,0-11;7:5-0;8:0-11;9:1-3"
160,proposed_c2f_adaptive_pd_calibrated,10,10,1.0,14,300,0.04666666666666667,13,0,13,0.0,0.0,510.33285263583457,89.18609790444754,1.0,14666.0,14666.0,0.0,13.891700014937669,"14,6,14,3,12,6,11,0,11,3","0:10-14,3-14;1:1-6;2:1-14;3:1-3;4:8-12,9-12;5:1-6;6:5-11,0-11;7:5-0;8:0-11;9:1-3"
161,proposed_c2f_adaptive_pd,10,10,1.0,13,300,0.043333333333333335,10,0,10,0.0,0.0,197504.76568386523,2000.5192500590254,1.0,9735.0,9735.0,0.0,6.087000016123056,"10,4,11,5,13,7,13,3,8,13",0:0-10;1:2-4;2:0-11;3:1-5;4:0-13;5:1-7;6:0-13;7:0-3;8:14-8;9:0-13
161,proposed_c2f_adaptive_pd_calibrated,10,10,1.0,14,300,0.04666666666666667,10,0,10,0.0,0.0,197504.76568386523,2000.5192500590254,1.0,9735.0,9735.0,0.0,11.216200015041977,"10,4,11,5,13,7,13,3,8,13",0:0-10;1:2-4;2:0-11;3:1-5;4:0-13;5:1-7;6:0-13;7:0-3;8:14-8;9:0-13
162,proposed_c2f_adaptive_pd,10,10,1.0,16,300,0.05333333333333334,11,0,11,0.0,0.0,451.01685813654603,239.63179938119373,1.0,9591.0,9591.0,0.0,8.036800019908696,"11,13,8,2,8,4,8,10,4,1","0:1-11;1:1-13;2:1-8;3:0-2;4:2-8;5:2-4;6:5-8;7:0-10;8:9-4,11-4;9:0-1"
162,proposed_c2f_adaptive_pd_calibrated,10,10,1.0,16,300,0.05333333333333334,11,0,11,0.0,0.0,451.01685813654603,239.63179938119373,1.0,9591.0,9591.0,0.0,9.015099960379303,"11,13,8,2,8,4,8,10,4,1","0:1-11;1:1-13;2:1-8;3:0-2;4:2-8;5:2-4;6:5-8;7:0-10;8:9-4,11-4;9:0-1"
163,proposed_c2f_adaptive_pd,10,10,1.0,12,300,0.04,10,1,9,640.0,1.0666666666666667,971.632161288104,81.13754959396721,1.0,10407.0,10407.0,0.0,5.049700033850968,"13,0,5,6,10,7,1,0,9,7",0:4-13;1:8-0;2:4-5;3:0-6;4:10-8;5:11-7;6:2-1;7:8-0;8:0-9;9:0-7
163,proposed_c2f_adaptive_pd_calibrated,10,10,1.0,13,300,0.043333333333333335,10,1,9,640.0,1.0666666666666667,971.632161288104,81.13754959396721,1.0,10407.0,10407.0,0.0,9.220199950505048,"13,0,5,6,10,7,1,0,9,7",0:4-13;1:8-0;2:4-5;3:0-6;4:10-8;5:11-7;6:2-1;7:8-0;8:0-9;9:0-7
164,proposed_c2f_adaptive_pd,9,10,0.9,11,300,0.03666666666666667,11,1,10,640.0,1.0666666666666667,7288.741991212703,215.66020591011448,1.0,9276.0,9276.0,0.0,5.320299998857081,"2,11,11,14,8,7,10,11,14,9","0:0-2;1:1-11;2:0-11;3:14-1,1-14;4:0-8;5:0-7;6:8-10;7:0-11;8:0-14;9:0-9"
164,proposed_c2f_adaptive_pd_calibrated,9,10,0.9,11,300,0.03666666666666667,11,1,10,640.0,1.0666666666666667,7288.741991212703,215.66020591011448,1.0,9276.0,9276.0,0.0,11.564499989617616,"2,11,11,14,8,7,10,11,14,9","0:0-2;1:1-11;2:0-11;3:14-1,1-14;4:0-8;5:0-7;6:8-10;7:0-11;8:0-14;9:0-9"
165,proposed_c2f_adaptive_pd,10,10,1.0,9,300,0.03,10,0,10,0.0,0.0,9006.351744217285,545.0114061076617,1.0,9735.0,9735.0,0.0,5.672300001606345,"11,2,8,0,6,13,0,0,6,0",0:1-11;1:0-2;2:1-8;3:4-0;4:0-6;5:0-13;6:1-0;7:4-0;8:2-6;9:4-0
165,proposed_c2f_adaptive_pd_calibrated,10,10,1.0,9,300,0.03,10,0,10,0.0,0.0,9006.351744217285,545.0114061076617,1.0,9735.0,9735.0,0.0,12.949500000104308,"11,2,8,0,6,13,0,0,6,0",0:1-11;1:0-2;2:1-8;3:4-0;4:0-6;5:0-13;6:1-0;7:4-0;8:2-6;9:4-0
166,proposed_c2f_adaptive_pd,10,10,1.0,18,300,0.06,10,0,10,0.0,0.0,169.62879339432385,77.89001880029484,1.0,10505.0,10505.0,0.0,4.458699957467616,"13,1,5,13,14,13,14,13,5,7",0:2-13;1:3-1;2:3-5;3:1-13;4:3-14;5:2-13;6:3-14;7:2-13;8:1-5;9:1-7
166,proposed_c2f_adaptive_pd_calibrated,10,10,1.0,18,300,0.06,10,0,10,0.0,0.0,169.62879339432385,77.89001880029484,1.0,10505.0,10505.0,0.0,9.905499988235533,"13,1,5,13,14,13,14,13,5,7",0:2-13;1:3-1;2:3-5;3:1-13;4:3-14;5:2-13;6:3-14;7:2-13;8:1-5;9:1-7
167,proposed_c2f_adaptive_pd,10,10,1.0,11,300,0.03666666666666667,11,1,10,640.0,1.0666666666666667,276538.6936753455,332.8389053502517,1.0,11460.0,11460.0,0.0,5.80789998639375,"10,9,2,1,10,14,11,14,7,9","0:0-10;1:6-9;2:0-2;3:0-1;4:0-10;5:0-14;6:0-11;7:0-14;8:7-4,4-7;9:3-9"
167,proposed_c2f_adaptive_pd_calibrated,10,10,1.0,11,300,0.03666666666666667,11,1,10,640.0,1.0666666666666667,276538.6936753455,332.8389053502517,1.0,11460.0,11460.0,0.0,14.476999989710748,"10,9,2,1,10,14,11,14,7,9","0:0-10;1:6-9;2:0-2;3:0-1;4:0-10;5:0-14;6:0-11;7:0-14;8:7-4,4-7;9:3-9"
168,proposed_c2f_adaptive_pd,10,10,1.0,15,300,0.05,11,0,11,0.0,0.0,1172.3435001980474,112.013572789996,1.0,12567.0,12567.0,0.0,3.8222000002861023,"3,7,2,6,7,7,10,0,10,7","0:1-3;1:6-7;2:0-2;3:0-6;4:0-7;5:6-7,2-7;6:3-10;7:2-0;8:3-10;9:6-7"
168,proposed_c2f_adaptive_pd_calibrated,10,10,1.0,16,300,0.05333333333333334,11,0,11,0.0,0.0,1172.3435001980474,112.013572789996,1.0,12567.0,12567.0,0.0,12.226799968630075,"3,7,2,6,7,7,10,0,10,7","0:1-3;1:6-7;2:0-2;3:0-6;4:0-7;5:6-7,2-7;6:3-10;7:2-0;8:3-10;9:6-7"
169,proposed_c2f_adaptive_pd,9,10,0.9,9,270,0.03333333333333333,10,0,10,0.0,0.0,3758.4788973275436,1752.0370978012656,0.9,10967.0,10967.0,0.0,5.643899959977716,"3,11,6,4,10,9,1,11,6,0",0:0-3;1:0-11;2:1-6;3:0-4;4:0-10;5:0-9;6:6-1;7:0-11;8:1-6;9:1-0
169,proposed_c2f_adaptive_pd_calibrated,9,10,0.9,9,270,0.03333333333333333,10,0,10,0.0,0.0,3758.4788973275436,1752.0370978012656,0.9,10967.0,10967.0,0.0,12.418499973136932,"3,11,6,4,10,9,1,11,6,0",0:0-3;1:0-11;2:1-6;3:0-4;4:0-10;5:0-9;6:6-1;7:0-11;8:1-6;9:1-0
170,proposed_c2f_adaptive_pd,10,10,1.0,14,300,0.04666666666666667,10,0,10,0.0,0.0,17367.687224402085,1365.5708176543317,1.0,10659.0,10659.0,0.0,5.088199977762997,"12,2,7,8,4,8,1,10,10,5",0:0-12;1:4-2;2:2-7;3:0-8;4:0-4;5:0-8;6:0-1;7:3-10;8:3-10;9:3-5
170,proposed_c2f_adaptive_pd_calibrated,10,10,1.0,15,300,0.05,10,0,10,0.0,0.0,17367.687224402085,1365.5708176543317,1.0,10659.0,10659.0,0.0,9.949499974027276,"12,2,7,8,4,8,1,10,10,5",0:0-12;1:4-2;2:2-7;3:0-8;4:0-4;5:0-8;6:0-1;7:3-10;8:3-10;9:3-5
171,proposed_c2f_adaptive_pd,9,10,0.9,10,270,0.037037037037037035,17,4,13,2560.0,4.266666666666667,1656.9052084710413,41.147374444966616,0.9411764705882353,19566.0,19566.0,0.0,6.572799989953637,"7,0,0,7,13,3,5,13,13,3","0:0-7;1:1-0;2:1-0;3:1-7;4:3-13;5:2-3,3-2,10-3;6:4-5;7:3-13;8:3-13;9:13-3,2-3,3-2,9-2,11-3,13-5"
171,proposed_c2f_adaptive_pd_calibrated,9,10,0.9,11,270,0.040740740740740744,17,4,13,2560.0,4.266666666666667,1656.9052084710413,41.147374444966616,0.9411764705882353,19566.0,19566.0,0.0,15.242900000885129,"7,0,0,7,13,3,5,13,13,3","0:0-7;1:1-0;2:1-0;3:1-7;4:3-13;5:2-3,3-2,10-3;6:4-5;7:3-13;8:3-13;9:13-3,2-3,3-2,9-2,11-3,13-5"
172,proposed_c2f_adaptive_pd,10,10,1.0,13,300,0.043333333333333335,10,0,10,0.0,0.0,56901.80034711608,598.5154942343236,1.0,6655.0,6655.0,0.0,6.325599970296025,"0,0,11,10,10,12,4,12,13,4",0:1-0;1:12-0;2:1-11;3:1-10;4:1-10;5:0-12;6:1-4;7:0-12;8:1-13;9:1-4
172,proposed_c2f_adaptive_pd_calibrated,10,10,1.0,15,300,0.05,10,0,10,0.0,0.0,56901.80034711608,598.5154942343236,1.0,6655.0,6655.0,0.0,10.909600008744746,"0,0,11,10,10,12,4,12,13,4",0:1-0;1:12-0;2:1-11;3:1-10;4:1-10;5:0-12;6:1-4;7:0-12;8:1-13;9:1-4
173,proposed_c2f_adaptive_pd,9,10,0.9,13,300,0.043333333333333335,20,3,17,1920.0,3.2,13749.203618823676,185.75695075959544,1.0,23599.0,23599.0,0.0,8.943199994973838,"0,0,8,11,4,5,4,6,11,7","0:1-0;1:7-0;2:0-8;3:0-11;4:0-4;5:9-5,5-9,0-5,1-5,13-5,7-5;6:1-4;7:7-6,3-6,6-3,7-3,10-6,0-6;8:1-11;9:0-7"
173,proposed_c2f_adaptive_pd_calibrated,9,10,0.9,13,300,0.043333333333333335,20,3,17,1920.0,3.2,13749.203618823676,185.75695075959544,1.0,23599.0,23599.0,0.0,24.697599990759045,"0,0,8,11,4,5,4,6,11,7","0:1-0;1:7-0;2:0-8;3:0-11;4:0-4;5:9-5,5-9,0-5,1-5,13-5,7-5;6:1-4;7:7-6,3-6,6-3,7-3,10-6,0-6;8:1-11;9:0-7"
174,proposed_c2f_adaptive_pd,10,10,1.0,15,300,0.05,10,0,10,0.0,0.0,4271.344059175755,1093.7746569695496,1.0,11429.0,11429.0,0.0,5.712699959985912,"13,6,10,2,5,12,10,8,2,14",0:0-13;1:0-6;2:1-10;3:0-2;4:0-5;5:5-12;6:3-10;7:13-8;8:1-2;9:3-14
174,proposed_c2f_adaptive_pd_calibrated,10,10,1.0,15,300,0.05,10,0,10,0.0,0.0,4271.344059175755,1093.7746569695496,1.0,11429.0,11429.0,0.0,13.333199953194708,"13,6,10,2,5,12,10,8,2,14",0:0-13;1:0-6;2:1-10;3:0-2;4:0-5;5:5-12;6:3-10;7:13-8;8:1-2;9:3-14
175,proposed_c2f_adaptive_pd,10,10,1.0,16,300,0.05333333333333334,12,1,11,640.0,1.0666666666666667,1464.9812446468945,99.61234608289715,1.0,14076.0,14076.0,0.0,6.58409995958209,"4,8,8,8,10,14,10,7,12,13","0:2-4,12-4;1:8-6,10-8;2:7-8;3:2-8;4:1-10;5:0-14;6:1-10;7:1-7;8:1-12;9:0-13"
175,proposed_c2f_adaptive_pd_calibrated,10,10,1.0,16,300,0.05333333333333334,12,1,11,640.0,1.0666666666666667,1464.9812446468945,99.61234608289715,1.0,14076.0,14076.0,0.0,16.959400032646954,"4,8,8,8,10,14,10,7,12,13","0:2-4,12-4;1:8-6,10-8;2:7-8;3:2-8;4:1-10;5:0-14;6:1-10;7:1-7;8:1-12;9:0-13"
176,proposed_c2f_adaptive_pd,10,10,1.0,21,300,0.07,10,0,10,0.0,0.0,27601.27744865517,382.42504856649197,1.0,8503.0,8503.0,0.0,6.07299996772781,"2,13,14,0,4,1,11,1,10,0",0:3-2;1:0-13;2:0-14;3:1-0;4:0-4;5:0-1;6:0-11;7:7-1;8:0-10;9:1-0
176,proposed_c2f_adaptive_pd_calibrated,10,10,1.0,21,300,0.07,10,0,10,0.0,0.0,27601.27744865517,382.42504856649197,1.0,8503.0,8503.0,0.0,9.165700001176447,"2,13,14,0,4,1,11,1,10,0",0:3-2;1:0-13;2:0-14;3:1-0;4:0-4;5:0-1;6:0-11;7:7-1;8:0-10;9:1-0
177,proposed_c2f_adaptive_pd,9,10,0.9,19,300,0.06333333333333334,10,0,10,0.0,0.0,8989.888269402005,342.1139042817264,1.0,7271.0,7271.0,0.0,3.8247000193223357,"9,8,3,11,2,10,11,9,11,6",0:0-9;1:3-8;2:4-3;3:1-11;4:0-2;5:0-10;6:0-11;7:0-9;8:1-11;9:0-6
177,proposed_c2f_adaptive_pd_calibrated,9,10,0.9,19,300,0.06333333333333334,10,0,10,0.0,0.0,8989.888269402005,342.1139042817264,1.0,7271.0,7271.0,0.0,8.788599981926382,"9,8,3,11,2,10,11,9,11,6",0:0-9;1:3-8;2:4-3;3:1-11;4:0-2;5:0-10;6:0-11;7:0-9;8:1-11;9:0-6
178,proposed_c2f_adaptive_pd,10,10,1.0,20,300,0.06666666666666667,12,0,12,0.0,0.0,3131.525559228402,471.6765615390108,1.0,15126.0,15126.0,0.0,6.625200039707124,"2,7,13,6,10,6,14,1,14,10","0:0-2;1:1-7;2:10-13,6-13;3:3-6;4:0-10;5:13-6,10-6;6:4-14;7:2-1;8:4-14;9:0-10"
178,proposed_c2f_adaptive_pd_calibrated,10,10,1.0,20,300,0.06666666666666667,12,0,12,0.0,0.0,3131.525559228402,471.6765615390108,1.0,15126.0,15126.0,0.0,17.365700041409582,"2,7,13,6,10,6,14,1,14,10","0:0-2;1:1-7;2:10-13,6-13;3:3-6;4:0-10;5:13-6,10-6;6:4-14;7:2-1;8:4-14;9:0-10"
179,proposed_c2f_adaptive_pd,10,10,1.0,15,300,0.05,18,5,13,3200.0,5.333333333333334,149911.68459187084,1102.3780819553667,1.0,15874.0,15874.0,0.0,8.329100033733994,"10,4,6,4,14,5,1,10,10,3","0:1-10;1:1-4;2:0-6;3:0-4;4:2-14;5:0-5;6:0-1;7:10-1,1-10,6-10,10-6;8:10-1,1-10,6-1,6-10,10-6,7-10;9:0-3"
179,proposed_c2f_adaptive_pd_calibrated,10,10,1.0,15,300,0.05,18,5,13,3200.0,5.333333333333334,149911.68459187084,1102.3780819553667,1.0,15874.0,15874.0,0.0,21.076399949379265,"10,4,6,4,14,5,1,10,10,3","0:1-10;1:1-4;2:0-6;3:0-4;4:2-14;5:0-5;6:0-1;7:10-1,1-10,6-10,10-6;8:10-1,1-10,6-1,6-10,10-6,7-10;9:0-3"
180,proposed_c2f_adaptive_pd,8,10,0.8,14,300,0.04666666666666667,15,1,14,640.0,1.0666666666666667,710.0531850811005,60.40245846143574,1.0,16385.0,16385.0,0.0,6.194699963089079,"14,9,5,7,3,1,7,9,7,14","0:2-14,14-2,12-14;1:1-9;2:1-5;3:1-7;4:10-3,4-3,2-3;5:2-1;6:13-7;7:1-9;8:1-7;9:12-14,2-14"
180,proposed_c2f_adaptive_pd_calibrated,8,10,0.8,14,300,0.04666666666666667,15,1,14,640.0,1.0666666666666667,710.0531850811005,60.40245846143574,1.0,16385.0,16385.0,0.0,18.349400022998452,"14,9,5,7,3,1,7,9,7,14","0:2-14,14-2,12-14;1:1-9;2:1-5;3:1-7;4:10-3,4-3,2-3;5:2-1;6:13-7;7:1-9;8:1-7;9:12-14,2-14"
181,proposed_c2f_adaptive_pd,10,10,1.0,19,300,0.06333333333333334,12,0,12,0.0,0.0,7003.673196964791,253.98230941178753,1.0,16124.0,16124.0,0.0,5.0199999823234975,"0,7,13,4,13,14,9,14,7,5","0:1-0;1:3-7;2:0-13;3:0-4;4:11-13,6-13,8-13;5:0-14;6:0-9;7:0-14;8:2-7;9:2-5"
181,proposed_c2f_adaptive_pd_calibrated,10,10,1.0,19,300,0.06333333333333334,12,0,12,0.0,0.0,7003.673196964791,253.98230941178753,1.0,16124.0,16124.0,0.0,16.825900005642325,"0,7,13,4,13,14,9,14,7,5","0:1-0;1:3-7;2:0-13;3:0-4;4:11-13,6-13,8-13;5:0-14;6:0-9;7:0-14;8:2-7;9:2-5"
182,proposed_c2f_adaptive_pd,10,10,1.0,11,300,0.03666666666666667,10,0,10,0.0,0.0,411.3691996080678,135.97909531779374,1.0,12353.0,12353.0,0.0,5.608599982224405,"11,12,3,0,7,12,5,7,3,9",0:0-11;1:3-12;2:6-3;3:1-0;4:0-7;5:0-12;6:0-5;7:0-7;8:0-3;9:8-9
182,proposed_c2f_adaptive_pd_calibrated,10,10,1.0,11,300,0.03666666666666667,10,0,10,0.0,0.0,411.3691996080678,135.97909531779374,1.0,12353.0,12353.0,0.0,9.423899988178164,"11,12,3,0,7,12,5,7,3,9",0:0-11;1:3-12;2:6-3;3:1-0;4:0-7;5:0-12;6:0-5;7:0-7;8:0-3;9:8-9
183,proposed_c2f_adaptive_pd,10,10,1.0,15,300,0.05,10,0,10,0.0,0.0,7960.474602477918,235.0265063018245,1.0,10813.0,10813.0,0.0,4.569099983200431,"0,7,6,1,2,14,14,9,9,7",0:2-0;1:1-7;2:1-6;3:3-1;4:0-2;5:5-14;6:4-14;7:0-9;8:0-9;9:1-7
183,proposed_c2f_adaptive_pd_calibrated,10,10,1.0,15,300,0.05,10,0,10,0.0,0.0,7960.474602477918,235.0265063018245,1.0,10813.0,10813.0,0.0,11.582799954339862,"0,7,6,1,2,14,14,9,9,7",0:2-0;1:1-7;2:1-6;3:3-1;4:0-2;5:5-14;6:4-14;7:0-9;8:0-9;9:1-7
184,proposed_c2f_adaptive_pd,9,10,0.9,7,270,0.025925925925925925,10,0,10,0.0,0.0,5365.023819938944,1215.0761928181612,0.9,9273.0,9273.0,0.0,4.924199951346964,"10,7,2,2,12,0,2,8,11,5",0:0-10;1:0-7;2:3-2;3:0-2;4:0-12;5:2-0;6:0-2;7:2-8;8:3-11;9:1-5
184,proposed_c2f_adaptive_pd_calibrated,9,10,0.9,7,270,0.025925925925925925,10,0,10,0.0,0.0,5365.023819938944,1215.0761928181612,0.9,9273.0,9273.0,0.0,11.440700036473572,"10,7,2,2,12,0,2,8,11,5",0:0-10;1:0-7;2:3-2;3:0-2;4:0-12;5:2-0;6:0-2;7:2-8;8:3-11;9:1-5
185,proposed_c2f_adaptive_pd,10,10,1.0,16,300,0.05333333333333334,10,0,10,0.0,0.0,11817.948744419318,940.8580758035968,1.0,8223.0,8223.0,0.0,3.996900049969554,"6,12,5,14,6,12,3,10,6,11",0:2-6;1:9-12;2:0-5;3:1-14;4:0-6;5:3-12;6:0-3;7:0-10;8:5-6;9:5-11
185,proposed_c2f_adaptive_pd_calibrated,10,10,1.0,16,300,0.05333333333333334,10,0,10,0.0,0.0,11817.948744419318,940.8580758035968,1.0,8223.0,8223.0,0.0,12.290099984966218,"6,12,5,14,6,12,3,10,6,11",0:2-6;1:9-12;2:0-5;3:1-14;4:0-6;5:3-12;6:0-3;7:0-10;8:5-6;9:5-11
186,proposed_c2f_adaptive_pd,10,10,1.0,10,300,0.03333333333333333,10,0,10,0.0,0.0,8690.361484765108,288.48253116109584,1.0,10043.0,10043.0,0.0,4.818899964448065,"1,4,3,4,7,13,6,4,2,5",0:7-1;1:13-4;2:0-3;3:1-4;4:0-7;5:0-13;6:0-6;7:0-4;8:5-2;9:0-5
186,proposed_c2f_adaptive_pd_calibrated,10,10,1.0,10,300,0.03333333333333333,10,0,10,0.0,0.0,8690.361484765108,288.48253116109584,1.0,10043.0,10043.0,0.0,10.991199989803135,"1,4,3,4,7,13,6,4,2,5",0:7-1;1:13-4;2:0-3;3:1-4;4:0-7;5:0-13;6:0-6;7:0-4;8:5-2;9:0-5
187,proposed_c2f_adaptive_pd,10,10,1.0,14,300,0.04666666666666667,10,0,10,0.0,0.0,567.1355085783367,136.1292179577651,1.0,12644.0,12644.0,0.0,5.745200032833964,"0,13,8,8,10,6,8,8,11,2",0:1-0;1:0-13;2:14-8;3:0-8;4:5-10;5:0-6;6:1-8;7:4-8;8:1-11;9:6-2
187,proposed_c2f_adaptive_pd_calibrated,10,10,1.0,14,300,0.04666666666666667,10,0,10,0.0,0.0,567.1355085783367,136.1292179577651,1.0,12644.0,12644.0,0.0,10.580500005744398,"0,13,8,8,10,6,8,8,11,2",0:1-0;1:0-13;2:14-8;3:0-8;4:5-10;5:0-6;6:1-8;7:4-8;8:1-11;9:6-2
188,proposed_c2f_adaptive_pd,9,10,0.9,14,300,0.04666666666666667,10,0,10,0.0,0.0,638.4164667599474,205.39980906973756,1.0,13298.0,13298.0,0.0,6.22709997696802,"12,3,12,14,12,13,11,13,5,13",0:5-12;1:0-3;2:0-12;3:0-14;4:2-12;5:3-13;6:6-11;7:3-13;8:0-5;9:3-13
188,proposed_c2f_adaptive_pd_calibrated,9,10,0.9,16,300,0.05333333333333334,10,0,10,0.0,0.0,638.4164667599474,205.39980906973756,1.0,13298.0,13298.0,0.0,13.351499976124614,"12,3,12,14,12,13,11,13,5,13",0:5-12;1:0-3;2:0-12;3:0-14;4:2-12;5:3-13;6:6-11;7:3-13;8:0-5;9:3-13
189,proposed_c2f_adaptive_pd,9,10,0.9,19,300,0.06333333333333334,10,0,10,0.0,0.0,800.0021652270141,451.4208557689328,1.0,10043.0,10043.0,0.0,6.126899970695376,"14,12,13,8,4,12,3,8,11,0",0:3-14;1:1-12;2:2-13;3:2-8;4:3-4;5:2-12;6:14-3;7:2-8;8:2-11;9:1-0
189,proposed_c2f_adaptive_pd_calibrated,9,10,0.9,19,300,0.06333333333333334,10,0,10,0.0,0.0,800.0021652270141,451.4208557689328,1.0,10043.0,10043.0,0.0,7.890200009569526,"14,12,13,8,4,12,3,8,11,0",0:3-14;1:1-12;2:2-13;3:2-8;4:3-4;5:2-12;6:14-3;7:2-8;8:2-11;9:1-0
190,proposed_c2f_adaptive_pd,10,10,1.0,21,300,0.07,10,0,10,0.0,0.0,11386.428767457342,392.09476663585974,1.0,10967.0,10967.0,0.0,7.047599996440113,"6,12,0,0,4,7,0,4,7,6",0:0-6;1:0-12;2:1-0;3:1-0;4:11-4;5:6-7;6:1-0;7:2-4;8:0-7;9:0-6
190,proposed_c2f_adaptive_pd_calibrated,10,10,1.0,21,300,0.07,10,0,10,0.0,0.0,11386.428767457342,392.09476663585974,1.0,10967.0,10967.0,0.0,10.215000016614795,"6,12,0,0,4,7,0,4,7,6",0:0-6;1:0-12;2:1-0;3:1-0;4:11-4;5:6-7;6:1-0;7:2-4;8:0-7;9:0-6
191,proposed_c2f_adaptive_pd,10,10,1.0,16,300,0.05333333333333334,20,6,14,3840.0,6.400000000000001,1969.5689768828197,99.25081476314126,1.0,22187.0,22187.0,0.0,6.3937000231817365,"7,12,8,6,6,13,6,1,1,6","0:0-7;1:6-12;2:1-8;3:1-6;4:1-6,6-1,7-6,7-1,6-7,13-6;5:0-13;6:1-6;7:6-1,1-6,7-1,3-1,7-6,1-7;8:3-1;9:0-6"
191,proposed_c2f_adaptive_pd_calibrated,10,10,1.0,16,300,0.05333333333333334,20,6,14,3840.0,6.400000000000001,1969.5689768828197,99.25081476314126,1.0,22187.0,22187.0,0.0,18.891000014264137,"7,12,8,6,6,13,6,1,1,6","0:0-7;1:6-12;2:1-8;3:1-6;4:1-6,6-1,7-6,7-1,6-7,13-6;5:0-13;6:1-6;7:6-1,1-6,7-1,3-1,7-6,1-7;8:3-1;9:0-6"
192,proposed_c2f_adaptive_pd,10,10,1.0,10,300,0.03333333333333333,10,0,10,0.0,0.0,152971.89409578446,356.13414042659247,1.0,9119.0,9119.0,0.0,6.321400054730475,"9,9,6,4,11,0,11,14,11,2",0:1-9;1:0-9;2:0-6;3:3-4;4:4-11;5:1-0;6:4-11;7:0-14;8:4-11;9:0-2
192,proposed_c2f_adaptive_pd_calibrated,10,10,1.0,10,300,0.03333333333333333,10,0,10,0.0,0.0,152971.89409578446,356.13414042659247,1.0,9119.0,9119.0,0.0,9.780800028238446,"9,9,6,4,11,0,11,14,11,2",0:1-9;1:0-9;2:0-6;3:3-4;4:4-11;5:1-0;6:4-11;7:0-14;8:4-11;9:0-2
193,proposed_c2f_adaptive_pd,10,10,1.0,17,300,0.056666666666666664,13,1,12,640.0,1.0666666666666667,105385.42222993942,277.44260887778546,1.0,13015.0,13015.0,0.0,4.929399990942329,"6,0,0,7,2,5,2,6,8,0","0:0-6;1:10-0;2:10-0,1-0;3:3-7;4:6-2;5:0-5;6:10-2;7:0-6;8:0-8;9:10-0,0-10,5-0"
193,proposed_c2f_adaptive_pd_calibrated,10,10,1.0,17,300,0.056666666666666664,13,1,12,640.0,1.0666666666666667,105385.42222993942,277.44260887778546,1.0,13015.0,13015.0,0.0,17.647900036536157,"6,0,0,7,2,5,2,6,8,0","0:0-6;1:10-0;2:10-0,1-0;3:3-7;4:6-2;5:0-5;6:10-2;7:0-6;8:0-8;9:10-0,0-10,5-0"
194,proposed_c2f_adaptive_pd,10,10,1.0,18,300,0.06,10,0,10,0.0,0.0,1501.3474512034077,249.98605957126495,1.0,9735.0,9735.0,0.0,4.993300011847168,"5,0,9,7,10,3,10,5,9,7",0:6-5;1:2-0;2:8-9;3:0-7;4:5-10;5:0-3;6:3-10;7:3-5;8:6-9;9:0-7
194,proposed_c2f_adaptive_pd_calibrated,10,10,1.0,18,300,0.06,10,0,10,0.0,0.0,1501.3474512034077,249.98605957126495,1.0,9735.0,9735.0,0.0,7.923899975139648,"5,0,9,7,10,3,10,5,9,7",0:6-5;1:2-0;2:8-9;3:0-7;4:5-10;5:0-3;6:3-10;7:3-5;8:6-9;9:0-7
195,proposed_c2f_adaptive_pd,10,10,1.0,9,300,0.03,10,0,10,0.0,0.0,4483.664941137033,197.5988252325011,1.0,10505.0,10505.0,0.0,4.358000005595386,"4,11,2,14,5,1,5,10,7,2",0:0-4;1:0-11;2:0-2;3:5-14;4:0-5;5:0-1;6:10-5;7:0-10;8:1-7;9:0-2
195,proposed_c2f_adaptive_pd_calibrated,10,10,1.0,9,300,0.03,10,0,10,0.0,0.0,4483.664941137033,197.5988252325011,1.0,10505.0,10505.0,0.0,10.553599975537509,"4,11,2,14,5,1,5,10,7,2",0:0-4;1:0-11;2:0-2;3:5-14;4:0-5;5:0-1;6:10-5;7:0-10;8:1-7;9:0-2
196,proposed_c2f_adaptive_pd,10,10,1.0,13,300,0.043333333333333335,15,3,12,1920.0,3.2,2598.253962716854,1109.4666706794294,1.0,16331.0,16331.0,0.0,5.839099991135299,"9,9,7,2,7,7,11,1,6,8","0:3-9;1:7-9,9-11,3-11,7-11,11-9,3-9;2:1-7;3:0-2;4:1-7;5:0-7;6:3-11;7:0-1;8:0-6;9:0-8"
196,proposed_c2f_adaptive_pd_calibrated,10,10,1.0,13,300,0.043333333333333335,15,3,12,1920.0,3.2,2598.253962716854,1109.4666706794294,1.0,16331.0,16331.0,0.0,12.42320000892505,"9,9,7,2,7,7,11,1,6,8","0:3-9;1:7-9,9-11,3-11,7-11,11-9,3-9;2:1-7;3:0-2;4:1-7;5:0-7;6:3-11;7:0-1;8:0-6;9:0-8"
197,proposed_c2f_adaptive_pd,9,10,0.9,16,300,0.05333333333333334,20,3,17,1920.0,3.2,6102.993823456081,214.54641649694963,1.0,20734.0,20734.0,0.0,6.749599997419864,"12,2,9,14,5,9,1,0,5,6","0:0-12;1:3-2;2:5-9;3:1-14,2-14,14-1,8-14,9-14,2-5;4:8-5,14-5,1-5,9-5,8-9,10-5;5:5-9;6:0-1;7:1-0;8:1-5;9:0-6"
197,proposed_c2f_adaptive_pd_calibrated,9,10,0.9,16,300,0.05333333333333334,20,3,17,1920.0,3.2,6102.993823456081,214.54641649694963,1.0,20734.0,20734.0,0.0,16.867199970874935,"12,2,9,14,5,9,1,0,5,6","0:0-12;1:3-2;2:5-9;3:1-14,2-14,14-1,8-14,9-14,2-5;4:8-5,14-5,1-5,9-5,8-9,10-5;5:5-9;6:0-1;7:1-0;8:1-5;9:0-6"
198,proposed_c2f_adaptive_pd,10,10,1.0,19,300,0.06333333333333334,11,0,11,0.0,0.0,242826.53097758366,71.5337013328098,1.0,11505.0,11505.0,0.0,4.3120000045746565,"8,0,2,13,10,3,1,7,6,11","0:4-8;1:1-0;2:0-2;3:2-13;4:0-10;5:0-3;6:2-1;7:0-7;8:4-6,0-6;9:0-11"
198,proposed_c2f_adaptive_pd_calibrated,10,10,1.0,19,300,0.06333333333333334,11,0,11,0.0,0.0,242826.53097758366,71.5337013328098,1.0,11505.0,11505.0,0.0,10.466900013852865,"8,0,2,13,10,3,1,7,6,11","0:4-8;1:1-0;2:0-2;3:2-13;4:0-10;5:0-3;6:2-1;7:0-7;8:4-6,0-6;9:0-11"
199,proposed_c2f_adaptive_pd,10,10,1.0,18,300,0.06,15,2,13,1280.0,2.1333333333333333,2322.052416168579,559.4519071157898,1.0,13009.0,13009.0,0.0,8.996699994895607,"7,8,11,14,14,8,0,10,14,10","0:0-7;1:0-8;2:11-8,8-11,7-11,7-8,0-11,3-11;3:1-14;4:1-14;5:0-8;6:1-0;7:8-10;8:1-14;9:0-10"
199,proposed_c2f_adaptive_pd_calibrated,10,10,1.0,18,300,0.06,15,2,13,1280.0,2.1333333333333333,2322.052416168579,559.4519071157898,1.0,13009.0,13009.0,0.0,11.873000010382384,"7,8,11,14,14,8,0,10,14,10","0:0-7;1:0-8;2:11-8,8-11,7-11,7-8,0-11,3-11;3:1-14;4:1-14;5:0-8;6:1-0;7:8-10;8:1-14;9:0-10"
