trial,budget,method,pd,pfa,pfa_active,active_targets,reports,observations,selected,detected_per_target
0,0,proposed_c2f_adaptive_pd,1.0,0.04,0.04,10,0,10,"{""0"": [[1, 4]], ""1"": [[0, 1]], ""2"": [[6, 4]], ""3"": [[6, 7]], ""4"": [[0, 9]], ""5"": [[0, 12]], ""6"": [[12, 4]], ""7"": [[2, 0]], ""8"": [[0, 13]], ""9"": [[2, 3]]}","[1, 1, 1, 1, 1, 1, 1, 1, 1, 1]"
0,0,sense_sinr_budgeted,0.3,0.02,0.06666666666666667,3,0,12,"{""0"": [], ""1"": [], ""2"": [], ""3"": [], ""4"": [[13, 9], [1, 9]], ""5"": [[13, 12], [11, 12], [9, 12], [1, 12], [5, 12]], ""6"": [], ""7"": [], ""8"": [[12, 13], [1, 13], [5, 13], [9, 13], [11, 13]], ""9"": []}","[0, 0, 0, 0, 1, 1, 0, 0, 1, 0]"
0,0,balanced_sinr,1.0,0.03333333333333333,0.03333333333333333,10,0,12,"{""0"": [[14, 4]], ""1"": [[9, 1]], ""2"": [[14, 4]], ""3"": [[6, 7]], ""4"": [[13, 9]], ""5"": [[13, 12], [11, 12]], ""6"": [[14, 4]], ""7"": [[8, 0]], ""8"": [[12, 13], [1, 13]], ""9"": [[2, 3]]}","[1, 1, 1, 1, 1, 1, 1, 1, 1, 1]"
1,0,proposed_c2f_adaptive_pd,1.0,0.06666666666666667,0.06666666666666667,10,0,10,"{""0"": [[0, 13]], ""1"": [[0, 9]], ""2"": [[4, 2]], ""3"": [[1, 10]], ""4"": [[3, 12]], ""5"": [[4, 12]], ""6"": [[0, 12]], ""7"": [[1, 11]], ""8"": [[1, 8]], ""9"": [[0, 13]]}","[1, 1, 1, 1, 1, 1, 1, 1, 1, 1]"
1,0,sense_sinr_budgeted,0.6,0.03666666666666667,0.06111111111111111,6,0,12,"{""0"": [[0, 13], [6, 13]], ""1"": [[6, 9]], ""2"": [[8, 2]], ""3"": [], ""4"": [[14, 12]], ""5"": [], ""6"": [[4, 12], [8, 12], [7, 12], [5, 12], [14, 12], [2, 12]], ""7"": [[3, 11]], ""8"": [], ""9"": []}","[1, 1, 1, 0, 1, 0, 1, 1, 0, 0]"
1,0,balanced_sinr,1.0,0.05333333333333334,0.05333333333333334,10,0,12,"{""0"": [[0, 13], [6, 13]], ""1"": [[6, 9]], ""2"": [[8, 2]], ""3"": [[6, 10]], ""4"": [[14, 12]], ""5"": [[8, 12]], ""6"": [[4, 12], [8, 12]], ""7"": [[3, 11]], ""8"": [[3, 8]], ""9"": [[0, 13]]}","[1, 1, 1, 1, 1, 1, 1, 1, 1, 1]"
2,0,proposed_c2f_adaptive_pd,1.0,0.04,0.04,10,0,12,"{""0"": [[2, 0]], ""1"": [[13, 2], [1, 2], [8, 2]], ""2"": [[8, 10]], ""3"": [[2, 4]], ""4"": [[2, 1]], ""5"": [[0, 6]], ""6"": [[1, 13]], ""7"": [[1, 2]], ""8"": [[3, 11]], ""9"": [[4, 1]]}","[1, 1, 1, 1, 1, 1, 1, 1, 1, 1]"
2,0,sense_sinr_budgeted,0.5,0.03,0.06,5,0,12,"{""0"": [[7, 0], [6, 0]], ""1"": [], ""2"": [], ""3"": [], ""4"": [[8, 1], [13, 1]], ""5"": [[7, 6], [12, 6], [0, 6], [5, 6]], ""6"": [[2, 13], [14, 13]], ""7"": [], ""8"": [], ""9"": [[13, 1], [10, 1]]}","[1, 0, 0, 0, 1, 1, 1, 0, 0, 1]"
2,0,balanced_sinr,0.9,0.05333333333333334,0.05333333333333334,10,0,12,"{""0"": [[7, 0], [6, 0]], ""1"": [[13, 2]], ""2"": [[8, 10]], ""3"": [[7, 4]], ""4"": [[8, 1]], ""5"": [[7, 6], [12, 6]], ""6"": [[2, 13]], ""7"": [[13, 2]], ""8"": [[3, 11]], ""9"": [[13, 1]]}","[1, 0, 1, 1, 1, 1, 1, 1, 1, 1]"
3,0,proposed_c2f_adaptive_pd,1.0,0.03666666666666667,0.03666666666666667,10,0,10,"{""0"": [[5, 0]], ""1"": [[0, 6]], ""2"": [[1, 8]], ""3"": [[3, 4]], ""4"": [[12, 0]], ""5"": [[2, 8]], ""6"": [[0, 14]], ""7"": [[3, 4]], ""8"": [[1, 5]], ""9"": [[2, 8]]}","[1, 1, 1, 1, 1, 1, 1, 1, 1, 1]"
3,0,sense_sinr_budgeted,0.4,0.02,0.05,4,0,12,"{""0"": [], ""1"": [[7, 6], [9, 6], [1, 6], [11, 6], [2, 6], [10, 6]], ""2"": [], ""3"": [], ""4"": [], ""5"": [[14, 8]], ""6"": [[8, 14], [4, 14]], ""7"": [], ""8"": [], ""9"": [[14, 8], [10, 8], [3, 8]]}","[0, 1, 0, 0, 0, 1, 1, 0, 0, 1]"
3,0,balanced_sinr,1.0,0.06,0.06,10,0,12,"{""0"": [[12, 0]], ""1"": [[7, 6], [9, 6]], ""2"": [[14, 8]], ""3"": [[3, 4]], ""4"": [[12, 0]], ""5"": [[14, 8]], ""6"": [[8, 14], [4, 14]], ""7"": [[3, 4]], ""8"": [[12, 5]], ""9"": [[14, 8]]}","[1, 1, 1, 1, 1, 1, 1, 1, 1, 1]"
4,0,proposed_c2f_adaptive_pd,1.0,0.05333333333333334,0.05333333333333334,10,0,12,"{""0"": [[11, 12]], ""1"": [[13, 5]], ""2"": [[1, 5]], ""3"": [[11, 13]], ""4"": [[2, 7]], ""5"": [[0, 4]], ""6"": [[14, 12]], ""7"": [[0, 8]], ""8"": [[2, 7], [3, 7], [10, 7]], ""9"": [[5, 1]]}","[1, 1, 1, 1, 1, 1, 1, 1, 1, 1]"
4,0,sense_sinr_budgeted,0.3,0.006666666666666667,0.022222222222222223,3,0,12,"{""0"": [], ""1"": [], ""2"": [[11, 5], [13, 5]], ""3"": [], ""4"": [], ""5"": [[8, 4], [10, 4], [14, 4], [13, 4], [12, 4]], ""6"": [], ""7"": [[4, 8], [2, 8], [6, 8], [3, 8], [10, 8]], ""8"": [], ""9"": []}","[0, 0, 1, 0, 0, 1, 0, 1, 0, 0]"
4,0,balanced_sinr,0.9,0.056666666666666664,0.056666666666666664,10,0,12,"{""0"": [[14, 12]], ""1"": [[13, 5]], ""2"": [[11, 5]], ""3"": [[11, 13]], ""4"": [[2, 7]], ""5"": [[8, 4], [10, 4]], ""6"": [[14, 12]], ""7"": [[4, 8], [2, 8]], ""8"": [[2, 7]], ""9"": [[5, 1]]}","[1, 1, 1, 1, 1, 1, 1, 1, 0, 1]"
5,0,proposed_c2f_adaptive_pd,1.0,0.05,0.05,10,0,12,"{""0"": [[6, 8]], ""1"": [[3, 0]], ""2"": [[0, 8]], ""3"": [[1, 5]], ""4"": [[0, 2]], ""5"": [[0, 3]], ""6"": [[12, 14], [7, 14], [10, 14]], ""7"": [[2, 1]], ""8"": [[0, 7]], ""9"": [[0, 3]]}","[1, 1, 1, 1, 1, 1, 1, 1, 1, 1]"
5,0,sense_sinr_budgeted,0.5,0.016666666666666666,0.03333333333333333,5,0,12,"{""0"": [], ""1"": [], ""2"": [[6, 8]], ""3"": [[1, 5], [2, 5]], ""4"": [[9, 2], [5, 2], [11, 2]], ""5"": [], ""6"": [], ""7"": [[13, 1]], ""8"": [], ""9"": [[0, 3], [4, 3], [6, 3], [8, 3], [7, 3]]}","[0, 0, 1, 1, 1, 0, 0, 1, 0, 1]"
5,0,balanced_sinr,0.9,0.03333333333333333,0.03333333333333333,10,0,12,"{""0"": [[6, 8]], ""1"": [[3, 0]], ""2"": [[6, 8]], ""3"": [[1, 5]], ""4"": [[9, 2], [5, 2]], ""5"": [[12, 3]], ""6"": [[12, 14]], ""7"": [[13, 1]], ""8"": [[2, 7]], ""9"": [[0, 3], [4, 3]]}","[1, 1, 1, 1, 1, 1, 0, 1, 1, 1]"
6,0,proposed_c2f_adaptive_pd,1.0,0.06,0.06,10,0,12,"{""0"": [[3, 0]], ""1"": [[0, 2]], ""2"": [[1, 14]], ""3"": [[0, 11]], ""4"": [[0, 14]], ""5"": [[3, 11]], ""6"": [[0, 13]], ""7"": [[0, 6]], ""8"": [[12, 5], [7, 5]], ""9"": [[7, 5], [12, 5]]}","[1, 1, 1, 1, 1, 1, 1, 1, 1, 1]"
6,0,sense_sinr_budgeted,0.4,0.02,0.05,4,0,12,"{""0"": [], ""1"": [[8, 2], [10, 2], [11, 2]], ""2"": [], ""3"": [[10, 11], [4, 11], [0, 11], [3, 11], [8, 11], [7, 11]], ""4"": [], ""5"": [], ""6"": [[6, 13]], ""7"": [[8, 6], [13, 6]], ""8"": [], ""9"": []}","[0, 1, 0, 1, 0, 0, 1, 1, 0, 0]"
6,0,balanced_sinr,0.9,0.043333333333333335,0.043333333333333335,10,0,12,"{""0"": [[3, 0]], ""1"": [[8, 2], [10, 2]], ""2"": [[1, 14]], ""3"": [[10, 11], [4, 11]], ""4"": [[1, 14]], ""5"": [[4, 11]], ""6"": [[6, 13]], ""7"": [[8, 6]], ""8"": [[12, 5]], ""9"": [[7, 5]]}","[1, 1, 1, 1, 1, 1, 1, 1, 1, 0]"
7,0,proposed_c2f_adaptive_pd,0.9,0.03333333333333333,0.03333333333333333,10,0,12,"{""0"": [[14, 8], [6, 8], [10, 8]], ""1"": [[0, 12]], ""2"": [[0, 11]], ""3"": [[3, 6]], ""4"": [[2, 8]], ""5"": [[10, 8]], ""6"": [[0, 11]], ""7"": [[0, 3]], ""8"": [[3, 8]], ""9"": [[0, 13]]}","[0, 1, 1, 1, 1, 1, 1, 1, 1, 1]"
7,0,sense_sinr_budgeted,0.6,0.043333333333333335,0.07222222222222222,6,0,12,"{""0"": [], ""1"": [[0, 12]], ""2"": [[6, 11], [3, 11]], ""3"": [], ""4"": [[10, 8], [13, 8], [7, 8]], ""5"": [], ""6"": [], ""7"": [[6, 3], [11, 3], [14, 3]], ""8"": [[10, 8], [13, 8]], ""9"": [[5, 13]]}","[0, 1, 1, 0, 1, 0, 0, 1, 1, 1]"
7,0,balanced_sinr,0.9,0.06333333333333334,0.06333333333333334,10,0,12,"{""0"": [[14, 8]], ""1"": [[0, 12]], ""2"": [[6, 11], [3, 11]], ""3"": [[3, 6]], ""4"": [[10, 8]], ""5"": [[10, 8]], ""6"": [[9, 11]], ""7"": [[6, 3], [11, 3]], ""8"": [[10, 8]], ""9"": [[5, 13]]}","[0, 1, 1, 1, 1, 1, 1, 1, 1, 1]"
8,0,proposed_c2f_adaptive_pd,1.0,0.043333333333333335,0.043333333333333335,10,0,10,"{""0"": [[0, 2]], ""1"": [[3, 9]], ""2"": [[1, 9]], ""3"": [[0, 1]], ""4"": [[1, 7]], ""5"": [[1, 3]], ""6"": [[4, 8]], ""7"": [[0, 7]], ""8"": [[4, 3]], ""9"": [[6, 1]]}","[1, 1, 1, 1, 1, 1, 1, 1, 1, 1]"
8,0,sense_sinr_budgeted,0.4,0.023333333333333334,0.058333333333333334,4,0,12,"{""0"": [], ""1"": [], ""2"": [[6, 9], [1, 9]], ""3"": [[6, 1], [13, 1], [3, 1], [2, 1]], ""4"": [[4, 7], [5, 7], [3, 7], [11, 7], [2, 7]], ""5"": [], ""6"": [], ""7"": [], ""8"": [], ""9"": [[13, 1]]}","[0, 0, 1, 1, 1, 0, 0, 0, 0, 1]"
8,0,balanced_sinr,1.0,0.06,0.06,10,0,12,"{""0"": [[0, 2]], ""1"": [[3, 9]], ""2"": [[6, 9]], ""3"": [[6, 1], [13, 1]], ""4"": [[4, 7], [5, 7]], ""5"": [[6, 3]], ""6"": [[7, 8]], ""7"": [[4, 7]], ""8"": [[4, 3]], ""9"": [[13, 1]]}","[1, 1, 1, 1, 1, 1, 1, 1, 1, 1]"
9,0,proposed_c2f_adaptive_pd,1.0,0.05,0.05,10,0,10,"{""0"": [[0, 10]], ""1"": [[0, 14]], ""2"": [[0, 13]], ""3"": [[2, 5]], ""4"": [[0, 8]], ""5"": [[4, 1]], ""6"": [[14, 0]], ""7"": [[0, 6]], ""8"": [[0, 14]], ""9"": [[4, 1]]}","[1, 1, 1, 1, 1, 1, 1, 1, 1, 1]"
9,0,sense_sinr_budgeted,0.4,0.016666666666666666,0.041666666666666664,4,0,12,"{""0"": [[11, 10], [0, 10]], ""1"": [[3, 14], [0, 14]], ""2"": [[10, 13], [11, 13], [9, 13], [0, 13]], ""3"": [], ""4"": [], ""5"": [], ""6"": [], ""7"": [[9, 6], [13, 6], [8, 6], [1, 6]], ""8"": [], ""9"": []}","[1, 1, 1, 0, 0, 0, 0, 1, 0, 0]"
9,0,balanced_sinr,1.0,0.056666666666666664,0.056666666666666664,10,0,12,"{""0"": [[11, 10], [0, 10]], ""1"": [[3, 14]], ""2"": [[10, 13]], ""3"": [[2, 5]], ""4"": [[5, 8]], ""5"": [[5, 1]], ""6"": [[14, 0]], ""7"": [[9, 6], [13, 6]], ""8"": [[2, 14]], ""9"": [[5, 1]]}","[1, 1, 1, 1, 1, 1, 1, 1, 1, 1]"
10,0,proposed_c2f_adaptive_pd,1.0,0.03333333333333333,0.03333333333333333,10,0,10,"{""0"": [[1, 0]], ""1"": [[4, 12]], ""2"": [[0, 2]], ""3"": [[0, 9]], ""4"": [[0, 8]], ""5"": [[0, 8]], ""6"": [[3, 1]], ""7"": [[0, 10]], ""8"": [[0, 6]], ""9"": [[2, 12]]}","[1, 1, 1, 1, 1, 1, 1, 1, 1, 1]"
10,0,sense_sinr_budgeted,0.5,0.016666666666666666,0.03333333333333333,5,0,12,"{""0"": [[3, 0], [11, 0]], ""1"": [], ""2"": [[10, 2], [13, 2], [0, 2], [14, 2], [6, 2], [11, 2]], ""3"": [], ""4"": [[7, 8]], ""5"": [[7, 8]], ""6"": [], ""7"": [[0, 10], [2, 10]], ""8"": [], ""9"": []}","[1, 0, 1, 0, 1, 1, 0, 1, 0, 0]"
10,0,balanced_sinr,1.0,0.03,0.03,10,0,12,"{""0"": [[3, 0], [11, 0]], ""1"": [[4, 12]], ""2"": [[10, 2], [13, 2]], ""3"": [[0, 9]], ""4"": [[7, 8]], ""5"": [[7, 8]], ""6"": [[5, 1]], ""7"": [[0, 10]], ""8"": [[0, 6]], ""9"": [[4, 12]]}","[1, 1, 1, 1, 1, 1, 1, 1, 1, 1]"
11,0,proposed_c2f_adaptive_pd,1.0,0.04,0.04,10,0,11,"{""0"": [[12, 9], [3, 9]], ""1"": [[0, 7]], ""2"": [[0, 13]], ""3"": [[5, 12]], ""4"": [[0, 9]], ""5"": [[0, 3]], ""6"": [[0, 2]], ""7"": [[8, 10]], ""8"": [[0, 7]], ""9"": [[5, 10]]}","[1, 1, 1, 1, 1, 1, 1, 1, 1, 1]"
11,0,sense_sinr_budgeted,0.4,0.02,0.05,4,0,12,"{""0"": [], ""1"": [[2, 7], [3, 7], [0, 7], [13, 7], [4, 7], [1, 7]], ""2"": [[1, 13], [4, 13]], ""3"": [], ""4"": [], ""5"": [], ""6"": [[7, 2]], ""7"": [], ""8"": [[0, 7], [3, 7], [1, 7]], ""9"": []}","[0, 1, 1, 0, 0, 0, 1, 0, 1, 0]"
11,0,balanced_sinr,1.0,0.06333333333333334,0.06333333333333334,10,0,12,"{""0"": [[3, 9]], ""1"": [[2, 7], [3, 7]], ""2"": [[1, 13], [4, 13]], ""3"": [[11, 12]], ""4"": [[5, 9]], ""5"": [[0, 3]], ""6"": [[7, 2]], ""7"": [[8, 10]], ""8"": [[0, 7]], ""9"": [[5, 10]]}","[1, 1, 1, 1, 1, 1, 1, 1, 1, 1]"
12,0,proposed_c2f_adaptive_pd,1.0,0.04,0.04,10,0,11,"{""0"": [[0, 5]], ""1"": [[0, 4]], ""2"": [[2, 11]], ""3"": [[0, 14]], ""4"": [[11, 13], [1, 13]], ""5"": [[0, 10]], ""6"": [[0, 6]], ""7"": [[4, 6]], ""8"": [[2, 10]], ""9"": [[0, 14]]}","[1, 1, 1, 1, 1, 1, 1, 1, 1, 1]"
12,0,sense_sinr_budgeted,0.5,0.04,0.08,5,0,12,"{""0"": [], ""1"": [], ""2"": [], ""3"": [[0, 14], [3, 14]], ""4"": [], ""5"": [[8, 10], [7, 10]], ""6"": [[10, 6], [4, 6], [5, 6]], ""7"": [], ""8"": [[8, 10]], ""9"": [[2, 14], [11, 14], [0, 14], [3, 14]]}","[0, 0, 0, 1, 0, 1, 1, 0, 1, 1]"
12,0,balanced_sinr,0.9,0.06,0.06,10,0,12,"{""0"": [[4, 5]], ""1"": [[5, 4]], ""2"": [[2, 11]], ""3"": [[0, 14], [3, 14]], ""4"": [[1, 13]], ""5"": [[8, 10]], ""6"": [[10, 6]], ""7"": [[5, 6]], ""8"": [[8, 10]], ""9"": [[2, 14], [11, 14]]}","[1, 1, 1, 1, 0, 1, 1, 1, 1, 1]"
13,0,proposed_c2f_adaptive_pd,1.0,0.056666666666666664,0.056666666666666664,10,0,10,"{""0"": [[1, 10]], ""1"": [[1, 6]], ""2"": [[0, 13]], ""3"": [[1, 11]], ""4"": [[8, 14]], ""5"": [[0, 5]], ""6"": [[0, 11]], ""7"": [[5, 0]], ""8"": [[9, 8]], ""9"": [[5, 8]]}","[1, 1, 1, 1, 1, 1, 1, 1, 1, 1]"
13,0,sense_sinr_budgeted,0.4,0.013333333333333334,0.03333333333333333,4,0,12,"{""0"": [[6, 10]], ""1"": [], ""2"": [[12, 13], [11, 13], [10, 13], [2, 13], [1, 13], [5, 13]], ""3"": [[12, 11]], ""4"": [], ""5"": [], ""6"": [[12, 11], [13, 11], [10, 11], [2, 11]], ""7"": [], ""8"": [], ""9"": []}","[1, 0, 1, 1, 0, 0, 1, 0, 0, 0]"
13,0,balanced_sinr,1.0,0.04666666666666667,0.04666666666666667,10,0,12,"{""0"": [[6, 10]], ""1"": [[9, 6]], ""2"": [[12, 13], [11, 13]], ""3"": [[12, 11]], ""4"": [[9, 14]], ""5"": [[11, 5]], ""6"": [[12, 11], [13, 11]], ""7"": [[5, 0]], ""8"": [[14, 8]], ""9"": [[9, 8]]}","[1, 1, 1, 1, 1, 1, 1, 1, 1, 1]"
14,0,proposed_c2f_adaptive_pd,1.0,0.043333333333333335,0.043333333333333335,10,0,10,"{""0"": [[0, 3]], ""1"": [[0, 5]], ""2"": [[0, 3]], ""3"": [[0, 7]], ""4"": [[0, 7]], ""5"": [[0, 3]], ""6"": [[0, 5]], ""7"": [[1, 8]], ""8"": [[0, 3]], ""9"": [[2, 1]]}","[1, 1, 1, 1, 1, 1, 1, 1, 1, 1]"
14,0,sense_sinr_budgeted,0.6,0.02666666666666667,0.044444444444444446,6,0,12,"{""0"": [], ""1"": [[14, 5], [0, 5]], ""2"": [], ""3"": [[0, 7], [14, 7]], ""4"": [[0, 7], [9, 7]], ""5"": [[12, 3], [1, 3], [5, 3], [10, 3]], ""6"": [], ""7"": [[2, 8]], ""8"": [], ""9"": [[12, 1]]}","[0, 1, 0, 1, 1, 1, 0, 1, 0, 1]"
14,0,balanced_sinr,1.0,0.043333333333333335,0.043333333333333335,10,0,12,"{""0"": [[0, 3]], ""1"": [[14, 5]], ""2"": [[0, 3]], ""3"": [[0, 7], [14, 7]], ""4"": [[0, 7], [9, 7]], ""5"": [[12, 3]], ""6"": [[14, 5]], ""7"": [[2, 8]], ""8"": [[7, 3]], ""9"": [[12, 1]]}","[1, 1, 1, 1, 1, 1, 1, 1, 1, 1]"
15,0,proposed_c2f_adaptive_pd,1.0,0.06,0.06,10,0,10,"{""0"": [[1, 9]], ""1"": [[0, 14]], ""2"": [[0, 5]], ""3"": [[1, 9]], ""4"": [[0, 5]], ""5"": [[2, 8]], ""6"": [[0, 13]], ""7"": [[0, 14]], ""8"": [[2, 3]], ""9"": [[3, 11]]}","[1, 1, 1, 1, 1, 1, 1, 1, 1, 1]"
15,0,sense_sinr_budgeted,0.4,0.03666666666666667,0.09166666666666666,4,0,12,"{""0"": [], ""1"": [[5, 14], [9, 14], [0, 14], [13, 14], [11, 14]], ""2"": [], ""3"": [], ""4"": [[11, 5]], ""5"": [[10, 8], [2, 8]], ""6"": [], ""7"": [[5, 14], [11, 14], [9, 14], [12, 14]], ""8"": [], ""9"": []}","[0, 1, 0, 0, 1, 1, 0, 1, 0, 0]"
15,0,balanced_sinr,1.0,0.07333333333333333,0.07333333333333333,10,0,12,"{""0"": [[12, 9]], ""1"": [[5, 14], [9, 14]], ""2"": [[14, 5]], ""3"": [[10, 9]], ""4"": [[11, 5]], ""5"": [[10, 8]], ""6"": [[0, 13]], ""7"": [[5, 14], [11, 14]], ""8"": [[4, 3]], ""9"": [[4, 11]]}","[1, 1, 1, 1, 1, 1, 1, 1, 1, 1]"
16,0,proposed_c2f_adaptive_pd,1.0,0.06,0.06,10,0,10,"{""0"": [[3, 7]], ""1"": [[7, 0]], ""2"": [[1, 12]], ""3"": [[0, 9]], ""4"": [[0, 2]], ""5"": [[5, 12]], ""6"": [[0, 1]], ""7"": [[0, 1]], ""8"": [[6, 0]], ""9"": [[5, 10]]}","[1, 1, 1, 1, 1, 1, 1, 1, 1, 1]"
16,0,sense_sinr_budgeted,0.5,0.006666666666666667,0.013333333333333334,5,0,12,"{""0"": [[12, 7], [11, 7], [3, 7]], ""1"": [], ""2"": [[7, 12]], ""3"": [[0, 9]], ""4"": [[4, 2], [11, 2], [8, 2], [9, 2], [7, 2]], ""5"": [], ""6"": [], ""7"": [[13, 1], [5, 1]], ""8"": [], ""9"": []}","[1, 0, 1, 1, 1, 0, 0, 1, 0, 0]"
16,0,balanced_sinr,1.0,0.03,0.03,10,0,12,"{""0"": [[12, 7]], ""1"": [[12, 0]], ""2"": [[7, 12]], ""3"": [[0, 9]], ""4"": [[4, 2], [11, 2]], ""5"": [[10, 12]], ""6"": [[10, 1]], ""7"": [[13, 1], [5, 1]], ""8"": [[14, 0]], ""9"": [[12, 10]]}","[1, 1, 1, 1, 1, 1, 1, 1, 1, 1]"
17,0,proposed_c2f_adaptive_pd,1.0,0.05,0.05,10,0,10,"{""0"": [[0, 1]], ""1"": [[0, 1]], ""2"": [[0, 9]], ""3"": [[1, 0]], ""4"": [[0, 2]], ""5"": [[0, 1]], ""6"": [[6, 4]], ""7"": [[0, 9]], ""8"": [[1, 2]], ""9"": [[0, 3]]}","[1, 1, 1, 1, 1, 1, 1, 1, 1, 1]"
17,0,sense_sinr_budgeted,0.7,0.02,0.02857142857142857,7,0,12,"{""0"": [[11, 1], [4, 1]], ""1"": [], ""2"": [[2, 9]], ""3"": [[5, 0], [3, 0]], ""4"": [[9, 2], [6, 2]], ""5"": [], ""6"": [], ""7"": [[2, 9]], ""8"": [[8, 2]], ""9"": [[0, 3], [14, 3], [5, 3]]}","[1, 0, 1, 1, 1, 0, 0, 1, 1, 1]"
17,0,balanced_sinr,1.0,0.03333333333333333,0.03333333333333333,10,0,12,"{""0"": [[11, 1]], ""1"": [[11, 1]], ""2"": [[2, 9]], ""3"": [[5, 0]], ""4"": [[9, 2], [6, 2]], ""5"": [[0, 1]], ""6"": [[6, 4]], ""7"": [[2, 9]], ""8"": [[8, 2]], ""9"": [[0, 3], [14, 3]]}","[1, 1, 1, 1, 1, 1, 1, 1, 1, 1]"
18,0,proposed_c2f_adaptive_pd,1.0,0.03666666666666667,0.03666666666666667,10,0,10,"{""0"": [[3, 1]], ""1"": [[1, 12]], ""2"": [[1, 9]], ""3"": [[5, 12]], ""4"": [[1, 13]], ""5"": [[0, 6]], ""6"": [[7, 4]], ""7"": [[0, 7]], ""8"": [[2, 1]], ""9"": [[2, 11]]}","[1, 1, 1, 1, 1, 1, 1, 1, 1, 1]"
18,0,sense_sinr_budgeted,0.5,0.03333333333333333,0.06666666666666667,5,0,12,"{""0"": [], ""1"": [[9, 12]], ""2"": [[12, 9], [8, 9]], ""3"": [], ""4"": [], ""5"": [[0, 6], [2, 6], [10, 6]], ""6"": [], ""7"": [[10, 7], [12, 7], [5, 7], [2, 7]], ""8"": [[14, 1], [4, 1]], ""9"": []}","[0, 1, 1, 0, 0, 1, 0, 1, 1, 0]"
18,0,balanced_sinr,1.0,0.056666666666666664,0.056666666666666664,10,0,12,"{""0"": [[13, 1]], ""1"": [[9, 12]], ""2"": [[12, 9]], ""3"": [[8, 12]], ""4"": [[3, 13]], ""5"": [[0, 6], [2, 6]], ""6"": [[7, 4]], ""7"": [[10, 7], [12, 7]], ""8"": [[14, 1]], ""9"": [[4, 11]]}","[1, 1, 1, 1, 1, 1, 1, 1, 1, 1]"
19,0,proposed_c2f_adaptive_pd,0.9,0.06,0.06,10,0,12,"{""0"": [[1, 8]], ""1"": [[0, 6]], ""2"": [[10, 3]], ""3"": [[0, 11]], ""4"": [[5, 0]], ""5"": [[0, 14]], ""6"": [[4, 11]], ""7"": [[0, 1]], ""8"": [[12, 8], [10, 8], [5, 8]], ""9"": [[0, 14]]}","[1, 1, 1, 1, 1, 1, 1, 1, 0, 1]"
19,0,sense_sinr_budgeted,0.4,0.02,0.05,4,0,12,"{""0"": [], ""1"": [[7, 6], [14, 6]], ""2"": [], ""3"": [[13, 11], [6, 11], [7, 11], [9, 11]], ""4"": [], ""5"": [], ""6"": [], ""7"": [[2, 1], [4, 1], [0, 1]], ""8"": [], ""9"": [[6, 14], [4, 14], [1, 14]]}","[0, 1, 0, 1, 0, 0, 0, 1, 0, 1]"
19,0,balanced_sinr,0.9,0.056666666666666664,0.056666666666666664,10,0,12,"{""0"": [[6, 8]], ""1"": [[7, 6]], ""2"": [[10, 3]], ""3"": [[13, 11], [6, 11]], ""4"": [[5, 0]], ""5"": [[12, 14]], ""6"": [[7, 11]], ""7"": [[2, 1], [4, 1]], ""8"": [[12, 8]], ""9"": [[6, 14]]}","[1, 1, 1, 1, 1, 1, 1, 1, 0, 1]"
20,0,proposed_c2f_adaptive_pd,1.0,0.04666666666666667,0.04666666666666667,10,0,11,"{""0"": [[0, 9]], ""1"": [[7, 14], [3, 14]], ""2"": [[3, 14]], ""3"": [[0, 3]], ""4"": [[3, 12]], ""5"": [[2, 1]], ""6"": [[4, 1]], ""7"": [[8, 7]], ""8"": [[0, 10]], ""9"": [[2, 0]]}","[1, 1, 1, 1, 1, 1, 1, 1, 1, 1]"
20,0,sense_sinr_budgeted,0.3,0.013333333333333334,0.044444444444444446,3,0,12,"{""0"": [[4, 9], [0, 9], [6, 9], [11, 9]], ""1"": [], ""2"": [], ""3"": [[5, 3], [8, 3], [10, 3], [12, 3]], ""4"": [], ""5"": [], ""6"": [], ""7"": [], ""8"": [], ""9"": [[6, 0], [7, 0], [9, 0], [2, 0]]}","[1, 0, 0, 1, 0, 0, 0, 0, 0, 1]"
20,0,balanced_sinr,1.0,0.043333333333333335,0.043333333333333335,10,0,12,"{""0"": [[4, 9], [0, 9]], ""1"": [[7, 14]], ""2"": [[3, 14]], ""3"": [[5, 3]], ""4"": [[5, 12]], ""5"": [[4, 1]], ""6"": [[9, 1]], ""7"": [[8, 7]], ""8"": [[11, 10]], ""9"": [[6, 0], [7, 0]]}","[1, 1, 1, 1, 1, 1, 1, 1, 1, 1]"
21,0,proposed_c2f_adaptive_pd,1.0,0.03666666666666667,0.03666666666666667,10,0,10,"{""0"": [[1, 11]], ""1"": [[1, 14]], ""2"": [[2, 14]], ""3"": [[3, 6]], ""4"": [[6, 3]], ""5"": [[0, 2]], ""6"": [[0, 8]], ""7"": [[3, 11]], ""8"": [[1, 14]], ""9"": [[0, 2]]}","[1, 1, 1, 1, 1, 1, 1, 1, 1, 1]"
21,0,sense_sinr_budgeted,0.6,0.03333333333333333,0.05555555555555555,6,0,12,"{""0"": [[10, 11], [3, 11]], ""1"": [], ""2"": [], ""3"": [], ""4"": [[6, 3], [11, 3], [7, 3]], ""5"": [[5, 2]], ""6"": [[10, 8], [9, 8]], ""7"": [], ""8"": [[1, 14]], ""9"": [[5, 2], [13, 2], [4, 2]]}","[1, 0, 0, 0, 1, 1, 1, 0, 1, 1]"
21,0,balanced_sinr,1.0,0.04,0.04,10,0,12,"{""0"": [[10, 11]], ""1"": [[1, 14]], ""2"": [[2, 14]], ""3"": [[3, 6]], ""4"": [[6, 3], [11, 3]], ""5"": [[5, 2]], ""6"": [[10, 8], [9, 8]], ""7"": [[3, 11]], ""8"": [[1, 14]], ""9"": [[5, 2]]}","[1, 1, 1, 1, 1, 1, 1, 1, 1, 1]"
22,0,proposed_c2f_adaptive_pd,1.0,0.04666666666666667,0.04666666666666667,10,0,12,"{""0"": [[2, 6]], ""1"": [[1, 14]], ""2"": [[5, 2]], ""3"": [[0, 10]], ""4"": [[0, 4]], ""5"": [[7, 13]], ""6"": [[14, 13], [6, 13], [2, 13]], ""7"": [[0, 2]], ""8"": [[6, 2]], ""9"": [[0, 3]]}","[1, 1, 1, 1, 1, 1, 1, 1, 1, 1]"
22,0,sense_sinr_budgeted,0.4,0.02,0.05,4,0,12,"{""0"": [], ""1"": [[7, 14], [13, 14], [1, 14]], ""2"": [], ""3"": [[3, 10], [0, 10], [2, 10], [12, 10], [11, 10], [4, 10]], ""4"": [[1, 4]], ""5"": [], ""6"": [], ""7"": [], ""8"": [], ""9"": [[11, 3], [0, 3]]}","[0, 1, 0, 1, 1, 0, 0, 0, 0, 1]"
22,0,balanced_sinr,0.9,0.05,0.05,10,0,12,"{""0"": [[5, 6]], ""1"": [[7, 14], [13, 14]], ""2"": [[5, 2]], ""3"": [[3, 10], [0, 10]], ""4"": [[1, 4]], ""5"": [[14, 13]], ""6"": [[6, 13]], ""7"": [[13, 2]], ""8"": [[6, 2]], ""9"": [[11, 3]]}","[1, 1, 1, 1, 1, 1, 0, 1, 1, 1]"
23,0,proposed_c2f_adaptive_pd,0.9,0.04,0.04,10,0,11,"{""0"": [[0, 14]], ""1"": [[1, 0]], ""2"": [[0, 2]], ""3"": [[5, 0]], ""4"": [[0, 8]], ""5"": [[0, 11]], ""6"": [[8, 4]], ""7"": [[0, 9]], ""8"": [[4, 9]], ""9"": [[5, 0], [8, 0]]}","[1, 1, 1, 1, 1, 1, 1, 1, 0, 1]"
23,0,sense_sinr_budgeted,0.5,0.03,0.06,5,0,12,"{""0"": [], ""1"": [[5, 0], [8, 0], [9, 0]], ""2"": [[13, 2], [11, 2]], ""3"": [], ""4"": [[9, 8]], ""5"": [[13, 11], [3, 11], [6, 11]], ""6"": [], ""7"": [[8, 9], [0, 9], [5, 9]], ""8"": [], ""9"": []}","[0, 1, 1, 0, 1, 1, 0, 1, 0, 0]"
23,0,balanced_sinr,1.0,0.03666666666666667,0.03666666666666667,10,0,12,"{""0"": [[1, 14]], ""1"": [[5, 0], [8, 0]], ""2"": [[13, 2]], ""3"": [[8, 0]], ""4"": [[9, 8]], ""5"": [[13, 11]], ""6"": [[8, 4]], ""7"": [[8, 9], [0, 9]], ""8"": [[7, 9]], ""9"": [[8, 0]]}","[1, 1, 1, 1, 1, 1, 1, 1, 1, 1]"
24,0,proposed_c2f_adaptive_pd,1.0,0.05,0.05,10,0,12,"{""0"": [[7, 12], [2, 12]], ""1"": [[0, 6]], ""2"": [[4, 6], [3, 6]], ""3"": [[0, 10]], ""4"": [[4, 2]], ""5"": [[2, 12]], ""6"": [[0, 12]], ""7"": [[0, 1]], ""8"": [[1, 6]], ""9"": [[10, 12]]}","[1, 1, 1, 1, 1, 1, 1, 1, 1, 1]"
24,0,sense_sinr_budgeted,0.4,0.02,0.05,4,0,12,"{""0"": [], ""1"": [[4, 6], [2, 6], [1, 6], [3, 6], [9, 6], [5, 6]], ""2"": [], ""3"": [[12, 10]], ""4"": [], ""5"": [], ""6"": [[7, 12], [13, 12], [10, 12], [9, 12]], ""7"": [[2, 1]], ""8"": [], ""9"": []}","[0, 1, 0, 1, 0, 0, 1, 1, 0, 0]"
24,0,balanced_sinr,0.9,0.04666666666666667,0.04666666666666667,10,0,12,"{""0"": [[7, 12]], ""1"": [[4, 6], [2, 6]], ""2"": [[3, 6]], ""3"": [[12, 10]], ""4"": [[6, 2]], ""5"": [[2, 12]], ""6"": [[7, 12], [13, 12]], ""7"": [[2, 1]], ""8"": [[2, 6]], ""9"": [[10, 12]]}","[1, 1, 0, 1, 1, 1, 1, 1, 1, 1]"
25,0,proposed_c2f_adaptive_pd,1.0,0.05333333333333334,0.05333333333333334,10,0,10,"{""0"": [[5, 11]], ""1"": [[3, 5]], ""2"": [[1, 0]], ""3"": [[0, 8]], ""4"": [[1, 0]], ""5"": [[0, 8]], ""6"": [[0, 11]], ""7"": [[0, 1]], ""8"": [[2, 9]], ""9"": [[0, 5]]}","[1, 1, 1, 1, 1, 1, 1, 1, 1, 1]"
25,0,sense_sinr_budgeted,0.6,0.04,0.06666666666666667,6,0,12,"{""0"": [], ""1"": [], ""2"": [], ""3"": [[1, 8], [0, 8]], ""4"": [[1, 0], [8, 0]], ""5"": [[1, 8], [0, 8]], ""6"": [[5, 11]], ""7"": [], ""8"": [[13, 9], [3, 9]], ""9"": [[12, 5], [9, 5], [6, 5]]}","[0, 0, 0, 1, 1, 1, 1, 0, 1, 1]"
25,0,balanced_sinr,1.0,0.04666666666666667,0.04666666666666667,10,0,12,"{""0"": [[5, 11]], ""1"": [[12, 5]], ""2"": [[8, 0]], ""3"": [[1, 8]], ""4"": [[1, 0]], ""5"": [[1, 8]], ""6"": [[5, 11]], ""7"": [[8, 1]], ""8"": [[13, 9], [3, 9]], ""9"": [[12, 5], [9, 5]]}","[1, 1, 1, 1, 1, 1, 1, 1, 1, 1]"
26,0,proposed_c2f_adaptive_pd,0.9,0.056666666666666664,0.056666666666666664,10,0,12,"{""0"": [[7, 4]], ""1"": [[7, 1]], ""2"": [[4, 2]], ""3"": [[2, 6]], ""4"": [[1, 9], [12, 9], [7, 9]], ""5"": [[0, 7]], ""6"": [[1, 9]], ""7"": [[8, 4]], ""8"": [[0, 13]], ""9"": [[13, 2]]}","[0, 1, 1, 1, 1, 1, 1, 1, 1, 1]"
26,0,sense_sinr_budgeted,0.4,0.006666666666666667,0.016666666666666666,4,0,12,"{""0"": [], ""1"": [], ""2"": [[14, 2], [8, 2], [4, 2], [6, 2]], ""3"": [[2, 6]], ""4"": [], ""5"": [[8, 7], [14, 7], [12, 7], [2, 7]], ""6"": [], ""7"": [], ""8"": [[10, 13], [5, 13], [3, 13]], ""9"": []}","[0, 0, 1, 1, 0, 1, 0, 0, 1, 0]"
26,0,balanced_sinr,0.7,0.06333333333333334,0.06333333333333334,10,0,12,"{""0"": [[7, 4]], ""1"": [[7, 1]], ""2"": [[14, 2], [8, 2]], ""3"": [[2, 6]], ""4"": [[1, 9]], ""5"": [[8, 7], [14, 7]], ""6"": [[12, 9]], ""7"": [[8, 4]], ""8"": [[10, 13]], ""9"": [[13, 2]]}","[0, 1, 1, 1, 0, 1, 0, 1, 1, 1]"
27,0,proposed_c2f_adaptive_pd,0.9,0.03,0.03333333333333333,10,0,12,"{""0"": [[0, 13]], ""1"": [[14, 12]], ""2"": [[2, 12]], ""3"": [[0, 8]], ""4"": [[0, 3]], ""5"": [[14, 12], [4, 12]], ""6"": [[0, 2]], ""7"": [[3, 7]], ""8"": [[4, 12], [14, 12]], ""9"": [[1, 9]]}","[0, 1, 1, 1, 1, 1, 1, 1, 1, 1]"
27,0,sense_sinr_budgeted,0.3,0.01,0.03333333333333333,4,0,12,"{""0"": [[11, 13], [0, 13], [3, 13], [2, 13]], ""1"": [], ""2"": [], ""3"": [[4, 8], [12, 8], [10, 8], [2, 8], [9, 8], [14, 8]], ""4"": [[11, 3]], ""5"": [], ""6"": [[3, 2]], ""7"": [], ""8"": [], ""9"": []}","[0, 0, 0, 1, 1, 0, 1, 0, 0, 0]"
27,0,balanced_sinr,0.9,0.03,0.03333333333333333,10,0,12,"{""0"": [[11, 13], [0, 13]], ""1"": [[14, 12]], ""2"": [[4, 12]], ""3"": [[4, 8], [12, 8]], ""4"": [[11, 3]], ""5"": [[4, 12]], ""6"": [[3, 2]], ""7"": [[3, 7]], ""8"": [[4, 12]], ""9"": [[1, 9]]}","[0, 1, 1, 1, 1, 1, 1, 1, 1, 1]"
28,0,proposed_c2f_adaptive_pd,1.0,0.03666666666666667,0.03666666666666667,10,0,10,"{""0"": [[2, 12]], ""1"": [[1, 3]], ""2"": [[1, 11]], ""3"": [[1, 3]], ""4"": [[3, 13]], ""5"": [[0, 9]], ""6"": [[5, 1]], ""7"": [[1, 11]], ""8"": [[3, 7]], ""9"": [[1, 12]]}","[1, 1, 1, 1, 1, 1, 1, 1, 1, 1]"
28,0,sense_sinr_budgeted,0.7,0.02,0.02857142857142857,7,0,12,"{""0"": [[14, 12]], ""1"": [], ""2"": [[2, 11]], ""3"": [[13, 3], [2, 3]], ""4"": [], ""5"": [[8, 9]], ""6"": [], ""7"": [[14, 11], [12, 11], [5, 11]], ""8"": [[6, 7]], ""9"": [[14, 12], [2, 12], [11, 12]]}","[1, 0, 1, 1, 0, 1, 0, 1, 1, 1]"
28,0,balanced_sinr,1.0,0.02666666666666667,0.02666666666666667,10,0,12,"{""0"": [[14, 12]], ""1"": [[6, 3]], ""2"": [[2, 11]], ""3"": [[13, 3]], ""4"": [[3, 13]], ""5"": [[8, 9]], ""6"": [[5, 1]], ""7"": [[14, 11], [12, 11]], ""8"": [[6, 7]], ""9"": [[14, 12], [2, 12]]}","[1, 1, 1, 1, 1, 1, 1, 1, 1, 1]"
29,0,proposed_c2f_adaptive_pd,0.8,0.06,0.06,10,0,12,"{""0"": [[1, 12]], ""1"": [[0, 14]], ""2"": [[6, 13], [0, 13], [7, 13]], ""3"": [[0, 5]], ""4"": [[0, 7]], ""5"": [[0, 9]], ""6"": [[6, 13]], ""7"": [[0, 13]], ""8"": [[0, 2]], ""9"": [[4, 11]]}","[1, 1, 1, 1, 1, 1, 0, 1, 0, 1]"
29,0,sense_sinr_budgeted,0.4,0.02,0.05,4,0,12,"{""0"": [[1, 12], [5, 12]], ""1"": [[3, 14], [8, 14]], ""2"": [], ""3"": [[8, 5], [12, 5], [3, 5], [14, 5], [9, 5], [1, 5]], ""4"": [], ""5"": [], ""6"": [], ""7"": [[7, 13], [0, 13]], ""8"": [], ""9"": []}","[1, 1, 0, 1, 0, 0, 0, 1, 0, 0]"
29,0,balanced_sinr,0.8,0.05333333333333334,0.05333333333333334,10,0,12,"{""0"": [[1, 12]], ""1"": [[3, 14], [8, 14]], ""2"": [[0, 13]], ""3"": [[8, 5], [12, 5]], ""4"": [[2, 7]], ""5"": [[3, 9]], ""6"": [[6, 13]], ""7"": [[7, 13]], ""8"": [[3, 2]], ""9"": [[13, 11]]}","[1, 1, 1, 1, 1, 1, 0, 1, 0, 1]"
30,0,proposed_c2f_adaptive_pd,1.0,0.04666666666666667,0.04666666666666667,10,0,10,"{""0"": [[4, 2]], ""1"": [[4, 2]], ""2"": [[0, 10]], ""3"": [[8, 13]], ""4"": [[0, 5]], ""5"": [[6, 4]], ""6"": [[2, 6]], ""7"": [[14, 3]], ""8"": [[3, 2]], ""9"": [[2, 13]]}","[1, 1, 1, 1, 1, 1, 1, 1, 1, 1]"
30,0,sense_sinr_budgeted,0.4,0.016666666666666666,0.041666666666666664,4,0,12,"{""0"": [], ""1"": [], ""2"": [[11, 10], [7, 10], [14, 10], [5, 10]], ""3"": [], ""4"": [[11, 5], [14, 5], [10, 5]], ""5"": [], ""6"": [], ""7"": [], ""8"": [[4, 2], [14, 2]], ""9"": [[4, 13], [8, 13], [2, 13]]}","[0, 0, 1, 0, 1, 0, 0, 0, 1, 1]"
30,0,balanced_sinr,1.0,0.05,0.05,10,0,12,"{""0"": [[8, 2]], ""1"": [[4, 2]], ""2"": [[11, 10], [7, 10]], ""3"": [[8, 13]], ""4"": [[11, 5], [14, 5]], ""5"": [[6, 4]], ""6"": [[4, 6]], ""7"": [[14, 3]], ""8"": [[4, 2]], ""9"": [[4, 13]]}","[1, 1, 1, 1, 1, 1, 1, 1, 1, 1]"
31,0,proposed_c2f_adaptive_pd,1.0,0.04,0.04,10,0,11,"{""0"": [[1, 10]], ""1"": [[1, 12]], ""2"": [[0, 5]], ""3"": [[3, 4], [11, 4]], ""4"": [[7, 11]], ""5"": [[1, 0]], ""6"": [[10, 8]], ""7"": [[1, 13]], ""8"": [[0, 4]], ""9"": [[11, 4]]}","[1, 1, 1, 1, 1, 1, 1, 1, 1, 1]"
31,0,sense_sinr_budgeted,0.5,0.02666666666666667,0.05333333333333334,5,0,12,"{""0"": [], ""1"": [[13, 12], [2, 12], [1, 12], [3, 12]], ""2"": [[14, 5], [6, 5], [4, 5]], ""3"": [], ""4"": [], ""5"": [[11, 0], [1, 0], [7, 0]], ""6"": [], ""7"": [[2, 13]], ""8"": [[5, 4]], ""9"": []}","[0, 1, 1, 0, 0, 1, 0, 1, 1, 0]"
31,0,balanced_sinr,1.0,0.05,0.05,10,0,12,"{""0"": [[8, 10]], ""1"": [[13, 12], [2, 12]], ""2"": [[14, 5]], ""3"": [[3, 4]], ""4"": [[7, 11]], ""5"": [[11, 0], [1, 0]], ""6"": [[14, 8]], ""7"": [[2, 13]], ""8"": [[5, 4]], ""9"": [[11, 4]]}","[1, 1, 1, 1, 1, 1, 1, 1, 1, 1]"
32,0,proposed_c2f_adaptive_pd,1.0,0.043333333333333335,0.043333333333333335,10,0,12,"{""0"": [[1, 14]], ""1"": [[2, 1]], ""2"": [[1, 12]], ""3"": [[2, 0]], ""4"": [[2, 1], [14, 1]], ""5"": [[11, 7], [6, 7]], ""6"": [[2, 4]], ""7"": [[0, 10]], ""8"": [[0, 13]], ""9"": [[6, 7]]}","[1, 1, 1, 1, 1, 1, 1, 1, 1, 1]"
32,0,sense_sinr_budgeted,0.6,0.02666666666666667,0.044444444444444446,6,0,12,"{""0"": [], ""1"": [[14, 1]], ""2"": [[2, 12]], ""3"": [[6, 0], [13, 0], [10, 0], [7, 0]], ""4"": [], ""5"": [], ""6"": [[3, 4]], ""7"": [[8, 10], [13, 10], [0, 10]], ""8"": [[8, 13], [0, 13]], ""9"": []}","[0, 1, 1, 1, 0, 0, 1, 1, 1, 0]"
32,0,balanced_sinr,1.0,0.03666666666666667,0.03666666666666667,10,0,12,"{""0"": [[1, 14]], ""1"": [[14, 1]], ""2"": [[2, 12]], ""3"": [[6, 0], [13, 0]], ""4"": [[2, 1]], ""5"": [[11, 7]], ""6"": [[3, 4]], ""7"": [[8, 10], [13, 10]], ""8"": [[8, 13]], ""9"": [[11, 7]]}","[1, 1, 1, 1, 1, 1, 1, 1, 1, 1]"
33,0,proposed_c2f_adaptive_pd,0.8,0.03333333333333333,0.03333333333333333,10,0,12,"{""0"": [[14, 10]], ""1"": [[1, 13]], ""2"": [[10, 13]], ""3"": [[13, 1], [10, 1], [11, 1]], ""4"": [[0, 6]], ""5"": [[1, 13]], ""6"": [[2, 8]], ""7"": [[4, 1]], ""8"": [[0, 11]], ""9"": [[0, 10]]}","[1, 1, 0, 0, 1, 1, 1, 1, 1, 1]"
33,0,sense_sinr_budgeted,0.4,0.02666666666666667,0.06666666666666667,4,0,12,"{""0"": [], ""1"": [], ""2"": [], ""3"": [], ""4"": [[7, 6]], ""5"": [], ""6"": [[9, 8], [6, 8], [12, 8], [2, 8]], ""7"": [[13, 1]], ""8"": [[13, 11], [14, 11], [7, 11], [3, 11], [2, 11], [6, 11]], ""9"": []}","[0, 0, 0, 0, 1, 0, 1, 1, 1, 0]"
33,0,balanced_sinr,0.9,0.04,0.04,10,0,12,"{""0"": [[13, 10]], ""1"": [[1, 13]], ""2"": [[11, 13]], ""3"": [[13, 1]], ""4"": [[7, 6]], ""5"": [[1, 13]], ""6"": [[9, 8], [6, 8]], ""7"": [[13, 1]], ""8"": [[13, 11], [14, 11]], ""9"": [[14, 10]]}","[1, 1, 1, 0, 1, 1, 1, 1, 1, 1]"
34,0,proposed_c2f_adaptive_pd,0.9,0.056666666666666664,0.056666666666666664,10,0,10,"{""0"": [[0, 11]], ""1"": [[1, 0]], ""2"": [[0, 2]], ""3"": [[1, 0]], ""4"": [[1, 12]], ""5"": [[0, 5]], ""6"": [[0, 11]], ""7"": [[0, 12]], ""8"": [[0, 13]], ""9"": [[0, 10]]}","[1, 1, 1, 1, 1, 1, 1, 1, 0, 1]"
34,0,sense_sinr_budgeted,0.4,0.01,0.025,4,0,12,"{""0"": [], ""1"": [[13, 0], [1, 0], [7, 0], [12, 0], [11, 0]], ""2"": [[4, 2], [13, 2]], ""3"": [], ""4"": [], ""5"": [], ""6"": [[2, 11], [4, 11], [0, 11]], ""7"": [], ""8"": [], ""9"": [[9, 10], [8, 10]]}","[0, 1, 1, 0, 0, 0, 1, 0, 0, 1]"
34,0,balanced_sinr,1.0,0.04,0.04,10,0,12,"{""0"": [[10, 11]], ""1"": [[13, 0], [1, 0]], ""2"": [[4, 2]], ""3"": [[1, 0]], ""4"": [[7, 12]], ""5"": [[1, 5]], ""6"": [[2, 11], [4, 11]], ""7"": [[13, 12]], ""8"": [[4, 13]], ""9"": [[9, 10]]}","[1, 1, 1, 1, 1, 1, 1, 1, 1, 1]"
35,0,proposed_c2f_adaptive_pd,0.9,0.056666666666666664,0.056666666666666664,10,0,12,"{""0"": [[3, 2]], ""1"": [[12, 0]], ""2"": [[1, 11]], ""3"": [[1, 9]], ""4"": [[2, 0]], ""5"": [[12, 7], [3, 7], [6, 7]], ""6"": [[7, 12]], ""7"": [[0, 14]], ""8"": [[0, 6]], ""9"": [[1, 2]]}","[1, 1, 1, 1, 1, 0, 1, 1, 1, 1]"
35,0,sense_sinr_budgeted,0.4,0.006666666666666667,0.016666666666666666,4,0,12,"{""0"": [], ""1"": [], ""2"": [], ""3"": [[1, 9], [10, 9], [3, 9], [5, 9], [6, 9]], ""4"": [[4, 0], [14, 0], [12, 0]], ""5"": [], ""6"": [], ""7"": [], ""8"": [[3, 6], [13, 6], [1, 6]], ""9"": [[13, 2]]}","[0, 0, 0, 1, 1, 0, 0, 0, 1, 1]"
35,0,balanced_sinr,0.9,0.043333333333333335,0.043333333333333335,10,0,12,"{""0"": [[10, 2]], ""1"": [[12, 0]], ""2"": [[2, 11]], ""3"": [[1, 9], [10, 9]], ""4"": [[4, 0], [14, 0]], ""5"": [[12, 7]], ""6"": [[7, 12]], ""7"": [[4, 14]], ""8"": [[3, 6]], ""9"": [[13, 2]]}","[1, 1, 1, 1, 1, 0, 1, 1, 1, 1]"
36,0,proposed_c2f_adaptive_pd,1.0,0.04,0.04,10,0,10,"{""0"": [[11, 2]], ""1"": [[1, 14]], ""2"": [[4, 0]], ""3"": [[0, 4]], ""4"": [[5, 2]], ""5"": [[0, 2]], ""6"": [[0, 2]], ""7"": [[1, 10]], ""8"": [[0, 5]], ""9"": [[2, 0]]}","[1, 1, 1, 1, 1, 1, 1, 1, 1, 1]"
36,0,sense_sinr_budgeted,0.3,0.01,0.03333333333333333,4,0,12,"{""0"": [], ""1"": [], ""2"": [], ""3"": [[0, 4], [13, 4]], ""4"": [], ""5"": [[5, 2], [13, 2], [0, 2], [6, 2], [11, 2], [4, 2]], ""6"": [], ""7"": [[14, 10], [11, 10]], ""8"": [[2, 5], [6, 5]], ""9"": []}","[0, 0, 0, 1, 0, 1, 0, 0, 1, 0]"
36,0,balanced_sinr,0.9,0.02666666666666667,0.02962962962962963,10,0,12,"{""0"": [[11, 2]], ""1"": [[11, 14]], ""2"": [[4, 0]], ""3"": [[0, 4]], ""4"": [[13, 2]], ""5"": [[5, 2], [13, 2]], ""6"": [[13, 2]], ""7"": [[14, 10]], ""8"": [[2, 5], [6, 5]], ""9"": [[13, 0]]}","[1, 1, 1, 1, 1, 1, 1, 0, 1, 1]"
37,0,proposed_c2f_adaptive_pd,0.8,0.03333333333333333,0.03333333333333333,10,0,12,"{""0"": [[0, 3]], ""1"": [[0, 8]], ""2"": [[2, 4]], ""3"": [[0, 9]], ""4"": [[4, 14]], ""5"": [[0, 14]], ""6"": [[2, 11]], ""7"": [[14, 4], [5, 4], [1, 4]], ""8"": [[1, 0]], ""9"": [[1, 9]]}","[1, 1, 1, 1, 0, 1, 0, 1, 1, 1]"
37,0,sense_sinr_budgeted,0.3,0.02,0.06666666666666667,3,0,12,"{""0"": [], ""1"": [[0, 8], [3, 8], [13, 8]], ""2"": [], ""3"": [[11, 9], [7, 9], [12, 9], [2, 9], [10, 9], [1, 9]], ""4"": [], ""5"": [], ""6"": [], ""7"": [], ""8"": [[3, 0], [8, 0], [13, 0]], ""9"": []}","[0, 1, 0, 1, 0, 0, 0, 0, 1, 0]"
37,0,balanced_sinr,0.8,0.03666666666666667,0.03666666666666667,10,0,12,"{""0"": [[14, 3]], ""1"": [[0, 8]], ""2"": [[2, 4]], ""3"": [[11, 9], [7, 9]], ""4"": [[4, 14]], ""5"": [[0, 14]], ""6"": [[2, 11]], ""7"": [[14, 4]], ""8"": [[3, 0], [8, 0]], ""9"": [[1, 9]]}","[1, 1, 1, 1, 0, 1, 0, 1, 1, 1]"
38,0,proposed_c2f_adaptive_pd,1.0,0.04,0.04,10,0,10,"{""0"": [[0, 10]], ""1"": [[3, 0]], ""2"": [[0, 7]], ""3"": [[1, 9]], ""4"": [[0, 7]], ""5"": [[0, 1]], ""6"": [[2, 4]], ""7"": [[0, 7]], ""8"": [[1, 0]], ""9"": [[4, 2]]}","[1, 1, 1, 1, 1, 1, 1, 1, 1, 1]"
38,0,sense_sinr_budgeted,0.6,0.03666666666666667,0.06111111111111111,6,0,12,"{""0"": [[7, 10]], ""1"": [[8, 0]], ""2"": [], ""3"": [[12, 9], [13, 9]], ""4"": [[10, 7]], ""5"": [[5, 1], [14, 1], [13, 1], [7, 1], [10, 1], [0, 1]], ""6"": [], ""7"": [], ""8"": [[7, 0]], ""9"": []}","[1, 1, 0, 1, 1, 1, 0, 0, 1, 0]"
38,0,balanced_sinr,1.0,0.06333333333333334,0.06333333333333334,10,0,12,"{""0"": [[7, 10]], ""1"": [[8, 0]], ""2"": [[10, 7]], ""3"": [[12, 9], [13, 9]], ""4"": [[10, 7]], ""5"": [[5, 1], [14, 1]], ""6"": [[2, 4]], ""7"": [[0, 7]], ""8"": [[7, 0]], ""9"": [[11, 2]]}","[1, 1, 1, 1, 1, 1, 1, 1, 1, 1]"
39,0,proposed_c2f_adaptive_pd,1.0,0.043333333333333335,0.043333333333333335,10,0,12,"{""0"": [[6, 4]], ""1"": [[0, 8]], ""2"": [[9, 3], [14, 3]], ""3"": [[0, 10]], ""4"": [[1, 9]], ""5"": [[1, 4]], ""6"": [[1, 0]], ""7"": [[3, 7]], ""8"": [[4, 7], [1, 7]], ""9"": [[1, 7]]}","[1, 1, 1, 1, 1, 1, 1, 1, 1, 1]"
39,0,sense_sinr_budgeted,0.3,0.006666666666666667,0.022222222222222223,3,0,12,"{""0"": [], ""1"": [[9, 8], [14, 8]], ""2"": [], ""3"": [[9, 10], [14, 10], [8, 10], [6, 10], [3, 10], [13, 10]], ""4"": [], ""5"": [], ""6"": [[8, 0], [9, 0], [2, 0], [14, 0]], ""7"": [], ""8"": [], ""9"": []}","[0, 1, 0, 1, 0, 0, 1, 0, 0, 0]"
39,0,balanced_sinr,1.0,0.02666666666666667,0.02666666666666667,10,0,12,"{""0"": [[6, 4]], ""1"": [[9, 8], [14, 8]], ""2"": [[9, 3]], ""3"": [[9, 10], [14, 10]], ""4"": [[3, 9]], ""5"": [[13, 4]], ""6"": [[8, 0]], ""7"": [[4, 7]], ""8"": [[4, 7]], ""9"": [[1, 7]]}","[1, 1, 1, 1, 1, 1, 1, 1, 1, 1]"
40,0,proposed_c2f_adaptive_pd,1.0,0.03,0.03,10,0,12,"{""0"": [[1, 9]], ""1"": [[0, 2]], ""2"": [[0, 8]], ""3"": [[0, 10]], ""4"": [[1, 5]], ""5"": [[0, 1]], ""6"": [[3, 12], [10, 12], [6, 12]], ""7"": [[0, 13]], ""8"": [[1, 3]], ""9"": [[3, 12]]}","[1, 1, 1, 1, 1, 1, 1, 1, 1, 1]"
40,0,sense_sinr_budgeted,0.4,0.013333333333333334,0.03333333333333333,4,0,12,"{""0"": [], ""1"": [[14, 2], [11, 2], [7, 2], [4, 2]], ""2"": [[6, 8]], ""3"": [], ""4"": [], ""5"": [[13, 1], [5, 1], [3, 1], [6, 1], [9, 1], [11, 1]], ""6"": [], ""7"": [[1, 13]], ""8"": [], ""9"": []}","[0, 1, 1, 0, 0, 1, 0, 1, 0, 0]"
40,0,balanced_sinr,1.0,0.03,0.03,10,0,12,"{""0"": [[11, 9]], ""1"": [[14, 2], [11, 2]], ""2"": [[6, 8]], ""3"": [[0, 10]], ""4"": [[1, 5]], ""5"": [[13, 1], [5, 1]], ""6"": [[3, 12]], ""7"": [[1, 13]], ""8"": [[6, 3]], ""9"": [[6, 12]]}","[1, 1, 1, 1, 1, 1, 1, 1, 1, 1]"
41,0,proposed_c2f_adaptive_pd,1.0,0.04666666666666667,0.04666666666666667,10,0,10,"{""0"": [[2, 4]], ""1"": [[4, 1]], ""2"": [[0, 3]], ""3"": [[1, 4]], ""4"": [[2, 0]], ""5"": [[8, 12]], ""6"": [[2, 14]], ""7"": [[5, 2]], ""8"": [[0, 14]], ""9"": [[0, 6]]}","[1, 1, 1, 1, 1, 1, 1, 1, 1, 1]"
41,0,sense_sinr_budgeted,0.4,0.02666666666666667,0.06666666666666667,4,0,12,"{""0"": [], ""1"": [], ""2"": [[7, 3], [14, 3], [10, 3], [0, 3]], ""3"": [[9, 4], [14, 4], [8, 4]], ""4"": [[3, 0], [7, 0]], ""5"": [], ""6"": [], ""7"": [], ""8"": [], ""9"": [[2, 6], [11, 6], [10, 6]]}","[0, 0, 1, 1, 1, 0, 0, 0, 0, 1]"
41,0,balanced_sinr,1.0,0.056666666666666664,0.056666666666666664,10,0,12,"{""0"": [[9, 4]], ""1"": [[8, 1]], ""2"": [[7, 3]], ""3"": [[9, 4]], ""4"": [[3, 0], [7, 0]], ""5"": [[13, 12]], ""6"": [[13, 14]], ""7"": [[9, 2]], ""8"": [[7, 14]], ""9"": [[2, 6], [11, 6]]}","[1, 1, 1, 1, 1, 1, 1, 1, 1, 1]"
42,0,proposed_c2f_adaptive_pd,1.0,0.06333333333333334,0.06333333333333334,10,0,11,"{""0"": [[10, 8]], ""1"": [[10, 1], [2, 1]], ""2"": [[5, 12]], ""3"": [[0, 14]], ""4"": [[0, 2]], ""5"": [[1, 10]], ""6"": [[1, 13]], ""7"": [[1, 10]], ""8"": [[0, 5]], ""9"": [[1, 10]]}","[1, 1, 1, 1, 1, 1, 1, 1, 1, 1]"
42,0,sense_sinr_budgeted,0.5,0.04,0.08,5,0,12,"{""0"": [], ""1"": [], ""2"": [], ""3"": [[0, 14]], ""4"": [[4, 2], [3, 2]], ""5"": [], ""6"": [], ""7"": [[13, 10]], ""8"": [[9, 5], [12, 5], [6, 5], [11, 5], [8, 5], [2, 5]], ""9"": [[13, 10], [1, 10]]}","[0, 0, 0, 1, 1, 0, 0, 1, 1, 1]"
42,0,balanced_sinr,0.9,0.07,0.07,10,0,12,"{""0"": [[12, 8]], ""1"": [[10, 1]], ""2"": [[5, 12]], ""3"": [[0, 14]], ""4"": [[4, 2]], ""5"": [[12, 10]], ""6"": [[10, 13]], ""7"": [[13, 10]], ""8"": [[9, 5], [12, 5]], ""9"": [[13, 10], [1, 10]]}","[1, 1, 1, 1, 1, 0, 1, 1, 1, 1]"
43,0,proposed_c2f_adaptive_pd,0.9,0.05,0.05,10,0,10,"{""0"": [[2, 3]], ""1"": [[3, 14]], ""2"": [[0, 13]], ""3"": [[1, 13]], ""4"": [[4, 9]], ""5"": [[3, 14]], ""6"": [[11, 13]], ""7"": [[4, 6]], ""8"": [[0, 14]], ""9"": [[1, 6]]}","[1, 1, 1, 0, 1, 1, 1, 1, 1, 1]"
43,0,sense_sinr_budgeted,0.7,0.03,0.04285714285714286,7,0,12,"{""0"": [[7, 3], [6, 3], [14, 3]], ""1"": [[3, 14]], ""2"": [[11, 13]], ""3"": [], ""4"": [[4, 9]], ""5"": [[6, 14]], ""6"": [], ""7"": [], ""8"": [[5, 14], [7, 14], [3, 14]], ""9"": [[3, 6], [7, 6]]}","[1, 1, 1, 0, 1, 1, 0, 0, 1, 1]"
43,0,balanced_sinr,1.0,0.03666666666666667,0.03666666666666667,10,0,12,"{""0"": [[7, 3], [6, 3]], ""1"": [[3, 14]], ""2"": [[11, 13]], ""3"": [[11, 13]], ""4"": [[4, 9]], ""5"": [[6, 14]], ""6"": [[1, 13]], ""7"": [[4, 6]], ""8"": [[5, 14]], ""9"": [[3, 6], [7, 6]]}","[1, 1, 1, 1, 1, 1, 1, 1, 1, 1]"
44,0,proposed_c2f_adaptive_pd,1.0,0.056666666666666664,0.056666666666666664,10,0,12,"{""0"": [[0, 10]], ""1"": [[1, 4]], ""2"": [[11, 5]], ""3"": [[0, 12]], ""4"": [[0, 5]], ""5"": [[0, 5]], ""6"": [[0, 5], [11, 5], [6, 5]], ""7"": [[6, 8]], ""8"": [[2, 1]], ""9"": [[0, 10]]}","[1, 1, 1, 1, 1, 1, 1, 1, 1, 1]"
44,0,sense_sinr_budgeted,0.6,0.03666666666666667,0.06111111111111111,6,0,12,"{""0"": [[6, 10], [2, 10]], ""1"": [[3, 4], [13, 4], [1, 4]], ""2"": [], ""3"": [[13, 12], [4, 12], [9, 12]], ""4"": [[11, 5]], ""5"": [[12, 5], [11, 5]], ""6"": [], ""7"": [[14, 8]], ""8"": [], ""9"": []}","[1, 1, 0, 1, 1, 1, 0, 1, 0, 0]"
44,0,balanced_sinr,0.9,0.06333333333333334,0.06333333333333334,10,0,12,"{""0"": [[6, 10]], ""1"": [[3, 4], [13, 4]], ""2"": [[11, 5]], ""3"": [[13, 12], [4, 12]], ""4"": [[11, 5]], ""5"": [[12, 5]], ""6"": [[0, 5]], ""7"": [[14, 8]], ""8"": [[7, 1]], ""9"": [[8, 10]]}","[1, 1, 1, 1, 1, 1, 0, 1, 1, 1]"
45,0,proposed_c2f_adaptive_pd,1.0,0.06666666666666667,0.06666666666666667,10,0,10,"{""0"": [[0, 3]], ""1"": [[6, 1]], ""2"": [[0, 1]], ""3"": [[0, 13]], ""4"": [[1, 3]], ""5"": [[0, 8]], ""6"": [[1, 0]], ""7"": [[0, 4]], ""8"": [[1, 0]], ""9"": [[0, 4]]}","[1, 1, 1, 1, 1, 1, 1, 1, 1, 1]"
45,0,sense_sinr_budgeted,0.3,0.013333333333333334,0.044444444444444446,3,0,12,"{""0"": [[2, 3], [13, 3], [14, 3], [9, 3], [0, 3], [8, 3]], ""1"": [], ""2"": [], ""3"": [], ""4"": [], ""5"": [[14, 8]], ""6"": [], ""7"": [], ""8"": [], ""9"": [[10, 4], [6, 4], [11, 4], [12, 4], [0, 4]]}","[1, 0, 0, 0, 0, 1, 0, 0, 0, 1]"
45,0,balanced_sinr,1.0,0.043333333333333335,0.043333333333333335,10,0,12,"{""0"": [[2, 3], [13, 3]], ""1"": [[6, 1]], ""2"": [[7, 1]], ""3"": [[3, 13]], ""4"": [[13, 3]], ""5"": [[14, 8]], ""6"": [[1, 0]], ""7"": [[6, 4]], ""8"": [[9, 0]], ""9"": [[10, 4], [6, 4]]}","[1, 1, 1, 1, 1, 1, 1, 1, 1, 1]"
46,0,proposed_c2f_adaptive_pd,1.0,0.04666666666666667,0.04666666666666667,10,0,12,"{""0"": [[3, 6]], ""1"": [[6, 5], [11, 5]], ""2"": [[11, 5]], ""3"": [[6, 11]], ""4"": [[0, 8]], ""5"": [[5, 11]], ""6"": [[9, 1]], ""7"": [[5, 11], [10, 11]], ""8"": [[0, 11]], ""9"": [[1, 9]]}","[1, 1, 1, 1, 1, 1, 1, 1, 1, 1]"
46,0,sense_sinr_budgeted,0.3,0.01,0.03333333333333333,3,0,12,"{""0"": [[4, 6]], ""1"": [], ""2"": [], ""3"": [], ""4"": [[2, 8], [9, 8], [10, 8], [14, 8], [7, 8], [0, 8]], ""5"": [], ""6"": [], ""7"": [], ""8"": [[10, 11], [8, 11], [12, 11], [9, 11], [2, 11]], ""9"": []}","[1, 0, 0, 0, 1, 0, 0, 0, 1, 0]"
46,0,balanced_sinr,1.0,0.03,0.03,10,0,12,"{""0"": [[4, 6]], ""1"": [[6, 5]], ""2"": [[11, 5]], ""3"": [[6, 11]], ""4"": [[2, 8], [9, 8]], ""5"": [[10, 11]], ""6"": [[9, 1]], ""7"": [[5, 11]], ""8"": [[10, 11], [8, 11]], ""9"": [[11, 9]]}","[1, 1, 1, 1, 1, 1, 1, 1, 1, 1]"
47,0,proposed_c2f_adaptive_pd,0.8,0.05,0.05,10,0,12,"{""0"": [[9, 0]], ""1"": [[2, 4]], ""2"": [[1, 14]], ""3"": [[9, 0], [5, 0]], ""4"": [[1, 14]], ""5"": [[2, 6]], ""6"": [[6, 11]], ""7"": [[11, 6]], ""8"": [[0, 8], [13, 8]], ""9"": [[1, 10]]}","[0, 1, 1, 0, 1, 1, 1, 1, 1, 1]"
47,0,sense_sinr_budgeted,0.6,0.02,0.03333333333333333,6,0,12,"{""0"": [], ""1"": [[2, 4], [13, 4]], ""2"": [[10, 14]], ""3"": [], ""4"": [], ""5"": [[13, 6], [2, 6], [11, 6], [4, 6]], ""6"": [[12, 11]], ""7"": [[11, 6]], ""8"": [], ""9"": [[12, 10], [1, 10], [11, 10]]}","[0, 1, 1, 0, 0, 1, 1, 1, 0, 1]"
47,0,balanced_sinr,0.8,0.04,0.04,10,0,12,"{""0"": [[9, 0]], ""1"": [[2, 4]], ""2"": [[10, 14]], ""3"": [[9, 0]], ""4"": [[1, 14]], ""5"": [[13, 6], [2, 6]], ""6"": [[12, 11]], ""7"": [[11, 6]], ""8"": [[0, 8]], ""9"": [[12, 10], [1, 10]]}","[0, 1, 1, 0, 1, 1, 1, 1, 1, 1]"
48,0,proposed_c2f_adaptive_pd,1.0,0.06666666666666667,0.06666666666666667,10,0,12,"{""0"": [[3, 6]], ""1"": [[2, 4]], ""2"": [[8, 5], [11, 5]], ""3"": [[5, 11]], ""4"": [[1, 7]], ""5"": [[0, 14]], ""6"": [[5, 11], [8, 11]], ""7"": [[12, 4]], ""8"": [[0, 4]], ""9"": [[10, 8]]}","[1, 1, 1, 1, 1, 1, 1, 1, 1, 1]"
48,0,sense_sinr_budgeted,0.3,0.016666666666666666,0.05555555555555555,3,0,12,"{""0"": [], ""1"": [], ""2"": [], ""3"": [], ""4"": [[5, 7], [1, 7], [2, 7], [8, 7], [13, 7], [4, 7]], ""5"": [], ""6"": [], ""7"": [], ""8"": [[12, 4], [2, 4], [7, 4], [0, 4], [9, 4]], ""9"": [[10, 8]]}","[0, 0, 0, 0, 1, 0, 0, 0, 1, 1]"
48,0,balanced_sinr,0.9,0.06,0.06,10,0,12,"{""0"": [[3, 6]], ""1"": [[2, 4]], ""2"": [[8, 5]], ""3"": [[5, 11]], ""4"": [[5, 7], [1, 7]], ""5"": [[6, 14]], ""6"": [[5, 11]], ""7"": [[12, 4]], ""8"": [[12, 4], [2, 4]], ""9"": [[10, 8]]}","[1, 1, 0, 1, 1, 1, 1, 1, 1, 1]"
49,0,proposed_c2f_adaptive_pd,0.9,0.05333333333333334,0.05333333333333334,10,0,10,"{""0"": [[2, 10]], ""1"": [[13, 6]], ""2"": [[0, 5]], ""3"": [[2, 7]], ""4"": [[7, 2]], ""5"": [[0, 5]], ""6"": [[1, 0]], ""7"": [[0, 12]], ""8"": [[5, 3]], ""9"": [[5, 3]]}","[1, 1, 1, 1, 1, 1, 1, 1, 0, 1]"
49,0,sense_sinr_budgeted,0.5,0.03333333333333333,0.06666666666666667,5,0,12,"{""0"": [[14, 10]], ""1"": [], ""2"": [[12, 5]], ""3"": [], ""4"": [[9, 2], [7, 2]], ""5"": [], ""6"": [[8, 0], [12, 0], [13, 0], [5, 0]], ""7"": [[5, 12], [0, 12], [8, 12], [13, 12]], ""8"": [], ""9"": []}","[1, 0, 1, 0, 1, 0, 1, 1, 0, 0]"
49,0,balanced_sinr,0.9,0.04666666666666667,0.04666666666666667,10,0,12,"{""0"": [[14, 10]], ""1"": [[13, 6]], ""2"": [[12, 5]], ""3"": [[9, 7]], ""4"": [[9, 2]], ""5"": [[12, 5]], ""6"": [[8, 0], [12, 0]], ""7"": [[5, 12], [0, 12]], ""8"": [[5, 3]], ""9"": [[8, 3]]}","[1, 1, 1, 1, 1, 1, 1, 1, 0, 1]"
50,0,proposed_c2f_adaptive_pd,1.0,0.06,0.06,10,0,10,"{""0"": [[12, 1]], ""1"": [[1, 13]], ""2"": [[12, 1]], ""3"": [[6, 3]], ""4"": [[9, 12]], ""5"": [[0, 6]], ""6"": [[8, 3]], ""7"": [[3, 1]], ""8"": [[3, 14]], ""9"": [[1, 12]]}","[1, 1, 1, 1, 1, 1, 1, 1, 1, 1]"
50,0,sense_sinr_budgeted,0.4,0.02,0.05,4,0,12,"{""0"": [], ""1"": [], ""2"": [], ""3"": [[14, 3]], ""4"": [], ""5"": [[4, 6], [3, 6], [8, 6]], ""6"": [], ""7"": [[14, 1], [12, 1], [8, 1], [13, 1], [9, 1], [6, 1]], ""8"": [[12, 14], [9, 14]], ""9"": []}","[0, 0, 0, 1, 0, 1, 0, 1, 1, 0]"
50,0,balanced_sinr,1.0,0.06,0.06,10,0,12,"{""0"": [[13, 1]], ""1"": [[1, 13]], ""2"": [[12, 1]], ""3"": [[14, 3]], ""4"": [[14, 12]], ""5"": [[4, 6], [3, 6]], ""6"": [[8, 3]], ""7"": [[14, 1], [12, 1]], ""8"": [[12, 14]], ""9"": [[1, 12]]}","[1, 1, 1, 1, 1, 1, 1, 1, 1, 1]"
51,0,proposed_c2f_adaptive_pd,1.0,0.05333333333333334,0.05333333333333334,10,0,12,"{""0"": [[0, 12]], ""1"": [[3, 7]], ""2"": [[12, 13]], ""3"": [[3, 10], [4, 10], [7, 10]], ""4"": [[3, 4]], ""5"": [[0, 5]], ""6"": [[0, 11]], ""7"": [[2, 4]], ""8"": [[0, 7]], ""9"": [[0, 13]]}","[1, 1, 1, 1, 1, 1, 1, 1, 1, 1]"
51,0,sense_sinr_budgeted,0.7,0.03666666666666667,0.05238095238095238,7,0,12,"{""0"": [[3, 12]], ""1"": [[4, 7]], ""2"": [], ""3"": [], ""4"": [[10, 4], [7, 4]], ""5"": [[0, 5]], ""6"": [], ""7"": [[9, 4], [6, 4], [7, 4], [14, 4]], ""8"": [[3, 7], [0, 7]], ""9"": [[12, 13]]}","[1, 1, 0, 0, 1, 1, 0, 1, 1, 1]"
51,0,balanced_sinr,0.9,0.04666666666666667,0.04666666666666667,10,0,12,"{""0"": [[3, 12]], ""1"": [[4, 7]], ""2"": [[12, 13]], ""3"": [[3, 10]], ""4"": [[10, 4], [7, 4]], ""5"": [[0, 5]], ""6"": [[0, 11]], ""7"": [[9, 4], [6, 4]], ""8"": [[3, 7]], ""9"": [[12, 13]]}","[1, 1, 1, 0, 1, 1, 1, 1, 1, 1]"
52,0,proposed_c2f_adaptive_pd,1.0,0.05333333333333334,0.05333333333333334,10,0,12,"{""0"": [[3, 5]], ""1"": [[1, 9]], ""2"": [[14, 5], [11, 5], [10, 5]], ""3"": [[0, 9]], ""4"": [[0, 1]], ""5"": [[0, 11]], ""6"": [[6, 2]], ""7"": [[5, 10]], ""8"": [[0, 10]], ""9"": [[1, 9]]}","[1, 1, 1, 1, 1, 1, 1, 1, 1, 1]"
52,0,sense_sinr_budgeted,0.3,0.013333333333333334,0.044444444444444446,3,0,12,"{""0"": [], ""1"": [], ""2"": [], ""3"": [[7, 9], [6, 9], [2, 9]], ""4"": [[3, 1], [8, 1], [11, 1], [7, 1], [9, 1], [14, 1]], ""5"": [[3, 11], [8, 11], [1, 11]], ""6"": [], ""7"": [], ""8"": [], ""9"": []}","[0, 0, 0, 1, 1, 1, 0, 0, 0, 0]"
52,0,balanced_sinr,0.9,0.03666666666666667,0.03666666666666667,10,0,12,"{""0"": [[11, 5]], ""1"": [[1, 9]], ""2"": [[14, 5]], ""3"": [[7, 9]], ""4"": [[3, 1], [8, 1]], ""5"": [[3, 11], [8, 11]], ""6"": [[9, 2]], ""7"": [[5, 10]], ""8"": [[0, 10]], ""9"": [[7, 9]]}","[1, 1, 0, 1, 1, 1, 1, 1, 1, 1]"
53,0,proposed_c2f_adaptive_pd,1.0,0.03333333333333333,0.03333333333333333,10,0,12,"{""0"": [[1, 12], [4, 12]], ""1"": [[3, 13], [6, 13]], ""2"": [[1, 5]], ""3"": [[0, 3]], ""4"": [[0, 13]], ""5"": [[0, 4]], ""6"": [[3, 13]], ""7"": [[1, 12]], ""8"": [[0, 2]], ""9"": [[1, 12]]}","[1, 1, 1, 1, 1, 1, 1, 1, 1, 1]"
53,0,sense_sinr_budgeted,0.3,0.006666666666666667,0.022222222222222223,3,0,12,"{""0"": [], ""1"": [], ""2"": [[10, 5], [9, 5]], ""3"": [[11, 3], [14, 3], [9, 3], [13, 3]], ""4"": [[11, 13], [3, 13], [6, 13], [8, 13], [9, 13], [14, 13]], ""5"": [], ""6"": [], ""7"": [], ""8"": [], ""9"": []}","[0, 0, 1, 1, 1, 0, 0, 0, 0, 0]"
53,0,balanced_sinr,0.9,0.04,0.04,10,0,12,"{""0"": [[1, 12]], ""1"": [[6, 13]], ""2"": [[10, 5]], ""3"": [[11, 3], [14, 3]], ""4"": [[11, 13], [3, 13]], ""5"": [[0, 4]], ""6"": [[3, 13]], ""7"": [[10, 12]], ""8"": [[4, 2]], ""9"": [[7, 12]]}","[1, 0, 1, 1, 1, 1, 1, 1, 1, 1]"
54,0,proposed_c2f_adaptive_pd,1.0,0.056666666666666664,0.056666666666666664,10,0,10,"{""0"": [[0, 8]], ""1"": [[3, 13]], ""2"": [[8, 4]], ""3"": [[2, 11]], ""4"": [[0, 12]], ""5"": [[0, 7]], ""6"": [[0, 11]], ""7"": [[6, 7]], ""8"": [[0, 4]], ""9"": [[10, 13]]}","[1, 1, 1, 1, 1, 1, 1, 1, 1, 1]"
54,0,sense_sinr_budgeted,0.4,0.02,0.05,4,0,12,"{""0"": [], ""1"": [], ""2"": [], ""3"": [], ""4"": [[0, 12], [5, 12], [9, 12]], ""5"": [[4, 7], [0, 7]], ""6"": [[8, 11], [2, 11]], ""7"": [], ""8"": [[8, 4], [11, 4], [2, 4], [0, 4], [7, 4]], ""9"": []}","[0, 0, 0, 0, 1, 1, 1, 0, 1, 0]"
54,0,balanced_sinr,1.0,0.043333333333333335,0.043333333333333335,10,0,12,"{""0"": [[4, 8]], ""1"": [[14, 13]], ""2"": [[8, 4]], ""3"": [[14, 11]], ""4"": [[0, 12], [5, 12]], ""5"": [[4, 7]], ""6"": [[8, 11]], ""7"": [[6, 7]], ""8"": [[8, 4], [11, 4]], ""9"": [[10, 13]]}","[1, 1, 1, 1, 1, 1, 1, 1, 1, 1]"
55,0,proposed_c2f_adaptive_pd,1.0,0.043333333333333335,0.043333333333333335,10,0,12,"{""0"": [[3, 2]], ""1"": [[1, 2]], ""2"": [[1, 7]], ""3"": [[5, 0]], ""4"": [[2, 8], [4, 8]], ""5"": [[1, 2]], ""6"": [[2, 1]], ""7"": [[1, 4]], ""8"": [[8, 3], [2, 3]], ""9"": [[6, 14]]}","[1, 1, 1, 1, 1, 1, 1, 1, 1, 1]"
55,0,sense_sinr_budgeted,0.4,0.0033333333333333335,0.008333333333333333,4,0,12,"{""0"": [[3, 2], [12, 2]], ""1"": [], ""2"": [[4, 7]], ""3"": [], ""4"": [], ""5"": [], ""6"": [[13, 1], [4, 1], [7, 1], [2, 1], [8, 1]], ""7"": [[8, 4], [2, 4], [7, 4], [1, 4]], ""8"": [], ""9"": []}","[1, 0, 1, 0, 0, 0, 1, 1, 0, 0]"
55,0,balanced_sinr,1.0,0.01,0.01,10,0,12,"{""0"": [[3, 2]], ""1"": [[4, 2]], ""2"": [[4, 7]], ""3"": [[9, 0]], ""4"": [[4, 8]], ""5"": [[3, 2]], ""6"": [[13, 1], [4, 1]], ""7"": [[8, 4], [2, 4]], ""8"": [[2, 3]], ""9"": [[9, 14]]}","[1, 1, 1, 1, 1, 1, 1, 1, 1, 1]"
56,0,proposed_c2f_adaptive_pd,1.0,0.023333333333333334,0.023333333333333334,10,0,10,"{""0"": [[7, 4]], ""1"": [[0, 1]], ""2"": [[1, 7]], ""3"": [[9, 1]], ""4"": [[1, 9]], ""5"": [[0, 12]], ""6"": [[2, 5]], ""7"": [[1, 4]], ""8"": [[1, 12]], ""9"": [[2, 1]]}","[1, 1, 1, 1, 1, 1, 1, 1, 1, 1]"
56,0,sense_sinr_budgeted,0.6,0.02666666666666667,0.044444444444444446,6,0,12,"{""0"": [], ""1"": [[2, 1], [13, 1], [3, 1], [5, 1]], ""2"": [[10, 7], [9, 7]], ""3"": [], ""4"": [[7, 9]], ""5"": [[8, 12], [11, 12], [13, 12]], ""6"": [], ""7"": [[10, 4]], ""8"": [], ""9"": [[13, 1]]}","[0, 1, 1, 0, 1, 1, 0, 1, 0, 1]"
56,0,balanced_sinr,1.0,0.03,0.03,10,0,12,"{""0"": [[10, 4]], ""1"": [[2, 1], [13, 1]], ""2"": [[10, 7]], ""3"": [[13, 1]], ""4"": [[7, 9]], ""5"": [[8, 12], [11, 12]], ""6"": [[2, 5]], ""7"": [[10, 4]], ""8"": [[11, 12]], ""9"": [[13, 1]]}","[1, 1, 1, 1, 1, 1, 1, 1, 1, 1]"
57,0,proposed_c2f_adaptive_pd,1.0,0.02666666666666667,0.02666666666666667,10,0,10,"{""0"": [[3, 1]], ""1"": [[0, 1]], ""2"": [[0, 7]], ""3"": [[0, 13]], ""4"": [[0, 10]], ""5"": [[3, 1]], ""6"": [[1, 4]], ""7"": [[0, 1]], ""8"": [[0, 2]], ""9"": [[0, 11]]}","[1, 1, 1, 1, 1, 1, 1, 1, 1, 1]"
57,0,sense_sinr_budgeted,0.5,0.03,0.06,5,0,12,"{""0"": [], ""1"": [[4, 1], [3, 1]], ""2"": [], ""3"": [[5, 13], [12, 13]], ""4"": [[9, 10], [8, 10], [14, 10], [6, 10], [11, 10], [2, 10]], ""5"": [], ""6"": [], ""7"": [], ""8"": [[0, 2]], ""9"": [[6, 11]]}","[0, 1, 0, 1, 1, 0, 0, 0, 1, 1]"
57,0,balanced_sinr,1.0,0.04666666666666667,0.04666666666666667,10,0,12,"{""0"": [[4, 1]], ""1"": [[4, 1]], ""2"": [[0, 7]], ""3"": [[5, 13], [12, 13]], ""4"": [[9, 10], [8, 10]], ""5"": [[3, 1]], ""6"": [[1, 4]], ""7"": [[4, 1]], ""8"": [[0, 2]], ""9"": [[6, 11]]}","[1, 1, 1, 1, 1, 1, 1, 1, 1, 1]"
58,0,proposed_c2f_adaptive_pd,1.0,0.05,0.05,10,0,10,"{""0"": [[1, 13]], ""1"": [[2, 0]], ""2"": [[0, 2]], ""3"": [[1, 4]], ""4"": [[0, 6]], ""5"": [[0, 11]], ""6"": [[0, 4]], ""7"": [[1, 5]], ""8"": [[1, 5]], ""9"": [[0, 10]]}","[1, 1, 1, 1, 1, 1, 1, 1, 1, 1]"
58,0,sense_sinr_budgeted,0.6,0.03,0.05,6,0,12,"{""0"": [[5, 13]], ""1"": [[7, 0], [3, 0], [9, 0]], ""2"": [[14, 2], [1, 2], [12, 2], [4, 2]], ""3"": [], ""4"": [], ""5"": [[8, 11]], ""6"": [], ""7"": [[14, 5]], ""8"": [], ""9"": [[11, 10], [8, 10]]}","[1, 1, 1, 0, 0, 1, 0, 1, 0, 1]"
58,0,balanced_sinr,1.0,0.04666666666666667,0.04666666666666667,10,0,12,"{""0"": [[5, 13]], ""1"": [[7, 0]], ""2"": [[14, 2], [1, 2]], ""3"": [[2, 4]], ""4"": [[9, 6]], ""5"": [[8, 11]], ""6"": [[2, 4]], ""7"": [[14, 5]], ""8"": [[13, 5]], ""9"": [[11, 10], [8, 10]]}","[1, 1, 1, 1, 1, 1, 1, 1, 1, 1]"
59,0,proposed_c2f_adaptive_pd,1.0,0.06333333333333334,0.06333333333333334,10,0,10,"{""0"": [[4, 1]], ""1"": [[4, 1]], ""2"": [[0, 3]], ""3"": [[0, 5]], ""4"": [[13, 14]], ""5"": [[13, 5]], ""6"": [[4, 3]], ""7"": [[0, 5]], ""8"": [[3, 13]], ""9"": [[0, 3]]}","[1, 1, 1, 1, 1, 1, 1, 1, 1, 1]"
59,0,sense_sinr_budgeted,0.4,0.016666666666666666,0.041666666666666664,4,0,12,"{""0"": [], ""1"": [[8, 1]], ""2"": [], ""3"": [[7, 5], [13, 5], [14, 5], [3, 5]], ""4"": [], ""5"": [], ""6"": [], ""7"": [[13, 5], [0, 5], [2, 5], [7, 5], [14, 5]], ""8"": [], ""9"": [[6, 3], [7, 3]]}","[0, 1, 0, 1, 0, 0, 0, 1, 0, 1]"
59,0,balanced_sinr,1.0,0.056666666666666664,0.056666666666666664,10,0,12,"{""0"": [[4, 1]], ""1"": [[8, 1]], ""2"": [[7, 3]], ""3"": [[7, 5], [13, 5]], ""4"": [[13, 14]], ""5"": [[13, 5]], ""6"": [[4, 3]], ""7"": [[13, 5], [0, 5]], ""8"": [[14, 13]], ""9"": [[6, 3]]}","[1, 1, 1, 1, 1, 1, 1, 1, 1, 1]"
60,0,proposed_c2f_adaptive_pd,1.0,0.05,0.05,10,0,12,"{""0"": [[0, 8]], ""1"": [[1, 10]], ""2"": [[0, 2]], ""3"": [[0, 8]], ""4"": [[3, 8]], ""5"": [[0, 8]], ""6"": [[0, 11]], ""7"": [[0, 8]], ""8"": [[0, 2]], ""9"": [[9, 8], [0, 8], [10, 8]]}","[1, 1, 1, 1, 1, 1, 1, 1, 1, 1]"
60,0,sense_sinr_budgeted,0.3,0.03,0.1,3,0,12,"{""0"": [], ""1"": [[13, 10], [1, 10], [2, 10]], ""2"": [[4, 2], [1, 2], [13, 2]], ""3"": [], ""4"": [], ""5"": [], ""6"": [], ""7"": [], ""8"": [[1, 2], [4, 2], [13, 2], [10, 2], [3, 2], [0, 2]], ""9"": []}","[0, 1, 1, 0, 0, 0, 0, 0, 1, 0]"
60,0,balanced_sinr,1.0,0.05,0.05,10,0,12,"{""0"": [[0, 8]], ""1"": [[13, 10]], ""2"": [[4, 2], [1, 2]], ""3"": [[0, 8]], ""4"": [[3, 8]], ""5"": [[3, 8]], ""6"": [[4, 11]], ""7"": [[0, 8]], ""8"": [[1, 2], [4, 2]], ""9"": [[9, 8]]}","[1, 1, 1, 1, 1, 1, 1, 1, 1, 1]"
61,0,proposed_c2f_adaptive_pd,1.0,0.043333333333333335,0.043333333333333335,10,0,10,"{""0"": [[0, 6]], ""1"": [[0, 10]], ""2"": [[0, 4]], ""3"": [[3, 0]], ""4"": [[4, 13]], ""5"": [[0, 14]], ""6"": [[12, 11]], ""7"": [[0, 13]], ""8"": [[0, 9]], ""9"": [[1, 11]]}","[1, 1, 1, 1, 1, 1, 1, 1, 1, 1]"
61,0,sense_sinr_budgeted,0.6,0.02666666666666667,0.044444444444444446,6,0,12,"{""0"": [], ""1"": [[7, 10], [3, 10]], ""2"": [[14, 4], [13, 4], [8, 4]], ""3"": [[6, 0]], ""4"": [], ""5"": [[4, 14], [8, 14], [9, 14], [13, 14]], ""6"": [], ""7"": [[4, 13]], ""8"": [[0, 9]], ""9"": []}","[0, 1, 1, 1, 0, 1, 0, 1, 1, 0]"
61,0,balanced_sinr,1.0,0.05,0.05,10,0,12,"{""0"": [[13, 6]], ""1"": [[7, 10], [3, 10]], ""2"": [[14, 4]], ""3"": [[6, 0]], ""4"": [[4, 13]], ""5"": [[4, 14], [8, 14]], ""6"": [[12, 11]], ""7"": [[4, 13]], ""8"": [[0, 9]], ""9"": [[1, 11]]}","[1, 1, 1, 1, 1, 1, 1, 1, 1, 1]"
62,0,proposed_c2f_adaptive_pd,0.9,0.03666666666666667,0.040740740740740744,10,0,12,"{""0"": [[0, 11]], ""1"": [[11, 14]], ""2"": [[0, 13]], ""3"": [[3, 6]], ""4"": [[1, 9]], ""5"": [[0, 3]], ""6"": [[0, 11]], ""7"": [[0, 5]], ""8"": [[2, 9], [3, 9], [10, 9]], ""9"": [[3, 9]]}","[0, 1, 1, 1, 1, 1, 1, 1, 1, 1]"
62,0,sense_sinr_budgeted,0.4,0.02,0.05,4,0,12,"{""0"": [[0, 11], [14, 11], [4, 11]], ""1"": [], ""2"": [[1, 13], [12, 13]], ""3"": [], ""4"": [], ""5"": [[5, 3], [9, 3]], ""6"": [[0, 11], [4, 11], [14, 11], [12, 11], [8, 11]], ""7"": [], ""8"": [], ""9"": []}","[1, 0, 1, 0, 0, 1, 1, 0, 0, 0]"
62,0,balanced_sinr,0.8,0.043333333333333335,0.04814814814814815,10,0,12,"{""0"": [[0, 11]], ""1"": [[11, 14]], ""2"": [[1, 13]], ""3"": [[7, 6]], ""4"": [[12, 9]], ""5"": [[5, 3], [9, 3]], ""6"": [[0, 11], [4, 11]], ""7"": [[6, 5]], ""8"": [[2, 9]], ""9"": [[3, 9]]}","[0, 1, 1, 1, 1, 1, 1, 1, 0, 1]"
63,0,proposed_c2f_adaptive_pd,1.0,0.03,0.03,10,0,12,"{""0"": [[0, 4]], ""1"": [[9, 12]], ""2"": [[0, 4]], ""3"": [[0, 14]], ""4"": [[0, 8]], ""5"": [[0, 6]], ""6"": [[0, 9]], ""7"": [[0, 9]], ""8"": [[1, 10]], ""9"": [[9, 8], [13, 8], [3, 8]]}","[1, 1, 1, 1, 1, 1, 1, 1, 1, 1]"
63,0,sense_sinr_budgeted,0.6,0.04,0.06666666666666667,6,0,12,"{""0"": [[5, 4], [0, 4]], ""1"": [], ""2"": [[5, 4], [0, 4]], ""3"": [[2, 14]], ""4"": [[14, 8], [13, 8], [3, 8], [2, 8]], ""5"": [[5, 6], [2, 6]], ""6"": [[12, 9]], ""7"": [], ""8"": [], ""9"": []}","[1, 0, 1, 1, 1, 1, 1, 0, 0, 0]"
63,0,balanced_sinr,1.0,0.043333333333333335,0.043333333333333335,10,0,12,"{""0"": [[5, 4]], ""1"": [[9, 12]], ""2"": [[5, 4], [0, 4]], ""3"": [[2, 14]], ""4"": [[14, 8], [13, 8]], ""5"": [[5, 6]], ""6"": [[12, 9]], ""7"": [[7, 9]], ""8"": [[7, 10]], ""9"": [[9, 8]]}","[1, 1, 1, 1, 1, 1, 1, 1, 1, 1]"
64,0,proposed_c2f_adaptive_pd,1.0,0.06,0.06,10,0,10,"{""0"": [[8, 3]], ""1"": [[2, 13]], ""2"": [[2, 10]], ""3"": [[0, 7]], ""4"": [[1, 6]], ""5"": [[1, 6]], ""6"": [[0, 7]], ""7"": [[0, 12]], ""8"": [[1, 6]], ""9"": [[0, 12]]}","[1, 1, 1, 1, 1, 1, 1, 1, 1, 1]"
64,0,sense_sinr_budgeted,0.4,0.016666666666666666,0.041666666666666664,4,0,12,"{""0"": [], ""1"": [[5, 13], [10, 13], [2, 13], [14, 13]], ""2"": [[13, 10], [4, 10], [2, 10], [5, 10]], ""3"": [], ""4"": [], ""5"": [], ""6"": [], ""7"": [[8, 12], [3, 12], [11, 12]], ""8"": [], ""9"": [[8, 12]]}","[0, 1, 1, 0, 0, 0, 0, 1, 0, 1]"
64,0,balanced_sinr,1.0,0.07666666666666666,0.07666666666666666,10,0,12,"{""0"": [[12, 3]], ""1"": [[5, 13], [10, 13]], ""2"": [[13, 10]], ""3"": [[12, 7]], ""4"": [[1, 6]], ""5"": [[1, 6]], ""6"": [[12, 7]], ""7"": [[8, 12], [3, 12]], ""8"": [[1, 6]], ""9"": [[8, 12]]}","[1, 1, 1, 1, 1, 1, 1, 1, 1, 1]"
65,0,proposed_c2f_adaptive_pd,1.0,0.043333333333333335,0.043333333333333335,10,0,10,"{""0"": [[0, 14]], ""1"": [[2, 0]], ""2"": [[4, 14]], ""3"": [[1, 0]], ""4"": [[0, 9]], ""5"": [[1, 13]], ""6"": [[0, 5]], ""7"": [[0, 3]], ""8"": [[0, 7]], ""9"": [[0, 8]]}","[1, 1, 1, 1, 1, 1, 1, 1, 1, 1]"
65,0,sense_sinr_budgeted,0.5,0.01,0.02,5,0,12,"{""0"": [[0, 14]], ""1"": [], ""2"": [], ""3"": [[8, 0], [7, 0], [14, 0], [2, 0], [4, 0], [9, 0]], ""4"": [], ""5"": [[10, 13], [1, 13]], ""6"": [], ""7"": [[11, 3], [2, 3]], ""8"": [], ""9"": [[2, 8]]}","[1, 0, 0, 1, 0, 1, 0, 1, 0, 1]"
65,0,balanced_sinr,1.0,0.03,0.03,10,0,12,"{""0"": [[0, 14]], ""1"": [[8, 0]], ""2"": [[6, 14]], ""3"": [[8, 0], [7, 0]], ""4"": [[2, 9]], ""5"": [[10, 13]], ""6"": [[7, 5]], ""7"": [[11, 3], [2, 3]], ""8"": [[0, 7]], ""9"": [[2, 8]]}","[1, 1, 1, 1, 1, 1, 1, 1, 1, 1]"
66,0,proposed_c2f_adaptive_pd,1.0,0.06,0.06,10,0,12,"{""0"": [[2, 11]], ""1"": [[8, 9], [5, 9]], ""2"": [[0, 2]], ""3"": [[0, 1]], ""4"": [[0, 6]], ""5"": [[6, 11]], ""6"": [[8, 9], [2, 9]], ""7"": [[3, 13]], ""8"": [[0, 2]], ""9"": [[1, 11]]}","[1, 1, 1, 1, 1, 1, 1, 1, 1, 1]"
66,0,sense_sinr_budgeted,0.5,0.02,0.04,5,0,12,"{""0"": [], ""1"": [], ""2"": [[6, 2], [8, 2], [12, 2]], ""3"": [[12, 1]], ""4"": [[2, 6], [13, 6], [12, 6]], ""5"": [], ""6"": [], ""7"": [], ""8"": [[8, 2], [5, 2], [12, 2]], ""9"": [[6, 11], [13, 11]]}","[0, 0, 1, 1, 1, 0, 0, 0, 1, 1]"
66,0,balanced_sinr,1.0,0.043333333333333335,0.043333333333333335,10,0,12,"{""0"": [[6, 11]], ""1"": [[5, 9]], ""2"": [[6, 2]], ""3"": [[12, 1]], ""4"": [[2, 6], [13, 6]], ""5"": [[6, 11]], ""6"": [[8, 9]], ""7"": [[3, 13]], ""8"": [[8, 2], [5, 2]], ""9"": [[6, 11]]}","[1, 1, 1, 1, 1, 1, 1, 1, 1, 1]"
67,0,proposed_c2f_adaptive_pd,1.0,0.05,0.05,10,0,12,"{""0"": [[6, 8], [0, 8]], ""1"": [[2, 3]], ""2"": [[9, 13]], ""3"": [[1, 5]], ""4"": [[9, 13], [5, 13]], ""5"": [[2, 6]], ""6"": [[3, 2]], ""7"": [[0, 5]], ""8"": [[0, 6]], ""9"": [[6, 2]]}","[1, 1, 1, 1, 1, 1, 1, 1, 1, 1]"
67,0,sense_sinr_budgeted,0.3,0.016666666666666666,0.05555555555555555,3,0,12,"{""0"": [], ""1"": [], ""2"": [], ""3"": [[9, 5], [13, 5], [14, 5]], ""4"": [], ""5"": [], ""6"": [], ""7"": [[9, 5], [13, 5], [10, 5], [11, 5], [6, 5], [3, 5]], ""8"": [[5, 6], [1, 6], [0, 6]], ""9"": []}","[0, 0, 0, 1, 0, 0, 0, 1, 1, 0]"
67,0,balanced_sinr,1.0,0.023333333333333334,0.023333333333333334,10,0,12,"{""0"": [[0, 8]], ""1"": [[10, 3]], ""2"": [[9, 13]], ""3"": [[9, 5], [13, 5]], ""4"": [[9, 13]], ""5"": [[2, 6]], ""6"": [[3, 2]], ""7"": [[9, 5], [13, 5]], ""8"": [[5, 6]], ""9"": [[6, 2]]}","[1, 1, 1, 1, 1, 1, 1, 1, 1, 1]"
68,0,proposed_c2f_adaptive_pd,1.0,0.03,0.03,10,0,10,"{""0"": [[0, 11]], ""1"": [[0, 9]], ""2"": [[0, 4]], ""3"": [[0, 9]], ""4"": [[0, 7]], ""5"": [[0, 9]], ""6"": [[1, 7]], ""7"": [[2, 0]], ""8"": [[6, 3]], ""9"": [[0, 8]]}","[1, 1, 1, 1, 1, 1, 1, 1, 1, 1]"
68,0,sense_sinr_budgeted,0.5,0.006666666666666667,0.013333333333333334,5,0,12,"{""0"": [], ""1"": [[7, 9], [14, 9], [8, 9], [6, 9], [3, 9], [2, 9]], ""2"": [[12, 4], [11, 4]], ""3"": [], ""4"": [[1, 7]], ""5"": [], ""6"": [[9, 7]], ""7"": [], ""8"": [], ""9"": [[1, 8], [9, 8]]}","[0, 1, 1, 0, 1, 0, 1, 0, 0, 1]"
68,0,balanced_sinr,1.0,0.03666666666666667,0.03666666666666667,10,0,12,"{""0"": [[0, 11]], ""1"": [[7, 9], [14, 9]], ""2"": [[12, 4], [11, 4]], ""3"": [[6, 9]], ""4"": [[1, 7]], ""5"": [[0, 9]], ""6"": [[9, 7]], ""7"": [[14, 0]], ""8"": [[13, 3]], ""9"": [[1, 8]]}","[1, 1, 1, 1, 1, 1, 1, 1, 1, 1]"
69,0,proposed_c2f_adaptive_pd,1.0,0.03666666666666667,0.03666666666666667,10,0,11,"{""0"": [[4, 14], [3, 14]], ""1"": [[1, 11]], ""2"": [[0, 14]], ""3"": [[0, 3]], ""4"": [[1, 6]], ""5"": [[7, 12]], ""6"": [[1, 9]], ""7"": [[0, 10]], ""8"": [[0, 3]], ""9"": [[4, 11]]}","[1, 1, 1, 1, 1, 1, 1, 1, 1, 1]"
69,0,sense_sinr_budgeted,0.4,0.006666666666666667,0.016666666666666666,4,0,12,"{""0"": [], ""1"": [], ""2"": [], ""3"": [[8, 3], [0, 3], [14, 3], [4, 3], [11, 3]], ""4"": [[13, 6]], ""5"": [], ""6"": [[1, 9], [6, 9], [10, 9], [13, 9], [11, 9]], ""7"": [[9, 10]], ""8"": [], ""9"": []}","[0, 0, 0, 1, 1, 0, 1, 1, 0, 0]"
69,0,balanced_sinr,1.0,0.04,0.04,10,0,12,"{""0"": [[4, 14]], ""1"": [[1, 11]], ""2"": [[4, 14]], ""3"": [[8, 3], [0, 3]], ""4"": [[13, 6]], ""5"": [[7, 12]], ""6"": [[1, 9], [6, 9]], ""7"": [[9, 10]], ""8"": [[0, 3]], ""9"": [[4, 11]]}","[1, 1, 1, 1, 1, 1, 1, 1, 1, 1]"
70,0,proposed_c2f_adaptive_pd,0.9,0.023333333333333334,0.023333333333333334,10,0,12,"{""0"": [[0, 6]], ""1"": [[0, 7]], ""2"": [[2, 12]], ""3"": [[2, 9]], ""4"": [[0, 4]], ""5"": [[0, 6]], ""6"": [[0, 14]], ""7"": [[8, 7]], ""8"": [[0, 11]], ""9"": [[2, 11], [9, 11], [3, 11]]}","[1, 1, 0, 1, 1, 1, 1, 1, 1, 1]"
70,0,sense_sinr_budgeted,0.3,0.006666666666666667,0.022222222222222223,3,0,12,"{""0"": [], ""1"": [[8, 7]], ""2"": [], ""3"": [], ""4"": [[6, 4], [12, 4], [1, 4], [10, 4], [0, 4], [13, 4]], ""5"": [[4, 6], [12, 6], [10, 6], [0, 6], [1, 6]], ""6"": [], ""7"": [], ""8"": [], ""9"": []}","[0, 1, 0, 0, 1, 1, 0, 0, 0, 0]"
70,0,balanced_sinr,0.8,0.03333333333333333,0.03333333333333333,10,0,12,"{""0"": [[4, 6]], ""1"": [[8, 7]], ""2"": [[2, 12]], ""3"": [[2, 9]], ""4"": [[6, 4], [12, 4]], ""5"": [[4, 6], [12, 6]], ""6"": [[10, 14]], ""7"": [[8, 7]], ""8"": [[3, 11]], ""9"": [[9, 11]]}","[1, 1, 0, 1, 1, 1, 1, 1, 1, 0]"
71,0,proposed_c2f_adaptive_pd,1.0,0.07666666666666666,0.07666666666666666,10,0,10,"{""0"": [[0, 2]], ""1"": [[4, 6]], ""2"": [[0, 12]], ""3"": [[4, 9]], ""4"": [[4, 6]], ""5"": [[0, 6]], ""6"": [[1, 7]], ""7"": [[4, 6]], ""8"": [[4, 6]], ""9"": [[0, 1]]}","[1, 1, 1, 1, 1, 1, 1, 1, 1, 1]"
71,0,sense_sinr_budgeted,0.4,0.03,0.075,4,0,12,"{""0"": [[13, 2], [3, 2], [8, 2], [0, 2], [11, 2]], ""1"": [], ""2"": [[8, 12], [10, 12], [11, 12]], ""3"": [], ""4"": [], ""5"": [[9, 6], [5, 6], [7, 6]], ""6"": [], ""7"": [], ""8"": [], ""9"": [[7, 1]]}","[1, 0, 1, 0, 0, 1, 0, 0, 0, 1]"
71,0,balanced_sinr,0.9,0.06333333333333334,0.06333333333333334,10,0,12,"{""0"": [[13, 2], [3, 2]], ""1"": [[9, 6]], ""2"": [[8, 12]], ""3"": [[6, 9]], ""4"": [[9, 6]], ""5"": [[9, 6], [5, 6]], ""6"": [[1, 7]], ""7"": [[9, 6]], ""8"": [[5, 6]], ""9"": [[7, 1]]}","[1, 1, 1, 1, 1, 1, 1, 0, 1, 1]"
72,0,proposed_c2f_adaptive_pd,1.0,0.023333333333333334,0.023333333333333334,10,0,10,"{""0"": [[7, 5]], ""1"": [[0, 11]], ""2"": [[1, 4]], ""3"": [[1, 14]], ""4"": [[0, 12]], ""5"": [[3, 1]], ""6"": [[0, 12]], ""7"": [[0, 2]], ""8"": [[2, 14]], ""9"": [[0, 7]]}","[1, 1, 1, 1, 1, 1, 1, 1, 1, 1]"
72,0,sense_sinr_budgeted,0.3,0.016666666666666666,0.05555555555555555,4,0,12,"{""0"": [], ""1"": [[2, 11]], ""2"": [], ""3"": [[5, 14]], ""4"": [], ""5"": [[10, 1], [9, 1], [8, 1], [4, 1], [13, 1]], ""6"": [], ""7"": [], ""8"": [], ""9"": [[5, 7], [4, 7], [8, 7], [9, 7], [6, 7]]}","[0, 1, 0, 0, 0, 1, 0, 0, 0, 1]"
72,0,balanced_sinr,0.9,0.03333333333333333,0.037037037037037035,10,0,12,"{""0"": [[7, 5]], ""1"": [[2, 11]], ""2"": [[3, 4]], ""3"": [[5, 14]], ""4"": [[3, 12]], ""5"": [[10, 1], [9, 1]], ""6"": [[3, 12]], ""7"": [[11, 2]], ""8"": [[6, 14]], ""9"": [[5, 7], [4, 7]]}","[1, 1, 1, 0, 1, 1, 1, 1, 1, 1]"
73,0,proposed_c2f_adaptive_pd,1.0,0.043333333333333335,0.043333333333333335,10,0,10,"{""0"": [[0, 10]], ""1"": [[0, 1]], ""2"": [[4, 0]], ""3"": [[1, 0]], ""4"": [[0, 12]], ""5"": [[2, 8]], ""6"": [[0, 5]], ""7"": [[1, 11]], ""8"": [[10, 0]], ""9"": [[0, 10]]}","[1, 1, 1, 1, 1, 1, 1, 1, 1, 1]"
73,0,sense_sinr_budgeted,0.4,0.02,0.05,4,0,12,"{""0"": [], ""1"": [[11, 1]], ""2"": [], ""3"": [[12, 0], [10, 0], [4, 0], [13, 0], [9, 0], [1, 0]], ""4"": [], ""5"": [], ""6"": [[1, 5], [11, 5], [7, 5], [2, 5]], ""7"": [[1, 11]], ""8"": [], ""9"": []}","[0, 1, 0, 1, 0, 0, 1, 1, 0, 0]"
73,0,balanced_sinr,1.0,0.06,0.06,10,0,12,"{""0"": [[0, 10]], ""1"": [[11, 1]], ""2"": [[12, 0]], ""3"": [[12, 0], [10, 0]], ""4"": [[13, 12]], ""5"": [[3, 8]], ""6"": [[1, 5], [11, 5]], ""7"": [[1, 11]], ""8"": [[12, 0]], ""9"": [[0, 10]]}","[1, 1, 1, 1, 1, 1, 1, 1, 1, 1]"
74,0,proposed_c2f_adaptive_pd,0.9,0.04666666666666667,0.04666666666666667,10,0,12,"{""0"": [[0, 5]], ""1"": [[0, 12]], ""2"": [[9, 13], [12, 13], [0, 13]], ""3"": [[11, 4]], ""4"": [[6, 0]], ""5"": [[0, 13]], ""6"": [[0, 12]], ""7"": [[1, 8]], ""8"": [[0, 6]], ""9"": [[0, 11]]}","[1, 1, 1, 1, 1, 1, 1, 1, 1, 0]"
74,0,sense_sinr_budgeted,0.4,0.016666666666666666,0.041666666666666664,4,0,12,"{""0"": [[10, 5], [14, 5], [4, 5], [11, 5], [3, 5]], ""1"": [[13, 12]], ""2"": [], ""3"": [], ""4"": [], ""5"": [[9, 13], [12, 13]], ""6"": [], ""7"": [], ""8"": [], ""9"": [[14, 11], [4, 11], [5, 11], [10, 11]]}","[1, 1, 0, 0, 0, 1, 0, 0, 0, 1]"
74,0,balanced_sinr,0.9,0.05,0.05,10,0,12,"{""0"": [[10, 5]], ""1"": [[13, 12]], ""2"": [[12, 13]], ""3"": [[11, 4]], ""4"": [[6, 0]], ""5"": [[9, 13], [12, 13]], ""6"": [[6, 12]], ""7"": [[13, 8]], ""8"": [[0, 6]], ""9"": [[14, 11], [4, 11]]}","[1, 1, 0, 1, 1, 1, 1, 1, 1, 1]"
75,0,proposed_c2f_adaptive_pd,1.0,0.056666666666666664,0.056666666666666664,10,0,10,"{""0"": [[5, 8]], ""1"": [[0, 9]], ""2"": [[0, 12]], ""3"": [[0, 10]], ""4"": [[11, 13]], ""5"": [[8, 5]], ""6"": [[9, 5]], ""7"": [[0, 13]], ""8"": [[0, 11]], ""9"": [[0, 9]]}","[1, 1, 1, 1, 1, 1, 1, 1, 1, 1]"
75,0,sense_sinr_budgeted,0.5,0.03333333333333333,0.06666666666666667,5,0,12,"{""0"": [], ""1"": [], ""2"": [[8, 12], [11, 12], [2, 12]], ""3"": [[12, 10], [2, 10], [11, 10], [14, 10]], ""4"": [], ""5"": [], ""6"": [], ""7"": [[8, 13]], ""8"": [[2, 11], [12, 11]], ""9"": [[1, 9], [0, 9]]}","[0, 0, 1, 1, 0, 0, 0, 1, 1, 1]"
75,0,balanced_sinr,1.0,0.05,0.05,10,0,12,"{""0"": [[5, 8]], ""1"": [[5, 9]], ""2"": [[8, 12], [11, 12]], ""3"": [[12, 10], [2, 10]], ""4"": [[11, 13]], ""5"": [[8, 5]], ""6"": [[9, 5]], ""7"": [[8, 13]], ""8"": [[2, 11]], ""9"": [[1, 9]]}","[1, 1, 1, 1, 1, 1, 1, 1, 1, 1]"
76,0,proposed_c2f_adaptive_pd,1.0,0.03666666666666667,0.03666666666666667,10,0,12,"{""0"": [[0, 12]], ""1"": [[5, 2]], ""2"": [[0, 3]], ""3"": [[3, 2]], ""4"": [[2, 5]], ""5"": [[9, 12]], ""6"": [[8, 14], [9, 14]], ""7"": [[1, 11]], ""8"": [[5, 2], [8, 2]], ""9"": [[0, 10]]}","[1, 1, 1, 1, 1, 1, 1, 1, 1, 1]"
76,0,sense_sinr_budgeted,0.4,0.01,0.025,4,0,12,"{""0"": [], ""1"": [], ""2"": [[13, 3], [0, 3]], ""3"": [[5, 2]], ""4"": [], ""5"": [], ""6"": [], ""7"": [[7, 11], [4, 11], [10, 11]], ""8"": [], ""9"": [[4, 10], [6, 10], [11, 10], [14, 10], [8, 10], [7, 10]]}","[0, 0, 1, 1, 0, 0, 0, 1, 0, 1]"
76,0,balanced_sinr,1.0,0.03333333333333333,0.03333333333333333,10,0,12,"{""0"": [[13, 12]], ""1"": [[5, 2]], ""2"": [[13, 3]], ""3"": [[5, 2]], ""4"": [[2, 5]], ""5"": [[9, 12]], ""6"": [[8, 14]], ""7"": [[7, 11], [4, 11]], ""8"": [[5, 2]], ""9"": [[4, 10], [6, 10]]}","[1, 1, 1, 1, 1, 1, 1, 1, 1, 1]"
77,0,proposed_c2f_adaptive_pd,1.0,0.04666666666666667,0.04666666666666667,10,0,10,"{""0"": [[2, 7]], ""1"": [[0, 2]], ""2"": [[2, 11]], ""3"": [[0, 6]], ""4"": [[0, 3]], ""5"": [[2, 4]], ""6"": [[1, 0]], ""7"": [[4, 2]], ""8"": [[0, 1]], ""9"": [[1, 0]]}","[1, 1, 1, 1, 1, 1, 1, 1, 1, 1]"
77,0,sense_sinr_budgeted,0.4,0.03333333333333333,0.08333333333333333,4,0,12,"{""0"": [], ""1"": [[5, 2], [11, 2], [4, 2], [8, 2]], ""2"": [], ""3"": [[4, 6], [8, 6], [10, 6]], ""4"": [[10, 3], [13, 3], [12, 3], [9, 3]], ""5"": [], ""6"": [], ""7"": [], ""8"": [[14, 1]], ""9"": []}","[0, 1, 0, 1, 1, 0, 0, 0, 1, 0]"
77,0,balanced_sinr,1.0,0.056666666666666664,0.056666666666666664,10,0,12,"{""0"": [[8, 7]], ""1"": [[5, 2]], ""2"": [[2, 11]], ""3"": [[4, 6], [8, 6]], ""4"": [[10, 3], [13, 3]], ""5"": [[11, 4]], ""6"": [[1, 0]], ""7"": [[11, 2]], ""8"": [[14, 1]], ""9"": [[1, 0]]}","[1, 1, 1, 1, 1, 1, 1, 1, 1, 1]"
78,0,proposed_c2f_adaptive_pd,1.0,0.043333333333333335,0.043333333333333335,10,0,12,"{""0"": [[1, 4]], ""1"": [[3, 7]], ""2"": [[0, 12]], ""3"": [[0, 8]], ""4"": [[7, 10], [12, 10], [11, 10]], ""5"": [[0, 8]], ""6"": [[1, 10]], ""7"": [[2, 5]], ""8"": [[2, 5]], ""9"": [[0, 5]]}","[1, 1, 1, 1, 1, 1, 1, 1, 1, 1]"
78,0,sense_sinr_budgeted,0.5,0.03,0.06,5,0,12,"{""0"": [], ""1"": [], ""2"": [[0, 12], [14, 12], [3, 12], [9, 12]], ""3"": [], ""4"": [], ""5"": [], ""6"": [[13, 10]], ""7"": [[2, 5], [6, 5]], ""8"": [[2, 5], [6, 5]], ""9"": [[2, 5], [9, 5], [6, 5]]}","[0, 0, 1, 0, 0, 0, 1, 1, 1, 1]"
78,0,balanced_sinr,1.0,0.04,0.04,10,0,12,"{""0"": [[1, 4]], ""1"": [[14, 7]], ""2"": [[0, 12]], ""3"": [[12, 8]], ""4"": [[0, 10]], ""5"": [[13, 8]], ""6"": [[13, 10]], ""7"": [[2, 5], [6, 5]], ""8"": [[2, 5]], ""9"": [[2, 5], [9, 5]]}","[1, 1, 1, 1, 1, 1, 1, 1, 1, 1]"
79,0,proposed_c2f_adaptive_pd,1.0,0.03333333333333333,0.03333333333333333,10,0,12,"{""0"": [[0, 10]], ""1"": [[0, 9]], ""2"": [[1, 7], [6, 7], [3, 7]], ""3"": [[4, 8]], ""4"": [[1, 5]], ""5"": [[1, 12]], ""6"": [[0, 4]], ""7"": [[2, 0]], ""8"": [[0, 9]], ""9"": [[1, 3]]}","[1, 1, 1, 1, 1, 1, 1, 1, 1, 1]"
79,0,sense_sinr_budgeted,0.5,0.03,0.06,5,0,12,"{""0"": [], ""1"": [], ""2"": [], ""3"": [], ""4"": [], ""5"": [[11, 12]], ""6"": [[14, 4]], ""7"": [[13, 0], [8, 0], [4, 0]], ""8"": [[13, 9], [0, 9], [6, 9], [4, 9], [8, 9]], ""9"": [[1, 3], [11, 3]]}","[0, 0, 0, 0, 0, 1, 1, 1, 1, 1]"
79,0,balanced_sinr,1.0,0.06,0.06,10,0,12,"{""0"": [[0, 10]], ""1"": [[6, 9]], ""2"": [[6, 7]], ""3"": [[12, 8]], ""4"": [[12, 5]], ""5"": [[11, 12]], ""6"": [[14, 4]], ""7"": [[13, 0], [8, 0]], ""8"": [[13, 9], [0, 9]], ""9"": [[1, 3]]}","[1, 1, 1, 1, 1, 1, 1, 1, 1, 1]"
80,0,proposed_c2f_adaptive_pd,1.0,0.05333333333333334,0.05333333333333334,10,0,12,"{""0"": [[2, 14]], ""1"": [[0, 11]], ""2"": [[3, 1], [4, 1], [0, 1]], ""3"": [[5, 6]], ""4"": [[0, 11]], ""5"": [[3, 7]], ""6"": [[3, 2]], ""7"": [[1, 0]], ""8"": [[0, 4]], ""9"": [[0, 5]]}","[1, 1, 1, 1, 1, 1, 1, 1, 1, 1]"
80,0,sense_sinr_budgeted,0.4,0.02666666666666667,0.06666666666666667,4,0,12,"{""0"": [], ""1"": [[0, 11]], ""2"": [], ""3"": [], ""4"": [[7, 11], [4, 11], [13, 11]], ""5"": [], ""6"": [], ""7"": [[5, 0], [7, 0], [11, 0], [1, 0], [8, 0], [13, 0]], ""8"": [[3, 4], [9, 4]], ""9"": []}","[0, 1, 0, 0, 1, 0, 0, 1, 1, 0]"
80,0,balanced_sinr,1.0,0.043333333333333335,0.043333333333333335,10,0,12,"{""0"": [[10, 14]], ""1"": [[0, 11]], ""2"": [[3, 1]], ""3"": [[8, 6]], ""4"": [[7, 11]], ""5"": [[4, 7]], ""6"": [[9, 2]], ""7"": [[5, 0], [7, 0]], ""8"": [[3, 4], [9, 4]], ""9"": [[8, 5]]}","[1, 1, 1, 1, 1, 1, 1, 1, 1, 1]"
81,0,proposed_c2f_adaptive_pd,1.0,0.04,0.04,10,0,12,"{""0"": [[2, 14]], ""1"": [[7, 1], [2, 1]], ""2"": [[0, 4]], ""3"": [[0, 12]], ""4"": [[0, 4]], ""5"": [[0, 12]], ""6"": [[0, 6]], ""7"": [[2, 12]], ""8"": [[14, 9], [1, 9]], ""9"": [[1, 8]]}","[1, 1, 1, 1, 1, 1, 1, 1, 1, 1]"
81,0,sense_sinr_budgeted,0.4,0.02,0.05,4,0,12,"{""0"": [[9, 14]], ""1"": [], ""2"": [[10, 4], [13, 4], [5, 4], [12, 4]], ""3"": [], ""4"": [], ""5"": [[2, 12], [7, 12], [1, 12], [8, 12], [9, 12], [13, 12]], ""6"": [[8, 6]], ""7"": [], ""8"": [], ""9"": []}","[1, 0, 1, 0, 0, 1, 1, 0, 0, 0]"
81,0,balanced_sinr,1.0,0.04,0.04,10,0,12,"{""0"": [[9, 14]], ""1"": [[7, 1]], ""2"": [[10, 4], [13, 4]], ""3"": [[2, 12]], ""4"": [[10, 4]], ""5"": [[2, 12], [7, 12]], ""6"": [[8, 6]], ""7"": [[2, 12]], ""8"": [[14, 9]], ""9"": [[2, 8]]}","[1, 1, 1, 1, 1, 1, 1, 1, 1, 1]"
82,0,proposed_c2f_adaptive_pd,1.0,0.06,0.06,10,0,11,"{""0"": [[0, 2]], ""1"": [[2, 0]], ""2"": [[0, 2], [5, 2]], ""3"": [[0, 1]], ""4"": [[4, 13]], ""5"": [[2, 1]], ""6"": [[0, 5]], ""7"": [[11, 3]], ""8"": [[2, 1]], ""9"": [[0, 1]]}","[1, 1, 1, 1, 1, 1, 1, 1, 1, 1]"
82,0,sense_sinr_budgeted,0.5,0.02,0.04,5,0,12,"{""0"": [[0, 2], [5, 2]], ""1"": [[2, 0], [5, 0]], ""2"": [], ""3"": [[3, 1], [2, 1], [8, 1], [11, 1], [9, 1]], ""4"": [], ""5"": [], ""6"": [[0, 5], [2, 5]], ""7"": [], ""8"": [[8, 1]], ""9"": []}","[1, 1, 0, 1, 0, 0, 1, 0, 1, 0]"
82,0,balanced_sinr,0.9,0.04,0.04,10,0,12,"{""0"": [[0, 2]], ""1"": [[2, 0]], ""2"": [[5, 2]], ""3"": [[3, 1], [2, 1]], ""4"": [[9, 13]], ""5"": [[2, 1]], ""6"": [[0, 5], [2, 5]], ""7"": [[11, 3]], ""8"": [[8, 1]], ""9"": [[5, 1]]}","[1, 1, 0, 1, 1, 1, 1, 1, 1, 1]"
83,0,proposed_c2f_adaptive_pd,1.0,0.043333333333333335,0.043333333333333335,10,0,10,"{""0"": [[1, 12]], ""1"": [[9, 10]], ""2"": [[1, 2]], ""3"": [[0, 14]], ""4"": [[0, 2]], ""5"": [[3, 11]], ""6"": [[8, 3]], ""7"": [[1, 0]], ""8"": [[1, 14]], ""9"": [[6, 3]]}","[1, 1, 1, 1, 1, 1, 1, 1, 1, 1]"
83,0,sense_sinr_budgeted,0.5,0.02666666666666667,0.05333333333333334,5,0,12,"{""0"": [[10, 12], [14, 12], [11, 12], [9, 12], [7, 12]], ""1"": [], ""2"": [], ""3"": [[3, 14], [8, 14]], ""4"": [[4, 2], [1, 2]], ""5"": [[10, 11]], ""6"": [], ""7"": [], ""8"": [[3, 14], [8, 14]], ""9"": []}","[1, 0, 0, 1, 1, 1, 0, 0, 1, 0]"
83,0,balanced_sinr,1.0,0.06,0.06,10,0,12,"{""0"": [[10, 12], [14, 12]], ""1"": [[11, 10]], ""2"": [[7, 2]], ""3"": [[3, 14], [8, 14]], ""4"": [[4, 2]], ""5"": [[10, 11]], ""6"": [[8, 3]], ""7"": [[1, 0]], ""8"": [[3, 14]], ""9"": [[6, 3]]}","[1, 1, 1, 1, 1, 1, 1, 1, 1, 1]"
84,0,proposed_c2f_adaptive_pd,1.0,0.05333333333333334,0.05333333333333334,10,0,10,"{""0"": [[0, 10]], ""1"": [[0, 8]], ""2"": [[0, 14]], ""3"": [[0, 12]], ""4"": [[0, 6]], ""5"": [[1, 14]], ""6"": [[1, 7]], ""7"": [[0, 11]], ""8"": [[4, 3]], ""9"": [[0, 5]]}","[1, 1, 1, 1, 1, 1, 1, 1, 1, 1]"
84,0,sense_sinr_budgeted,0.4,0.03666666666666667,0.09166666666666666,4,0,12,"{""0"": [[0, 10], [7, 10]], ""1"": [], ""2"": [[9, 14], [11, 14], [4, 14], [1, 14], [3, 14], [0, 14]], ""3"": [[13, 12], [10, 12]], ""4"": [[1, 6], [0, 6]], ""5"": [], ""6"": [], ""7"": [], ""8"": [], ""9"": []}","[1, 0, 1, 1, 1, 0, 0, 0, 0, 0]"
84,0,balanced_sinr,1.0,0.06666666666666667,0.06666666666666667,10,0,12,"{""0"": [[0, 10]], ""1"": [[5, 8]], ""2"": [[9, 14], [11, 14]], ""3"": [[13, 12]], ""4"": [[1, 6], [0, 6]], ""5"": [[1, 14]], ""6"": [[1, 7]], ""7"": [[8, 11]], ""8"": [[4, 3]], ""9"": [[0, 5]]}","[1, 1, 1, 1, 1, 1, 1, 1, 1, 1]"
85,0,proposed_c2f_adaptive_pd,0.8,0.06333333333333334,0.06333333333333334,10,0,12,"{""0"": [[0, 14]], ""1"": [[0, 14]], ""2"": [[2, 6]], ""3"": [[1, 13]], ""4"": [[3, 14], [0, 14]], ""5"": [[4, 5]], ""6"": [[14, 3]], ""7"": [[0, 3]], ""8"": [[3, 14], [2, 14]], ""9"": [[2, 8]]}","[1, 1, 1, 1, 0, 1, 1, 1, 0, 1]"
85,0,sense_sinr_budgeted,0.5,0.04,0.08,5,0,12,"{""0"": [[5, 14], [10, 14]], ""1"": [], ""2"": [], ""3"": [[4, 13], [10, 13]], ""4"": [], ""5"": [[10, 5]], ""6"": [], ""7"": [[0, 3], [1, 3], [10, 3], [5, 3]], ""8"": [], ""9"": [[7, 8], [11, 8], [6, 8]]}","[1, 0, 0, 1, 0, 1, 0, 1, 0, 1]"
85,0,balanced_sinr,0.8,0.06,0.06,10,0,12,"{""0"": [[5, 14], [10, 14]], ""1"": [[0, 14]], ""2"": [[8, 6]], ""3"": [[4, 13]], ""4"": [[3, 14]], ""5"": [[10, 5]], ""6"": [[14, 3]], ""7"": [[0, 3], [1, 3]], ""8"": [[2, 14]], ""9"": [[7, 8]]}","[1, 1, 1, 1, 0, 1, 1, 1, 0, 1]"
86,0,proposed_c2f_adaptive_pd,1.0,0.056666666666666664,0.056666666666666664,10,0,10,"{""0"": [[0, 8]], ""1"": [[3, 4]], ""2"": [[1, 6]], ""3"": [[0, 13]], ""4"": [[0, 10]], ""5"": [[0, 8]], ""6"": [[1, 12]], ""7"": [[0, 3]], ""8"": [[0, 3]], ""9"": [[1, 9]]}","[1, 1, 1, 1, 1, 1, 1, 1, 1, 1]"
86,0,sense_sinr_budgeted,0.2,0.02,0.1,2,0,12,"{""0"": [[13, 8], [7, 8], [6, 8], [10, 8], [1, 8], [5, 8]], ""1"": [], ""2"": [], ""3"": [], ""4"": [[2, 10], [14, 10], [0, 10], [13, 10], [9, 10], [8, 10]], ""5"": [], ""6"": [], ""7"": [], ""8"": [], ""9"": []}","[1, 0, 0, 0, 1, 0, 0, 0, 0, 0]"
86,0,balanced_sinr,1.0,0.04,0.04,10,0,12,"{""0"": [[13, 8], [7, 8]], ""1"": [[3, 4]], ""2"": [[8, 6]], ""3"": [[10, 13]], ""4"": [[2, 10], [14, 10]], ""5"": [[9, 8]], ""6"": [[1, 12]], ""7"": [[4, 3]], ""8"": [[13, 3]], ""9"": [[10, 9]]}","[1, 1, 1, 1, 1, 1, 1, 1, 1, 1]"
87,0,proposed_c2f_adaptive_pd,1.0,0.04666666666666667,0.04666666666666667,10,0,11,"{""0"": [[0, 10]], ""1"": [[1, 5]], ""2"": [[5, 7], [6, 7]], ""3"": [[0, 10]], ""4"": [[2, 3]], ""5"": [[0, 2]], ""6"": [[0, 10]], ""7"": [[0, 11]], ""8"": [[0, 10]], ""9"": [[12, 4]]}","[1, 1, 1, 1, 1, 1, 1, 1, 1, 1]"
87,0,sense_sinr_budgeted,0.5,0.02666666666666667,0.05333333333333334,5,0,12,"{""0"": [[11, 10], [1, 10]], ""1"": [], ""2"": [], ""3"": [[0, 10]], ""4"": [], ""5"": [[4, 2]], ""6"": [[1, 10], [0, 10]], ""7"": [], ""8"": [[1, 10], [11, 10], [12, 10], [13, 10], [0, 10], [2, 10]], ""9"": []}","[1, 0, 0, 1, 0, 1, 1, 0, 1, 0]"
87,0,balanced_sinr,1.0,0.05333333333333334,0.05333333333333334,10,0,12,"{""0"": [[11, 10], [1, 10]], ""1"": [[6, 5]], ""2"": [[6, 7]], ""3"": [[0, 10]], ""4"": [[14, 3]], ""5"": [[4, 2]], ""6"": [[1, 10]], ""7"": [[10, 11]], ""8"": [[1, 10], [11, 10]], ""9"": [[12, 4]]}","[1, 1, 1, 1, 1, 1, 1, 1, 1, 1]"
88,0,proposed_c2f_adaptive_pd,0.9,0.04,0.04,10,0,12,"{""0"": [[1, 12]], ""1"": [[5, 1]], ""2"": [[0, 13]], ""3"": [[0, 10]], ""4"": [[10, 6], [0, 6]], ""5"": [[0, 10]], ""6"": [[12, 1], [10, 1]], ""7"": [[0, 7]], ""8"": [[1, 11]], ""9"": [[1, 4]]}","[1, 1, 1, 1, 1, 1, 0, 1, 1, 1]"
88,0,sense_sinr_budgeted,0.5,0.03666666666666667,0.07333333333333333,5,0,12,"{""0"": [[1, 12]], ""1"": [], ""2"": [[10, 13], [14, 13]], ""3"": [[13, 10]], ""4"": [], ""5"": [], ""6"": [], ""7"": [[3, 7], [2, 7], [9, 7], [4, 7], [13, 7], [14, 7]], ""8"": [[8, 11], [5, 11]], ""9"": []}","[1, 0, 1, 1, 0, 0, 0, 1, 1, 0]"
88,0,balanced_sinr,0.8,0.05,0.05555555555555555,10,0,12,"{""0"": [[1, 12]], ""1"": [[5, 1]], ""2"": [[10, 13]], ""3"": [[13, 10]], ""4"": [[0, 6]], ""5"": [[6, 10]], ""6"": [[10, 1]], ""7"": [[3, 7], [2, 7]], ""8"": [[8, 11], [5, 11]], ""9"": [[8, 4]]}","[1, 1, 1, 1, 0, 1, 0, 1, 1, 1]"
89,0,proposed_c2f_adaptive_pd,1.0,0.05333333333333334,0.05333333333333334,10,0,10,"{""0"": [[5, 0]], ""1"": [[0, 1]], ""2"": [[0, 12]], ""3"": [[2, 1]], ""4"": [[0, 8]], ""5"": [[0, 7]], ""6"": [[0, 14]], ""7"": [[0, 14]], ""8"": [[1, 8]], ""9"": [[0, 4]]}","[1, 1, 1, 1, 1, 1, 1, 1, 1, 1]"
89,0,sense_sinr_budgeted,0.3,0.02,0.06666666666666667,3,0,12,"{""0"": [], ""1"": [], ""2"": [[9, 12], [2, 12], [4, 12], [1, 12]], ""3"": [], ""4"": [[3, 8], [1, 8], [14, 8], [9, 8], [2, 8], [12, 8]], ""5"": [], ""6"": [], ""7"": [], ""8"": [], ""9"": [[9, 4], [5, 4]]}","[0, 0, 1, 0, 1, 0, 0, 0, 0, 1]"
89,0,balanced_sinr,1.0,0.04,0.04,10,0,12,"{""0"": [[5, 0]], ""1"": [[7, 1]], ""2"": [[9, 12], [2, 12]], ""3"": [[7, 1]], ""4"": [[3, 8], [1, 8]], ""5"": [[14, 7]], ""6"": [[8, 14]], ""7"": [[7, 14]], ""8"": [[1, 8]], ""9"": [[9, 4]]}","[1, 1, 1, 1, 1, 1, 1, 1, 1, 1]"
90,0,proposed_c2f_adaptive_pd,1.0,0.06,0.06,10,0,10,"{""0"": [[0, 4]], ""1"": [[2, 6]], ""2"": [[1, 11]], ""3"": [[1, 5]], ""4"": [[0, 5]], ""5"": [[6, 2]], ""6"": [[0, 4]], ""7"": [[0, 11]], ""8"": [[0, 6]], ""9"": [[0, 9]]}","[1, 1, 1, 1, 1, 1, 1, 1, 1, 1]"
90,0,sense_sinr_budgeted,0.3,0.02,0.06666666666666667,3,0,12,"{""0"": [], ""1"": [], ""2"": [], ""3"": [], ""4"": [[14, 5], [9, 5], [13, 5], [1, 5]], ""5"": [], ""6"": [[6, 4], [7, 4], [11, 4], [12, 4]], ""7"": [], ""8"": [[7, 6], [8, 6], [4, 6], [11, 6]], ""9"": []}","[0, 0, 0, 0, 1, 0, 1, 0, 1, 0]"
90,0,balanced_sinr,1.0,0.05,0.05,10,0,12,"{""0"": [[9, 4]], ""1"": [[4, 6]], ""2"": [[4, 11]], ""3"": [[9, 5]], ""4"": [[14, 5]], ""5"": [[8, 2]], ""6"": [[6, 4], [7, 4]], ""7"": [[4, 11]], ""8"": [[7, 6], [8, 6]], ""9"": [[4, 9]]}","[1, 1, 1, 1, 1, 1, 1, 1, 1, 1]"
91,0,proposed_c2f_adaptive_pd,1.0,0.07333333333333333,0.07333333333333333,10,0,12,"{""0"": [[0, 8]], ""1"": [[0, 9]], ""2"": [[3, 4]], ""3"": [[12, 1], [13, 1]], ""4"": [[12, 1], [9, 1]], ""5"": [[10, 13]], ""6"": [[0, 8]], ""7"": [[0, 9]], ""8"": [[1, 0]], ""9"": [[12, 1]]}","[1, 1, 1, 1, 1, 1, 1, 1, 1, 1]"
91,0,sense_sinr_budgeted,0.4,0.01,0.025,4,0,12,"{""0"": [[11, 8]], ""1"": [[3, 9], [0, 9], [11, 9], [2, 9], [10, 9], [14, 9]], ""2"": [], ""3"": [], ""4"": [], ""5"": [], ""6"": [], ""7"": [[0, 9], [3, 9], [14, 9], [10, 9]], ""8"": [[3, 0]], ""9"": []}","[1, 1, 0, 0, 0, 0, 0, 1, 1, 0]"
91,0,balanced_sinr,1.0,0.056666666666666664,0.056666666666666664,10,0,12,"{""0"": [[11, 8]], ""1"": [[3, 9], [0, 9]], ""2"": [[6, 4]], ""3"": [[12, 1]], ""4"": [[12, 1]], ""5"": [[10, 13]], ""6"": [[5, 8]], ""7"": [[0, 9], [3, 9]], ""8"": [[3, 0]], ""9"": [[12, 1]]}","[1, 1, 1, 1, 1, 1, 1, 1, 1, 1]"
92,0,proposed_c2f_adaptive_pd,1.0,0.02666666666666667,0.02666666666666667,10,0,10,"{""0"": [[0, 3]], ""1"": [[0, 8]], ""2"": [[0, 7]], ""3"": [[0, 10]], ""4"": [[2, 12]], ""5"": [[0, 3]], ""6"": [[1, 0]], ""7"": [[0, 5]], ""8"": [[1, 14]], ""9"": [[5, 10]]}","[1, 1, 1, 1, 1, 1, 1, 1, 1, 1]"
92,0,sense_sinr_budgeted,0.6,0.03666666666666667,0.06111111111111111,6,0,12,"{""0"": [[4, 3]], ""1"": [[0, 8]], ""2"": [], ""3"": [[12, 10]], ""4"": [], ""5"": [[4, 3], [8, 3], [0, 3], [13, 3]], ""6"": [[7, 0]], ""7"": [], ""8"": [[12, 14], [9, 14], [10, 14], [6, 14]], ""9"": []}","[1, 1, 0, 1, 0, 1, 1, 0, 1, 0]"
92,0,balanced_sinr,1.0,0.05,0.05,10,0,12,"{""0"": [[4, 3]], ""1"": [[0, 8]], ""2"": [[0, 7]], ""3"": [[12, 10]], ""4"": [[10, 12]], ""5"": [[4, 3], [8, 3]], ""6"": [[7, 0]], ""7"": [[10, 5]], ""8"": [[12, 14], [9, 14]], ""9"": [[9, 10]]}","[1, 1, 1, 1, 1, 1, 1, 1, 1, 1]"
93,0,proposed_c2f_adaptive_pd,1.0,0.06,0.06,10,0,10,"{""0"": [[1, 12]], ""1"": [[2, 13]], ""2"": [[2, 0]], ""3"": [[12, 13]], ""4"": [[0, 13]], ""5"": [[0, 12]], ""6"": [[0, 10]], ""7"": [[0, 1]], ""8"": [[13, 2]], ""9"": [[3, 1]]}","[1, 1, 1, 1, 1, 1, 1, 1, 1, 1]"
93,0,sense_sinr_budgeted,0.4,0.006666666666666667,0.016666666666666666,4,0,12,"{""0"": [], ""1"": [], ""2"": [[6, 0]], ""3"": [], ""4"": [], ""5"": [[13, 12], [2, 12], [14, 12]], ""6"": [[11, 10], [4, 10], [1, 10]], ""7"": [[3, 1], [8, 1], [4, 1], [11, 1], [5, 1]], ""8"": [], ""9"": []}","[0, 0, 1, 0, 0, 1, 1, 1, 0, 0]"
93,0,balanced_sinr,1.0,0.02,0.02,10,0,12,"{""0"": [[14, 12]], ""1"": [[12, 13]], ""2"": [[6, 0]], ""3"": [[12, 13]], ""4"": [[3, 13]], ""5"": [[13, 12], [2, 12]], ""6"": [[11, 10], [4, 10]], ""7"": [[3, 1]], ""8"": [[13, 2]], ""9"": [[5, 1]]}","[1, 1, 1, 1, 1, 1, 1, 1, 1, 1]"
94,0,proposed_c2f_adaptive_pd,1.0,0.056666666666666664,0.056666666666666664,10,0,10,"{""0"": [[2, 14]], ""1"": [[2, 4]], ""2"": [[0, 8]], ""3"": [[0, 13]], ""4"": [[0, 14]], ""5"": [[2, 12]], ""6"": [[0, 4]], ""7"": [[1, 10]], ""8"": [[0, 3]], ""9"": [[2, 5]]}","[1, 1, 1, 1, 1, 1, 1, 1, 1, 1]"
94,0,sense_sinr_budgeted,0.6,0.03666666666666667,0.06111111111111111,6,0,12,"{""0"": [], ""1"": [[13, 4]], ""2"": [[3, 8], [11, 8]], ""3"": [[9, 13], [0, 13], [3, 13], [7, 13]], ""4"": [[2, 14]], ""5"": [], ""6"": [[6, 4]], ""7"": [], ""8"": [[0, 3], [7, 3], [13, 3]], ""9"": []}","[0, 1, 1, 1, 1, 0, 1, 0, 1, 0]"
94,0,balanced_sinr,1.0,0.05,0.05,10,0,12,"{""0"": [[12, 14]], ""1"": [[13, 4]], ""2"": [[3, 8]], ""3"": [[9, 13], [0, 13]], ""4"": [[2, 14]], ""5"": [[5, 12]], ""6"": [[6, 4]], ""7"": [[1, 10]], ""8"": [[0, 3], [7, 3]], ""9"": [[2, 5]]}","[1, 1, 1, 1, 1, 1, 1, 1, 1, 1]"
95,0,proposed_c2f_adaptive_pd,1.0,0.043333333333333335,0.043333333333333335,10,0,12,"{""0"": [[7, 0], [5, 0]], ""1"": [[0, 11]], ""2"": [[0, 6]], ""3"": [[0, 12]], ""4"": [[1, 4]], ""5"": [[13, 14], [1, 14]], ""6"": [[14, 1]], ""7"": [[1, 14]], ""8"": [[1, 4]], ""9"": [[0, 13]]}","[1, 1, 1, 1, 1, 1, 1, 1, 1, 1]"
95,0,sense_sinr_budgeted,0.4,0.03666666666666667,0.09166666666666666,4,0,12,"{""0"": [], ""1"": [[9, 11], [10, 11], [8, 11], [5, 11]], ""2"": [[3, 6], [12, 6]], ""3"": [[4, 12], [3, 12], [1, 12]], ""4"": [], ""5"": [], ""6"": [], ""7"": [], ""8"": [], ""9"": [[14, 13], [7, 13], [0, 13]]}","[0, 1, 1, 1, 0, 0, 0, 0, 0, 1]"
95,0,balanced_sinr,1.0,0.043333333333333335,0.043333333333333335,10,0,12,"{""0"": [[7, 0]], ""1"": [[9, 11], [10, 11]], ""2"": [[3, 6]], ""3"": [[4, 12]], ""4"": [[12, 4]], ""5"": [[13, 14]], ""6"": [[14, 1]], ""7"": [[1, 14]], ""8"": [[1, 4]], ""9"": [[14, 13], [7, 13]]}","[1, 1, 1, 1, 1, 1, 1, 1, 1, 1]"
96,0,proposed_c2f_adaptive_pd,1.0,0.023333333333333334,0.023333333333333334,10,0,11,"{""0"": [[0, 8]], ""1"": [[1, 0]], ""2"": [[3, 0]], ""3"": [[11, 12], [0, 12]], ""4"": [[0, 6]], ""5"": [[5, 1]], ""6"": [[0, 7]], ""7"": [[0, 11]], ""8"": [[0, 14]], ""9"": [[0, 3]]}","[1, 1, 1, 1, 1, 1, 1, 1, 1, 1]"
96,0,sense_sinr_budgeted,0.5,0.013333333333333334,0.02666666666666667,5,0,12,"{""0"": [], ""1"": [[3, 0], [12, 0], [14, 0], [2, 0]], ""2"": [], ""3"": [], ""4"": [[13, 6]], ""5"": [], ""6"": [[2, 7], [14, 7], [10, 7], [4, 7]], ""7"": [[1, 11], [13, 11]], ""8"": [[0, 14]], ""9"": []}","[0, 1, 0, 0, 1, 0, 1, 1, 1, 0]"
96,0,balanced_sinr,0.9,0.04666666666666667,0.04666666666666667,10,0,12,"{""0"": [[10, 8]], ""1"": [[3, 0], [12, 0]], ""2"": [[14, 0]], ""3"": [[0, 12]], ""4"": [[13, 6]], ""5"": [[11, 1]], ""6"": [[2, 7], [14, 7]], ""7"": [[1, 11]], ""8"": [[0, 14]], ""9"": [[0, 3]]}","[1, 1, 1, 0, 1, 1, 1, 1, 1, 1]"
97,0,proposed_c2f_adaptive_pd,0.9,0.06,0.06666666666666667,10,0,10,"{""0"": [[0, 7]], ""1"": [[0, 2]], ""2"": [[0, 6]], ""3"": [[2, 7]], ""4"": [[2, 7]], ""5"": [[0, 6]], ""6"": [[8, 10]], ""7"": [[0, 11]], ""8"": [[0, 7]], ""9"": [[1, 10]]}","[1, 1, 0, 1, 1, 1, 1, 1, 1, 1]"
97,0,sense_sinr_budgeted,0.7,0.03333333333333333,0.047619047619047616,7,0,12,"{""0"": [[12, 7], [13, 7]], ""1"": [[0, 2], [11, 2]], ""2"": [[7, 6]], ""3"": [[6, 7]], ""4"": [], ""5"": [[7, 6]], ""6"": [], ""7"": [[2, 11], [0, 11], [5, 11]], ""8"": [[9, 7], [12, 7]], ""9"": []}","[1, 1, 1, 1, 0, 1, 0, 1, 1, 0]"
97,0,balanced_sinr,1.0,0.043333333333333335,0.043333333333333335,10,0,12,"{""0"": [[12, 7], [13, 7]], ""1"": [[0, 2]], ""2"": [[7, 6]], ""3"": [[6, 7]], ""4"": [[3, 7]], ""5"": [[7, 6]], ""6"": [[8, 10]], ""7"": [[2, 11], [0, 11]], ""8"": [[9, 7]], ""9"": [[8, 10]]}","[1, 1, 1, 1, 1, 1, 1, 1, 1, 1]"
98,0,proposed_c2f_adaptive_pd,1.0,0.05333333333333334,0.05333333333333334,10,0,10,"{""0"": [[1, 2]], ""1"": [[0, 8]], ""2"": [[0, 12]], ""3"": [[1, 2]], ""4"": [[1, 7]], ""5"": [[0, 3]], ""6"": [[0, 4]], ""7"": [[0, 3]], ""8"": [[0, 2]], ""9"": [[0, 9]]}","[1, 1, 1, 1, 1, 1, 1, 1, 1, 1]"
98,0,sense_sinr_budgeted,0.5,0.03,0.06,5,0,12,"{""0"": [], ""1"": [], ""2"": [[5, 12], [1, 12], [10, 12], [4, 12]], ""3"": [], ""4"": [], ""5"": [], ""6"": [[5, 4], [14, 4], [9, 4]], ""7"": [[10, 3]], ""8"": [[10, 2]], ""9"": [[11, 9], [14, 9], [4, 9]]}","[0, 0, 1, 0, 0, 0, 1, 1, 1, 1]"
98,0,balanced_sinr,1.0,0.05333333333333334,0.05333333333333334,10,0,12,"{""0"": [[10, 2]], ""1"": [[7, 8]], ""2"": [[5, 12], [1, 12]], ""3"": [[12, 2]], ""4"": [[14, 7]], ""5"": [[7, 3]], ""6"": [[5, 4], [14, 4]], ""7"": [[10, 3]], ""8"": [[10, 2]], ""9"": [[11, 9]]}","[1, 1, 1, 1, 1, 1, 1, 1, 1, 1]"
99,0,proposed_c2f_adaptive_pd,0.9,0.056666666666666664,0.056666666666666664,10,0,11,"{""0"": [[3, 2]], ""1"": [[2, 11], [3, 11]], ""2"": [[0, 5]], ""3"": [[2, 11]], ""4"": [[1, 12]], ""5"": [[2, 11]], ""6"": [[0, 1]], ""7"": [[0, 4]], ""8"": [[1, 10]], ""9"": [[0, 4]]}","[1, 0, 1, 1, 1, 1, 1, 1, 1, 1]"
99,0,sense_sinr_budgeted,0.7,0.02666666666666667,0.0380952380952381,7,0,12,"{""0"": [[11, 2]], ""1"": [], ""2"": [[9, 5]], ""3"": [], ""4"": [[13, 12]], ""5"": [], ""6"": [[7, 1], [13, 1]], ""7"": [[0, 4]], ""8"": [[9, 10], [6, 10], [14, 10], [3, 10], [13, 10]], ""9"": [[0, 4]]}","[1, 0, 1, 0, 1, 0, 1, 1, 1, 1]"
99,0,balanced_sinr,0.9,0.04666666666666667,0.04666666666666667,10,0,12,"{""0"": [[11, 2]], ""1"": [[3, 11]], ""2"": [[9, 5]], ""3"": [[2, 11]], ""4"": [[13, 12]], ""5"": [[2, 11]], ""6"": [[7, 1], [13, 1]], ""7"": [[0, 4]], ""8"": [[9, 10], [6, 10]], ""9"": [[0, 4]]}","[1, 0, 1, 1, 1, 1, 1, 1, 1, 1]"
0,2,proposed_c2f_adaptive_pd,1.0,0.04,0.04,10,0,10,"{""0"": [[1, 4]], ""1"": [[0, 1]], ""2"": [[6, 4]], ""3"": [[6, 7]], ""4"": [[0, 9]], ""5"": [[0, 12]], ""6"": [[12, 4]], ""7"": [[2, 0]], ""8"": [[0, 13]], ""9"": [[2, 3]]}","[1, 1, 1, 1, 1, 1, 1, 1, 1, 1]"
0,2,sense_sinr_budgeted,0.3,0.023333333333333334,0.07777777777777778,3,2,12,"{""0"": [], ""1"": [], ""2"": [], ""3"": [], ""4"": [[13, 9]], ""5"": [[13, 12], [11, 12], [9, 12], [1, 12], [5, 12]], ""6"": [], ""7"": [], ""8"": [[13, 12], [13, 1], [12, 13], [1, 13], [5, 13], [9, 13]], ""9"": []}","[0, 0, 0, 0, 1, 1, 0, 0, 1, 0]"
0,2,balanced_sinr,1.0,0.043333333333333335,0.043333333333333335,10,2,12,"{""0"": [[14, 4]], ""1"": [[1, 9]], ""2"": [[14, 4]], ""3"": [[6, 7]], ""4"": [[13, 9]], ""5"": [[13, 12], [11, 12]], ""6"": [[14, 4]], ""7"": [[8, 0]], ""8"": [[13, 12], [12, 13]], ""9"": [[2, 3]]}","[1, 1, 1, 1, 1, 1, 1, 1, 1, 1]"
1,2,proposed_c2f_adaptive_pd,1.0,0.06666666666666667,0.06666666666666667,10,0,10,"{""0"": [[0, 13]], ""1"": [[0, 9]], ""2"": [[4, 2]], ""3"": [[1, 10]], ""4"": [[3, 12]], ""5"": [[4, 12]], ""6"": [[0, 12]], ""7"": [[1, 11]], ""8"": [[1, 8]], ""9"": [[0, 13]]}","[1, 1, 1, 1, 1, 1, 1, 1, 1, 1]"
1,2,sense_sinr_budgeted,0.6,0.04,0.06666666666666667,6,2,12,"{""0"": [[0, 13], [6, 13]], ""1"": [[6, 9]], ""2"": [[8, 2]], ""3"": [], ""4"": [[14, 12]], ""5"": [], ""6"": [[4, 12], [12, 4], [12, 8], [8, 12], [7, 12], [5, 12]], ""7"": [[3, 11]], ""8"": [], ""9"": []}","[1, 1, 1, 0, 1, 0, 1, 1, 0, 0]"
1,2,balanced_sinr,1.0,0.07,0.07,10,2,12,"{""0"": [[13, 0], [0, 13]], ""1"": [[1, 6]], ""2"": [[8, 2]], ""3"": [[6, 10]], ""4"": [[14, 12]], ""5"": [[8, 12]], ""6"": [[4, 12], [8, 12]], ""7"": [[3, 11]], ""8"": [[3, 8]], ""9"": [[0, 13]]}","[1, 1, 1, 1, 1, 1, 1, 1, 1, 1]"
2,2,proposed_c2f_adaptive_pd,0.9,0.04,0.04,10,1,12,"{""0"": [[2, 0]], ""1"": [[13, 2], [1, 2], [2, 13]], ""2"": [[8, 10]], ""3"": [[2, 4]], ""4"": [[2, 1]], ""5"": [[0, 6]], ""6"": [[1, 13]], ""7"": [[1, 2]], ""8"": [[3, 11]], ""9"": [[4, 1]]}","[1, 0, 1, 1, 1, 1, 1, 1, 1, 1]"
2,2,sense_sinr_budgeted,0.5,0.02666666666666667,0.05333333333333334,5,2,12,"{""0"": [[7, 0], [0, 7], [6, 0]], ""1"": [], ""2"": [], ""3"": [], ""4"": [[8, 1]], ""5"": [[7, 6], [12, 6], [6, 7], [0, 6], [5, 6]], ""6"": [[2, 13], [14, 13]], ""7"": [], ""8"": [], ""9"": [[13, 1]]}","[1, 0, 0, 0, 1, 1, 1, 0, 0, 1]"
2,2,balanced_sinr,0.9,0.05333333333333334,0.05333333333333334,10,2,12,"{""0"": [[7, 0]], ""1"": [[13, 2]], ""2"": [[8, 10]], ""3"": [[7, 4]], ""4"": [[8, 1]], ""5"": [[7, 6], [12, 6]], ""6"": [[13, 2], [2, 13]], ""7"": [[13, 2]], ""8"": [[3, 11]], ""9"": [[1, 13]]}","[1, 0, 1, 1, 1, 1, 1, 1, 1, 1]"
3,2,proposed_c2f_adaptive_pd,1.0,0.03666666666666667,0.03666666666666667,10,0,10,"{""0"": [[5, 0]], ""1"": [[0, 6]], ""2"": [[1, 8]], ""3"": [[3, 4]], ""4"": [[12, 0]], ""5"": [[2, 8]], ""6"": [[0, 14]], ""7"": [[3, 4]], ""8"": [[1, 5]], ""9"": [[2, 8]]}","[1, 1, 1, 1, 1, 1, 1, 1, 1, 1]"
3,2,sense_sinr_budgeted,0.4,0.02,0.05,4,2,12,"{""0"": [], ""1"": [[6, 7], [7, 6], [9, 6], [1, 6], [6, 1], [11, 6]], ""2"": [], ""3"": [], ""4"": [], ""5"": [[14, 8]], ""6"": [[8, 14], [4, 14]], ""7"": [], ""8"": [], ""9"": [[14, 8], [10, 8], [3, 8]]}","[0, 1, 0, 0, 0, 1, 1, 0, 0, 1]"
3,2,balanced_sinr,1.0,0.05333333333333334,0.05333333333333334,10,2,12,"{""0"": [[12, 0]], ""1"": [[6, 7], [7, 6]], ""2"": [[14, 8]], ""3"": [[3, 4]], ""4"": [[12, 0]], ""5"": [[14, 8]], ""6"": [[10, 8], [8, 14]], ""7"": [[3, 4]], ""8"": [[12, 5]], ""9"": [[14, 8]]}","[1, 1, 1, 1, 1, 1, 1, 1, 1, 1]"
4,2,proposed_c2f_adaptive_pd,1.0,0.05,0.05,10,1,12,"{""0"": [[11, 12]], ""1"": [[13, 5]], ""2"": [[1, 5]], ""3"": [[11, 13]], ""4"": [[2, 7]], ""5"": [[0, 4]], ""6"": [[14, 12]], ""7"": [[0, 8]], ""8"": [[2, 7], [3, 7], [7, 2]], ""9"": [[5, 1]]}","[1, 1, 1, 1, 1, 1, 1, 1, 1, 1]"
4,2,sense_sinr_budgeted,0.3,0.0033333333333333335,0.011111111111111112,3,2,12,"{""0"": [], ""1"": [], ""2"": [[11, 5], [13, 5]], ""3"": [], ""4"": [], ""5"": [[4, 8], [8, 4], [10, 4], [14, 4], [13, 4], [12, 4]], ""6"": [], ""7"": [[4, 8], [8, 4], [2, 8], [6, 8]], ""8"": [], ""9"": []}","[0, 0, 1, 0, 0, 1, 0, 1, 0, 0]"
4,2,balanced_sinr,0.9,0.06,0.06,10,2,12,"{""0"": [[14, 12]], ""1"": [[13, 5]], ""2"": [[11, 5]], ""3"": [[13, 11]], ""4"": [[2, 7]], ""5"": [[4, 8], [8, 4]], ""6"": [[14, 12]], ""7"": [[4, 8], [2, 8]], ""8"": [[2, 7]], ""9"": [[5, 1]]}","[1, 1, 1, 1, 1, 1, 1, 1, 0, 1]"
5,2,proposed_c2f_adaptive_pd,0.9,0.043333333333333335,0.043333333333333335,10,2,12,"{""0"": [[6, 8]], ""1"": [[3, 0]], ""2"": [[0, 8]], ""3"": [[1, 5]], ""4"": [[0, 2]], ""5"": [[0, 3]], ""6"": [[14, 12], [10, 12], [12, 14]], ""7"": [[2, 1]], ""8"": [[0, 7]], ""9"": [[0, 3]]}","[1, 1, 1, 1, 1, 1, 0, 1, 1, 1]"
5,2,sense_sinr_budgeted,0.4,0.016666666666666666,0.041666666666666664,4,2,12,"{""0"": [], ""1"": [], ""2"": [], ""3"": [[1, 5], [2, 5]], ""4"": [[9, 2], [5, 2], [11, 2]], ""5"": [], ""6"": [], ""7"": [[13, 1]], ""8"": [], ""9"": [[0, 3], [3, 0], [4, 3], [3, 4], [6, 3], [8, 3]]}","[0, 0, 0, 1, 1, 0, 0, 1, 0, 1]"
5,2,balanced_sinr,0.9,0.04,0.04,10,2,12,"{""0"": [[6, 8]], ""1"": [[3, 0]], ""2"": [[6, 8]], ""3"": [[5, 1], [1, 5]], ""4"": [[9, 2]], ""5"": [[12, 3]], ""6"": [[12, 14]], ""7"": [[1, 13]], ""8"": [[2, 7]], ""9"": [[0, 3], [4, 3]]}","[1, 1, 1, 1, 1, 1, 0, 1, 1, 1]"
6,2,proposed_c2f_adaptive_pd,0.9,0.056666666666666664,0.056666666666666664,10,1,12,"{""0"": [[3, 0]], ""1"": [[0, 2]], ""2"": [[1, 14]], ""3"": [[0, 11]], ""4"": [[0, 14]], ""5"": [[3, 11]], ""6"": [[0, 13]], ""7"": [[0, 6]], ""8"": [[5, 7], [12, 5]], ""9"": [[7, 5], [12, 5]]}","[1, 1, 1, 1, 1, 1, 1, 1, 0, 1]"
6,2,sense_sinr_budgeted,0.4,0.02,0.05,4,2,12,"{""0"": [], ""1"": [[8, 2], [10, 2], [11, 2]], ""2"": [], ""3"": [[10, 11], [11, 10], [11, 4], [4, 11], [0, 11], [3, 11]], ""4"": [], ""5"": [], ""6"": [[6, 13]], ""7"": [[8, 6], [13, 6]], ""8"": [], ""9"": []}","[0, 1, 0, 1, 0, 0, 1, 1, 0, 0]"
6,2,balanced_sinr,0.9,0.06,0.06,10,2,12,"{""0"": [[3, 0]], ""1"": [[8, 2], [10, 2]], ""2"": [[1, 14]], ""3"": [[10, 11], [4, 11]], ""4"": [[14, 1]], ""5"": [[11, 4]], ""6"": [[6, 13]], ""7"": [[8, 6]], ""8"": [[12, 5]], ""9"": [[7, 5]]}","[1, 1, 1, 1, 1, 1, 1, 1, 1, 0]"
7,2,proposed_c2f_adaptive_pd,1.0,0.03333333333333333,0.03333333333333333,10,1,12,"{""0"": [[14, 8], [8, 13], [6, 8]], ""1"": [[0, 12]], ""2"": [[0, 11]], ""3"": [[3, 6]], ""4"": [[2, 8]], ""5"": [[10, 8]], ""6"": [[0, 11]], ""7"": [[0, 3]], ""8"": [[3, 8]], ""9"": [[0, 13]]}","[1, 1, 1, 1, 1, 1, 1, 1, 1, 1]"
7,2,sense_sinr_budgeted,0.6,0.04,0.06666666666666667,6,2,12,"{""0"": [], ""1"": [[0, 12]], ""2"": [[6, 11], [3, 11]], ""3"": [], ""4"": [[10, 8], [13, 8]], ""5"": [], ""6"": [], ""7"": [[6, 3], [3, 6], [11, 3], [14, 3]], ""8"": [[8, 10], [10, 8]], ""9"": [[5, 13]]}","[0, 1, 1, 0, 1, 0, 0, 1, 1, 1]"
7,2,balanced_sinr,0.9,0.06,0.06,10,2,12,"{""0"": [[14, 8]], ""1"": [[0, 12]], ""2"": [[6, 11]], ""3"": [[3, 6]], ""4"": [[10, 8]], ""5"": [[10, 8]], ""6"": [[9, 11]], ""7"": [[6, 3]], ""8"": [[8, 10], [10, 8]], ""9"": [[13, 5], [5, 13]]}","[0, 1, 1, 1, 1, 1, 1, 1, 1, 1]"
8,2,proposed_c2f_adaptive_pd,1.0,0.043333333333333335,0.043333333333333335,10,0,10,"{""0"": [[0, 2]], ""1"": [[3, 9]], ""2"": [[1, 9]], ""3"": [[0, 1]], ""4"": [[1, 7]], ""5"": [[1, 3]], ""6"": [[4, 8]], ""7"": [[0, 7]], ""8"": [[4, 3]], ""9"": [[6, 1]]}","[1, 1, 1, 1, 1, 1, 1, 1, 1, 1]"
8,2,sense_sinr_budgeted,0.4,0.03,0.075,4,2,12,"{""0"": [], ""1"": [], ""2"": [[6, 9]], ""3"": [[6, 1], [1, 6], [13, 1], [3, 1], [2, 1]], ""4"": [[7, 4], [4, 7], [5, 7], [3, 7], [11, 7]], ""5"": [], ""6"": [], ""7"": [], ""8"": [], ""9"": [[13, 1]]}","[0, 0, 1, 1, 1, 0, 0, 0, 0, 1]"
8,2,balanced_sinr,1.0,0.04666666666666667,0.04666666666666667,10,2,12,"{""0"": [[0, 2]], ""1"": [[3, 9]], ""2"": [[6, 9]], ""3"": [[6, 1], [13, 1]], ""4"": [[7, 4], [4, 7]], ""5"": [[6, 3]], ""6"": [[7, 8]], ""7"": [[4, 7]], ""8"": [[4, 3]], ""9"": [[1, 13]]}","[1, 1, 1, 1, 1, 1, 1, 1, 1, 1]"
9,2,proposed_c2f_adaptive_pd,1.0,0.05,0.05,10,0,10,"{""0"": [[0, 10]], ""1"": [[0, 14]], ""2"": [[0, 13]], ""3"": [[2, 5]], ""4"": [[0, 8]], ""5"": [[4, 1]], ""6"": [[14, 0]], ""7"": [[0, 6]], ""8"": [[0, 14]], ""9"": [[4, 1]]}","[1, 1, 1, 1, 1, 1, 1, 1, 1, 1]"
9,2,sense_sinr_budgeted,0.4,0.02,0.05,4,2,12,"{""0"": [[10, 11], [11, 10], [11, 0], [0, 10]], ""1"": [[3, 14], [0, 14]], ""2"": [[10, 13], [11, 13], [9, 13]], ""3"": [], ""4"": [], ""5"": [], ""6"": [], ""7"": [[9, 6], [13, 6], [8, 6]], ""8"": [], ""9"": []}","[1, 1, 1, 0, 0, 0, 0, 1, 0, 0]"
9,2,balanced_sinr,1.0,0.04666666666666667,0.04666666666666667,10,2,12,"{""0"": [[10, 11], [11, 10]], ""1"": [[3, 14]], ""2"": [[10, 13]], ""3"": [[2, 5]], ""4"": [[5, 8]], ""5"": [[5, 1]], ""6"": [[14, 0]], ""7"": [[9, 6], [6, 9]], ""8"": [[2, 14]], ""9"": [[5, 1]]}","[1, 1, 1, 1, 1, 1, 1, 1, 1, 1]"
10,2,proposed_c2f_adaptive_pd,1.0,0.03333333333333333,0.03333333333333333,10,0,10,"{""0"": [[1, 0]], ""1"": [[4, 12]], ""2"": [[0, 2]], ""3"": [[0, 9]], ""4"": [[0, 8]], ""5"": [[0, 8]], ""6"": [[3, 1]], ""7"": [[0, 10]], ""8"": [[0, 6]], ""9"": [[2, 12]]}","[1, 1, 1, 1, 1, 1, 1, 1, 1, 1]"
10,2,sense_sinr_budgeted,0.5,0.013333333333333334,0.02666666666666667,5,2,12,"{""0"": [[3, 0], [11, 0]], ""1"": [], ""2"": [[10, 2], [2, 10], [2, 13], [13, 2], [0, 2], [14, 2]], ""3"": [], ""4"": [[7, 8]], ""5"": [[7, 8]], ""6"": [], ""7"": [[0, 10], [2, 10]], ""8"": [], ""9"": []}","[1, 0, 1, 0, 1, 1, 0, 1, 0, 0]"
10,2,balanced_sinr,1.0,0.03666666666666667,0.03666666666666667,10,2,12,"{""0"": [[3, 0]], ""1"": [[4, 12]], ""2"": [[10, 2], [2, 10]], ""3"": [[0, 9]], ""4"": [[7, 8]], ""5"": [[7, 8]], ""6"": [[5, 1]], ""7"": [[10, 0], [0, 10]], ""8"": [[0, 6]], ""9"": [[4, 12]]}","[1, 1, 1, 1, 1, 1, 1, 1, 1, 1]"
11,2,proposed_c2f_adaptive_pd,1.0,0.04,0.04,10,0,11,"{""0"": [[12, 9], [3, 9]], ""1"": [[0, 7]], ""2"": [[0, 13]], ""3"": [[5, 12]], ""4"": [[0, 9]], ""5"": [[0, 3]], ""6"": [[0, 2]], ""7"": [[8, 10]], ""8"": [[0, 7]], ""9"": [[5, 10]]}","[1, 1, 1, 1, 1, 1, 1, 1, 1, 1]"
11,2,sense_sinr_budgeted,0.4,0.02666666666666667,0.06666666666666667,4,2,12,"{""0"": [], ""1"": [[7, 2], [2, 7], [3, 7], [0, 7], [13, 7], [4, 7]], ""2"": [[13, 1], [1, 13], [4, 13]], ""3"": [], ""4"": [], ""5"": [], ""6"": [[7, 2]], ""7"": [], ""8"": [[0, 7], [3, 7]], ""9"": []}","[0, 1, 1, 0, 0, 0, 1, 0, 1, 0]"
11,2,balanced_sinr,1.0,0.06,0.06,10,2,12,"{""0"": [[3, 9]], ""1"": [[7, 2], [2, 7]], ""2"": [[13, 1], [1, 13]], ""3"": [[11, 12]], ""4"": [[5, 9]], ""5"": [[0, 3]], ""6"": [[7, 2]], ""7"": [[8, 10]], ""8"": [[0, 7]], ""9"": [[5, 10]]}","[1, 1, 1, 1, 1, 1, 1, 1, 1, 1]"
12,2,proposed_c2f_adaptive_pd,1.0,0.04,0.04,10,0,11,"{""0"": [[0, 5]], ""1"": [[0, 4]], ""2"": [[2, 11]], ""3"": [[0, 14]], ""4"": [[11, 13], [1, 13]], ""5"": [[0, 10]], ""6"": [[0, 6]], ""7"": [[4, 6]], ""8"": [[2, 10]], ""9"": [[0, 14]]}","[1, 1, 1, 1, 1, 1, 1, 1, 1, 1]"
12,2,sense_sinr_budgeted,0.5,0.03,0.06,5,2,12,"{""0"": [], ""1"": [], ""2"": [], ""3"": [[0, 14], [3, 14]], ""4"": [], ""5"": [[8, 10]], ""6"": [[10, 6], [4, 6]], ""7"": [], ""8"": [[8, 10]], ""9"": [[14, 2], [2, 14], [14, 11], [11, 14], [0, 14], [3, 14]]}","[0, 0, 0, 1, 0, 1, 1, 0, 1, 1]"
12,2,balanced_sinr,0.9,0.04,0.04,10,2,12,"{""0"": [[4, 5]], ""1"": [[5, 4]], ""2"": [[2, 11]], ""3"": [[0, 3], [0, 14]], ""4"": [[1, 13]], ""5"": [[8, 10]], ""6"": [[10, 6]], ""7"": [[5, 6]], ""8"": [[8, 10]], ""9"": [[14, 2], [2, 14]]}","[1, 1, 1, 1, 0, 1, 1, 1, 1, 1]"
13,2,proposed_c2f_adaptive_pd,1.0,0.056666666666666664,0.056666666666666664,10,0,10,"{""0"": [[1, 10]], ""1"": [[1, 6]], ""2"": [[0, 13]], ""3"": [[1, 11]], ""4"": [[8, 14]], ""5"": [[0, 5]], ""6"": [[0, 11]], ""7"": [[5, 0]], ""8"": [[9, 8]], ""9"": [[5, 8]]}","[1, 1, 1, 1, 1, 1, 1, 1, 1, 1]"
13,2,sense_sinr_budgeted,0.4,0.01,0.025,4,2,12,"{""0"": [[6, 10]], ""1"": [], ""2"": [[12, 13], [13, 12], [13, 11], [11, 13], [10, 13], [2, 13]], ""3"": [[12, 11]], ""4"": [], ""5"": [], ""6"": [[12, 11], [13, 11], [10, 11], [2, 11]], ""7"": [], ""8"": [], ""9"": []}","[1, 0, 1, 1, 0, 0, 1, 0, 0, 0]"
13,2,balanced_sinr,1.0,0.05333333333333334,0.05333333333333334,10,2,12,"{""0"": [[10, 6]], ""1"": [[6, 9]], ""2"": [[12, 13], [11, 13]], ""3"": [[12, 11]], ""4"": [[9, 14]], ""5"": [[11, 5]], ""6"": [[12, 11], [13, 11]], ""7"": [[5, 0]], ""8"": [[14, 8]], ""9"": [[9, 8]]}","[1, 1, 1, 1, 1, 1, 1, 1, 1, 1]"
14,2,proposed_c2f_adaptive_pd,1.0,0.043333333333333335,0.043333333333333335,10,0,10,"{""0"": [[0, 3]], ""1"": [[0, 5]], ""2"": [[0, 3]], ""3"": [[0, 7]], ""4"": [[0, 7]], ""5"": [[0, 3]], ""6"": [[0, 5]], ""7"": [[1, 8]], ""8"": [[0, 3]], ""9"": [[2, 1]]}","[1, 1, 1, 1, 1, 1, 1, 1, 1, 1]"
14,2,sense_sinr_budgeted,0.5,0.02,0.04,5,2,12,"{""0"": [], ""1"": [[14, 5], [0, 5]], ""2"": [], ""3"": [[0, 7], [7, 0], [14, 7]], ""4"": [[0, 7], [7, 0], [9, 7]], ""5"": [[12, 3], [1, 3], [5, 3]], ""6"": [], ""7"": [], ""8"": [], ""9"": [[12, 1]]}","[0, 1, 0, 1, 1, 1, 0, 0, 0, 1]"
14,2,balanced_sinr,1.0,0.05,0.05,10,2,12,"{""0"": [[0, 3]], ""1"": [[5, 14], [14, 5]], ""2"": [[0, 3]], ""3"": [[0, 7]], ""4"": [[0, 7], [9, 7]], ""5"": [[12, 3]], ""6"": [[14, 5]], ""7"": [[8, 2]], ""8"": [[7, 3]], ""9"": [[12, 1]]}","[1, 1, 1, 1, 1, 1, 1, 1, 1, 1]"
15,2,proposed_c2f_adaptive_pd,1.0,0.06,0.06,10,0,10,"{""0"": [[1, 9]], ""1"": [[0, 14]], ""2"": [[0, 5]], ""3"": [[1, 9]], ""4"": [[0, 5]], ""5"": [[2, 8]], ""6"": [[0, 13]], ""7"": [[0, 14]], ""8"": [[2, 3]], ""9"": [[3, 11]]}","[1, 1, 1, 1, 1, 1, 1, 1, 1, 1]"
15,2,sense_sinr_budgeted,0.4,0.03333333333333333,0.08333333333333333,4,2,12,"{""0"": [], ""1"": [[5, 14], [14, 5], [9, 14], [0, 14], [13, 14], [11, 14]], ""2"": [], ""3"": [], ""4"": [[11, 5]], ""5"": [[10, 8]], ""6"": [], ""7"": [[5, 14], [14, 5], [11, 14], [9, 14]], ""8"": [], ""9"": []}","[0, 1, 0, 0, 1, 1, 0, 1, 0, 0]"
15,2,balanced_sinr,1.0,0.06666666666666667,0.06666666666666667,10,2,12,"{""0"": [[12, 9]], ""1"": [[5, 14]], ""2"": [[14, 5]], ""3"": [[9, 10]], ""4"": [[11, 5]], ""5"": [[8, 10], [10, 8]], ""6"": [[0, 13]], ""7"": [[5, 14], [11, 14]], ""8"": [[4, 3]], ""9"": [[4, 11]]}","[1, 1, 1, 1, 1, 1, 1, 1, 1, 1]"
16,2,proposed_c2f_adaptive_pd,1.0,0.06,0.06,10,0,10,"{""0"": [[3, 7]], ""1"": [[7, 0]], ""2"": [[1, 12]], ""3"": [[0, 9]], ""4"": [[0, 2]], ""5"": [[5, 12]], ""6"": [[0, 1]], ""7"": [[0, 1]], ""8"": [[6, 0]], ""9"": [[5, 10]]}","[1, 1, 1, 1, 1, 1, 1, 1, 1, 1]"
16,2,sense_sinr_budgeted,0.5,0.016666666666666666,0.03333333333333333,5,2,12,"{""0"": [[12, 7]], ""1"": [], ""2"": [[7, 10], [7, 12]], ""3"": [[0, 9]], ""4"": [[2, 4], [4, 2], [11, 2], [8, 2], [9, 2], [7, 2]], ""5"": [], ""6"": [], ""7"": [[13, 1], [5, 1]], ""8"": [], ""9"": []}","[1, 0, 1, 1, 1, 0, 0, 1, 0, 0]"
16,2,balanced_sinr,1.0,0.02666666666666667,0.02666666666666667,10,2,12,"{""0"": [[12, 7]], ""1"": [[12, 0]], ""2"": [[7, 10]], ""3"": [[0, 9]], ""4"": [[2, 4], [4, 2]], ""5"": [[10, 12]], ""6"": [[10, 1]], ""7"": [[13, 1], [5, 1]], ""8"": [[14, 0]], ""9"": [[12, 10]]}","[1, 1, 1, 1, 1, 1, 1, 1, 1, 1]"
17,2,proposed_c2f_adaptive_pd,1.0,0.05,0.05,10,0,10,"{""0"": [[0, 1]], ""1"": [[0, 1]], ""2"": [[0, 9]], ""3"": [[1, 0]], ""4"": [[0, 2]], ""5"": [[0, 1]], ""6"": [[6, 4]], ""7"": [[0, 9]], ""8"": [[1, 2]], ""9"": [[0, 3]]}","[1, 1, 1, 1, 1, 1, 1, 1, 1, 1]"
17,2,sense_sinr_budgeted,0.7,0.023333333333333334,0.03333333333333333,7,2,12,"{""0"": [[11, 1], [1, 11]], ""1"": [], ""2"": [[2, 9]], ""3"": [[5, 0], [3, 0]], ""4"": [[9, 2], [6, 2]], ""5"": [], ""6"": [], ""7"": [[2, 9]], ""8"": [[2, 8], [8, 2]], ""9"": [[0, 3], [14, 3]]}","[1, 0, 1, 1, 1, 0, 0, 1, 1, 1]"
17,2,balanced_sinr,1.0,0.043333333333333335,0.043333333333333335,10,2,12,"{""0"": [[11, 1]], ""1"": [[11, 1]], ""2"": [[2, 9]], ""3"": [[0, 5], [5, 0]], ""4"": [[9, 2]], ""5"": [[0, 1]], ""6"": [[6, 4]], ""7"": [[2, 9]], ""8"": [[2, 8], [8, 2]], ""9"": [[0, 3]]}","[1, 1, 1, 1, 1, 1, 1, 1, 1, 1]"
18,2,proposed_c2f_adaptive_pd,1.0,0.03666666666666667,0.03666666666666667,10,0,10,"{""0"": [[3, 1]], ""1"": [[1, 12]], ""2"": [[1, 9]], ""3"": [[5, 12]], ""4"": [[1, 13]], ""5"": [[0, 6]], ""6"": [[7, 4]], ""7"": [[0, 7]], ""8"": [[2, 1]], ""9"": [[2, 11]]}","[1, 1, 1, 1, 1, 1, 1, 1, 1, 1]"
18,2,sense_sinr_budgeted,0.4,0.03,0.075,4,2,12,"{""0"": [], ""1"": [[9, 12]], ""2"": [[12, 9], [8, 9]], ""3"": [], ""4"": [], ""5"": [[0, 6], [2, 6], [6, 0], [10, 6], [6, 2]], ""6"": [], ""7"": [[10, 7], [12, 7], [5, 7], [2, 7]], ""8"": [], ""9"": []}","[0, 1, 1, 0, 0, 1, 0, 1, 0, 0]"
18,2,balanced_sinr,1.0,0.05,0.05,10,2,12,"{""0"": [[13, 1]], ""1"": [[12, 9]], ""2"": [[12, 9]], ""3"": [[12, 8]], ""4"": [[3, 13]], ""5"": [[0, 6], [2, 6]], ""6"": [[7, 4]], ""7"": [[10, 7], [12, 7]], ""8"": [[14, 1]], ""9"": [[4, 11]]}","[1, 1, 1, 1, 1, 1, 1, 1, 1, 1]"
19,2,proposed_c2f_adaptive_pd,0.9,0.06333333333333334,0.06333333333333334,10,1,12,"{""0"": [[1, 8]], ""1"": [[0, 6]], ""2"": [[10, 3]], ""3"": [[0, 11]], ""4"": [[5, 0]], ""5"": [[0, 14]], ""6"": [[4, 11]], ""7"": [[0, 1]], ""8"": [[12, 8], [8, 12], [10, 8]], ""9"": [[0, 14]]}","[1, 1, 1, 1, 1, 1, 1, 1, 0, 1]"
19,2,sense_sinr_budgeted,0.4,0.01,0.025,4,2,12,"{""0"": [], ""1"": [[7, 6], [14, 6]], ""2"": [], ""3"": [[13, 11], [11, 13], [6, 11], [7, 11], [9, 11]], ""4"": [], ""5"": [], ""6"": [], ""7"": [[2, 1], [4, 1]], ""8"": [], ""9"": [[14, 6], [6, 14], [4, 14]]}","[0, 1, 0, 1, 0, 0, 0, 1, 0, 1]"
19,2,balanced_sinr,0.9,0.07,0.07,10,2,12,"{""0"": [[6, 8]], ""1"": [[7, 6]], ""2"": [[10, 3]], ""3"": [[13, 11]], ""4"": [[5, 0]], ""5"": [[12, 14]], ""6"": [[7, 11]], ""7"": [[1, 2], [2, 1]], ""8"": [[12, 8]], ""9"": [[14, 6], [6, 14]]}","[1, 1, 1, 1, 1, 1, 1, 1, 0, 1]"
20,2,proposed_c2f_adaptive_pd,1.0,0.04666666666666667,0.04666666666666667,10,0,11,"{""0"": [[0, 9]], ""1"": [[7, 14], [3, 14]], ""2"": [[3, 14]], ""3"": [[0, 3]], ""4"": [[3, 12]], ""5"": [[2, 1]], ""6"": [[4, 1]], ""7"": [[8, 7]], ""8"": [[0, 10]], ""9"": [[2, 0]]}","[1, 1, 1, 1, 1, 1, 1, 1, 1, 1]"
20,2,sense_sinr_budgeted,0.3,0.01,0.03333333333333333,3,2,12,"{""0"": [[9, 4], [4, 9], [0, 9], [6, 9]], ""1"": [], ""2"": [], ""3"": [[5, 3], [8, 3], [10, 3], [12, 3]], ""4"": [], ""5"": [], ""6"": [], ""7"": [], ""8"": [], ""9"": [[0, 6], [6, 0], [7, 0], [9, 0]]}","[1, 0, 0, 1, 0, 0, 0, 0, 0, 1]"
20,2,balanced_sinr,1.0,0.03333333333333333,0.03333333333333333,10,2,12,"{""0"": [[9, 4], [4, 9]], ""1"": [[7, 14]], ""2"": [[3, 14]], ""3"": [[5, 3]], ""4"": [[5, 12]], ""5"": [[4, 1]], ""6"": [[9, 1]], ""7"": [[8, 7]], ""8"": [[11, 10]], ""9"": [[0, 6], [6, 0]]}","[1, 1, 1, 1, 1, 1, 1, 1, 1, 1]"
21,2,proposed_c2f_adaptive_pd,1.0,0.03666666666666667,0.03666666666666667,10,0,10,"{""0"": [[1, 11]], ""1"": [[1, 14]], ""2"": [[2, 14]], ""3"": [[3, 6]], ""4"": [[6, 3]], ""5"": [[0, 2]], ""6"": [[0, 8]], ""7"": [[3, 11]], ""8"": [[1, 14]], ""9"": [[0, 2]]}","[1, 1, 1, 1, 1, 1, 1, 1, 1, 1]"
21,2,sense_sinr_budgeted,0.5,0.03,0.06,5,2,12,"{""0"": [[10, 11], [3, 11]], ""1"": [], ""2"": [], ""3"": [], ""4"": [[3, 6], [6, 3], [11, 3]], ""5"": [], ""6"": [[8, 10], [10, 8], [9, 8]], ""7"": [], ""8"": [[1, 14]], ""9"": [[5, 2], [13, 2], [4, 2]]}","[1, 0, 0, 0, 1, 0, 1, 0, 1, 1]"
21,2,balanced_sinr,1.0,0.043333333333333335,0.043333333333333335,10,2,12,"{""0"": [[10, 11]], ""1"": [[1, 14]], ""2"": [[2, 14]], ""3"": [[3, 6]], ""4"": [[3, 6], [6, 3]], ""5"": [[5, 2]], ""6"": [[8, 10], [10, 8]], ""7"": [[3, 11]], ""8"": [[1, 14]], ""9"": [[5, 2]]}","[1, 1, 1, 1, 1, 1, 1, 1, 1, 1]"
22,2,proposed_c2f_adaptive_pd,1.0,0.04666666666666667,0.04666666666666667,10,0,12,"{""0"": [[2, 6]], ""1"": [[1, 14]], ""2"": [[5, 2]], ""3"": [[0, 10]], ""4"": [[0, 4]], ""5"": [[7, 13]], ""6"": [[14, 13], [6, 13], [2, 13]], ""7"": [[0, 2]], ""8"": [[6, 2]], ""9"": [[0, 3]]}","[1, 1, 1, 1, 1, 1, 1, 1, 1, 1]"
22,2,sense_sinr_budgeted,0.4,0.013333333333333334,0.03333333333333333,4,2,12,"{""0"": [], ""1"": [[7, 14], [13, 14]], ""2"": [], ""3"": [[3, 10], [10, 3], [0, 10], [2, 10], [12, 10], [11, 10]], ""4"": [[1, 4], [4, 1]], ""5"": [], ""6"": [], ""7"": [], ""8"": [], ""9"": [[11, 3], [0, 3]]}","[0, 1, 0, 1, 1, 0, 0, 0, 0, 1]"
22,2,balanced_sinr,0.9,0.05,0.05,10,2,12,"{""0"": [[5, 6]], ""1"": [[14, 7]], ""2"": [[5, 2]], ""3"": [[3, 10], [0, 10]], ""4"": [[1, 4]], ""5"": [[14, 13]], ""6"": [[6, 13]], ""7"": [[13, 2]], ""8"": [[6, 2]], ""9"": [[3, 11], [11, 3]]}","[1, 1, 1, 1, 1, 1, 0, 1, 1, 1]"
23,2,proposed_c2f_adaptive_pd,0.9,0.04,0.04,10,0,11,"{""0"": [[0, 14]], ""1"": [[1, 0]], ""2"": [[0, 2]], ""3"": [[5, 0]], ""4"": [[0, 8]], ""5"": [[0, 11]], ""6"": [[8, 4]], ""7"": [[0, 9]], ""8"": [[4, 9]], ""9"": [[5, 0], [8, 0]]}","[1, 1, 1, 1, 1, 1, 1, 1, 0, 1]"
23,2,sense_sinr_budgeted,0.5,0.016666666666666666,0.03333333333333333,5,2,12,"{""0"": [], ""1"": [[5, 0], [8, 0], [9, 0]], ""2"": [[13, 2], [11, 2]], ""3"": [], ""4"": [[9, 8]], ""5"": [[11, 13], [13, 11], [3, 11]], ""6"": [], ""7"": [[8, 9], [9, 8], [0, 9]], ""8"": [], ""9"": []}","[0, 1, 1, 0, 1, 1, 0, 1, 0, 0]"
23,2,balanced_sinr,1.0,0.03,0.03,10,2,12,"{""0"": [[1, 14]], ""1"": [[5, 0]], ""2"": [[2, 13]], ""3"": [[8, 0]], ""4"": [[9, 8]], ""5"": [[11, 13], [13, 11]], ""6"": [[8, 4]], ""7"": [[8, 9], [0, 9]], ""8"": [[7, 9]], ""9"": [[8, 0]]}","[1, 1, 1, 1, 1, 1, 1, 1, 1, 1]"
24,2,proposed_c2f_adaptive_pd,1.0,0.04666666666666667,0.04666666666666667,10,1,12,"{""0"": [[7, 2], [7, 12]], ""1"": [[0, 6]], ""2"": [[4, 6], [3, 6]], ""3"": [[0, 10]], ""4"": [[4, 2]], ""5"": [[2, 12]], ""6"": [[0, 12]], ""7"": [[0, 1]], ""8"": [[1, 6]], ""9"": [[10, 12]]}","[1, 1, 1, 1, 1, 1, 1, 1, 1, 1]"
24,2,sense_sinr_budgeted,0.4,0.02666666666666667,0.06666666666666667,4,2,12,"{""0"": [], ""1"": [[6, 4], [4, 6], [2, 6], [1, 6], [3, 6], [9, 6]], ""2"": [], ""3"": [[12, 10]], ""4"": [], ""5"": [], ""6"": [[7, 12], [12, 7], [13, 12], [10, 12]], ""7"": [[2, 1]], ""8"": [], ""9"": []}","[0, 1, 0, 1, 0, 0, 1, 1, 0, 0]"
24,2,balanced_sinr,0.9,0.04666666666666667,0.04666666666666667,10,2,12,"{""0"": [[7, 12]], ""1"": [[6, 4], [4, 6]], ""2"": [[3, 6]], ""3"": [[12, 10]], ""4"": [[6, 2]], ""5"": [[2, 12]], ""6"": [[7, 12], [13, 12]], ""7"": [[1, 2]], ""8"": [[2, 6]], ""9"": [[10, 12]]}","[1, 1, 0, 1, 1, 1, 1, 1, 1, 1]"
25,2,proposed_c2f_adaptive_pd,1.0,0.05333333333333334,0.05333333333333334,10,0,10,"{""0"": [[5, 11]], ""1"": [[3, 5]], ""2"": [[1, 0]], ""3"": [[0, 8]], ""4"": [[1, 0]], ""5"": [[0, 8]], ""6"": [[0, 11]], ""7"": [[0, 1]], ""8"": [[2, 9]], ""9"": [[0, 5]]}","[1, 1, 1, 1, 1, 1, 1, 1, 1, 1]"
25,2,sense_sinr_budgeted,0.6,0.04666666666666667,0.07777777777777778,6,2,12,"{""0"": [], ""1"": [], ""2"": [], ""3"": [[1, 8], [0, 8]], ""4"": [[1, 0]], ""5"": [[1, 8], [8, 1]], ""6"": [[5, 11]], ""7"": [], ""8"": [[13, 9], [3, 9]], ""9"": [[12, 5], [5, 12], [9, 5], [6, 5]]}","[0, 0, 0, 1, 1, 1, 1, 0, 1, 1]"
25,2,balanced_sinr,1.0,0.056666666666666664,0.056666666666666664,10,2,12,"{""0"": [[5, 11]], ""1"": [[12, 5]], ""2"": [[8, 0]], ""3"": [[1, 8]], ""4"": [[1, 0]], ""5"": [[1, 8]], ""6"": [[5, 11]], ""7"": [[1, 8]], ""8"": [[9, 3], [13, 9]], ""9"": [[12, 5], [9, 5]]}","[1, 1, 1, 1, 1, 1, 1, 1, 1, 1]"
26,2,proposed_c2f_adaptive_pd,0.9,0.05,0.05,10,2,12,"{""0"": [[7, 4]], ""1"": [[7, 9]], ""2"": [[4, 2]], ""3"": [[2, 6]], ""4"": [[1, 9], [9, 1], [12, 9]], ""5"": [[0, 7]], ""6"": [[1, 9]], ""7"": [[8, 4]], ""8"": [[0, 13]], ""9"": [[13, 2]]}","[0, 1, 1, 1, 1, 1, 1, 1, 1, 1]"
26,2,sense_sinr_budgeted,0.4,0.006666666666666667,0.016666666666666666,4,2,12,"{""0"": [], ""1"": [], ""2"": [[14, 2], [2, 14], [8, 2], [4, 2], [6, 2]], ""3"": [[2, 6]], ""4"": [], ""5"": [[8, 7], [14, 7], [7, 8]], ""6"": [], ""7"": [], ""8"": [[10, 13], [5, 13], [3, 13]], ""9"": []}","[0, 0, 1, 1, 0, 1, 0, 0, 1, 0]"
26,2,balanced_sinr,0.6,0.04666666666666667,0.04666666666666667,10,2,12,"{""0"": [[7, 4]], ""1"": [[7, 9]], ""2"": [[14, 2], [8, 2]], ""3"": [[2, 6]], ""4"": [[1, 9]], ""5"": [[8, 7], [14, 7]], ""6"": [[12, 9]], ""7"": [[8, 4]], ""8"": [[10, 13]], ""9"": [[2, 13]]}","[0, 1, 1, 1, 0, 1, 0, 1, 1, 0]"
27,2,proposed_c2f_adaptive_pd,0.8,0.03333333333333333,0.037037037037037035,10,2,12,"{""0"": [[0, 13]], ""1"": [[14, 12]], ""2"": [[2, 12]], ""3"": [[0, 8]], ""4"": [[0, 3]], ""5"": [[14, 12], [12, 14]], ""6"": [[0, 2]], ""7"": [[3, 7]], ""8"": [[4, 12], [12, 4]], ""9"": [[1, 9]]}","[0, 1, 1, 1, 1, 0, 1, 1, 1, 1]"
27,2,sense_sinr_budgeted,0.3,0.01,0.03333333333333333,4,2,12,"{""0"": [[11, 13], [0, 13], [3, 13], [2, 13]], ""1"": [], ""2"": [], ""3"": [[4, 8], [8, 4], [12, 8], [8, 12], [10, 8], [2, 8]], ""4"": [[11, 3]], ""5"": [], ""6"": [[3, 2]], ""7"": [], ""8"": [], ""9"": []}","[0, 0, 0, 1, 1, 0, 1, 0, 0, 0]"
27,2,balanced_sinr,0.9,0.03333333333333333,0.037037037037037035,10,2,12,"{""0"": [[11, 13], [0, 13]], ""1"": [[14, 12]], ""2"": [[4, 12]], ""3"": [[4, 8], [8, 4]], ""4"": [[11, 3]], ""5"": [[4, 12]], ""6"": [[3, 2]], ""7"": [[3, 7]], ""8"": [[4, 12]], ""9"": [[9, 1]]}","[0, 1, 1, 1, 1, 1, 1, 1, 1, 1]"
28,2,proposed_c2f_adaptive_pd,1.0,0.03666666666666667,0.03666666666666667,10,0,10,"{""0"": [[2, 12]], ""1"": [[1, 3]], ""2"": [[1, 11]], ""3"": [[1, 3]], ""4"": [[3, 13]], ""5"": [[0, 9]], ""6"": [[5, 1]], ""7"": [[1, 11]], ""8"": [[3, 7]], ""9"": [[1, 12]]}","[1, 1, 1, 1, 1, 1, 1, 1, 1, 1]"
28,2,sense_sinr_budgeted,0.6,0.02,0.03333333333333333,6,2,12,"{""0"": [[12, 14], [14, 12]], ""1"": [], ""2"": [[2, 11]], ""3"": [[3, 13], [13, 3]], ""4"": [], ""5"": [[8, 9]], ""6"": [], ""7"": [[14, 11], [12, 11], [5, 11]], ""8"": [], ""9"": [[14, 12], [2, 12], [11, 12]]}","[1, 0, 1, 1, 0, 1, 0, 1, 0, 1]"
28,2,balanced_sinr,1.0,0.013333333333333334,0.013333333333333334,10,2,12,"{""0"": [[12, 14], [14, 12]], ""1"": [[6, 3]], ""2"": [[2, 11]], ""3"": [[3, 13], [13, 3]], ""4"": [[3, 13]], ""5"": [[8, 9]], ""6"": [[5, 1]], ""7"": [[14, 11]], ""8"": [[6, 7]], ""9"": [[14, 12]]}","[1, 1, 1, 1, 1, 1, 1, 1, 1, 1]"
29,2,proposed_c2f_adaptive_pd,0.7,0.04666666666666667,0.04666666666666667,10,2,12,"{""0"": [[1, 12]], ""1"": [[0, 14]], ""2"": [[6, 13], [13, 6]], ""3"": [[0, 5]], ""4"": [[0, 7]], ""5"": [[0, 9]], ""6"": [[6, 13]], ""7"": [[0, 13]], ""8"": [[0, 2], [9, 2]], ""9"": [[11, 4]]}","[1, 1, 1, 1, 1, 1, 0, 1, 0, 0]"
29,2,sense_sinr_budgeted,0.4,0.016666666666666666,0.041666666666666664,4,2,12,"{""0"": [[1, 12], [5, 12]], ""1"": [[3, 14], [8, 14]], ""2"": [], ""3"": [[8, 5], [5, 8], [5, 12], [12, 5], [3, 5], [14, 5]], ""4"": [], ""5"": [], ""6"": [], ""7"": [[7, 13], [0, 13]], ""8"": [], ""9"": []}","[1, 1, 0, 1, 0, 0, 0, 1, 0, 0]"
29,2,balanced_sinr,0.8,0.04666666666666667,0.04666666666666667,10,2,12,"{""0"": [[1, 12]], ""1"": [[3, 14], [8, 14]], ""2"": [[0, 13]], ""3"": [[8, 5], [12, 5]], ""4"": [[7, 13]], ""5"": [[9, 3]], ""6"": [[6, 13]], ""7"": [[7, 13]], ""8"": [[3, 2]], ""9"": [[13, 11]]}","[1, 1, 1, 1, 1, 1, 0, 1, 0, 1]"
30,2,proposed_c2f_adaptive_pd,1.0,0.04666666666666667,0.04666666666666667,10,0,10,"{""0"": [[4, 2]], ""1"": [[4, 2]], ""2"": [[0, 10]], ""3"": [[8, 13]], ""4"": [[0, 5]], ""5"": [[6, 4]], ""6"": [[2, 6]], ""7"": [[14, 3]], ""8"": [[3, 2]], ""9"": [[2, 13]]}","[1, 1, 1, 1, 1, 1, 1, 1, 1, 1]"
30,2,sense_sinr_budgeted,0.4,0.016666666666666666,0.041666666666666664,4,2,12,"{""0"": [], ""1"": [], ""2"": [[11, 10], [10, 11], [7, 10], [14, 10], [5, 10]], ""3"": [], ""4"": [[5, 11], [11, 5], [14, 5], [10, 5]], ""5"": [], ""6"": [], ""7"": [], ""8"": [[4, 2]], ""9"": [[4, 13], [8, 13]]}","[0, 0, 1, 0, 1, 0, 0, 0, 1, 1]"
30,2,balanced_sinr,1.0,0.05,0.05,10,2,12,"{""0"": [[8, 2]], ""1"": [[4, 2]], ""2"": [[11, 10], [10, 11]], ""3"": [[8, 13]], ""4"": [[5, 11], [11, 5]], ""5"": [[6, 4]], ""6"": [[4, 6]], ""7"": [[14, 3]], ""8"": [[4, 2]], ""9"": [[4, 13]]}","[1, 1, 1, 1, 1, 1, 1, 1, 1, 1]"
31,2,proposed_c2f_adaptive_pd,1.0,0.04,0.04,10,0,11,"{""0"": [[1, 10]], ""1"": [[1, 12]], ""2"": [[0, 5]], ""3"": [[3, 4], [11, 4]], ""4"": [[7, 11]], ""5"": [[1, 0]], ""6"": [[10, 8]], ""7"": [[1, 13]], ""8"": [[0, 4]], ""9"": [[11, 4]]}","[1, 1, 1, 1, 1, 1, 1, 1, 1, 1]"
31,2,sense_sinr_budgeted,0.4,0.016666666666666666,0.041666666666666664,4,2,12,"{""0"": [], ""1"": [[12, 13], [13, 12], [12, 2], [2, 12], [1, 12], [3, 12]], ""2"": [[14, 5], [6, 5], [4, 5]], ""3"": [], ""4"": [], ""5"": [[11, 0], [1, 0]], ""6"": [], ""7"": [[2, 13]], ""8"": [], ""9"": []}","[0, 1, 1, 0, 0, 1, 0, 1, 0, 0]"
31,2,balanced_sinr,1.0,0.056666666666666664,0.056666666666666664,10,2,12,"{""0"": [[8, 10]], ""1"": [[12, 13], [13, 12]], ""2"": [[14, 5]], ""3"": [[3, 4]], ""4"": [[7, 11]], ""5"": [[11, 0]], ""6"": [[14, 8]], ""7"": [[13, 2], [2, 13]], ""8"": [[5, 4]], ""9"": [[11, 4]]}","[1, 1, 1, 1, 1, 1, 1, 1, 1, 1]"
32,2,proposed_c2f_adaptive_pd,1.0,0.04666666666666667,0.04666666666666667,10,1,12,"{""0"": [[1, 14]], ""1"": [[2, 1]], ""2"": [[1, 12]], ""3"": [[2, 0]], ""4"": [[2, 1], [14, 1]], ""5"": [[11, 7], [7, 6]], ""6"": [[2, 4]], ""7"": [[0, 10]], ""8"": [[0, 13]], ""9"": [[6, 7]]}","[1, 1, 1, 1, 1, 1, 1, 1, 1, 1]"
32,2,sense_sinr_budgeted,0.6,0.02,0.03333333333333333,6,2,12,"{""0"": [], ""1"": [[14, 1], [1, 14]], ""2"": [[2, 12]], ""3"": [[6, 0], [13, 0], [10, 0], [7, 0]], ""4"": [], ""5"": [], ""6"": [[3, 4], [4, 3]], ""7"": [[8, 10], [13, 10]], ""8"": [[8, 13]], ""9"": []}","[0, 1, 1, 1, 0, 0, 1, 1, 1, 0]"
32,2,balanced_sinr,1.0,0.043333333333333335,0.043333333333333335,10,2,12,"{""0"": [[1, 14]], ""1"": [[14, 1]], ""2"": [[12, 2]], ""3"": [[6, 0], [13, 0]], ""4"": [[2, 1]], ""5"": [[11, 7]], ""6"": [[3, 4]], ""7"": [[10, 8], [8, 10]], ""8"": [[8, 13]], ""9"": [[11, 7]]}","[1, 1, 1, 1, 1, 1, 1, 1, 1, 1]"
33,2,proposed_c2f_adaptive_pd,0.8,0.04,0.04,10,1,12,"{""0"": [[14, 10]], ""1"": [[1, 13]], ""2"": [[10, 13]], ""3"": [[13, 1], [1, 13], [10, 1]], ""4"": [[0, 6]], ""5"": [[1, 13]], ""6"": [[2, 8]], ""7"": [[4, 1]], ""8"": [[0, 11]], ""9"": [[0, 10]]}","[1, 1, 0, 0, 1, 1, 1, 1, 1, 1]"
33,2,sense_sinr_budgeted,0.4,0.02666666666666667,0.06666666666666667,4,2,12,"{""0"": [], ""1"": [], ""2"": [], ""3"": [], ""4"": [[7, 6]], ""5"": [], ""6"": [[9, 8], [6, 8], [12, 8], [2, 8]], ""7"": [[13, 1]], ""8"": [[11, 13], [13, 11], [14, 11], [11, 14], [7, 11], [3, 11]], ""9"": []}","[0, 0, 0, 0, 1, 0, 1, 1, 1, 0]"
33,2,balanced_sinr,0.9,0.03333333333333333,0.03333333333333333,10,2,12,"{""0"": [[13, 10]], ""1"": [[1, 13]], ""2"": [[11, 13]], ""3"": [[13, 1]], ""4"": [[6, 7]], ""5"": [[1, 13]], ""6"": [[9, 8], [6, 8]], ""7"": [[13, 1]], ""8"": [[11, 13], [13, 11]], ""9"": [[14, 10]]}","[1, 1, 1, 0, 1, 1, 1, 1, 1, 1]"
34,2,proposed_c2f_adaptive_pd,0.9,0.056666666666666664,0.056666666666666664,10,0,10,"{""0"": [[0, 11]], ""1"": [[1, 0]], ""2"": [[0, 2]], ""3"": [[1, 0]], ""4"": [[1, 12]], ""5"": [[0, 5]], ""6"": [[0, 11]], ""7"": [[0, 12]], ""8"": [[0, 13]], ""9"": [[0, 10]]}","[1, 1, 1, 1, 1, 1, 1, 1, 0, 1]"
34,2,sense_sinr_budgeted,0.4,0.006666666666666667,0.016666666666666666,4,2,12,"{""0"": [], ""1"": [[13, 0], [0, 13], [1, 0], [7, 0], [12, 0], [11, 0]], ""2"": [[4, 2], [2, 4]], ""3"": [], ""4"": [], ""5"": [], ""6"": [[2, 11], [4, 11], [0, 11]], ""7"": [], ""8"": [], ""9"": [[9, 10]]}","[0, 1, 1, 0, 0, 0, 1, 0, 0, 1]"
34,2,balanced_sinr,1.0,0.043333333333333335,0.043333333333333335,10,2,12,"{""0"": [[10, 11]], ""1"": [[13, 0], [1, 0]], ""2"": [[4, 2]], ""3"": [[0, 1]], ""4"": [[7, 12]], ""5"": [[1, 5]], ""6"": [[11, 2], [2, 11]], ""7"": [[13, 12]], ""8"": [[4, 13]], ""9"": [[9, 10]]}","[1, 1, 1, 1, 1, 1, 1, 1, 1, 1]"
35,2,proposed_c2f_adaptive_pd,0.9,0.056666666666666664,0.056666666666666664,10,2,12,"{""0"": [[3, 2]], ""1"": [[12, 0]], ""2"": [[1, 11]], ""3"": [[1, 9]], ""4"": [[2, 0]], ""5"": [[7, 12], [12, 7], [3, 12]], ""6"": [[7, 12]], ""7"": [[0, 14]], ""8"": [[0, 6]], ""9"": [[1, 2]]}","[1, 1, 1, 1, 1, 0, 1, 1, 1, 1]"
35,2,sense_sinr_budgeted,0.3,0.006666666666666667,0.022222222222222223,3,2,12,"{""0"": [], ""1"": [], ""2"": [], ""3"": [[9, 1], [1, 9], [10, 9], [3, 9], [5, 9]], ""4"": [[4, 0], [14, 0], [0, 4], [12, 0]], ""5"": [], ""6"": [], ""7"": [], ""8"": [[3, 6], [13, 6], [1, 6]], ""9"": []}","[0, 0, 0, 1, 1, 0, 0, 0, 1, 0]"
35,2,balanced_sinr,0.9,0.05,0.05,10,2,12,"{""0"": [[2, 11]], ""1"": [[12, 0]], ""2"": [[2, 11]], ""3"": [[9, 1], [1, 9]], ""4"": [[4, 0], [14, 0]], ""5"": [[12, 7]], ""6"": [[7, 12]], ""7"": [[4, 14]], ""8"": [[3, 6]], ""9"": [[13, 2]]}","[1, 1, 1, 1, 1, 0, 1, 1, 1, 1]"
36,2,proposed_c2f_adaptive_pd,1.0,0.04,0.04,10,0,10,"{""0"": [[11, 2]], ""1"": [[1, 14]], ""2"": [[4, 0]], ""3"": [[0, 4]], ""4"": [[5, 2]], ""5"": [[0, 2]], ""6"": [[0, 2]], ""7"": [[1, 10]], ""8"": [[0, 5]], ""9"": [[2, 0]]}","[1, 1, 1, 1, 1, 1, 1, 1, 1, 1]"
36,2,sense_sinr_budgeted,0.3,0.01,0.03333333333333333,4,2,12,"{""0"": [], ""1"": [], ""2"": [], ""3"": [[0, 4]], ""4"": [], ""5"": [[5, 2], [2, 5], [13, 2], [0, 2], [6, 2], [11, 2]], ""6"": [], ""7"": [[14, 10], [11, 10]], ""8"": [[5, 2], [2, 5], [6, 5]], ""9"": []}","[0, 0, 0, 1, 0, 1, 0, 0, 1, 0]"
36,2,balanced_sinr,0.9,0.03,0.03333333333333333,10,2,12,"{""0"": [[11, 2]], ""1"": [[14, 10]], ""2"": [[4, 0]], ""3"": [[0, 4]], ""4"": [[13, 2]], ""5"": [[5, 2], [13, 2]], ""6"": [[13, 2]], ""7"": [[14, 10]], ""8"": [[5, 2], [2, 5]], ""9"": [[13, 0]]}","[1, 1, 1, 1, 1, 1, 1, 0, 1, 1]"
37,2,proposed_c2f_adaptive_pd,0.7,0.03,0.03,10,1,12,"{""0"": [[0, 3]], ""1"": [[0, 8]], ""2"": [[2, 4]], ""3"": [[0, 9]], ""4"": [[4, 14]], ""5"": [[0, 14]], ""6"": [[2, 11]], ""7"": [[14, 4], [4, 14], [5, 4]], ""8"": [[1, 0]], ""9"": [[1, 9]]}","[1, 1, 1, 1, 0, 1, 0, 0, 1, 1]"
37,2,sense_sinr_budgeted,0.3,0.023333333333333334,0.07777777777777778,3,2,12,"{""0"": [], ""1"": [[0, 8], [3, 8]], ""2"": [], ""3"": [[11, 9], [7, 9], [12, 9], [9, 11], [2, 9], [10, 9]], ""4"": [], ""5"": [], ""6"": [], ""7"": [], ""8"": [[3, 0], [0, 3], [8, 0], [13, 0]], ""9"": []}","[0, 1, 0, 1, 0, 0, 0, 0, 1, 0]"
37,2,balanced_sinr,0.9,0.03333333333333333,0.03333333333333333,10,2,12,"{""0"": [[14, 3]], ""1"": [[0, 8]], ""2"": [[2, 4]], ""3"": [[11, 9], [7, 9]], ""4"": [[14, 4]], ""5"": [[0, 14]], ""6"": [[2, 4]], ""7"": [[14, 4]], ""8"": [[3, 0], [8, 0]], ""9"": [[1, 9]]}","[1, 1, 1, 1, 0, 1, 1, 1, 1, 1]"
38,2,proposed_c2f_adaptive_pd,1.0,0.04,0.04,10,0,10,"{""0"": [[0, 10]], ""1"": [[3, 0]], ""2"": [[0, 7]], ""3"": [[1, 9]], ""4"": [[0, 7]], ""5"": [[0, 1]], ""6"": [[2, 4]], ""7"": [[0, 7]], ""8"": [[1, 0]], ""9"": [[4, 2]]}","[1, 1, 1, 1, 1, 1, 1, 1, 1, 1]"
38,2,sense_sinr_budgeted,0.6,0.03666666666666667,0.06111111111111111,6,2,12,"{""0"": [[7, 10]], ""1"": [[8, 0]], ""2"": [], ""3"": [[12, 9], [13, 9]], ""4"": [[10, 7]], ""5"": [[1, 5], [5, 1], [1, 14], [14, 1], [13, 1], [7, 1]], ""6"": [], ""7"": [], ""8"": [[7, 0]], ""9"": []}","[1, 1, 0, 1, 1, 1, 0, 0, 1, 0]"
38,2,balanced_sinr,1.0,0.056666666666666664,0.056666666666666664,10,2,12,"{""0"": [[7, 10]], ""1"": [[0, 8], [8, 0]], ""2"": [[10, 7]], ""3"": [[12, 9]], ""4"": [[10, 7]], ""5"": [[1, 5], [5, 1]], ""6"": [[2, 4]], ""7"": [[0, 7]], ""8"": [[7, 0]], ""9"": [[11, 2]]}","[1, 1, 1, 1, 1, 1, 1, 1, 1, 1]"
39,2,proposed_c2f_adaptive_pd,1.0,0.04666666666666667,0.04666666666666667,10,1,12,"{""0"": [[6, 4]], ""1"": [[0, 8]], ""2"": [[9, 3], [14, 3]], ""3"": [[0, 10]], ""4"": [[1, 9]], ""5"": [[1, 4]], ""6"": [[1, 0]], ""7"": [[3, 7]], ""8"": [[4, 7], [7, 4]], ""9"": [[1, 7]]}","[1, 1, 1, 1, 1, 1, 1, 1, 1, 1]"
39,2,sense_sinr_budgeted,0.3,0.01,0.03333333333333333,3,2,12,"{""0"": [], ""1"": [[9, 8], [14, 8]], ""2"": [], ""3"": [[9, 10], [10, 9], [14, 10], [10, 14], [8, 10], [6, 10]], ""4"": [], ""5"": [], ""6"": [[8, 0], [9, 0], [2, 0], [14, 0]], ""7"": [], ""8"": [], ""9"": []}","[0, 1, 0, 1, 0, 0, 1, 0, 0, 0]"
39,2,balanced_sinr,1.0,0.03333333333333333,0.03333333333333333,10,2,12,"{""0"": [[6, 4]], ""1"": [[9, 8]], ""2"": [[9, 3]], ""3"": [[9, 10], [10, 9]], ""4"": [[3, 9]], ""5"": [[13, 4]], ""6"": [[8, 0], [0, 8]], ""7"": [[4, 7]], ""8"": [[4, 7]], ""9"": [[1, 7]]}","[1, 1, 1, 1, 1, 1, 1, 1, 1, 1]"
40,2,proposed_c2f_adaptive_pd,1.0,0.03,0.03,10,1,12,"{""0"": [[1, 9]], ""1"": [[0, 2]], ""2"": [[0, 8]], ""3"": [[0, 10]], ""4"": [[1, 5]], ""5"": [[0, 1]], ""6"": [[3, 12], [10, 12], [10, 3]], ""7"": [[0, 13]], ""8"": [[1, 3]], ""9"": [[3, 12]]}","[1, 1, 1, 1, 1, 1, 1, 1, 1, 1]"
40,2,sense_sinr_budgeted,0.4,0.013333333333333334,0.03333333333333333,4,2,12,"{""0"": [], ""1"": [[14, 2], [11, 2], [7, 2], [4, 2]], ""2"": [[6, 8]], ""3"": [], ""4"": [], ""5"": [[1, 13], [13, 1], [1, 5], [5, 1], [3, 1], [6, 1]], ""6"": [], ""7"": [[1, 13]], ""8"": [], ""9"": []}","[0, 1, 1, 0, 0, 1, 0, 1, 0, 0]"
40,2,balanced_sinr,1.0,0.02666666666666667,0.02666666666666667,10,2,12,"{""0"": [[11, 9]], ""1"": [[2, 14], [14, 2]], ""2"": [[6, 8]], ""3"": [[0, 10]], ""4"": [[1, 5]], ""5"": [[1, 13], [13, 1]], ""6"": [[3, 12]], ""7"": [[1, 13]], ""8"": [[6, 3]], ""9"": [[6, 12]]}","[1, 1, 1, 1, 1, 1, 1, 1, 1, 1]"
41,2,proposed_c2f_adaptive_pd,1.0,0.04666666666666667,0.04666666666666667,10,0,10,"{""0"": [[2, 4]], ""1"": [[4, 1]], ""2"": [[0, 3]], ""3"": [[1, 4]], ""4"": [[2, 0]], ""5"": [[8, 12]], ""6"": [[2, 14]], ""7"": [[5, 2]], ""8"": [[0, 14]], ""9"": [[0, 6]]}","[1, 1, 1, 1, 1, 1, 1, 1, 1, 1]"
41,2,sense_sinr_budgeted,0.4,0.02666666666666667,0.06666666666666667,4,2,12,"{""0"": [], ""1"": [], ""2"": [[7, 3], [14, 3], [10, 3]], ""3"": [[9, 4], [14, 4]], ""4"": [[3, 0], [7, 0]], ""5"": [], ""6"": [], ""7"": [], ""8"": [], ""9"": [[6, 2], [2, 6], [6, 11], [11, 6], [10, 6]]}","[0, 0, 1, 1, 1, 0, 0, 0, 0, 1]"
41,2,balanced_sinr,1.0,0.04666666666666667,0.04666666666666667,10,2,12,"{""0"": [[9, 4]], ""1"": [[8, 1]], ""2"": [[7, 3]], ""3"": [[9, 4]], ""4"": [[3, 0], [7, 0]], ""5"": [[13, 12]], ""6"": [[14, 13]], ""7"": [[9, 2]], ""8"": [[7, 14]], ""9"": [[6, 2], [2, 6]]}","[1, 1, 1, 1, 1, 1, 1, 1, 1, 1]"
42,2,proposed_c2f_adaptive_pd,1.0,0.06333333333333334,0.06333333333333334,10,0,11,"{""0"": [[10, 8]], ""1"": [[10, 1], [2, 1]], ""2"": [[5, 12]], ""3"": [[0, 14]], ""4"": [[0, 2]], ""5"": [[1, 10]], ""6"": [[1, 13]], ""7"": [[1, 10]], ""8"": [[0, 5]], ""9"": [[1, 10]]}","[1, 1, 1, 1, 1, 1, 1, 1, 1, 1]"
42,2,sense_sinr_budgeted,0.5,0.03666666666666667,0.07333333333333333,5,2,12,"{""0"": [], ""1"": [], ""2"": [], ""3"": [[0, 14]], ""4"": [[4, 2], [3, 2]], ""5"": [], ""6"": [], ""7"": [[13, 10]], ""8"": [[9, 5], [5, 9], [5, 12], [12, 5], [6, 5], [11, 5]], ""9"": [[13, 10], [1, 10]]}","[0, 0, 0, 1, 1, 0, 0, 1, 1, 1]"
42,2,balanced_sinr,0.9,0.06,0.06,10,2,12,"{""0"": [[12, 8]], ""1"": [[10, 1]], ""2"": [[5, 12]], ""3"": [[14, 0]], ""4"": [[4, 2]], ""5"": [[12, 10]], ""6"": [[13, 10]], ""7"": [[13, 10]], ""8"": [[9, 5], [12, 5]], ""9"": [[13, 10], [1, 10]]}","[1, 1, 1, 1, 1, 0, 1, 1, 1, 1]"
43,2,proposed_c2f_adaptive_pd,0.9,0.05,0.05,10,0,10,"{""0"": [[2, 3]], ""1"": [[3, 14]], ""2"": [[0, 13]], ""3"": [[1, 13]], ""4"": [[4, 9]], ""5"": [[3, 14]], ""6"": [[11, 13]], ""7"": [[4, 6]], ""8"": [[0, 14]], ""9"": [[1, 6]]}","[1, 1, 1, 0, 1, 1, 1, 1, 1, 1]"
43,2,sense_sinr_budgeted,0.6,0.02666666666666667,0.044444444444444446,6,2,12,"{""0"": [[3, 7], [7, 3], [6, 3], [14, 3]], ""1"": [], ""2"": [[11, 13]], ""3"": [], ""4"": [[4, 9]], ""5"": [[6, 14]], ""6"": [], ""7"": [], ""8"": [[14, 5], [5, 14], [7, 14]], ""9"": [[3, 6], [7, 6]]}","[1, 0, 1, 0, 1, 1, 0, 0, 1, 1]"
43,2,balanced_sinr,1.0,0.043333333333333335,0.043333333333333335,10,2,12,"{""0"": [[3, 7], [7, 3]], ""1"": [[3, 14]], ""2"": [[11, 13]], ""3"": [[11, 13]], ""4"": [[4, 9]], ""5"": [[6, 14]], ""6"": [[1, 13]], ""7"": [[4, 6]], ""8"": [[14, 5], [5, 14]], ""9"": [[3, 6]]}","[1, 1, 1, 1, 1, 1, 1, 1, 1, 1]"
44,2,proposed_c2f_adaptive_pd,1.0,0.056666666666666664,0.056666666666666664,10,0,12,"{""0"": [[0, 10]], ""1"": [[1, 4]], ""2"": [[11, 5]], ""3"": [[0, 12]], ""4"": [[0, 5]], ""5"": [[0, 5]], ""6"": [[0, 5], [11, 5], [6, 5]], ""7"": [[6, 8]], ""8"": [[2, 1]], ""9"": [[0, 10]]}","[1, 1, 1, 1, 1, 1, 1, 1, 1, 1]"
44,2,sense_sinr_budgeted,0.6,0.03333333333333333,0.05555555555555555,6,2,12,"{""0"": [[6, 10], [2, 10]], ""1"": [[4, 3], [3, 4], [4, 13], [13, 4]], ""2"": [], ""3"": [[13, 12], [4, 12], [9, 12]], ""4"": [[11, 5]], ""5"": [[12, 5]], ""6"": [], ""7"": [[14, 8]], ""8"": [], ""9"": []}","[1, 1, 0, 1, 1, 1, 0, 1, 0, 0]"
44,2,balanced_sinr,0.9,0.05333333333333334,0.05333333333333334,10,2,12,"{""0"": [[6, 10]], ""1"": [[4, 3], [3, 4]], ""2"": [[11, 5]], ""3"": [[13, 12]], ""4"": [[11, 5]], ""5"": [[12, 5]], ""6"": [[0, 5]], ""7"": [[8, 14], [14, 8]], ""8"": [[7, 1]], ""9"": [[8, 10]]}","[1, 1, 1, 1, 1, 1, 0, 1, 1, 1]"
45,2,proposed_c2f_adaptive_pd,1.0,0.06666666666666667,0.06666666666666667,10,0,10,"{""0"": [[0, 3]], ""1"": [[6, 1]], ""2"": [[0, 1]], ""3"": [[0, 13]], ""4"": [[1, 3]], ""5"": [[0, 8]], ""6"": [[1, 0]], ""7"": [[0, 4]], ""8"": [[1, 0]], ""9"": [[0, 4]]}","[1, 1, 1, 1, 1, 1, 1, 1, 1, 1]"
45,2,sense_sinr_budgeted,0.3,0.02,0.06666666666666667,3,2,12,"{""0"": [[2, 3], [13, 3], [14, 3], [9, 3], [0, 3], [8, 3]], ""1"": [], ""2"": [], ""3"": [], ""4"": [], ""5"": [[14, 8]], ""6"": [], ""7"": [], ""8"": [], ""9"": [[4, 10], [10, 4], [4, 6], [6, 4], [11, 4]]}","[1, 0, 0, 0, 0, 1, 0, 0, 0, 1]"
45,2,balanced_sinr,1.0,0.043333333333333335,0.043333333333333335,10,2,12,"{""0"": [[2, 3], [13, 3]], ""1"": [[6, 1]], ""2"": [[7, 1]], ""3"": [[3, 13]], ""4"": [[3, 13]], ""5"": [[14, 8]], ""6"": [[1, 0]], ""7"": [[6, 4]], ""8"": [[9, 0]], ""9"": [[4, 10], [10, 4]]}","[1, 1, 1, 1, 1, 1, 1, 1, 1, 1]"
46,2,proposed_c2f_adaptive_pd,1.0,0.04666666666666667,0.04666666666666667,10,0,12,"{""0"": [[3, 6]], ""1"": [[6, 5], [11, 5]], ""2"": [[11, 5]], ""3"": [[6, 11]], ""4"": [[0, 8]], ""5"": [[5, 11]], ""6"": [[9, 1]], ""7"": [[5, 11], [10, 11]], ""8"": [[0, 11]], ""9"": [[1, 9]]}","[1, 1, 1, 1, 1, 1, 1, 1, 1, 1]"
46,2,sense_sinr_budgeted,0.3,0.01,0.03333333333333333,3,2,12,"{""0"": [[4, 6]], ""1"": [], ""2"": [], ""3"": [], ""4"": [[2, 8], [8, 2], [9, 8], [8, 9], [10, 8], [14, 8]], ""5"": [], ""6"": [], ""7"": [], ""8"": [[10, 11], [8, 11], [12, 11], [9, 11], [2, 11]], ""9"": []}","[1, 0, 0, 0, 1, 0, 0, 0, 1, 0]"
46,2,balanced_sinr,1.0,0.03,0.03,10,2,12,"{""0"": [[4, 6]], ""1"": [[6, 5]], ""2"": [[11, 5]], ""3"": [[6, 11]], ""4"": [[2, 8], [8, 2]], ""5"": [[10, 11]], ""6"": [[9, 1]], ""7"": [[5, 11]], ""8"": [[10, 11], [11, 10]], ""9"": [[11, 9]]}","[1, 1, 1, 1, 1, 1, 1, 1, 1, 1]"
47,2,proposed_c2f_adaptive_pd,0.8,0.06,0.06,10,1,12,"{""0"": [[9, 0]], ""1"": [[2, 4]], ""2"": [[1, 14]], ""3"": [[0, 9], [9, 0]], ""4"": [[1, 14]], ""5"": [[2, 6]], ""6"": [[6, 11]], ""7"": [[11, 6]], ""8"": [[0, 8], [13, 8]], ""9"": [[1, 10]]}","[0, 1, 1, 0, 1, 1, 1, 1, 1, 1]"
47,2,sense_sinr_budgeted,0.4,0.006666666666666667,0.016666666666666666,4,2,12,"{""0"": [], ""1"": [[2, 4], [13, 4]], ""2"": [], ""3"": [], ""4"": [], ""5"": [[13, 6], [6, 13], [2, 6], [2, 13], [11, 6], [4, 6]], ""6"": [], ""7"": [[11, 6]], ""8"": [], ""9"": [[12, 10], [1, 10], [11, 10]]}","[0, 1, 0, 0, 0, 1, 0, 1, 0, 1]"
47,2,balanced_sinr,0.9,0.043333333333333335,0.043333333333333335,10,2,12,"{""0"": [[0, 9]], ""1"": [[2, 4]], ""2"": [[10, 14]], ""3"": [[9, 0]], ""4"": [[1, 14]], ""5"": [[13, 6], [2, 6]], ""6"": [[11, 12]], ""7"": [[11, 6]], ""8"": [[0, 8]], ""9"": [[12, 10], [1, 10]]}","[1, 1, 1, 0, 1, 1, 1, 1, 1, 1]"
48,2,proposed_c2f_adaptive_pd,1.0,0.06666666666666667,0.06666666666666667,10,0,12,"{""0"": [[3, 6]], ""1"": [[2, 4]], ""2"": [[8, 5], [11, 5]], ""3"": [[5, 11]], ""4"": [[1, 7]], ""5"": [[0, 14]], ""6"": [[5, 11], [8, 11]], ""7"": [[12, 4]], ""8"": [[0, 4]], ""9"": [[10, 8]]}","[1, 1, 1, 1, 1, 1, 1, 1, 1, 1]"
48,2,sense_sinr_budgeted,0.3,0.016666666666666666,0.05555555555555555,3,2,12,"{""0"": [], ""1"": [], ""2"": [], ""3"": [], ""4"": [[7, 1], [5, 7], [1, 7], [2, 7], [8, 7], [13, 7]], ""5"": [], ""6"": [], ""7"": [], ""8"": [[4, 12], [12, 4], [2, 4], [7, 4], [0, 4]], ""9"": [[10, 8]]}","[0, 0, 0, 0, 1, 0, 0, 0, 1, 1]"
48,2,balanced_sinr,0.9,0.06,0.06,10,2,12,"{""0"": [[3, 6]], ""1"": [[2, 4]], ""2"": [[8, 5]], ""3"": [[5, 11]], ""4"": [[7, 1], [5, 7]], ""5"": [[6, 14]], ""6"": [[5, 11]], ""7"": [[12, 4]], ""8"": [[4, 12], [12, 4]], ""9"": [[10, 8]]}","[1, 1, 0, 1, 1, 1, 1, 1, 1, 1]"
49,2,proposed_c2f_adaptive_pd,0.9,0.05333333333333334,0.05333333333333334,10,0,10,"{""0"": [[2, 10]], ""1"": [[13, 6]], ""2"": [[0, 5]], ""3"": [[2, 7]], ""4"": [[7, 2]], ""5"": [[0, 5]], ""6"": [[1, 0]], ""7"": [[0, 12]], ""8"": [[5, 3]], ""9"": [[5, 3]]}","[1, 1, 1, 1, 1, 1, 1, 1, 0, 1]"
49,2,sense_sinr_budgeted,0.4,0.02666666666666667,0.06666666666666667,4,2,12,"{""0"": [[14, 10]], ""1"": [], ""2"": [[12, 5]], ""3"": [], ""4"": [], ""5"": [], ""6"": [[8, 0], [12, 0], [13, 0], [5, 0]], ""7"": [[5, 12], [12, 5], [12, 0], [0, 12], [8, 12], [13, 12]], ""8"": [], ""9"": []}","[1, 0, 1, 0, 0, 0, 1, 1, 0, 0]"
49,2,balanced_sinr,0.9,0.04,0.04,10,2,12,"{""0"": [[10, 14], [14, 10]], ""1"": [[13, 6]], ""2"": [[5, 12]], ""3"": [[9, 7]], ""4"": [[9, 2]], ""5"": [[12, 5]], ""6"": [[8, 0]], ""7"": [[5, 12], [0, 12]], ""8"": [[5, 3]], ""9"": [[8, 3]]}","[1, 1, 1, 1, 1, 1, 1, 1, 0, 1]"
50,2,proposed_c2f_adaptive_pd,1.0,0.06,0.06,10,0,10,"{""0"": [[12, 1]], ""1"": [[1, 13]], ""2"": [[12, 1]], ""3"": [[6, 3]], ""4"": [[9, 12]], ""5"": [[0, 6]], ""6"": [[8, 3]], ""7"": [[3, 1]], ""8"": [[3, 14]], ""9"": [[1, 12]]}","[1, 1, 1, 1, 1, 1, 1, 1, 1, 1]"
50,2,sense_sinr_budgeted,0.3,0.02,0.06666666666666667,3,2,12,"{""0"": [], ""1"": [], ""2"": [], ""3"": [], ""4"": [], ""5"": [[6, 4], [4, 6], [3, 6], [8, 6]], ""6"": [], ""7"": [[14, 1], [1, 14], [12, 1], [8, 1], [13, 1], [9, 1]], ""8"": [[12, 14], [9, 14]], ""9"": []}","[0, 0, 0, 0, 0, 1, 0, 1, 1, 0]"
50,2,balanced_sinr,1.0,0.06333333333333334,0.06333333333333334,10,2,12,"{""0"": [[13, 1]], ""1"": [[1, 13]], ""2"": [[12, 1]], ""3"": [[14, 3]], ""4"": [[14, 12]], ""5"": [[6, 4], [4, 6]], ""6"": [[8, 3]], ""7"": [[14, 1], [12, 1]], ""8"": [[12, 9]], ""9"": [[1, 12]]}","[1, 1, 1, 1, 1, 1, 1, 1, 1, 1]"
51,2,proposed_c2f_adaptive_pd,1.0,0.05333333333333334,0.05333333333333334,10,1,12,"{""0"": [[0, 12]], ""1"": [[3, 7]], ""2"": [[12, 13]], ""3"": [[3, 10], [4, 10], [10, 4]], ""4"": [[3, 4]], ""5"": [[0, 5]], ""6"": [[0, 11]], ""7"": [[2, 4]], ""8"": [[0, 7]], ""9"": [[0, 13]]}","[1, 1, 1, 1, 1, 1, 1, 1, 1, 1]"
51,2,sense_sinr_budgeted,0.6,0.03666666666666667,0.06111111111111111,6,2,12,"{""0"": [[12, 3], [3, 12]], ""1"": [[4, 7]], ""2"": [], ""3"": [], ""4"": [[10, 4], [7, 4]], ""5"": [], ""6"": [], ""7"": [[9, 4], [6, 4], [7, 4]], ""8"": [[7, 3], [3, 7], [0, 7]], ""9"": [[12, 13]]}","[1, 1, 0, 0, 1, 0, 0, 1, 1, 1]"
51,2,balanced_sinr,0.9,0.06,0.06,10,2,12,"{""0"": [[12, 3], [3, 12]], ""1"": [[4, 7]], ""2"": [[12, 13]], ""3"": [[3, 10]], ""4"": [[10, 4]], ""5"": [[0, 5]], ""6"": [[0, 11]], ""7"": [[9, 4]], ""8"": [[7, 3], [3, 7]], ""9"": [[12, 13]]}","[1, 1, 1, 0, 1, 1, 1, 1, 1, 1]"
52,2,proposed_c2f_adaptive_pd,1.0,0.05333333333333334,0.05333333333333334,10,0,12,"{""0"": [[3, 5]], ""1"": [[1, 9]], ""2"": [[14, 5], [11, 5], [10, 5]], ""3"": [[0, 9]], ""4"": [[0, 1]], ""5"": [[0, 11]], ""6"": [[6, 2]], ""7"": [[5, 10]], ""8"": [[0, 10]], ""9"": [[1, 9]]}","[1, 1, 1, 1, 1, 1, 1, 1, 1, 1]"
52,2,sense_sinr_budgeted,0.3,0.02,0.06666666666666667,3,2,12,"{""0"": [], ""1"": [], ""2"": [], ""3"": [[7, 9], [9, 7], [6, 9]], ""4"": [[3, 1], [8, 1], [11, 1], [7, 1], [9, 1]], ""5"": [[11, 3], [3, 11], [8, 11], [1, 11]], ""6"": [], ""7"": [], ""8"": [], ""9"": []}","[0, 0, 0, 1, 1, 1, 0, 0, 0, 0]"
52,2,balanced_sinr,0.9,0.03333333333333333,0.03333333333333333,10,2,12,"{""0"": [[11, 5]], ""1"": [[9, 1]], ""2"": [[14, 5]], ""3"": [[7, 9]], ""4"": [[3, 1], [8, 1]], ""5"": [[11, 3], [3, 11]], ""6"": [[9, 2]], ""7"": [[5, 10]], ""8"": [[0, 10]], ""9"": [[7, 9]]}","[1, 1, 0, 1, 1, 1, 1, 1, 1, 1]"
53,2,proposed_c2f_adaptive_pd,1.0,0.03333333333333333,0.03333333333333333,10,1,12,"{""0"": [[1, 12]], ""1"": [[3, 13], [6, 13], [13, 3]], ""2"": [[1, 5]], ""3"": [[0, 3]], ""4"": [[0, 13]], ""5"": [[0, 4]], ""6"": [[3, 13]], ""7"": [[1, 12]], ""8"": [[0, 2]], ""9"": [[1, 12]]}","[1, 1, 1, 1, 1, 1, 1, 1, 1, 1]"
53,2,sense_sinr_budgeted,0.3,0.006666666666666667,0.022222222222222223,3,2,12,"{""0"": [], ""1"": [], ""2"": [[10, 5], [9, 5]], ""3"": [[11, 3], [14, 3], [9, 3], [13, 3]], ""4"": [[11, 13], [13, 11], [3, 13], [13, 3], [6, 13], [8, 13]], ""5"": [], ""6"": [], ""7"": [], ""8"": [], ""9"": []}","[0, 0, 1, 1, 1, 0, 0, 0, 0, 0]"
53,2,balanced_sinr,0.9,0.03,0.03,10,2,12,"{""0"": [[1, 12]], ""1"": [[6, 13]], ""2"": [[5, 10]], ""3"": [[3, 14], [11, 3]], ""4"": [[11, 13], [3, 13]], ""5"": [[0, 4]], ""6"": [[3, 13]], ""7"": [[10, 12]], ""8"": [[4, 2]], ""9"": [[7, 12]]}","[1, 0, 1, 1, 1, 1, 1, 1, 1, 1]"
54,2,proposed_c2f_adaptive_pd,1.0,0.056666666666666664,0.056666666666666664,10,0,10,"{""0"": [[0, 8]], ""1"": [[3, 13]], ""2"": [[8, 4]], ""3"": [[2, 11]], ""4"": [[0, 12]], ""5"": [[0, 7]], ""6"": [[0, 11]], ""7"": [[6, 7]], ""8"": [[0, 4]], ""9"": [[10, 13]]}","[1, 1, 1, 1, 1, 1, 1, 1, 1, 1]"
54,2,sense_sinr_budgeted,0.4,0.016666666666666666,0.041666666666666664,4,2,12,"{""0"": [], ""1"": [], ""2"": [], ""3"": [], ""4"": [[0, 12], [5, 12], [9, 12]], ""5"": [[4, 7], [7, 4]], ""6"": [[8, 11], [2, 11]], ""7"": [], ""8"": [[8, 4], [4, 8], [11, 4], [2, 4], [0, 4]], ""9"": []}","[0, 0, 0, 0, 1, 1, 1, 0, 1, 0]"
54,2,balanced_sinr,1.0,0.03666666666666667,0.03666666666666667,10,2,12,"{""0"": [[4, 8]], ""1"": [[3, 6]], ""2"": [[8, 4]], ""3"": [[14, 11]], ""4"": [[0, 12], [5, 12]], ""5"": [[4, 7]], ""6"": [[11, 8], [8, 11]], ""7"": [[6, 7]], ""8"": [[8, 4]], ""9"": [[10, 13]]}","[1, 1, 1, 1, 1, 1, 1, 1, 1, 1]"
55,2,proposed_c2f_adaptive_pd,1.0,0.043333333333333335,0.043333333333333335,10,0,12,"{""0"": [[3, 2]], ""1"": [[1, 2]], ""2"": [[1, 7]], ""3"": [[5, 0]], ""4"": [[2, 8], [4, 8]], ""5"": [[1, 2]], ""6"": [[2, 1]], ""7"": [[1, 4]], ""8"": [[8, 3], [2, 3]], ""9"": [[6, 14]]}","[1, 1, 1, 1, 1, 1, 1, 1, 1, 1]"
55,2,sense_sinr_budgeted,0.3,0.006666666666666667,0.022222222222222223,3,2,12,"{""0"": [], ""1"": [], ""2"": [[4, 7]], ""3"": [], ""4"": [], ""5"": [], ""6"": [[1, 13], [13, 1], [4, 1], [7, 1], [2, 1], [8, 1]], ""7"": [[4, 8], [8, 4], [2, 4], [7, 4], [1, 4]], ""8"": [], ""9"": []}","[0, 0, 1, 0, 0, 0, 1, 1, 0, 0]"
55,2,balanced_sinr,1.0,0.023333333333333334,0.023333333333333334,10,2,12,"{""0"": [[3, 2]], ""1"": [[4, 2]], ""2"": [[4, 7]], ""3"": [[9, 0]], ""4"": [[4, 8]], ""5"": [[3, 2]], ""6"": [[1, 13], [13, 1]], ""7"": [[4, 8], [8, 4]], ""8"": [[2, 3]], ""9"": [[9, 14]]}","[1, 1, 1, 1, 1, 1, 1, 1, 1, 1]"
56,2,proposed_c2f_adaptive_pd,1.0,0.023333333333333334,0.023333333333333334,10,0,10,"{""0"": [[7, 4]], ""1"": [[0, 1]], ""2"": [[1, 7]], ""3"": [[9, 1]], ""4"": [[1, 9]], ""5"": [[0, 12]], ""6"": [[2, 5]], ""7"": [[1, 4]], ""8"": [[1, 12]], ""9"": [[2, 1]]}","[1, 1, 1, 1, 1, 1, 1, 1, 1, 1]"
56,2,sense_sinr_budgeted,0.4,0.016666666666666666,0.041666666666666664,4,2,12,"{""0"": [], ""1"": [[2, 1], [13, 1], [3, 1], [5, 1]], ""2"": [[10, 9], [10, 7], [9, 7]], ""3"": [], ""4"": [], ""5"": [[8, 12], [12, 8], [11, 12], [13, 12]], ""6"": [], ""7"": [], ""8"": [], ""9"": [[13, 1]]}","[0, 1, 1, 0, 0, 1, 0, 0, 0, 1]"
56,2,balanced_sinr,1.0,0.04,0.04,10,2,12,"{""0"": [[10, 4]], ""1"": [[2, 1], [13, 1]], ""2"": [[10, 9]], ""3"": [[13, 1]], ""4"": [[9, 7]], ""5"": [[8, 12], [11, 12]], ""6"": [[2, 5]], ""7"": [[10, 4]], ""8"": [[11, 12]], ""9"": [[13, 1]]}","[1, 1, 1, 1, 1, 1, 1, 1, 1, 1]"
57,2,proposed_c2f_adaptive_pd,1.0,0.02666666666666667,0.02666666666666667,10,0,10,"{""0"": [[3, 1]], ""1"": [[0, 1]], ""2"": [[0, 7]], ""3"": [[0, 13]], ""4"": [[0, 10]], ""5"": [[3, 1]], ""6"": [[1, 4]], ""7"": [[0, 1]], ""8"": [[0, 2]], ""9"": [[0, 11]]}","[1, 1, 1, 1, 1, 1, 1, 1, 1, 1]"
57,2,sense_sinr_budgeted,0.4,0.02666666666666667,0.06666666666666667,4,2,12,"{""0"": [], ""1"": [[4, 1], [3, 1]], ""2"": [], ""3"": [[13, 5], [5, 13], [12, 13]], ""4"": [[10, 9], [9, 10], [8, 10], [14, 10], [6, 10], [11, 10]], ""5"": [], ""6"": [], ""7"": [], ""8"": [[0, 2]], ""9"": []}","[0, 1, 0, 1, 1, 0, 0, 0, 1, 0]"
57,2,balanced_sinr,1.0,0.05,0.05,10,2,12,"{""0"": [[4, 1]], ""1"": [[4, 1]], ""2"": [[0, 7]], ""3"": [[13, 5], [5, 13]], ""4"": [[10, 9], [9, 10]], ""5"": [[3, 1]], ""6"": [[1, 4]], ""7"": [[4, 1]], ""8"": [[0, 2]], ""9"": [[6, 11]]}","[1, 1, 1, 1, 1, 1, 1, 1, 1, 1]"
58,2,proposed_c2f_adaptive_pd,1.0,0.05,0.05,10,0,10,"{""0"": [[1, 13]], ""1"": [[2, 0]], ""2"": [[0, 2]], ""3"": [[1, 4]], ""4"": [[0, 6]], ""5"": [[0, 11]], ""6"": [[0, 4]], ""7"": [[1, 5]], ""8"": [[1, 5]], ""9"": [[0, 10]]}","[1, 1, 1, 1, 1, 1, 1, 1, 1, 1]"
58,2,sense_sinr_budgeted,0.6,0.023333333333333334,0.03888888888888889,6,2,12,"{""0"": [[13, 5], [5, 13]], ""1"": [[7, 0], [3, 0], [9, 0]], ""2"": [[14, 2], [2, 14], [1, 2]], ""3"": [], ""4"": [], ""5"": [[8, 11]], ""6"": [], ""7"": [[14, 5]], ""8"": [], ""9"": [[11, 10], [8, 10]]}","[1, 1, 1, 0, 0, 1, 0, 1, 0, 1]"
58,2,balanced_sinr,1.0,0.03666666666666667,0.03666666666666667,10,2,12,"{""0"": [[13, 5], [5, 13]], ""1"": [[7, 0]], ""2"": [[14, 2], [2, 14]], ""3"": [[2, 4]], ""4"": [[9, 6]], ""5"": [[8, 11]], ""6"": [[2, 4]], ""7"": [[14, 5]], ""8"": [[13, 5]], ""9"": [[11, 10]]}","[1, 1, 1, 1, 1, 1, 1, 1, 1, 1]"
59,2,proposed_c2f_adaptive_pd,1.0,0.06333333333333334,0.06333333333333334,10,0,10,"{""0"": [[4, 1]], ""1"": [[4, 1]], ""2"": [[0, 3]], ""3"": [[0, 5]], ""4"": [[13, 14]], ""5"": [[13, 5]], ""6"": [[4, 3]], ""7"": [[0, 5]], ""8"": [[3, 13]], ""9"": [[0, 3]]}","[1, 1, 1, 1, 1, 1, 1, 1, 1, 1]"
59,2,sense_sinr_budgeted,0.4,0.016666666666666666,0.041666666666666664,4,2,12,"{""0"": [], ""1"": [[8, 1]], ""2"": [], ""3"": [[7, 5], [5, 7], [13, 5], [14, 5]], ""4"": [], ""5"": [], ""6"": [], ""7"": [[13, 5], [0, 5], [5, 13], [2, 5], [7, 5]], ""8"": [], ""9"": [[6, 3], [7, 3]]}","[0, 1, 0, 1, 0, 0, 0, 1, 0, 1]"
59,2,balanced_sinr,1.0,0.056666666666666664,0.056666666666666664,10,2,12,"{""0"": [[4, 9]], ""1"": [[8, 1]], ""2"": [[7, 3]], ""3"": [[7, 5], [13, 5]], ""4"": [[13, 14]], ""5"": [[13, 5]], ""6"": [[4, 3]], ""7"": [[13, 5], [0, 5]], ""8"": [[14, 13]], ""9"": [[3, 6]]}","[1, 1, 1, 1, 1, 1, 1, 1, 1, 1]"
60,2,proposed_c2f_adaptive_pd,1.0,0.056666666666666664,0.056666666666666664,10,1,12,"{""0"": [[0, 8]], ""1"": [[1, 10]], ""2"": [[0, 2]], ""3"": [[0, 8]], ""4"": [[3, 8]], ""5"": [[0, 8]], ""6"": [[0, 11]], ""7"": [[0, 8]], ""8"": [[0, 2]], ""9"": [[9, 8], [8, 9], [0, 8]]}","[1, 1, 1, 1, 1, 1, 1, 1, 1, 1]"
60,2,sense_sinr_budgeted,0.3,0.02666666666666667,0.08888888888888889,3,2,12,"{""0"": [], ""1"": [[13, 10], [1, 10], [2, 10]], ""2"": [[4, 2], [1, 2], [13, 2]], ""3"": [], ""4"": [], ""5"": [], ""6"": [], ""7"": [], ""8"": [[1, 2], [2, 1], [2, 4], [4, 2], [13, 2], [10, 2]], ""9"": []}","[0, 1, 1, 0, 0, 0, 0, 0, 1, 0]"
60,2,balanced_sinr,1.0,0.056666666666666664,0.056666666666666664,10,2,12,"{""0"": [[0, 8]], ""1"": [[13, 10]], ""2"": [[2, 4], [4, 2]], ""3"": [[0, 8]], ""4"": [[3, 8]], ""5"": [[3, 8]], ""6"": [[4, 11]], ""7"": [[0, 8]], ""8"": [[1, 2], [2, 1]], ""9"": [[9, 8]]}","[1, 1, 1, 1, 1, 1, 1, 1, 1, 1]"
61,2,proposed_c2f_adaptive_pd,1.0,0.043333333333333335,0.043333333333333335,10,0,10,"{""0"": [[0, 6]], ""1"": [[0, 10]], ""2"": [[0, 4]], ""3"": [[3, 0]], ""4"": [[4, 13]], ""5"": [[0, 14]], ""6"": [[12, 11]], ""7"": [[0, 13]], ""8"": [[0, 9]], ""9"": [[1, 11]]}","[1, 1, 1, 1, 1, 1, 1, 1, 1, 1]"
61,2,sense_sinr_budgeted,0.5,0.013333333333333334,0.02666666666666667,5,2,12,"{""0"": [], ""1"": [[7, 10], [3, 10]], ""2"": [[14, 4], [13, 4]], ""3"": [[6, 0]], ""4"": [], ""5"": [[14, 4], [4, 14], [14, 8], [8, 14], [9, 14], [13, 14]], ""6"": [], ""7"": [], ""8"": [[0, 9]], ""9"": []}","[0, 1, 1, 1, 0, 1, 0, 0, 1, 0]"
61,2,balanced_sinr,1.0,0.04,0.04,10,2,12,"{""0"": [[13, 6]], ""1"": [[10, 7], [7, 10]], ""2"": [[14, 4]], ""3"": [[6, 0]], ""4"": [[4, 13]], ""5"": [[14, 4], [4, 14]], ""6"": [[12, 11]], ""7"": [[4, 13]], ""8"": [[0, 9]], ""9"": [[1, 11]]}","[1, 1, 1, 1, 1, 1, 1, 1, 1, 1]"
62,2,proposed_c2f_adaptive_pd,0.9,0.04,0.044444444444444446,10,1,12,"{""0"": [[0, 11]], ""1"": [[11, 14]], ""2"": [[0, 13]], ""3"": [[3, 6]], ""4"": [[1, 9]], ""5"": [[0, 3]], ""6"": [[0, 11]], ""7"": [[0, 5]], ""8"": [[9, 3], [2, 9], [10, 9]], ""9"": [[3, 9]]}","[0, 1, 1, 1, 1, 1, 1, 1, 1, 1]"
62,2,sense_sinr_budgeted,0.4,0.02,0.05,4,2,12,"{""0"": [[0, 11], [14, 11], [4, 11]], ""1"": [], ""2"": [[1, 13]], ""3"": [], ""4"": [], ""5"": [[5, 3], [3, 5], [9, 3]], ""6"": [[0, 11], [11, 0], [4, 11], [14, 11], [12, 11]], ""7"": [], ""8"": [], ""9"": []}","[1, 0, 1, 0, 0, 1, 1, 0, 0, 0]"
62,2,balanced_sinr,0.8,0.04666666666666667,0.05185185185185185,10,2,12,"{""0"": [[0, 11]], ""1"": [[11, 14]], ""2"": [[13, 1]], ""3"": [[7, 6]], ""4"": [[9, 12]], ""5"": [[5, 3], [9, 3]], ""6"": [[0, 11], [4, 11]], ""7"": [[6, 5]], ""8"": [[2, 9]], ""9"": [[3, 9]]}","[0, 1, 1, 1, 1, 1, 1, 1, 0, 1]"
63,2,proposed_c2f_adaptive_pd,1.0,0.03,0.03,10,0,12,"{""0"": [[0, 4]], ""1"": [[9, 12]], ""2"": [[0, 4]], ""3"": [[0, 14]], ""4"": [[0, 8]], ""5"": [[0, 6]], ""6"": [[0, 9]], ""7"": [[0, 9]], ""8"": [[1, 10]], ""9"": [[9, 8], [13, 8], [14, 8]]}","[1, 1, 1, 1, 1, 1, 1, 1, 1, 1]"
63,2,sense_sinr_budgeted,0.5,0.04,0.08,5,2,12,"{""0"": [[4, 5], [5, 4], [0, 4]], ""1"": [], ""2"": [[4, 0], [5, 4], [0, 4]], ""3"": [[2, 14]], ""4"": [[14, 8], [13, 8], [3, 8], [2, 8]], ""5"": [[5, 6]], ""6"": [], ""7"": [], ""8"": [], ""9"": []}","[1, 0, 1, 1, 1, 1, 0, 0, 0, 0]"
63,2,balanced_sinr,1.0,0.04666666666666667,0.04666666666666667,10,2,12,"{""0"": [[4, 5], [5, 4]], ""1"": [[9, 12]], ""2"": [[4, 0], [5, 4]], ""3"": [[2, 14]], ""4"": [[14, 8]], ""5"": [[5, 6]], ""6"": [[12, 9]], ""7"": [[7, 9]], ""8"": [[7, 10]], ""9"": [[9, 8]]}","[1, 1, 1, 1, 1, 1, 1, 1, 1, 1]"
64,2,proposed_c2f_adaptive_pd,1.0,0.06,0.06,10,0,10,"{""0"": [[8, 3]], ""1"": [[2, 13]], ""2"": [[2, 10]], ""3"": [[0, 7]], ""4"": [[1, 6]], ""5"": [[1, 6]], ""6"": [[0, 7]], ""7"": [[0, 12]], ""8"": [[1, 6]], ""9"": [[0, 12]]}","[1, 1, 1, 1, 1, 1, 1, 1, 1, 1]"
64,2,sense_sinr_budgeted,0.3,0.013333333333333334,0.044444444444444446,3,2,12,"{""0"": [], ""1"": [[5, 13], [10, 13], [2, 13], [14, 13]], ""2"": [[13, 10], [4, 10], [2, 10]], ""3"": [], ""4"": [], ""5"": [], ""6"": [], ""7"": [[12, 8], [8, 12], [12, 3], [3, 12], [11, 12]], ""8"": [], ""9"": []}","[0, 1, 1, 0, 0, 0, 0, 1, 0, 0]"
64,2,balanced_sinr,1.0,0.07,0.07,10,2,12,"{""0"": [[12, 3]], ""1"": [[13, 5], [5, 13]], ""2"": [[13, 10]], ""3"": [[12, 7]], ""4"": [[1, 6]], ""5"": [[1, 6]], ""6"": [[12, 7]], ""7"": [[12, 8], [8, 12]], ""8"": [[1, 6]], ""9"": [[8, 12]]}","[1, 1, 1, 1, 1, 1, 1, 1, 1, 1]"
65,2,proposed_c2f_adaptive_pd,1.0,0.043333333333333335,0.043333333333333335,10,0,10,"{""0"": [[0, 14]], ""1"": [[2, 0]], ""2"": [[4, 14]], ""3"": [[1, 0]], ""4"": [[0, 9]], ""5"": [[1, 13]], ""6"": [[0, 5]], ""7"": [[0, 3]], ""8"": [[0, 7]], ""9"": [[0, 8]]}","[1, 1, 1, 1, 1, 1, 1, 1, 1, 1]"
65,2,sense_sinr_budgeted,0.5,0.01,0.02,5,2,12,"{""0"": [[0, 14]], ""1"": [], ""2"": [], ""3"": [[0, 8], [8, 0], [0, 7], [7, 0], [14, 0], [2, 0]], ""4"": [], ""5"": [[10, 13], [1, 13]], ""6"": [], ""7"": [[11, 3], [2, 3]], ""8"": [], ""9"": [[2, 8]]}","[1, 0, 0, 1, 0, 1, 0, 1, 0, 1]"
65,2,balanced_sinr,1.0,0.03666666666666667,0.03666666666666667,10,2,12,"{""0"": [[0, 14]], ""1"": [[8, 0]], ""2"": [[6, 14]], ""3"": [[0, 8], [8, 0]], ""4"": [[2, 9]], ""5"": [[10, 13]], ""6"": [[7, 5]], ""7"": [[3, 11], [11, 3]], ""8"": [[0, 7]], ""9"": [[2, 8]]}","[1, 1, 1, 1, 1, 1, 1, 1, 1, 1]"
66,2,proposed_c2f_adaptive_pd,1.0,0.06,0.06,10,0,12,"{""0"": [[2, 11]], ""1"": [[8, 9], [5, 9]], ""2"": [[0, 2]], ""3"": [[0, 1]], ""4"": [[0, 6]], ""5"": [[6, 11]], ""6"": [[8, 9], [2, 9]], ""7"": [[3, 13]], ""8"": [[0, 2]], ""9"": [[1, 11]]}","[1, 1, 1, 1, 1, 1, 1, 1, 1, 1]"
66,2,sense_sinr_budgeted,0.5,0.016666666666666666,0.03333333333333333,5,2,12,"{""0"": [], ""1"": [], ""2"": [[6, 2], [8, 2]], ""3"": [[12, 1]], ""4"": [[6, 2], [2, 6], [13, 6]], ""5"": [], ""6"": [], ""7"": [], ""8"": [[8, 2], [5, 2], [12, 2]], ""9"": [[6, 11], [11, 6], [13, 11]]}","[0, 0, 1, 1, 1, 0, 0, 0, 1, 1]"
66,2,balanced_sinr,1.0,0.04666666666666667,0.04666666666666667,10,2,12,"{""0"": [[6, 11]], ""1"": [[5, 9]], ""2"": [[6, 2]], ""3"": [[1, 12]], ""4"": [[6, 2], [2, 6]], ""5"": [[6, 11]], ""6"": [[8, 9]], ""7"": [[3, 13]], ""8"": [[8, 2], [5, 2]], ""9"": [[6, 11]]}","[1, 1, 1, 1, 1, 1, 1, 1, 1, 1]"
67,2,proposed_c2f_adaptive_pd,1.0,0.05,0.05,10,1,12,"{""0"": [[6, 8], [0, 8]], ""1"": [[2, 3]], ""2"": [[9, 13]], ""3"": [[1, 5]], ""4"": [[5, 11], [9, 13]], ""5"": [[2, 6]], ""6"": [[3, 2]], ""7"": [[0, 5]], ""8"": [[0, 6]], ""9"": [[6, 2]]}","[1, 1, 1, 1, 1, 1, 1, 1, 1, 1]"
67,2,sense_sinr_budgeted,0.3,0.02666666666666667,0.08888888888888889,3,2,12,"{""0"": [], ""1"": [], ""2"": [], ""3"": [[9, 5], [13, 5], [14, 5]], ""4"": [], ""5"": [], ""6"": [], ""7"": [[9, 5], [13, 5], [5, 9], [5, 13], [10, 5], [11, 5]], ""8"": [[5, 6], [1, 6], [0, 6]], ""9"": []}","[0, 0, 0, 1, 0, 0, 0, 1, 1, 0]"
67,2,balanced_sinr,1.0,0.02666666666666667,0.02666666666666667,10,1,12,"{""0"": [[0, 8]], ""1"": [[10, 3]], ""2"": [[9, 13]], ""3"": [[9, 5], [13, 5]], ""4"": [[9, 13]], ""5"": [[6, 2]], ""6"": [[3, 2]], ""7"": [[9, 5], [13, 5]], ""8"": [[5, 6]], ""9"": [[6, 2]]}","[1, 1, 1, 1, 1, 1, 1, 1, 1, 1]"
68,2,proposed_c2f_adaptive_pd,1.0,0.03,0.03,10,0,10,"{""0"": [[0, 11]], ""1"": [[0, 9]], ""2"": [[0, 4]], ""3"": [[0, 9]], ""4"": [[0, 7]], ""5"": [[0, 9]], ""6"": [[1, 7]], ""7"": [[2, 0]], ""8"": [[6, 3]], ""9"": [[0, 8]]}","[1, 1, 1, 1, 1, 1, 1, 1, 1, 1]"
68,2,sense_sinr_budgeted,0.5,0.01,0.02,5,2,12,"{""0"": [], ""1"": [[7, 9], [9, 7], [9, 14], [14, 9], [8, 9], [6, 9]], ""2"": [[12, 4], [11, 4]], ""3"": [], ""4"": [[1, 7]], ""5"": [], ""6"": [[9, 7]], ""7"": [], ""8"": [], ""9"": [[1, 8], [9, 8]]}","[0, 1, 1, 0, 1, 0, 1, 0, 0, 1]"
68,2,balanced_sinr,1.0,0.03,0.03,10,2,12,"{""0"": [[0, 11]], ""1"": [[7, 9], [14, 9]], ""2"": [[12, 4], [11, 4]], ""3"": [[6, 9]], ""4"": [[1, 7]], ""5"": [[0, 9]], ""6"": [[9, 7]], ""7"": [[0, 14]], ""8"": [[3, 13]], ""9"": [[1, 8]]}","[1, 1, 1, 1, 1, 1, 1, 1, 1, 1]"
69,2,proposed_c2f_adaptive_pd,1.0,0.03666666666666667,0.03666666666666667,10,0,11,"{""0"": [[4, 14], [3, 14]], ""1"": [[1, 11]], ""2"": [[0, 14]], ""3"": [[0, 3]], ""4"": [[1, 6]], ""5"": [[7, 12]], ""6"": [[1, 9]], ""7"": [[0, 10]], ""8"": [[0, 3]], ""9"": [[4, 11]]}","[1, 1, 1, 1, 1, 1, 1, 1, 1, 1]"
69,2,sense_sinr_budgeted,0.3,0.01,0.03333333333333333,3,2,12,"{""0"": [], ""1"": [], ""2"": [], ""3"": [[3, 8], [8, 3], [3, 0], [0, 3], [14, 3], [4, 3]], ""4"": [], ""5"": [], ""6"": [[1, 9], [6, 9], [10, 9], [13, 9], [11, 9]], ""7"": [[9, 10]], ""8"": [], ""9"": []}","[0, 0, 0, 1, 0, 0, 1, 1, 0, 0]"
69,2,balanced_sinr,1.0,0.04666666666666667,0.04666666666666667,10,2,12,"{""0"": [[4, 14]], ""1"": [[1, 11]], ""2"": [[4, 14]], ""3"": [[3, 8], [8, 3]], ""4"": [[13, 6]], ""5"": [[7, 12]], ""6"": [[9, 1], [1, 9]], ""7"": [[9, 10]], ""8"": [[0, 3]], ""9"": [[4, 11]]}","[1, 1, 1, 1, 1, 1, 1, 1, 1, 1]"
70,2,proposed_c2f_adaptive_pd,0.9,0.023333333333333334,0.023333333333333334,10,0,12,"{""0"": [[0, 6]], ""1"": [[0, 7]], ""2"": [[2, 12]], ""3"": [[2, 9]], ""4"": [[0, 4]], ""5"": [[0, 6]], ""6"": [[0, 14]], ""7"": [[8, 7]], ""8"": [[0, 11]], ""9"": [[2, 11], [9, 11], [3, 11]]}","[1, 1, 0, 1, 1, 1, 1, 1, 1, 1]"
70,2,sense_sinr_budgeted,0.3,0.006666666666666667,0.022222222222222223,3,2,12,"{""0"": [], ""1"": [[8, 7]], ""2"": [], ""3"": [], ""4"": [[4, 6], [6, 4], [12, 4], [1, 4], [10, 4], [0, 4]], ""5"": [[4, 6], [6, 4], [12, 6], [10, 6], [0, 6]], ""6"": [], ""7"": [], ""8"": [], ""9"": []}","[0, 1, 0, 0, 1, 1, 0, 0, 0, 0]"
70,2,balanced_sinr,0.8,0.03333333333333333,0.03333333333333333,10,2,12,"{""0"": [[4, 6]], ""1"": [[8, 7]], ""2"": [[2, 12]], ""3"": [[2, 9]], ""4"": [[4, 6], [6, 4]], ""5"": [[4, 6], [6, 4]], ""6"": [[10, 14]], ""7"": [[8, 7]], ""8"": [[3, 11]], ""9"": [[9, 11]]}","[1, 1, 0, 1, 1, 1, 1, 1, 1, 0]"
71,2,proposed_c2f_adaptive_pd,1.0,0.07666666666666666,0.07666666666666666,10,0,10,"{""0"": [[0, 2]], ""1"": [[4, 6]], ""2"": [[0, 12]], ""3"": [[4, 9]], ""4"": [[4, 6]], ""5"": [[0, 6]], ""6"": [[1, 7]], ""7"": [[4, 6]], ""8"": [[4, 6]], ""9"": [[0, 1]]}","[1, 1, 1, 1, 1, 1, 1, 1, 1, 1]"
71,2,sense_sinr_budgeted,0.4,0.03,0.075,4,2,12,"{""0"": [[13, 2], [3, 2], [8, 2]], ""1"": [], ""2"": [[8, 12], [10, 12], [11, 12]], ""3"": [], ""4"": [], ""5"": [[9, 6], [6, 9], [6, 5], [5, 6], [7, 6]], ""6"": [], ""7"": [], ""8"": [], ""9"": [[7, 1]]}","[1, 0, 1, 0, 0, 1, 0, 0, 0, 1]"
71,2,balanced_sinr,0.9,0.05333333333333334,0.05333333333333334,10,2,12,"{""0"": [[2, 13], [13, 2]], ""1"": [[9, 6]], ""2"": [[8, 12]], ""3"": [[6, 9]], ""4"": [[9, 6]], ""5"": [[9, 6], [5, 6]], ""6"": [[1, 7]], ""7"": [[9, 6]], ""8"": [[5, 6]], ""9"": [[1, 7]]}","[1, 1, 1, 1, 1, 1, 1, 0, 1, 1]"
72,2,proposed_c2f_adaptive_pd,1.0,0.023333333333333334,0.023333333333333334,10,0,10,"{""0"": [[7, 5]], ""1"": [[0, 11]], ""2"": [[1, 4]], ""3"": [[1, 14]], ""4"": [[0, 12]], ""5"": [[3, 1]], ""6"": [[0, 12]], ""7"": [[0, 2]], ""8"": [[2, 14]], ""9"": [[0, 7]]}","[1, 1, 1, 1, 1, 1, 1, 1, 1, 1]"
72,2,sense_sinr_budgeted,0.3,0.016666666666666666,0.05555555555555555,3,2,12,"{""0"": [], ""1"": [[2, 11]], ""2"": [], ""3"": [], ""4"": [], ""5"": [[10, 1], [9, 1], [8, 1], [4, 1], [13, 1]], ""6"": [], ""7"": [], ""8"": [], ""9"": [[7, 5], [5, 7], [4, 7], [7, 4], [8, 7], [9, 7]]}","[0, 1, 0, 0, 0, 1, 0, 0, 0, 1]"
72,2,balanced_sinr,0.9,0.02666666666666667,0.02962962962962963,10,2,12,"{""0"": [[7, 5]], ""1"": [[11, 2]], ""2"": [[3, 4]], ""3"": [[5, 14]], ""4"": [[3, 12]], ""5"": [[10, 1], [9, 1]], ""6"": [[3, 12]], ""7"": [[11, 2]], ""8"": [[6, 14]], ""9"": [[7, 5], [5, 7]]}","[1, 1, 1, 0, 1, 1, 1, 1, 1, 1]"
73,2,proposed_c2f_adaptive_pd,1.0,0.043333333333333335,0.043333333333333335,10,0,10,"{""0"": [[0, 10]], ""1"": [[0, 1]], ""2"": [[4, 0]], ""3"": [[1, 0]], ""4"": [[0, 12]], ""5"": [[2, 8]], ""6"": [[0, 5]], ""7"": [[1, 11]], ""8"": [[10, 0]], ""9"": [[0, 10]]}","[1, 1, 1, 1, 1, 1, 1, 1, 1, 1]"
73,2,sense_sinr_budgeted,0.4,0.016666666666666666,0.041666666666666664,4,2,12,"{""0"": [], ""1"": [[11, 1]], ""2"": [], ""3"": [[0, 12], [12, 0], [0, 10], [10, 0], [4, 0], [13, 0]], ""4"": [], ""5"": [], ""6"": [[1, 5], [11, 5], [7, 5], [2, 5]], ""7"": [[1, 11]], ""8"": [], ""9"": []}","[0, 1, 0, 1, 0, 0, 1, 1, 0, 0]"
73,2,balanced_sinr,1.0,0.06,0.06,10,2,12,"{""0"": [[0, 10]], ""1"": [[11, 1]], ""2"": [[12, 0]], ""3"": [[0, 12], [12, 0]], ""4"": [[13, 12]], ""5"": [[3, 8]], ""6"": [[5, 1], [1, 5]], ""7"": [[1, 11]], ""8"": [[12, 0]], ""9"": [[0, 10]]}","[1, 1, 1, 1, 1, 1, 1, 1, 1, 1]"
74,2,proposed_c2f_adaptive_pd,0.8,0.04666666666666667,0.04666666666666667,10,1,12,"{""0"": [[0, 5]], ""1"": [[0, 12]], ""2"": [[13, 9], [9, 13], [12, 13]], ""3"": [[11, 4]], ""4"": [[6, 0]], ""5"": [[0, 13]], ""6"": [[0, 12]], ""7"": [[1, 8]], ""8"": [[0, 6]], ""9"": [[0, 11]]}","[1, 1, 0, 1, 1, 1, 1, 1, 1, 0]"
74,2,sense_sinr_budgeted,0.3,0.01,0.03333333333333333,3,2,12,"{""0"": [[10, 5], [14, 5], [4, 5], [11, 5], [3, 5]], ""1"": [], ""2"": [], ""3"": [], ""4"": [], ""5"": [[13, 9], [9, 13], [12, 13]], ""6"": [], ""7"": [], ""8"": [], ""9"": [[11, 14], [14, 11], [4, 11], [5, 11]]}","[1, 0, 0, 0, 0, 1, 0, 0, 0, 1]"
74,2,balanced_sinr,0.9,0.043333333333333335,0.043333333333333335,10,2,12,"{""0"": [[10, 5]], ""1"": [[13, 12]], ""2"": [[12, 13]], ""3"": [[11, 4]], ""4"": [[6, 0]], ""5"": [[13, 9], [9, 13]], ""6"": [[6, 12]], ""7"": [[13, 8]], ""8"": [[0, 6]], ""9"": [[11, 14], [14, 11]]}","[1, 1, 0, 1, 1, 1, 1, 1, 1, 1]"
75,2,proposed_c2f_adaptive_pd,1.0,0.056666666666666664,0.056666666666666664,10,0,10,"{""0"": [[5, 8]], ""1"": [[0, 9]], ""2"": [[0, 12]], ""3"": [[0, 10]], ""4"": [[11, 13]], ""5"": [[8, 5]], ""6"": [[9, 5]], ""7"": [[0, 13]], ""8"": [[0, 11]], ""9"": [[0, 9]]}","[1, 1, 1, 1, 1, 1, 1, 1, 1, 1]"
75,2,sense_sinr_budgeted,0.4,0.023333333333333334,0.058333333333333334,4,2,12,"{""0"": [], ""1"": [], ""2"": [[8, 12], [11, 12], [8, 11]], ""3"": [[12, 10], [2, 10], [11, 10], [14, 10]], ""4"": [], ""5"": [], ""6"": [], ""7"": [], ""8"": [[11, 2], [2, 11], [12, 11]], ""9"": [[1, 9], [0, 9]]}","[0, 0, 1, 1, 0, 0, 0, 0, 1, 1]"
75,2,balanced_sinr,1.0,0.04666666666666667,0.04666666666666667,10,2,12,"{""0"": [[5, 8]], ""1"": [[9, 5]], ""2"": [[8, 12], [11, 12]], ""3"": [[12, 10]], ""4"": [[11, 13]], ""5"": [[8, 5]], ""6"": [[9, 5]], ""7"": [[8, 13]], ""8"": [[11, 2], [2, 11]], ""9"": [[1, 9]]}","[1, 1, 1, 1, 1, 1, 1, 1, 1, 1]"
76,2,proposed_c2f_adaptive_pd,1.0,0.03666666666666667,0.03666666666666667,10,0,12,"{""0"": [[0, 12]], ""1"": [[5, 2]], ""2"": [[0, 3]], ""3"": [[3, 2]], ""4"": [[2, 5]], ""5"": [[9, 12]], ""6"": [[8, 14], [9, 14]], ""7"": [[1, 11]], ""8"": [[5, 2], [8, 2]], ""9"": [[0, 10]]}","[1, 1, 1, 1, 1, 1, 1, 1, 1, 1]"
76,2,sense_sinr_budgeted,0.4,0.01,0.025,4,2,12,"{""0"": [], ""1"": [], ""2"": [[13, 3], [0, 3]], ""3"": [[5, 2]], ""4"": [], ""5"": [], ""6"": [], ""7"": [[7, 11], [4, 11], [10, 11]], ""8"": [], ""9"": [[10, 6], [4, 10], [10, 11], [6, 10], [11, 10], [14, 10]]}","[0, 0, 1, 1, 0, 0, 0, 1, 0, 1]"
76,2,balanced_sinr,1.0,0.03,0.03,10,2,12,"{""0"": [[13, 12]], ""1"": [[5, 2]], ""2"": [[13, 3]], ""3"": [[5, 2]], ""4"": [[2, 5]], ""5"": [[9, 12]], ""6"": [[8, 14]], ""7"": [[11, 7], [7, 11]], ""8"": [[5, 2]], ""9"": [[10, 6], [4, 10]]}","[1, 1, 1, 1, 1, 1, 1, 1, 1, 1]"
77,2,proposed_c2f_adaptive_pd,1.0,0.04666666666666667,0.04666666666666667,10,0,10,"{""0"": [[2, 7]], ""1"": [[0, 2]], ""2"": [[2, 11]], ""3"": [[0, 6]], ""4"": [[0, 3]], ""5"": [[2, 4]], ""6"": [[1, 0]], ""7"": [[4, 2]], ""8"": [[0, 1]], ""9"": [[1, 0]]}","[1, 1, 1, 1, 1, 1, 1, 1, 1, 1]"
77,2,sense_sinr_budgeted,0.4,0.03666666666666667,0.09166666666666666,4,2,12,"{""0"": [], ""1"": [[5, 2], [11, 2], [4, 2]], ""2"": [], ""3"": [[4, 6], [6, 4], [8, 6]], ""4"": [[10, 3], [13, 3], [12, 3], [9, 3]], ""5"": [], ""6"": [], ""7"": [], ""8"": [[1, 14], [14, 1]], ""9"": []}","[0, 1, 0, 1, 1, 0, 0, 0, 1, 0]"
77,2,balanced_sinr,1.0,0.06666666666666667,0.06666666666666667,10,2,12,"{""0"": [[8, 7]], ""1"": [[2, 5], [5, 2]], ""2"": [[2, 11]], ""3"": [[4, 6]], ""4"": [[10, 3]], ""5"": [[11, 4]], ""6"": [[1, 0]], ""7"": [[11, 2]], ""8"": [[1, 14], [14, 1]], ""9"": [[1, 0]]}","[1, 1, 1, 1, 1, 1, 1, 1, 1, 1]"
78,2,proposed_c2f_adaptive_pd,1.0,0.04,0.04,10,1,12,"{""0"": [[1, 4]], ""1"": [[3, 7]], ""2"": [[0, 12]], ""3"": [[0, 8]], ""4"": [[7, 10], [10, 7], [0, 10]], ""5"": [[0, 8]], ""6"": [[1, 10]], ""7"": [[2, 5]], ""8"": [[2, 5]], ""9"": [[0, 5]]}","[1, 1, 1, 1, 1, 1, 1, 1, 1, 1]"
78,2,sense_sinr_budgeted,0.5,0.016666666666666666,0.03333333333333333,5,2,12,"{""0"": [], ""1"": [], ""2"": [[0, 12], [14, 12], [3, 12]], ""3"": [], ""4"": [], ""5"": [], ""6"": [[13, 10]], ""7"": [[5, 6], [2, 5], [6, 5]], ""8"": [[2, 5], [6, 5]], ""9"": [[2, 5], [5, 2], [9, 5]]}","[0, 0, 1, 0, 0, 0, 1, 1, 1, 1]"
78,2,balanced_sinr,1.0,0.04666666666666667,0.04666666666666667,10,2,12,"{""0"": [[1, 4]], ""1"": [[14, 7]], ""2"": [[0, 12]], ""3"": [[12, 8]], ""4"": [[0, 10]], ""5"": [[13, 8]], ""6"": [[13, 10]], ""7"": [[5, 6], [2, 5]], ""8"": [[2, 5]], ""9"": [[2, 5], [5, 2]]}","[1, 1, 1, 1, 1, 1, 1, 1, 1, 1]"
79,2,proposed_c2f_adaptive_pd,1.0,0.03333333333333333,0.03333333333333333,10,1,12,"{""0"": [[0, 10]], ""1"": [[0, 9]], ""2"": [[1, 7], [6, 7], [7, 6]], ""3"": [[4, 8]], ""4"": [[1, 5]], ""5"": [[1, 12]], ""6"": [[0, 4]], ""7"": [[2, 0]], ""8"": [[0, 9]], ""9"": [[1, 3]]}","[1, 1, 1, 1, 1, 1, 1, 1, 1, 1]"
79,2,sense_sinr_budgeted,0.4,0.02,0.05,4,2,12,"{""0"": [], ""1"": [], ""2"": [], ""3"": [], ""4"": [], ""5"": [], ""6"": [[14, 4]], ""7"": [[13, 0], [0, 13], [8, 0], [4, 0]], ""8"": [[13, 9], [0, 9], [6, 9], [9, 0], [4, 9], [8, 9]], ""9"": [[1, 3]]}","[0, 0, 0, 0, 0, 0, 1, 1, 1, 1]"
79,2,balanced_sinr,1.0,0.06,0.06,10,2,12,"{""0"": [[0, 10]], ""1"": [[6, 9]], ""2"": [[6, 7]], ""3"": [[12, 8]], ""4"": [[12, 5]], ""5"": [[11, 12]], ""6"": [[4, 14]], ""7"": [[13, 0]], ""8"": [[13, 9], [0, 9]], ""9"": [[3, 1], [1, 3]]}","[1, 1, 1, 1, 1, 1, 1, 1, 1, 1]"
80,2,proposed_c2f_adaptive_pd,1.0,0.05333333333333334,0.05333333333333334,10,0,12,"{""0"": [[2, 14]], ""1"": [[0, 11]], ""2"": [[3, 1], [4, 1], [0, 1]], ""3"": [[5, 6]], ""4"": [[0, 11]], ""5"": [[3, 7]], ""6"": [[3, 2]], ""7"": [[1, 0]], ""8"": [[0, 4]], ""9"": [[0, 5]]}","[1, 1, 1, 1, 1, 1, 1, 1, 1, 1]"
80,2,sense_sinr_budgeted,0.4,0.023333333333333334,0.058333333333333334,4,2,12,"{""0"": [], ""1"": [[0, 11]], ""2"": [], ""3"": [], ""4"": [[7, 11], [4, 11], [13, 11]], ""5"": [], ""6"": [], ""7"": [[0, 5], [5, 0], [7, 0], [0, 7], [11, 0], [1, 0]], ""8"": [[3, 4], [9, 4]], ""9"": []}","[0, 1, 0, 0, 1, 0, 0, 1, 1, 0]"
80,2,balanced_sinr,1.0,0.04666666666666667,0.04666666666666667,10,2,12,"{""0"": [[10, 14]], ""1"": [[0, 11]], ""2"": [[3, 1]], ""3"": [[8, 6]], ""4"": [[7, 11]], ""5"": [[4, 7]], ""6"": [[9, 2]], ""7"": [[0, 5], [5, 0]], ""8"": [[4, 3], [3, 4]], ""9"": [[8, 5]]}","[1, 1, 1, 1, 1, 1, 1, 1, 1, 1]"
81,2,proposed_c2f_adaptive_pd,1.0,0.04,0.04,10,0,12,"{""0"": [[2, 14]], ""1"": [[7, 1], [2, 1]], ""2"": [[0, 4]], ""3"": [[0, 12]], ""4"": [[0, 4]], ""5"": [[0, 12]], ""6"": [[0, 6]], ""7"": [[2, 12]], ""8"": [[14, 9], [1, 9]], ""9"": [[1, 8]]}","[1, 1, 1, 1, 1, 1, 1, 1, 1, 1]"
81,2,sense_sinr_budgeted,0.4,0.016666666666666666,0.041666666666666664,4,2,12,"{""0"": [[9, 14]], ""1"": [], ""2"": [[4, 10], [10, 4], [13, 4], [5, 4]], ""3"": [], ""4"": [], ""5"": [[2, 12], [7, 12], [12, 2], [1, 12], [8, 12], [9, 12]], ""6"": [[8, 6]], ""7"": [], ""8"": [], ""9"": []}","[1, 0, 1, 0, 0, 1, 1, 0, 0, 0]"
81,2,balanced_sinr,1.0,0.04,0.04,10,2,12,"{""0"": [[9, 14]], ""1"": [[7, 1]], ""2"": [[4, 10], [10, 4]], ""3"": [[2, 12]], ""4"": [[4, 10]], ""5"": [[2, 12], [7, 12]], ""6"": [[8, 6]], ""7"": [[2, 12]], ""8"": [[14, 9]], ""9"": [[2, 8]]}","[1, 1, 1, 1, 1, 1, 1, 1, 1, 1]"
82,2,proposed_c2f_adaptive_pd,1.0,0.06,0.06,10,0,11,"{""0"": [[0, 2]], ""1"": [[2, 0]], ""2"": [[0, 2], [5, 2]], ""3"": [[0, 1]], ""4"": [[4, 13]], ""5"": [[2, 1]], ""6"": [[0, 5]], ""7"": [[11, 3]], ""8"": [[2, 1]], ""9"": [[0, 1]]}","[1, 1, 1, 1, 1, 1, 1, 1, 1, 1]"
82,2,sense_sinr_budgeted,0.5,0.013333333333333334,0.02666666666666667,5,2,12,"{""0"": [[0, 2], [5, 2]], ""1"": [[2, 0]], ""2"": [], ""3"": [[3, 1], [2, 1], [8, 1], [11, 1]], ""4"": [], ""5"": [], ""6"": [[0, 5], [5, 0], [2, 5], [5, 2]], ""7"": [], ""8"": [[8, 1]], ""9"": []}","[1, 1, 0, 1, 0, 0, 1, 0, 1, 0]"
82,2,balanced_sinr,0.9,0.056666666666666664,0.056666666666666664,10,2,12,"{""0"": [[0, 2]], ""1"": [[0, 2]], ""2"": [[5, 2]], ""3"": [[3, 1], [2, 1]], ""4"": [[4, 9]], ""5"": [[2, 1]], ""6"": [[0, 5], [2, 5]], ""7"": [[11, 3]], ""8"": [[8, 1]], ""9"": [[5, 1]]}","[1, 1, 0, 1, 1, 1, 1, 1, 1, 1]"
83,2,proposed_c2f_adaptive_pd,1.0,0.043333333333333335,0.043333333333333335,10,0,10,"{""0"": [[1, 12]], ""1"": [[9, 10]], ""2"": [[1, 2]], ""3"": [[0, 14]], ""4"": [[0, 2]], ""5"": [[3, 11]], ""6"": [[8, 3]], ""7"": [[1, 0]], ""8"": [[1, 14]], ""9"": [[6, 3]]}","[1, 1, 1, 1, 1, 1, 1, 1, 1, 1]"
83,2,sense_sinr_budgeted,0.5,0.03,0.06,5,2,12,"{""0"": [[10, 12], [14, 12], [11, 12], [9, 12], [7, 12]], ""1"": [], ""2"": [], ""3"": [[3, 14], [14, 3], [8, 14]], ""4"": [[4, 2]], ""5"": [[11, 10], [10, 11]], ""6"": [], ""7"": [], ""8"": [[3, 14]], ""9"": []}","[1, 0, 0, 1, 1, 1, 0, 0, 1, 0]"
83,2,balanced_sinr,1.0,0.07333333333333333,0.07333333333333333,10,2,12,"{""0"": [[10, 12], [14, 12]], ""1"": [[11, 10]], ""2"": [[7, 2]], ""3"": [[3, 14]], ""4"": [[4, 2]], ""5"": [[11, 10], [10, 11]], ""6"": [[8, 3]], ""7"": [[0, 1]], ""8"": [[3, 14]], ""9"": [[6, 3]]}","[1, 1, 1, 1, 1, 1, 1, 1, 1, 1]"
84,2,proposed_c2f_adaptive_pd,1.0,0.05333333333333334,0.05333333333333334,10,0,10,"{""0"": [[0, 10]], ""1"": [[0, 8]], ""2"": [[0, 14]], ""3"": [[0, 12]], ""4"": [[0, 6]], ""5"": [[1, 14]], ""6"": [[1, 7]], ""7"": [[0, 11]], ""8"": [[4, 3]], ""9"": [[0, 5]]}","[1, 1, 1, 1, 1, 1, 1, 1, 1, 1]"
84,2,sense_sinr_budgeted,0.4,0.02666666666666667,0.06666666666666667,4,2,12,"{""0"": [[0, 10]], ""1"": [], ""2"": [[14, 9], [9, 14], [11, 14], [4, 14], [1, 14], [3, 14]], ""3"": [[13, 12], [10, 12]], ""4"": [[1, 6], [6, 1], [0, 6]], ""5"": [], ""6"": [], ""7"": [], ""8"": [], ""9"": []}","[1, 0, 1, 1, 1, 0, 0, 0, 0, 0]"
84,2,balanced_sinr,1.0,0.06333333333333334,0.06333333333333334,10,2,12,"{""0"": [[10, 0], [0, 10]], ""1"": [[5, 8]], ""2"": [[14, 9], [9, 14]], ""3"": [[13, 12]], ""4"": [[1, 6]], ""5"": [[1, 14]], ""6"": [[1, 7]], ""7"": [[8, 11]], ""8"": [[4, 3]], ""9"": [[0, 5]]}","[1, 1, 1, 1, 1, 1, 1, 1, 1, 1]"
85,2,proposed_c2f_adaptive_pd,0.8,0.056666666666666664,0.056666666666666664,10,1,12,"{""0"": [[0, 14]], ""1"": [[0, 14]], ""2"": [[2, 6]], ""3"": [[1, 13]], ""4"": [[3, 14], [14, 3]], ""5"": [[4, 5]], ""6"": [[14, 3]], ""7"": [[0, 3]], ""8"": [[3, 14], [2, 14]], ""9"": [[2, 8]]}","[1, 1, 1, 1, 0, 1, 1, 1, 0, 1]"
85,2,sense_sinr_budgeted,0.5,0.03333333333333333,0.06666666666666667,5,2,12,"{""0"": [[5, 14], [10, 14]], ""1"": [], ""2"": [], ""3"": [[4, 13], [13, 4]], ""4"": [], ""5"": [[10, 5]], ""6"": [], ""7"": [[0, 3], [3, 0], [1, 3], [10, 3], [5, 3]], ""8"": [], ""9"": [[7, 8], [11, 8]]}","[1, 0, 0, 1, 0, 1, 0, 1, 0, 1]"
85,2,balanced_sinr,0.8,0.05,0.05,10,2,12,"{""0"": [[5, 14]], ""1"": [[5, 3]], ""2"": [[8, 6]], ""3"": [[4, 13]], ""4"": [[3, 14]], ""5"": [[5, 10], [10, 5]], ""6"": [[14, 3]], ""7"": [[0, 3], [1, 3]], ""8"": [[2, 14]], ""9"": [[7, 8]]}","[1, 1, 1, 1, 0, 1, 1, 1, 0, 1]"
86,2,proposed_c2f_adaptive_pd,1.0,0.056666666666666664,0.056666666666666664,10,0,10,"{""0"": [[0, 8]], ""1"": [[3, 4]], ""2"": [[1, 6]], ""3"": [[0, 13]], ""4"": [[0, 10]], ""5"": [[0, 8]], ""6"": [[1, 12]], ""7"": [[0, 3]], ""8"": [[0, 3]], ""9"": [[1, 9]]}","[1, 1, 1, 1, 1, 1, 1, 1, 1, 1]"
86,2,sense_sinr_budgeted,0.2,0.016666666666666666,0.08333333333333333,2,2,12,"{""0"": [[13, 8], [7, 8], [6, 8], [10, 8], [1, 8], [5, 8]], ""1"": [], ""2"": [], ""3"": [], ""4"": [[10, 2], [2, 10], [10, 14], [14, 10], [0, 10], [13, 10]], ""5"": [], ""6"": [], ""7"": [], ""8"": [], ""9"": []}","[1, 0, 0, 0, 1, 0, 0, 0, 0, 0]"
86,2,balanced_sinr,1.0,0.023333333333333334,0.023333333333333334,10,2,12,"{""0"": [[13, 8], [7, 8]], ""1"": [[3, 4]], ""2"": [[8, 6]], ""3"": [[13, 3]], ""4"": [[10, 2], [2, 10]], ""5"": [[9, 8]], ""6"": [[1, 12]], ""7"": [[4, 3]], ""8"": [[13, 3]], ""9"": [[10, 9]]}","[1, 1, 1, 1, 1, 1, 1, 1, 1, 1]"
87,2,proposed_c2f_adaptive_pd,1.0,0.04666666666666667,0.04666666666666667,10,0,11,"{""0"": [[0, 10]], ""1"": [[1, 5]], ""2"": [[5, 7], [6, 7]], ""3"": [[0, 10]], ""4"": [[2, 3]], ""5"": [[0, 2]], ""6"": [[0, 10]], ""7"": [[0, 11]], ""8"": [[0, 10]], ""9"": [[12, 4]]}","[1, 1, 1, 1, 1, 1, 1, 1, 1, 1]"
87,2,sense_sinr_budgeted,0.5,0.02666666666666667,0.05333333333333334,5,2,12,"{""0"": [[11, 10], [1, 10]], ""1"": [], ""2"": [], ""3"": [[0, 10]], ""4"": [], ""5"": [[4, 2]], ""6"": [[1, 10], [0, 10]], ""7"": [], ""8"": [[1, 10], [10, 1], [10, 11], [11, 10], [12, 10], [13, 10]], ""9"": []}","[1, 0, 0, 1, 0, 1, 1, 0, 1, 0]"
87,2,balanced_sinr,1.0,0.043333333333333335,0.043333333333333335,10,2,12,"{""0"": [[10, 11], [11, 10]], ""1"": [[6, 5]], ""2"": [[6, 7]], ""3"": [[0, 10]], ""4"": [[14, 3]], ""5"": [[2, 4]], ""6"": [[1, 10]], ""7"": [[10, 11]], ""8"": [[1, 10], [11, 10]], ""9"": [[12, 4]]}","[1, 1, 1, 1, 1, 1, 1, 1, 1, 1]"
88,2,proposed_c2f_adaptive_pd,1.0,0.043333333333333335,0.043333333333333335,10,2,12,"{""0"": [[1, 12]], ""1"": [[5, 1]], ""2"": [[0, 13]], ""3"": [[0, 10]], ""4"": [[10, 6], [6, 10]], ""5"": [[0, 10]], ""6"": [[1, 12], [12, 1]], ""7"": [[0, 7]], ""8"": [[1, 11]], ""9"": [[1, 4]]}","[1, 1, 1, 1, 1, 1, 1, 1, 1, 1]"
88,2,sense_sinr_budgeted,0.5,0.03333333333333333,0.06666666666666667,5,2,12,"{""0"": [[1, 12]], ""1"": [], ""2"": [[10, 13], [14, 13]], ""3"": [[13, 10]], ""4"": [], ""5"": [], ""6"": [], ""7"": [[3, 7], [7, 3], [2, 7], [7, 9], [9, 7], [4, 7]], ""8"": [[8, 11], [5, 11]], ""9"": []}","[1, 0, 1, 1, 0, 0, 0, 1, 1, 0]"
88,2,balanced_sinr,0.8,0.04666666666666667,0.05185185185185185,10,2,12,"{""0"": [[1, 12]], ""1"": [[5, 1]], ""2"": [[13, 10]], ""3"": [[13, 10]], ""4"": [[0, 6]], ""5"": [[10, 6]], ""6"": [[10, 1]], ""7"": [[3, 7], [2, 7]], ""8"": [[8, 11], [5, 11]], ""9"": [[8, 4]]}","[1, 1, 1, 1, 0, 1, 0, 1, 1, 1]"
89,2,proposed_c2f_adaptive_pd,1.0,0.05333333333333334,0.05333333333333334,10,0,10,"{""0"": [[5, 0]], ""1"": [[0, 1]], ""2"": [[0, 12]], ""3"": [[2, 1]], ""4"": [[0, 8]], ""5"": [[0, 7]], ""6"": [[0, 14]], ""7"": [[0, 14]], ""8"": [[1, 8]], ""9"": [[0, 4]]}","[1, 1, 1, 1, 1, 1, 1, 1, 1, 1]"
89,2,sense_sinr_budgeted,0.3,0.02,0.06666666666666667,3,2,12,"{""0"": [], ""1"": [], ""2"": [[12, 9], [9, 12], [2, 12], [4, 12], [1, 12]], ""3"": [], ""4"": [[3, 8], [8, 3], [1, 8], [14, 8], [9, 8], [2, 8]], ""5"": [], ""6"": [], ""7"": [], ""8"": [], ""9"": [[9, 4]]}","[0, 0, 1, 0, 1, 0, 0, 0, 0, 1]"
89,2,balanced_sinr,1.0,0.05,0.05,10,2,12,"{""0"": [[5, 0]], ""1"": [[1, 7]], ""2"": [[12, 9], [9, 12]], ""3"": [[7, 1]], ""4"": [[3, 8], [1, 8]], ""5"": [[14, 7]], ""6"": [[8, 14]], ""7"": [[7, 14]], ""8"": [[1, 8]], ""9"": [[9, 4]]}","[1, 1, 1, 1, 1, 1, 1, 1, 1, 1]"
90,2,proposed_c2f_adaptive_pd,1.0,0.06,0.06,10,0,10,"{""0"": [[0, 4]], ""1"": [[2, 6]], ""2"": [[1, 11]], ""3"": [[1, 5]], ""4"": [[0, 5]], ""5"": [[6, 2]], ""6"": [[0, 4]], ""7"": [[0, 11]], ""8"": [[0, 6]], ""9"": [[0, 9]]}","[1, 1, 1, 1, 1, 1, 1, 1, 1, 1]"
90,2,sense_sinr_budgeted,0.3,0.02,0.06666666666666667,3,2,12,"{""0"": [], ""1"": [], ""2"": [], ""3"": [], ""4"": [[14, 5], [9, 5], [13, 5]], ""5"": [], ""6"": [[6, 4], [4, 6], [7, 4], [11, 4], [12, 4]], ""7"": [], ""8"": [[7, 6], [6, 7], [8, 6], [4, 6]], ""9"": []}","[0, 0, 0, 0, 1, 0, 1, 0, 1, 0]"
90,2,balanced_sinr,1.0,0.05333333333333334,0.05333333333333334,10,2,12,"{""0"": [[9, 4]], ""1"": [[6, 4]], ""2"": [[4, 11]], ""3"": [[9, 5]], ""4"": [[14, 5]], ""5"": [[8, 2]], ""6"": [[6, 4], [7, 4]], ""7"": [[4, 11]], ""8"": [[7, 6], [8, 6]], ""9"": [[9, 4]]}","[1, 1, 1, 1, 1, 1, 1, 1, 1, 1]"
91,2,proposed_c2f_adaptive_pd,0.9,0.07666666666666666,0.07666666666666666,10,1,11,"{""0"": [[0, 8]], ""1"": [[0, 9]], ""2"": [[3, 4]], ""3"": [[12, 1], [13, 1]], ""4"": [[1, 12]], ""5"": [[10, 13]], ""6"": [[0, 8]], ""7"": [[0, 9]], ""8"": [[1, 0]], ""9"": [[12, 1]]}","[1, 1, 1, 1, 0, 1, 1, 1, 1, 1]"
91,2,sense_sinr_budgeted,0.4,0.016666666666666666,0.041666666666666664,4,2,12,"{""0"": [[11, 8]], ""1"": [[3, 9], [9, 3], [0, 9], [9, 0], [11, 9], [2, 9]], ""2"": [], ""3"": [], ""4"": [], ""5"": [], ""6"": [], ""7"": [[0, 9], [3, 9], [14, 9], [10, 9]], ""8"": [[3, 0]], ""9"": []}","[1, 1, 0, 0, 0, 0, 0, 1, 1, 0]"
91,2,balanced_sinr,1.0,0.043333333333333335,0.043333333333333335,10,2,12,"{""0"": [[11, 8]], ""1"": [[3, 9], [0, 9]], ""2"": [[6, 4]], ""3"": [[12, 1]], ""4"": [[12, 1]], ""5"": [[10, 13]], ""6"": [[8, 5]], ""7"": [[0, 9], [3, 9]], ""8"": [[3, 0]], ""9"": [[9, 12]]}","[1, 1, 1, 1, 1, 1, 1, 1, 1, 1]"
92,2,proposed_c2f_adaptive_pd,1.0,0.02666666666666667,0.02666666666666667,10,0,10,"{""0"": [[0, 3]], ""1"": [[0, 8]], ""2"": [[0, 7]], ""3"": [[0, 10]], ""4"": [[2, 12]], ""5"": [[0, 3]], ""6"": [[1, 0]], ""7"": [[0, 5]], ""8"": [[1, 14]], ""9"": [[5, 10]]}","[1, 1, 1, 1, 1, 1, 1, 1, 1, 1]"
92,2,sense_sinr_budgeted,0.5,0.02666666666666667,0.05333333333333334,5,2,12,"{""0"": [[4, 3]], ""1"": [[0, 8]], ""2"": [], ""3"": [[12, 10]], ""4"": [], ""5"": [[4, 3], [3, 4], [8, 3], [0, 3], [13, 3]], ""6"": [], ""7"": [], ""8"": [[14, 12], [12, 14], [9, 14], [10, 14]], ""9"": []}","[1, 1, 0, 1, 0, 1, 0, 0, 1, 0]"
92,2,balanced_sinr,0.9,0.043333333333333335,0.04814814814814815,10,2,12,"{""0"": [[4, 3]], ""1"": [[8, 0]], ""2"": [[0, 7]], ""3"": [[12, 10]], ""4"": [[10, 12]], ""5"": [[4, 3], [8, 3]], ""6"": [[7, 0]], ""7"": [[10, 5]], ""8"": [[14, 12], [12, 14]], ""9"": [[9, 10]]}","[1, 1, 1, 1, 1, 1, 1, 1, 0, 1]"
93,2,proposed_c2f_adaptive_pd,1.0,0.06,0.06,10,0,10,"{""0"": [[1, 12]], ""1"": [[2, 13]], ""2"": [[2, 0]], ""3"": [[12, 13]], ""4"": [[0, 13]], ""5"": [[0, 12]], ""6"": [[0, 10]], ""7"": [[0, 1]], ""8"": [[13, 2]], ""9"": [[3, 1]]}","[1, 1, 1, 1, 1, 1, 1, 1, 1, 1]"
93,2,sense_sinr_budgeted,0.3,0.01,0.03333333333333333,3,2,12,"{""0"": [], ""1"": [], ""2"": [], ""3"": [], ""4"": [], ""5"": [[12, 13], [13, 12], [2, 12], [14, 12]], ""6"": [[11, 10], [10, 11], [4, 10]], ""7"": [[3, 1], [8, 1], [4, 1], [11, 1], [5, 1]], ""8"": [], ""9"": []}","[0, 0, 0, 0, 0, 1, 1, 1, 0, 0]"
93,2,balanced_sinr,1.0,0.02666666666666667,0.02666666666666667,10,2,12,"{""0"": [[14, 12]], ""1"": [[12, 13]], ""2"": [[0, 6]], ""3"": [[12, 13]], ""4"": [[3, 13]], ""5"": [[12, 13], [13, 12]], ""6"": [[11, 10], [4, 10]], ""7"": [[3, 1]], ""8"": [[13, 2]], ""9"": [[5, 1]]}","[1, 1, 1, 1, 1, 1, 1, 1, 1, 1]"
94,2,proposed_c2f_adaptive_pd,1.0,0.056666666666666664,0.056666666666666664,10,0,10,"{""0"": [[2, 14]], ""1"": [[2, 4]], ""2"": [[0, 8]], ""3"": [[0, 13]], ""4"": [[0, 14]], ""5"": [[2, 12]], ""6"": [[0, 4]], ""7"": [[1, 10]], ""8"": [[0, 3]], ""9"": [[2, 5]]}","[1, 1, 1, 1, 1, 1, 1, 1, 1, 1]"
94,2,sense_sinr_budgeted,0.6,0.03333333333333333,0.05555555555555555,6,2,12,"{""0"": [], ""1"": [[13, 4]], ""2"": [[3, 8]], ""3"": [[13, 9], [9, 13], [0, 13], [3, 13], [7, 13]], ""4"": [[2, 14], [14, 2]], ""5"": [], ""6"": [[6, 4]], ""7"": [], ""8"": [[0, 3], [7, 3]], ""9"": []}","[0, 1, 1, 1, 1, 0, 1, 0, 1, 0]"
94,2,balanced_sinr,1.0,0.043333333333333335,0.043333333333333335,10,2,12,"{""0"": [[12, 14]], ""1"": [[13, 4]], ""2"": [[3, 8]], ""3"": [[13, 9], [9, 13]], ""4"": [[2, 14]], ""5"": [[5, 12]], ""6"": [[4, 6], [6, 4]], ""7"": [[1, 10]], ""8"": [[0, 3]], ""9"": [[2, 5]]}","[1, 1, 1, 1, 1, 1, 1, 1, 1, 1]"
95,2,proposed_c2f_adaptive_pd,1.0,0.043333333333333335,0.043333333333333335,10,0,12,"{""0"": [[7, 0], [5, 0]], ""1"": [[0, 11]], ""2"": [[0, 6]], ""3"": [[0, 12]], ""4"": [[1, 4]], ""5"": [[13, 14], [1, 14]], ""6"": [[14, 1]], ""7"": [[1, 14]], ""8"": [[1, 4]], ""9"": [[0, 13]]}","[1, 1, 1, 1, 1, 1, 1, 1, 1, 1]"
95,2,sense_sinr_budgeted,0.4,0.03,0.075,4,2,12,"{""0"": [], ""1"": [[11, 9], [9, 11], [10, 11], [8, 11], [5, 11]], ""2"": [[3, 6]], ""3"": [[12, 4], [4, 12], [3, 12]], ""4"": [], ""5"": [], ""6"": [], ""7"": [], ""8"": [], ""9"": [[14, 13], [7, 13], [0, 13]]}","[0, 1, 1, 1, 0, 0, 0, 0, 0, 1]"
95,2,balanced_sinr,1.0,0.03333333333333333,0.03333333333333333,10,2,12,"{""0"": [[7, 0]], ""1"": [[11, 9], [9, 11]], ""2"": [[3, 6]], ""3"": [[12, 4], [4, 12]], ""4"": [[12, 4]], ""5"": [[13, 14]], ""6"": [[14, 1]], ""7"": [[1, 14]], ""8"": [[1, 4]], ""9"": [[14, 13]]}","[1, 1, 1, 1, 1, 1, 1, 1, 1, 1]"
96,2,proposed_c2f_adaptive_pd,1.0,0.023333333333333334,0.023333333333333334,10,0,11,"{""0"": [[0, 8]], ""1"": [[1, 0]], ""2"": [[3, 0]], ""3"": [[11, 12], [0, 12]], ""4"": [[0, 6]], ""5"": [[5, 1]], ""6"": [[0, 7]], ""7"": [[0, 11]], ""8"": [[0, 14]], ""9"": [[0, 3]]}","[1, 1, 1, 1, 1, 1, 1, 1, 1, 1]"
96,2,sense_sinr_budgeted,0.5,0.013333333333333334,0.02666666666666667,5,2,12,"{""0"": [], ""1"": [[3, 0], [0, 3], [0, 12], [12, 0]], ""2"": [], ""3"": [], ""4"": [[13, 6]], ""5"": [], ""6"": [[2, 7], [14, 7], [10, 7], [4, 7]], ""7"": [[1, 11], [13, 11]], ""8"": [[0, 14]], ""9"": []}","[0, 1, 0, 0, 1, 0, 1, 1, 1, 0]"
96,2,balanced_sinr,0.9,0.056666666666666664,0.056666666666666664,10,2,12,"{""0"": [[10, 8]], ""1"": [[3, 0], [12, 0]], ""2"": [[0, 14]], ""3"": [[0, 12]], ""4"": [[13, 6]], ""5"": [[11, 6]], ""6"": [[2, 7], [14, 7]], ""7"": [[1, 11]], ""8"": [[0, 14]], ""9"": [[0, 3]]}","[1, 1, 1, 0, 1, 1, 1, 1, 1, 1]"
97,2,proposed_c2f_adaptive_pd,0.9,0.06,0.06666666666666667,10,0,10,"{""0"": [[0, 7]], ""1"": [[0, 2]], ""2"": [[0, 6]], ""3"": [[2, 7]], ""4"": [[2, 7]], ""5"": [[0, 6]], ""6"": [[8, 10]], ""7"": [[0, 11]], ""8"": [[0, 7]], ""9"": [[1, 10]]}","[1, 1, 0, 1, 1, 1, 1, 1, 1, 1]"
97,2,sense_sinr_budgeted,0.6,0.03,0.05,6,2,12,"{""0"": [[12, 7], [13, 7]], ""1"": [[0, 2]], ""2"": [], ""3"": [[7, 6], [6, 7]], ""4"": [], ""5"": [[7, 6]], ""6"": [], ""7"": [[2, 11], [11, 2], [0, 11], [5, 11]], ""8"": [[9, 7], [12, 7]], ""9"": []}","[1, 1, 0, 1, 0, 1, 0, 1, 1, 0]"
97,2,balanced_sinr,1.0,0.04,0.04,10,2,12,"{""0"": [[12, 7]], ""1"": [[2, 0]], ""2"": [[7, 6]], ""3"": [[7, 6], [6, 7]], ""4"": [[3, 7]], ""5"": [[7, 6]], ""6"": [[8, 10]], ""7"": [[2, 11], [0, 11]], ""8"": [[9, 7]], ""9"": [[8, 10]]}","[1, 1, 1, 1, 1, 1, 1, 1, 1, 1]"
98,2,proposed_c2f_adaptive_pd,1.0,0.05333333333333334,0.05333333333333334,10,0,10,"{""0"": [[1, 2]], ""1"": [[0, 8]], ""2"": [[0, 12]], ""3"": [[1, 2]], ""4"": [[1, 7]], ""5"": [[0, 3]], ""6"": [[0, 4]], ""7"": [[0, 3]], ""8"": [[0, 2]], ""9"": [[0, 9]]}","[1, 1, 1, 1, 1, 1, 1, 1, 1, 1]"
98,2,sense_sinr_budgeted,0.5,0.03333333333333333,0.06666666666666667,5,2,12,"{""0"": [], ""1"": [], ""2"": [[5, 12], [12, 5], [1, 12], [10, 12]], ""3"": [], ""4"": [], ""5"": [], ""6"": [[4, 5], [5, 4], [14, 4]], ""7"": [[10, 3]], ""8"": [[10, 2]], ""9"": [[11, 9], [14, 9], [4, 9]]}","[0, 0, 1, 0, 0, 0, 1, 1, 1, 1]"
98,2,balanced_sinr,1.0,0.05,0.05,10,2,12,"{""0"": [[10, 2]], ""1"": [[7, 8]], ""2"": [[5, 12], [12, 5]], ""3"": [[12, 2]], ""4"": [[14, 7]], ""5"": [[7, 3]], ""6"": [[4, 5], [5, 4]], ""7"": [[10, 3]], ""8"": [[10, 2]], ""9"": [[11, 9]]}","[1, 1, 1, 1, 1, 1, 1, 1, 1, 1]"
99,2,proposed_c2f_adaptive_pd,0.9,0.056666666666666664,0.056666666666666664,10,0,11,"{""0"": [[3, 2]], ""1"": [[2, 11], [3, 11]], ""2"": [[0, 5]], ""3"": [[2, 11]], ""4"": [[1, 12]], ""5"": [[2, 11]], ""6"": [[0, 1]], ""7"": [[0, 4]], ""8"": [[1, 10]], ""9"": [[0, 4]]}","[1, 0, 1, 1, 1, 1, 1, 1, 1, 1]"
99,2,sense_sinr_budgeted,0.7,0.02666666666666667,0.0380952380952381,7,2,12,"{""0"": [[11, 2]], ""1"": [], ""2"": [[9, 5]], ""3"": [], ""4"": [[13, 12]], ""5"": [], ""6"": [[7, 1]], ""7"": [[0, 4]], ""8"": [[9, 10], [10, 9], [10, 6], [6, 10], [14, 10], [3, 10]], ""9"": [[0, 4]]}","[1, 0, 1, 0, 1, 0, 1, 1, 1, 1]"
99,2,balanced_sinr,0.9,0.05333333333333334,0.05333333333333334,10,2,12,"{""0"": [[2, 11], [11, 2]], ""1"": [[3, 11]], ""2"": [[9, 5]], ""3"": [[2, 11]], ""4"": [[13, 12]], ""5"": [[2, 11]], ""6"": [[7, 1]], ""7"": [[0, 4]], ""8"": [[9, 10], [10, 9]], ""9"": [[0, 4]]}","[1, 0, 1, 1, 1, 1, 1, 1, 1, 1]"
0,8,proposed_c2f_adaptive_pd,1.0,0.04,0.04,10,0,10,"{""0"": [[1, 4]], ""1"": [[0, 1]], ""2"": [[6, 4]], ""3"": [[6, 7]], ""4"": [[0, 9]], ""5"": [[0, 12]], ""6"": [[12, 4]], ""7"": [[2, 0]], ""8"": [[0, 13]], ""9"": [[2, 3]]}","[1, 1, 1, 1, 1, 1, 1, 1, 1, 1]"
0,8,sense_sinr_budgeted,0.3,0.016666666666666666,0.05555555555555555,3,5,12,"{""0"": [], ""1"": [], ""2"": [], ""3"": [], ""4"": [[13, 9], [9, 13]], ""5"": [[13, 12], [11, 12], [9, 12], [1, 12], [12, 9]], ""6"": [], ""7"": [], ""8"": [[13, 12], [13, 1], [12, 13], [1, 13], [1, 12]], ""9"": []}","[0, 0, 0, 0, 1, 1, 0, 0, 1, 0]"
0,8,balanced_sinr,1.0,0.05,0.05,10,7,12,"{""0"": [[4, 14]], ""1"": [[1, 9]], ""2"": [[4, 14]], ""3"": [[6, 7]], ""4"": [[13, 9]], ""5"": [[13, 12], [11, 12]], ""6"": [[4, 14]], ""7"": [[0, 8]], ""8"": [[13, 12], [13, 1]], ""9"": [[2, 3]]}","[1, 1, 1, 1, 1, 1, 1, 1, 1, 1]"
1,8,proposed_c2f_adaptive_pd,1.0,0.06666666666666667,0.06666666666666667,10,0,10,"{""0"": [[0, 13]], ""1"": [[0, 9]], ""2"": [[4, 2]], ""3"": [[1, 10]], ""4"": [[3, 12]], ""5"": [[4, 12]], ""6"": [[0, 12]], ""7"": [[1, 11]], ""8"": [[1, 8]], ""9"": [[0, 13]]}","[1, 1, 1, 1, 1, 1, 1, 1, 1, 1]"
1,8,sense_sinr_budgeted,0.4,0.03666666666666667,0.09166666666666666,4,7,12,"{""0"": [[13, 0], [0, 13]], ""1"": [[1, 6], [6, 1]], ""2"": [], ""3"": [], ""4"": [[12, 14], [14, 12]], ""5"": [], ""6"": [[4, 12], [12, 4], [12, 8], [12, 5], [8, 12], [7, 12]], ""7"": [], ""8"": [], ""9"": []}","[1, 1, 0, 0, 1, 0, 1, 0, 0, 0]"
1,8,balanced_sinr,1.0,0.08,0.08,10,7,12,"{""0"": [[13, 0], [0, 13]], ""1"": [[1, 6]], ""2"": [[8, 2]], ""3"": [[6, 10]], ""4"": [[12, 14]], ""5"": [[14, 8]], ""6"": [[4, 12], [12, 4]], ""7"": [[11, 3]], ""8"": [[3, 8]], ""9"": [[13, 0]]}","[1, 1, 1, 1, 1, 1, 1, 1, 1, 1]"
2,8,proposed_c2f_adaptive_pd,0.9,0.04,0.04,10,1,12,"{""0"": [[2, 0]], ""1"": [[13, 2], [1, 2], [2, 13]], ""2"": [[8, 10]], ""3"": [[2, 4]], ""4"": [[2, 1]], ""5"": [[0, 6]], ""6"": [[1, 13]], ""7"": [[1, 2]], ""8"": [[3, 11]], ""9"": [[4, 1]]}","[1, 0, 1, 1, 1, 1, 1, 1, 1, 1]"
2,8,sense_sinr_budgeted,0.4,0.01,0.025,4,6,12,"{""0"": [[7, 0], [0, 7]], ""1"": [], ""2"": [], ""3"": [], ""4"": [[8, 1], [1, 8]], ""5"": [[7, 6], [12, 6], [6, 7], [6, 12], [0, 6], [6, 0]], ""6"": [[13, 2], [2, 13]], ""7"": [], ""8"": [], ""9"": []}","[1, 0, 0, 0, 1, 1, 1, 0, 0, 0]"
2,8,balanced_sinr,0.9,0.04666666666666667,0.04666666666666667,10,3,12,"{""0"": [[7, 0], [0, 7]], ""1"": [[13, 2]], ""2"": [[8, 10]], ""3"": [[7, 4]], ""4"": [[8, 1]], ""5"": [[7, 6], [12, 6]], ""6"": [[13, 2]], ""7"": [[13, 2]], ""8"": [[3, 11]], ""9"": [[1, 13]]}","[1, 0, 1, 1, 1, 1, 1, 1, 1, 1]"
3,8,proposed_c2f_adaptive_pd,1.0,0.03666666666666667,0.03666666666666667,10,0,10,"{""0"": [[5, 0]], ""1"": [[0, 6]], ""2"": [[1, 8]], ""3"": [[3, 4]], ""4"": [[12, 0]], ""5"": [[2, 8]], ""6"": [[0, 14]], ""7"": [[3, 4]], ""8"": [[1, 5]], ""9"": [[2, 8]]}","[1, 1, 1, 1, 1, 1, 1, 1, 1, 1]"
3,8,sense_sinr_budgeted,0.4,0.03333333333333333,0.08333333333333333,4,7,12,"{""0"": [], ""1"": [[6, 7], [7, 6], [9, 6], [1, 6], [6, 1], [6, 9]], ""2"": [], ""3"": [], ""4"": [], ""5"": [[14, 8], [8, 14]], ""6"": [[10, 8], [8, 10], [14, 8]], ""7"": [], ""8"": [], ""9"": [[14, 8]]}","[0, 1, 0, 0, 0, 1, 1, 0, 0, 1]"
3,8,balanced_sinr,1.0,0.06,0.06,10,5,12,"{""0"": [[12, 0]], ""1"": [[6, 7], [7, 6]], ""2"": [[14, 8]], ""3"": [[4, 3]], ""4"": [[12, 0]], ""5"": [[14, 8]], ""6"": [[10, 8], [8, 10]], ""7"": [[4, 3]], ""8"": [[12, 5]], ""9"": [[14, 8]]}","[1, 1, 1, 1, 1, 1, 1, 1, 1, 1]"
4,8,proposed_c2f_adaptive_pd,1.0,0.05,0.05,10,1,12,"{""0"": [[11, 12]], ""1"": [[13, 5]], ""2"": [[1, 5]], ""3"": [[11, 13]], ""4"": [[2, 7]], ""5"": [[0, 4]], ""6"": [[14, 12]], ""7"": [[0, 8]], ""8"": [[2, 7], [3, 7], [7, 2]], ""9"": [[5, 1]]}","[1, 1, 1, 1, 1, 1, 1, 1, 1, 1]"
4,8,sense_sinr_budgeted,0.3,0.006666666666666667,0.022222222222222223,3,5,12,"{""0"": [], ""1"": [], ""2"": [[11, 5], [5, 11], [11, 9]], ""3"": [], ""4"": [], ""5"": [[4, 8], [8, 4], [10, 4], [14, 4], [13, 4], [4, 14]], ""6"": [], ""7"": [[4, 8], [8, 4], [2, 8]], ""8"": [], ""9"": []}","[0, 0, 1, 0, 0, 1, 0, 1, 0, 0]"
4,8,balanced_sinr,0.9,0.06,0.06,10,3,12,"{""0"": [[14, 12]], ""1"": [[13, 5]], ""2"": [[11, 5]], ""3"": [[13, 11]], ""4"": [[2, 7]], ""5"": [[4, 8], [8, 4]], ""6"": [[14, 12]], ""7"": [[4, 8], [8, 4]], ""8"": [[2, 7]], ""9"": [[5, 1]]}","[1, 1, 1, 1, 1, 1, 1, 1, 0, 1]"
5,8,proposed_c2f_adaptive_pd,0.9,0.05,0.05,10,3,12,"{""0"": [[6, 8]], ""1"": [[3, 0]], ""2"": [[0, 8]], ""3"": [[1, 5]], ""4"": [[0, 2]], ""5"": [[0, 3]], ""6"": [[14, 12], [10, 12], [7, 12]], ""7"": [[2, 1]], ""8"": [[0, 7]], ""9"": [[0, 3]]}","[1, 1, 1, 1, 1, 1, 0, 1, 1, 1]"
5,8,sense_sinr_budgeted,0.3,0.02,0.06666666666666667,3,8,12,"{""0"": [], ""1"": [], ""2"": [], ""3"": [[5, 1]], ""4"": [[9, 2], [2, 9], [2, 5], [9, 5], [11, 5]], ""5"": [], ""6"": [], ""7"": [], ""8"": [], ""9"": [[0, 3], [3, 0], [4, 3], [3, 4], [6, 3], [4, 0]]}","[0, 0, 0, 1, 1, 0, 0, 0, 0, 1]"
5,8,balanced_sinr,1.0,0.06,0.06,10,6,12,"{""0"": [[6, 8]], ""1"": [[0, 3]], ""2"": [[6, 8]], ""3"": [[5, 1]], ""4"": [[9, 2], [2, 9]], ""5"": [[12, 3]], ""6"": [[14, 12]], ""7"": [[1, 13]], ""8"": [[2, 7]], ""9"": [[0, 3], [3, 0]]}","[1, 1, 1, 1, 1, 1, 1, 1, 1, 1]"
6,8,proposed_c2f_adaptive_pd,0.9,0.056666666666666664,0.056666666666666664,10,1,12,"{""0"": [[3, 0]], ""1"": [[0, 2]], ""2"": [[1, 14]], ""3"": [[0, 11]], ""4"": [[0, 14]], ""5"": [[3, 11]], ""6"": [[0, 13]], ""7"": [[0, 6]], ""8"": [[5, 7], [12, 5]], ""9"": [[7, 5], [12, 5]]}","[1, 1, 1, 1, 1, 1, 1, 1, 0, 1]"
6,8,sense_sinr_budgeted,0.3,0.013333333333333334,0.044444444444444446,3,6,12,"{""0"": [], ""1"": [[8, 2], [2, 8], [10, 2], [2, 10]], ""2"": [], ""3"": [[10, 11], [11, 10], [11, 4], [4, 11], [0, 11], [11, 0]], ""4"": [], ""5"": [], ""6"": [[6, 13], [13, 6]], ""7"": [], ""8"": [], ""9"": []}","[0, 1, 0, 1, 0, 0, 1, 0, 0, 0]"
6,8,balanced_sinr,1.0,0.05333333333333334,0.05333333333333334,10,8,12,"{""0"": [[0, 3]], ""1"": [[8, 2]], ""2"": [[14, 1]], ""3"": [[10, 11], [11, 10]], ""4"": [[14, 1]], ""5"": [[11, 4]], ""6"": [[6, 13], [13, 6]], ""7"": [[8, 6]], ""8"": [[5, 12]], ""9"": [[5, 7]]}","[1, 1, 1, 1, 1, 1, 1, 1, 1, 1]"
7,8,proposed_c2f_adaptive_pd,1.0,0.03333333333333333,0.03333333333333333,10,1,12,"{""0"": [[14, 8], [8, 13], [6, 8]], ""1"": [[0, 12]], ""2"": [[0, 11]], ""3"": [[3, 6]], ""4"": [[2, 8]], ""5"": [[10, 8]], ""6"": [[0, 11]], ""7"": [[0, 3]], ""8"": [[3, 8]], ""9"": [[0, 13]]}","[1, 1, 1, 1, 1, 1, 1, 1, 1, 1]"
7,8,sense_sinr_budgeted,0.5,0.02,0.04,5,7,12,"{""0"": [], ""1"": [], ""2"": [[6, 11]], ""3"": [], ""4"": [[8, 10]], ""5"": [], ""6"": [], ""7"": [[6, 3], [3, 6], [6, 11], [11, 6], [3, 11], [11, 3]], ""8"": [[8, 10], [10, 8]], ""9"": [[13, 5], [5, 13]]}","[0, 0, 1, 0, 1, 0, 0, 1, 1, 1]"
7,8,balanced_sinr,0.9,0.04666666666666667,0.04666666666666667,10,6,12,"{""0"": [[14, 8]], ""1"": [[0, 12]], ""2"": [[6, 11]], ""3"": [[6, 3]], ""4"": [[8, 10]], ""5"": [[8, 10]], ""6"": [[9, 11]], ""7"": [[6, 3], [3, 6]], ""8"": [[8, 10], [10, 8]], ""9"": [[13, 5]]}","[0, 1, 1, 1, 1, 1, 1, 1, 1, 1]"
8,8,proposed_c2f_adaptive_pd,1.0,0.043333333333333335,0.043333333333333335,10,0,10,"{""0"": [[0, 2]], ""1"": [[3, 9]], ""2"": [[1, 9]], ""3"": [[0, 1]], ""4"": [[1, 7]], ""5"": [[1, 3]], ""6"": [[4, 8]], ""7"": [[0, 7]], ""8"": [[4, 3]], ""9"": [[6, 1]]}","[1, 1, 1, 1, 1, 1, 1, 1, 1, 1]"
8,8,sense_sinr_budgeted,0.3,0.016666666666666666,0.05555555555555555,3,6,12,"{""0"": [], ""1"": [], ""2"": [], ""3"": [[6, 1], [1, 6], [1, 13], [13, 1]], ""4"": [[7, 4], [4, 7], [5, 7], [7, 11], [7, 5], [3, 7]], ""5"": [], ""6"": [], ""7"": [], ""8"": [], ""9"": [[1, 13], [13, 1]]}","[0, 0, 0, 1, 1, 0, 0, 0, 0, 1]"
8,8,balanced_sinr,1.0,0.04666666666666667,0.04666666666666667,10,5,12,"{""0"": [[2, 0]], ""1"": [[3, 9]], ""2"": [[6, 9]], ""3"": [[6, 1], [1, 6]], ""4"": [[7, 4], [4, 7]], ""5"": [[6, 3]], ""6"": [[7, 8]], ""7"": [[7, 4]], ""8"": [[4, 3]], ""9"": [[1, 13]]}","[1, 1, 1, 1, 1, 1, 1, 1, 1, 1]"
9,8,proposed_c2f_adaptive_pd,1.0,0.05,0.05,10,0,10,"{""0"": [[0, 10]], ""1"": [[0, 14]], ""2"": [[0, 13]], ""3"": [[2, 5]], ""4"": [[0, 8]], ""5"": [[4, 1]], ""6"": [[14, 0]], ""7"": [[0, 6]], ""8"": [[0, 14]], ""9"": [[4, 1]]}","[1, 1, 1, 1, 1, 1, 1, 1, 1, 1]"
9,8,sense_sinr_budgeted,0.3,0.013333333333333334,0.044444444444444446,3,6,12,"{""0"": [[10, 11], [11, 10], [11, 0], [10, 0], [0, 11], [0, 10]], ""1"": [], ""2"": [[10, 13]], ""3"": [], ""4"": [], ""5"": [], ""6"": [], ""7"": [[9, 6], [6, 9], [13, 6], [6, 13], [8, 6]], ""8"": [], ""9"": []}","[1, 0, 1, 0, 0, 0, 0, 1, 0, 0]"
9,8,balanced_sinr,1.0,0.04666666666666667,0.04666666666666667,10,2,12,"{""0"": [[10, 11], [11, 10]], ""1"": [[3, 14]], ""2"": [[10, 13]], ""3"": [[2, 5]], ""4"": [[5, 8]], ""5"": [[5, 1]], ""6"": [[14, 0]], ""7"": [[9, 6], [6, 9]], ""8"": [[2, 14]], ""9"": [[5, 1]]}","[1, 1, 1, 1, 1, 1, 1, 1, 1, 1]"
10,8,proposed_c2f_adaptive_pd,1.0,0.03333333333333333,0.03333333333333333,10,0,10,"{""0"": [[1, 0]], ""1"": [[4, 12]], ""2"": [[0, 2]], ""3"": [[0, 9]], ""4"": [[0, 8]], ""5"": [[0, 8]], ""6"": [[3, 1]], ""7"": [[0, 10]], ""8"": [[0, 6]], ""9"": [[2, 12]]}","[1, 1, 1, 1, 1, 1, 1, 1, 1, 1]"
10,8,sense_sinr_budgeted,0.4,0.016666666666666666,0.041666666666666664,4,5,12,"{""0"": [[3, 0], [11, 0]], ""1"": [], ""2"": [[10, 2], [2, 10], [2, 13], [13, 2], [2, 0], [0, 2]], ""3"": [], ""4"": [], ""5"": [[7, 8], [8, 7]], ""6"": [], ""7"": [[10, 0], [0, 10]], ""8"": [], ""9"": []}","[1, 0, 1, 0, 0, 1, 0, 1, 0, 0]"
10,8,balanced_sinr,1.0,0.03333333333333333,0.03333333333333333,10,3,12,"{""0"": [[3, 0]], ""1"": [[4, 12]], ""2"": [[10, 2], [2, 10]], ""3"": [[0, 9]], ""4"": [[7, 8]], ""5"": [[7, 8], [8, 7]], ""6"": [[5, 1]], ""7"": [[10, 0]], ""8"": [[0, 6]], ""9"": [[4, 12]]}","[1, 1, 1, 1, 1, 1, 1, 1, 1, 1]"
11,8,proposed_c2f_adaptive_pd,1.0,0.04,0.04,10,0,11,"{""0"": [[12, 9], [3, 9]], ""1"": [[0, 7]], ""2"": [[0, 13]], ""3"": [[5, 12]], ""4"": [[0, 9]], ""5"": [[0, 3]], ""6"": [[0, 2]], ""7"": [[8, 10]], ""8"": [[0, 7]], ""9"": [[5, 10]]}","[1, 1, 1, 1, 1, 1, 1, 1, 1, 1]"
11,8,sense_sinr_budgeted,0.3,0.016666666666666666,0.05555555555555555,3,5,12,"{""0"": [], ""1"": [[7, 2], [2, 7], [3, 7], [7, 3], [0, 7], [7, 0]], ""2"": [[13, 1], [1, 13], [13, 4], [4, 13]], ""3"": [], ""4"": [], ""5"": [], ""6"": [], ""7"": [], ""8"": [[0, 7], [3, 7]], ""9"": []}","[0, 1, 1, 0, 0, 0, 0, 0, 1, 0]"
11,8,balanced_sinr,1.0,0.05333333333333334,0.05333333333333334,10,4,12,"{""0"": [[3, 9]], ""1"": [[7, 2], [2, 7]], ""2"": [[13, 1], [1, 13]], ""3"": [[12, 11]], ""4"": [[9, 5]], ""5"": [[0, 3]], ""6"": [[7, 2]], ""7"": [[8, 10]], ""8"": [[0, 7]], ""9"": [[5, 10]]}","[1, 1, 1, 1, 1, 1, 1, 1, 1, 1]"
12,8,proposed_c2f_adaptive_pd,1.0,0.04,0.04,10,0,11,"{""0"": [[0, 5]], ""1"": [[0, 4]], ""2"": [[2, 11]], ""3"": [[0, 14]], ""4"": [[11, 13], [1, 13]], ""5"": [[0, 10]], ""6"": [[0, 6]], ""7"": [[4, 6]], ""8"": [[2, 10]], ""9"": [[0, 14]]}","[1, 1, 1, 1, 1, 1, 1, 1, 1, 1]"
12,8,sense_sinr_budgeted,0.3,0.01,0.03333333333333333,3,8,12,"{""0"": [], ""1"": [], ""2"": [], ""3"": [[0, 3], [3, 0], [14, 0], [0, 14]], ""4"": [], ""5"": [[8, 10], [10, 8]], ""6"": [], ""7"": [], ""8"": [], ""9"": [[14, 2], [2, 14], [14, 11], [11, 14], [2, 11], [11, 2]]}","[0, 0, 0, 1, 0, 1, 0, 0, 0, 1]"
12,8,balanced_sinr,1.0,0.05,0.05,10,5,12,"{""0"": [[5, 4]], ""1"": [[5, 4]], ""2"": [[2, 11]], ""3"": [[0, 3], [3, 0]], ""4"": [[13, 1]], ""5"": [[8, 10]], ""6"": [[10, 6]], ""7"": [[5, 6]], ""8"": [[8, 10]], ""9"": [[14, 2], [2, 14]]}","[1, 1, 1, 1, 1, 1, 1, 1, 1, 1]"
13,8,proposed_c2f_adaptive_pd,1.0,0.056666666666666664,0.056666666666666664,10,0,10,"{""0"": [[1, 10]], ""1"": [[1, 6]], ""2"": [[0, 13]], ""3"": [[1, 11]], ""4"": [[8, 14]], ""5"": [[0, 5]], ""6"": [[0, 11]], ""7"": [[5, 0]], ""8"": [[9, 8]], ""9"": [[5, 8]]}","[1, 1, 1, 1, 1, 1, 1, 1, 1, 1]"
13,8,sense_sinr_budgeted,0.3,0.01,0.03333333333333333,3,5,12,"{""0"": [[10, 6]], ""1"": [], ""2"": [[12, 13], [13, 12], [13, 11], [11, 13], [10, 13], [2, 13]], ""3"": [], ""4"": [], ""5"": [], ""6"": [[12, 11], [11, 12], [13, 11], [11, 13], [10, 11]], ""7"": [], ""8"": [], ""9"": []}","[1, 0, 1, 0, 0, 0, 1, 0, 0, 0]"
13,8,balanced_sinr,1.0,0.056666666666666664,0.056666666666666664,10,5,12,"{""0"": [[10, 6]], ""1"": [[6, 9]], ""2"": [[12, 13], [13, 12]], ""3"": [[12, 11]], ""4"": [[9, 14]], ""5"": [[11, 5]], ""6"": [[12, 11], [11, 12]], ""7"": [[5, 0]], ""8"": [[8, 14]], ""9"": [[9, 8]]}","[1, 1, 1, 1, 1, 1, 1, 1, 1, 1]"
14,8,proposed_c2f_adaptive_pd,1.0,0.043333333333333335,0.043333333333333335,10,0,10,"{""0"": [[0, 3]], ""1"": [[0, 5]], ""2"": [[0, 3]], ""3"": [[0, 7]], ""4"": [[0, 7]], ""5"": [[0, 3]], ""6"": [[0, 5]], ""7"": [[1, 8]], ""8"": [[0, 3]], ""9"": [[2, 1]]}","[1, 1, 1, 1, 1, 1, 1, 1, 1, 1]"
14,8,sense_sinr_budgeted,0.5,0.02666666666666667,0.05333333333333334,5,7,12,"{""0"": [], ""1"": [[5, 14], [14, 5]], ""2"": [], ""3"": [[0, 7], [7, 0], [0, 14]], ""4"": [[0, 7], [7, 0], [7, 9]], ""5"": [[12, 3], [3, 12]], ""6"": [], ""7"": [], ""8"": [], ""9"": [[12, 1], [1, 12]]}","[0, 1, 0, 1, 1, 1, 0, 0, 0, 1]"
14,8,balanced_sinr,1.0,0.03666666666666667,0.03666666666666667,10,5,12,"{""0"": [[0, 3]], ""1"": [[5, 14]], ""2"": [[0, 3]], ""3"": [[0, 7], [7, 0]], ""4"": [[0, 7], [7, 0]], ""5"": [[12, 3]], ""6"": [[5, 3]], ""7"": [[8, 2]], ""8"": [[7, 3]], ""9"": [[12, 1]]}","[1, 1, 1, 1, 1, 1, 1, 1, 1, 1]"
15,8,proposed_c2f_adaptive_pd,1.0,0.06,0.06,10,0,10,"{""0"": [[1, 9]], ""1"": [[0, 14]], ""2"": [[0, 5]], ""3"": [[1, 9]], ""4"": [[0, 5]], ""5"": [[2, 8]], ""6"": [[0, 13]], ""7"": [[0, 14]], ""8"": [[2, 3]], ""9"": [[3, 11]]}","[1, 1, 1, 1, 1, 1, 1, 1, 1, 1]"
15,8,sense_sinr_budgeted,0.3,0.02,0.06666666666666667,3,6,12,"{""0"": [], ""1"": [[5, 14], [14, 5], [9, 14], [14, 9]], ""2"": [], ""3"": [], ""4"": [], ""5"": [[8, 10], [10, 8]], ""6"": [], ""7"": [[5, 14], [14, 5], [11, 14], [14, 11], [9, 14], [14, 9]], ""8"": [], ""9"": []}","[0, 1, 0, 0, 0, 1, 0, 1, 0, 0]"
15,8,balanced_sinr,0.9,0.06333333333333334,0.06333333333333334,10,6,12,"{""0"": [[9, 12]], ""1"": [[5, 14], [14, 5]], ""2"": [[5, 14]], ""3"": [[9, 10]], ""4"": [[11, 5]], ""5"": [[8, 10]], ""6"": [[0, 13]], ""7"": [[5, 14], [14, 5]], ""8"": [[4, 3]], ""9"": [[4, 11]]}","[0, 1, 1, 1, 1, 1, 1, 1, 1, 1]"
16,8,proposed_c2f_adaptive_pd,1.0,0.06,0.06,10,0,10,"{""0"": [[3, 7]], ""1"": [[7, 0]], ""2"": [[1, 12]], ""3"": [[0, 9]], ""4"": [[0, 2]], ""5"": [[5, 12]], ""6"": [[0, 1]], ""7"": [[0, 1]], ""8"": [[6, 0]], ""9"": [[5, 10]]}","[1, 1, 1, 1, 1, 1, 1, 1, 1, 1]"
16,8,sense_sinr_budgeted,0.5,0.04,0.08,5,7,12,"{""0"": [[7, 12]], ""1"": [], ""2"": [[7, 10], [10, 7]], ""3"": [[0, 9]], ""4"": [[2, 4], [4, 2], [11, 2], [2, 11], [8, 2], [2, 8]], ""5"": [], ""6"": [], ""7"": [[13, 1], [1, 13]], ""8"": [], ""9"": []}","[1, 0, 1, 1, 1, 0, 0, 1, 0, 0]"
16,8,balanced_sinr,1.0,0.05,0.05,10,7,12,"{""0"": [[7, 12]], ""1"": [[12, 9]], ""2"": [[7, 10], [10, 7]], ""3"": [[0, 9]], ""4"": [[2, 4], [4, 2]], ""5"": [[12, 10]], ""6"": [[10, 1]], ""7"": [[13, 1]], ""8"": [[0, 9]], ""9"": [[12, 10]]}","[1, 1, 1, 1, 1, 1, 1, 1, 1, 1]"
17,8,proposed_c2f_adaptive_pd,1.0,0.05,0.05,10,0,10,"{""0"": [[0, 1]], ""1"": [[0, 1]], ""2"": [[0, 9]], ""3"": [[1, 0]], ""4"": [[0, 2]], ""5"": [[0, 1]], ""6"": [[6, 4]], ""7"": [[0, 9]], ""8"": [[1, 2]], ""9"": [[0, 3]]}","[1, 1, 1, 1, 1, 1, 1, 1, 1, 1]"
17,8,sense_sinr_budgeted,0.6,0.03666666666666667,0.06111111111111111,6,5,12,"{""0"": [[11, 1], [1, 11]], ""1"": [], ""2"": [], ""3"": [[0, 5], [5, 0]], ""4"": [[9, 2], [2, 9], [6, 2]], ""5"": [], ""6"": [], ""7"": [[9, 2], [2, 9]], ""8"": [[2, 8], [8, 2]], ""9"": [[0, 3]]}","[1, 0, 0, 1, 1, 0, 0, 1, 1, 1]"
17,8,balanced_sinr,1.0,0.07,0.07,10,8,12,"{""0"": [[11, 1], [1, 11]], ""1"": [[13, 11]], ""2"": [[9, 2]], ""3"": [[0, 5]], ""4"": [[9, 2]], ""5"": [[1, 0]], ""6"": [[4, 6]], ""7"": [[9, 2]], ""8"": [[2, 8], [8, 2]], ""9"": [[0, 3]]}","[1, 1, 1, 1, 1, 1, 1, 1, 1, 1]"
18,8,proposed_c2f_adaptive_pd,1.0,0.03666666666666667,0.03666666666666667,10,0,10,"{""0"": [[3, 1]], ""1"": [[1, 12]], ""2"": [[1, 9]], ""3"": [[5, 12]], ""4"": [[1, 13]], ""5"": [[0, 6]], ""6"": [[7, 4]], ""7"": [[0, 7]], ""8"": [[2, 1]], ""9"": [[2, 11]]}","[1, 1, 1, 1, 1, 1, 1, 1, 1, 1]"
18,8,sense_sinr_budgeted,0.3,0.013333333333333334,0.044444444444444446,3,6,12,"{""0"": [], ""1"": [], ""2"": [[12, 9], [9, 12]], ""3"": [], ""4"": [], ""5"": [[0, 6], [2, 6], [6, 0], [10, 6], [6, 2], [6, 10]], ""6"": [], ""7"": [[10, 7], [7, 12], [7, 10], [12, 7]], ""8"": [], ""9"": []}","[0, 0, 1, 0, 0, 1, 0, 1, 0, 0]"
18,8,balanced_sinr,1.0,0.04,0.04,10,5,12,"{""0"": [[1, 13]], ""1"": [[12, 9]], ""2"": [[12, 9], [9, 12]], ""3"": [[12, 8]], ""4"": [[3, 13]], ""5"": [[0, 6], [2, 6]], ""6"": [[4, 1]], ""7"": [[10, 7]], ""8"": [[14, 1]], ""9"": [[4, 11]]}","[1, 1, 1, 1, 1, 1, 1, 1, 1, 1]"
19,8,proposed_c2f_adaptive_pd,0.9,0.06333333333333334,0.06333333333333334,10,1,12,"{""0"": [[1, 8]], ""1"": [[0, 6]], ""2"": [[10, 3]], ""3"": [[0, 11]], ""4"": [[5, 0]], ""5"": [[0, 14]], ""6"": [[4, 11]], ""7"": [[0, 1]], ""8"": [[12, 8], [8, 12], [10, 8]], ""9"": [[0, 14]]}","[1, 1, 1, 1, 1, 1, 1, 1, 0, 1]"
19,8,sense_sinr_budgeted,0.3,0.016666666666666666,0.05555555555555555,3,7,12,"{""0"": [], ""1"": [], ""2"": [], ""3"": [[13, 11], [11, 13], [6, 11], [7, 13], [13, 7], [11, 6]], ""4"": [], ""5"": [], ""6"": [], ""7"": [[1, 2], [2, 1], [1, 4], [4, 1]], ""8"": [], ""9"": [[14, 6], [6, 14]]}","[0, 0, 0, 1, 0, 0, 0, 1, 0, 1]"
19,8,balanced_sinr,0.9,0.07666666666666666,0.07666666666666666,10,4,12,"{""0"": [[6, 8]], ""1"": [[14, 7]], ""2"": [[10, 3]], ""3"": [[13, 11], [11, 13]], ""4"": [[5, 0]], ""5"": [[12, 14]], ""6"": [[7, 11]], ""7"": [[1, 2]], ""8"": [[12, 8]], ""9"": [[14, 6], [6, 14]]}","[1, 1, 1, 1, 1, 1, 1, 1, 0, 1]"
20,8,proposed_c2f_adaptive_pd,1.0,0.04666666666666667,0.04666666666666667,10,0,11,"{""0"": [[0, 9]], ""1"": [[7, 14], [3, 14]], ""2"": [[3, 14]], ""3"": [[0, 3]], ""4"": [[3, 12]], ""5"": [[2, 1]], ""6"": [[4, 1]], ""7"": [[8, 7]], ""8"": [[0, 10]], ""9"": [[2, 0]]}","[1, 1, 1, 1, 1, 1, 1, 1, 1, 1]"
20,8,sense_sinr_budgeted,0.3,0.006666666666666667,0.022222222222222223,3,5,12,"{""0"": [[9, 4], [4, 9], [0, 9]], ""1"": [], ""2"": [], ""3"": [[5, 3], [8, 3], [3, 5], [10, 3]], ""4"": [], ""5"": [], ""6"": [], ""7"": [], ""8"": [], ""9"": [[0, 6], [6, 0], [7, 0], [0, 2], [0, 4]]}","[1, 0, 0, 1, 0, 0, 0, 0, 0, 1]"
20,8,balanced_sinr,1.0,0.03,0.03,10,3,12,"{""0"": [[9, 4], [4, 9]], ""1"": [[7, 14]], ""2"": [[3, 14]], ""3"": [[5, 3]], ""4"": [[5, 12]], ""5"": [[4, 1]], ""6"": [[9, 1]], ""7"": [[8, 7]], ""8"": [[10, 8]], ""9"": [[0, 6], [6, 0]]}","[1, 1, 1, 1, 1, 1, 1, 1, 1, 1]"
21,8,proposed_c2f_adaptive_pd,1.0,0.03666666666666667,0.03666666666666667,10,0,10,"{""0"": [[1, 11]], ""1"": [[1, 14]], ""2"": [[2, 14]], ""3"": [[3, 6]], ""4"": [[6, 3]], ""5"": [[0, 2]], ""6"": [[0, 8]], ""7"": [[3, 11]], ""8"": [[1, 14]], ""9"": [[0, 2]]}","[1, 1, 1, 1, 1, 1, 1, 1, 1, 1]"
21,8,sense_sinr_budgeted,0.4,0.023333333333333334,0.058333333333333334,4,5,12,"{""0"": [[10, 11], [11, 10], [3, 11]], ""1"": [], ""2"": [], ""3"": [], ""4"": [[3, 6], [6, 3], [11, 3]], ""5"": [], ""6"": [[8, 10], [10, 8], [8, 9], [9, 8]], ""7"": [], ""8"": [], ""9"": [[5, 2], [2, 5]]}","[1, 0, 0, 0, 1, 0, 1, 0, 0, 1]"
21,8,balanced_sinr,1.0,0.043333333333333335,0.043333333333333335,10,2,12,"{""0"": [[10, 11]], ""1"": [[1, 14]], ""2"": [[2, 14]], ""3"": [[3, 6]], ""4"": [[3, 6], [6, 3]], ""5"": [[5, 2]], ""6"": [[8, 10], [10, 8]], ""7"": [[3, 11]], ""8"": [[1, 14]], ""9"": [[5, 2]]}","[1, 1, 1, 1, 1, 1, 1, 1, 1, 1]"
22,8,proposed_c2f_adaptive_pd,1.0,0.04666666666666667,0.04666666666666667,10,0,12,"{""0"": [[2, 6]], ""1"": [[1, 14]], ""2"": [[5, 2]], ""3"": [[0, 10]], ""4"": [[0, 4]], ""5"": [[7, 13]], ""6"": [[14, 13], [6, 13], [2, 13]], ""7"": [[0, 2]], ""8"": [[6, 2]], ""9"": [[0, 3]]}","[1, 1, 1, 1, 1, 1, 1, 1, 1, 1]"
22,8,sense_sinr_budgeted,0.4,0.02,0.05,4,6,12,"{""0"": [], ""1"": [[14, 7], [13, 7]], ""2"": [], ""3"": [[3, 10], [10, 3], [0, 10], [2, 10], [12, 10], [10, 0]], ""4"": [[1, 4], [4, 1]], ""5"": [], ""6"": [], ""7"": [], ""8"": [], ""9"": [[3, 11], [11, 3]]}","[0, 1, 0, 1, 1, 0, 0, 0, 0, 1]"
22,8,balanced_sinr,0.9,0.04,0.04,10,5,12,"{""0"": [[5, 6]], ""1"": [[14, 7]], ""2"": [[11, 5]], ""3"": [[3, 10], [10, 3]], ""4"": [[1, 4], [4, 1]], ""5"": [[14, 13]], ""6"": [[6, 13]], ""7"": [[13, 2]], ""8"": [[6, 2]], ""9"": [[3, 11]]}","[1, 1, 1, 1, 1, 1, 0, 1, 1, 1]"
23,8,proposed_c2f_adaptive_pd,0.9,0.04,0.04,10,0,11,"{""0"": [[0, 14]], ""1"": [[1, 0]], ""2"": [[0, 2]], ""3"": [[5, 0]], ""4"": [[0, 8]], ""5"": [[0, 11]], ""6"": [[8, 4]], ""7"": [[0, 9]], ""8"": [[4, 9]], ""9"": [[5, 0], [8, 0]]}","[1, 1, 1, 1, 1, 1, 1, 1, 0, 1]"
23,8,sense_sinr_budgeted,0.4,0.02,0.05,4,7,12,"{""0"": [], ""1"": [[5, 0], [0, 5], [8, 0]], ""2"": [[2, 13]], ""3"": [], ""4"": [], ""5"": [[11, 13], [13, 11], [2, 13], [13, 2]], ""6"": [], ""7"": [[8, 9], [9, 8], [9, 0], [0, 9]], ""8"": [], ""9"": []}","[0, 1, 1, 0, 0, 1, 0, 1, 0, 0]"
23,8,balanced_sinr,1.0,0.023333333333333334,0.023333333333333334,10,5,12,"{""0"": [[1, 14]], ""1"": [[5, 0]], ""2"": [[2, 13]], ""3"": [[8, 0]], ""4"": [[8, 9]], ""5"": [[11, 13], [13, 11]], ""6"": [[8, 4]], ""7"": [[8, 9], [9, 8]], ""8"": [[9, 7]], ""9"": [[8, 0]]}","[1, 1, 1, 1, 1, 1, 1, 1, 1, 1]"
24,8,proposed_c2f_adaptive_pd,1.0,0.04666666666666667,0.04666666666666667,10,1,12,"{""0"": [[7, 2], [7, 12]], ""1"": [[0, 6]], ""2"": [[4, 6], [3, 6]], ""3"": [[0, 10]], ""4"": [[4, 2]], ""5"": [[2, 12]], ""6"": [[0, 12]], ""7"": [[0, 1]], ""8"": [[1, 6]], ""9"": [[10, 12]]}","[1, 1, 1, 1, 1, 1, 1, 1, 1, 1]"
24,8,sense_sinr_budgeted,0.3,0.016666666666666666,0.05555555555555555,3,6,12,"{""0"": [], ""1"": [[6, 4], [4, 6], [2, 6], [1, 6], [6, 2]], ""2"": [], ""3"": [], ""4"": [], ""5"": [], ""6"": [[7, 12], [12, 7], [13, 12], [10, 12], [12, 10], [12, 13]], ""7"": [[1, 2]], ""8"": [], ""9"": []}","[0, 1, 0, 0, 0, 0, 1, 1, 0, 0]"
24,8,balanced_sinr,0.9,0.04,0.04,10,6,12,"{""0"": [[7, 2]], ""1"": [[6, 4], [4, 6]], ""2"": [[3, 6]], ""3"": [[10, 12]], ""4"": [[2, 6]], ""5"": [[2, 12]], ""6"": [[7, 12], [12, 7]], ""7"": [[1, 2]], ""8"": [[2, 6]], ""9"": [[10, 12]]}","[1, 1, 0, 1, 1, 1, 1, 1, 1, 1]"
25,8,proposed_c2f_adaptive_pd,1.0,0.05333333333333334,0.05333333333333334,10,0,10,"{""0"": [[5, 11]], ""1"": [[3, 5]], ""2"": [[1, 0]], ""3"": [[0, 8]], ""4"": [[1, 0]], ""5"": [[0, 8]], ""6"": [[0, 11]], ""7"": [[0, 1]], ""8"": [[2, 9]], ""9"": [[0, 5]]}","[1, 1, 1, 1, 1, 1, 1, 1, 1, 1]"
25,8,sense_sinr_budgeted,0.5,0.03,0.06,5,6,12,"{""0"": [], ""1"": [], ""2"": [], ""3"": [[1, 8]], ""4"": [[1, 0]], ""5"": [[1, 8], [8, 1], [1, 0]], ""6"": [], ""7"": [], ""8"": [[9, 3], [9, 13], [13, 9]], ""9"": [[12, 5], [5, 12], [5, 6], [9, 5]]}","[0, 0, 0, 1, 1, 1, 0, 0, 1, 1]"
25,8,balanced_sinr,1.0,0.06666666666666667,0.06666666666666667,10,5,12,"{""0"": [[5, 11]], ""1"": [[12, 5]], ""2"": [[0, 8]], ""3"": [[1, 8]], ""4"": [[1, 0]], ""5"": [[1, 8], [8, 1]], ""6"": [[5, 11]], ""7"": [[1, 8]], ""8"": [[9, 3]], ""9"": [[12, 5], [5, 12]]}","[1, 1, 1, 1, 1, 1, 1, 1, 1, 1]"
26,8,proposed_c2f_adaptive_pd,0.9,0.05,0.05,10,2,12,"{""0"": [[7, 4]], ""1"": [[7, 9]], ""2"": [[4, 2]], ""3"": [[2, 6]], ""4"": [[1, 9], [9, 1], [12, 9]], ""5"": [[0, 7]], ""6"": [[1, 9]], ""7"": [[8, 4]], ""8"": [[0, 13]], ""9"": [[13, 2]]}","[0, 1, 1, 1, 1, 1, 1, 1, 1, 1]"
26,8,sense_sinr_budgeted,0.4,0.013333333333333334,0.03333333333333333,4,5,12,"{""0"": [], ""1"": [], ""2"": [[14, 2], [2, 14], [8, 2], [14, 8]], ""3"": [[2, 6]], ""4"": [], ""5"": [[8, 7], [14, 7], [7, 8], [7, 14]], ""6"": [], ""7"": [], ""8"": [[10, 13], [13, 5], [5, 13]], ""9"": []}","[0, 0, 1, 1, 0, 1, 0, 0, 1, 0]"
26,8,balanced_sinr,0.6,0.05333333333333334,0.05333333333333334,10,3,12,"{""0"": [[7, 4]], ""1"": [[7, 9]], ""2"": [[14, 2], [2, 14]], ""3"": [[2, 6]], ""4"": [[1, 9]], ""5"": [[8, 7], [14, 7]], ""6"": [[12, 9]], ""7"": [[8, 4]], ""8"": [[10, 13]], ""9"": [[2, 13]]}","[0, 1, 1, 1, 0, 1, 0, 1, 1, 0]"
27,8,proposed_c2f_adaptive_pd,0.8,0.03333333333333333,0.037037037037037035,10,2,12,"{""0"": [[0, 13]], ""1"": [[14, 12]], ""2"": [[2, 12]], ""3"": [[0, 8]], ""4"": [[0, 3]], ""5"": [[14, 12], [12, 14]], ""6"": [[0, 2]], ""7"": [[3, 7]], ""8"": [[4, 12], [12, 4]], ""9"": [[1, 9]]}","[0, 1, 1, 1, 1, 0, 1, 1, 1, 1]"
27,8,sense_sinr_budgeted,0.2,0.016666666666666666,0.08333333333333333,3,6,12,"{""0"": [[11, 13], [13, 11], [13, 0], [0, 13]], ""1"": [], ""2"": [], ""3"": [[4, 8], [8, 4], [12, 8], [8, 12], [8, 10], [10, 8]], ""4"": [], ""5"": [], ""6"": [[3, 2], [2, 3]], ""7"": [], ""8"": [], ""9"": []}","[0, 0, 0, 1, 0, 0, 1, 0, 0, 0]"
27,8,balanced_sinr,0.9,0.03333333333333333,0.037037037037037035,10,3,12,"{""0"": [[11, 13], [13, 11]], ""1"": [[14, 12]], ""2"": [[4, 12]], ""3"": [[4, 8], [8, 4]], ""4"": [[11, 3]], ""5"": [[4, 12]], ""6"": [[3, 2]], ""7"": [[3, 7]], ""8"": [[4, 12]], ""9"": [[9, 1]]}","[0, 1, 1, 1, 1, 1, 1, 1, 1, 1]"
28,8,proposed_c2f_adaptive_pd,1.0,0.03666666666666667,0.03666666666666667,10,0,10,"{""0"": [[2, 12]], ""1"": [[1, 3]], ""2"": [[1, 11]], ""3"": [[1, 3]], ""4"": [[3, 13]], ""5"": [[0, 9]], ""6"": [[5, 1]], ""7"": [[1, 11]], ""8"": [[3, 7]], ""9"": [[1, 12]]}","[1, 1, 1, 1, 1, 1, 1, 1, 1, 1]"
28,8,sense_sinr_budgeted,0.5,0.01,0.02,5,5,12,"{""0"": [[12, 14], [14, 12]], ""1"": [], ""2"": [[2, 11], [11, 2]], ""3"": [[3, 13], [13, 3]], ""4"": [], ""5"": [], ""6"": [], ""7"": [[14, 11], [11, 14], [12, 11]], ""8"": [], ""9"": [[12, 14], [14, 12], [2, 12]]}","[1, 0, 1, 1, 0, 0, 0, 1, 0, 1]"
28,8,balanced_sinr,1.0,0.023333333333333334,0.023333333333333334,10,5,12,"{""0"": [[12, 14], [14, 12]], ""1"": [[3, 6]], ""2"": [[2, 11]], ""3"": [[3, 13], [13, 3]], ""4"": [[3, 13]], ""5"": [[8, 9]], ""6"": [[5, 1]], ""7"": [[14, 11]], ""8"": [[7, 6]], ""9"": [[12, 14]]}","[1, 1, 1, 1, 1, 1, 1, 1, 1, 1]"
29,8,proposed_c2f_adaptive_pd,0.7,0.04666666666666667,0.04666666666666667,10,2,12,"{""0"": [[1, 12]], ""1"": [[0, 14]], ""2"": [[6, 13], [13, 6]], ""3"": [[0, 5]], ""4"": [[0, 7]], ""5"": [[0, 9]], ""6"": [[6, 13]], ""7"": [[0, 13]], ""8"": [[0, 2], [9, 2]], ""9"": [[11, 4]]}","[1, 1, 1, 1, 1, 1, 0, 1, 0, 0]"
29,8,sense_sinr_budgeted,0.3,0.0033333333333333335,0.011111111111111112,3,6,12,"{""0"": [], ""1"": [[3, 14], [14, 3], [8, 14], [14, 8]], ""2"": [], ""3"": [[8, 5], [5, 8], [5, 12], [12, 5], [3, 5], [5, 3]], ""4"": [], ""5"": [], ""6"": [], ""7"": [[7, 13], [13, 7]], ""8"": [], ""9"": []}","[0, 1, 0, 1, 0, 0, 0, 1, 0, 0]"
29,8,balanced_sinr,0.8,0.03666666666666667,0.03666666666666667,10,4,12,"{""0"": [[1, 12]], ""1"": [[3, 14]], ""2"": [[0, 13]], ""3"": [[8, 5], [5, 8]], ""4"": [[7, 13]], ""5"": [[9, 3]], ""6"": [[6, 13]], ""7"": [[7, 13], [13, 7]], ""8"": [[3, 2]], ""9"": [[13, 11]]}","[1, 1, 1, 1, 1, 1, 0, 1, 0, 1]"
30,8,proposed_c2f_adaptive_pd,1.0,0.04666666666666667,0.04666666666666667,10,0,10,"{""0"": [[4, 2]], ""1"": [[4, 2]], ""2"": [[0, 10]], ""3"": [[8, 13]], ""4"": [[0, 5]], ""5"": [[6, 4]], ""6"": [[2, 6]], ""7"": [[14, 3]], ""8"": [[3, 2]], ""9"": [[2, 13]]}","[1, 1, 1, 1, 1, 1, 1, 1, 1, 1]"
30,8,sense_sinr_budgeted,0.3,0.013333333333333334,0.044444444444444446,3,5,12,"{""0"": [], ""1"": [], ""2"": [[11, 10], [10, 11], [7, 10], [14, 10], [10, 14]], ""3"": [], ""4"": [[5, 11], [11, 5], [5, 14], [14, 5], [11, 14]], ""5"": [], ""6"": [], ""7"": [], ""8"": [], ""9"": [[4, 13], [8, 13]]}","[0, 0, 1, 0, 1, 0, 0, 0, 0, 1]"
30,8,balanced_sinr,1.0,0.05,0.05,10,2,12,"{""0"": [[8, 2]], ""1"": [[4, 2]], ""2"": [[11, 10], [10, 11]], ""3"": [[8, 13]], ""4"": [[5, 11], [11, 5]], ""5"": [[6, 4]], ""6"": [[4, 6]], ""7"": [[14, 3]], ""8"": [[4, 2]], ""9"": [[4, 13]]}","[1, 1, 1, 1, 1, 1, 1, 1, 1, 1]"
31,8,proposed_c2f_adaptive_pd,1.0,0.04,0.04,10,0,11,"{""0"": [[1, 10]], ""1"": [[1, 12]], ""2"": [[0, 5]], ""3"": [[3, 4], [11, 4]], ""4"": [[7, 11]], ""5"": [[1, 0]], ""6"": [[10, 8]], ""7"": [[1, 13]], ""8"": [[0, 4]], ""9"": [[11, 4]]}","[1, 1, 1, 1, 1, 1, 1, 1, 1, 1]"
31,8,sense_sinr_budgeted,0.4,0.023333333333333334,0.058333333333333334,4,7,12,"{""0"": [], ""1"": [[12, 13], [13, 12], [12, 2], [2, 12], [13, 2], [2, 13]], ""2"": [[5, 14], [14, 5]], ""3"": [], ""4"": [], ""5"": [[11, 0], [0, 11]], ""6"": [], ""7"": [[13, 2], [2, 13]], ""8"": [], ""9"": []}","[0, 1, 1, 0, 0, 1, 0, 1, 0, 0]"
31,8,balanced_sinr,1.0,0.06,0.06,10,6,12,"{""0"": [[10, 8]], ""1"": [[12, 13], [13, 12]], ""2"": [[5, 14]], ""3"": [[3, 4]], ""4"": [[11, 7]], ""5"": [[11, 0], [0, 11]], ""6"": [[14, 8]], ""7"": [[13, 2]], ""8"": [[5, 4]], ""9"": [[11, 4]]}","[1, 1, 1, 1, 1, 1, 1, 1, 1, 1]"
32,8,proposed_c2f_adaptive_pd,1.0,0.04666666666666667,0.04666666666666667,10,1,12,"{""0"": [[1, 14]], ""1"": [[2, 1]], ""2"": [[1, 12]], ""3"": [[2, 0]], ""4"": [[2, 1], [14, 1]], ""5"": [[11, 7], [7, 6]], ""6"": [[2, 4]], ""7"": [[0, 10]], ""8"": [[0, 13]], ""9"": [[6, 7]]}","[1, 1, 1, 1, 1, 1, 1, 1, 1, 1]"
32,8,sense_sinr_budgeted,0.5,0.02,0.04,5,6,12,"{""0"": [], ""1"": [[14, 1], [1, 14]], ""2"": [[12, 2], [2, 12]], ""3"": [[6, 0], [0, 6], [13, 0]], ""4"": [], ""5"": [], ""6"": [[3, 4], [4, 3]], ""7"": [[10, 8], [8, 10], [10, 13]], ""8"": [], ""9"": []}","[0, 1, 1, 1, 0, 0, 1, 1, 0, 0]"
32,8,balanced_sinr,1.0,0.04666666666666667,0.04666666666666667,10,6,12,"{""0"": [[14, 1]], ""1"": [[14, 1], [1, 14]], ""2"": [[12, 2]], ""3"": [[6, 0]], ""4"": [[2, 1]], ""5"": [[7, 6]], ""6"": [[3, 4], [4, 3]], ""7"": [[10, 8]], ""8"": [[8, 13]], ""9"": [[11, 7]]}","[1, 1, 1, 1, 1, 1, 1, 1, 1, 1]"
33,8,proposed_c2f_adaptive_pd,0.8,0.04,0.04,10,1,12,"{""0"": [[14, 10]], ""1"": [[1, 13]], ""2"": [[10, 13]], ""3"": [[13, 1], [1, 13], [10, 1]], ""4"": [[0, 6]], ""5"": [[1, 13]], ""6"": [[2, 8]], ""7"": [[4, 1]], ""8"": [[0, 11]], ""9"": [[0, 10]]}","[1, 1, 0, 0, 1, 1, 1, 1, 1, 1]"
33,8,sense_sinr_budgeted,0.3,0.016666666666666666,0.05555555555555555,3,6,12,"{""0"": [], ""1"": [], ""2"": [], ""3"": [], ""4"": [], ""5"": [], ""6"": [[9, 8], [8, 9], [6, 8], [6, 9]], ""7"": [[13, 1], [1, 13]], ""8"": [[11, 13], [13, 11], [14, 11], [11, 14], [7, 11], [11, 7]], ""9"": []}","[0, 0, 0, 0, 0, 0, 1, 1, 1, 0]"
33,8,balanced_sinr,0.9,0.043333333333333335,0.043333333333333335,10,5,12,"{""0"": [[13, 10]], ""1"": [[13, 1]], ""2"": [[11, 13]], ""3"": [[13, 1]], ""4"": [[6, 7]], ""5"": [[13, 1]], ""6"": [[9, 8], [8, 9]], ""7"": [[13, 1]], ""8"": [[11, 13], [13, 11]], ""9"": [[14, 10]]}","[1, 1, 1, 0, 1, 1, 1, 1, 1, 1]"
34,8,proposed_c2f_adaptive_pd,0.9,0.056666666666666664,0.056666666666666664,10,0,10,"{""0"": [[0, 11]], ""1"": [[1, 0]], ""2"": [[0, 2]], ""3"": [[1, 0]], ""4"": [[1, 12]], ""5"": [[0, 5]], ""6"": [[0, 11]], ""7"": [[0, 12]], ""8"": [[0, 13]], ""9"": [[0, 10]]}","[1, 1, 1, 1, 1, 1, 1, 1, 0, 1]"
34,8,sense_sinr_budgeted,0.3,0.01,0.03333333333333333,3,6,12,"{""0"": [], ""1"": [[13, 0], [0, 13], [0, 12], [0, 1], [1, 0], [7, 0]], ""2"": [[4, 2], [2, 4]], ""3"": [], ""4"": [], ""5"": [], ""6"": [[11, 2], [2, 11], [4, 11], [11, 4]], ""7"": [], ""8"": [], ""9"": []}","[0, 1, 1, 0, 0, 0, 1, 0, 0, 0]"
34,8,balanced_sinr,1.0,0.043333333333333335,0.043333333333333335,10,4,12,"{""0"": [[10, 11]], ""1"": [[13, 0], [0, 13]], ""2"": [[4, 2], [2, 4]], ""3"": [[0, 1]], ""4"": [[7, 12]], ""5"": [[1, 5]], ""6"": [[11, 2]], ""7"": [[13, 12]], ""8"": [[4, 13]], ""9"": [[9, 10]]}","[1, 1, 1, 1, 1, 1, 1, 1, 1, 1]"
35,8,proposed_c2f_adaptive_pd,0.9,0.056666666666666664,0.056666666666666664,10,2,12,"{""0"": [[3, 2]], ""1"": [[12, 0]], ""2"": [[1, 11]], ""3"": [[1, 9]], ""4"": [[2, 0]], ""5"": [[7, 12], [12, 7], [3, 12]], ""6"": [[7, 12]], ""7"": [[0, 14]], ""8"": [[0, 6]], ""9"": [[1, 2]]}","[1, 1, 1, 1, 1, 0, 1, 1, 1, 1]"
35,8,sense_sinr_budgeted,0.3,0.02,0.06666666666666667,3,8,12,"{""0"": [], ""1"": [], ""2"": [], ""3"": [[9, 1], [1, 9], [9, 10], [6, 1], [1, 6]], ""4"": [[4, 0], [14, 0], [0, 4], [0, 14], [4, 8]], ""5"": [], ""6"": [], ""7"": [], ""8"": [[3, 6], [6, 3]], ""9"": []}","[0, 0, 0, 1, 1, 0, 0, 0, 1, 0]"
35,8,balanced_sinr,0.9,0.05,0.05,10,3,12,"{""0"": [[2, 11]], ""1"": [[12, 0]], ""2"": [[2, 11]], ""3"": [[9, 1], [1, 9]], ""4"": [[4, 0], [14, 0]], ""5"": [[7, 12]], ""6"": [[7, 12]], ""7"": [[4, 14]], ""8"": [[3, 6]], ""9"": [[13, 2]]}","[1, 1, 1, 1, 1, 0, 1, 1, 1, 1]"
36,8,proposed_c2f_adaptive_pd,1.0,0.04,0.04,10,0,10,"{""0"": [[11, 2]], ""1"": [[1, 14]], ""2"": [[4, 0]], ""3"": [[0, 4]], ""4"": [[5, 2]], ""5"": [[0, 2]], ""6"": [[0, 2]], ""7"": [[1, 10]], ""8"": [[0, 5]], ""9"": [[2, 0]]}","[1, 1, 1, 1, 1, 1, 1, 1, 1, 1]"
36,8,sense_sinr_budgeted,0.2,0.01,0.05,3,6,12,"{""0"": [], ""1"": [], ""2"": [], ""3"": [], ""4"": [], ""5"": [[5, 2], [2, 5], [13, 2], [2, 13], [0, 2], [2, 6]], ""6"": [], ""7"": [[14, 10], [10, 14]], ""8"": [[5, 2], [2, 5], [5, 6], [6, 5]], ""9"": []}","[0, 0, 0, 0, 0, 1, 0, 0, 1, 0]"
36,8,balanced_sinr,0.9,0.02666666666666667,0.02962962962962963,10,4,12,"{""0"": [[11, 2]], ""1"": [[14, 10]], ""2"": [[0, 4]], ""3"": [[0, 4]], ""4"": [[13, 2]], ""5"": [[5, 2], [2, 5]], ""6"": [[13, 2]], ""7"": [[14, 10]], ""8"": [[5, 2], [2, 5]], ""9"": [[13, 0]]}","[1, 1, 1, 1, 1, 1, 1, 0, 1, 1]"
37,8,proposed_c2f_adaptive_pd,0.7,0.03,0.03,10,1,12,"{""0"": [[0, 3]], ""1"": [[0, 8]], ""2"": [[2, 4]], ""3"": [[0, 9]], ""4"": [[4, 14]], ""5"": [[0, 14]], ""6"": [[2, 11]], ""7"": [[14, 4], [4, 14], [5, 4]], ""8"": [[1, 0]], ""9"": [[1, 9]]}","[1, 1, 1, 1, 0, 1, 0, 0, 1, 1]"
37,8,sense_sinr_budgeted,0.3,0.013333333333333334,0.044444444444444446,3,4,12,"{""0"": [], ""1"": [[0, 8], [8, 0]], ""2"": [], ""3"": [[11, 9], [7, 9], [12, 9], [9, 11], [2, 9], [10, 9]], ""4"": [], ""5"": [], ""6"": [], ""7"": [], ""8"": [[3, 0], [0, 3], [0, 8], [8, 0]], ""9"": []}","[0, 1, 0, 1, 0, 0, 0, 0, 1, 0]"
37,8,balanced_sinr,0.9,0.043333333333333335,0.043333333333333335,10,4,12,"{""0"": [[14, 3]], ""1"": [[0, 8]], ""2"": [[2, 4]], ""3"": [[11, 9], [7, 9]], ""4"": [[14, 4]], ""5"": [[0, 3]], ""6"": [[2, 4]], ""7"": [[14, 4]], ""8"": [[3, 0], [0, 3]], ""9"": [[1, 9]]}","[1, 1, 1, 1, 0, 1, 1, 1, 1, 1]"
38,8,proposed_c2f_adaptive_pd,1.0,0.04,0.04,10,0,10,"{""0"": [[0, 10]], ""1"": [[3, 0]], ""2"": [[0, 7]], ""3"": [[1, 9]], ""4"": [[0, 7]], ""5"": [[0, 1]], ""6"": [[2, 4]], ""7"": [[0, 7]], ""8"": [[1, 0]], ""9"": [[4, 2]]}","[1, 1, 1, 1, 1, 1, 1, 1, 1, 1]"
38,8,sense_sinr_budgeted,0.4,0.013333333333333334,0.03333333333333333,4,7,12,"{""0"": [], ""1"": [[0, 8], [8, 0]], ""2"": [], ""3"": [[12, 9], [9, 12]], ""4"": [[10, 7], [7, 10]], ""5"": [[1, 5], [5, 1], [1, 14], [14, 1], [5, 14], [14, 5]], ""6"": [], ""7"": [], ""8"": [], ""9"": []}","[0, 1, 0, 1, 1, 1, 0, 0, 0, 0]"
38,8,balanced_sinr,1.0,0.05,0.05,10,6,12,"{""0"": [[10, 7]], ""1"": [[0, 8]], ""2"": [[10, 7]], ""3"": [[12, 9], [9, 12]], ""4"": [[10, 7]], ""5"": [[1, 5], [5, 1]], ""6"": [[2, 4]], ""7"": [[0, 7]], ""8"": [[0, 7]], ""9"": [[2, 11]]}","[1, 1, 1, 1, 1, 1, 1, 1, 1, 1]"
39,8,proposed_c2f_adaptive_pd,1.0,0.04666666666666667,0.04666666666666667,10,1,12,"{""0"": [[6, 4]], ""1"": [[0, 8]], ""2"": [[9, 3], [14, 3]], ""3"": [[0, 10]], ""4"": [[1, 9]], ""5"": [[1, 4]], ""6"": [[1, 0]], ""7"": [[3, 7]], ""8"": [[4, 7], [7, 4]], ""9"": [[1, 7]]}","[1, 1, 1, 1, 1, 1, 1, 1, 1, 1]"
39,8,sense_sinr_budgeted,0.3,0.013333333333333334,0.044444444444444446,3,5,12,"{""0"": [], ""1"": [[9, 8], [8, 9], [14, 8]], ""2"": [], ""3"": [[9, 10], [10, 9], [14, 10], [10, 14], [10, 8], [8, 10]], ""4"": [], ""5"": [], ""6"": [[8, 0], [0, 8], [9, 0]], ""7"": [], ""8"": [], ""9"": []}","[0, 1, 0, 1, 0, 0, 1, 0, 0, 0]"
39,8,balanced_sinr,1.0,0.03333333333333333,0.03333333333333333,10,2,12,"{""0"": [[6, 4]], ""1"": [[9, 8]], ""2"": [[9, 3]], ""3"": [[9, 10], [10, 9]], ""4"": [[3, 9]], ""5"": [[13, 4]], ""6"": [[8, 0], [0, 8]], ""7"": [[4, 7]], ""8"": [[4, 7]], ""9"": [[1, 7]]}","[1, 1, 1, 1, 1, 1, 1, 1, 1, 1]"
40,8,proposed_c2f_adaptive_pd,1.0,0.03,0.03,10,1,12,"{""0"": [[1, 9]], ""1"": [[0, 2]], ""2"": [[0, 8]], ""3"": [[0, 10]], ""4"": [[1, 5]], ""5"": [[0, 1]], ""6"": [[3, 12], [10, 12], [10, 3]], ""7"": [[0, 13]], ""8"": [[1, 3]], ""9"": [[3, 12]]}","[1, 1, 1, 1, 1, 1, 1, 1, 1, 1]"
40,8,sense_sinr_budgeted,0.2,0.016666666666666666,0.08333333333333333,2,8,12,"{""0"": [], ""1"": [[2, 14], [14, 2], [11, 14], [14, 11], [2, 11], [2, 7]], ""2"": [], ""3"": [], ""4"": [], ""5"": [[1, 13], [13, 1], [1, 5], [5, 1], [3, 1], [1, 3]], ""6"": [], ""7"": [], ""8"": [], ""9"": []}","[0, 1, 0, 0, 0, 1, 0, 0, 0, 0]"
40,8,balanced_sinr,1.0,0.02666666666666667,0.02666666666666667,10,2,12,"{""0"": [[11, 9]], ""1"": [[2, 14], [14, 2]], ""2"": [[6, 8]], ""3"": [[0, 10]], ""4"": [[1, 5]], ""5"": [[1, 13], [13, 1]], ""6"": [[3, 12]], ""7"": [[1, 13]], ""8"": [[6, 3]], ""9"": [[6, 12]]}","[1, 1, 1, 1, 1, 1, 1, 1, 1, 1]"
41,8,proposed_c2f_adaptive_pd,1.0,0.04666666666666667,0.04666666666666667,10,0,10,"{""0"": [[2, 4]], ""1"": [[4, 1]], ""2"": [[0, 3]], ""3"": [[1, 4]], ""4"": [[2, 0]], ""5"": [[8, 12]], ""6"": [[2, 14]], ""7"": [[5, 2]], ""8"": [[0, 14]], ""9"": [[0, 6]]}","[1, 1, 1, 1, 1, 1, 1, 1, 1, 1]"
41,8,sense_sinr_budgeted,0.3,0.013333333333333334,0.044444444444444446,3,6,12,"{""0"": [], ""1"": [], ""2"": [[7, 3], [3, 7]], ""3"": [], ""4"": [[3, 0], [0, 3], [7, 0], [0, 7]], ""5"": [], ""6"": [], ""7"": [], ""8"": [], ""9"": [[6, 2], [2, 6], [6, 11], [11, 6], [6, 10], [10, 6]]}","[0, 0, 1, 0, 1, 0, 0, 0, 0, 1]"
41,8,balanced_sinr,1.0,0.04666666666666667,0.04666666666666667,10,3,12,"{""0"": [[9, 4]], ""1"": [[8, 1]], ""2"": [[7, 3]], ""3"": [[9, 4]], ""4"": [[3, 0], [0, 3]], ""5"": [[13, 12]], ""6"": [[14, 13]], ""7"": [[9, 2]], ""8"": [[7, 14]], ""9"": [[6, 2], [2, 6]]}","[1, 1, 1, 1, 1, 1, 1, 1, 1, 1]"
42,8,proposed_c2f_adaptive_pd,1.0,0.06333333333333334,0.06333333333333334,10,0,11,"{""0"": [[10, 8]], ""1"": [[10, 1], [2, 1]], ""2"": [[5, 12]], ""3"": [[0, 14]], ""4"": [[0, 2]], ""5"": [[1, 10]], ""6"": [[1, 13]], ""7"": [[1, 10]], ""8"": [[0, 5]], ""9"": [[1, 10]]}","[1, 1, 1, 1, 1, 1, 1, 1, 1, 1]"
42,8,sense_sinr_budgeted,0.3,0.02,0.06666666666666667,3,6,12,"{""0"": [], ""1"": [], ""2"": [], ""3"": [], ""4"": [[4, 2], [2, 4]], ""5"": [], ""6"": [], ""7"": [], ""8"": [[9, 5], [5, 9], [5, 12], [12, 5], [9, 12], [6, 5]], ""9"": [[13, 10], [1, 10], [10, 13], [10, 1]]}","[0, 0, 0, 0, 1, 0, 0, 0, 1, 1]"
42,8,balanced_sinr,0.9,0.056666666666666664,0.056666666666666664,10,3,12,"{""0"": [[12, 8]], ""1"": [[10, 1]], ""2"": [[5, 12]], ""3"": [[14, 0]], ""4"": [[4, 2]], ""5"": [[12, 10]], ""6"": [[13, 10]], ""7"": [[13, 10]], ""8"": [[9, 5], [5, 9]], ""9"": [[13, 10], [1, 10]]}","[1, 1, 1, 1, 1, 0, 1, 1, 1, 1]"
43,8,proposed_c2f_adaptive_pd,0.9,0.05,0.05,10,0,10,"{""0"": [[2, 3]], ""1"": [[3, 14]], ""2"": [[0, 13]], ""3"": [[1, 13]], ""4"": [[4, 9]], ""5"": [[3, 14]], ""6"": [[11, 13]], ""7"": [[4, 6]], ""8"": [[0, 14]], ""9"": [[1, 6]]}","[1, 1, 1, 0, 1, 1, 1, 1, 1, 1]"
43,8,sense_sinr_budgeted,0.5,0.016666666666666666,0.03333333333333333,5,6,12,"{""0"": [[3, 7], [7, 3], [3, 6], [6, 3]], ""1"": [], ""2"": [], ""3"": [], ""4"": [[4, 9], [9, 4]], ""5"": [[14, 6], [6, 14]], ""6"": [], ""7"": [], ""8"": [[14, 5], [5, 14]], ""9"": [[3, 6], [6, 3]]}","[1, 0, 0, 0, 1, 1, 0, 0, 1, 1]"
43,8,balanced_sinr,1.0,0.043333333333333335,0.043333333333333335,10,4,12,"{""0"": [[3, 7], [7, 3]], ""1"": [[3, 14]], ""2"": [[11, 13]], ""3"": [[11, 13]], ""4"": [[4, 9]], ""5"": [[14, 6]], ""6"": [[1, 13]], ""7"": [[4, 9]], ""8"": [[14, 5], [5, 14]], ""9"": [[3, 6]]}","[1, 1, 1, 1, 1, 1, 1, 1, 1, 1]"
44,8,proposed_c2f_adaptive_pd,1.0,0.056666666666666664,0.056666666666666664,10,0,12,"{""0"": [[0, 10]], ""1"": [[1, 4]], ""2"": [[11, 5]], ""3"": [[0, 12]], ""4"": [[0, 5]], ""5"": [[0, 5]], ""6"": [[0, 5], [11, 5], [6, 5]], ""7"": [[6, 8]], ""8"": [[2, 1]], ""9"": [[0, 10]]}","[1, 1, 1, 1, 1, 1, 1, 1, 1, 1]"
44,8,sense_sinr_budgeted,0.4,0.016666666666666666,0.041666666666666664,4,5,12,"{""0"": [[6, 10]], ""1"": [[4, 3], [3, 4], [4, 13], [13, 4]], ""2"": [], ""3"": [[12, 13], [13, 12], [4, 12], [12, 9], [9, 12]], ""4"": [], ""5"": [], ""6"": [], ""7"": [[8, 14], [14, 8]], ""8"": [], ""9"": []}","[1, 1, 0, 1, 0, 0, 0, 1, 0, 0]"
44,8,balanced_sinr,0.9,0.043333333333333335,0.043333333333333335,10,4,12,"{""0"": [[6, 10]], ""1"": [[4, 3], [3, 4]], ""2"": [[11, 5]], ""3"": [[12, 13]], ""4"": [[11, 5]], ""5"": [[12, 5]], ""6"": [[0, 5]], ""7"": [[8, 14], [14, 8]], ""8"": [[9, 7]], ""9"": [[8, 10]]}","[1, 1, 1, 1, 1, 1, 0, 1, 1, 1]"
45,8,proposed_c2f_adaptive_pd,1.0,0.06666666666666667,0.06666666666666667,10,0,10,"{""0"": [[0, 3]], ""1"": [[6, 1]], ""2"": [[0, 1]], ""3"": [[0, 13]], ""4"": [[1, 3]], ""5"": [[0, 8]], ""6"": [[1, 0]], ""7"": [[0, 4]], ""8"": [[1, 0]], ""9"": [[0, 4]]}","[1, 1, 1, 1, 1, 1, 1, 1, 1, 1]"
45,8,sense_sinr_budgeted,0.2,0.0033333333333333335,0.016666666666666666,2,6,12,"{""0"": [[2, 3], [3, 13], [13, 3], [3, 2], [14, 3], [9, 3]], ""1"": [], ""2"": [], ""3"": [], ""4"": [], ""5"": [], ""6"": [], ""7"": [], ""8"": [], ""9"": [[4, 10], [10, 4], [4, 6], [6, 4], [10, 6], [6, 10]]}","[1, 0, 0, 0, 0, 0, 0, 0, 0, 1]"
45,8,balanced_sinr,1.0,0.05,0.05,10,6,12,"{""0"": [[2, 3], [3, 13]], ""1"": [[6, 1]], ""2"": [[1, 7]], ""3"": [[3, 13]], ""4"": [[3, 13]], ""5"": [[14, 8]], ""6"": [[0, 1]], ""7"": [[4, 6]], ""8"": [[9, 0]], ""9"": [[4, 10], [10, 4]]}","[1, 1, 1, 1, 1, 1, 1, 1, 1, 1]"
46,8,proposed_c2f_adaptive_pd,1.0,0.04666666666666667,0.04666666666666667,10,0,12,"{""0"": [[3, 6]], ""1"": [[6, 5], [11, 5]], ""2"": [[11, 5]], ""3"": [[6, 11]], ""4"": [[0, 8]], ""5"": [[5, 11]], ""6"": [[9, 1]], ""7"": [[5, 11], [10, 11]], ""8"": [[0, 11]], ""9"": [[1, 9]]}","[1, 1, 1, 1, 1, 1, 1, 1, 1, 1]"
46,8,sense_sinr_budgeted,0.3,0.01,0.03333333333333333,3,5,12,"{""0"": [[4, 6]], ""1"": [], ""2"": [], ""3"": [], ""4"": [[2, 8], [8, 2], [9, 8], [8, 9], [8, 10], [10, 8]], ""5"": [], ""6"": [], ""7"": [], ""8"": [[10, 11], [11, 10], [8, 11], [11, 8], [12, 11]], ""9"": []}","[1, 0, 0, 0, 1, 0, 0, 0, 1, 0]"
46,8,balanced_sinr,1.0,0.03,0.03,10,2,12,"{""0"": [[4, 6]], ""1"": [[6, 5]], ""2"": [[11, 5]], ""3"": [[6, 11]], ""4"": [[2, 8], [8, 2]], ""5"": [[10, 11]], ""6"": [[9, 1]], ""7"": [[5, 11]], ""8"": [[10, 11], [11, 10]], ""9"": [[11, 9]]}","[1, 1, 1, 1, 1, 1, 1, 1, 1, 1]"
47,8,proposed_c2f_adaptive_pd,0.8,0.06,0.06,10,1,12,"{""0"": [[9, 0]], ""1"": [[2, 4]], ""2"": [[1, 14]], ""3"": [[0, 9], [9, 0]], ""4"": [[1, 14]], ""5"": [[2, 6]], ""6"": [[6, 11]], ""7"": [[11, 6]], ""8"": [[0, 8], [13, 8]], ""9"": [[1, 10]]}","[0, 1, 1, 0, 1, 1, 1, 1, 1, 1]"
47,8,sense_sinr_budgeted,0.3,0.006666666666666667,0.022222222222222223,3,5,12,"{""0"": [], ""1"": [[2, 4]], ""2"": [], ""3"": [], ""4"": [], ""5"": [[13, 6], [6, 13], [2, 6], [2, 13], [11, 6], [6, 11]], ""6"": [], ""7"": [], ""8"": [], ""9"": [[12, 10], [10, 12], [10, 1], [1, 10], [11, 10]]}","[0, 1, 0, 0, 0, 1, 0, 0, 0, 1]"
47,8,balanced_sinr,1.0,0.03666666666666667,0.03666666666666667,10,5,12,"{""0"": [[0, 9]], ""1"": [[2, 4]], ""2"": [[10, 14]], ""3"": [[0, 9]], ""4"": [[1, 14]], ""5"": [[13, 6], [6, 13]], ""6"": [[11, 12]], ""7"": [[11, 6]], ""8"": [[0, 8]], ""9"": [[12, 10], [10, 12]]}","[1, 1, 1, 1, 1, 1, 1, 1, 1, 1]"
48,8,proposed_c2f_adaptive_pd,1.0,0.06666666666666667,0.06666666666666667,10,0,12,"{""0"": [[3, 6]], ""1"": [[2, 4]], ""2"": [[8, 5], [11, 5]], ""3"": [[5, 11]], ""4"": [[1, 7]], ""5"": [[0, 14]], ""6"": [[5, 11], [8, 11]], ""7"": [[12, 4]], ""8"": [[0, 4]], ""9"": [[10, 8]]}","[1, 1, 1, 1, 1, 1, 1, 1, 1, 1]"
48,8,sense_sinr_budgeted,0.2,0.023333333333333334,0.11666666666666667,2,6,12,"{""0"": [], ""1"": [], ""2"": [], ""3"": [], ""4"": [[7, 1], [5, 7], [1, 7], [7, 2], [2, 7], [5, 1]], ""5"": [], ""6"": [], ""7"": [], ""8"": [[4, 12], [12, 4], [2, 4], [7, 4], [2, 12], [4, 2]], ""9"": []}","[0, 0, 0, 0, 1, 0, 0, 0, 1, 0]"
48,8,balanced_sinr,0.9,0.07,0.07,10,4,12,"{""0"": [[3, 6]], ""1"": [[2, 4]], ""2"": [[8, 5]], ""3"": [[5, 11]], ""4"": [[7, 1], [5, 7]], ""5"": [[14, 6]], ""6"": [[5, 11]], ""7"": [[4, 12]], ""8"": [[4, 12], [12, 4]], ""9"": [[10, 8]]}","[1, 1, 0, 1, 1, 1, 1, 1, 1, 1]"
49,8,proposed_c2f_adaptive_pd,0.9,0.05333333333333334,0.05333333333333334,10,0,10,"{""0"": [[2, 10]], ""1"": [[13, 6]], ""2"": [[0, 5]], ""3"": [[2, 7]], ""4"": [[7, 2]], ""5"": [[0, 5]], ""6"": [[1, 0]], ""7"": [[0, 12]], ""8"": [[5, 3]], ""9"": [[5, 3]]}","[1, 1, 1, 1, 1, 1, 1, 1, 0, 1]"
49,8,sense_sinr_budgeted,0.3,0.016666666666666666,0.05555555555555555,3,6,12,"{""0"": [[10, 14], [14, 10]], ""1"": [], ""2"": [], ""3"": [], ""4"": [], ""5"": [], ""6"": [[8, 0], [0, 8], [12, 0], [0, 12]], ""7"": [[5, 12], [12, 5], [12, 0], [0, 12], [12, 8], [8, 12]], ""8"": [], ""9"": []}","[1, 0, 0, 0, 0, 0, 1, 1, 0, 0]"
49,8,balanced_sinr,1.0,0.05333333333333334,0.05333333333333334,10,6,12,"{""0"": [[10, 14], [14, 10]], ""1"": [[13, 6]], ""2"": [[5, 12]], ""3"": [[9, 7]], ""4"": [[9, 2]], ""5"": [[5, 12]], ""6"": [[8, 0]], ""7"": [[5, 12], [12, 5]], ""8"": [[3, 5]], ""9"": [[8, 5]]}","[1, 1, 1, 1, 1, 1, 1, 1, 1, 1]"
50,8,proposed_c2f_adaptive_pd,1.0,0.06,0.06,10,0,10,"{""0"": [[12, 1]], ""1"": [[1, 13]], ""2"": [[12, 1]], ""3"": [[6, 3]], ""4"": [[9, 12]], ""5"": [[0, 6]], ""6"": [[8, 3]], ""7"": [[3, 1]], ""8"": [[3, 14]], ""9"": [[1, 12]]}","[1, 1, 1, 1, 1, 1, 1, 1, 1, 1]"
50,8,sense_sinr_budgeted,0.2,0.02,0.1,2,7,12,"{""0"": [], ""1"": [], ""2"": [], ""3"": [], ""4"": [], ""5"": [[6, 4], [4, 6], [3, 6], [3, 4], [8, 4], [6, 3]], ""6"": [], ""7"": [[14, 1], [1, 14], [12, 1], [1, 12], [1, 13], [8, 1]], ""8"": [], ""9"": []}","[0, 0, 0, 0, 0, 1, 0, 1, 0, 0]"
50,8,balanced_sinr,1.0,0.05,0.05,10,8,12,"{""0"": [[1, 13]], ""1"": [[1, 13]], ""2"": [[12, 1]], ""3"": [[3, 6]], ""4"": [[12, 14]], ""5"": [[6, 4], [4, 6]], ""6"": [[3, 6]], ""7"": [[14, 1], [1, 14]], ""8"": [[12, 9]], ""9"": [[12, 14]]}","[1, 1, 1, 1, 1, 1, 1, 1, 1, 1]"
51,8,proposed_c2f_adaptive_pd,1.0,0.05333333333333334,0.05333333333333334,10,1,12,"{""0"": [[0, 12]], ""1"": [[3, 7]], ""2"": [[12, 13]], ""3"": [[3, 10], [4, 10], [10, 4]], ""4"": [[3, 4]], ""5"": [[0, 5]], ""6"": [[0, 11]], ""7"": [[2, 4]], ""8"": [[0, 7]], ""9"": [[0, 13]]}","[1, 1, 1, 1, 1, 1, 1, 1, 1, 1]"
51,8,sense_sinr_budgeted,0.5,0.023333333333333334,0.04666666666666667,5,6,12,"{""0"": [[12, 3], [3, 12]], ""1"": [], ""2"": [], ""3"": [], ""4"": [[4, 10], [10, 4]], ""5"": [], ""6"": [], ""7"": [[9, 4], [4, 9], [6, 4], [4, 6]], ""8"": [[7, 3], [3, 7]], ""9"": [[13, 12], [12, 13]]}","[1, 0, 0, 0, 1, 0, 0, 1, 1, 1]"
51,8,balanced_sinr,0.9,0.043333333333333335,0.043333333333333335,10,5,12,"{""0"": [[12, 3], [3, 12]], ""1"": [[4, 7]], ""2"": [[13, 12]], ""3"": [[3, 10]], ""4"": [[4, 10]], ""5"": [[0, 5]], ""6"": [[0, 11]], ""7"": [[9, 4]], ""8"": [[7, 3], [3, 7]], ""9"": [[13, 12]]}","[1, 1, 1, 0, 1, 1, 1, 1, 1, 1]"
52,8,proposed_c2f_adaptive_pd,1.0,0.05333333333333334,0.05333333333333334,10,0,12,"{""0"": [[3, 5]], ""1"": [[1, 9]], ""2"": [[14, 5], [11, 5], [10, 5]], ""3"": [[0, 9]], ""4"": [[0, 1]], ""5"": [[0, 11]], ""6"": [[6, 2]], ""7"": [[5, 10]], ""8"": [[0, 10]], ""9"": [[1, 9]]}","[1, 1, 1, 1, 1, 1, 1, 1, 1, 1]"
52,8,sense_sinr_budgeted,0.3,0.02,0.06666666666666667,3,6,12,"{""0"": [], ""1"": [], ""2"": [], ""3"": [[7, 9], [9, 7]], ""4"": [[3, 1], [1, 3], [8, 1], [11, 1], [1, 8], [1, 11]], ""5"": [[11, 3], [3, 11], [8, 11], [11, 8]], ""6"": [], ""7"": [], ""8"": [], ""9"": []}","[0, 0, 0, 1, 1, 1, 0, 0, 0, 0]"
52,8,balanced_sinr,0.9,0.03333333333333333,0.03333333333333333,10,4,12,"{""0"": [[11, 5]], ""1"": [[9, 1]], ""2"": [[14, 5]], ""3"": [[7, 9], [9, 7]], ""4"": [[3, 1]], ""5"": [[11, 3], [3, 11]], ""6"": [[9, 2]], ""7"": [[10, 5]], ""8"": [[0, 10]], ""9"": [[7, 9]]}","[1, 1, 0, 1, 1, 1, 1, 1, 1, 1]"
53,8,proposed_c2f_adaptive_pd,1.0,0.03333333333333333,0.03333333333333333,10,1,12,"{""0"": [[1, 12]], ""1"": [[3, 13], [6, 13], [13, 3]], ""2"": [[1, 5]], ""3"": [[0, 3]], ""4"": [[0, 13]], ""5"": [[0, 4]], ""6"": [[3, 13]], ""7"": [[1, 12]], ""8"": [[0, 2]], ""9"": [[1, 12]]}","[1, 1, 1, 1, 1, 1, 1, 1, 1, 1]"
53,8,sense_sinr_budgeted,0.3,0.006666666666666667,0.022222222222222223,3,5,12,"{""0"": [], ""1"": [], ""2"": [[5, 10], [10, 5]], ""3"": [[3, 14], [11, 3], [3, 11], [14, 3], [9, 3]], ""4"": [[11, 13], [13, 11], [3, 13], [13, 3], [6, 13]], ""5"": [], ""6"": [], ""7"": [], ""8"": [], ""9"": []}","[0, 0, 1, 1, 1, 0, 0, 0, 0, 0]"
53,8,balanced_sinr,0.9,0.03333333333333333,0.03333333333333333,10,3,12,"{""0"": [[1, 12]], ""1"": [[6, 13]], ""2"": [[5, 10]], ""3"": [[3, 14], [11, 3]], ""4"": [[11, 13], [13, 11]], ""5"": [[0, 4]], ""6"": [[3, 13]], ""7"": [[10, 12]], ""8"": [[4, 2]], ""9"": [[7, 12]]}","[1, 0, 1, 1, 1, 1, 1, 1, 1, 1]"
54,8,proposed_c2f_adaptive_pd,1.0,0.056666666666666664,0.056666666666666664,10,0,10,"{""0"": [[0, 8]], ""1"": [[3, 13]], ""2"": [[8, 4]], ""3"": [[2, 11]], ""4"": [[0, 12]], ""5"": [[0, 7]], ""6"": [[0, 11]], ""7"": [[6, 7]], ""8"": [[0, 4]], ""9"": [[10, 13]]}","[1, 1, 1, 1, 1, 1, 1, 1, 1, 1]"
54,8,sense_sinr_budgeted,0.4,0.013333333333333334,0.03333333333333333,4,7,12,"{""0"": [], ""1"": [], ""2"": [], ""3"": [], ""4"": [[0, 12], [2, 5], [12, 5], [5, 12], [5, 9]], ""5"": [[4, 7], [7, 4]], ""6"": [[11, 8], [8, 11]], ""7"": [], ""8"": [[8, 4], [4, 8], [11, 8]], ""9"": []}","[0, 0, 0, 0, 1, 1, 1, 0, 1, 0]"
54,8,balanced_sinr,1.0,0.05,0.05,10,6,12,"{""0"": [[8, 4]], ""1"": [[3, 6]], ""2"": [[8, 4]], ""3"": [[14, 11]], ""4"": [[0, 12]], ""5"": [[4, 7], [7, 4]], ""6"": [[11, 8]], ""7"": [[6, 7]], ""8"": [[8, 4], [4, 8]], ""9"": [[13, 10]]}","[1, 1, 1, 1, 1, 1, 1, 1, 1, 1]"
55,8,proposed_c2f_adaptive_pd,1.0,0.043333333333333335,0.043333333333333335,10,0,12,"{""0"": [[3, 2]], ""1"": [[1, 2]], ""2"": [[1, 7]], ""3"": [[5, 0]], ""4"": [[2, 8], [4, 8]], ""5"": [[1, 2]], ""6"": [[2, 1]], ""7"": [[1, 4]], ""8"": [[8, 3], [2, 3]], ""9"": [[6, 14]]}","[1, 1, 1, 1, 1, 1, 1, 1, 1, 1]"
55,8,sense_sinr_budgeted,0.3,0.01,0.03333333333333333,3,6,12,"{""0"": [], ""1"": [], ""2"": [[7, 4], [4, 7]], ""3"": [], ""4"": [], ""5"": [], ""6"": [[1, 13], [13, 1], [4, 1], [7, 1]], ""7"": [[4, 8], [4, 2], [8, 4], [2, 4], [8, 2], [7, 2]], ""8"": [], ""9"": []}","[0, 0, 1, 0, 0, 0, 1, 1, 0, 0]"
55,8,balanced_sinr,1.0,0.06,0.06,10,7,12,"{""0"": [[2, 3]], ""1"": [[4, 2]], ""2"": [[7, 4]], ""3"": [[9, 0]], ""4"": [[4, 2]], ""5"": [[2, 3]], ""6"": [[1, 13], [13, 1]], ""7"": [[4, 8], [4, 2]], ""8"": [[2, 3]], ""9"": [[9, 14]]}","[1, 1, 1, 1, 1, 1, 1, 1, 1, 1]"
56,8,proposed_c2f_adaptive_pd,1.0,0.023333333333333334,0.023333333333333334,10,0,10,"{""0"": [[7, 4]], ""1"": [[0, 1]], ""2"": [[1, 7]], ""3"": [[9, 1]], ""4"": [[1, 9]], ""5"": [[0, 12]], ""6"": [[2, 5]], ""7"": [[1, 4]], ""8"": [[1, 12]], ""9"": [[2, 1]]}","[1, 1, 1, 1, 1, 1, 1, 1, 1, 1]"
56,8,sense_sinr_budgeted,0.3,0.016666666666666666,0.05555555555555555,3,4,12,"{""0"": [], ""1"": [[2, 1], [13, 1], [3, 1], [5, 1], [1, 13]], ""2"": [[10, 9], [10, 7]], ""3"": [], ""4"": [], ""5"": [[8, 12], [12, 8], [12, 11], [11, 12], [13, 12]], ""6"": [], ""7"": [], ""8"": [], ""9"": []}","[0, 1, 1, 0, 0, 1, 0, 0, 0, 0]"
56,8,balanced_sinr,1.0,0.05333333333333334,0.05333333333333334,10,5,12,"{""0"": [[10, 4]], ""1"": [[2, 1], [13, 1]], ""2"": [[10, 9]], ""3"": [[13, 1]], ""4"": [[9, 7]], ""5"": [[8, 12], [12, 8]], ""6"": [[5, 3]], ""7"": [[10, 4]], ""8"": [[12, 11]], ""9"": [[13, 1]]}","[1, 1, 1, 1, 1, 1, 1, 1, 1, 1]"
57,8,proposed_c2f_adaptive_pd,1.0,0.02666666666666667,0.02666666666666667,10,0,10,"{""0"": [[3, 1]], ""1"": [[0, 1]], ""2"": [[0, 7]], ""3"": [[0, 13]], ""4"": [[0, 10]], ""5"": [[3, 1]], ""6"": [[1, 4]], ""7"": [[0, 1]], ""8"": [[0, 2]], ""9"": [[0, 11]]}","[1, 1, 1, 1, 1, 1, 1, 1, 1, 1]"
57,8,sense_sinr_budgeted,0.4,0.02,0.05,4,6,12,"{""0"": [], ""1"": [[1, 4], [4, 1]], ""2"": [], ""3"": [[13, 5], [5, 13]], ""4"": [[10, 9], [9, 10], [8, 10], [10, 8], [10, 14], [14, 10]], ""5"": [], ""6"": [], ""7"": [], ""8"": [[2, 0], [0, 2]], ""9"": []}","[0, 1, 0, 1, 1, 0, 0, 0, 1, 0]"
57,8,balanced_sinr,1.0,0.05333333333333334,0.05333333333333334,10,7,12,"{""0"": [[1, 4]], ""1"": [[1, 4]], ""2"": [[0, 7]], ""3"": [[13, 5], [5, 13]], ""4"": [[10, 9], [9, 10]], ""5"": [[3, 1]], ""6"": [[1, 4]], ""7"": [[1, 4]], ""8"": [[2, 0]], ""9"": [[11, 14]]}","[1, 1, 1, 1, 1, 1, 1, 1, 1, 1]"
58,8,proposed_c2f_adaptive_pd,1.0,0.05,0.05,10,0,10,"{""0"": [[1, 13]], ""1"": [[2, 0]], ""2"": [[0, 2]], ""3"": [[1, 4]], ""4"": [[0, 6]], ""5"": [[0, 11]], ""6"": [[0, 4]], ""7"": [[1, 5]], ""8"": [[1, 5]], ""9"": [[0, 10]]}","[1, 1, 1, 1, 1, 1, 1, 1, 1, 1]"
58,8,sense_sinr_budgeted,0.4,0.006666666666666667,0.016666666666666666,4,6,12,"{""0"": [[13, 5], [5, 13]], ""1"": [[7, 0], [0, 7], [0, 3]], ""2"": [[14, 2], [2, 14], [2, 1], [1, 2]], ""3"": [], ""4"": [], ""5"": [], ""6"": [], ""7"": [], ""8"": [], ""9"": [[11, 10], [10, 11], [8, 10]]}","[1, 1, 1, 0, 0, 0, 0, 0, 0, 1]"
58,8,balanced_sinr,1.0,0.03666666666666667,0.03666666666666667,10,2,12,"{""0"": [[13, 5], [5, 13]], ""1"": [[7, 0]], ""2"": [[14, 2], [2, 14]], ""3"": [[2, 4]], ""4"": [[9, 6]], ""5"": [[8, 11]], ""6"": [[2, 4]], ""7"": [[14, 5]], ""8"": [[13, 5]], ""9"": [[11, 10]]}","[1, 1, 1, 1, 1, 1, 1, 1, 1, 1]"
59,8,proposed_c2f_adaptive_pd,1.0,0.06333333333333334,0.06333333333333334,10,0,10,"{""0"": [[4, 1]], ""1"": [[4, 1]], ""2"": [[0, 3]], ""3"": [[0, 5]], ""4"": [[13, 14]], ""5"": [[13, 5]], ""6"": [[4, 3]], ""7"": [[0, 5]], ""8"": [[3, 13]], ""9"": [[0, 3]]}","[1, 1, 1, 1, 1, 1, 1, 1, 1, 1]"
59,8,sense_sinr_budgeted,0.3,0.01,0.03333333333333333,3,5,12,"{""0"": [], ""1"": [], ""2"": [], ""3"": [[7, 5], [5, 7], [13, 5], [5, 13]], ""4"": [], ""5"": [], ""6"": [], ""7"": [[13, 5], [0, 5], [5, 13], [5, 0], [2, 5], [7, 5]], ""8"": [], ""9"": [[3, 6], [6, 3]]}","[0, 0, 0, 1, 0, 0, 0, 1, 0, 1]"
59,8,balanced_sinr,1.0,0.04,0.04,10,6,12,"{""0"": [[4, 9]], ""1"": [[8, 1]], ""2"": [[3, 7]], ""3"": [[7, 5], [5, 7]], ""4"": [[14, 13]], ""5"": [[13, 5]], ""6"": [[4, 3]], ""7"": [[13, 5], [0, 5]], ""8"": [[3, 7]], ""9"": [[3, 6]]}","[1, 1, 1, 1, 1, 1, 1, 1, 1, 1]"
60,8,proposed_c2f_adaptive_pd,1.0,0.056666666666666664,0.056666666666666664,10,1,12,"{""0"": [[0, 8]], ""1"": [[1, 10]], ""2"": [[0, 2]], ""3"": [[0, 8]], ""4"": [[3, 8]], ""5"": [[0, 8]], ""6"": [[0, 11]], ""7"": [[0, 8]], ""8"": [[0, 2]], ""9"": [[9, 8], [8, 9], [0, 8]]}","[1, 1, 1, 1, 1, 1, 1, 1, 1, 1]"
60,8,sense_sinr_budgeted,0.3,0.04,0.13333333333333333,3,7,12,"{""0"": [], ""1"": [[13, 10]], ""2"": [[2, 4], [4, 2], [1, 2], [3, 4], [4, 3]], ""3"": [], ""4"": [], ""5"": [], ""6"": [], ""7"": [], ""8"": [[1, 2], [2, 1], [2, 4], [4, 2], [1, 4], [4, 1]], ""9"": []}","[0, 1, 1, 0, 0, 0, 0, 0, 1, 0]"
60,8,balanced_sinr,1.0,0.056666666666666664,0.056666666666666664,10,2,12,"{""0"": [[0, 8]], ""1"": [[13, 10]], ""2"": [[2, 4], [4, 2]], ""3"": [[0, 8]], ""4"": [[3, 8]], ""5"": [[3, 8]], ""6"": [[4, 11]], ""7"": [[0, 8]], ""8"": [[1, 2], [2, 1]], ""9"": [[9, 8]]}","[1, 1, 1, 1, 1, 1, 1, 1, 1, 1]"
61,8,proposed_c2f_adaptive_pd,1.0,0.043333333333333335,0.043333333333333335,10,0,10,"{""0"": [[0, 6]], ""1"": [[0, 10]], ""2"": [[0, 4]], ""3"": [[3, 0]], ""4"": [[4, 13]], ""5"": [[0, 14]], ""6"": [[12, 11]], ""7"": [[0, 13]], ""8"": [[0, 9]], ""9"": [[1, 11]]}","[1, 1, 1, 1, 1, 1, 1, 1, 1, 1]"
61,8,sense_sinr_budgeted,0.4,0.02,0.05,4,5,12,"{""0"": [], ""1"": [[10, 7], [7, 10], [3, 10]], ""2"": [[14, 4]], ""3"": [[6, 0], [0, 6]], ""4"": [], ""5"": [[14, 4], [4, 14], [14, 8], [8, 14], [14, 9], [9, 14]], ""6"": [], ""7"": [], ""8"": [], ""9"": []}","[0, 1, 1, 1, 0, 1, 0, 0, 0, 0]"
61,8,balanced_sinr,1.0,0.04,0.04,10,5,12,"{""0"": [[6, 13]], ""1"": [[10, 7], [7, 10]], ""2"": [[14, 4]], ""3"": [[6, 0]], ""4"": [[4, 13]], ""5"": [[14, 4], [4, 14]], ""6"": [[11, 12]], ""7"": [[4, 13]], ""8"": [[9, 0]], ""9"": [[1, 11]]}","[1, 1, 1, 1, 1, 1, 1, 1, 1, 1]"
62,8,proposed_c2f_adaptive_pd,0.9,0.04,0.044444444444444446,10,1,12,"{""0"": [[0, 11]], ""1"": [[11, 14]], ""2"": [[0, 13]], ""3"": [[3, 6]], ""4"": [[1, 9]], ""5"": [[0, 3]], ""6"": [[0, 11]], ""7"": [[0, 5]], ""8"": [[9, 3], [2, 9], [10, 9]], ""9"": [[3, 9]]}","[0, 1, 1, 1, 1, 1, 1, 1, 1, 1]"
62,8,sense_sinr_budgeted,0.3,0.01,0.03333333333333333,3,6,12,"{""0"": [], ""1"": [], ""2"": [[13, 1], [1, 13]], ""3"": [], ""4"": [], ""5"": [[5, 3], [3, 5], [9, 3], [3, 9]], ""6"": [[0, 11], [11, 0], [4, 11], [11, 14], [11, 4], [14, 11]], ""7"": [], ""8"": [], ""9"": []}","[0, 0, 1, 0, 0, 1, 1, 0, 0, 0]"
62,8,balanced_sinr,0.8,0.043333333333333335,0.04814814814814815,10,6,12,"{""0"": [[0, 11]], ""1"": [[11, 14]], ""2"": [[13, 1]], ""3"": [[6, 7]], ""4"": [[9, 12]], ""5"": [[5, 3], [3, 5]], ""6"": [[0, 11], [11, 0]], ""7"": [[6, 5]], ""8"": [[2, 9]], ""9"": [[9, 3]]}","[0, 1, 1, 1, 1, 1, 1, 1, 0, 1]"
63,8,proposed_c2f_adaptive_pd,1.0,0.03,0.03,10,0,12,"{""0"": [[0, 4]], ""1"": [[9, 12]], ""2"": [[0, 4]], ""3"": [[0, 14]], ""4"": [[0, 8]], ""5"": [[0, 6]], ""6"": [[0, 9]], ""7"": [[0, 9]], ""8"": [[1, 10]], ""9"": [[9, 8], [13, 8], [14, 8]]}","[1, 1, 1, 1, 1, 1, 1, 1, 1, 1]"
63,8,sense_sinr_budgeted,0.3,0.023333333333333334,0.07777777777777778,3,8,12,"{""0"": [[4, 5], [5, 0], [5, 4], [0, 5], [4, 0]], ""1"": [], ""2"": [[4, 0], [4, 5], [5, 0], [0, 5], [5, 4], [0, 4]], ""3"": [], ""4"": [[14, 8]], ""5"": [], ""6"": [], ""7"": [], ""8"": [], ""9"": []}","[1, 0, 1, 0, 1, 0, 0, 0, 0, 0]"
63,8,balanced_sinr,1.0,0.04,0.04,10,5,12,"{""0"": [[4, 5], [5, 0]], ""1"": [[9, 12]], ""2"": [[4, 0], [4, 5]], ""3"": [[2, 14]], ""4"": [[14, 8]], ""5"": [[5, 6]], ""6"": [[9, 12]], ""7"": [[7, 9]], ""8"": [[7, 10]], ""9"": [[9, 8]]}","[1, 1, 1, 1, 1, 1, 1, 1, 1, 1]"
64,8,proposed_c2f_adaptive_pd,1.0,0.06,0.06,10,0,10,"{""0"": [[8, 3]], ""1"": [[2, 13]], ""2"": [[2, 10]], ""3"": [[0, 7]], ""4"": [[1, 6]], ""5"": [[1, 6]], ""6"": [[0, 7]], ""7"": [[0, 12]], ""8"": [[1, 6]], ""9"": [[0, 12]]}","[1, 1, 1, 1, 1, 1, 1, 1, 1, 1]"
64,8,sense_sinr_budgeted,0.3,0.006666666666666667,0.022222222222222223,3,6,12,"{""0"": [], ""1"": [[13, 5], [5, 13], [10, 13], [13, 2], [2, 13], [13, 14]], ""2"": [[13, 10]], ""3"": [], ""4"": [], ""5"": [], ""6"": [], ""7"": [[12, 8], [8, 12], [12, 3], [3, 12], [8, 3]], ""8"": [], ""9"": []}","[0, 1, 1, 0, 0, 0, 0, 1, 0, 0]"
64,8,balanced_sinr,1.0,0.05333333333333334,0.05333333333333334,10,6,12,"{""0"": [[12, 3]], ""1"": [[13, 5], [5, 13]], ""2"": [[13, 10]], ""3"": [[12, 7]], ""4"": [[6, 1]], ""5"": [[6, 1]], ""6"": [[12, 7]], ""7"": [[12, 8], [8, 12]], ""8"": [[6, 1]], ""9"": [[12, 8]]}","[1, 1, 1, 1, 1, 1, 1, 1, 1, 1]"
65,8,proposed_c2f_adaptive_pd,1.0,0.043333333333333335,0.043333333333333335,10,0,10,"{""0"": [[0, 14]], ""1"": [[2, 0]], ""2"": [[4, 14]], ""3"": [[1, 0]], ""4"": [[0, 9]], ""5"": [[1, 13]], ""6"": [[0, 5]], ""7"": [[0, 3]], ""8"": [[0, 7]], ""9"": [[0, 8]]}","[1, 1, 1, 1, 1, 1, 1, 1, 1, 1]"
65,8,sense_sinr_budgeted,0.4,0.03,0.075,4,6,12,"{""0"": [], ""1"": [], ""2"": [], ""3"": [[0, 8], [8, 0], [0, 7], [7, 0], [14, 0], [2, 0]], ""4"": [], ""5"": [[13, 10], [10, 13]], ""6"": [], ""7"": [[3, 11], [11, 3], [2, 11]], ""8"": [], ""9"": [[8, 2]]}","[0, 0, 0, 1, 0, 1, 0, 1, 0, 1]"
65,8,balanced_sinr,1.0,0.06,0.06,10,5,12,"{""0"": [[0, 14]], ""1"": [[0, 8]], ""2"": [[6, 14]], ""3"": [[0, 8], [8, 0]], ""4"": [[2, 9]], ""5"": [[13, 10]], ""6"": [[7, 5]], ""7"": [[3, 11], [11, 3]], ""8"": [[0, 7]], ""9"": [[8, 2]]}","[1, 1, 1, 1, 1, 1, 1, 1, 1, 1]"
66,8,proposed_c2f_adaptive_pd,1.0,0.06,0.06,10,0,12,"{""0"": [[2, 11]], ""1"": [[8, 9], [5, 9]], ""2"": [[0, 2]], ""3"": [[0, 1]], ""4"": [[0, 6]], ""5"": [[6, 11]], ""6"": [[8, 9], [2, 9]], ""7"": [[3, 13]], ""8"": [[0, 2]], ""9"": [[1, 11]]}","[1, 1, 1, 1, 1, 1, 1, 1, 1, 1]"
66,8,sense_sinr_budgeted,0.4,0.02,0.05,4,5,12,"{""0"": [], ""1"": [], ""2"": [[6, 2], [2, 6]], ""3"": [], ""4"": [[6, 2], [2, 6], [6, 13], [13, 6]], ""5"": [], ""6"": [], ""7"": [], ""8"": [[8, 2], [2, 8], [5, 2]], ""9"": [[6, 11], [11, 6], [13, 11]]}","[0, 0, 1, 0, 1, 0, 0, 0, 1, 1]"
66,8,balanced_sinr,1.0,0.04666666666666667,0.04666666666666667,10,3,12,"{""0"": [[6, 11]], ""1"": [[5, 9]], ""2"": [[6, 2]], ""3"": [[1, 12]], ""4"": [[6, 2], [2, 6]], ""5"": [[6, 11]], ""6"": [[8, 9]], ""7"": [[3, 13]], ""8"": [[8, 2]], ""9"": [[6, 11], [11, 6]]}","[1, 1, 1, 1, 1, 1, 1, 1, 1, 1]"
67,8,proposed_c2f_adaptive_pd,1.0,0.05,0.05,10,1,12,"{""0"": [[6, 8], [0, 8]], ""1"": [[2, 3]], ""2"": [[9, 13]], ""3"": [[1, 5]], ""4"": [[5, 11], [9, 13]], ""5"": [[2, 6]], ""6"": [[3, 2]], ""7"": [[0, 5]], ""8"": [[0, 6]], ""9"": [[6, 2]]}","[1, 1, 1, 1, 1, 1, 1, 1, 1, 1]"
67,8,sense_sinr_budgeted,0.3,0.013333333333333334,0.044444444444444446,3,7,12,"{""0"": [], ""1"": [], ""2"": [], ""3"": [[9, 5], [13, 5], [5, 9], [5, 13]], ""4"": [], ""5"": [], ""6"": [], ""7"": [[9, 5], [13, 5], [5, 9], [5, 13], [5, 10], [9, 13]], ""8"": [[5, 6], [6, 5]], ""9"": []}","[0, 0, 0, 1, 0, 0, 0, 1, 1, 0]"
67,8,balanced_sinr,1.0,0.02666666666666667,0.02666666666666667,10,1,12,"{""0"": [[0, 8]], ""1"": [[10, 3]], ""2"": [[9, 13]], ""3"": [[9, 5], [13, 5]], ""4"": [[9, 13]], ""5"": [[6, 2]], ""6"": [[3, 2]], ""7"": [[9, 5], [13, 5]], ""8"": [[5, 6]], ""9"": [[6, 2]]}","[1, 1, 1, 1, 1, 1, 1, 1, 1, 1]"
68,8,proposed_c2f_adaptive_pd,1.0,0.03,0.03,10,0,10,"{""0"": [[0, 11]], ""1"": [[0, 9]], ""2"": [[0, 4]], ""3"": [[0, 9]], ""4"": [[0, 7]], ""5"": [[0, 9]], ""6"": [[1, 7]], ""7"": [[2, 0]], ""8"": [[6, 3]], ""9"": [[0, 8]]}","[1, 1, 1, 1, 1, 1, 1, 1, 1, 1]"
68,8,sense_sinr_budgeted,0.4,0.023333333333333334,0.058333333333333334,4,5,12,"{""0"": [], ""1"": [[7, 9], [9, 7], [9, 14], [14, 9], [9, 8], [8, 9]], ""2"": [[12, 4], [4, 12], [11, 4]], ""3"": [], ""4"": [[1, 7], [7, 1]], ""5"": [], ""6"": [], ""7"": [], ""8"": [], ""9"": [[1, 8]]}","[0, 1, 1, 0, 1, 0, 0, 0, 0, 1]"
68,8,balanced_sinr,1.0,0.04666666666666667,0.04666666666666667,10,4,12,"{""0"": [[0, 11]], ""1"": [[7, 9], [9, 7]], ""2"": [[12, 4]], ""3"": [[6, 9]], ""4"": [[1, 7], [7, 1]], ""5"": [[0, 9]], ""6"": [[9, 7]], ""7"": [[0, 14]], ""8"": [[3, 13]], ""9"": [[1, 8]]}","[1, 1, 1, 1, 1, 1, 1, 1, 1, 1]"
69,8,proposed_c2f_adaptive_pd,1.0,0.03666666666666667,0.03666666666666667,10,0,11,"{""0"": [[4, 14], [3, 14]], ""1"": [[1, 11]], ""2"": [[0, 14]], ""3"": [[0, 3]], ""4"": [[1, 6]], ""5"": [[7, 12]], ""6"": [[1, 9]], ""7"": [[0, 10]], ""8"": [[0, 3]], ""9"": [[4, 11]]}","[1, 1, 1, 1, 1, 1, 1, 1, 1, 1]"
69,8,sense_sinr_budgeted,0.2,0.0033333333333333335,0.016666666666666666,2,7,12,"{""0"": [], ""1"": [], ""2"": [], ""3"": [[3, 8], [8, 3], [3, 0], [0, 3], [3, 14], [8, 14]], ""4"": [], ""5"": [], ""6"": [[9, 1], [1, 9], [9, 6], [6, 9], [9, 10], [10, 9]], ""7"": [], ""8"": [], ""9"": []}","[0, 0, 0, 1, 0, 0, 1, 0, 0, 0]"
69,8,balanced_sinr,1.0,0.03666666666666667,0.03666666666666667,10,4,12,"{""0"": [[4, 14]], ""1"": [[1, 11]], ""2"": [[4, 14]], ""3"": [[3, 8], [8, 3]], ""4"": [[5, 13]], ""5"": [[7, 12]], ""6"": [[9, 1], [1, 9]], ""7"": [[9, 10]], ""8"": [[3, 0]], ""9"": [[4, 11]]}","[1, 1, 1, 1, 1, 1, 1, 1, 1, 1]"
70,8,proposed_c2f_adaptive_pd,0.9,0.023333333333333334,0.023333333333333334,10,0,12,"{""0"": [[0, 6]], ""1"": [[0, 7]], ""2"": [[2, 12]], ""3"": [[2, 9]], ""4"": [[0, 4]], ""5"": [[0, 6]], ""6"": [[0, 14]], ""7"": [[8, 7]], ""8"": [[0, 11]], ""9"": [[2, 11], [9, 11], [3, 11]]}","[1, 1, 0, 1, 1, 1, 1, 1, 1, 1]"
70,8,sense_sinr_budgeted,0.3,0.01,0.03333333333333333,3,5,12,"{""0"": [], ""1"": [[8, 7], [7, 8]], ""2"": [], ""3"": [], ""4"": [[4, 6], [6, 4], [12, 4], [4, 12], [1, 4], [4, 1]], ""5"": [[4, 6], [6, 4], [12, 6], [10, 6]], ""6"": [], ""7"": [], ""8"": [], ""9"": []}","[0, 1, 0, 0, 1, 1, 0, 0, 0, 0]"
70,8,balanced_sinr,0.8,0.03333333333333333,0.03333333333333333,10,2,12,"{""0"": [[4, 6]], ""1"": [[8, 7]], ""2"": [[2, 12]], ""3"": [[2, 9]], ""4"": [[4, 6], [6, 4]], ""5"": [[4, 6], [6, 4]], ""6"": [[10, 14]], ""7"": [[8, 7]], ""8"": [[3, 11]], ""9"": [[9, 11]]}","[1, 1, 0, 1, 1, 1, 1, 1, 1, 0]"
71,8,proposed_c2f_adaptive_pd,1.0,0.07666666666666666,0.07666666666666666,10,0,10,"{""0"": [[0, 2]], ""1"": [[4, 6]], ""2"": [[0, 12]], ""3"": [[4, 9]], ""4"": [[4, 6]], ""5"": [[0, 6]], ""6"": [[1, 7]], ""7"": [[4, 6]], ""8"": [[4, 6]], ""9"": [[0, 1]]}","[1, 1, 1, 1, 1, 1, 1, 1, 1, 1]"
71,8,sense_sinr_budgeted,0.3,0.016666666666666666,0.05555555555555555,3,7,12,"{""0"": [[2, 13], [13, 2], [2, 3], [3, 2]], ""1"": [], ""2"": [[8, 12], [12, 8]], ""3"": [], ""4"": [], ""5"": [[9, 6], [6, 9], [6, 5], [5, 6], [9, 5], [5, 9]], ""6"": [], ""7"": [], ""8"": [], ""9"": []}","[1, 0, 1, 0, 0, 1, 0, 0, 0, 0]"
71,8,balanced_sinr,0.9,0.04666666666666667,0.04666666666666667,10,6,12,"{""0"": [[2, 13], [13, 2]], ""1"": [[6, 5]], ""2"": [[8, 12]], ""3"": [[9, 6]], ""4"": [[9, 6]], ""5"": [[9, 6], [6, 9]], ""6"": [[1, 7]], ""7"": [[9, 6]], ""8"": [[6, 5]], ""9"": [[1, 7]]}","[1, 1, 1, 1, 1, 1, 1, 0, 1, 1]"
72,8,proposed_c2f_adaptive_pd,1.0,0.023333333333333334,0.023333333333333334,10,0,10,"{""0"": [[7, 5]], ""1"": [[0, 11]], ""2"": [[1, 4]], ""3"": [[1, 14]], ""4"": [[0, 12]], ""5"": [[3, 1]], ""6"": [[0, 12]], ""7"": [[0, 2]], ""8"": [[2, 14]], ""9"": [[0, 7]]}","[1, 1, 1, 1, 1, 1, 1, 1, 1, 1]"
72,8,sense_sinr_budgeted,0.3,0.0033333333333333335,0.011111111111111112,3,5,12,"{""0"": [], ""1"": [[11, 2]], ""2"": [], ""3"": [], ""4"": [], ""5"": [[10, 1], [1, 10], [9, 1], [8, 1], [4, 1], [1, 4]], ""6"": [], ""7"": [], ""8"": [], ""9"": [[7, 5], [5, 7], [4, 7], [7, 4], [8, 7]]}","[0, 1, 0, 0, 0, 1, 0, 0, 0, 1]"
72,8,balanced_sinr,0.9,0.03333333333333333,0.037037037037037035,10,4,12,"{""0"": [[7, 5]], ""1"": [[11, 2]], ""2"": [[3, 6]], ""3"": [[5, 14]], ""4"": [[3, 12]], ""5"": [[10, 1], [1, 10]], ""6"": [[3, 12]], ""7"": [[11, 2]], ""8"": [[6, 14]], ""9"": [[7, 5], [5, 7]]}","[1, 1, 1, 0, 1, 1, 1, 1, 1, 1]"
73,8,proposed_c2f_adaptive_pd,1.0,0.043333333333333335,0.043333333333333335,10,0,10,"{""0"": [[0, 10]], ""1"": [[0, 1]], ""2"": [[4, 0]], ""3"": [[1, 0]], ""4"": [[0, 12]], ""5"": [[2, 8]], ""6"": [[0, 5]], ""7"": [[1, 11]], ""8"": [[10, 0]], ""9"": [[0, 10]]}","[1, 1, 1, 1, 1, 1, 1, 1, 1, 1]"
73,8,sense_sinr_budgeted,0.3,0.013333333333333334,0.044444444444444446,3,7,12,"{""0"": [], ""1"": [], ""2"": [], ""3"": [[0, 12], [12, 0], [0, 10], [10, 0], [4, 0], [0, 13]], ""4"": [], ""5"": [], ""6"": [[5, 1], [1, 5], [1, 11], [5, 11], [11, 1]], ""7"": [[1, 11]], ""8"": [], ""9"": []}","[0, 0, 0, 1, 0, 0, 1, 1, 0, 0]"
73,8,balanced_sinr,1.0,0.043333333333333335,0.043333333333333335,10,5,12,"{""0"": [[0, 10]], ""1"": [[1, 11]], ""2"": [[0, 12]], ""3"": [[0, 12], [12, 0]], ""4"": [[13, 12]], ""5"": [[3, 8]], ""6"": [[5, 1], [1, 5]], ""7"": [[1, 11]], ""8"": [[0, 12]], ""9"": [[0, 10]]}","[1, 1, 1, 1, 1, 1, 1, 1, 1, 1]"
74,8,proposed_c2f_adaptive_pd,0.8,0.04666666666666667,0.04666666666666667,10,1,12,"{""0"": [[0, 5]], ""1"": [[0, 12]], ""2"": [[13, 9], [9, 13], [12, 13]], ""3"": [[11, 4]], ""4"": [[6, 0]], ""5"": [[0, 13]], ""6"": [[0, 12]], ""7"": [[1, 8]], ""8"": [[0, 6]], ""9"": [[0, 11]]}","[1, 1, 0, 1, 1, 1, 1, 1, 1, 0]"
74,8,sense_sinr_budgeted,0.3,0.016666666666666666,0.05555555555555555,3,8,12,"{""0"": [[5, 14], [10, 5], [5, 10]], ""1"": [], ""2"": [], ""3"": [], ""4"": [], ""5"": [[13, 9], [9, 13], [12, 13], [13, 12]], ""6"": [], ""7"": [], ""8"": [], ""9"": [[11, 14], [14, 11], [4, 14], [11, 4], [14, 4]]}","[1, 0, 0, 0, 0, 1, 0, 0, 0, 1]"
74,8,balanced_sinr,0.9,0.05,0.05,10,7,12,"{""0"": [[5, 14]], ""1"": [[12, 13]], ""2"": [[12, 9]], ""3"": [[11, 4]], ""4"": [[0, 6]], ""5"": [[13, 9], [9, 13]], ""6"": [[6, 12]], ""7"": [[8, 13]], ""8"": [[0, 6]], ""9"": [[11, 14], [14, 11]]}","[1, 1, 0, 1, 1, 1, 1, 1, 1, 1]"
75,8,proposed_c2f_adaptive_pd,1.0,0.056666666666666664,0.056666666666666664,10,0,10,"{""0"": [[5, 8]], ""1"": [[0, 9]], ""2"": [[0, 12]], ""3"": [[0, 10]], ""4"": [[11, 13]], ""5"": [[8, 5]], ""6"": [[9, 5]], ""7"": [[0, 13]], ""8"": [[0, 11]], ""9"": [[0, 9]]}","[1, 1, 1, 1, 1, 1, 1, 1, 1, 1]"
75,8,sense_sinr_budgeted,0.3,0.016666666666666666,0.05555555555555555,3,6,12,"{""0"": [], ""1"": [], ""2"": [[8, 12], [11, 12], [8, 11], [11, 4], [12, 11], [11, 2]], ""3"": [[12, 10], [2, 10], [11, 10]], ""4"": [], ""5"": [], ""6"": [], ""7"": [], ""8"": [[11, 2], [12, 2], [2, 11]], ""9"": []}","[0, 0, 1, 1, 0, 0, 0, 0, 1, 0]"
75,8,balanced_sinr,0.9,0.04666666666666667,0.04666666666666667,10,4,12,"{""0"": [[8, 5]], ""1"": [[9, 5]], ""2"": [[8, 12], [11, 12]], ""3"": [[12, 10]], ""4"": [[11, 13]], ""5"": [[8, 5]], ""6"": [[9, 5]], ""7"": [[8, 13]], ""8"": [[11, 2], [12, 2]], ""9"": [[1, 9]]}","[0, 1, 1, 1, 1, 1, 1, 1, 1, 1]"
76,8,proposed_c2f_adaptive_pd,1.0,0.03666666666666667,0.03666666666666667,10,0,12,"{""0"": [[0, 12]], ""1"": [[5, 2]], ""2"": [[0, 3]], ""3"": [[3, 2]], ""4"": [[2, 5]], ""5"": [[9, 12]], ""6"": [[8, 14], [9, 14]], ""7"": [[1, 11]], ""8"": [[5, 2], [8, 2]], ""9"": [[0, 10]]}","[1, 1, 1, 1, 1, 1, 1, 1, 1, 1]"
76,8,sense_sinr_budgeted,0.2,0.006666666666666667,0.03333333333333333,2,6,12,"{""0"": [], ""1"": [], ""2"": [], ""3"": [], ""4"": [], ""5"": [], ""6"": [], ""7"": [[11, 7], [7, 11], [4, 7], [7, 4], [4, 11], [10, 11]], ""8"": [], ""9"": [[10, 6], [4, 10], [10, 11], [6, 10], [10, 4], [11, 10]]}","[0, 0, 0, 0, 0, 0, 0, 1, 0, 1]"
76,8,balanced_sinr,1.0,0.03333333333333333,0.03333333333333333,10,5,12,"{""0"": [[12, 13]], ""1"": [[5, 2]], ""2"": [[3, 13]], ""3"": [[5, 2]], ""4"": [[5, 2]], ""5"": [[9, 12]], ""6"": [[8, 14]], ""7"": [[11, 7], [7, 11]], ""8"": [[5, 2]], ""9"": [[10, 6], [4, 10]]}","[1, 1, 1, 1, 1, 1, 1, 1, 1, 1]"
77,8,proposed_c2f_adaptive_pd,1.0,0.04666666666666667,0.04666666666666667,10,0,10,"{""0"": [[2, 7]], ""1"": [[0, 2]], ""2"": [[2, 11]], ""3"": [[0, 6]], ""4"": [[0, 3]], ""5"": [[2, 4]], ""6"": [[1, 0]], ""7"": [[4, 2]], ""8"": [[0, 1]], ""9"": [[1, 0]]}","[1, 1, 1, 1, 1, 1, 1, 1, 1, 1]"
77,8,sense_sinr_budgeted,0.4,0.03333333333333333,0.08333333333333333,4,7,12,"{""0"": [], ""1"": [[2, 5], [5, 2]], ""2"": [], ""3"": [[4, 6], [6, 4], [4, 8], [8, 4]], ""4"": [[10, 3], [3, 10], [13, 3], [3, 13]], ""5"": [], ""6"": [], ""7"": [], ""8"": [[1, 14], [14, 1]], ""9"": []}","[0, 1, 0, 1, 1, 0, 0, 0, 1, 0]"
77,8,balanced_sinr,1.0,0.06,0.06,10,4,12,"{""0"": [[8, 7]], ""1"": [[2, 5]], ""2"": [[2, 11]], ""3"": [[4, 6], [6, 4]], ""4"": [[10, 3]], ""5"": [[11, 4]], ""6"": [[1, 0]], ""7"": [[2, 11]], ""8"": [[1, 14], [14, 1]], ""9"": [[1, 0]]}","[1, 1, 1, 1, 1, 1, 1, 1, 1, 1]"
78,8,proposed_c2f_adaptive_pd,1.0,0.04,0.04,10,1,12,"{""0"": [[1, 4]], ""1"": [[3, 7]], ""2"": [[0, 12]], ""3"": [[0, 8]], ""4"": [[7, 10], [10, 7], [0, 10]], ""5"": [[0, 8]], ""6"": [[1, 10]], ""7"": [[2, 5]], ""8"": [[2, 5]], ""9"": [[0, 5]]}","[1, 1, 1, 1, 1, 1, 1, 1, 1, 1]"
78,8,sense_sinr_budgeted,0.3,0.016666666666666666,0.05555555555555555,3,7,12,"{""0"": [], ""1"": [], ""2"": [[0, 12], [12, 0]], ""3"": [], ""4"": [], ""5"": [], ""6"": [], ""7"": [[5, 6], [2, 5], [5, 2], [6, 5], [2, 6], [6, 2]], ""8"": [], ""9"": [[2, 5], [5, 2], [5, 9], [9, 5]]}","[0, 0, 1, 0, 0, 0, 0, 1, 0, 1]"
78,8,balanced_sinr,1.0,0.05,0.05,10,3,12,"{""0"": [[1, 4]], ""1"": [[14, 7]], ""2"": [[0, 12], [12, 0]], ""3"": [[12, 8]], ""4"": [[0, 10]], ""5"": [[13, 8]], ""6"": [[13, 10]], ""7"": [[5, 6]], ""8"": [[2, 5]], ""9"": [[2, 5], [5, 2]]}","[1, 1, 1, 1, 1, 1, 1, 1, 1, 1]"
79,8,proposed_c2f_adaptive_pd,1.0,0.03333333333333333,0.03333333333333333,10,1,12,"{""0"": [[0, 10]], ""1"": [[0, 9]], ""2"": [[1, 7], [6, 7], [7, 6]], ""3"": [[4, 8]], ""4"": [[1, 5]], ""5"": [[1, 12]], ""6"": [[0, 4]], ""7"": [[2, 0]], ""8"": [[0, 9]], ""9"": [[1, 3]]}","[1, 1, 1, 1, 1, 1, 1, 1, 1, 1]"
79,8,sense_sinr_budgeted,0.4,0.02,0.05,4,6,12,"{""0"": [], ""1"": [], ""2"": [], ""3"": [], ""4"": [], ""5"": [], ""6"": [[4, 14], [14, 4]], ""7"": [[13, 0], [0, 13]], ""8"": [[13, 9], [0, 9], [6, 9], [9, 0], [9, 6], [9, 13]], ""9"": [[3, 1], [1, 3]]}","[0, 0, 0, 0, 0, 0, 1, 1, 1, 1]"
79,8,balanced_sinr,1.0,0.05333333333333334,0.05333333333333334,10,3,12,"{""0"": [[0, 10]], ""1"": [[6, 9]], ""2"": [[6, 7]], ""3"": [[12, 8]], ""4"": [[12, 5]], ""5"": [[11, 12]], ""6"": [[4, 14]], ""7"": [[13, 0], [0, 13]], ""8"": [[13, 9], [0, 9]], ""9"": [[3, 1]]}","[1, 1, 1, 1, 1, 1, 1, 1, 1, 1]"
80,8,proposed_c2f_adaptive_pd,1.0,0.05333333333333334,0.05333333333333334,10,0,12,"{""0"": [[2, 14]], ""1"": [[0, 11]], ""2"": [[3, 1], [4, 1], [0, 1]], ""3"": [[5, 6]], ""4"": [[0, 11]], ""5"": [[3, 7]], ""6"": [[3, 2]], ""7"": [[1, 0]], ""8"": [[0, 4]], ""9"": [[0, 5]]}","[1, 1, 1, 1, 1, 1, 1, 1, 1, 1]"
80,8,sense_sinr_budgeted,0.4,0.02666666666666667,0.06666666666666667,4,6,12,"{""0"": [], ""1"": [[11, 0]], ""2"": [], ""3"": [], ""4"": [[7, 0], [11, 7], [7, 11]], ""5"": [], ""6"": [], ""7"": [[0, 5], [5, 0], [7, 0], [0, 7], [11, 0], [1, 0]], ""8"": [[4, 3], [3, 4]], ""9"": []}","[0, 1, 0, 0, 1, 0, 0, 1, 1, 0]"
80,8,balanced_sinr,0.9,0.04666666666666667,0.04666666666666667,10,5,12,"{""0"": [[10, 14]], ""1"": [[11, 0]], ""2"": [[3, 1]], ""3"": [[8, 6]], ""4"": [[7, 0]], ""5"": [[4, 7]], ""6"": [[9, 2]], ""7"": [[0, 5], [5, 0]], ""8"": [[4, 3], [3, 4]], ""9"": [[5, 6]]}","[1, 1, 1, 1, 1, 1, 1, 1, 1, 0]"
81,8,proposed_c2f_adaptive_pd,1.0,0.04,0.04,10,0,12,"{""0"": [[2, 14]], ""1"": [[7, 1], [2, 1]], ""2"": [[0, 4]], ""3"": [[0, 12]], ""4"": [[0, 4]], ""5"": [[0, 12]], ""6"": [[0, 6]], ""7"": [[2, 12]], ""8"": [[14, 9], [1, 9]], ""9"": [[1, 8]]}","[1, 1, 1, 1, 1, 1, 1, 1, 1, 1]"
81,8,sense_sinr_budgeted,0.2,0.0033333333333333335,0.016666666666666666,2,5,12,"{""0"": [], ""1"": [], ""2"": [[4, 10], [10, 4], [13, 4], [4, 13], [4, 5], [5, 4]], ""3"": [], ""4"": [], ""5"": [[2, 12], [7, 12], [12, 2], [1, 12], [12, 9], [8, 12]], ""6"": [], ""7"": [], ""8"": [], ""9"": []}","[0, 0, 1, 0, 0, 1, 0, 0, 0, 0]"
81,8,balanced_sinr,1.0,0.04,0.04,10,4,12,"{""0"": [[9, 14]], ""1"": [[1, 7]], ""2"": [[4, 10], [10, 4]], ""3"": [[2, 12]], ""4"": [[4, 10]], ""5"": [[2, 12], [7, 12]], ""6"": [[8, 6]], ""7"": [[2, 12]], ""8"": [[9, 14]], ""9"": [[2, 8]]}","[1, 1, 1, 1, 1, 1, 1, 1, 1, 1]"
82,8,proposed_c2f_adaptive_pd,1.0,0.06,0.06,10,0,11,"{""0"": [[0, 2]], ""1"": [[2, 0]], ""2"": [[0, 2], [5, 2]], ""3"": [[0, 1]], ""4"": [[4, 13]], ""5"": [[2, 1]], ""6"": [[0, 5]], ""7"": [[11, 3]], ""8"": [[2, 1]], ""9"": [[0, 1]]}","[1, 1, 1, 1, 1, 1, 1, 1, 1, 1]"
82,8,sense_sinr_budgeted,0.3,0.006666666666666667,0.022222222222222223,3,7,12,"{""0"": [[0, 2], [2, 0]], ""1"": [], ""2"": [], ""3"": [[3, 1], [1, 3], [2, 1], [1, 2]], ""4"": [], ""5"": [], ""6"": [[0, 5], [5, 0], [2, 5], [5, 2], [0, 2], [2, 0]], ""7"": [], ""8"": [], ""9"": []}","[1, 0, 0, 1, 0, 0, 1, 0, 0, 0]"
82,8,balanced_sinr,1.0,0.056666666666666664,0.056666666666666664,10,7,12,"{""0"": [[0, 2]], ""1"": [[0, 2]], ""2"": [[0, 5]], ""3"": [[3, 1], [1, 3]], ""4"": [[4, 9]], ""5"": [[2, 1]], ""6"": [[0, 5], [5, 0]], ""7"": [[3, 11]], ""8"": [[8, 1]], ""9"": [[1, 5]]}","[1, 1, 1, 1, 1, 1, 1, 1, 1, 1]"
83,8,proposed_c2f_adaptive_pd,1.0,0.043333333333333335,0.043333333333333335,10,0,10,"{""0"": [[1, 12]], ""1"": [[9, 10]], ""2"": [[1, 2]], ""3"": [[0, 14]], ""4"": [[0, 2]], ""5"": [[3, 11]], ""6"": [[8, 3]], ""7"": [[1, 0]], ""8"": [[1, 14]], ""9"": [[6, 3]]}","[1, 1, 1, 1, 1, 1, 1, 1, 1, 1]"
83,8,sense_sinr_budgeted,0.4,0.02,0.05,4,5,12,"{""0"": [[10, 12], [12, 10], [12, 14], [14, 12], [11, 12], [12, 11]], ""1"": [], ""2"": [], ""3"": [[3, 14], [14, 3], [8, 14]], ""4"": [[4, 2]], ""5"": [[11, 10], [10, 11]], ""6"": [], ""7"": [], ""8"": [], ""9"": []}","[1, 0, 0, 1, 1, 1, 0, 0, 0, 0]"
83,8,balanced_sinr,1.0,0.06333333333333334,0.06333333333333334,10,3,12,"{""0"": [[10, 12]], ""1"": [[11, 10]], ""2"": [[7, 2]], ""3"": [[3, 14], [14, 3]], ""4"": [[4, 2]], ""5"": [[11, 10], [10, 11]], ""6"": [[8, 3]], ""7"": [[0, 1]], ""8"": [[3, 14]], ""9"": [[6, 3]]}","[1, 1, 1, 1, 1, 1, 1, 1, 1, 1]"
84,8,proposed_c2f_adaptive_pd,1.0,0.05333333333333334,0.05333333333333334,10,0,10,"{""0"": [[0, 10]], ""1"": [[0, 8]], ""2"": [[0, 14]], ""3"": [[0, 12]], ""4"": [[0, 6]], ""5"": [[1, 14]], ""6"": [[1, 7]], ""7"": [[0, 11]], ""8"": [[4, 3]], ""9"": [[0, 5]]}","[1, 1, 1, 1, 1, 1, 1, 1, 1, 1]"
84,8,sense_sinr_budgeted,0.4,0.03,0.075,4,5,12,"{""0"": [[10, 0], [0, 10]], ""1"": [], ""2"": [[14, 9], [9, 14], [11, 14], [14, 11], [4, 14], [14, 4]], ""3"": [[13, 12]], ""4"": [[1, 6], [6, 1], [0, 6]], ""5"": [], ""6"": [], ""7"": [], ""8"": [], ""9"": []}","[1, 0, 1, 1, 1, 0, 0, 0, 0, 0]"
84,8,balanced_sinr,1.0,0.06,0.06,10,3,12,"{""0"": [[10, 0]], ""1"": [[5, 8]], ""2"": [[14, 9], [9, 14]], ""3"": [[13, 12]], ""4"": [[1, 6], [6, 1]], ""5"": [[1, 14]], ""6"": [[1, 7]], ""7"": [[8, 11]], ""8"": [[4, 3]], ""9"": [[0, 5]]}","[1, 1, 1, 1, 1, 1, 1, 1, 1, 1]"
85,8,proposed_c2f_adaptive_pd,0.8,0.056666666666666664,0.056666666666666664,10,1,12,"{""0"": [[0, 14]], ""1"": [[0, 14]], ""2"": [[2, 6]], ""3"": [[1, 13]], ""4"": [[3, 14], [14, 3]], ""5"": [[4, 5]], ""6"": [[14, 3]], ""7"": [[0, 3]], ""8"": [[3, 14], [2, 14]], ""9"": [[2, 8]]}","[1, 1, 1, 1, 0, 1, 1, 1, 0, 1]"
85,8,sense_sinr_budgeted,0.4,0.02,0.05,4,6,12,"{""0"": [[5, 14], [14, 5]], ""1"": [], ""2"": [], ""3"": [[4, 13], [13, 4]], ""4"": [], ""5"": [[5, 10], [10, 5]], ""6"": [], ""7"": [[0, 3], [3, 0], [3, 1], [1, 3], [3, 10], [10, 3]], ""8"": [], ""9"": []}","[1, 0, 0, 1, 0, 1, 0, 1, 0, 0]"
85,8,balanced_sinr,0.8,0.03666666666666667,0.03666666666666667,10,5,12,"{""0"": [[5, 14]], ""1"": [[5, 3]], ""2"": [[6, 8]], ""3"": [[4, 13], [13, 4]], ""4"": [[3, 14]], ""5"": [[5, 10]], ""6"": [[14, 3]], ""7"": [[0, 3], [3, 0]], ""8"": [[2, 14]], ""9"": [[7, 8]]}","[1, 1, 1, 1, 0, 1, 1, 1, 0, 1]"
86,8,proposed_c2f_adaptive_pd,1.0,0.056666666666666664,0.056666666666666664,10,0,10,"{""0"": [[0, 8]], ""1"": [[3, 4]], ""2"": [[1, 6]], ""3"": [[0, 13]], ""4"": [[0, 10]], ""5"": [[0, 8]], ""6"": [[1, 12]], ""7"": [[0, 3]], ""8"": [[0, 3]], ""9"": [[1, 9]]}","[1, 1, 1, 1, 1, 1, 1, 1, 1, 1]"
86,8,sense_sinr_budgeted,0.2,0.01,0.05,2,4,12,"{""0"": [[13, 8], [7, 8], [8, 13], [6, 8], [8, 7], [10, 8]], ""1"": [], ""2"": [], ""3"": [], ""4"": [[10, 2], [2, 10], [10, 14], [14, 10], [0, 10], [13, 10]], ""5"": [], ""6"": [], ""7"": [], ""8"": [], ""9"": []}","[1, 0, 0, 0, 1, 0, 0, 0, 0, 0]"
86,8,balanced_sinr,1.0,0.03666666666666667,0.03666666666666667,10,4,12,"{""0"": [[13, 8], [7, 8]], ""1"": [[3, 4]], ""2"": [[8, 6]], ""3"": [[13, 3]], ""4"": [[10, 2], [2, 10]], ""5"": [[8, 9]], ""6"": [[1, 12]], ""7"": [[3, 4]], ""8"": [[13, 3]], ""9"": [[10, 9]]}","[1, 1, 1, 1, 1, 1, 1, 1, 1, 1]"
87,8,proposed_c2f_adaptive_pd,1.0,0.04666666666666667,0.04666666666666667,10,0,11,"{""0"": [[0, 10]], ""1"": [[1, 5]], ""2"": [[5, 7], [6, 7]], ""3"": [[0, 10]], ""4"": [[2, 3]], ""5"": [[0, 2]], ""6"": [[0, 10]], ""7"": [[0, 11]], ""8"": [[0, 10]], ""9"": [[12, 4]]}","[1, 1, 1, 1, 1, 1, 1, 1, 1, 1]"
87,8,sense_sinr_budgeted,0.4,0.016666666666666666,0.041666666666666664,4,5,12,"{""0"": [[10, 11], [11, 10], [1, 10], [10, 1]], ""1"": [], ""2"": [], ""3"": [[0, 10]], ""4"": [], ""5"": [[2, 4]], ""6"": [], ""7"": [], ""8"": [[1, 10], [10, 1], [10, 11], [11, 10], [12, 10], [13, 10]], ""9"": []}","[1, 0, 0, 1, 0, 1, 0, 0, 1, 0]"
87,8,balanced_sinr,1.0,0.05,0.05,10,4,12,"{""0"": [[10, 11], [11, 10]], ""1"": [[6, 5]], ""2"": [[6, 7]], ""3"": [[0, 10]], ""4"": [[14, 3]], ""5"": [[2, 4]], ""6"": [[1, 10]], ""7"": [[10, 11]], ""8"": [[1, 10], [10, 1]], ""9"": [[6, 3]]}","[1, 1, 1, 1, 1, 1, 1, 1, 1, 1]"
88,8,proposed_c2f_adaptive_pd,1.0,0.043333333333333335,0.043333333333333335,10,2,12,"{""0"": [[1, 12]], ""1"": [[5, 1]], ""2"": [[0, 13]], ""3"": [[0, 10]], ""4"": [[10, 6], [6, 10]], ""5"": [[0, 10]], ""6"": [[1, 12], [12, 1]], ""7"": [[0, 7]], ""8"": [[1, 11]], ""9"": [[1, 4]]}","[1, 1, 1, 1, 1, 1, 1, 1, 1, 1]"
88,8,sense_sinr_budgeted,0.4,0.016666666666666666,0.041666666666666664,4,6,12,"{""0"": [[1, 12]], ""1"": [], ""2"": [[13, 10]], ""3"": [], ""4"": [], ""5"": [], ""6"": [], ""7"": [[3, 7], [7, 3], [2, 7], [7, 9], [7, 2], [9, 7]], ""8"": [[8, 11], [11, 8], [11, 5], [5, 11]], ""9"": []}","[1, 0, 1, 0, 0, 0, 0, 1, 1, 0]"
88,8,balanced_sinr,0.8,0.04,0.044444444444444446,10,4,12,"{""0"": [[1, 12]], ""1"": [[5, 1]], ""2"": [[13, 10]], ""3"": [[13, 10]], ""4"": [[0, 6]], ""5"": [[10, 6]], ""6"": [[10, 1]], ""7"": [[3, 7], [7, 3]], ""8"": [[8, 11], [11, 8]], ""9"": [[8, 4]]}","[1, 1, 1, 1, 0, 1, 0, 1, 1, 1]"
89,8,proposed_c2f_adaptive_pd,1.0,0.05333333333333334,0.05333333333333334,10,0,10,"{""0"": [[5, 0]], ""1"": [[0, 1]], ""2"": [[0, 12]], ""3"": [[2, 1]], ""4"": [[0, 8]], ""5"": [[0, 7]], ""6"": [[0, 14]], ""7"": [[0, 14]], ""8"": [[1, 8]], ""9"": [[0, 4]]}","[1, 1, 1, 1, 1, 1, 1, 1, 1, 1]"
89,8,sense_sinr_budgeted,0.2,0.006666666666666667,0.03333333333333333,2,6,12,"{""0"": [], ""1"": [], ""2"": [[12, 9], [9, 12], [12, 2], [2, 12], [4, 12], [2, 9]], ""3"": [], ""4"": [[3, 8], [8, 3], [8, 1], [1, 8], [8, 14], [14, 8]], ""5"": [], ""6"": [], ""7"": [], ""8"": [], ""9"": []}","[0, 0, 1, 0, 1, 0, 0, 0, 0, 0]"
89,8,balanced_sinr,1.0,0.04,0.04,10,7,12,"{""0"": [[5, 10]], ""1"": [[1, 7]], ""2"": [[12, 9], [9, 12]], ""3"": [[1, 7]], ""4"": [[3, 8], [8, 3]], ""5"": [[7, 14]], ""6"": [[8, 14]], ""7"": [[7, 14]], ""8"": [[8, 1]], ""9"": [[9, 4]]}","[1, 1, 1, 1, 1, 1, 1, 1, 1, 1]"
90,8,proposed_c2f_adaptive_pd,1.0,0.06,0.06,10,0,10,"{""0"": [[0, 4]], ""1"": [[2, 6]], ""2"": [[1, 11]], ""3"": [[1, 5]], ""4"": [[0, 5]], ""5"": [[6, 2]], ""6"": [[0, 4]], ""7"": [[0, 11]], ""8"": [[0, 6]], ""9"": [[0, 9]]}","[1, 1, 1, 1, 1, 1, 1, 1, 1, 1]"
90,8,sense_sinr_budgeted,0.3,0.023333333333333334,0.07777777777777778,3,7,12,"{""0"": [], ""1"": [], ""2"": [], ""3"": [], ""4"": [[14, 5], [5, 14]], ""5"": [], ""6"": [[6, 4], [4, 6], [7, 4], [4, 7], [4, 11]], ""7"": [], ""8"": [[7, 6], [6, 7], [8, 6], [6, 8], [6, 4]], ""9"": []}","[0, 0, 0, 0, 1, 0, 1, 0, 1, 0]"
90,8,balanced_sinr,1.0,0.05,0.05,10,4,12,"{""0"": [[9, 4]], ""1"": [[6, 4]], ""2"": [[4, 11]], ""3"": [[9, 5]], ""4"": [[14, 5]], ""5"": [[8, 2]], ""6"": [[6, 4], [4, 6]], ""7"": [[4, 11]], ""8"": [[7, 6], [6, 7]], ""9"": [[9, 4]]}","[1, 1, 1, 1, 1, 1, 1, 1, 1, 1]"
91,8,proposed_c2f_adaptive_pd,0.9,0.07666666666666666,0.07666666666666666,10,1,11,"{""0"": [[0, 8]], ""1"": [[0, 9]], ""2"": [[3, 4]], ""3"": [[12, 1], [13, 1]], ""4"": [[1, 12]], ""5"": [[10, 13]], ""6"": [[0, 8]], ""7"": [[0, 9]], ""8"": [[1, 0]], ""9"": [[12, 1]]}","[1, 1, 1, 1, 0, 1, 1, 1, 1, 1]"
91,8,sense_sinr_budgeted,0.2,0.006666666666666667,0.03333333333333333,2,6,12,"{""0"": [], ""1"": [[3, 9], [9, 3], [0, 9], [9, 0], [11, 9], [2, 9]], ""2"": [], ""3"": [], ""4"": [], ""5"": [], ""6"": [], ""7"": [[0, 9], [9, 0], [3, 9], [9, 3], [3, 0], [0, 3]], ""8"": [], ""9"": []}","[0, 1, 0, 0, 0, 0, 0, 1, 0, 0]"
91,8,balanced_sinr,0.8,0.05,0.05,10,6,12,"{""0"": [[11, 8]], ""1"": [[3, 9], [9, 3]], ""2"": [[6, 4]], ""3"": [[1, 12]], ""4"": [[1, 12]], ""5"": [[10, 13]], ""6"": [[8, 5]], ""7"": [[0, 9], [9, 0]], ""8"": [[3, 0]], ""9"": [[9, 12]]}","[1, 1, 1, 0, 0, 1, 1, 1, 1, 1]"
92,8,proposed_c2f_adaptive_pd,1.0,0.02666666666666667,0.02666666666666667,10,0,10,"{""0"": [[0, 3]], ""1"": [[0, 8]], ""2"": [[0, 7]], ""3"": [[0, 10]], ""4"": [[2, 12]], ""5"": [[0, 3]], ""6"": [[1, 0]], ""7"": [[0, 5]], ""8"": [[1, 14]], ""9"": [[5, 10]]}","[1, 1, 1, 1, 1, 1, 1, 1, 1, 1]"
92,8,sense_sinr_budgeted,0.3,0.016666666666666666,0.05555555555555555,3,7,12,"{""0"": [], ""1"": [], ""2"": [], ""3"": [[12, 10], [10, 12]], ""4"": [], ""5"": [[4, 3], [3, 4], [3, 8], [8, 3], [4, 8], [8, 4]], ""6"": [], ""7"": [], ""8"": [[14, 12], [12, 14], [14, 9], [9, 14]], ""9"": []}","[0, 0, 0, 1, 0, 1, 0, 0, 1, 0]"
92,8,balanced_sinr,0.9,0.03333333333333333,0.037037037037037035,10,6,12,"{""0"": [[4, 3]], ""1"": [[8, 0]], ""2"": [[0, 7]], ""3"": [[12, 10]], ""4"": [[12, 10]], ""5"": [[4, 3], [3, 4]], ""6"": [[0, 7]], ""7"": [[10, 5]], ""8"": [[14, 12], [12, 14]], ""9"": [[14, 11]]}","[1, 1, 1, 1, 1, 1, 1, 1, 0, 1]"
93,8,proposed_c2f_adaptive_pd,1.0,0.06,0.06,10,0,10,"{""0"": [[1, 12]], ""1"": [[2, 13]], ""2"": [[2, 0]], ""3"": [[12, 13]], ""4"": [[0, 13]], ""5"": [[0, 12]], ""6"": [[0, 10]], ""7"": [[0, 1]], ""8"": [[13, 2]], ""9"": [[3, 1]]}","[1, 1, 1, 1, 1, 1, 1, 1, 1, 1]"
93,8,sense_sinr_budgeted,0.3,0.016666666666666666,0.05555555555555555,3,5,12,"{""0"": [], ""1"": [], ""2"": [], ""3"": [], ""4"": [], ""5"": [[12, 13], [13, 12], [2, 12], [12, 2]], ""6"": [[11, 10], [10, 11], [4, 10], [10, 4]], ""7"": [[3, 1], [8, 1], [4, 1], [1, 4]], ""8"": [], ""9"": []}","[0, 0, 0, 0, 0, 1, 1, 1, 0, 0]"
93,8,balanced_sinr,1.0,0.03,0.03,10,4,12,"{""0"": [[14, 12]], ""1"": [[12, 13]], ""2"": [[0, 6]], ""3"": [[12, 13]], ""4"": [[3, 13]], ""5"": [[12, 13], [13, 12]], ""6"": [[11, 10], [10, 11]], ""7"": [[3, 1]], ""8"": [[9, 14]], ""9"": [[5, 1]]}","[1, 1, 1, 1, 1, 1, 1, 1, 1, 1]"
94,8,proposed_c2f_adaptive_pd,1.0,0.056666666666666664,0.056666666666666664,10,0,10,"{""0"": [[2, 14]], ""1"": [[2, 4]], ""2"": [[0, 8]], ""3"": [[0, 13]], ""4"": [[0, 14]], ""5"": [[2, 12]], ""6"": [[0, 4]], ""7"": [[1, 10]], ""8"": [[0, 3]], ""9"": [[2, 5]]}","[1, 1, 1, 1, 1, 1, 1, 1, 1, 1]"
94,8,sense_sinr_budgeted,0.4,0.023333333333333334,0.058333333333333334,4,6,12,"{""0"": [], ""1"": [], ""2"": [], ""3"": [[13, 9], [9, 13], [13, 0], [0, 13]], ""4"": [[2, 14], [14, 2]], ""5"": [], ""6"": [[4, 6], [6, 4]], ""7"": [], ""8"": [[3, 0], [3, 7], [0, 3], [7, 3]], ""9"": []}","[0, 0, 0, 1, 1, 0, 1, 0, 1, 0]"
94,8,balanced_sinr,1.0,0.04666666666666667,0.04666666666666667,10,6,12,"{""0"": [[14, 12]], ""1"": [[13, 4]], ""2"": [[3, 8]], ""3"": [[13, 9], [9, 13]], ""4"": [[2, 14], [14, 2]], ""5"": [[5, 12]], ""6"": [[4, 6]], ""7"": [[10, 1]], ""8"": [[3, 0]], ""9"": [[2, 5]]}","[1, 1, 1, 1, 1, 1, 1, 1, 1, 1]"
95,8,proposed_c2f_adaptive_pd,1.0,0.043333333333333335,0.043333333333333335,10,0,12,"{""0"": [[7, 0], [5, 0]], ""1"": [[0, 11]], ""2"": [[0, 6]], ""3"": [[0, 12]], ""4"": [[1, 4]], ""5"": [[13, 14], [1, 14]], ""6"": [[14, 1]], ""7"": [[1, 14]], ""8"": [[1, 4]], ""9"": [[0, 13]]}","[1, 1, 1, 1, 1, 1, 1, 1, 1, 1]"
95,8,sense_sinr_budgeted,0.4,0.02,0.05,4,6,12,"{""0"": [], ""1"": [[11, 9], [9, 11], [11, 10], [10, 11], [11, 8]], ""2"": [[3, 6], [6, 3]], ""3"": [[12, 4], [4, 12]], ""4"": [], ""5"": [], ""6"": [], ""7"": [], ""8"": [], ""9"": [[13, 14], [14, 13], [7, 13]]}","[0, 1, 1, 1, 0, 0, 0, 0, 0, 1]"
95,8,balanced_sinr,1.0,0.04,0.04,10,6,12,"{""0"": [[0, 7]], ""1"": [[11, 9], [9, 11]], ""2"": [[3, 6]], ""3"": [[12, 4], [4, 12]], ""4"": [[12, 4]], ""5"": [[13, 14]], ""6"": [[1, 14]], ""7"": [[1, 14]], ""8"": [[12, 1]], ""9"": [[13, 14]]}","[1, 1, 1, 1, 1, 1, 1, 1, 1, 1]"
96,8,proposed_c2f_adaptive_pd,1.0,0.023333333333333334,0.023333333333333334,10,0,11,"{""0"": [[0, 8]], ""1"": [[1, 0]], ""2"": [[3, 0]], ""3"": [[11, 12], [0, 12]], ""4"": [[0, 6]], ""5"": [[5, 1]], ""6"": [[0, 7]], ""7"": [[0, 11]], ""8"": [[0, 14]], ""9"": [[0, 3]]}","[1, 1, 1, 1, 1, 1, 1, 1, 1, 1]"
96,8,sense_sinr_budgeted,0.4,0.013333333333333334,0.03333333333333333,4,5,12,"{""0"": [], ""1"": [[3, 0], [0, 3], [0, 12], [12, 0]], ""2"": [], ""3"": [], ""4"": [[13, 6]], ""5"": [], ""6"": [[2, 7], [14, 7], [7, 2], [10, 7], [7, 14]], ""7"": [], ""8"": [[0, 14], [14, 0]], ""9"": []}","[0, 1, 0, 0, 1, 0, 1, 0, 1, 0]"
96,8,balanced_sinr,1.0,0.06,0.06,10,6,12,"{""0"": [[10, 8]], ""1"": [[3, 0], [0, 3]], ""2"": [[0, 14]], ""3"": [[11, 10]], ""4"": [[13, 6]], ""5"": [[11, 6]], ""6"": [[2, 7]], ""7"": [[1, 11]], ""8"": [[0, 14], [14, 0]], ""9"": [[3, 0]]}","[1, 1, 1, 1, 1, 1, 1, 1, 1, 1]"
97,8,proposed_c2f_adaptive_pd,0.9,0.06,0.06666666666666667,10,0,10,"{""0"": [[0, 7]], ""1"": [[0, 2]], ""2"": [[0, 6]], ""3"": [[2, 7]], ""4"": [[2, 7]], ""5"": [[0, 6]], ""6"": [[8, 10]], ""7"": [[0, 11]], ""8"": [[0, 7]], ""9"": [[1, 10]]}","[1, 1, 0, 1, 1, 1, 1, 1, 1, 1]"
97,8,sense_sinr_budgeted,0.4,0.023333333333333334,0.058333333333333334,4,6,12,"{""0"": [[12, 7], [7, 12], [13, 7], [7, 13]], ""1"": [[2, 0], [0, 2]], ""2"": [], ""3"": [[7, 6], [6, 7]], ""4"": [], ""5"": [], ""6"": [], ""7"": [[2, 11], [11, 2], [0, 11], [11, 0]], ""8"": [], ""9"": []}","[1, 1, 0, 1, 0, 0, 0, 1, 0, 0]"
97,8,balanced_sinr,1.0,0.04,0.04,10,5,12,"{""0"": [[12, 7], [7, 12]], ""1"": [[2, 0]], ""2"": [[7, 6]], ""3"": [[7, 6]], ""4"": [[7, 3]], ""5"": [[7, 6]], ""6"": [[8, 10]], ""7"": [[2, 11], [11, 2]], ""8"": [[9, 7]], ""9"": [[8, 10]]}","[1, 1, 1, 1, 1, 1, 1, 1, 1, 1]"
98,8,proposed_c2f_adaptive_pd,1.0,0.05333333333333334,0.05333333333333334,10,0,10,"{""0"": [[1, 2]], ""1"": [[0, 8]], ""2"": [[0, 12]], ""3"": [[1, 2]], ""4"": [[1, 7]], ""5"": [[0, 3]], ""6"": [[0, 4]], ""7"": [[0, 3]], ""8"": [[0, 2]], ""9"": [[0, 9]]}","[1, 1, 1, 1, 1, 1, 1, 1, 1, 1]"
98,8,sense_sinr_budgeted,0.5,0.02666666666666667,0.05333333333333334,5,6,12,"{""0"": [], ""1"": [], ""2"": [[5, 12], [12, 5], [1, 12], [12, 1]], ""3"": [], ""4"": [], ""5"": [], ""6"": [[4, 5], [5, 4], [4, 14]], ""7"": [[10, 3], [3, 10]], ""8"": [[10, 2]], ""9"": [[11, 9], [9, 11]]}","[0, 0, 1, 0, 0, 0, 1, 1, 1, 1]"
98,8,balanced_sinr,1.0,0.05,0.05,10,2,12,"{""0"": [[10, 2]], ""1"": [[7, 8]], ""2"": [[5, 12], [12, 5]], ""3"": [[12, 2]], ""4"": [[14, 7]], ""5"": [[7, 3]], ""6"": [[4, 5], [5, 4]], ""7"": [[10, 3]], ""8"": [[10, 2]], ""9"": [[11, 9]]}","[1, 1, 1, 1, 1, 1, 1, 1, 1, 1]"
99,8,proposed_c2f_adaptive_pd,0.9,0.056666666666666664,0.056666666666666664,10,0,11,"{""0"": [[3, 2]], ""1"": [[2, 11], [3, 11]], ""2"": [[0, 5]], ""3"": [[2, 11]], ""4"": [[1, 12]], ""5"": [[2, 11]], ""6"": [[0, 1]], ""7"": [[0, 4]], ""8"": [[1, 10]], ""9"": [[0, 4]]}","[1, 0, 1, 1, 1, 1, 1, 1, 1, 1]"
99,8,sense_sinr_budgeted,0.5,0.013333333333333334,0.02666666666666667,5,5,12,"{""0"": [], ""1"": [], ""2"": [[9, 5]], ""3"": [], ""4"": [[13, 12]], ""5"": [], ""6"": [[7, 1], [1, 7]], ""7"": [], ""8"": [[9, 10], [10, 9], [10, 6], [6, 10], [14, 10], [10, 14]], ""9"": [[0, 4], [4, 0]]}","[0, 0, 1, 0, 1, 0, 1, 0, 1, 1]"
99,8,balanced_sinr,0.9,0.05,0.05,10,3,12,"{""0"": [[2, 11]], ""1"": [[3, 11]], ""2"": [[9, 5]], ""3"": [[2, 11]], ""4"": [[13, 12]], ""5"": [[2, 11]], ""6"": [[7, 1], [1, 7]], ""7"": [[0, 4]], ""8"": [[9, 10], [10, 9]], ""9"": [[0, 4]]}","[1, 0, 1, 1, 1, 1, 1, 1, 1, 1]"
