trial,method,detected,total_targets,detected_fraction,false_alarm,total_false,false_alarm_fraction,selected_observations,remote_reports,local_observations,overhead_bits,overhead_delay_ms,D_mean,D_median,belief_capture_rate,weak_target_index,weak_target_detected,receiver_capacity_max_utilization,receiver_capacity_binding,fusion_capacity_max_utilization,fusion_capacity_binding,report_capacity_utilization,report_capacity_binding,assignment_capacity_max_utilization,assignment_capacity_binding,cpu_capacity_max_utilization,cpu_capacity_binding,selector_score_evaluations,coordination_messages,bid_rounds,coordination_rounds,coordination_converged,coordination_n_tx,detection_runtime_ms,fusion_nodes,selected_links
0,proposed_c2f_adaptive_pd,9,10,0.9,15,300,0.05,16,10,6,6400.0,10.666666666666668,1653.5611745616436,130.74512018946098,1.0,6,1,0.0,0.0,0.0,0.0,0.0,0.0,0.0,0.0,0.0,0.0,68404.0,68404.0,0.0,2.0,1.0,3.0,0.0,"9,9,9,9,9,9,9,9,9,9","0:6-9;1:2-9,2-0;2:2-0;3:2-9;4:2-9;5:2-4;6:9-11,9-14,9-8,9-12,9-4,9-1;7:2-9;8:9-8;9:2-9"
1,proposed_c2f_adaptive_pd,9,10,0.9,12,300,0.04,15,13,2,8320.0,13.866666666666667,21094.255942606993,1095.95845002025,1.0,9,1,0.0,0.0,0.0,0.0,0.0,0.0,0.0,0.0,0.0,0.0,91721.0,91721.0,0.0,2.0,1.0,3.0,0.0,"2,2,2,2,2,2,2,2,2,2","0:2-1;1:3-2;2:3-2;3:14-9,3-9;4:14-10,3-10,2-10,2-13;5:2-5;6:14-11;7:3-0;8:2-7;9:2-13,2-5"
2,proposed_c2f_adaptive_pd,10,10,1.0,10,300,0.03333333333333333,15,9,6,5760.0,9.600000000000001,2883.9255381996622,569.2877157633612,1.0,5,1,0.0,0.0,0.0,0.0,0.0,0.0,0.0,0.0,0.0,0.0,57362.0,57362.0,0.0,2.0,1.0,3.0,0.0,"8,8,8,8,8,8,8,8,8,8","0:10-8;1:10-8;2:10-8;3:10-8;4:8-4;5:12-6,8-6,8-7,12-11,12-4,12-1;6:8-0;7:10-8;8:8-2;9:12-8"
3,proposed_c2f_adaptive_pd,7,10,0.7,15,270,0.05555555555555555,15,11,4,7040.0,11.733333333333334,555.9863442856774,42.21461527478695,0.9333333333333333,2,1,0.0,0.0,0.0,0.0,0.0,0.0,0.0,0.0,0.0,0.0,54276.0,54276.0,0.0,2.0,1.0,3.0,0.0,"1,1,1,1,1,1,1,1,1,1","0:1-11;1:4-1;2:6-12,6-0,4-12,4-0,6-5,6-1;3:6-1;4:1-0;5:1-11;6:4-1;7:4-7;8:1-3;9:4-5"
4,proposed_c2f_adaptive_pd,8,10,0.8,11,300,0.03666666666666667,15,9,6,5760.0,9.600000000000001,678.605829221186,193.75508281061315,0.7333333333333333,8,1,0.0,0.0,0.0,0.0,0.0,0.0,0.0,0.0,0.0,0.0,57959.0,57959.0,0.0,2.0,1.0,3.0,0.0,"5,5,5,5,5,5,5,5,5,5","0:7-5;1:2-7;2:2-7;3:7-5;4:2-11;5:2-5;6:7-5;7:2-5;8:5-1,2-1,5-6,7-1,2-6,5-13;9:7-5"
5,proposed_c2f_adaptive_pd,10,10,1.0,11,300,0.03666666666666667,21,17,4,10880.0,18.133333333333333,912.4011957698782,319.4829695465482,1.0,4,1,0.0,0.0,0.0,0.0,0.0,0.0,0.0,0.0,0.0,0.0,86617.0,86617.0,0.0,2.0,1.0,3.0,0.0,"3,3,3,3,3,3,3,3,3,3","0:7-6,7-11,7-9,9-7,7-13,7-3;1:4-3;2:4-13;3:7-11;4:7-6,7-11,7-14,7-1,9-6,7-2;5:7-9;6:7-2,4-2;7:4-3;8:4-1;9:9-3"
6,proposed_c2f_adaptive_pd,9,10,0.9,16,300,0.05333333333333334,19,11,8,7040.0,11.733333333333334,954.1041066993457,328.46532664693564,1.0,4,1,0.0,0.0,0.0,0.0,0.0,0.0,0.0,0.0,0.0,0.0,78821.0,78821.0,0.0,2.0,1.0,3.0,0.0,"3,3,3,3,3,3,3,3,3,3","0:14-3;1:0-3;2:0-3;3:0-6;4:3-9,3-11,3-4,3-7,3-1,0-9;5:3-4;6:3-8,14-3,0-3;7:0-3;8:3-5,0-3,14-3;9:3-4"
7,proposed_c2f_adaptive_pd,7,10,0.7,27,300,0.09,20,12,8,7680.0,12.8,1569.278058565262,45.00516112510198,1.0,1,1,0.0,0.0,0.0,0.0,0.0,0.0,0.0,0.0,0.0,0.0,88341.0,88341.0,0.0,2.0,1.0,3.0,0.0,"7,7,7,7,7,7,7,7,7,7","0:4-7;1:4-11,3-4,4-3,4-1,4-5,4-12;2:2-7,3-7;3:4-7;4:3-7;5:3-7;6:3-4,4-11;7:2-8,2-6,3-8,2-7;8:2-8;9:4-7"
8,proposed_c2f_adaptive_pd,10,10,1.0,17,300,0.056666666666666664,13,7,6,4480.0,7.466666666666667,8481.822486772448,828.5940478991162,1.0,0,1,0.0,0.0,0.0,0.0,0.0,0.0,0.0,0.0,0.0,0.0,61951.0,61951.0,0.0,2.0,1.0,3.0,0.0,"3,3,3,3,3,3,3,3,3,3","0:3-11,3-4;1:0-3;2:1-3;3:0-6;4:1-3;5:3-12,1-4;6:0-14;7:1-3;8:1-9,1-3;9:0-3"
9,proposed_c2f_adaptive_pd,9,10,0.9,17,300,0.056666666666666664,13,8,5,5120.0,8.533333333333333,1187.8312702102412,11.615525792453738,1.0,8,1,0.0,0.0,0.0,0.0,0.0,0.0,0.0,0.0,0.0,0.0,49174.0,49174.0,0.0,2.0,1.0,3.0,0.0,"14,14,14,14,14,14,14,14,14,14","0:1-14;1:1-3;2:14-0;3:9-14,1-9;4:1-0;5:9-14;6:14-0;7:9-14,1-14;8:14-0;9:14-5,14-0"
10,proposed_c2f_adaptive_pd,10,10,1.0,13,300,0.043333333333333335,20,16,4,10240.0,17.066666666666666,1372.5232128522812,31.889270370955394,1.0,2,1,0.0,0.0,0.0,0.0,0.0,0.0,0.0,0.0,0.0,0.0,76053.0,76053.0,0.0,2.0,1.0,3.0,0.0,"14,14,14,14,14,14,14,14,14,14","0:6-14;1:0-7;2:1-3,1-4,0-3,6-3,1-5,0-4;3:1-4,1-3,0-4,6-4,0-3,1-14;4:0-1;5:1-14;6:0-8;7:0-9;8:1-14;9:0-3"
11,proposed_c2f_adaptive_pd,10,10,1.0,12,300,0.04,13,11,2,7040.0,11.733333333333334,3739.096743796078,408.87660263070507,1.0,0,1,0.0,0.0,0.0,0.0,0.0,0.0,0.0,0.0,0.0,0.0,74358.0,74358.0,0.0,2.0,1.0,3.0,0.0,"4,4,4,4,4,4,4,4,4,4","0:0-11,0-6,0-3;1:0-3;2:4-1;3:0-3;4:4-8;5:4-1;6:14-4;7:4-8,4-2;8:14-10;9:0-4"
12,proposed_c2f_adaptive_pd,10,10,1.0,13,300,0.043333333333333335,28,20,8,12800.0,21.333333333333336,31961.270260741432,336.05737487378485,1.0,9,1,0.0,0.0,0.0,0.0,0.0,0.0,0.0,0.0,0.0,0.0,110482.0,110482.0,0.0,2.0,1.0,3.0,0.0,"0,0,0,0,0,0,0,0,0,0","0:3-0;1:3-0;2:3-7,0-7,5-7,3-11,3-4,3-12;3:3-0;4:5-0;5:0-1,0-14,0-6,0-12,0-10,3-0;6:0-1;7:5-10,5-11,3-5,5-0;8:3-0;9:5-1,5-10,5-0,0-5,5-11,5-12"
13,proposed_c2f_adaptive_pd,10,10,1.0,17,300,0.056666666666666664,19,13,6,8320.0,13.866666666666667,489.77457023996175,125.71045273880512,1.0,0,1,0.0,0.0,0.0,0.0,0.0,0.0,0.0,0.0,0.0,0.0,78263.0,78263.0,0.0,2.0,1.0,3.0,0.0,"1,1,1,1,1,1,1,1,1,1","0:5-1,1-5,5-13,1-13,1-7;1:1-0;2:9-1;3:5-1;4:9-6;5:5-1;6:5-1;7:1-3,1-4,9-3,5-3,1-2,9-4;8:5-1;9:9-10"
14,proposed_c2f_adaptive_pd,9,10,0.9,13,300,0.043333333333333335,11,8,3,5120.0,8.533333333333333,11659.348976555997,67.51250352994855,1.0,4,1,0.0,0.0,0.0,0.0,0.0,0.0,0.0,0.0,0.0,0.0,46563.0,46563.0,0.0,2.0,1.0,3.0,0.0,"14,14,14,14,14,14,14,14,14,14","0:2-14;1:0-12;2:0-12;3:2-1;4:0-11,0-8;5:4-14;6:2-3;7:2-12;8:2-14;9:2-5"
15,proposed_c2f_adaptive_pd,9,10,0.9,17,300,0.056666666666666664,23,15,8,9600.0,16.0,187.416080317192,102.61299875525674,1.0,7,1,0.0,0.0,0.0,0.0,0.0,0.0,0.0,0.0,0.0,0.0,81627.0,81627.0,0.0,2.0,1.0,3.0,0.0,"11,11,11,11,11,11,11,11,11,11","0:1-11,1-0;1:1-11;2:11-2,1-2,1-11,4-11;3:4-11,1-11;4:1-0;5:1-0;6:1-5;7:11-2,11-7,11-0,1-2,1-7,11-12;8:1-2;9:1-10,1-0,1-11,4-11"
16,proposed_c2f_adaptive_pd,9,10,0.9,16,300,0.05333333333333334,13,9,4,5760.0,9.600000000000001,702.7925999253887,466.61216376921243,1.0,9,1,0.0,0.0,0.0,0.0,0.0,0.0,0.0,0.0,0.0,0.0,90461.0,90461.0,0.0,3.0,1.0,2.0,0.0,"10,10,10,10,10,10,10,10,10,10","0:2-10;1:2-10;2:2-8;3:6-10;4:2-3;5:2-7;6:2-3;7:6-10;8:2-4;9:2-0,2-9,6-9,6-0"
17,proposed_c2f_adaptive_pd,9,10,0.9,14,300,0.04666666666666667,14,7,7,4480.0,7.466666666666667,7739.869247866819,258.4463802106666,1.0,0,1,0.0,0.0,0.0,0.0,0.0,0.0,0.0,0.0,0.0,0.0,53953.0,53953.0,0.0,2.0,1.0,3.0,0.0,"1,1,1,1,1,1,1,1,1,1","0:1-0,1-10,4-1;1:8-1,8-3;2:4-1;3:4-1;4:1-3;5:1-6;6:4-12;7:4-1;8:4-1;9:4-1,1-5"
18,proposed_c2f_adaptive_pd,10,10,1.0,15,300,0.05,24,18,6,11520.0,19.200000000000003,2064.3622249352725,254.82415491181715,1.0,4,1,0.0,0.0,0.0,0.0,0.0,0.0,0.0,0.0,0.0,0.0,95825.0,95825.0,0.0,2.0,1.0,3.0,0.0,"3,3,3,3,3,3,3,3,3,3","0:0-8,0-9,4-8,0-1,11-8,11-9;1:0-3;2:0-3;3:0-3;4:0-8,0-6,0-1,4-1;5:0-3;6:0-3;7:0-3,4-2;8:0-8,0-9,4-8,0-1,11-8,4-9;9:0-14"
19,proposed_c2f_adaptive_pd,8,10,0.8,19,300,0.06333333333333334,21,15,6,9600.0,16.0,600.5179102252075,106.45456948554676,1.0,8,1,0.0,0.0,0.0,0.0,0.0,0.0,0.0,0.0,0.0,0.0,89071.0,89071.0,0.0,2.0,1.0,3.0,0.0,"1,1,1,1,1,1,1,1,1,1","0:0-6,1-6,0-10,1-10,0-1,0-5;1:0-1;2:0-3;3:8-11;4:8-7,8-1;5:0-1;6:0-1;7:8-1;8:1-6,0-6,1-5,1-14,1-10,0-3;9:1-7"
20,proposed_c2f_adaptive_pd,9,10,0.9,9,300,0.03,12,5,7,3200.0,5.333333333333334,1363.5305080900366,62.952789406507854,1.0,7,1,0.0,0.0,0.0,0.0,0.0,0.0,0.0,0.0,0.0,0.0,48541.0,48541.0,0.0,2.0,1.0,3.0,0.0,"3,3,3,3,3,3,3,3,3,3","0:6-10;1:0-3;2:0-3,6-3;3:6-10;4:0-3;5:0-12;6:6-3;7:3-1,3-11;8:0-3;9:6-3"
21,proposed_c2f_adaptive_pd,9,10,0.9,18,300,0.06,20,14,6,8960.0,14.933333333333334,718.8505775867974,141.3264886978001,1.0,2,1,0.0,0.0,0.0,0.0,0.0,0.0,0.0,0.0,0.0,0.0,84297.0,84297.0,0.0,2.0,1.0,3.0,0.0,"0,0,0,0,0,0,0,0,0,0","0:3-0;1:0-2,0-9,0-1,3-2,13-2,13-0;2:3-9,0-9,13-2,3-2,0-2,13-10;3:13-2;4:0-2;5:3-0;6:3-0;7:3-0;8:3-0;9:0-2"
22,proposed_c2f_adaptive_pd,8,10,0.8,13,270,0.04814814814814815,11,5,6,3200.0,5.333333333333334,3269.01215396639,44.482680814591475,0.9090909090909091,0,1,0.0,0.0,0.0,0.0,0.0,0.0,0.0,0.0,0.0,0.0,39258.0,39258.0,0.0,2.0,1.0,3.0,0.0,"7,7,7,7,7,7,7,7,7,7","0:5-7;1:1-7;2:1-2;3:3-2;4:3-7,1-3;5:5-7;6:3-7;7:1-11;8:1-9;9:3-7"
23,proposed_c2f_adaptive_pd,10,10,1.0,15,300,0.05,20,15,5,9600.0,16.0,5329.812132363151,132.98084353874324,1.0,6,1,0.0,0.0,0.0,0.0,0.0,0.0,0.0,0.0,0.0,0.0,81811.0,81811.0,0.0,2.0,1.0,3.0,0.0,"9,9,9,9,9,9,9,9,9,9","0:2-6;1:0-5;2:0-7;3:0-7,2-7,12-7,0-8,12-8,2-8;4:12-9;5:2-9;6:2-10,2-4,0-10,2-7,2-8,2-6;7:2-9;8:2-9;9:2-9"
24,proposed_c2f_adaptive_pd,9,10,0.9,13,300,0.043333333333333335,36,26,10,16640.0,27.733333333333334,1189.7105880202332,287.58722350187264,1.0,7,1,0.0,0.0,0.0,0.0,0.0,0.0,0.0,0.0,0.0,0.0,86500.0,86500.0,0.0,2.0,1.0,3.0,0.0,"0,0,0,0,0,0,0,0,0,0","0:0-8,4-8,0-7,0-14,5-8,0-3;1:5-3,5-10,5-0,0-5,5-14,5-13;2:5-0;3:4-0;4:0-8,4-8,5-8,0-7,0-10,0-3;5:4-0;6:4-0,5-0;7:4-12,4-0,4-13,0-4,4-6,4-2;8:4-12,4-0;9:5-3,5-0,0-5,5-10,4-0"
25,proposed_c2f_adaptive_pd,8,10,0.8,16,300,0.05333333333333334,24,15,9,9600.0,16.0,6163.612076917349,253.67193911879596,1.0,3,1,0.0,0.0,0.0,0.0,0.0,0.0,0.0,0.0,0.0,0.0,94513.0,94513.0,0.0,2.0,1.0,3.0,0.0,"0,0,0,0,0,0,0,0,0,0","0:2-0;1:2-0;2:2-0;3:3-12,3-4,0-12,2-12,3-1,0-4;4:2-9,3-9,2-6,2-7,2-5,2-11;5:2-0,0-11;6:2-0,3-0;7:0-13,0-8;8:2-0;9:2-0,3-0"
26,proposed_c2f_adaptive_pd,10,10,1.0,9,300,0.03,21,18,3,11520.0,19.200000000000003,568.2982010929711,282.1343304621587,1.0,1,1,0.0,0.0,0.0,0.0,0.0,0.0,0.0,0.0,0.0,0.0,77869.0,77869.0,0.0,2.0,1.0,3.0,0.0,"0,0,0,0,0,0,0,0,0,0","0:12-0;1:12-6,1-6,12-14,1-14,12-1,1-12;2:1-4;3:12-0;4:1-4;5:1-4;6:1-0,1-4;7:1-6;8:0-13;9:12-14,12-6,1-14,1-6,12-1,1-12"
27,proposed_c2f_adaptive_pd,9,10,0.9,22,300,0.07333333333333333,24,17,7,10880.0,18.133333333333333,717.3835803272583,132.45293527572983,1.0,7,1,0.0,0.0,0.0,0.0,0.0,0.0,0.0,0.0,0.0,0.0,85575.0,85575.0,0.0,2.0,1.0,3.0,0.0,"1,1,1,1,1,1,1,1,1,1","0:0-1;1:1-8,1-9,12-1,0-1;2:0-1;3:12-7;4:0-1,12-1;5:0-1;6:1-11;7:12-7,12-14,0-12,12-0,12-8,12-6;8:12-7,12-2,12-8,12-5,12-4,12-10;9:12-8"
28,proposed_c2f_adaptive_pd,10,10,1.0,11,300,0.03666666666666667,16,8,8,5120.0,8.533333333333333,11404.503067665744,287.39132580612034,0.875,5,1,0.0,0.0,0.0,0.0,0.0,0.0,0.0,0.0,0.0,0.0,60646.0,60646.0,0.0,2.0,1.0,3.0,0.0,"2,2,2,2,2,2,2,2,2,2","0:0-2;1:0-2;2:0-3;3:0-7,0-2;4:0-2;5:1-4,1-8,1-9,1-6,2-10,1-10;6:0-2;7:0-2;8:0-2;9:1-2"
29,proposed_c2f_adaptive_pd,8,10,0.8,10,300,0.03333333333333333,16,10,6,6400.0,10.666666666666668,362.661866875462,157.37570833584007,1.0,2,1,0.0,0.0,0.0,0.0,0.0,0.0,0.0,0.0,0.0,0.0,67956.0,67956.0,0.0,2.0,1.0,3.0,0.0,"3,3,3,3,3,3,3,3,3,3","0:0-3;1:0-3;2:3-4,3-14,3-5,3-6,0-4,3-11;3:1-3;4:3-5;5:0-3;6:3-4;7:3-4;8:1-3,0-3;9:3-14"
30,proposed_c2f_adaptive_pd,9,10,0.9,18,300,0.06,16,11,5,7040.0,11.733333333333334,4815.693387821124,135.78202773285489,1.0,2,1,0.0,0.0,0.0,0.0,0.0,0.0,0.0,0.0,0.0,0.0,76027.0,76027.0,0.0,2.0,1.0,3.0,0.0,"10,10,10,10,10,10,10,10,10,10","0:1-10;1:1-10;2:10-8,10-12,10-5,10-7,1-10,1-8;3:1-10;4:0-4;5:0-1;6:0-1;7:1-10;8:0-2;9:10-9,10-5"
31,proposed_c2f_adaptive_pd,10,10,1.0,11,300,0.03666666666666667,17,11,6,7040.0,11.733333333333334,3044.6783633484365,360.13532120679974,1.0,2,1,0.0,0.0,0.0,0.0,0.0,0.0,0.0,0.0,0.0,0.0,62253.0,62253.0,0.0,2.0,1.0,3.0,0.0,"2,2,2,2,2,2,2,2,2,2","0:0-2;1:0-13;2:5-6,5-14,5-10,9-6,0-6,5-11;3:5-2;4:9-2;5:9-2,0-2;6:0-2;7:0-7,0-9;8:0-9;9:0-3"
32,proposed_c2f_adaptive_pd,8,10,0.8,18,300,0.06,11,7,4,4480.0,7.466666666666667,595.4386900420293,58.03107266443092,1.0,6,1,0.0,0.0,0.0,0.0,0.0,0.0,0.0,0.0,0.0,0.0,56235.0,56235.0,0.0,2.0,1.0,3.0,0.0,"1,1,1,1,1,1,1,1,1,1","0:2-1;1:11-1;2:1-4;3:1-3;4:1-7;5:1-6;6:11-10,11-1;7:1-13;8:2-1;9:2-7"
33,proposed_c2f_adaptive_pd,8,10,0.8,6,270,0.022222222222222223,20,12,8,7680.0,12.8,1273.2937889754526,204.4645812862021,0.85,0,1,0.0,0.0,0.0,0.0,0.0,0.0,0.0,0.0,0.0,0.0,85437.0,85437.0,0.0,2.0,1.0,3.0,0.0,"1,1,1,1,1,1,1,1,1,1","0:9-0,6-0,9-1,11-1;1:9-13;2:11-1,9-1,6-1;3:9-7;4:6-1;5:9-12,6-12,11-12,11-10,11-3,11-13;6:9-3;7:6-1;8:11-2;9:6-1"
34,proposed_c2f_adaptive_pd,9,10,0.9,16,270,0.05925925925925926,16,12,4,7680.0,12.8,155.4199820794349,115.21287723018824,0.9375,5,1,0.0,0.0,0.0,0.0,0.0,0.0,0.0,0.0,0.0,0.0,70688.0,70688.0,0.0,2.0,1.0,3.0,0.0,"4,4,4,4,4,4,4,4,4,4","0:4-9;1:4-0;2:1-4;3:1-4;4:4-9,4-12,1-9,4-0,1-0,2-9;5:1-4,4-1;6:1-8;7:1-4;8:4-11;9:1-0"
35,proposed_c2f_adaptive_pd,7,10,0.7,18,300,0.06,20,14,6,8960.0,14.933333333333334,78.12479124628246,15.961849300809574,1.0,8,0,0.0,0.0,0.0,0.0,0.0,0.0,0.0,0.0,0.0,0.0,74554.0,74554.0,0.0,2.0,1.0,3.0,0.0,"3,3,3,3,3,3,3,3,3,3","0:9-3;1:8-7,9-0,8-2,8-0,9-3,8-3;2:9-3;3:3-13,3-10,9-13,9-10,8-13,8-10;4:9-3;5:8-7;6:3-4;7:3-6;8:8-0;9:9-3"
36,proposed_c2f_adaptive_pd,9,10,0.9,11,300,0.03666666666666667,23,15,8,9600.0,16.0,3046.7079319038617,212.1353914250617,1.0,4,1,0.0,0.0,0.0,0.0,0.0,0.0,0.0,0.0,0.0,0.0,132869.0,132869.0,0.0,3.0,1.0,2.0,0.0,"10,10,10,10,10,10,10,10,10,10","0:13-9,1-9,13-10,1-10;1:1-12;2:1-0;3:13-11,13-2,13-5,1-11,13-10,1-10;4:13-9,1-9,13-2,1-13,13-1,1-2;5:1-10;6:1-10;7:13-10;8:1-10;9:13-3"
37,proposed_c2f_adaptive_pd,8,10,0.8,14,270,0.05185185185185185,25,17,8,10880.0,18.133333333333333,1062.0105429462412,71.93845128944695,0.84,2,1,0.0,0.0,0.0,0.0,0.0,0.0,0.0,0.0,0.0,0.0,94957.0,94957.0,0.0,2.0,1.0,3.0,0.0,"3,3,3,3,3,3,3,3,3,3","0:1-3;1:1-4,3-4,1-0,1-5,7-4,1-12;2:7-2,7-11,7-9,7-13,7-3,1-3;3:1-3;4:7-3;5:1-3;6:1-3;7:3-4,7-3;8:1-4,1-0,1-12,1-5;9:3-6,3-10"
38,proposed_c2f_adaptive_pd,9,10,0.9,12,300,0.04,11,8,3,5120.0,8.533333333333333,627.7974865236802,101.93002491176158,1.0,5,1,0.0,0.0,0.0,0.0,0.0,0.0,0.0,0.0,0.0,0.0,57566.0,57566.0,0.0,2.0,1.0,3.0,0.0,"3,3,3,3,3,3,3,3,3,3","0:1-14;1:1-3;2:3-4;3:1-7;4:1-3;5:3-4,3-6;6:7-12;7:1-9;8:1-0;9:1-3"
39,proposed_c2f_adaptive_pd,9,10,0.9,11,300,0.03666666666666667,20,15,5,9600.0,16.0,77835.5135984352,177.31245588902934,1.0,2,1,0.0,0.0,0.0,0.0,0.0,0.0,0.0,0.0,0.0,0.0,77209.0,77209.0,0.0,2.0,1.0,3.0,0.0,"0,0,0,0,0,0,0,0,0,0","0:3-14;1:3-0;2:0-1,8-1,3-1,0-6,0-10,0-5;3:3-0;4:3-0;5:3-0;6:8-0;7:3-12,8-12,3-9,8-9,0-12,3-7;8:3-12;9:0-13"
40,proposed_c2f_adaptive_pd,9,10,0.9,14,300,0.04666666666666667,15,10,5,6400.0,10.666666666666668,3774.8779403530943,112.91022409764204,1.0,1,1,0.0,0.0,0.0,0.0,0.0,0.0,0.0,0.0,0.0,0.0,65591.0,65591.0,0.0,2.0,1.0,3.0,0.0,"9,9,9,9,9,9,9,9,9,9","0:11-9;1:11-13,9-13,11-14,9-14,0-13,11-9;2:0-1;3:9-5;4:0-4;5:11-9;6:11-9;7:9-14;8:0-3;9:11-9"
41,proposed_c2f_adaptive_pd,9,10,0.9,15,300,0.05,13,7,6,4480.0,7.466666666666667,7342.745214533221,171.82877652167633,1.0,4,1,0.0,0.0,0.0,0.0,0.0,0.0,0.0,0.0,0.0,0.0,63481.0,63481.0,0.0,2.0,1.0,3.0,0.0,"5,5,5,5,5,5,5,5,5,5","0:0-2;1:0-5;2:0-5;3:0-5;4:3-13,3-1;5:5-4,0-4;6:3-5;7:3-5;8:3-1;9:0-5,5-10"
42,proposed_c2f_adaptive_pd,10,10,1.0,16,300,0.05333333333333334,16,11,5,7040.0,11.733333333333334,4020.56765094192,1984.197142289535,1.0,6,1,0.0,0.0,0.0,0.0,0.0,0.0,0.0,0.0,0.0,0.0,59946.0,59946.0,0.0,2.0,1.0,3.0,0.0,"0,0,0,0,0,0,0,0,0,0","0:0-14,0-11;1:1-0;2:2-8;3:1-0;4:1-0;5:1-0;6:1-3,1-14,1-5,0-3,2-3,1-11;7:2-0;8:0-3;9:1-8"
43,proposed_c2f_adaptive_pd,9,10,0.9,11,300,0.03666666666666667,16,13,3,8320.0,13.866666666666667,2283.9713904364608,183.82166463275385,1.0,2,1,0.0,0.0,0.0,0.0,0.0,0.0,0.0,0.0,0.0,0.0,111117.0,111117.0,0.0,3.0,1.0,2.0,0.0,"3,3,3,3,3,3,3,3,3,3","0:3-0;1:1-3;2:1-5,1-10,1-4,3-5,1-3;3:1-6,3-6;4:1-3;5:1-6;6:1-0,3-13;7:3-8;8:1-14;9:1-6"
44,proposed_c2f_adaptive_pd,9,10,0.9,15,300,0.05,15,6,9,3840.0,6.4,4089.849497337292,1377.3211224179897,1.0,9,1,0.0,0.0,0.0,0.0,0.0,0.0,0.0,0.0,0.0,0.0,55651.0,55651.0,0.0,2.0,1.0,3.0,0.0,"11,11,11,11,11,11,11,11,11,11","0:3-11;1:9-11;2:9-11;3:9-11,3-11;4:3-12;5:3-2;6:3-0,3-11;7:11-14;8:9-11;9:11-0,11-7,3-11,9-11"
45,proposed_c2f_adaptive_pd,10,10,1.0,18,300,0.06,22,17,5,10880.0,18.133333333333333,2386.143026896864,151.03356494943256,0.8636363636363636,9,1,0.0,0.0,0.0,0.0,0.0,0.0,0.0,0.0,0.0,0.0,94046.0,94046.0,0.0,2.0,1.0,3.0,0.0,"5,5,5,5,5,5,5,5,5,5","0:3-5;1:3-9;2:4-13,4-9,4-6,4-14,4-5,3-13;3:3-5;4:5-6,4-6;5:5-1,3-5;6:3-2;7:3-9;8:3-5;9:4-6,5-6,4-1,5-0,5-13,4-7"
46,proposed_c2f_adaptive_pd,9,10,0.9,14,300,0.04666666666666667,20,9,11,5760.0,9.600000000000001,8389.028137542697,1502.9455111589214,1.0,6,1,0.0,0.0,0.0,0.0,0.0,0.0,0.0,0.0,0.0,0.0,65751.0,65751.0,0.0,2.0,1.0,3.0,0.0,"7,7,7,7,7,7,7,7,7,7","0:3-7;1:0-5;2:0-7,13-7;3:3-7;4:0-14,13-14,0-7,13-7,3-7;5:0-7;6:3-12,3-7,3-2,0-7,3-11,3-8;7:0-3;8:0-1;9:13-7"
47,proposed_c2f_adaptive_pd,9,10,0.9,20,300,0.06666666666666667,12,8,4,5120.0,8.533333333333333,11544.572218784715,60.12662338495617,1.0,3,1,0.0,0.0,0.0,0.0,0.0,0.0,0.0,0.0,0.0,0.0,59442.0,59442.0,0.0,2.0,1.0,3.0,0.0,"1,1,1,1,1,1,1,1,1,1","0:4-1;1:4-5;2:1-0;3:5-11,5-6,4-5;4:4-1;5:4-3;6:5-1;7:4-3;8:5-1;9:1-7"
48,proposed_c2f_adaptive_pd,10,10,1.0,17,300,0.056666666666666664,11,4,7,2560.0,4.266666666666667,232.5675952064512,50.03502634747731,1.0,7,1,0.0,0.0,0.0,0.0,0.0,0.0,0.0,0.0,0.0,0.0,49407.0,49407.0,0.0,2.0,1.0,3.0,0.0,"7,7,7,7,7,7,7,7,7,7","0:0-7;1:0-1;2:0-7;3:0-7;4:0-7;5:1-7;6:0-2;7:0-11,0-6;8:3-7;9:1-7"
49,proposed_c2f_adaptive_pd,10,10,1.0,18,300,0.06,13,6,7,3840.0,6.4,267.9879733858716,73.61269904159758,0.9230769230769231,6,1,0.0,0.0,0.0,0.0,0.0,0.0,0.0,0.0,0.0,0.0,69743.0,69743.0,0.0,2.0,1.0,3.0,0.0,"4,4,4,4,4,4,4,4,4,4","0:0-4;1:0-4;2:0-4;3:0-13;4:2-4;5:0-4;6:2-14,2-9,2-6,2-4;7:4-7;8:0-4;9:0-2"
50,proposed_c2f_adaptive_pd,8,10,0.8,14,300,0.04666666666666667,18,16,2,10240.0,17.066666666666666,1580.3724231713297,16.6462417920421,1.0,6,1,0.0,0.0,0.0,0.0,0.0,0.0,0.0,0.0,0.0,0.0,68841.0,68841.0,0.0,2.0,1.0,3.0,0.0,"13,13,13,13,13,13,13,13,13,13","0:1-4;1:13-3;2:2-12;3:1-0;4:1-0;5:13-6,13-5,2-5,2-6;6:13-3,13-6,13-10,2-3,13-5,13-4;7:1-0;8:1-13;9:1-13"
51,proposed_c2f_adaptive_pd,10,10,1.0,11,300,0.03666666666666667,16,7,9,4480.0,7.466666666666667,756.8144768188097,52.13314514035647,1.0,8,1,0.0,0.0,0.0,0.0,0.0,0.0,0.0,0.0,0.0,0.0,66323.0,66323.0,0.0,2.0,1.0,3.0,0.0,"1,1,1,1,1,1,1,1,1,1","0:0-1;1:10-1;2:0-3;3:5-1;4:5-1,10-1;5:10-1,5-1;6:0-12;7:10-1,5-1,10-3,5-3;8:10-6,10-7;9:0-9"
52,proposed_c2f_adaptive_pd,7,10,0.7,11,240,0.04583333333333333,15,8,7,5120.0,8.533333333333333,1767.240813608089,103.40385830195596,0.8,3,1,0.0,0.0,0.0,0.0,0.0,0.0,0.0,0.0,0.0,0.0,122631.0,122631.0,0.0,3.0,1.0,2.0,0.0,"0,0,0,0,0,0,0,0,0,0","0:2-0;1:2-0;2:2-0,0-1;3:2-12,2-3,0-12,2-0;4:2-0;5:0-13;6:2-0;7:0-11;8:2-0;9:2-11,0-11"
53,proposed_c2f_adaptive_pd,10,10,1.0,20,300,0.06666666666666667,16,11,5,7040.0,11.733333333333334,12536.813078671781,699.1868355093819,1.0,5,1,0.0,0.0,0.0,0.0,0.0,0.0,0.0,0.0,0.0,0.0,44401.0,44401.0,0.0,2.0,1.0,3.0,0.0,"0,0,0,0,0,0,0,0,0,0","0:13-0;1:0-5;2:0-11;3:13-0,8-0;4:13-0;5:0-11,13-11,8-11,0-3,13-3,0-10;6:8-4;7:8-7;8:8-0;9:8-3"
54,proposed_c2f_adaptive_pd,9,10,0.9,10,300,0.03333333333333333,13,8,5,5120.0,8.533333333333333,720.6681499860989,172.39982381155704,1.0,8,1,0.0,0.0,0.0,0.0,0.0,0.0,0.0,0.0,0.0,0.0,50915.0,50915.0,0.0,2.0,1.0,3.0,0.0,"2,2,2,2,2,2,2,2,2,2","0:2-1;1:5-4;2:5-1;3:5-3;4:5-2,13-2;5:5-11;6:13-2,5-2;7:2-0;8:5-4;9:5-2,2-1"
55,proposed_c2f_adaptive_pd,8,10,0.8,11,270,0.040740740740740744,11,4,7,2560.0,4.266666666666667,154.77197440810855,64.32007534198696,0.9090909090909091,0,0,0.0,0.0,0.0,0.0,0.0,0.0,0.0,0.0,0.0,0.0,50256.0,50256.0,0.0,2.0,1.0,3.0,0.0,"0,0,0,0,0,0,0,0,0,0","0:3-5;1:0-5;2:0-8;3:13-0;4:13-0;5:3-0;6:13-0;7:3-0,13-0;8:3-5;9:3-0"
56,proposed_c2f_adaptive_pd,10,10,1.0,16,300,0.05333333333333334,17,13,4,8320.0,13.866666666666667,9562.399644269019,93.83627232649155,1.0,4,1,0.0,0.0,0.0,0.0,0.0,0.0,0.0,0.0,0.0,0.0,77270.0,77270.0,0.0,2.0,1.0,3.0,0.0,"1,1,1,1,1,1,1,1,1,1","0:1-2;1:0-9,0-4;2:13-0,0-1;3:0-1;4:13-9,13-0,0-13,0-9,13-4,13-5;5:0-3;6:0-10;7:13-1;8:0-1;9:0-2"
57,proposed_c2f_adaptive_pd,10,10,1.0,14,300,0.04666666666666667,17,11,6,7040.0,11.733333333333334,2413.707107184892,140.9173681590861,1.0,3,1,0.0,0.0,0.0,0.0,0.0,0.0,0.0,0.0,0.0,0.0,76937.0,76937.0,0.0,2.0,1.0,3.0,0.0,"12,12,12,12,12,12,12,12,12,12","0:2-12,2-0;1:2-0;2:10-12;3:6-7,6-9,6-2,2-6,6-0,6-3;4:6-12;5:2-0;6:10-12;7:2-12;8:2-0;9:6-12,2-0"
58,proposed_c2f_adaptive_pd,10,10,1.0,13,300,0.043333333333333335,18,11,7,7040.0,11.733333333333334,417.3777269998124,207.0433993778983,0.9444444444444444,8,1,0.0,0.0,0.0,0.0,0.0,0.0,0.0,0.0,0.0,0.0,76548.0,76548.0,0.0,2.0,1.0,3.0,0.0,"4,4,4,4,4,4,4,4,4,4","0:1-4;1:1-7;2:1-6,1-4;3:1-4;4:0-10;5:0-4;6:0-4;7:0-4;8:0-10,0-5,0-8,0-4,4-0,0-2;9:4-3,0-3,1-3"
59,proposed_c2f_adaptive_pd,7,10,0.7,16,300,0.05333333333333334,13,9,4,5760.0,9.600000000000001,2641.492407067103,100.05139583140655,1.0,3,1,0.0,0.0,0.0,0.0,0.0,0.0,0.0,0.0,0.0,0.0,59280.0,59280.0,0.0,2.0,1.0,3.0,0.0,"3,3,3,3,3,3,3,3,3,3","0:9-3;1:9-1,9-6;2:0-3,0-7;3:9-1,9-10;4:13-3;5:13-3;6:0-7;7:0-1;8:0-9;9:0-7"
60,proposed_c2f_adaptive_pd,9,10,0.9,19,270,0.07037037037037037,24,20,4,12800.0,21.333333333333336,687.3898588061397,204.7915615424189,0.75,6,1,0.0,0.0,0.0,0.0,0.0,0.0,0.0,0.0,0.0,0.0,103491.0,103491.0,0.0,2.0,1.0,3.0,0.0,"11,11,11,11,11,11,11,11,11,11","0:1-7,1-4,1-11,0-11;1:1-2;2:1-10,11-10,1-12,1-6,1-8,11-12;3:0-9;4:1-11;5:1-10;6:1-7,1-2,1-10,1-12,1-4,1-6;7:1-10,1-12;8:0-11;9:1-7"
61,proposed_c2f_adaptive_pd,10,10,1.0,10,300,0.03333333333333333,25,19,6,12160.0,20.26666666666667,1739.030737498863,436.0222811105467,1.0,1,1,0.0,0.0,0.0,0.0,0.0,0.0,0.0,0.0,0.0,0.0,87587.0,87587.0,0.0,2.0,1.0,3.0,0.0,"1,1,1,1,1,1,1,1,1,1","0:12-1;1:1-5,1-6,1-10,7-5,1-4,1-0;2:1-5,1-6,7-5,7-6,1-4,12-5;3:1-13;4:12-13;5:1-0;6:7-1;7:7-1;8:7-13,7-8,7-11,7-14,7-1,12-1;9:12-1"
62,proposed_c2f_adaptive_pd,9,10,0.9,14,300,0.04666666666666667,17,12,5,7680.0,12.8,24437.49527333863,161.58923549901618,1.0,1,1,0.0,0.0,0.0,0.0,0.0,0.0,0.0,0.0,0.0,0.0,100342.0,100342.0,0.0,2.0,1.0,3.0,0.0,"8,8,8,8,8,8,8,8,8,8","0:0-8;1:8-7,8-2,9-7,8-6,9-8,8-9;2:0-10;3:0-8;4:9-8;5:0-1;6:0-5,0-10;7:9-8;8:0-1;9:9-5,9-6"
63,proposed_c2f_adaptive_pd,10,10,1.0,12,300,0.04,21,13,8,8320.0,13.866666666666667,649.3856668707841,127.92135090704198,1.0,9,1,0.0,0.0,0.0,0.0,0.0,0.0,0.0,0.0,0.0,0.0,81666.0,81666.0,0.0,2.0,1.0,3.0,0.0,"2,2,2,2,2,2,2,2,2,2","0:0-2;1:3-2;2:0-4;3:3-2;4:0-2;5:0-14,0-8,3-8,2-14,0-13,3-14;6:0-2;7:0-2;8:0-14,0-2;9:0-8,0-14,3-8,2-14,2-8,0-2"
64,proposed_c2f_adaptive_pd,10,10,1.0,12,300,0.04,17,8,9,5120.0,8.533333333333333,844.9802290045048,107.89132402900694,1.0,4,1,0.0,0.0,0.0,0.0,0.0,0.0,0.0,0.0,0.0,0.0,62786.0,62786.0,0.0,2.0,1.0,3.0,0.0,"11,11,11,11,11,11,11,11,11,11","0:8-1;1:0-11;2:0-2,0-11,8-11;3:0-11;4:11-1,11-14,8-3,8-6,8-14,8-11;5:8-11;6:0-11;7:0-5;8:8-11;9:8-11"
65,proposed_c2f_adaptive_pd,10,10,1.0,19,300,0.06333333333333334,19,11,8,7040.0,11.733333333333334,1540.9824303511125,142.31004735710297,0.9473684210526315,5,1,0.0,0.0,0.0,0.0,0.0,0.0,0.0,0.0,0.0,0.0,78552.0,78552.0,0.0,2.0,1.0,3.0,0.0,"3,3,3,3,3,3,3,3,3,3","0:0-3;1:0-3;2:1-10;3:3-10;4:0-3;5:3-10,1-12,3-8,0-10,1-3,3-1;6:0-4;7:0-9,0-4,3-9,0-3,1-3;8:0-3;9:0-3"
66,proposed_c2f_adaptive_pd,8,10,0.8,25,300,0.08333333333333333,21,16,5,10240.0,17.066666666666666,1003.2777450528032,307.3725731484817,1.0,3,1,0.0,0.0,0.0,0.0,0.0,0.0,0.0,0.0,0.0,0.0,74028.0,74028.0,0.0,2.0,1.0,3.0,0.0,"1,1,1,1,1,1,1,1,1,1","0:2-1;1:4-1;2:1-9;3:1-11,1-14,1-3,4-11,4-1,2-1;4:1-10;5:4-10,4-6;6:1-14;7:4-1;8:1-9;9:4-13,4-6,1-13,2-6,2-13,1-6"
67,proposed_c2f_adaptive_pd,10,10,1.0,13,300,0.043333333333333335,25,21,4,13440.0,22.4,508.3974548236335,74.6828592468407,0.92,0,1,0.0,0.0,0.0,0.0,0.0,0.0,0.0,0.0,0.0,0.0,89206.0,89206.0,0.0,2.0,1.0,3.0,0.0,"0,0,0,0,0,0,0,0,0,0","0:3-10,3-7,3-5,3-12,3-1,3-9;1:0-1;2:4-0;3:3-1;4:0-12;5:4-0;6:0-11,0-12,3-12,0-6;7:3-12,3-11,3-10,0-12,0-11,3-7;8:0-11,3-0,4-0;9:3-5"
68,proposed_c2f_adaptive_pd,8,10,0.8,14,300,0.04666666666666667,25,16,9,10240.0,17.066666666666666,1106.4454229242106,203.05498102039869,1.0,1,1,0.0,0.0,0.0,0.0,0.0,0.0,0.0,0.0,0.0,0.0,70281.0,70281.0,0.0,2.0,1.0,3.0,0.0,"10,10,10,10,10,10,10,10,10,10","0:5-10;1:0-3,5-3,7-3,0-14,5-14,5-12;2:5-14;3:0-8;4:5-8,0-8,7-8,5-10,0-10,7-10;5:0-10;6:0-8;7:5-8,0-8,5-11,7-8,5-10,0-10;8:5-10;9:0-10"
69,proposed_c2f_adaptive_pd,10,10,1.0,13,300,0.043333333333333335,24,14,10,8960.0,14.933333333333334,1217457.562771088,65.7997935716412,1.0,9,1,0.0,0.0,0.0,0.0,0.0,0.0,0.0,0.0,0.0,0.0,100624.0,100624.0,0.0,2.0,1.0,3.0,0.0,"9,9,9,9,9,9,9,9,9,9","0:1-5,2-9,1-9;1:1-6;2:1-9;3:2-9,1-9;4:1-8,2-9,1-9;5:2-9;6:1-12;7:9-11,2-11,2-9,2-0,1-9;8:2-0;9:2-11,2-0,2-5,2-10,9-0,9-11"
70,proposed_c2f_adaptive_pd,10,10,1.0,20,300,0.06666666666666667,16,11,5,7040.0,11.733333333333334,609.0975548254618,77.55795814638022,1.0,1,1,0.0,0.0,0.0,0.0,0.0,0.0,0.0,0.0,0.0,0.0,67161.0,67161.0,0.0,2.0,1.0,3.0,0.0,"10,10,10,10,10,10,10,10,10,10","0:0-1;1:8-3,2-8,8-2,8-9,8-1,8-12;2:0-10;3:0-10;4:0-8;5:2-10;6:2-7,8-7;7:0-10;8:0-7;9:2-10"
71,proposed_c2f_adaptive_pd,8,10,0.8,19,300,0.06333333333333334,20,17,3,10880.0,18.133333333333333,5120.683598807766,70.46627461983711,0.9,6,1,0.0,0.0,0.0,0.0,0.0,0.0,0.0,0.0,0.0,0.0,80359.0,80359.0,0.0,2.0,1.0,3.0,0.0,"4,4,4,4,4,4,4,4,4,4","0:4-10;1:4-9;2:7-2;3:13-4;4:13-4;5:4-14,13-14,7-14,4-1,4-6,4-8;6:4-14,4-1,4-6,13-14,13-1,4-11;7:4-3;8:7-5;9:7-4"
72,proposed_c2f_adaptive_pd,9,10,0.9,14,300,0.04666666666666667,17,11,6,7040.0,11.733333333333334,543.8291512677403,161.9046604977499,1.0,4,1,0.0,0.0,0.0,0.0,0.0,0.0,0.0,0.0,0.0,0.0,74251.0,74251.0,0.0,2.0,1.0,3.0,0.0,"5,5,5,5,5,5,5,5,5,5","0:1-5;1:1-0;2:2-5;3:1-0;4:1-10,2-10,1-3,5-10,2-3,1-4;5:2-5;6:1-0;7:2-5;8:5-11,2-5,1-5;9:1-2"
73,proposed_c2f_adaptive_pd,10,10,1.0,14,300,0.04666666666666667,28,19,9,12160.0,20.26666666666667,18493.893657862813,1223.7687984563715,1.0,3,1,0.0,0.0,0.0,0.0,0.0,0.0,0.0,0.0,0.0,0.0,108711.0,108711.0,0.0,2.0,1.0,3.0,0.0,"8,8,8,8,8,8,8,8,8,8","0:8-6,8-0,9-6,2-6,2-0,9-0;1:8-14,9-8,2-8;2:2-8;3:9-2,2-9,2-13,2-7,2-11,9-13;4:9-6,9-0,2-8,9-8;5:2-4;6:2-8;7:2-7;8:9-8;9:8-5,8-10,9-8,2-8"
74,proposed_c2f_adaptive_pd,9,10,0.9,20,270,0.07407407407407407,17,15,2,9600.0,16.0,826.733193171695,145.40091728757693,0.9411764705882353,6,1,0.0,0.0,0.0,0.0,0.0,0.0,0.0,0.0,0.0,0.0,153316.0,153316.0,0.0,3.0,1.0,2.0,0.0,"3,3,3,3,3,3,3,3,3,3","0:3-13,0-3;1:0-5,0-14;2:0-2;3:3-13,3-9,3-6;4:3-4;5:3-6;6:3-9,3-6,3-7,0-3;7:0-13;8:3-7;9:3-7"
75,proposed_c2f_adaptive_pd,9,10,0.9,13,300,0.043333333333333335,15,10,5,6400.0,10.666666666666668,55937.715898758615,127.9463611323882,1.0,3,1,0.0,0.0,0.0,0.0,0.0,0.0,0.0,0.0,0.0,0.0,72935.0,72935.0,0.0,2.0,1.0,3.0,0.0,"11,11,11,11,11,11,11,11,11,11","0:4-11;1:5-2;2:4-11;3:7-2,7-9,7-14,7-11,7-8,5-14;4:4-5;5:4-11;6:4-10;7:7-0;8:4-1;9:4-11"
76,proposed_c2f_adaptive_pd,10,10,1.0,12,300,0.04,18,11,7,7040.0,11.733333333333334,44409.16622970391,263.958881456158,1.0,5,1,0.0,0.0,0.0,0.0,0.0,0.0,0.0,0.0,0.0,0.0,59646.0,59646.0,0.0,2.0,1.0,3.0,0.0,"0,0,0,0,0,0,0,0,0,0","0:8-0,8-2;1:0-11;2:1-0;3:1-0;4:8-0,8-5;5:1-7,0-7,8-7,1-3,1-4,1-6;6:8-0,1-8;7:1-0;8:0-12;9:1-0"
77,proposed_c2f_adaptive_pd,10,10,1.0,17,300,0.056666666666666664,14,9,5,5760.0,9.600000000000001,644.8090726956551,183.01743080138718,1.0,9,1,0.0,0.0,0.0,0.0,0.0,0.0,0.0,0.0,0.0,0.0,61151.0,61151.0,0.0,2.0,1.0,3.0,0.0,"2,2,2,2,2,2,2,2,2,2","0:0-4;1:0-1;2:2-8,0-8;3:5-2;4:0-1;5:0-2;6:0-2;7:0-1;8:0-2;9:2-8,5-8,0-8,0-2"
78,proposed_c2f_adaptive_pd,10,10,1.0,12,300,0.04,28,20,8,12800.0,21.333333333333336,888.3219991421386,192.70833676754893,0.9285714285714286,4,1,0.0,0.0,0.0,0.0,0.0,0.0,0.0,0.0,0.0,0.0,97024.0,97024.0,0.0,2.0,1.0,3.0,0.0,"12,12,12,12,12,12,12,12,12,12","0:2-12;1:2-12;2:0-4;3:14-8;4:14-4,14-8,0-14,14-0,0-4,14-12;5:2-6,2-12,0-6,14-6,2-10,2-9;6:14-10;7:0-3,0-12,14-12,2-12;8:14-6,0-6,2-6,0-10,2-10,0-12;9:0-8"
79,proposed_c2f_adaptive_pd,8,10,0.8,24,300,0.08,14,10,4,6400.0,10.666666666666668,212.18395987244344,47.351997841092945,1.0,6,1,0.0,0.0,0.0,0.0,0.0,0.0,0.0,0.0,0.0,0.0,78650.0,78650.0,0.0,2.0,1.0,3.0,0.0,"0,0,0,0,0,0,0,0,0,0","0:4-0;1:4-0;2:14-1;3:4-8;4:0-10;5:14-0;6:14-8,14-10,14-1,14-5,4-8;7:4-6;8:4-0;9:4-7"
80,proposed_c2f_adaptive_pd,9,10,0.9,17,300,0.056666666666666664,15,6,9,3840.0,6.4,1126.6338796115922,110.63997223859607,1.0,1,1,0.0,0.0,0.0,0.0,0.0,0.0,0.0,0.0,0.0,0.0,66242.0,66242.0,0.0,2.0,1.0,3.0,0.0,"12,12,12,12,12,12,12,12,12,12","0:9-12;1:1-11,1-12,12-1,12-11,1-0,1-8;2:1-3;3:9-12;4:1-12;5:1-12;6:9-12;7:1-12;8:1-12;9:9-12"
81,proposed_c2f_adaptive_pd,10,10,1.0,13,300,0.043333333333333335,15,9,6,5760.0,9.600000000000001,265474.29472408904,520.4861488584323,1.0,5,1,0.0,0.0,0.0,0.0,0.0,0.0,0.0,0.0,0.0,0.0,68815.0,68815.0,0.0,2.0,1.0,3.0,0.0,"12,12,12,12,12,12,12,12,12,12","0:10-12;1:13-12;2:10-5;3:10-12;4:10-0;5:10-3,12-3,13-3,10-1,10-12,13-12;6:10-8;7:10-1;8:12-2;9:13-12"
82,proposed_c2f_adaptive_pd,8,10,0.8,16,270,0.05925925925925926,18,9,9,5760.0,9.600000000000001,739.5680493130662,225.10193360559038,0.9444444444444444,4,1,0.0,0.0,0.0,0.0,0.0,0.0,0.0,0.0,0.0,0.0,68335.0,68335.0,0.0,2.0,1.0,3.0,0.0,"3,3,3,3,3,3,3,3,3,3","0:3-4;1:0-3;2:1-3;3:0-5;4:0-12,0-2,3-12,1-14,1-12,1-2;5:0-3;6:1-3;7:0-3;8:0-7,0-3,1-3;9:1-3,0-3"
83,proposed_c2f_adaptive_pd,8,10,0.8,19,270,0.07037037037037037,18,14,4,8960.0,14.933333333333334,7669.580079206686,93.10261742392984,0.9444444444444444,0,1,0.0,0.0,0.0,0.0,0.0,0.0,0.0,0.0,0.0,0.0,78287.0,78287.0,0.0,2.0,1.0,3.0,0.0,"1,1,1,1,1,1,1,1,1,1","0:2-3,0-3,2-10,2-6,1-3,2-0;1:0-1;2:0-8;3:0-1;4:2-7;5:1-13;6:1-3,1-14,2-1;7:0-8,2-8;8:2-1;9:0-2"
84,proposed_c2f_adaptive_pd,8,10,0.8,11,300,0.03666666666666667,18,16,2,10240.0,17.066666666666666,316304.4575679357,148.39638036947343,1.0,6,1,0.0,0.0,0.0,0.0,0.0,0.0,0.0,0.0,0.0,0.0,87160.0,87160.0,0.0,2.0,1.0,3.0,0.0,"1,1,1,1,1,1,1,1,1,1","0:0-7;1:0-5,0-2,3-0;2:3-1;3:1-11,1-10,1-4;4:3-7;5:0-1;6:0-2,3-2,0-5,0-13;7:1-11,1-14;8:1-8;9:0-6"
85,proposed_c2f_adaptive_pd,8,10,0.8,12,300,0.04,15,12,3,7680.0,12.8,509.2669384200766,15.932308854894575,1.0,9,1,0.0,0.0,0.0,0.0,0.0,0.0,0.0,0.0,0.0,0.0,45812.0,45812.0,0.0,2.0,1.0,3.0,0.0,"1,1,1,1,1,1,1,1,1,1","0:4-5;1:4-2;2:4-2;3:4-2;4:4-3;5:4-2;6:4-5;7:9-5;8:4-2;9:11-0,9-0,11-1,11-7,9-1,4-1"
86,proposed_c2f_adaptive_pd,9,10,0.9,12,300,0.04,21,18,3,11520.0,19.200000000000003,107295.2251755594,337.3414687433774,1.0,4,1,0.0,0.0,0.0,0.0,0.0,0.0,0.0,0.0,0.0,0.0,93709.0,93709.0,0.0,2.0,1.0,3.0,0.0,"2,2,2,2,2,2,2,2,2,2","0:1-10;1:8-2;2:8-2;3:8-5,8-4;4:2-12,2-4,2-11,2-13,2-7,8-12;5:1-0;6:8-4;7:2-0,2-14,1-14,1-0,1-2,2-3;8:8-9;9:1-10"
87,proposed_c2f_adaptive_pd,8,10,0.8,17,300,0.056666666666666664,19,13,6,8320.0,13.866666666666667,1427.1030643487652,28.409292232520457,0.7368421052631579,3,0,0.0,0.0,0.0,0.0,0.0,0.0,0.0,0.0,0.0,0.0,87374.0,87374.0,0.0,2.0,1.0,3.0,0.0,"6,6,6,6,6,6,6,6,6,6","0:4-6;1:5-6,4-6;2:9-6,9-2;3:5-8,4-0,4-8,5-14,4-14,5-10;4:9-1;5:4-2;6:4-2;7:5-10;8:4-6;9:5-0,5-8,5-6"
88,proposed_c2f_adaptive_pd,7,10,0.7,9,270,0.03333333333333333,16,12,4,7680.0,12.8,1967.615140909391,220.5879955281647,0.9375,1,1,0.0,0.0,0.0,0.0,0.0,0.0,0.0,0.0,0.0,0.0,60985.0,60985.0,0.0,2.0,1.0,3.0,0.0,"2,2,2,2,2,2,2,2,2,2","0:3-2;1:3-14,9-14,3-0,3-8,9-0,9-8;2:2-6;3:3-9;4:3-2;5:2-7;6:2-6;7:3-2,2-11;8:2-1;9:3-2"
89,proposed_c2f_adaptive_pd,10,10,1.0,11,300,0.03666666666666667,19,12,7,7680.0,12.8,362.44475798421155,224.65309050098372,1.0,0,1,0.0,0.0,0.0,0.0,0.0,0.0,0.0,0.0,0.0,0.0,54060.0,54060.0,0.0,2.0,1.0,3.0,0.0,"2,2,2,2,2,2,2,2,2,2","0:1-4,1-9,7-4,2-4,7-9,1-14;1:1-2;2:1-7;3:1-4,1-9,7-4,1-2,7-2;4:1-2;5:7-2;6:7-2;7:1-2;8:2-8;9:1-9"
90,proposed_c2f_adaptive_pd,9,10,0.9,19,300,0.06333333333333334,28,14,14,8960.0,14.933333333333334,16868.885196633826,76.72513632578057,1.0,4,1,0.0,0.0,0.0,0.0,0.0,0.0,0.0,0.0,0.0,0.0,95134.0,95134.0,0.0,2.0,1.0,3.0,0.0,"12,12,12,12,12,12,12,12,12,12","0:13-12;1:5-12;2:1-12;3:13-12;4:13-0,13-8,13-12,1-0,13-6,1-8;5:1-9,5-9,1-7,1-12,5-12,13-12;6:13-8,13-12,1-12,5-12;7:1-2;8:13-8,13-7,13-12,1-13,13-1,1-12;9:1-12"
91,proposed_c2f_adaptive_pd,7,10,0.7,10,300,0.03333333333333333,36,27,9,17280.0,28.800000000000004,56250.8759054313,152.25617222336774,1.0,7,0,0.0,0.0,0.0,0.0,0.0,0.0,0.0,0.0,0.0,0.0,122580.0,122580.0,0.0,2.0,1.0,3.0,0.0,"1,1,1,1,1,1,1,1,1,1","0:13-8,13-14,0-14,1-8,13-1,0-11;1:1-6,1-3,13-6,0-1,13-1;2:13-1;3:13-8,13-14,0-8,13-3,0-14,13-11;4:13-14;5:1-3,0-3,13-1,0-1;6:0-13,13-0,0-11,0-1,13-1;7:13-8,0-8,13-3,13-7,13-14,13-6;8:0-13;9:13-1"
92,proposed_c2f_adaptive_pd,7,10,0.7,17,300,0.056666666666666664,20,14,6,8960.0,14.933333333333334,905.8483062638377,124.4797408235518,1.0,2,1,0.0,0.0,0.0,0.0,0.0,0.0,0.0,0.0,0.0,0.0,72397.0,72397.0,0.0,2.0,1.0,3.0,0.0,"2,2,2,2,2,2,2,2,2,2","0:11-2;1:0-2;2:2-8,2-5,2-3,2-4,2-6,0-2;3:2-9,0-9,11-9,2-4,2-14,0-4;4:11-2;5:11-2;6:0-8;7:0-9;8:0-6;9:0-2"
93,proposed_c2f_adaptive_pd,8,10,0.8,16,300,0.05333333333333334,23,8,15,5120.0,8.533333333333333,252.128328975481,47.88673264481255,1.0,2,1,0.0,0.0,0.0,0.0,0.0,0.0,0.0,0.0,0.0,0.0,80138.0,80138.0,0.0,2.0,1.0,3.0,0.0,"10,10,10,10,10,10,10,10,10,10","0:3-5;1:6-10;2:5-10,5-8,6-10,5-14,3-10,5-7;3:5-10;4:5-10;5:3-10;6:3-12;7:5-10,5-14,3-10,6-10,5-13,5-7;8:5-10,3-10,6-10;9:5-10,6-10"
94,proposed_c2f_adaptive_pd,10,10,1.0,16,300,0.05333333333333334,11,3,8,1920.0,3.2,2166.987588528841,245.47470310340734,1.0,1,1,0.0,0.0,0.0,0.0,0.0,0.0,0.0,0.0,0.0,0.0,50551.0,50551.0,0.0,2.0,1.0,3.0,0.0,"2,2,2,2,2,2,2,2,2,2","0:0-2;1:4-6;2:6-2;3:4-2;4:6-2,4-2;5:4-7;6:4-2;7:6-2;8:4-2;9:0-11"
95,proposed_c2f_adaptive_pd,10,10,1.0,18,300,0.06,17,9,8,5760.0,9.600000000000001,540.6758212451884,19.87990789339048,1.0,5,1,0.0,0.0,0.0,0.0,0.0,0.0,0.0,0.0,0.0,0.0,67423.0,67423.0,0.0,2.0,1.0,3.0,0.0,"4,4,4,4,4,4,4,4,4,4","0:0-8;1:0-4;2:0-4;3:0-4,2-4;4:0-4,2-4;5:4-6,2-7,4-7,0-6,2-10,0-7;6:0-4;7:2-6;8:0-4;9:0-1"
96,proposed_c2f_adaptive_pd,10,10,1.0,10,300,0.03333333333333333,20,13,7,8320.0,13.866666666666667,337.6973576037009,36.07637399216054,1.0,5,1,0.0,0.0,0.0,0.0,0.0,0.0,0.0,0.0,0.0,0.0,73683.0,73683.0,0.0,2.0,1.0,3.0,0.0,"5,5,5,5,5,5,5,5,5,5","0:6-11;1:2-5;2:1-9;3:6-5;4:6-5,2-5,1-5,6-0,6-10,2-0;5:1-10,6-10,2-3,2-13,1-3,1-13;6:6-8;7:1-5;8:6-12;9:2-5"
97,proposed_c2f_adaptive_pd,7,10,0.7,12,270,0.044444444444444446,16,11,5,7040.0,11.733333333333334,228.79084302166748,36.713719799130594,0.9375,5,1,0.0,0.0,0.0,0.0,0.0,0.0,0.0,0.0,0.0,0.0,55210.0,55210.0,0.0,2.0,1.0,3.0,0.0,"0,0,0,0,0,0,0,0,0,0","0:5-12;1:5-9;2:5-3;3:5-3;4:5-0,5-4;5:12-7;6:6-0;7:5-3;8:5-0;9:5-0,5-1,5-2,6-1,5-4,12-0"
98,proposed_c2f_adaptive_pd,7,10,0.7,11,270,0.040740740740740744,19,11,8,7040.0,11.733333333333334,9363.299242538815,31.86524892712834,0.9473684210526315,4,1,0.0,0.0,0.0,0.0,0.0,0.0,0.0,0.0,0.0,0.0,87359.0,87359.0,0.0,2.0,1.0,3.0,0.0,"0,0,0,0,0,0,0,0,0,0","0:8-0;1:8-0;2:8-14,6-0,8-0;3:8-4;4:6-5,6-2,6-1,6-14,8-6,6-8;5:8-0;6:8-9;7:0-4,0-10;8:6-0;9:8-0,6-0"
99,proposed_c2f_adaptive_pd,8,10,0.8,15,300,0.05,17,13,4,8320.0,13.866666666666667,393.89431195263086,127.11166936775223,1.0,7,1,0.0,0.0,0.0,0.0,0.0,0.0,0.0,0.0,0.0,0.0,75366.0,75366.0,0.0,2.0,1.0,3.0,0.0,"2,2,2,2,2,2,2,2,2,2","0:0-7;1:6-2;2:6-1;3:0-7;4:0-2;5:0-5;6:6-2,0-2;7:6-1,0-12;8:6-14;9:2-7,0-7,2-10,2-14,2-5,2-13"
100,proposed_c2f_adaptive_pd,7,10,0.7,14,300,0.04666666666666667,25,19,6,12160.0,20.26666666666667,317330.70922979043,85.04030446199064,0.96,4,1,0.0,0.0,0.0,0.0,0.0,0.0,0.0,0.0,0.0,0.0,97862.0,97862.0,0.0,2.0,1.0,3.0,0.0,"0,0,0,0,0,0,0,0,0,0","0:1-0;1:0-7,0-10;2:1-0;3:12-2,1-2,0-2,12-13,12-14,12-8;4:0-10,0-4,0-11,0-7,0-5,1-0;5:12-2;6:12-0;7:0-2;8:12-13,12-2,1-13,12-8,12-0;9:1-0"
101,proposed_c2f_adaptive_pd,7,10,0.7,17,300,0.056666666666666664,12,8,4,5120.0,8.533333333333333,1083.821356658183,24.346773028088837,1.0,5,1,0.0,0.0,0.0,0.0,0.0,0.0,0.0,0.0,0.0,0.0,52886.0,52886.0,0.0,2.0,1.0,3.0,0.0,"2,2,2,2,2,2,2,2,2,2","0:0-4,8-6;1:1-2;2:0-7;3:0-3;4:1-2;5:1-5;6:1-2;7:0-2,0-4;8:0-4;9:0-1"
102,proposed_c2f_adaptive_pd,8,10,0.8,10,300,0.03333333333333333,11,9,2,5760.0,9.600000000000001,2791.2241914898186,80.33218378828315,1.0,7,0,0.0,0.0,0.0,0.0,0.0,0.0,0.0,0.0,0.0,0.0,36779.0,36779.0,0.0,2.0,1.0,3.0,0.0,"0,0,0,0,0,0,0,0,0,0","0:1-6;1:0-6;2:1-3;3:1-2;4:1-0,9-0;5:1-3;6:1-3;7:1-6;8:1-6;9:0-2"
103,proposed_c2f_adaptive_pd,9,10,0.9,11,270,0.040740740740740744,19,16,3,10240.0,17.066666666666666,367.47559149842493,54.91068447608686,0.9473684210526315,4,1,0.0,0.0,0.0,0.0,0.0,0.0,0.0,0.0,0.0,0.0,71859.0,71859.0,0.0,2.0,1.0,3.0,0.0,"1,1,1,1,1,1,1,1,1,1","0:4-14;1:1-0;2:14-3,4-3,4-13,14-1,4-1;3:1-0;4:1-10,14-10,4-10,1-0,1-12,1-13;5:14-1;6:4-14;7:1-0;8:4-0;9:4-3"
104,proposed_c2f_adaptive_pd,7,10,0.7,17,270,0.06296296296296296,10,8,2,5120.0,8.533333333333333,38.79593122084407,17.700511744842277,0.9,6,1,0.0,0.0,0.0,0.0,0.0,0.0,0.0,0.0,0.0,0.0,45655.0,45655.0,0.0,2.0,1.0,3.0,0.0,"0,0,0,0,0,0,0,0,0,0",0:10-0;1:1-2;2:0-8;3:1-2;4:0-7;5:10-5;6:10-8;7:10-0;8:1-7;9:0-7
105,proposed_c2f_adaptive_pd,9,10,0.9,10,300,0.03333333333333333,23,15,8,9600.0,16.0,335328.25818854687,151.8670079783532,1.0,7,1,0.0,0.0,0.0,0.0,0.0,0.0,0.0,0.0,0.0,0.0,91825.0,91825.0,0.0,2.0,1.0,3.0,0.0,"0,0,0,0,0,0,0,0,0,0","0:14-0;1:14-5,14-6,14-0,3-0;2:14-1;3:3-4;4:14-0;5:14-0;6:14-1;7:14-5,14-12,14-6,14-1,0-6,0-1;8:3-0;9:14-2,14-4,14-8,14-0,3-14,3-0"
106,proposed_c2f_adaptive_pd,8,10,0.8,14,300,0.04666666666666667,17,12,5,7680.0,12.8,410.0987213588808,29.58883050722084,1.0,8,1,0.0,0.0,0.0,0.0,0.0,0.0,0.0,0.0,0.0,0.0,82487.0,82487.0,0.0,2.0,1.0,3.0,0.0,"1,1,1,1,1,1,1,1,1,1","0:0-7;1:0-12;2:0-1;3:9-1;4:0-9;5:1-11,9-1,0-1;6:1-4;7:1-14;8:1-11,1-4,1-3,1-14,1-12,1-7;9:0-1"
107,proposed_c2f_adaptive_pd,9,10,0.9,17,300,0.056666666666666664,11,7,4,4480.0,7.466666666666667,580.2658801346867,143.52627906035082,1.0,7,1,0.0,0.0,0.0,0.0,0.0,0.0,0.0,0.0,0.0,0.0,77428.0,77428.0,0.0,3.0,1.0,2.0,0.0,"0,0,0,0,0,0,0,0,0,0","0:11-0;1:0-3;2:0-2;3:0-5;4:11-0,11-3;5:11-13;6:0-13;7:11-4;8:11-0;9:11-0"
108,proposed_c2f_adaptive_pd,6,10,0.6,16,270,0.05925925925925926,10,8,2,5120.0,8.533333333333333,63.279436515284786,43.49181191893416,0.9,9,0,0.0,0.0,0.0,0.0,0.0,0.0,0.0,0.0,0.0,0.0,39242.0,39242.0,0.0,2.0,1.0,3.0,0.0,"1,1,1,1,1,1,1,1,1,1",0:0-1;1:5-1;2:0-6;3:0-13;4:1-7;5:0-3;6:0-7;7:0-3;8:0-9;9:0-10
109,proposed_c2f_adaptive_pd,9,10,0.9,11,270,0.040740740740740744,15,10,5,6400.0,10.666666666666668,4836.2883404889835,44.80587299191575,0.9333333333333333,0,1,0.0,0.0,0.0,0.0,0.0,0.0,0.0,0.0,0.0,0.0,70525.0,70525.0,0.0,2.0,1.0,3.0,0.0,"12,12,12,12,12,12,12,12,12,12","0:2-4,2-7;1:9-12;2:1-12,9-12;3:1-0;4:2-0,2-4,2-3;5:1-2;6:1-13,1-12;7:9-6;8:1-2;9:9-12"
110,proposed_c2f_adaptive_pd,9,10,0.9,9,300,0.03,21,11,10,7040.0,11.733333333333334,14108.548284424527,788.6127067720236,1.0,0,1,0.0,0.0,0.0,0.0,0.0,0.0,0.0,0.0,0.0,0.0,97545.0,97545.0,0.0,2.0,1.0,3.0,0.0,"8,8,8,8,8,8,8,8,8,8","0:1-6,0-1,1-0,1-12;1:10-12,10-13,10-14,10-8,0-8,1-8;2:1-8;3:10-8;4:10-8;5:0-8;6:1-8;7:0-12,1-12,10-12;8:0-8,10-8;9:0-4"
111,proposed_c2f_adaptive_pd,7,10,0.7,13,300,0.043333333333333335,17,11,6,7040.0,11.733333333333334,217927.19574041115,81.23751635316448,1.0,2,1,0.0,0.0,0.0,0.0,0.0,0.0,0.0,0.0,0.0,0.0,68570.0,68570.0,0.0,2.0,1.0,3.0,0.0,"2,2,2,2,2,2,2,2,2,2","0:2-5;1:7-13,7-2,0-2;2:2-5,2-3,2-6,0-2,2-0,2-4;3:0-2;4:0-2;5:7-8;6:0-9;7:0-12;8:2-13;9:0-2"
112,proposed_c2f_adaptive_pd,10,10,1.0,12,300,0.04,19,12,7,7680.0,12.8,9457.861127258995,650.3047701912404,1.0,6,1,0.0,0.0,0.0,0.0,0.0,0.0,0.0,0.0,0.0,0.0,72882.0,72882.0,0.0,2.0,1.0,3.0,0.0,"4,4,4,4,4,4,4,4,4,4","0:5-4;1:4-3;2:5-4;3:13-4,5-4;4:4-11,4-3,5-4,13-4;5:5-4;6:4-11,4-3,4-14,4-12,5-11,4-6;7:5-8;8:4-2;9:4-3"
113,proposed_c2f_adaptive_pd,9,10,0.9,11,300,0.03666666666666667,22,18,4,11520.0,19.200000000000003,2494.9223551943805,80.90511032082321,0.9090909090909091,9,1,0.0,0.0,0.0,0.0,0.0,0.0,0.0,0.0,0.0,0.0,91382.0,91382.0,0.0,2.0,1.0,3.0,0.0,"3,3,3,3,3,3,3,3,3,3","0:1-3;1:3-7,3-4,3-14,3-8,3-0,3-2;2:5-3,1-3;3:1-3;4:5-9,1-5;5:3-6;6:3-2;7:1-2;8:1-2;9:3-4,3-11,3-7,3-13,3-0,3-8"
114,proposed_c2f_adaptive_pd,9,10,0.9,18,300,0.06,25,17,8,10880.0,18.133333333333333,1710.0890884957523,114.73591306545345,0.92,7,1,0.0,0.0,0.0,0.0,0.0,0.0,0.0,0.0,0.0,0.0,102543.0,102543.0,0.0,2.0,1.0,3.0,0.0,"0,0,0,0,0,0,0,0,0,0","0:6-0;1:13-0;2:6-0;3:0-1;4:6-4;5:13-0,6-0;6:13-10,6-10,13-5,6-0,13-0;7:6-10,0-10,13-10,0-5,6-5,13-5;8:13-9,13-4,6-9,6-4,13-11,0-9;9:6-0"
115,proposed_c2f_adaptive_pd,9,10,0.9,19,300,0.06333333333333334,28,18,10,11520.0,19.200000000000003,12628.747094159267,101.47853501309153,1.0,9,1,0.0,0.0,0.0,0.0,0.0,0.0,0.0,0.0,0.0,0.0,76100.0,76100.0,0.0,2.0,1.0,3.0,0.0,"8,8,8,8,8,8,8,8,8,8","0:2-8;1:2-8;2:2-0,2-8,6-8;3:9-8;4:9-13,2-13,9-7,9-8,2-7,2-8;5:6-1;6:9-5,9-4,9-3,9-7,9-13,9-8;7:6-8,9-8;8:9-4;9:9-7,9-13,2-7,2-13,9-10,6-7"
116,proposed_c2f_adaptive_pd,8,10,0.8,14,240,0.058333333333333334,15,9,6,5760.0,9.600000000000001,3234.2630481559995,30.503070261664366,0.8666666666666667,3,1,0.0,0.0,0.0,0.0,0.0,0.0,0.0,0.0,0.0,0.0,62927.0,62927.0,0.0,2.0,1.0,3.0,0.0,"10,10,10,10,10,10,10,10,10,10","0:4-10;1:5-10;2:4-10;3:10-0,10-13,10-7,4-0,10-1,5-0;4:5-10;5:10-0;6:4-2;7:4-6;8:4-10;9:5-10"
117,proposed_c2f_adaptive_pd,8,10,0.8,14,300,0.04666666666666667,12,9,3,5760.0,9.600000000000001,237113.90158205814,168.20731514516007,0.9166666666666666,2,1,0.0,0.0,0.0,0.0,0.0,0.0,0.0,0.0,0.0,0.0,57433.0,57433.0,0.0,2.0,1.0,3.0,0.0,"0,0,0,0,0,0,0,0,0,0","0:1-11;1:0-13,1-13;2:1-13,1-11;3:0-7;4:0-5;5:1-11;6:1-0;7:0-14;8:1-0;9:2-0"
118,proposed_c2f_adaptive_pd,9,10,0.9,11,300,0.03666666666666667,19,16,3,10240.0,17.066666666666666,537.912724035665,65.27098219374194,1.0,0,1,0.0,0.0,0.0,0.0,0.0,0.0,0.0,0.0,0.0,0.0,89384.0,89384.0,0.0,2.0,1.0,3.0,0.0,"0,0,0,0,0,0,0,0,0,0","0:10-8;1:10-6,1-6,0-6,10-13,10-5,0-13;2:1-0;3:1-7;4:0-7;5:0-2,1-2;6:10-14;7:0-5;8:0-5;9:10-8,1-8,10-0,1-0"
119,proposed_c2f_adaptive_pd,9,10,0.9,16,300,0.05333333333333334,12,4,8,2560.0,4.266666666666667,4795.697728112128,584.9902610766393,1.0,6,1,0.0,0.0,0.0,0.0,0.0,0.0,0.0,0.0,0.0,0.0,49905.0,49905.0,0.0,2.0,1.0,3.0,0.0,"0,0,0,0,0,0,0,0,0,0","0:4-0,8-0;1:0-1;2:4-0;3:4-0;4:8-1;5:4-0;6:4-0,8-0;7:0-1;8:8-0;9:0-12"
120,proposed_c2f_adaptive_pd,10,10,1.0,15,300,0.05,13,12,1,7680.0,12.8,866.8677393629089,168.91844477999808,1.0,4,1,0.0,0.0,0.0,0.0,0.0,0.0,0.0,0.0,0.0,0.0,97386.0,97386.0,0.0,3.0,1.0,2.0,0.0,"4,4,4,4,4,4,4,4,4,4","0:4-0;1:2-9;2:2-3;3:2-3;4:2-9,2-14,2-1;5:2-4;6:2-1;7:4-3;8:2-9,2-14;9:4-0"
121,proposed_c2f_adaptive_pd,9,10,0.9,11,300,0.03666666666666667,24,19,5,12160.0,20.26666666666667,1253.4687051430708,53.98113864041339,1.0,6,1,0.0,0.0,0.0,0.0,0.0,0.0,0.0,0.0,0.0,0.0,92627.0,92627.0,0.0,2.0,1.0,3.0,0.0,"6,6,6,6,6,6,6,6,6,6","0:0-6;1:0-6;2:6-7,9-7,0-7,6-4,6-13,6-2;3:0-6;4:0-12;5:0-4;6:9-3,9-0,0-9,9-14,9-6;7:0-4;8:9-6;9:6-8,6-2,9-2,6-10,9-8,6-11"
122,proposed_c2f_adaptive_pd,8,10,0.8,11,300,0.03666666666666667,11,6,5,3840.0,6.4,348.3683763592119,82.37683659783374,1.0,4,1,0.0,0.0,0.0,0.0,0.0,0.0,0.0,0.0,0.0,0.0,51246.0,51246.0,0.0,2.0,1.0,3.0,0.0,"4,4,4,4,4,4,4,4,4,4","0:7-13;1:7-0;2:7-0;3:13-4;4:10-12;5:10-4;6:7-4;7:7-4;8:7-3,13-1;9:7-4"
123,proposed_c2f_adaptive_pd,10,10,1.0,16,300,0.05333333333333334,28,21,7,13440.0,22.4,8277.616106568279,430.35172316323826,1.0,7,1,0.0,0.0,0.0,0.0,0.0,0.0,0.0,0.0,0.0,0.0,105312.0,105312.0,0.0,2.0,1.0,3.0,0.0,"9,9,9,9,9,9,9,9,9,9","0:9-10;1:13-9;2:1-9;3:13-12,9-2,9-12,9-10,1-12,13-9;4:1-2;5:9-12,13-12,13-9,1-9;6:1-0;7:1-5,1-11,13-5,13-11,9-5,9-11;8:13-9;9:9-12,9-2,9-7,9-10,13-9,9-4"
124,proposed_c2f_adaptive_pd,9,10,0.9,19,300,0.06333333333333334,18,11,7,7040.0,11.733333333333334,549.6722434963924,195.8409363265044,1.0,1,1,0.0,0.0,0.0,0.0,0.0,0.0,0.0,0.0,0.0,0.0,70019.0,70019.0,0.0,2.0,1.0,3.0,0.0,"6,6,6,6,6,6,6,6,6,6","0:3-12,3-6,7-6;1:3-5,6-5,3-12,3-0,6-0,3-10;2:3-6;3:7-6;4:7-1;5:3-13;6:3-6;7:3-4;8:7-6,7-11;9:7-6"
125,proposed_c2f_adaptive_pd,9,10,0.9,18,300,0.06,16,12,4,7680.0,12.8,1786.1727744346747,398.1134435431297,0.9375,2,1,0.0,0.0,0.0,0.0,0.0,0.0,0.0,0.0,0.0,0.0,61455.0,61455.0,0.0,2.0,1.0,3.0,0.0,"5,5,5,5,5,5,5,5,5,5","0:0-1;1:6-5;2:7-11,7-14,0-11,7-3,0-14,6-11;3:7-10;4:0-7;5:6-5;6:7-14;7:0-3,0-5;8:7-5;9:0-10"
126,proposed_c2f_adaptive_pd,8,10,0.8,16,300,0.05333333333333334,20,14,6,8960.0,14.933333333333334,81.86061770948488,21.939811841500852,1.0,3,1,0.0,0.0,0.0,0.0,0.0,0.0,0.0,0.0,0.0,0.0,76038.0,76038.0,0.0,2.0,1.0,3.0,0.0,"5,5,5,5,5,5,5,5,5,5","0:10-5;1:10-12;2:10-0;3:12-14,5-13,10-14,5-14,12-13,5-2;4:10-5;5:10-5;6:12-5;7:12-5;8:12-14,10-14,5-13,12-1,5-14,12-5;9:5-2"
127,proposed_c2f_adaptive_pd,9,10,0.9,10,270,0.037037037037037035,20,13,7,8320.0,13.866666666666667,7290.096990094328,182.9757784144512,0.7,2,1,0.0,0.0,0.0,0.0,0.0,0.0,0.0,0.0,0.0,0.0,72369.0,72369.0,0.0,2.0,1.0,3.0,0.0,"3,3,3,3,3,3,3,3,3,3","0:0-1;1:0-3;2:3-12,3-6,3-4,3-14,3-13,3-1;3:0-3;4:3-12,3-6,7-3;5:7-3;6:0-5;7:0-3,0-1;8:7-3,0-3;9:3-9,3-14"
128,proposed_c2f_adaptive_pd,7,10,0.7,11,300,0.03666666666666667,10,5,5,3200.0,5.333333333333334,244.12945181749683,125.74036598905982,1.0,3,0,0.0,0.0,0.0,0.0,0.0,0.0,0.0,0.0,0.0,0.0,42855.0,42855.0,0.0,2.0,1.0,3.0,0.0,"2,2,2,2,2,2,2,2,2,2",0:13-8;1:1-3;2:1-2;3:1-0;4:1-0;5:1-2;6:2-0;7:13-2;8:13-2;9:1-2
129,proposed_c2f_adaptive_pd,9,10,0.9,14,300,0.04666666666666667,28,22,6,14080.0,23.46666666666667,31877.887049804307,213.354830640006,0.8214285714285714,6,1,0.0,0.0,0.0,0.0,0.0,0.0,0.0,0.0,0.0,0.0,107956.0,107956.0,0.0,2.0,1.0,3.0,0.0,"0,0,0,0,0,0,0,0,0,0","0:3-6,3-8,10-6,10-8,3-2,0-6;1:3-0;2:10-9,10-2,10-0,3-0;3:3-0;4:0-6;5:10-13,0-13,3-13,10-1,0-1,10-14;6:3-6,0-6,10-6,3-8,10-8,3-2;7:10-0;8:3-0;9:0-6"
130,proposed_c2f_adaptive_pd,8,10,0.8,20,300,0.06666666666666667,11,10,1,6400.0,10.666666666666668,179.51353658148514,16.60740340647018,1.0,8,1,0.0,0.0,0.0,0.0,0.0,0.0,0.0,0.0,0.0,0.0,50310.0,50310.0,0.0,2.0,1.0,3.0,0.0,"5,5,5,5,5,5,5,5,5,5","0:8-12;1:9-0;2:8-5;3:14-13,9-7;4:8-13;5:9-0;6:8-6;7:9-6;8:9-6;9:14-7"
131,proposed_c2f_adaptive_pd,10,10,1.0,16,300,0.05333333333333334,21,15,6,9600.0,16.0,1080.8076507842452,656.5088146359643,0.9047619047619048,7,1,0.0,0.0,0.0,0.0,0.0,0.0,0.0,0.0,0.0,0.0,76532.0,76532.0,0.0,2.0,1.0,3.0,0.0,"8,8,8,8,8,8,8,8,8,8","0:9-8;1:9-1;2:0-8;3:9-8;4:9-8,8-9;5:0-8;6:0-2;7:0-3,0-2,0-10,0-5,0-12,0-4;8:9-5,0-5,8-5,9-14,9-7,9-3;9:0-8"
132,proposed_c2f_adaptive_pd,10,10,1.0,6,300,0.02,15,10,5,6400.0,10.666666666666668,5322.483898497609,495.23979426744194,1.0,9,1,0.0,0.0,0.0,0.0,0.0,0.0,0.0,0.0,0.0,0.0,92496.0,92496.0,0.0,3.0,1.0,2.0,0.0,"0,0,0,0,0,0,0,0,0,0","0:0-10;1:13-0;2:13-7;3:13-0;4:13-0;5:13-0;6:0-5;7:0-2;8:13-0;9:0-6,13-6,0-12,0-7,13-12,13-7"
133,proposed_c2f_adaptive_pd,9,10,0.9,14,300,0.04666666666666667,24,18,6,11520.0,19.200000000000003,25540.265254456954,332.61663610413325,1.0,0,1,0.0,0.0,0.0,0.0,0.0,0.0,0.0,0.0,0.0,0.0,93737.0,93737.0,0.0,2.0,1.0,3.0,0.0,"12,12,12,12,12,12,12,12,12,12","0:7-8,4-8,7-9,4-9,0-8,4-7;1:0-1;2:7-12;3:0-4;4:7-12;5:0-4;6:0-2;7:4-7,7-4,4-12,7-12,0-12;8:0-14,0-10,0-3,0-2,0-13,0-12;9:4-8"
134,proposed_c2f_adaptive_pd,10,10,1.0,11,300,0.03666666666666667,23,17,6,10880.0,18.133333333333333,462.1065508141049,105.88834377784346,0.9565217391304348,9,1,0.0,0.0,0.0,0.0,0.0,0.0,0.0,0.0,0.0,0.0,97641.0,97641.0,0.0,2.0,1.0,3.0,0.0,"0,0,0,0,0,0,0,0,0,0","0:1-0;1:5-0;2:1-0;3:0-8,1-8,1-12,0-12,5-8,0-7;4:1-11,5-11,1-0,5-0;5:1-2;6:0-10;7:5-14;8:1-0;9:0-12,1-12,0-8,0-7,0-13,5-12"
135,proposed_c2f_adaptive_pd,9,10,0.9,11,270,0.040740740740740744,20,12,8,7680.0,12.8,1116.3163251663686,132.4897482838498,0.95,1,1,0.0,0.0,0.0,0.0,0.0,0.0,0.0,0.0,0.0,0.0,87827.0,87827.0,0.0,2.0,1.0,3.0,0.0,"9,9,9,9,9,9,9,9,9,9","0:0-1;1:4-5,4-9,4-8,1-9,1-5,0-9;2:4-8;3:0-1;4:4-3,4-14,4-9,1-9,0-9;5:0-3;6:4-14;7:0-10;8:0-1;9:4-9,1-9"
136,proposed_c2f_adaptive_pd,9,10,0.9,13,270,0.04814814814814815,21,12,9,7680.0,12.8,656.2548692199967,320.98546337901996,0.9523809523809523,3,1,0.0,0.0,0.0,0.0,0.0,0.0,0.0,0.0,0.0,0.0,86713.0,86713.0,0.0,2.0,1.0,3.0,0.0,"1,1,1,1,1,1,1,1,1,1","0:11-1,5-1;1:11-1;2:11-1,5-1;3:1-2,11-2,1-3,11-3,5-2,1-8;4:11-1;5:1-2;6:11-1;7:5-10;8:1-4;9:5-10,11-10,5-6,5-1,11-1"
137,proposed_c2f_adaptive_pd,8,10,0.8,9,300,0.03,10,4,6,2560.0,4.266666666666667,247.20852240810677,28.14305663122024,1.0,8,1,0.0,0.0,0.0,0.0,0.0,0.0,0.0,0.0,0.0,0.0,71313.0,71313.0,0.0,3.0,1.0,2.0,0.0,"0,0,0,0,0,0,0,0,0,0",0:2-0;1:0-6;2:2-0;3:2-0;4:0-6;5:2-0;6:0-10;7:0-7;8:2-0;9:2-0
138,proposed_c2f_adaptive_pd,10,10,1.0,15,300,0.05,12,4,8,2560.0,4.266666666666667,1520.0707805074476,307.58804277641576,1.0,4,1,0.0,0.0,0.0,0.0,0.0,0.0,0.0,0.0,0.0,0.0,56307.0,56307.0,0.0,2.0,1.0,3.0,0.0,"13,13,13,13,13,13,13,13,13,13","0:1-13;1:1-13;2:1-13,1-10;3:11-13;4:5-11;5:5-11;6:1-13;7:5-13,11-13;8:11-13;9:1-0"
139,proposed_c2f_adaptive_pd,10,10,1.0,17,300,0.056666666666666664,17,10,7,6400.0,10.666666666666668,1943.6180622689158,33.278998514637514,1.0,8,1,0.0,0.0,0.0,0.0,0.0,0.0,0.0,0.0,0.0,0.0,71591.0,71591.0,0.0,2.0,1.0,3.0,0.0,"0,0,0,0,0,0,0,0,0,0","0:9-0;1:14-3;2:14-0,9-0;3:14-8;4:14-0;5:9-0,14-0;6:9-0;7:14-3;8:0-7,0-10,9-7,0-1,0-3,0-13;9:0-1"
140,proposed_c2f_adaptive_pd,10,10,1.0,8,300,0.02666666666666667,23,18,5,11520.0,19.200000000000003,4955.125994194146,578.6889448948309,1.0,6,1,0.0,0.0,0.0,0.0,0.0,0.0,0.0,0.0,0.0,0.0,87863.0,87863.0,0.0,2.0,1.0,3.0,0.0,"5,5,5,5,5,5,5,5,5,5","0:0-5;1:0-5;2:4-5;3:4-5;4:0-5;5:0-9;6:0-14,0-9,0-13,5-14,5-9,0-7;7:0-9,0-13,5-9,5-13,0-14,0-2;8:0-6;9:5-10,5-8,0-10,0-8"
141,proposed_c2f_adaptive_pd,8,10,0.8,24,270,0.08888888888888889,19,13,6,8320.0,13.866666666666667,12951.64440139009,137.66728128540953,0.8947368421052632,8,1,0.0,0.0,0.0,0.0,0.0,0.0,0.0,0.0,0.0,0.0,81297.0,81297.0,0.0,2.0,1.0,3.0,0.0,"0,0,0,0,0,0,0,0,0,0","0:2-12;1:3-0;2:0-5,0-14,2-5,0-9,0-4,0-11;3:2-0;4:3-6,3-0,2-0;5:3-6;6:3-0;7:0-4;8:3-12,3-7,3-6;9:2-0"
142,proposed_c2f_adaptive_pd,9,10,0.9,17,300,0.056666666666666664,11,7,4,4480.0,7.466666666666667,5602.023828841287,77.8275924336727,1.0,0,1,0.0,0.0,0.0,0.0,0.0,0.0,0.0,0.0,0.0,0.0,60433.0,60433.0,0.0,2.0,1.0,3.0,0.0,"8,8,8,8,8,8,8,8,8,8","0:5-6,5-8;1:5-2;2:3-8;3:3-14;4:8-14;5:3-8;6:5-8;7:3-9;8:8-7;9:5-2"
143,proposed_c2f_adaptive_pd,8,10,0.8,10,300,0.03333333333333333,12,8,4,5120.0,8.533333333333333,5094.453238025401,64.3293562719909,1.0,6,1,0.0,0.0,0.0,0.0,0.0,0.0,0.0,0.0,0.0,0.0,62900.0,62900.0,0.0,2.0,1.0,3.0,0.0,"7,7,7,7,7,7,7,7,7,7","0:2-7;1:10-9;2:10-7;3:10-7;4:10-3;5:10-7,10-0;6:2-1,2-12;7:10-0;8:7-3;9:2-1"
144,proposed_c2f_adaptive_pd,9,10,0.9,20,300,0.06666666666666667,22,13,9,8320.0,13.866666666666667,934.8184075132831,96.18078485714722,0.8636363636363636,0,1,0.0,0.0,0.0,0.0,0.0,0.0,0.0,0.0,0.0,0.0,83169.0,83169.0,0.0,2.0,1.0,3.0,0.0,"3,3,3,3,3,3,3,3,3,3","0:2-5,2-7,7-2,2-4,2-3,2-12;1:2-3;2:2-3,7-3;3:7-3,2-3;4:3-9;5:3-13,7-13,3-8,2-14,7-8,2-13;6:7-3;7:2-13;8:7-3;9:7-3"
145,proposed_c2f_adaptive_pd,9,10,0.9,21,300,0.07,25,21,4,13440.0,22.4,2644.347677499242,67.38531824721925,1.0,3,1,0.0,0.0,0.0,0.0,0.0,0.0,0.0,0.0,0.0,0.0,70968.0,70968.0,0.0,2.0,1.0,3.0,0.0,"0,0,0,0,0,0,0,0,0,0","0:0-1;1:2-13,2-6,10-6,10-13,2-5,10-3;2:10-14;3:10-3,2-3,2-6,10-6,10-13,2-13;4:10-0;5:0-6;6:0-6,10-6,2-6,2-1,0-1,10-1;7:10-0;8:10-0;9:2-0"
146,proposed_c2f_adaptive_pd,9,10,0.9,21,300,0.07,17,12,5,7680.0,12.8,171.57652048882028,33.027585825071796,1.0,7,1,0.0,0.0,0.0,0.0,0.0,0.0,0.0,0.0,0.0,0.0,71166.0,71166.0,0.0,2.0,1.0,3.0,0.0,"3,3,3,3,3,3,3,3,3,3","0:0-14;1:0-3,14-3;2:3-13;3:14-3;4:0-3,0-8;5:0-5;6:3-1;7:3-13,3-9,3-2,3-8,3-1,0-9;8:0-3;9:0-7"
147,proposed_c2f_adaptive_pd,9,10,0.9,15,300,0.05,20,13,7,8320.0,13.866666666666667,3820.6154093269433,59.41361782196897,0.95,0,1,0.0,0.0,0.0,0.0,0.0,0.0,0.0,0.0,0.0,0.0,71651.0,71651.0,0.0,2.0,1.0,3.0,0.0,"1,1,1,1,1,1,1,1,1,1","0:1-13,1-5,1-3,12-13,12-5,12-3;1:12-1;2:12-14,11-14,12-6,12-11,12-1,11-1;3:1-13;4:11-1;5:1-3;6:11-1;7:11-1;8:12-4;9:11-1"
148,proposed_c2f_adaptive_pd,8,10,0.8,15,300,0.05,18,12,6,7680.0,12.8,1847.9878139424495,61.023543326138366,1.0,6,1,0.0,0.0,0.0,0.0,0.0,0.0,0.0,0.0,0.0,0.0,66679.0,66679.0,0.0,2.0,1.0,3.0,0.0,"11,11,11,11,11,11,11,11,11,11","0:0-3;1:7-11;2:11-1,11-6,0-11,7-11;3:0-11;4:7-1;5:0-2;6:0-8,11-8,0-5,7-4,0-10,0-1;7:0-1;8:7-11;9:0-11"
149,proposed_c2f_adaptive_pd,8,10,0.8,8,270,0.02962962962962963,15,10,5,6400.0,10.666666666666668,554.1753328377154,47.53657483510462,0.6666666666666666,6,1,0.0,0.0,0.0,0.0,0.0,0.0,0.0,0.0,0.0,0.0,100501.0,100501.0,0.0,3.0,1.0,2.0,0.0,"13,13,13,13,13,13,13,13,13,13","0:1-13;1:1-3;2:3-13;3:3-13;4:3-13;5:1-3;6:1-9,1-10,3-9,3-10,1-6,1-11;7:1-0;8:1-13;9:1-5"
150,proposed_c2f_adaptive_pd,9,10,0.9,12,300,0.04,15,11,4,7040.0,11.733333333333334,1048.4171648853987,152.80789089864692,1.0,0,1,0.0,0.0,0.0,0.0,0.0,0.0,0.0,0.0,0.0,0.0,60357.0,60357.0,0.0,2.0,1.0,3.0,0.0,"0,0,0,0,0,0,0,0,0,0","0:0-1,0-2,0-5,0-8,0-13,10-2;1:12-0;2:12-0;3:10-0;4:12-6;5:0-6;6:0-3;7:10-3;8:0-1;9:12-0"
151,proposed_c2f_adaptive_pd,9,10,0.9,10,300,0.03333333333333333,26,23,3,14720.0,24.533333333333335,1278.2875912569646,362.3347376371818,1.0,6,1,0.0,0.0,0.0,0.0,0.0,0.0,0.0,0.0,0.0,0.0,66708.0,66708.0,0.0,2.0,1.0,3.0,0.0,"0,0,0,0,0,0,0,0,0,0","0:2-1;1:3-7,2-7,3-11,3-10,2-10,3-4;2:3-7,3-11;3:3-0;4:3-7,2-11,3-11,2-7,2-10,3-10;5:2-0;6:0-6,0-1,0-14,0-9,3-6,2-6;7:3-0;8:0-10;9:2-1"
152,proposed_c2f_adaptive_pd,9,10,0.9,6,300,0.02,11,7,4,4480.0,7.466666666666667,7599.034311339745,111.63720468084213,1.0,1,0,0.0,0.0,0.0,0.0,0.0,0.0,0.0,0.0,0.0,0.0,46902.0,46902.0,0.0,2.0,1.0,3.0,0.0,"1,1,1,1,1,1,1,1,1,1","0:0-11;1:1-2,1-4;2:12-1;3:0-1;4:0-3;5:0-2;6:0-7;7:0-1;8:12-1;9:0-3"
153,proposed_c2f_adaptive_pd,8,10,0.8,14,270,0.05185185185185185,22,12,10,7680.0,12.8,10604.379565362771,481.6766043838196,0.8636363636363636,0,1,0.0,0.0,0.0,0.0,0.0,0.0,0.0,0.0,0.0,0.0,80078.0,80078.0,0.0,2.0,1.0,3.0,0.0,"3,3,3,3,3,3,3,3,3,3","0:2-10,2-5,2-9,2-11,2-13,2-1;1:2-3;2:2-3;3:0-3;4:3-6,0-6,0-3,3-14,2-3;5:0-3;6:0-3,2-3;7:2-5;8:2-10,2-3,0-3;9:2-1"
154,proposed_c2f_adaptive_pd,10,10,1.0,15,300,0.05,27,22,5,14080.0,23.46666666666667,7217.588318734136,1280.674647460885,1.0,3,1,0.0,0.0,0.0,0.0,0.0,0.0,0.0,0.0,0.0,0.0,99841.0,99841.0,0.0,2.0,1.0,3.0,0.0,"6,6,6,6,6,6,6,6,6,6","0:0-4,0-13,0-9,6-13,0-6;1:0-1;2:10-6;3:0-4,0-9,0-3,6-13,0-13,0-14;4:10-6;5:0-2;6:0-6;7:0-6;8:6-12,6-1,6-8,6-2;9:6-1,6-12,6-2,6-8,6-11,6-7"
155,proposed_c2f_adaptive_pd,6,10,0.6,13,270,0.04814814814814815,12,9,3,5760.0,9.600000000000001,717.8093787855871,41.748930337695825,0.9166666666666666,7,0,0.0,0.0,0.0,0.0,0.0,0.0,0.0,0.0,0.0,0.0,68594.0,68594.0,0.0,2.0,1.0,3.0,0.0,"3,3,3,3,3,3,3,3,3,3","0:0-1;1:8-3;2:3-6;3:0-13;4:0-13;5:0-4;6:0-3,8-3;7:3-12,3-4;8:0-2;9:0-13"
156,proposed_c2f_adaptive_pd,8,10,0.8,15,240,0.0625,13,5,8,3200.0,5.333333333333334,403.35285437699014,43.93984506756473,0.8461538461538461,5,1,0.0,0.0,0.0,0.0,0.0,0.0,0.0,0.0,0.0,0.0,54234.0,54234.0,0.0,2.0,1.0,3.0,0.0,"4,4,4,4,4,4,4,4,4,4","0:1-4;1:2-4;2:1-4;3:2-4;4:2-4;5:2-12,2-5,4-12,2-4;6:2-4;7:1-5;8:2-5;9:2-4"
157,proposed_c2f_adaptive_pd,9,10,0.9,20,300,0.06666666666666667,17,12,5,7680.0,12.8,322.44685456261675,105.4972596956026,0.9411764705882353,3,1,0.0,0.0,0.0,0.0,0.0,0.0,0.0,0.0,0.0,0.0,61875.0,61875.0,0.0,2.0,1.0,3.0,0.0,"0,0,0,0,0,0,0,0,0,0","0:1-6;1:1-4;2:6-0;3:1-12,1-13,1-11,1-10,1-7,1-5;4:0-12;5:0-11,1-0,6-0;6:1-10;7:1-0;8:0-2;9:1-0"
158,proposed_c2f_adaptive_pd,8,10,0.8,15,300,0.05,11,5,6,3200.0,5.333333333333334,942.0739079375168,21.08275690521956,1.0,7,1,0.0,0.0,0.0,0.0,0.0,0.0,0.0,0.0,0.0,0.0,56544.0,56544.0,0.0,2.0,1.0,3.0,0.0,"0,0,0,0,0,0,0,0,0,0","0:1-12;1:1-0;2:4-0;3:4-0;4:0-2;5:4-0;6:4-7;7:1-7;8:0-2;9:1-0,4-0"
159,proposed_c2f_adaptive_pd,8,10,0.8,5,270,0.018518518518518517,20,9,11,5760.0,9.600000000000001,367.6200541975533,72.98400805777808,0.95,6,1,0.0,0.0,0.0,0.0,0.0,0.0,0.0,0.0,0.0,0.0,78949.0,78949.0,0.0,2.0,1.0,3.0,0.0,"3,3,3,3,3,3,3,3,3,3","0:4-3;1:1-3;2:8-3,1-3,4-3,8-0,4-0,1-0;3:8-3;4:1-3;5:1-8;6:1-3,8-3,1-14,8-14,1-11,1-12;7:8-3;8:1-11;9:4-3"
160,proposed_c2f_adaptive_pd,10,10,1.0,12,300,0.04,22,11,11,7040.0,11.733333333333334,325.427077993668,34.34392758649461,1.0,7,1,0.0,0.0,0.0,0.0,0.0,0.0,0.0,0.0,0.0,0.0,102903.0,102903.0,0.0,2.0,1.0,3.0,0.0,"5,5,5,5,5,5,5,5,5,5","0:3-5,1-5;1:3-5;2:3-14;3:3-5,1-5;4:1-7;5:1-0;6:1-5,9-5,3-5,1-0,3-11,9-11;7:3-0,1-0,9-0,3-5,1-5,9-5;8:1-11;9:1-3"
161,proposed_c2f_adaptive_pd,10,10,1.0,22,300,0.07333333333333333,18,12,6,7680.0,12.8,3662.3953652914815,242.8360261458612,1.0,4,1,0.0,0.0,0.0,0.0,0.0,0.0,0.0,0.0,0.0,0.0,70558.0,70558.0,0.0,2.0,1.0,3.0,0.0,"3,3,3,3,3,3,3,3,3,3","0:1-5;1:2-4;2:2-9,2-4,2-14,2-3;3:1-5;4:3-13,3-0,3-10,3-8,2-13,1-13;5:1-3;6:2-3;7:2-3;8:2-3;9:1-3"
162,proposed_c2f_adaptive_pd,9,10,0.9,22,300,0.07333333333333333,13,7,6,4480.0,7.466666666666667,1204.3847953151762,171.70221345483554,0.9230769230769231,6,1,0.0,0.0,0.0,0.0,0.0,0.0,0.0,0.0,0.0,0.0,62453.0,62453.0,0.0,2.0,1.0,3.0,0.0,"4,4,4,4,4,4,4,4,4,4","0:4-11,4-7;1:5-4;2:5-8;3:1-4;4:5-4;5:1-4,4-2;6:5-8,1-8;7:1-4;8:4-11;9:5-4"
163,proposed_c2f_adaptive_pd,6,10,0.6,13,300,0.043333333333333335,16,11,5,7040.0,11.733333333333334,1979.6307697878663,15.87791091537824,1.0,1,1,0.0,0.0,0.0,0.0,0.0,0.0,0.0,0.0,0.0,0.0,62294.0,62294.0,0.0,2.0,1.0,3.0,0.0,"1,1,1,1,1,1,1,1,1,1","0:4-1;1:8-0,8-11,8-10,8-7,4-0,8-12;2:4-1;3:1-10;4:8-10,4-10;5:1-2;6:4-1;7:1-11;8:8-1;9:4-1"
164,proposed_c2f_adaptive_pd,10,10,1.0,17,300,0.056666666666666664,10,5,5,3200.0,5.333333333333334,194.66378495388014,63.19421008340923,1.0,3,1,0.0,0.0,0.0,0.0,0.0,0.0,0.0,0.0,0.0,0.0,42656.0,42656.0,0.0,2.0,1.0,3.0,0.0,"2,2,2,2,2,2,2,2,2,2",0:6-2;1:6-1;2:11-2;3:6-9;4:6-2;5:6-2;6:6-3;7:6-10;8:6-2;9:2-0
165,proposed_c2f_adaptive_pd,10,10,1.0,11,300,0.03666666666666667,18,12,6,7680.0,12.8,2277.049166085328,562.2423380162563,0.8888888888888888,9,1,0.0,0.0,0.0,0.0,0.0,0.0,0.0,0.0,0.0,0.0,69242.0,69242.0,0.0,2.0,1.0,3.0,0.0,"1,1,1,1,1,1,1,1,1,1","0:4-1;1:2-1;2:2-1;3:4-1;4:2-6;5:4-1;6:2-10,2-1;7:4-10,4-6,2-10,4-0,4-5,1-10;8:2-12;9:4-0,4-10,2-0"
166,proposed_c2f_adaptive_pd,9,10,0.9,24,300,0.08,10,6,4,3840.0,6.4,111.58467480968883,38.29043594521535,1.0,1,1,0.0,0.0,0.0,0.0,0.0,0.0,0.0,0.0,0.0,0.0,68807.0,68807.0,0.0,3.0,1.0,2.0,0.0,"7,7,7,7,7,7,7,7,7,7",0:7-0;1:11-0;2:11-7;3:7-0;4:7-3;5:7-0;6:11-7;7:7-0;8:11-7;9:11-7
167,proposed_c2f_adaptive_pd,6,10,0.6,16,300,0.05333333333333334,12,9,3,5760.0,9.600000000000001,138.57134291235826,37.63841051126745,1.0,8,1,0.0,0.0,0.0,0.0,0.0,0.0,0.0,0.0,0.0,0.0,92959.0,92959.0,0.0,3.0,1.0,2.0,0.0,"3,3,3,3,3,3,3,3,3,3","0:3-6;1:9-6;2:3-0;3:3-13;4:3-2;5:9-3;6:9-3;7:3-2;8:9-12,3-6,9-3;9:3-11"
168,proposed_c2f_adaptive_pd,7,10,0.7,16,270,0.05925925925925926,17,11,6,7040.0,11.733333333333334,28477.130017236526,53.93020444822491,0.9411764705882353,8,1,0.0,0.0,0.0,0.0,0.0,0.0,0.0,0.0,0.0,0.0,65912.0,65912.0,0.0,2.0,1.0,3.0,0.0,"2,2,2,2,2,2,2,2,2,2","0:8-2;1:3-2;2:3-2;3:2-6;4:2-0;5:3-4;6:3-2;7:2-0;8:3-10,8-10,3-11,8-11,8-3,3-8;9:2-6,3-2,8-2"
169,proposed_c2f_adaptive_pd,8,10,0.8,19,300,0.06333333333333334,12,9,3,5760.0,9.600000000000001,5499.614421262669,105.84323574655514,1.0,6,1,0.0,0.0,0.0,0.0,0.0,0.0,0.0,0.0,0.0,0.0,60897.0,60897.0,0.0,2.0,1.0,3.0,0.0,"5,5,5,5,5,5,5,5,5,5","0:3-0;1:1-11;2:1-5;3:1-0;4:5-7;5:1-4;6:1-13,3-13;7:3-10;8:1-5;9:5-11,1-5"
170,proposed_c2f_adaptive_pd,9,10,0.9,17,300,0.056666666666666664,12,9,3,5760.0,9.600000000000001,5285.74302860179,266.9733038824082,1.0,6,1,0.0,0.0,0.0,0.0,0.0,0.0,0.0,0.0,0.0,0.0,54726.0,54726.0,0.0,2.0,1.0,3.0,0.0,"5,5,5,5,5,5,5,5,5,5","0:2-10;1:2-4;2:7-5;3:2-0;4:2-4;5:5-13;6:5-1,2-1,7-1;7:2-6;8:7-5;9:7-5"
171,proposed_c2f_adaptive_pd,8,10,0.8,11,300,0.03666666666666667,17,11,6,7040.0,11.733333333333334,2087.253722746932,175.8509465079653,1.0,9,1,0.0,0.0,0.0,0.0,0.0,0.0,0.0,0.0,0.0,0.0,68104.0,68104.0,0.0,2.0,1.0,3.0,0.0,"1,1,1,1,1,1,1,1,1,1","0:0-1;1:0-6,0-1,9-1;2:0-1;3:1-7;4:9-1;5:9-13;6:9-4;7:9-1;8:9-3;9:9-3,9-13,9-5,9-2,1-3,0-9"
172,proposed_c2f_adaptive_pd,9,10,0.9,16,300,0.05333333333333334,10,6,4,3840.0,6.4,476.10982547677156,188.45681674651834,1.0,7,1,0.0,0.0,0.0,0.0,0.0,0.0,0.0,0.0,0.0,0.0,73704.0,73704.0,0.0,3.0,1.0,2.0,0.0,"8,8,8,8,8,8,8,8,8,8",0:0-8;1:0-1;2:8-1;3:0-8;4:0-10;5:0-8;6:0-3;7:0-7;8:0-8;9:0-3
173,proposed_c2f_adaptive_pd,10,10,1.0,21,300,0.07,20,13,7,8320.0,13.866666666666667,24177.349398794624,74.44262632916501,1.0,7,1,0.0,0.0,0.0,0.0,0.0,0.0,0.0,0.0,0.0,0.0,84858.0,84858.0,0.0,2.0,1.0,3.0,0.0,"0,0,0,0,0,0,0,0,0,0","0:1-0;1:0-3;2:1-0;3:1-0;4:4-14;5:1-9,1-5,0-5,4-5,1-0,4-0;6:4-0;7:0-6,0-3,0-7,1-6,1-3,1-7;8:1-0;9:0-6"
174,proposed_c2f_adaptive_pd,8,10,0.8,13,300,0.043333333333333335,19,11,8,7040.0,11.733333333333334,2183.738740465526,42.464881832128135,1.0,7,1,0.0,0.0,0.0,0.0,0.0,0.0,0.0,0.0,0.0,0.0,99480.0,99480.0,0.0,2.0,1.0,3.0,0.0,"9,9,9,9,9,9,9,9,9,9","0:1-0;1:1-2;2:1-9;3:1-0;4:13-9,1-9;5:13-8,13-9;6:13-9;7:13-8,9-8,13-14,13-9,9-13,9-14;8:9-5;9:9-14,1-9,13-9"
175,proposed_c2f_adaptive_pd,8,10,0.8,20,300,0.06666666666666667,15,11,4,7040.0,11.733333333333334,392.5224789939266,29.406758534115763,1.0,1,1,0.0,0.0,0.0,0.0,0.0,0.0,0.0,0.0,0.0,0.0,69897.0,69897.0,0.0,2.0,1.0,3.0,0.0,"5,5,5,5,5,5,5,5,5,5","0:4-5;1:5-8,5-7,5-10,2-8,2-7,5-6;2:5-1;3:2-3;4:5-1;5:2-5;6:2-5;7:5-7;8:2-6;9:2-5"
176,proposed_c2f_adaptive_pd,9,10,0.9,14,270,0.05185185185185185,11,6,5,3840.0,6.4,2849.6760719469758,135.73438765329638,0.9090909090909091,0,1,0.0,0.0,0.0,0.0,0.0,0.0,0.0,0.0,0.0,0.0,72366.0,72366.0,0.0,3.0,1.0,2.0,0.0,"0,0,0,0,0,0,0,0,0,0","0:2-0,2-3;1:0-6;2:2-0;3:2-0;4:2-0;5:0-1;6:2-0;7:0-1;8:0-6;9:0-4"
177,proposed_c2f_adaptive_pd,9,10,0.9,16,270,0.05925925925925926,11,5,6,3200.0,5.333333333333334,1831.2953423350841,149.56804410259795,0.9090909090909091,5,1,0.0,0.0,0.0,0.0,0.0,0.0,0.0,0.0,0.0,0.0,48633.0,48633.0,0.0,2.0,1.0,3.0,0.0,"11,11,11,11,11,11,11,11,11,11","0:5-11;1:5-11;2:4-3;3:4-11;4:5-0;5:11-10,11-2;6:5-11;7:5-11;8:4-11;9:11-8"
178,proposed_c2f_adaptive_pd,8,10,0.8,17,300,0.056666666666666664,25,20,5,12800.0,21.333333333333336,3534.824489680958,507.4030520204731,0.84,5,1,0.0,0.0,0.0,0.0,0.0,0.0,0.0,0.0,0.0,0.0,93806.0,93806.0,0.0,2.0,1.0,3.0,0.0,"5,5,5,5,5,5,5,5,5,5","0:2-5;1:2-7,2-0,2-5,2-9,2-10,6-5;2:6-3;3:6-5;4:2-5;5:6-3,6-13,6-4,6-12,6-10,6-1;6:5-8;7:2-1;8:5-8,5-14,5-4,5-3,6-8,6-14;9:2-7"
179,proposed_c2f_adaptive_pd,8,10,0.8,15,270,0.05555555555555555,21,16,5,10240.0,17.066666666666666,2395.0251931468542,96.23236034712599,0.7619047619047619,5,1,0.0,0.0,0.0,0.0,0.0,0.0,0.0,0.0,0.0,0.0,70572.0,70572.0,0.0,2.0,1.0,3.0,0.0,"8,8,8,8,8,8,8,8,8,8","0:7-8;1:8-4;2:6-8;3:6-4,7-4;4:7-14;5:8-0,8-5,8-11,8-9,8-13,7-8;6:6-8;7:6-1;8:6-10,7-1,7-10,6-1,7-6,6-7;9:7-8"
180,proposed_c2f_adaptive_pd,10,10,1.0,11,300,0.03666666666666667,16,12,4,7680.0,12.8,1180.7044289859919,48.75680360212139,1.0,9,1,0.0,0.0,0.0,0.0,0.0,0.0,0.0,0.0,0.0,0.0,52211.0,52211.0,0.0,2.0,1.0,3.0,0.0,"4,4,4,4,4,4,4,4,4,4","0:1-2;1:1-4;2:9-4;3:1-13;4:4-3;5:1-14,1-0;6:9-13;7:1-4;8:9-4;9:4-12,4-14,1-12,1-14,4-11,9-12"
181,proposed_c2f_adaptive_pd,7,10,0.7,15,240,0.0625,13,9,4,5760.0,9.600000000000001,654.6146013823831,19.02564980293237,0.7692307692307693,4,0,0.0,0.0,0.0,0.0,0.0,0.0,0.0,0.0,0.0,0.0,56959.0,56959.0,0.0,2.0,1.0,3.0,0.0,"3,3,3,3,3,3,3,3,3,3","0:0-1;1:3-12,3-9;2:0-3;3:0-3;4:3-6,0-6,3-11;5:3-4;6:0-12;7:1-3;8:0-9;9:0-3"
182,proposed_c2f_adaptive_pd,9,10,0.9,14,300,0.04666666666666667,18,9,9,5760.0,9.600000000000001,136.06828983997158,58.754418410890274,1.0,9,1,0.0,0.0,0.0,0.0,0.0,0.0,0.0,0.0,0.0,0.0,62636.0,62636.0,0.0,2.0,1.0,3.0,0.0,"0,0,0,0,0,0,0,0,0,0","0:4-0;1:0-2;2:6-0,0-3;3:6-0,4-0;4:4-0,6-0;5:6-0;6:6-0;7:4-6;8:6-0;9:0-8,0-10,0-9,4-8,4-10,0-1"
183,proposed_c2f_adaptive_pd,10,10,1.0,10,300,0.03333333333333333,20,10,10,6400.0,10.666666666666668,298.8282804499169,28.996576883908048,0.8,1,1,0.0,0.0,0.0,0.0,0.0,0.0,0.0,0.0,0.0,0.0,77114.0,77114.0,0.0,2.0,1.0,3.0,0.0,"0,0,0,0,0,0,0,0,0,0","0:3-14;1:6-7,1-7,3-7,6-0,1-0,3-0;2:6-7;3:3-0;4:6-0;5:3-0,1-0,3-14,6-0,1-14,6-2;6:1-0;7:1-6;8:1-0;9:1-7"
184,proposed_c2f_adaptive_pd,9,10,0.9,12,300,0.04,23,16,7,10240.0,17.066666666666666,414242.82372226636,4083.893952513073,1.0,0,1,0.0,0.0,0.0,0.0,0.0,0.0,0.0,0.0,0.0,0.0,96736.0,96736.0,0.0,2.0,1.0,3.0,0.0,"11,11,11,11,11,11,11,11,11,11","0:0-12,0-10,0-2,0-11,11-0,0-3;1:11-3,0-11,8-11;2:0-11;3:8-11;4:0-11;5:0-12;6:0-11;7:8-13,8-2,0-8,8-0;8:11-3;9:11-14,11-7,11-1,11-3"
185,proposed_c2f_adaptive_pd,9,10,0.9,12,270,0.044444444444444446,21,11,10,7040.0,11.733333333333334,8467.742899463385,243.99845466693384,0.9523809523809523,3,1,0.0,0.0,0.0,0.0,0.0,0.0,0.0,0.0,0.0,0.0,93312.0,93312.0,0.0,2.0,1.0,3.0,0.0,"10,10,10,10,10,10,10,10,10,10","0:5-2;1:5-12,13-12,5-10,0-12,13-10,0-10;2:5-12,5-10;3:0-14,0-1,13-14,0-9,13-1,13-9;4:5-10;5:0-10;6:0-10;7:0-10;8:5-10;9:5-10"
186,proposed_c2f_adaptive_pd,10,10,1.0,17,300,0.056666666666666664,17,13,4,8320.0,13.866666666666667,2659.23139394169,862.4315602743965,1.0,8,1,0.0,0.0,0.0,0.0,0.0,0.0,0.0,0.0,0.0,0.0,67904.0,67904.0,0.0,2.0,1.0,3.0,0.0,"0,0,0,0,0,0,0,0,0,0","0:1-7,1-4;1:1-4;2:0-3;3:1-4;4:1-0,4-0;5:0-5;6:1-0;7:4-14;8:1-14,4-14,0-14,1-2,4-13,1-13;9:1-0"
187,proposed_c2f_adaptive_pd,10,10,1.0,12,300,0.04,21,15,6,9600.0,16.0,879.2520214816725,125.92881160222254,1.0,9,1,0.0,0.0,0.0,0.0,0.0,0.0,0.0,0.0,0.0,0.0,58322.0,58322.0,0.0,2.0,1.0,3.0,0.0,"8,8,8,8,8,8,8,8,8,8","0:2-8,0-2;1:0-10;2:0-8;3:0-8;4:0-11;5:2-8;6:8-12,8-9,8-14,8-1,0-8,8-0;7:0-8;8:0-11;9:2-6,2-3,2-11,2-7,0-2,2-0"
188,proposed_c2f_adaptive_pd,10,10,1.0,17,300,0.056666666666666664,23,14,9,8960.0,14.933333333333334,673.2199753345783,377.6523676118775,1.0,5,1,0.0,0.0,0.0,0.0,0.0,0.0,0.0,0.0,0.0,0.0,107307.0,107307.0,0.0,2.0,1.0,3.0,0.0,"9,9,9,9,9,9,9,9,9,9","0:5-0;1:3-9;2:12-9;3:3-9;4:5-12;5:3-13,3-4,3-1,3-8,3-14,3-7;6:5-6,5-11,5-9,12-6,12-11,12-9;7:3-4;8:5-9;9:3-13,3-9,12-9,5-9"
189,proposed_c2f_adaptive_pd,8,10,0.8,19,300,0.06333333333333334,15,11,4,7040.0,11.733333333333334,809.0389237897367,199.1304975851251,1.0,2,1,0.0,0.0,0.0,0.0,0.0,0.0,0.0,0.0,0.0,0.0,76275.0,76275.0,0.0,2.0,1.0,3.0,0.0,"2,2,2,2,2,2,2,2,2,2","0:2-12,4-12,4-14,4-8;1:1-12;2:2-13,4-13,4-2;3:4-2;4:1-2;5:4-7;6:4-3;7:2-14;8:1-2;9:2-6"
190,proposed_c2f_adaptive_pd,10,10,1.0,10,300,0.03333333333333333,11,5,6,3200.0,5.333333333333334,497.8351746280985,501.4904732062972,1.0,7,1,0.0,0.0,0.0,0.0,0.0,0.0,0.0,0.0,0.0,0.0,50376.0,50376.0,0.0,2.0,1.0,3.0,0.0,"0,0,0,0,0,0,0,0,0,0","0:10-0;1:11-0,10-11;2:10-0;3:0-4;4:11-0;5:0-7;6:10-0;7:10-2;8:0-6;9:10-0"
191,proposed_c2f_adaptive_pd,9,10,0.9,17,300,0.056666666666666664,24,18,6,11520.0,19.200000000000003,18648.907439850165,82.79447072009131,1.0,7,1,0.0,0.0,0.0,0.0,0.0,0.0,0.0,0.0,0.0,0.0,87530.0,87530.0,0.0,2.0,1.0,3.0,0.0,"1,1,1,1,1,1,1,1,1,1","0:1-11;1:0-12;2:0-1;3:1-12,1-6,1-8,14-6,1-13,0-6;4:14-6,1-12,1-13,14-1,0-1;5:0-1;6:14-1;7:1-6,1-7,1-3,1-13,1-11,1-12;8:0-7;9:14-1"
192,proposed_c2f_adaptive_pd,9,10,0.9,16,300,0.05333333333333334,11,7,4,4480.0,7.466666666666667,1717.771813325764,192.71502349121351,1.0,0,1,0.0,0.0,0.0,0.0,0.0,0.0,0.0,0.0,0.0,0.0,35550.0,35550.0,0.0,2.0,1.0,3.0,0.0,"14,14,14,14,14,14,14,14,14,14","0:1-9;1:1-0;2:3-14,11-14;3:1-4;4:11-14;5:1-2;6:3-11;7:1-14;8:3-4;9:1-2"
193,proposed_c2f_adaptive_pd,10,10,1.0,14,300,0.04666666666666667,27,17,10,10880.0,18.133333333333333,7516.32726077329,112.59360246380686,1.0,2,1,0.0,0.0,0.0,0.0,0.0,0.0,0.0,0.0,0.0,0.0,90177.0,90177.0,0.0,2.0,1.0,3.0,0.0,"3,3,3,3,3,3,3,3,3,3","0:2-6;1:0-3,2-3;2:0-10,0-1,2-0,0-2,2-10,0-5;3:0-3;4:0-2;5:0-3;6:0-3,2-3;7:2-6,0-6,2-11,2-8,2-0,0-2;8:3-8,2-3,0-3;9:0-10,0-1,0-3,2-3"
194,proposed_c2f_adaptive_pd,8,10,0.8,14,300,0.04666666666666667,20,14,6,8960.0,14.933333333333334,2840.314589512326,265.55160456348864,1.0,2,1,0.0,0.0,0.0,0.0,0.0,0.0,0.0,0.0,0.0,0.0,76955.0,76955.0,0.0,2.0,1.0,3.0,0.0,"14,14,14,14,14,14,14,14,14,14","0:7-12;1:14-0;2:12-9,7-9,12-8,14-9,7-8,12-13;3:7-8;4:7-10,12-10,14-10,7-5,7-14,12-14;5:7-14;6:7-10;7:7-14;8:7-14;9:7-14"
195,proposed_c2f_adaptive_pd,10,10,1.0,13,300,0.043333333333333335,15,10,5,6400.0,10.666666666666668,161622.97532298721,231.37266399024864,0.8,6,1,0.0,0.0,0.0,0.0,0.0,0.0,0.0,0.0,0.0,0.0,54318.0,54318.0,0.0,2.0,1.0,3.0,0.0,"1,1,1,1,1,1,1,1,1,1","0:0-1;1:0-1;2:0-2;3:9-1;4:0-5;5:0-1;6:1-10,1-5,9-10,0-10,0-5,9-5;7:0-1;8:0-7;9:1-2"
196,proposed_c2f_adaptive_pd,10,10,1.0,13,300,0.043333333333333335,23,20,3,12800.0,21.333333333333336,3283.177770691805,410.0771366815164,1.0,6,1,0.0,0.0,0.0,0.0,0.0,0.0,0.0,0.0,0.0,0.0,77721.0,77721.0,0.0,2.0,1.0,3.0,0.0,"12,12,12,12,12,12,12,12,12,12","0:6-9;1:6-11,6-3,6-9,0-11,1-11,6-4;2:0-6;3:6-8,6-4,0-12,6-12;4:6-7;5:0-1;6:6-11,6-3,0-11,6-9,1-11,0-3;7:1-12;8:6-9;9:0-4"
197,proposed_c2f_adaptive_pd,9,10,0.9,18,300,0.06,20,14,6,8960.0,14.933333333333334,667.9649685952429,145.23427697700453,0.9,4,1,0.0,0.0,0.0,0.0,0.0,0.0,0.0,0.0,0.0,0.0,72281.0,72281.0,0.0,2.0,1.0,3.0,0.0,"0,0,0,0,0,0,0,0,0,0","0:1-0;1:14-2;2:1-9,0-9,1-7,14-7,0-7,1-0;3:14-0;4:1-8,14-8,0-8,14-9,1-9,14-5;5:0-8;6:1-0;7:1-0;8:1-0;9:1-7"
198,proposed_c2f_adaptive_pd,10,10,1.0,15,300,0.05,23,18,5,11520.0,19.200000000000003,20288.181633314885,232.94702931632082,1.0,8,1,0.0,0.0,0.0,0.0,0.0,0.0,0.0,0.0,0.0,0.0,91105.0,91105.0,0.0,2.0,1.0,3.0,0.0,"13,13,13,13,13,13,13,13,13,13","0:1-12;1:3-7,3-9,3-0,1-7,1-9,3-13;2:13-2;3:1-13;4:1-13;5:3-9,3-7,3-13,1-13;6:1-3;7:3-7;8:13-6,3-6,13-4,13-5,1-6,13-11;9:1-11"
199,proposed_c2f_adaptive_pd,7,10,0.7,16,240,0.06666666666666667,26,20,6,12800.0,21.333333333333336,1446.2861889028559,69.26636209810435,0.9230769230769231,2,1,0.0,0.0,0.0,0.0,0.0,0.0,0.0,0.0,0.0,0.0,89939.0,89939.0,0.0,2.0,1.0,3.0,0.0,"2,2,2,2,2,2,2,2,2,2","0:0-2;1:0-2,0-4;2:10-11,0-11,3-11,0-8,3-8,10-7;3:3-10;4:10-5,10-12,3-5,3-12,10-2,3-2;5:3-10;6:0-2;7:10-8,10-11,10-5,3-8,3-5,3-11;8:0-5;9:3-2"
200,proposed_c2f_adaptive_pd,10,10,1.0,13,300,0.043333333333333335,18,9,9,5760.0,9.600000000000001,1141.741602834588,245.55120685157567,1.0,3,1,0.0,0.0,0.0,0.0,0.0,0.0,0.0,0.0,0.0,0.0,83129.0,83129.0,0.0,2.0,1.0,3.0,0.0,"5,5,5,5,5,5,5,5,5,5","0:2-5;1:3-14,3-6,3-5;2:2-5;3:2-7,5-7,3-7,5-11,2-11,2-5;4:2-5;5:3-5;6:3-5;7:2-5,2-7;8:3-5;9:5-0"
201,proposed_c2f_adaptive_pd,9,10,0.9,14,300,0.04666666666666667,18,13,5,8320.0,13.866666666666667,343.0096294998474,53.97743504256015,1.0,1,1,0.0,0.0,0.0,0.0,0.0,0.0,0.0,0.0,0.0,0.0,79987.0,79987.0,0.0,2.0,1.0,3.0,0.0,"1,1,1,1,1,1,1,1,1,1","0:10-14;1:0-3,0-7;2:0-1;3:10-14,10-8,10-4;4:0-1;5:10-1;6:10-1;7:10-1;8:10-8,0-8,10-13,1-8,10-4,10-14;9:0-3"
202,proposed_c2f_adaptive_pd,9,10,0.9,11,300,0.03666666666666667,21,17,4,10880.0,18.133333333333333,1287.4932729461868,206.1232457629846,0.9523809523809523,2,1,0.0,0.0,0.0,0.0,0.0,0.0,0.0,0.0,0.0,0.0,69417.0,69417.0,0.0,2.0,1.0,3.0,0.0,"1,1,1,1,1,1,1,1,1,1","0:0-1;1:7-11;2:1-10,1-4,1-2,1-6,1-9,0-1;3:0-8,0-12,1-12,7-12,1-8,7-8;4:0-12;5:0-3;6:1-13;7:7-14;8:7-1,0-1;9:0-7"
203,proposed_c2f_adaptive_pd,9,10,0.9,13,300,0.043333333333333335,19,15,4,9600.0,16.0,8230.746909449948,681.0064118319831,1.0,8,1,0.0,0.0,0.0,0.0,0.0,0.0,0.0,0.0,0.0,0.0,70954.0,70954.0,0.0,2.0,1.0,3.0,0.0,"3,3,3,3,3,3,3,3,3,3","0:8-3,1-3;1:1-3;2:8-4;3:3-4;4:3-12;5:1-0;6:8-6,1-6,8-4;7:8-6,1-6;8:8-9,8-13,8-10,1-9,3-9,1-8;9:1-3"
204,proposed_c2f_adaptive_pd,7,10,0.7,13,270,0.04814814814814815,21,16,5,10240.0,17.066666666666666,8899.309834979806,162.46851126578474,0.8095238095238095,4,1,0.0,0.0,0.0,0.0,0.0,0.0,0.0,0.0,0.0,0.0,79940.0,79940.0,0.0,2.0,1.0,3.0,0.0,"7,7,7,7,7,7,7,7,7,7","0:2-13;1:13-1;2:13-1,13-7;3:2-7;4:3-14,13-14,2-14,3-2,2-3,3-13;5:3-13,13-3;6:2-4;7:3-12,2-9,2-12,3-9,3-7;8:13-7;9:3-7"
205,proposed_c2f_adaptive_pd,8,10,0.8,15,300,0.05,21,16,5,10240.0,17.066666666666666,2306.4739571928,23.64832915776161,1.0,8,1,0.0,0.0,0.0,0.0,0.0,0.0,0.0,0.0,0.0,0.0,78966.0,78966.0,0.0,2.0,1.0,3.0,0.0,"1,1,1,1,1,1,1,1,1,1","0:0-11,0-6,0-2,0-4,0-13,0-1;1:0-1,14-1;2:14-1;3:1-3;4:0-10;5:14-1;6:1-13;7:0-2;8:14-3,1-3,0-3,14-7,14-12,14-9;9:0-2"
206,proposed_c2f_adaptive_pd,9,10,0.9,8,300,0.02666666666666667,20,16,4,10240.0,17.066666666666666,495.62443932540134,263.4307275605501,1.0,9,1,0.0,0.0,0.0,0.0,0.0,0.0,0.0,0.0,0.0,0.0,77277.0,77277.0,0.0,2.0,1.0,3.0,0.0,"1,1,1,1,1,1,1,1,1,1","0:9-1;1:1-0;2:12-3;3:9-1;4:9-1;5:1-10;6:1-2;7:9-1;8:9-3,12-3,1-3,9-2,9-13,9-7;9:9-3,12-3,1-3,9-13,12-13,9-2"
207,proposed_c2f_adaptive_pd,9,10,0.9,13,270,0.04814814814814815,13,12,1,7680.0,12.8,907.2891138548197,612.454769418611,0.6923076923076923,6,0,0.0,0.0,0.0,0.0,0.0,0.0,0.0,0.0,0.0,0.0,65776.0,65776.0,0.0,2.0,1.0,3.0,0.0,"5,5,5,5,5,5,5,5,5,5","0:10-6;1:9-0;2:9-8;3:9-5;4:9-6;5:9-0;6:9-10,10-9,10-6,10-0;7:5-13;8:5-8;9:5-6"
208,proposed_c2f_adaptive_pd,9,10,0.9,19,300,0.06333333333333334,21,15,6,9600.0,16.0,2104.681529759423,361.32701006348896,1.0,2,1,0.0,0.0,0.0,0.0,0.0,0.0,0.0,0.0,0.0,0.0,78042.0,78042.0,0.0,2.0,1.0,3.0,0.0,"3,3,3,3,3,3,3,3,3,3","0:0-14;1:0-3;2:0-10,0-5,4-10,3-10,3-5,4-5;3:0-7,0-2,4-7,4-2,0-13,4-13;4:0-3;5:3-1;6:0-3;7:0-11;8:0-3,4-3;9:0-3"
209,proposed_c2f_adaptive_pd,9,10,0.9,10,300,0.03333333333333333,27,17,10,10880.0,18.133333333333333,661.0900285645553,86.60638690597702,0.9259259259259259,7,1,0.0,0.0,0.0,0.0,0.0,0.0,0.0,0.0,0.0,0.0,93629.0,93629.0,0.0,2.0,1.0,3.0,0.0,"0,0,0,0,0,0,0,0,0,0","0:0-2;1:6-7,6-9,6-2,6-11,6-0,3-0;2:6-0;3:0-14,3-0,6-0;4:3-0;5:6-0;6:3-0;7:3-13,6-13,0-13,3-12,6-12,3-1;8:0-8;9:3-13,0-12,3-12,6-12,3-0,6-0"
210,proposed_c2f_adaptive_pd,10,10,1.0,14,300,0.04666666666666667,30,23,7,14720.0,24.533333333333335,571.7100342255711,48.09198376676705,0.9666666666666667,6,1,0.0,0.0,0.0,0.0,0.0,0.0,0.0,0.0,0.0,0.0,117547.0,117547.0,0.0,2.0,1.0,3.0,0.0,"2,2,2,2,2,2,2,2,2,2","0:6-2;1:0-1,6-1,0-9,6-9,0-4,0-5;2:0-1;3:6-2;4:0-1;5:6-2;6:0-6,6-0,0-10,0-2,0-9,2-0;7:6-2,2-6,2-14,2-10,0-2,2-7;8:6-2;9:6-4,6-1,6-5,0-1,0-4,6-12"
211,proposed_c2f_adaptive_pd,10,10,1.0,17,300,0.056666666666666664,19,14,5,8960.0,14.933333333333334,2090.9638975583775,251.96027421587945,1.0,8,1,0.0,0.0,0.0,0.0,0.0,0.0,0.0,0.0,0.0,0.0,74752.0,74752.0,0.0,2.0,1.0,3.0,0.0,"3,3,3,3,3,3,3,3,3,3","0:3-5,3-8,11-3,10-3;1:3-4;2:11-6;3:10-3,10-0;4:10-3;5:3-13;6:3-8;7:3-5;8:11-8,3-8,11-3,11-5,3-11,11-6;9:3-2"
212,proposed_c2f_adaptive_pd,8,10,0.8,14,300,0.04666666666666667,17,11,6,7040.0,11.733333333333334,1425.916947550575,31.03342394545056,1.0,3,1,0.0,0.0,0.0,0.0,0.0,0.0,0.0,0.0,0.0,0.0,81493.0,81493.0,0.0,2.0,1.0,3.0,0.0,"11,11,11,11,11,11,11,11,11,11","0:0-11;1:0-11;2:0-5;3:3-6,3-13,0-6,0-13,3-5,3-1;4:0-11,0-3;5:1-11;6:0-11;7:3-11;8:0-5,0-14;9:0-5"
213,proposed_c2f_adaptive_pd,9,10,0.9,15,300,0.05,20,15,5,9600.0,16.0,675.240084875654,81.33442301241227,1.0,4,1,0.0,0.0,0.0,0.0,0.0,0.0,0.0,0.0,0.0,0.0,79413.0,79413.0,0.0,2.0,1.0,3.0,0.0,"8,8,8,8,8,8,8,8,8,8","0:2-8;1:0-11;2:1-8;3:1-8;4:2-0,0-2,0-6,0-11,0-14,0-9;5:1-8;6:0-2;7:1-4;8:0-6,0-3,2-6,1-6,0-11,0-13;9:0-8"
214,proposed_c2f_adaptive_pd,9,10,0.9,10,300,0.03333333333333333,16,13,3,8320.0,13.866666666666667,3028.9161530458396,176.36928080183282,0.9375,2,1,0.0,0.0,0.0,0.0,0.0,0.0,0.0,0.0,0.0,0.0,79347.0,79347.0,0.0,2.0,1.0,3.0,0.0,"9,9,9,9,9,9,9,9,9,9","0:0-7;1:5-11,5-1;2:5-6,9-6,5-1,5-11,5-14,5-3;3:0-7;4:5-9;5:0-9;6:9-14;7:0-2;8:0-2;9:5-9"
215,proposed_c2f_adaptive_pd,9,10,0.9,12,300,0.04,18,11,7,7040.0,11.733333333333334,802.1579384166348,101.76657621607282,0.9444444444444444,2,1,0.0,0.0,0.0,0.0,0.0,0.0,0.0,0.0,0.0,0.0,68927.0,68927.0,0.0,2.0,1.0,3.0,0.0,"0,0,0,0,0,0,0,0,0,0","0:4-0;1:1-0;2:0-2,1-14,1-2,0-3,0-8,4-2;3:0-2;4:4-13,4-5,4-0,1-0;5:4-13;6:1-0;7:0-13;8:1-0;9:1-0"
216,proposed_c2f_adaptive_pd,10,10,1.0,11,300,0.03666666666666667,22,15,7,9600.0,16.0,5800.5202991344395,237.11515987522307,1.0,4,1,0.0,0.0,0.0,0.0,0.0,0.0,0.0,0.0,0.0,0.0,87483.0,87483.0,0.0,2.0,1.0,3.0,0.0,"12,12,12,12,12,12,12,12,12,12","0:4-11;1:7-12;2:4-0;3:4-12;4:12-9,12-5,12-13,12-3,12-1,12-0;5:4-11,4-14,4-12;6:4-5;7:4-9,12-9,4-0,12-0,4-12,7-12;8:4-12;9:4-12"
217,proposed_c2f_adaptive_pd,9,10,0.9,9,300,0.03,20,8,12,5120.0,8.533333333333333,1632.0134477007346,42.612087616842715,1.0,1,1,0.0,0.0,0.0,0.0,0.0,0.0,0.0,0.0,0.0,0.0,78282.0,78282.0,0.0,2.0,1.0,3.0,0.0,"11,11,11,11,11,11,11,11,11,11","0:4-11;1:5-2,5-6,5-7,4-6,5-1,4-2;2:12-11;3:5-11;4:4-11;5:4-11;6:4-11,5-11;7:12-4,4-11,12-11,5-11;8:12-5,12-11;9:5-11"
218,proposed_c2f_adaptive_pd,10,10,1.0,14,300,0.04666666666666667,24,13,11,8320.0,13.866666666666667,7412.249641536085,126.88088301922065,1.0,3,1,0.0,0.0,0.0,0.0,0.0,0.0,0.0,0.0,0.0,0.0,79048.0,79048.0,0.0,2.0,1.0,3.0,0.0,"5,5,5,5,5,5,5,5,5,5","0:0-1;1:8-1;2:3-6,3-9,3-5,0-5,8-5;3:8-1,8-10,8-5,3-10,8-7,8-4;4:3-5;5:8-5;6:0-8;7:3-6,0-6,3-5,3-14,0-5,8-5;8:3-5;9:3-5"
219,proposed_c2f_adaptive_pd,10,10,1.0,18,300,0.06,21,15,6,9600.0,16.0,2005.9684116332755,174.12630698006416,0.9523809523809523,4,1,0.0,0.0,0.0,0.0,0.0,0.0,0.0,0.0,0.0,0.0,81415.0,81415.0,0.0,2.0,1.0,3.0,0.0,"0,0,0,0,0,0,0,0,0,0","0:0-9;1:3-0;2:6-0,6-8;3:6-0;4:3-9,3-10,3-12,3-4,3-5,3-1;5:3-0;6:0-13,0-7,0-10,3-13,0-14,3-0;7:3-0;8:0-2;9:6-8"
220,proposed_c2f_adaptive_pd,9,10,0.9,19,300,0.06333333333333334,21,14,7,8960.0,14.933333333333334,2968.325816861049,80.38264049366717,0.8095238095238095,8,1,0.0,0.0,0.0,0.0,0.0,0.0,0.0,0.0,0.0,0.0,77732.0,77732.0,0.0,2.0,1.0,3.0,0.0,"7,7,7,7,7,7,7,7,7,7","0:5-7;1:14-7;2:7-0;3:7-0;4:7-4;5:7-0;6:14-7,5-7;7:7-1,7-11,7-4,7-8,7-13,14-7;8:7-4,7-13,7-8,7-1,7-11,14-7;9:5-7"
221,proposed_c2f_adaptive_pd,9,10,0.9,18,300,0.06,22,12,10,7680.0,12.8,613.1674969797701,591.32805825389,1.0,6,1,0.0,0.0,0.0,0.0,0.0,0.0,0.0,0.0,0.0,0.0,80837.0,80837.0,0.0,2.0,1.0,3.0,0.0,"0,0,0,0,0,0,0,0,0,0","0:8-0;1:3-0;2:3-13,3-0,8-0;3:3-0;4:8-6,3-6,8-5,8-0,3-0;5:3-8;6:0-9,0-2,0-4,3-9,8-9,3-2;7:0-2;8:3-0;9:3-0,8-0"
222,proposed_c2f_adaptive_pd,10,10,1.0,14,300,0.04666666666666667,20,12,8,7680.0,12.8,980.9719450962451,120.7682431204471,0.8,1,1,0.0,0.0,0.0,0.0,0.0,0.0,0.0,0.0,0.0,0.0,82177.0,82177.0,0.0,2.0,1.0,3.0,0.0,"8,8,8,8,8,8,8,8,8,8","0:0-8;1:0-12,0-13,0-4,4-0,0-10,4-12;2:4-8;3:0-8;4:2-8;5:0-12;6:4-8;7:2-12,2-8;8:2-5,2-3,0-5,2-8,4-5;9:4-8"
223,proposed_c2f_adaptive_pd,10,10,1.0,13,300,0.043333333333333335,25,15,10,9600.0,16.0,6975.93810997642,281.5775533578165,1.0,4,1,0.0,0.0,0.0,0.0,0.0,0.0,0.0,0.0,0.0,0.0,91308.0,91308.0,0.0,2.0,1.0,3.0,0.0,"0,0,0,0,0,0,0,0,0,0","0:8-9,8-11,8-0,6-0;1:6-0,8-0;2:8-0;3:8-0;4:0-10,0-7,0-5,0-2,0-1,0-13;5:6-8;6:6-14,6-4,6-2,0-14,6-7,6-1;7:6-0;8:8-0;9:6-0,8-0"
224,proposed_c2f_adaptive_pd,9,10,0.9,20,270,0.07407407407407407,14,7,7,4480.0,7.466666666666667,854.8659933550387,186.4736042253931,0.9285714285714286,3,1,0.0,0.0,0.0,0.0,0.0,0.0,0.0,0.0,0.0,0.0,61637.0,61637.0,0.0,2.0,1.0,3.0,0.0,"11,11,11,11,11,11,11,11,11,11","0:1-11;1:9-11;2:1-11;3:1-3;4:1-11;5:9-11;6:11-7;7:1-3,11-3,9-3,1-11,9-11;8:1-3;9:1-10"
225,proposed_c2f_adaptive_pd,10,10,1.0,19,300,0.06333333333333334,20,17,3,10880.0,18.133333333333333,1852.5188523047746,141.19433736271918,1.0,2,1,0.0,0.0,0.0,0.0,0.0,0.0,0.0,0.0,0.0,0.0,53541.0,53541.0,0.0,2.0,1.0,3.0,0.0,"3,3,3,3,3,3,3,3,3,3","0:3-13,3-14,3-4,3-8,3-6,3-9;1:0-1;2:3-13,3-14,3-6,3-8,3-4,11-13;3:0-4;4:11-3;5:0-5;6:11-9;7:0-3;8:11-3;9:3-4"
226,proposed_c2f_adaptive_pd,6,10,0.6,13,300,0.043333333333333335,16,12,4,7680.0,12.8,662.41299952676,17.89002575657225,1.0,6,1,0.0,0.0,0.0,0.0,0.0,0.0,0.0,0.0,0.0,0.0,55758.0,55758.0,0.0,2.0,1.0,3.0,0.0,"0,0,0,0,0,0,0,0,0,0","0:4-5;1:11-13;2:11-13;3:11-0;4:11-2,11-0,11-3;5:11-0;6:0-2,11-2,11-0,11-1;7:4-7;8:0-1;9:4-14,4-13"
227,proposed_c2f_adaptive_pd,9,10,0.9,17,270,0.06296296296296296,17,8,9,5120.0,8.533333333333333,3571.265583255994,386.0713702929798,0.9411764705882353,3,1,0.0,0.0,0.0,0.0,0.0,0.0,0.0,0.0,0.0,0.0,62011.0,62011.0,0.0,2.0,1.0,3.0,0.0,"5,5,5,5,5,5,5,5,5,5","0:13-5;1:3-5;2:4-0,4-5,3-5;3:4-0,3-0,4-2,3-9,4-5,3-5;4:13-11;5:13-11;6:4-1;7:13-5;8:13-5;9:3-5"
228,proposed_c2f_adaptive_pd,10,10,1.0,20,300,0.06666666666666667,18,12,6,7680.0,12.8,1042.2409094733976,632.2507794178786,1.0,9,1,0.0,0.0,0.0,0.0,0.0,0.0,0.0,0.0,0.0,0.0,66371.0,66371.0,0.0,2.0,1.0,3.0,0.0,"6,6,6,6,6,6,6,6,6,6","0:4-6;1:9-6;2:4-6,9-6;3:9-6;4:4-6,4-10;5:9-3,9-10;6:4-7;7:4-0;8:9-8;9:6-12,4-13,4-12,4-11,6-11,4-5"
229,proposed_c2f_adaptive_pd,7,10,0.7,13,300,0.043333333333333335,21,15,6,9600.0,16.0,159.22890685394776,63.220396863895346,1.0,4,1,0.0,0.0,0.0,0.0,0.0,0.0,0.0,0.0,0.0,0.0,77352.0,77352.0,0.0,2.0,1.0,3.0,0.0,"8,8,8,8,8,8,8,8,8,8","0:1-2;1:2-8,1-8;2:1-8;3:0-8;4:1-11,1-13,2-13,2-11,1-8,2-8;5:1-13,2-13,1-11,2-11,1-2,2-1;6:0-5;7:0-4;8:0-3;9:0-1"
230,proposed_c2f_adaptive_pd,10,10,1.0,12,300,0.04,10,3,7,1920.0,3.2,3079.003632685772,392.7066114333466,1.0,3,1,0.0,0.0,0.0,0.0,0.0,0.0,0.0,0.0,0.0,0.0,41184.0,41184.0,0.0,2.0,1.0,3.0,0.0,"14,14,14,14,14,14,14,14,14,14",0:14-5;1:1-13;2:1-14;3:0-14;4:0-14;5:1-14;6:0-4;7:0-14;8:0-14;9:1-14
231,proposed_c2f_adaptive_pd,8,10,0.8,13,300,0.043333333333333335,20,17,3,10880.0,18.133333333333333,8409.738757931858,89.66360888460547,1.0,3,1,0.0,0.0,0.0,0.0,0.0,0.0,0.0,0.0,0.0,0.0,71758.0,71758.0,0.0,2.0,1.0,3.0,0.0,"2,2,2,2,2,2,2,2,2,2","0:2-3;1:0-8;2:2-4;3:2-3,2-6,2-9,2-7,0-3,2-14;4:0-4;5:1-10,1-12,0-10,0-12,1-14,1-2;6:0-2;7:2-3;8:0-2;9:1-9"
232,proposed_c2f_adaptive_pd,8,10,0.8,15,270,0.05555555555555555,19,13,6,8320.0,13.866666666666667,18175.263040993443,235.9574152059449,0.8947368421052632,0,1,0.0,0.0,0.0,0.0,0.0,0.0,0.0,0.0,0.0,0.0,72585.0,72585.0,0.0,2.0,1.0,3.0,0.0,"1,1,1,1,1,1,1,1,1,1","0:1-10,1-9;1:4-1;2:4-1;3:1-6;4:4-1;5:4-1;6:1-5;7:3-1,4-1,1-0;8:4-7,4-5,1-7,1-5,3-7,4-8;9:1-14,1-6"
233,proposed_c2f_adaptive_pd,9,10,0.9,18,300,0.06,20,13,7,8320.0,13.866666666666667,565.1599531362918,251.46383048335656,0.95,5,1,0.0,0.0,0.0,0.0,0.0,0.0,0.0,0.0,0.0,0.0,73778.0,73778.0,0.0,2.0,1.0,3.0,0.0,"3,3,3,3,3,3,3,3,3,3","0:0-2;1:3-4,0-4,5-4,3-11,0-11,0-3;2:0-2;3:0-3;4:0-3;5:3-13,3-7,3-1,3-11,3-10,0-3;6:0-3;7:0-5;8:0-3;9:0-3"
234,proposed_c2f_adaptive_pd,9,10,0.9,11,300,0.03666666666666667,15,11,4,7040.0,11.733333333333334,797.3768077421274,133.79206860225,0.8666666666666667,7,1,0.0,0.0,0.0,0.0,0.0,0.0,0.0,0.0,0.0,0.0,63730.0,63730.0,0.0,2.0,1.0,3.0,0.0,"0,0,0,0,0,0,0,0,0,0","0:1-0;1:1-0;2:1-6;3:0-2;4:0-13;5:1-0;6:1-0;7:0-2,0-10,0-13,0-11,0-3,0-4;8:6-14;9:6-14"
235,proposed_c2f_adaptive_pd,9,10,0.9,23,300,0.07666666666666666,11,11,0,7040.0,11.733333333333334,1769.2332839903725,260.0496940459526,1.0,9,1,0.0,0.0,0.0,0.0,0.0,0.0,0.0,0.0,0.0,0.0,132505.0,132505.0,0.0,4.0,1.0,1.0,0.0,"0,0,0,0,0,0,0,0,0,0","0:0-5;1:0-2;2:0-1;3:0-1;4:0-1;5:0-12;6:0-8;7:0-1;8:0-4;9:0-7,0-14"
236,proposed_c2f_adaptive_pd,9,10,0.9,12,270,0.044444444444444446,16,9,7,5760.0,9.600000000000001,4778.582313693072,98.47748974907265,0.9375,5,1,0.0,0.0,0.0,0.0,0.0,0.0,0.0,0.0,0.0,0.0,59040.0,59040.0,0.0,2.0,1.0,3.0,0.0,"10,10,10,10,10,10,10,10,10,10","0:0-10,3-10;1:3-10,0-8;2:0-4;3:0-2;4:5-10;5:0-7,5-7;6:0-1;7:0-2;8:3-6,3-10,5-10,0-10;9:0-5"
237,proposed_c2f_adaptive_pd,9,10,0.9,13,300,0.043333333333333335,12,11,1,7040.0,11.733333333333334,2407.41549088374,52.254605758541494,1.0,5,1,0.0,0.0,0.0,0.0,0.0,0.0,0.0,0.0,0.0,0.0,83931.0,83931.0,0.0,3.0,1.0,2.0,0.0,"2,2,2,2,2,2,2,2,2,2","0:2-6;1:0-1;2:0-3;3:0-6;4:0-9;5:0-11,0-2;6:2-4;7:0-14;8:0-8,0-7;9:0-5"
238,proposed_c2f_adaptive_pd,8,10,0.8,14,300,0.04666666666666667,10,6,4,3840.0,6.4,106.07221841159705,76.12252154256427,1.0,3,1,0.0,0.0,0.0,0.0,0.0,0.0,0.0,0.0,0.0,0.0,51033.0,51033.0,0.0,2.0,1.0,3.0,0.0,"6,6,6,6,6,6,6,6,6,6",0:7-6;1:1-6;2:7-6;3:6-0;4:6-0;5:1-4;6:1-6;7:6-0;8:1-2;9:1-3
239,proposed_c2f_adaptive_pd,8,10,0.8,17,270,0.06296296296296296,24,14,10,8960.0,14.933333333333334,192.7674752197454,106.50208656396109,0.875,4,0,0.0,0.0,0.0,0.0,0.0,0.0,0.0,0.0,0.0,0.0,105500.0,105500.0,0.0,2.0,1.0,3.0,0.0,"12,12,12,12,12,12,12,12,12,12","0:11-12;1:0-14,0-13,0-12,11-14,1-14,1-12;2:0-13,0-14,0-3,1-13,1-14,0-6;3:0-12,1-12;4:0-3,0-12;5:1-3;6:1-12;7:1-14,1-12,0-12;8:1-12;9:0-9"
240,proposed_c2f_adaptive_pd,10,10,1.0,15,300,0.05,17,14,3,8960.0,14.933333333333334,145467.84745174707,491.0013220418082,1.0,1,1,0.0,0.0,0.0,0.0,0.0,0.0,0.0,0.0,0.0,0.0,66906.0,66906.0,0.0,2.0,1.0,3.0,0.0,"0,0,0,0,0,0,0,0,0,0","0:0-2;1:1-14,1-6,1-4,1-8,1-11,1-2;2:0-9;3:3-0,0-6;4:1-8;5:0-4;6:1-0;7:3-5;8:0-13,0-7;9:1-0"
241,proposed_c2f_adaptive_pd,8,10,0.8,13,270,0.04814814814814815,10,8,2,5120.0,8.533333333333333,17088.416407156434,42.814652301193256,0.9,6,0,0.0,0.0,0.0,0.0,0.0,0.0,0.0,0.0,0.0,0.0,42494.0,42494.0,0.0,2.0,1.0,3.0,0.0,"1,1,1,1,1,1,1,1,1,1",0:8-1;1:13-3;2:13-1;3:1-0;4:1-5;5:1-5;6:8-0;7:8-0;8:1-11;9:1-7
242,proposed_c2f_adaptive_pd,8,10,0.8,16,270,0.05925925925925926,29,20,9,12800.0,21.333333333333336,259.25082587046757,23.59187458929035,0.9655172413793104,6,1,0.0,0.0,0.0,0.0,0.0,0.0,0.0,0.0,0.0,0.0,112593.0,112593.0,0.0,2.0,1.0,3.0,0.0,"7,7,7,7,7,7,7,7,7,7","0:1-10;1:1-7;2:5-7;3:1-0,1-7,1-3,1-13,5-7,10-7;4:5-10;5:5-3;6:1-14,1-2,10-14,1-8,1-6,5-14;7:1-7;8:1-0,1-7,1-13,5-7,10-7;9:1-14,1-8,1-6,1-0,1-11,1-3"
243,proposed_c2f_adaptive_pd,10,10,1.0,18,300,0.06,15,11,4,7040.0,11.733333333333334,1661.5897805652662,523.5597152367848,1.0,4,1,0.0,0.0,0.0,0.0,0.0,0.0,0.0,0.0,0.0,0.0,57194.0,57194.0,0.0,2.0,1.0,3.0,0.0,"1,1,1,1,1,1,1,1,1,1","0:5-1;1:2-1;2:0-1;3:0-4;4:2-8,2-7,5-8,5-7,2-9,0-7;5:2-8;6:0-2;7:0-2;8:2-8;9:2-1"
244,proposed_c2f_adaptive_pd,9,10,0.9,10,300,0.03333333333333333,17,9,8,5760.0,9.600000000000001,1500.367603261366,472.16706662996285,1.0,8,1,0.0,0.0,0.0,0.0,0.0,0.0,0.0,0.0,0.0,0.0,78966.0,78966.0,0.0,2.0,1.0,3.0,0.0,"0,0,0,0,0,0,0,0,0,0","0:4-3;1:5-0,4-0;2:6-0;3:4-11,5-11;4:5-0;5:5-0;6:5-0;7:5-0;8:5-7,5-3,5-9,5-0,4-7,5-8;9:6-12"
245,proposed_c2f_adaptive_pd,10,10,1.0,22,300,0.07333333333333333,13,6,7,3840.0,6.4,562.1011301313677,73.08501274330739,1.0,9,1,0.0,0.0,0.0,0.0,0.0,0.0,0.0,0.0,0.0,0.0,61216.0,61216.0,0.0,2.0,1.0,3.0,0.0,"5,5,5,5,5,5,5,5,5,5","0:14-5;1:8-5;2:8-5;3:14-6,8-6,8-0;4:8-6;5:14-5;6:5-6;7:8-5;8:14-5,8-5;9:8-1"
246,proposed_c2f_adaptive_pd,10,10,1.0,16,300,0.05333333333333334,16,9,7,5760.0,9.600000000000001,1906.4474410784237,61.60275597146793,1.0,3,1,0.0,0.0,0.0,0.0,0.0,0.0,0.0,0.0,0.0,0.0,64497.0,64497.0,0.0,2.0,1.0,3.0,0.0,"4,4,4,4,4,4,4,4,4,4","0:6-4;1:1-4;2:1-3;3:4-9,4-2,6-2,6-9,6-4,4-6;4:1-4;5:1-0;6:6-4,4-2;7:1-4;8:1-4;9:4-5"
247,proposed_c2f_adaptive_pd,9,10,0.9,12,300,0.04,15,11,4,7040.0,11.733333333333334,324.02169664001406,116.12281962920972,1.0,3,1,0.0,0.0,0.0,0.0,0.0,0.0,0.0,0.0,0.0,0.0,60834.0,60834.0,0.0,2.0,1.0,3.0,0.0,"0,0,0,0,0,0,0,0,0,0","0:9-0;1:9-13;2:7-0;3:0-11,0-12,7-11,7-12,0-5,0-14;4:7-0;5:7-3;6:0-3;7:0-13;8:0-12;9:9-0"
248,proposed_c2f_adaptive_pd,10,10,1.0,5,300,0.016666666666666666,13,6,7,3840.0,6.4,1435.4888914198264,253.73763734746808,1.0,9,1,0.0,0.0,0.0,0.0,0.0,0.0,0.0,0.0,0.0,0.0,58690.0,58690.0,0.0,2.0,1.0,3.0,0.0,"0,0,0,0,0,0,0,0,0,0","0:0-9;1:11-0;2:5-0,11-0;3:5-4;4:5-0;5:0-1;6:5-0,11-0;7:5-0;8:0-1;9:11-4,5-10"
249,proposed_c2f_adaptive_pd,7,10,0.7,14,300,0.04666666666666667,16,9,7,5760.0,9.600000000000001,78253.55917712345,224.63143377112957,1.0,7,1,0.0,0.0,0.0,0.0,0.0,0.0,0.0,0.0,0.0,0.0,57919.0,57919.0,0.0,2.0,1.0,3.0,0.0,"5,5,5,5,5,5,5,5,5,5","0:3-5;1:2-1;2:2-5;3:3-5;4:2-0;5:2-5;6:3-5,2-1;7:2-1,3-1,2-11,5-1,2-5,5-2;8:3-5;9:3-0"
250,proposed_c2f_adaptive_pd,9,10,0.9,19,300,0.06333333333333334,22,17,5,10880.0,18.133333333333333,752.1373949389264,56.69730771054833,1.0,9,1,0.0,0.0,0.0,0.0,0.0,0.0,0.0,0.0,0.0,0.0,85717.0,85717.0,0.0,2.0,1.0,3.0,0.0,"1,1,1,1,1,1,1,1,1,1","0:4-1,2-1;1:2-0;2:4-1;3:4-1;4:1-0;5:2-0;6:1-3,2-1;7:2-7,4-7,2-0,2-9,1-7,1-0;8:1-3;9:2-7,1-7,4-7,2-3,1-3,4-3"
251,proposed_c2f_adaptive_pd,8,10,0.8,14,270,0.05185185185185185,17,9,8,5760.0,9.600000000000001,1054.6557919977163,44.57712017910602,0.8823529411764706,1,1,0.0,0.0,0.0,0.0,0.0,0.0,0.0,0.0,0.0,0.0,62482.0,62482.0,0.0,2.0,1.0,3.0,0.0,"0,0,0,0,0,0,0,0,0,0","0:1-0;1:5-7,5-8,5-14,5-12,5-4,5-2;2:1-0;3:5-0;4:5-0;5:5-0,5-7;6:5-0;7:1-0;8:0-12,5-12;9:5-0"
252,proposed_c2f_adaptive_pd,8,10,0.8,18,300,0.06,17,13,4,8320.0,13.866666666666667,145.20582946757605,106.86602810941527,1.0,4,1,0.0,0.0,0.0,0.0,0.0,0.0,0.0,0.0,0.0,0.0,77138.0,77138.0,0.0,2.0,1.0,3.0,0.0,"1,1,1,1,1,1,1,1,1,1","0:0-2;1:3-1,0-1;2:3-13,0-13;3:0-14;4:3-13,3-4,0-13,3-14,1-13,3-6;5:3-1;6:0-1;7:3-14;8:0-10;9:3-4"
253,proposed_c2f_adaptive_pd,10,10,1.0,9,300,0.03,12,9,3,5760.0,9.600000000000001,213.17404707299343,79.40215015647354,1.0,7,1,0.0,0.0,0.0,0.0,0.0,0.0,0.0,0.0,0.0,0.0,51996.0,51996.0,0.0,2.0,1.0,3.0,0.0,"0,0,0,0,0,0,0,0,0,0","0:10-0;1:13-0;2:13-0;3:0-7;4:10-8;5:0-1;6:0-4;7:0-1,0-7;8:0-9,0-1;9:10-6"
254,proposed_c2f_adaptive_pd,9,10,0.9,20,300,0.06666666666666667,25,15,10,9600.0,16.0,164.88831114991495,59.27088470433888,1.0,8,1,0.0,0.0,0.0,0.0,0.0,0.0,0.0,0.0,0.0,0.0,114698.0,114698.0,0.0,2.0,1.0,3.0,0.0,"12,12,12,12,12,12,12,12,12,12","0:4-0,4-5;1:4-0;2:4-11,4-5,4-12,6-12,9-12;3:9-12;4:9-12;5:9-6,6-9,9-12,6-12,4-12;6:6-12;7:4-5;8:4-7,4-11,4-5,4-0,9-4,4-9;9:4-10,4-12"
255,proposed_c2f_adaptive_pd,9,10,0.9,8,300,0.02666666666666667,11,10,1,6400.0,10.666666666666668,560.2837611165844,76.67905410640817,1.0,0,1,0.0,0.0,0.0,0.0,0.0,0.0,0.0,0.0,0.0,0.0,74855.0,74855.0,0.0,3.0,1.0,2.0,0.0,"0,0,0,0,0,0,0,0,0,0","0:0-7,0-10;1:4-5;2:0-1;3:4-5;4:0-2;5:0-2;6:0-13;7:0-13;8:0-13;9:4-0"
256,proposed_c2f_adaptive_pd,9,10,0.9,15,270,0.05555555555555555,16,8,8,5120.0,8.533333333333333,18715.919537425914,104.48619205549434,0.9375,4,1,0.0,0.0,0.0,0.0,0.0,0.0,0.0,0.0,0.0,0.0,64352.0,64352.0,0.0,2.0,1.0,3.0,0.0,"5,5,5,5,5,5,5,5,5,5","0:0-5;1:2-8;2:0-5;3:0-5;4:5-13,5-12,5-1,0-5,5-0,0-13;5:2-5,0-5;6:2-10;7:0-9;8:2-5;9:0-5"
257,proposed_c2f_adaptive_pd,10,10,1.0,11,300,0.03666666666666667,12,6,6,3840.0,6.4,48485.139064752286,597.5709389491805,1.0,5,1,0.0,0.0,0.0,0.0,0.0,0.0,0.0,0.0,0.0,0.0,54980.0,54980.0,0.0,2.0,1.0,3.0,0.0,"10,10,10,10,10,10,10,10,10,10","0:4-10;1:10-1,4-1;2:3-10;3:10-1;4:3-10;5:4-12,10-12;6:3-10;7:4-10;8:3-10;9:10-0"
258,proposed_c2f_adaptive_pd,10,10,1.0,14,300,0.04666666666666667,26,18,8,11520.0,19.200000000000003,823.034796366633,199.25705426040054,0.9230769230769231,8,1,0.0,0.0,0.0,0.0,0.0,0.0,0.0,0.0,0.0,0.0,97868.0,97868.0,0.0,2.0,1.0,3.0,0.0,"0,0,0,0,0,0,0,0,0,0","0:3-0;1:6-9,6-10,6-4,3-10,6-12,3-9;2:0-13;3:3-0;4:6-9;5:3-5,0-5,6-5,3-0,6-0;6:3-0;7:3-0;8:0-13,6-13,0-5,3-5,3-1,0-1;9:0-14,3-0,6-0"
259,proposed_c2f_adaptive_pd,9,10,0.9,17,270,0.06296296296296296,18,11,7,7040.0,11.733333333333334,541.0737982786388,115.24669459530011,0.9444444444444444,7,1,0.0,0.0,0.0,0.0,0.0,0.0,0.0,0.0,0.0,0.0,73866.0,73866.0,0.0,2.0,1.0,3.0,0.0,"8,8,8,8,8,8,8,8,8,8","0:3-4;1:0-10;2:8-10,8-14;3:3-5;4:0-9,3-10,8-10,0-8;5:0-8,0-9;6:0-8;7:3-7,3-8,0-8;8:0-8;9:0-8,8-1"
260,proposed_c2f_adaptive_pd,9,10,0.9,11,300,0.03666666666666667,17,10,7,6400.0,10.666666666666668,120.57779997577245,15.992076202122615,1.0,2,1,0.0,0.0,0.0,0.0,0.0,0.0,0.0,0.0,0.0,0.0,62458.0,62458.0,0.0,2.0,1.0,3.0,0.0,"4,4,4,4,4,4,4,4,4,4","0:8-4;1:12-4,8-4;2:4-7,4-2,8-7,4-13,4-9,8-11;3:12-4,8-4;4:12-4;5:4-2;6:8-5;7:8-6;8:8-4;9:4-1"
261,proposed_c2f_adaptive_pd,10,10,1.0,14,300,0.04666666666666667,22,17,5,10880.0,18.133333333333333,172.6879942834611,43.768447128373936,1.0,2,1,0.0,0.0,0.0,0.0,0.0,0.0,0.0,0.0,0.0,0.0,76678.0,76678.0,0.0,2.0,1.0,3.0,0.0,"0,0,0,0,0,0,0,0,0,0","0:0-8,10-0,4-0;1:0-6;2:4-3,10-3,4-9,4-10,10-4,4-2;3:4-0;4:4-0;5:10-1,10-3,4-10,10-4,10-0,10-8;6:4-10;7:10-13;8:0-3;9:10-3"
262,proposed_c2f_adaptive_pd,9,10,0.9,17,300,0.056666666666666664,11,7,4,4480.0,7.466666666666667,139.316201972837,51.68735582336497,1.0,4,1,0.0,0.0,0.0,0.0,0.0,0.0,0.0,0.0,0.0,0.0,47519.0,47519.0,0.0,2.0,1.0,3.0,0.0,"11,11,11,11,11,11,11,11,11,11","0:12-6;1:3-11;2:12-11;3:12-4;4:12-7,1-12;5:1-11;6:3-11;7:12-6;8:1-2;9:1-3"
263,proposed_c2f_adaptive_pd,8,10,0.8,6,270,0.022222222222222223,23,14,9,8960.0,14.933333333333334,11101.02611844247,996.3707719139329,0.7391304347826086,6,0,0.0,0.0,0.0,0.0,0.0,0.0,0.0,0.0,0.0,0.0,99112.0,99112.0,0.0,2.0,1.0,3.0,0.0,"5,5,5,5,5,5,5,5,5,5","0:13-4,13-5;1:13-5;2:0-2;3:13-3,2-3,0-3,13-9,0-9;4:2-5;5:2-5;6:0-8,2-8,2-0,0-2,0-12,0-1;7:2-5,13-5,2-1,0-5;8:2-5;9:13-5"
264,proposed_c2f_adaptive_pd,7,10,0.7,12,270,0.044444444444444446,12,7,5,4480.0,7.466666666666667,315.6291883921408,52.18317597830247,0.9166666666666666,5,1,0.0,0.0,0.0,0.0,0.0,0.0,0.0,0.0,0.0,0.0,63666.0,63666.0,0.0,2.0,1.0,3.0,0.0,"12,12,12,12,12,12,12,12,12,12","0:4-12;1:12-1;2:4-12,10-12;3:4-5;4:4-12;5:10-7,10-9;6:10-7;7:12-3;8:4-3;9:4-12"
265,proposed_c2f_adaptive_pd,9,10,0.9,16,300,0.05333333333333334,28,23,5,14720.0,24.533333333333335,1984.5073614236426,139.70766458895622,0.9642857142857143,8,1,0.0,0.0,0.0,0.0,0.0,0.0,0.0,0.0,0.0,0.0,84809.0,84809.0,0.0,2.0,1.0,3.0,0.0,"11,11,11,11,11,11,11,11,11,11","0:8-11;1:11-5,8-5,11-13,8-13,8-11,11-10;2:6-4,6-0,11-4,6-1,6-9,6-11;3:6-12,6-11,8-11;4:11-2;5:6-0;6:6-0;7:11-0,6-0;8:11-0,6-0,11-4,11-9,11-2,6-4;9:6-0"
266,proposed_c2f_adaptive_pd,10,10,1.0,15,300,0.05,17,13,4,8320.0,13.866666666666667,2248.7965918862124,402.34417089794357,0.9411764705882353,5,1,0.0,0.0,0.0,0.0,0.0,0.0,0.0,0.0,0.0,0.0,66521.0,66521.0,0.0,2.0,1.0,3.0,0.0,"7,7,7,7,7,7,7,7,7,7","0:0-7;1:1-7,7-5;2:7-5;3:1-7;4:0-3;5:7-8,7-4,7-9,7-5,7-2,0-8;6:1-7;7:0-5;8:7-9;9:7-10,0-10"
267,proposed_c2f_adaptive_pd,10,10,1.0,16,300,0.05333333333333334,21,15,6,9600.0,16.0,822433.799657519,378.51985584412114,1.0,9,1,0.0,0.0,0.0,0.0,0.0,0.0,0.0,0.0,0.0,0.0,82976.0,82976.0,0.0,2.0,1.0,3.0,0.0,"0,0,0,0,0,0,0,0,0,0","0:1-3;1:2-0;2:2-0;3:2-11;4:2-0,2-9;5:2-11,1-11,2-4,0-11,1-4,0-4;6:2-0;7:2-0;8:1-0;9:2-11,2-4,0-11,1-11,2-9,0-4"
268,proposed_c2f_adaptive_pd,10,10,1.0,20,300,0.06666666666666667,13,10,3,6400.0,10.666666666666668,1667.4424926269337,592.7116685847586,1.0,8,1,0.0,0.0,0.0,0.0,0.0,0.0,0.0,0.0,0.0,0.0,96952.0,96952.0,0.0,3.0,1.0,2.0,0.0,"3,3,3,3,3,3,3,3,3,3","0:1-5;1:3-5;2:1-6;3:1-3;4:1-0;5:3-6;6:1-2;7:1-3;8:1-14,3-14,1-8,1-3;9:1-12"
269,proposed_c2f_adaptive_pd,7,10,0.7,16,300,0.05333333333333334,21,16,5,10240.0,17.066666666666666,2769241.2228906234,10.10314449803759,0.9047619047619048,7,1,0.0,0.0,0.0,0.0,0.0,0.0,0.0,0.0,0.0,0.0,81784.0,81784.0,0.0,2.0,1.0,3.0,0.0,"4,4,4,4,4,4,4,4,4,4","0:1-4;1:12-2,12-13,12-0,12-1,1-12,12-10;2:1-4;3:12-8,12-4;4:12-4;5:1-4;6:1-2;7:12-8,4-8,12-3,12-11,4-3,4-11;8:1-7;9:1-0"
270,proposed_c2f_adaptive_pd,10,10,1.0,15,300,0.05,13,9,4,5760.0,9.600000000000001,44880.23098880601,5296.583554260543,1.0,7,1,0.0,0.0,0.0,0.0,0.0,0.0,0.0,0.0,0.0,0.0,57311.0,57311.0,0.0,2.0,1.0,3.0,0.0,"0,0,0,0,0,0,0,0,0,0","0:0-3;1:5-4;2:2-3;3:2-0;4:5-4;5:2-13;6:2-3;7:2-3,5-0;8:2-0,5-0;9:5-4,5-10"
271,proposed_c2f_adaptive_pd,8,10,0.8,19,300,0.06333333333333334,17,11,6,7040.0,11.733333333333334,2881.456423057138,70.20208121037922,1.0,3,1,0.0,0.0,0.0,0.0,0.0,0.0,0.0,0.0,0.0,0.0,69785.0,69785.0,0.0,2.0,1.0,3.0,0.0,"9,9,9,9,9,9,9,9,9,9","0:3-9;1:3-9;2:2-0;3:1-14,3-9;4:1-3;5:3-9;6:3-9;7:1-0;8:2-12,2-0;9:3-7,3-9,3-10,3-11,1-7,3-5"
272,proposed_c2f_adaptive_pd,8,10,0.8,14,300,0.04666666666666667,10,9,1,5760.0,9.600000000000001,1939.645320408507,153.2025816732227,1.0,4,0,0.0,0.0,0.0,0.0,0.0,0.0,0.0,0.0,0.0,0.0,53265.0,53265.0,0.0,2.0,1.0,3.0,0.0,"0,0,0,0,0,0,0,0,0,0",0:0-12;1:2-1;2:3-0;3:0-7;4:2-14;5:0-5;6:2-1;7:2-1;8:3-1;9:0-7
273,proposed_c2f_adaptive_pd,10,10,1.0,13,300,0.043333333333333335,15,8,7,5120.0,8.533333333333333,141.6171554131625,102.75556908794141,1.0,1,1,0.0,0.0,0.0,0.0,0.0,0.0,0.0,0.0,0.0,0.0,58195.0,58195.0,0.0,2.0,1.0,3.0,0.0,"0,0,0,0,0,0,0,0,0,0","0:3-0;1:3-1,0-1,3-0,7-0;2:3-7,3-1;3:0-13;4:3-1;5:0-1;6:7-0;7:0-9;8:3-0;9:7-0,3-0"
274,proposed_c2f_adaptive_pd,10,10,1.0,14,300,0.04666666666666667,25,20,5,12800.0,21.333333333333336,13311.12824021026,94.87588274990858,1.0,2,1,0.0,0.0,0.0,0.0,0.0,0.0,0.0,0.0,0.0,0.0,91698.0,91698.0,0.0,2.0,1.0,3.0,0.0,"5,5,5,5,5,5,5,5,5,5","0:0-5;1:0-6;2:0-6,8-6,0-8,8-0,8-10,0-13;3:8-6,0-6,0-8,8-0,8-10,8-7;4:0-2,5-3,8-2,5-2,8-5,8-3;5:0-5;6:8-5;7:0-6;8:0-8;9:0-5"
275,proposed_c2f_adaptive_pd,7,10,0.7,14,300,0.04666666666666667,11,6,5,3840.0,6.4,955.2794011154123,43.49601401942735,1.0,0,1,0.0,0.0,0.0,0.0,0.0,0.0,0.0,0.0,0.0,0.0,39852.0,39852.0,0.0,2.0,1.0,3.0,0.0,"0,0,0,0,0,0,0,0,0,0","0:1-2;1:1-0;2:12-0,1-7;3:12-0;4:1-0;5:12-0;6:1-3;7:0-5;8:1-5;9:0-11"
276,proposed_c2f_adaptive_pd,10,10,1.0,14,300,0.04666666666666667,15,10,5,6400.0,10.666666666666668,2397.106272947951,327.1072427053906,1.0,1,1,0.0,0.0,0.0,0.0,0.0,0.0,0.0,0.0,0.0,0.0,59098.0,59098.0,0.0,2.0,1.0,3.0,0.0,"0,0,0,0,0,0,0,0,0,0","0:7-0;1:0-5,9-5,7-5,0-4,0-14,0-2;2:0-8;3:9-0;4:7-0;5:7-0;6:0-1;7:0-12;8:7-9;9:7-0"
277,proposed_c2f_adaptive_pd,10,10,1.0,12,300,0.04,30,23,7,14720.0,24.533333333333335,6862.515557767135,967.5220626019127,0.7666666666666667,5,1,0.0,0.0,0.0,0.0,0.0,0.0,0.0,0.0,0.0,0.0,118052.0,118052.0,0.0,2.0,1.0,3.0,0.0,"3,3,3,3,3,3,3,3,3,3","0:14-3;1:2-3;2:2-3;3:14-6;4:3-0,2-0,2-3,3-2,2-9,3-10;5:3-11,3-8,3-0,2-3,3-10,3-2;6:2-11;7:3-0,3-11,2-3,3-8,3-2,3-10;8:2-13,2-0,2-5,14-13,2-14,14-2;9:2-3"
278,proposed_c2f_adaptive_pd,9,10,0.9,11,300,0.03666666666666667,17,8,9,5120.0,8.533333333333333,171943.79355418382,111.43948076787609,1.0,8,1,0.0,0.0,0.0,0.0,0.0,0.0,0.0,0.0,0.0,0.0,65752.0,65752.0,0.0,2.0,1.0,3.0,0.0,"14,14,14,14,14,14,14,14,14,14","0:8-14;1:8-12;2:10-14;3:8-14;4:8-14,10-14;5:8-14,8-3;6:14-0,14-1;7:8-0;8:10-6,14-6,8-6,10-14,8-14;9:10-14"
279,proposed_c2f_adaptive_pd,7,10,0.7,14,270,0.05185185185185185,13,10,3,6400.0,10.666666666666668,275.29714996460416,48.77068612085395,0.8461538461538461,4,0,0.0,0.0,0.0,0.0,0.0,0.0,0.0,0.0,0.0,0.0,86925.0,86925.0,0.0,3.0,1.0,2.0,0.0,"10,10,10,10,10,10,10,10,10,10","0:0-10,0-3;1:0-4;2:10-1;3:10-1,10-12;4:10-7,10-13;5:0-10;6:10-1;7:0-4;8:0-10;9:0-5"
280,proposed_c2f_adaptive_pd,9,10,0.9,19,300,0.06333333333333334,22,14,8,8960.0,14.933333333333334,6351.046575064117,191.19280767889398,0.8636363636363636,1,1,0.0,0.0,0.0,0.0,0.0,0.0,0.0,0.0,0.0,0.0,90075.0,90075.0,0.0,2.0,1.0,3.0,0.0,"5,5,5,5,5,5,5,5,5,5","0:2-5;1:2-7,2-10,2-3,2-4,9-7,2-5;2:2-5;3:1-5;4:1-10,2-10,1-6,9-10,1-7,1-5;5:2-5;6:2-5;7:2-3;8:9-12,9-0,9-5;9:2-0"
281,proposed_c2f_adaptive_pd,6,10,0.6,19,270,0.07037037037037037,11,5,6,3200.0,5.333333333333334,67.70636303017727,11.851184627279924,0.9090909090909091,7,0,0.0,0.0,0.0,0.0,0.0,0.0,0.0,0.0,0.0,0.0,53659.0,53659.0,0.0,2.0,1.0,3.0,0.0,"4,4,4,4,4,4,4,4,4,4","0:1-4;1:1-4;2:6-4;3:1-14;4:6-4;5:4-8;6:1-4;7:1-5,6-5;8:1-4;9:1-6"
282,proposed_c2f_adaptive_pd,8,10,0.8,15,300,0.05,10,5,5,3200.0,5.333333333333334,1452.4521537885462,62.73147458488514,1.0,3,1,0.0,0.0,0.0,0.0,0.0,0.0,0.0,0.0,0.0,0.0,68554.0,68554.0,0.0,3.0,1.0,2.0,0.0,"0,0,0,0,0,0,0,0,0,0",0:0-8;1:0-1;2:13-0;3:13-0;4:0-3;5:13-0;6:13-0;7:0-3;8:13-0;9:0-1
283,proposed_c2f_adaptive_pd,9,10,0.9,14,300,0.04666666666666667,16,16,0,10240.0,17.066666666666666,623182.2165814383,453.3790835331902,1.0,1,1,0.0,0.0,0.0,0.0,0.0,0.0,0.0,0.0,0.0,0.0,74379.0,74379.0,0.0,2.0,1.0,3.0,0.0,"0,0,0,0,0,0,0,0,0,0","0:1-4;1:1-4,1-9,1-6,1-2,10-4,1-5;2:10-12;3:1-9;4:10-3;5:1-8;6:0-11,0-7;7:0-7;8:1-6;9:0-2"
284,proposed_c2f_adaptive_pd,10,10,1.0,12,300,0.04,16,14,2,8960.0,14.933333333333334,230.71604932577588,37.56574223314168,1.0,0,1,0.0,0.0,0.0,0.0,0.0,0.0,0.0,0.0,0.0,0.0,78999.0,78999.0,0.0,2.0,1.0,3.0,0.0,"6,6,6,6,6,6,6,6,6,6","0:1-7,13-7,13-1,1-13,1-11;1:0-7,0-8;2:1-6;3:0-5;4:13-6,0-5;5:0-1;6:1-2;7:0-8;8:0-1;9:1-13"
285,proposed_c2f_adaptive_pd,8,10,0.8,14,270,0.05185185185185185,13,9,4,5760.0,9.600000000000001,1086.3125651010016,150.8716033161527,0.9230769230769231,1,1,0.0,0.0,0.0,0.0,0.0,0.0,0.0,0.0,0.0,0.0,52107.0,52107.0,0.0,2.0,1.0,3.0,0.0,"13,13,13,13,13,13,13,13,13,13","0:3-13;1:5-11,5-6,5-10;2:8-11;3:3-5;4:3-13;5:3-13;6:3-4;7:3-13;8:5-12,3-9;9:8-1"
286,proposed_c2f_adaptive_pd,9,10,0.9,21,300,0.07,18,14,4,8960.0,14.933333333333334,4441.007400926156,39.778423002347026,1.0,1,1,0.0,0.0,0.0,0.0,0.0,0.0,0.0,0.0,0.0,0.0,139879.0,139879.0,0.0,3.0,1.0,2.0,0.0,"1,1,1,1,1,1,1,1,1,1","0:1-13,1-9;1:0-6,0-11;2:1-13;3:0-1,0-7;4:0-5;5:1-9,0-1;6:1-12;7:1-4,1-5,0-1,1-10;8:0-1;9:0-12,1-12"
287,proposed_c2f_adaptive_pd,8,10,0.8,12,300,0.04,16,12,4,7680.0,12.8,1436.4588507824885,74.539361034391,1.0,9,1,0.0,0.0,0.0,0.0,0.0,0.0,0.0,0.0,0.0,0.0,67006.0,67006.0,0.0,2.0,1.0,3.0,0.0,"3,3,3,3,3,3,3,3,3,3","0:0-3;1:0-3;2:0-3;3:0-2;4:1-3;5:0-2;6:3-9,0-9;7:1-11;8:0-7;9:1-9,3-9,1-7,3-7,0-7,0-9"
288,proposed_c2f_adaptive_pd,9,10,0.9,16,300,0.05333333333333334,12,10,2,6400.0,10.666666666666668,3252.2733942443488,309.3302353084127,1.0,9,1,0.0,0.0,0.0,0.0,0.0,0.0,0.0,0.0,0.0,0.0,92482.0,92482.0,0.0,3.0,1.0,2.0,0.0,"3,3,3,3,3,3,3,3,3,3","0:1-11;1:3-2;2:1-3;3:1-9;4:3-6,3-0;5:1-3;6:1-2;7:1-14;8:1-2;9:1-12,3-12"
289,proposed_c2f_adaptive_pd,8,10,0.8,14,300,0.04666666666666667,12,6,6,3840.0,6.4,7685.398334110503,189.05037178865211,1.0,1,1,0.0,0.0,0.0,0.0,0.0,0.0,0.0,0.0,0.0,0.0,61577.0,61577.0,0.0,2.0,1.0,3.0,0.0,"4,4,4,4,4,4,4,4,4,4","0:4-6;1:4-13,2-13;2:5-4;3:2-10;4:5-4;5:2-4;6:2-4;7:5-13;8:5-4;9:5-4,2-8"
290,proposed_c2f_adaptive_pd,9,10,0.9,13,300,0.043333333333333335,14,8,6,5120.0,8.533333333333333,181.93202376450319,57.30130238262403,1.0,0,1,0.0,0.0,0.0,0.0,0.0,0.0,0.0,0.0,0.0,0.0,60685.0,60685.0,0.0,2.0,1.0,3.0,0.0,"0,0,0,0,0,0,0,0,0,0","0:0-6,4-0,8-0;1:4-1;2:0-10;3:8-1;4:0-2,4-2,4-0;5:4-0;6:8-0;7:0-6;8:0-13;9:4-0"
291,proposed_c2f_adaptive_pd,10,10,1.0,16,300,0.05333333333333334,12,9,3,5760.0,9.600000000000001,285.82277269137523,221.44845533725163,1.0,7,1,0.0,0.0,0.0,0.0,0.0,0.0,0.0,0.0,0.0,0.0,91149.0,91149.0,0.0,3.0,1.0,2.0,0.0,"1,1,1,1,1,1,1,1,1,1","0:1-0;1:1-14;2:1-4;3:3-13,3-9;4:3-1;5:1-0;6:1-8;7:1-11,1-12;8:3-1;9:3-1"
292,proposed_c2f_adaptive_pd,10,10,1.0,20,300,0.06666666666666667,27,16,11,10240.0,17.066666666666666,1666.0334030350793,470.99201014162315,1.0,2,1,0.0,0.0,0.0,0.0,0.0,0.0,0.0,0.0,0.0,0.0,106237.0,106237.0,0.0,2.0,1.0,3.0,0.0,"0,0,0,0,0,0,0,0,0,0","0:2-0;1:2-1;2:2-14,2-10,5-14,2-1,0-14,5-10;3:2-3,2-0,5-0;4:2-0;5:5-4,5-0,2-0;6:5-0;7:0-1;8:0-13,0-12,0-9,0-8,5-0,2-0;9:2-14,2-0,2-7,5-0"
293,proposed_c2f_adaptive_pd,8,10,0.8,12,300,0.04,17,11,6,7040.0,11.733333333333334,2811.657206821601,74.49720515268623,1.0,5,1,0.0,0.0,0.0,0.0,0.0,0.0,0.0,0.0,0.0,0.0,64662.0,64662.0,0.0,2.0,1.0,3.0,0.0,"0,0,0,0,0,0,0,0,0,0","0:1-3;1:0-2;2:0-2;3:0-2;4:1-0;5:1-14,3-14,1-7,3-7,1-4,0-4;6:1-0;7:3-0;8:3-0;9:0-6,1-0,3-0"
294,proposed_c2f_adaptive_pd,10,10,1.0,14,300,0.04666666666666667,21,17,4,10880.0,18.133333333333333,2523.4296352587735,96.25129247326294,1.0,7,1,0.0,0.0,0.0,0.0,0.0,0.0,0.0,0.0,0.0,0.0,80565.0,80565.0,0.0,2.0,1.0,3.0,0.0,"0,0,0,0,0,0,0,0,0,0","0:4-0;1:3-0;2:4-2;3:3-0;4:3-14,3-6,3-12,3-2,0-6,3-9;5:0-12;6:0-10;7:3-12,3-14,3-6,3-9,3-2,3-0;8:3-1;9:3-12,3-14"
295,proposed_c2f_adaptive_pd,8,10,0.8,13,300,0.043333333333333335,14,8,6,5120.0,8.533333333333333,170.20964462862395,115.13943303359481,0.9285714285714286,2,0,0.0,0.0,0.0,0.0,0.0,0.0,0.0,0.0,0.0,0.0,51925.0,51925.0,0.0,2.0,1.0,3.0,0.0,"13,13,13,13,13,13,13,13,13,13","0:8-4;1:8-4;2:10-0,10-13;3:10-13,10-0;4:8-10;5:10-5,10-4;6:13-0;7:8-13,10-13;8:8-13;9:10-13"
296,proposed_c2f_adaptive_pd,9,10,0.9,12,270,0.044444444444444446,27,13,14,8320.0,13.866666666666667,1418.7214687764267,246.30158496688938,0.7407407407407407,8,0,0.0,0.0,0.0,0.0,0.0,0.0,0.0,0.0,0.0,0.0,119733.0,119733.0,0.0,2.0,1.0,3.0,0.0,"6,6,6,6,6,6,6,6,6,6","0:11-8,11-6,3-6,0-6;1:0-2;2:11-9,3-9,11-1,11-6,0-9,3-6;3:3-6;4:11-6;5:11-12;6:3-7;7:0-6,3-6;8:11-9,11-1,11-6,11-4,11-5,3-6;9:11-12,11-6,0-6,3-6"
297,proposed_c2f_adaptive_pd,9,10,0.9,6,300,0.02,26,18,8,11520.0,19.200000000000003,204.05982024389942,53.96836940823707,0.8846153846153846,4,1,0.0,0.0,0.0,0.0,0.0,0.0,0.0,0.0,0.0,0.0,94563.0,94563.0,0.0,2.0,1.0,3.0,0.0,"11,11,11,11,11,11,11,11,11,11","0:2-13,0-13,2-4,0-4,3-13,2-11;1:0-1;2:2-11,0-11;3:3-11;4:3-0,0-3,0-5,0-6,0-11,0-12;5:0-12,2-12,0-1,2-1,0-13,3-1;6:2-11;7:0-11;8:0-11;9:2-14"
298,proposed_c2f_adaptive_pd,9,10,0.9,17,300,0.056666666666666664,11,10,1,6400.0,10.666666666666668,8911.611127740509,558.8614475787641,1.0,6,1,0.0,0.0,0.0,0.0,0.0,0.0,0.0,0.0,0.0,0.0,51597.0,51597.0,0.0,2.0,1.0,3.0,0.0,"0,0,0,0,0,0,0,0,0,0","0:2-13;1:0-4;2:0-1;3:3-8;4:0-1;5:2-3;6:2-7;7:2-0,0-4;8:2-3;9:2-10"
299,proposed_c2f_adaptive_pd,9,10,0.9,15,300,0.05,21,17,4,10880.0,18.133333333333333,10919.636193240269,346.093788200018,1.0,8,1,0.0,0.0,0.0,0.0,0.0,0.0,0.0,0.0,0.0,0.0,89613.0,89613.0,0.0,2.0,1.0,3.0,0.0,"7,7,7,7,7,7,7,7,7,7","0:10-7;1:12-7;2:12-14,12-6,10-12,10-14;3:10-12;4:12-14,12-6,10-14,12-13;5:7-6;6:10-7;7:10-7;8:7-8,7-5,7-4,7-11,7-1,7-9;9:7-1"
300,proposed_c2f_adaptive_pd,10,10,1.0,15,300,0.05,13,8,5,5120.0,8.533333333333333,7116.206294828162,369.4150099007535,1.0,9,1,0.0,0.0,0.0,0.0,0.0,0.0,0.0,0.0,0.0,0.0,63548.0,63548.0,0.0,2.0,1.0,3.0,0.0,"2,2,2,2,2,2,2,2,2,2","0:4-2;1:4-2;2:13-6;3:2-7,2-10;4:4-2;5:2-6,2-12;6:4-2;7:2-0;8:4-2;9:13-11,13-4"
301,proposed_c2f_adaptive_pd,10,10,1.0,8,300,0.02666666666666667,19,11,8,7040.0,11.733333333333334,1547.409406862374,233.62302052350736,0.8421052631578947,2,1,0.0,0.0,0.0,0.0,0.0,0.0,0.0,0.0,0.0,0.0,77044.0,77044.0,0.0,2.0,1.0,3.0,0.0,"3,3,3,3,3,3,3,3,3,3","0:0-3;1:0-3;2:2-8,2-5,2-9,2-14,2-4,2-3;3:0-2;4:13-12,13-11,13-3,0-3,2-3;5:2-3;6:2-4;7:13-3;8:0-11;9:0-5"
302,proposed_c2f_adaptive_pd,10,10,1.0,17,300,0.056666666666666664,16,12,4,7680.0,12.8,6562.303207653189,505.9785539740201,1.0,7,1,0.0,0.0,0.0,0.0,0.0,0.0,0.0,0.0,0.0,0.0,65314.0,65314.0,0.0,2.0,1.0,3.0,0.0,"0,0,0,0,0,0,0,0,0,0","0:0-7;1:3-0;2:3-0;3:10-7;4:0-6;5:0-4;6:0-1;7:10-11,0-5,10-5,10-8,0-8;8:10-0,10-8;9:3-0,3-9"
303,proposed_c2f_adaptive_pd,8,10,0.8,16,300,0.05333333333333334,19,14,5,8960.0,14.933333333333334,14864.337858888079,167.8469084774908,1.0,8,1,0.0,0.0,0.0,0.0,0.0,0.0,0.0,0.0,0.0,0.0,69872.0,69872.0,0.0,2.0,1.0,3.0,0.0,"7,7,7,7,7,7,7,7,7,7","0:3-5;1:2-6;2:2-3;3:3-6;4:3-6;5:2-7;6:5-10;7:2-4;8:5-10,5-6,5-13,5-14,3-10,5-7;9:2-7,5-1,5-11,5-7,3-7"
304,proposed_c2f_adaptive_pd,9,10,0.9,20,300,0.06666666666666667,20,15,5,9600.0,16.0,449.2959606672431,90.05518985951045,1.0,5,1,0.0,0.0,0.0,0.0,0.0,0.0,0.0,0.0,0.0,0.0,82832.0,82832.0,0.0,2.0,1.0,3.0,0.0,"2,2,2,2,2,2,2,2,2,2","0:3-2;1:0-2;2:3-2;3:3-2;4:0-2;5:2-11,2-10,2-7,3-7,3-10,3-11;6:3-1,2-11,0-11,2-1,0-1,3-11;7:2-12;8:2-9;9:2-11"
305,proposed_c2f_adaptive_pd,8,10,0.8,15,300,0.05,14,11,3,7040.0,11.733333333333334,653.6819452500638,121.46962873897365,1.0,5,1,0.0,0.0,0.0,0.0,0.0,0.0,0.0,0.0,0.0,0.0,64077.0,64077.0,0.0,2.0,1.0,3.0,0.0,"3,3,3,3,3,3,3,3,3,3","0:3-2;1:0-3,5-3;2:5-3;3:3-10,3-9;4:0-14,3-14;5:3-9,3-1;6:0-14;7:0-5;8:0-2;9:0-10"
306,proposed_c2f_adaptive_pd,6,10,0.6,16,300,0.05333333333333334,12,6,6,3840.0,6.4,1431.4149350368466,40.38741079552551,1.0,7,1,0.0,0.0,0.0,0.0,0.0,0.0,0.0,0.0,0.0,0.0,64690.0,64690.0,0.0,2.0,1.0,3.0,0.0,"9,9,9,9,9,9,9,9,9,9","0:3-6,9-6;1:8-10;2:8-9;3:8-9;4:3-9;5:3-9;6:3-0;7:9-1;8:3-9,8-9;9:3-0"
307,proposed_c2f_adaptive_pd,9,10,0.9,12,300,0.04,10,5,5,3200.0,5.333333333333334,2021.4309503136544,50.0461202788979,1.0,5,1,0.0,0.0,0.0,0.0,0.0,0.0,0.0,0.0,0.0,0.0,77858.0,77858.0,0.0,3.0,1.0,2.0,0.0,"14,14,14,14,14,14,14,14,14,14",0:0-14;1:0-14;2:0-2;3:0-14;4:12-14;5:12-7;6:0-14;7:12-7;8:0-6;9:0-5
308,proposed_c2f_adaptive_pd,7,10,0.7,17,240,0.07083333333333333,16,13,3,8320.0,13.866666666666667,708.5268575243779,105.04285916673805,0.8125,9,1,0.0,0.0,0.0,0.0,0.0,0.0,0.0,0.0,0.0,0.0,65828.0,65828.0,0.0,2.0,1.0,3.0,0.0,"0,0,0,0,0,0,0,0,0,0","0:0-6;1:14-0;2:11-0;3:14-0;4:0-2;5:11-4;6:0-6;7:0-9,0-6;8:0-7;9:0-12,14-12,0-9,14-5,0-2,0-3"
309,proposed_c2f_adaptive_pd,9,10,0.9,16,300,0.05333333333333334,19,13,6,8320.0,13.866666666666667,4050.9195172192085,107.74529173821935,1.0,7,1,0.0,0.0,0.0,0.0,0.0,0.0,0.0,0.0,0.0,0.0,71200.0,71200.0,0.0,2.0,1.0,3.0,0.0,"0,0,0,0,0,0,0,0,0,0","0:1-0;1:1-3;2:1-0,0-5;3:7-0;4:1-0;5:1-3,1-14,1-8,1-10;6:0-10;7:7-4,7-14,7-9,7-3,7-0,0-7;8:0-14;9:1-0"
310,proposed_c2f_adaptive_pd,9,10,0.9,15,300,0.05,14,8,6,5120.0,8.533333333333333,182.71511292788452,106.10999648966589,1.0,1,1,0.0,0.0,0.0,0.0,0.0,0.0,0.0,0.0,0.0,0.0,62217.0,62217.0,0.0,2.0,1.0,3.0,0.0,"1,1,1,1,1,1,1,1,1,1","0:7-1;1:1-2,1-0,1-13,1-3,9-1;2:9-1;3:9-1;4:7-3;5:7-1;6:9-1;7:9-4;8:1-2;9:1-5"
311,proposed_c2f_adaptive_pd,9,10,0.9,16,300,0.05333333333333334,25,20,5,12800.0,21.333333333333336,6312.552645784023,90.168592066419,1.0,6,1,0.0,0.0,0.0,0.0,0.0,0.0,0.0,0.0,0.0,0.0,95647.0,95647.0,0.0,2.0,1.0,3.0,0.0,"8,8,8,8,8,8,8,8,8,8","0:6-8;1:0-6;2:7-8;3:7-8;4:0-5;5:6-8;6:7-10,6-10,7-3,7-11,7-8,7-2;7:0-5,0-1,0-9,6-1,6-5,0-12;8:6-14;9:0-1,0-5,0-9,6-9,7-1,6-5"
312,proposed_c2f_adaptive_pd,9,10,0.9,12,270,0.044444444444444446,16,11,5,7040.0,11.733333333333334,8337.332488394542,64.63042303652196,0.9375,0,1,0.0,0.0,0.0,0.0,0.0,0.0,0.0,0.0,0.0,0.0,61869.0,61869.0,0.0,2.0,1.0,3.0,0.0,"7,7,7,7,7,7,7,7,7,7","0:0-3,1-3,7-13,1-10,7-10,1-13;1:0-7;2:1-3;3:0-7;4:0-1;5:0-7;6:7-3;7:0-4;8:0-7,1-7;9:7-2"
313,proposed_c2f_adaptive_pd,10,10,1.0,10,300,0.03333333333333333,18,10,8,6400.0,10.666666666666668,822.7917318371052,294.55261385452786,1.0,6,1,0.0,0.0,0.0,0.0,0.0,0.0,0.0,0.0,0.0,0.0,75400.0,75400.0,0.0,2.0,1.0,3.0,0.0,"6,6,6,6,6,6,6,6,6,6","0:5-6;1:5-14,5-13,5-6;2:0-7;3:6-2;4:5-6,6-5;5:0-6;6:6-2,0-10,0-6,6-10,6-14,6-0;7:0-6;8:0-6;9:0-6"
314,proposed_c2f_adaptive_pd,10,10,1.0,15,300,0.05,19,17,2,10880.0,18.133333333333333,5928.834394494369,341.5670959973494,1.0,0,1,0.0,0.0,0.0,0.0,0.0,0.0,0.0,0.0,0.0,0.0,67394.0,67394.0,0.0,2.0,1.0,3.0,0.0,"3,3,3,3,3,3,3,3,3,3","0:0-4,0-7,0-14,0-2,2-0,0-10;1:0-6;2:2-4;3:0-11;4:0-4;5:0-3;6:0-4;7:3-1;8:0-11;9:0-14,3-14,3-1,3-10,0-3"
315,proposed_c2f_adaptive_pd,8,10,0.8,12,300,0.04,20,11,9,7040.0,11.733333333333334,8908.236245129005,43.7950265176172,1.0,8,1,0.0,0.0,0.0,0.0,0.0,0.0,0.0,0.0,0.0,0.0,83526.0,83526.0,0.0,2.0,1.0,3.0,0.0,"0,0,0,0,0,0,0,0,0,0","0:0-4;1:1-0;2:1-0;3:8-0,1-0;4:0-6;5:8-0;6:0-6;7:0-4,0-10,1-0,8-0;8:8-14,8-9,1-2,8-4,8-3,1-13;9:1-0,8-0"
316,proposed_c2f_adaptive_pd,7,10,0.7,9,300,0.03,17,10,7,6400.0,10.666666666666668,6809.334975308162,27.86614442845775,1.0,6,1,0.0,0.0,0.0,0.0,0.0,0.0,0.0,0.0,0.0,0.0,70831.0,70831.0,0.0,2.0,1.0,3.0,0.0,"11,11,11,11,11,11,11,11,11,11","0:1-11;1:0-11;2:1-11;3:1-11;4:11-12,1-11,0-11;5:11-3;6:11-3,11-12,1-3,1-12,0-3,11-5;7:1-11;8:1-4;9:0-13"
317,proposed_c2f_adaptive_pd,9,10,0.9,16,300,0.05333333333333334,16,14,2,8960.0,14.933333333333334,621.8240539482025,169.00301906718593,1.0,9,1,0.0,0.0,0.0,0.0,0.0,0.0,0.0,0.0,0.0,0.0,107730.0,107730.0,0.0,3.0,1.0,2.0,0.0,"6,6,6,6,6,6,6,6,6,6","0:1-4;1:1-2;2:1-4;3:1-3;4:4-6;5:4-6;6:1-3;7:1-4;8:4-7,1-5;9:1-10,1-5,4-10,4-1,1-11,1-4"
318,proposed_c2f_adaptive_pd,8,10,0.8,12,270,0.044444444444444446,16,12,4,7680.0,12.8,156.05312156876352,41.34605507257102,0.9375,8,1,0.0,0.0,0.0,0.0,0.0,0.0,0.0,0.0,0.0,0.0,65596.0,65596.0,0.0,2.0,1.0,3.0,0.0,"0,0,0,0,0,0,0,0,0,0","0:0-11;1:13-0;2:13-14;3:0-11;4:14-0,13-0;5:0-10;6:0-2;7:13-1;8:0-10,0-9,14-10,13-10,0-5,0-6;9:13-0"
319,proposed_c2f_adaptive_pd,7,10,0.7,13,270,0.04814814814814815,10,5,5,3200.0,5.333333333333334,5853.515052084824,46.97858538344775,0.9,1,0,0.0,0.0,0.0,0.0,0.0,0.0,0.0,0.0,0.0,0.0,47491.0,47491.0,0.0,2.0,1.0,3.0,0.0,"11,11,11,11,11,11,11,11,11,11",0:4-11;1:4-3;2:2-11;3:2-11;4:2-9;5:11-5;6:11-1;7:2-11;8:2-11;9:2-9
320,proposed_c2f_adaptive_pd,7,10,0.7,19,300,0.06333333333333334,18,13,5,8320.0,13.866666666666667,906.2466264390781,34.50537604408827,1.0,5,1,0.0,0.0,0.0,0.0,0.0,0.0,0.0,0.0,0.0,0.0,95672.0,95672.0,0.0,2.0,1.0,3.0,0.0,"4,4,4,4,4,4,4,4,4,4","0:4-9;1:0-4;2:4-7;3:4-5,0-4,3-4;4:0-1;5:0-6,3-6,0-13,0-12,3-12,4-13;6:0-1;7:3-4,0-4;8:0-3;9:0-1"
321,proposed_c2f_adaptive_pd,10,10,1.0,14,300,0.04666666666666667,14,9,5,5760.0,9.600000000000001,559.2089863033477,64.64202708650572,0.9285714285714286,7,1,0.0,0.0,0.0,0.0,0.0,0.0,0.0,0.0,0.0,0.0,104348.0,104348.0,0.0,3.0,1.0,2.0,0.0,"8,8,8,8,8,8,8,8,8,8","0:0-8;1:0-1;2:0-3;3:3-4,0-4;4:3-9,3-8;5:0-8;6:0-4;7:3-5,3-9;8:3-8;9:0-8,0-2"
322,proposed_c2f_adaptive_pd,10,10,1.0,16,300,0.05333333333333334,14,10,4,6400.0,10.666666666666668,1829.026345862206,300.58436249980576,1.0,0,1,0.0,0.0,0.0,0.0,0.0,0.0,0.0,0.0,0.0,0.0,49407.0,49407.0,0.0,2.0,1.0,3.0,0.0,"2,2,2,2,2,2,2,2,2,2","0:13-14,13-7,13-2;1:12-0;2:12-7;3:13-2;4:2-0;5:2-4;6:12-2;7:12-7;8:13-14,13-6;9:12-2,12-0"
323,proposed_c2f_adaptive_pd,8,10,0.8,17,270,0.06296296296296296,11,5,6,3200.0,5.333333333333334,20221.60164809771,182.06192294288826,0.9090909090909091,4,1,0.0,0.0,0.0,0.0,0.0,0.0,0.0,0.0,0.0,0.0,59128.0,59128.0,0.0,2.0,1.0,3.0,0.0,"0,0,0,0,0,0,0,0,0,0","0:4-0;1:10-0;2:10-2;3:4-0;4:0-6;5:4-0;6:10-2;7:4-0;8:4-5;9:4-0,0-3"
324,proposed_c2f_adaptive_pd,9,10,0.9,10,300,0.03333333333333333,10,9,1,5760.0,9.600000000000001,2100.314750149397,85.57423041298384,1.0,9,1,0.0,0.0,0.0,0.0,0.0,0.0,0.0,0.0,0.0,0.0,64342.0,64342.0,0.0,3.0,1.0,2.0,0.0,"1,1,1,1,1,1,1,1,1,1",0:0-7;1:0-2;2:1-2;3:0-12;4:0-5;5:0-1;6:0-6;7:0-2;8:0-11;9:1-7
325,proposed_c2f_adaptive_pd,10,10,1.0,9,300,0.03,20,14,6,8960.0,14.933333333333334,1087.057234475257,425.9951942360724,1.0,1,1,0.0,0.0,0.0,0.0,0.0,0.0,0.0,0.0,0.0,0.0,77328.0,77328.0,0.0,2.0,1.0,3.0,0.0,"5,5,5,5,5,5,5,5,5,5","0:0-14;1:6-7,0-7,5-7,6-3,6-8,6-4;2:6-5;3:0-5;4:6-5;5:0-5;6:0-13,0-10,0-11,0-5,0-1,0-4;7:0-7;8:5-9;9:0-5"
326,proposed_c2f_adaptive_pd,10,10,1.0,13,300,0.043333333333333335,19,11,8,7040.0,11.733333333333334,359.1593816337971,80.95713619232285,1.0,0,1,0.0,0.0,0.0,0.0,0.0,0.0,0.0,0.0,0.0,0.0,75588.0,75588.0,0.0,2.0,1.0,3.0,0.0,"0,0,0,0,0,0,0,0,0,0","0:9-4,5-4,6-4,9-0,9-1,5-0;1:6-0;2:9-0;3:5-2;4:6-3,6-0;5:9-10;6:6-0,5-0,9-0;7:5-6;8:5-2;9:6-3,5-3"
327,proposed_c2f_adaptive_pd,10,10,1.0,17,300,0.056666666666666664,14,5,9,3200.0,5.333333333333334,4904.017170704452,111.052237633248,1.0,4,1,0.0,0.0,0.0,0.0,0.0,0.0,0.0,0.0,0.0,0.0,58269.0,58269.0,0.0,2.0,1.0,3.0,0.0,"2,2,2,2,2,2,2,2,2,2","0:3-7,14-7,3-2;1:4-2;2:4-2;3:3-14;4:3-11;5:4-2;6:3-2,4-2;7:3-2,4-2;8:4-2;9:3-0"
328,proposed_c2f_adaptive_pd,10,10,1.0,15,300,0.05,21,13,8,8320.0,13.866666666666667,23953.554232381317,49.660977976825166,1.0,4,1,0.0,0.0,0.0,0.0,0.0,0.0,0.0,0.0,0.0,0.0,89274.0,89274.0,0.0,2.0,1.0,3.0,0.0,"3,3,3,3,3,3,3,3,3,3","0:13-3;1:0-3;2:13-3;3:13-3;4:3-12,3-5,3-11,13-3,13-12,3-13;5:0-9,0-3;6:3-4,3-5,3-1,3-11,3-2,3-12;7:0-3;8:0-10;9:13-3"
329,proposed_c2f_adaptive_pd,9,10,0.9,15,300,0.05,18,13,5,8320.0,13.866666666666667,11741.009524173254,83.79771343565173,1.0,4,1,0.0,0.0,0.0,0.0,0.0,0.0,0.0,0.0,0.0,0.0,70510.0,70510.0,0.0,2.0,1.0,3.0,0.0,"1,1,1,1,1,1,1,1,1,1","0:3-1;1:1-7;2:3-1;3:14-1;4:3-13,3-0,14-13,14-0,3-14,14-3;5:1-7;6:14-13;7:1-8,1-6,14-1,3-1;8:14-0;9:3-14"
330,proposed_c2f_adaptive_pd,9,10,0.9,13,300,0.043333333333333335,16,12,4,7680.0,12.8,175.06599668481053,75.37258829626693,1.0,2,1,0.0,0.0,0.0,0.0,0.0,0.0,0.0,0.0,0.0,0.0,60723.0,60723.0,0.0,2.0,1.0,3.0,0.0,"0,0,0,0,0,0,0,0,0,0","0:3-1;1:5-0;2:0-7,3-7,5-7,0-8,0-4,3-0;3:0-1;4:3-1;5:0-1;6:0-7;7:0-12;8:0-4;9:5-0,3-0"
331,proposed_c2f_adaptive_pd,8,10,0.8,15,300,0.05,23,18,5,11520.0,19.200000000000003,961.1642246370815,46.36115206986692,0.8695652173913043,0,1,0.0,0.0,0.0,0.0,0.0,0.0,0.0,0.0,0.0,0.0,91201.0,91201.0,0.0,2.0,1.0,3.0,0.0,"3,3,3,3,3,3,3,3,3,3","0:0-9,6-9,0-14,6-14,0-10,6-10;1:3-12,0-12;2:6-3;3:3-11,6-3,0-3;4:0-5,6-5,0-13,6-13,0-6,6-0;5:6-3;6:6-3;7:3-7;8:0-2;9:0-6"
332,proposed_c2f_adaptive_pd,10,10,1.0,21,300,0.07,21,15,6,9600.0,16.0,1287.2136137836799,191.3559871612954,1.0,2,1,0.0,0.0,0.0,0.0,0.0,0.0,0.0,0.0,0.0,0.0,89076.0,89076.0,0.0,2.0,1.0,3.0,0.0,"1,1,1,1,1,1,1,1,1,1","0:6-1;1:6-1;2:6-11,7-11,6-12,7-14,6-5,6-3;3:6-1;4:6-3;5:6-1;6:1-9;7:1-2,1-4,1-3,1-13,7-1,6-1;8:1-2;9:1-0,7-0"
333,proposed_c2f_adaptive_pd,8,10,0.8,14,300,0.04666666666666667,22,14,8,8960.0,14.933333333333334,2599.495836806095,61.83465821862481,1.0,8,1,0.0,0.0,0.0,0.0,0.0,0.0,0.0,0.0,0.0,0.0,80416.0,80416.0,0.0,2.0,1.0,3.0,0.0,"9,9,9,9,9,9,9,9,9,9","0:2-9;1:10-9;2:10-9,2-14;3:3-9,10-9;4:2-1;5:10-11,10-9,10-7,2-7,10-14,2-14;6:2-9;7:3-9;8:3-0,3-4,3-5,3-8,3-1,3-13;9:2-0"
334,proposed_c2f_adaptive_pd,9,10,0.9,11,270,0.040740740740740744,11,4,7,2560.0,4.266666666666667,195.5107659445086,16.701694219003343,0.9090909090909091,5,0,0.0,0.0,0.0,0.0,0.0,0.0,0.0,0.0,0.0,0.0,54631.0,54631.0,0.0,2.0,1.0,3.0,0.0,"0,0,0,0,0,0,0,0,0,0","0:2-0,4-0;1:2-1;2:2-0;3:4-0;4:4-0;5:4-1;6:4-0;7:0-5;8:2-7;9:2-0"
335,proposed_c2f_adaptive_pd,10,10,1.0,11,300,0.03666666666666667,19,11,8,7040.0,11.733333333333334,24081.79393942939,25.99119229222726,1.0,1,1,0.0,0.0,0.0,0.0,0.0,0.0,0.0,0.0,0.0,0.0,75947.0,75947.0,0.0,2.0,1.0,3.0,0.0,"3,3,3,3,3,3,3,3,3,3","0:8-3;1:3-14,3-13,0-3,8-3;2:0-9;3:0-3;4:8-3,0-3;5:0-6,0-5,3-6,0-4,8-6,3-5;6:0-11;7:0-3;8:8-7;9:8-3"
336,proposed_c2f_adaptive_pd,8,10,0.8,10,270,0.037037037037037035,23,15,8,9600.0,16.0,184.04685725033988,29.032477951682868,0.9565217391304348,6,1,0.0,0.0,0.0,0.0,0.0,0.0,0.0,0.0,0.0,0.0,79181.0,79181.0,0.0,2.0,1.0,3.0,0.0,"6,6,6,6,6,6,6,6,6,6","0:8-6;1:1-6;2:6-11,8-9,6-9,6-0,8-6,1-6;3:1-5;4:1-6;5:1-12,1-14,1-6,8-6;6:8-9,6-0,6-9,8-4,8-2,8-11;7:1-3;8:1-6;9:1-3"
337,proposed_c2f_adaptive_pd,7,10,0.7,20,300,0.06666666666666667,20,18,2,11520.0,19.200000000000003,3063.789950716017,67.97488703701879,1.0,5,1,0.0,0.0,0.0,0.0,0.0,0.0,0.0,0.0,0.0,0.0,81670.0,81670.0,0.0,2.0,1.0,3.0,0.0,"13,13,13,13,13,13,13,13,13,13","0:13-1;1:14-13;2:0-13;3:0-14;4:0-8;5:14-9,13-9,0-9,14-3,13-3,14-7;6:0-1;7:14-8,0-12,0-8,0-10,14-0,0-14;8:0-2;9:0-14"
338,proposed_c2f_adaptive_pd,10,10,1.0,14,300,0.04666666666666667,25,18,7,11520.0,19.200000000000003,1786.1832234095132,248.3210454964571,1.0,8,1,0.0,0.0,0.0,0.0,0.0,0.0,0.0,0.0,0.0,0.0,90766.0,90766.0,0.0,2.0,1.0,3.0,0.0,"5,5,5,5,5,5,5,5,5,5","0:12-5;1:12-5;2:12-5;3:12-5;4:7-5;5:7-10,12-10,12-1,7-12,12-7,5-10;6:12-10,7-10,5-10,12-0,7-0,12-5;7:7-5;8:12-10,7-10,5-10,12-0,7-0,5-0;9:5-6"
339,proposed_c2f_adaptive_pd,10,10,1.0,14,300,0.04666666666666667,16,11,5,7040.0,11.733333333333334,364.87341813884564,353.08022938487886,1.0,8,1,0.0,0.0,0.0,0.0,0.0,0.0,0.0,0.0,0.0,0.0,56516.0,56516.0,0.0,2.0,1.0,3.0,0.0,"4,4,4,4,4,4,4,4,4,4","0:8-4;1:6-0;2:7-4;3:6-0;4:7-4,6-10;5:6-4;6:7-10;7:6-4;8:7-11,6-11,7-12,7-13,6-12,7-1;9:6-0"
340,proposed_c2f_adaptive_pd,10,10,1.0,11,300,0.03666666666666667,18,12,6,7680.0,12.8,5490.385081045754,196.87855934080488,1.0,9,1,0.0,0.0,0.0,0.0,0.0,0.0,0.0,0.0,0.0,0.0,82559.0,82559.0,0.0,2.0,1.0,3.0,0.0,"0,0,0,0,0,0,0,0,0,0","0:2-0,4-0;1:4-9;2:2-0;3:2-0;4:2-11,4-12;5:0-9;6:2-0;7:0-6,0-3;8:2-7;9:0-8,0-3,2-8,0-7,2-0,0-2"
341,proposed_c2f_adaptive_pd,10,10,1.0,17,300,0.056666666666666664,21,14,7,8960.0,14.933333333333334,5237.445104591589,80.57094513621715,1.0,7,1,0.0,0.0,0.0,0.0,0.0,0.0,0.0,0.0,0.0,0.0,87080.0,87080.0,0.0,2.0,1.0,3.0,0.0,"5,5,5,5,5,5,5,5,5,5","0:9-5;1:0-2;2:9-5,0-5;3:0-5;4:5-4;5:0-5;6:9-5;7:9-8,0-8,5-8,9-11,9-10,9-1;8:5-4;9:5-14,5-4,5-7,0-14,0-5,5-13"
342,proposed_c2f_adaptive_pd,10,10,1.0,15,300,0.05,19,13,6,8320.0,13.866666666666667,16222.046471636346,2329.4623581719025,0.9473684210526315,8,1,0.0,0.0,0.0,0.0,0.0,0.0,0.0,0.0,0.0,0.0,78024.0,78024.0,0.0,2.0,1.0,3.0,0.0,"7,7,7,7,7,7,7,7,7,7","0:7-10,7-1,4-10,4-1;1:7-10;2:4-7;3:4-7;4:0-7;5:0-7;6:7-10;7:4-7;8:7-10,7-11,7-1,4-10,0-10,4-11;9:7-5,0-7"
343,proposed_c2f_adaptive_pd,10,10,1.0,10,300,0.03333333333333333,11,9,2,5760.0,9.600000000000001,578.8313900301075,522.300127869551,1.0,2,1,0.0,0.0,0.0,0.0,0.0,0.0,0.0,0.0,0.0,0.0,81630.0,81630.0,0.0,3.0,1.0,2.0,0.0,"2,2,2,2,2,2,2,2,2,2","0:0-1;1:0-2,0-9;2:2-3;3:2-1;4:0-9;5:0-7;6:2-1;7:0-2;8:0-1;9:0-7"
344,proposed_c2f_adaptive_pd,8,10,0.8,14,270,0.05185185185185185,21,11,10,7040.0,11.733333333333334,529.0805483839935,189.74888929276108,0.9523809523809523,7,1,0.0,0.0,0.0,0.0,0.0,0.0,0.0,0.0,0.0,0.0,83300.0,83300.0,0.0,2.0,1.0,3.0,0.0,"1,1,1,1,1,1,1,1,1,1","0:4-1;1:8-1;2:0-5,0-1,8-1,4-1;3:4-1;4:0-5;5:0-3;6:0-13,4-1,0-1,8-1;7:4-12,8-12,8-4,4-8,4-9,4-3;8:0-2;9:4-1"
345,proposed_c2f_adaptive_pd,8,10,0.8,13,300,0.043333333333333335,11,2,9,1280.0,2.1333333333333333,300.8404359427806,37.98013846311528,1.0,1,1,0.0,0.0,0.0,0.0,0.0,0.0,0.0,0.0,0.0,0.0,42746.0,42746.0,0.0,2.0,1.0,3.0,0.0,"8,8,8,8,8,8,8,8,8,8","0:2-8,0-8;1:8-14;2:0-8;3:2-8;4:2-8;5:2-8;6:2-8;7:0-8;8:0-1;9:0-8"
346,proposed_c2f_adaptive_pd,9,10,0.9,10,270,0.037037037037037035,20,15,5,9600.0,16.0,904.3874963047887,68.34473416204709,0.9,8,1,0.0,0.0,0.0,0.0,0.0,0.0,0.0,0.0,0.0,0.0,86196.0,86196.0,0.0,2.0,1.0,3.0,0.0,"0,0,0,0,0,0,0,0,0,0","0:6-0,6-1;1:0-14;2:6-0;3:8-7;4:8-1;5:6-0;6:8-4,8-14,8-1,8-0,6-0;7:0-11;8:8-14,6-14,8-4,8-7,0-14,8-12;9:8-14"
347,proposed_c2f_adaptive_pd,8,10,0.8,12,300,0.04,22,18,4,11520.0,19.200000000000003,1731.3248365210573,62.01426364393113,1.0,9,1,0.0,0.0,0.0,0.0,0.0,0.0,0.0,0.0,0.0,0.0,85537.0,85537.0,0.0,2.0,1.0,3.0,0.0,"0,0,0,0,0,0,0,0,0,0","0:0-3;1:8-0;2:1-0;3:1-13,8-13,0-13,1-9,1-12,8-12;4:0-13;5:1-12;6:0-14;7:0-3;8:1-3,1-0,8-0;9:0-14,0-12,8-14,0-10,1-14,8-12"
348,proposed_c2f_adaptive_pd,9,10,0.9,16,300,0.05333333333333334,15,11,4,7040.0,11.733333333333334,2480.9894176545777,70.36482197869012,1.0,7,1,0.0,0.0,0.0,0.0,0.0,0.0,0.0,0.0,0.0,0.0,70174.0,70174.0,0.0,2.0,1.0,3.0,0.0,"0,0,0,0,0,0,0,0,0,0","0:11-0;1:0-10;2:11-7;3:2-0;4:0-6;5:0-3;6:11-0;7:0-6,0-14,2-6,2-14,11-6,0-12;8:11-0;9:2-1"
349,proposed_c2f_adaptive_pd,8,10,0.8,17,270,0.06296296296296296,21,15,6,9600.0,16.0,1860.9328642766159,86.31034715778398,0.9523809523809523,5,1,0.0,0.0,0.0,0.0,0.0,0.0,0.0,0.0,0.0,0.0,80375.0,80375.0,0.0,2.0,1.0,3.0,0.0,"0,0,0,0,0,0,0,0,0,0","0:14-0;1:14-0,14-10;2:9-3,0-3,9-5,9-1,0-5,14-3;3:0-3;4:9-0;5:9-13,9-11,9-12,9-3,9-4,9-0;6:0-1;7:9-0;8:0-2;9:14-0"
350,proposed_c2f_adaptive_pd,10,10,1.0,18,300,0.06,15,9,6,5760.0,9.600000000000001,318.2068903917767,41.3773653587849,1.0,1,1,0.0,0.0,0.0,0.0,0.0,0.0,0.0,0.0,0.0,0.0,77698.0,77698.0,0.0,2.0,1.0,3.0,0.0,"5,5,5,5,5,5,5,5,5,5","0:13-4,0-13,13-1;1:13-4,13-6;2:1-5;3:1-5;4:1-5;5:0-7;6:0-10;7:0-1;8:13-5,1-5,0-5;9:0-4"
351,proposed_c2f_adaptive_pd,8,10,0.8,15,300,0.05,24,18,6,11520.0,19.200000000000003,393.1501365424741,146.1939749109582,0.9583333333333334,6,1,0.0,0.0,0.0,0.0,0.0,0.0,0.0,0.0,0.0,0.0,97931.0,97931.0,0.0,2.0,1.0,3.0,0.0,"0,0,0,0,0,0,0,0,0,0","0:0-3,6-3,6-0,13-0;1:13-0,6-0;2:6-0;3:6-1;4:6-2;5:0-4;6:13-2,13-5,13-11,13-14,6-5,6-2;7:13-2,13-5,6-2,13-11,0-11,13-0;8:0-7;9:13-2"
352,proposed_c2f_adaptive_pd,10,10,1.0,16,300,0.05333333333333334,11,7,4,4480.0,7.466666666666667,804.2783560419672,62.472458606308436,1.0,5,1,0.0,0.0,0.0,0.0,0.0,0.0,0.0,0.0,0.0,0.0,50722.0,50722.0,0.0,2.0,1.0,3.0,0.0,"4,4,4,4,4,4,4,4,4,4","0:1-4;1:0-1;2:0-2;3:1-4;4:0-2;5:0-8,0-9;6:0-4;7:4-6;8:0-8;9:1-4"
353,proposed_c2f_adaptive_pd,10,10,1.0,21,300,0.07,23,21,2,13440.0,22.4,501659.10887063853,177.79937102181765,1.0,1,1,0.0,0.0,0.0,0.0,0.0,0.0,0.0,0.0,0.0,0.0,138212.0,138212.0,0.0,3.0,1.0,2.0,0.0,"1,1,1,1,1,1,1,1,1,1","0:0-1,0-2;1:0-7,0-8,0-11,0-10,0-9,0-12;2:0-14;3:1-2;4:1-10,1-7;5:0-3;6:1-3;7:0-7,0-1;8:0-8,0-9,0-11,0-7,0-10,0-13;9:1-5"
354,proposed_c2f_adaptive_pd,10,10,1.0,11,300,0.03666666666666667,17,11,6,7040.0,11.733333333333334,7656.433310228911,921.8656690613212,1.0,7,1,0.0,0.0,0.0,0.0,0.0,0.0,0.0,0.0,0.0,0.0,73961.0,73961.0,0.0,2.0,1.0,3.0,0.0,"5,5,5,5,5,5,5,5,5,5","0:9-6;1:3-1,5-1;2:3-5;3:9-2;4:3-5,9-5;5:5-8,3-5;6:3-7;7:5-13,5-4,5-1,5-0,3-5;8:9-5;9:3-2"
355,proposed_c2f_adaptive_pd,9,10,0.9,10,270,0.037037037037037035,13,4,9,2560.0,4.266666666666667,652.5124834007636,159.84868635572946,0.9230769230769231,3,1,0.0,0.0,0.0,0.0,0.0,0.0,0.0,0.0,0.0,0.0,50397.0,50397.0,0.0,2.0,1.0,3.0,0.0,"9,9,9,9,9,9,9,9,9,9","0:0-9;1:0-1;2:0-9;3:0-9,4-0;4:0-9;5:0-9;6:9-10;7:4-9;8:0-9,0-1;9:0-9,4-9"
356,proposed_c2f_adaptive_pd,9,10,0.9,11,300,0.03666666666666667,21,16,5,10240.0,17.066666666666666,185.8181398349916,39.33270023804773,1.0,1,1,0.0,0.0,0.0,0.0,0.0,0.0,0.0,0.0,0.0,0.0,78936.0,78936.0,0.0,2.0,1.0,3.0,0.0,"2,2,2,2,2,2,2,2,2,2","0:1-2;1:2-0,2-3,1-0,1-3,2-7,2-13;2:1-5;3:1-2;4:6-5;5:6-5,1-5,6-4,6-8,1-6,6-1;6:6-2,1-2;7:6-2;8:6-5;9:1-4"
357,proposed_c2f_adaptive_pd,7,10,0.7,18,270,0.06666666666666667,16,11,5,7040.0,11.733333333333334,60134.778129540326,24.952127779174653,0.9375,2,1,0.0,0.0,0.0,0.0,0.0,0.0,0.0,0.0,0.0,0.0,108073.0,108073.0,0.0,3.0,1.0,2.0,0.0,"1,1,1,1,1,1,1,1,1,1","0:9-3;1:1-0;2:9-10,9-3,9-13,9-11,1-10,9-12;3:9-1;4:1-0;5:9-14,9-1;6:9-1;7:9-1;8:1-5;9:9-1"
358,proposed_c2f_adaptive_pd,9,10,0.9,18,300,0.06,18,12,6,7680.0,12.8,2131.250290862881,199.24776739823002,0.9444444444444444,2,1,0.0,0.0,0.0,0.0,0.0,0.0,0.0,0.0,0.0,0.0,75947.0,75947.0,0.0,2.0,1.0,3.0,0.0,"1,1,1,1,1,1,1,1,1,1","0:1-13;1:2-1;2:2-9,2-8,2-4,2-3,1-9,2-1;3:5-1;4:1-0;5:5-13;6:1-0;7:2-1;8:1-12,2-12,2-1,5-1;9:1-0"
359,proposed_c2f_adaptive_pd,10,10,1.0,15,300,0.05,20,14,6,8960.0,14.933333333333334,5960.614888694071,666.8371800462638,0.85,0,1,0.0,0.0,0.0,0.0,0.0,0.0,0.0,0.0,0.0,0.0,79688.0,79688.0,0.0,2.0,1.0,3.0,0.0,"3,3,3,3,3,3,3,3,3,3","0:0-6,0-13,0-10,0-4,3-13,0-1;1:0-3;2:0-3;3:8-3;4:8-3;5:3-5;6:0-5;7:8-3;8:8-3;9:3-2,8-2,3-14,3-5,0-2,3-9"
360,proposed_c2f_adaptive_pd,10,10,1.0,19,300,0.06333333333333334,22,18,4,11520.0,19.200000000000003,3408.128678176295,164.00707929755345,1.0,5,1,0.0,0.0,0.0,0.0,0.0,0.0,0.0,0.0,0.0,0.0,80095.0,80095.0,0.0,2.0,1.0,3.0,0.0,"2,2,2,2,2,2,2,2,2,2","0:1-11,14-11,3-1,1-3,1-8,1-7;1:1-0;2:14-2;3:3-2,3-10;4:3-10;5:1-11,3-11,3-1,1-3,14-11,1-4;6:14-2;7:1-11,3-2;8:3-4;9:1-7"
361,proposed_c2f_adaptive_pd,10,10,1.0,18,300,0.06,16,13,3,8320.0,13.866666666666667,2852017.0479587708,73.00913655202385,1.0,4,1,0.0,0.0,0.0,0.0,0.0,0.0,0.0,0.0,0.0,0.0,120073.0,120073.0,0.0,3.0,1.0,2.0,0.0,"0,0,0,0,0,0,0,0,0,0","0:0-4;1:0-7;2:0-10;3:0-4;4:0-9,0-3,0-11,0-1,2-9,2-0;5:2-0;6:2-3,2-6;7:0-1;8:0-3;9:2-0"
362,proposed_c2f_adaptive_pd,9,10,0.9,9,300,0.03,27,15,12,9600.0,16.0,955.6502528572007,161.06214400309926,1.0,9,1,0.0,0.0,0.0,0.0,0.0,0.0,0.0,0.0,0.0,0.0,68441.0,68441.0,0.0,2.0,1.0,3.0,0.0,"6,6,6,6,6,6,6,6,6,6","0:13-6;1:1-0;2:1-6;3:1-6;4:1-6;5:1-0;6:1-14,2-14,1-6,13-6,2-6;7:13-11,13-0,2-11,2-0,1-11,13-6;8:13-1,13-6,1-6,2-6;9:1-14,13-14,2-14,1-7,1-6,1-5"
363,proposed_c2f_adaptive_pd,9,10,0.9,16,300,0.05333333333333334,13,6,7,3840.0,6.4,1009.6129829741291,21.871658258388987,1.0,6,1,0.0,0.0,0.0,0.0,0.0,0.0,0.0,0.0,0.0,0.0,61519.0,61519.0,0.0,2.0,1.0,3.0,0.0,"3,3,3,3,3,3,3,3,3,3","0:0-3;1:12-3;2:0-2;3:0-3;4:0-5;5:0-8;6:3-13,0-13;7:0-3,12-3;8:3-1,0-3;9:0-3"
364,proposed_c2f_adaptive_pd,10,10,1.0,18,300,0.06,15,11,4,7040.0,11.733333333333334,1952.968479406615,219.97713940007154,1.0,2,1,0.0,0.0,0.0,0.0,0.0,0.0,0.0,0.0,0.0,0.0,69764.0,69764.0,0.0,2.0,1.0,3.0,0.0,"2,2,2,2,2,2,2,2,2,2","0:7-1;1:12-2;2:12-5,12-0,2-5,12-1,12-8,12-6;3:12-5;4:12-0;5:12-2;6:2-9;7:7-1;8:12-2;9:12-2"
365,proposed_c2f_adaptive_pd,9,10,0.9,9,270,0.03333333333333333,28,20,8,12800.0,21.333333333333336,5447.414965305137,389.86790572474274,0.8571428571428571,4,1,0.0,0.0,0.0,0.0,0.0,0.0,0.0,0.0,0.0,0.0,90885.0,90885.0,0.0,2.0,1.0,3.0,0.0,"0,0,0,0,0,0,0,0,0,0","0:0-7;1:14-0;2:1-5,1-8,1-6,1-7,1-0,1-11;3:1-6,1-5,1-7,0-6,0-5,0-7;4:1-5,1-7,1-6,1-8,1-0,0-1;5:1-0,1-5;6:1-6;7:1-0;8:1-8,1-0,14-0;9:14-0"
366,proposed_c2f_adaptive_pd,9,10,0.9,13,300,0.043333333333333335,20,12,8,7680.0,12.8,8252.394273562179,54.56548380988731,0.95,1,1,0.0,0.0,0.0,0.0,0.0,0.0,0.0,0.0,0.0,0.0,80868.0,80868.0,0.0,2.0,1.0,3.0,0.0,"14,14,14,14,14,14,14,14,14,14","0:3-6;1:9-4,9-3,3-9,3-13,9-12,3-4;2:3-4;3:3-14;4:0-14;5:0-3;6:0-14,9-14;7:3-14;8:3-6,3-2,3-14,9-14,0-14;9:0-7"
367,proposed_c2f_adaptive_pd,9,10,0.9,8,270,0.02962962962962963,18,11,7,7040.0,11.733333333333334,4505.891443617533,329.7488634173989,0.9444444444444444,8,1,0.0,0.0,0.0,0.0,0.0,0.0,0.0,0.0,0.0,0.0,84413.0,84413.0,0.0,2.0,1.0,3.0,0.0,"0,0,0,0,0,0,0,0,0,0","0:3-7,3-0;1:6-4,6-0,3-0;2:0-4;3:3-0;4:3-0;5:6-0;6:3-0;7:6-12;8:6-4,3-4,6-7,3-7,6-1,6-14;9:0-5"
368,proposed_c2f_adaptive_pd,8,10,0.8,17,300,0.056666666666666664,10,1,9,640.0,1.0666666666666667,124.281965895921,38.723558995089846,1.0,2,0,0.0,0.0,0.0,0.0,0.0,0.0,0.0,0.0,0.0,0.0,46497.0,46497.0,0.0,2.0,1.0,3.0,0.0,"9,9,9,9,9,9,9,9,9,9",0:4-9;1:10-9;2:1-8;3:4-9;4:4-9;5:4-9;6:1-9;7:10-9;8:4-9;9:10-9
369,proposed_c2f_adaptive_pd,9,10,0.9,18,300,0.06,12,8,4,5120.0,8.533333333333333,557.453182460107,34.068529956850035,1.0,1,1,0.0,0.0,0.0,0.0,0.0,0.0,0.0,0.0,0.0,0.0,45015.0,45015.0,0.0,2.0,1.0,3.0,0.0,"0,0,0,0,0,0,0,0,0,0","0:2-3;1:0-1;2:2-0,8-0;3:2-5;4:0-1;5:0-10,8-10;6:2-13;7:8-0;8:0-5;9:2-0"
370,proposed_c2f_adaptive_pd,9,10,0.9,6,300,0.02,15,8,7,5120.0,8.533333333333333,7168.581114927752,69.02099942531129,1.0,1,1,0.0,0.0,0.0,0.0,0.0,0.0,0.0,0.0,0.0,0.0,57496.0,57496.0,0.0,2.0,1.0,3.0,0.0,"5,5,5,5,5,5,5,5,5,5","0:14-5;1:1-4,1-10,1-12,1-2,14-4,1-5;2:1-5;3:1-4;4:1-4;5:5-3;6:1-5;7:1-5;8:1-5;9:1-5"
371,proposed_c2f_adaptive_pd,8,10,0.8,13,300,0.043333333333333335,12,6,6,3840.0,6.4,3954.3918591168467,178.98797189554654,0.9166666666666666,4,0,0.0,0.0,0.0,0.0,0.0,0.0,0.0,0.0,0.0,0.0,50314.0,50314.0,0.0,2.0,1.0,3.0,0.0,"2,2,2,2,2,2,2,2,2,2","0:10-2;1:0-6;2:10-2;3:0-8;4:0-11,0-12,2-3;5:0-8;6:0-2;7:10-2;8:0-2;9:10-2"
372,proposed_c2f_adaptive_pd,9,10,0.9,14,300,0.04666666666666667,25,21,4,13440.0,22.4,289.3705816084812,64.83192574473071,0.88,1,1,0.0,0.0,0.0,0.0,0.0,0.0,0.0,0.0,0.0,0.0,104008.0,104008.0,0.0,2.0,1.0,3.0,0.0,"2,2,2,2,2,2,2,2,2,2","0:9-2;1:14-7,9-7,9-12,14-13,14-2,9-2;2:14-3;3:0-3;4:0-11,14-11,0-6,0-3,14-6,9-11;5:9-2;6:0-8,9-8,14-8,0-4,0-5,9-4;7:14-7;8:9-7;9:9-14"
373,proposed_c2f_adaptive_pd,10,10,1.0,16,300,0.05333333333333334,21,15,6,9600.0,16.0,1533.2695247208103,67.38694720948,1.0,9,1,0.0,0.0,0.0,0.0,0.0,0.0,0.0,0.0,0.0,0.0,83072.0,83072.0,0.0,2.0,1.0,3.0,0.0,"2,2,2,2,2,2,2,2,2,2","0:5-0,0-2;1:5-2;2:0-13;3:0-2;4:0-8,2-8,0-9,5-8,2-9,0-2;5:5-2;6:2-4;7:5-2;8:2-6;9:2-9,2-7,2-14,2-8,2-13,5-9"
374,proposed_c2f_adaptive_pd,10,10,1.0,12,300,0.04,15,10,5,6400.0,10.666666666666668,964.8118584766622,514.5417897192212,1.0,4,1,0.0,0.0,0.0,0.0,0.0,0.0,0.0,0.0,0.0,0.0,71097.0,71097.0,0.0,2.0,1.0,3.0,0.0,"1,1,1,1,1,1,1,1,1,1","0:0-3;1:0-1;2:0-5;3:1-6,1-14;4:1-5,1-6,1-14,11-1,0-1;5:11-1;6:0-2;7:1-6;8:0-14;9:0-1"
375,proposed_c2f_adaptive_pd,10,10,1.0,16,300,0.05333333333333334,16,11,5,7040.0,11.733333333333334,148.2592897944072,109.42854062542608,1.0,7,1,0.0,0.0,0.0,0.0,0.0,0.0,0.0,0.0,0.0,0.0,57448.0,57448.0,0.0,2.0,1.0,3.0,0.0,"1,1,1,1,1,1,1,1,1,1","0:0-1;1:0-1;2:3-1;3:1-10,0-1;4:3-6;5:1-12;6:1-12;7:1-10,1-2,1-5,1-7,1-13,1-14;8:3-1;9:0-10"
376,proposed_c2f_adaptive_pd,10,10,1.0,11,300,0.03666666666666667,21,15,6,9600.0,16.0,1228294.2699923075,302.36482453624944,0.8095238095238095,2,1,0.0,0.0,0.0,0.0,0.0,0.0,0.0,0.0,0.0,0.0,75403.0,75403.0,0.0,2.0,1.0,3.0,0.0,"3,3,3,3,3,3,3,3,3,3","0:3-5;1:0-1;2:1-2,0-2,1-13,1-10,0-13,0-10;3:0-4;4:1-3;5:1-14,1-3,0-3;6:0-4;7:0-7,0-3,1-3;8:3-7,0-7,1-3;9:0-10"
377,proposed_c2f_adaptive_pd,10,10,1.0,8,300,0.02666666666666667,25,21,4,13440.0,22.4,10390.656245108843,225.76108306189295,1.0,6,1,0.0,0.0,0.0,0.0,0.0,0.0,0.0,0.0,0.0,0.0,86850.0,86850.0,0.0,2.0,1.0,3.0,0.0,"7,7,7,7,7,7,7,7,7,7","0:10-8;1:0-9,0-2,0-7,0-1,0-3,0-6;2:11-7;3:10-1;4:10-13,10-14,11-13,0-13,11-14,0-14;5:0-2;6:11-10,10-11,11-4,11-0,11-2;7:0-7,0-2;8:10-12;9:0-7"
378,proposed_c2f_adaptive_pd,8,10,0.8,11,300,0.03666666666666667,15,9,6,5760.0,9.600000000000001,499.63116162857204,32.09596262969786,1.0,4,1,0.0,0.0,0.0,0.0,0.0,0.0,0.0,0.0,0.0,0.0,63937.0,63937.0,0.0,2.0,1.0,3.0,0.0,"2,2,2,2,2,2,2,2,2,2","0:1-2;1:6-2;2:1-2;3:1-0;4:2-3,1-3,2-0,2-8,1-8,6-3;5:1-0;6:6-2;7:6-2;8:1-2;9:1-9"
379,proposed_c2f_adaptive_pd,9,10,0.9,16,300,0.05333333333333334,22,16,6,10240.0,17.066666666666666,2627.417759614531,463.21401283950365,1.0,8,1,0.0,0.0,0.0,0.0,0.0,0.0,0.0,0.0,0.0,0.0,86308.0,86308.0,0.0,2.0,1.0,3.0,0.0,"3,3,3,3,3,3,3,3,3,3","0:1-3;1:13-5;2:1-3;3:13-6,13-5,0-6,0-5,1-6,1-5;4:0-3;5:1-13,0-13;6:13-3;7:0-3,0-9;8:0-10,0-9,0-8,0-7,1-10,13-9;9:1-3"
380,proposed_c2f_adaptive_pd,9,10,0.9,11,300,0.03666666666666667,22,15,7,9600.0,16.0,264.8726956836745,76.45269884360152,0.7727272727272727,8,1,0.0,0.0,0.0,0.0,0.0,0.0,0.0,0.0,0.0,0.0,90058.0,90058.0,0.0,2.0,1.0,3.0,0.0,"8,8,8,8,8,8,8,8,8,8","0:2-8;1:2-0;2:2-8;3:2-7,4-7,2-8,9-7,2-10,4-8;4:2-11,2-4;5:4-13;6:9-8;7:9-8;8:2-11,4-11,2-4,4-2,2-13,9-11;9:2-7,2-8"
381,proposed_c2f_adaptive_pd,8,10,0.8,12,270,0.044444444444444446,11,8,3,5120.0,8.533333333333333,12053.459142606029,20.970587217517654,0.9090909090909091,8,1,0.0,0.0,0.0,0.0,0.0,0.0,0.0,0.0,0.0,0.0,52004.0,52004.0,0.0,2.0,1.0,3.0,0.0,"1,1,1,1,1,1,1,1,1,1","0:7-1;1:10-1;2:1-0;3:1-8;4:1-5;5:7-1;6:10-6;7:10-6;8:7-0,7-6;9:1-13"
382,proposed_c2f_adaptive_pd,9,10,0.9,18,300,0.06,17,11,6,7040.0,11.733333333333334,322.7215632115488,174.85175499899432,1.0,0,1,0.0,0.0,0.0,0.0,0.0,0.0,0.0,0.0,0.0,0.0,71617.0,71617.0,0.0,2.0,1.0,3.0,0.0,"5,5,5,5,5,5,5,5,5,5","0:0-2,5-2,5-7,5-6,0-7,8-2;1:0-5;2:0-11;3:0-2;4:8-5;5:8-5;6:0-2;7:0-4,0-5,8-5;8:0-5;9:5-2"
383,proposed_c2f_adaptive_pd,10,10,1.0,7,300,0.023333333333333334,15,8,7,5120.0,8.533333333333333,25158.42274218438,267.8740444341071,1.0,5,1,0.0,0.0,0.0,0.0,0.0,0.0,0.0,0.0,0.0,0.0,61944.0,61944.0,0.0,2.0,1.0,3.0,0.0,"7,7,7,7,7,7,7,7,7,7","0:2-7;1:10-7;2:2-7,7-1;3:2-7;4:10-5;5:10-3,10-4,2-4;6:2-7;7:10-7,2-10;8:7-12;9:2-7,7-11"
384,proposed_c2f_adaptive_pd,8,10,0.8,14,270,0.05185185185185185,25,18,7,11520.0,19.200000000000003,17394.306425202292,21.830466786772696,0.88,0,1,0.0,0.0,0.0,0.0,0.0,0.0,0.0,0.0,0.0,0.0,86041.0,86041.0,0.0,2.0,1.0,3.0,0.0,"1,1,1,1,1,1,1,1,1,1","0:14-5,12-5,14-13,1-5,12-13,14-3;1:14-5,12-5,14-13,12-13,14-1,14-3;2:14-1;3:12-1;4:12-6,12-2;5:12-0,12-8,1-0;6:12-1,14-1;7:12-13;8:12-1,14-1;9:1-7"
385,proposed_c2f_adaptive_pd,10,10,1.0,13,300,0.043333333333333335,12,2,10,1280.0,2.1333333333333333,409.61531725370935,54.891060899148,1.0,5,1,0.0,0.0,0.0,0.0,0.0,0.0,0.0,0.0,0.0,0.0,41955.0,41955.0,0.0,2.0,1.0,3.0,0.0,"7,7,7,7,7,7,7,7,7,7","0:14-7;1:4-7;2:14-7;3:8-7,4-7;4:8-7,4-6;5:4-6;6:8-7;7:8-7;8:4-7;9:4-7"
386,proposed_c2f_adaptive_pd,9,10,0.9,16,300,0.05333333333333334,23,13,10,8320.0,13.866666666666667,27888.372765860277,94.42663742869209,1.0,8,1,0.0,0.0,0.0,0.0,0.0,0.0,0.0,0.0,0.0,0.0,86508.0,86508.0,0.0,2.0,1.0,3.0,0.0,"12,12,12,12,12,12,12,12,12,12","0:2-12;1:9-12;2:6-12;3:2-10,6-10,9-10,2-5,2-12,6-5;4:6-12;5:6-12;6:6-12;7:6-9;8:9-6,6-9,9-3,9-2,2-9,6-7;9:9-8,6-12,2-12,9-12"
387,proposed_c2f_adaptive_pd,10,10,1.0,21,300,0.07,18,12,6,7680.0,12.8,1835.2626493933317,119.18598963857858,1.0,3,1,0.0,0.0,0.0,0.0,0.0,0.0,0.0,0.0,0.0,0.0,77699.0,77699.0,0.0,2.0,1.0,3.0,0.0,"0,0,0,0,0,0,0,0,0,0","0:11-0;1:10-1,0-1,10-0;2:10-0;3:10-12,10-7,10-4,11-12,0-12,10-6;4:11-0,0-2;5:0-1;6:10-4;7:10-0;8:11-2;9:10-0"
388,proposed_c2f_adaptive_pd,10,10,1.0,12,300,0.04,25,23,2,14720.0,24.533333333333335,349.68787345150065,83.6486008534724,1.0,4,1,0.0,0.0,0.0,0.0,0.0,0.0,0.0,0.0,0.0,0.0,89383.0,89383.0,0.0,2.0,1.0,3.0,0.0,"14,14,14,14,14,14,14,14,14,14","0:0-1;1:0-3;2:0-8,2-8,1-8,0-3,2-3,1-3;3:1-14;4:2-1,1-2,1-4,2-4,2-9,1-9;5:0-3;6:1-14;7:0-1;8:0-8,1-8,2-8,2-13,0-13,1-13;9:0-1"
389,proposed_c2f_adaptive_pd,8,10,0.8,12,300,0.04,11,3,8,1920.0,3.2,146.35522110446598,43.37283785654695,1.0,1,1,0.0,0.0,0.0,0.0,0.0,0.0,0.0,0.0,0.0,0.0,55461.0,55461.0,0.0,2.0,1.0,3.0,0.0,"2,2,2,2,2,2,2,2,2,2","0:3-2;1:3-6;2:4-2;3:4-2;4:4-2;5:3-5;6:3-2,4-2;7:2-5;8:4-2;9:4-2"
390,proposed_c2f_adaptive_pd,10,10,1.0,17,300,0.056666666666666664,26,18,8,11520.0,19.200000000000003,6555.635297814484,165.29337515765204,1.0,0,1,0.0,0.0,0.0,0.0,0.0,0.0,0.0,0.0,0.0,0.0,110392.0,110392.0,0.0,2.0,1.0,3.0,0.0,"0,0,0,0,0,0,0,0,0,0","0:6-3,0-3,2-6,6-2,2-3,6-11;1:2-10,2-0;2:0-8;3:2-6;4:2-0;5:0-13,2-0,6-0;6:6-0;7:0-10,0-8,2-0,6-0;8:2-3,2-14,2-8,2-10,6-3,2-5;9:6-0"
391,proposed_c2f_adaptive_pd,10,10,1.0,11,300,0.03666666666666667,23,15,8,9600.0,16.0,19437.582992374962,108.57829829603148,1.0,6,1,0.0,0.0,0.0,0.0,0.0,0.0,0.0,0.0,0.0,0.0,112983.0,112983.0,0.0,2.0,1.0,3.0,0.0,"4,4,4,4,4,4,4,4,4,4","0:5-2,5-4;1:2-5;2:2-3;3:5-2,2-5,5-4,2-4;4:2-12,5-12,4-12,5-4,2-4;5:2-4;6:4-7,4-6,4-13,4-1,2-4;7:5-12;8:2-4;9:5-11,5-2"
392,proposed_c2f_adaptive_pd,10,10,1.0,19,300,0.06333333333333334,19,10,9,6400.0,10.666666666666668,4421.732084408443,421.60770703334543,1.0,7,1,0.0,0.0,0.0,0.0,0.0,0.0,0.0,0.0,0.0,0.0,75235.0,75235.0,0.0,2.0,1.0,3.0,0.0,"10,10,10,10,10,10,10,10,10,10","0:1-10;1:1-10;2:1-8;3:1-10;4:3-0,3-10,9-10,1-10;5:9-13;6:1-10;7:3-2,3-6,1-2,9-2,1-6,9-6;8:3-10;9:9-10,1-7"
393,proposed_c2f_adaptive_pd,8,10,0.8,9,270,0.03333333333333333,12,7,5,4480.0,7.466666666666667,7897.182390107201,119.81346951586858,0.9166666666666666,1,1,0.0,0.0,0.0,0.0,0.0,0.0,0.0,0.0,0.0,0.0,54614.0,54614.0,0.0,2.0,1.0,3.0,0.0,"1,1,1,1,1,1,1,1,1,1","0:6-0;1:6-0;2:5-7;3:5-1;4:6-0;5:7-1;6:7-1;7:6-1;8:5-10,6-10;9:7-1,5-4"
394,proposed_c2f_adaptive_pd,10,10,1.0,9,300,0.03,12,4,8,2560.0,4.266666666666667,1317.1743920384968,101.29328158457852,1.0,8,1,0.0,0.0,0.0,0.0,0.0,0.0,0.0,0.0,0.0,0.0,59775.0,59775.0,0.0,2.0,1.0,3.0,0.0,"11,11,11,11,11,11,11,11,11,11","0:10-11;1:2-11;2:4-11;3:10-11;4:2-4;5:2-11;6:10-11;7:4-11;8:10-11,10-0,10-7;9:2-6"
395,proposed_c2f_adaptive_pd,9,10,0.9,17,300,0.056666666666666664,19,12,7,7680.0,12.8,539760.2333378686,246.71411047987357,1.0,6,1,0.0,0.0,0.0,0.0,0.0,0.0,0.0,0.0,0.0,0.0,90626.0,90626.0,0.0,2.0,1.0,3.0,0.0,"1,1,1,1,1,1,1,1,1,1","0:0-2;1:6-1,0-1;2:0-1;3:0-9,1-9,1-13;4:0-1;5:1-14;6:1-14,1-10,1-13;7:0-6;8:0-1;9:1-13,1-9,1-14,0-1,6-1"
396,proposed_c2f_adaptive_pd,8,10,0.8,12,300,0.04,13,11,2,7040.0,11.733333333333334,3936.4699335290875,307.68482952691863,1.0,0,1,0.0,0.0,0.0,0.0,0.0,0.0,0.0,0.0,0.0,0.0,68898.0,68898.0,0.0,2.0,1.0,3.0,0.0,"1,1,1,1,1,1,1,1,1,1","0:1-2,1-9;1:10-3;2:10-1,13-1;3:13-12;4:13-14;5:1-5;6:10-13;7:1-5;8:10-3,13-12;9:10-3"
397,proposed_c2f_adaptive_pd,9,10,0.9,16,300,0.05333333333333334,14,7,7,4480.0,7.466666666666667,1052.5692887171115,179.206011239592,1.0,3,1,0.0,0.0,0.0,0.0,0.0,0.0,0.0,0.0,0.0,0.0,58331.0,58331.0,0.0,2.0,1.0,3.0,0.0,"2,2,2,2,2,2,2,2,2,2","0:3-2;1:0-2;2:0-2,3-2;3:2-1,0-1,2-6,0-6;4:0-3;5:3-7;6:0-2;7:3-2;8:0-5;9:0-2"
398,proposed_c2f_adaptive_pd,9,10,0.9,12,300,0.04,11,6,5,3840.0,6.4,15506.5957144487,98.85267432020868,1.0,4,1,0.0,0.0,0.0,0.0,0.0,0.0,0.0,0.0,0.0,0.0,46139.0,46139.0,0.0,2.0,1.0,3.0,0.0,"6,6,6,6,6,6,6,6,6,6","0:1-4;1:6-0;2:1-6;3:1-6;4:6-8;5:1-6,5-6;6:1-6;7:1-3;8:1-14;9:1-7"
399,proposed_c2f_adaptive_pd,10,10,1.0,13,300,0.043333333333333335,21,15,6,9600.0,16.0,251.98136630492883,129.1152566991359,1.0,8,1,0.0,0.0,0.0,0.0,0.0,0.0,0.0,0.0,0.0,0.0,88535.0,88535.0,0.0,2.0,1.0,3.0,0.0,"0,0,0,0,0,0,0,0,0,0","0:1-11;1:1-0;2:11-10,11-4;3:1-11;4:1-0;5:1-0;6:0-9,0-4,11-9,0-7,0-14,1-9;7:11-10;8:0-5,0-2,0-6,1-0,11-0;9:0-5,11-0"
400,proposed_c2f_adaptive_pd,7,10,0.7,10,270,0.037037037037037035,16,11,5,7040.0,11.733333333333334,3645.197695546791,92.58549447203558,0.625,1,0,0.0,0.0,0.0,0.0,0.0,0.0,0.0,0.0,0.0,0.0,64591.0,64591.0,0.0,2.0,1.0,3.0,0.0,"2,2,2,2,2,2,2,2,2,2","0:0-2;1:5-8,5-7,5-3,5-9,5-10,2-8;2:0-2;3:0-2;4:0-2,5-2;5:0-5;6:0-5;7:5-9;8:0-1;9:0-6"
401,proposed_c2f_adaptive_pd,9,10,0.9,13,270,0.04814814814814815,19,10,9,6400.0,10.666666666666668,23412.71116366635,102.12790187189567,0.9473684210526315,9,1,0.0,0.0,0.0,0.0,0.0,0.0,0.0,0.0,0.0,0.0,79317.0,79317.0,0.0,2.0,1.0,3.0,0.0,"4,4,4,4,4,4,4,4,4,4","0:6-4;1:6-4;2:5-4;3:5-4;4:8-0,8-3,8-4,5-4,6-4;5:5-4;6:6-11;7:5-4;8:5-8;9:6-3,8-3,5-0,8-1,6-1,8-0"
402,proposed_c2f_adaptive_pd,10,10,1.0,17,300,0.056666666666666664,15,9,6,5760.0,9.600000000000001,1625.5911049608796,463.0401879646958,1.0,1,1,0.0,0.0,0.0,0.0,0.0,0.0,0.0,0.0,0.0,0.0,66759.0,66759.0,0.0,2.0,1.0,3.0,0.0,"0,0,0,0,0,0,0,0,0,0","0:13-0;1:13-2,13-8,13-12,13-14,13-4,13-5;2:1-0;3:13-0;4:1-8;5:13-0;6:0-3;7:13-0;8:1-0;9:0-2"
403,proposed_c2f_adaptive_pd,9,10,0.9,19,270,0.07037037037037037,14,6,8,3840.0,6.4,605.0091957279005,142.77453102690413,0.9285714285714286,6,1,0.0,0.0,0.0,0.0,0.0,0.0,0.0,0.0,0.0,0.0,60900.0,60900.0,0.0,2.0,1.0,3.0,0.0,"0,0,0,0,0,0,0,0,0,0","0:0-1,5-1,7-1,5-0;1:7-0,5-0;2:7-2;3:5-0;4:5-0;5:5-0;6:5-1;7:5-4;8:7-0;9:7-0"
404,proposed_c2f_adaptive_pd,9,10,0.9,16,300,0.05333333333333334,22,12,10,7680.0,12.8,28764.523148149583,207.14824330721186,1.0,4,1,0.0,0.0,0.0,0.0,0.0,0.0,0.0,0.0,0.0,0.0,101335.0,101335.0,0.0,2.0,1.0,3.0,0.0,"2,2,2,2,2,2,2,2,2,2","0:2-11;1:4-2;2:3-2,4-2;3:3-5,3-2;4:2-0,4-0,2-1,4-1,4-11,2-11;5:2-0;6:3-14,3-2,4-2;7:3-2;8:3-2;9:3-14,3-7,3-2,4-2"
405,proposed_c2f_adaptive_pd,10,10,1.0,14,300,0.04666666666666667,17,9,8,5760.0,9.600000000000001,102623.5656268587,458.67775998660693,1.0,8,1,0.0,0.0,0.0,0.0,0.0,0.0,0.0,0.0,0.0,0.0,67677.0,67677.0,0.0,2.0,1.0,3.0,0.0,"2,2,2,2,2,2,2,2,2,2","0:4-2;1:4-2;2:3-2;3:4-2;4:4-2,3-4;5:4-2;6:2-5;7:2-0;8:4-3,3-4,4-12,4-7,4-8,4-2;9:3-2,3-12"
406,proposed_c2f_adaptive_pd,9,10,0.9,16,300,0.05333333333333334,12,5,7,3200.0,5.333333333333334,964.4195867161267,199.15464733565472,1.0,3,1,0.0,0.0,0.0,0.0,0.0,0.0,0.0,0.0,0.0,0.0,45690.0,45690.0,0.0,2.0,1.0,3.0,0.0,"6,6,6,6,6,6,6,6,6,6","0:14-6;1:4-6;2:4-6,14-6;3:4-2;4:14-6;5:4-6;6:14-6;7:6-3;8:4-3;9:4-10,6-10"
407,proposed_c2f_adaptive_pd,9,10,0.9,17,300,0.056666666666666664,23,16,7,10240.0,17.066666666666666,16002.275176297999,1269.570582447242,0.9565217391304348,6,1,0.0,0.0,0.0,0.0,0.0,0.0,0.0,0.0,0.0,0.0,98013.0,98013.0,0.0,2.0,1.0,3.0,0.0,"5,5,5,5,5,5,5,5,5,5","0:5-14;1:0-1;2:7-13,0-13,7-5,0-5;3:7-5;4:7-2,7-10,7-11,7-5,0-2,0-5;5:7-2;6:0-13,7-13,0-4,0-7,7-0,7-4;7:7-5;8:0-4;9:7-5"
408,proposed_c2f_adaptive_pd,9,10,0.9,17,300,0.056666666666666664,13,8,5,5120.0,8.533333333333333,94.13365536749798,68.1565949479465,1.0,8,1,0.0,0.0,0.0,0.0,0.0,0.0,0.0,0.0,0.0,0.0,58237.0,58237.0,0.0,2.0,1.0,3.0,0.0,"4,4,4,4,4,4,4,4,4,4","0:5-10;1:4-1;2:5-4,0-4;3:5-4;4:0-4;5:5-3;6:5-3;7:4-1;8:5-9,4-9,5-6;9:5-4"
409,proposed_c2f_adaptive_pd,10,10,1.0,14,300,0.04666666666666667,19,14,5,8960.0,14.933333333333334,4592.688207540618,360.05668385227233,0.8421052631578947,2,1,0.0,0.0,0.0,0.0,0.0,0.0,0.0,0.0,0.0,0.0,79313.0,79313.0,0.0,2.0,1.0,3.0,0.0,"6,6,6,6,6,6,6,6,6,6","0:0-3;1:6-14,0-9,0-6;2:0-12,5-1,0-5,0-1;3:0-4,0-9,0-2,6-4;4:5-6;5:0-6;6:5-6;7:6-7;8:0-1;9:5-6,5-3"
410,proposed_c2f_adaptive_pd,8,10,0.8,14,300,0.04666666666666667,10,3,7,1920.0,3.2,503.01873216978237,63.65199639398728,1.0,8,1,0.0,0.0,0.0,0.0,0.0,0.0,0.0,0.0,0.0,0.0,45674.0,45674.0,0.0,2.0,1.0,3.0,0.0,"1,1,1,1,1,1,1,1,1,1",0:13-1;1:5-7;2:5-1;3:5-1;4:5-1;5:9-1;6:5-1;7:13-1;8:13-14;9:5-0
411,proposed_c2f_adaptive_pd,8,10,0.8,9,270,0.03333333333333333,11,6,5,3840.0,6.4,2726.141058062133,24.171641372671992,0.8181818181818182,9,1,0.0,0.0,0.0,0.0,0.0,0.0,0.0,0.0,0.0,0.0,80731.0,80731.0,0.0,3.0,1.0,2.0,0.0,"0,0,0,0,0,0,0,0,0,0","0:11-0;1:0-1;2:11-0;3:0-1;4:11-0;5:11-0;6:0-9,11-0;7:0-7;8:0-1;9:11-6"
412,proposed_c2f_adaptive_pd,9,10,0.9,6,270,0.022222222222222223,18,16,2,10240.0,17.066666666666666,1634.3485170228644,352.01044158115906,0.8333333333333334,2,1,0.0,0.0,0.0,0.0,0.0,0.0,0.0,0.0,0.0,0.0,73955.0,73955.0,0.0,2.0,1.0,3.0,0.0,"2,2,2,2,2,2,2,2,2,2","0:0-13;1:0-12;2:3-12,2-12,0-12,3-10,3-14,3-1;3:0-2;4:2-6;5:3-13;6:3-12,3-14;7:0-13,3-13,2-13;8:0-3;9:0-2"
413,proposed_c2f_adaptive_pd,8,10,0.8,21,300,0.07,21,13,8,8320.0,13.866666666666667,549.0150426758178,147.18375948579154,1.0,4,1,0.0,0.0,0.0,0.0,0.0,0.0,0.0,0.0,0.0,0.0,84912.0,84912.0,0.0,2.0,1.0,3.0,0.0,"1,1,1,1,1,1,1,1,1,1","0:1-2,1-6,3-1,0-1;1:1-2;2:0-1;3:3-1;4:0-5,3-5,3-13,1-5,3-14,1-13;5:3-5;6:0-1;7:1-2;8:3-1;9:1-4,1-11,3-1,0-1"
414,proposed_c2f_adaptive_pd,10,10,1.0,15,300,0.05,32,24,8,15360.0,25.6,3097.5690890602896,259.47327685097866,1.0,3,1,0.0,0.0,0.0,0.0,0.0,0.0,0.0,0.0,0.0,0.0,111526.0,111526.0,0.0,2.0,1.0,3.0,0.0,"0,0,0,0,0,0,0,0,0,0","0:0-10,6-0,1-0;1:0-9;2:6-0,1-0;3:1-6,6-1,6-5,1-5,1-4,6-4;4:1-5,6-5,6-4,6-0,1-0;5:6-0;6:0-12,0-11,0-14,0-2,6-12,6-11;7:6-5,0-5,1-5,0-3,6-3,0-10;8:6-0;9:0-4"
415,proposed_c2f_adaptive_pd,9,10,0.9,18,300,0.06,10,5,5,3200.0,5.333333333333334,432.7646686258596,44.426166953058754,1.0,7,1,0.0,0.0,0.0,0.0,0.0,0.0,0.0,0.0,0.0,0.0,69813.0,69813.0,0.0,3.0,1.0,2.0,0.0,"13,13,13,13,13,13,13,13,13,13",0:0-6;1:0-13;2:0-13;3:0-4;4:0-5;5:0-13;6:1-13;7:0-1;8:0-12;9:0-13
416,proposed_c2f_adaptive_pd,9,10,0.9,16,270,0.05925925925925926,20,13,7,8320.0,13.866666666666667,8553.671587565614,360.213840747945,0.8,6,1,0.0,0.0,0.0,0.0,0.0,0.0,0.0,0.0,0.0,0.0,74067.0,74067.0,0.0,2.0,1.0,3.0,0.0,"1,1,1,1,1,1,1,1,1,1","0:14-1;1:14-1;2:1-0;3:13-1;4:14-1;5:1-10,13-10,14-10,1-11,1-0,13-1;6:13-4,13-3,13-8,13-2,13-1,1-4;7:14-1;8:1-3;9:13-4"
417,proposed_c2f_adaptive_pd,10,10,1.0,23,300,0.07666666666666666,12,7,5,4480.0,7.466666666666667,2349.2121690022877,625.6601024787284,1.0,8,1,0.0,0.0,0.0,0.0,0.0,0.0,0.0,0.0,0.0,0.0,55460.0,55460.0,0.0,2.0,1.0,3.0,0.0,"0,0,0,0,0,0,0,0,0,0","0:9-0;1:6-1;2:0-3,6-0,9-0;3:6-4;4:9-0;5:6-10;6:9-0;7:6-4;8:6-4;9:6-1"
418,proposed_c2f_adaptive_pd,10,10,1.0,11,300,0.03666666666666667,17,11,6,7040.0,11.733333333333334,92444.16615043556,109.13707952758455,1.0,6,1,0.0,0.0,0.0,0.0,0.0,0.0,0.0,0.0,0.0,0.0,69773.0,69773.0,0.0,2.0,1.0,3.0,0.0,"4,4,4,4,4,4,4,4,4,4","0:8-4;1:0-3,0-4;2:8-12,8-4;3:0-11;4:0-4;5:1-4;6:8-12,8-3,8-5,8-4,8-2,0-12;7:0-14;8:1-10;9:0-6"
419,proposed_c2f_adaptive_pd,9,10,0.9,12,300,0.04,11,3,8,1920.0,3.2,1587.1117521052809,188.7161070774029,1.0,8,1,0.0,0.0,0.0,0.0,0.0,0.0,0.0,0.0,0.0,0.0,40481.0,40481.0,0.0,2.0,1.0,3.0,0.0,"3,3,3,3,3,3,3,3,3,3","0:0-3;1:0-3;2:3-2;3:6-1;4:0-3;5:0-3;6:0-7;7:6-3,0-3;8:6-3;9:0-3"
420,proposed_c2f_adaptive_pd,10,10,1.0,13,300,0.043333333333333335,13,7,6,4480.0,7.466666666666667,4417.329607405642,1075.994788734574,1.0,3,1,0.0,0.0,0.0,0.0,0.0,0.0,0.0,0.0,0.0,0.0,68550.0,68550.0,0.0,2.0,1.0,3.0,0.0,"0,0,0,0,0,0,0,0,0,0","0:12-0;1:6-0;2:6-0;3:12-4,12-14,6-14;4:12-4;5:6-0;6:6-0;7:6-8;8:6-0;9:6-11,0-11"
421,proposed_c2f_adaptive_pd,9,10,0.9,9,300,0.03,17,8,9,5120.0,8.533333333333333,80382.70242032637,181.1228327338044,1.0,6,1,0.0,0.0,0.0,0.0,0.0,0.0,0.0,0.0,0.0,0.0,78957.0,78957.0,0.0,2.0,1.0,3.0,0.0,"1,1,1,1,1,1,1,1,1,1","0:0-14;1:5-1;2:5-1,0-1;3:0-1;4:0-11;5:0-1;6:0-11,0-14,0-4,0-1,1-0,0-10;7:0-1,5-1;8:0-6;9:0-1"
422,proposed_c2f_adaptive_pd,10,10,1.0,21,300,0.07,15,11,4,7040.0,11.733333333333334,285.8698986226061,27.315547548813157,1.0,3,1,0.0,0.0,0.0,0.0,0.0,0.0,0.0,0.0,0.0,0.0,69088.0,69088.0,0.0,2.0,1.0,3.0,0.0,"4,4,4,4,4,4,4,4,4,4","0:5-6;1:0-5;2:0-4;3:4-1,5-1,4-11,4-7,5-11,0-1;4:5-4;5:5-14;6:0-4;7:0-1;8:5-6;9:5-4"
423,proposed_c2f_adaptive_pd,8,10,0.8,14,300,0.04666666666666667,27,19,8,12160.0,20.26666666666667,324.30963722368966,149.00013949429584,0.9629629629629629,9,1,0.0,0.0,0.0,0.0,0.0,0.0,0.0,0.0,0.0,0.0,92253.0,92253.0,0.0,2.0,1.0,3.0,0.0,"7,7,7,7,7,7,7,7,7,7","0:0-7;1:10-7;2:7-12,7-2,7-6,0-7,10-7;3:10-1,10-9,10-13,10-8,10-5,10-4;4:10-13,10-1,10-7,0-7;5:0-1;6:7-5;7:0-4;8:0-7;9:10-5,10-7,7-10,10-8,10-1,10-9"
424,proposed_c2f_adaptive_pd,8,10,0.8,14,300,0.04666666666666667,22,15,7,9600.0,16.0,520.6367920345423,129.55175996056164,1.0,4,1,0.0,0.0,0.0,0.0,0.0,0.0,0.0,0.0,0.0,0.0,76245.0,76245.0,0.0,2.0,1.0,3.0,0.0,"0,0,0,0,0,0,0,0,0,0","0:12-1;1:12-0;2:2-3;3:0-3;4:0-5,0-4,0-9,0-10,0-13,0-6;5:12-0,2-0;6:12-0;7:0-5,0-11,0-4,0-10,2-0,12-0;8:0-1;9:12-0,0-1"
425,proposed_c2f_adaptive_pd,6,10,0.6,9,270,0.03333333333333333,13,8,5,5120.0,8.533333333333333,1341.4589959724856,24.30644378512966,0.9230769230769231,0,1,0.0,0.0,0.0,0.0,0.0,0.0,0.0,0.0,0.0,0.0,65610.0,65610.0,0.0,2.0,1.0,3.0,0.0,"11,11,11,11,11,11,11,11,11,11","0:11-8,11-3;1:2-11;2:11-3;3:0-12;4:11-4;5:2-10,2-11,0-11;6:0-11;7:11-8;8:0-11;9:11-3"
426,proposed_c2f_adaptive_pd,9,10,0.9,18,300,0.06,12,8,4,5120.0,8.533333333333333,749.8887980896623,105.88700461285285,1.0,8,1,0.0,0.0,0.0,0.0,0.0,0.0,0.0,0.0,0.0,0.0,88612.0,88612.0,0.0,3.0,1.0,2.0,0.0,"0,0,0,0,0,0,0,0,0,0","0:0-5;1:0-1;2:0-12;3:7-0;4:7-2;5:7-0;6:7-0;7:0-4;8:7-12,7-11,7-0;9:7-10"
427,proposed_c2f_adaptive_pd,9,10,0.9,13,300,0.043333333333333335,20,15,5,9600.0,16.0,359.7077171804975,151.91817507417625,1.0,0,1,0.0,0.0,0.0,0.0,0.0,0.0,0.0,0.0,0.0,0.0,72776.0,72776.0,0.0,2.0,1.0,3.0,0.0,"0,0,0,0,0,0,0,0,0,0","0:0-6,1-6,0-3,1-3,0-4,10-6;1:0-6,1-6,10-6,1-0,10-0;2:1-2;3:1-10;4:1-0;5:1-0,10-0;6:0-3;7:0-2;8:0-2;9:0-7"
428,proposed_c2f_adaptive_pd,9,10,0.9,11,270,0.040740740740740744,20,16,4,10240.0,17.066666666666666,486.2243765679274,157.48926585781558,0.95,4,1,0.0,0.0,0.0,0.0,0.0,0.0,0.0,0.0,0.0,0.0,80181.0,80181.0,0.0,2.0,1.0,3.0,0.0,"0,0,0,0,0,0,0,0,0,0","0:3-0;1:3-7;2:0-13;3:0-1;4:0-13,0-5,4-13,0-11,0-12,4-5;5:3-4;6:3-0;7:0-1;8:4-5;9:3-6,3-2,3-14,3-8,3-0,4-0"
429,proposed_c2f_adaptive_pd,8,10,0.8,12,300,0.04,23,17,6,10880.0,18.133333333333333,379.90569444460476,67.73940098352213,1.0,8,1,0.0,0.0,0.0,0.0,0.0,0.0,0.0,0.0,0.0,0.0,82980.0,82980.0,0.0,2.0,1.0,3.0,0.0,"10,10,10,10,10,10,10,10,10,10","0:5-2;1:5-12;2:0-2;3:2-5;4:0-10;5:5-14,0-3,2-3,2-14,5-3,2-13;6:0-1,0-10,5-10,2-10;7:0-10;8:0-1,2-1,0-7,0-10,0-11,5-1;9:0-13"
430,proposed_c2f_adaptive_pd,8,10,0.8,24,270,0.08888888888888889,15,9,6,5760.0,9.600000000000001,136.77733168375335,42.76271589611663,0.9333333333333333,8,1,0.0,0.0,0.0,0.0,0.0,0.0,0.0,0.0,0.0,0.0,61546.0,61546.0,0.0,2.0,1.0,3.0,0.0,"0,0,0,0,0,0,0,0,0,0","0:0-5;1:10-0;2:11-0;3:0-8;4:10-9;5:11-0;6:11-0;7:10-0;8:10-2,11-2,0-2,0-14,10-1,10-3;9:11-0"
431,proposed_c2f_adaptive_pd,8,10,0.8,14,300,0.04666666666666667,17,8,9,5120.0,8.533333333333333,1182.198851132657,228.62123524772215,0.9411764705882353,1,1,0.0,0.0,0.0,0.0,0.0,0.0,0.0,0.0,0.0,0.0,66150.0,66150.0,0.0,2.0,1.0,3.0,0.0,"0,0,0,0,0,0,0,0,0,0","0:2-0;1:0-5,6-5,2-5,0-14,0-8,0-1;2:2-0,6-0;3:2-0;4:6-0;5:6-0;6:2-0;7:6-0;8:0-9;9:6-0,0-9"
432,proposed_c2f_adaptive_pd,9,10,0.9,19,300,0.06333333333333334,17,10,7,6400.0,10.666666666666668,2176.8016284215582,352.2897230585593,1.0,7,1,0.0,0.0,0.0,0.0,0.0,0.0,0.0,0.0,0.0,0.0,55766.0,55766.0,0.0,2.0,1.0,3.0,0.0,"8,8,8,8,8,8,8,8,8,8","0:4-5;1:5-2;2:9-8,4-8,5-8;3:4-8;4:9-8;5:5-8;6:4-7;7:5-2,5-1,4-2,4-1,5-12,5-3;8:4-9;9:4-8"
433,proposed_c2f_adaptive_pd,7,10,0.7,10,300,0.03333333333333333,25,16,9,10240.0,17.066666666666666,1679.0381119562735,212.75239672039623,0.96,5,1,0.0,0.0,0.0,0.0,0.0,0.0,0.0,0.0,0.0,0.0,83175.0,83175.0,0.0,2.0,1.0,3.0,0.0,"12,12,12,12,12,12,12,12,12,12","0:0-12;1:9-8,0-8,1-8,9-12,9-10,1-12;2:0-12;3:9-8,0-8,1-8,9-12,0-12,1-12;4:1-3;5:1-13,1-11,1-3,9-11,9-1,1-9;6:0-12;7:0-12;8:0-3;9:0-6"
434,proposed_c2f_adaptive_pd,8,10,0.8,8,300,0.02666666666666667,19,11,8,7040.0,11.733333333333334,22760.808941968622,192.7990374955457,1.0,8,1,0.0,0.0,0.0,0.0,0.0,0.0,0.0,0.0,0.0,0.0,70064.0,70064.0,0.0,2.0,1.0,3.0,0.0,"2,2,2,2,2,2,2,2,2,2","0:0-1;1:0-2;2:12-14,12-2,0-2;3:0-1;4:0-1;5:0-1;6:0-1;7:0-2,12-2;8:2-13,2-7,12-5,12-7,12-2,2-12;9:0-2,12-2"
435,proposed_c2f_adaptive_pd,10,10,1.0,13,300,0.043333333333333335,21,17,4,10880.0,18.133333333333333,1957.5621995491874,110.53096310053327,1.0,1,1,0.0,0.0,0.0,0.0,0.0,0.0,0.0,0.0,0.0,0.0,81220.0,81220.0,0.0,2.0,1.0,3.0,0.0,"2,2,2,2,2,2,2,2,2,2","0:2-9;1:3-9,7-9,3-14,2-9,3-4,3-1;2:3-2;3:3-4,3-9,7-4,7-9,3-1,2-4;4:7-2;5:7-2;6:7-10;7:2-12;8:2-10,3-2;9:3-4"
436,proposed_c2f_adaptive_pd,9,10,0.9,12,300,0.04,28,17,11,10880.0,18.133333333333333,1423.075362786119,77.57251806784932,0.8928571428571429,7,1,0.0,0.0,0.0,0.0,0.0,0.0,0.0,0.0,0.0,0.0,107497.0,107497.0,0.0,2.0,1.0,3.0,0.0,"10,10,10,10,10,10,10,10,10,10","0:4-10;1:0-10;2:3-4;3:4-7;4:0-2,0-11,0-10,3-10,4-10;5:4-7;6:0-1;7:4-1,0-1,3-1,4-7,4-14,0-7;8:4-3,3-4,4-10,3-10,0-10;9:4-14,4-1,0-1,4-10,0-10,3-10"
437,proposed_c2f_adaptive_pd,9,10,0.9,16,300,0.05333333333333334,18,11,7,7040.0,11.733333333333334,593.5057770689353,203.78597319808244,1.0,1,1,0.0,0.0,0.0,0.0,0.0,0.0,0.0,0.0,0.0,0.0,71633.0,71633.0,0.0,2.0,1.0,3.0,0.0,"3,3,3,3,3,3,3,3,3,3","0:6-3;1:3-11,0-11,0-8,3-8,0-3,3-5;2:0-2;3:0-3;4:0-3;5:0-11,3-11,0-3,0-7;6:0-1;7:6-3;8:6-1;9:0-3"
438,proposed_c2f_adaptive_pd,9,10,0.9,17,300,0.056666666666666664,15,12,3,7680.0,12.8,2326.7345699359394,169.2241676909549,1.0,8,1,0.0,0.0,0.0,0.0,0.0,0.0,0.0,0.0,0.0,0.0,56165.0,56165.0,0.0,2.0,1.0,3.0,0.0,"6,6,6,6,6,6,6,6,6,6","0:1-6;1:0-6;2:0-8;3:0-6;4:0-5;5:0-4;6:1-13;7:0-8;8:6-5,6-2,1-5,0-5,1-2,0-2;9:1-10"
439,proposed_c2f_adaptive_pd,10,10,1.0,17,300,0.056666666666666664,16,8,8,5120.0,8.533333333333333,901.5877054892783,147.05882420012375,1.0,4,1,0.0,0.0,0.0,0.0,0.0,0.0,0.0,0.0,0.0,0.0,65931.0,65931.0,0.0,2.0,1.0,3.0,0.0,"0,0,0,0,0,0,0,0,0,0","0:2-14,2-0;1:4-0;2:2-0;3:4-0;4:0-3,0-12,0-13,4-13,0-8,0-5;5:4-0;6:4-0;7:2-0;8:0-7;9:4-0"
440,proposed_c2f_adaptive_pd,9,10,0.9,18,300,0.06,20,16,4,10240.0,17.066666666666666,765.8311112516898,156.1357182121944,0.75,1,1,0.0,0.0,0.0,0.0,0.0,0.0,0.0,0.0,0.0,0.0,76474.0,76474.0,0.0,2.0,1.0,3.0,0.0,"1,1,1,1,1,1,1,1,1,1","0:1-3,1-8,1-5,11-3,1-10,11-8;1:6-9,6-4,6-12,6-7,1-4,6-14;2:6-2;3:6-1;4:11-1;5:11-1;6:1-0;7:1-2;8:6-1;9:6-4"
441,proposed_c2f_adaptive_pd,9,10,0.9,13,300,0.043333333333333335,21,13,8,8320.0,13.866666666666667,4013.797707697084,720.1506561358286,0.8571428571428571,9,1,0.0,0.0,0.0,0.0,0.0,0.0,0.0,0.0,0.0,0.0,81820.0,81820.0,0.0,2.0,1.0,3.0,0.0,"5,5,5,5,5,5,5,5,5,5","0:2-5,8-5,0-14;1:8-5;2:8-13,2-8;3:0-4,0-9,2-5;4:2-5;5:0-13;6:8-5;7:2-8;8:0-5,2-5;9:0-7,0-11,8-7,8-11,2-7,2-11"
442,proposed_c2f_adaptive_pd,8,10,0.8,15,270,0.05555555555555555,10,5,5,3200.0,5.333333333333334,383.77661251396927,83.89420844313743,0.9,4,1,0.0,0.0,0.0,0.0,0.0,0.0,0.0,0.0,0.0,0.0,41237.0,41237.0,0.0,2.0,1.0,3.0,0.0,"13,13,13,13,13,13,13,13,13,13",0:11-13;1:3-2;2:11-13;3:3-0;4:13-2;5:13-2;6:3-13;7:11-13;8:11-13;9:3-8
443,proposed_c2f_adaptive_pd,8,10,0.8,18,270,0.06666666666666667,12,3,9,1920.0,3.2,37267.54363566166,58.37770413702545,0.9166666666666666,2,0,0.0,0.0,0.0,0.0,0.0,0.0,0.0,0.0,0.0,0.0,49234.0,49234.0,0.0,2.0,1.0,3.0,0.0,"2,2,2,2,2,2,2,2,2,2","0:7-2;1:5-2;2:7-2,5-2;3:5-2,7-2;4:2-0;5:7-2;6:5-2;7:2-10;8:2-9;9:7-2"
444,proposed_c2f_adaptive_pd,8,10,0.8,18,300,0.06,16,14,2,8960.0,14.933333333333334,126505.55928180579,516.9098343376469,0.9375,1,1,0.0,0.0,0.0,0.0,0.0,0.0,0.0,0.0,0.0,0.0,70540.0,70540.0,0.0,2.0,1.0,3.0,0.0,"2,2,2,2,2,2,2,2,2,2","0:2-14,3-6,2-6,2-5,3-14;1:0-13,0-12;2:0-11,3-2;3:0-12;4:0-10;5:0-12;6:0-8;7:3-2;8:3-7;9:0-11"
445,proposed_c2f_adaptive_pd,8,10,0.8,19,300,0.06333333333333334,20,13,7,8320.0,13.866666666666667,4472.012317671923,606.7917799624583,1.0,7,1,0.0,0.0,0.0,0.0,0.0,0.0,0.0,0.0,0.0,0.0,76843.0,76843.0,0.0,2.0,1.0,3.0,0.0,"12,12,12,12,12,12,12,12,12,12","0:8-12;1:1-12;2:11-12;3:1-2,1-12,1-9,1-10,8-12,8-2;4:1-5;5:1-12;6:1-0;7:1-2,1-7,8-2,1-12,1-6,11-2;8:1-0;9:1-5"
446,proposed_c2f_adaptive_pd,10,10,1.0,11,300,0.03666666666666667,18,13,5,8320.0,13.866666666666667,3555.246822720748,167.67925364348525,1.0,9,1,0.0,0.0,0.0,0.0,0.0,0.0,0.0,0.0,0.0,0.0,84490.0,84490.0,0.0,2.0,1.0,3.0,0.0,"14,14,14,14,14,14,14,14,14,14","0:0-14;1:0-8;2:2-3,3-2,3-9,2-14;3:0-14;4:3-14;5:0-8;6:3-5;7:2-14;8:0-8;9:2-11,3-11,2-1,2-3,3-2,2-9"
447,proposed_c2f_adaptive_pd,7,10,0.7,14,240,0.058333333333333334,17,11,6,7040.0,11.733333333333334,242.86300552628705,77.70778882104688,0.8823529411764706,3,1,0.0,0.0,0.0,0.0,0.0,0.0,0.0,0.0,0.0,0.0,61378.0,61378.0,0.0,2.0,1.0,3.0,0.0,"0,0,0,0,0,0,0,0,0,0","0:0-12;1:4-0;2:11-0;3:0-3,11-3,4-10,4-3,0-10,4-14;4:4-0;5:0-2;6:0-12,4-12;7:4-0,0-12;8:4-0;9:4-0"
448,proposed_c2f_adaptive_pd,8,10,0.8,25,300,0.08333333333333333,22,15,7,9600.0,16.0,5939.5230449811115,77.37980827901293,1.0,1,1,0.0,0.0,0.0,0.0,0.0,0.0,0.0,0.0,0.0,0.0,86594.0,86594.0,0.0,2.0,1.0,3.0,0.0,"14,14,14,14,14,14,14,14,14,14","0:14-9;1:14-13,5-13,5-8,14-8,14-10,5-12;2:0-14;3:5-14;4:0-1;5:0-14;6:5-14;7:5-12,5-14,0-14;8:0-13;9:14-9,14-10,14-13,5-9,5-14,14-11"
449,proposed_c2f_adaptive_pd,8,10,0.8,15,300,0.05,22,15,7,9600.0,16.0,843.1377563362414,186.56621447968018,1.0,9,1,0.0,0.0,0.0,0.0,0.0,0.0,0.0,0.0,0.0,0.0,93986.0,93986.0,0.0,2.0,1.0,3.0,0.0,"3,3,3,3,3,3,3,3,3,3","0:3-4,5-3,2-3;1:5-3;2:2-3;3:2-5;4:5-4,5-1,2-4,3-4,5-3,3-1;5:2-1;6:5-4;7:5-3;8:5-3;9:5-1,2-1,5-9,5-4,2-4,5-12"
450,proposed_c2f_adaptive_pd,8,10,0.8,14,270,0.05185185185185185,16,13,3,8320.0,13.866666666666667,14853.662277404994,39.70701565187083,0.9375,5,1,0.0,0.0,0.0,0.0,0.0,0.0,0.0,0.0,0.0,0.0,68946.0,68946.0,0.0,2.0,1.0,3.0,0.0,"10,10,10,10,10,10,10,10,10,10","0:1-0;1:1-4;2:11-0;3:1-0;4:12-6;5:11-14,11-4,11-6,11-8,11-5,11-12;6:12-10;7:12-3;8:12-10;9:12-8,12-10"
451,proposed_c2f_adaptive_pd,9,10,0.9,16,270,0.05925925925925926,17,11,6,7040.0,11.733333333333334,1563.2722939504063,160.3005037062992,0.7058823529411765,2,1,0.0,0.0,0.0,0.0,0.0,0.0,0.0,0.0,0.0,0.0,85710.0,85710.0,0.0,2.0,1.0,3.0,0.0,"3,3,3,3,3,3,3,3,3,3","0:10-3;1:1-12,3-12,10-12,1-9,3-9,10-9;2:1-14,10-14;3:1-3;4:10-4,10-3;5:1-3;6:1-3;7:10-3;8:1-9;9:1-8"
452,proposed_c2f_adaptive_pd,9,10,0.9,15,300,0.05,27,22,5,14080.0,23.46666666666667,717.9040497047461,186.4382762109239,0.8148148148148148,9,1,0.0,0.0,0.0,0.0,0.0,0.0,0.0,0.0,0.0,0.0,105072.0,105072.0,0.0,2.0,1.0,3.0,0.0,"5,5,5,5,5,5,5,5,5,5","0:1-7;1:1-5;2:1-5;3:0-4,0-9;4:0-9;5:5-11,5-2,5-3,1-11,5-13,1-2;6:0-5,1-5;7:1-0,0-1,1-10,1-9,1-4,0-10;8:0-5;9:1-7,1-0,0-1,1-10,1-11,1-4"
453,proposed_c2f_adaptive_pd,8,10,0.8,14,300,0.04666666666666667,21,17,4,10880.0,18.133333333333333,1305.3177096263305,53.570717528553956,0.9523809523809523,9,1,0.0,0.0,0.0,0.0,0.0,0.0,0.0,0.0,0.0,0.0,81128.0,81128.0,0.0,2.0,1.0,3.0,0.0,"0,0,0,0,0,0,0,0,0,0","0:1-0;1:1-3,1-7,2-7,1-5,2-11,2-0;2:1-0;3:2-11;4:1-3;5:0-6;6:2-0,2-5;7:0-9;8:0-5;9:0-13,0-6,0-4,0-8,0-10,0-5"
454,proposed_c2f_adaptive_pd,10,10,1.0,10,300,0.03333333333333333,21,14,7,8960.0,14.933333333333334,2151.619803606254,56.73079874304936,1.0,0,1,0.0,0.0,0.0,0.0,0.0,0.0,0.0,0.0,0.0,0.0,80686.0,80686.0,0.0,2.0,1.0,3.0,0.0,"12,12,12,12,12,12,12,12,12,12","0:10-14,10-7,5-8,5-7,6-8,10-11;1:5-4;2:5-4;3:6-12;4:6-5,5-6,6-2,6-12,5-12,10-12;5:6-12,5-12;6:5-6;7:10-12;8:6-2;9:5-10"
455,proposed_c2f_adaptive_pd,9,10,0.9,21,300,0.07,16,9,7,5760.0,9.600000000000001,1138.5309455384975,203.1644441569022,0.75,8,1,0.0,0.0,0.0,0.0,0.0,0.0,0.0,0.0,0.0,0.0,68763.0,68763.0,0.0,2.0,1.0,3.0,0.0,"14,14,14,14,14,14,14,14,14,14","0:0-14;1:8-9;2:0-7,0-14,8-14;3:8-14;4:0-6;5:0-14;6:8-14;7:14-9;8:0-7,0-1,0-11,0-10,0-5;9:0-14"
456,proposed_c2f_adaptive_pd,8,10,0.8,16,300,0.05333333333333334,11,5,6,3200.0,5.333333333333334,18.518136543441432,11.537314469262942,1.0,2,1,0.0,0.0,0.0,0.0,0.0,0.0,0.0,0.0,0.0,0.0,44294.0,44294.0,0.0,2.0,1.0,3.0,0.0,"2,2,2,2,2,2,2,2,2,2","0:2-1;1:0-2;2:2-13;3:7-2;4:0-4;5:0-2;6:7-2;7:0-5;8:0-1;9:0-2,7-2"
457,proposed_c2f_adaptive_pd,9,10,0.9,10,300,0.03333333333333333,15,12,3,7680.0,12.8,15881.023476026265,210.65064350446818,1.0,4,1,0.0,0.0,0.0,0.0,0.0,0.0,0.0,0.0,0.0,0.0,70429.0,70429.0,0.0,2.0,1.0,3.0,0.0,"6,6,6,6,6,6,6,6,6,6","0:8-11;1:0-6;2:0-1;3:0-1;4:0-2,0-10,0-5,0-7,0-3,1-0;5:0-8;6:0-1;7:0-3;8:1-6;9:0-6"
458,proposed_c2f_adaptive_pd,8,10,0.8,13,300,0.043333333333333335,20,11,9,7040.0,11.733333333333334,3059.941165329116,105.93790601805144,1.0,3,1,0.0,0.0,0.0,0.0,0.0,0.0,0.0,0.0,0.0,0.0,73918.0,73918.0,0.0,2.0,1.0,3.0,0.0,"2,2,2,2,2,2,2,2,2,2","0:10-2;1:7-2;2:0-2;3:0-8,0-5,10-0,0-6,0-2,0-10;4:0-4,7-4,10-4,0-2,10-2,7-2;5:0-2;6:0-14;7:0-2;8:0-1;9:0-6"
459,proposed_c2f_adaptive_pd,10,10,1.0,13,300,0.043333333333333335,31,18,13,11520.0,19.200000000000003,1624.4355235318305,288.55432783623144,0.9354838709677419,3,1,0.0,0.0,0.0,0.0,0.0,0.0,0.0,0.0,0.0,0.0,114952.0,114952.0,0.0,2.0,1.0,3.0,0.0,"3,3,3,3,3,3,3,3,3,3","0:0-4;1:0-8,0-2,0-3,4-3;2:2-3;3:4-6,4-9,0-6,4-1,4-3,2-6;4:2-3,2-10,2-11,4-3;5:0-4;6:0-4,4-0,4-1,4-3,0-3,2-3;7:0-4,0-3;8:2-3;9:4-6,4-9,2-6,4-3,2-3"
460,proposed_c2f_adaptive_pd,9,10,0.9,14,300,0.04666666666666667,25,16,9,10240.0,17.066666666666666,940.1166339050726,111.05475345477176,1.0,7,1,0.0,0.0,0.0,0.0,0.0,0.0,0.0,0.0,0.0,0.0,93939.0,93939.0,0.0,2.0,1.0,3.0,0.0,"7,7,7,7,7,7,7,7,7,7","0:4-6,4-14,4-0,4-3,2-6,4-10;1:2-7;2:4-7;3:4-7;4:2-7;5:1-14;6:1-7;7:4-0,4-7,4-5,4-12,4-11,1-11;8:4-7,1-11,4-11,2-7,1-7,2-11;9:1-2"
461,proposed_c2f_adaptive_pd,9,10,0.9,18,300,0.06,21,16,5,10240.0,17.066666666666666,227823.13657283975,89.799789895203,0.8571428571428571,3,1,0.0,0.0,0.0,0.0,0.0,0.0,0.0,0.0,0.0,0.0,97028.0,97028.0,0.0,2.0,1.0,3.0,0.0,"1,1,1,1,1,1,1,1,1,1","0:9-12,0-12,1-12,9-5,9-4,0-5;1:0-2;2:1-8;3:9-12,9-1,1-9,9-8,9-11,1-8;4:0-6,0-5;5:9-1;6:9-1;7:0-1;8:1-8;9:9-1"
462,proposed_c2f_adaptive_pd,8,10,0.8,15,270,0.05555555555555555,15,8,7,5120.0,8.533333333333333,664.0916959175164,176.91372291674435,0.9333333333333333,8,1,0.0,0.0,0.0,0.0,0.0,0.0,0.0,0.0,0.0,0.0,58226.0,58226.0,0.0,2.0,1.0,3.0,0.0,"12,12,12,12,12,12,12,12,12,12","0:4-12;1:0-12;2:0-4;3:0-12;4:6-12;5:6-12,4-6;6:0-5;7:0-12;8:0-9,6-9,4-5,6-5,4-9;9:6-12"
463,proposed_c2f_adaptive_pd,9,10,0.9,18,300,0.06,21,16,5,10240.0,17.066666666666666,57354.54881010831,390.79162388537446,1.0,9,1,0.0,0.0,0.0,0.0,0.0,0.0,0.0,0.0,0.0,0.0,83053.0,83053.0,0.0,2.0,1.0,3.0,0.0,"12,12,12,12,12,12,12,12,12,12","0:0-1;1:7-10,7-9,7-2,1-10,7-6,7-12;2:1-12;3:7-6;4:7-6;5:0-3;6:0-3;7:7-12,0-12;8:7-12;9:0-5,7-5,1-5,0-14,0-13,0-3"
464,proposed_c2f_adaptive_pd,10,10,1.0,17,300,0.056666666666666664,20,14,6,8960.0,14.933333333333334,812.7878164755864,236.55647954000875,1.0,9,1,0.0,0.0,0.0,0.0,0.0,0.0,0.0,0.0,0.0,0.0,77213.0,77213.0,0.0,2.0,1.0,3.0,0.0,"5,5,5,5,5,5,5,5,5,5","0:2-0;1:2-5;2:2-5;3:8-5;4:8-4,5-4,8-14,2-4,8-3,8-6;5:5-7;6:2-5;7:2-5;8:8-5;9:5-4,5-14,5-7,8-4,5-10,5-11"
465,proposed_c2f_adaptive_pd,8,10,0.8,12,270,0.044444444444444446,20,15,5,9600.0,16.0,5551.042640077039,122.00528165611249,0.95,8,1,0.0,0.0,0.0,0.0,0.0,0.0,0.0,0.0,0.0,0.0,79686.0,79686.0,0.0,2.0,1.0,3.0,0.0,"0,0,0,0,0,0,0,0,0,0","0:0-5;1:10-0;2:1-0;3:10-6,10-8,10-13,10-4,0-8,1-6;4:10-0;5:0-7;6:10-8;7:1-0;8:1-3,0-3,1-14,0-14,1-2,1-11;9:10-0"
466,proposed_c2f_adaptive_pd,10,10,1.0,12,300,0.04,27,18,9,11520.0,19.200000000000003,747.704819168271,89.39314030174525,1.0,2,1,0.0,0.0,0.0,0.0,0.0,0.0,0.0,0.0,0.0,0.0,93592.0,93592.0,0.0,2.0,1.0,3.0,0.0,"5,5,5,5,5,5,5,5,5,5","0:6-5;1:6-9;2:9-11,9-7,9-12,13-11,13-9,9-13;3:6-11;4:9-5;5:9-11,9-12,6-9,9-5,6-5,13-5;6:6-0,6-3,6-8,13-0,9-8,9-3;7:6-5;8:6-5,6-3;9:6-5,9-5"
467,proposed_c2f_adaptive_pd,9,10,0.9,13,300,0.043333333333333335,25,16,9,10240.0,17.066666666666666,861.4276826101583,31.318780491083167,1.0,3,1,0.0,0.0,0.0,0.0,0.0,0.0,0.0,0.0,0.0,0.0,99527.0,99527.0,0.0,2.0,1.0,3.0,0.0,"10,10,10,10,10,10,10,10,10,10","0:5-10;1:5-6,5-2,3-6,5-10,3-10,1-10;2:1-7,1-9,1-12,1-8,1-14,1-10;3:3-2,5-2,3-11,5-6,5-3,3-5;4:3-10;5:1-10;6:1-10;7:5-2;8:3-10;9:3-2"
468,proposed_c2f_adaptive_pd,9,10,0.9,14,300,0.04666666666666667,14,8,6,5120.0,8.533333333333333,420.5852496616027,33.79665101091249,1.0,6,1,0.0,0.0,0.0,0.0,0.0,0.0,0.0,0.0,0.0,0.0,70565.0,70565.0,0.0,2.0,1.0,3.0,0.0,"5,5,5,5,5,5,5,5,5,5","0:1-5;1:0-1;2:0-8;3:12-8;4:12-5;5:1-5;6:1-4,1-6,12-6;7:0-5;8:0-5;9:1-10,0-10,1-5"
469,proposed_c2f_adaptive_pd,10,10,1.0,15,300,0.05,18,12,6,7680.0,12.8,3105.3935831197095,309.3472680996779,1.0,3,1,0.0,0.0,0.0,0.0,0.0,0.0,0.0,0.0,0.0,0.0,68812.0,68812.0,0.0,2.0,1.0,3.0,0.0,"1,1,1,1,1,1,1,1,1,1","0:0-10;1:4-6;2:0-1;3:0-13,0-2,0-12,1-13,0-11,0-1;4:1-3;5:4-1;6:0-2,0-1,4-1;7:4-1,4-6;8:0-3;9:0-10"
470,proposed_c2f_adaptive_pd,10,10,1.0,15,300,0.05,13,6,7,3840.0,6.4,1168.5367140532298,77.43279443889728,1.0,1,1,0.0,0.0,0.0,0.0,0.0,0.0,0.0,0.0,0.0,0.0,62087.0,62087.0,0.0,2.0,1.0,3.0,0.0,"8,8,8,8,8,8,8,8,8,8","0:0-8;1:0-13,5-13;2:8-7;3:0-1;4:0-8;5:0-8;6:0-8;7:5-8;8:8-7,0-8,5-8;9:0-1"
471,proposed_c2f_adaptive_pd,9,10,0.9,19,300,0.06333333333333334,26,19,7,12160.0,20.26666666666667,1486055.666334881,73.03782850141903,1.0,3,0,0.0,0.0,0.0,0.0,0.0,0.0,0.0,0.0,0.0,0.0,90588.0,90588.0,0.0,2.0,1.0,3.0,0.0,"0,0,0,0,0,0,0,0,0,0","0:0-9,0-5,0-14,0-8,1-0,2-0;1:1-0;2:0-5;3:2-4,2-10,0-4,2-8,0-10,2-5;4:1-0,2-0;5:2-13,2-6,2-10,1-13,2-4,2-1;6:1-0;7:1-11;8:0-11;9:1-0"
472,proposed_c2f_adaptive_pd,9,10,0.9,7,270,0.025925925925925925,21,16,5,10240.0,17.066666666666666,223.17021398033825,105.40725544419881,0.9047619047619048,3,1,0.0,0.0,0.0,0.0,0.0,0.0,0.0,0.0,0.0,0.0,97003.0,97003.0,0.0,2.0,1.0,3.0,0.0,"6,6,6,6,6,6,6,6,6,6","0:0-13;1:0-12,0-8;2:0-6;3:0-9,0-8,0-4,3-0,0-3,2-0;4:2-6;5:0-12;6:0-1;7:0-6,3-6,2-6,0-11,3-11,2-11;8:0-1;9:0-14"
473,proposed_c2f_adaptive_pd,10,10,1.0,11,300,0.03666666666666667,13,7,6,4480.0,7.466666666666667,644.5070962527203,91.35098822467103,1.0,4,1,0.0,0.0,0.0,0.0,0.0,0.0,0.0,0.0,0.0,0.0,62198.0,62198.0,0.0,2.0,1.0,3.0,0.0,"3,3,3,3,3,3,3,3,3,3","0:6-3;1:13-3;2:6-3;3:3-0;4:13-0,13-12,13-3,6-3;5:3-1;6:13-14;7:13-3;8:3-2;9:3-14"
474,proposed_c2f_adaptive_pd,9,10,0.9,16,300,0.05333333333333334,16,12,4,7680.0,12.8,2116.973688409059,99.37261337700863,1.0,1,1,0.0,0.0,0.0,0.0,0.0,0.0,0.0,0.0,0.0,0.0,59872.0,59872.0,0.0,2.0,1.0,3.0,0.0,"1,1,1,1,1,1,1,1,1,1","0:0-1;1:11-4,9-4;2:0-12;3:0-2;4:0-14,9-14,0-2,9-2,9-1,0-1;5:11-12;6:9-1;7:0-14;8:0-13;9:9-11"
475,proposed_c2f_adaptive_pd,10,10,1.0,11,300,0.03666666666666667,26,16,10,10240.0,17.066666666666666,13482.006244364147,471.1949578707772,1.0,0,1,0.0,0.0,0.0,0.0,0.0,0.0,0.0,0.0,0.0,0.0,88234.0,88234.0,0.0,2.0,1.0,3.0,0.0,"0,0,0,0,0,0,0,0,0,0","0:0-4,0-9,3-0,1-0;1:1-0;2:1-0;3:0-6,0-14,0-7,1-6,1-14,3-14;4:0-9,0-11,0-6,3-0,1-0;5:1-0,3-0;6:3-0;7:0-9,0-11;8:1-0,0-4;9:0-6,3-6"
476,proposed_c2f_adaptive_pd,9,10,0.9,17,300,0.056666666666666664,16,9,7,5760.0,9.600000000000001,4604.3086701264365,178.33777731633066,1.0,2,1,0.0,0.0,0.0,0.0,0.0,0.0,0.0,0.0,0.0,0.0,83816.0,83816.0,0.0,3.0,1.0,2.0,0.0,"6,6,6,6,6,6,6,6,6,6","0:0-6;1:0-6;2:6-4,6-3,6-7,6-5,6-11,0-4;3:0-1;4:0-6;5:6-4;6:0-6;7:6-8,0-6;8:0-6;9:0-6"
477,proposed_c2f_adaptive_pd,10,10,1.0,19,300,0.06333333333333334,16,9,7,5760.0,9.600000000000001,4871.226365036553,93.81737272294882,1.0,6,1,0.0,0.0,0.0,0.0,0.0,0.0,0.0,0.0,0.0,0.0,61825.0,61825.0,0.0,2.0,1.0,3.0,0.0,"0,0,0,0,0,0,0,0,0,0","0:0-2;1:1-6;2:1-0;3:4-0;4:4-13;5:1-0;6:0-8,1-8,4-8,0-3,1-0,4-0;7:1-2;8:4-0,1-0;9:0-3"
478,proposed_c2f_adaptive_pd,8,10,0.8,13,300,0.043333333333333335,17,9,8,5760.0,9.600000000000001,581.0668343258061,160.6791268274436,0.9411764705882353,5,1,0.0,0.0,0.0,0.0,0.0,0.0,0.0,0.0,0.0,0.0,67405.0,67405.0,0.0,2.0,1.0,3.0,0.0,"11,11,11,11,11,11,11,11,11,11","0:3-11;1:5-11;2:3-12,3-11,5-11;3:5-11;4:3-4;5:3-12,3-4,3-10,3-6,3-11,11-3;6:5-11;7:11-2;8:5-4;9:5-11"
479,proposed_c2f_adaptive_pd,8,10,0.8,13,300,0.043333333333333335,10,8,2,5120.0,8.533333333333333,81.12138554099006,36.564573945500435,1.0,3,1,0.0,0.0,0.0,0.0,0.0,0.0,0.0,0.0,0.0,0.0,65030.0,65030.0,0.0,3.0,1.0,2.0,0.0,"1,1,1,1,1,1,1,1,1,1",0:1-3;1:1-11;2:1-3;3:2-13;4:2-3;5:2-1;6:2-1;7:1-0;8:1-7;9:1-3
480,proposed_c2f_adaptive_pd,7,10,0.7,9,300,0.03,24,13,11,8320.0,13.866666666666667,759.7364291399148,85.94155792004071,0.875,5,1,0.0,0.0,0.0,0.0,0.0,0.0,0.0,0.0,0.0,0.0,83791.0,83791.0,0.0,2.0,1.0,3.0,0.0,"0,0,0,0,0,0,0,0,0,0","0:11-8,11-0,6-0;1:6-0;2:6-0;3:11-0,0-8;4:11-0;5:0-8,0-4,0-7,11-8,6-8,11-4;6:0-4,11-0,6-0;7:11-1,0-1,11-2,11-0,6-0;8:0-5;9:6-0"
481,proposed_c2f_adaptive_pd,10,10,1.0,8,300,0.02666666666666667,23,15,8,9600.0,16.0,89063.52564293305,637.2322035003672,1.0,6,1,0.0,0.0,0.0,0.0,0.0,0.0,0.0,0.0,0.0,0.0,80074.0,80074.0,0.0,2.0,1.0,3.0,0.0,"1,1,1,1,1,1,1,1,1,1","0:0-2;1:1-2,0-1,3-1;2:0-1,3-1;3:0-1;4:1-13;5:3-1;6:3-9,3-4,3-10,3-0,0-3,3-5;7:3-1;8:3-9,3-4,3-0,0-3,3-13,3-1;9:0-6"
482,proposed_c2f_adaptive_pd,10,10,1.0,18,300,0.06,15,11,4,7040.0,11.733333333333334,999.3521460809795,153.85840604839274,1.0,9,1,0.0,0.0,0.0,0.0,0.0,0.0,0.0,0.0,0.0,0.0,72422.0,72422.0,0.0,2.0,1.0,3.0,0.0,"5,5,5,5,5,5,5,5,5,5","0:8-5;1:0-5;2:0-5;3:0-2;4:0-1;5:5-2;6:0-7;7:0-7;8:0-5;9:5-4,5-2,5-6,5-10,5-7,5-9"
483,proposed_c2f_adaptive_pd,10,10,1.0,14,300,0.04666666666666667,22,19,3,12160.0,20.26666666666667,155838.83342484286,4982.5722667902455,1.0,3,1,0.0,0.0,0.0,0.0,0.0,0.0,0.0,0.0,0.0,0.0,80979.0,80979.0,0.0,2.0,1.0,3.0,0.0,"4,4,4,4,4,4,4,4,4,4","0:4-5,4-2;1:13-4;2:4-3;3:4-7,4-5,4-3,4-1,4-10,4-12;4:4-2;5:6-4;6:13-4;7:4-7,4-3;8:6-13;9:6-11,6-0,13-11,6-9,13-9,4-11"
484,proposed_c2f_adaptive_pd,10,10,1.0,19,300,0.06333333333333334,23,18,5,11520.0,19.200000000000003,166.78831412081306,77.23157947190657,1.0,4,1,0.0,0.0,0.0,0.0,0.0,0.0,0.0,0.0,0.0,0.0,96666.0,96666.0,0.0,2.0,1.0,3.0,0.0,"4,4,4,4,4,4,4,4,4,4","0:3-4;1:0-1,0-5,0-4,3-4;2:3-12,4-13,3-11,4-12,3-13,3-8;3:0-4;4:0-10,0-1,0-5,0-7,0-6,0-9;5:0-13;6:0-1;7:0-9;8:0-1;9:3-4"
485,proposed_c2f_adaptive_pd,10,10,1.0,13,300,0.043333333333333335,13,3,10,1920.0,3.2,251.80041607214542,75.79584049752413,1.0,5,1,0.0,0.0,0.0,0.0,0.0,0.0,0.0,0.0,0.0,0.0,51587.0,51587.0,0.0,2.0,1.0,3.0,0.0,"5,5,5,5,5,5,5,5,5,5","0:1-7;1:3-5;2:7-5,1-5;3:1-5;4:3-5,7-5;5:3-5,1-2;6:1-0;7:1-5;8:3-5;9:3-5"
486,proposed_c2f_adaptive_pd,10,10,1.0,20,300,0.06666666666666667,18,14,4,8960.0,14.933333333333334,5253.281523756485,61.070368315919424,0.9444444444444444,0,1,0.0,0.0,0.0,0.0,0.0,0.0,0.0,0.0,0.0,0.0,72404.0,72404.0,0.0,2.0,1.0,3.0,0.0,"10,10,10,10,10,10,10,10,10,10","0:2-13,2-3,2-14,0-3,12-3,0-1;1:2-10;2:2-10;3:12-4;4:0-2;5:12-8;6:2-3,12-3,12-10;7:2-8;8:2-3,2-10;9:0-8"
487,proposed_c2f_adaptive_pd,8,10,0.8,9,300,0.03,16,9,7,5760.0,9.600000000000001,808.3152436734442,31.657821276572705,1.0,1,1,0.0,0.0,0.0,0.0,0.0,0.0,0.0,0.0,0.0,0.0,67139.0,67139.0,0.0,2.0,1.0,3.0,0.0,"12,12,12,12,12,12,12,12,12,12","0:0-5;1:0-3,0-11,0-8,12-3,0-14,12-11;2:0-12;3:0-6;4:0-12;5:0-2;6:6-12,0-12;7:0-12;8:6-12;9:6-12"
488,proposed_c2f_adaptive_pd,9,10,0.9,12,300,0.04,21,13,8,8320.0,13.866666666666667,115.06276355835398,34.04955430978218,1.0,2,1,0.0,0.0,0.0,0.0,0.0,0.0,0.0,0.0,0.0,0.0,73267.0,73267.0,0.0,2.0,1.0,3.0,0.0,"14,14,14,14,14,14,14,14,14,14","0:14-10,3-0,3-10,2-10,2-0,14-7;1:3-14,2-14;2:14-13,14-9,14-11,14-4,14-5,3-14;3:2-8;4:2-14;5:2-14;6:2-0;7:3-14;8:3-14;9:2-14"
489,proposed_c2f_adaptive_pd,10,10,1.0,12,300,0.04,27,21,6,13440.0,22.4,6131.845431269375,502.65409474424825,0.9629629629629629,7,1,0.0,0.0,0.0,0.0,0.0,0.0,0.0,0.0,0.0,0.0,88362.0,88362.0,0.0,2.0,1.0,3.0,0.0,"4,4,4,4,4,4,4,4,4,4","0:0-1;1:0-4;2:0-6,7-9;3:4-8,7-8,4-12,0-8,4-11,4-10;4:0-4,4-8;5:0-4;6:4-8,7-8,0-8,4-12,4-1,4-11;7:4-8,4-10,4-12,4-11,7-4,4-2;8:7-4;9:7-4"
490,proposed_c2f_adaptive_pd,8,10,0.8,10,300,0.03333333333333333,18,14,4,8960.0,14.933333333333334,2604.2779227118754,35.59419525071648,1.0,9,1,0.0,0.0,0.0,0.0,0.0,0.0,0.0,0.0,0.0,0.0,69347.0,69347.0,0.0,2.0,1.0,3.0,0.0,"0,0,0,0,0,0,0,0,0,0","0:5-0,0-4;1:5-13,1-13;2:5-4;3:1-0,5-0;4:1-5;5:0-3;6:1-4;7:1-0;8:0-2;9:5-9,1-9,5-14,1-14,1-11,1-12"
491,proposed_c2f_adaptive_pd,8,10,0.8,10,300,0.03333333333333333,28,14,14,8960.0,14.933333333333334,33708.45996177981,57.46399613067727,0.9642857142857143,8,1,0.0,0.0,0.0,0.0,0.0,0.0,0.0,0.0,0.0,0.0,70375.0,70375.0,0.0,2.0,1.0,3.0,0.0,"6,6,6,6,6,6,6,6,6,6","0:1-6;1:6-11,6-10,6-3,2-11,6-8,2-6;2:1-6,2-6;3:2-6;4:1-13,6-13,1-6,2-6;5:2-6,1-6;6:1-6,2-6;7:2-6;8:2-11,6-11,1-11,2-12,2-5,2-4;9:1-14,2-6,1-6"
492,proposed_c2f_adaptive_pd,7,10,0.7,14,270,0.05185185185185185,16,13,3,8320.0,13.866666666666667,568666.9303271349,43.11318042183027,0.9375,2,1,0.0,0.0,0.0,0.0,0.0,0.0,0.0,0.0,0.0,0.0,61560.0,61560.0,0.0,2.0,1.0,3.0,0.0,"7,7,7,7,7,7,7,7,7,7","0:0-9,0-5;1:7-12;2:3-10,3-6,3-4,0-10,0-6,3-11;3:0-9;4:3-4;5:3-7;6:0-7;7:0-7;8:0-6;9:0-10"
493,proposed_c2f_adaptive_pd,9,10,0.9,15,270,0.05555555555555555,18,14,4,8960.0,14.933333333333334,249.52494376101117,59.828476362474895,0.9444444444444444,0,1,0.0,0.0,0.0,0.0,0.0,0.0,0.0,0.0,0.0,0.0,80999.0,80999.0,0.0,2.0,1.0,3.0,0.0,"6,6,6,6,6,6,6,6,6,6","0:6-5,6-1,6-11,6-4,9-6,10-6;1:6-1,6-5;2:9-6;3:6-1;4:10-2,10-3;5:6-7;6:9-0;7:10-6;8:6-3,6-2;9:6-12"
494,proposed_c2f_adaptive_pd,8,10,0.8,9,270,0.03333333333333333,11,7,4,4480.0,7.466666666666667,6721.046534746744,86.69795571647312,0.9090909090909091,7,1,0.0,0.0,0.0,0.0,0.0,0.0,0.0,0.0,0.0,0.0,51304.0,51304.0,0.0,2.0,1.0,3.0,0.0,"4,4,4,4,4,4,4,4,4,4","0:4-1;1:11-4;2:4-6;3:4-10;4:2-0;5:2-4;6:11-4;7:11-4,11-3;8:2-8;9:2-11"
495,proposed_c2f_adaptive_pd,9,10,0.9,10,300,0.03333333333333333,20,16,4,10240.0,17.066666666666666,2691.222154018496,449.2150426615784,0.85,2,1,0.0,0.0,0.0,0.0,0.0,0.0,0.0,0.0,0.0,0.0,83904.0,83904.0,0.0,2.0,1.0,3.0,0.0,"1,1,1,1,1,1,1,1,1,1","0:9-10;1:2-8;2:2-4,9-4,2-0,9-2,2-9,2-13;3:2-1;4:1-12;5:9-7;6:9-0,9-11,9-3,9-7,9-1;7:9-1;8:2-1;9:2-5,2-13"
496,proposed_c2f_adaptive_pd,8,10,0.8,16,300,0.05333333333333334,30,22,8,14080.0,23.46666666666667,467.88957219055845,245.16889313783884,0.9,9,1,0.0,0.0,0.0,0.0,0.0,0.0,0.0,0.0,0.0,0.0,108669.0,108669.0,0.0,2.0,1.0,3.0,0.0,"3,3,3,3,3,3,3,3,3,3","0:4-3;1:3-2;2:1-2;3:1-0;4:3-11,3-5,3-6,4-11,4-5,4-6;5:1-3;6:3-7,1-7,4-7,3-13,1-3,4-3;7:1-3;8:3-7,3-13,3-10,3-6,1-3,4-3;9:4-11,4-5,4-9,4-14,4-8,4-3"
497,proposed_c2f_adaptive_pd,10,10,1.0,26,300,0.08666666666666667,23,13,10,8320.0,13.866666666666667,35557.138357070085,75.6315878874422,1.0,1,1,0.0,0.0,0.0,0.0,0.0,0.0,0.0,0.0,0.0,0.0,81024.0,81024.0,0.0,2.0,1.0,3.0,0.0,"0,0,0,0,0,0,0,0,0,0","0:11-0;1:5-10,0-10,5-7,0-7,11-10,11-7;2:5-0;3:5-0;4:11-9,11-0;5:11-10,0-10,0-7,11-7,11-0,5-0;6:11-0;7:5-0,0-5;8:5-0,11-0;9:0-1"
498,proposed_c2f_adaptive_pd,10,10,1.0,11,300,0.03666666666666667,22,17,5,10880.0,18.133333333333333,2164952.2521196166,853.608231207271,0.9545454545454546,4,1,0.0,0.0,0.0,0.0,0.0,0.0,0.0,0.0,0.0,0.0,83003.0,83003.0,0.0,2.0,1.0,3.0,0.0,"0,0,0,0,0,0,0,0,0,0","0:1-0;1:1-0,1-3;2:0-8;3:1-5;4:0-6,0-10,0-7,0-12,0-3,0-14;5:5-0,1-0;6:1-0;7:0-2;8:5-11;9:5-11,5-9,5-2,1-5,1-11,5-1"
499,proposed_c2f_adaptive_pd,7,10,0.7,12,240,0.05,18,15,3,9600.0,16.0,1690.799097869818,36.74960831346071,0.8888888888888888,7,1,0.0,0.0,0.0,0.0,0.0,0.0,0.0,0.0,0.0,0.0,70431.0,70431.0,0.0,2.0,1.0,3.0,0.0,"3,3,3,3,3,3,3,3,3,3","0:1-11;1:13-3;2:1-7;3:1-3;4:1-10;5:1-6;6:13-9,13-5,13-3,1-9;7:1-6,10-6,1-2,1-4,10-2,1-7;8:1-2;9:1-2"
500,proposed_c2f_adaptive_pd,9,10,0.9,15,300,0.05,12,9,3,5760.0,9.600000000000001,11642.177818233702,167.51774858949346,1.0,0,1,0.0,0.0,0.0,0.0,0.0,0.0,0.0,0.0,0.0,0.0,49150.0,49150.0,0.0,2.0,1.0,3.0,0.0,"0,0,0,0,0,0,0,0,0,0","0:0-1;1:0-8;2:2-1;3:2-0;4:0-5;5:6-9,6-10;6:2-0;7:0-5;8:2-10;9:6-0,2-6"
501,proposed_c2f_adaptive_pd,9,10,0.9,12,300,0.04,16,11,5,7040.0,11.733333333333334,15217.834064869365,134.54104835064769,1.0,4,1,0.0,0.0,0.0,0.0,0.0,0.0,0.0,0.0,0.0,0.0,58313.0,58313.0,0.0,2.0,1.0,3.0,0.0,"5,5,5,5,5,5,5,5,5,5","0:0-1;1:2-5;2:0-1;3:0-5;4:0-12,13-12,0-9,0-4,13-4,13-9;5:2-5;6:0-5;7:13-5,0-1;8:2-3;9:0-6"
502,proposed_c2f_adaptive_pd,8,10,0.8,7,240,0.029166666666666667,28,21,7,13440.0,22.4,971.0882159288622,208.4661890228477,0.8928571428571429,8,1,0.0,0.0,0.0,0.0,0.0,0.0,0.0,0.0,0.0,0.0,102684.0,102684.0,0.0,2.0,1.0,3.0,0.0,"10,10,10,10,10,10,10,10,10,10","0:11-10;1:12-11,11-10,12-10;2:10-3,10-4,10-2,10-6,10-5,10-13;3:10-13,10-6,10-1,11-13,10-2,12-13;4:12-10,11-10;5:11-10;6:11-10;7:11-1;8:10-2,10-3,10-6,10-13,10-5,10-4;9:10-2"
503,proposed_c2f_adaptive_pd,9,10,0.9,16,300,0.05333333333333334,29,25,4,16000.0,26.666666666666668,4883.917298083719,50.845481609162796,1.0,2,1,0.0,0.0,0.0,0.0,0.0,0.0,0.0,0.0,0.0,0.0,119310.0,119310.0,0.0,2.0,1.0,3.0,0.0,"0,0,0,0,0,0,0,0,0,0","0:0-1;1:7-8,7-11,7-6,5-14,7-3,7-12;2:0-10,0-8,0-9,7-8,7-10,7-9;3:7-3,7-6,7-11,5-3,5-6,7-0;4:0-9;5:5-8;6:5-8;7:0-10,5-10,7-10,5-0,7-0;8:5-6;9:5-0"
504,proposed_c2f_adaptive_pd,7,10,0.7,11,240,0.04583333333333333,14,8,6,5120.0,8.533333333333333,101.87237405556404,41.48928431522986,0.8571428571428571,9,1,0.0,0.0,0.0,0.0,0.0,0.0,0.0,0.0,0.0,0.0,58135.0,58135.0,0.0,2.0,1.0,3.0,0.0,"0,0,0,0,0,0,0,0,0,0","0:4-0;1:4-7;2:0-9;3:10-0;4:10-0;5:0-2;6:4-3;7:0-3;8:10-0,4-0;9:10-14,10-8,10-7,10-0"
505,proposed_c2f_adaptive_pd,10,10,1.0,11,300,0.03666666666666667,15,8,7,5120.0,8.533333333333333,2907.8219722822387,697.9465617597052,1.0,3,1,0.0,0.0,0.0,0.0,0.0,0.0,0.0,0.0,0.0,0.0,99272.0,99272.0,0.0,3.0,1.0,2.0,0.0,"3,3,3,3,3,3,3,3,3,3","0:0-3;1:0-3;2:0-3;3:3-4,3-8,3-5,3-7,3-12,0-3;4:0-3;5:0-2;6:0-3;7:0-4;8:0-3;9:0-10"
506,proposed_c2f_adaptive_pd,9,10,0.9,12,300,0.04,18,7,11,4480.0,7.466666666666667,1196.5131859449498,158.17878920867406,0.9444444444444444,2,1,0.0,0.0,0.0,0.0,0.0,0.0,0.0,0.0,0.0,0.0,62936.0,62936.0,0.0,2.0,1.0,3.0,0.0,"0,0,0,0,0,0,0,0,0,0","0:2-8,2-0,3-0,9-0;1:2-3;2:9-11,9-0,9-1,3-11,3-0,3-13;3:3-0;4:9-0;5:2-0;6:2-0;7:9-0;8:2-3;9:2-0"
507,proposed_c2f_adaptive_pd,10,10,1.0,17,300,0.056666666666666664,21,20,1,12800.0,21.333333333333336,18271.87212254047,293.67921781640996,0.8571428571428571,4,1,0.0,0.0,0.0,0.0,0.0,0.0,0.0,0.0,0.0,0.0,96995.0,96995.0,0.0,2.0,1.0,3.0,0.0,"5,5,5,5,5,5,5,5,5,5","0:8-4,8-10,8-9,5-9,5-4,5-10;1:1-5;2:5-7,5-9;3:1-2;4:8-14,8-13,1-14,8-1,1-8,1-2;5:1-0;6:1-6;7:5-9;8:1-3;9:5-11"
508,proposed_c2f_adaptive_pd,7,10,0.7,12,270,0.044444444444444446,23,15,8,9600.0,16.0,268.68261593194376,128.9614843061867,0.9130434782608695,2,1,0.0,0.0,0.0,0.0,0.0,0.0,0.0,0.0,0.0,0.0,72175.0,72175.0,0.0,2.0,1.0,3.0,0.0,"8,8,8,8,8,8,8,8,8,8","0:9-8;1:0-14,0-13;2:8-10,8-2,8-6,8-1,0-8,8-0;3:0-10,8-10,8-2,9-2;4:8-1;5:0-8,9-8;6:9-4;7:9-8;8:0-8;9:0-14,0-13,0-8,9-8"
509,proposed_c2f_adaptive_pd,10,10,1.0,12,300,0.04,18,15,3,9600.0,16.0,44448.744776848725,185.58698175918664,1.0,9,1,0.0,0.0,0.0,0.0,0.0,0.0,0.0,0.0,0.0,0.0,76716.0,76716.0,0.0,2.0,1.0,3.0,0.0,"6,6,6,6,6,6,6,6,6,6","0:6-2;1:0-6;2:0-6;3:6-5;4:0-1;5:11-10,0-10,0-11,11-12;6:0-6;7:0-1;8:0-1;9:11-10,11-9,11-3,0-11,11-0,11-12"
510,proposed_c2f_adaptive_pd,8,10,0.8,11,300,0.03666666666666667,19,13,6,8320.0,13.866666666666667,430.4467554552246,110.46224898941821,0.8421052631578947,8,1,0.0,0.0,0.0,0.0,0.0,0.0,0.0,0.0,0.0,0.0,75186.0,75186.0,0.0,2.0,1.0,3.0,0.0,"2,2,2,2,2,2,2,2,2,2","0:1-2;1:1-9;2:10-6,10-2,1-2;3:1-2;4:1-7;5:1-0;6:1-5,1-11,1-2;7:1-2;8:1-8,2-0,2-11,2-4,2-5,2-12;9:10-0"
511,proposed_c2f_adaptive_pd,10,10,1.0,12,300,0.04,12,10,2,6400.0,10.666666666666668,406.47197321799274,170.3227955492809,1.0,4,1,0.0,0.0,0.0,0.0,0.0,0.0,0.0,0.0,0.0,0.0,54346.0,54346.0,0.0,2.0,1.0,3.0,0.0,"9,9,9,9,9,9,9,9,9,9","0:4-0;1:4-9;2:7-8;3:4-0;4:4-7,7-4;5:4-1;6:4-1;7:9-10;8:4-9,4-0;9:4-1"
512,proposed_c2f_adaptive_pd,8,10,0.8,21,300,0.07,27,17,10,10880.0,18.133333333333333,52.03646814255717,35.47472376018752,1.0,4,1,0.0,0.0,0.0,0.0,0.0,0.0,0.0,0.0,0.0,0.0,89858.0,89858.0,0.0,2.0,1.0,3.0,0.0,"1,1,1,1,1,1,1,1,1,1","0:10-8;1:10-8;2:2-8;3:2-5,9-5,10-5,10-1,2-1,9-1;4:10-8,9-8,2-8,10-11,10-1,9-11;5:2-12,2-1,9-1,10-1;6:10-1;7:10-5;8:10-8,9-8,2-8,9-1,10-1;9:2-4"
513,proposed_c2f_adaptive_pd,9,10,0.9,11,270,0.040740740740740744,21,15,6,9600.0,16.0,1177.7286720085697,221.57102098371672,0.9047619047619048,6,1,0.0,0.0,0.0,0.0,0.0,0.0,0.0,0.0,0.0,0.0,84065.0,84065.0,0.0,2.0,1.0,3.0,0.0,"0,0,0,0,0,0,0,0,0,0","0:7-0;1:2-0,2-3;2:2-0;3:7-0;4:0-14;5:0-4;6:7-1,0-1,7-11,7-0,0-7,7-12;7:7-3,0-3,2-3,2-1,0-1,7-0;8:0-4;9:0-4"
514,proposed_c2f_adaptive_pd,9,10,0.9,8,300,0.02666666666666667,12,8,4,5120.0,8.533333333333333,1716.6544567877288,281.3082931951886,1.0,4,1,0.0,0.0,0.0,0.0,0.0,0.0,0.0,0.0,0.0,0.0,40454.0,40454.0,0.0,2.0,1.0,3.0,0.0,"12,12,12,12,12,12,12,12,12,12","0:14-3;1:1-12;2:1-6;3:1-3;4:14-3,14-5;5:1-7;6:1-12;7:1-12,11-12;8:1-9;9:1-4"
515,proposed_c2f_adaptive_pd,9,10,0.9,13,300,0.043333333333333335,19,7,12,4480.0,7.466666666666667,480.21419470191415,100.00719428737338,1.0,6,1,0.0,0.0,0.0,0.0,0.0,0.0,0.0,0.0,0.0,0.0,70463.0,70463.0,0.0,2.0,1.0,3.0,0.0,"12,12,12,12,12,12,12,12,12,12","0:2-12;1:8-12;2:7-12;3:2-12,8-12;4:2-4,2-12,8-12,7-12;5:7-12;6:2-0,7-0,8-0,2-12,2-4,2-1;7:2-12;8:2-12;9:2-0"
516,proposed_c2f_adaptive_pd,6,10,0.6,14,270,0.05185185185185185,23,18,5,11520.0,19.200000000000003,365.5728090349473,43.46110050204021,0.9565217391304348,7,1,0.0,0.0,0.0,0.0,0.0,0.0,0.0,0.0,0.0,0.0,73986.0,73986.0,0.0,2.0,1.0,3.0,0.0,"5,5,5,5,5,5,5,5,5,5","0:9-5;1:0-6;2:0-9;3:5-2;4:9-5;5:0-1;6:5-12,5-7,0-5,9-5;7:5-12,5-7,5-1,0-12,5-4,5-3;8:9-5;9:5-7,5-8,9-12,0-7,5-2,5-3"
517,proposed_c2f_adaptive_pd,8,10,0.8,19,300,0.06333333333333334,15,14,1,8960.0,14.933333333333334,208300.85033615856,389.2994698530353,0.9333333333333333,7,1,0.0,0.0,0.0,0.0,0.0,0.0,0.0,0.0,0.0,0.0,59638.0,59638.0,0.0,2.0,1.0,3.0,0.0,"7,7,7,7,7,7,7,7,7,7","0:7-13;1:3-1;2:3-7;3:9-10;4:3-1;5:7-5;6:3-9;7:9-0,9-2,9-5,9-10,7-0,9-13;8:7-5;9:3-14"
518,proposed_c2f_adaptive_pd,9,10,0.9,14,300,0.04666666666666667,13,11,2,7040.0,11.733333333333334,6798.643214533343,647.1834455898174,1.0,2,1,0.0,0.0,0.0,0.0,0.0,0.0,0.0,0.0,0.0,0.0,54313.0,54313.0,0.0,2.0,1.0,3.0,0.0,"0,0,0,0,0,0,0,0,0,0","0:2-0;1:9-0;2:2-4,2-8,2-13,2-7;3:2-10;4:2-1;5:2-1;6:2-7;7:2-13;8:0-5;9:0-5"
519,proposed_c2f_adaptive_pd,10,10,1.0,16,300,0.05333333333333334,21,16,5,10240.0,17.066666666666666,15231.588682084945,649.5166820552777,1.0,7,1,0.0,0.0,0.0,0.0,0.0,0.0,0.0,0.0,0.0,0.0,57843.0,57843.0,0.0,2.0,1.0,3.0,0.0,"7,7,7,7,7,7,7,7,7,7","0:7-4;1:7-2,3-2,7-12,0-12,3-12,0-4;2:0-7;3:0-10,0-7;4:0-7;5:0-7;6:0-9;7:3-12,3-1,3-5,0-12,3-6,0-5;8:3-7;9:3-13"
520,proposed_c2f_adaptive_pd,9,10,0.9,18,300,0.06,15,15,0,9600.0,16.0,712.4319002259714,69.5489872946836,1.0,8,1,0.0,0.0,0.0,0.0,0.0,0.0,0.0,0.0,0.0,0.0,59487.0,59487.0,0.0,2.0,1.0,3.0,0.0,"0,0,0,0,0,0,0,0,0,0","0:0-1;1:2-1;2:2-10;3:2-1;4:0-12;5:0-1;6:0-8;7:0-1;8:10-1,10-14,10-12,2-1,10-5,10-6;9:2-5"
521,proposed_c2f_adaptive_pd,10,10,1.0,24,300,0.08,21,18,3,11520.0,19.200000000000003,351.1506673701535,115.46201104982552,1.0,2,1,0.0,0.0,0.0,0.0,0.0,0.0,0.0,0.0,0.0,0.0,73627.0,73627.0,0.0,2.0,1.0,3.0,0.0,"1,1,1,1,1,1,1,1,1,1","0:0-2;1:0-1;2:1-10,1-14,1-5,1-13,1-9,1-6;3:0-2,3-2,3-0,0-3,0-4,3-4;4:0-3;5:0-2;6:1-6;7:3-1,0-1;8:1-6;9:0-3"
522,proposed_c2f_adaptive_pd,9,10,0.9,10,300,0.03333333333333333,20,7,13,4480.0,7.466666666666667,634.8076965629356,110.74425924546323,1.0,4,1,0.0,0.0,0.0,0.0,0.0,0.0,0.0,0.0,0.0,0.0,69959.0,69959.0,0.0,2.0,1.0,3.0,0.0,"14,14,14,14,14,14,14,14,14,14","0:0-14;1:0-3,1-0,0-1,0-14,1-14,6-14;2:1-14;3:1-14;4:6-11,6-14,1-11,0-14,0-11,1-14;5:6-14;6:1-14;7:6-14;8:0-1;9:0-14"
523,proposed_c2f_adaptive_pd,10,10,1.0,15,300,0.05,29,23,6,14720.0,24.533333333333335,4141.194122825958,235.3729765973477,0.9655172413793104,8,1,0.0,0.0,0.0,0.0,0.0,0.0,0.0,0.0,0.0,0.0,101084.0,101084.0,0.0,2.0,1.0,3.0,0.0,"0,0,0,0,0,0,0,0,0,0","0:0-2,7-0,4-0;1:4-7;2:7-0;3:4-6,7-6,4-7,7-4,4-14,4-13;4:0-9,7-9,0-2,4-9,7-2,0-11;5:0-11,7-0,4-0;6:4-0;7:4-2;8:4-13,4-6,7-13,7-6,4-14,4-3;9:4-3"
524,proposed_c2f_adaptive_pd,10,10,1.0,11,300,0.03666666666666667,13,5,8,3200.0,5.333333333333334,7543.100154396816,991.0630560303349,1.0,1,1,0.0,0.0,0.0,0.0,0.0,0.0,0.0,0.0,0.0,0.0,59230.0,59230.0,0.0,2.0,1.0,3.0,0.0,"9,9,9,9,9,9,9,9,9,9","0:0-9;1:0-8,0-9;2:0-9;3:5-9,5-1;4:0-9;5:0-3;6:5-7,5-9;7:5-9;8:0-9;9:9-2"
525,proposed_c2f_adaptive_pd,5,10,0.5,8,300,0.02666666666666667,16,11,5,7040.0,11.733333333333334,1291.1897463731273,35.464907663659545,1.0,1,1,0.0,0.0,0.0,0.0,0.0,0.0,0.0,0.0,0.0,0.0,69660.0,69660.0,0.0,2.0,1.0,3.0,0.0,"3,3,3,3,3,3,3,3,3,3","0:4-3;1:4-6,4-14,4-8,3-6,4-11,4-3;2:4-9,4-0;3:3-0;4:12-3;5:4-0;6:4-3;7:3-2;8:3-6;9:12-3"
526,proposed_c2f_adaptive_pd,9,10,0.9,16,300,0.05333333333333334,21,13,8,8320.0,13.866666666666667,1914.2542431760855,27.030884637166295,1.0,3,1,0.0,0.0,0.0,0.0,0.0,0.0,0.0,0.0,0.0,0.0,82846.0,82846.0,0.0,2.0,1.0,3.0,0.0,"13,13,13,13,13,13,13,13,13,13","0:6-13,2-13;1:6-8,6-3,2-8,6-13,11-13,2-13;2:11-13;3:2-3,6-3,6-9,2-8,6-8,2-4;4:11-13;5:2-13;6:2-6;7:6-11;8:2-7;9:11-10"
527,proposed_c2f_adaptive_pd,9,10,0.9,24,300,0.08,15,7,8,4480.0,7.466666666666667,412.52731105056847,55.511201455611,1.0,5,1,0.0,0.0,0.0,0.0,0.0,0.0,0.0,0.0,0.0,0.0,40938.0,40938.0,0.0,2.0,1.0,3.0,0.0,"2,2,2,2,2,2,2,2,2,2","0:1-2;1:1-2;2:0-2;3:1-2;4:8-2;5:0-5,0-6,0-2,0-12,0-9,1-0;6:8-11;7:0-4;8:1-2;9:8-2"
528,proposed_c2f_adaptive_pd,9,10,0.9,13,300,0.043333333333333335,25,16,9,10240.0,17.066666666666666,3686.2526129583844,304.3086264253012,1.0,1,1,0.0,0.0,0.0,0.0,0.0,0.0,0.0,0.0,0.0,0.0,101977.0,101977.0,0.0,2.0,1.0,3.0,0.0,"4,4,4,4,4,4,4,4,4,4","0:0-3;1:4-6,0-6,0-14,0-13,0-7,4-7;2:4-14,4-6,4-9,1-4,0-4;3:1-4;4:0-3;5:4-9,1-4,0-4;6:1-4;7:0-13,0-7,0-4;8:1-14;9:0-11,0-4,1-4"
529,proposed_c2f_adaptive_pd,8,10,0.8,10,270,0.037037037037037035,16,11,5,7040.0,11.733333333333334,633.1014975011748,69.74378240787871,0.9375,9,1,0.0,0.0,0.0,0.0,0.0,0.0,0.0,0.0,0.0,0.0,69180.0,69180.0,0.0,2.0,1.0,3.0,0.0,"1,1,1,1,1,1,1,1,1,1","0:9-1;1:9-1;2:9-1;3:9-10;4:1-8;5:7-1;6:7-8;7:7-1,1-6;8:9-6;9:7-13,7-11,7-4,1-8,7-12,7-14"
530,proposed_c2f_adaptive_pd,8,10,0.8,13,300,0.043333333333333335,21,17,4,10880.0,18.133333333333333,927.2047857009156,45.39652682034158,1.0,5,1,0.0,0.0,0.0,0.0,0.0,0.0,0.0,0.0,0.0,0.0,87737.0,87737.0,0.0,2.0,1.0,3.0,0.0,"0,0,0,0,0,0,0,0,0,0","0:2-6;1:2-0;2:0-1;3:7-0;4:7-0;5:2-6,7-6,2-7,7-2,2-14,2-11;6:7-6,7-0;7:0-3;8:0-12;9:2-7,7-2,2-6,2-3,2-14,2-11"
531,proposed_c2f_adaptive_pd,10,10,1.0,26,300,0.08666666666666667,16,13,3,8320.0,13.866666666666667,249.3071338575562,84.76703293836438,1.0,2,1,0.0,0.0,0.0,0.0,0.0,0.0,0.0,0.0,0.0,0.0,58145.0,58145.0,0.0,2.0,1.0,3.0,0.0,"4,4,4,4,4,4,4,4,4,4","0:4-7;1:1-0;2:4-3,4-6,4-9,4-5,4-13,2-3;3:4-3;4:1-4;5:1-7;6:4-5,1-4;7:4-5;8:1-4;9:2-7"
532,proposed_c2f_adaptive_pd,10,10,1.0,15,300,0.05,24,17,7,10880.0,18.133333333333333,5975.458498157852,52.482466990786286,1.0,8,1,0.0,0.0,0.0,0.0,0.0,0.0,0.0,0.0,0.0,0.0,108673.0,108673.0,0.0,2.0,1.0,3.0,0.0,"7,7,7,7,7,7,7,7,7,7","0:8-2;1:8-9,8-2,8-13;2:1-2;3:1-7;4:1-7;5:8-3,8-7;6:8-2,8-9,8-7,1-7,0-7;7:0-1;8:0-6,0-12,0-10,0-5,1-0,0-1;9:1-10,0-10,0-7"
533,proposed_c2f_adaptive_pd,8,10,0.8,10,240,0.041666666666666664,21,15,6,9600.0,16.0,758.4522875366303,75.63118445434039,0.6666666666666666,8,1,0.0,0.0,0.0,0.0,0.0,0.0,0.0,0.0,0.0,0.0,81982.0,81982.0,0.0,2.0,1.0,3.0,0.0,"2,2,2,2,2,2,2,2,2,2","0:14-2;1:14-2,14-11;2:0-2;3:0-8,0-5,0-3,14-8,2-8,0-12;4:14-2;5:14-2;6:2-7;7:0-3;8:2-9,2-13,0-9,2-4,14-9,2-7;9:0-2"
534,proposed_c2f_adaptive_pd,7,10,0.7,17,270,0.06296296296296296,25,17,8,10880.0,18.133333333333333,820.3062878616163,56.022151364653745,0.92,6,1,0.0,0.0,0.0,0.0,0.0,0.0,0.0,0.0,0.0,0.0,107030.0,107030.0,0.0,2.0,1.0,3.0,0.0,"11,11,11,11,11,11,11,11,11,11","0:10-9,10-8;1:0-11;2:11-13;3:0-11,10-11;4:10-11;5:10-11;6:10-9,11-9,0-9,10-8,10-5,10-3;7:11-13,11-6,0-13,10-13,0-11,0-6;8:0-12,0-1;9:0-12,0-11,10-11"
535,proposed_c2f_adaptive_pd,9,10,0.9,13,300,0.043333333333333335,21,11,10,7040.0,11.733333333333334,1120816.8555502351,228.98957164884192,1.0,0,1,0.0,0.0,0.0,0.0,0.0,0.0,0.0,0.0,0.0,0.0,84719.0,84719.0,0.0,2.0,1.0,3.0,0.0,"0,0,0,0,0,0,0,0,0,0","0:14-13,14-5,0-13,0-5,14-7,3-13;1:0-6;2:3-0,14-0;3:14-0;4:3-0;5:3-0;6:0-5,14-0,3-0;7:14-5,14-7,14-0,3-0;8:14-0;9:0-1"
536,proposed_c2f_adaptive_pd,10,10,1.0,11,300,0.03666666666666667,26,24,2,15360.0,25.6,6456.271616058095,172.91281220760396,0.8076923076923077,3,1,0.0,0.0,0.0,0.0,0.0,0.0,0.0,0.0,0.0,0.0,94936.0,94936.0,0.0,2.0,1.0,3.0,0.0,"14,14,14,14,14,14,14,14,14,14","0:0-10,0-1,14-1,14-10,0-13,0-2;1:0-2;2:14-4;3:0-13,5-13,14-13,0-3,0-11,0-4;4:14-10,0-10,5-10,14-1,14-4,0-1;5:0-1;6:0-14;7:0-8,0-5;8:0-14;9:0-2"
537,proposed_c2f_adaptive_pd,10,10,1.0,12,300,0.04,13,13,0,8320.0,13.866666666666667,336.296086358824,119.2260632087465,1.0,4,1,0.0,0.0,0.0,0.0,0.0,0.0,0.0,0.0,0.0,0.0,54238.0,54238.0,0.0,2.0,1.0,3.0,0.0,"7,7,7,7,7,7,7,7,7,7","0:5-0;1:2-11;2:5-6;3:2-0;4:2-9,2-3,2-0,5-2;5:7-0;6:2-13;7:2-13;8:7-8;9:7-4"
538,proposed_c2f_adaptive_pd,9,10,0.9,12,300,0.04,20,15,5,9600.0,16.0,261.171909796023,69.90243752891428,1.0,3,1,0.0,0.0,0.0,0.0,0.0,0.0,0.0,0.0,0.0,0.0,117257.0,117257.0,0.0,3.0,1.0,2.0,0.0,"4,4,4,4,4,4,4,4,4,4","0:1-4;1:10-4;2:1-5;3:10-7,10-2,10-3,10-4,1-7,1-2;4:1-2;5:1-11;6:10-4;7:1-5;8:10-4;9:10-2,10-3,1-3,10-7,10-13,1-2"
539,proposed_c2f_adaptive_pd,9,10,0.9,15,270,0.05555555555555555,10,5,5,3200.0,5.333333333333334,1071.1471811652202,116.62743593428243,0.9,7,0,0.0,0.0,0.0,0.0,0.0,0.0,0.0,0.0,0.0,0.0,49866.0,49866.0,0.0,2.0,1.0,3.0,0.0,"0,0,0,0,0,0,0,0,0,0",0:6-0;1:6-0;2:6-0;3:0-2;4:6-0;5:0-5;6:6-3;7:8-7;8:8-0;9:0-3
540,proposed_c2f_adaptive_pd,8,10,0.8,15,270,0.05555555555555555,17,13,4,8320.0,13.866666666666667,1974.8524186678721,155.84898262958637,0.9411764705882353,6,1,0.0,0.0,0.0,0.0,0.0,0.0,0.0,0.0,0.0,0.0,60128.0,60128.0,0.0,2.0,1.0,3.0,0.0,"2,2,2,2,2,2,2,2,2,2","0:1-0;1:10-2,1-2;2:10-9,1-6;3:10-8;4:1-12;5:1-4;6:10-5,10-13,10-11,7-5,10-3,7-11;7:7-2;8:1-3;9:10-2"
541,proposed_c2f_adaptive_pd,8,10,0.8,19,300,0.06333333333333334,16,14,2,8960.0,14.933333333333334,2265.056563393576,58.98200756258094,1.0,8,1,0.0,0.0,0.0,0.0,0.0,0.0,0.0,0.0,0.0,0.0,63982.0,63982.0,0.0,2.0,1.0,3.0,0.0,"6,6,6,6,6,6,6,6,6,6","0:6-5;1:0-12;2:0-13,1-0;3:0-1;4:0-6;5:0-3;6:6-10;7:0-6;8:1-11,1-10,0-11,1-9,6-11,0-9;9:0-1"
542,proposed_c2f_adaptive_pd,8,10,0.8,15,300,0.05,21,14,7,8960.0,14.933333333333334,2435.473276328371,150.95328608756353,1.0,5,1,0.0,0.0,0.0,0.0,0.0,0.0,0.0,0.0,0.0,0.0,63796.0,63796.0,0.0,2.0,1.0,3.0,0.0,"2,2,2,2,2,2,2,2,2,2","0:10-2,14-2;1:10-3,10-8;2:10-3;3:14-2;4:10-2;5:14-3,10-3,2-3,10-5,14-8,10-12;6:2-12;7:10-3;8:10-2;9:14-5,14-12,14-3,14-2,10-2"
543,proposed_c2f_adaptive_pd,10,10,1.0,16,300,0.05333333333333334,17,9,8,5760.0,9.600000000000001,14009.96320201246,74.59829409659116,1.0,9,1,0.0,0.0,0.0,0.0,0.0,0.0,0.0,0.0,0.0,0.0,65211.0,65211.0,0.0,2.0,1.0,3.0,0.0,"5,5,5,5,5,5,5,5,5,5","0:0-5;1:3-5;2:0-3;3:0-13;4:0-5,3-5;5:0-5,1-5;6:0-1;7:0-9,0-5,3-9,0-14,3-5;8:0-8;9:3-13,0-13"
544,proposed_c2f_adaptive_pd,9,10,0.9,13,300,0.043333333333333335,12,6,6,3840.0,6.4,230756.21181673478,84.28725856101741,1.0,7,1,0.0,0.0,0.0,0.0,0.0,0.0,0.0,0.0,0.0,0.0,55503.0,55503.0,0.0,2.0,1.0,3.0,0.0,"6,6,6,6,6,6,6,6,6,6","0:1-2;1:1-6;2:1-6;3:1-2;4:5-6;5:1-0;6:1-0;7:6-10,5-6;8:5-6;9:5-6,1-2"
545,proposed_c2f_adaptive_pd,9,10,0.9,13,300,0.043333333333333335,23,16,7,10240.0,17.066666666666666,133388.9223134848,24.09600195965003,0.6956521739130435,1,1,0.0,0.0,0.0,0.0,0.0,0.0,0.0,0.0,0.0,0.0,95747.0,95747.0,0.0,2.0,1.0,3.0,0.0,"10,10,10,10,10,10,10,10,10,10","0:10-4,0-4,0-10,9-10;1:0-2,0-4,0-6,0-3,10-2,9-2;2:9-14,9-8,9-10,0-10;3:9-1;4:0-2;5:9-7;6:0-1;7:10-5,0-10,9-10;8:0-10;9:0-1"
546,proposed_c2f_adaptive_pd,9,10,0.9,23,270,0.08518518518518518,12,11,1,7040.0,11.733333333333334,1191.1549836182637,108.07923155403252,0.8333333333333334,6,1,0.0,0.0,0.0,0.0,0.0,0.0,0.0,0.0,0.0,0.0,69581.0,69581.0,0.0,2.0,1.0,3.0,0.0,"10,10,10,10,10,10,10,10,10,10","0:1-14,1-10;1:0-2;2:1-0;3:0-4;4:0-14;5:0-1;6:1-0,0-1;7:10-2;8:10-4;9:10-2"
547,proposed_c2f_adaptive_pd,10,10,1.0,16,300,0.05333333333333334,18,12,6,7680.0,12.8,33103.28744550161,466.65933672543713,1.0,9,1,0.0,0.0,0.0,0.0,0.0,0.0,0.0,0.0,0.0,0.0,78412.0,78412.0,0.0,2.0,1.0,3.0,0.0,"13,13,13,13,13,13,13,13,13,13","0:14-13;1:14-13,1-10,1-2,14-2,9-13;2:9-13;3:1-13;4:1-4;5:9-7;6:9-4,9-8;7:1-8;8:1-13;9:14-9,9-14,9-4,9-5"
548,proposed_c2f_adaptive_pd,10,10,1.0,15,300,0.05,25,17,8,10880.0,18.133333333333333,415.45075916248487,179.1307381488516,1.0,4,1,0.0,0.0,0.0,0.0,0.0,0.0,0.0,0.0,0.0,0.0,91515.0,91515.0,0.0,2.0,1.0,3.0,0.0,"7,7,7,7,7,7,7,7,7,7","0:2-7;1:0-7;2:0-7;3:2-7;4:2-3,0-3,7-3,2-14,0-14,2-13;5:0-7;6:7-6,2-6,2-7,0-7;7:0-3,2-3,7-3,0-13,2-13,0-14;8:0-14,0-3;9:0-7,0-1"
549,proposed_c2f_adaptive_pd,10,10,1.0,16,300,0.05333333333333334,20,16,4,10240.0,17.066666666666666,91558.40746962465,136.33783583521452,0.95,1,1,0.0,0.0,0.0,0.0,0.0,0.0,0.0,0.0,0.0,0.0,77936.0,77936.0,0.0,2.0,1.0,3.0,0.0,"2,2,2,2,2,2,2,2,2,2","0:2-0;1:2-7,2-5,2-14,2-10,2-6,8-5;2:2-0;3:3-2;4:2-5,2-14,2-7,2-6,2-11,2-13;5:8-2;6:2-4;7:8-2;8:8-2;9:3-9"
550,proposed_c2f_adaptive_pd,8,10,0.8,13,270,0.04814814814814815,18,11,7,7040.0,11.733333333333334,4052.040789045349,246.5598122165846,0.8888888888888888,1,1,0.0,0.0,0.0,0.0,0.0,0.0,0.0,0.0,0.0,0.0,66193.0,66193.0,0.0,2.0,1.0,3.0,0.0,"5,5,5,5,5,5,5,5,5,5","0:1-11;1:4-10,1-6,5-10,5-6,5-9;2:1-5;3:5-3;4:1-5;5:1-5,4-5;6:1-5;7:5-6;8:5-3,5-0,1-5,4-5;9:1-14"
551,proposed_c2f_adaptive_pd,9,10,0.9,12,300,0.04,20,12,8,7680.0,12.8,866576.9550849957,119.32554849233581,0.9,7,1,0.0,0.0,0.0,0.0,0.0,0.0,0.0,0.0,0.0,0.0,82175.0,82175.0,0.0,2.0,1.0,3.0,0.0,"7,7,7,7,7,7,7,7,7,7","0:13-7;1:7-14,13-14,13-0,13-1,13-7,5-7;2:7-1;3:13-7;4:5-7;5:5-7;6:7-0;7:13-14,7-14,13-0,13-1,5-14,13-7;8:5-7;9:7-1"
552,proposed_c2f_adaptive_pd,9,10,0.9,18,270,0.06666666666666667,21,18,3,11520.0,19.200000000000003,1697.4500140709588,44.55739601846753,0.6666666666666666,1,0,0.0,0.0,0.0,0.0,0.0,0.0,0.0,0.0,0.0,0.0,55455.0,55455.0,0.0,2.0,1.0,3.0,0.0,"1,1,1,1,1,1,1,1,1,1","0:3-0;1:3-12,12-3,12-9,12-8,12-2,12-10;2:1-5;3:1-13,1-5,1-14,1-6,1-11,12-13;4:12-1;5:1-7;6:1-7;7:1-5;8:1-0;9:3-1,12-1"
553,proposed_c2f_adaptive_pd,7,10,0.7,18,300,0.06,12,5,7,3200.0,5.333333333333334,354.62161615735357,14.571020883337034,1.0,0,0,0.0,0.0,0.0,0.0,0.0,0.0,0.0,0.0,0.0,0.0,48542.0,48542.0,0.0,2.0,1.0,3.0,0.0,"5,5,5,5,5,5,5,5,5,5","0:10-8;1:6-5,10-5;2:10-5;3:10-5,2-11;4:2-5;5:2-13;6:2-0;7:2-5;8:2-13;9:2-5"
554,proposed_c2f_adaptive_pd,9,10,0.9,14,300,0.04666666666666667,15,8,7,5120.0,8.533333333333333,5836.220638268784,345.7882089781557,1.0,9,1,0.0,0.0,0.0,0.0,0.0,0.0,0.0,0.0,0.0,0.0,66554.0,66554.0,0.0,2.0,1.0,3.0,0.0,"1,1,1,1,1,1,1,1,1,1","0:11-1;1:8-1;2:8-1;3:8-1;4:11-7;5:8-1;6:11-1;7:1-12;8:8-1;9:1-2,11-2,11-6,1-12,1-6,1-4"
555,proposed_c2f_adaptive_pd,9,10,0.9,20,300,0.06666666666666667,15,9,6,5760.0,9.600000000000001,124.15598530673053,31.69317147800968,1.0,7,1,0.0,0.0,0.0,0.0,0.0,0.0,0.0,0.0,0.0,0.0,57385.0,57385.0,0.0,2.0,1.0,3.0,0.0,"4,4,4,4,4,4,4,4,4,4","0:1-6;1:0-4;2:0-4;3:1-4;4:0-4;5:0-4;6:0-1;7:4-5,4-13,4-2,1-5,0-5,4-11;8:4-13;9:1-4"
556,proposed_c2f_adaptive_pd,9,10,0.9,10,300,0.03333333333333333,12,5,7,3200.0,5.333333333333334,175.92420481344848,59.25755263434985,1.0,5,1,0.0,0.0,0.0,0.0,0.0,0.0,0.0,0.0,0.0,0.0,65834.0,65834.0,0.0,2.0,1.0,3.0,0.0,"0,0,0,0,0,0,0,0,0,0","0:1-0;1:1-0;2:1-0;3:13-0;4:1-0;5:13-10,13-5;6:0-9,0-4;7:13-2;8:1-0;9:13-0"
557,proposed_c2f_adaptive_pd,9,10,0.9,13,300,0.043333333333333335,24,15,9,9600.0,16.0,3271.6482260326347,262.25593673869344,0.9583333333333334,6,1,0.0,0.0,0.0,0.0,0.0,0.0,0.0,0.0,0.0,0.0,70623.0,70623.0,0.0,2.0,1.0,3.0,0.0,"1,1,1,1,1,1,1,1,1,1","0:0-1,6-1;1:0-10;2:4-1;3:0-1,4-1;4:6-1;5:4-2,6-2,0-1;6:4-13,4-10,0-13,0-11,0-10,4-0;7:0-6;8:6-2,0-2,4-2,6-9,6-5,6-1;9:4-1"
558,proposed_c2f_adaptive_pd,10,10,1.0,18,300,0.06,12,6,6,3840.0,6.4,534.52129499825,106.0158698999007,1.0,2,1,0.0,0.0,0.0,0.0,0.0,0.0,0.0,0.0,0.0,0.0,59019.0,59019.0,0.0,2.0,1.0,3.0,0.0,"14,14,14,14,14,14,14,14,14,14","0:3-14;1:3-14;2:14-6,5-6,5-13;3:5-14;4:3-14;5:3-12;6:3-9;7:3-14;8:3-4;9:3-14"
559,proposed_c2f_adaptive_pd,10,10,1.0,12,300,0.04,19,8,11,5120.0,8.533333333333333,54771.56646096774,92.8426057562706,0.8947368421052632,3,1,0.0,0.0,0.0,0.0,0.0,0.0,0.0,0.0,0.0,0.0,80931.0,80931.0,0.0,2.0,1.0,3.0,0.0,"0,0,0,0,0,0,0,0,0,0","0:6-0;1:4-0;2:4-0,6-0;3:4-13,4-7,4-10,4-0,4-14,0-4;4:4-0;5:4-0;6:4-0;7:6-0;8:0-1,6-0,4-0;9:0-11,6-11"
560,proposed_c2f_adaptive_pd,10,10,1.0,17,300,0.056666666666666664,10,6,4,3840.0,6.4,1087.97656316917,524.1898321220617,1.0,8,1,0.0,0.0,0.0,0.0,0.0,0.0,0.0,0.0,0.0,0.0,66319.0,66319.0,0.0,3.0,1.0,2.0,0.0,"1,1,1,1,1,1,1,1,1,1",0:0-1;1:0-1;2:0-2;3:0-4;4:1-14;5:0-1;6:0-13;7:0-7;8:0-2;9:0-1
561,proposed_c2f_adaptive_pd,9,10,0.9,15,300,0.05,16,11,5,7040.0,11.733333333333334,4227550.662997678,584.3675750692813,1.0,0,1,0.0,0.0,0.0,0.0,0.0,0.0,0.0,0.0,0.0,0.0,50288.0,50288.0,0.0,2.0,1.0,3.0,0.0,"14,14,14,14,14,14,14,14,14,14","0:14-10,0-10,2-10,14-5,14-3,14-8;1:2-10;2:0-9,0-14;3:0-14;4:0-2;5:0-14;6:0-14;7:0-2;8:2-14;9:0-6"
562,proposed_c2f_adaptive_pd,10,10,1.0,12,300,0.04,19,9,10,5760.0,9.600000000000001,19276.692445535708,140.68086945053074,1.0,8,1,0.0,0.0,0.0,0.0,0.0,0.0,0.0,0.0,0.0,0.0,52823.0,52823.0,0.0,2.0,1.0,3.0,0.0,"4,4,4,4,4,4,4,4,4,4","0:0-4;1:1-4;2:0-3,0-4,1-4;3:0-4,1-4;4:0-5;5:0-4;6:1-11,1-4;7:0-4;8:4-12,4-10,4-7,0-12,1-10,1-7;9:0-4"
563,proposed_c2f_adaptive_pd,9,10,0.9,9,270,0.03333333333333333,20,12,8,7680.0,12.8,1066.8101892594373,170.52369460351713,0.85,2,1,0.0,0.0,0.0,0.0,0.0,0.0,0.0,0.0,0.0,0.0,66208.0,66208.0,0.0,2.0,1.0,3.0,0.0,"9,9,9,9,9,9,9,9,9,9","0:7-1;1:7-9;2:7-1,7-2,7-3,7-9,0-9;3:0-5;4:0-9;5:7-9,7-2;6:7-9;7:0-9;8:0-9;9:7-3,0-3,6-3,7-12,0-12,6-12"
564,proposed_c2f_adaptive_pd,10,10,1.0,12,300,0.04,13,5,8,3200.0,5.333333333333334,4746.791662653857,321.77315007728663,1.0,7,1,0.0,0.0,0.0,0.0,0.0,0.0,0.0,0.0,0.0,0.0,69700.0,69700.0,0.0,2.0,1.0,3.0,0.0,"13,13,13,13,13,13,13,13,13,13","0:4-13;1:3-12;2:4-13;3:0-13;4:0-13;5:3-13;6:3-14,3-9;7:4-3,3-4;8:3-13;9:0-13,3-13"
565,proposed_c2f_adaptive_pd,10,10,1.0,15,300,0.05,29,19,10,12160.0,20.26666666666667,68333.80422627683,233.64369028178433,1.0,1,1,0.0,0.0,0.0,0.0,0.0,0.0,0.0,0.0,0.0,0.0,101051.0,101051.0,0.0,2.0,1.0,3.0,0.0,"7,7,7,7,7,7,7,7,7,7","0:0-7;1:5-6,5-2,0-6,0-5,5-0,5-12;2:0-7,5-7;3:0-3;4:5-7;5:0-13;6:0-1,0-6,0-3,0-7,5-7;7:5-7,0-7;8:7-4,5-4,5-7,0-7;9:5-8,5-13,7-8,5-4,5-2,7-13"
566,proposed_c2f_adaptive_pd,9,10,0.9,15,270,0.05555555555555555,19,13,6,8320.0,13.866666666666667,1509.5665826166273,130.46257568730704,0.8947368421052632,6,1,0.0,0.0,0.0,0.0,0.0,0.0,0.0,0.0,0.0,0.0,83282.0,83282.0,0.0,2.0,1.0,3.0,0.0,"7,7,7,7,7,7,7,7,7,7","0:1-7,3-7;1:4-7,1-7;2:3-1,1-3;3:4-7;4:1-2;5:3-7;6:3-10,4-2,4-6,1-2,1-6,1-4;7:4-2;8:1-10,3-10;9:3-5"
567,proposed_c2f_adaptive_pd,9,10,0.9,17,300,0.056666666666666664,26,19,7,12160.0,20.26666666666667,1655.8246512923968,172.61157479555789,1.0,2,1,0.0,0.0,0.0,0.0,0.0,0.0,0.0,0.0,0.0,0.0,100481.0,100481.0,0.0,2.0,1.0,3.0,0.0,"7,7,7,7,7,7,7,7,7,7","0:11-2,11-14,11-7,11-8,3-7;1:3-8;2:3-0,3-12,3-9,3-10,3-5,3-1;3:3-0;4:11-7;5:11-2,11-7,3-7;6:3-2;7:11-7;8:7-8,7-13,7-4,7-1,7-2,7-14;9:11-7"
568,proposed_c2f_adaptive_pd,7,10,0.7,11,270,0.040740740740740744,19,13,6,8320.0,13.866666666666667,80.67352892733246,27.389234417145175,0.8947368421052632,3,1,0.0,0.0,0.0,0.0,0.0,0.0,0.0,0.0,0.0,0.0,94022.0,94022.0,0.0,2.0,1.0,3.0,0.0,"13,13,13,13,13,13,13,13,13,13","0:4-10;1:2-5;2:5-7,5-13;3:5-6,2-3,2-6,4-6,5-1,2-1;4:5-13;5:5-13;6:5-10,2-13;7:5-7;8:2-11;9:5-3,2-13,5-13"
569,proposed_c2f_adaptive_pd,9,10,0.9,11,300,0.03666666666666667,18,7,11,4480.0,7.466666666666667,85.42580402822132,52.96605135683218,1.0,2,0,0.0,0.0,0.0,0.0,0.0,0.0,0.0,0.0,0.0,0.0,72374.0,72374.0,0.0,2.0,1.0,3.0,0.0,"13,13,13,13,13,13,13,13,13,13","0:6-13;1:2-13;2:6-13,2-13,0-13,6-4,0-4,6-7;3:0-2;4:2-13;5:6-4,6-13,2-13,0-13;6:0-11;7:0-13;8:0-2;9:0-13"
570,proposed_c2f_adaptive_pd,10,10,1.0,7,300,0.023333333333333334,11,8,3,5120.0,8.533333333333333,5037.560167978378,165.42159245438933,1.0,7,1,0.0,0.0,0.0,0.0,0.0,0.0,0.0,0.0,0.0,0.0,85701.0,85701.0,0.0,3.0,1.0,2.0,0.0,"0,0,0,0,0,0,0,0,0,0","0:5-0;1:5-0;2:5-0;3:0-4;4:5-8;5:5-2;6:0-12;7:0-12,0-7;8:0-3;9:0-4"
571,proposed_c2f_adaptive_pd,10,10,1.0,13,300,0.043333333333333335,19,12,7,7680.0,12.8,1441.6513827803906,217.60553758060195,1.0,7,1,0.0,0.0,0.0,0.0,0.0,0.0,0.0,0.0,0.0,0.0,85461.0,85461.0,0.0,2.0,1.0,3.0,0.0,"7,7,7,7,7,7,7,7,7,7","0:8-7;1:8-3,0-3,7-3,8-6,8-7,0-7;2:7-3;3:8-6,8-11;4:0-7,8-7;5:8-7;6:0-3;7:8-6,0-6,8-11;8:8-7;9:0-6"
572,proposed_c2f_adaptive_pd,9,10,0.9,17,270,0.06296296296296296,13,8,5,5120.0,8.533333333333333,1106.4953453265032,245.9652057113483,0.8461538461538461,0,1,0.0,0.0,0.0,0.0,0.0,0.0,0.0,0.0,0.0,0.0,77747.0,77747.0,0.0,2.0,1.0,3.0,0.0,"11,11,11,11,11,11,11,11,11,11","0:0-10,8-10,8-0,0-11;1:8-11;2:0-3;3:11-3;4:0-2;5:8-7;6:8-11;7:8-11;8:8-2;9:8-11"
573,proposed_c2f_adaptive_pd,10,10,1.0,10,300,0.03333333333333333,16,14,2,8960.0,14.933333333333334,63465.29543054821,162.57916908886438,1.0,9,1,0.0,0.0,0.0,0.0,0.0,0.0,0.0,0.0,0.0,0.0,65196.0,65196.0,0.0,2.0,1.0,3.0,0.0,"5,5,5,5,5,5,5,5,5,5","0:3-1;1:5-12;2:5-1;3:4-5;4:5-12;5:3-5;6:3-1;7:3-1;8:5-0,3-0,5-2,3-11,3-2,5-11;9:5-12,5-8"
574,proposed_c2f_adaptive_pd,8,10,0.8,14,300,0.04666666666666667,10,5,5,3200.0,5.333333333333334,11072.106869386498,711.1479378435492,1.0,8,1,0.0,0.0,0.0,0.0,0.0,0.0,0.0,0.0,0.0,0.0,79637.0,79637.0,0.0,3.0,1.0,2.0,0.0,"12,12,12,12,12,12,12,12,12,12",0:0-6;1:11-12;2:11-12;3:0-12;4:11-12;5:0-5;6:0-5;7:11-3;8:0-12;9:11-4
575,proposed_c2f_adaptive_pd,8,10,0.8,12,300,0.04,21,10,11,6400.0,10.666666666666668,420.0293015100395,35.60352032913029,1.0,8,1,0.0,0.0,0.0,0.0,0.0,0.0,0.0,0.0,0.0,0.0,70688.0,70688.0,0.0,2.0,1.0,3.0,0.0,"2,2,2,2,2,2,2,2,2,2","0:0-2,0-4;1:9-5,0-5,0-2,9-2,1-2,1-5;2:1-11;3:0-2;4:0-7;5:0-2;6:9-12;7:0-2;8:0-3,0-2,9-3,9-2,9-5,1-2;9:0-2"
576,proposed_c2f_adaptive_pd,10,10,1.0,13,300,0.043333333333333335,20,13,7,8320.0,13.866666666666667,317.786267377888,152.8580673764049,1.0,8,1,0.0,0.0,0.0,0.0,0.0,0.0,0.0,0.0,0.0,0.0,82402.0,82402.0,0.0,2.0,1.0,3.0,0.0,"9,9,9,9,9,9,9,9,9,9","0:2-6,2-7,2-3;1:0-9;2:2-3;3:0-9;4:0-9;5:0-9;6:0-9;7:9-5,0-5,2-5,9-4,9-1,9-10;8:2-6,2-3,2-9,0-9;9:0-7"
577,proposed_c2f_adaptive_pd,8,10,0.8,13,270,0.04814814814814815,14,9,5,5760.0,9.600000000000001,5454.915046959026,797.5587219864641,0.9285714285714286,9,1,0.0,0.0,0.0,0.0,0.0,0.0,0.0,0.0,0.0,0.0,75419.0,75419.0,0.0,2.0,1.0,3.0,0.0,"5,5,5,5,5,5,5,5,5,5","0:1-5;1:1-5,1-2;2:1-3;3:3-5;4:5-7,5-9,3-5;5:1-13;6:3-5;7:3-10;8:5-9;9:3-14,3-10"
578,proposed_c2f_adaptive_pd,10,10,1.0,8,300,0.02666666666666667,19,13,6,8320.0,13.866666666666667,986.3224208481606,193.36613706925607,0.9473684210526315,5,1,0.0,0.0,0.0,0.0,0.0,0.0,0.0,0.0,0.0,0.0,71359.0,71359.0,0.0,2.0,1.0,3.0,0.0,"1,1,1,1,1,1,1,1,1,1","0:4-1,4-8;1:0-1;2:1-2;3:0-3;4:1-2;5:4-2,4-10,1-2,4-9,1-10,4-1;6:4-13,4-7;7:4-1,4-6;8:4-1,0-4;9:4-1"
579,proposed_c2f_adaptive_pd,9,10,0.9,15,300,0.05,16,8,8,5120.0,8.533333333333333,264.64575261907623,39.541479932656365,1.0,1,1,0.0,0.0,0.0,0.0,0.0,0.0,0.0,0.0,0.0,0.0,72911.0,72911.0,0.0,2.0,1.0,3.0,0.0,"6,6,6,6,6,6,6,6,6,6","0:14-6;1:14-3,4-3,4-5,14-6;2:4-7;3:4-6;4:9-7,9-6;5:9-13;6:14-2,4-2;7:4-6;8:4-6,14-6;9:14-6"
580,proposed_c2f_adaptive_pd,9,10,0.9,14,300,0.04666666666666667,15,7,8,4480.0,7.466666666666667,54334.22205157011,135.20731318591524,1.0,8,1,0.0,0.0,0.0,0.0,0.0,0.0,0.0,0.0,0.0,0.0,54730.0,54730.0,0.0,2.0,1.0,3.0,0.0,"5,5,5,5,5,5,5,5,5,5","0:2-5;1:2-3;2:2-9;3:6-5;4:6-11;5:2-9;6:2-5,9-5;7:2-0;8:9-10,6-10,9-5,6-5,2-5;9:6-5"
581,proposed_c2f_adaptive_pd,8,10,0.8,19,300,0.06333333333333334,20,13,7,8320.0,13.866666666666667,10448.538016603881,75.56241874952748,1.0,8,1,0.0,0.0,0.0,0.0,0.0,0.0,0.0,0.0,0.0,0.0,82150.0,82150.0,0.0,2.0,1.0,3.0,0.0,"2,2,2,2,2,2,2,2,2,2","0:2-4;1:2-5;2:0-2;3:2-1,2-11,2-4,0-2,14-2;4:0-14;5:0-7;6:0-2;7:0-2;8:2-1,14-1,0-1,14-4,2-4,0-4;9:0-2,14-2"
582,proposed_c2f_adaptive_pd,9,10,0.9,12,270,0.044444444444444446,14,8,6,5120.0,8.533333333333333,417302.278769033,152.26243690401108,0.9285714285714286,7,1,0.0,0.0,0.0,0.0,0.0,0.0,0.0,0.0,0.0,0.0,51519.0,51519.0,0.0,2.0,1.0,3.0,0.0,"1,1,1,1,1,1,1,1,1,1","0:11-1;1:4-1;2:11-1;3:1-0;4:1-3;5:4-2;6:11-12,11-2;7:11-10,1-10,11-1,4-1;8:4-1;9:1-0"
583,proposed_c2f_adaptive_pd,10,10,1.0,13,300,0.043333333333333335,13,8,5,5120.0,8.533333333333333,397.61025309162625,46.922849027301226,1.0,1,1,0.0,0.0,0.0,0.0,0.0,0.0,0.0,0.0,0.0,0.0,69155.0,69155.0,0.0,2.0,1.0,3.0,0.0,"12,12,12,12,12,12,12,12,12,12","0:3-12;1:13-8,13-7,13-12;2:13-5,3-5;3:1-2;4:13-12;5:1-7;6:3-6;7:1-0;8:13-12;9:1-12"
584,proposed_c2f_adaptive_pd,10,10,1.0,16,300,0.05333333333333334,12,5,7,3200.0,5.333333333333334,607.4589985988321,96.68095579714067,1.0,3,1,0.0,0.0,0.0,0.0,0.0,0.0,0.0,0.0,0.0,0.0,74992.0,74992.0,0.0,3.0,1.0,2.0,0.0,"0,0,0,0,0,0,0,0,0,0","0:11-0;1:11-0;2:11-0,0-3;3:0-7,0-6;4:11-0;5:11-12;6:11-0;7:0-3;8:11-0;9:11-0"
585,proposed_c2f_adaptive_pd,9,10,0.9,11,300,0.03666666666666667,14,5,9,3200.0,5.333333333333334,1310.2849294632058,34.305893477860224,1.0,7,1,0.0,0.0,0.0,0.0,0.0,0.0,0.0,0.0,0.0,0.0,67692.0,67692.0,0.0,2.0,1.0,3.0,0.0,"0,0,0,0,0,0,0,0,0,0","0:6-14;1:6-0;2:0-5;3:6-0;4:6-0;5:6-0;6:6-0;7:3-1,3-11,3-2,3-0,6-0;8:6-0;9:3-0"
586,proposed_c2f_adaptive_pd,7,10,0.7,11,300,0.03666666666666667,18,9,9,5760.0,9.600000000000001,1292.7408970818049,39.977271684191145,0.7222222222222222,0,1,0.0,0.0,0.0,0.0,0.0,0.0,0.0,0.0,0.0,0.0,70380.0,70380.0,0.0,2.0,1.0,3.0,0.0,"13,13,13,13,13,13,13,13,13,13","0:0-13,14-13,0-2,14-2,0-1,0-11;1:7-5;2:14-5,14-13,7-13,0-13;3:14-13;4:14-13;5:0-13;6:7-5;7:0-13;8:0-5;9:0-5"
587,proposed_c2f_adaptive_pd,7,10,0.7,20,300,0.06666666666666667,11,3,8,1920.0,3.2,362.3641088338677,33.08066335894027,1.0,4,1,0.0,0.0,0.0,0.0,0.0,0.0,0.0,0.0,0.0,0.0,48530.0,48530.0,0.0,2.0,1.0,3.0,0.0,"6,6,6,6,6,6,6,6,6,6","0:0-2;1:0-2;2:2-6;3:12-6;4:0-7;5:2-6,0-6;6:2-6;7:0-6;8:12-6;9:12-6"
588,proposed_c2f_adaptive_pd,9,10,0.9,13,300,0.043333333333333335,23,13,10,8320.0,13.866666666666667,1141.4960968374114,79.96255374871934,1.0,1,1,0.0,0.0,0.0,0.0,0.0,0.0,0.0,0.0,0.0,0.0,84309.0,84309.0,0.0,2.0,1.0,3.0,0.0,"9,9,9,9,9,9,9,9,9,9","0:14-9;1:9-5,9-6,2-5,2-6,9-4,14-5;2:2-9;3:9-7,9-4,2-9,14-9;4:2-9;5:2-9;6:14-9;7:9-5,2-5,14-5,9-6,2-6,2-9;8:2-9;9:14-9"
589,proposed_c2f_adaptive_pd,9,10,0.9,14,300,0.04666666666666667,17,12,5,7680.0,12.8,586.3325444094687,40.650193580748436,1.0,0,1,0.0,0.0,0.0,0.0,0.0,0.0,0.0,0.0,0.0,0.0,61872.0,61872.0,0.0,2.0,1.0,3.0,0.0,"1,1,1,1,1,1,1,1,1,1","0:1-8,1-6,1-10,1-9,1-5,13-6;1:13-1;2:1-8,1-6;3:1-0;4:2-1;5:13-1,1-3;6:1-5;7:2-1;8:1-6;9:13-1"
590,proposed_c2f_adaptive_pd,9,10,0.9,16,300,0.05333333333333334,12,5,7,3200.0,5.333333333333334,447.31891096529796,117.91862734824144,1.0,3,1,0.0,0.0,0.0,0.0,0.0,0.0,0.0,0.0,0.0,0.0,45908.0,45908.0,0.0,2.0,1.0,3.0,0.0,"3,3,3,3,3,3,3,3,3,3","0:5-3;1:10-3;2:6-3;3:5-0,10-0;4:10-3,6-3;5:5-0;6:6-3;7:10-13;8:6-3;9:5-0"
591,proposed_c2f_adaptive_pd,9,10,0.9,13,300,0.043333333333333335,21,15,6,9600.0,16.0,314.99414577824575,130.2019918787754,1.0,5,1,0.0,0.0,0.0,0.0,0.0,0.0,0.0,0.0,0.0,0.0,83406.0,83406.0,0.0,2.0,1.0,3.0,0.0,"9,9,9,9,9,9,9,9,9,9","0:8-11,1-14,0-14,8-14,8-9;1:8-9,1-9;2:0-3;3:1-2;4:1-10,8-10;5:0-11,0-13,8-11,0-4,1-11,8-0;6:0-2;7:0-9;8:1-9;9:1-9"
592,proposed_c2f_adaptive_pd,9,10,0.9,3,300,0.01,19,10,9,6400.0,10.666666666666668,491.3976910294323,108.42324729296496,0.8947368421052632,9,1,0.0,0.0,0.0,0.0,0.0,0.0,0.0,0.0,0.0,0.0,81305.0,81305.0,0.0,2.0,1.0,3.0,0.0,"4,4,4,4,4,4,4,4,4,4","0:5-4;1:8-1,4-1,5-1,5-4,8-4;2:8-4;3:5-4;4:8-4;5:8-4;6:4-13;7:8-4;8:4-6;9:4-6,4-11,5-4,4-5,5-6,4-3"
593,proposed_c2f_adaptive_pd,9,10,0.9,19,300,0.06333333333333334,22,16,6,10240.0,17.066666666666666,887.3333746533548,247.2832394615278,1.0,7,1,0.0,0.0,0.0,0.0,0.0,0.0,0.0,0.0,0.0,0.0,93921.0,93921.0,0.0,2.0,1.0,3.0,0.0,"2,2,2,2,2,2,2,2,2,2","0:1-2;1:0-3;2:1-9,0-9;3:1-9,1-10;4:5-12;5:0-2;6:5-4;7:1-10,1-8,1-7,1-4,1-13,1-2;8:0-1;9:5-2,1-2,5-13,1-13,0-2,5-12"
594,proposed_c2f_adaptive_pd,9,10,0.9,14,300,0.04666666666666667,18,10,8,6400.0,10.666666666666668,2428.7177667763744,218.97601631330406,0.9444444444444444,7,1,0.0,0.0,0.0,0.0,0.0,0.0,0.0,0.0,0.0,0.0,53804.0,53804.0,0.0,2.0,1.0,3.0,0.0,"8,8,8,8,8,8,8,8,8,8","0:12-8;1:5-8;2:12-14,12-13,12-8,5-8;3:5-8;4:5-8;5:12-14;6:5-1;7:8-2,12-2,8-9,5-8,8-13,8-7;8:8-14;9:5-8"
595,proposed_c2f_adaptive_pd,8,10,0.8,12,270,0.044444444444444446,23,15,8,9600.0,16.0,713.2570209562745,16.094642428255646,0.9130434782608695,1,1,0.0,0.0,0.0,0.0,0.0,0.0,0.0,0.0,0.0,0.0,97893.0,97893.0,0.0,2.0,1.0,3.0,0.0,"0,0,0,0,0,0,0,0,0,0","0:1-0,3-0;1:3-0,3-13,3-9,3-6,3-8,3-5;2:1-9,3-9,1-5,1-0,1-8,3-5;3:1-0,3-0;4:10-4;5:1-2;6:1-2;7:1-10;8:3-14,3-0;9:3-0"
596,proposed_c2f_adaptive_pd,10,10,1.0,10,300,0.03333333333333333,30,25,5,16000.0,26.666666666666668,3080.5117626273195,144.45746573884304,0.9666666666666667,4,1,0.0,0.0,0.0,0.0,0.0,0.0,0.0,0.0,0.0,0.0,110749.0,110749.0,0.0,2.0,1.0,3.0,0.0,"6,6,6,6,6,6,6,6,6,6","0:6-10;1:6-10,6-11,6-14,6-5,1-6,6-8;2:1-6;3:0-2,0-8,1-2,1-7,0-9,1-9;4:6-8,6-7,6-13,6-11,1-7,6-2;5:6-10;6:6-14,6-11,1-11,1-6,6-5,0-6;7:0-1;8:1-6;9:0-1"
597,proposed_c2f_adaptive_pd,9,10,0.9,12,300,0.04,25,17,8,10880.0,18.133333333333333,4689.057495474817,208.0266057427749,0.92,3,1,0.0,0.0,0.0,0.0,0.0,0.0,0.0,0.0,0.0,0.0,95486.0,95486.0,0.0,2.0,1.0,3.0,0.0,"7,7,7,7,7,7,7,7,7,7","0:4-7;1:0-11;2:12-7;3:4-11,4-5,4-14,12-11,4-6,4-7;4:0-1;5:4-7;6:4-11,4-5,4-14,4-7,12-11,12-7;7:0-7;8:4-11,4-6,4-7,12-11,4-5,4-14;9:0-8"
598,proposed_c2f_adaptive_pd,9,10,0.9,15,300,0.05,13,9,4,5760.0,9.600000000000001,4438.344154379799,1296.6353377040673,1.0,9,1,0.0,0.0,0.0,0.0,0.0,0.0,0.0,0.0,0.0,0.0,96586.0,96586.0,0.0,3.0,1.0,2.0,0.0,"0,0,0,0,0,0,0,0,0,0","0:8-11,8-10;1:8-0;2:8-10;3:8-0;4:0-2;5:8-9,8-0;6:8-0;7:0-2;8:8-10;9:8-13,0-13"
599,proposed_c2f_adaptive_pd,8,10,0.8,16,300,0.05333333333333334,11,5,6,3200.0,5.333333333333334,572.1744905058821,101.87403541995994,1.0,2,1,0.0,0.0,0.0,0.0,0.0,0.0,0.0,0.0,0.0,0.0,41911.0,41911.0,0.0,2.0,1.0,3.0,0.0,"1,1,1,1,1,1,1,1,1,1","0:1-5;1:13-1;2:1-11;3:3-1;4:3-1;5:1-5;6:1-2;7:3-2;8:3-1,13-1;9:3-1"
600,proposed_c2f_adaptive_pd,9,10,0.9,23,300,0.07666666666666666,10,7,3,4480.0,7.466666666666667,271.19081297095175,100.45956605275595,1.0,9,1,0.0,0.0,0.0,0.0,0.0,0.0,0.0,0.0,0.0,0.0,42257.0,42257.0,0.0,2.0,1.0,3.0,0.0,"1,1,1,1,1,1,1,1,1,1",0:5-2;1:5-1;2:11-0;3:5-1;4:1-13;5:5-1;6:1-14;7:1-10;8:5-2;9:1-3
601,proposed_c2f_adaptive_pd,8,10,0.8,20,300,0.06666666666666667,10,3,7,1920.0,3.2,1695.020105565145,120.11250090122999,1.0,5,1,0.0,0.0,0.0,0.0,0.0,0.0,0.0,0.0,0.0,0.0,50787.0,50787.0,0.0,2.0,1.0,3.0,0.0,"1,1,1,1,1,1,1,1,1,1",0:12-1;1:0-1;2:0-1;3:12-1;4:0-1;5:1-7;6:12-1;7:0-1;8:0-10;9:12-3
602,proposed_c2f_adaptive_pd,10,10,1.0,15,300,0.05,20,10,10,6400.0,10.666666666666668,1346.66834907096,240.63873265537438,1.0,1,1,0.0,0.0,0.0,0.0,0.0,0.0,0.0,0.0,0.0,0.0,87106.0,87106.0,0.0,2.0,1.0,3.0,0.0,"12,12,12,12,12,12,12,12,12,12","0:0-7,0-2,0-12,9-12;1:0-2,12-2,0-7,0-13,9-2,12-7;2:9-12,0-12;3:0-12;4:12-11,9-12;5:9-12;6:0-6;7:9-12;8:0-12;9:9-12"
603,proposed_c2f_adaptive_pd,9,10,0.9,17,300,0.056666666666666664,12,6,6,3840.0,6.4,52489.11658730011,298.6709145255844,1.0,8,1,0.0,0.0,0.0,0.0,0.0,0.0,0.0,0.0,0.0,0.0,47999.0,47999.0,0.0,2.0,1.0,3.0,0.0,"4,4,4,4,4,4,4,4,4,4","0:0-4;1:0-4;2:0-8;3:0-4;4:9-4,4-12;5:0-4;6:9-12;7:4-7;8:0-10;9:9-4,9-12"
604,proposed_c2f_adaptive_pd,10,10,1.0,21,300,0.07,26,19,7,12160.0,20.26666666666667,2789.8427410010845,668.1462280209444,1.0,9,1,0.0,0.0,0.0,0.0,0.0,0.0,0.0,0.0,0.0,0.0,97801.0,97801.0,0.0,2.0,1.0,3.0,0.0,"2,2,2,2,2,2,2,2,2,2","0:5-6;1:0-2;2:0-3,5-3,0-4,0-8,5-4,2-3;3:2-14,2-10,0-2,0-14,2-0,5-2;4:0-4;5:0-4;6:0-2,0-4;7:0-2;8:0-2;9:5-6,5-14,5-10,5-1,5-12,5-2"
605,proposed_c2f_adaptive_pd,10,10,1.0,21,300,0.07,31,24,7,15360.0,25.6,130200.5169628605,465.84407711429054,0.9354838709677419,6,1,0.0,0.0,0.0,0.0,0.0,0.0,0.0,0.0,0.0,0.0,119926.0,119926.0,0.0,2.0,1.0,3.0,0.0,"1,1,1,1,1,1,1,1,1,1","0:4-1;1:8-1;2:1-2,1-12,4-2,8-12,4-12,1-11;3:4-1;4:1-12;5:1-12,1-2,8-12,4-12,8-2,1-11;6:4-7,4-8,8-4,8-7,8-10,4-13;7:4-1,8-1,4-8;8:1-12,8-12,4-12,8-1,4-1;9:4-10"
606,proposed_c2f_adaptive_pd,9,10,0.9,17,300,0.056666666666666664,25,19,6,12160.0,20.26666666666667,3070.376920621402,216.73610206227386,1.0,8,1,0.0,0.0,0.0,0.0,0.0,0.0,0.0,0.0,0.0,0.0,90002.0,90002.0,0.0,2.0,1.0,3.0,0.0,"10,10,10,10,10,10,10,10,10,10","0:10-3,0-3,10-8,0-8,10-1,0-10;1:0-10;2:7-10;3:10-1;4:0-5;5:7-10;6:0-10;7:0-1;8:0-3,0-5,0-2,10-3,0-8,0-10;9:0-5,0-2,0-3,10-5,0-6,7-5"
607,proposed_c2f_adaptive_pd,10,10,1.0,13,300,0.043333333333333335,16,13,3,8320.0,13.866666666666667,13038.255875965047,265.14165093632494,0.9375,5,1,0.0,0.0,0.0,0.0,0.0,0.0,0.0,0.0,0.0,0.0,63281.0,63281.0,0.0,2.0,1.0,3.0,0.0,"11,11,11,11,11,11,11,11,11,11","0:11-1;1:0-3;2:3-11;3:0-7;4:3-5;5:0-7,3-7,0-3,3-0,3-13,0-13;6:3-11;7:3-5;8:3-11,0-13;9:0-3"
608,proposed_c2f_adaptive_pd,9,10,0.9,23,300,0.07666666666666666,14,8,6,5120.0,8.533333333333333,72004.9476414029,421.7165001093523,1.0,5,1,0.0,0.0,0.0,0.0,0.0,0.0,0.0,0.0,0.0,0.0,53249.0,53249.0,0.0,2.0,1.0,3.0,0.0,"6,6,6,6,6,6,6,6,6,6","0:0-1;1:0-4;2:0-6;3:4-14;4:0-6;5:6-8,4-8,0-8,6-2,4-2;6:4-6;7:0-6;8:0-6;9:0-6"
609,proposed_c2f_adaptive_pd,8,10,0.8,11,300,0.03666666666666667,15,7,8,4480.0,7.466666666666667,175.32495434565038,31.522457236915734,1.0,0,1,0.0,0.0,0.0,0.0,0.0,0.0,0.0,0.0,0.0,0.0,66914.0,66914.0,0.0,2.0,1.0,3.0,0.0,"1,1,1,1,1,1,1,1,1,1","0:0-4,0-14,7-4,0-6,0-1,0-10;1:13-1;2:0-1;3:13-1;4:7-1;5:0-4;6:0-1;7:0-1;8:7-1;9:7-8"
610,proposed_c2f_adaptive_pd,9,10,0.9,15,300,0.05,12,9,3,5760.0,9.600000000000001,16392.82598497409,48.50777345458072,0.9166666666666666,4,1,0.0,0.0,0.0,0.0,0.0,0.0,0.0,0.0,0.0,0.0,59708.0,59708.0,0.0,2.0,1.0,3.0,0.0,"1,1,1,1,1,1,1,1,1,1","0:3-1,0-1;1:3-1;2:0-5;3:0-4;4:3-11,3-7;5:0-4;6:1-9;7:1-10;8:1-10;9:1-11"
611,proposed_c2f_adaptive_pd,10,10,1.0,11,300,0.03666666666666667,10,10,0,6400.0,10.666666666666668,906.6369407945538,291.132345065146,1.0,7,1,0.0,0.0,0.0,0.0,0.0,0.0,0.0,0.0,0.0,0.0,69019.0,69019.0,0.0,3.0,1.0,1.0,0.0,"0,0,0,0,0,0,0,0,0,0",0:0-1;1:0-8;2:0-1;3:0-8;4:0-1;5:0-1;6:0-3;7:0-8;8:0-1;9:0-14
612,proposed_c2f_adaptive_pd,9,10,0.9,21,300,0.07,18,11,7,7040.0,11.733333333333334,24986.334497449396,118.07262326398273,1.0,3,1,0.0,0.0,0.0,0.0,0.0,0.0,0.0,0.0,0.0,0.0,86352.0,86352.0,0.0,2.0,1.0,3.0,0.0,"7,7,7,7,7,7,7,7,7,7","0:5-7;1:4-7;2:5-7;3:5-12,5-11,7-9,5-1,4-9,7-11;4:7-11,5-7,4-7;5:5-7;6:4-7;7:7-6;8:5-11,7-11;9:4-3"
613,proposed_c2f_adaptive_pd,8,10,0.8,14,300,0.04666666666666667,20,18,2,11520.0,19.200000000000003,7219.203760777501,60.985195613955966,1.0,8,1,0.0,0.0,0.0,0.0,0.0,0.0,0.0,0.0,0.0,0.0,88239.0,88239.0,0.0,2.0,1.0,3.0,0.0,"0,0,0,0,0,0,0,0,0,0","0:0-9,0-12;1:0-10,0-3,0-8,0-14;2:4-6;3:1-4;4:4-7,4-6;5:1-0;6:4-0;7:1-5;8:4-7,4-6,1-7,4-11,0-7,1-6;9:0-11"
614,proposed_c2f_adaptive_pd,7,10,0.7,11,300,0.03666666666666667,11,5,6,3200.0,5.333333333333334,475.32112373600756,26.3499371487953,1.0,3,1,0.0,0.0,0.0,0.0,0.0,0.0,0.0,0.0,0.0,0.0,42278.0,42278.0,0.0,2.0,1.0,3.0,0.0,"2,2,2,2,2,2,2,2,2,2","0:1-2;1:1-2;2:14-3;3:14-13;4:14-2;5:14-6;6:14-2,1-13;7:1-2;8:1-2;9:2-12"
615,proposed_c2f_adaptive_pd,9,10,0.9,20,300,0.06666666666666667,33,19,14,12160.0,20.26666666666667,1460.9190905560786,210.51388634414292,1.0,7,1,0.0,0.0,0.0,0.0,0.0,0.0,0.0,0.0,0.0,0.0,134886.0,134886.0,0.0,2.0,1.0,3.0,0.0,"1,1,1,1,1,1,1,1,1,1","0:4-1;1:0-10,4-3,4-1,0-1;2:1-8,4-1,0-1;3:0-1;4:1-3,4-3,1-9,4-1,0-1;5:0-11,4-12,4-11,4-1,0-1;6:4-1;7:4-11,1-11,0-11,4-8,1-8,4-12;8:4-1;9:4-10,0-10,4-3,0-3,4-1,0-1"
616,proposed_c2f_adaptive_pd,7,10,0.7,20,270,0.07407407407407407,17,11,6,7040.0,11.733333333333334,161.99787043805117,34.61324067432513,0.9411764705882353,2,1,0.0,0.0,0.0,0.0,0.0,0.0,0.0,0.0,0.0,0.0,77345.0,77345.0,0.0,2.0,1.0,3.0,0.0,"3,3,3,3,3,3,3,3,3,3","0:13-0;1:13-6;2:13-11,13-6,13-4,13-3,1-3;3:13-3;4:13-3;5:1-3;6:13-12;7:13-3,13-11;8:1-6;9:13-7,3-7,3-12"
617,proposed_c2f_adaptive_pd,10,10,1.0,21,300,0.07,21,8,13,5120.0,8.533333333333333,720.940586426641,69.14109744206054,0.7619047619047619,7,1,0.0,0.0,0.0,0.0,0.0,0.0,0.0,0.0,0.0,0.0,84381.0,84381.0,0.0,2.0,1.0,3.0,0.0,"12,12,12,12,12,12,12,12,12,12","0:0-12;1:0-12;2:1-12;3:7-11,7-14,0-14,7-12,0-12,1-12;4:7-12;5:1-12;6:7-13,7-12;7:1-12,1-13,7-13,7-12,0-13,1-3;8:0-12;9:0-12"
618,proposed_c2f_adaptive_pd,10,10,1.0,13,300,0.043333333333333335,25,13,12,8320.0,13.866666666666667,726.5390569363112,83.68166355189044,0.92,5,1,0.0,0.0,0.0,0.0,0.0,0.0,0.0,0.0,0.0,0.0,97600.0,97600.0,0.0,2.0,1.0,3.0,0.0,"5,5,5,5,5,5,5,5,5,5","0:2-7,2-5,11-5;1:5-7;2:11-5;3:2-5;4:2-5;5:2-0,11-0,2-8,11-8,2-10,2-14;6:2-5;7:2-5,11-5;8:2-7,2-6,2-5,11-5;9:11-8,2-8,2-0,11-5,2-5"
619,proposed_c2f_adaptive_pd,9,10,0.9,18,300,0.06,17,13,4,8320.0,13.866666666666667,7932.38307299926,1076.0231807314726,0.9411764705882353,7,1,0.0,0.0,0.0,0.0,0.0,0.0,0.0,0.0,0.0,0.0,59390.0,59390.0,0.0,2.0,1.0,3.0,0.0,"1,1,1,1,1,1,1,1,1,1","0:1-11;1:2-1;2:2-1;3:1-12;4:2-4;5:13-8,2-8,1-8,2-6,13-6,2-4;6:13-1;7:13-8,13-6;8:2-1;9:1-11,2-11"
620,proposed_c2f_adaptive_pd,10,10,1.0,12,300,0.04,12,7,5,4480.0,7.466666666666667,2099.175800821968,255.15381363451178,1.0,0,1,0.0,0.0,0.0,0.0,0.0,0.0,0.0,0.0,0.0,0.0,58757.0,58757.0,0.0,2.0,1.0,3.0,0.0,"4,4,4,4,4,4,4,4,4,4","0:2-14,1-14,1-5;1:1-2;2:2-4;3:1-4;4:1-4;5:2-4;6:1-0;7:2-4;8:4-13;9:1-0"
621,proposed_c2f_adaptive_pd,8,10,0.8,7,270,0.025925925925925925,23,15,8,9600.0,16.0,651.8954560835638,95.6707619005678,0.9130434782608695,0,1,0.0,0.0,0.0,0.0,0.0,0.0,0.0,0.0,0.0,0.0,81897.0,81897.0,0.0,2.0,1.0,3.0,0.0,"0,0,0,0,0,0,0,0,0,0","0:3-2,3-12,0-2,0-12,0-13,14-2;1:0-11;2:14-9;3:14-0;4:3-0,14-0;5:14-8;6:14-4,3-4,14-9,3-9,14-0,3-0;7:3-4,3-0,14-0;8:0-2;9:14-0"
622,proposed_c2f_adaptive_pd,9,10,0.9,20,300,0.06666666666666667,32,22,10,14080.0,23.46666666666667,10002.99850238312,1145.8390326100719,0.96875,0,1,0.0,0.0,0.0,0.0,0.0,0.0,0.0,0.0,0.0,0.0,116103.0,116103.0,0.0,2.0,1.0,3.0,0.0,"8,8,8,8,8,8,8,8,8,8","0:13-5,0-5,8-5,8-3,8-12,0-3;1:13-6,13-8,0-8;2:0-2;3:0-8;4:0-8;5:8-12,13-12,0-8,13-8;6:0-7;7:8-9,13-8,0-8;8:13-4,0-2,0-4,13-2,0-8,13-8;9:8-9,8-3,13-5,8-5,8-11,0-5"
623,proposed_c2f_adaptive_pd,9,10,0.9,12,300,0.04,18,10,8,6400.0,10.666666666666668,12847.378138788186,113.49145261849884,1.0,7,1,0.0,0.0,0.0,0.0,0.0,0.0,0.0,0.0,0.0,0.0,51987.0,51987.0,0.0,2.0,1.0,3.0,0.0,"0,0,0,0,0,0,0,0,0,0","0:1-2;1:5-9,5-0,1-0;2:5-0;3:0-3;4:1-0;5:1-8;6:1-0,5-0;7:0-14,0-13,0-7,0-6,0-11,1-14;8:1-0;9:1-0"
624,proposed_c2f_adaptive_pd,10,10,1.0,24,300,0.08,25,15,10,9600.0,16.0,13479.40546590232,747.1969443239907,0.96,8,1,0.0,0.0,0.0,0.0,0.0,0.0,0.0,0.0,0.0,0.0,83223.0,83223.0,0.0,2.0,1.0,3.0,0.0,"11,11,11,11,11,11,11,11,11,11","0:5-4,5-0,12-5,5-10,5-12,12-4;1:12-10,1-11,12-11,5-11;2:5-11;3:1-11;4:1-11;5:1-2,5-11,12-11;6:1-11;7:1-11;8:12-6,1-6,1-14,1-9,12-14,1-10;9:1-4"
625,proposed_c2f_adaptive_pd,10,10,1.0,10,300,0.03333333333333333,10,9,1,5760.0,9.600000000000001,540.8125691909275,96.5514441427566,1.0,2,1,0.0,0.0,0.0,0.0,0.0,0.0,0.0,0.0,0.0,0.0,42496.0,42496.0,0.0,2.0,1.0,3.0,0.0,"3,3,3,3,3,3,3,3,3,3",0:3-2;1:1-3;2:5-2;3:3-11;4:3-0;5:1-6;6:3-2;7:3-9;8:3-2;9:3-4
626,proposed_c2f_adaptive_pd,9,10,0.9,15,300,0.05,20,12,8,7680.0,12.8,47858.77873557042,338.69124625283683,1.0,6,1,0.0,0.0,0.0,0.0,0.0,0.0,0.0,0.0,0.0,0.0,90013.0,90013.0,0.0,2.0,1.0,3.0,0.0,"4,4,4,4,4,4,4,4,4,4","0:1-10,1-13;1:0-4;2:1-4,1-8;3:0-4;4:1-4,0-4;5:0-4;6:0-11,4-11,4-12,0-12,0-14,4-9;7:4-2,1-4;8:1-4;9:0-5,0-7"
627,proposed_c2f_adaptive_pd,10,10,1.0,13,300,0.043333333333333335,18,12,6,7680.0,12.8,3280.9004979251235,820.3506372938521,1.0,9,1,0.0,0.0,0.0,0.0,0.0,0.0,0.0,0.0,0.0,0.0,96155.0,96155.0,0.0,2.0,1.0,3.0,0.0,"10,10,10,10,10,10,10,10,10,10","0:14-10;1:0-10;2:14-10;3:14-10;4:0-9;5:14-10,14-13;6:0-1,2-1,0-7;7:14-10;8:14-4;9:2-3,2-11,2-12,2-5,14-3,14-12"
628,proposed_c2f_adaptive_pd,9,10,0.9,24,300,0.08,17,10,7,6400.0,10.666666666666668,626.8621219359646,64.06786365892744,1.0,4,1,0.0,0.0,0.0,0.0,0.0,0.0,0.0,0.0,0.0,0.0,75338.0,75338.0,0.0,2.0,1.0,3.0,0.0,"0,0,0,0,0,0,0,0,0,0","0:13-0;1:13-0;2:0-11;3:13-0;4:13-10,13-1,13-8,13-0,7-0;5:13-0;6:0-5;7:13-0;8:0-5;9:0-5,0-6,0-3,13-5"
629,proposed_c2f_adaptive_pd,10,10,1.0,15,300,0.05,15,10,5,6400.0,10.666666666666668,690.0710036234292,87.83597267000937,1.0,4,1,0.0,0.0,0.0,0.0,0.0,0.0,0.0,0.0,0.0,0.0,80159.0,80159.0,0.0,2.0,1.0,3.0,0.0,"1,1,1,1,1,1,1,1,1,1","0:8-1;1:1-2,1-9;2:1-2;3:8-1;4:5-14,5-10,8-14,5-1;5:8-1;6:5-1;7:1-0;8:1-7;9:5-13,5-2"
630,proposed_c2f_adaptive_pd,9,10,0.9,20,300,0.06666666666666667,25,11,14,7040.0,11.733333333333334,4109.2481056215765,183.49189678079944,1.0,2,1,0.0,0.0,0.0,0.0,0.0,0.0,0.0,0.0,0.0,0.0,116755.0,116755.0,0.0,2.0,1.0,3.0,0.0,"13,13,13,13,13,13,13,13,13,13","0:9-12,1-12,10-13,9-13,1-13;1:1-13;2:1-2,9-2,1-13,9-13,1-6,1-8;3:10-13;4:9-13;5:9-1,1-13;6:9-10,10-9,10-13,9-13,1-13;7:1-13;8:10-0,10-13;9:1-8"
631,proposed_c2f_adaptive_pd,9,10,0.9,12,300,0.04,16,4,12,2560.0,4.266666666666667,4497.772557980744,142.89343838250159,1.0,7,1,0.0,0.0,0.0,0.0,0.0,0.0,0.0,0.0,0.0,0.0,73166.0,73166.0,0.0,2.0,1.0,3.0,0.0,"0,0,0,0,0,0,0,0,0,0","0:0-14,0-2,3-0,1-0;1:3-0;2:3-0;3:1-0;4:3-0;5:1-0,0-9;6:1-0;7:3-10,3-0;8:1-0;9:1-0,3-0"
632,proposed_c2f_adaptive_pd,10,10,1.0,21,300,0.07,18,13,5,8320.0,13.866666666666667,701.2997120323279,88.37608512937582,0.7222222222222222,8,1,0.0,0.0,0.0,0.0,0.0,0.0,0.0,0.0,0.0,0.0,68228.0,68228.0,0.0,2.0,1.0,3.0,0.0,"1,1,1,1,1,1,1,1,1,1","0:5-1,3-1;1:3-11;2:1-0;3:1-4;4:5-11;5:1-0;6:5-13,5-1,3-1;7:1-7;8:5-14,5-7,5-8,1-14,1-7,3-7;9:3-1"
633,proposed_c2f_adaptive_pd,9,10,0.9,19,300,0.06333333333333334,15,11,4,7040.0,11.733333333333334,762.6801767408696,194.48784478866486,0.8666666666666667,7,1,0.0,0.0,0.0,0.0,0.0,0.0,0.0,0.0,0.0,0.0,80356.0,80356.0,0.0,2.0,1.0,3.0,0.0,"2,2,2,2,2,2,2,2,2,2","0:7-14;1:7-2;2:13-10,13-5;3:13-2;4:2-9,7-9,13-9,2-8;5:7-2;6:2-0;7:7-6,13-6;8:7-2;9:2-1"
634,proposed_c2f_adaptive_pd,9,10,0.9,14,300,0.04666666666666667,10,4,6,2560.0,4.266666666666667,208.11024139180546,61.751292074669465,1.0,6,1,0.0,0.0,0.0,0.0,0.0,0.0,0.0,0.0,0.0,0.0,46171.0,46171.0,0.0,2.0,1.0,3.0,0.0,"1,1,1,1,1,1,1,1,1,1",0:2-1;1:2-1;2:2-1;3:1-7;4:2-1;5:2-6;6:13-1;7:1-6;8:2-1;9:1-7
635,proposed_c2f_adaptive_pd,8,10,0.8,19,270,0.07037037037037037,15,8,7,5120.0,8.533333333333333,1753.484244432022,74.03411148683341,0.8666666666666667,0,1,0.0,0.0,0.0,0.0,0.0,0.0,0.0,0.0,0.0,0.0,69383.0,69383.0,0.0,2.0,1.0,3.0,0.0,"1,1,1,1,1,1,1,1,1,1","0:1-7,1-4,3-1;1:9-13;2:1-7,1-14;3:3-5;4:9-1,3-1;5:3-1;6:9-1;7:9-1;8:9-1,1-8;9:9-13"
636,proposed_c2f_adaptive_pd,8,10,0.8,17,300,0.056666666666666664,16,15,1,9600.0,16.0,52.4316371368466,24.8924591335175,1.0,7,1,0.0,0.0,0.0,0.0,0.0,0.0,0.0,0.0,0.0,0.0,116862.0,116862.0,0.0,3.0,1.0,2.0,0.0,"0,0,0,0,0,0,0,0,0,0","0:14-12,0-12;1:0-2;2:0-1;3:0-2;4:14-0;5:0-10;6:0-1;7:14-1,14-10,14-2,14-4,14-11,14-12;8:14-1;9:0-3"
637,proposed_c2f_adaptive_pd,9,10,0.9,11,300,0.03666666666666667,12,5,7,3200.0,5.333333333333334,1035.9824201429851,106.54164092567137,1.0,2,1,0.0,0.0,0.0,0.0,0.0,0.0,0.0,0.0,0.0,0.0,54479.0,54479.0,0.0,2.0,1.0,3.0,0.0,"1,1,1,1,1,1,1,1,1,1","0:2-1,1-8;1:2-1;2:2-8;3:0-1;4:2-6;5:0-1;6:0-1;7:2-14;8:2-1;9:1-4,0-1"
638,proposed_c2f_adaptive_pd,9,10,0.9,18,300,0.06,13,7,6,4480.0,7.466666666666667,408.7957296427149,61.364191057140985,1.0,7,1,0.0,0.0,0.0,0.0,0.0,0.0,0.0,0.0,0.0,0.0,56197.0,56197.0,0.0,2.0,1.0,3.0,0.0,"0,0,0,0,0,0,0,0,0,0","0:3-0;1:3-0;2:3-0;3:0-12;4:2-6;5:0-9;6:3-0;7:2-6,0-6,2-0,3-0;8:0-4;9:0-9"
639,proposed_c2f_adaptive_pd,10,10,1.0,16,300,0.05333333333333334,18,15,3,9600.0,16.0,1189.891616102645,328.5121434376922,1.0,1,1,0.0,0.0,0.0,0.0,0.0,0.0,0.0,0.0,0.0,0.0,82536.0,82536.0,0.0,2.0,1.0,3.0,0.0,"11,11,11,11,11,11,11,11,11,11","0:6-11;1:11-2,11-1,11-3;2:0-10,6-10,6-9,11-10,0-9;3:0-5,0-4;4:0-4;5:6-11;6:0-6;7:11-12;8:6-11;9:11-3,11-2"
640,proposed_c2f_adaptive_pd,7,10,0.7,10,270,0.037037037037037035,12,5,7,3200.0,5.333333333333334,186.27774697468425,24.13398660931842,0.9166666666666666,2,1,0.0,0.0,0.0,0.0,0.0,0.0,0.0,0.0,0.0,0.0,72103.0,72103.0,0.0,3.0,1.0,2.0,0.0,"3,3,3,3,3,3,3,3,3,3","0:4-3;1:0-3;2:0-9,0-3;3:4-3;4:0-3;5:0-7;6:0-6;7:0-6;8:0-2;9:0-3,4-3"
641,proposed_c2f_adaptive_pd,9,10,0.9,17,300,0.056666666666666664,23,16,7,10240.0,17.066666666666666,3184.3515526904,106.22372863278244,0.9565217391304348,4,1,0.0,0.0,0.0,0.0,0.0,0.0,0.0,0.0,0.0,0.0,91719.0,91719.0,0.0,2.0,1.0,3.0,0.0,"2,2,2,2,2,2,2,2,2,2","0:0-2;1:5-4,2-8,5-2,0-2;2:2-4;3:0-2;4:5-4,2-4,5-8,2-8,5-3,5-2;5:5-7;6:5-2;7:2-7;8:5-2;9:5-11,0-11,5-7,0-7,2-11,0-12"
642,proposed_c2f_adaptive_pd,9,10,0.9,16,300,0.05333333333333334,23,16,7,10240.0,17.066666666666666,3273.609327397045,52.56812908097337,1.0,0,1,0.0,0.0,0.0,0.0,0.0,0.0,0.0,0.0,0.0,0.0,86721.0,86721.0,0.0,2.0,1.0,3.0,0.0,"3,3,3,3,3,3,3,3,3,3","0:1-6,5-6,1-4,1-0,5-4,5-0;1:5-3;2:5-10,3-10,5-7,3-2,3-7,5-2;3:1-3;4:1-2;5:5-3,1-3;6:5-3;7:5-3,1-3;8:1-6;9:1-13,1-0"
643,proposed_c2f_adaptive_pd,10,10,1.0,15,300,0.05,26,21,5,13440.0,22.4,24809.29508308461,1280.5123419430731,1.0,7,1,0.0,0.0,0.0,0.0,0.0,0.0,0.0,0.0,0.0,0.0,97261.0,97261.0,0.0,2.0,1.0,3.0,0.0,"5,5,5,5,5,5,5,5,5,5","0:0-5;1:10-14,10-9,10-6,10-7,10-5,5-10;2:10-5;3:0-1;4:0-8,5-11;5:5-13,5-11,5-9,5-6,5-8,0-5;6:0-2;7:5-13,5-8,5-9,5-12,5-2,0-5;8:0-2;9:0-11"
644,proposed_c2f_adaptive_pd,8,10,0.8,12,300,0.04,10,6,4,3840.0,6.4,1299.095040957122,90.49870780894099,1.0,1,1,0.0,0.0,0.0,0.0,0.0,0.0,0.0,0.0,0.0,0.0,48169.0,48169.0,0.0,2.0,1.0,3.0,0.0,"3,3,3,3,3,3,3,3,3,3",0:0-1;1:3-14;2:0-3;3:3-6;4:0-3;5:3-6;6:11-3;7:11-3;8:3-8;9:0-9
645,proposed_c2f_adaptive_pd,8,10,0.8,15,300,0.05,11,10,1,6400.0,10.666666666666668,334.4403844080704,17.688756163182823,1.0,5,1,0.0,0.0,0.0,0.0,0.0,0.0,0.0,0.0,0.0,0.0,54065.0,54065.0,0.0,2.0,1.0,3.0,0.0,"3,3,3,3,3,3,3,3,3,3","0:3-7;1:0-5;2:0-5;3:3-1;4:0-4;5:3-7,3-12;6:0-5;7:0-5;8:5-3;9:0-5"
646,proposed_c2f_adaptive_pd,10,10,1.0,18,300,0.06,17,14,3,8960.0,14.933333333333334,2937.784899635479,837.4612340716792,0.9411764705882353,8,1,0.0,0.0,0.0,0.0,0.0,0.0,0.0,0.0,0.0,0.0,65051.0,65051.0,0.0,2.0,1.0,3.0,0.0,"14,14,14,14,14,14,14,14,14,14","0:0-3;1:0-9;2:14-2,1-14,0-14;3:0-3;4:0-5;5:0-9;6:0-5;7:1-14;8:1-5,0-5,1-3,14-5,1-8,1-2;9:0-3"
647,proposed_c2f_adaptive_pd,8,10,0.8,19,300,0.06333333333333334,14,9,5,5760.0,9.600000000000001,277.1576599907404,109.74734574792123,1.0,5,1,0.0,0.0,0.0,0.0,0.0,0.0,0.0,0.0,0.0,0.0,65906.0,65906.0,0.0,2.0,1.0,3.0,0.0,"0,0,0,0,0,0,0,0,0,0","0:7-0;1:3-0;2:3-0;3:0-2;4:3-0;5:7-4,7-14,7-5,0-14;6:7-8,3-8;7:3-0;8:0-5;9:3-6"
648,proposed_c2f_adaptive_pd,8,10,0.8,16,300,0.05333333333333334,16,10,6,6400.0,10.666666666666668,1057.590521654593,143.1217812145795,0.9375,9,1,0.0,0.0,0.0,0.0,0.0,0.0,0.0,0.0,0.0,0.0,85149.0,85149.0,0.0,2.0,1.0,3.0,0.0,"4,4,4,4,4,4,4,4,4,4","0:8-4,8-7;1:0-4;2:0-13;3:0-4;4:8-7;5:8-4;6:8-14,8-3;7:8-4;8:13-0,0-13;9:0-3,13-0,0-13,0-4"
649,proposed_c2f_adaptive_pd,8,10,0.8,25,300,0.08333333333333333,10,7,3,4480.0,7.466666666666667,460.07402331749836,22.365740088201775,1.0,0,1,0.0,0.0,0.0,0.0,0.0,0.0,0.0,0.0,0.0,0.0,85454.0,85454.0,0.0,3.0,1.0,2.0,0.0,"3,3,3,3,3,3,3,3,3,3",0:0-12;1:0-1;2:0-3;3:0-2;4:0-2;5:0-3;6:0-10;7:0-1;8:3-2;9:0-3
650,proposed_c2f_adaptive_pd,8,10,0.8,20,270,0.07407407407407407,27,19,8,12160.0,20.26666666666667,7140.744931461365,852.7129822898097,0.8148148148148148,7,1,0.0,0.0,0.0,0.0,0.0,0.0,0.0,0.0,0.0,0.0,69720.0,69720.0,0.0,2.0,1.0,3.0,0.0,"1,1,1,1,1,1,1,1,1,1","0:2-1;1:0-10,0-1,2-1;2:2-10,2-9,0-10,0-9,2-3,1-10;3:2-1;4:2-1;5:0-14;6:0-1;7:2-3,2-10,2-9,2-7,1-9,0-3;8:2-1;9:0-14,0-10,0-12,0-13,0-9,0-1"
651,proposed_c2f_adaptive_pd,10,10,1.0,14,300,0.04666666666666667,16,9,7,5760.0,9.600000000000001,67161.72619281842,271.1520304511956,1.0,6,1,0.0,0.0,0.0,0.0,0.0,0.0,0.0,0.0,0.0,0.0,60289.0,60289.0,0.0,2.0,1.0,3.0,0.0,"1,1,1,1,1,1,1,1,1,1","0:0-3;1:0-1;2:1-5;3:0-1;4:4-1;5:0-1;6:1-8,4-8,4-5,1-5,0-8,4-12;7:4-1;8:4-1,1-5;9:4-1"
652,proposed_c2f_adaptive_pd,10,10,1.0,15,300,0.05,27,24,3,15360.0,25.6,38944.22155831619,132.07132992045644,0.9629629629629629,9,1,0.0,0.0,0.0,0.0,0.0,0.0,0.0,0.0,0.0,0.0,99718.0,99718.0,0.0,2.0,1.0,3.0,0.0,"5,5,5,5,5,5,5,5,5,5","0:0-2;1:5-1;2:0-7;3:5-8,5-7,5-6,2-8,5-10,5-11;4:5-6;5:5-1,0-5,2-5;6:0-3;7:2-9,2-7,2-11,2-14,0-9,2-5;8:0-13;9:0-3,0-1,0-13,0-4,2-3,2-0"
653,proposed_c2f_adaptive_pd,8,10,0.8,11,270,0.040740740740740744,11,5,6,3200.0,5.333333333333334,148.51275175691748,62.06405531236213,0.9090909090909091,5,1,0.0,0.0,0.0,0.0,0.0,0.0,0.0,0.0,0.0,0.0,55874.0,55874.0,0.0,2.0,1.0,3.0,0.0,"6,6,6,6,6,6,6,6,6,6","0:0-6;1:0-5;2:0-6;3:0-6,9-6;4:0-9;5:0-6;6:6-3;7:6-7;8:6-2;9:9-6"
654,proposed_c2f_adaptive_pd,10,10,1.0,13,300,0.043333333333333335,18,14,4,8960.0,14.933333333333334,4305.485726691955,852.2069362994418,1.0,2,1,0.0,0.0,0.0,0.0,0.0,0.0,0.0,0.0,0.0,0.0,81803.0,81803.0,0.0,2.0,1.0,3.0,0.0,"4,4,4,4,4,4,4,4,4,4","0:4-3,5-3,11-3;1:11-4;2:4-6,4-2,4-14,4-7,4-1,11-6;3:11-4;4:5-4;5:11-4;6:4-3;7:5-8;8:4-13;9:4-2,11-2"
655,proposed_c2f_adaptive_pd,8,10,0.8,16,270,0.05925925925925926,19,14,5,8960.0,14.933333333333334,3730.533069055443,44.46140902569985,0.8947368421052632,4,1,0.0,0.0,0.0,0.0,0.0,0.0,0.0,0.0,0.0,0.0,80373.0,80373.0,0.0,2.0,1.0,3.0,0.0,"1,1,1,1,1,1,1,1,1,1","0:0-1;1:3-8;2:0-5,1-5;3:0-1;4:0-14,3-14,1-14,0-8,0-5,0-2;5:3-1;6:0-2;7:0-5;8:1-4,3-4,3-1,0-1;9:3-7"
656,proposed_c2f_adaptive_pd,9,10,0.9,20,300,0.06666666666666667,12,7,5,4480.0,7.466666666666667,2622.928371644901,156.61639330025247,1.0,1,1,0.0,0.0,0.0,0.0,0.0,0.0,0.0,0.0,0.0,0.0,80560.0,80560.0,0.0,3.0,1.0,2.0,0.0,"9,9,9,9,9,9,9,9,9,9","0:3-9;1:0-4,0-13;2:3-9;3:0-3;4:0-9;5:3-1,3-9;6:0-4;7:0-8;8:0-4;9:3-9"
657,proposed_c2f_adaptive_pd,10,10,1.0,14,300,0.04666666666666667,25,19,6,12160.0,20.26666666666667,708.8298083839449,144.10976487988307,0.88,9,1,0.0,0.0,0.0,0.0,0.0,0.0,0.0,0.0,0.0,0.0,93122.0,93122.0,0.0,2.0,1.0,3.0,0.0,"6,6,6,6,6,6,6,6,6,6","0:4-11;1:4-6,10-6;2:6-3,10-5,10-3,6-5,10-2,10-1;3:10-6;4:10-3,10-5,10-2,10-6,4-6;5:4-6;6:10-3;7:4-7;8:10-5;9:10-1,10-5,10-12,10-2,10-3,6-3"
658,proposed_c2f_adaptive_pd,9,10,0.9,20,300,0.06666666666666667,10,7,3,4480.0,7.466666666666667,2518.2411233881626,94.53621685449481,1.0,1,1,0.0,0.0,0.0,0.0,0.0,0.0,0.0,0.0,0.0,0.0,40809.0,40809.0,0.0,2.0,1.0,3.0,0.0,"10,10,10,10,10,10,10,10,10,10",0:10-0;1:6-8;2:10-4;3:10-8;4:6-0;5:6-10;6:6-10;7:2-10;8:2-9;9:2-3
659,proposed_c2f_adaptive_pd,8,10,0.8,10,300,0.03333333333333333,20,13,7,8320.0,13.866666666666667,918.2273614013226,154.5904398941217,0.95,0,1,0.0,0.0,0.0,0.0,0.0,0.0,0.0,0.0,0.0,0.0,53088.0,53088.0,0.0,2.0,1.0,3.0,0.0,"8,8,8,8,8,8,8,8,8,8","0:8-5,8-2,8-7,8-0,10-5,8-12;1:10-0;2:10-8;3:3-8;4:3-8;5:3-5;6:3-1;7:8-5,10-5,8-7,3-5,10-8,3-8;8:3-8;9:10-8"
660,proposed_c2f_adaptive_pd,8,10,0.8,9,300,0.03,18,14,4,8960.0,14.933333333333334,1234.605575121093,121.38308948873973,0.9444444444444444,5,1,0.0,0.0,0.0,0.0,0.0,0.0,0.0,0.0,0.0,0.0,82389.0,82389.0,0.0,2.0,1.0,3.0,0.0,"10,10,10,10,10,10,10,10,10,10","0:9-0,9-12;1:2-6;2:2-1,2-10;3:14-10,9-10;4:9-10;5:9-13,9-3,9-11,14-13,9-0,14-11;6:2-0;7:2-6;8:9-11;9:2-6"
661,proposed_c2f_adaptive_pd,10,10,1.0,17,300,0.056666666666666664,19,14,5,8960.0,14.933333333333334,142911.84889494075,34.65900299271043,1.0,7,1,0.0,0.0,0.0,0.0,0.0,0.0,0.0,0.0,0.0,0.0,54138.0,54138.0,0.0,2.0,1.0,3.0,0.0,"6,6,6,6,6,6,6,6,6,6","0:6-1;1:13-8;2:13-6;3:14-6;4:6-11;5:13-5;6:14-1,14-10,6-1,14-6,13-6;7:13-9,13-5,13-0,13-12,14-9,13-8;8:13-6;9:14-1"
662,proposed_c2f_adaptive_pd,8,10,0.8,11,270,0.040740740740740744,24,18,6,11520.0,19.200000000000003,4397.7466465015805,189.6063860509339,0.9166666666666666,0,1,0.0,0.0,0.0,0.0,0.0,0.0,0.0,0.0,0.0,0.0,103366.0,103366.0,0.0,2.0,1.0,3.0,0.0,"5,5,5,5,5,5,5,5,5,5","0:1-9,1-13,1-0,1-8,1-5,5-1;1:6-5;2:5-3,6-3,5-4,6-5;3:6-12,5-12,6-7,6-5,6-4,6-3;4:6-5;5:1-0,1-13;6:6-5;7:1-3;8:6-7;9:1-0"
663,proposed_c2f_adaptive_pd,9,10,0.9,13,300,0.043333333333333335,14,8,6,5120.0,8.533333333333333,114.28665721301327,46.83298249917414,1.0,6,1,0.0,0.0,0.0,0.0,0.0,0.0,0.0,0.0,0.0,0.0,56438.0,56438.0,0.0,2.0,1.0,3.0,0.0,"12,12,12,12,12,12,12,12,12,12","0:2-6;1:3-12;2:0-6;3:0-12;4:0-12;5:0-10;6:2-5,3-7,2-7,3-5;7:0-12,3-12;8:2-12;9:2-3"
664,proposed_c2f_adaptive_pd,8,10,0.8,14,300,0.04666666666666667,20,13,7,8320.0,13.866666666666667,943.9101729519246,69.03703321179313,1.0,1,1,0.0,0.0,0.0,0.0,0.0,0.0,0.0,0.0,0.0,0.0,76111.0,76111.0,0.0,2.0,1.0,3.0,0.0,"0,0,0,0,0,0,0,0,0,0","0:0-8;1:0-14,1-14,0-9,1-8,1-9,1-2;2:3-0;3:3-0;4:0-9,0-2,1-0,3-0;5:1-0;6:1-14,1-0,3-0;7:1-10;8:0-8;9:1-6"
665,proposed_c2f_adaptive_pd,7,10,0.7,23,300,0.07666666666666666,16,12,4,7680.0,12.8,4406.240375462161,61.60192535786041,1.0,1,1,0.0,0.0,0.0,0.0,0.0,0.0,0.0,0.0,0.0,0.0,46071.0,46071.0,0.0,2.0,1.0,3.0,0.0,"5,5,5,5,5,5,5,5,5,5","0:4-0,4-7;1:5-14,5-3,5-13,5-12,4-14,5-9;2:4-5;3:0-10;4:0-1;5:4-5;6:0-5;7:0-5;8:0-8;9:5-7"
666,proposed_c2f_adaptive_pd,7,10,0.7,10,270,0.037037037037037035,26,21,5,13440.0,22.4,577.3909973965394,10.126358937631332,0.9615384615384616,6,1,0.0,0.0,0.0,0.0,0.0,0.0,0.0,0.0,0.0,0.0,106874.0,106874.0,0.0,2.0,1.0,3.0,0.0,"3,3,3,3,3,3,3,3,3,3","0:3-6;1:11-8,11-6,0-6;2:11-3;3:0-3;4:3-10,11-12,3-12,11-10,0-12,3-9;5:0-7,0-5,11-5,0-3,11-3;6:11-8,3-8,0-8,11-14,0-14,11-6;7:0-7;8:0-3;9:0-1"
667,proposed_c2f_adaptive_pd,10,10,1.0,20,300,0.06666666666666667,16,11,5,7040.0,11.733333333333334,1608.888025607426,27.631568668909193,1.0,3,1,0.0,0.0,0.0,0.0,0.0,0.0,0.0,0.0,0.0,0.0,74187.0,74187.0,0.0,2.0,1.0,3.0,0.0,"2,2,2,2,2,2,2,2,2,2","0:0-2;1:5-8;2:0-2;3:0-10,0-4,2-10,0-13,0-6,0-1;4:2-6;5:2-9;6:0-2,5-2;7:0-2;8:0-3;9:2-6"
668,proposed_c2f_adaptive_pd,8,10,0.8,16,300,0.05333333333333334,10,8,2,5120.0,8.533333333333333,1351.0048704537344,23.507853941988195,1.0,5,0,0.0,0.0,0.0,0.0,0.0,0.0,0.0,0.0,0.0,0.0,33424.0,33424.0,0.0,2.0,1.0,3.0,0.0,"10,10,10,10,10,10,10,10,10,10",0:1-0;1:10-5;2:2-0;3:1-10;4:2-10;5:10-5;6:1-6;7:1-3;8:1-4;9:1-3
669,proposed_c2f_adaptive_pd,10,10,1.0,7,300,0.023333333333333334,11,7,4,4480.0,7.466666666666667,9185.97735887339,135.0674468872704,1.0,7,1,0.0,0.0,0.0,0.0,0.0,0.0,0.0,0.0,0.0,0.0,56837.0,56837.0,0.0,2.0,1.0,3.0,0.0,"13,13,13,13,13,13,13,13,13,13","0:3-13;1:1-13;2:2-12;3:1-2;4:2-13;5:2-11;6:1-2;7:2-4,3-4;8:2-13;9:3-8"
670,proposed_c2f_adaptive_pd,10,10,1.0,14,300,0.04666666666666667,11,9,2,5760.0,9.600000000000001,11920.949773266806,288.6757099335696,1.0,1,1,0.0,0.0,0.0,0.0,0.0,0.0,0.0,0.0,0.0,0.0,58431.0,58431.0,0.0,2.0,1.0,3.0,0.0,"13,13,13,13,13,13,13,13,13,13","0:0-1;1:0-6,5-6;2:13-9;3:0-1;4:0-4;5:5-0;6:0-13;7:13-7;8:0-13;9:0-7"
671,proposed_c2f_adaptive_pd,8,10,0.8,12,300,0.04,17,12,5,7680.0,12.8,39953.1679077089,353.82938194174585,1.0,9,1,0.0,0.0,0.0,0.0,0.0,0.0,0.0,0.0,0.0,0.0,78796.0,78796.0,0.0,2.0,1.0,3.0,0.0,"0,0,0,0,0,0,0,0,0,0","0:3-0;1:3-12;2:7-2;3:7-0;4:0-10;5:3-0;6:3-11,3-0,7-0;7:0-1;8:3-12;9:3-11,7-11,0-11,7-13,3-9,7-9"
672,proposed_c2f_adaptive_pd,8,10,0.8,10,300,0.03333333333333333,32,18,14,11520.0,19.200000000000003,9276.080681286188,67.38865444575013,1.0,7,1,0.0,0.0,0.0,0.0,0.0,0.0,0.0,0.0,0.0,0.0,119569.0,119569.0,0.0,2.0,1.0,3.0,0.0,"5,5,5,5,5,5,5,5,5,5","0:12-7,12-5,1-5,2-5;1:1-5;2:12-7,1-7,2-7,12-11,12-5,1-5;3:1-5;4:2-5;5:2-5;6:1-5;7:2-11,1-11,12-11,2-5,2-6,2-10;8:2-0,2-8,2-4,1-0,12-0,2-13;9:2-11,12-11,2-5,12-5,1-5"
673,proposed_c2f_adaptive_pd,7,10,0.7,12,270,0.044444444444444446,24,14,10,8960.0,14.933333333333334,9202.572907883035,100.69338714384247,0.9583333333333334,9,1,0.0,0.0,0.0,0.0,0.0,0.0,0.0,0.0,0.0,0.0,90546.0,90546.0,0.0,2.0,1.0,3.0,0.0,"5,5,5,5,5,5,5,5,5,5","0:0-1;1:0-5;2:0-5;3:0-5;4:5-4,0-5,1-5;5:1-14,0-14,1-12,1-0,1-5,0-5;6:0-14;7:5-3;8:5-6,0-5,1-5;9:1-7,1-11,0-11,1-10,5-11,1-5"
674,proposed_c2f_adaptive_pd,8,10,0.8,21,270,0.07777777777777778,23,20,3,12800.0,21.333333333333336,1691.7109863671983,177.12906153274625,0.9565217391304348,0,1,0.0,0.0,0.0,0.0,0.0,0.0,0.0,0.0,0.0,0.0,93306.0,93306.0,0.0,2.0,1.0,3.0,0.0,"0,0,0,0,0,0,0,0,0,0","0:8-2,8-5,8-4,8-12,9-2,9-8;1:8-0;2:0-14,0-6,9-14,8-14,9-6,0-3;3:9-0;4:9-2;5:8-2;6:8-0;7:0-7;8:0-11;9:0-12,0-11,8-12,8-11"
675,proposed_c2f_adaptive_pd,9,10,0.9,8,270,0.02962962962962963,11,5,6,3200.0,5.333333333333334,215.50630644169033,159.93511127614445,0.9090909090909091,2,1,0.0,0.0,0.0,0.0,0.0,0.0,0.0,0.0,0.0,0.0,48578.0,48578.0,0.0,2.0,1.0,3.0,0.0,"5,5,5,5,5,5,5,5,5,5","0:5-11;1:7-5;2:7-6;3:8-5;4:5-12,5-6;5:7-5;6:7-5;7:7-5;8:8-5;9:5-6"
676,proposed_c2f_adaptive_pd,10,10,1.0,13,300,0.043333333333333335,15,12,3,7680.0,12.8,12693.96582749342,298.7227379180573,0.8666666666666667,6,1,0.0,0.0,0.0,0.0,0.0,0.0,0.0,0.0,0.0,0.0,87909.0,87909.0,0.0,2.0,1.0,3.0,0.0,"6,6,6,6,6,6,6,6,6,6","0:6-10;1:9-7;2:0-6,9-6;3:6-8,6-2;4:6-7;5:6-1;6:6-7,6-10,6-8;7:0-5,0-11;8:9-6;9:0-7"
677,proposed_c2f_adaptive_pd,10,10,1.0,13,300,0.043333333333333335,16,9,7,5760.0,9.600000000000001,10534.789902011053,97.80908924915522,1.0,9,1,0.0,0.0,0.0,0.0,0.0,0.0,0.0,0.0,0.0,0.0,61943.0,61943.0,0.0,2.0,1.0,3.0,0.0,"12,12,12,12,12,12,12,12,12,12","0:5-12;1:1-5;2:1-12;3:9-12;4:1-12;5:1-12;6:1-14;7:1-12,1-3;8:1-8;9:1-10,5-10,1-7,9-10,5-7,1-12"
678,proposed_c2f_adaptive_pd,8,10,0.8,13,270,0.04814814814814815,28,21,7,13440.0,22.4,294.13081008345415,193.17842165747078,0.9642857142857143,7,1,0.0,0.0,0.0,0.0,0.0,0.0,0.0,0.0,0.0,0.0,100414.0,100414.0,0.0,2.0,1.0,3.0,0.0,"0,0,0,0,0,0,0,0,0,0","0:6-13;1:13-0;2:6-10,13-10,6-0,13-0;3:6-1;4:0-1;5:0-3;6:13-3,0-3,0-5,13-5,13-0,6-0;7:0-10,13-10,6-10,0-11,0-14,6-11;8:0-3,13-3,0-5,13-5,6-0,13-0;9:6-12"
679,proposed_c2f_adaptive_pd,8,10,0.8,15,300,0.05,18,11,7,7040.0,11.733333333333334,5133.482391985199,498.08742452822634,1.0,2,1,0.0,0.0,0.0,0.0,0.0,0.0,0.0,0.0,0.0,0.0,68832.0,68832.0,0.0,2.0,1.0,3.0,0.0,"2,2,2,2,2,2,2,2,2,2","0:1-5;1:1-8;2:2-0,2-11,2-5,2-3,8-2,1-2;3:2-3;4:1-0;5:1-2;6:8-10,8-2;7:8-1,1-2,8-2;8:1-4;9:1-2"
680,proposed_c2f_adaptive_pd,10,10,1.0,14,300,0.04666666666666667,16,12,4,7680.0,12.8,3522.6542530504803,226.40197089558717,1.0,1,1,0.0,0.0,0.0,0.0,0.0,0.0,0.0,0.0,0.0,0.0,75955.0,75955.0,0.0,2.0,1.0,3.0,0.0,"3,3,3,3,3,3,3,3,3,3","0:11-4;1:3-4,11-6,3-6,11-4,0-4,11-13;2:11-6;3:11-3;4:11-3;5:11-4;6:0-2;7:11-3;8:0-3;9:0-6,11-0"
681,proposed_c2f_adaptive_pd,9,10,0.9,19,300,0.06333333333333334,16,7,9,4480.0,7.466666666666667,601848.5751935347,33.82166976044709,0.9375,7,1,0.0,0.0,0.0,0.0,0.0,0.0,0.0,0.0,0.0,0.0,79233.0,79233.0,0.0,2.0,1.0,3.0,0.0,"7,7,7,7,7,7,7,7,7,7","0:2-7;1:4-7;2:4-8;3:2-7;4:4-7;5:4-7,2-7;6:2-7;7:7-6,2-6,7-5,7-3,7-0,2-5;8:4-7;9:4-7"
682,proposed_c2f_adaptive_pd,10,10,1.0,16,300,0.05333333333333334,10,7,3,4480.0,7.466666666666667,73.28246635016336,12.050677499581782,1.0,6,1,0.0,0.0,0.0,0.0,0.0,0.0,0.0,0.0,0.0,0.0,71185.0,71185.0,0.0,3.0,1.0,2.0,0.0,"4,4,4,4,4,4,4,4,4,4",0:3-4;1:3-1;2:3-4;3:3-4;4:3-1;5:3-5;6:4-11;7:4-2;8:3-1;9:4-0
683,proposed_c2f_adaptive_pd,8,10,0.8,14,300,0.04666666666666667,11,7,4,4480.0,7.466666666666667,473.99489883214176,135.5095036636498,1.0,6,0,0.0,0.0,0.0,0.0,0.0,0.0,0.0,0.0,0.0,0.0,53328.0,53328.0,0.0,2.0,1.0,3.0,0.0,"0,0,0,0,0,0,0,0,0,0","0:11-9;1:1-14;2:1-0;3:11-9;4:1-0;5:11-0;6:11-5,11-10;7:0-9;8:11-0;9:0-4"
684,proposed_c2f_adaptive_pd,8,10,0.8,10,300,0.03333333333333333,19,11,8,7040.0,11.733333333333334,2227.182290315221,511.9356836040181,1.0,5,1,0.0,0.0,0.0,0.0,0.0,0.0,0.0,0.0,0.0,0.0,88169.0,88169.0,0.0,2.0,1.0,3.0,0.0,"3,3,3,3,3,3,3,3,3,3","0:7-3;1:0-3;2:3-4;3:3-1;4:0-3;5:0-2,0-8,7-8,0-14,3-8,3-2;6:0-3;7:7-3;8:7-3;9:3-12,7-12,7-3,0-3,3-1"
685,proposed_c2f_adaptive_pd,10,10,1.0,18,300,0.06,13,2,11,1280.0,2.1333333333333333,322.6940591045496,38.218001787577606,1.0,7,1,0.0,0.0,0.0,0.0,0.0,0.0,0.0,0.0,0.0,0.0,36332.0,36332.0,0.0,2.0,1.0,3.0,0.0,"10,10,10,10,10,10,10,10,10,10","0:0-2;1:13-10;2:3-10;3:0-10;4:0-10;5:3-10;6:13-10;7:13-11,0-10,13-10;8:0-10;9:13-10,0-10"
686,proposed_c2f_adaptive_pd,10,10,1.0,11,300,0.03666666666666667,26,20,6,12800.0,21.333333333333336,1225.368022588848,248.9796700265706,1.0,2,1,0.0,0.0,0.0,0.0,0.0,0.0,0.0,0.0,0.0,0.0,92993.0,92993.0,0.0,2.0,1.0,3.0,0.0,"14,14,14,14,14,14,14,14,14,14","0:0-12,2-12,14-12,0-4,0-11,2-4;1:0-13;2:0-13,0-6,2-13,0-7,0-2,2-0;3:0-14;4:0-13,0-11,2-13,0-10,0-8,0-14;5:0-14;6:0-1;7:0-14,2-6;8:0-14;9:2-14"
687,proposed_c2f_adaptive_pd,9,10,0.9,23,300,0.07666666666666666,19,12,7,7680.0,12.8,694.6678420365191,128.1670909632821,1.0,3,1,0.0,0.0,0.0,0.0,0.0,0.0,0.0,0.0,0.0,0.0,73857.0,73857.0,0.0,2.0,1.0,3.0,0.0,"5,5,5,5,5,5,5,5,5,5","0:0-5;1:4-5;2:4-5;3:4-10,5-10,0-10,4-13,4-8,5-13;4:0-6;5:0-5;6:0-5;7:5-13,4-13,4-8,4-11;8:5-1,4-5;9:4-5"
688,proposed_c2f_adaptive_pd,8,10,0.8,15,300,0.05,16,9,7,5760.0,9.600000000000001,439.17709808518373,85.43240562846924,0.9375,1,1,0.0,0.0,0.0,0.0,0.0,0.0,0.0,0.0,0.0,0.0,62876.0,62876.0,0.0,2.0,1.0,3.0,0.0,"0,0,0,0,0,0,0,0,0,0","0:8-0,0-14;1:6-14,8-3,6-3,8-6,6-8,6-12;2:6-0;3:6-0;4:6-0;5:0-3;6:6-0;7:6-0;8:0-1;9:6-0"
689,proposed_c2f_adaptive_pd,7,10,0.7,14,300,0.04666666666666667,20,14,6,8960.0,14.933333333333334,142.11112405000264,36.88952627778764,1.0,1,1,0.0,0.0,0.0,0.0,0.0,0.0,0.0,0.0,0.0,0.0,78805.0,78805.0,0.0,2.0,1.0,3.0,0.0,"0,0,0,0,0,0,0,0,0,0","0:3-0;1:0-13,0-8,3-13,3-8,10-13,0-6;2:10-0;3:10-0;4:0-2;5:0-4;6:0-13,3-8,0-8,3-6,3-0,10-0;7:3-0;8:3-6;9:0-6"
690,proposed_c2f_adaptive_pd,9,10,0.9,15,300,0.05,18,8,10,5120.0,8.533333333333333,2126.140085766232,361.4718088551715,1.0,1,1,0.0,0.0,0.0,0.0,0.0,0.0,0.0,0.0,0.0,0.0,74630.0,74630.0,0.0,2.0,1.0,3.0,0.0,"13,13,13,13,13,13,13,13,13,13","0:12-8;1:0-1,1-0;2:12-13,0-13,1-13;3:1-13;4:0-13;5:0-13;6:0-1;7:0-13;8:0-12,12-0,1-9;9:1-7,1-13,0-13,12-13"
691,proposed_c2f_adaptive_pd,9,10,0.9,18,300,0.06,10,6,4,3840.0,6.4,633.103307379533,63.055331699548574,1.0,9,1,0.0,0.0,0.0,0.0,0.0,0.0,0.0,0.0,0.0,0.0,74157.0,74157.0,0.0,3.0,1.0,2.0,0.0,"9,9,9,9,9,9,9,9,9,9",0:9-5;1:0-9;2:9-12;3:0-9;4:0-9;5:0-1;6:0-3;7:9-4;8:0-9;9:0-3
692,proposed_c2f_adaptive_pd,10,10,1.0,7,300,0.023333333333333334,18,14,4,8960.0,14.933333333333334,5192.5763747749315,236.89782597801104,0.8888888888888888,3,1,0.0,0.0,0.0,0.0,0.0,0.0,0.0,0.0,0.0,0.0,84074.0,84074.0,0.0,2.0,1.0,3.0,0.0,"1,1,1,1,1,1,1,1,1,1","0:4-0;1:1-10;2:4-1;3:4-0,4-3,5-0,4-9,4-7,5-9;4:4-3;5:5-1;6:5-1;7:5-11,4-7;8:5-10,1-10,4-10;9:5-1"
693,proposed_c2f_adaptive_pd,9,10,0.9,12,300,0.04,22,16,6,10240.0,17.066666666666666,4027230.9266063585,335.17760971180655,1.0,4,1,0.0,0.0,0.0,0.0,0.0,0.0,0.0,0.0,0.0,0.0,94069.0,94069.0,0.0,2.0,1.0,3.0,0.0,"0,0,0,0,0,0,0,0,0,0","0:0-6;1:4-3;2:4-0;3:1-0;4:1-2,1-3,1-12,1-14,1-0;5:0-5;6:4-9,4-10,4-3,4-8,4-1,1-4;7:1-0,4-0;8:4-2,1-2,4-0;9:0-10"
694,proposed_c2f_adaptive_pd,8,10,0.8,8,300,0.02666666666666667,19,11,8,7040.0,11.733333333333334,3819.0759145810857,20.254435704291424,1.0,5,1,0.0,0.0,0.0,0.0,0.0,0.0,0.0,0.0,0.0,0.0,66977.0,66977.0,0.0,2.0,1.0,3.0,0.0,"0,0,0,0,0,0,0,0,0,0","0:10-2;1:10-0;2:11-0,10-0;3:10-2;4:0-5;5:0-5,11-8,0-12,0-1,11-0,10-0;6:11-0;7:0-5,11-5,0-12,10-0;8:10-1;9:11-0"
695,proposed_c2f_adaptive_pd,9,10,0.9,13,270,0.04814814814814815,18,14,4,8960.0,14.933333333333334,298963.7256737451,224.02956354047768,0.9444444444444444,0,1,0.0,0.0,0.0,0.0,0.0,0.0,0.0,0.0,0.0,0.0,74162.0,74162.0,0.0,2.0,1.0,3.0,0.0,"0,0,0,0,0,0,0,0,0,0","0:0-14,0-9,0-10,0-7,0-2,0-11;1:6-7,6-14,6-0,4-0;2:0-2;3:0-2;4:4-1;5:6-0;6:0-1;7:4-3;8:6-0;9:0-5"
696,proposed_c2f_adaptive_pd,10,10,1.0,16,300,0.05333333333333334,20,17,3,10880.0,18.133333333333333,5407.095557916928,409.5427093355398,1.0,4,1,0.0,0.0,0.0,0.0,0.0,0.0,0.0,0.0,0.0,0.0,76094.0,76094.0,0.0,2.0,1.0,3.0,0.0,"14,14,14,14,14,14,14,14,14,14","0:0-1;1:0-14;2:2-11;3:6-14;4:2-11,6-11,0-11,6-1,2-1,2-4;5:2-11;6:2-14;7:2-1;8:2-1;9:2-11,6-11,2-1,2-4,0-11,2-5"
697,proposed_c2f_adaptive_pd,10,10,1.0,16,300,0.05333333333333334,22,17,5,10880.0,18.133333333333333,26969.913886115904,181.01206124128504,1.0,1,1,0.0,0.0,0.0,0.0,0.0,0.0,0.0,0.0,0.0,0.0,89458.0,89458.0,0.0,2.0,1.0,3.0,0.0,"0,0,0,0,0,0,0,0,0,0","0:7-0;1:7-10,0-10,6-10,7-9,0-9,7-4;2:6-0;3:0-1,6-0,7-0;4:0-3;5:0-10;6:0-13;7:0-3;8:0-14,0-3,0-5,0-12,0-1,0-9;9:7-0"
698,proposed_c2f_adaptive_pd,9,10,0.9,12,300,0.04,10,4,6,2560.0,4.266666666666667,1210.8891605471586,151.64510646744571,1.0,5,1,0.0,0.0,0.0,0.0,0.0,0.0,0.0,0.0,0.0,0.0,49810.0,49810.0,0.0,2.0,1.0,3.0,0.0,"4,4,4,4,4,4,4,4,4,4",0:8-4;1:3-4;2:8-4;3:3-6;4:3-4;5:8-10;6:8-4;7:4-13;8:3-4;9:3-12
699,proposed_c2f_adaptive_pd,10,10,1.0,17,300,0.056666666666666664,24,19,5,12160.0,20.26666666666667,4404.724083236012,278.0053509780424,1.0,6,1,0.0,0.0,0.0,0.0,0.0,0.0,0.0,0.0,0.0,0.0,94451.0,94451.0,0.0,2.0,1.0,3.0,0.0,"1,1,1,1,1,1,1,1,1,1","0:0-8;1:1-8,1-9,1-5,0-8,1-14,0-9;2:0-9,1-8,1-9,0-1,6-1;3:6-1;4:0-2;5:0-8;6:6-4,6-3,6-13,6-12,1-4,6-1;7:6-1;8:0-10;9:1-5"
700,proposed_c2f_adaptive_pd,8,10,0.8,16,300,0.05333333333333334,23,17,6,10880.0,18.133333333333333,287.27764492172884,18.420894700213672,1.0,3,1,0.0,0.0,0.0,0.0,0.0,0.0,0.0,0.0,0.0,0.0,97010.0,97010.0,0.0,2.0,1.0,3.0,0.0,"4,4,4,4,4,4,4,4,4,4","0:4-8,4-10,4-1,6-4,2-4;1:2-7;2:6-4;3:4-10,4-11,4-12,2-10,4-3,4-13;4:4-13,4-3,4-5,6-4,2-4;5:2-4;6:6-9;7:2-5;8:2-7;9:4-13"
701,proposed_c2f_adaptive_pd,10,10,1.0,11,300,0.03666666666666667,16,11,5,7040.0,11.733333333333334,1163.6659780551886,648.985646342165,1.0,9,1,0.0,0.0,0.0,0.0,0.0,0.0,0.0,0.0,0.0,0.0,107642.0,107642.0,0.0,3.0,1.0,2.0,0.0,"0,0,0,0,0,0,0,0,0,0","0:3-0;1:3-0;2:3-0;3:0-5;4:3-10;5:3-0;6:0-4;7:3-0;8:3-5,3-10;9:3-11,3-10,3-14,3-8,3-13,3-9"
702,proposed_c2f_adaptive_pd,9,10,0.9,13,270,0.04814814814814815,15,14,1,8960.0,14.933333333333334,233.9687904922285,85.63008328006472,0.9333333333333333,3,1,0.0,0.0,0.0,0.0,0.0,0.0,0.0,0.0,0.0,0.0,54276.0,54276.0,0.0,2.0,1.0,3.0,0.0,"0,0,0,0,0,0,0,0,0,0","0:2-4;1:2-0;2:2-5;3:2-11,2-12,4-11,2-9,2-14,2-13;4:4-7;5:0-6;6:0-6;7:0-3;8:0-3;9:0-11"
703,proposed_c2f_adaptive_pd,10,10,1.0,9,300,0.03,19,11,8,7040.0,11.733333333333334,919.6913067866266,347.3068182104305,0.8421052631578947,5,1,0.0,0.0,0.0,0.0,0.0,0.0,0.0,0.0,0.0,0.0,78802.0,78802.0,0.0,2.0,1.0,3.0,0.0,"6,6,6,6,6,6,6,6,6,6","0:13-6;1:6-1;2:13-6;3:2-13;4:2-6;5:6-5,13-5,6-9,2-5,13-9,2-9;6:2-6;7:13-10;8:6-12,13-6,2-6;9:13-4,13-6,2-6"
704,proposed_c2f_adaptive_pd,7,10,0.7,14,300,0.04666666666666667,12,4,8,2560.0,4.266666666666667,865.7682363454045,139.48650321514154,1.0,3,1,0.0,0.0,0.0,0.0,0.0,0.0,0.0,0.0,0.0,0.0,46685.0,46685.0,0.0,2.0,1.0,3.0,0.0,"8,8,8,8,8,8,8,8,8,8","0:5-8;1:5-12;2:0-8;3:0-1;4:5-8,11-8;5:0-10;6:5-8,11-8;7:5-11;8:11-8;9:0-8"
705,proposed_c2f_adaptive_pd,9,10,0.9,16,270,0.05925925925925926,18,12,6,7680.0,12.8,2150.2224296953773,253.02930163080603,0.9444444444444444,7,1,0.0,0.0,0.0,0.0,0.0,0.0,0.0,0.0,0.0,0.0,76314.0,76314.0,0.0,2.0,1.0,3.0,0.0,"2,2,2,2,2,2,2,2,2,2","0:0-2;1:0-1;2:0-6,0-8,0-2,1-2;3:1-2;4:0-13;5:0-2;6:0-7;7:2-7,1-7,2-9,2-10,0-7,2-11;8:0-2;9:2-7"
706,proposed_c2f_adaptive_pd,10,10,1.0,15,300,0.05,18,6,12,3840.0,6.4,5744.112115376926,405.1965261330057,1.0,6,1,0.0,0.0,0.0,0.0,0.0,0.0,0.0,0.0,0.0,0.0,51318.0,51318.0,0.0,2.0,1.0,3.0,0.0,"8,8,8,8,8,8,8,8,8,8","0:11-8;1:1-8;2:5-8;3:11-8;4:1-8;5:5-12,5-8,1-8,11-8;6:11-7,11-13,5-7,1-7,11-8,11-2;7:5-8;8:1-8;9:1-8"
707,proposed_c2f_adaptive_pd,8,10,0.8,15,300,0.05,22,18,4,11520.0,19.200000000000003,369.36583549865594,74.82533155519741,1.0,2,1,0.0,0.0,0.0,0.0,0.0,0.0,0.0,0.0,0.0,0.0,84666.0,84666.0,0.0,2.0,1.0,3.0,0.0,"0,0,0,0,0,0,0,0,0,0","0:8-0;1:8-0;2:8-4,8-7,8-12,6-4,8-11,8-14;3:6-2;4:6-8;5:0-3,0-13,0-14,0-9,0-1,8-9;6:0-3,0-9,0-13;7:6-0;8:0-3;9:6-0"
708,proposed_c2f_adaptive_pd,10,10,1.0,14,300,0.04666666666666667,20,19,1,12160.0,20.26666666666667,1021.4621930391088,91.66924955581251,1.0,9,1,0.0,0.0,0.0,0.0,0.0,0.0,0.0,0.0,0.0,0.0,84185.0,84185.0,0.0,2.0,1.0,3.0,0.0,"0,0,0,0,0,0,0,0,0,0","0:14-9,0-9,14-6,14-3,0-6,14-4;1:0-12;2:0-9;3:0-13;4:8-0;5:14-2;6:0-2;7:0-5;8:14-2;9:0-1,0-10,0-13,8-10,0-7,0-6"
709,proposed_c2f_adaptive_pd,10,10,1.0,12,300,0.04,13,9,4,5760.0,9.600000000000001,42595.833395516405,156.1612327673379,1.0,7,1,0.0,0.0,0.0,0.0,0.0,0.0,0.0,0.0,0.0,0.0,63335.0,63335.0,0.0,2.0,1.0,3.0,0.0,"14,14,14,14,14,14,14,14,14,14","0:11-14;1:0-14;2:14-7;3:0-8;4:0-8;5:11-14;6:14-3,11-14;7:0-12,0-9,14-12;8:0-6;9:0-7"
710,proposed_c2f_adaptive_pd,9,10,0.9,9,300,0.03,26,20,6,12800.0,21.333333333333336,745.7877718796414,87.58331215104813,0.9615384615384616,4,1,0.0,0.0,0.0,0.0,0.0,0.0,0.0,0.0,0.0,0.0,71441.0,71441.0,0.0,2.0,1.0,3.0,0.0,"2,2,2,2,2,2,2,2,2,2","0:12-5;1:12-7,1-12,12-2,1-2;2:1-2;3:1-5;4:12-0,2-0,12-6,12-8,2-6,2-8;5:12-0;6:2-9;7:12-0,2-0,12-2,1-2;8:1-2;9:1-11,1-14,12-11,1-13,1-5,1-9"
711,proposed_c2f_adaptive_pd,7,10,0.7,11,300,0.03666666666666667,16,7,9,4480.0,7.466666666666667,202.6430246156497,78.64253928476366,1.0,2,1,0.0,0.0,0.0,0.0,0.0,0.0,0.0,0.0,0.0,0.0,68538.0,68538.0,0.0,2.0,1.0,3.0,0.0,"8,8,8,8,8,8,8,8,8,8","0:1-6,6-1;1:0-8;2:0-5,6-5,0-7,6-7,0-8,6-8;3:1-8;4:1-4;5:1-8;6:1-8;7:0-8;8:0-8;9:6-8"
712,proposed_c2f_adaptive_pd,9,10,0.9,9,300,0.03,15,10,5,6400.0,10.666666666666668,190135.98818728625,165.0981188562099,1.0,8,1,0.0,0.0,0.0,0.0,0.0,0.0,0.0,0.0,0.0,0.0,77883.0,77883.0,0.0,2.0,1.0,3.0,0.0,"0,0,0,0,0,0,0,0,0,0","0:13-0;1:3-0;2:13-0;3:3-2;4:13-0;5:3-10;6:13-12;7:0-7;8:0-12,0-11,0-9,0-7,0-1,0-4;9:13-0"
713,proposed_c2f_adaptive_pd,9,10,0.9,12,300,0.04,15,11,4,7040.0,11.733333333333334,8661.848366098586,64.47597163108915,1.0,9,1,0.0,0.0,0.0,0.0,0.0,0.0,0.0,0.0,0.0,0.0,65888.0,65888.0,0.0,2.0,1.0,3.0,0.0,"1,1,1,1,1,1,1,1,1,1","0:1-12;1:2-1;2:1-4;3:2-1;4:1-8;5:1-5;6:2-1;7:2-3;8:13-1;9:1-9,1-11,1-14,1-12,2-9,13-14"
714,proposed_c2f_adaptive_pd,9,10,0.9,19,300,0.06333333333333334,13,11,2,7040.0,11.733333333333334,864.1391348456903,274.0718601057818,1.0,2,1,0.0,0.0,0.0,0.0,0.0,0.0,0.0,0.0,0.0,0.0,62207.0,62207.0,0.0,2.0,1.0,3.0,0.0,"4,4,4,4,4,4,4,4,4,4","0:0-4;1:0-11;2:14-0,0-14,14-10,14-7;3:0-4;4:14-10;5:0-13;6:0-2;7:0-11;8:4-5;9:0-10"
715,proposed_c2f_adaptive_pd,9,10,0.9,16,270,0.05925925925925926,13,4,9,2560.0,4.266666666666667,493.6144637571632,61.57380954435098,0.9230769230769231,2,1,0.0,0.0,0.0,0.0,0.0,0.0,0.0,0.0,0.0,0.0,47792.0,47792.0,0.0,2.0,1.0,3.0,0.0,"9,9,9,9,9,9,9,9,9,9","0:2-9;1:2-9;2:10-3;3:10-12;4:2-9,10-9;5:2-9;6:10-9,12-9;7:10-9,2-4;8:12-6;9:2-9"
716,proposed_c2f_adaptive_pd,7,10,0.7,15,300,0.05,10,8,2,5120.0,8.533333333333333,200.66179799425612,23.774265082916475,1.0,6,1,0.0,0.0,0.0,0.0,0.0,0.0,0.0,0.0,0.0,0.0,43205.0,43205.0,0.0,2.0,1.0,3.0,0.0,"5,5,5,5,5,5,5,5,5,5",0:3-4;1:5-11;2:3-9;3:3-4;4:3-5;5:3-11;6:5-2;7:7-5;8:3-8;9:3-9
717,proposed_c2f_adaptive_pd,9,10,0.9,16,300,0.05333333333333334,11,8,3,5120.0,8.533333333333333,4306.884702779385,52.11422651440458,1.0,5,1,0.0,0.0,0.0,0.0,0.0,0.0,0.0,0.0,0.0,0.0,45797.0,45797.0,0.0,2.0,1.0,3.0,0.0,"7,7,7,7,7,7,7,7,7,7","0:4-7;1:1-4;2:4-0;3:12-7;4:4-8;5:12-2,1-7;6:1-8;7:4-6;8:4-0;9:1-5"
718,proposed_c2f_adaptive_pd,7,10,0.7,13,300,0.043333333333333335,26,16,10,10240.0,17.066666666666666,203.78521699526786,34.71917512280872,1.0,1,0,0.0,0.0,0.0,0.0,0.0,0.0,0.0,0.0,0.0,0.0,98717.0,98717.0,0.0,2.0,1.0,3.0,0.0,"1,1,1,1,1,1,1,1,1,1","0:0-2;1:1-3,2-12,1-12,0-12,0-3,2-3;2:1-12,2-12,0-12,1-3,2-1,0-1;3:2-1;4:0-10;5:1-12,2-12,0-12,2-1,0-1;6:2-1;7:0-3;8:2-1,0-1;9:0-1,2-1"
719,proposed_c2f_adaptive_pd,9,10,0.9,16,300,0.05333333333333334,11,5,6,3200.0,5.333333333333334,1147.221312583132,199.12099151419824,1.0,8,1,0.0,0.0,0.0,0.0,0.0,0.0,0.0,0.0,0.0,0.0,49813.0,49813.0,0.0,2.0,1.0,3.0,0.0,"2,2,2,2,2,2,2,2,2,2","0:0-2;1:5-2;2:5-7;3:5-2;4:5-2;5:5-2,0-2;6:0-10;7:0-4;8:2-7;9:0-12"
720,proposed_c2f_adaptive_pd,7,10,0.7,20,300,0.06666666666666667,16,10,6,6400.0,10.666666666666668,1469.2655523700334,29.872193848612387,1.0,6,1,0.0,0.0,0.0,0.0,0.0,0.0,0.0,0.0,0.0,0.0,76209.0,76209.0,0.0,2.0,1.0,3.0,0.0,"7,7,7,7,7,7,7,7,7,7","0:7-12;1:0-7;2:7-2;3:1-7;4:0-7;5:0-7,0-1;6:1-5,1-11,0-1,1-7,1-0,7-1;7:1-11;8:0-7;9:0-2"
721,proposed_c2f_adaptive_pd,8,10,0.8,17,300,0.056666666666666664,12,5,7,3200.0,5.333333333333334,24482.68240531374,354.8654534636801,1.0,7,1,0.0,0.0,0.0,0.0,0.0,0.0,0.0,0.0,0.0,0.0,54374.0,54374.0,0.0,2.0,1.0,3.0,0.0,"5,5,5,5,5,5,5,5,5,5","0:13-5;1:2-0;2:13-5;3:14-6,14-0,14-5;4:2-5;5:2-5;6:2-5;7:2-10;8:13-5;9:2-3"
722,proposed_c2f_adaptive_pd,10,10,1.0,11,300,0.03666666666666667,11,9,2,5760.0,9.600000000000001,1032.2249150196328,59.96410551990655,1.0,2,1,0.0,0.0,0.0,0.0,0.0,0.0,0.0,0.0,0.0,0.0,77754.0,77754.0,0.0,3.0,1.0,2.0,0.0,"6,6,6,6,6,6,6,6,6,6","0:0-14;1:0-6;2:4-11;3:0-4;4:0-2,0-3;5:0-7;6:0-12;7:4-6;8:0-1;9:0-1"
723,proposed_c2f_adaptive_pd,9,10,0.9,17,300,0.056666666666666664,18,12,6,7680.0,12.8,5506.883907201922,70.03401927267,1.0,0,1,0.0,0.0,0.0,0.0,0.0,0.0,0.0,0.0,0.0,0.0,74300.0,74300.0,0.0,2.0,1.0,3.0,0.0,"12,12,12,12,12,12,12,12,12,12","0:3-8,6-8,2-8,3-14,6-1,3-1;1:6-12;2:6-12,6-0;3:6-4,6-12;4:2-9;5:2-12;6:3-12;7:3-12;8:2-1;9:3-8,6-14"
724,proposed_c2f_adaptive_pd,9,10,0.9,13,300,0.043333333333333335,22,15,7,9600.0,16.0,11368.713157385548,979.6622000813616,1.0,0,1,0.0,0.0,0.0,0.0,0.0,0.0,0.0,0.0,0.0,0.0,90834.0,90834.0,0.0,2.0,1.0,3.0,0.0,"0,0,0,0,0,0,0,0,0,0","0:4-9,4-5,0-9,4-0,0-4,4-2;1:0-8;2:6-8,6-13,6-0,4-0;3:4-3;4:6-8,6-13,6-11,6-0,4-0;5:6-0;6:0-2;7:0-5;8:4-0;9:6-7"
725,proposed_c2f_adaptive_pd,10,10,1.0,22,300,0.07333333333333333,18,10,8,6400.0,10.666666666666668,7326.054619848869,316.29433602570697,1.0,3,1,0.0,0.0,0.0,0.0,0.0,0.0,0.0,0.0,0.0,0.0,75955.0,75955.0,0.0,2.0,1.0,3.0,0.0,"6,6,6,6,6,6,6,6,6,6","0:0-6;1:0-6;2:3-6,0-6;3:6-5,6-14,0-5,6-11,0-14,0-6;4:3-1,3-8,3-6;5:0-9;6:6-4;7:0-6;8:6-7;9:0-6"
726,proposed_c2f_adaptive_pd,9,10,0.9,13,300,0.043333333333333335,21,15,6,9600.0,16.0,7028.1224915621015,80.24616353924417,1.0,8,1,0.0,0.0,0.0,0.0,0.0,0.0,0.0,0.0,0.0,0.0,83449.0,83449.0,0.0,2.0,1.0,3.0,0.0,"14,14,14,14,14,14,14,14,14,14","0:0-4;1:9-14,4-14;2:0-1;3:4-3,4-13,0-3,4-5,4-14,0-13;4:9-14;5:0-14;6:0-3;7:4-3;8:0-8,0-1,9-8,9-0,0-9,9-1;9:9-14"
727,proposed_c2f_adaptive_pd,9,10,0.9,19,300,0.06333333333333334,15,9,6,5760.0,9.600000000000001,861.279415691379,94.72860226688115,1.0,5,1,0.0,0.0,0.0,0.0,0.0,0.0,0.0,0.0,0.0,0.0,67767.0,67767.0,0.0,2.0,1.0,3.0,0.0,"10,10,10,10,10,10,10,10,10,10","0:1-10;1:5-7,5-3;2:10-12;3:5-10;4:1-3;5:10-11,1-12,1-11,10-12,10-0;6:1-10;7:1-10;8:5-10;9:1-10"
728,proposed_c2f_adaptive_pd,8,10,0.8,15,300,0.05,20,10,10,6400.0,10.666666666666668,4981.087969773803,29.440264284719298,1.0,6,1,0.0,0.0,0.0,0.0,0.0,0.0,0.0,0.0,0.0,0.0,80251.0,80251.0,0.0,2.0,1.0,3.0,0.0,"9,9,9,9,9,9,9,9,9,9","0:1-9;1:1-2;2:1-9,2-9,0-9,1-4,0-4,0-10;3:0-1;4:2-9;5:1-2;6:2-7,1-7,1-2,2-9,1-9,0-9;7:2-9;8:0-1;9:0-9"
729,proposed_c2f_adaptive_pd,9,10,0.9,21,270,0.07777777777777778,15,11,4,7040.0,11.733333333333334,14764.154601647557,178.25942596125552,0.9333333333333333,6,1,0.0,0.0,0.0,0.0,0.0,0.0,0.0,0.0,0.0,0.0,69324.0,69324.0,0.0,2.0,1.0,3.0,0.0,"11,11,11,11,11,11,11,11,11,11","0:11-3,8-3,11-14,8-14,11-13;1:0-11;2:0-12;3:0-8;4:0-11;5:0-11;6:8-9,8-2;7:0-11;8:11-14;9:0-6"
730,proposed_c2f_adaptive_pd,10,10,1.0,19,300,0.06333333333333334,15,11,4,7040.0,11.733333333333334,4212.47470309569,91.42565341543606,1.0,4,1,0.0,0.0,0.0,0.0,0.0,0.0,0.0,0.0,0.0,0.0,61569.0,61569.0,0.0,2.0,1.0,3.0,0.0,"11,11,11,11,11,11,11,11,11,11","0:1-3;1:7-2;2:3-11;3:1-2,7-2,1-14,3-2;4:3-7;5:3-2;6:1-11;7:1-11,3-11;8:1-4,7-4;9:3-4"
731,proposed_c2f_adaptive_pd,9,10,0.9,17,300,0.056666666666666664,10,5,5,3200.0,5.333333333333334,211.9055213056801,20.306032461134627,1.0,4,1,0.0,0.0,0.0,0.0,0.0,0.0,0.0,0.0,0.0,0.0,48560.0,48560.0,0.0,2.0,1.0,3.0,0.0,"0,0,0,0,0,0,0,0,0,0",0:3-0;1:3-0;2:3-2;3:3-1;4:8-2;5:3-0;6:3-0;7:0-13;8:3-0;9:8-2
732,proposed_c2f_adaptive_pd,10,10,1.0,20,300,0.06666666666666667,22,17,5,10880.0,18.133333333333333,92751.09906776596,1884.7362242777344,1.0,1,1,0.0,0.0,0.0,0.0,0.0,0.0,0.0,0.0,0.0,0.0,109454.0,109454.0,0.0,2.0,1.0,3.0,0.0,"4,4,4,4,4,4,4,4,4,4","0:9-4;1:2-7,2-14,9-7,9-14,2-0,9-2;2:4-11,9-11;3:9-4;4:4-13;5:4-13;6:2-9;7:2-4,9-4;8:9-8;9:9-12,2-12,9-8,2-8,9-1,9-4"
733,proposed_c2f_adaptive_pd,10,10,1.0,16,300,0.05333333333333334,20,14,6,8960.0,14.933333333333334,2072.9608033080212,352.1861913010365,1.0,8,1,0.0,0.0,0.0,0.0,0.0,0.0,0.0,0.0,0.0,0.0,73774.0,73774.0,0.0,2.0,1.0,3.0,0.0,"0,0,0,0,0,0,0,0,0,0","0:1-0;1:4-2;2:0-3;3:4-0;4:1-0;5:4-2,1-2,4-6,1-6,1-0,4-0;6:1-0;7:4-6;8:4-9,4-13,4-11,4-14,0-7,4-10;9:4-6"
734,proposed_c2f_adaptive_pd,9,10,0.9,13,270,0.04814814814814815,21,16,5,10240.0,17.066666666666666,14814.513256128219,96.38632894287304,0.9523809523809523,5,1,0.0,0.0,0.0,0.0,0.0,0.0,0.0,0.0,0.0,0.0,83723.0,83723.0,0.0,2.0,1.0,3.0,0.0,"1,1,1,1,1,1,1,1,1,1","0:1-0;1:2-1,11-1;2:11-1;3:11-1;4:1-6;5:1-5,11-5,2-5,1-14,1-4,11-14;6:2-1;7:1-13;8:11-14,11-5,11-4,11-0,11-9,2-14;9:11-0"
735,proposed_c2f_adaptive_pd,9,10,0.9,11,300,0.03666666666666667,18,11,7,7040.0,11.733333333333334,97692.88027722112,63.0129486848396,1.0,3,1,0.0,0.0,0.0,0.0,0.0,0.0,0.0,0.0,0.0,0.0,74154.0,74154.0,0.0,2.0,1.0,3.0,0.0,"4,4,4,4,4,4,4,4,4,4","0:4-9,4-0,1-4,5-4;1:5-7;2:1-4;3:4-9,4-0,4-10,4-8,1-9,4-2;4:1-4;5:1-7;6:1-4;7:5-4;8:1-4;9:1-13"
736,proposed_c2f_adaptive_pd,9,10,0.9,17,270,0.06296296296296296,24,16,8,10240.0,17.066666666666666,5725.924502554122,120.53614793870065,0.9583333333333334,4,1,0.0,0.0,0.0,0.0,0.0,0.0,0.0,0.0,0.0,0.0,94096.0,94096.0,0.0,2.0,1.0,3.0,0.0,"9,9,9,9,9,9,9,9,9,9","0:4-2,6-2,4-11,4-12,4-5,4-10;1:4-9;2:4-9;3:7-0;4:7-14,6-14,7-3,7-8,6-3,6-9;5:6-9;6:7-14,6-14,6-9,7-9,4-9;7:6-0;8:4-2;9:4-9"
737,proposed_c2f_adaptive_pd,8,10,0.8,16,270,0.05925925925925926,20,17,3,10880.0,18.133333333333333,100.75249405105433,27.929665737132673,0.95,0,1,0.0,0.0,0.0,0.0,0.0,0.0,0.0,0.0,0.0,0.0,57760.0,57760.0,0.0,2.0,1.0,3.0,0.0,"0,0,0,0,0,0,0,0,0,0","0:0-5,0-10,0-1,0-6,0-11,9-10;1:9-0;2:0-3,2-11,2-3,0-11,0-5,0-1;3:2-0;4:9-7;5:0-14;6:0-5;7:0-11;8:2-8;9:9-0"
738,proposed_c2f_adaptive_pd,10,10,1.0,17,300,0.056666666666666664,28,21,7,13440.0,22.4,2625.101687492303,105.97570298829675,1.0,7,1,0.0,0.0,0.0,0.0,0.0,0.0,0.0,0.0,0.0,0.0,92644.0,92644.0,0.0,2.0,1.0,3.0,0.0,"4,4,4,4,4,4,4,4,4,4","0:5-4;1:0-4;2:0-7,0-12,4-7,5-7,4-12,5-12;3:0-7,4-7,0-4,5-4;4:0-4;5:0-4;6:4-9,4-13,0-9,0-13,4-2,5-9;7:0-12,5-12,4-12,0-7,5-7,5-0;8:0-4;9:4-2"
739,proposed_c2f_adaptive_pd,8,10,0.8,15,270,0.05555555555555555,24,15,9,9600.0,16.0,399706.6351363142,168.06570166975985,0.9166666666666666,1,1,0.0,0.0,0.0,0.0,0.0,0.0,0.0,0.0,0.0,0.0,92078.0,92078.0,0.0,2.0,1.0,3.0,0.0,"2,2,2,2,2,2,2,2,2,2","0:1-2;1:2-13,1-13,1-11,2-11,1-6,1-10;2:1-2;3:1-2;4:1-13,1-4,1-2,0-2;5:1-11,1-13,1-6,2-11,1-2,0-2;6:1-4;7:0-3;8:1-2,0-2;9:1-6"
740,proposed_c2f_adaptive_pd,9,10,0.9,10,300,0.03333333333333333,11,4,7,2560.0,4.266666666666667,230.9345204107073,23.050762374208325,1.0,3,1,0.0,0.0,0.0,0.0,0.0,0.0,0.0,0.0,0.0,0.0,50397.0,50397.0,0.0,2.0,1.0,3.0,0.0,"3,3,3,3,3,3,3,3,3,3","0:13-3;1:12-2;2:12-3;3:13-8,13-5;4:4-3;5:13-3;6:4-3;7:4-11;8:4-3;9:12-3"
741,proposed_c2f_adaptive_pd,9,10,0.9,16,300,0.05333333333333334,13,7,6,4480.0,7.466666666666667,189.15673820045447,123.15908002067314,1.0,0,1,0.0,0.0,0.0,0.0,0.0,0.0,0.0,0.0,0.0,0.0,60613.0,60613.0,0.0,2.0,1.0,3.0,0.0,"0,0,0,0,0,0,0,0,0,0","0:0-2,0-9,1-13,1-0;1:1-0;2:5-0;3:5-0;4:0-2;5:1-0;6:1-0;7:1-8;8:1-3;9:0-2"
742,proposed_c2f_adaptive_pd,9,10,0.9,11,300,0.03666666666666667,21,16,5,10240.0,17.066666666666666,3485.7754724059296,168.30861486873377,0.9047619047619048,0,1,0.0,0.0,0.0,0.0,0.0,0.0,0.0,0.0,0.0,0.0,77416.0,77416.0,0.0,2.0,1.0,3.0,0.0,"6,6,6,6,6,6,6,6,6,6","0:4-14,2-14,4-3,2-8,4-8,2-0;1:2-0;2:4-6;3:2-6;4:4-6;5:4-14,6-14,2-14,6-3,4-3,2-3;6:4-6,2-6;7:4-8;8:4-10;9:4-14"
743,proposed_c2f_adaptive_pd,9,10,0.9,14,300,0.04666666666666667,10,3,7,1920.0,3.2,3595.74297990818,136.775800926736,1.0,8,1,0.0,0.0,0.0,0.0,0.0,0.0,0.0,0.0,0.0,0.0,46063.0,46063.0,0.0,2.0,1.0,3.0,0.0,"4,4,4,4,4,4,4,4,4,4",0:1-0;1:2-4;2:2-4;3:1-12;4:1-4;5:2-4;6:1-4;7:2-4;8:6-4;9:1-3
744,proposed_c2f_adaptive_pd,9,10,0.9,16,270,0.05925925925925926,16,14,2,8960.0,14.933333333333334,525515.4116882426,550.9594734609359,0.9375,9,1,0.0,0.0,0.0,0.0,0.0,0.0,0.0,0.0,0.0,0.0,69008.0,69008.0,0.0,2.0,1.0,3.0,0.0,"5,5,5,5,5,5,5,5,5,5","0:0-13;1:5-9,5-6;2:5-3;3:5-3;4:0-14;5:5-3;6:11-5;7:0-12;8:0-5;9:5-3,5-2,5-8,5-4,5-7,5-12"
745,proposed_c2f_adaptive_pd,8,10,0.8,19,270,0.07037037037037037,16,10,6,6400.0,10.666666666666668,1045.9380720071917,25.280926300914732,0.9375,7,1,0.0,0.0,0.0,0.0,0.0,0.0,0.0,0.0,0.0,0.0,61249.0,61249.0,0.0,2.0,1.0,3.0,0.0,"9,9,9,9,9,9,9,9,9,9","0:0-9;1:0-9,1-9;2:0-7;3:0-7;4:1-9;5:0-9;6:0-12;7:9-3,9-8,9-5,9-14,0-9,9-0;8:9-8;9:0-7"
746,proposed_c2f_adaptive_pd,9,10,0.9,17,300,0.056666666666666664,15,11,4,7040.0,11.733333333333334,7667.076595141472,464.4582510308693,0.8,4,1,0.0,0.0,0.0,0.0,0.0,0.0,0.0,0.0,0.0,0.0,59866.0,59866.0,0.0,2.0,1.0,3.0,0.0,"0,0,0,0,0,0,0,0,0,0","0:2-0;1:2-0;2:2-0;3:8-0;4:2-10,8-10,2-7,2-13,8-2,2-8;5:2-1;6:0-3;7:2-10;8:0-12;9:0-1"
747,proposed_c2f_adaptive_pd,9,10,0.9,16,300,0.05333333333333334,27,18,9,11520.0,19.200000000000003,456.2464963275126,81.43637388330365,1.0,4,1,0.0,0.0,0.0,0.0,0.0,0.0,0.0,0.0,0.0,0.0,94389.0,94389.0,0.0,2.0,1.0,3.0,0.0,"0,0,0,0,0,0,0,0,0,0","0:3-0;1:2-0;2:3-8,3-7,3-13,3-14,2-7,0-7;3:2-11,2-0,3-0;4:3-12,3-8,3-6,0-12,3-7,3-14;5:0-1;6:2-0;7:3-13,2-7,2-13,0-13,2-0,3-0;8:3-0;9:2-0"
748,proposed_c2f_adaptive_pd,9,10,0.9,9,300,0.03,17,12,5,7680.0,12.8,1489.1571533884091,346.83589161459986,0.9411764705882353,9,1,0.0,0.0,0.0,0.0,0.0,0.0,0.0,0.0,0.0,0.0,52545.0,52545.0,0.0,2.0,1.0,3.0,0.0,"8,8,8,8,8,8,8,8,8,8","0:1-8;1:8-0,8-10;2:1-8;3:3-7;4:1-8;5:1-8,1-5;6:3-12;7:1-8;8:8-10;9:3-14,3-6,3-7,3-11,3-12,3-10"
749,proposed_c2f_adaptive_pd,8,10,0.8,18,300,0.06,15,11,4,7040.0,11.733333333333334,562.2456932235102,46.193678563128174,1.0,0,1,0.0,0.0,0.0,0.0,0.0,0.0,0.0,0.0,0.0,0.0,71057.0,71057.0,0.0,2.0,1.0,3.0,0.0,"4,4,4,4,4,4,4,4,4,4","0:1-6,1-0,0-1,1-13,0-6,0-13;1:4-3;2:1-13;3:4-11;4:0-4;5:1-4;6:1-4;7:0-2;8:0-1;9:1-4"
750,proposed_c2f_adaptive_pd,9,10,0.9,16,300,0.05333333333333334,18,12,6,7680.0,12.8,538.0621295979245,30.434817150705108,0.8333333333333334,5,1,0.0,0.0,0.0,0.0,0.0,0.0,0.0,0.0,0.0,0.0,63608.0,63608.0,0.0,2.0,1.0,3.0,0.0,"3,3,3,3,3,3,3,3,3,3","0:1-3;1:1-3;2:0-3;3:0-3;4:0-6;5:1-11,1-12,3-11,3-12,1-4,1-13;6:0-11;7:3-11;8:3-6,3-9,0-3,1-3;9:0-11"
751,proposed_c2f_adaptive_pd,9,10,0.9,16,300,0.05333333333333334,18,13,5,8320.0,13.866666666666667,1660.1137754783535,117.19272656872309,1.0,3,1,0.0,0.0,0.0,0.0,0.0,0.0,0.0,0.0,0.0,0.0,72720.0,72720.0,0.0,2.0,1.0,3.0,0.0,"6,6,6,6,6,6,6,6,6,6","0:2-0;1:6-5;2:6-1;3:2-12,6-12,2-8,2-4,13-12,6-4;4:13-6,2-6;5:2-12;6:2-0;7:2-14;8:6-7,13-6;9:13-6,2-6"
752,proposed_c2f_adaptive_pd,10,10,1.0,18,300,0.06,20,15,5,9600.0,16.0,323.9669093821741,96.13345686721759,1.0,0,1,0.0,0.0,0.0,0.0,0.0,0.0,0.0,0.0,0.0,0.0,75501.0,75501.0,0.0,2.0,1.0,3.0,0.0,"1,1,1,1,1,1,1,1,1,1","0:1-14,4-14,3-14,1-6,4-1,4-6;1:4-1;2:3-1;3:3-1;4:1-6;5:3-1;6:1-11;7:1-14;8:1-0,3-0,4-0,1-2,1-10,1-9;9:1-7"
753,proposed_c2f_adaptive_pd,9,10,0.9,10,300,0.03333333333333333,12,4,8,2560.0,4.266666666666667,1854.7158734256523,403.75913921012807,1.0,3,1,0.0,0.0,0.0,0.0,0.0,0.0,0.0,0.0,0.0,0.0,54652.0,54652.0,0.0,2.0,1.0,3.0,0.0,"6,6,6,6,6,6,6,6,6,6","0:5-6;1:0-7;2:0-6,2-6;3:0-4,2-4;4:2-5;5:2-6;6:2-6;7:5-6;8:0-6;9:0-6"
754,proposed_c2f_adaptive_pd,8,10,0.8,20,270,0.07407407407407407,11,4,7,2560.0,4.266666666666667,1774.8086117282724,41.70728109081794,0.9090909090909091,0,1,0.0,0.0,0.0,0.0,0.0,0.0,0.0,0.0,0.0,0.0,46585.0,46585.0,0.0,2.0,1.0,3.0,0.0,"0,0,0,0,0,0,0,0,0,0","0:14-0,14-1;1:3-0;2:3-0;3:0-5;4:3-0;5:3-0;6:3-0;7:3-1;8:3-0;9:0-2"
755,proposed_c2f_adaptive_pd,9,10,0.9,22,300,0.07333333333333333,16,10,6,6400.0,10.666666666666668,2078.085522010154,43.30362832145475,1.0,0,1,0.0,0.0,0.0,0.0,0.0,0.0,0.0,0.0,0.0,0.0,62397.0,62397.0,0.0,2.0,1.0,3.0,0.0,"10,10,10,10,10,10,10,10,10,10","0:2-4,12-4,5-4,2-6,2-14,12-14;1:12-10;2:2-4;3:2-10;4:2-7;5:5-10;6:2-6;7:5-10;8:5-1;9:5-10,2-10"
756,proposed_c2f_adaptive_pd,10,10,1.0,11,300,0.03666666666666667,12,10,2,6400.0,10.666666666666668,1138.2217108360996,278.4477018799479,1.0,3,1,0.0,0.0,0.0,0.0,0.0,0.0,0.0,0.0,0.0,0.0,59989.0,59989.0,0.0,2.0,1.0,3.0,0.0,"0,0,0,0,0,0,0,0,0,0","0:0-4;1:1-0;2:1-2;3:9-7,9-1;4:0-14;5:1-0;6:1-9;7:0-3;8:0-2,0-5;9:1-2"
757,proposed_c2f_adaptive_pd,9,10,0.9,17,300,0.056666666666666664,25,22,3,14080.0,23.46666666666667,640.4358675965971,206.60566205293077,1.0,4,1,0.0,0.0,0.0,0.0,0.0,0.0,0.0,0.0,0.0,0.0,91453.0,91453.0,0.0,2.0,1.0,3.0,0.0,"0,0,0,0,0,0,0,0,0,0","0:2-0;1:4-3;2:4-13,0-13,2-13,2-0,2-10,2-5;3:0-13;4:2-10,4-10,2-12,2-5,2-3,2-4;5:4-0;6:0-1;7:2-13,0-13,4-13,0-6,2-6,0-14;8:0-1;9:0-3"
758,proposed_c2f_adaptive_pd,10,10,1.0,10,300,0.03333333333333333,10,9,1,5760.0,9.600000000000001,1574.9270039083451,322.4608563450338,1.0,0,1,0.0,0.0,0.0,0.0,0.0,0.0,0.0,0.0,0.0,0.0,45774.0,45774.0,0.0,2.0,1.0,3.0,0.0,"0,0,0,0,0,0,0,0,0,0",0:1-4;1:0-4;2:2-6;3:2-0;4:2-6;5:0-3;6:0-5;7:0-3;8:1-3;9:0-5
759,proposed_c2f_adaptive_pd,9,10,0.9,11,300,0.03666666666666667,17,9,8,5760.0,9.600000000000001,1765.466754771132,103.46707598386321,1.0,6,1,0.0,0.0,0.0,0.0,0.0,0.0,0.0,0.0,0.0,0.0,63337.0,63337.0,0.0,2.0,1.0,3.0,0.0,"0,0,0,0,0,0,0,0,0,0","0:4-0;1:4-0;2:4-8,4-0,11-0;3:11-0;4:11-0;5:4-0;6:4-14,0-14,11-14,4-10,0-10,4-3;7:4-0;8:4-2;9:4-9"
760,proposed_c2f_adaptive_pd,9,10,0.9,9,270,0.03333333333333333,19,13,6,8320.0,13.866666666666667,213491.86584034836,185.49458190107978,0.9473684210526315,1,1,0.0,0.0,0.0,0.0,0.0,0.0,0.0,0.0,0.0,0.0,86885.0,86885.0,0.0,2.0,1.0,3.0,0.0,"5,5,5,5,5,5,5,5,5,5","0:14-0;1:14-0,14-6,14-8,14-13,14-5,4-5;2:14-5,5-6;3:4-5;4:5-0;5:4-1;6:4-10,4-3;7:5-9,4-5,14-5;8:4-3;9:4-13"
761,proposed_c2f_adaptive_pd,10,10,1.0,14,300,0.04666666666666667,24,17,7,10880.0,18.133333333333333,13499.177749283874,366.65912436212903,0.8333333333333334,2,1,0.0,0.0,0.0,0.0,0.0,0.0,0.0,0.0,0.0,0.0,89283.0,89283.0,0.0,2.0,1.0,3.0,0.0,"1,1,1,1,1,1,1,1,1,1","0:0-1;1:1-8;2:1-14,1-6,1-8,1-13,1-9,1-5;3:0-1,2-1;4:0-1;5:0-11,2-12,2-3,0-3,0-12,2-11;6:0-5;7:0-1;8:0-2;9:2-10,0-10,2-1,0-1"
762,proposed_c2f_adaptive_pd,8,10,0.8,17,270,0.06296296296296296,16,10,6,6400.0,10.666666666666668,16370.830140803964,269.87057734515395,0.9375,4,1,0.0,0.0,0.0,0.0,0.0,0.0,0.0,0.0,0.0,0.0,78760.0,78760.0,0.0,2.0,1.0,3.0,0.0,"12,12,12,12,12,12,12,12,12,12","0:12-4;1:3-12,3-0;2:12-7;3:14-12,3-12;4:3-1,3-0;5:3-0;6:3-2,3-9,3-0,3-1;7:14-12;8:14-12;9:14-12"
763,proposed_c2f_adaptive_pd,7,10,0.7,12,300,0.04,21,17,4,10880.0,18.133333333333333,159.54385103077007,45.146025893588586,1.0,1,0,0.0,0.0,0.0,0.0,0.0,0.0,0.0,0.0,0.0,0.0,80449.0,80449.0,0.0,2.0,1.0,3.0,0.0,"9,9,9,9,9,9,9,9,9,9","0:11-9;1:9-5,4-5,9-7,11-5,9-8,9-13;2:9-3;3:4-9;4:9-3;5:4-0;6:4-9,11-9;7:9-8,4-8,11-8,9-14,9-5,9-0;8:9-3;9:4-0"
764,proposed_c2f_adaptive_pd,7,10,0.7,12,270,0.044444444444444446,21,18,3,11520.0,19.200000000000003,156.65132358262065,9.248911198326445,0.9047619047619048,4,1,0.0,0.0,0.0,0.0,0.0,0.0,0.0,0.0,0.0,0.0,80232.0,80232.0,0.0,2.0,1.0,3.0,0.0,"3,3,3,3,3,3,3,3,3,3","0:3-1;1:3-5,3-9,3-8,3-0,3-2,3-4;2:12-3,10-3;3:10-6;4:10-14,12-14,12-6,10-11,12-10,10-12;5:3-1;6:10-3;7:3-0;8:3-1;9:3-6"
765,proposed_c2f_adaptive_pd,8,10,0.8,13,270,0.04814814814814815,26,22,4,14080.0,23.46666666666667,868.5612081338613,36.58716194512141,0.7692307692307693,1,1,0.0,0.0,0.0,0.0,0.0,0.0,0.0,0.0,0.0,0.0,90689.0,90689.0,0.0,2.0,1.0,3.0,0.0,"0,0,0,0,0,0,0,0,0,0","0:13-0,10-0;1:13-11,13-14,10-3,10-11,13-3,10-14;2:10-0;3:13-0;4:0-1;5:0-2;6:0-1;7:10-14,10-3,10-8,10-11,10-5,10-6;8:10-3;9:13-7,13-11,13-3,13-12,13-14,13-10"
766,proposed_c2f_adaptive_pd,9,10,0.9,15,270,0.05555555555555555,16,12,4,7680.0,12.8,13095.821921093502,38.130796946329454,0.9375,0,1,0.0,0.0,0.0,0.0,0.0,0.0,0.0,0.0,0.0,0.0,73330.0,73330.0,0.0,2.0,1.0,3.0,0.0,"1,1,1,1,1,1,1,1,1,1","0:1-7,1-2,1-9,11-7,1-5,11-1;1:11-1;2:0-14,1-14;3:1-2;4:0-1;5:11-12;6:11-1;7:0-2;8:0-14;9:11-3"
767,proposed_c2f_adaptive_pd,9,10,0.9,10,270,0.037037037037037035,17,13,4,8320.0,13.866666666666667,419.4335454926976,185.08805628877195,0.9411764705882353,6,1,0.0,0.0,0.0,0.0,0.0,0.0,0.0,0.0,0.0,0.0,65271.0,65271.0,0.0,2.0,1.0,3.0,0.0,"0,0,0,0,0,0,0,0,0,0","0:5-0;1:0-9;2:5-0;3:0-7;4:6-2,6-9,6-1,5-2,0-2,0-9;5:5-0;6:5-11,5-7,6-7;7:5-0;8:5-7;9:0-2"
768,proposed_c2f_adaptive_pd,8,10,0.8,12,270,0.044444444444444446,20,19,1,12160.0,20.26666666666667,80555.55787766594,201.12803213944719,0.95,5,1,0.0,0.0,0.0,0.0,0.0,0.0,0.0,0.0,0.0,0.0,122458.0,122458.0,0.0,3.0,1.0,2.0,0.0,"0,0,0,0,0,0,0,0,0,0","0:0-4;1:0-3;2:0-1;3:2-6;4:0-1;5:2-11,2-6,0-11,0-6,2-9,0-9;6:0-6;7:2-13,0-13,2-12,0-10,2-7,2-0;8:0-1;9:0-3"
769,proposed_c2f_adaptive_pd,8,10,0.8,22,300,0.07333333333333333,11,4,7,2560.0,4.266666666666667,188.10250234139195,46.642822268312564,1.0,5,1,0.0,0.0,0.0,0.0,0.0,0.0,0.0,0.0,0.0,0.0,46332.0,46332.0,0.0,2.0,1.0,3.0,0.0,"3,3,3,3,3,3,3,3,3,3","0:2-3;1:4-3;2:4-3;3:2-3;4:2-3;5:4-12,4-1;6:4-3;7:2-3;8:2-1;9:3-9"
770,proposed_c2f_adaptive_pd,6,10,0.6,12,270,0.044444444444444446,12,7,5,4480.0,7.466666666666667,1696.4030263622985,35.12477600193648,0.9166666666666666,8,1,0.0,0.0,0.0,0.0,0.0,0.0,0.0,0.0,0.0,0.0,62734.0,62734.0,0.0,2.0,1.0,3.0,0.0,"1,1,1,1,1,1,1,1,1,1","0:8-9;1:10-1;2:8-1;3:8-1;4:10-0;5:1-3;6:1-14;7:8-1,8-6;8:10-2,10-0;9:8-1"
771,proposed_c2f_adaptive_pd,7,10,0.7,17,300,0.056666666666666664,15,11,4,7040.0,11.733333333333334,21060.098661057396,54.44312165014084,1.0,3,1,0.0,0.0,0.0,0.0,0.0,0.0,0.0,0.0,0.0,0.0,69876.0,69876.0,0.0,2.0,1.0,3.0,0.0,"8,8,8,8,8,8,8,8,8,8","0:4-8;1:4-8;2:8-2;3:8-11,4-11,0-3,0-11,8-13,8-12;4:0-8;5:0-8;6:0-1;7:0-1;8:0-2;9:4-11"
772,proposed_c2f_adaptive_pd,9,10,0.9,12,300,0.04,16,10,6,6400.0,10.666666666666668,2334.7014498973826,1204.482500854324,1.0,5,1,0.0,0.0,0.0,0.0,0.0,0.0,0.0,0.0,0.0,0.0,49687.0,49687.0,0.0,2.0,1.0,3.0,0.0,"1,1,1,1,1,1,1,1,1,1","0:6-12;1:14-1;2:3-14;3:3-1,3-5;4:3-1;5:14-12,14-6,6-14,14-8,14-10,14-2;6:3-1;7:3-1;8:6-12;9:3-1"
773,proposed_c2f_adaptive_pd,10,10,1.0,15,300,0.05,14,10,4,6400.0,10.666666666666668,320.10443477112767,175.6284373464357,1.0,3,1,0.0,0.0,0.0,0.0,0.0,0.0,0.0,0.0,0.0,0.0,63636.0,63636.0,0.0,2.0,1.0,3.0,0.0,"5,5,5,5,5,5,5,5,5,5","0:0-5;1:6-5;2:0-7;3:0-13,6-13,5-13,6-3,0-3;4:0-5;5:0-13;6:5-4;7:5-8;8:5-1;9:0-5"
774,proposed_c2f_adaptive_pd,10,10,1.0,10,300,0.03333333333333333,19,15,4,9600.0,16.0,157.20734361403913,21.020592423665626,1.0,7,1,0.0,0.0,0.0,0.0,0.0,0.0,0.0,0.0,0.0,0.0,74271.0,74271.0,0.0,2.0,1.0,3.0,0.0,"1,1,1,1,1,1,1,1,1,1","0:0-1;1:0-3;2:0-7;3:1-9,1-2,1-12,4-1,0-1;4:0-2;5:0-9;6:0-3;7:1-2,1-9,1-12,1-7,1-11,1-13;8:0-1;9:0-10"
775,proposed_c2f_adaptive_pd,9,10,0.9,16,270,0.05925925925925926,19,12,7,7680.0,12.8,7089.215540472229,646.420064676179,0.9473684210526315,0,1,0.0,0.0,0.0,0.0,0.0,0.0,0.0,0.0,0.0,0.0,79837.0,79837.0,0.0,2.0,1.0,3.0,0.0,"7,7,7,7,7,7,7,7,7,7","0:7-2,3-2,7-13,3-13,7-1,8-2;1:8-7;2:8-7;3:3-2,3-7;4:8-4;5:7-12,8-7;6:3-0;7:3-2;8:7-13,3-7,8-7;9:3-7"
776,proposed_c2f_adaptive_pd,8,10,0.8,13,300,0.043333333333333335,15,11,4,7040.0,11.733333333333334,108.05763592172325,28.851757782618222,1.0,5,1,0.0,0.0,0.0,0.0,0.0,0.0,0.0,0.0,0.0,0.0,59481.0,59481.0,0.0,2.0,1.0,3.0,0.0,"9,9,9,9,9,9,9,9,9,9","0:1-0;1:11-9;2:1-9;3:9-12;4:1-9;5:9-4,9-12,11-4,9-0,11-12,1-12;6:1-5;7:9-4;8:1-3;9:1-9"
777,proposed_c2f_adaptive_pd,9,10,0.9,16,270,0.05925925925925926,10,7,3,4480.0,7.466666666666667,432.3446892233766,135.91482505985385,0.9,0,1,0.0,0.0,0.0,0.0,0.0,0.0,0.0,0.0,0.0,0.0,42672.0,42672.0,0.0,2.0,1.0,3.0,0.0,"6,6,6,6,6,6,6,6,6,6",0:6-2;1:11-13;2:11-5;3:11-14;4:0-6;5:0-2;6:6-2;7:0-3;8:0-6;9:11-6
778,proposed_c2f_adaptive_pd,8,10,0.8,12,270,0.044444444444444446,13,5,8,3200.0,5.333333333333334,4408.633573541795,66.63062559498937,0.9230769230769231,4,1,0.0,0.0,0.0,0.0,0.0,0.0,0.0,0.0,0.0,0.0,58578.0,58578.0,0.0,2.0,1.0,3.0,0.0,"2,2,2,2,2,2,2,2,2,2","0:6-2;1:11-2;2:11-2,6-2;3:2-0;4:6-5,6-2;5:6-2;6:11-2;7:2-5;8:2-10;9:6-2,6-11"
779,proposed_c2f_adaptive_pd,9,10,0.9,16,300,0.05333333333333334,14,10,4,6400.0,10.666666666666668,547.5091345014614,99.1385537743806,1.0,6,1,0.0,0.0,0.0,0.0,0.0,0.0,0.0,0.0,0.0,0.0,79514.0,79514.0,0.0,2.0,1.0,3.0,0.0,"0,0,0,0,0,0,0,0,0,0","0:5-8;1:5-0;2:8-0,8-2;3:5-4;4:5-8,8-14;5:0-1;6:8-14;7:0-12,5-0,8-0;8:5-4;9:0-2"
780,proposed_c2f_adaptive_pd,9,10,0.9,16,300,0.05333333333333334,11,6,5,3840.0,6.4,144328.53150616298,43.236474080077684,1.0,2,1,0.0,0.0,0.0,0.0,0.0,0.0,0.0,0.0,0.0,0.0,44138.0,44138.0,0.0,2.0,1.0,3.0,0.0,"0,0,0,0,0,0,0,0,0,0","0:6-0,3-0;1:6-1;2:0-7;3:6-0;4:6-0;5:3-9;6:3-6;7:3-4;8:6-0;9:0-9"
781,proposed_c2f_adaptive_pd,10,10,1.0,11,300,0.03666666666666667,10,7,3,4480.0,7.466666666666667,29659.967800829105,123.08242728738756,1.0,6,1,0.0,0.0,0.0,0.0,0.0,0.0,0.0,0.0,0.0,0.0,71674.0,71674.0,0.0,3.0,1.0,2.0,0.0,"4,4,4,4,4,4,4,4,4,4",0:0-1;1:0-4;2:0-14;3:0-3;4:0-4;5:0-7;6:0-6;7:0-6;8:0-9;9:11-4
782,proposed_c2f_adaptive_pd,7,10,0.7,12,300,0.04,12,3,9,1920.0,3.2,6269.1963510678925,165.6931112588068,1.0,7,1,0.0,0.0,0.0,0.0,0.0,0.0,0.0,0.0,0.0,0.0,55383.0,55383.0,0.0,2.0,1.0,3.0,0.0,"1,1,1,1,1,1,1,1,1,1","0:11-1;1:5-1;2:4-1;3:11-1;4:11-1;5:5-11;6:4-7,4-1;7:4-0,4-1;8:4-1;9:4-1"
783,proposed_c2f_adaptive_pd,8,10,0.8,14,270,0.05185185185185185,10,7,3,4480.0,7.466666666666667,58.140166756857425,25.26264176184551,0.9,7,1,0.0,0.0,0.0,0.0,0.0,0.0,0.0,0.0,0.0,0.0,46903.0,46903.0,0.0,2.0,1.0,3.0,0.0,"13,13,13,13,13,13,13,13,13,13",0:14-13;1:13-0;2:9-0;3:9-5;4:14-11;5:9-1;6:9-13;7:13-4;8:9-1;9:9-13
784,proposed_c2f_adaptive_pd,9,10,0.9,17,300,0.056666666666666664,18,8,10,5120.0,8.533333333333333,20856.229659848734,303.360761695395,1.0,5,1,0.0,0.0,0.0,0.0,0.0,0.0,0.0,0.0,0.0,0.0,85573.0,85573.0,0.0,2.0,1.0,3.0,0.0,"13,13,13,13,13,13,13,13,13,13","0:2-13;1:0-1;2:14-1,14-13,2-13,0-13;3:14-13;4:0-13;5:2-13,2-5,14-13,0-13,2-7,2-11;6:0-12;7:2-11;8:14-1;9:14-13"
785,proposed_c2f_adaptive_pd,9,10,0.9,13,270,0.04814814814814815,20,18,2,11520.0,19.200000000000003,1677.0923017731027,192.3001508010903,0.9,9,1,0.0,0.0,0.0,0.0,0.0,0.0,0.0,0.0,0.0,0.0,66460.0,66460.0,0.0,2.0,1.0,3.0,0.0,"6,6,6,6,6,6,6,6,6,6","0:7-6;1:6-10;2:7-6;3:0-4,7-4,6-4,0-2,7-2,7-12;4:0-5;5:0-12;6:0-2;7:0-4;8:0-1;9:6-5,6-4,7-5,6-10,6-8,7-4"
786,proposed_c2f_adaptive_pd,8,10,0.8,10,270,0.037037037037037035,12,8,4,5120.0,8.533333333333333,211.107699000957,60.57390748383803,0.9166666666666666,5,1,0.0,0.0,0.0,0.0,0.0,0.0,0.0,0.0,0.0,0.0,52310.0,52310.0,0.0,2.0,1.0,3.0,0.0,"2,2,2,2,2,2,2,2,2,2","0:0-2;1:10-2,0-2;2:10-2;3:0-1;4:2-13;5:0-10,10-0;6:0-5;7:2-14;8:0-11;9:0-5"
787,proposed_c2f_adaptive_pd,10,10,1.0,9,300,0.03,21,13,8,8320.0,13.866666666666667,2122.7214223783562,384.91278538363656,1.0,7,1,0.0,0.0,0.0,0.0,0.0,0.0,0.0,0.0,0.0,0.0,92820.0,92820.0,0.0,2.0,1.0,3.0,0.0,"0,0,0,0,0,0,0,0,0,0","0:7-0;1:1-0;2:1-0;3:0-11,1-0,7-0;4:7-3,1-0;5:7-9,1-9,7-0,1-0;6:0-6;7:1-11,0-11,7-6,0-9,0-6,1-6;8:1-7;9:0-8"
788,proposed_c2f_adaptive_pd,9,10,0.9,18,300,0.06,19,9,10,5760.0,9.600000000000001,572.9641609007391,100.1780399250397,1.0,7,1,0.0,0.0,0.0,0.0,0.0,0.0,0.0,0.0,0.0,0.0,81991.0,81991.0,0.0,2.0,1.0,3.0,0.0,"7,7,7,7,7,7,7,7,7,7","0:3-7,4-7;1:4-7;2:3-7;3:7-6,4-7,3-7;4:3-4,4-7;5:3-6;6:3-7;7:7-13,7-1,3-1,3-13,7-11,7-12;8:4-7;9:3-7"
789,proposed_c2f_adaptive_pd,10,10,1.0,14,300,0.04666666666666667,31,10,21,6400.0,10.666666666666668,790.408837621665,184.19896544334173,1.0,8,1,0.0,0.0,0.0,0.0,0.0,0.0,0.0,0.0,0.0,0.0,103061.0,103061.0,0.0,2.0,1.0,3.0,0.0,"10,10,10,10,10,10,10,10,10,10","0:0-12;1:0-13,12-13,12-10,2-10,0-10;2:2-10,12-10;3:2-10;4:0-5,0-10,12-10,2-10;5:0-10,12-10;6:0-7,12-10,0-10,2-10;7:0-7,0-10,12-10,2-10;8:2-13,0-13,12-13,2-5,2-10,0-10;9:2-10,12-10"
790,proposed_c2f_adaptive_pd,8,10,0.8,17,300,0.056666666666666664,11,5,6,3200.0,5.333333333333334,69713.51393486302,18.658189405479465,1.0,6,1,0.0,0.0,0.0,0.0,0.0,0.0,0.0,0.0,0.0,0.0,42117.0,42117.0,0.0,2.0,1.0,3.0,0.0,"1,1,1,1,1,1,1,1,1,1","0:11-1;1:6-1;2:11-12;3:6-1;4:6-13;5:11-1;6:6-5,6-2;7:6-1;8:11-1;9:1-14"
791,proposed_c2f_adaptive_pd,7,10,0.7,16,300,0.05333333333333334,11,6,5,3840.0,6.4,282.0370957408585,168.55088785820172,1.0,7,1,0.0,0.0,0.0,0.0,0.0,0.0,0.0,0.0,0.0,0.0,61349.0,61349.0,0.0,2.0,1.0,3.0,0.0,"0,0,0,0,0,0,0,0,0,0","0:3-0;1:1-0;2:3-0;3:3-0;4:0-11;5:0-7;6:3-0;7:0-13,0-9;8:1-11;9:3-7"
792,proposed_c2f_adaptive_pd,8,10,0.8,17,300,0.056666666666666664,16,12,4,7680.0,12.8,305.7992599174023,38.80934700550509,1.0,5,1,0.0,0.0,0.0,0.0,0.0,0.0,0.0,0.0,0.0,0.0,89163.0,89163.0,0.0,2.0,1.0,3.0,0.0,"0,0,0,0,0,0,0,0,0,0","0:3-0;1:5-6;2:3-12,3-7;3:0-1;4:3-0;5:5-6,5-10,5-11,5-7,5-8,5-12;6:0-4;7:3-0;8:5-0;9:5-6"
793,proposed_c2f_adaptive_pd,8,10,0.8,9,300,0.03,20,13,7,8320.0,13.866666666666667,5860.289268549081,113.6508140893031,0.85,3,1,0.0,0.0,0.0,0.0,0.0,0.0,0.0,0.0,0.0,0.0,76058.0,76058.0,0.0,2.0,1.0,3.0,0.0,"2,2,2,2,2,2,2,2,2,2","0:9-8,8-9,9-13,0-9,9-0;1:0-8;2:9-2;3:0-12,0-3,0-5,0-1,0-2,0-7;4:9-2,0-2;5:8-6;6:9-2;7:0-2;8:0-2;9:0-9"
794,proposed_c2f_adaptive_pd,9,10,0.9,16,300,0.05333333333333334,21,18,3,11520.0,19.200000000000003,170.65106508399867,144.09857588731285,1.0,4,1,0.0,0.0,0.0,0.0,0.0,0.0,0.0,0.0,0.0,0.0,81794.0,81794.0,0.0,2.0,1.0,3.0,0.0,"6,6,6,6,6,6,6,6,6,6","0:0-5;1:1-3;2:0-6;3:0-9;4:0-9,0-12,0-8,0-7,0-13,0-2;5:1-6;6:0-10,0-6;7:0-8;8:0-5;9:0-9,0-12,1-12,0-7,0-13,6-12"
795,proposed_c2f_adaptive_pd,9,10,0.9,16,300,0.05333333333333334,31,19,12,12160.0,20.26666666666667,125.22902670689648,17.40484148692761,0.967741935483871,7,1,0.0,0.0,0.0,0.0,0.0,0.0,0.0,0.0,0.0,0.0,84695.0,84695.0,0.0,2.0,1.0,3.0,0.0,"5,5,5,5,5,5,5,5,5,5","0:11-5;1:3-8;2:3-5;3:3-1,3-5;4:11-4,11-14,11-1,3-4,11-10,3-5;5:11-9,11-5,6-5,3-5;6:11-14,11-4,11-7,11-13,11-5,11-9;7:11-14,11-4,11-1,11-7,11-13,11-5;8:3-5,6-5,11-5;9:3-6"
796,proposed_c2f_adaptive_pd,8,10,0.8,9,300,0.03,28,15,13,9600.0,16.0,551.1216275496131,22.244282976601745,0.8928571428571429,6,0,0.0,0.0,0.0,0.0,0.0,0.0,0.0,0.0,0.0,0.0,95347.0,95347.0,0.0,2.0,1.0,3.0,0.0,"6,6,6,6,6,6,6,6,6,6","0:3-7,3-6,0-6,9-6;1:3-7,3-6,0-6,9-6;2:0-6,9-6;3:0-6,9-6;4:0-1;5:0-7;6:9-2,0-8,0-9,9-0,9-13,9-12;7:0-6;8:0-2,9-2,0-6,0-11,9-6,9-11;9:0-8"
797,proposed_c2f_adaptive_pd,9,10,0.9,13,270,0.04814814814814815,17,10,7,6400.0,10.666666666666668,4355.891127335672,48.86123782142296,0.7647058823529411,3,1,0.0,0.0,0.0,0.0,0.0,0.0,0.0,0.0,0.0,0.0,70280.0,70280.0,0.0,2.0,1.0,3.0,0.0,"5,5,5,5,5,5,5,5,5,5","0:2-5;1:1-5;2:2-5;3:1-11,1-8,1-0,1-14,1-5,5-8;4:1-5;5:5-11,5-14;6:1-0;7:5-13,2-5;8:1-14;9:1-5"
798,proposed_c2f_adaptive_pd,10,10,1.0,11,300,0.03666666666666667,23,17,6,10880.0,18.133333333333333,3579.4517535227774,149.9232153960549,0.9130434782608695,8,1,0.0,0.0,0.0,0.0,0.0,0.0,0.0,0.0,0.0,0.0,64729.0,64729.0,0.0,2.0,1.0,3.0,0.0,"14,14,14,14,14,14,14,14,14,14","0:11-14;1:1-14,1-6;2:1-14;3:1-14;4:14-6,11-6,1-6,14-12,1-12,11-12;5:1-12,14-12,1-14;6:1-3;7:1-14;8:1-10,14-10,14-0,1-0,11-10,14-2;9:1-4"
799,proposed_c2f_adaptive_pd,9,10,0.9,14,300,0.04666666666666667,16,9,7,5760.0,9.600000000000001,2705.8774068228886,429.0340505748111,1.0,7,1,0.0,0.0,0.0,0.0,0.0,0.0,0.0,0.0,0.0,0.0,69373.0,69373.0,0.0,2.0,1.0,3.0,0.0,"0,0,0,0,0,0,0,0,0,0","0:8-14;1:0-3;2:2-0;3:2-0;4:2-0;5:2-0,8-0;6:8-0;7:0-3,0-7,0-6,0-4,0-14,2-7;8:2-8;9:8-0"
800,proposed_c2f_adaptive_pd,8,10,0.8,13,300,0.043333333333333335,20,13,7,8320.0,13.866666666666667,3522.0791507032286,62.704780212088146,0.9,9,1,0.0,0.0,0.0,0.0,0.0,0.0,0.0,0.0,0.0,0.0,70651.0,70651.0,0.0,2.0,1.0,3.0,0.0,"9,9,9,9,9,9,9,9,9,9","0:4-9;1:13-9;2:13-9;3:4-9;4:4-3,13-3,9-3,13-0,13-5,4-7;5:4-9;6:13-9;7:4-0;8:13-9;9:4-11,4-2,13-2,13-11,13-4,4-13"
801,proposed_c2f_adaptive_pd,9,10,0.9,14,300,0.04666666666666667,16,13,3,8320.0,13.866666666666667,458.59235518397065,93.91605487682,1.0,2,1,0.0,0.0,0.0,0.0,0.0,0.0,0.0,0.0,0.0,0.0,58009.0,58009.0,0.0,2.0,1.0,3.0,0.0,"0,0,0,0,0,0,0,0,0,0","0:2-6;1:0-4;2:0-13,0-4;3:6-8,2-8,6-14,2-14,2-11,6-11;4:2-4;5:0-4;6:6-0;7:6-0;8:0-4;9:6-0"
802,proposed_c2f_adaptive_pd,8,10,0.8,11,300,0.03666666666666667,18,12,6,7680.0,12.8,1438.7339633742997,409.96588005595095,0.8888888888888888,4,1,0.0,0.0,0.0,0.0,0.0,0.0,0.0,0.0,0.0,0.0,66314.0,66314.0,0.0,2.0,1.0,3.0,0.0,"0,0,0,0,0,0,0,0,0,0","0:0-5;1:0-4,0-12,2-0,1-0;2:2-0;3:1-0;4:0-10,2-10,0-3,0-11,0-13,1-10;5:2-0;6:0-3;7:1-2;8:0-4;9:1-0"
803,proposed_c2f_adaptive_pd,8,10,0.8,14,300,0.04666666666666667,16,6,10,3840.0,6.4,118.60436486826165,20.375150600519113,1.0,1,1,0.0,0.0,0.0,0.0,0.0,0.0,0.0,0.0,0.0,0.0,59653.0,59653.0,0.0,2.0,1.0,3.0,0.0,"5,5,5,5,5,5,5,5,5,5","0:7-5;1:7-8,5-8,7-6,7-5,0-5;2:5-14,7-14;3:7-5;4:0-5;5:7-5;6:0-1;7:0-5;8:0-5;9:7-5,0-5"
804,proposed_c2f_adaptive_pd,9,10,0.9,18,300,0.06,19,12,7,7680.0,12.8,3996.4335537048028,477.51698099759534,1.0,2,1,0.0,0.0,0.0,0.0,0.0,0.0,0.0,0.0,0.0,0.0,72086.0,72086.0,0.0,2.0,1.0,3.0,0.0,"1,1,1,1,1,1,1,1,1,1","0:9-1;1:9-1;2:0-5,0-11,0-7,0-14,0-6,9-0;3:9-1;4:1-3,9-3,1-4,9-1,0-1;5:0-14;6:9-1;7:0-5;8:1-2;9:9-1"
805,proposed_c2f_adaptive_pd,9,10,0.9,16,300,0.05333333333333334,21,14,7,8960.0,14.933333333333334,967.1329192295734,38.22820329851108,0.8571428571428571,4,1,0.0,0.0,0.0,0.0,0.0,0.0,0.0,0.0,0.0,0.0,77053.0,77053.0,0.0,2.0,1.0,3.0,0.0,"1,1,1,1,1,1,1,1,1,1","0:1-10;1:2-1;2:1-10;3:9-1,2-1;4:9-0,9-12,9-14,2-0,2-12,9-5;5:2-8,2-1,1-2,2-13,2-10,9-1;6:2-1;7:2-1;8:1-7;9:1-3"
806,proposed_c2f_adaptive_pd,10,10,1.0,13,300,0.043333333333333335,22,11,11,7040.0,11.733333333333334,12425.210743490055,63.823659255972615,1.0,4,1,0.0,0.0,0.0,0.0,0.0,0.0,0.0,0.0,0.0,0.0,64239.0,64239.0,0.0,2.0,1.0,3.0,0.0,"10,10,10,10,10,10,10,10,10,10","0:1-10,3-10;1:3-10;2:1-0;3:1-3;4:5-9,3-9,5-13,1-9,3-13,1-10;5:1-0;6:3-2,5-10,3-10,1-10;7:5-14,5-10,3-10,1-10;8:1-5;9:1-10"
807,proposed_c2f_adaptive_pd,6,10,0.6,16,300,0.05333333333333334,16,12,4,7680.0,12.8,161.34393045392952,7.294807408935806,0.875,6,1,0.0,0.0,0.0,0.0,0.0,0.0,0.0,0.0,0.0,0.0,68930.0,68930.0,0.0,2.0,1.0,3.0,0.0,"6,6,6,6,6,6,6,6,6,6","0:2-12;1:10-1;2:6-3;3:2-10;4:10-6;5:10-6;6:10-1,10-0,10-5,2-1,10-2,2-10;7:2-6,10-6;8:6-3;9:2-1"
808,proposed_c2f_adaptive_pd,7,10,0.7,14,270,0.05185185185185185,17,9,8,5760.0,9.600000000000001,1694.8441916303232,15.791260483653987,0.9411764705882353,0,1,0.0,0.0,0.0,0.0,0.0,0.0,0.0,0.0,0.0,0.0,75775.0,75775.0,0.0,2.0,1.0,3.0,0.0,"13,13,13,13,13,13,13,13,13,13","0:2-1,2-5,2-3,2-6,2-10,2-14;1:13-0,4-13,2-13;2:2-13;3:4-13;4:4-13;5:4-1;6:2-13;7:4-13;8:2-13;9:2-3"
809,proposed_c2f_adaptive_pd,9,10,0.9,13,300,0.043333333333333335,11,4,7,2560.0,4.266666666666667,1060.1414133269063,90.65643059658281,1.0,0,1,0.0,0.0,0.0,0.0,0.0,0.0,0.0,0.0,0.0,0.0,46941.0,46941.0,0.0,2.0,1.0,3.0,0.0,"5,5,5,5,5,5,5,5,5,5","0:13-5,13-7;1:13-5;2:9-5;3:13-1;4:9-4;5:13-5;6:5-14;7:13-5;8:9-5;9:13-5"
810,proposed_c2f_adaptive_pd,9,10,0.9,11,300,0.03666666666666667,14,9,5,5760.0,9.600000000000001,64639.69640562518,203.99100341640914,1.0,8,1,0.0,0.0,0.0,0.0,0.0,0.0,0.0,0.0,0.0,0.0,59907.0,59907.0,0.0,2.0,1.0,3.0,0.0,"1,1,1,1,1,1,1,1,1,1","0:0-1,4-1;1:4-1;2:0-3;3:4-9;4:0-3;5:0-1,0-3;6:9-1;7:4-9;8:9-11,0-11,4-11;9:0-3"
811,proposed_c2f_adaptive_pd,10,10,1.0,13,300,0.043333333333333335,27,20,7,12800.0,21.333333333333336,9894.417806013456,304.6343226809689,0.9629629629629629,8,1,0.0,0.0,0.0,0.0,0.0,0.0,0.0,0.0,0.0,0.0,104414.0,104414.0,0.0,2.0,1.0,3.0,0.0,"1,1,1,1,1,1,1,1,1,1","0:5-11;1:2-8;2:1-12,1-3,2-1,1-2,1-7,5-12;3:2-9;4:1-12,5-1,2-1;5:2-1;6:2-1;7:2-8,5-8,2-13,2-11,1-13,2-1;8:2-9,1-9,2-8,2-13,2-7,5-9;9:2-1"
812,proposed_c2f_adaptive_pd,7,10,0.7,12,270,0.044444444444444446,18,14,4,8960.0,14.933333333333334,9927.999413263437,45.81545212850132,0.9444444444444444,8,1,0.0,0.0,0.0,0.0,0.0,0.0,0.0,0.0,0.0,0.0,71190.0,71190.0,0.0,2.0,1.0,3.0,0.0,"5,5,5,5,5,5,5,5,5,5","0:7-5;1:1-0;2:7-8;3:7-0;4:7-5;5:1-0;6:5-2;7:1-6;8:7-8,1-8,7-0,7-10,7-3,1-7;9:7-2,5-0,7-5,1-5"
813,proposed_c2f_adaptive_pd,10,10,1.0,14,300,0.04666666666666667,16,10,6,6400.0,10.666666666666668,18455.52738897285,752.106355740975,1.0,1,1,0.0,0.0,0.0,0.0,0.0,0.0,0.0,0.0,0.0,0.0,62252.0,62252.0,0.0,2.0,1.0,3.0,0.0,"0,0,0,0,0,0,0,0,0,0","0:11-0;1:14-3;2:11-0;3:11-0;4:11-9;5:14-0;6:11-3;7:11-0,14-0;8:0-7,14-7,0-4,11-7,0-10,14-4;9:14-3"
814,proposed_c2f_adaptive_pd,7,10,0.7,12,270,0.044444444444444446,18,15,3,9600.0,16.0,255724.50994923306,62.17276550705692,0.8333333333333334,4,1,0.0,0.0,0.0,0.0,0.0,0.0,0.0,0.0,0.0,0.0,71687.0,71687.0,0.0,2.0,1.0,3.0,0.0,"14,14,14,14,14,14,14,14,14,14","0:4-14;1:7-14;2:4-14;3:4-12,7-12,4-11,4-9,4-2,3-12;4:3-13,7-13,3-10,3-0;5:3-5;6:3-11;7:3-10;8:7-12;9:3-0"
815,proposed_c2f_adaptive_pd,10,10,1.0,14,300,0.04666666666666667,22,14,8,8960.0,14.933333333333334,1986.9031173237854,130.8831670025683,0.8636363636363636,1,1,0.0,0.0,0.0,0.0,0.0,0.0,0.0,0.0,0.0,0.0,87560.0,87560.0,0.0,2.0,1.0,3.0,0.0,"5,5,5,5,5,5,5,5,5,5","0:0-5;1:2-6,0-6,2-4,2-13,0-4,5-6;2:0-5;3:0-10,0-5;4:2-6;5:2-6,0-6,5-6,0-5,2-5;6:0-9;7:5-11;8:5-7,0-5,2-5;9:2-5"
816,proposed_c2f_adaptive_pd,8,10,0.8,10,270,0.037037037037037035,19,16,3,10240.0,17.066666666666666,180424.27748069377,50.881333519920155,0.9473684210526315,1,1,0.0,0.0,0.0,0.0,0.0,0.0,0.0,0.0,0.0,0.0,75138.0,75138.0,0.0,2.0,1.0,3.0,0.0,"11,11,11,11,11,11,11,11,11,11","0:1-11;1:4-0,1-4,4-1,4-12,4-2;2:1-4;3:4-0;4:1-0;5:1-13;6:4-0,1-0;7:1-11;8:11-10;9:1-14,1-8,4-14,1-11,1-2"
817,proposed_c2f_adaptive_pd,10,10,1.0,14,300,0.04666666666666667,16,9,7,5760.0,9.600000000000001,408.3673591774671,451.79401247475073,1.0,4,1,0.0,0.0,0.0,0.0,0.0,0.0,0.0,0.0,0.0,0.0,69048.0,69048.0,0.0,2.0,1.0,3.0,0.0,"8,8,8,8,8,8,8,8,8,8","0:0-11;1:0-7;2:7-8;3:5-8;4:7-2,5-2,7-13,0-2,7-8;5:5-8;6:5-1;7:5-8;8:5-8;9:5-3,7-3,5-8"
818,proposed_c2f_adaptive_pd,10,10,1.0,12,300,0.04,10,7,3,4480.0,7.466666666666667,444.5359511914504,308.1406686854451,1.0,0,1,0.0,0.0,0.0,0.0,0.0,0.0,0.0,0.0,0.0,0.0,49073.0,49073.0,0.0,2.0,1.0,3.0,0.0,"13,13,13,13,13,13,13,13,13,13",0:4-0;1:5-2;2:4-13;3:4-8;4:5-13;5:4-7;6:0-3;7:0-13;8:0-9;9:0-1
819,proposed_c2f_adaptive_pd,9,10,0.9,19,300,0.06333333333333334,19,12,7,7680.0,12.8,528.9247482138361,203.93918072409642,1.0,6,1,0.0,0.0,0.0,0.0,0.0,0.0,0.0,0.0,0.0,0.0,62007.0,62007.0,0.0,2.0,1.0,3.0,0.0,"3,3,3,3,3,3,3,3,3,3","0:6-0;1:6-10;2:6-7;3:12-3;4:12-11,6-11,13-11,12-3,6-3,13-3;5:13-2,13-3;6:6-10,6-13,13-6;7:13-3,12-2;8:12-3;9:6-7"
820,proposed_c2f_adaptive_pd,9,10,0.9,12,300,0.04,13,6,7,3840.0,6.4,9993.641016383812,94.05965630364112,1.0,2,1,0.0,0.0,0.0,0.0,0.0,0.0,0.0,0.0,0.0,0.0,63728.0,63728.0,0.0,2.0,1.0,3.0,0.0,"2,2,2,2,2,2,2,2,2,2","0:4-2;1:0-2;2:2-8,2-5,2-6;3:2-5,4-2;4:0-11;5:4-2;6:0-2;7:0-2;8:4-2;9:0-1"
821,proposed_c2f_adaptive_pd,9,10,0.9,16,300,0.05333333333333334,16,11,5,7040.0,11.733333333333334,44575.54932933266,681.2052479428994,0.8125,3,1,0.0,0.0,0.0,0.0,0.0,0.0,0.0,0.0,0.0,0.0,75385.0,75385.0,0.0,2.0,1.0,3.0,0.0,"2,2,2,2,2,2,2,2,2,2","0:0-2;1:0-2;2:2-1;3:11-10,11-5,0-10,0-11,11-0,11-4;4:2-1;5:11-2;6:0-2;7:0-10;8:11-5,11-8;9:0-2"
822,proposed_c2f_adaptive_pd,9,10,0.9,14,270,0.05185185185185185,15,9,6,5760.0,9.600000000000001,82.41161436240779,30.271032747472393,0.9333333333333333,7,1,0.0,0.0,0.0,0.0,0.0,0.0,0.0,0.0,0.0,0.0,62472.0,62472.0,0.0,2.0,1.0,3.0,0.0,"2,2,2,2,2,2,2,2,2,2","0:4-2;1:5-2;2:5-2;3:2-12,5-12;4:2-8;5:2-13;6:4-2;7:5-12,5-7,2-12,5-11,2-6;8:4-2;9:4-2"
823,proposed_c2f_adaptive_pd,9,10,0.9,16,270,0.05925925925925926,13,3,10,1920.0,3.2,1336.9632335736471,142.504862685624,0.9230769230769231,8,1,0.0,0.0,0.0,0.0,0.0,0.0,0.0,0.0,0.0,0.0,60317.0,60317.0,0.0,2.0,1.0,3.0,0.0,"4,4,4,4,4,4,4,4,4,4","0:1-4;1:1-4,0-4;2:1-4;3:0-4;4:1-4;5:0-4,1-4;6:0-4;7:0-5;8:4-9,4-12;9:0-4"
824,proposed_c2f_adaptive_pd,9,10,0.9,12,270,0.044444444444444446,10,4,6,2560.0,4.266666666666667,38.58918538329372,28.549499037411948,0.9,2,0,0.0,0.0,0.0,0.0,0.0,0.0,0.0,0.0,0.0,0.0,43565.0,43565.0,0.0,2.0,1.0,3.0,0.0,"5,5,5,5,5,5,5,5,5,5",0:0-5;1:4-5;2:5-3;3:0-5;4:0-1;5:0-5;6:0-12;7:4-5;8:0-1;9:0-5
825,proposed_c2f_adaptive_pd,8,10,0.8,13,300,0.043333333333333335,16,12,4,7680.0,12.8,2201.8575237367077,108.42038934017953,1.0,7,1,0.0,0.0,0.0,0.0,0.0,0.0,0.0,0.0,0.0,0.0,67671.0,67671.0,0.0,2.0,1.0,3.0,0.0,"0,0,0,0,0,0,0,0,0,0","0:1-0,0-7;1:14-6;2:0-10;3:1-4;4:14-4;5:1-0;6:1-0;7:14-8,14-6,14-4,14-12,14-10,14-5;8:0-9;9:1-0"
826,proposed_c2f_adaptive_pd,10,10,1.0,14,300,0.04666666666666667,15,9,6,5760.0,9.600000000000001,1367.4955243741042,94.15946372051656,1.0,9,1,0.0,0.0,0.0,0.0,0.0,0.0,0.0,0.0,0.0,0.0,65350.0,65350.0,0.0,2.0,1.0,3.0,0.0,"5,5,5,5,5,5,5,5,5,5","0:3-5;1:14-5;2:0-1;3:0-2;4:0-5;5:0-2;6:0-5;7:0-5;8:0-5;9:3-1,0-1,3-8,0-3,3-10,3-0"
827,proposed_c2f_adaptive_pd,10,10,1.0,17,300,0.056666666666666664,24,16,8,10240.0,17.066666666666666,605.0559855685702,71.98884764177046,0.9166666666666666,6,1,0.0,0.0,0.0,0.0,0.0,0.0,0.0,0.0,0.0,0.0,81161.0,81161.0,0.0,2.0,1.0,3.0,0.0,"1,1,1,1,1,1,1,1,1,1","0:0-5;1:0-3;2:5-1;3:1-7,1-3,1-13,1-10,0-1,5-1;4:5-12;5:5-4,1-4,5-1,0-1;6:1-4,5-4,1-14,5-2,1-8,5-1;7:0-1,5-1;8:1-2;9:0-14"
828,proposed_c2f_adaptive_pd,9,10,0.9,17,300,0.056666666666666664,25,19,6,12160.0,20.26666666666667,1699.228082732908,148.2395001800975,1.0,6,1,0.0,0.0,0.0,0.0,0.0,0.0,0.0,0.0,0.0,0.0,101424.0,101424.0,0.0,2.0,1.0,3.0,0.0,"7,7,7,7,7,7,7,7,7,7","0:7-0,7-11,3-0,5-0,3-11,7-13;1:3-7;2:7-11;3:3-7;4:5-3,3-5,5-10,5-12,5-7,5-4;5:5-7;6:7-2,3-10,3-2,5-2,5-10,7-13;7:3-7;8:3-7;9:3-2"
829,proposed_c2f_adaptive_pd,9,10,0.9,9,300,0.03,15,10,5,6400.0,10.666666666666668,240228.46804579915,423.8463318599828,1.0,1,1,0.0,0.0,0.0,0.0,0.0,0.0,0.0,0.0,0.0,0.0,56469.0,56469.0,0.0,2.0,1.0,3.0,0.0,"10,10,10,10,10,10,10,10,10,10","0:1-7;1:1-12,1-3,1-4,1-13,1-10,11-1;2:1-8;3:11-10;4:1-10;5:0-12;6:1-10;7:11-10;8:1-7;9:0-2"
830,proposed_c2f_adaptive_pd,10,10,1.0,17,300,0.056666666666666664,19,13,6,8320.0,13.866666666666667,4994.4821335804245,170.43669543759893,1.0,0,1,0.0,0.0,0.0,0.0,0.0,0.0,0.0,0.0,0.0,0.0,83762.0,83762.0,0.0,2.0,1.0,3.0,0.0,"5,5,5,5,5,5,5,5,5,5","0:5-0,5-9,5-8,13-0,1-0,5-11;1:1-5;2:5-10,5-6;3:13-5;4:1-11,1-5,13-5;5:5-10,5-6;6:1-2;7:1-5;8:1-2;9:13-5"
831,proposed_c2f_adaptive_pd,9,10,0.9,12,300,0.04,20,13,7,8320.0,13.866666666666667,7893.191697557411,397.1858988161896,0.9,9,1,0.0,0.0,0.0,0.0,0.0,0.0,0.0,0.0,0.0,0.0,84388.0,84388.0,0.0,2.0,1.0,3.0,0.0,"12,12,12,12,12,12,12,12,12,12","0:12-13,12-14,1-12,4-12;1:1-2,12-2,4-2,1-3,12-3,12-5;2:12-14;3:4-12;4:1-2;5:1-3;6:1-12;7:4-12;8:12-6;9:4-1,4-12,1-12"
832,proposed_c2f_adaptive_pd,9,10,0.9,7,300,0.023333333333333334,11,8,3,5120.0,8.533333333333333,11832.023431468348,175.3823143030307,1.0,7,1,0.0,0.0,0.0,0.0,0.0,0.0,0.0,0.0,0.0,0.0,81336.0,81336.0,0.0,3.0,1.0,2.0,0.0,"5,5,5,5,5,5,5,5,5,5","0:1-3;1:3-5;2:1-8;3:1-5,1-10;4:1-3;5:1-3;6:1-5;7:3-9;8:1-9;9:1-2"
833,proposed_c2f_adaptive_pd,10,10,1.0,19,300,0.06333333333333334,21,10,11,6400.0,10.666666666666668,1899.6548087042145,213.84079129600875,1.0,3,1,0.0,0.0,0.0,0.0,0.0,0.0,0.0,0.0,0.0,0.0,86806.0,86806.0,0.0,2.0,1.0,3.0,0.0,"4,4,4,4,4,4,4,4,4,4","0:11-4;1:1-9;2:1-4;3:11-6,12-10,1-6,1-10,11-10,11-9;4:12-8,1-4,12-4,11-4;5:12-4;6:1-4;7:1-4;8:12-0,12-4,1-4,11-4;9:12-0"
834,proposed_c2f_adaptive_pd,10,10,1.0,13,300,0.043333333333333335,26,20,6,12800.0,21.333333333333336,10002.185454526792,150.3195600946059,1.0,0,1,0.0,0.0,0.0,0.0,0.0,0.0,0.0,0.0,0.0,0.0,99939.0,99939.0,0.0,2.0,1.0,3.0,0.0,"11,11,11,11,11,11,11,11,11,11","0:1-14,1-2,3-1,1-3,1-4,1-8;1:1-6;2:1-11;3:1-14,1-0,1-4,3-1,1-3,1-2;4:1-2;5:3-5;6:1-11;7:5-6,5-7,3-6,5-11,3-7,5-13;8:1-11;9:1-11,3-11"
835,proposed_c2f_adaptive_pd,9,10,0.9,11,300,0.03666666666666667,20,13,7,8320.0,13.866666666666667,271.33294179376566,86.04724136017977,0.75,4,1,0.0,0.0,0.0,0.0,0.0,0.0,0.0,0.0,0.0,0.0,73195.0,73195.0,0.0,2.0,1.0,3.0,0.0,"3,3,3,3,3,3,3,3,3,3","0:10-3;1:2-3;2:2-9;3:3-0,3-11,3-6,3-9,10-3,2-3;4:2-5,3-5,3-12,10-8,2-1,10-14;5:10-3;6:10-3;7:2-1;8:3-11;9:10-3"
836,proposed_c2f_adaptive_pd,9,10,0.9,12,300,0.04,11,5,6,3200.0,5.333333333333334,4830.5372708334135,86.50369948460717,1.0,9,1,0.0,0.0,0.0,0.0,0.0,0.0,0.0,0.0,0.0,0.0,97882.0,97882.0,0.0,3.0,1.0,2.0,0.0,"13,13,13,13,13,13,13,13,13,13","0:8-13;1:8-13;2:0-8;3:8-13;4:8-13;5:8-7;6:8-11;7:8-13;8:8-13;9:0-11,0-1"
837,proposed_c2f_adaptive_pd,10,10,1.0,21,300,0.07,22,12,10,7680.0,12.8,226.15348839626685,106.29232450040314,1.0,0,1,0.0,0.0,0.0,0.0,0.0,0.0,0.0,0.0,0.0,0.0,95143.0,95143.0,0.0,2.0,1.0,3.0,0.0,"2,2,2,2,2,2,2,2,2,2","0:2-9,2-0,2-3,4-0,4-7,2-11;1:1-2;2:4-2;3:1-4;4:4-2;5:1-2;6:4-12,2-12,1-12,4-2,1-2;7:2-7,4-7,4-2,1-2;8:4-2;9:1-2"
838,proposed_c2f_adaptive_pd,10,10,1.0,10,300,0.03333333333333333,20,10,10,6400.0,10.666666666666668,4833.809870701303,45.79305033800527,1.0,6,1,0.0,0.0,0.0,0.0,0.0,0.0,0.0,0.0,0.0,0.0,72168.0,72168.0,0.0,2.0,1.0,3.0,0.0,"3,3,3,3,3,3,3,3,3,3","0:1-9;1:8-3,0-3;2:0-10;3:8-3,0-3;4:0-1;5:0-1;6:8-2,1-2,8-3,1-3,0-2,0-3;7:8-10,8-3,0-3,1-3;8:0-1;9:8-6"
839,proposed_c2f_adaptive_pd,9,10,0.9,12,270,0.044444444444444446,22,17,5,10880.0,18.133333333333333,1204.394285501565,118.30623111854577,0.9090909090909091,5,1,0.0,0.0,0.0,0.0,0.0,0.0,0.0,0.0,0.0,0.0,138753.0,138753.0,0.0,3.0,1.0,2.0,0.0,"3,3,3,3,3,3,3,3,3,3","0:0-6,3-6,0-10,3-10,0-13,3-13;1:0-9;2:0-9;3:0-3;4:3-13,3-4,0-3;5:3-6,3-13,3-10,3-14,0-14,0-13;6:0-3;7:0-3;8:0-3;9:0-4"
840,proposed_c2f_adaptive_pd,8,10,0.8,16,270,0.05925925925925926,21,17,4,10880.0,18.133333333333333,11973.993549845552,303.3349001409927,0.9523809523809523,6,0,0.0,0.0,0.0,0.0,0.0,0.0,0.0,0.0,0.0,0.0,83440.0,83440.0,0.0,2.0,1.0,3.0,0.0,"8,8,8,8,8,8,8,8,8,8","0:9-8;1:10-4,9-14;2:9-10;3:9-0;4:8-6;5:9-8;6:10-0,10-11,9-10,10-9,10-14,9-13;7:9-8;8:9-8;9:9-4,10-4,8-4,9-1,10-1,9-7"
841,proposed_c2f_adaptive_pd,10,10,1.0,17,300,0.056666666666666664,18,12,6,7680.0,12.8,11291.578652162245,9595.091599872247,1.0,8,1,0.0,0.0,0.0,0.0,0.0,0.0,0.0,0.0,0.0,0.0,73710.0,73710.0,0.0,2.0,1.0,3.0,0.0,"2,2,2,2,2,2,2,2,2,2","0:4-2;1:0-2;2:2-1;3:0-1;4:2-3,0-2,4-2;5:2-3;6:0-4;7:0-2;8:2-1,0-1,2-3,2-12,2-7,0-2;9:4-8,0-8"
842,proposed_c2f_adaptive_pd,8,10,0.8,19,300,0.06333333333333334,17,8,9,5120.0,8.533333333333333,272201.9533014176,183.8032978144035,0.9411764705882353,8,1,0.0,0.0,0.0,0.0,0.0,0.0,0.0,0.0,0.0,0.0,71456.0,71456.0,0.0,2.0,1.0,3.0,0.0,"0,0,0,0,0,0,0,0,0,0","0:1-0;1:0-8;2:3-0;3:1-0;4:3-0,1-5;5:3-0;6:1-0;7:0-2;8:3-12,0-12,0-6,3-6,3-9,3-0;9:1-0,3-0"
843,proposed_c2f_adaptive_pd,10,10,1.0,13,300,0.043333333333333335,16,13,3,8320.0,13.866666666666667,1163.450863844911,158.2943516554065,1.0,7,1,0.0,0.0,0.0,0.0,0.0,0.0,0.0,0.0,0.0,0.0,83875.0,83875.0,0.0,2.0,1.0,3.0,0.0,"2,2,2,2,2,2,2,2,2,2","0:3-2;1:3-4;2:9-0;3:7-0;4:9-2;5:3-9;6:3-4;7:3-6,3-1;8:3-10,9-10,7-10,3-4,3-5,3-13;9:9-2"
844,proposed_c2f_adaptive_pd,8,10,0.8,14,300,0.04666666666666667,21,14,7,8960.0,14.933333333333334,370.71069858452427,43.84223919392247,1.0,3,1,0.0,0.0,0.0,0.0,0.0,0.0,0.0,0.0,0.0,0.0,81546.0,81546.0,0.0,2.0,1.0,3.0,0.0,"2,2,2,2,2,2,2,2,2,2","0:0-14;1:0-13;2:1-2;3:1-3,1-7,1-9,2-9,2-10,1-2;4:0-2,1-2;5:0-13;6:1-2;7:0-4;8:0-1;9:1-3,1-9,1-7,1-2,1-10,0-2"
845,proposed_c2f_adaptive_pd,10,10,1.0,19,300,0.06333333333333334,11,7,4,4480.0,7.466666666666667,76663.78828627233,161.3370815458769,1.0,6,1,0.0,0.0,0.0,0.0,0.0,0.0,0.0,0.0,0.0,0.0,64684.0,64684.0,0.0,2.0,1.0,3.0,0.0,"1,1,1,1,1,1,1,1,1,1","0:12-1;1:4-1;2:12-1;3:12-1;4:12-3;5:4-2;6:1-6,1-5;7:1-0;8:1-0;9:1-3"
846,proposed_c2f_adaptive_pd,10,10,1.0,18,300,0.06,21,10,11,6400.0,10.666666666666668,12973.828152878854,458.11065180906746,1.0,5,1,0.0,0.0,0.0,0.0,0.0,0.0,0.0,0.0,0.0,0.0,77651.0,77651.0,0.0,2.0,1.0,3.0,0.0,"8,8,8,8,8,8,8,8,8,8","0:2-1;1:0-6,0-3;2:0-2;3:2-8,0-8;4:2-8;5:4-6,4-11,0-6,4-8,2-8,0-8;6:0-8;7:0-8,0-10,0-7,2-8,4-8;8:0-8;9:0-1"
847,proposed_c2f_adaptive_pd,10,10,1.0,15,300,0.05,25,14,11,8960.0,14.933333333333334,172559.95932019275,458.64068646071155,1.0,0,1,0.0,0.0,0.0,0.0,0.0,0.0,0.0,0.0,0.0,0.0,88636.0,88636.0,0.0,2.0,1.0,3.0,0.0,"0,0,0,0,0,0,0,0,0,0","0:1-5,14-2,1-4,1-14,14-1,1-7;1:14-2;2:0-11,1-11,1-9,1-4,1-0,14-0;3:1-0;4:14-0;5:0-3,14-0,1-0;6:1-0;7:1-0;8:1-0;9:1-4,1-11,1-0,14-0"
848,proposed_c2f_adaptive_pd,9,10,0.9,17,300,0.056666666666666664,25,16,9,10240.0,17.066666666666666,10786.297737548486,42.44232125489019,1.0,6,1,0.0,0.0,0.0,0.0,0.0,0.0,0.0,0.0,0.0,0.0,89215.0,89215.0,0.0,2.0,1.0,3.0,0.0,"4,4,4,4,4,4,4,4,4,4","0:3-4;1:2-4;2:3-4;3:4-1,4-0,4-6,2-1,3-4,2-4;4:2-4;5:2-3;6:2-11,3-11,2-13,4-11,2-8,2-5;7:2-14,3-14,2-4,3-4;8:2-0;9:4-0,4-1,3-4"
849,proposed_c2f_adaptive_pd,8,10,0.8,14,300,0.04666666666666667,13,6,7,3840.0,6.4,764.187880177177,44.03574995310211,0.7692307692307693,2,1,0.0,0.0,0.0,0.0,0.0,0.0,0.0,0.0,0.0,0.0,68413.0,68413.0,0.0,2.0,1.0,3.0,0.0,"1,1,1,1,1,1,1,1,1,1","0:13-1;1:13-1;2:9-5,9-10,9-1,13-1;3:9-1;4:9-1;5:9-1;6:1-0;7:1-4;8:1-10;9:1-4"
850,proposed_c2f_adaptive_pd,9,10,0.9,12,300,0.04,28,21,7,13440.0,22.4,374.41161385916945,332.72889715233055,0.9642857142857143,0,1,0.0,0.0,0.0,0.0,0.0,0.0,0.0,0.0,0.0,0.0,107476.0,107476.0,0.0,2.0,1.0,3.0,0.0,"2,2,2,2,2,2,2,2,2,2","0:1-7,0-7,2-7,1-13,1-14,0-13;1:0-10,2-10,0-9;2:1-7,0-7,2-7,1-14,1-2,0-2;3:1-2;4:0-2;5:0-2,1-2;6:0-3;7:0-1;8:0-10,0-3,1-10,2-3,2-10,2-9;9:0-2"
851,proposed_c2f_adaptive_pd,10,10,1.0,16,300,0.05333333333333334,28,23,5,14720.0,24.533333333333335,538.9761586960541,95.50663934609406,0.8928571428571429,3,1,0.0,0.0,0.0,0.0,0.0,0.0,0.0,0.0,0.0,0.0,111588.0,111588.0,0.0,2.0,1.0,3.0,0.0,"9,9,9,9,9,9,9,9,9,9","0:6-13,6-10,6-8,2-13,9-13,9-10;1:6-0;2:9-1;3:6-13,6-8,6-10,6-0,9-13,2-13;4:2-9;5:9-3;6:6-7;7:9-4,9-12,2-9,6-9;8:9-14,9-4,9-3,9-12,9-1,2-9;9:2-9"
852,proposed_c2f_adaptive_pd,9,10,0.9,15,300,0.05,20,18,2,11520.0,19.200000000000003,2520.8273447918496,396.2557692330187,1.0,5,1,0.0,0.0,0.0,0.0,0.0,0.0,0.0,0.0,0.0,0.0,78548.0,78548.0,0.0,2.0,1.0,3.0,0.0,"2,2,2,2,2,2,2,2,2,2","0:1-4;1:12-8;2:1-2;3:1-0;4:12-9;5:6-7,1-7,6-0,1-0,12-7,6-1;6:6-7;7:12-7;8:1-7,6-0,1-0,6-7,6-1,1-6;9:6-2"
853,proposed_c2f_adaptive_pd,9,10,0.9,9,300,0.03,24,17,7,10880.0,18.133333333333333,494.09816236730165,119.90076115141994,1.0,7,1,0.0,0.0,0.0,0.0,0.0,0.0,0.0,0.0,0.0,0.0,84798.0,84798.0,0.0,2.0,1.0,3.0,0.0,"13,13,13,13,13,13,13,13,13,13","0:0-2;1:0-1;2:7-13;3:0-5,6-5,0-13,0-3,0-4,0-9;4:0-1;5:0-2;6:0-2;7:6-4,6-3,6-1,0-4,0-1,0-3;8:0-13,7-13;9:0-5,6-13,7-13,0-13"
854,proposed_c2f_adaptive_pd,7,10,0.7,16,300,0.05333333333333334,16,11,5,7040.0,11.733333333333334,557.97980593746,37.005732492302954,1.0,2,1,0.0,0.0,0.0,0.0,0.0,0.0,0.0,0.0,0.0,0.0,65887.0,65887.0,0.0,2.0,1.0,3.0,0.0,"5,5,5,5,5,5,5,5,5,5","0:9-5;1:1-9;2:9-14,0-14,9-4,9-5,0-5,1-5;3:1-2;4:1-11;5:0-11,0-5;6:0-12;7:9-14;8:9-4;9:0-4"
855,proposed_c2f_adaptive_pd,9,10,0.9,15,300,0.05,12,8,4,5120.0,8.533333333333333,85.59577783921928,44.03541662653208,1.0,0,1,0.0,0.0,0.0,0.0,0.0,0.0,0.0,0.0,0.0,0.0,57847.0,57847.0,0.0,2.0,1.0,3.0,0.0,"1,1,1,1,1,1,1,1,1,1","0:4-3,1-3;1:6-1;2:4-1;3:4-1;4:4-14;5:4-11;6:4-3;7:1-3,4-1;8:1-0;9:1-0"
856,proposed_c2f_adaptive_pd,10,10,1.0,20,300,0.06666666666666667,39,22,17,14080.0,23.46666666666667,257.36029898111354,137.2398837189617,1.0,5,1,0.0,0.0,0.0,0.0,0.0,0.0,0.0,0.0,0.0,0.0,145143.0,145143.0,0.0,2.0,1.0,3.0,0.0,"1,1,1,1,1,1,1,1,1,1","0:0-4,6-1;1:14-4;2:14-7,14-1,0-1,6-1;3:14-9,0-9,0-11,14-11,6-9,6-11;4:6-1,0-1,14-1;5:14-11,14-7,14-13,14-4,0-11,14-9;6:14-7,14-10,14-13,14-1,0-1,6-1;7:0-1;8:0-9,0-3,6-9,0-1,6-1,14-1;9:6-2,6-1,0-1,14-1"
857,proposed_c2f_adaptive_pd,10,10,1.0,9,300,0.03,21,12,9,7680.0,12.8,4485.257280322426,89.16784158512446,1.0,2,1,0.0,0.0,0.0,0.0,0.0,0.0,0.0,0.0,0.0,0.0,76672.0,76672.0,0.0,2.0,1.0,3.0,0.0,"0,0,0,0,0,0,0,0,0,0","0:1-0;1:6-4;2:1-12,6-9,6-12,6-11,6-7,1-9;3:6-4,1-4,6-0,1-0;4:1-0;5:0-3;6:1-0;7:6-0;8:1-0;9:6-4,6-14,6-0,1-0"
858,proposed_c2f_adaptive_pd,9,10,0.9,13,300,0.043333333333333335,24,18,6,11520.0,19.200000000000003,6988.944381563834,594.6216618976431,1.0,5,1,0.0,0.0,0.0,0.0,0.0,0.0,0.0,0.0,0.0,0.0,86610.0,86610.0,0.0,2.0,1.0,3.0,0.0,"6,6,6,6,6,6,6,6,6,6","0:1-6;1:6-4,0-4,6-3,1-4,0-3,6-7;2:0-6;3:1-2,1-6,0-6;4:1-5,1-6,0-6;5:0-1,1-0,0-9,0-5,1-5,1-9;6:0-5;7:1-5;8:0-8;9:6-11"
859,proposed_c2f_adaptive_pd,9,10,0.9,14,270,0.05185185185185185,31,23,8,14720.0,24.533333333333335,1276.199381159998,421.120683786783,0.8064516129032258,8,0,0.0,0.0,0.0,0.0,0.0,0.0,0.0,0.0,0.0,0.0,108714.0,108714.0,0.0,2.0,1.0,3.0,0.0,"11,11,11,11,11,11,11,11,11,11","0:4-3,2-3,4-11,2-11,4-10,2-10;1:0-6;2:2-4;3:0-13,0-11;4:4-8,4-14,4-5,4-12,4-11,2-11;5:0-8;6:0-12;7:4-11;8:0-6,0-13,0-9,4-6,0-7,0-10;9:0-1,0-13,0-11,0-10,0-6,4-11"
860,proposed_c2f_adaptive_pd,10,10,1.0,11,300,0.03666666666666667,25,13,12,8320.0,13.866666666666667,13655.04995025995,343.4793966679538,1.0,2,1,0.0,0.0,0.0,0.0,0.0,0.0,0.0,0.0,0.0,0.0,83021.0,83021.0,0.0,2.0,1.0,3.0,0.0,"13,13,13,13,13,13,13,13,13,13","0:2-13;1:1-2,2-1,2-13,1-13,4-13;2:4-11,4-13,1-11,4-12,1-12,1-13;3:1-2;4:4-13;5:4-13;6:1-0;7:4-12,4-11,1-12,1-13,1-11,2-13;8:4-13;9:1-9,1-13"
861,proposed_c2f_adaptive_pd,10,10,1.0,16,300,0.05333333333333334,11,6,5,3840.0,6.4,1653.4155457532822,104.71262154068201,1.0,2,1,0.0,0.0,0.0,0.0,0.0,0.0,0.0,0.0,0.0,0.0,42376.0,42376.0,0.0,2.0,1.0,3.0,0.0,"4,4,4,4,4,4,4,4,4,4","0:1-9;1:9-4;2:9-14;3:1-2;4:1-3;5:1-4;6:9-4,4-0;7:1-4;8:9-2;9:1-4"
862,proposed_c2f_adaptive_pd,9,10,0.9,15,300,0.05,15,10,5,6400.0,10.666666666666668,68155.47015345142,141.04120797797657,1.0,3,1,0.0,0.0,0.0,0.0,0.0,0.0,0.0,0.0,0.0,0.0,70462.0,70462.0,0.0,2.0,1.0,3.0,0.0,"2,2,2,2,2,2,2,2,2,2","0:4-2;1:2-3;2:1-4;3:4-11,4-12,1-11,4-7,4-10,1-12;4:1-2;5:4-8;6:1-2;7:1-2;8:1-12;9:1-2"
863,proposed_c2f_adaptive_pd,8,10,0.8,10,300,0.03333333333333333,17,9,8,5760.0,9.600000000000001,1446.986311188752,110.1219762592446,1.0,7,1,0.0,0.0,0.0,0.0,0.0,0.0,0.0,0.0,0.0,0.0,74264.0,74264.0,0.0,2.0,1.0,3.0,0.0,"0,0,0,0,0,0,0,0,0,0","0:14-0;1:0-1;2:2-0;3:0-7,0-3,0-9,2-0;4:2-0;5:0-13;6:2-0;7:0-7,0-3,14-0,2-0;8:2-10,0-10;9:14-0"
864,proposed_c2f_adaptive_pd,9,10,0.9,14,300,0.04666666666666667,10,4,6,2560.0,4.266666666666667,4017.812837677081,38.585044937272045,1.0,3,0,0.0,0.0,0.0,0.0,0.0,0.0,0.0,0.0,0.0,0.0,41258.0,41258.0,0.0,2.0,1.0,3.0,0.0,"0,0,0,0,0,0,0,0,0,0",0:6-0;1:8-0;2:6-0;3:0-11;4:6-3;5:6-0;6:0-7;7:6-0;8:8-3;9:6-0
865,proposed_c2f_adaptive_pd,7,10,0.7,18,300,0.06,20,13,7,8320.0,13.866666666666667,259.63501100534774,25.86557204094355,1.0,2,1,0.0,0.0,0.0,0.0,0.0,0.0,0.0,0.0,0.0,0.0,77048.0,77048.0,0.0,2.0,1.0,3.0,0.0,"0,0,0,0,0,0,0,0,0,0","0:4-9,4-12,4-14,4-0,4-7,1-0;1:0-3;2:0-7,0-5,0-10,4-7,0-9,4-10;3:4-0;4:1-0;5:1-0;6:4-5;7:1-0;8:1-0;9:1-2"
866,proposed_c2f_adaptive_pd,9,10,0.9,29,300,0.09666666666666666,21,11,10,7040.0,11.733333333333334,1779.6252582492211,368.64622820617114,1.0,1,1,0.0,0.0,0.0,0.0,0.0,0.0,0.0,0.0,0.0,0.0,82332.0,82332.0,0.0,2.0,1.0,3.0,0.0,"6,6,6,6,6,6,6,6,6,6","0:4-14;1:0-6,0-2,0-8,0-13,0-9,0-1;2:11-6,4-6,0-6;3:11-7,11-6,4-6,0-6;4:4-14;5:0-7;6:11-6,11-3;7:4-6;8:0-6;9:0-1"
867,proposed_c2f_adaptive_pd,9,10,0.9,10,300,0.03333333333333333,21,18,3,11520.0,19.200000000000003,12255.185591235677,30.506670865944653,1.0,5,1,0.0,0.0,0.0,0.0,0.0,0.0,0.0,0.0,0.0,0.0,75571.0,75571.0,0.0,2.0,1.0,3.0,0.0,"13,13,13,13,13,13,13,13,13,13","0:2-13;1:0-7,2-9;2:13-1;3:0-5;4:13-8,2-8,0-8,13-5,13-7,13-3;5:0-7,2-7,2-5,0-5,2-6;6:0-1;7:0-13,2-13;8:0-3;9:0-5"
868,proposed_c2f_adaptive_pd,9,10,0.9,13,300,0.043333333333333335,22,11,11,7040.0,11.733333333333334,1692.0693728913895,370.40973811602953,1.0,1,1,0.0,0.0,0.0,0.0,0.0,0.0,0.0,0.0,0.0,0.0,78824.0,78824.0,0.0,2.0,1.0,3.0,0.0,"0,0,0,0,0,0,0,0,0,0","0:11-8,11-0,2-0;1:0-13,0-10,0-12,0-1,0-5,0-4;2:2-0;3:2-0;4:2-0;5:11-8,11-14,11-3,11-5,11-0,2-0;6:2-0;7:2-0;8:11-0;9:2-0"
869,proposed_c2f_adaptive_pd,7,10,0.7,6,270,0.022222222222222223,27,22,5,14080.0,23.46666666666667,127965.6053580124,193.62866092930386,0.9629629629629629,0,1,0.0,0.0,0.0,0.0,0.0,0.0,0.0,0.0,0.0,0.0,100444.0,100444.0,0.0,2.0,1.0,3.0,0.0,"3,3,3,3,3,3,3,3,3,3","0:13-1,3-1,0-1,13-5,13-2,3-2;1:13-1,13-3,0-3;2:3-2;3:0-4;4:0-1;5:13-5,13-1,0-5,13-2,0-13,13-3;6:0-3;7:0-2;8:3-12;9:13-2,3-2,13-1,3-1,0-2,13-3"
870,proposed_c2f_adaptive_pd,9,10,0.9,14,300,0.04666666666666667,17,7,10,4480.0,7.466666666666667,1583.0169988238633,57.475983347738,1.0,5,1,0.0,0.0,0.0,0.0,0.0,0.0,0.0,0.0,0.0,0.0,74084.0,74084.0,0.0,2.0,1.0,3.0,0.0,"8,8,8,8,8,8,8,8,8,8","0:1-2;1:7-12,2-12,7-8;2:7-8;3:1-8,2-8;4:2-8;5:2-1,1-8,2-8;6:2-8;7:2-8,7-8;8:2-13,7-13;9:2-13"
871,proposed_c2f_adaptive_pd,9,10,0.9,8,300,0.02666666666666667,19,9,10,5760.0,9.600000000000001,13107.0852854195,36.14788611589901,0.9473684210526315,2,1,0.0,0.0,0.0,0.0,0.0,0.0,0.0,0.0,0.0,0.0,91507.0,91507.0,0.0,2.0,1.0,3.0,0.0,"1,1,1,1,1,1,1,1,1,1","0:0-4,0-1,7-1;1:1-9;2:1-9,7-9,0-9,1-5,7-1,1-7;3:0-1;4:1-5;5:0-1;6:7-1;7:0-4,0-1,7-1;8:7-1;9:0-1"
872,proposed_c2f_adaptive_pd,9,10,0.9,23,300,0.07666666666666666,16,11,5,7040.0,11.733333333333334,23940.931666897442,728.3617368168516,1.0,4,1,0.0,0.0,0.0,0.0,0.0,0.0,0.0,0.0,0.0,0.0,75683.0,75683.0,0.0,2.0,1.0,3.0,0.0,"4,4,4,4,4,4,4,4,4,4","0:1-4;1:1-13;2:0-4;3:1-0,0-1;4:1-14,1-11,1-4,4-1,0-14,1-13;5:0-1;6:0-3;7:1-4;8:0-1;9:1-4"
873,proposed_c2f_adaptive_pd,9,10,0.9,19,300,0.06333333333333334,23,18,5,11520.0,19.200000000000003,317.95806957929864,82.06078574233979,1.0,0,1,0.0,0.0,0.0,0.0,0.0,0.0,0.0,0.0,0.0,0.0,79678.0,79678.0,0.0,2.0,1.0,3.0,0.0,"4,4,4,4,4,4,4,4,4,4","0:4-11,4-5,4-9,4-1,10-11,4-14;1:0-3;2:0-1;3:10-4;4:0-4;5:10-5,0-5,10-4,0-4;6:0-1;7:0-7;8:10-4;9:4-5,10-5,0-5,4-1,10-1,0-1"
874,proposed_c2f_adaptive_pd,10,10,1.0,13,300,0.043333333333333335,12,7,5,4480.0,7.466666666666667,495.4299434645651,314.07811776582207,1.0,5,1,0.0,0.0,0.0,0.0,0.0,0.0,0.0,0.0,0.0,0.0,49013.0,49013.0,0.0,2.0,1.0,3.0,0.0,"3,3,3,3,3,3,3,3,3,3","0:1-10;1:3-4,3-2;2:1-3;3:1-0;4:1-0;5:1-9,7-3;6:1-7;7:7-3;8:7-3;9:7-3"
875,proposed_c2f_adaptive_pd,9,10,0.9,19,270,0.07037037037037037,26,18,8,11520.0,19.200000000000003,1093.053023145318,458.46728634242527,0.9615384615384616,3,1,0.0,0.0,0.0,0.0,0.0,0.0,0.0,0.0,0.0,0.0,93145.0,93145.0,0.0,2.0,1.0,3.0,0.0,"4,4,4,4,4,4,4,4,4,4","0:0-4;1:0-7,0-14,0-11,2-7,1-7,0-6;2:1-4;3:0-7,0-14,1-7,2-7,1-14,0-10;4:2-4;5:1-5;6:0-4;7:2-3,1-3,2-9,0-3,1-9,2-4;8:2-4;9:1-4,2-4"
876,proposed_c2f_adaptive_pd,8,10,0.8,16,270,0.05925925925925926,16,8,8,5120.0,8.533333333333333,238903.4603448452,509.8744235995233,0.9375,3,1,0.0,0.0,0.0,0.0,0.0,0.0,0.0,0.0,0.0,0.0,69049.0,69049.0,0.0,2.0,1.0,3.0,0.0,"0,0,0,0,0,0,0,0,0,0","0:0-6;1:9-5,5-14;2:9-0;3:9-5,5-9,9-14,9-0,5-0;4:5-0;5:9-0;6:0-14;7:5-0,9-0;8:9-5;9:5-0"
877,proposed_c2f_adaptive_pd,9,10,0.9,14,300,0.04666666666666667,18,10,8,6400.0,10.666666666666668,581.0720539649101,42.151100843706004,1.0,5,1,0.0,0.0,0.0,0.0,0.0,0.0,0.0,0.0,0.0,0.0,84508.0,84508.0,0.0,2.0,1.0,3.0,0.0,"4,4,4,4,4,4,4,4,4,4","0:1-0;1:1-4;2:14-4;3:1-4;4:1-6,1-4,6-4;5:1-7,14-7,1-5,1-12,6-7,14-5;6:1-7;7:1-4;8:1-0;9:1-4,14-4"
878,proposed_c2f_adaptive_pd,8,10,0.8,14,270,0.05185185185185185,12,8,4,5120.0,8.533333333333333,281.88734080213305,85.15210037961116,0.8333333333333334,1,0,0.0,0.0,0.0,0.0,0.0,0.0,0.0,0.0,0.0,0.0,56930.0,56930.0,0.0,2.0,1.0,3.0,0.0,"2,2,2,2,2,2,2,2,2,2","0:4-2,1-10;1:2-14,2-0;2:1-2;3:4-8;4:1-5;5:2-14;6:2-0;7:1-2;8:1-8;9:4-2"
879,proposed_c2f_adaptive_pd,10,10,1.0,13,300,0.043333333333333335,21,11,10,7040.0,11.733333333333334,905.7599626721164,349.4570849076505,1.0,9,1,0.0,0.0,0.0,0.0,0.0,0.0,0.0,0.0,0.0,0.0,80014.0,80014.0,0.0,2.0,1.0,3.0,0.0,"2,2,2,2,2,2,2,2,2,2","0:7-4;1:0-2;2:0-2;3:0-2;4:0-2;5:0-4;6:0-2,7-2;7:0-4,7-1,7-4,0-1,7-2,0-2;8:0-2;9:2-3,2-5,2-12,7-2,2-7,2-14"
880,proposed_c2f_adaptive_pd,9,10,0.9,12,300,0.04,22,15,7,9600.0,16.0,1385.9662771009705,356.1738548868602,1.0,2,1,0.0,0.0,0.0,0.0,0.0,0.0,0.0,0.0,0.0,0.0,82235.0,82235.0,0.0,2.0,1.0,3.0,0.0,"0,0,0,0,0,0,0,0,0,0","0:10-0;1:2-4,2-0;2:2-11,0-11,10-11,2-7,2-0,0-2;3:2-0;4:0-14;5:10-0;6:0-11,0-9,0-6,10-11,0-8,0-13;7:10-0;8:2-0;9:0-6,0-7"
881,proposed_c2f_adaptive_pd,8,10,0.8,9,300,0.03,10,5,5,3200.0,5.333333333333334,422.40277869028176,104.74625851166647,1.0,9,1,0.0,0.0,0.0,0.0,0.0,0.0,0.0,0.0,0.0,0.0,44450.0,44450.0,0.0,2.0,1.0,3.0,0.0,"0,0,0,0,0,0,0,0,0,0",0:5-0;1:0-6;2:5-0;3:4-6;4:4-0;5:0-2;6:0-2;7:4-0;8:4-0;9:4-13
882,proposed_c2f_adaptive_pd,9,10,0.9,6,300,0.02,14,8,6,5120.0,8.533333333333333,177.1321884178454,50.05566920488089,1.0,5,1,0.0,0.0,0.0,0.0,0.0,0.0,0.0,0.0,0.0,0.0,68031.0,68031.0,0.0,2.0,1.0,3.0,0.0,"1,1,1,1,1,1,1,1,1,1","0:5-1;1:12-1;2:3-1;3:3-1;4:3-11,3-6,3-9;5:5-14,5-2;6:3-1;7:5-7,3-7;8:3-2;9:3-1"
883,proposed_c2f_adaptive_pd,9,10,0.9,13,300,0.043333333333333335,16,10,6,6400.0,10.666666666666668,861.6650173951724,292.8857296018864,1.0,0,1,0.0,0.0,0.0,0.0,0.0,0.0,0.0,0.0,0.0,0.0,63606.0,63606.0,0.0,2.0,1.0,3.0,0.0,"11,11,11,11,11,11,11,11,11,11","0:0-12,0-7,0-8,5-0,0-5,0-3;1:2-11,0-11;2:2-4;3:5-11;4:2-11;5:5-11;6:0-3;7:5-11;8:2-10;9:2-4"
884,proposed_c2f_adaptive_pd,8,10,0.8,11,300,0.03666666666666667,14,7,7,4480.0,7.466666666666667,320.9203759568562,75.56030993515273,1.0,6,1,0.0,0.0,0.0,0.0,0.0,0.0,0.0,0.0,0.0,0.0,64841.0,64841.0,0.0,2.0,1.0,3.0,0.0,"3,3,3,3,3,3,3,3,3,3","0:3-5;1:1-3;2:0-3;3:3-4;4:0-13;5:0-3;6:3-5,3-14,3-7,1-3;7:0-3,1-3;8:3-14;9:1-3"
885,proposed_c2f_adaptive_pd,7,10,0.7,12,270,0.044444444444444446,11,6,5,3840.0,6.4,241.7152432215682,38.373884705539616,0.9090909090909091,2,0,0.0,0.0,0.0,0.0,0.0,0.0,0.0,0.0,0.0,0.0,52112.0,52112.0,0.0,2.0,1.0,3.0,0.0,"2,2,2,2,2,2,2,2,2,2","0:1-2;1:1-2;2:2-6;3:0-5;4:2-6;5:2-3;6:0-2;7:1-2;8:0-1;9:0-2,0-1"
886,proposed_c2f_adaptive_pd,10,10,1.0,16,300,0.05333333333333334,28,21,7,13440.0,22.4,3252.786697250633,110.54063149539606,1.0,2,1,0.0,0.0,0.0,0.0,0.0,0.0,0.0,0.0,0.0,0.0,97518.0,97518.0,0.0,2.0,1.0,3.0,0.0,"5,5,5,5,5,5,5,5,5,5","0:2-12,2-5,0-5;1:2-5;2:0-13,2-13,0-1,5-13,0-9,2-11;3:2-13;4:2-5,0-5;5:0-5;6:0-5;7:0-1;8:5-8,5-12,2-8,5-14,2-12,0-8;9:5-14,5-8,5-13,2-14,5-12,5-11"
887,proposed_c2f_adaptive_pd,7,10,0.7,23,300,0.07666666666666666,10,5,5,3200.0,5.333333333333334,4914.0514864044735,118.66235169711541,1.0,1,0,0.0,0.0,0.0,0.0,0.0,0.0,0.0,0.0,0.0,0.0,67596.0,67596.0,0.0,3.0,1.0,2.0,0.0,"7,7,7,7,7,7,7,7,7,7",0:7-5;1:1-4;2:1-7;3:7-0;4:1-0;5:7-3;6:1-7;7:1-7;8:1-7;9:1-7
888,proposed_c2f_adaptive_pd,10,10,1.0,13,300,0.043333333333333335,25,10,15,6400.0,10.666666666666668,1934.33684453577,118.77930651065233,1.0,8,1,0.0,0.0,0.0,0.0,0.0,0.0,0.0,0.0,0.0,0.0,89739.0,89739.0,0.0,2.0,1.0,3.0,0.0,"3,3,3,3,3,3,3,3,3,3","0:2-14,2-3,0-3,7-3;1:2-3,7-3;2:7-3;3:2-10,2-8,2-3,7-3,0-3;4:0-12;5:0-3,7-3,2-3;6:0-3;7:0-3;8:7-8,7-10,7-5,7-9,2-8,7-13;9:7-3"
889,proposed_c2f_adaptive_pd,10,10,1.0,8,300,0.02666666666666667,18,12,6,7680.0,12.8,103479.59728787659,106.48028205177614,0.8888888888888888,6,1,0.0,0.0,0.0,0.0,0.0,0.0,0.0,0.0,0.0,0.0,59300.0,59300.0,0.0,2.0,1.0,3.0,0.0,"1,1,1,1,1,1,1,1,1,1","0:0-1;1:0-1;2:0-4;3:0-1;4:0-4;5:0-3;6:1-14,0-14,4-14,0-12,4-12,0-8;7:1-11;8:0-6,0-1,4-1;9:4-1,1-2"
890,proposed_c2f_adaptive_pd,8,10,0.8,12,270,0.044444444444444446,29,23,6,14720.0,24.533333333333335,16202.138432954229,907.6921798018907,0.9655172413793104,4,1,0.0,0.0,0.0,0.0,0.0,0.0,0.0,0.0,0.0,0.0,73992.0,73992.0,0.0,2.0,1.0,3.0,0.0,"1,1,1,1,1,1,1,1,1,1","0:10-1;1:1-14;2:4-1;3:1-7;4:1-2,1-14,1-9,4-2,1-3,10-14;5:10-7,10-11,4-11,4-7,10-0,10-8;6:10-11,10-5,10-0,4-11,4-5,10-1;7:1-6,1-3,4-6,4-1,10-1;8:1-6;9:4-1"
891,proposed_c2f_adaptive_pd,9,10,0.9,10,300,0.03333333333333333,17,14,3,8960.0,14.933333333333334,293.06422400696755,76.60012042726018,0.8823529411764706,9,1,0.0,0.0,0.0,0.0,0.0,0.0,0.0,0.0,0.0,0.0,71484.0,71484.0,0.0,2.0,1.0,3.0,0.0,"0,0,0,0,0,0,0,0,0,0","0:2-12,14-12;1:2-8;2:2-8;3:2-12;4:6-5,6-0;5:2-1;6:2-1;7:2-1;8:2-11;9:6-0,6-9,6-5,14-9,2-0,14-5"
892,proposed_c2f_adaptive_pd,10,10,1.0,10,300,0.03333333333333333,17,10,7,6400.0,10.666666666666668,624.3499888200553,329.007016632205,1.0,5,1,0.0,0.0,0.0,0.0,0.0,0.0,0.0,0.0,0.0,0.0,74255.0,74255.0,0.0,2.0,1.0,3.0,0.0,"13,13,13,13,13,13,13,13,13,13","0:3-13;1:0-1,0-13;2:3-13;3:0-13;4:3-7,3-11;5:13-12,13-8,3-13,13-3,13-7,3-12;6:0-1;7:0-2;8:3-13;9:3-13"
893,proposed_c2f_adaptive_pd,8,10,0.8,11,270,0.040740740740740744,13,4,9,2560.0,4.266666666666667,1071.0042465647616,7.682012189147718,0.9230769230769231,9,1,0.0,0.0,0.0,0.0,0.0,0.0,0.0,0.0,0.0,0.0,50048.0,50048.0,0.0,2.0,1.0,3.0,0.0,"2,2,2,2,2,2,2,2,2,2","0:4-2;1:4-7;2:4-2,0-2;3:0-2,4-2;4:4-2;5:0-2;6:0-2,4-2;7:0-1;8:0-1;9:2-8"
894,proposed_c2f_adaptive_pd,10,10,1.0,13,300,0.043333333333333335,23,19,4,12160.0,20.26666666666667,248.32221615266604,119.38303912007444,0.782608695652174,4,1,0.0,0.0,0.0,0.0,0.0,0.0,0.0,0.0,0.0,0.0,75184.0,75184.0,0.0,2.0,1.0,3.0,0.0,"0,0,0,0,0,0,0,0,0,0","0:0-12,3-7,1-7,3-9,1-9,0-13;1:0-2;2:3-0;3:0-8;4:0-11,0-13,0-2,0-6,0-12,0-7;5:0-10;6:0-4;7:0-2;8:1-0;9:0-13,0-11,3-0,1-0"
895,proposed_c2f_adaptive_pd,8,10,0.8,11,300,0.03666666666666667,24,18,6,11520.0,19.200000000000003,1954.596613717828,40.50936601755312,0.9583333333333334,6,1,0.0,0.0,0.0,0.0,0.0,0.0,0.0,0.0,0.0,0.0,150048.0,150048.0,0.0,3.0,1.0,2.0,0.0,"5,5,5,5,5,5,5,5,5,5","0:1-13;1:5-4,5-8,1-4,5-2,1-5,1-8;2:5-7;3:1-7;4:1-3;5:1-2,1-5,1-11,5-1,1-10;6:1-10,1-2,1-11,1-5,5-1,5-2;7:1-5;8:1-5;9:1-5"
896,proposed_c2f_adaptive_pd,8,10,0.8,16,270,0.05925925925925926,15,12,3,7680.0,12.8,1431.7213188428127,41.35802700344151,0.9333333333333333,9,1,0.0,0.0,0.0,0.0,0.0,0.0,0.0,0.0,0.0,0.0,57415.0,57415.0,0.0,2.0,1.0,3.0,0.0,"10,10,10,10,10,10,10,10,10,10","0:13-10;1:13-10;2:1-8;3:13-10;4:1-11;5:10-2;6:1-0;7:1-0;8:1-8;9:10-6,10-2,10-14,13-6,10-9,10-11"
897,proposed_c2f_adaptive_pd,10,10,1.0,16,300,0.05333333333333334,16,10,6,6400.0,10.666666666666668,1836.3154651150787,184.09382223137314,0.875,4,1,0.0,0.0,0.0,0.0,0.0,0.0,0.0,0.0,0.0,0.0,64721.0,64721.0,0.0,2.0,1.0,3.0,0.0,"1,1,1,1,1,1,1,1,1,1","0:5-1;1:6-1;2:1-13;3:5-1;4:5-10,5-0,1-0,6-10,6-0,6-12;5:5-1;6:1-10;7:5-4;8:5-1;9:6-1,1-12"
898,proposed_c2f_adaptive_pd,9,10,0.9,16,300,0.05333333333333334,19,12,7,7680.0,12.8,1365.600388760707,218.1270958607604,1.0,3,1,0.0,0.0,0.0,0.0,0.0,0.0,0.0,0.0,0.0,0.0,73399.0,73399.0,0.0,2.0,1.0,3.0,0.0,"10,10,10,10,10,10,10,10,10,10","0:12-0;1:12-3;2:13-10;3:2-8,13-8,2-14,2-4,2-7,12-8;4:12-10;5:13-10;6:2-5;7:2-10;8:2-6;9:12-0,12-3,12-10,2-10,13-10"
899,proposed_c2f_adaptive_pd,9,10,0.9,17,300,0.056666666666666664,17,10,7,6400.0,10.666666666666668,1101.497026243277,537.18170372025,1.0,0,0,0.0,0.0,0.0,0.0,0.0,0.0,0.0,0.0,0.0,0.0,55385.0,55385.0,0.0,2.0,1.0,3.0,0.0,"1,1,1,1,1,1,1,1,1,1","0:6-12;1:6-1;2:0-3;3:0-3;4:0-1,0-4;5:0-10;6:0-1,6-1;7:0-3;8:6-10,3-10,6-5,0-1,0-10,6-1;9:0-1"
900,proposed_c2f_adaptive_pd,10,10,1.0,14,300,0.04666666666666667,20,16,4,10240.0,17.066666666666666,1572.9204138283212,273.28864859929615,1.0,9,1,0.0,0.0,0.0,0.0,0.0,0.0,0.0,0.0,0.0,0.0,77427.0,77427.0,0.0,2.0,1.0,3.0,0.0,"1,1,1,1,1,1,1,1,1,1","0:8-10;1:1-6;2:1-6,2-6,8-6,1-12,1-3,2-3;3:2-6;4:2-1;5:2-1;6:1-10;7:2-1;8:8-1;9:2-6,8-6,1-6,2-14,2-9,8-14"
901,proposed_c2f_adaptive_pd,10,10,1.0,25,300,0.08333333333333333,15,11,4,7040.0,11.733333333333334,316.64589706117397,113.01067870127991,1.0,1,1,0.0,0.0,0.0,0.0,0.0,0.0,0.0,0.0,0.0,0.0,70201.0,70201.0,0.0,2.0,1.0,3.0,0.0,"2,2,2,2,2,2,2,2,2,2","0:4-2;1:2-6,0-6,4-6,2-12,2-10,0-10;2:0-2;3:4-2;4:0-9;5:0-2;6:2-6;7:2-6;8:0-1;9:2-1"
902,proposed_c2f_adaptive_pd,9,10,0.9,10,300,0.03333333333333333,19,8,11,5120.0,8.533333333333333,5716.263186799,193.42546008512306,0.9473684210526315,6,1,0.0,0.0,0.0,0.0,0.0,0.0,0.0,0.0,0.0,0.0,72218.0,72218.0,0.0,2.0,1.0,3.0,0.0,"7,7,7,7,7,7,7,7,7,7","0:12-0;1:8-7;2:8-7,1-7;3:1-12;4:8-7,12-7;5:12-7,12-2;6:12-0,12-5,12-4,12-2,12-7,8-7;7:12-7;8:8-7;9:8-10,8-7"
903,proposed_c2f_adaptive_pd,7,10,0.7,14,300,0.04666666666666667,16,6,10,3840.0,6.4,523.3610315448182,17.859999286659374,1.0,1,1,0.0,0.0,0.0,0.0,0.0,0.0,0.0,0.0,0.0,0.0,58777.0,58777.0,0.0,2.0,1.0,3.0,0.0,"8,8,8,8,8,8,8,8,8,8","0:8-3;1:7-14,1-7,7-1,7-9,1-14;2:7-8;3:1-8;4:1-8,7-8;5:1-8;6:1-8;7:7-8,1-8;8:1-8;9:7-8"
904,proposed_c2f_adaptive_pd,8,10,0.8,12,270,0.044444444444444446,23,18,5,11520.0,19.200000000000003,10457.887218369144,63.55541160612505,0.9130434782608695,2,1,0.0,0.0,0.0,0.0,0.0,0.0,0.0,0.0,0.0,0.0,90498.0,90498.0,0.0,2.0,1.0,3.0,0.0,"0,0,0,0,0,0,0,0,0,0","0:1-0;1:0-8,0-14,0-9,0-12;2:0-9,0-14,0-8,0-11,1-14,1-8;3:1-0;4:13-0;5:13-0;6:0-12,1-12,0-6,0-3,1-6,1-0;7:0-14;8:0-3;9:0-6"
905,proposed_c2f_adaptive_pd,9,10,0.9,19,300,0.06333333333333334,23,19,4,12160.0,20.26666666666667,872.6527410812193,177.68342253879746,0.9565217391304348,9,1,0.0,0.0,0.0,0.0,0.0,0.0,0.0,0.0,0.0,0.0,91845.0,91845.0,0.0,2.0,1.0,3.0,0.0,"0,0,0,0,0,0,0,0,0,0","0:1-5,5-1,5-14,5-3,5-0,1-0;1:5-10,0-10;2:5-3;3:1-3;4:1-5;5:5-0,1-5;6:1-0;7:1-5,5-1;8:0-10;9:1-5,5-1,5-3,5-9,5-14,1-3"
906,proposed_c2f_adaptive_pd,10,10,1.0,12,300,0.04,17,14,3,8960.0,14.933333333333334,941.3811043558013,196.9142048791258,0.9411764705882353,5,1,0.0,0.0,0.0,0.0,0.0,0.0,0.0,0.0,0.0,0.0,67136.0,67136.0,0.0,2.0,1.0,3.0,0.0,"11,11,11,11,11,11,11,11,11,11","0:0-3;1:0-1;2:0-11,9-11;3:0-1;4:9-11,9-6;5:11-4,11-14,11-2,11-7,11-6,11-13;6:0-1;7:9-10;8:9-3;9:0-1"
907,proposed_c2f_adaptive_pd,8,10,0.8,10,300,0.03333333333333333,12,8,4,5120.0,8.533333333333333,213.2963218248433,134.50353487810048,1.0,5,1,0.0,0.0,0.0,0.0,0.0,0.0,0.0,0.0,0.0,0.0,61802.0,61802.0,0.0,2.0,1.0,3.0,0.0,"1,1,1,1,1,1,1,1,1,1","0:1-11;1:10-0;2:5-1;3:5-1;4:5-1;5:1-11,1-3,1-7;6:10-1;7:1-6;8:5-8;9:1-2"
908,proposed_c2f_adaptive_pd,10,10,1.0,22,300,0.07333333333333333,21,15,6,9600.0,16.0,512.9598755284494,44.14100823632889,1.0,4,1,0.0,0.0,0.0,0.0,0.0,0.0,0.0,0.0,0.0,0.0,81199.0,81199.0,0.0,2.0,1.0,3.0,0.0,"1,1,1,1,1,1,1,1,1,1","0:0-3;1:0-1;2:13-1;3:0-3;4:1-12,1-10,1-14,1-4,1-3,1-7;5:0-6;6:0-4;7:13-3,13-10,0-1,13-1;8:0-5,0-2,0-1,13-1;9:1-9"
909,proposed_c2f_adaptive_pd,8,10,0.8,10,300,0.03333333333333333,21,15,6,9600.0,16.0,776.4600858636934,36.92716143121576,1.0,8,1,0.0,0.0,0.0,0.0,0.0,0.0,0.0,0.0,0.0,0.0,71320.0,71320.0,0.0,2.0,1.0,3.0,0.0,"2,2,2,2,2,2,2,2,2,2","0:12-3;1:12-8,12-2,12-3,1-8,12-11,1-2;2:5-2;3:5-6;4:1-0;5:1-14;6:1-2,5-2;7:1-14;8:1-0,1-13,12-0,1-2,5-0,12-13;9:1-0"
910,proposed_c2f_adaptive_pd,10,10,1.0,20,300,0.06666666666666667,21,18,3,11520.0,19.200000000000003,5959.029101760416,62.21341439351079,1.0,6,1,0.0,0.0,0.0,0.0,0.0,0.0,0.0,0.0,0.0,0.0,84092.0,84092.0,0.0,2.0,1.0,3.0,0.0,"11,11,11,11,11,11,11,11,11,11","0:0-1;1:0-2;2:1-3;3:9-1,1-9;4:0-11;5:1-11;6:9-0,0-6,0-9,9-6,1-0,0-1;7:1-11;8:1-4,1-7,9-4,9-1,1-9,1-3;9:9-0"
911,proposed_c2f_adaptive_pd,8,10,0.8,10,270,0.037037037037037035,12,8,4,5120.0,8.533333333333333,105.06350936765807,42.68583489364871,0.9166666666666666,9,1,0.0,0.0,0.0,0.0,0.0,0.0,0.0,0.0,0.0,0.0,68954.0,68954.0,0.0,3.0,1.0,2.0,0.0,"4,4,4,4,4,4,4,4,4,4","0:2-10;1:2-3;2:6-4;3:6-4,2-4;4:2-3;5:6-0;6:2-3;7:2-11;8:2-10;9:2-5,2-4"
912,proposed_c2f_adaptive_pd,8,10,0.8,14,270,0.05185185185185185,15,10,5,6400.0,10.666666666666668,9949.382650260242,106.23266218200435,0.9333333333333333,8,1,0.0,0.0,0.0,0.0,0.0,0.0,0.0,0.0,0.0,0.0,59988.0,59988.0,0.0,2.0,1.0,3.0,0.0,"6,6,6,6,6,6,6,6,6,6","0:7-6;1:0-2;2:0-6;3:7-6;4:0-6;5:0-1;6:0-1;7:0-6;8:0-1,0-3,0-9,2-1,7-1,7-3;9:0-8"
913,proposed_c2f_adaptive_pd,10,10,1.0,18,300,0.06,20,14,6,8960.0,14.933333333333334,1353.7173980458422,95.3786834424528,1.0,6,1,0.0,0.0,0.0,0.0,0.0,0.0,0.0,0.0,0.0,0.0,77960.0,77960.0,0.0,2.0,1.0,3.0,0.0,"4,4,4,4,4,4,4,4,4,4","0:0-4;1:7-4;2:0-1;3:0-10;4:0-5;5:7-4;6:0-12,1-12,1-0,0-1,0-3,0-6;7:7-8,7-4,7-14,0-8,0-4,1-4;8:0-1;9:7-6"
914,proposed_c2f_adaptive_pd,8,10,0.8,13,270,0.04814814814814815,18,13,5,8320.0,13.866666666666667,567.9026595791892,72.31785432827027,0.9444444444444444,3,1,0.0,0.0,0.0,0.0,0.0,0.0,0.0,0.0,0.0,0.0,77469.0,77469.0,0.0,2.0,1.0,3.0,0.0,"10,10,10,10,10,10,10,10,10,10","0:10-3;1:0-1;2:1-10;3:0-4,1-4,1-0,0-1,0-12,0-13;4:0-1;5:0-6;6:10-4,0-4,0-10,1-10;7:0-11;8:0-10;9:0-10"
915,proposed_c2f_adaptive_pd,10,10,1.0,11,300,0.03666666666666667,16,10,6,6400.0,10.666666666666668,5882.8102556654285,49.34440061221039,1.0,1,1,0.0,0.0,0.0,0.0,0.0,0.0,0.0,0.0,0.0,0.0,77745.0,77745.0,0.0,2.0,1.0,3.0,0.0,"4,4,4,4,4,4,4,4,4,4","0:0-4;1:3-14,0-14,4-14,3-12,3-13,3-7;2:3-4;3:3-14;4:3-4;5:3-4;6:3-14,0-4;7:0-4;8:0-14;9:0-8"
916,proposed_c2f_adaptive_pd,9,10,0.9,12,300,0.04,10,6,4,3840.0,6.4,12323.295393965616,155.66192897730082,1.0,6,1,0.0,0.0,0.0,0.0,0.0,0.0,0.0,0.0,0.0,0.0,52307.0,52307.0,0.0,2.0,1.0,3.0,0.0,"6,6,6,6,6,6,6,6,6,6",0:1-10;1:0-10;2:0-4;3:1-6;4:0-6;5:1-8;6:6-5;7:0-4;8:0-6;9:0-6
917,proposed_c2f_adaptive_pd,10,10,1.0,12,300,0.04,20,11,9,7040.0,11.733333333333334,610.1021177768623,119.37298653500534,0.95,8,1,0.0,0.0,0.0,0.0,0.0,0.0,0.0,0.0,0.0,0.0,82599.0,82599.0,0.0,2.0,1.0,3.0,0.0,"0,0,0,0,0,0,0,0,0,0","0:12-0;1:12-0;2:0-14,0-1,0-13,12-0,3-0;3:3-0;4:12-0;5:3-0,12-0;6:0-5;7:3-0;8:12-4,12-6,3-4,3-6,12-13,3-12;9:0-13"
918,proposed_c2f_adaptive_pd,9,10,0.9,13,300,0.043333333333333335,17,10,7,6400.0,10.666666666666668,585.4932283084115,35.46512147441895,1.0,8,1,0.0,0.0,0.0,0.0,0.0,0.0,0.0,0.0,0.0,0.0,49280.0,49280.0,0.0,2.0,1.0,3.0,0.0,"7,7,7,7,7,7,7,7,7,7","0:5-7,8-7;1:13-7;2:5-0;3:5-6;4:5-6;5:5-0;6:5-0;7:8-7,5-0;8:5-7,8-7,8-14,13-14,13-7,5-14;9:5-0"
919,proposed_c2f_adaptive_pd,8,10,0.8,15,300,0.05,24,19,5,12160.0,20.26666666666667,5006.619049675768,56.05396184550216,1.0,8,1,0.0,0.0,0.0,0.0,0.0,0.0,0.0,0.0,0.0,0.0,70534.0,70534.0,0.0,2.0,1.0,3.0,0.0,"2,2,2,2,2,2,2,2,2,2","0:1-13,3-13,3-0,1-0,1-9,3-9;1:1-2;2:3-2;3:2-9;4:1-2;5:1-2;6:1-2;7:2-8,2-4,1-8,1-4,2-14;8:3-5,1-5,3-0,1-0,3-6,3-11;9:2-10"
920,proposed_c2f_adaptive_pd,8,10,0.8,11,300,0.03666666666666667,11,4,7,2560.0,4.266666666666667,309.7678859757642,29.411513382709998,1.0,1,1,0.0,0.0,0.0,0.0,0.0,0.0,0.0,0.0,0.0,0.0,57686.0,57686.0,0.0,2.0,1.0,3.0,0.0,"12,12,12,12,12,12,12,12,12,12","0:0-4;1:0-12,12-2;2:4-12;3:4-12;4:0-12;5:0-12;6:0-11;7:4-12;8:0-8;9:4-12"
921,proposed_c2f_adaptive_pd,9,10,0.9,12,270,0.044444444444444446,18,13,5,8320.0,13.866666666666667,282.3544648194116,84.38139106036904,0.9444444444444444,9,1,0.0,0.0,0.0,0.0,0.0,0.0,0.0,0.0,0.0,0.0,60503.0,60503.0,0.0,2.0,1.0,3.0,0.0,"5,5,5,5,5,5,5,5,5,5","0:3-11;1:3-5,12-5;2:3-2;3:3-11,3-5,12-5;4:3-0;5:3-12;6:3-9;7:3-0;8:3-5;9:3-11,3-8,12-8,3-14,3-10,5-11"
922,proposed_c2f_adaptive_pd,10,10,1.0,12,300,0.04,17,11,6,7040.0,11.733333333333334,4648.537166486172,174.97130186811262,1.0,4,1,0.0,0.0,0.0,0.0,0.0,0.0,0.0,0.0,0.0,0.0,78894.0,78894.0,0.0,2.0,1.0,3.0,0.0,"1,1,1,1,1,1,1,1,1,1","0:10-1;1:10-1;2:0-9,0-6;3:0-1;4:10-11,10-5,10-9,12-11,0-5,10-0;5:10-5,10-9;6:12-1;7:0-1;8:0-1;9:0-13"
923,proposed_c2f_adaptive_pd,9,10,0.9,11,300,0.03666666666666667,17,10,7,6400.0,10.666666666666668,722.7825596932191,76.50612188963359,0.9411764705882353,7,1,0.0,0.0,0.0,0.0,0.0,0.0,0.0,0.0,0.0,0.0,81888.0,81888.0,0.0,2.0,1.0,3.0,0.0,"1,1,1,1,1,1,1,1,1,1","0:0-1;1:0-1;2:6-4;3:0-4;4:1-2,6-1;5:0-12;6:0-1;7:6-2,6-11,6-14,0-6,6-1,1-6;8:6-1,0-1;9:0-9"
924,proposed_c2f_adaptive_pd,10,10,1.0,15,300,0.05,14,7,7,4480.0,7.466666666666667,4718.869293707097,267.53450901767707,1.0,4,1,0.0,0.0,0.0,0.0,0.0,0.0,0.0,0.0,0.0,0.0,66039.0,66039.0,0.0,2.0,1.0,3.0,0.0,"1,1,1,1,1,1,1,1,1,1","0:0-1;1:0-1;2:12-1;3:0-1;4:1-2,1-9,0-1,12-1;5:1-9;6:1-6;7:1-2;8:1-13,1-2;9:0-1"
925,proposed_c2f_adaptive_pd,9,10,0.9,17,300,0.056666666666666664,23,17,6,10880.0,18.133333333333333,113.32048940795963,85.0197427394711,1.0,6,1,0.0,0.0,0.0,0.0,0.0,0.0,0.0,0.0,0.0,0.0,83255.0,83255.0,0.0,2.0,1.0,3.0,0.0,"8,8,8,8,8,8,8,8,8,8","0:5-8;1:5-14;2:8-10;3:13-8;4:8-11,5-8,13-8;5:13-6,5-6,13-14,8-6,5-13,13-5;6:13-14,5-14,13-6,13-4,5-6,5-13;7:5-8,13-8;8:5-10;9:13-1"
926,proposed_c2f_adaptive_pd,7,10,0.7,15,300,0.05,11,6,5,3840.0,6.4,258.7399155525284,20.738283828711484,1.0,1,1,0.0,0.0,0.0,0.0,0.0,0.0,0.0,0.0,0.0,0.0,81897.0,81897.0,0.0,3.0,1.0,2.0,0.0,"2,2,2,2,2,2,2,2,2,2","0:0-12;1:2-1;2:0-2;3:0-6;4:0-2;5:0-6;6:0-2;7:0-2,0-4;8:0-2;9:0-12"
927,proposed_c2f_adaptive_pd,9,10,0.9,17,300,0.056666666666666664,20,16,4,10240.0,17.066666666666666,849.2439908365186,232.03409637326934,1.0,3,1,0.0,0.0,0.0,0.0,0.0,0.0,0.0,0.0,0.0,0.0,80096.0,80096.0,0.0,2.0,1.0,3.0,0.0,"6,6,6,6,6,6,6,6,6,6","0:0-1;1:6-14,6-10,11-10,11-6,6-11,6-12;2:11-8;3:6-14,6-10,11-14,11-10,11-6,6-8;4:11-6;5:0-1;6:11-6;7:0-8;8:0-2;9:6-10"
928,proposed_c2f_adaptive_pd,8,10,0.8,10,300,0.03333333333333333,12,5,7,3200.0,5.333333333333334,644.7938961018338,74.3308481145549,1.0,2,1,0.0,0.0,0.0,0.0,0.0,0.0,0.0,0.0,0.0,0.0,48818.0,48818.0,0.0,2.0,1.0,3.0,0.0,"1,1,1,1,1,1,1,1,1,1","0:6-1,1-11;1:6-7;2:6-1,12-1;3:6-1;4:6-1;5:1-7;6:6-1;7:6-1;8:6-8;9:1-8"
929,proposed_c2f_adaptive_pd,9,10,0.9,12,300,0.04,30,25,5,16000.0,26.666666666666668,1017.4063310547424,416.4206133036497,1.0,9,1,0.0,0.0,0.0,0.0,0.0,0.0,0.0,0.0,0.0,0.0,114036.0,114036.0,0.0,2.0,1.0,3.0,0.0,"6,6,6,6,6,6,6,6,6,6","0:0-1;1:7-6;2:0-3,1-3,0-2,1-2,0-10,1-10;3:7-6;4:0-6;5:7-8,7-6,7-12,7-4,0-14,7-9;6:0-5;7:0-4,7-5,0-9,0-5,0-6,7-14;8:0-2;9:7-9,7-5,7-4,1-9,0-9,0-5"
930,proposed_c2f_adaptive_pd,7,10,0.7,14,300,0.04666666666666667,15,12,3,7680.0,12.8,7029.9061126828,337.732416231735,0.9333333333333333,5,1,0.0,0.0,0.0,0.0,0.0,0.0,0.0,0.0,0.0,0.0,59287.0,59287.0,0.0,2.0,1.0,3.0,0.0,"5,5,5,5,5,5,5,5,5,5","0:4-5;1:3-0;2:4-7;3:3-1;4:4-5;5:3-0,3-1,5-0,4-0,5-1,4-1;6:3-0;7:4-5;8:4-12;9:3-0"
931,proposed_c2f_adaptive_pd,10,10,1.0,12,300,0.04,16,13,3,8320.0,13.866666666666667,1158.2322712522796,91.28247141054207,1.0,2,1,0.0,0.0,0.0,0.0,0.0,0.0,0.0,0.0,0.0,0.0,71239.0,71239.0,0.0,2.0,1.0,3.0,0.0,"2,2,2,2,2,2,2,2,2,2","0:3-2;1:3-2;2:2-9,2-10,2-8,2-7,3-9,2-14;3:4-2;4:2-1;5:4-5;6:2-0;7:2-5;8:4-11;9:2-9,2-10"
932,proposed_c2f_adaptive_pd,9,10,0.9,8,270,0.02962962962962963,19,16,3,10240.0,17.066666666666666,843.5250677599327,80.01792473993956,0.9473684210526315,0,1,0.0,0.0,0.0,0.0,0.0,0.0,0.0,0.0,0.0,0.0,79446.0,79446.0,0.0,2.0,1.0,3.0,0.0,"0,0,0,0,0,0,0,0,0,0","0:1-11,0-11,1-13,3-11,1-0,1-2;1:3-0,1-3;2:0-11;3:0-5;4:0-9;5:0-5;6:3-0;7:3-5;8:0-9,0-7,0-12,0-6;9:0-8"
933,proposed_c2f_adaptive_pd,8,10,0.8,19,300,0.06333333333333334,11,10,1,6400.0,10.666666666666668,1545.152522504803,79.20513899865767,1.0,1,1,0.0,0.0,0.0,0.0,0.0,0.0,0.0,0.0,0.0,0.0,58529.0,58529.0,0.0,2.0,1.0,3.0,0.0,"2,2,2,2,2,2,2,2,2,2","0:0-11;1:9-11;2:0-2;3:0-1;4:0-1;5:2-14,2-7;6:0-5;7:9-13;8:9-11;9:0-3"
934,proposed_c2f_adaptive_pd,10,10,1.0,17,300,0.056666666666666664,26,17,9,10880.0,18.133333333333333,6314.116157495426,527.837912352347,1.0,5,1,0.0,0.0,0.0,0.0,0.0,0.0,0.0,0.0,0.0,0.0,99460.0,99460.0,0.0,2.0,1.0,3.0,0.0,"1,1,1,1,1,1,1,1,1,1","0:2-13,11-13,11-0,2-0,11-14,2-14;1:11-13,11-1,2-1;2:2-7,2-1;3:11-1;4:2-11;5:2-7,1-7,11-7,1-12,2-4,1-4;6:2-1;7:1-7,1-12,11-1,2-1;8:2-1;9:2-1"
935,proposed_c2f_adaptive_pd,10,10,1.0,13,300,0.043333333333333335,11,5,6,3200.0,5.333333333333334,6996.3073508746675,2074.151446382372,1.0,8,1,0.0,0.0,0.0,0.0,0.0,0.0,0.0,0.0,0.0,0.0,50519.0,50519.0,0.0,2.0,1.0,3.0,0.0,"2,2,2,2,2,2,2,2,2,2","0:5-2;1:7-6,7-3;2:2-4;3:5-2;4:7-2;5:5-2;6:5-2;7:5-3;8:2-10;9:5-2"
936,proposed_c2f_adaptive_pd,9,10,0.9,14,270,0.05185185185185185,17,13,4,8320.0,13.866666666666667,585.7966481145321,31.995081837672934,0.9411764705882353,1,1,0.0,0.0,0.0,0.0,0.0,0.0,0.0,0.0,0.0,0.0,72614.0,72614.0,0.0,2.0,1.0,3.0,0.0,"0,0,0,0,0,0,0,0,0,0","0:0-9;1:14-6,0-6,14-11,14-2,0-1,0-9;2:14-7;3:14-0;4:5-0;5:5-7,14-0;6:14-6,14-11;7:14-0;8:0-7;9:0-3"
937,proposed_c2f_adaptive_pd,9,10,0.9,16,300,0.05333333333333334,15,10,5,6400.0,10.666666666666668,3328.1420985671275,23.264056933921143,1.0,4,1,0.0,0.0,0.0,0.0,0.0,0.0,0.0,0.0,0.0,0.0,60343.0,60343.0,0.0,2.0,1.0,3.0,0.0,"6,6,6,6,6,6,6,6,6,6","0:10-1;1:10-6;2:0-6;3:0-6;4:11-1,11-8,11-14,11-10,10-11,10-1;5:10-14;6:11-1;7:0-6;8:10-11;9:11-6"
938,proposed_c2f_adaptive_pd,7,10,0.7,11,270,0.040740740740740744,22,19,3,12160.0,20.26666666666667,18186.107239050958,215.91917908128966,0.7272727272727273,2,0,0.0,0.0,0.0,0.0,0.0,0.0,0.0,0.0,0.0,0.0,91857.0,91857.0,0.0,2.0,1.0,3.0,0.0,"14,14,14,14,14,14,14,14,14,14","0:1-4;1:2-6;2:2-8,2-12,2-6,2-14,11-12,1-8;3:1-13;4:2-0;5:2-6,2-0,2-5,1-0,11-0,2-3;6:1-14;7:2-3;8:2-14;9:2-13,2-3,2-5"
939,proposed_c2f_adaptive_pd,9,10,0.9,11,300,0.03666666666666667,14,7,7,4480.0,7.466666666666667,1227.594263026899,368.14901400409155,1.0,5,1,0.0,0.0,0.0,0.0,0.0,0.0,0.0,0.0,0.0,0.0,50534.0,50534.0,0.0,2.0,1.0,3.0,0.0,"3,3,3,3,3,3,3,3,3,3","0:0-3;1:0-1;2:0-3,6-3;3:0-5;4:0-11;5:3-10,3-2,0-3,6-3;6:0-1;7:0-3;8:0-3;9:0-5"
940,proposed_c2f_adaptive_pd,9,10,0.9,19,300,0.06333333333333334,24,15,9,9600.0,16.0,3616.3137458988413,270.4980756728869,0.875,5,1,0.0,0.0,0.0,0.0,0.0,0.0,0.0,0.0,0.0,0.0,92080.0,92080.0,0.0,2.0,1.0,3.0,0.0,"8,8,8,8,8,8,8,8,8,8","0:12-8,12-9,0-8,12-7,1-8;1:0-8;2:0-8;3:12-8,12-6;4:1-2;5:0-1,1-0,1-13,1-4,1-11;6:0-8;7:0-1;8:1-8;9:12-10,12-9,12-8,12-3,12-7,12-6"
941,proposed_c2f_adaptive_pd,9,10,0.9,14,300,0.04666666666666667,17,14,3,8960.0,14.933333333333334,775.4228394669261,305.0832464083503,1.0,7,1,0.0,0.0,0.0,0.0,0.0,0.0,0.0,0.0,0.0,0.0,67879.0,67879.0,0.0,2.0,1.0,3.0,0.0,"6,6,6,6,6,6,6,6,6,6","0:2-1;1:2-7;2:6-0;3:2-13;4:2-1,2-6,7-6;5:2-6;6:2-13;7:6-12,6-14,6-4,6-11,6-0,6-9;8:2-1;9:2-3"
942,proposed_c2f_adaptive_pd,10,10,1.0,12,300,0.04,25,20,5,12800.0,21.333333333333336,2048.1570880733884,850.7027301192569,1.0,3,1,0.0,0.0,0.0,0.0,0.0,0.0,0.0,0.0,0.0,0.0,96166.0,96166.0,0.0,2.0,1.0,3.0,0.0,"1,1,1,1,1,1,1,1,1,1","0:0-1;1:1-12;2:0-1;3:9-2,9-3,0-4,1-2,9-11,0-14;4:0-1;5:0-2;6:0-1;7:9-2,9-13,9-3,9-4,0-14,0-13;8:9-2,9-13,9-4,9-14,9-3,0-9;9:0-1"
943,proposed_c2f_adaptive_pd,6,10,0.6,15,270,0.05555555555555555,17,13,4,8320.0,13.866666666666667,1623.3273560321127,12.345021314693646,0.9411764705882353,2,1,0.0,0.0,0.0,0.0,0.0,0.0,0.0,0.0,0.0,0.0,78157.0,78157.0,0.0,2.0,1.0,3.0,0.0,"12,12,12,12,12,12,12,12,12,12","0:3-12;1:0-3;2:0-7,0-9,0-11,0-14,3-7,0-13;3:12-1;4:3-12;5:0-12;6:0-8;7:3-2;8:12-10;9:12-10,12-1,0-12"
944,proposed_c2f_adaptive_pd,9,10,0.9,13,270,0.04814814814814815,20,13,7,8320.0,13.866666666666667,10570.324580734541,33.40538761637254,0.95,2,1,0.0,0.0,0.0,0.0,0.0,0.0,0.0,0.0,0.0,0.0,79695.0,79695.0,0.0,2.0,1.0,3.0,0.0,"1,1,1,1,1,1,1,1,1,1","0:12-4;1:7-1;2:7-14,12-14,12-10,7-10,1-14,12-11;3:12-8;4:12-1;5:12-14,7-14,1-14,12-10,7-1,12-1;6:7-1;7:7-1;8:7-1;9:12-6"
945,proposed_c2f_adaptive_pd,9,10,0.9,15,300,0.05,25,23,2,14720.0,24.533333333333335,9372.000321670812,684.6284516003403,1.0,6,1,0.0,0.0,0.0,0.0,0.0,0.0,0.0,0.0,0.0,0.0,86958.0,86958.0,0.0,2.0,1.0,3.0,0.0,"4,4,4,4,4,4,4,4,4,4","0:8-4;1:5-6;2:4-0;3:4-10,8-9,4-9,8-2,4-2,4-7;4:4-10,8-10,8-9,4-2,8-2,8-7;5:4-13;6:8-7,8-2,8-10,8-9,4-2,5-2;7:4-2;8:5-4;9:4-6"
946,proposed_c2f_adaptive_pd,9,10,0.9,17,300,0.056666666666666664,24,16,8,10240.0,17.066666666666666,940.5770883165591,29.614933488624725,1.0,1,1,0.0,0.0,0.0,0.0,0.0,0.0,0.0,0.0,0.0,0.0,89365.0,89365.0,0.0,2.0,1.0,3.0,0.0,"12,12,12,12,12,12,12,12,12,12","0:9-12,3-12;1:3-13,9-13,6-13,3-14,9-14,3-5;2:3-13,6-13,9-13,3-14,9-14,6-14;3:3-7;4:9-13;5:6-12;6:3-12;7:3-13,3-14;8:3-12,9-12,6-12;9:3-12"
947,proposed_c2f_adaptive_pd,10,10,1.0,19,300,0.06333333333333334,10,4,6,2560.0,4.266666666666667,27162.530025258828,419.3095941577958,1.0,0,1,0.0,0.0,0.0,0.0,0.0,0.0,0.0,0.0,0.0,0.0,48150.0,48150.0,0.0,2.0,1.0,3.0,0.0,"2,2,2,2,2,2,2,2,2,2",0:13-1;1:13-2;2:13-2;3:10-2;4:13-7;5:2-7;6:2-4;7:10-2;8:13-2;9:10-2
948,proposed_c2f_adaptive_pd,8,10,0.8,16,300,0.05333333333333334,13,8,5,5120.0,8.533333333333333,333621.5089878257,85.48388298501786,1.0,3,1,0.0,0.0,0.0,0.0,0.0,0.0,0.0,0.0,0.0,0.0,63931.0,63931.0,0.0,2.0,1.0,3.0,0.0,"4,4,4,4,4,4,4,4,4,4","0:4-11;1:0-4;2:0-4;3:1-13,0-13,4-13;4:0-4;5:1-4;6:4-12;7:1-13,0-2;8:1-4;9:0-10"
949,proposed_c2f_adaptive_pd,9,10,0.9,9,300,0.03,11,5,6,3200.0,5.333333333333334,36674.92427541543,111.0409256212602,1.0,2,1,0.0,0.0,0.0,0.0,0.0,0.0,0.0,0.0,0.0,0.0,59748.0,59748.0,0.0,2.0,1.0,3.0,0.0,"6,6,6,6,6,6,6,6,6,6","0:0-6;1:0-6;2:3-4,3-2;3:0-6;4:5-6;5:3-6;6:0-3;7:0-1;8:3-6;9:5-8"
950,proposed_c2f_adaptive_pd,10,10,1.0,19,300,0.06333333333333334,10,6,4,3840.0,6.4,209.68314668271046,109.68757932242772,1.0,7,1,0.0,0.0,0.0,0.0,0.0,0.0,0.0,0.0,0.0,0.0,44482.0,44482.0,0.0,2.0,1.0,3.0,0.0,"4,4,4,4,4,4,4,4,4,4",0:1-6;1:1-6;2:1-4;3:4-5;4:1-4;5:6-4;6:1-4;7:4-14;8:1-0;9:1-0
951,proposed_c2f_adaptive_pd,9,10,0.9,16,300,0.05333333333333334,17,10,7,6400.0,10.666666666666668,2792.6247463534773,169.32447146032155,1.0,3,1,0.0,0.0,0.0,0.0,0.0,0.0,0.0,0.0,0.0,0.0,139565.0,139565.0,0.0,3.0,1.0,2.0,0.0,"7,7,7,7,7,7,7,7,7,7","0:0-7;1:1-7;2:0-1;3:0-14,1-14,0-9;4:1-3,1-9,1-14,0-3,1-7,0-7;5:1-7;6:1-7;7:1-9;8:1-7;9:1-9"
952,proposed_c2f_adaptive_pd,10,10,1.0,13,300,0.043333333333333335,16,8,8,5120.0,8.533333333333333,576.7334128775508,67.27269029358119,1.0,9,1,0.0,0.0,0.0,0.0,0.0,0.0,0.0,0.0,0.0,0.0,51704.0,51704.0,0.0,2.0,1.0,3.0,0.0,"9,9,9,9,9,9,9,9,9,9","0:1-9;1:6-9;2:6-9;3:1-9;4:6-9,1-9;5:1-0;6:1-7;7:6-7;8:1-9;9:9-0,1-0,6-10,6-3,6-0,6-9"
953,proposed_c2f_adaptive_pd,7,10,0.7,15,300,0.05,12,9,3,5760.0,9.600000000000001,287.1165051288753,34.31328143479621,1.0,2,1,0.0,0.0,0.0,0.0,0.0,0.0,0.0,0.0,0.0,0.0,56742.0,56742.0,0.0,2.0,1.0,3.0,0.0,"3,3,3,3,3,3,3,3,3,3","0:0-10;1:7-3;2:1-4,1-13;3:1-3;4:0-14;5:1-13,1-4;6:0-1;7:0-2;8:0-14;9:1-3"
954,proposed_c2f_adaptive_pd,9,10,0.9,15,300,0.05,11,3,8,1920.0,3.2,134.32777961579788,30.429633014782354,1.0,8,1,0.0,0.0,0.0,0.0,0.0,0.0,0.0,0.0,0.0,0.0,56198.0,56198.0,0.0,2.0,1.0,3.0,0.0,"10,10,10,10,10,10,10,10,10,10","0:4-10;1:1-10;2:12-10;3:4-10;4:1-10;5:1-10;6:1-3;7:1-0;8:1-5,12-10;9:12-10"
955,proposed_c2f_adaptive_pd,8,10,0.8,14,300,0.04666666666666667,22,15,7,9600.0,16.0,899.8213476036044,53.95074319524639,1.0,3,1,0.0,0.0,0.0,0.0,0.0,0.0,0.0,0.0,0.0,0.0,79070.0,79070.0,0.0,2.0,1.0,3.0,0.0,"0,0,0,0,0,0,0,0,0,0","0:14-5;1:0-1;2:14-4,14-0;3:0-2,14-2,0-5,6-2,14-5,0-1;4:14-0;5:6-0;6:6-8;7:0-10,0-12,0-3,14-10,14-0,6-0;8:6-0,14-0;9:0-1"
956,proposed_c2f_adaptive_pd,10,10,1.0,12,300,0.04,19,12,7,7680.0,12.8,2323.498349141191,555.8465727845255,1.0,9,1,0.0,0.0,0.0,0.0,0.0,0.0,0.0,0.0,0.0,0.0,68471.0,68471.0,0.0,2.0,1.0,3.0,0.0,"0,0,0,0,0,0,0,0,0,0","0:1-0;1:0-13,5-0;2:0-12,5-12;3:0-9;4:1-0;5:5-0;6:5-0;7:5-9,0-9,0-4;8:1-0;9:0-10,5-10,1-10,0-11,5-11,5-0"
957,proposed_c2f_adaptive_pd,10,10,1.0,19,300,0.06333333333333334,17,12,5,7680.0,12.8,358.30073411941487,186.1569881804677,1.0,3,1,0.0,0.0,0.0,0.0,0.0,0.0,0.0,0.0,0.0,0.0,74766.0,74766.0,0.0,2.0,1.0,3.0,0.0,"0,0,0,0,0,0,0,0,0,0","0:10-5,0-5;1:2-0;2:2-5,10-5,0-5,2-0,10-0;3:2-3,2-9,10-3;4:0-4;5:10-0;6:2-8;7:10-8;8:2-4;9:10-0"
958,proposed_c2f_adaptive_pd,10,10,1.0,12,300,0.04,16,8,8,5120.0,8.533333333333333,1029.126252821146,225.0513377258796,1.0,4,1,0.0,0.0,0.0,0.0,0.0,0.0,0.0,0.0,0.0,0.0,58253.0,58253.0,0.0,2.0,1.0,3.0,0.0,"13,13,13,13,13,13,13,13,13,13","0:1-13;1:2-3;2:1-13;3:1-13,2-13;4:2-3,2-10,13-3,2-11,2-4,2-0;5:1-13;6:2-13;7:1-13;8:13-6;9:2-13"
959,proposed_c2f_adaptive_pd,9,10,0.9,13,300,0.043333333333333335,21,13,8,8320.0,13.866666666666667,98.58165041567236,96.07113193367269,1.0,2,1,0.0,0.0,0.0,0.0,0.0,0.0,0.0,0.0,0.0,0.0,80696.0,80696.0,0.0,2.0,1.0,3.0,0.0,"1,1,1,1,1,1,1,1,1,1","0:3-1,0-1;1:3-1;2:0-8,0-1,1-0,3-0,0-3,0-14;3:3-1;4:3-1;5:0-1;6:3-1;7:0-10;8:3-4,3-10,0-4,3-13,3-11,0-13;9:0-4"
960,proposed_c2f_adaptive_pd,10,10,1.0,18,300,0.06,24,16,8,10240.0,17.066666666666666,1717.0320536161357,27.513062698790804,1.0,5,1,0.0,0.0,0.0,0.0,0.0,0.0,0.0,0.0,0.0,0.0,93514.0,93514.0,0.0,2.0,1.0,3.0,0.0,"13,13,13,13,13,13,13,13,13,13","0:2-5,2-9,2-13,0-13;1:2-13;2:0-12;3:2-4,13-4,2-3,2-13,13-3,13-5;4:13-4;5:0-11,0-9,0-5,0-12,0-2,2-0;6:0-13;7:0-11;8:2-13,0-13;9:2-13"
961,proposed_c2f_adaptive_pd,9,10,0.9,18,270,0.06666666666666667,13,5,8,3200.0,5.333333333333334,218.12490678243415,81.14766893625294,0.9230769230769231,2,1,0.0,0.0,0.0,0.0,0.0,0.0,0.0,0.0,0.0,0.0,45170.0,45170.0,0.0,2.0,1.0,3.0,0.0,"8,8,8,8,8,8,8,8,8,8","0:3-8;1:1-8;2:1-0,1-4,4-1,4-0;3:1-0;4:3-8;5:1-8;6:1-8;7:4-8;8:4-8;9:1-8"
962,proposed_c2f_adaptive_pd,10,10,1.0,13,300,0.043333333333333335,21,17,4,10880.0,18.133333333333333,897.4114328351556,327.7782860966808,1.0,3,1,0.0,0.0,0.0,0.0,0.0,0.0,0.0,0.0,0.0,0.0,87940.0,87940.0,0.0,2.0,1.0,3.0,0.0,"3,3,3,3,3,3,3,3,3,3","0:3-12;1:3-0,3-8,3-4,9-0,3-6,3-10;2:1-14;3:3-4,3-0,3-13,3-8,3-5,3-6;4:1-3;5:9-3;6:9-3;7:3-4;8:1-3;9:1-5,1-14"
963,proposed_c2f_adaptive_pd,9,10,0.9,13,300,0.043333333333333335,20,12,8,7680.0,12.8,1395.810573290254,44.45706500160058,1.0,9,1,0.0,0.0,0.0,0.0,0.0,0.0,0.0,0.0,0.0,0.0,66989.0,66989.0,0.0,2.0,1.0,3.0,0.0,"2,2,2,2,2,2,2,2,2,2","0:1-5;1:1-14,1-8,1-9,1-2,5-2,3-2;2:3-2;3:5-2;4:5-2;5:1-6;6:3-2;7:1-6;8:5-2;9:5-0,5-4,5-8,5-9,5-11,5-14"
964,proposed_c2f_adaptive_pd,9,10,0.9,22,300,0.07333333333333333,17,12,5,7680.0,12.8,1393.4683995903285,142.4621714866135,1.0,2,1,0.0,0.0,0.0,0.0,0.0,0.0,0.0,0.0,0.0,0.0,65600.0,65600.0,0.0,2.0,1.0,3.0,0.0,"2,2,2,2,2,2,2,2,2,2","0:0-4;1:3-2;2:0-14,0-7,0-6,2-6,3-0,0-3;3:0-2;4:0-3;5:0-7,3-2,0-2;6:3-2;7:0-3;8:0-6;9:0-7"
965,proposed_c2f_adaptive_pd,9,10,0.9,10,270,0.037037037037037035,18,8,10,5120.0,8.533333333333333,7675.563322201326,201.07886034176505,0.6111111111111112,8,0,0.0,0.0,0.0,0.0,0.0,0.0,0.0,0.0,0.0,0.0,63645.0,63645.0,0.0,2.0,1.0,3.0,0.0,"0,0,0,0,0,0,0,0,0,0","0:2-0,7-0;1:2-0;2:7-0;3:7-0;4:2-0;5:2-0;6:2-0;7:0-13,2-0,7-0;8:2-12,2-10,0-10,2-6,7-10,7-6;9:0-6"
966,proposed_c2f_adaptive_pd,10,10,1.0,27,300,0.09,11,5,6,3200.0,5.333333333333334,321.1916164297927,63.95129263180884,1.0,5,1,0.0,0.0,0.0,0.0,0.0,0.0,0.0,0.0,0.0,0.0,65077.0,65077.0,0.0,2.0,1.0,3.0,0.0,"6,6,6,6,6,6,6,6,6,6","0:1-6;1:13-6;2:1-6;3:0-14;4:13-6;5:13-8,13-12;6:1-6;7:1-6;8:0-14;9:0-5"
967,proposed_c2f_adaptive_pd,10,10,1.0,14,300,0.04666666666666667,15,13,2,8320.0,13.866666666666667,11280.154563712935,119.22565249110107,1.0,4,1,0.0,0.0,0.0,0.0,0.0,0.0,0.0,0.0,0.0,0.0,56574.0,56574.0,0.0,2.0,1.0,3.0,0.0,"0,0,0,0,0,0,0,0,0,0","0:5-3;1:2-0;2:0-3;3:0-7;4:2-14,2-1,2-4,0-14,2-3,0-4;5:5-3;6:0-3;7:0-1;8:0-8;9:2-0"
968,proposed_c2f_adaptive_pd,7,10,0.7,19,300,0.06333333333333334,17,10,7,6400.0,10.666666666666668,5289.94440951431,91.54485737899125,1.0,2,1,0.0,0.0,0.0,0.0,0.0,0.0,0.0,0.0,0.0,0.0,72188.0,72188.0,0.0,2.0,1.0,3.0,0.0,"9,9,9,9,9,9,9,9,9,9","0:3-9;1:3-9;2:2-4,3-2,2-3,2-14,2-9,9-2;3:2-9,3-2;4:3-9;5:2-1;6:2-14,2-9;7:9-4;8:2-8;9:3-9"
969,proposed_c2f_adaptive_pd,9,10,0.9,14,300,0.04666666666666667,18,13,5,8320.0,13.866666666666667,165.70599771832093,123.24768222641283,1.0,9,1,0.0,0.0,0.0,0.0,0.0,0.0,0.0,0.0,0.0,0.0,72590.0,72590.0,0.0,2.0,1.0,3.0,0.0,"0,0,0,0,0,0,0,0,0,0","0:4-0;1:4-0;2:0-8,0-3,5-2,4-0;3:4-0;4:4-0;5:0-6;6:0-11;7:0-1;8:0-14;9:5-3,5-2,5-8,5-1,0-8,5-10"
970,proposed_c2f_adaptive_pd,9,10,0.9,22,270,0.08148148148148149,20,12,8,7680.0,12.8,2457247.638797171,238.9184420482811,0.95,0,1,0.0,0.0,0.0,0.0,0.0,0.0,0.0,0.0,0.0,0.0,97197.0,97197.0,0.0,2.0,1.0,3.0,0.0,"12,12,12,12,12,12,12,12,12,12","0:12-5,12-8,12-7,12-2,13-5,12-4;1:10-12;2:10-11;3:12-5,13-12,10-12;4:13-12;5:13-8;6:12-5;7:13-8;8:12-14,10-12,13-12;9:13-12,10-12"
971,proposed_c2f_adaptive_pd,10,10,1.0,11,300,0.03666666666666667,26,19,7,12160.0,20.26666666666667,5179.4602743772075,262.497172142383,1.0,7,1,0.0,0.0,0.0,0.0,0.0,0.0,0.0,0.0,0.0,0.0,81477.0,81477.0,0.0,2.0,1.0,3.0,0.0,"10,10,10,10,10,10,10,10,10,10","0:0-2;1:0-4;2:3-10,0-10;3:3-10;4:0-10;5:0-10;6:0-9,3-14,3-9,0-12,3-10,0-10;7:4-2,0-2,0-4,4-0,4-5,4-7;8:0-7;9:0-13,3-13,4-13,0-9,3-9,4-9"
972,proposed_c2f_adaptive_pd,8,10,0.8,7,270,0.025925925925925925,17,14,3,8960.0,14.933333333333334,3775.9258309875863,165.469037491441,0.8823529411764706,7,1,0.0,0.0,0.0,0.0,0.0,0.0,0.0,0.0,0.0,0.0,77660.0,77660.0,0.0,2.0,1.0,3.0,0.0,"9,9,9,9,9,9,9,9,9,9","0:9-0;1:2-0;2:9-11,2-11;3:9-8,9-6;4:2-9;5:7-9;6:2-9;7:9-8,9-11,9-1,9-0,7-8,9-6;8:2-0;9:9-6"
973,proposed_c2f_adaptive_pd,8,10,0.8,16,270,0.05925925925925926,20,14,6,8960.0,14.933333333333334,5403.094989431715,56.32539543197321,0.95,7,1,0.0,0.0,0.0,0.0,0.0,0.0,0.0,0.0,0.0,0.0,99067.0,99067.0,0.0,2.0,1.0,3.0,0.0,"0,0,0,0,0,0,0,0,0,0","0:3-2;1:6-4;2:0-8;3:3-1;4:3-11;5:6-11,3-11,6-0,3-0;6:3-0;7:3-13,6-13,0-13,6-11,3-11,6-5;8:6-11,6-0,3-0;9:3-0"
974,proposed_c2f_adaptive_pd,10,10,1.0,14,300,0.04666666666666667,12,9,3,5760.0,9.600000000000001,4356.430882243514,268.4419871619462,1.0,6,1,0.0,0.0,0.0,0.0,0.0,0.0,0.0,0.0,0.0,0.0,95673.0,95673.0,0.0,3.0,1.0,2.0,0.0,"1,1,1,1,1,1,1,1,1,1","0:12-1;1:12-1;2:1-4;3:1-3;4:1-2;5:1-6;6:12-5,12-8;7:12-5,12-8;8:12-1;9:1-7"
975,proposed_c2f_adaptive_pd,8,10,0.8,21,300,0.07,13,2,11,1280.0,2.1333333333333333,158.84205059396655,112.12134878088702,1.0,1,1,0.0,0.0,0.0,0.0,0.0,0.0,0.0,0.0,0.0,0.0,49876.0,49876.0,0.0,2.0,1.0,3.0,0.0,"8,8,8,8,8,8,8,8,8,8","0:3-8;1:4-8,4-7;2:4-8;3:4-8,3-8;4:3-8;5:8-5;6:3-8;7:4-8;8:4-8;9:4-8,3-8"
976,proposed_c2f_adaptive_pd,9,10,0.9,16,300,0.05333333333333334,16,11,5,7040.0,11.733333333333334,2389.596131497871,100.43363046424702,1.0,8,1,0.0,0.0,0.0,0.0,0.0,0.0,0.0,0.0,0.0,0.0,62177.0,62177.0,0.0,2.0,1.0,3.0,0.0,"3,3,3,3,3,3,3,3,3,3","0:5-3;1:0-2;2:3-1;3:5-3,0-3;4:5-3;5:0-3;6:3-1;7:3-1;8:5-13,0-13,5-14,5-8,5-11,5-6;9:0-2"
977,proposed_c2f_adaptive_pd,10,10,1.0,12,300,0.04,22,15,7,9600.0,16.0,17343.658498332905,140.7483914904459,1.0,3,1,0.0,0.0,0.0,0.0,0.0,0.0,0.0,0.0,0.0,0.0,78665.0,78665.0,0.0,2.0,1.0,3.0,0.0,"6,6,6,6,6,6,6,6,6,6","0:11-0;1:10-9;2:11-12;3:12-8,12-3,11-8,12-14,11-14,12-1;4:11-6,10-6,12-6,12-3,11-3,11-1;5:11-6;6:12-13,12-6,11-6;7:12-8;8:12-6;9:11-4"
978,proposed_c2f_adaptive_pd,10,10,1.0,15,300,0.05,21,15,6,9600.0,16.0,345.824903390951,92.96517929982073,1.0,2,1,0.0,0.0,0.0,0.0,0.0,0.0,0.0,0.0,0.0,0.0,63009.0,63009.0,0.0,2.0,1.0,3.0,0.0,"13,13,13,13,13,13,13,13,13,13","0:13-14,0-14,0-10,0-13,13-0,0-4;1:0-13;2:7-1,7-2,7-6,7-5,7-3,7-12;3:7-13;4:7-5;5:0-13;6:0-8;7:7-13;8:0-13;9:13-2,13-5"
979,proposed_c2f_adaptive_pd,9,10,0.9,21,300,0.07,14,8,6,5120.0,8.533333333333333,3651.0640289047647,30.288278817226605,1.0,9,1,0.0,0.0,0.0,0.0,0.0,0.0,0.0,0.0,0.0,0.0,58914.0,58914.0,0.0,2.0,1.0,3.0,0.0,"0,0,0,0,0,0,0,0,0,0","0:7-0;1:1-0;2:1-7;3:7-0;4:1-0;5:0-10;6:1-12,1-10,0-10,1-0;7:1-13;8:1-0;9:1-10,1-12"
980,proposed_c2f_adaptive_pd,10,10,1.0,10,300,0.03333333333333333,15,9,6,5760.0,9.600000000000001,1532.0394589231844,93.08023057693673,1.0,4,1,0.0,0.0,0.0,0.0,0.0,0.0,0.0,0.0,0.0,0.0,62523.0,62523.0,0.0,2.0,1.0,3.0,0.0,"1,1,1,1,1,1,1,1,1,1","0:2-4;1:2-0;2:4-1;3:4-1;4:1-5,1-11,1-6,1-0,1-12,4-5;5:4-1;6:2-1;7:4-1;8:2-4;9:4-1"
981,proposed_c2f_adaptive_pd,9,10,0.9,14,300,0.04666666666666667,17,10,7,6400.0,10.666666666666668,2955.206672393212,411.4634331726048,0.8823529411764706,7,1,0.0,0.0,0.0,0.0,0.0,0.0,0.0,0.0,0.0,0.0,59769.0,59769.0,0.0,2.0,1.0,3.0,0.0,"3,3,3,3,3,3,3,3,3,3","0:14-10;1:0-3;2:0-3;3:0-3;4:3-2;5:3-6;6:0-3;7:3-11,0-11,3-8,3-2,3-9,3-7;8:0-3,14-3;9:14-3,3-13"
982,proposed_c2f_adaptive_pd,8,10,0.8,13,270,0.04814814814814815,16,11,5,7040.0,11.733333333333334,1376.3936779907458,420.38715408955613,0.9375,6,1,0.0,0.0,0.0,0.0,0.0,0.0,0.0,0.0,0.0,0.0,53102.0,53102.0,0.0,2.0,1.0,3.0,0.0,"3,3,3,3,3,3,3,3,3,3","0:9-3;1:2-3;2:2-3;3:2-3;4:2-5;5:2-9;6:9-6,9-0,7-6,2-6,9-12,7-0;7:9-0,9-3;8:2-4;9:9-6"
983,proposed_c2f_adaptive_pd,7,10,0.7,11,270,0.040740740740740744,21,16,5,10240.0,17.066666666666666,10251.616471894717,207.7577702549453,0.9523809523809523,6,1,0.0,0.0,0.0,0.0,0.0,0.0,0.0,0.0,0.0,0.0,74141.0,74141.0,0.0,2.0,1.0,3.0,0.0,"7,7,7,7,7,7,7,7,7,7","0:14-11;1:0-2,7-2,0-10,14-10,7-10,14-5;2:0-8;3:0-7;4:0-7;5:0-9;6:0-5,0-2,14-10,7-5,14-2,0-11;7:0-11;8:14-7,0-7;9:0-7"
984,proposed_c2f_adaptive_pd,8,10,0.8,20,300,0.06666666666666667,15,8,7,5120.0,8.533333333333333,1834.8380742341433,385.5213525890738,1.0,6,1,0.0,0.0,0.0,0.0,0.0,0.0,0.0,0.0,0.0,0.0,61317.0,61317.0,0.0,2.0,1.0,3.0,0.0,"6,6,6,6,6,6,6,6,6,6","0:0-6;1:0-6;2:0-6;3:4-6;4:4-6;5:0-5;6:6-9,6-11,6-12,4-11,4-12,6-2;7:0-6;8:0-6;9:6-13"
985,proposed_c2f_adaptive_pd,10,10,1.0,16,300,0.05333333333333334,21,16,5,10240.0,17.066666666666666,2865.1028028321853,344.82603627179486,1.0,8,1,0.0,0.0,0.0,0.0,0.0,0.0,0.0,0.0,0.0,0.0,83585.0,83585.0,0.0,2.0,1.0,3.0,0.0,"2,2,2,2,2,2,2,2,2,2","0:1-2;1:5-2;2:1-2;3:2-7;4:2-14,2-7,5-14,2-10,5-2,2-8;5:2-7,2-14;6:1-4;7:1-2;8:1-13,1-9,5-11,1-3,1-0,5-13;9:1-4"
986,proposed_c2f_adaptive_pd,8,10,0.8,19,300,0.06333333333333334,18,10,8,6400.0,10.666666666666668,2607.675333695918,131.36608361364216,0.9444444444444444,0,1,0.0,0.0,0.0,0.0,0.0,0.0,0.0,0.0,0.0,0.0,69212.0,69212.0,0.0,2.0,1.0,3.0,0.0,"1,1,1,1,1,1,1,1,1,1","0:6-2,0-2,9-2,6-1,0-1,9-1;1:9-11,9-1,0-1,6-1;2:0-1;3:0-6;4:9-3;5:0-3;6:0-11;7:9-14;8:0-5;9:0-1"
987,proposed_c2f_adaptive_pd,9,10,0.9,16,300,0.05333333333333334,21,15,6,9600.0,16.0,850.2243286386558,116.85306747547318,1.0,7,1,0.0,0.0,0.0,0.0,0.0,0.0,0.0,0.0,0.0,0.0,89797.0,89797.0,0.0,2.0,1.0,3.0,0.0,"9,9,9,9,9,9,9,9,9,9","0:0-9;1:0-5;2:0-9;3:2-9;4:9-1,0-9;5:9-8,9-7,9-11,9-10,9-4,0-8;6:0-5;7:0-14,0-1,9-14,0-4,0-9,0-10;8:0-9;9:0-3"
988,proposed_c2f_adaptive_pd,8,10,0.8,17,270,0.06296296296296296,20,17,3,10880.0,18.133333333333333,32200.305218422454,63.63984650393199,0.95,9,1,0.0,0.0,0.0,0.0,0.0,0.0,0.0,0.0,0.0,0.0,80660.0,80660.0,0.0,2.0,1.0,3.0,0.0,"0,0,0,0,0,0,0,0,0,0","0:6-13;1:6-5;2:0-3;3:6-0;4:0-4;5:7-4;6:6-0;7:0-2,0-12,6-2,0-9,0-1,6-0;8:6-7;9:0-3,0-13,0-2,0-5,6-3,0-9"
989,proposed_c2f_adaptive_pd,10,10,1.0,18,300,0.06,22,12,10,7680.0,12.8,845.4452904302647,304.40754250472037,1.0,8,1,0.0,0.0,0.0,0.0,0.0,0.0,0.0,0.0,0.0,0.0,81357.0,81357.0,0.0,2.0,1.0,3.0,0.0,"12,12,12,12,12,12,12,12,12,12","0:2-12;1:9-6,2-6,2-4,9-8,9-12,2-12;2:2-12;3:2-12;4:2-12;5:2-12,9-12;6:12-10,2-11;7:2-12;8:12-11,12-5,2-11,9-11,12-0,12-7;9:2-12"
990,proposed_c2f_adaptive_pd,9,10,0.9,9,300,0.03,23,16,7,10240.0,17.066666666666666,2922.3514129513233,283.3065448959257,1.0,1,1,0.0,0.0,0.0,0.0,0.0,0.0,0.0,0.0,0.0,0.0,89062.0,89062.0,0.0,2.0,1.0,3.0,0.0,"4,4,4,4,4,4,4,4,4,4","0:0-10;1:0-12,0-11,0-14,4-12,4-11,8-12;2:0-4;3:0-4;4:0-4;5:0-4,4-5;6:8-2,0-13,8-13,8-11,8-12,8-0;7:0-13;8:8-2,8-4,0-4;9:0-4"
991,proposed_c2f_adaptive_pd,8,10,0.8,16,270,0.05925925925925926,18,13,5,8320.0,13.866666666666667,196.19685212620809,9.827027072369528,0.7222222222222222,6,1,0.0,0.0,0.0,0.0,0.0,0.0,0.0,0.0,0.0,0.0,87480.0,87480.0,0.0,2.0,1.0,3.0,0.0,"7,7,7,7,7,7,7,7,7,7","0:6-7;1:6-7;2:6-7;3:14-7;4:14-5,14-9,14-4;5:6-13;6:6-13,7-13,6-2,14-13,7-2,14-2;7:6-0;8:6-7;9:6-2,6-1"
992,proposed_c2f_adaptive_pd,8,10,0.8,11,270,0.040740740740740744,15,11,4,7040.0,11.733333333333334,350.1580645660103,111.62543632387451,0.9333333333333333,5,1,0.0,0.0,0.0,0.0,0.0,0.0,0.0,0.0,0.0,0.0,57122.0,57122.0,0.0,2.0,1.0,3.0,0.0,"6,6,6,6,6,6,6,6,6,6","0:4-6;1:0-2;2:0-14;3:0-2;4:12-6;5:12-3,12-8,12-11,4-8,4-11,0-8;6:0-2;7:4-6;8:12-6;9:0-2"
993,proposed_c2f_adaptive_pd,9,10,0.9,12,300,0.04,13,6,7,3840.0,6.4,425.0932013448858,60.949171339320436,1.0,3,1,0.0,0.0,0.0,0.0,0.0,0.0,0.0,0.0,0.0,0.0,55655.0,55655.0,0.0,2.0,1.0,3.0,0.0,"0,0,0,0,0,0,0,0,0,0","0:0-3;1:10-0,0-3;2:7-0;3:0-3,0-5;4:10-0;5:0-3;6:10-0;7:0-3,10-0;8:7-0;9:10-0"
994,proposed_c2f_adaptive_pd,10,10,1.0,8,300,0.02666666666666667,15,12,3,7680.0,12.8,240.37546063185238,20.460020040852243,1.0,8,1,0.0,0.0,0.0,0.0,0.0,0.0,0.0,0.0,0.0,0.0,64563.0,64563.0,0.0,2.0,1.0,3.0,0.0,"0,0,0,0,0,0,0,0,0,0","0:3-1;1:6-0;2:6-0;3:3-0;4:0-1;5:0-5;6:3-5;7:0-4;8:3-5,3-12,3-11,6-3,3-6,3-1;9:0-5"
995,proposed_c2f_adaptive_pd,8,10,0.8,14,270,0.05185185185185185,11,7,4,4480.0,7.466666666666667,1966.0419028573954,33.163174037730116,0.9090909090909091,1,1,0.0,0.0,0.0,0.0,0.0,0.0,0.0,0.0,0.0,0.0,59024.0,59024.0,0.0,2.0,1.0,3.0,0.0,"2,2,2,2,2,2,2,2,2,2","0:4-13;1:4-13,11-2;2:2-6;3:2-0;4:11-2;5:11-13;6:2-0;7:11-2;8:4-11;9:11-2"
996,proposed_c2f_adaptive_pd,9,10,0.9,10,270,0.037037037037037035,10,5,5,3200.0,5.333333333333334,183.52941567845812,47.38301292552396,0.9,3,1,0.0,0.0,0.0,0.0,0.0,0.0,0.0,0.0,0.0,0.0,54217.0,54217.0,0.0,2.0,1.0,3.0,0.0,"1,1,1,1,1,1,1,1,1,1",0:0-6;1:0-1;2:8-1;3:0-7;4:0-7;5:1-12;6:8-1;7:0-1;8:0-14;9:8-1
997,proposed_c2f_adaptive_pd,10,10,1.0,14,300,0.04666666666666667,20,17,3,10880.0,18.133333333333333,847.0433326079744,135.22155771956238,0.95,6,1,0.0,0.0,0.0,0.0,0.0,0.0,0.0,0.0,0.0,0.0,83592.0,83592.0,0.0,2.0,1.0,3.0,0.0,"0,0,0,0,0,0,0,0,0,0","0:8-11;1:0-13;2:0-14;3:0-13;4:0-14,0-10,0-7,11-14,11-0,8-0;5:0-2;6:0-10,0-7,0-14,11-14,8-14,0-4;7:11-0;8:0-2;9:0-2"
998,proposed_c2f_adaptive_pd,8,10,0.8,18,300,0.06,23,15,8,9600.0,16.0,838.5664300404317,250.44345118696629,0.9565217391304348,5,1,0.0,0.0,0.0,0.0,0.0,0.0,0.0,0.0,0.0,0.0,96904.0,96904.0,0.0,2.0,1.0,3.0,0.0,"5,5,5,5,5,5,5,5,5,5","0:8-12,8-9,8-0,8-5,8-10,5-8;1:1-6,1-5,8-5;2:1-5;3:8-5;4:1-5;5:8-7,8-0,8-4,1-7,5-7,1-4;6:8-5;7:1-9;8:1-6;9:1-4,1-5"
999,proposed_c2f_adaptive_pd,9,10,0.9,16,270,0.05925925925925926,14,8,6,5120.0,8.533333333333333,443.6038491669071,248.99325256565868,0.7142857142857143,9,0,0.0,0.0,0.0,0.0,0.0,0.0,0.0,0.0,0.0,0.0,50300.0,50300.0,0.0,2.0,1.0,3.0,0.0,"8,8,8,8,8,8,8,8,8,8","0:0-8;1:10-8;2:0-1;3:8-3;4:0-8;5:0-8;6:0-8;7:8-13,8-4;8:10-1;9:10-2,10-11,10-1,10-8"
