trial,m_rx,axis,target,n_links,n_receivers,rho_mean,rho_p10,rho_p50,rho_p90,spread_p90_p10,rho_min,rho_max,spread_receiver_level,spearman_rho_sinr,top1,medrank1,headroom1,top2,medrank2,headroom2,top3,medrank3,headroom3,headroom_vs_mean1
0,1,0,0,210,15,0.04435072007099858,1.8177142535602544e-08,1.4450914389896319e-05,0.07164253074646056,0.07164251256931801,0.0,0.8800495842984074,6.356077082190214e-05,0.09253271049230141,0.8800495842984074,1.4315737785541849e-05,0.8800352685606219,0.8793093946590673,1.4450914389896319e-05,0.8792949437446774,0.8734841002226977,1.431167126760465e-05,0.8734697885514301,0.8356988642274088
0,1,0,1,210,15,0.13608457213478212,1.623740598977186e-07,0.0018336859394679772,0.5124067229358202,0.5124065605617604,0.0,0.9593910295546568,0.06425885051870917,-0.25610622851830134,0.9593910295546568,0.0018151842456182177,0.9575758453090386,0.9417644775227545,0.0018336859394679772,0.9399307915832865,0.9342193945681982,0.001809926773856274,0.932409467794342,0.8233064574198747
0,1,0,2,210,15,0.08283565353113416,3.148628406890453e-08,9.72000353793856e-05,0.35315210340986114,0.35315207192357706,0.0,0.8542105875429254,0.014369310170576237,0.08016832257291225,0.8542105875429254,9.506055864472174e-05,0.8541155269842807,0.8520183701815838,9.72000353793856e-05,0.8519211701462044,0.8480229354469223,9.595589454181042e-05,0.8479269795523805,0.7713749340117912
0,1,0,3,210,15,0.1630645509796543,1.6924214660596352e-06,0.010190139871717685,0.6864290229800883,0.6864273305586223,2.634482076935285e-09,0.9170676781235618,0.11652047541333514,-0.49934983948453643,0.9170676781235618,0.008626053817558432,0.9084416243060034,0.902607802984833,0.010190139871717685,0.8924176631131153,0.892272309208864,0.00960904538944655,0.8826632638194175,0.7540031271439075
0,1,0,4,210,15,0.0072978931815921725,1.5222819427229696e-08,1.4551950090480048e-06,0.0009973483555570039,0.0009973331327375766,0.0,0.5147692014127413,0.00014347529324674194,0.017826772877907824,0.5147692014127413,1.3980360595855501e-06,0.5147678033766817,0.4556372162672971,1.4551950090480048e-06,0.45563576107228804,0.37094731498929195,1.3384171197265242e-06,0.3709459765721722,0.5074713082311492
0,1,0,5,210,15,0.03242774758809696,3.3838951030151776e-08,4.612843426826663e-05,0.054698439807080855,0.054698405968129825,0.0,0.8555531390300093,0.004751978189250126,-0.3953293401534858,0.8555531390300093,4.207243098364177e-05,0.8555110665990256,0.8433479542427771,4.612843426826663e-05,0.8433018258085088,0.8228733525411879,4.442756968921676e-05,0.8228289249714986,0.8231253914419123
0,1,0,6,210,15,0.04040111376443542,2.9611683483032895e-08,1.5400935412968053e-05,0.07310159000495302,0.07310156039326954,0.0,0.6539930773119966,0.006610100867768618,0.0733887713683174,0.6539930773119966,1.5365186706750578e-05,0.6539777121252899,0.6378858405113199,1.5400935412968053e-05,0.637870439575907,0.6253295103305332,1.493963526488784e-05,0.6253145706952683,0.6135919635475612
0,1,0,7,210,15,0.28634486025883277,5.429748177743223e-08,0.026270905329435212,0.8864106359056017,0.8864105816081199,0.0,0.9525516400985037,0.665564228159001,-0.1879155018092409,0.9525516400985037,0.025627669040517498,0.9269239710579862,0.9525450873901471,0.026270905329435212,0.9262741820607119,0.9492294126826534,0.024923866758528163,0.9243055459241252,0.6662067798396709
0,1,0,8,210,15,0.0351678895174726,1.898780648889043e-05,0.0017497956202521259,0.09472605396631491,0.09470706615982602,0.0,0.6757208022476988,0.03171886181052782,-0.47537391518434174,0.6757208022476988,0.0017362855902327556,0.6739845166574661,0.657640324004687,0.0017497956202521259,0.6558905283844348,0.6505943944150784,0.0017451479301123045,0.6488492464849661,0.6405529127302262
0,1,0,9,210,15,0.2080745617808744,3.429804963372974e-08,0.003318694793952859,0.8711736918549058,0.8711736575568562,0.0,0.9553055172258765,0.15366893187413982,-0.05985817624630296,0.9553055172258765,0.0032912907682740578,0.9520142264576025,0.9526733721339207,0.003318694793952859,0.9493546773399678,0.9484000864389642,0.003209844280465927,0.9451902421584983,0.7472309554450021
0,1,1,0,210,15,0.04435072007099858,1.8177142535602544e-08,1.4450914389896319e-05,0.07164253074646056,0.07164251256931801,0.0,0.8800495842984074,6.356077082190214e-05,0.09253271049230141,0.8800495842984074,1.4315737785541849e-05,0.8800352685606219,0.8793093946590673,1.4450914389896319e-05,0.8792949437446774,0.8734841002226977,1.431167126760465e-05,0.8734697885514301,0.8356988642274088
0,1,1,1,210,15,0.13608457213478212,1.623740598977186e-07,0.0018336859394679772,0.5124067229358202,0.5124065605617604,0.0,0.9593910295546568,0.06425885051870917,-0.25610622851830134,0.9593910295546568,0.0018151842456182177,0.9575758453090386,0.9417644775227545,0.0018336859394679772,0.9399307915832865,0.9342193945681982,0.001809926773856274,0.932409467794342,0.8233064574198747
0,1,1,2,210,15,0.08283565353113416,3.148628406890453e-08,9.72000353793856e-05,0.35315210340986114,0.35315207192357706,0.0,0.8542105875429254,0.014369310170576237,0.08016832257291225,0.8542105875429254,9.506055864472174e-05,0.8541155269842807,0.8520183701815838,9.72000353793856e-05,0.8519211701462044,0.8480229354469223,9.595589454181042e-05,0.8479269795523805,0.7713749340117912
0,1,1,3,210,15,0.1630645509796543,1.6924214660596352e-06,0.010190139871717685,0.6864290229800883,0.6864273305586223,2.634482076935285e-09,0.9170676781235618,0.11652047541333514,-0.49934983948453643,0.9170676781235618,0.008626053817558432,0.9084416243060034,0.902607802984833,0.010190139871717685,0.8924176631131153,0.892272309208864,0.00960904538944655,0.8826632638194175,0.7540031271439075
0,1,1,4,210,15,0.0072978931815921725,1.5222819427229696e-08,1.4551950090480048e-06,0.0009973483555570039,0.0009973331327375766,0.0,0.5147692014127413,0.00014347529324674194,0.017826772877907824,0.5147692014127413,1.3980360595855501e-06,0.5147678033766817,0.4556372162672971,1.4551950090480048e-06,0.45563576107228804,0.37094731498929195,1.3384171197265242e-06,0.3709459765721722,0.5074713082311492
0,1,1,5,210,15,0.03242774758809696,3.3838951030151776e-08,4.612843426826663e-05,0.054698439807080855,0.054698405968129825,0.0,0.8555531390300093,0.004751978189250126,-0.3953293401534858,0.8555531390300093,4.207243098364177e-05,0.8555110665990256,0.8433479542427771,4.612843426826663e-05,0.8433018258085088,0.8228733525411879,4.442756968921676e-05,0.8228289249714986,0.8231253914419123
0,1,1,6,210,15,0.04040111376443542,2.9611683483032895e-08,1.5400935412968053e-05,0.07310159000495302,0.07310156039326954,0.0,0.6539930773119966,0.006610100867768618,0.0733887713683174,0.6539930773119966,1.5365186706750578e-05,0.6539777121252899,0.6378858405113199,1.5400935412968053e-05,0.637870439575907,0.6253295103305332,1.493963526488784e-05,0.6253145706952683,0.6135919635475612
0,1,1,7,210,15,0.28634486025883277,5.429748177743223e-08,0.026270905329435212,0.8864106359056017,0.8864105816081199,0.0,0.9525516400985037,0.665564228159001,-0.1879155018092409,0.9525516400985037,0.025627669040517498,0.9269239710579862,0.9525450873901471,0.026270905329435212,0.9262741820607119,0.9492294126826534,0.024923866758528163,0.9243055459241252,0.6662067798396709
0,1,1,8,210,15,0.0351678895174726,1.898780648889043e-05,0.0017497956202521259,0.09472605396631491,0.09470706615982602,0.0,0.6757208022476988,0.03171886181052782,-0.47537391518434174,0.6757208022476988,0.0017362855902327556,0.6739845166574661,0.657640324004687,0.0017497956202521259,0.6558905283844348,0.6505943944150784,0.0017451479301123045,0.6488492464849661,0.6405529127302262
0,1,1,9,210,15,0.2080745617808744,3.429804963372974e-08,0.003318694793952859,0.8711736918549058,0.8711736575568562,0.0,0.9553055172258765,0.15366893187413982,-0.05985817624630296,0.9553055172258765,0.0032912907682740578,0.9520142264576025,0.9526733721339207,0.003318694793952859,0.9493546773399678,0.9484000864389642,0.003209844280465927,0.9451902421584983,0.7472309554450021
0,4,0,0,210,15,0.47395890052799555,0.023088095685419686,0.4495721100379678,0.9348985190958874,0.9118104234104677,0.0,0.9976410442481701,0.4995619849990306,0.08509490011111363,0.9976410442481701,0.4494648966610122,0.5481761475871579,0.9964229577020467,0.4495721100379678,0.5468508476640789,0.9946324395033637,0.44456526070636454,0.5500671787969991,0.5236821437201746
0,4,0,1,210,15,0.6736474489464102,0.13668530796345096,0.7915115969868525,0.9795936917044988,0.8429083837410478,0.0,1.0,0.6251070715753954,-0.07413514397799756,1.0,0.7912988781011505,0.20870112189884948,1.0,0.7915115969868525,0.20848840301314753,1.0,0.7898921442917887,0.21010785570821133,0.32635255105358985
0,4,0,2,210,15,0.496860563630906,0.027025960981941318,0.48809411038961115,0.9275480967818968,0.9005221357999554,0.0,0.9831114993770703,0.6206844340881145,0.19072735695334847,0.9831114993770703,0.4811769877286757,0.5019345116483946,0.9830649957987989,0.48809411038961115,0.49497088540918777,0.9822184339610046,0.4855371566028612,0.49668127735814344,0.4862509357461643
0,4,0,3,210,15,0.45765276474013883,0.08192290890196202,0.3894427997578626,0.9256040297683622,0.8436811208664001,0.0,1.0,0.5184145742230386,-0.22107725150878058,1.0,0.3831284600722059,0.6168715399277941,1.0,0.3894427997578626,0.6105572002421373,0.9963682440563701,0.38733038043867946,0.6090378636176907,0.5423472352598612
0,4,0,4,210,15,0.44867354426176365,0.0021028980070686328,0.4195462937167863,0.92696731346222,0.9248644154551514,0.0,0.9868170505944927,0.7988405622762106,0.06428976361627896,0.9868170505944927,0.41725328757085167,0.569563763023641,0.9836956652995376,0.4195462937167863,0.5641493715827512,0.982472072325414,0.41816321232948733,0.5643088599959267,0.538143506332729
0,4,0,5,210,15,0.7836587369906151,0.2565400814167428,0.9118721908244607,0.9855941345567183,0.7290540531399755,0.0,1.0,0.3266712603504718,-0.3371446712429501,1.0,0.9114839630829172,0.08851603691708276,1.0,0.9118721908244607,0.0881278091755393,1.0,0.9115233012978475,0.08847669870215247,0.21634126300938494
0,4,0,6,210,15,0.40540104322745496,0.005922898472481203,0.3397232672151901,0.9343457191320413,0.9284228206595602,0.0,1.0,0.7481073152276525,-0.08407122934436478,1.0,0.3315931209126137,0.6684068790873863,1.0,0.3397232672151901,0.6602767327848099,1.0,0.33618106072853227,0.6638189392714677,0.594598956772545
0,4,0,7,210,15,0.8025895314862703,0.0835355561997589,0.9475867884072887,0.9962868676575694,0.9127513114578104,0.0,1.0,0.26836290195194923,-0.2593158898970822,1.0,0.9472372258023299,0.05276277419767006,1.0,0.9475867884072887,0.052413211592711284,1.0,0.9468146107973979,0.053185389202602074,0.19741046851372968
0,4,0,8,210,15,0.3884545518048974,0.09784866355732606,0.31493908210401,0.8397375444470706,0.7418888808897446,0.0,1.0,0.35259921896483226,-0.09048536895880373,1.0,0.31489815447173886,0.6851018455282611,1.0,0.31493908210401,0.68506091789599,0.9833661714937595,0.31462169293840936,0.6687444785553501,0.6115454481951026
0,4,0,9,210,15,0.5132757377644945,0.0004855603869479264,0.534946341799862,0.983466917955937,0.9829813575689891,0.0,0.9988537229120892,0.6928392025377598,-0.06109953902420852,0.9988537229120892,0.5333024435193428,0.46555127939274643,0.9980267468554767,0.534946341799862,0.46308040505561465,0.9976741109700477,0.5340168347634834,0.4636572762065643,0.48557798514759465
0,4,1,0,210,15,0.7098932035930043,0.12171822839641763,0.8447093124323442,0.9847101399737199,0.8629919115773023,0.0,1.0,0.5674090713860127,0.2770927750224333,1.0,0.8417691629004893,0.1582308370995107,1.0,0.8447093124323442,0.15529068756765585,1.0,0.843521917898448,0.156478082101552,0.29010679640699566
0,4,1,1,210,15,0.7973698659997938,0.49731700335712914,0.8609811719787674,0.9784220136642993,0.4811050103071701,0.05112473825736252,0.9962815275828744,0.28032368507588556,-0.21776263148176345,0.9962815275828744,0.8608714168279124,0.135410110754962,0.9962777200663431,0.8609811719787674,0.13529654808757563,0.9956233595400467,0.8608837298225862,0.13473962971746045,0.1989116615830806
0,4,1,2,210,15,0.5541444729434922,0.03181008466485443,0.6362965968756571,0.9566018685394742,0.9247917838746197,0.0,0.9959111208073738,0.6177233316879209,0.23278856339469958,0.9959111208073738,0.634145745806455,0.36176537500091877,0.9945562502181022,0.6362965968756571,0.35825965334244514,0.9936167067480094,0.6330587012459391,0.3605580055020703,0.44176664786388153
0,4,1,3,210,15,0.8157055732852605,0.6016244992327278,0.8961737932325292,0.9867405077561738,0.3851160085234461,0.0,0.9987375149095602,0.2746171800756537,-0.06356153200752851,0.9987375149095602,0.8950860419841842,0.10365147292537602,0.9981516557498453,0.8961737932325292,0.10197786251731611,0.9979521474730874,0.8954968756078098,0.10245527186527759,0.1830319416242997
0,4,1,4,210,15,0.4626460255731698,0.019546227567398163,0.44838647837671386,0.9202455598572307,0.9006993322898325,0.0,1.0,0.7776031220256926,0.14646201889903562,1.0,0.42118201596643734,0.5788179840335627,1.0,0.44838647837671386,0.5516135216232861,1.0,0.4338023891002379,0.5661976108997622,0.5373539744268302
0,4,1,5,210,15,0.577783758755704,0.08320613785737963,0.6787346014808211,0.9260556276075781,0.8428494897501985,0.0,0.98727203485373,0.5922215079808598,-0.23464412863265444,0.98727203485373,0.6752216830103668,0.31205035184336327,0.9870657927549402,0.6787346014808211,0.3083311912741191,0.9851102862890763,0.677002159576654,0.30810812671242227,0.40948827609802607
0,4,1,6,210,15,0.624454726657053,0.12334325741780094,0.7340212912436547,0.940028068522723,0.8166848111049221,0.0,1.0,0.6268946337264152,-0.14133200299326515,1.0,0.7340078976668729,0.2659921023331271,1.0,0.7340212912436547,0.26597870875634533,1.0,0.7329564306822675,0.26704356931773254,0.37554527334294696
0,4,1,7,210,15,0.8249617677071864,0.483770606169379,0.9244814687843346,0.9946479321245438,0.5108773259551649,0.0,1.0,0.17360761032474425,0.00787902543951434,1.0,0.9237214093271314,0.07627859067286857,1.0,0.9244814687843346,0.07551853121566543,1.0,0.9241229795612768,0.07587702043872324,0.17503823229281357
0,4,1,8,210,15,0.6969540339154091,0.327024761028233,0.7352363038588074,0.9363830947600112,0.6093583337317783,0.0,0.9782745828365915,0.3345217973213255,-0.15844285422733914,0.9782745828365915,0.7352228282614025,0.24305175457518902,0.9747292880775091,0.7352363038588074,0.2394929842187017,0.9722932965118963,0.7349858811514736,0.23730741536042277,0.2813205489211824
0,4,1,9,210,15,0.6126910860201947,0.051692591091098965,0.7609275803591176,0.99239211126874,0.9406995201776411,0.0,1.0,0.7383697322223827,-0.11453126569115593,1.0,0.759245744006088,0.24075425599391198,1.0,0.7609275803591176,0.23907241964088244,1.0,0.7599351960912949,0.2400648039087051,0.38730891397980527
0,8,0,0,210,15,0.7749991719193439,0.306726980090823,0.8854989673592417,0.9884993405149666,0.6817723604241436,0.050606427444079616,1.0,0.3099261925391794,0.1637426180703806,1.0,0.8850115779108381,0.11498842208916193,1.0,0.8854989673592417,0.11450103264075828,1.0,0.8846268297118215,0.1153731702881785,0.22500082808065613
0,8,0,1,210,15,0.7811137962437115,0.3803648445713944,0.9179287593270689,0.9904496937200187,0.6100848491486243,0.004333338553157207,0.9992933937742524,0.4738462618869712,-0.4092992066551558,0.9992933937742524,0.9167858880749158,0.08250750569933663,0.9992262175486446,0.9179287593270689,0.08129745822157575,0.9989879178003181,0.9168022907161523,0.08218562708416588,0.21817959753054095
0,8,0,2,210,15,0.714594421636625,0.12258496235235022,0.8664725817564132,0.9797408086898596,0.8571558463375093,0.0,0.9968421693041583,0.5648162281597093,0.2580188083306068,0.9968421693041583,0.8654209610268216,0.1314212082773366,0.9968042727801084,0.8664725817564132,0.13033169102369524,0.9967609953079819,0.8651589788189407,0.13160201648904124,0.28224774766753324
0,8,0,3,210,15,0.62768526355776,0.25894536923885647,0.6405190565905343,0.952799343231364,0.6938539739925075,0.00022219571039416852,0.9917586699013372,0.3258022876924268,-0.13040334571888576,0.9917586699013372,0.6404996805690694,0.35125898933226785,0.991275813915752,0.6405190565905343,0.3507567573252177,0.9905545308250078,0.6398907908259601,0.35066373999904765,0.3640734063435772
0,8,0,4,210,15,0.6951282727334517,0.15849244601065537,0.8948807527776118,0.9873637988701159,0.8288713528594606,0.0,1.0,0.7275953429991203,-0.009095768287586696,1.0,0.8933143014598487,0.10668569854015131,0.9989907597240719,0.8948807527776118,0.10411000694646011,0.9982737013026831,0.8943574306132728,0.10391627068941034,0.3048717272665483
0,8,0,5,210,15,0.932845662263123,0.8948206164958787,0.9792717824433568,0.9963986468735753,0.10157803037769653,0.0,1.0,0.06895594222244261,-0.21948084342696467,1.0,0.9792685715709168,0.020731428429083154,1.0,0.9792717824433568,0.020728217556643225,1.0,0.9792368393075419,0.020763160692458094,0.06715433773687696
0,8,0,6,210,15,0.5857368812726679,0.08912052818480999,0.7116136419437484,0.9787476384155365,0.8896271102307265,0.0,0.9990459290151572,0.7526973665290563,-0.11290764610794543,0.9990459290151572,0.7081515051507983,0.29089442386435893,0.9987538859673466,0.7116136419437484,0.28714024402359817,0.9980753772205757,0.7064226213830248,0.2916527558375509,0.41330904774248933
0,8,0,7,210,15,0.8814241299128723,0.5895681395872374,0.9817764124456256,0.9988482892437034,0.409280149656466,0.0,0.9997643436051705,0.182009374482769,-0.24249011153476108,0.9997643436051705,0.9816514129349816,0.01811293067018893,0.9997623183278266,0.9817764124456256,0.017985905882200948,0.9997543159420088,0.9817165841419047,0.01803773180010415,0.11834021369229819
0,8,0,8,210,15,0.5891270202245755,0.23972491262815113,0.5879089749265493,0.9184655584631125,0.6787406458349614,0.020353843170003882,0.9706459918496397,0.3706527515919931,0.0863310797458964,0.9706459918496397,0.5875386335802659,0.3831073582693738,0.9704705989154615,0.5879089749265493,0.38256162398891225,0.9693647595375464,0.5877682417887254,0.381596517748821,0.3815189716250642
0,8,0,9,210,15,0.6898170016524044,0.11548995751302318,0.8739973985164676,0.9966516379799099,0.8811616804668867,0.0,0.9995509365060288,0.44469095671226977,-0.07982234776946676,0.9995509365060288,0.8733517178197856,0.12619921868624318,0.9995068107605367,0.8739973985164676,0.12550941224406909,0.9994537422505618,0.8718224976865998,0.12763124456396202,0.3097339348536243
0,8,1,0,210,15,0.8272729172633324,0.3293664288395614,0.951089368954325,0.9893718249374832,0.6600053960979217,0.0018031601735362113,0.9993467136744003,0.4443595556326516,0.3696896269108791,0.9993467136744003,0.9509711661364189,0.048375547537981456,0.9993345046667752,0.951089368954325,0.04824513571245015,0.9993056388180408,0.9509516113483966,0.048354027469644234,0.1720737964110679
0,8,1,1,210,15,0.9314535714148386,0.8288384249927526,0.9755487684756999,0.9969109718918604,0.16807254689910778,0.16924543532040426,0.9994985036624255,0.0964158110739991,-0.25864985600580515,0.9994985036624255,0.9753937915367031,0.024104712125722405,0.9994827322739233,0.9755487684756999,0.023933963798223323,0.9994421467688493,0.9753231224264557,0.024119024342393658,0.0680449322475869
0,8,1,2,210,15,0.7934827849523283,0.3013724967597772,0.9315522780635632,0.987846442428982,0.6864739456692048,0.008726410143327534,0.9987997170271194,0.3830476479482121,0.13518479524964933,0.9987997170271194,0.9314541322325173,0.06734558479460218,0.9982949305698084,0.9315522780635632,0.06674265250624523,0.9979651372145925,0.9314450246761751,0.06652011253841739,0.20531693207479118
0,8,1,3,210,15,0.9630059649546113,0.9265058495775519,0.9745058475074388,0.9950477208063726,0.06854187122882072,0.4289466739079727,0.9992906714055373,0.030706780411896673,-0.3305050649026703,0.9992906714055373,0.974445925388769,0.024844746016768338,0.9992473698644782,0.9745058475074388,0.024741522357039303,0.9992320807725356,0.9744481844838678,0.02478389628866773,0.03628470645092596
0,8,1,4,210,15,0.6432429460690087,0.16841088827692188,0.7625930385143318,0.9676688434548647,0.7992579551779428,0.003687659540430377,0.9883142606331499,0.7048295616557143,0.22015335624714522,0.9883142606331499,0.7612028384453288,0.2271114221878211,0.9875679944874809,0.7625930385143318,0.2249749559731491,0.9866419364338664,0.7598225194162459,0.22681941701762054,0.3450713145641412
0,8,1,5,210,15,0.7846277990739939,0.3527901561185452,0.9022064910280834,0.9812490880141173,0.628458931895572,0.061746393804442246,0.9972478695212728,0.3345881980576957,-0.16622016048306895,0.9972478695212728,0.9005764057427306,0.09667146377854219,0.997062035871592,0.9022064910280834,0.09485554484350867,0.9968724925720607,0.901633607663387,0.09523888490867372,0.21262007044727882
0,8,1,6,210,15,0.7874967559055618,0.27230320164427424,0.9314925724758383,0.9815067381780964,0.7092035365338222,0.0905353329895,0.999121190309097,0.4895840806579109,-0.2935077892922742,0.999121190309097,0.9314323506183811,0.06768883969071582,0.9982625163775478,0.9314925724758383,0.06676994390170954,0.9979065524657468,0.9305096382948786,0.06739691417086813,0.21162443440353518
0,8,1,7,210,15,0.9320112473695693,0.8431291237323457,0.9779772223913785,0.9983277291048253,0.15519860537247954,0.07841005877752161,0.9996496076226169,0.038682173572628153,-0.008583932904212275,0.9996496076226169,0.977930710581739,0.021718897040877927,0.9995958397096572,0.9779772223913785,0.021618617318278632,0.9995759453257579,0.9779533073371818,0.02162263798857611,0.06763836025304759
0,8,1,8,210,15,0.8847665221104524,0.7186226564300091,0.9394174360548048,0.9855970766805509,0.26697442025054174,0.18308352464447242,0.9972310339807114,0.09788972441831167,-0.28332420884179427,0.9972310339807114,0.9394107146262893,0.05782031935442211,0.997199748600829,0.9394174360548048,0.057782312546024284,0.9968179402482699,0.9393750109439779,0.057442929304291956,0.11246451187025908
0,8,1,9,210,15,0.7967592131303843,0.3144395421664736,0.9453931399388379,0.9981345703505102,0.6836950281840366,0.0014045192803666673,0.999686568552351,0.14946722419381453,-0.19907351316680327,0.999686568552351,0.9450216823869443,0.05466488616540677,0.9996691775602018,0.9453931399388379,0.054276037621363904,0.9995541628164175,0.9448753526516743,0.054678810164743186,0.20292735542196672
0,16,0,0,210,15,0.8694916362387435,0.6012051317603994,0.9598273342173402,0.9946582306982178,0.39345309893781844,0.1329085355089299,0.9993222460128354,0.1079813992618448,0.16542973115684514,0.9993222460128354,0.959691110935354,0.039631135077481394,0.9991053142982276,0.9598273342173402,0.03927798008088734,0.9989089362557847,0.9595362553708983,0.039372680884886435,0.1298306097740919
0,16,0,1,210,15,0.8643124988174886,0.4687605470667051,0.9726058393234556,0.996501082014014,0.5277405349473089,0.006189022619194184,0.9996442912776023,0.35580896099538695,-0.3138166398331028,0.9996442912776023,0.9725470994135101,0.027097191864092207,0.9996155936097697,0.9726058393234556,0.027009754286314136,0.9995833701419938,0.970961911401727,0.02862145874026678,0.13533179246011373
0,16,0,2,210,15,0.8280333906054547,0.38525189954739164,0.9540158133524008,0.9930919236626464,0.6078400241152548,0.0,0.9989041900172372,0.4680757258689754,0.22769871684813067,0.9989041900172372,0.9538489750548966,0.04505521496234055,0.9988067226612629,0.9540158133524008,0.04479090930886209,0.9987669371660236,0.9537888372722656,0.044978099893758006,0.17087079941178251
0,16,0,3,210,15,0.8484179344304181,0.5213914061833869,0.950763760127853,0.9923374219615045,0.4709460157781177,0.0006273890217777245,0.9987550501647187,0.2468590791649985,0.011949088576676503,0.9987550501647187,0.9505329354385472,0.04822211472617144,0.9985442037478953,0.950763760127853,0.0477804436200423,0.9981553095042681,0.9505685957304176,0.047586713773850486,0.15033711573430053
0,16,0,4,210,15,0.8393990047939962,0.3216645087051558,0.979380996773224,0.9953224170648477,0.6736579083596919,0.0,0.9992681008064012,0.5782460809608821,-0.09531217099189163,0.9992681008064012,0.9793072687878194,0.019960832018581787,0.9991754634395842,0.979380996773224,0.0197944666663602,0.9991130898262952,0.9792057600686124,0.019907329757682835,0.15986909601240495
0,16,0,5,210,15,0.9886691612931002,0.972350475629296,0.994234552039327,0.9987552984176119,0.026404822788315907,0.8942290793532611,0.9997117263608302,0.01675096895288497,-0.23565872889893844,0.9997117263608302,0.9942203642267822,0.0054913621340479946,0.9996882088919576,0.994234552039327,0.005453656852630662,0.9996268072714173,0.9942241324937218,0.005402674777695515,0.011042565067729937
0,16,0,6,210,15,0.713248884366957,0.20654402334958927,0.8506624483556435,0.9941289831920669,0.7875849598424776,0.0,0.9997704559473627,0.5022931633359113,-0.13053292429695523,0.9997704559473627,0.8464364842710814,0.15333397167628127,0.9997638307888554,0.8506624483556435,0.14910138243321192,0.9995431861459262,0.8485621221003061,0.15098106404562006,0.2865215715804057
0,16,0,7,210,15,0.9326730029765992,0.9141975339417328,0.996652019076216,0.9998254663133351,0.08562793237160238,0.0,0.9999801359091308,0.08793484271902896,-0.22575115081974648,0.9999801359091308,0.9965866476541909,0.0033934882549399026,0.9999681331681798,0.996652019076216,0.003316114091963751,0.9999636169854238,0.996628668670939,0.003334948314484776,0.06730713293253165
0,16,0,8,210,15,0.8485279552629417,0.5131510900449281,0.9618511643685825,0.9939085997061252,0.4807575096611971,0.02609592142778938,0.9986662511119166,0.3023994781555954,0.14655661126102631,0.9986662511119166,0.9612309333317488,0.03743531778016784,0.9985917860796332,0.9618511643685825,0.036740621711050636,0.9985181987587226,0.9605478213078188,0.037970377450903814,0.15013829584897498
0,16,0,9,210,15,0.8149277879482252,0.2900656228692715,0.9613217819120492,0.9989641788215191,0.7088985559522476,0.010576800157164112,0.9998710185316969,0.32541239847566816,-0.10178073360911974,0.9998710185316969,0.9610025444897214,0.038868474041975465,0.999857933825912,0.9613217819120492,0.03853615191386284,0.9998424582977649,0.9591297306185362,0.04071272767922862,0.18494323058347173
0,16,1,0,210,15,0.8992705986187318,0.6161588128327818,0.9906360534473677,0.9985700770225328,0.3824112641897509,0.004698009969434036,0.9998215872501026,0.37301418714904055,0.26713725286935563,0.9998215872501026,0.9905823349326606,0.009239252317442048,0.9998060483529124,0.9906360534473677,0.00916999490554471,0.9997743426410594,0.9906161741088692,0.009158168532190203,0.1005509886313708
0,16,1,1,210,15,0.9718626895205689,0.9509555271230706,0.9947101590495286,0.9993986106292911,0.04844308350622051,0.5008888339871385,0.999925755569651,0.05253308282492464,-0.20434476972266946,0.999925755569651,0.9947057626310457,0.005219992938605311,0.9999197508637032,0.9947101590495286,0.0052095918141745745,0.9998851244403019,0.9947011567859213,0.005183967654380561,0.028063066049082153
0,16,1,2,210,15,0.9021308214808865,0.644490375836119,0.9806568003583545,0.9983807001327346,0.3538903242966156,0.010453012401532513,0.9997936617466199,0.11321874885664918,0.23098353380219183,0.9997936617466199,0.9806242380282632,0.019169423718356726,0.9997795283529283,0.9806568003583545,0.019122727994573818,0.999766671677064,0.9806390713849492,0.0191276002921148,0.09766284026573335
0,16,1,3,210,15,0.9876209033776049,0.9732205672735931,0.994649162928819,0.9993093888581089,0.026088821584515864,0.6669215502870789,0.9999224781662123,0.017009706699320337,-0.055667605031536185,0.9999224781662123,0.9946472522290748,0.005275225937137473,0.9999094162768591,0.994649162928819,0.005260253348040145,0.9999028336455335,0.9945876640632542,0.005315169582279289,0.012301574788607383
0,16,1,4,210,15,0.7634777497892965,0.28199884257787955,0.905586146184838,0.99435348475842,0.7123546421805405,0.008315743321796742,0.9992727291333033,0.6572395977958436,0.1523759852021264,0.9992727291333033,0.9045481679811643,0.09472456115213901,0.9987309829705189,0.905586146184838,0.09314483678568086,0.9985487934372447,0.9028159015074667,0.09573289192977796,0.23579497934400684
0,16,1,5,210,15,0.895607170801387,0.6035727602894926,0.9812424409486875,0.9976498537650842,0.3940770934755916,0.18740927166601495,0.9996527564523647,0.24283499238849282,-0.19166939321591356,0.9996527564523647,0.9812117187025512,0.018441037749813538,0.9996059875605712,0.9812424409486875,0.018363546611883663,0.9995896674649426,0.9811500243286767,0.018439643136265893,0.10404558565097777
0,16,1,6,210,15,0.8827811114013021,0.5606908852024367,0.9797983649303041,0.9967653999240007,0.436074514721564,0.18101362280842248,0.9998286711830062,0.2709211560736976,-0.32009472194056876,0.9998286711830062,0.9794572091967357,0.02037146198627049,0.9996791431982738,0.9797983649303041,0.019880778267969634,0.9995602471360251,0.9795505883582036,0.02000965877782146,0.11704755978170411
0,16,1,7,210,15,0.9765916306137586,0.9701651661038058,0.9942371180934159,0.9996113352895397,0.02944616918573395,0.14342317065188404,0.9999518954111025,0.013339447976647989,0.041941346256636855,0.9999518954111025,0.9942217309993475,0.005730164411755001,0.9999320064594539,0.9942371180934159,0.005694888366038042,0.9999211087583575,0.9941716886741493,0.005749420084208201,0.023360264797343877
0,16,1,8,210,15,0.9542151948030371,0.9066360713461037,0.9839971670411699,0.9966772975524858,0.09004122620638211,0.29282379277542714,0.9991084303815114,0.0494609668724183,-0.1441244213506623,0.9991084303815114,0.9836975191810686,0.0154109112004428,0.9988041071239369,0.9839971670411699,0.01480694008276695,0.9986364420239365,0.9838535470028287,0.014782895021107856,0.044893235578474355
0,16,1,9,210,15,0.9040837276123622,0.7404274580681176,0.9841764696498563,0.9995083880964769,0.2590809300283593,0.00576213918391455,0.9999080085538893,0.04640863605497514,-0.1535719954777076,0.9999080085538893,0.9841355792052666,0.015772429348622663,0.9998999283406135,0.9841764696498563,0.015723458690757197,0.9998854861061529,0.9841442923769161,0.01574119372923677,0.09582428094152706
1,1,0,0,210,15,0.03582643194678181,2.548846698147145e-08,7.154013403176673e-06,0.040494651700199766,0.04049462621173278,0.0,0.9042656032044079,0.0007851133312832044,-0.13690948612375403,0.9042656032044079,6.768927720557372e-06,0.9042588342766873,0.8770032469700347,7.154013403176673e-06,0.8769960929566316,0.839825667321899,6.847456054689023e-06,0.8398188198658443,0.868439171257626
1,1,0,1,210,15,0.08982186186482523,1.5633790961810946e-08,1.1535031196108214e-05,0.5242578118566429,0.524257796222852,0.0,0.981135177115888,0.004562901061259038,0.34700300946247564,0.981135177115888,1.1474986164605738e-05,0.9811237021297234,0.9750926667715654,1.1535031196108214e-05,0.9750811317403693,0.9673046019111783,1.0894543759354391e-05,0.9672937073674189,0.8913133152510628
1,1,0,2,210,15,0.43160108152084675,9.473725562052514e-05,0.42794534840879495,0.9057685182971649,0.9056737810415444,0.0,0.9679608071586487,0.7976894552104051,0.2119341870401985,0.9679608071586487,0.4219846948540553,0.5459761123045934,0.9669331746515847,0.42794534840879495,0.5389878262427897,0.9628312682093624,0.41666486871424296,0.5461663994951194,0.536359725637802
1,1,0,3,210,15,0.00803372131503247,1.0374287839898246e-08,3.385483814177803e-06,0.006656718410711315,0.006656708036423474,0.0,0.40446299844435707,7.090406373230218e-05,-0.21946270242603494,0.40446299844435707,3.303027589884877e-06,0.4044596954167672,0.38465911855019064,3.385483814177803e-06,0.38465573306637646,0.37620674744669813,3.257407289680714e-06,0.37620349003940845,0.3964292771293246
1,1,0,4,210,15,0.14518934085249857,1.9192588386340868e-07,0.0020395161444681786,0.6889787104842109,0.688978518558327,0.0,0.9459809225433924,0.07614159256776208,0.18462161435471489,0.9459809225433924,0.0019975058731325213,0.9439834166702599,0.9419209358197195,0.0020395161444681786,0.9398814196752513,0.9402102791474549,0.0019666020564575635,0.9382436770909973,0.8007915816908938
1,1,0,5,210,15,0.4111301064466553,2.7561402382580986e-08,0.218159894172974,0.9575961619152085,0.9575961343538061,0.0,0.9911351108485777,0.9188855090224729,-0.3678457237449505,0.9911351108485777,0.21640329188183927,0.7747318189667385,0.9901650892150718,0.218159894172974,0.7720051950420979,0.9897010676163721,0.2130264057264367,0.7766746618899354,0.5800050044019225
1,1,0,6,210,15,0.0106415680383505,1.0578550579953828e-08,2.5821759935817923e-06,0.005793371597340141,0.005793361018789561,0.0,0.5664714596341875,0.0011468586229720018,0.08048190273184037,0.5664714596341875,1.965148741289724e-06,0.5664694944854463,0.41461666349672177,2.5821759935817923e-06,0.4146140813207282,0.36323669220973437,2.3259858082195586e-06,0.36323436622392613,0.5558298915958371
1,1,0,7,210,15,5.0522130537194215e-05,2.2450040826349495e-09,2.685469804863949e-07,3.524105542833666e-05,3.523881042425403e-05,0.0,0.005081104962727068,2.073071503450041e-06,0.07486726294409009,0.005081104962727068,2.6826184951200815e-07,0.005080836700877556,0.003406508138669273,2.685469804863949e-07,0.0034062395916887866,0.002579297873269456,2.5948049601579964e-07,0.00257903839277344,0.005030582832189874
1,1,0,8,210,15,0.15402598998385508,3.1389780548174454e-07,0.006871528968203755,0.6156011984952444,0.6156008845974389,0.0,0.8812862421655954,0.3520555221139147,0.06614144149689173,0.8812862421655954,0.006287934887945212,0.8749983072776502,0.8660961216091557,0.006871528968203755,0.859224592640952,0.8582893486687171,0.006438938071045008,0.8518504105976721,0.7272602521817403
1,1,0,9,210,15,0.06978282709868985,3.267143526719535e-07,0.0019970880669354374,0.22515694894485114,0.22515662223049845,0.0,0.8563809548734103,0.08648161160827506,0.06004347361294231,0.8563809548734103,0.0017608537469054886,0.8546201011265048,0.7808545701363528,0.0019970880669354374,0.7788574820694174,0.7469944824569955,0.0018939866305438535,0.7451004958264517,0.7865981277747204
1,1,1,0,210,15,0.03582643194678181,2.548846698147145e-08,7.154013403176673e-06,0.040494651700199766,0.04049462621173278,0.0,0.9042656032044079,0.0007851133312832044,-0.13690948612375403,0.9042656032044079,6.768927720557372e-06,0.9042588342766873,0.8770032469700347,7.154013403176673e-06,0.8769960929566316,0.839825667321899,6.847456054689023e-06,0.8398188198658443,0.868439171257626
1,1,1,1,210,15,0.08982186186482523,1.5633790961810946e-08,1.1535031196108214e-05,0.5242578118566429,0.524257796222852,0.0,0.981135177115888,0.004562901061259038,0.34700300946247564,0.981135177115888,1.1474986164605738e-05,0.9811237021297234,0.9750926667715654,1.1535031196108214e-05,0.9750811317403693,0.9673046019111783,1.0894543759354391e-05,0.9672937073674189,0.8913133152510628
1,1,1,2,210,15,0.43160108152084675,9.473725562052514e-05,0.42794534840879495,0.9057685182971649,0.9056737810415444,0.0,0.9679608071586487,0.7976894552104051,0.2119341870401985,0.9679608071586487,0.4219846948540553,0.5459761123045934,0.9669331746515847,0.42794534840879495,0.5389878262427897,0.9628312682093624,0.41666486871424296,0.5461663994951194,0.536359725637802
1,1,1,3,210,15,0.00803372131503247,1.0374287839898246e-08,3.385483814177803e-06,0.006656718410711315,0.006656708036423474,0.0,0.40446299844435707,7.090406373230218e-05,-0.21946270242603494,0.40446299844435707,3.303027589884877e-06,0.4044596954167672,0.38465911855019064,3.385483814177803e-06,0.38465573306637646,0.37620674744669813,3.257407289680714e-06,0.37620349003940845,0.3964292771293246
1,1,1,4,210,15,0.14518934085249857,1.9192588386340868e-07,0.0020395161444681786,0.6889787104842109,0.688978518558327,0.0,0.9459809225433924,0.07614159256776208,0.18462161435471489,0.9459809225433924,0.0019975058731325213,0.9439834166702599,0.9419209358197195,0.0020395161444681786,0.9398814196752513,0.9402102791474549,0.0019666020564575635,0.9382436770909973,0.8007915816908938
1,1,1,5,210,15,0.4111301064466553,2.7561402382580986e-08,0.218159894172974,0.9575961619152085,0.9575961343538061,0.0,0.9911351108485777,0.9188855090224729,-0.3678457237449505,0.9911351108485777,0.21640329188183927,0.7747318189667385,0.9901650892150718,0.218159894172974,0.7720051950420979,0.9897010676163721,0.2130264057264367,0.7766746618899354,0.5800050044019225
1,1,1,6,210,15,0.0106415680383505,1.0578550579953828e-08,2.5821759935817923e-06,0.005793371597340141,0.005793361018789561,0.0,0.5664714596341875,0.0011468586229720018,0.08048190273184037,0.5664714596341875,1.965148741289724e-06,0.5664694944854463,0.41461666349672177,2.5821759935817923e-06,0.4146140813207282,0.36323669220973437,2.3259858082195586e-06,0.36323436622392613,0.5558298915958371
1,1,1,7,210,15,5.0522130537194215e-05,2.2450040826349495e-09,2.685469804863949e-07,3.524105542833666e-05,3.523881042425403e-05,0.0,0.005081104962727068,2.073071503450041e-06,0.07486726294409009,0.005081104962727068,2.6826184951200815e-07,0.005080836700877556,0.003406508138669273,2.685469804863949e-07,0.0034062395916887866,0.002579297873269456,2.5948049601579964e-07,0.00257903839277344,0.005030582832189874
1,1,1,8,210,15,0.15402598998385508,3.1389780548174454e-07,0.006871528968203755,0.6156011984952444,0.6156008845974389,0.0,0.8812862421655954,0.3520555221139147,0.06614144149689173,0.8812862421655954,0.006287934887945212,0.8749983072776502,0.8660961216091557,0.006871528968203755,0.859224592640952,0.8582893486687171,0.006438938071045008,0.8518504105976721,0.7272602521817403
1,1,1,9,210,15,0.06978282709868985,3.267143526719535e-07,0.0019970880669354374,0.22515694894485114,0.22515662223049845,0.0,0.8563809548734103,0.08648161160827506,0.06004347361294231,0.8563809548734103,0.0017608537469054886,0.8546201011265048,0.7808545701363528,0.0019970880669354374,0.7788574820694174,0.7469944824569955,0.0018939866305438535,0.7451004958264517,0.7865981277747204
1,4,0,0,210,15,0.5421599146206298,0.044589245307244764,0.6084944233271852,0.9565559161481365,0.9119666708408918,0.0,0.995368524256285,0.716941667526644,-0.020069778064290413,0.995368524256285,0.6006897083753547,0.39467881588093023,0.9910532073320815,0.6084944233271852,0.3825587840048963,0.9887942162807716,0.6050313217602169,0.3837628945205547,0.4532086096356551
1,4,0,1,210,15,0.7641777990237872,0.3419285110787429,0.8895803984976457,0.9790703136781119,0.637141802599369,0.0,1.0,0.37124182019864116,0.10561496373419546,1.0,0.8890045111055098,0.11099548889449018,1.0,0.8895803984976457,0.1104196015023543,1.0,0.8892642741753912,0.11073572582460878,0.23582220097621276
1,4,0,2,210,15,0.8389206845659594,0.3267588177149937,0.9536856022399705,0.9918906250627834,0.6651318073477896,0.0,0.9986429140101533,0.0922914610303619,-0.000565610493273252,0.9986429140101533,0.9532181329151872,0.04542478109496606,0.9985761854149545,0.9536856022399705,0.04489058317498407,0.9984578764985527,0.952602866041278,0.04585501045727469,0.1597222294441939
1,4,0,3,210,15,0.5240364210067262,0.07740875373772714,0.5557215740953636,0.9134112710005874,0.8360025172628602,0.0,1.0,0.46158854463969534,-0.21298895666568404,1.0,0.5552493705844261,0.44475062941557386,0.9910097363148062,0.5557215740953636,0.43528816221944255,0.9837625943725102,0.5553554959961867,0.4284070983763235,0.4759635789932738
1,4,0,4,210,15,0.5837289386375439,0.07061862808549482,0.5992836736490669,0.9647868518250239,0.8941682237395291,0.0,0.9967016661565091,0.7283850364177437,0.26435131344086193,0.9967016661565091,0.5975644216314109,0.39913724452509824,0.996638190564185,0.5992836736490669,0.39735451691511814,0.9965963308446647,0.597297922718794,0.3992984081258707,0.4129727275189652
1,4,0,5,210,15,0.8797252877298917,0.5967042125761403,0.9781464042805339,0.99936721189438,0.4026629993182398,0.0,1.0,0.0719048410814982,-0.2575963821661003,1.0,0.9777097558033027,0.02229024419669734,1.0,0.9781464042805339,0.0218535957194661,1.0,0.9776922684316749,0.022307731568325107,0.12027471227010833
1,4,0,6,210,15,0.5217947544560632,0.02976835200161079,0.5515209929905097,0.9310688347363469,0.9013004827347362,0.0,1.0,0.7180327637149719,0.06534064588442239,1.0,0.5491850110851267,0.45081498891487326,1.0,0.5515209929905097,0.4484790070094903,0.9939625365076985,0.5497917805548718,0.44417075595282673,0.47820524554393684
1,4,0,7,210,15,0.3391105054697979,0.03042436843469116,0.3146413392940644,0.6959803075556682,0.665555939120977,0.0,0.8915644059997256,0.4979182236584534,0.005619175037982721,0.8915644059997256,0.3124884306136819,0.5790759753860437,0.8735530970841452,0.3146413392940644,0.5589117577900808,0.8607991243853133,0.3111968565563264,0.5496022678289869,0.5524539005299278
1,4,0,8,210,15,0.7862710891043607,0.4216797036086096,0.8856821408203235,0.9788852621108123,0.5572055585022027,0.0,1.0,0.20480147495841117,-0.013225437570660819,1.0,0.8850658904324167,0.11493410956758332,1.0,0.8856821408203235,0.11431785917967652,1.0,0.8854548008167359,0.11454519918326411,0.21372891089563928
1,4,0,9,210,15,0.5828520366039599,0.11984229391238134,0.6413874401805812,0.9555393871817038,0.8356970932693225,0.0,1.0,0.6310862137902999,0.2582118804119303,1.0,0.6403322301994794,0.3596677698005206,0.9963752777708124,0.6413874401805812,0.3549878375902311,0.9940456657512318,0.6407035479471719,0.3533421178040599,0.4171479633960401
1,4,1,0,210,15,0.30055473258588417,0.004087847546026935,0.16932999596185722,0.8058982382020566,0.8018103906560297,0.0,0.9905190543995596,0.4654292313783425,0.062464001451280074,0.9905190543995596,0.16700680010920665,0.8235122542903529,0.9786826422290676,0.16932999596185722,0.8093526462672105,0.9731813704148653,0.16658507274175782,0.8065962976731075,0.6899643218136754
1,4,1,1,210,15,0.5611815170699069,0.00494726209776224,0.5663393254402751,0.9872823838284419,0.9823351217306797,0.0,1.0,0.660278036754189,0.25357944624594664,1.0,0.5624653655956736,0.4375346344043264,1.0,0.5663393254402751,0.4336606745597249,1.0,0.5585673361204426,0.4414326638795574,0.43881848293009307
1,4,1,2,210,15,0.9303691487068769,0.8505521856384746,0.9875440051438181,0.9990623560699408,0.1485101704314662,0.0,1.0,0.06256461419501225,0.16967213380283971,1.0,0.9875193705011596,0.012480629498840434,1.0,0.9875440051438181,0.012455994856181873,1.0,0.9874571219134266,0.012542878086573395,0.06963085129312307
1,4,1,3,210,15,0.25403800567564305,0.00867610141632115,0.13633821036207094,0.676982491432135,0.6683063900158138,0.0,1.0,0.29112680352603143,-0.22405496723281706,1.0,0.1358756489352233,0.8641243510647767,0.9427698190208237,0.13633821036207094,0.8064316086587527,0.9174045438413666,0.133967527528186,0.7834370163131806,0.745961994324357
1,4,1,4,210,15,0.5107820791731682,0.03887973693071799,0.5701490450178534,0.957262973313431,0.918383236382713,0.0,1.0,0.7447488570688646,0.1945823196509153,1.0,0.5613584702681012,0.43864152973189885,1.0,0.5701490450178534,0.42985095498214665,0.9988261862568991,0.5664147531011495,0.4324114331557496,0.4892179208268318
1,4,1,5,210,15,0.7197620417487299,0.17251592791141826,0.9269724303863608,0.9983974932865066,0.8258815653750884,0.0,0.999838032125064,0.47293587948928706,-0.3004506095052366,0.999838032125064,0.9267436982798714,0.0730943338451926,0.9997995527734413,0.9269724303863608,0.07282712238708056,0.9997850492705949,0.9235432645279277,0.07624178474266718,0.280075990376334
1,4,1,6,210,15,0.6133191469862173,0.02282365774897208,0.7238219364311372,0.9525308946616918,0.9297072369127197,0.0,1.0,0.6518061521764253,0.16456155468377967,1.0,0.7234855013532513,0.2765144986467487,1.0,0.7238219364311372,0.27617806356886276,1.0,0.7227491390294931,0.2772508609705069,0.38668085301378274
1,4,1,7,210,15,0.152430552733798,0.009374874631903464,0.10927321251358024,0.3745767154857718,0.36520184085386836,0.0,0.808838957692767,0.1623191198369837,-0.14420476006906538,0.808838957692767,0.107609444940995,0.701229512751772,0.8019221995835777,0.10927321251358024,0.6926489870699974,0.7972380809452485,0.10864601969563743,0.688592061249611,0.656408404958969
1,4,1,8,210,15,0.7146126868929127,0.1924707072252399,0.8607078881116201,0.971786906108403,0.7793161988831632,0.0,1.0,0.3584990512618009,-0.0446624963960958,1.0,0.8592365199395027,0.14076348006049733,1.0,0.8607078881116201,0.13929211188837987,0.997915163142117,0.859998642000188,0.13791652114192898,0.2853873131070873
1,4,1,9,210,15,0.45595332048454645,0.04033326300670878,0.4100360348697599,0.9286186391483743,0.8882853761416655,0.0,0.9949856484542333,0.7635859438569562,0.15813056985419172,0.9949856484542333,0.4096416839386209,0.5853439645156124,0.9945280382656942,0.4100360348697599,0.5844920033959343,0.9927770730509949,0.4064615962200837,0.5863154768309112,0.5390323279696869
1,8,0,0,210,15,0.7836560850387561,0.24778926491420655,0.9188214536736401,0.9842106955720816,0.7364214306578751,0.0025042977886133855,0.9978129656013968,0.17551304904154552,-0.07743032721830427,0.9978129656013968,0.918460012160556,0.07935295344084081,0.9977549744904328,0.9188214536736401,0.07893352081679272,0.9975652602751138,0.9184846565595436,0.07908060371557024,0.2141568805626407
1,8,0,1,210,15,0.9494312041388291,0.9184407779030785,0.9754973797336222,0.9979643151883492,0.07952353728527062,0.20373753752398893,1.0,0.043075562309562,0.2787863670378013,1.0,0.9754624699873358,0.024537530012664233,0.9999742570884947,0.9754973797336222,0.024476877354872584,0.9999578250336274,0.975407380827896,0.02455044420573138,0.05056879586117091
1,8,0,2,210,15,0.9144606612182956,0.7258645478164494,0.98743985916005,0.9980350071794781,0.27217045936302875,0.016984076151208893,0.999691935191182,0.0413274777184397,-0.017246260848156583,0.999691935191182,0.987428139988617,0.012263795202565042,0.9996468165576408,0.98743985916005,0.012206957397590812,0.9996228186203894,0.9874336371170139,0.012189181503375446,0.08523127397288643
1,8,0,3,210,15,0.8470452629839482,0.5472753549021492,0.9442194169029003,0.9908554868833115,0.4435801319811623,0.09123229213573292,1.0,0.259290769634391,-0.22039178083079305,1.0,0.9441367105917265,0.05586328940827345,1.0,0.9442194169029003,0.055780583097099656,1.0,0.9441707996192791,0.05582920038072092,0.15295473701605178
1,8,0,4,210,15,0.8071568347894088,0.3648318091688355,0.9328899085966292,0.9892956862663249,0.6244638770974894,0.045986955881378244,0.9990456888914293,0.346270282382931,0.10032297460583817,0.9990456888914293,0.9324385459709965,0.0666071429204328,0.9989171439242683,0.9328899085966292,0.0660272353276391,0.9988461682238944,0.9324363303848616,0.06640983783903276,0.1918888541020205
1,8,0,5,210,15,0.9652636232390792,0.9443130954874897,0.9935520900228965,0.9996867361693785,0.05537364068188888,0.19134753393613413,0.999944298412886,0.017372739053279407,-0.31463816801806327,0.999944298412886,0.9934817041377237,0.00646259427516227,0.9999437534576183,0.9935520900228965,0.0063916634347218615,0.9999429782900519,0.9934487261594122,0.006494252130639699,0.034680675173806796
1,8,0,6,210,15,0.825929425928539,0.5220983189252051,0.9208661230463506,0.9800516433755341,0.457953324450329,0.002741107587760583,0.995400939594733,0.2992206332326127,-0.08748173751915334,0.995400939594733,0.9197051323168542,0.07569580727787872,0.9952474795699433,0.9208661230463506,0.07438135652359268,0.9945608534243796,0.9202026731459508,0.07435818027842878,0.16947151366619395
1,8,0,7,210,15,0.7671314429492057,0.4643910756597025,0.85066759980636,0.9517891268622802,0.48739805120257773,0.03993972732358153,0.9912192958620978,0.41412079144078184,-0.15041286974437387,0.9912192958620978,0.8502341848271933,0.14098511103490452,0.9897126011979367,0.85066759980636,0.13904500139157672,0.9883386785748903,0.8499214323202279,0.13841724625466245,0.22408785291289213
1,8,0,8,210,15,0.9004154296787366,0.7524001784541196,0.9687249491356948,0.9932554519149415,0.24085527346082192,0.007348687563101253,0.9989918869595462,0.10793218131736737,0.06704589997181666,0.9989918869595462,0.9681328935367373,0.030858993422808956,0.9989714934290007,0.9687249491356948,0.030246544293305866,0.998950953600518,0.9684852716679648,0.030465681932553168,0.09857645728080966
1,8,0,9,210,15,0.7768188623316251,0.26335901923065813,0.9065280312609225,0.992717864504671,0.729358845274013,0.04154144156974371,0.9984334105753971,0.45967910740723017,0.22837382123987263,0.9984334105753971,0.9061091670328558,0.09232424354254132,0.9983804927595916,0.9065280312609225,0.0918524614986691,0.9983587080823727,0.9060875287299696,0.09227117935240314,0.22161454824377202
1,8,1,0,210,15,0.5093173002485402,0.04961133921253615,0.49222222116662384,0.9490698502524652,0.899458511039929,0.0,0.9944966871350496,0.5343302059779529,-0.038051397342991254,0.9944966871350496,0.49010480133390466,0.5043918858011449,0.9937652352106902,0.49222222116662384,0.5015430140440663,0.9931821399144108,0.48973215712524865,0.5034499827891622,0.4851793868865094
1,8,1,1,210,15,0.8368876287830598,0.5102416145417527,0.9346498408723876,0.9909012500007579,0.48065963545900525,0.0,0.9998551409532452,0.19784394951583983,0.2546679063017302,0.9998551409532452,0.9345060412989787,0.0653490996542665,0.9998094693955764,0.9346498408723876,0.0651596285231888,0.9997145893245514,0.9342959978385789,0.06541859148597251,0.16296751217018546
1,8,1,2,210,15,0.9705085803289283,0.940676074814569,0.9970102102646572,0.999656816690388,0.05898074187581892,0.11752515322086476,1.0,0.03654164615717137,0.13104994282345242,1.0,0.9969675919094453,0.003032408090554717,0.9999675181649035,0.9970102102646572,0.0029573079002462865,0.9999453348303167,0.9968973817732348,0.0030479530570818314,0.029491419671071717
1,8,1,3,210,15,0.4591737314304304,0.06506489672649868,0.39252540070560465,0.9021151820197566,0.837050285293258,0.0,0.9868952952986811,0.3342318314128407,-0.19792285539354634,0.9868952952986811,0.3919566697174979,0.5949386255811833,0.9805289651373004,0.39252540070560465,0.5880035644316957,0.9762167556012443,0.3905192187477902,0.585697536853454,0.5277215638682508
1,8,1,4,210,15,0.7112497985589062,0.13021155652288025,0.9085691999675591,0.9960556328065735,0.8658440762836932,0.0,1.0,0.7363745899239096,-0.03767691525237048,1.0,0.9084633344790622,0.09153666552093775,1.0,0.9085691999675591,0.09143080003244086,1.0,0.9081820249413205,0.0918179750586795,0.28875020144109376
1,8,1,5,210,15,0.896795229859223,0.7067400052974129,0.981854204380219,0.9995720661812068,0.2928320608837939,0.0,1.0,0.09220094356065123,-0.3029929412069597,1.0,0.9816559427685814,0.01834405723141863,1.0,0.981854204380219,0.018145795619781024,0.9999600579302858,0.9817301416162958,0.018229916313989958,0.103204770140777
1,8,1,6,210,15,0.9053547121314994,0.7821847882650088,0.9637793706579111,0.9915663071108253,0.20938151884581646,0.0,0.999497817858409,0.11182040683018013,-0.07373863352910497,0.999497817858409,0.963685803754173,0.035812014104235956,0.9991742761460201,0.9637793706579111,0.035394905488108974,0.9989577613028362,0.963681589065115,0.03527617223772117,0.09414310572690954
1,8,1,7,210,15,0.40123583357804854,0.07189516919505237,0.41084605387685397,0.6774019742711977,0.6055068050761454,0.0,0.8821199407150287,0.240110362261227,-0.07944656989306528,0.8821199407150287,0.41068048017560044,0.4714394605394283,0.8643019512848176,0.41084605387685397,0.4534558974079636,0.8509618827624256,0.4092054444498521,0.4417564383125735,0.4808841071369802
1,8,1,8,210,15,0.8372687591869159,0.45531694489095453,0.9347577095973378,0.9907623317788822,0.5354453868879276,0.02793269099809703,1.0,0.1961674014837006,-0.014382574272821217,1.0,0.9339508165784832,0.06604918342151678,1.0,0.9347577095973378,0.06524229040266216,1.0,0.9344255992561262,0.06557440074387377,0.1627312408130841
1,8,1,9,210,15,0.6458377768517564,0.13432238530953836,0.7643577351849821,0.9886503380568253,0.854327952747287,0.0,0.9979465700152387,0.7345082538147075,-0.04352738805220721,0.9979465700152387,0.7632424943703846,0.23470407564485407,0.9977710716668475,0.7643577351849821,0.23341333648186546,0.9976937700345507,0.7551889950017436,0.2425047750328071,0.3521087931634823
1,16,0,0,210,15,0.8696532250462263,0.5279512302432305,0.9591167977444606,0.9954036351243017,0.4674524048810712,0.016582866666700946,0.999597949099796,0.08027417058372321,0.006233377498032025,0.999597949099796,0.9589159289683913,0.04068202013140476,0.9995771911533176,0.9591167977444606,0.04046039340885699,0.9995127008267058,0.9588957470307798,0.040616953795926,0.12994472405356972
1,16,0,1,210,15,0.9805395021924043,0.9729237921792903,0.9922759660949294,0.9992273017059605,0.026303509526670266,0.5802059620855646,0.9999880297440988,0.015547068411067455,0.2278386617124457,0.9999880297440988,0.9921346805667849,0.00785334917731395,0.9999873199949625,0.9922759660949294,0.00771135390003308,0.999985938331697,0.9922155176997709,0.007770420631926123,0.019448527551694572
1,16,0,2,210,15,0.9486541662140299,0.9543672514040371,0.9964668426068004,0.999570374917793,0.04520312351375588,0.02523700684143082,0.9999651115055803,0.011110443074490717,-0.01939078631520637,0.9999651115055803,0.9964117886287001,0.0035533228768802605,0.9999481047148606,0.9964668426068004,0.0034812621080602124,0.9999336756393465,0.9964346346369335,0.0034990410024130503,0.05131094529155045
1,16,0,3,210,15,0.9498208946055294,0.9051388182409912,0.980185407395823,0.9957753580500446,0.0906365398090534,0.3022068777822846,0.9990054102826615,0.06690369211267733,-0.1892631190211634,0.9990054102826615,0.9801361717254857,0.018869238557175816,0.9989425515029441,0.980185407395823,0.018757144107121038,0.9988546651151321,0.9801545513455695,0.0187001137695626,0.04918451567713211
1,16,0,4,210,15,0.9030386638743598,0.6788266589099925,0.9807246073771771,0.9987497813688073,0.3199231224588148,0.05020586898796564,0.9999128554511988,0.1703302568248225,0.13108881639687328,0.9999128554511988,0.9806185554870879,0.019294299964110917,0.9999089561806394,0.9807246073771771,0.019184348803462203,0.9999040297030236,0.9803683276005684,0.019535702102455255,0.09687419157683896
1,16,0,5,210,15,0.9884340832423629,0.9873340219974109,0.9982149108947233,0.9999248435175883,0.01259082152017732,0.5764031161377439,0.9999914573094374,0.006854549203559213,-0.3323489680685989,0.9999914573094374,0.998214716245882,0.0017767410635554093,0.9999891761957163,0.9982149108947233,0.0017742653009930054,0.9999880246025415,0.9982044530588404,0.0017835715437011235,0.011557374067074466
1,16,0,6,210,15,0.912453543316388,0.7940847231273419,0.9776475289886735,0.9929788350187515,0.1988941118914096,0.007783854723295569,0.9985828472740632,0.14774920107212308,-0.16111994765025445,0.9985828472740632,0.9775815583623284,0.021001288911734806,0.9984308996925344,0.9776475289886735,0.020783370703860937,0.9982920811019246,0.9773660193187014,0.020926061783223204,0.08612930395767526
1,16,0,7,210,15,0.9287018318946084,0.8278473727775781,0.9559989815140035,0.9886824034683126,0.16083503069073446,0.49194388679539025,0.9968486397938021,0.11811487420376554,-0.06837926354015154,0.9968486397938021,0.9559645398801598,0.04088409991364228,0.9967295928091935,0.9559989815140035,0.040730611295189956,0.9965960272554151,0.9558813024144147,0.04071472484100036,0.0681468078991937
1,16,0,8,210,15,0.9356710988938024,0.8401507530561457,0.986034441850242,0.9982339741232337,0.15808322106708794,0.010226657090790958,0.99966311087606,0.07979253095388539,0.10743943011341366,0.99966311087606,0.9860059099670582,0.013657200909001799,0.9996363038969197,0.986034441850242,0.013601862046677682,0.9996124615471199,0.9859738340117293,0.01363862753539058,0.06399201198225757
1,16,0,9,210,15,0.8663902377093566,0.5542167868842635,0.9635215491541471,0.997307619431036,0.4430908325467725,0.1310310320328083,0.9994753554736765,0.20114936657658222,0.2669454765738128,0.9994753554736765,0.9633854024917822,0.036089952981894324,0.9994474371426361,0.9635215491541471,0.03592588798848895,0.9994314105613361,0.9632885942611925,0.0361428163001436,0.13308511776431986
1,16,1,0,210,15,0.753320444642645,0.3581574911308966,0.83916722832162,0.9889525695194683,0.6307950783885716,0.023605108455709956,0.9991761589117788,0.34452492706337634,-0.1054102295808457,0.9991761589117788,0.8370304641175448,0.16214569479423402,0.9990161367709962,0.83916722832162,0.15984890844937616,0.9989548603139696,0.8381573601331568,0.16079750018081285,0.24585571426913377
1,16,1,1,210,15,0.9256911907677582,0.7767655742057223,0.9800720175572433,0.9967925641718662,0.2200269899661439,0.17474299149006356,0.9998610617339363,0.06818911015578144,0.19627461588050263,0.9998610617339363,0.9799560819066874,0.019904979827248925,0.9998559974073891,0.9800720175572433,0.019783979850145794,0.9998531416652651,0.980026230595146,0.019826911070119024,0.07416987096617811
1,16,1,2,210,15,0.9812858576709587,0.9656361116970787,0.9994584702037659,0.9999213034241854,0.034285191727106645,0.2879718611612876,0.9999774059462533,0.027654200380241356,0.20568720379146918,0.9999774059462533,0.9994492397702136,0.0005281661760396794,0.9999753927154943,0.9994584702037659,0.0005169225117284126,0.9999734815756213,0.9994537273821257,0.0005197541934955918,0.018691548275294623
1,16,1,3,210,15,0.7315679511465939,0.2606310234106284,0.8233234213022417,0.9693007771094564,0.708669753698828,0.036762632238364734,0.9957861047625615,0.30516831445424797,0.012510163819717325,0.9957861047625615,0.8210001340830462,0.1747859706795153,0.9932624639502496,0.8233234213022417,0.16993904264800797,0.9910079875724994,0.8189701161558073,0.17203787141669213,0.26421815361596757
1,16,1,4,210,15,0.8352881337566869,0.2534699870934596,0.9702953092636177,0.9984313200740913,0.7449613329806317,0.022199737374736683,0.9999689846013582,0.6503966895974743,-0.11488112785194352,0.9999689846013582,0.97020674039998,0.029762244201378185,0.9999543124384745,0.9702953092636177,0.029659003174856813,0.9999456560831924,0.9698357944415706,0.03010986164162177,0.16468085084467132
1,16,1,5,210,15,0.9683158254347334,0.9544875956753384,0.9910711243173694,0.9997907978529204,0.04530320217758199,0.1778880076014585,0.9999689427118525,0.021148349122922294,-0.15838583965298858,0.9999689427118525,0.9909299422607554,0.009039000451097179,0.9999662506209019,0.9910711243173694,0.008895126303532508,0.9999626420267447,0.9910215080859069,0.008941133940837731,0.03165311727711917
1,16,1,6,210,15,0.9575299044561983,0.9459658397996575,0.988447765739946,0.9981068316500644,0.05214099185040688,0.039656027539403116,0.9998462137475801,0.049963248696575424,-0.12725847362913964,0.9998462137475801,0.9883606182410617,0.011485595506518398,0.9998002395477081,0.988447765739946,0.011352473807762165,0.9997754050156367,0.9884094585915512,0.011365946424085505,0.04231630929138175
1,16,1,7,210,15,0.7288891988414521,0.2542924767345636,0.8565766129053882,0.9574571631469796,0.7031646864124159,0.03933742214704217,0.988816227613989,0.3994856843581911,-0.041194973646956685,0.988816227613989,0.8557184984630753,0.13309772915091367,0.9868331766399303,0.8565766129053882,0.13025656373454209,0.9848243849837659,0.855557235870267,0.1292671491134989,0.2599270287725369
1,16,1,8,210,15,0.9168905807451275,0.7783854327105949,0.9726086000604423,0.9972400737701844,0.21885464105958952,0.16214008604929497,0.9996543936897109,0.11179004968119566,0.05428241003197352,0.9996543936897109,0.9717634906932046,0.027890902996506317,0.9996096209281877,0.9726086000604423,0.027001020867745473,0.999566072132588,0.9722838669379562,0.02728220519463176,0.08276381294458335
1,16,1,9,210,15,0.8717317581838524,0.5782389608475326,0.9647818793048353,0.9974532442970383,0.41921428344950573,0.11920354439767955,0.999470137936831,0.168367649116118,-0.13442028163903944,0.999470137936831,0.964267030385374,0.03520310755145706,0.9994651578104828,0.9647818793048353,0.03468327850564756,0.9994624745906782,0.9645857109498411,0.03487676364083703,0.12773837975297864
2,1,0,0,210,15,0.2596216596098715,0.0002673966548926266,0.059142987075889386,0.8426175817000325,0.8423501850451399,1.9226902625568698e-08,0.9732953088185607,0.7807238248635593,-0.27052962004321446,0.9732953088185607,0.05797462865258818,0.9153206801659726,0.9629571752360668,0.059142987075889386,0.9038141881601774,0.9539061745246319,0.0585594926018063,0.8953466819228256,0.7136736492086893
2,1,0,1,210,15,0.21345345222741197,0.0002420137995298167,0.050035238577987806,0.7866652262789117,0.7864232124793819,4.32726562848984e-06,0.9463044679553759,0.21399135740197223,-0.3095340678279067,0.9463044679553759,0.04988186663558858,0.8964226013197873,0.9343541472242878,0.050035238577987806,0.8843189086462999,0.9269341079221588,0.04931531268428561,0.8776187952378732,0.732851015727964
2,1,0,2,210,15,0.3238924946530755,0.000263501922636722,0.18731588456048304,0.816515464120794,0.8162519621981573,1.3250569308453919e-08,0.9277434616827791,0.6564022585786244,0.05664462751018002,0.9277434616827791,0.17864708353695047,0.7490963781458286,0.9205080186310491,0.18731588456048304,0.733192134070566,0.9157239864633292,0.1806484602726276,0.7350755261907016,0.6038509670297036
2,1,0,3,210,15,0.08146626513858976,9.747616249666807e-06,0.00356498552238782,0.33221341490157963,0.33220366728532996,0.0,0.8013485168097086,0.04774040432318599,-0.2286239078955467,0.8013485168097086,0.003460261328160019,0.7978882554815486,0.7799297749258556,0.00356498552238782,0.7763647894034678,0.7576938079465071,0.003523784432125976,0.7541700235143811,0.7198822516711189
2,1,0,4,210,15,0.10837427813997504,2.5786664134885843e-06,0.000673359363025483,0.47851427569921556,0.47851169703280205,5.399258151683739e-09,0.9234648373490315,0.07557551646376195,-0.20093037419053883,0.9234648373490315,0.0006483695167658343,0.9228164678322657,0.9064509420649205,0.000673359363025483,0.905777582701895,0.899097688577409,0.00063399937853544,0.8984636891988735,0.8150905592090565
2,1,0,5,210,15,0.01326471715825287,1.2639845857864715e-06,0.00035289629877893747,0.027428894839490393,0.027427630854904607,1.0491659763189887e-09,0.3438253354970695,0.010428876004930214,-0.2933587739274943,0.3438253354970695,0.0003521192944505591,0.34347321620261895,0.2849960439902,0.00035289629877893747,0.2846431476914211,0.261945655794757,0.000352254813211883,0.2615934009815451,0.3305606183388166
2,1,0,6,210,15,0.25746036021322416,2.437345148611492e-05,0.030043345092755747,0.8430639822382464,0.8430396087867603,0.0,0.9289358371849374,0.532598640757956,-0.4632803464931178,0.9289358371849374,0.029761707455519204,0.8991741297294182,0.9281222755116034,0.030043345092755747,0.8980789304188477,0.9266165608264503,0.0295640277295169,0.8970525330969333,0.6714754769717133
2,1,0,7,210,15,0.22115493475037926,3.009973004186595e-05,0.021219763793825286,0.8358939915925142,0.8358638918624723,9.040361659273799e-08,0.9533701334922371,0.31540273611468567,-0.42707479599472614,0.9533701334922371,0.021133365534358406,0.9322367679578787,0.9499548846438178,0.021219763793825286,0.9287351208499925,0.9469853269316791,0.020946699918934497,0.9260386270127446,0.7322151987418578
2,1,0,8,210,15,0.1869015830605932,3.6596517949072372e-06,0.016646096573302793,0.70626322919405,0.7062595695422551,0.0,0.9716544079615176,0.18620215149327055,0.4632518392059425,0.9716544079615176,0.014218552188363875,0.9574358557731537,0.9635093330572522,0.016646096573302793,0.9468632364839493,0.9550780186729128,0.014877773042409633,0.9402002456305031,0.7847528249009244
2,1,0,9,210,15,0.4081753678275958,0.0001512237977975839,0.2472198832304956,0.9459509601678945,0.9457997363700968,1.5244606688114004e-09,0.9868699184124824,0.8047447388901243,0.3910713880781229,0.9868699184124824,0.24719155769801104,0.7396783607144714,0.9868221271107056,0.2472198832304956,0.73960224388021,0.9863661336283762,0.24559252300665513,0.7407736106217211,0.5786945505848866
2,1,1,0,210,15,0.2596216596098715,0.0002673966548926266,0.059142987075889386,0.8426175817000325,0.8423501850451399,1.9226902625568698e-08,0.9732953088185607,0.7807238248635593,-0.27052962004321446,0.9732953088185607,0.05797462865258818,0.9153206801659726,0.9629571752360668,0.059142987075889386,0.9038141881601774,0.9539061745246319,0.0585594926018063,0.8953466819228256,0.7136736492086893
2,1,1,1,210,15,0.21345345222741197,0.0002420137995298167,0.050035238577987806,0.7866652262789117,0.7864232124793819,4.32726562848984e-06,0.9463044679553759,0.21399135740197223,-0.3095340678279067,0.9463044679553759,0.04988186663558858,0.8964226013197873,0.9343541472242878,0.050035238577987806,0.8843189086462999,0.9269341079221588,0.04931531268428561,0.8776187952378732,0.732851015727964
2,1,1,2,210,15,0.3238924946530755,0.000263501922636722,0.18731588456048304,0.816515464120794,0.8162519621981573,1.3250569308453919e-08,0.9277434616827791,0.6564022585786244,0.05664462751018002,0.9277434616827791,0.17864708353695047,0.7490963781458286,0.9205080186310491,0.18731588456048304,0.733192134070566,0.9157239864633292,0.1806484602726276,0.7350755261907016,0.6038509670297036
2,1,1,3,210,15,0.08146626513858976,9.747616249666807e-06,0.00356498552238782,0.33221341490157963,0.33220366728532996,0.0,0.8013485168097086,0.04774040432318599,-0.2286239078955467,0.8013485168097086,0.003460261328160019,0.7978882554815486,0.7799297749258556,0.00356498552238782,0.7763647894034678,0.7576938079465071,0.003523784432125976,0.7541700235143811,0.7198822516711189
2,1,1,4,210,15,0.10837427813997504,2.5786664134885843e-06,0.000673359363025483,0.47851427569921556,0.47851169703280205,5.399258151683739e-09,0.9234648373490315,0.07557551646376195,-0.20093037419053883,0.9234648373490315,0.0006483695167658343,0.9228164678322657,0.9064509420649205,0.000673359363025483,0.905777582701895,0.899097688577409,0.00063399937853544,0.8984636891988735,0.8150905592090565
2,1,1,5,210,15,0.01326471715825287,1.2639845857864715e-06,0.00035289629877893747,0.027428894839490393,0.027427630854904607,1.0491659763189887e-09,0.3438253354970695,0.010428876004930214,-0.2933587739274943,0.3438253354970695,0.0003521192944505591,0.34347321620261895,0.2849960439902,0.00035289629877893747,0.2846431476914211,0.261945655794757,0.000352254813211883,0.2615934009815451,0.3305606183388166
2,1,1,6,210,15,0.25746036021322416,2.437345148611492e-05,0.030043345092755747,0.8430639822382464,0.8430396087867603,0.0,0.9289358371849374,0.532598640757956,-0.4632803464931178,0.9289358371849374,0.029761707455519204,0.8991741297294182,0.9281222755116034,0.030043345092755747,0.8980789304188477,0.9266165608264503,0.0295640277295169,0.8970525330969333,0.6714754769717133
2,1,1,7,210,15,0.22115493475037926,3.009973004186595e-05,0.021219763793825286,0.8358939915925142,0.8358638918624723,9.040361659273799e-08,0.9533701334922371,0.31540273611468567,-0.42707479599472614,0.9533701334922371,0.021133365534358406,0.9322367679578787,0.9499548846438178,0.021219763793825286,0.9287351208499925,0.9469853269316791,0.020946699918934497,0.9260386270127446,0.7322151987418578
2,1,1,8,210,15,0.1869015830605932,3.6596517949072372e-06,0.016646096573302793,0.70626322919405,0.7062595695422551,0.0,0.9716544079615176,0.18620215149327055,0.4632518392059425,0.9716544079615176,0.014218552188363875,0.9574358557731537,0.9635093330572522,0.016646096573302793,0.9468632364839493,0.9550780186729128,0.014877773042409633,0.9402002456305031,0.7847528249009244
2,1,1,9,210,15,0.4081753678275958,0.0001512237977975839,0.2472198832304956,0.9459509601678945,0.9457997363700968,1.5244606688114004e-09,0.9868699184124824,0.8047447388901243,0.3910713880781229,0.9868699184124824,0.24719155769801104,0.7396783607144714,0.9868221271107056,0.2472198832304956,0.73960224388021,0.9863661336283762,0.24559252300665513,0.7407736106217211,0.5786945505848866
2,4,0,0,210,15,0.9052795128856084,0.7672237767212984,0.9509623412903461,0.9882150806993424,0.220991303978044,0.2167500828204305,0.998579570516554,0.09158036949213821,-0.07429322984324231,0.998579570516554,0.9506116534338988,0.04796791708265524,0.9983151988771415,0.9509623412903461,0.047352857586795416,0.998211028578274,0.9501751786348098,0.048035849943464215,0.09330005763094562
2,4,0,1,210,15,0.8814374974117857,0.7102241259489926,0.9283272119300248,0.9763729902684869,0.26614886431949425,0.40997981680344064,0.9960545622998812,0.14052708616898224,-0.2670232237206545,0.9960545622998812,0.9280841435329839,0.06797041876689736,0.9948880113383375,0.9283272119300248,0.06656079940831272,0.9944111381160275,0.9282131275602383,0.06619801055578922,0.11461706488809553
2,4,0,2,210,15,0.8718850483980979,0.6798815670340039,0.9368790918496357,0.9863911351281903,0.3065095680941864,0.003630946130728452,0.9970723098847482,0.17884863377763005,0.11513898922230177,0.9970723098847482,0.9365320064714764,0.06054030341327177,0.9965652408177456,0.9368790918496357,0.059686148968109864,0.9962000169156022,0.9364254284780079,0.05977458843759431,0.12518726148665027
2,4,0,3,210,15,0.8876831420421522,0.758608403891605,0.9373259468667389,0.9854907938068096,0.2268823899152046,0.0034050398755613998,0.997665343492942,0.10076549539582158,-0.013474228440554207,0.997665343492942,0.9368578582433271,0.06080748524961488,0.9974445024812435,0.9373259468667389,0.06011855561450463,0.9969739940619631,0.9369509774493429,0.06002301661262022,0.10998220145078985
2,4,0,4,210,15,0.5479245410220482,0.09524063950132258,0.5521946686799851,0.9603663862829386,0.865125746781616,0.0,1.0,0.4729226212133584,-0.11656694515262737,1.0,0.5463752224979015,0.4536247775020985,0.9943086641917376,0.5521946686799851,0.44211399551175246,0.9921336268333385,0.5496799655502963,0.4424536612830422,0.45207545897795176
2,4,0,5,210,15,0.4950856938794747,0.054291403081069674,0.49122751987828583,0.8873384335665561,0.8330470304854863,0.0,0.9427784575724355,0.4909343473477296,-0.5309307305316285,0.9427784575724355,0.4876833181669016,0.4550951394055339,0.9367141254824501,0.49122751987828583,0.4454866056041643,0.9344554734171275,0.48928826485561167,0.44516720856151587,0.4476927636929608
2,4,0,6,210,15,0.8959999626417426,0.7483287932574294,0.9399668320503307,0.9866065630779388,0.2382777698205094,0.1822634094319645,0.9975193103104706,0.12459123995228294,-0.46530306809678224,0.9975193103104706,0.9399520396889739,0.05756727062149669,0.9972070424492225,0.9399668320503307,0.05724021039889182,0.9969863168253624,0.939482675110585,0.0575036417147774,0.10151934766872794
2,4,0,7,210,15,0.6642026558009845,0.13777043887307422,0.7676706691695541,0.9875757725487537,0.8498053336756795,0.0,1.0,0.5140783614646018,-0.3808100604808013,1.0,0.764060387823995,0.235939612176005,1.0,0.7676706691695541,0.23232933083044593,1.0,0.7656860877288026,0.23431391227119736,0.3357973441990155
2,4,0,8,210,15,0.6146470409584179,0.06574022056567444,0.6996800177967065,0.9809335190080092,0.9151932984423348,0.0,1.0,0.5896220199993802,0.43569306722212686,1.0,0.6990270053543504,0.30097299464564964,0.9994355786832809,0.6996800177967065,0.2997555608865744,0.9990628015925963,0.695090042492355,0.30397275910024135,0.38535295904158207
2,4,0,9,210,15,0.7940120922104252,0.2677664874177156,0.943070738400169,0.997482484427262,0.7297159970095464,0.0,1.0,0.47433863157137024,0.39414887930727294,1.0,0.942089607841363,0.057910392158637025,1.0,0.943070738400169,0.05692926159983103,1.0,0.9417319634794904,0.0582680365205096,0.20598790778957476
2,4,1,0,210,15,0.9338090420817263,0.8848618831113203,0.9647858173081724,0.9933559694234898,0.1084940863121695,0.1225436076853732,0.9990757390592611,0.04603212118608191,-0.05174396568759253,0.9990757390592611,0.9646109442603676,0.03446479479889342,0.9986137399556057,0.9647858173081724,0.033827922647433284,0.9981037366298954,0.9646409099682388,0.033462826661656564,0.06526669697753473
2,4,1,1,210,15,0.8900846852477752,0.7492594185044619,0.9320672441000568,0.9827098193026591,0.23345040079819723,0.10253844385219668,0.9983485250048645,0.07477843880233292,-0.38561483415561737,0.9983485250048645,0.9319890169749764,0.0663595080298881,0.9965720642577491,0.9320672441000568,0.06450482015769232,0.9959437690786466,0.9319520560705722,0.06399171300807438,0.10826383975708931
2,4,1,2,210,15,0.8844515926599601,0.7087362342994276,0.9326722492212964,0.9849595572825475,0.2762233229831199,0.188010377143774,0.9980736348687558,0.0897380012396014,0.18607548600065438,0.9980736348687558,0.9326388825068846,0.06543475236187113,0.9977458897168905,0.9326722492212964,0.06507364049559405,0.9972522306574388,0.9325297308650873,0.06472249979235156,0.11362204220879568
2,4,1,3,210,15,0.8965381779891707,0.760761104371418,0.9445663775546022,0.9874515375053686,0.22669043313395065,0.0,0.9984701305106708,0.13264423716894536,-0.2355421081786759,0.9984701305106708,0.944056006516901,0.05441412399376977,0.9973418633873976,0.9445663775546022,0.052775485832795455,0.9961011502055227,0.9441308230273521,0.05197032717817063,0.10193195252150011
2,4,1,4,210,15,0.7478928407319713,0.2130812642242965,0.906998342942541,0.9809110471488962,0.7678297829245997,0.0,0.9947746100419913,0.3760671253045751,-0.12068754393523663,0.9947746100419913,0.9060631631634823,0.08871144687850896,0.9945722851257883,0.906998342942541,0.08757394218324732,0.9940004175503021,0.9044688535076023,0.0895315640426998,0.24688176931002004
2,4,1,5,210,15,0.5455679339437358,0.0794533220572698,0.6227337580495882,0.9352458163165919,0.855792494259322,0.004512178626206564,1.0,0.8059184656816027,0.09558428600583752,1.0,0.6206474744409726,0.37935252555902743,1.0,0.6227337580495882,0.3772662419504118,0.9942483396425015,0.6069535043546723,0.38729483528782915,0.4544320660562642
2,4,1,6,210,15,0.6609080965056074,0.14388598900320537,0.8212478003467506,0.9889319970986568,0.8450460080954514,0.003533723545853129,0.9959718782106908,0.6145753106810543,-0.253475783383491,0.9959718782106908,0.8105901062009104,0.18538177200978034,0.9959020641785998,0.8212478003467506,0.17465426383184923,0.9955155992994235,0.8166805083588979,0.17883509094052552,0.33506378170508333
2,4,1,7,210,15,0.8619240223762783,0.5808613132319828,0.9420395621363169,0.9915618820916581,0.4107005688596753,0.0,0.9987408851444073,0.12461379191991007,-0.42883447308490963,0.9987408851444073,0.9400977337446647,0.05864315139974263,0.9981777549243971,0.9420395621363169,0.05613819278808019,0.9978063823028505,0.9413296961380097,0.056476686164840806,0.136816862768129
2,4,1,8,210,15,0.7311278349884173,0.16972549589185443,0.8995749877486401,0.9881664800257646,0.8184409841339102,0.0,0.998340223549726,0.31551178589934126,0.4078505181523391,0.998340223549726,0.8993898976580865,0.09895032589163943,0.9980289117215058,0.8995749877486401,0.09845392397286568,0.997760648441917,0.8989342114261175,0.09882643701579952,0.2672123885613087
2,4,1,9,210,15,0.8387507816024249,0.44480124763503615,0.9467843829456251,0.9950514466375621,0.5502501990025259,0.0,0.9997800187745531,0.0840912552341615,0.35287032747746144,0.9997800187745531,0.9458698643898044,0.053910154384748776,0.9995733620265491,0.9467843829456251,0.05278897908092406,0.9994849820363066,0.9462805002749516,0.05320448176135506,0.16102923717212825
2,8,0,0,210,15,0.9655646968293463,0.9364057347293329,0.9807496532899063,0.9958018397117747,0.059396104982441855,0.3254855267458019,0.9999101018999665,0.04116387043463032,0.02795204296825649,0.9999101018999665,0.9803411472569675,0.019568954642999015,0.9997616298945884,0.9807496532899063,0.019011976604682124,0.9996089022985254,0.9805947094290297,0.019014192869495683,0.03434540507062023
2,8,0,1,210,15,0.9760409433624045,0.9469053978220585,0.9816825811414689,0.9961443349655505,0.049238937143492034,0.8740509056714925,0.9994878297138897,0.030658712199138183,-0.2794588798579819,0.9994878297138897,0.9816814560729642,0.01780637364092552,0.9994151498838815,0.9816825811414689,0.01773256874241258,0.9993571223608116,0.9816337954235322,0.017723326937279404,0.023446886351485174
2,8,0,2,210,15,0.948648392403511,0.8982658156831499,0.9854096125726466,0.9971360103914403,0.0988701947082904,0.008500809541636123,0.9991272752378787,0.04387236456170762,0.0630017525502684,0.9991272752378787,0.9850200489063211,0.014107226331557587,0.999054555894765,0.9854096125726466,0.013644943322118408,0.9990248676450134,0.9851969302031404,0.01382793744187305,0.050478882834367744
2,8,0,3,210,15,0.9571472386860321,0.9332755958508787,0.9848021282469037,0.9955448036623418,0.062269207811463057,0.008160396226161493,0.9992020778484194,0.030837352335368995,-0.01446809613434707,0.9992020778484194,0.9847953014060987,0.01440677644232069,0.999147846517401,0.9848021282469037,0.014345718270497243,0.9990396859456198,0.9847856394827995,0.014254046462820247,0.04205483916238728
2,8,0,4,210,15,0.747001768666702,0.32109955848512506,0.8696499917889917,0.985828370241715,0.6647288117565899,0.040821618352236966,0.9971069774800503,0.42457349519683096,-0.10540763800928431,0.9971069774800503,0.8692599161334825,0.12784706134656776,0.9970800115408297,0.8696499917889917,0.127430019751838,0.996739257295831,0.8695125618995377,0.12722669539629328,0.2501052088133483
2,8,0,5,210,15,0.6999210609445221,0.2622002063026767,0.8251576273802331,0.9545422490521385,0.6923420427494618,0.01839745174231311,0.990985994376318,0.46347635261861,-0.32355446997502374,0.990985994376318,0.8212782745197789,0.1697077198565391,0.9897147208032303,0.8251576273802331,0.16455709342299718,0.989135135501876,0.8238024298843983,0.1653327056174777,0.29106493343179585
2,8,0,6,210,15,0.9651392690705644,0.9434629821830713,0.9812313509206652,0.9967239061733116,0.053260923990240294,0.40006727458119384,0.9991982121406963,0.021502754830501014,-0.4370614170065405,0.9991982121406963,0.9811542697897627,0.01804394235093354,0.9991046394563844,0.9812313509206652,0.017873288535719234,0.9990292521835666,0.9811884514806657,0.01784080070290095,0.03405894307013191
2,8,0,7,210,15,0.8082691033250152,0.4047753759081997,0.9217060595160027,0.9952869703104171,0.5905115944022175,0.004735872523016327,0.9989319624785964,0.3116131079165436,-0.4049272254310917,0.9989319624785964,0.9216734114114775,0.07725855106711887,0.9988316030141475,0.9217060595160027,0.07712554349814482,0.9987350086082792,0.9207917172249568,0.07794329138332245,0.19066285915358117
2,8,0,8,210,15,0.7856984880608177,0.282404816176168,0.9436859950300228,0.9935451402376614,0.7111403240614933,0.018808169617508197,0.9996556760566334,0.37117123468953117,0.3952645508644511,0.9996556760566334,0.9414064456134861,0.05824923044314734,0.9996094771028212,0.9436859950300228,0.0559234820727984,0.9993618360228504,0.9426890279897394,0.05667280803311103,0.21395718799581576
2,8,0,9,210,15,0.8879620866573483,0.589147170253162,0.983265092540113,0.9990124740791199,0.40986530382595787,0.0068345888545544575,0.9999321023622072,0.17501731959305322,0.34648469515019775,0.9999321023622072,0.9832351011729079,0.016697001189299288,0.9999149253049362,0.983265092540113,0.016649832764823236,0.9998813224821056,0.9831826670908278,0.016698655391277795,0.11197001570485887
2,8,1,0,210,15,0.9752529976579895,0.9612498343367603,0.9869817108593737,0.9975023168712877,0.0362524825345274,0.27546660568987136,1.0,0.01589345207617554,-0.0532768802661544,1.0,0.9869130772618115,0.013086922738188456,0.9996782909495255,0.9869817108593737,0.012696580090151843,0.9995500580506977,0.9869211898220973,0.012628868228600432,0.02474700234201055
2,8,1,1,210,15,0.9373083563346631,0.8911513068217044,0.9638884075377128,0.9947540212904099,0.1036027144687055,0.16690247401176583,1.0,0.036505013299611644,-0.3277722526911851,1.0,0.9637808957322971,0.03621910426770292,0.9993892342245883,0.9638884075377128,0.035500826686875486,0.9991164097103783,0.9638429180707081,0.035273491639670196,0.06269164366533686
2,8,1,2,210,15,0.9274689174064247,0.8132458327996273,0.9636160895448276,0.9917850919795147,0.17853925917988744,0.22978308317674778,0.9989077161978267,0.04370845178792038,0.2431470749255733,0.9989077161978267,0.9635192288810713,0.03538848731675537,0.9988918948084878,0.9636160895448276,0.035275805263660254,0.9988091582317847,0.9634478637400804,0.03536129449170433,0.07143879879140203
2,8,1,3,210,15,0.9752281557714868,0.9536749753267293,0.9828591461788525,0.9968508923402721,0.04317591701354284,0.5213416890410039,1.0,0.027825051567229697,-0.004095330959885712,1.0,0.9826335178721953,0.017366482127804672,1.0,0.9828591461788525,0.017140853821147495,1.0,0.9827569298707542,0.017243070129245752,0.024771844228513196
2,8,1,4,210,15,0.8924913854901287,0.5720555151715483,0.9730738789842458,0.9946637299108291,0.4226082147392808,0.044306020449453865,0.9993796529235524,0.0906385405562774,-0.17347267349761739,0.9993796529235524,0.9728329275857457,0.026546725337806665,0.998672528001091,0.9730738789842458,0.025598649016845165,0.9983843896118922,0.9729840006322666,0.0254003889796256,0.10688826743342361
2,8,1,5,210,15,0.7216652254814774,0.16680312058974173,0.8712751565065318,0.9724093049748928,0.805606184385151,0.03774735216509617,0.9892142832840364,0.6136962389129847,0.10781002484669235,0.9892142832840364,0.870544947710127,0.11866933557390935,0.9873680219705863,0.8712751565065318,0.1160928654640545,0.9862167795079092,0.8709176303759459,0.11529914913196326,0.267549057802559
2,8,1,6,210,15,0.7647954262382319,0.27584808434190533,0.9306572142973518,0.9970541741142945,0.7212060897723892,0.036704473339217225,0.9995796171034588,0.5283264177491569,-0.2345080711256815,0.9995796171034588,0.9295416869132125,0.07003793019024629,0.9995484571410471,0.9306572142973518,0.0688912428436953,0.9994563518421332,0.929306132774092,0.0701502190680412,0.23478419086522684
2,8,1,7,210,15,0.9448157101233433,0.8913840517549303,0.9834343975703406,0.9980795378664815,0.10669548611155122,0.1802115254806791,0.9996959603379909,0.059582399966591204,-0.3680400916120547,0.9996959603379909,0.9834104618389885,0.016285498499002404,0.9996797946393479,0.9834343975703406,0.016245397069007295,0.9996128497485469,0.9833901771619775,0.016222672586569398,0.0548802502146476
2,8,1,8,210,15,0.8492410796819763,0.35919223271118006,0.9614407689326594,0.9958845409038576,0.6366923081926775,0.023594906202539567,0.9994526593345237,0.19394383371849433,0.3675476930153907,0.9994526593345237,0.9604780131945516,0.038974646139972036,0.9993034677663029,0.9614407689326594,0.03786269883364346,0.9992182478644228,0.9610532625220372,0.03816498534238566,0.1502115796525474
2,8,1,9,210,15,0.9096059282351951,0.7074966704727118,0.9791998945288863,0.9989516257181957,0.2914549552454839,0.08234661059738824,0.9999198619048503,0.06122367502379478,0.22877421904610729,0.9999198619048503,0.9791762732111424,0.02074358869370785,0.999886459836554,0.9791998945288863,0.02068656530766766,0.999854655937881,0.9790245602517675,0.020830095686113492,0.09031393366965512
2,16,0,0,210,15,0.9831921603037461,0.9618061423799612,0.9938120828685924,0.9988670738524406,0.03706093147247935,0.5020815124072819,0.9999757670506327,0.02327176291514732,0.14465310194918576,0.9999757670506327,0.9938053047643579,0.006170462286274825,0.9999383008700502,0.9938120828685924,0.0061262180014578504,0.9999111852524503,0.9937720530410606,0.00613913221138962,0.016783606746886615
2,16,0,1,210,15,0.9933063875901483,0.98447712218241,0.9952231127961946,0.9989053122509431,0.014428190068533131,0.9673648113115058,0.9998314261509886,0.007964804989327279,-0.3280158604179557,0.9998314261509886,0.9952190458545117,0.004612380296476926,0.999785453660986,0.9952231127961946,0.004562340864791459,0.9997493843702833,0.99519954511993,0.004549839250353238,0.006525038560840302
2,16,0,2,210,15,0.9673437010384912,0.9714715101848131,0.9963803994232232,0.9992218252636353,0.027750315078822196,0.02429429644424763,0.9998830691150152,0.015693316160288573,0.11474377455918988,0.9998830691150152,0.9963632964283953,0.0035197726866199597,0.9998712437866422,0.9963803994232232,0.0034908443634189545,0.9998537425556604,0.9963743224148338,0.0034794201408265835,0.03253936807652402
2,16,0,3,210,15,0.9793795176054979,0.967427733681112,0.9955715942026345,0.9994254152850557,0.03199768160394367,0.023960192908756728,0.999702645542615,0.011399780807684223,0.06825357231942415,0.999702645542615,0.9955110119927465,0.004191633549868512,0.9996943667328368,0.9955715942026345,0.004122772530202323,0.9996887667500833,0.995464577132999,0.004224189617084373,0.020323127937117103
2,16,0,4,210,15,0.8972250230308244,0.6440477228458746,0.9776963259989859,0.998736202573351,0.3546884797274764,0.09727363729503191,0.9994906365137002,0.1418211908970105,-0.33246947614620354,0.9994906365137002,0.9769666588625078,0.022523977651192406,0.999490067179909,0.9776963259989859,0.021793741180923032,0.9994873283903919,0.9770984672075426,0.02238886118284933,0.10226561348287577
2,16,0,5,210,15,0.8474777850873394,0.4991141632596811,0.9468769387939584,0.9945635608357237,0.4954493975760426,0.07695720447222443,0.998845127770216,0.28952477408597266,-0.23220805136494835,0.998845127770216,0.9467493973888134,0.05209573038140258,0.998629208725574,0.9468769387939584,0.051752269931615635,0.9984812069563006,0.9465264303196242,0.05195477663667636,0.15136734268287655
2,16,0,6,210,15,0.9883157476998161,0.9780012786171619,0.9944370072096345,0.999180111568198,0.021178832951036064,0.7838240143043544,0.9997394547010171,0.01084849399492993,-0.3030110822078894,0.9997394547010171,0.9944072072895195,0.005332247411497626,0.9997245275705653,0.9944370072096345,0.005287520360930831,0.999718285290092,0.9944192139648145,0.005299071325277516,0.011423707001200989
2,16,0,7,210,15,0.8908720868214768,0.6714034726770232,0.9688114717587843,0.9993129682244966,0.3279094955474734,0.008223157237204126,0.9999287834711075,0.2256902916063125,-0.3539678580337099,0.9999287834711075,0.9669162023253703,0.03301258114573713,0.9999277491677321,0.9688114717587843,0.031116277408947735,0.9998938157280843,0.967999646241276,0.031894169486808344,0.10905669664963069
2,16,0,8,210,15,0.8812559544358116,0.4972082552925703,0.9820460289342526,0.998401318823804,0.5011930635312337,0.07004156300459008,0.999950512328341,0.22768898841404672,0.34867975626269465,0.999950512328341,0.9815990050333363,0.018351507295004676,0.9999420922084096,0.9820460289342526,0.017896063274156937,0.9999167305376581,0.9818006402821045,0.018116090255553607,0.11869455789252936
2,16,0,9,210,15,0.9269003567590419,0.7544342279162971,0.9936006219477549,0.9997319558837362,0.2452977279674391,0.010327568706384294,0.9999599172071794,0.09158881450305267,0.3151525949729991,0.9999599172071794,0.9934878706674727,0.006472046539706677,0.9999523302092461,0.9936006219477549,0.006351708261491229,0.9999487939664427,0.9935515202475761,0.0063972737188665585,0.07305956044813744
2,16,1,0,210,15,0.9899202154927363,0.9854722326807352,0.9970309028459411,0.9990948078166059,0.013622575135870618,0.6222590584196505,0.9997508103579568,0.00507020873918862,-0.025208864470525734,0.9997508103579568,0.9970183872810372,0.0027324230769195657,0.99972620912542,0.9970309028459411,0.002695306279478893,0.9997064394475662,0.9970173374887218,0.00268910195884442,0.009830594865220421
2,16,1,1,210,15,0.9639346991331855,0.9392204136952135,0.9870292355339818,0.9989060153435403,0.059685601648326814,0.3743837164210433,0.9997898588109715,0.031281759115678764,-0.13438788699452206,0.9997898588109715,0.9868673071891878,0.012922551621783684,0.9997883391655642,0.9870292355339818,0.012759103631582391,0.9997796624821058,0.9869271160992846,0.012852546382821184,0.035855159677785964
2,16,1,2,210,15,0.9594880531980325,0.9169929995634298,0.9872850651935998,0.9983222037024722,0.08132920413904232,0.2569796625800138,0.9998437973235391,0.040317206404624106,0.287205087254975,0.9998437973235391,0.9870550177711603,0.012788779552378782,0.9998357790152959,0.9872850651935998,0.012550713821696036,0.9998151009920551,0.9872027897872305,0.012612311204824533,0.040355744125506576
2,16,1,3,210,15,0.9914936968728709,0.9850204476168731,0.9964027211144263,0.9991157331598266,0.014095285542953473,0.692794633328733,0.9997729553272333,0.009590053578438007,-0.20902903531988093,0.9997729553272333,0.9963821336839443,0.003390821643288966,0.999765905647594,0.9964027211144263,0.0033631845331677512,0.9997589083068479,0.9963941860442201,0.0033647222626277395,0.008279258454362393
2,16,1,4,210,15,0.9404850307279586,0.93112338350281,0.9912810782134932,0.9983035934579693,0.06718020995515928,0.060562035355792965,0.999793550742891,0.025292079380749732,-0.20882818852387322,0.999793550742891,0.9912386685248695,0.008554882218021476,0.99979252475192,0.9912810782134932,0.008511446538426837,0.9997632509188147,0.9912601280411826,0.008503122877632108,0.059308520014932364
2,16,1,5,210,15,0.8542393241481169,0.502237543631234,0.9712303316380277,0.9946085646770301,0.4923710210457961,0.1608657753890944,0.9988411061706572,0.3389899267772616,-0.005661935968745647,0.9988411061706572,0.9710315461073502,0.027809560063307037,0.9984274202970297,0.9712303316380277,0.027197088659001944,0.9979621566903033,0.9707615319949651,0.027200624695338238,0.14460178202254037
2,16,1,6,210,15,0.8782505155382773,0.5156938652857272,0.9846849980400241,0.9994594563556168,0.4837655910698896,0.10622177189739657,0.9999088432958757,0.2833811093895997,-0.2613917387177552,0.9999088432958757,0.984554966502937,0.015353876792938759,0.9998849540285069,0.9846849980400241,0.015199955988482783,0.9998733733521092,0.9846327483990042,0.015240624953105075,0.12165832775759844
2,16,1,7,210,15,0.9801400539579697,0.9651894870580343,0.9955551383253448,0.9994427665776483,0.03425327951961399,0.21677460875357724,0.9999402084158328,0.01673651133065901,-0.36957948511952005,0.9999402084158328,0.9955094119709639,0.004430796444868879,0.9999200298415176,0.9955551383253448,0.004364891516172809,0.9999129559725941,0.9955311038587807,0.004381852113813367,0.019800154457863095
2,16,1,8,210,15,0.9024118557837046,0.6542258705980335,0.989516598579887,0.9989902424645164,0.3447643718664829,0.05802470340562116,0.9998048583412329,0.0743814799775031,0.4163845633039946,0.9998048583412329,0.9894894227876406,0.010315435553592267,0.9997787525312913,0.989516598579887,0.010262153951404285,0.9997643557820788,0.9894398037814168,0.010324552000661957,0.09739300255752825
2,16,1,9,210,15,0.9584136692924089,0.9269918320073047,0.9952464535258547,0.9997870748744995,0.07279524286719474,0.12294182414025445,0.9999373615639202,0.03765231191156648,0.1455782929966018,0.9999373615639202,0.9951834949159167,0.00475386664800348,0.9999370064043629,0.9952464535258547,0.00469055287850817,0.9999366568093415,0.9951760300016778,0.004760626807663759,0.041523692271511314
3,1,0,0,210,15,0.22098384454614378,5.6593422426143306e-08,0.007656541276373829,0.7436095098744632,0.7436094532810408,0.0,0.8999172011224772,0.6737181190653935,-0.15381430741869753,0.8999172011224772,0.007487937973619019,0.8924292631488582,0.8985952434618658,0.007656541276373829,0.890938702185492,0.8970119939764868,0.007341486240485177,0.8896705077360016,0.6789333565763334
3,1,0,1,210,15,0.006961957457643661,4.8511664640926726e-08,5.534863554035319e-06,0.006923108895888428,0.006923060384223787,0.0,0.20669003706317568,7.729820018380626e-05,0.033409892676542714,0.20669003706317568,5.485664535731516e-06,0.20668455139863995,0.2022409770811624,5.534863554035319e-06,0.20223544221760836,0.18996704602206904,5.38256835284449e-06,0.1899616634537162,0.19972807960553202
3,1,0,2,210,15,0.07533694147293406,2.873261467639665e-08,2.1392762747207694e-05,0.39556399409162185,0.3955639653590072,0.0,0.8413498814764044,0.012160101700439872,0.5712633587415329,0.8413498814764044,1.8932708217400673e-05,0.841330948768187,0.8233973435427322,2.1392762747207694e-05,0.8233759507799849,0.8087066272977488,2.0125220192346305e-05,0.8086865020775564,0.7660129400034704
3,1,0,3,210,15,0.021528130574297012,4.98988097064057e-08,1.7862825907488666e-05,0.0322821697602202,0.03228211986141049,0.0,0.7806808447425126,0.004159941996450821,0.09925395133676501,0.7806808447425126,1.7595533981284994e-05,0.7806632492085314,0.6722401089217351,1.7862825907488666e-05,0.6722222460958276,0.5914665027842144,1.7500568649427468e-05,0.591449002215565,0.7591527141682156
3,1,0,4,210,15,0.022235975152103734,1.8748766594800528e-08,1.3210292273413415e-06,0.008511159155592361,0.008511140406825766,0.0,0.6798217569381051,0.00018745976389272775,-0.19884675065518168,0.6798217569381051,1.3109878043149337e-06,0.6798204459503008,0.6461898419256074,1.3210292273413415e-06,0.64618852089638,0.6162288902458802,1.2959267235620093e-06,0.6162275943191566,0.6575857817860014
3,1,0,5,210,15,0.03628259424000761,1.730813170564005e-08,4.158311131097214e-06,0.04265712839313127,0.04265711108499957,0.0,0.9094965716819465,0.00040796924624053593,-0.06394119724127208,0.9094965716819465,4.112708365533457e-06,0.909492458973581,0.9026238319727831,4.158311131097214e-06,0.902619673661652,0.8472781672306389,4.0599418460463e-06,0.8472741072887928,0.873213977441939
3,1,0,6,210,15,0.0277299054403866,1.548010318819238e-08,5.444952086097743e-06,0.058473943706522424,0.05847392822641924,0.0,0.7223028084443968,0.0056364084844898075,-0.4098175209674337,0.7223028084443968,5.144612579721652e-06,0.722297663831817,0.626614155514849,5.444952086097743e-06,0.6266087105627629,0.5816499181396383,5.3362598875968574e-06,0.5816445818797507,0.6945729030040102
3,1,0,7,210,15,0.002975495651569647,6.341721763281072e-08,3.7810889237654965e-05,0.00513070465142129,0.005130641234203657,0.0,0.1405900987984251,0.0010671601105497247,-0.5163881267148915,0.1405900987984251,3.714464105752935e-05,0.14055295415736757,0.10292668295336332,3.7810889237654965e-05,0.10288887206412567,0.08045055366785314,3.712129749696332e-05,0.08041343237035618,0.13761460314685545
3,1,0,8,210,15,0.10889519699520207,6.115272949358542e-07,0.00022285029428104064,0.5864236202757396,0.5864230087484447,8.0130496682429e-09,0.9285987836826824,0.25292449567899944,-0.22668541236762738,0.9285987836826824,0.00021783260355556777,0.9283809510791269,0.9147485728046467,0.00022285029428104064,0.9145257225103657,0.9071215449135087,0.00021842741673631463,0.9069031174967724,0.8197035866874803
3,1,0,9,210,15,0.08079717859247891,5.6282696011988885e-06,0.004092867106157527,0.2571309532990881,0.2571253250294869,2.0619562501877908e-08,0.8203122975335428,0.03861213044864394,0.5928718824203982,0.8203122975335428,0.0039420736032358406,0.816370223930307,0.7965180355076863,0.004092867106157527,0.7924251684015288,0.7870558933716069,0.003995343242933084,0.7830605501286738,0.7395151189410639
3,1,1,0,210,15,0.22098384454614378,5.6593422426143306e-08,0.007656541276373829,0.7436095098744632,0.7436094532810408,0.0,0.8999172011224772,0.6737181190653935,-0.15381430741869753,0.8999172011224772,0.007487937973619019,0.8924292631488582,0.8985952434618658,0.007656541276373829,0.890938702185492,0.8970119939764868,0.007341486240485177,0.8896705077360016,0.6789333565763334
3,1,1,1,210,15,0.006961957457643661,4.8511664640926726e-08,5.534863554035319e-06,0.006923108895888428,0.006923060384223787,0.0,0.20669003706317568,7.729820018380626e-05,0.033409892676542714,0.20669003706317568,5.485664535731516e-06,0.20668455139863995,0.2022409770811624,5.534863554035319e-06,0.20223544221760836,0.18996704602206904,5.38256835284449e-06,0.1899616634537162,0.19972807960553202
3,1,1,2,210,15,0.07533694147293406,2.873261467639665e-08,2.1392762747207694e-05,0.39556399409162185,0.3955639653590072,0.0,0.8413498814764044,0.012160101700439872,0.5712633587415329,0.8413498814764044,1.8932708217400673e-05,0.841330948768187,0.8233973435427322,2.1392762747207694e-05,0.8233759507799849,0.8087066272977488,2.0125220192346305e-05,0.8086865020775564,0.7660129400034704
3,1,1,3,210,15,0.021528130574297012,4.98988097064057e-08,1.7862825907488666e-05,0.0322821697602202,0.03228211986141049,0.0,0.7806808447425126,0.004159941996450821,0.09925395133676501,0.7806808447425126,1.7595533981284994e-05,0.7806632492085314,0.6722401089217351,1.7862825907488666e-05,0.6722222460958276,0.5914665027842144,1.7500568649427468e-05,0.591449002215565,0.7591527141682156
3,1,1,4,210,15,0.022235975152103734,1.8748766594800528e-08,1.3210292273413415e-06,0.008511159155592361,0.008511140406825766,0.0,0.6798217569381051,0.00018745976389272775,-0.19884675065518168,0.6798217569381051,1.3109878043149337e-06,0.6798204459503008,0.6461898419256074,1.3210292273413415e-06,0.64618852089638,0.6162288902458802,1.2959267235620093e-06,0.6162275943191566,0.6575857817860014
3,1,1,5,210,15,0.03628259424000761,1.730813170564005e-08,4.158311131097214e-06,0.04265712839313127,0.04265711108499957,0.0,0.9094965716819465,0.00040796924624053593,-0.06394119724127208,0.9094965716819465,4.112708365533457e-06,0.909492458973581,0.9026238319727831,4.158311131097214e-06,0.902619673661652,0.8472781672306389,4.0599418460463e-06,0.8472741072887928,0.873213977441939
3,1,1,6,210,15,0.0277299054403866,1.548010318819238e-08,5.444952086097743e-06,0.058473943706522424,0.05847392822641924,0.0,0.7223028084443968,0.0056364084844898075,-0.4098175209674337,0.7223028084443968,5.144612579721652e-06,0.722297663831817,0.626614155514849,5.444952086097743e-06,0.6266087105627629,0.5816499181396383,5.3362598875968574e-06,0.5816445818797507,0.6945729030040102
3,1,1,7,210,15,0.002975495651569647,6.341721763281072e-08,3.7810889237654965e-05,0.00513070465142129,0.005130641234203657,0.0,0.1405900987984251,0.0010671601105497247,-0.5163881267148915,0.1405900987984251,3.714464105752935e-05,0.14055295415736757,0.10292668295336332,3.7810889237654965e-05,0.10288887206412567,0.08045055366785314,3.712129749696332e-05,0.08041343237035618,0.13761460314685545
3,1,1,8,210,15,0.10889519699520207,6.115272949358542e-07,0.00022285029428104064,0.5864236202757396,0.5864230087484447,8.0130496682429e-09,0.9285987836826824,0.25292449567899944,-0.22668541236762738,0.9285987836826824,0.00021783260355556777,0.9283809510791269,0.9147485728046467,0.00022285029428104064,0.9145257225103657,0.9071215449135087,0.00021842741673631463,0.9069031174967724,0.8197035866874803
3,1,1,9,210,15,0.08079717859247891,5.6282696011988885e-06,0.004092867106157527,0.2571309532990881,0.2571253250294869,2.0619562501877908e-08,0.8203122975335428,0.03861213044864394,0.5928718824203982,0.8203122975335428,0.0039420736032358406,0.816370223930307,0.7965180355076863,0.004092867106157527,0.7924251684015288,0.7870558933716069,0.003995343242933084,0.7830605501286738,0.7395151189410639
3,4,0,0,210,15,0.842137766134537,0.405116920691004,0.9433686117596061,0.9911938465386372,0.5860769258476332,0.0,1.0,0.08388772870345018,-0.14224164461131286,1.0,0.9425086248742396,0.05749137512576041,0.9995203716525072,0.9433686117596061,0.05615175989290111,0.999109011704571,0.9429755403457514,0.05613347135881963,0.15786223386546305
3,4,0,1,210,15,0.7923763094390057,0.572038182341249,0.8622679465093448,0.9530021183745605,0.38096393603331147,0.0,1.0,0.2518476520791688,0.20180114223516568,1.0,0.8612694064919496,0.1387305935080504,0.995027458002048,0.8622679465093448,0.13275951149270315,0.9928606397271177,0.8596077542529539,0.1332528854741638,0.20762369056099428
3,4,0,2,210,15,0.7216630415959371,0.29455559814025317,0.8014416565625082,0.9788456088593753,0.6842900107191221,9.675289308541668e-05,0.9936795058496652,0.2770000523923728,0.3488495041999657,0.9936795058496652,0.801099135228282,0.19258037062138322,0.9931396294471108,0.8014416565625082,0.19169797288460255,0.9928794270845266,0.8012026273912854,0.19167679969324114,0.27201646425372816
3,4,0,3,210,15,0.6373467663775565,0.12301527401376249,0.7227665044246554,0.9536893502895372,0.8306740762757747,0.0,0.9963159564713225,0.5898635203229317,0.058185316803426056,0.9963159564713225,0.7178042501666864,0.2785117063046362,0.9951396042433766,0.7227665044246554,0.27237309981872115,0.9899138851853628,0.7210219357420703,0.26889194944329253,0.35896919009376604
3,4,0,4,210,15,0.7375806071032909,0.3655347185250691,0.8341623133205174,0.9541108672335595,0.5885761487084904,0.0,0.988003576895495,0.25151036318991093,-0.040127246163664226,0.988003576895495,0.8338157425512117,0.1541878343442833,0.9879293080402269,0.8341623133205174,0.15376699471970956,0.9878046987816749,0.8328849427910913,0.1549197559905836,0.25042296979220413
3,4,0,5,210,15,0.6372315774961109,0.1313484493106054,0.744881123144417,0.9445562723150916,0.8132078230044862,0.0,0.9944546276470673,0.5090703040856723,0.05143686445756788,0.9944546276470673,0.7433418673279006,0.25111276031916663,0.9943722894788132,0.744881123144417,0.24949116633439616,0.9940794629877722,0.7441379729887432,0.249941489999029,0.35722305015095634
3,4,0,6,210,15,0.6914910475120316,0.21356723492542853,0.8450443623903272,0.9663424393847921,0.7527752044593636,0.0,1.0,0.45629183706798276,-0.4783775466239921,1.0,0.8440344464752666,0.1559655535247334,1.0,0.8450443623903272,0.1549556376096728,1.0,0.8438754294021548,0.15612457059784524,0.3085089524879684
3,4,0,7,210,15,0.6548489769648873,0.23859657668014617,0.7361791475572448,0.9330939559280289,0.6944973792478828,0.0002520691258476315,0.9803687238434673,0.47744674045531516,-0.37208942217672575,0.9803687238434673,0.728373526532663,0.25199519731080433,0.9776638258757397,0.7361791475572448,0.24148467831849496,0.9763520261224907,0.7330676432255668,0.2432843828969239,0.32551974687858
3,4,0,8,210,15,0.8205862312650704,0.49947577218093536,0.9089323228999546,0.9865954156207659,0.48711964343983055,0.026020777752507995,1.0,0.16359504321595153,-0.5256322624743678,1.0,0.9084166424406384,0.09158335755936164,1.0,0.9089323228999546,0.09106767710004537,1.0,0.9084381117388888,0.09156188826111122,0.17941376873492965
3,4,0,9,210,15,0.867898899248289,0.6698957833412185,0.9323825353944062,0.9780402749306468,0.30814449158942836,0.27856925723936476,1.0,0.22821190587766949,0.3499755420433894,1.0,0.9316495692903966,0.06835043070960345,0.998375418857302,0.9323825353944062,0.06599288346289578,0.996615568958027,0.9319512372939877,0.0646643316640394,0.132101100751711
3,4,1,0,210,15,0.7188485835194697,0.16508610844271343,0.8918776229107943,0.9762246543310759,0.8111385458883624,0.0,0.9998233390408595,0.42352675858447464,-0.21743350189346697,0.9998233390408595,0.8904092009487286,0.10941413809213096,0.9969041198115967,0.8918776229107943,0.10502649690080235,0.995343103635245,0.8912520364534388,0.10409106718180627,0.28097475552138984
3,4,1,1,210,15,0.3059637990403984,0.048017880297728625,0.18105858977538575,0.7788502665720541,0.7308323862743256,0.0,0.9189818662952633,0.22233393491251105,0.23403899667307002,0.9189818662952633,0.17987703869192673,0.7391048276033366,0.905036594034569,0.18105858977538575,0.7239780042591832,0.8968908226776588,0.17961434786303118,0.7172764748146276,0.613018067254865
3,4,1,2,210,15,0.4759940384077507,0.06956194419679575,0.471757624556516,0.90465182410811,0.8350898799113142,0.0,0.9832953887837943,0.5548858135266586,0.3221770496901452,0.9832953887837943,0.47162614982592066,0.5116692389578736,0.9793245338211067,0.471757624556516,0.5075669092645907,0.9760815447870762,0.4716386214796688,0.5044429233074075,0.5073013503760436
3,4,1,3,210,15,0.8054109170113468,0.4720053741897805,0.9067680223115305,0.9688708578881743,0.4968654836983938,0.0,1.0,0.33724258897690496,0.09973339207562205,1.0,0.9064922507180307,0.09350774928196925,1.0,0.9067680223115305,0.09323197768846947,1.0,0.9065980197855718,0.09340198021442825,0.19458908298865318
3,4,1,4,210,15,0.5853393517260908,0.23016598709183292,0.6464276774456597,0.9079369044650132,0.6777709173731803,0.0,0.9800474278182164,0.4235859298483494,-0.10305967417466544,0.9800474278182164,0.6459725918410082,0.3340748359772082,0.9774510764522006,0.6464276774456597,0.331023399006541,0.9721740178206789,0.6458634334372175,0.3263105843834614,0.39470807609212566
3,4,1,5,210,15,0.7688377973231394,0.42248936480430244,0.8621656403660649,0.9708134221734898,0.5483240573691873,0.0,0.9972567369456409,0.20726311411399256,-0.07998043363471151,0.9972567369456409,0.8589720826470058,0.13828465429863512,0.9961148238152306,0.8621656403660649,0.13394918344916573,0.9955482745054782,0.8608522658172678,0.1346960086882104,0.22841893962250148
3,4,1,6,210,15,0.7362096058346965,0.22704422304057126,0.8680400299074281,0.9586060090604833,0.7315617860199121,0.0,0.9903821778028299,0.26669308922858637,-0.13889722151133974,0.9903821778028299,0.8675178863810471,0.12286429142178279,0.9900619423350852,0.8680400299074281,0.12202191242765703,0.9895502696506798,0.8676420005491615,0.12190826910151831,0.25417257196813337
3,4,1,7,210,15,0.369313393327237,0.0754964999349776,0.27373972366761584,0.8062029344377316,0.730706434502754,0.0,0.954526514430209,0.560740353819614,0.17982850275192505,0.954526514430209,0.2711332402566161,0.6833932741735929,0.9399176814080403,0.27373972366761584,0.6661779577404245,0.931371457781662,0.2723869664350057,0.6589844913466563,0.585213121102972
3,4,1,8,210,15,0.8602189133735207,0.6469134574541052,0.9139987932221265,0.9894539466911618,0.3425404892370566,0.04706325756551499,0.9984296005945824,0.10047164545602572,-0.3852222110640669,0.9984296005945824,0.9138060656436215,0.08462353495096087,0.9981495531511815,0.9139987932221265,0.08415075992905496,0.9980541461601703,0.9134940382537248,0.08456010790644553,0.13821068722106167
3,4,1,9,210,15,0.5984940464425331,0.11943069151682194,0.6801536438478268,0.9511046761684775,0.8316739846516555,0.011705574398094942,1.0,0.6777291312564679,0.3057425986335939,1.0,0.6796310863670427,0.3203689136329573,1.0,0.6801536438478268,0.31984635615217316,1.0,0.6767969098632424,0.32320309013675763,0.4015059535574669
3,8,0,0,210,15,0.9007601927172753,0.6956679217433152,0.9757658585682771,0.9955259414956165,0.2998580197523013,0.008850416619379686,0.9996555158256997,0.07217981473726309,0.08804799590531694,0.9996555158256997,0.9757509597225072,0.02390455610319242,0.9990503605672953,0.9757658585682771,0.023284501999018214,0.998840520979498,0.9757441207526361,0.02309640022686199,0.09889532310842442
3,8,0,1,210,15,0.9352090505480463,0.9274828878679626,0.9592934741168548,0.9832099347224079,0.055727046854445295,0.05879963993000825,0.9993988533300869,0.03159943574393831,0.2845396559040859,0.9993988533300869,0.9592909096889598,0.04010794364112713,0.9978541137069878,0.9592934741168548,0.038560639590133006,0.9971764993541403,0.9592551465388833,0.03792135281525699,0.06418980278204067
3,8,0,2,210,15,0.8567242756229762,0.5845252631570798,0.9426036014012031,0.9945089173337194,0.4099836541766396,0.008854461348603015,0.9993112965620768,0.1882943837387766,0.5268217938210455,0.9993112965620768,0.9425416944196721,0.056769602142404785,0.9989279671900828,0.9426036014012031,0.05632436578887967,0.9986476785917676,0.9424575778796749,0.05619010071209274,0.1425870209391007
3,8,0,3,210,15,0.8509741271323329,0.592467454868681,0.9409772928643303,0.9899422111131584,0.39747475624447737,0.13013503264681114,0.9987269432998385,0.27270235787629304,0.38317098217322715,0.9987269432998385,0.9402294237203903,0.058497519579448154,0.998631514865433,0.9409772928643303,0.057654222001102706,0.9979654843929017,0.9401547253482834,0.0578107590446183,0.14775281616750557
3,8,0,4,210,15,0.9219442776945868,0.8723108400925531,0.9613389402245512,0.985655964694343,0.11334512460178991,0.15761614502882948,0.9942662625272483,0.07719098271216795,-0.24448691742281167,0.9942662625272483,0.9605437224229764,0.03372254010427189,0.9938690659311975,0.9613389402245512,0.03253012570664626,0.993649819270448,0.9607235461529031,0.032926273117544924,0.0723219848326615
3,8,0,5,210,15,0.8143327634162317,0.4596907906526663,0.9185463134004184,0.9749242311917198,0.5152334405390535,0.054117840981698806,0.99778641120328,0.28210257484995316,0.0006524281405797994,0.99778641120328,0.9171513820159876,0.08063502918729248,0.9973813436089315,0.9185463134004184,0.07883503020851312,0.9971394811952826,0.9178657458098426,0.07927373538544003,0.1834536477870483
3,8,0,6,210,15,0.8469588799740239,0.5936776925363849,0.9369551475716281,0.9829913798518444,0.38931368731545946,0.07440950221284048,0.998157659433196,0.1992786692568832,-0.4627283417505418,0.998157659433196,0.935998729532022,0.062158929901174,0.9969722824501182,0.9369551475716281,0.06001713487849003,0.9964708037956663,0.9362023271082509,0.06026847668741542,0.15119877945917215
3,8,0,7,210,15,0.8496551702945107,0.562938174104847,0.9517358963005372,0.976894132111674,0.41395595800682694,0.025105704950654006,0.9895615100303923,0.17847657192489996,-0.49901293518155576,0.9895615100303923,0.9515326268020866,0.038028883228305665,0.9893443959998052,0.9517358963005372,0.03760849969926794,0.9891574554605517,0.9516164416506726,0.037541013809879065,0.13990633973588162
3,8,0,8,210,15,0.9028696296277898,0.6780495626914037,0.9643040197550203,0.9966768907662266,0.31862732807482286,0.1125528821428392,0.9995454403981648,0.06472300387298824,-0.564899754772541,0.9995454403981648,0.9638764989337432,0.03566894146442168,0.9994986787355664,0.9643040197550203,0.03519465898054608,0.9994442043006866,0.9640608608425317,0.03538334345815486,0.09667581077037501
3,8,0,9,210,15,0.9632192267951782,0.9275073048098291,0.9757739022668988,0.9929564368226553,0.0654491320128262,0.7073896594548581,0.9986976254742166,0.04046991221333118,0.38959160071656956,0.9986976254742166,0.9757661498112626,0.02293147566295395,0.998629207459421,0.9757739022668988,0.022855305192522213,0.9985249334189207,0.9757237890446971,0.022801144374223536,0.03547839867903835
3,8,1,0,210,15,0.8682610382128337,0.613876346167041,0.94933287434215,0.9888138373249202,0.3749374911578792,0.026970637215533944,0.9979262583127803,0.1517368178104681,-0.21921261577036083,0.9979262583127803,0.9488500552119005,0.04907620310087979,0.9974170905232078,0.94933287434215,0.04808421618105785,0.9968629357915729,0.9489747423092281,0.047888193482344854,0.12966522009994652
3,8,1,1,210,15,0.5453804328431576,0.16965454219399437,0.5412348799500322,0.9010444181664224,0.7313898759724281,0.024581316535109865,0.9675899294778814,0.361884742682525,0.21905841726245817,0.9675899294778814,0.5407239330428902,0.4268659964349911,0.964193959288014,0.5412348799500322,0.4229590793379818,0.9566880161969974,0.5399380610575376,0.4167499551394598,0.42220949663472374
3,8,1,2,210,15,0.72873159385228,0.28939930766334343,0.8441096758753805,0.973208420963381,0.6838091133000376,0.00439377705557642,0.995426950469421,0.4452468995796086,0.30062424479984967,0.995426950469421,0.8427898542265121,0.1526370962429089,0.994840789374995,0.8441096758753805,0.15073111349961443,0.9945219961552105,0.8427211536073805,0.15180084254783,0.26669535661714094
3,8,1,3,210,15,0.9533060701227727,0.9294035093184572,0.9702939757125222,0.986971690552473,0.05756818123401586,0.4663977200084788,0.9992072598180486,0.02557197521174559,0.08091080782525033,0.9992072598180486,0.9702344662418166,0.028972793576231948,0.9988079540600019,0.9702939757125222,0.028513978347479707,0.9982167601167274,0.9701747245731287,0.028042035543598742,0.0459011896952759
3,8,1,4,210,15,0.8864742434860314,0.7593946021265262,0.9459061641913982,0.9826573012605292,0.22326269913400298,0.07398471412421659,0.9953256727774021,0.24308570345959302,-0.11142656296061135,0.9953256727774021,0.9455477773620911,0.04977789541531108,0.9941343300542019,0.9459061641913982,0.04822816586280376,0.99338922306428,0.9457124086832879,0.04767681438099214,0.1088514292913707
3,8,1,5,210,15,0.9312470778917846,0.8795326036563693,0.9668697881715562,0.9945502269675176,0.11501762331114829,0.07199293409795926,0.9988250666897117,0.05816936407868567,0.17531787244932667,0.9988250666897117,0.9667312414217728,0.032093825267938914,0.9986981557522117,0.9668697881715562,0.03182836758065544,0.9986372152792278,0.9668209108657054,0.031816304413522345,0.06757798879792709
3,8,1,6,210,15,0.9406475797499977,0.9126733813766378,0.9677599410509643,0.990645844031852,0.07797246265521418,0.2703356704202652,0.9968627636612896,0.04701178764682601,-0.060315588626888204,0.9968627636612896,0.9676042725876047,0.029258491073684834,0.9966738113256199,0.9677599410509643,0.02891387027465564,0.9965452064637894,0.9674852003468833,0.029060006116906067,0.05621518391129188
3,8,1,7,210,15,0.5993285375377299,0.24493511391805248,0.5937765324820512,0.9603798293377961,0.7154447154197436,0.025545529826022983,0.9918196317087102,0.6294138854444903,0.30939282717781097,0.9918196317087102,0.5894330850587344,0.40238654664997586,0.9902687250619828,0.5937765324820512,0.3964921925799316,0.9890903239329935,0.5912568974367601,0.3978334264962333,0.3924910941709804
3,8,1,8,210,15,0.9336668592488802,0.8935781897666164,0.9753891552386269,0.9967228057868439,0.10314461602022751,0.088714378503294,0.9993294525259675,0.0426569362321787,-0.48474374216454535,0.9993294525259675,0.9752199753715465,0.024109477154421022,0.9992942778874239,0.9753891552386269,0.02390512264879696,0.9992347040600412,0.9753273003619262,0.02390740369811506,0.06566259327708734
3,8,1,9,210,15,0.7565370132434037,0.3725136713558269,0.8805784454537308,0.9843647677358552,0.6118510963800283,0.019512704490890598,0.9961156466633593,0.5309064905628753,0.44199447347364534,0.9961156466633593,0.8778333331935094,0.11828231346984985,0.9956086583291642,0.8805784454537308,0.11503021287543347,0.9953306322332748,0.8794106259895766,0.11592000624369814,0.23957863341995556
3,16,0,0,210,15,0.9344649438033492,0.9071784197108328,0.987663791966372,0.9981160830754704,0.0909376633646376,0.037176007046387016,0.9998970840950183,0.0536001402733145,0.1847408266465388,0.9998970840950183,0.987497162078945,0.012399922016073317,0.9998847138478753,0.987663791966372,0.012220921881503255,0.9998741343969605,0.9875858861229555,0.012288248274004987,0.0654321402916691
3,16,0,1,210,15,0.9696336153429127,0.9682315602715887,0.9848809999554924,0.9949572677101957,0.026725707438606916,0.14704749892742752,0.9995930873267637,0.015443948368080274,0.29627558771983814,0.9995930873267637,0.9848574347954538,0.014735652531309817,0.9988206032103581,0.9848809999554924,0.013939603254865762,0.9985191100116048,0.9848680925906806,0.013651017420924116,0.02995947198385096
3,16,0,2,210,15,0.9215252779002355,0.7998873974641467,0.9825785943207428,0.9978925561551678,0.1980051586910211,0.03685861770869514,0.9996980409338936,0.08804756452395857,0.43007713164859585,0.9996980409338936,0.9823494391901171,0.017348601743776504,0.9996636316617931,0.9825785943207428,0.01708503734105027,0.9996450979755286,0.9824873008330628,0.01715779714246579,0.07817276303365805
3,16,0,3,210,15,0.9563195503610811,0.8983120563135284,0.9840230484836331,0.9963773914618884,0.09806533514836002,0.488652592436448,0.9998790819594552,0.10034432540441429,0.3542088741889191,0.9998790819594552,0.984021115081808,0.01585796687764718,0.9997365617697357,0.9840230484836331,0.0157135132861026,0.9996409514077579,0.984010970519682,0.01562998088807588,0.04355953159837411
3,16,0,4,210,15,0.9669664364549935,0.9223416816586941,0.9894179258999307,0.9962149281981862,0.07387324653949212,0.3888349113201117,0.9994542233023048,0.04074129901224233,0.02663422882928994,0.9994542233023048,0.9893505172025873,0.010103706099717558,0.999414287965096,0.9894179258999307,0.009996362065165298,0.9991599431111696,0.9893076189535552,0.00985232415761439,0.03248778684731135
3,16,0,5,210,15,0.9254076941243071,0.8099214069917388,0.9685556776744795,0.9916420612333932,0.1817206542416544,0.1995248566781388,0.999109197861295,0.054036342322340336,0.07359091395010577,0.999109197861295,0.9682850015217778,0.030824196339517274,0.9990894380975539,0.9685556776744795,0.03053376042307443,0.9985633688778123,0.9684375451923332,0.030125823685479114,0.07370150373698792
3,16,0,6,210,15,0.9299362966681864,0.8568325352630454,0.9847485575397439,0.9953068293501136,0.13847429408706824,0.0931165880968432,0.9990565684405388,0.1115776099713619,-0.46707829461633404,0.9990565684405388,0.984333812738746,0.014722755701792822,0.9990540332512957,0.9847485575397439,0.01430547571155183,0.9990155777871045,0.9846017206098209,0.014413857177283607,0.06912027177235236
3,16,0,7,210,15,0.939323723296829,0.8310109612788471,0.9858765797823523,0.9951512972635574,0.16414033598471034,0.027054146670326462,0.9990602764307402,0.07342387700372577,-0.5070766100948191,0.9990602764307402,0.9857764715175352,0.013283804913205022,0.9985752379380158,0.9858765797823523,0.012698658155663511,0.9983087424403095,0.9858280142858961,0.012480728154413478,0.05973655313391124
3,16,0,8,210,15,0.947536389600853,0.8932402376453691,0.987720032265736,0.9988837534724644,0.1056435158270953,0.2865085814521675,0.9999224030563817,0.030513888188787974,-0.5246241411369872,0.9999224030563817,0.9876339285375317,0.012288474518849957,0.9998523901991128,0.987720032265736,0.012132357933376747,0.9998245719301674,0.9876035996929425,0.012220972237224847,0.052386013455528735
3,16,0,9,210,15,0.9858482633109757,0.9661056675653216,0.9912753644490393,0.9987313106124011,0.03262564304707949,0.7968652326728694,0.999665011727283,0.028359393343845074,0.4503898695467665,0.999665011727283,0.9911752393909098,0.008489772336373158,0.9996555990982774,0.9912753644490393,0.008380234649238094,0.9996260105010624,0.9911989904042445,0.008427020096817839,0.0138167484163072
3,16,1,0,210,15,0.9412624521133464,0.8914444379015929,0.9791146922058613,0.9954889997601938,0.10404456185860089,0.2995085283254477,0.9994227205702545,0.043185583850141374,-0.18662878652901102,0.9994227205702545,0.9788840989609352,0.020538621609319296,0.9991678917356588,0.9791146922058613,0.02005319952979745,0.9988232271965387,0.9786772924976747,0.020145934698864054,0.05816026845690814
3,16,1,1,210,15,0.8090391424191266,0.4634761448176471,0.9081749786544802,0.9835174660542644,0.5200413212366173,0.025864914069758327,0.9985276633477866,0.48099539677272823,-0.0012199823125240935,0.9985276633477866,0.90789613883806,0.09063152450972667,0.9981811910431906,0.9081749786544802,0.09000621238871043,0.9980424940682324,0.9073116752750444,0.090730818793188,0.1894885209286601
3,16,1,2,210,15,0.8725469146435888,0.5711696484295898,0.9620027524440344,0.9941478177008681,0.4229781692712783,0.01805974744086769,0.999297586245605,0.2703093950853265,0.31997421386296415,0.999297586245605,0.9619926974339676,0.037304888811637404,0.9992177862534453,0.9620027524440344,0.037215033809410825,0.9991406182467945,0.961762450969838,0.03737816727695642,0.12675067160201625
3,16,1,3,210,15,0.9894384578384179,0.9784091532498813,0.9924029738823184,0.9977109552941362,0.019301802044254912,0.8996051742285655,0.9999083618779162,0.013165683228111291,0.09653539276886745,0.9999083618779162,0.9923031405058906,0.007605221372025572,0.999817667166583,0.9924029738823184,0.007414693284264695,0.999645138518944,0.9923618906873716,0.007283247831572415,0.010469904039498323
3,16,1,4,210,15,0.9449851389088388,0.9028013482073158,0.9804452920231002,0.9954978580370158,0.09269650982970001,0.30550987018918485,0.9994570176019858,0.08377788692161758,-0.042812114301263714,0.9994570176019858,0.9804203571770528,0.019036660424933016,0.999198332297661,0.9804452920231002,0.018753040274560817,0.9989292481238069,0.980327709965093,0.018601538158713904,0.05447187869314696
3,16,1,5,210,15,0.9696054279280059,0.9588538148650652,0.9915577060796947,0.9984951493208594,0.03964133445579421,0.21764577260994722,0.9998253695259273,0.022387129594086064,0.1950552814608689,0.9998253695259273,0.9915143740931158,0.008310995432811441,0.9998031058319822,0.9915577060796947,0.008245399752287441,0.9997549943564348,0.9915381418380256,0.008216852518409201,0.030219941597921407
3,16,1,6,210,15,0.9852512428355239,0.9757710688174754,0.9902733609392225,0.99690171351945,0.021130644701974566,0.7234381843874671,0.999411461024638,0.0084037026662509,-0.29161723783824056,0.999411461024638,0.990259881939706,0.009151579084931916,0.9992274209034779,0.9902733609392225,0.008954059964255467,0.9991000940158955,0.9902615495570594,0.00883854445883614,0.01416021818911406
3,16,1,7,210,15,0.8450327559656372,0.5189658935125234,0.9492189013608461,0.9924075309483451,0.4734416374358217,0.03536617871228165,0.9993878145413665,0.4548350367852182,0.17711123996980818,0.9993878145413665,0.9487811810690138,0.050606633472352724,0.9992821553256448,0.9492189013608461,0.050063253964798715,0.9991708905139466,0.9490055188606418,0.05016537165330481,0.1543550585757293
3,16,1,8,210,15,0.9661277777757922,0.9495108632540861,0.9952791067783991,0.9991762845973954,0.04966542134330931,0.23132902488737828,0.9999705178921672,0.027500648707252218,-0.48385483311898875,0.9999705178921672,0.9952696744409896,0.004700843451177605,0.9999393959550944,0.9952791067783991,0.004660289176695254,0.9999198327371447,0.9952682495081833,0.00465158322896142,0.033842740116375
3,16,1,9,210,15,0.8961588742243103,0.6575785754856415,0.9713093101943843,0.9969624451741685,0.3393838696885271,0.033099324988143275,0.9991090563521821,0.25673392219879365,0.3573330137061741,0.9991090563521821,0.9710763058616049,0.028032750490577185,0.9990976437897978,0.9713093101943843,0.02778833359541355,0.9990757064208147,0.970992473845009,0.028083232575805694,0.10295018212787177
4,1,0,0,210,15,0.25915200437769176,0.00011168847619347225,0.07542221550880934,0.7939931592426714,0.793881470766478,1.005099815598598e-07,0.9376337516760247,0.6338158394380842,-0.48206276138428794,0.9376337516760247,0.07127229356604792,0.8663614581099768,0.9294106558170978,0.07542221550880934,0.8539884403082885,0.9188358734001433,0.07211465043682153,0.8467212229633218,0.6784817472983329
4,1,0,1,210,15,0.35335950176734876,0.00013942570907079518,0.23205954565900333,0.8469266828909556,0.8467872571818849,5.677430847672582e-08,0.9422021188142726,0.7984198956678514,0.5758763561208061,0.9422021188142726,0.23143615095533487,0.7107659678589378,0.9321356478073788,0.23205954565900333,0.7000761021483755,0.9282599052024727,0.22990491603715713,0.6983549891653156,0.5888426170469239
4,1,0,2,210,15,0.13750607080763477,1.1731479866661233e-06,0.005046151528342757,0.5297633312004945,0.5297621580525078,0.0,0.8974781859756459,0.26512688697112813,0.6146086888915524,0.8974781859756459,0.005006116878332412,0.8924720690973135,0.8942164813951916,0.005046151528342757,0.8891703298668489,0.88635717982761,0.005008184290032876,0.8813489955375771,0.7599721151680111
4,1,0,3,210,15,0.04998147366134097,4.5577516331052344e-07,0.0006653059145498297,0.21545299929121323,0.21545254351604992,0.0,0.7020460703330533,0.03395959778669802,-0.040431755822127484,0.7020460703330533,0.0006645224195523936,0.7013815479135009,0.6840175059934521,0.0006653059145498297,0.6833522000789023,0.6613138110519459,0.00065242021288614,0.6606613908390597,0.6520645966717123
4,1,0,4,210,15,0.4973561094736597,0.0017649301412538845,0.587102133852877,0.9107308339639734,0.9089659038227195,4.140583913514462e-07,0.9662516316872077,0.8278413397442459,0.7651854755371842,0.9662516316872077,0.5754087554593914,0.3908428762278163,0.9640736735136116,0.587102133852877,0.3769715396607346,0.9618870452605256,0.5787785024806139,0.3831085427799117,0.468895522213548
4,1,0,5,210,15,0.08868738395836197,1.1213742916693639e-05,0.0022044068592746435,0.3495607326920636,0.34954951894914693,3.4567195328349953e-08,0.8731325306762241,0.046532007778226324,-0.11206797692205525,0.8731325306762241,0.002137218690251741,0.8709953119859724,0.8695500102177718,0.0022044068592746435,0.8673456033584972,0.8562672807643299,0.0021387272021822965,0.8541285535621476,0.7844451467178621
4,1,0,6,210,15,0.027719390004822125,5.372121269475727e-06,0.00048423616873971564,0.057475360158708286,0.05746998803743881,4.152555188596807e-09,0.8373444518339739,0.012900412501604591,0.16405231087196664,0.8373444518339739,0.0004809919365291737,0.8368634598974447,0.7829507760399621,0.00048423616873971564,0.7824665398712224,0.7241672098025896,0.0004790006660482978,0.7236882091365413,0.8096250618291517
4,1,0,7,210,15,0.3057289752762155,0.00015886284447416135,0.11217080208676161,0.8555817144270471,0.8554228515825729,5.0866706402530326e-08,0.9360899568953928,0.7361734234859163,-0.005293932807028342,0.9360899568953928,0.11051980594122546,0.8255701509541673,0.9332591883620402,0.11217080208676161,0.8210883862752787,0.9319878689408917,0.10921984945437109,0.8227680194865206,0.6303609816191773
4,1,0,8,210,15,0.03407486101136357,6.666313108416592e-07,0.00019077940920281256,0.05805326160542643,0.05805259497411559,0.0,0.7925704851363038,0.002940438451734084,-0.05824751452089941,0.7925704851363038,0.00019069430574958357,0.7923797908305542,0.771763040953464,0.00019077940920281256,0.7715722615442613,0.7114194781792458,0.00018401534418370039,0.7112354628350621,0.7584956241249402
4,1,0,9,210,15,0.03161595834830902,1.1375609823227607e-06,0.00037495828437073,0.09701042439298625,0.09700928683200392,2.7953478531905773e-08,0.8203858123806356,0.01020421135563635,-0.18079386315854262,0.8203858123806356,0.0003646588848347232,0.8200211534958008,0.7960685220913226,0.00037495828437073,0.7956935638069519,0.6543111064176723,0.00035964302926568453,0.6539514633884066,0.7887698540323266
4,1,1,0,210,15,0.25915200437769176,0.00011168847619347225,0.07542221550880934,0.7939931592426714,0.793881470766478,1.005099815598598e-07,0.9376337516760247,0.6338158394380842,-0.48206276138428794,0.9376337516760247,0.07127229356604792,0.8663614581099768,0.9294106558170978,0.07542221550880934,0.8539884403082885,0.9188358734001433,0.07211465043682153,0.8467212229633218,0.6784817472983329
4,1,1,1,210,15,0.35335950176734876,0.00013942570907079518,0.23205954565900333,0.8469266828909556,0.8467872571818849,5.677430847672582e-08,0.9422021188142726,0.7984198956678514,0.5758763561208061,0.9422021188142726,0.23143615095533487,0.7107659678589378,0.9321356478073788,0.23205954565900333,0.7000761021483755,0.9282599052024727,0.22990491603715713,0.6983549891653156,0.5888426170469239
4,1,1,2,210,15,0.13750607080763477,1.1731479866661233e-06,0.005046151528342757,0.5297633312004945,0.5297621580525078,0.0,0.8974781859756459,0.26512688697112813,0.6146086888915524,0.8974781859756459,0.005006116878332412,0.8924720690973135,0.8942164813951916,0.005046151528342757,0.8891703298668489,0.88635717982761,0.005008184290032876,0.8813489955375771,0.7599721151680111
4,1,1,3,210,15,0.04998147366134097,4.5577516331052344e-07,0.0006653059145498297,0.21545299929121323,0.21545254351604992,0.0,0.7020460703330533,0.03395959778669802,-0.040431755822127484,0.7020460703330533,0.0006645224195523936,0.7013815479135009,0.6840175059934521,0.0006653059145498297,0.6833522000789023,0.6613138110519459,0.00065242021288614,0.6606613908390597,0.6520645966717123
4,1,1,4,210,15,0.4973561094736597,0.0017649301412538845,0.587102133852877,0.9107308339639734,0.9089659038227195,4.140583913514462e-07,0.9662516316872077,0.8278413397442459,0.7651854755371842,0.9662516316872077,0.5754087554593914,0.3908428762278163,0.9640736735136116,0.587102133852877,0.3769715396607346,0.9618870452605256,0.5787785024806139,0.3831085427799117,0.468895522213548
4,1,1,5,210,15,0.08868738395836197,1.1213742916693639e-05,0.0022044068592746435,0.3495607326920636,0.34954951894914693,3.4567195328349953e-08,0.8731325306762241,0.046532007778226324,-0.11206797692205525,0.8731325306762241,0.002137218690251741,0.8709953119859724,0.8695500102177718,0.0022044068592746435,0.8673456033584972,0.8562672807643299,0.0021387272021822965,0.8541285535621476,0.7844451467178621
4,1,1,6,210,15,0.027719390004822125,5.372121269475727e-06,0.00048423616873971564,0.057475360158708286,0.05746998803743881,4.152555188596807e-09,0.8373444518339739,0.012900412501604591,0.16405231087196664,0.8373444518339739,0.0004809919365291737,0.8368634598974447,0.7829507760399621,0.00048423616873971564,0.7824665398712224,0.7241672098025896,0.0004790006660482978,0.7236882091365413,0.8096250618291517
4,1,1,7,210,15,0.3057289752762155,0.00015886284447416135,0.11217080208676161,0.8555817144270471,0.8554228515825729,5.0866706402530326e-08,0.9360899568953928,0.7361734234859163,-0.005293932807028342,0.9360899568953928,0.11051980594122546,0.8255701509541673,0.9332591883620402,0.11217080208676161,0.8210883862752787,0.9319878689408917,0.10921984945437109,0.8227680194865206,0.6303609816191773
4,1,1,8,210,15,0.03407486101136357,6.666313108416592e-07,0.00019077940920281256,0.05805326160542643,0.05805259497411559,0.0,0.7925704851363038,0.002940438451734084,-0.05824751452089941,0.7925704851363038,0.00019069430574958357,0.7923797908305542,0.771763040953464,0.00019077940920281256,0.7715722615442613,0.7114194781792458,0.00018401534418370039,0.7112354628350621,0.7584956241249402
4,1,1,9,210,15,0.03161595834830902,1.1375609823227607e-06,0.00037495828437073,0.09701042439298625,0.09700928683200392,2.7953478531905773e-08,0.8203858123806356,0.01020421135563635,-0.18079386315854262,0.8203858123806356,0.0003646588848347232,0.8200211534958008,0.7960685220913226,0.00037495828437073,0.7956935638069519,0.6543111064176723,0.00035964302926568453,0.6539514633884066,0.7887698540323266
4,4,0,0,210,15,0.738312228584989,0.2363904407912539,0.8809119017175064,0.9798843906603183,0.7434939498690644,0.01143887379976638,0.9959940685610665,0.5012653397568887,-0.4819500280213675,0.9959940685610665,0.8803034591401641,0.11569060942090248,0.9948655917461074,0.8809119017175064,0.113953690028601,0.9939068468262762,0.8803896063133614,0.11351724051291479,0.2576818399760775
4,4,0,1,210,15,0.7593406805737898,0.23843007310114808,0.9193203189148036,0.9897890137520625,0.7513589406509145,0.021188559537584695,0.9991179245105776,0.4295083473347031,0.5638488725043975,0.9991179245105776,0.9190450933491976,0.08007283116137998,0.9990466473101969,0.9193203189148036,0.07972632839539329,0.9989942678620739,0.9185024414121541,0.08049182644991981,0.2397772439367878
4,4,0,2,210,15,0.6374640099892966,0.0738312525990301,0.8367941328960729,0.9795159803431136,0.9056847277440835,0.0011849398687947543,0.9952624339490277,0.6207032393987787,0.5341766739122689,0.9952624339490277,0.8357253877880514,0.1595370461609763,0.9939837948370462,0.8367941328960729,0.1571896619409734,0.9931916660861337,0.8355261008208945,0.15766556526523923,0.35779842395973105
4,4,0,3,210,15,0.6748127134176828,0.15418841865173116,0.8538729674140562,0.9360504699403408,0.7818620512886096,0.0013494661327271285,0.9755160041224282,0.3382062559096064,-0.3771559445792422,0.9755160041224282,0.8509802640887061,0.12453574003372214,0.9668376462628305,0.8538729674140562,0.11296467884877437,0.96354376017283,0.8528970121733481,0.11064674799948193,0.30070329070474544
4,4,0,4,210,15,0.9302782413544248,0.8596255352874833,0.9701024208599232,0.9952504208299999,0.13562488554251662,0.12899190392942705,0.9995610562433582,0.0713000513221903,0.6298160308137859,0.9995610562433582,0.9695721099826685,0.02998894626068971,0.9993749429786967,0.9701024208599232,0.029272522118773514,0.999186093862814,0.9698957883926577,0.02929030547015632,0.0692828148889334
4,4,0,5,210,15,0.6886376869063511,0.19704564356458568,0.8493279506082387,0.9664532243978582,0.7694075808332725,0.03224995576616385,0.995083746975128,0.5850664793757488,-0.11922071443149018,0.995083746975128,0.8481445729893312,0.1469391739857968,0.9945045286567081,0.8493279506082387,0.1451765780484694,0.9934113123070474,0.8465043549158784,0.146906957391169,0.30644606006877695
4,4,0,6,210,15,0.5631050246874989,0.1170548140457199,0.6422354617673524,0.8957594130633004,0.7787045990175805,0.005103104126262914,0.9817460304542321,0.40547017835920574,-0.22457587311665636,0.9817460304542321,0.6420978061568046,0.3396482242974276,0.9810397717989066,0.6422354617673524,0.3388043100315542,0.9775676667331897,0.6395759763958775,0.33799169033731224,0.41864100576673324
4,4,0,7,210,15,0.9436364651124417,0.8686265546685595,0.9651831079133094,0.9942800023896827,0.1256534477211232,0.3946875654036973,0.9987945699819273,0.05022935460486444,0.3142118544962147,0.9987945699819273,0.9648187938435023,0.03397577613842495,0.9987011542295883,0.9651831079133094,0.03351804631627886,0.9986166944170417,0.9650044934413855,0.0336122009756562,0.05515810486948558
4,4,0,8,210,15,0.5472734293532009,0.2680706552002314,0.5270928276785112,0.897751811284677,0.6296811560844455,0.051806750668457635,0.9900722085307849,0.40631811901481174,0.0625300865260955,0.9900722085307849,0.525362480023315,0.46470972850746994,0.986476744083741,0.5270928276785112,0.4593839164052298,0.9847275230033454,0.5259230833924603,0.45880443961088513,0.44279877917758403
4,4,0,9,210,15,0.5079105534471349,0.2711570514298923,0.45282444946052075,0.8300844711563348,0.5589274197264424,0.048411992394044145,0.951541186617623,0.378934994844266,0.037402208666863196,0.951541186617623,0.4502618635233375,0.5012793230942855,0.9514405133671919,0.45282444946052075,0.4986160639066712,0.9495789591102252,0.4519531289167416,0.49762583019348355,0.4436306331704881
4,4,1,0,210,15,0.9445795427413681,0.8695017611417912,0.9629536166366911,0.9924833382271394,0.12298157708534818,0.32125235520059936,0.9991017047273033,0.05477678841974831,-0.2324918284509205,0.9991017047273033,0.962759340722717,0.03634236400458635,0.9983296190701133,0.9629536166366911,0.035376002433422205,0.9980635336262536,0.9627375802069591,0.035325953419294454,0.05452216198593518
4,4,1,1,210,15,0.8762270017034008,0.7337047728140866,0.9424698658291644,0.9896799726709292,0.2559751998568426,0.00029240247892148297,0.9962525608179462,0.12247702358314849,0.4221223027409109,0.9962525608179462,0.9424465719535745,0.05380598886437171,0.9961758746500444,0.9424698658291644,0.05370600882088006,0.9960701444762479,0.9422857544290809,0.05378439004716695,0.12002555911454538
4,4,1,2,210,15,0.8886993513312542,0.7586331573889074,0.9494398346568387,0.9914559081660155,0.23282275077710812,0.0,0.9988790195108976,0.11903751163062815,0.5583469660795677,0.9988790195108976,0.9491065274766097,0.04977249203428791,0.9988020785391328,0.9494398346568387,0.049362243882294154,0.9986479263505569,0.9485502167820835,0.05009770956847337,0.11017966817964342
4,4,1,3,210,15,0.5981330096016827,0.21774929117938396,0.6243123335050578,0.9409291167916973,0.7231798256123134,0.0,0.9792635761316397,0.5320261402488748,0.06696685703919428,0.9792635761316397,0.6239630564286718,0.35530051970296794,0.9761055595369296,0.6243123335050578,0.3517932260318718,0.9746086920615057,0.62372839420125,0.35088029786025565,0.381130566529957
4,4,1,4,210,15,0.8731490489621514,0.5701969724982267,0.9672631733776447,0.9942115023481141,0.4240145298498874,0.0,0.9986844830958491,0.2333492837815343,0.5442747325012229,0.9986844830958491,0.9671941904916065,0.03149029260424263,0.9984897886892764,0.9672631733776447,0.031226615311631734,0.9982594676661515,0.9671604234374706,0.031099044228680928,0.12553543413369772
4,4,1,5,210,15,0.6200784424499015,0.20721771646952158,0.6487390094410721,0.9598099314462367,0.7525922149767151,0.0,1.0,0.5612587508198259,-0.0626778061050947,1.0,0.6346983360744171,0.36530166392558294,1.0,0.6487390094410721,0.3512609905589279,0.9968251667288722,0.6439569348249198,0.35286823190395245,0.3799215575500985
4,4,1,6,210,15,0.5653858664063032,0.15706249045431725,0.5800724949970308,0.9031090976567733,0.7460466072024561,0.0,0.9892268082165239,0.47433314935352455,0.11924922171866548,0.9892268082165239,0.5795348373644273,0.4096919708520965,0.9841130906308604,0.5800724949970308,0.40404059563382955,0.9766087017157155,0.5774815490924591,0.3991271526232564,0.4238409418102207
4,4,1,7,210,15,0.7061964571770136,0.22592538210045782,0.84463434466078,0.9750157030697314,0.7490903209692736,0.04883816424188503,0.9938670175085543,0.4954786920337592,0.03992251201031446,0.9938670175085543,0.8423362985307694,0.15153071897778492,0.9923389316423277,0.84463434466078,0.14770458698154765,0.9914995259399696,0.8437140672440746,0.147785458695895,0.2876705603315407
4,4,1,8,210,15,0.7213369740879749,0.33753579614300405,0.8041967026424004,0.9466265061570737,0.6090907100140697,0.0,0.9839809776255454,0.4443785510428255,-0.01782288552056574,0.9839809776255454,0.8041220298494179,0.17985894777612743,0.9831096029140332,0.8041967026424004,0.17891290027163276,0.9823702462597322,0.8039518420967874,0.17841840416294485,0.26264400353757045
4,4,1,9,210,15,0.4920304854307432,0.1454716438975522,0.4511953808511201,0.8675426742975392,0.722071030399987,0.004396050643054816,0.9562409832155515,0.5727951098855711,-0.1950034500296411,0.9562409832155515,0.45092541584469514,0.5053155673708564,0.9456429187278594,0.4511953808511201,0.49444753787673934,0.9380472988212288,0.45048299701009836,0.4875643018111305,0.46421049778480833
4,8,0,0,210,15,0.8471789141917503,0.517447651898003,0.9492859300022911,0.9941486518922964,0.4767009999942934,0.031021228382996258,0.998918128612411,0.27169479953770903,-0.43694479628627797,0.998918128612411,0.9486947900356428,0.050223338576768195,0.9988741813573994,0.9492859300022911,0.04958825135510825,0.9987471472980776,0.9488616293276491,0.049885517970428506,0.15173921442066074
4,8,0,1,210,15,0.8404780913530454,0.4263094692428594,0.9602293705850058,0.9974433925422617,0.5711339232994023,0.04386032713838939,0.9997019105074585,0.30470515563639367,0.5183331011717143,0.9997019105074585,0.9602181547323573,0.039483755775101215,0.9996874346268396,0.9602293705850058,0.03945806404183383,0.9996728153305209,0.959962544228782,0.03971027110173886,0.15922381915441308
4,8,0,2,210,15,0.7047369707364989,0.15700668489248493,0.9122988236507359,0.9929789711925024,0.8359722863000175,0.0025248903956327506,0.999838812276083,0.6052170181406119,0.5366270048235625,0.999838812276083,0.9098695232801421,0.08996928899594081,0.9995897338118207,0.9122988236507359,0.08729091016108481,0.9994972078686685,0.9078638328903109,0.09163337497835755,0.2951018415395841
4,8,0,3,210,15,0.775156535152251,0.25900266658169585,0.9348789166096789,0.9818555299169993,0.7228528633353035,0.0031408902700756913,0.9935436329469445,0.2674573036283353,-0.297036213973106,0.9935436329469445,0.9343389245289372,0.05920470841800729,0.9926978108696298,0.9348789166096789,0.057818894259950904,0.9922115656219918,0.9341830139569275,0.058028551665064265,0.21838709779469345
4,8,0,4,210,15,0.9727905795394858,0.9490427340302428,0.9899576520486587,0.9992610087878472,0.05021827475760443,0.27741136632266494,0.9999294835568044,0.021537155086051918,0.561975166265513,0.9999294835568044,0.9898727785679688,0.010056704988835596,0.9998881310970191,0.9899576520486587,0.009930479048360419,0.9998634801182121,0.9898958600524872,0.009967620065724936,0.027138904017318666
4,8,0,5,210,15,0.7666028792812567,0.3568330720082618,0.9043560520913162,0.9892269672308477,0.6323938952225858,0.06645737243990524,0.9985483444184047,0.44218794269887596,-0.06823283974693303,0.9985483444184047,0.9032751245740267,0.09527321984437798,0.9977645902439375,0.9043560520913162,0.09340853815262129,0.99746476658115,0.9033666031223603,0.09409816345878974,0.23194546513714798
4,8,0,6,210,15,0.7186819339504642,0.2636748997090333,0.8294996894388753,0.9640578885906422,0.7003829888816089,0.006508534882445516,0.9970819666492834,0.3317052103178738,-0.1631310071818927,0.9970819666492834,0.8258069528012226,0.17127501384806076,0.9952222343502979,0.8294996894388753,0.16572254491142258,0.9932053974450249,0.8265391795654439,0.16666621787958102,0.2784000326988192
4,8,0,7,210,15,0.9857607070658082,0.9729252218459504,0.9927243195621911,0.9990758441860993,0.026150622340148866,0.6427243286635771,0.9997677992810327,0.01131593129220354,0.22633295863527841,0.9997677992810327,0.9927033407953048,0.007064458485727898,0.9997583598636857,0.9927243195621911,0.007034040301494571,0.9997465198953036,0.9927014267834527,0.007045093111850864,0.014007092215224448
4,8,0,8,210,15,0.8724701375388344,0.7055178634013193,0.9108514559284363,0.9853978709414114,0.2798800075400921,0.18661293237537846,0.9966413393223091,0.2537866276893761,0.11954336509088317,0.9966413393223091,0.9102449665096661,0.08639637281264301,0.9953678504571732,0.9108514559284363,0.08451639452873694,0.9947785492583442,0.9103401908457952,0.08443835841254899,0.12417120178347474
4,8,0,9,210,15,0.8413315236715888,0.6379327356539548,0.885133694035191,0.9675811242871394,0.3296483886331846,0.20056129890778962,0.9906430322567107,0.20419390535854787,0.03901675774960883,0.9906430322567107,0.8848603741891189,0.1057826580675918,0.9878472697154557,0.885133694035191,0.10271357568026462,0.9868303885258994,0.884932344135868,0.10189804439003147,0.14931150858512188
4,8,1,0,210,15,0.9833191204900277,0.9641197797293568,0.9904478327191302,0.9988581181987316,0.034738338469374797,0.5160506659391229,0.9998062856388024,0.02211020384439999,-0.04243763221064294,0.9998062856388024,0.9904207942063907,0.00938549143241163,0.9997918684279994,0.9904478327191302,0.009344035708869214,0.9997396292303019,0.9904375420031638,0.0093020872271381,0.016487165148774685
4,8,1,1,210,15,0.9196145640707376,0.8274563325003593,0.9726138336608048,0.9965288813972655,0.16907254889690615,0.05076452144684718,0.9994808380952133,0.07518476541590191,0.3868613800766457,0.9994808380952133,0.9724319257262056,0.02704891236900764,0.9994553685363963,0.9726138336608048,0.02684153487559149,0.9993511205384288,0.9725314035174573,0.026819717020971523,0.07986627402447566
4,8,1,2,210,15,0.9485628303210591,0.9016206294470896,0.9865316561121844,0.9981396163652494,0.09651898691815974,0.1399667406213595,0.9997445122875696,0.06072008652781269,0.5815687430553981,0.9997445122875696,0.9864130903350002,0.013331421952569311,0.9996294971580292,0.9865316561121844,0.013097841045844771,0.9995855477346991,0.9862707598775611,0.013314787857138022,0.051181681966510406
4,8,1,3,210,15,0.8987422525228935,0.8088743730943146,0.9511093168494826,0.9890105786842771,0.18013620558996246,0.03381280646047258,0.9981517007745765,0.09563322792395612,-0.019241770950426475,0.9981517007745765,0.9510016059803299,0.04715009479424659,0.9972468544796732,0.9511093168494826,0.04613753763019057,0.9967928908627437,0.9509756490258624,0.045817241836881295,0.09940944825168296
4,8,1,4,210,15,0.9762957678075554,0.94207014380856,0.9917688323476184,0.9989205776524119,0.05685043384385191,0.7353125497780442,0.9997729659752022,0.025083755364672777,0.4368657533536556,0.9997729659752022,0.9917556064246447,0.00801735955055749,0.9997413218784479,0.9917688323476184,0.007972489530829519,0.9997032092806641,0.991711622011915,0.007991587268749156,0.023477198167646707
4,8,1,5,210,15,0.8457970700853612,0.47870369815415187,0.954942763000577,0.9871994386288082,0.5084957404746564,0.0962656988172681,0.998425404145697,0.4204214023214611,-0.007307583910227961,0.998425404145697,0.9534604517244883,0.04496495242120868,0.9983496378310712,0.954942763000577,0.04340687483049421,0.9979512026392672,0.9543290183902462,0.04362218424902098,0.15262833406033582
4,8,1,6,210,15,0.8366197437393397,0.5512832261309841,0.9093607651339111,0.9800218464733959,0.4287386203424117,0.07616643274803647,0.9937331533628091,0.36351479492642813,0.08577000450285559,0.9937331533628091,0.9091772214931392,0.08455593186966992,0.9927410260903787,0.9093607651339111,0.08338026095646767,0.9918775327956331,0.9075742908816326,0.08430324191400052,0.15711340962346942
4,8,1,7,210,15,0.8739854016426465,0.658737067207158,0.9503287320496915,0.9900462194359495,0.33130915222879154,0.124588794535468,0.9979968942594051,0.2586414801512529,0.14719802522247022,0.9979968942594051,0.9502454216426661,0.047751472616738955,0.9976593221035898,0.9503287320496915,0.04733059005389828,0.9974917736977534,0.9500499850203618,0.04744178867739168,0.12401149261675859
4,8,1,8,210,15,0.9591923731536657,0.9301379345720345,0.9693651869099509,0.9927560626848518,0.0626181281128173,0.6845033179229559,0.9971284181137215,0.04125527874849677,0.0003751299835111259,0.9971284181137215,0.969346408790246,0.02778200932347552,0.9970923014281656,0.9693651869099509,0.027727114518214746,0.9970107894077911,0.9692449127967252,0.027765876611065887,0.03793604496005587
4,8,1,9,210,15,0.8240498580193819,0.5593344386230554,0.8885381583079244,0.9616141851982939,0.40227974657523846,0.1859190787250955,0.9922161530115966,0.24609911223896508,-0.25735795758245245,0.9922161530115966,0.8882974431217162,0.10391870988988039,0.9878202231710113,0.8885381583079244,0.09928206486308688,0.9858312552687195,0.8881083763190247,0.09772287894969478,0.1681662949922147
4,16,0,0,210,15,0.9317875492829276,0.8225909658593934,0.9884108529122778,0.9984998987560849,0.17590893289669152,0.10375142948683491,0.9997668256849659,0.14232759279062424,-0.26488776875406955,0.9997668256849659,0.9882611671491944,0.011505658535771457,0.9997018114349696,0.9884108529122778,0.011290958522691796,0.9996750027972321,0.9883605898973383,0.011314412899893767,0.06797927640203827
4,16,0,1,210,15,0.9138385822880658,0.7546807644524649,0.9889352339259128,0.9991896813231234,0.24450891687065845,0.04933053592328762,0.9999166825941508,0.20790089117666166,0.4790137774423132,0.9999166825941508,0.9888547933312726,0.01106188926287821,0.9999032560060112,0.9889352339259128,0.010968022080098394,0.9998873017212554,0.9888505259272429,0.011036775794012521,0.08607810030608498
4,16,0,2,210,15,0.7942663087281766,0.2822694412663894,0.9601259567315427,0.9980889000382276,0.7158194587718382,0.006132493667505012,0.9999291467468169,0.5347718479403727,0.5986860732183755,0.9999291467468169,0.9597745274508798,0.04015461929593711,0.999829336777787,0.9601259567315427,0.039703380046244297,0.9997793497218544,0.9596576481657754,0.04012170155607908,0.20566283801864027
4,16,0,3,210,15,0.8579206393522404,0.39821357877412494,0.9754900283120143,0.9958771813471187,0.5976636025729938,0.005935628768309997,0.9995138613065017,0.16645273561218,-0.023398651734895186,0.9995138613065017,0.9753539048854891,0.02415995642101254,0.9994960920904858,0.9754900283120143,0.024006063778471587,0.9994027912533342,0.9754381244551554,0.02396466679817877,0.14159322195426127
4,16,0,4,210,15,0.9894996311664802,0.9837085239473567,0.9972551523110892,0.999651607909077,0.015943083961720284,0.595906498664976,0.999960111478482,0.010730964426457823,0.6145944352479648,0.999960111478482,0.9972382028025668,0.0027219086759151523,0.9999447580777433,0.9972551523110892,0.002689605766654113,0.9999320872454964,0.9972193485047226,0.0027127387407738235,0.010460480312001752
4,16,0,5,210,15,0.8527366802757207,0.48352779147270053,0.9636150785866965,0.99792867718688,0.5144008857141795,0.08270003851848828,0.9998350162182098,0.2617882201869085,-0.006116756777769499,0.9998350162182098,0.9628925894720901,0.036942426746119694,0.9998126855100686,0.9636150785866965,0.03619760692337215,0.9997830984777362,0.9622170231591117,0.03756607531862444,0.1470983359424891
4,16,0,6,210,15,0.8559993221149996,0.42494594284501574,0.9669744893989585,0.9947663664228579,0.5698204235778421,0.010817387825730496,0.9991824880010778,0.24613582190912198,-0.18276345754519863,0.9991824880010778,0.9666170674778893,0.03256542052318845,0.9989279686425501,0.9669744893989585,0.0319534792435916,0.9988203362602327,0.9668023278163553,0.032018008443877366,0.14318316588607816
4,16,0,7,210,15,0.9955575373241905,0.9907692536442142,0.9979494306718066,0.9997442544944447,0.008975000850230508,0.9010532893714155,0.9999279084327869,0.005290525419987646,0.24106085981865477,0.9999279084327869,0.9979461759299292,0.0019817325028577137,0.9999117209603624,0.9979494306718066,0.001962290288555768,0.9998993465774384,0.9979312339917294,0.0019681125857089476,0.004370371108596394
4,16,0,8,210,15,0.9629683336413942,0.9509205548041357,0.9758959556100724,0.9939491351780689,0.0430285803739332,0.5745605189597753,0.9987186664720412,0.03254893801519099,0.015945291924339067,0.9987186664720412,0.9758850773825185,0.02283358908952271,0.9986565565853304,0.9758959556100724,0.022760600975258005,0.9984032914368349,0.9757164757190875,0.022686815717747444,0.03575033283064699
4,16,0,9,210,15,0.9524051174262387,0.941411854648501,0.9618538045704093,0.9878501584852212,0.04643830383672021,0.5834135658896418,0.9966826414459918,0.03353006707876505,0.026884315484964026,0.9966826414459918,0.9617170736963699,0.034965567749621895,0.9963468971583412,0.9618538045704093,0.034493092587931984,0.9961306586159496,0.9617867244783191,0.03434393413763048,0.044277524019753156
4,16,1,0,210,15,0.9956680472052704,0.9912635387252431,0.9976595212304897,0.9996246081830273,0.008361069457784254,0.8883506226994538,0.9998843930141474,0.006018300276078525,-0.10103565678522027,0.9998843930141474,0.9976052277562167,0.0022791652579307042,0.9998735989167583,0.9976595212304897,0.0022140776862685785,0.999866921600192,0.9976391256580301,0.0022277959421618254,0.004216345808877087
4,16,1,1,210,15,0.9478979950724132,0.8849600192648625,0.9892750476104414,0.9994468270466957,0.11448680778183329,0.14205301532466696,0.9999394416728719,0.055789953049899754,0.4326298296365645,0.9999394416728719,0.9892498490168992,0.01068959265597269,0.9999301789410295,0.9892750476104414,0.010655131330588152,0.9999103768415996,0.9891788292120985,0.010731547629501015,0.05204144660045862
4,16,1,2,210,15,0.9803729161981087,0.9621009282917274,0.996861072322427,0.9995384776309558,0.03743754933922838,0.3100659492042751,0.999940888404216,0.018705233649175868,0.6071410754374087,0.999940888404216,0.9968560423232569,0.0030848460809591582,0.9999079735138814,0.996861072322427,0.003046901191454343,0.9998899422192142,0.9968179206441147,0.0030720215750995594,0.019567972206107287
4,16,1,3,210,15,0.9551046557409525,0.9457634481029006,0.9820169818007035,0.9967238114006172,0.05096036329771658,0.13266345911731126,0.9994373440997882,0.029110241237177426,-0.22198818891260896,0.9994373440997882,0.9820037587007773,0.017433585399010965,0.9992558058805934,0.9820169818007035,0.01723882407988986,0.9990893607357819,0.9819868932615607,0.017102467474221172,0.04433268835883575
4,16,1,4,210,15,0.9912285662272476,0.9739171210241906,0.9967129022325965,0.999653126200783,0.025736005176592358,0.819901995033822,0.9999630035560022,0.012357116884996522,0.41370876566685993,0.9999630035560022,0.9967096392726703,0.0032533642833318943,0.9999612139907221,0.9967129022325965,0.003248311758125677,0.9999555765645619,0.9966650809079853,0.0032904956565765753,0.008734437328754563
4,16,1,5,210,15,0.9451062861191656,0.8550634970602029,0.9862321932949396,0.9971512592809679,0.14208776222076502,0.23808976060675802,0.9992824724855501,0.17423398672005386,-0.06822765660381026,0.9992824724855501,0.9861985093968424,0.01308396308870774,0.9992508809175004,0.9862321932949396,0.013018687622560754,0.9992221276784555,0.9862205558524259,0.013001571826029679,0.05417618636638455
4,16,1,6,210,15,0.9419299133240956,0.8698090383819318,0.9766493092851647,0.993876698353908,0.12406765997197622,0.21429039735682776,0.9985701846753103,0.09246929177962415,0.08506120968081557,0.9985701846753103,0.9762808213716222,0.022289363303688137,0.9984983962527825,0.9766493092851647,0.02184908696761778,0.9984566624582737,0.9762263645189071,0.022230297939366594,0.056640271351214744
4,16,1,7,210,15,0.9583770849802166,0.919721926198522,0.9822700991805686,0.9969058318542627,0.07718390565574074,0.14023714146410193,0.999353286765875,0.03164503954791276,0.16070400041465144,0.999353286765875,0.9822335207206148,0.01711976604526022,0.9991508760521108,0.9822700991805686,0.016880776871542214,0.9989720081356342,0.9819806024097654,0.01699140572586888,0.04097620178565842
4,16,1,8,210,15,0.9857057551068581,0.9698779064137938,0.9931093070807673,0.9982389158465147,0.028361009432720907,0.7328214147384478,0.9996765055865202,0.02000075488228925,-0.1488268279488035,0.9996765055865202,0.992965338917543,0.006711166668977198,0.9995560155845846,0.9931093070807673,0.006446708503817344,0.9994952429478969,0.9929702164734898,0.006525026474407114,0.01397075047966212
4,16,1,9,210,15,0.9474545762981846,0.9041743817595881,0.9689548431448092,0.990863236937557,0.08668885517796887,0.20843294037918403,0.9978314104789019,0.05595755740888331,-0.1705351271327824,0.9978314104789019,0.9686379690000024,0.029193441478899462,0.9978197111741574,0.9689548431448092,0.02886486802934818,0.9976957638250848,0.9686545380928235,0.02904122573226131,0.050376834180717256
5,1,0,0,210,15,0.0032956494131559998,2.7382853184931834e-08,4.439030096115015e-06,0.0011559833425162978,0.0011559559596631128,0.0,0.46551365252896204,6.824009077228686e-05,0.09385829934595212,0.46551365252896204,4.28455542778039e-06,0.46550936797353426,0.2675724879053294,4.439030096115015e-06,0.2675680488752333,0.19929655430175064,4.323111564175086e-06,0.19929223119018646,0.462218003115806
5,1,0,1,210,15,0.21236933747283332,2.5298595347500467e-07,0.01102495103811707,0.795056340454093,0.7950560874681395,0.0,0.9546718575179978,0.25224630209201077,0.20267709342291532,0.9546718575179978,0.010458538850892651,0.9442133186671051,0.9518795924126613,0.01102495103811707,0.9408546413745442,0.9463844066452481,0.010728618201373016,0.9356557884438751,0.7423025200451645
5,1,0,2,210,15,0.07775617349281612,3.198432076967351e-08,2.9541174786706925e-05,0.26975072690602175,0.269750694921701,0.0,0.9110615325346354,0.08064989144193652,-0.22351721613382874,0.9110615325346354,2.8258927701085845e-05,0.9110332736069343,0.9092493859263471,2.9541174786706925e-05,0.9092198447515604,0.9071164148563765,2.8644332976372294e-05,0.9070877705234002,0.8333053590418192
5,1,0,3,210,15,0.17754246343088348,7.303957004767272e-08,0.0011838904512049275,0.7711864861955853,0.7711864131560152,0.0,0.9329627480415714,0.14597779142675638,-0.23509506208433623,0.9329627480415714,0.0010640734496636384,0.9318986745919078,0.9309531928460894,0.0011838904512049275,0.9297693023948844,0.9294398511641658,0.0011188331047683835,0.9283210180593975,0.7554202846106879
5,1,0,4,210,15,0.10065554895259615,7.723153172545242e-08,0.0014288173631475942,0.4310402688862276,0.43104019165469587,0.0,0.9105389859783317,0.04776106236243495,-0.03621397310596612,0.9105389859783317,0.0013280195881737455,0.909210966390158,0.9031895236322965,0.0014288173631475942,0.901760706269149,0.9005368892417951,0.0013668358812099306,0.8991700533605852,0.8098834370257355
5,1,0,5,210,15,0.02517371251572543,6.63451578120089e-09,6.645941364624708e-06,0.07628841711205095,0.07628841047753517,0.0,0.6600971774633224,0.001153161001846481,-0.23021902019158194,0.6600971774633224,6.5128865160968274e-06,0.6600906645768063,0.6076362190218374,6.645941364624708e-06,0.6076295730804728,0.5311911082190802,6.028200414139502e-06,0.531185080018666,0.634923464947597
5,1,0,6,210,15,0.07030805180805831,1.865592267225047e-07,0.0001118328604796659,0.2861150134936782,0.28611482693445145,0.0,0.789218788541017,0.001359386771505777,-0.28440748575445507,0.789218788541017,0.00010740100040562695,0.7891113875406114,0.7798968729407205,0.0001118328604796659,0.7797850400802409,0.76583750173116,0.0001092009371035374,0.7657283007940565,0.7189107367329587
5,1,0,7,210,15,0.09542673608309866,7.690174654850785e-08,0.0008040801211327553,0.3618578092022206,0.3618577323004741,0.0,0.8779022181975704,0.025275058037262887,-0.39995270381900466,0.8779022181975704,0.000803537086349948,0.8770986811112205,0.8777983325195,0.0008040801211327553,0.8769942523983673,0.8648533673590699,0.0007893209874435166,0.8640640463716264,0.7824754821144717
5,1,0,8,210,15,0.06784702549740025,4.861914604248342e-08,6.519019773260082e-05,0.2757568968019126,0.2757568481827666,0.0,0.8507899729259862,0.04812276807587278,0.5427677336382749,0.8507899729259862,6.304420416680667e-05,0.8507269287218194,0.8087028369778555,6.519019773260082e-05,0.8086376467801228,0.7842960196741334,6.440425869643403e-05,0.784231615415437,0.782942947428586
5,1,0,9,210,15,0.30893236215961367,3.4869057931041785e-07,0.08110455444235692,0.8493896859196806,0.8493893372291013,0.0,0.9771430280538902,0.7693021466784586,0.4842591182825655,0.9771430280538902,0.07859841882454821,0.898544609229342,0.9727357813957982,0.08110455444235692,0.8916312269534412,0.9642226000879305,0.07819147388204979,0.8860311262058806,0.6682106658942766
5,1,1,0,210,15,0.0032956494131559998,2.7382853184931834e-08,4.439030096115015e-06,0.0011559833425162978,0.0011559559596631128,0.0,0.46551365252896204,6.824009077228686e-05,0.09385829934595212,0.46551365252896204,4.28455542778039e-06,0.46550936797353426,0.2675724879053294,4.439030096115015e-06,0.2675680488752333,0.19929655430175064,4.323111564175086e-06,0.19929223119018646,0.462218003115806
5,1,1,1,210,15,0.21236933747283332,2.5298595347500467e-07,0.01102495103811707,0.795056340454093,0.7950560874681395,0.0,0.9546718575179978,0.25224630209201077,0.20267709342291532,0.9546718575179978,0.010458538850892651,0.9442133186671051,0.9518795924126613,0.01102495103811707,0.9408546413745442,0.9463844066452481,0.010728618201373016,0.9356557884438751,0.7423025200451645
5,1,1,2,210,15,0.07775617349281612,3.198432076967351e-08,2.9541174786706925e-05,0.26975072690602175,0.269750694921701,0.0,0.9110615325346354,0.08064989144193652,-0.22351721613382874,0.9110615325346354,2.8258927701085845e-05,0.9110332736069343,0.9092493859263471,2.9541174786706925e-05,0.9092198447515604,0.9071164148563765,2.8644332976372294e-05,0.9070877705234002,0.8333053590418192
5,1,1,3,210,15,0.17754246343088348,7.303957004767272e-08,0.0011838904512049275,0.7711864861955853,0.7711864131560152,0.0,0.9329627480415714,0.14597779142675638,-0.23509506208433623,0.9329627480415714,0.0010640734496636384,0.9318986745919078,0.9309531928460894,0.0011838904512049275,0.9297693023948844,0.9294398511641658,0.0011188331047683835,0.9283210180593975,0.7554202846106879
5,1,1,4,210,15,0.10065554895259615,7.723153172545242e-08,0.0014288173631475942,0.4310402688862276,0.43104019165469587,0.0,0.9105389859783317,0.04776106236243495,-0.03621397310596612,0.9105389859783317,0.0013280195881737455,0.909210966390158,0.9031895236322965,0.0014288173631475942,0.901760706269149,0.9005368892417951,0.0013668358812099306,0.8991700533605852,0.8098834370257355
5,1,1,5,210,15,0.02517371251572543,6.63451578120089e-09,6.645941364624708e-06,0.07628841711205095,0.07628841047753517,0.0,0.6600971774633224,0.001153161001846481,-0.23021902019158194,0.6600971774633224,6.5128865160968274e-06,0.6600906645768063,0.6076362190218374,6.645941364624708e-06,0.6076295730804728,0.5311911082190802,6.028200414139502e-06,0.531185080018666,0.634923464947597
5,1,1,6,210,15,0.07030805180805831,1.865592267225047e-07,0.0001118328604796659,0.2861150134936782,0.28611482693445145,0.0,0.789218788541017,0.001359386771505777,-0.28440748575445507,0.789218788541017,0.00010740100040562695,0.7891113875406114,0.7798968729407205,0.0001118328604796659,0.7797850400802409,0.76583750173116,0.0001092009371035374,0.7657283007940565,0.7189107367329587
5,1,1,7,210,15,0.09542673608309866,7.690174654850785e-08,0.0008040801211327553,0.3618578092022206,0.3618577323004741,0.0,0.8779022181975704,0.025275058037262887,-0.39995270381900466,0.8779022181975704,0.000803537086349948,0.8770986811112205,0.8777983325195,0.0008040801211327553,0.8769942523983673,0.8648533673590699,0.0007893209874435166,0.8640640463716264,0.7824754821144717
5,1,1,8,210,15,0.06784702549740025,4.861914604248342e-08,6.519019773260082e-05,0.2757568968019126,0.2757568481827666,0.0,0.8507899729259862,0.04812276807587278,0.5427677336382749,0.8507899729259862,6.304420416680667e-05,0.8507269287218194,0.8087028369778555,6.519019773260082e-05,0.8086376467801228,0.7842960196741334,6.440425869643403e-05,0.784231615415437,0.782942947428586
5,1,1,9,210,15,0.30893236215961367,3.4869057931041785e-07,0.08110455444235692,0.8493896859196806,0.8493893372291013,0.0,0.9771430280538902,0.7693021466784586,0.4842591182825655,0.9771430280538902,0.07859841882454821,0.898544609229342,0.9727357813957982,0.08110455444235692,0.8916312269534412,0.9642226000879305,0.07819147388204979,0.8860311262058806,0.6682106658942766
5,4,0,0,210,15,0.4075915648001062,0.0617789055992012,0.38353307005881865,0.8297603923984528,0.7679814867992516,0.0,0.9690580657253551,0.4355167860106977,0.03816931384903448,0.9690580657253551,0.3792821672714386,0.5897758984539165,0.9650524159236187,0.38353307005881865,0.5815193458648,0.962558509240815,0.3814661470991097,0.5810923621417052,0.5614665009252489
5,4,0,1,210,15,0.7832898979245061,0.2195264075036025,0.9341357984374941,0.9938501661527833,0.7743237586491808,0.0,0.9994486373208291,0.28140089810399127,0.07416105969361145,0.9994486373208291,0.9339350182148487,0.06551361910598041,0.9993636612445793,0.9341357984374941,0.06522786280708526,0.9992914354580243,0.9338157448623948,0.06547569059562952,0.21615873939632302
5,4,0,2,210,15,0.5701371463410102,0.020612210895602417,0.6645751643041365,0.9904009956298906,0.9697887847342882,0.0,1.0,0.8891692502365334,-0.14489282231861428,1.0,0.6580857496157211,0.3419142503842789,1.0,0.6645751643041365,0.33542483569586345,1.0,0.6615431446608784,0.3384568553391216,0.4298628536589898
5,4,0,3,210,15,0.6706078542865159,0.09217343238259325,0.8701366448889125,0.9896095017961768,0.8974360694135836,0.0,1.0,0.8346160666789497,-0.08696990213577892,1.0,0.869231165055987,0.13076883494401303,1.0,0.8701366448889125,0.1298633551110875,1.0,0.8693984858164227,0.13060151418357735,0.3293921457134841
5,4,0,4,210,15,0.8357073133103247,0.5953517273910527,0.9154143138392239,0.9891759787151744,0.3938242513241217,0.0,0.9973304185634642,0.2878244273824162,-0.29460661563430335,0.9973304185634642,0.9153779781454972,0.08195244041796701,0.9972467107301166,0.9154143138392239,0.08183239689089272,0.9969076723587387,0.9144462796681964,0.08246139269054231,0.1616231052531395
5,4,0,5,210,15,0.6945912610195388,0.21237441633066423,0.8048765379982197,0.9565479522745367,0.7441735359438725,0.0,0.9900388286861785,0.4384601540932017,-0.3513063140401629,0.9900388286861785,0.7969267584825146,0.19311207020366394,0.9899848129265236,0.8048765379982197,0.18510827492830395,0.9896241750688596,0.801777376375281,0.18784679869357856,0.2954475676666397
5,4,0,6,210,15,0.54333675304637,0.1008617134953966,0.5421045415315057,0.9445760467148784,0.8437143332194817,0.010793358102109019,0.9854783352515646,0.6150806212318323,-0.5544583129517028,0.9854783352515646,0.5344724108348737,0.45100592441669085,0.984350476267014,0.5421045415315057,0.44224593473550833,0.9819774461470187,0.5385320656897982,0.4434453804572205,0.4421415822051946
5,4,0,7,210,15,0.8160028398970922,0.43351145609015806,0.9088365346959733,0.9824049398944614,0.5488934838043034,0.0,1.0,0.2970137232291826,-0.473555927734027,1.0,0.908541773528699,0.09145822647130097,1.0,0.9088365346959733,0.09116346530402675,1.0,0.9086777508150732,0.09132224918492682,0.1839971601029078
5,4,0,8,210,15,0.48007552287942573,0.012796513463562276,0.4070835104261158,0.9463217882728363,0.933525274809274,0.0,0.9931955859574055,0.8345656627322535,0.598123702189554,0.9931955859574055,0.40531904108431105,0.5878765448730945,0.9928650022075364,0.4070835104261158,0.5857814917814206,0.992041114219278,0.40540594481601433,0.5866351694032637,0.5131200630779797
5,4,0,9,210,15,0.7413706839382496,0.16740756807187826,0.8900136349756389,0.9791929819633175,0.8117854138914392,0.0038616532675916915,0.9998758842099561,0.3329974062440758,0.4784086454827288,0.9998758842099561,0.8858025303842597,0.11407335382569639,0.9997494824431147,0.8900136349756389,0.10973584746747578,0.9993011818065352,0.8884251864321443,0.11087599537439086,0.25850520027170654
5,4,1,0,210,15,0.40244963152699154,0.03708088889098398,0.34752084413914053,0.8490631149437085,0.8119822260527245,0.0,1.0,0.6899946790838499,0.005586780393465353,1.0,0.3449215730464368,0.6550784269535632,1.0,0.34752084413914053,0.6524791558608595,1.0,0.3458749472164206,0.6541250527835794,0.5975503684730085
5,4,1,1,210,15,0.6631470608090443,0.07383865882488118,0.8717531990852414,0.9923654305152285,0.9185267716903474,0.0,1.0,0.6133556727800991,0.2136860894156978,1.0,0.8698052832769424,0.1301947167230576,1.0,0.8717531990852414,0.1282468009147586,1.0,0.8709121903764752,0.12908780962352484,0.3368529391909557
5,4,1,2,210,15,0.6433206559456708,0.046478032077702534,0.7583259419468031,0.9769038369858409,0.9304258049081384,0.0,1.0,0.3994368600011713,-0.23436812626136647,1.0,0.755602798674919,0.24439720132508103,1.0,0.7583259419468031,0.24167405805319686,1.0,0.7556807711194221,0.2443192288805779,0.3566793440543292
5,4,1,3,210,15,0.8184578001986118,0.45632374142019855,0.9146219222066931,0.9858963125846953,0.5295725711644967,0.0,1.0,0.20920494554801305,-0.19386186275684905,1.0,0.9138321294156592,0.08616787058434083,1.0,0.9146219222066931,0.08537807779330686,1.0,0.9142010126545527,0.08579898734544733,0.1815421998013882
5,4,1,4,210,15,0.5624218338156057,0.08327910076430815,0.5947511965992913,0.9478005140476596,0.8645214132833515,0.0,1.0,0.7125878109907449,-0.009384728516681623,1.0,0.5938955289345212,0.40610447106547876,1.0,0.5947511965992913,0.4052488034007087,1.0,0.5931993065900101,0.4068006934099899,0.43757816618439427
5,4,1,5,210,15,0.4970305768693007,0.021225805393672477,0.5097166127456481,0.9413241273171854,0.9200983219235129,0.0,1.0,0.8030593898620045,-0.3332378771141555,1.0,0.5091218515124247,0.49087814848757527,1.0,0.5097166127456481,0.49028338725435194,1.0,0.5092264687086999,0.4907735312913001,0.5029694231306994
5,4,1,6,210,15,0.7722457828700084,0.31149309412333726,0.9087530667275632,0.9702466282373328,0.6587535341139955,0.0,1.0,0.3841076269924899,-0.10781261641825374,1.0,0.9082702277648192,0.09172977223518075,1.0,0.9087530667275632,0.09124693327243683,1.0,0.9079946444045599,0.0920053555954401,0.22775421712999155
5,4,1,7,210,15,0.847986185820101,0.5908814091685448,0.9302537330330541,0.9938799942061076,0.4029985850375628,0.0,1.0,0.14139532894647167,-0.13905789894814588,1.0,0.9296248270182428,0.07037517298175722,1.0,0.9302537330330541,0.06974626696694586,1.0,0.9298133259335803,0.07018667406641965,0.152013814179899
5,4,1,8,210,15,0.5065620723226758,0.04271838936661843,0.5232365102403185,0.9375893448874859,0.8948709555208675,0.0,1.0,0.7865458787360573,0.29915871108188397,1.0,0.522268778576665,0.477731221423335,1.0,0.5232365102403185,0.4767634897596815,0.9971865877255559,0.5221376002492999,0.475048987476256,0.4934379276773242
5,4,1,9,210,15,0.7086342161108848,0.10224407584690455,0.8926335641876759,0.9882052553450817,0.8859611794981772,0.0,0.9997216075279195,0.582614823788447,0.4238573599012611,0.9997216075279195,0.8923745148241143,0.10734709270380516,0.9994637210094794,0.8926335641876759,0.10683015682180352,0.9988774955045212,0.8915991375639504,0.10727835794057083,0.29108739141703466
5,8,0,0,210,15,0.696735908868464,0.16233350132451274,0.7953028159900342,0.9675158672951643,0.8051823659706515,0.01565260618205877,0.9953449321737841,0.6911663145448098,0.11699066710291454,0.9953449321737841,0.7891158319659152,0.2062291002078689,0.994914718119251,0.7953028159900342,0.19961190212921687,0.9944905232416937,0.7923696808800438,0.20212084236164995,0.29860902330532
5,8,0,1,210,15,0.9195381984681364,0.6913916527968716,0.9896363442991358,0.999029543197492,0.3076378904006204,0.025934910714637383,0.9998910180260596,0.08705748908889044,0.20829043742488493,0.9998910180260596,0.9895463869218579,0.010344631104201696,0.9998904638263832,0.9896363442991358,0.010254119527247418,0.9998601684585151,0.9894857443980299,0.010374424060485166,0.08035281955792317
5,8,0,2,210,15,0.7100119646039976,0.08776656827910692,0.9212507008053357,0.9883514781872492,0.9005849099081423,0.0015738114024052008,0.9979328726438244,0.7880867737997629,-0.09375334069771585,0.9979328726438244,0.9209420351423903,0.0769908375014341,0.9974719713531817,0.9212507008053357,0.076221270547846,0.9972799844195143,0.9210069301252425,0.07627305429427178,0.28792090803982673
5,8,0,3,210,15,0.7855409954803073,0.27434607945651096,0.9503393771433211,0.9945502370301849,0.720204157573674,0.03622290848247278,0.9996037152501182,0.6362512548791023,-0.007869954939049476,0.9996037152501182,0.9495107414460998,0.05009297380401834,0.9994615379155587,0.9503393771433211,0.04912216077223763,0.9993675097472492,0.9500273044132772,0.04934020533397199,0.21406271976981084
5,8,0,4,210,15,0.9744792102790649,0.9456894634515173,0.9804949782247333,0.9967211389971846,0.05103167554566734,0.8528318730021736,0.9991674837791911,0.030111614461004854,-0.2584036567074731,0.9991674837791911,0.9804464369814682,0.018721046797722907,0.9991378771716785,0.9804949782247333,0.018642898946945152,0.9990776152483151,0.9804576443094611,0.018619970938853925,0.024688273500126146
5,8,0,5,210,15,0.8725712527267411,0.5972243491761592,0.9542172006889944,0.990454670260558,0.3932303210843988,0.03571317070778823,0.9972643413748375,0.18768377015918947,-0.2201313278888734,0.9972643413748375,0.9537093188322133,0.04355502254262422,0.9970979520390438,0.9542172006889944,0.04288075135004943,0.9968596553404083,0.9539485809520803,0.042911074388327974,0.12469308864809647
5,8,0,6,210,15,0.754787318212475,0.33708700789183654,0.8753450041028534,0.9745083474912235,0.637421339599387,0.06462020180679995,0.9964576646057447,0.5324483564627498,-0.5380199745378094,0.9964576646057447,0.8749634158611176,0.12149424874462711,0.9952150461113862,0.8753450041028534,0.1198700420085328,0.9946795123981266,0.87456754677117,0.12011196562695658,0.24167034639326967
5,8,0,7,210,15,0.9423242231208219,0.9170643404641926,0.976248397565306,0.9955877176721216,0.07852337720792901,0.06266039334959372,0.999337927806565,0.06513790635757621,-0.27959364157917416,0.999337927806565,0.9762059672041686,0.023131960602396417,0.9993193588917293,0.976248397565306,0.023070961326423278,0.9991273050570827,0.9761575997657072,0.02296970529137554,0.05701370468574318
5,8,0,8,210,15,0.6635826764122292,0.09571041980313989,0.8214437600926179,0.9861397093813487,0.8904292895782088,0.002366913408023308,0.9990671416664137,0.8343196546493166,0.5681275571522516,0.9990671416664137,0.8178661111491287,0.1812010305172851,0.9976869574820239,0.8214437600926179,0.17624319738940597,0.9971525553312773,0.8201883542492574,0.17696420108201993,0.3354844652541845
5,8,0,9,210,15,0.8721034642263295,0.5427707645277002,0.9644358737361969,0.9950363613982958,0.45226559687059553,0.013861131568309593,0.9999695984253211,0.0919434887965831,0.438116186632026,0.9999695984253211,0.9640058690502198,0.03596372937510128,0.9999362830721821,0.9644358737361969,0.035500409335985195,0.9999067131631577,0.9640145410994482,0.03589217206370954,0.12786613419899162
5,8,1,0,210,15,0.6247829468026964,0.1662982530949454,0.7119773706747352,0.9491447585872005,0.7828465054922551,0.017957282702112387,0.9945081869594385,0.6182085141217677,0.11689348316936245,0.9945081869594385,0.7107876680272015,0.28372051893223704,0.9935648694183672,0.7119773706747352,0.281587498743632,0.9886809921104219,0.7107481101834893,0.27793288192693266,0.36972524015674213
5,8,1,1,210,15,0.7712213772484257,0.2231974794365406,0.9372177532226764,0.9969028191445334,0.7737053397079927,0.0,0.9998384173757411,0.4961303785063154,0.28987829332054826,0.9998384173757411,0.9362958036263184,0.06354261374942272,0.9997869379376462,0.9372177532226764,0.06256918471496975,0.9997643648622635,0.9367656502549088,0.06299871460735473,0.22861704012731543
5,8,1,2,210,15,0.782849290249045,0.17392777365636058,0.9500714851474859,0.994361780965897,0.8204340073095364,0.0,1.0,0.2717098271121201,-0.307164075635016,1.0,0.9500452620349713,0.049954737965028695,1.0,0.9500714851474859,0.04992851485251415,1.0,0.9496060054497386,0.05039399455026139,0.21715070975095496
5,8,1,3,210,15,0.9487455936283428,0.8732673320881331,0.979100108200446,0.9959796879672257,0.12271235587909257,0.0,1.0,0.042270062008951226,-0.01751448850476039,1.0,0.9787458245536762,0.021254175446323798,1.0,0.979100108200446,0.020899891799553982,1.0,0.9788454844061648,0.021154515593835188,0.051254406371657235
5,8,1,4,210,15,0.7839534909609002,0.33388912420711686,0.9169278805069746,0.9917192150868718,0.657830090879755,0.0,0.9996270526144605,0.4266470225277388,-0.13716605170833157,0.9996270526144605,0.9161444753674866,0.08348257724697394,0.9995230161512343,0.9169278805069746,0.08259513564425969,0.9990130319256698,0.9164259787162017,0.08258705320946813,0.21567356165356033
5,8,1,5,210,15,0.6580657990368585,0.08473602930329907,0.7977892674498646,0.9674917141368518,0.8827556848335527,0.0,0.9925693533265729,0.4126535941941078,-0.3254359509285925,0.9925693533265729,0.7972204350179365,0.19534891830863643,0.9904570640319208,0.7977892674498646,0.19266779658205624,0.9896802806102553,0.796247120226484,0.19343316038377123,0.33450355428971446
5,8,1,6,210,15,0.9235411281256699,0.8457209889471906,0.9726350281091787,0.9944271720163249,0.1487061830691343,0.0,0.9996005837676619,0.11275005252121417,0.17955379616641776,0.9996005837676619,0.9724379695750199,0.027162614192641987,0.999283300990853,0.9726350281091787,0.026648272881674373,0.9991275050701064,0.9725584117666507,0.026569093303455693,0.07605945564199201
5,8,1,7,210,15,0.9758821231659935,0.9507917115063355,0.9875808985514325,0.9978759664308258,0.04708425492449031,0.16729881493557497,0.9994631237509031,0.02592775905413436,-0.21608070153842165,0.9994631237509031,0.9875069960795171,0.011956127671385985,0.999417065711961,0.9875808985514325,0.011836167160528488,0.9993820992650257,0.987475395311678,0.011906703953347697,0.02358100058490953
5,8,1,8,210,15,0.7126492720911298,0.18218714166280792,0.8771382274173989,0.983776896138404,0.8015897544755961,0.0,0.9987442982113856,0.6387747554119387,0.21488339547705973,0.9987442982113856,0.8753096384534219,0.12343465975796364,0.9986155729319985,0.8771382274173989,0.12147734551459966,0.9983577871006052,0.8747616519476309,0.1235961351529743,0.2860950261202557
5,8,1,9,210,15,0.8803951533409644,0.5673777958036466,0.9773612654191907,0.994420483489255,0.4270426876856085,0.030692356309428348,0.9998950387348492,0.18214595600844197,0.36364478624393815,0.9998950387348492,0.9766628946400963,0.023232144094752938,0.9998614993612702,0.9773612654191907,0.02250023394207956,0.9995660867259023,0.9769802385488496,0.02258584817705267,0.11949988539388479
5,16,0,0,210,15,0.8674214553704603,0.5577435438420586,0.9670642035080322,0.9940278025931161,0.4362842587510575,0.035697179737223084,0.9991248895944984,0.4094567571012977,-0.08320434865708001,0.9991248895944984,0.9670121887694837,0.03211270082501472,0.9990602029265097,0.9670642035080322,0.03199599941847742,0.9990048620710138,0.9668465650119972,0.03215829705901663,0.13170343422403807
5,16,0,1,210,15,0.9623134264254134,0.9606668576443614,0.9960304333316072,0.9998035248724055,0.0391366672280441,0.06610460575602461,0.999975733485716,0.015562083657694403,0.15784679276821956,0.999975733485716,0.9960228601716372,0.003952873314078786,0.9999731412744677,0.9960304333316072,0.003942707942860446,0.9999698620604861,0.9959924218431363,0.003977440217349804,0.0376623070603026
5,16,0,2,210,15,0.7978003856055222,0.1524530100598005,0.9682876096178432,0.996098267773994,0.8436452577141935,0.0071795006629638,0.9990332055476676,0.5270558998376496,-0.16349382720048722,0.9990332055476676,0.9678151600400091,0.0312180455076585,0.9986241630284616,0.9682876096178432,0.03033655341061836,0.9984731752651461,0.967837670298544,0.030635504966602167,0.20123281994214537
5,16,0,3,210,15,0.9044832808010919,0.6864222314520152,0.9806695099660578,0.9977536756591023,0.31133144420708714,0.14394414976368042,0.999802999101792,0.23698346880078414,0.04506289420233047,0.999802999101792,0.9801648177253109,0.0196381813764811,0.999793829406161,0.9806695099660578,0.019124319440103177,0.9997771740155893,0.9802585471831723,0.019518626832417008,0.09531971830070018
5,16,0,4,210,15,0.9944920624222168,0.9861697798667589,0.9966497483965715,0.9994269108510242,0.013257130984265286,0.9623599697976901,0.9998920188660765,0.006853470864448874,-0.1636674624951003,0.9998920188660765,0.9966473443162688,0.0032446745498077023,0.9998879192121976,0.9966497483965715,0.0032381708156260514,0.9998777722070132,0.9966085498101215,0.0032692223968917578,0.00539995644385971
5,16,0,5,210,15,0.9353826798329402,0.8510553647385677,0.9884905536661784,0.9976008624129213,0.14654549767435365,0.07489986111703417,0.9994115575895983,0.03757095647454867,-0.10467940640053386,0.9994115575895983,0.9882696076555628,0.0111419499340355,0.999374369536659,0.9884905536661784,0.010883815870480595,0.999344802695223,0.9883957419093404,0.010949060785882536,0.06402887775665811
5,16,0,6,210,15,0.8949927430623429,0.6685659293112997,0.9626346742946137,0.9937849067934261,0.32521897748212647,0.22931715126716723,0.9989685532435794,0.27494352573410574,-0.6166974955700324,0.9989685532435794,0.9623660858412214,0.03660246740235795,0.9988984114456293,0.9626346742946137,0.03626373715101561,0.9988242386918982,0.9624619196580241,0.0363623190338741,0.10397581018123647
5,16,0,7,210,15,0.9673076682275242,0.9426500115611133,0.9912065231592065,0.9979683000462578,0.05531828848514453,0.06955002543419986,0.9997124024326828,0.03965465233164833,-0.2468141486849394,0.9997124024326828,0.9911590899674617,0.008553312465221063,0.9996902798700129,0.9912065231592065,0.008483756710806367,0.999666768552157,0.9911642662317434,0.008502502320413607,0.03240473420515855
5,16,0,8,210,15,0.7589370022933941,0.1822070156095779,0.9409597016395617,0.993666456025098,0.8114594404155201,0.008376169696796554,0.9992877602022858,0.592533756685052,0.5571068990874428,0.9992877602022858,0.940165844542984,0.059121915659301805,0.9992552018176528,0.9409597016395617,0.05829550017809115,0.999189500948038,0.9404955248039949,0.05869397614404315,0.2403507579088917
5,16,0,9,210,15,0.9301752004993094,0.7268952030375648,0.9865220032810622,0.9985704583781032,0.2716752553405384,0.030648187922077907,0.9999847206647535,0.032504439430641074,0.3502178539843793,0.9999847206647535,0.9864432316445528,0.013541489020200692,0.9999782950814009,0.9865220032810622,0.013456291800338693,0.9999519531854028,0.9863220112939256,0.013629941891477149,0.06980952016544417
5,16,1,0,210,15,0.7854336621983758,0.3123359392128447,0.9108183916143067,0.9897979196117206,0.677461980398876,0.02977916547057813,0.9983719414158958,0.4514118722630033,0.18546646668372785,0.9983719414158958,0.9103462959913676,0.08802564542452818,0.9981654674887339,0.9108183916143067,0.08734707587442725,0.998032359173885,0.9091265047214815,0.08890585445240351,0.21293827921751995
5,16,1,1,210,15,0.8696782576941289,0.470454469120161,0.9752700966070453,0.9995824825384296,0.5291280134182687,0.05098972136216273,0.9999784913683003,0.30081696243353684,0.32416996822085375,0.9999784913683003,0.9751716572989092,0.024806834069391104,0.999976113143968,0.9752700966070453,0.024706016536922615,0.9999738812548734,0.9747093765304206,0.025264504724452852,0.13030023367417143
5,16,1,2,210,15,0.8529301423393011,0.42148869007057055,0.9798788262527429,0.9974838551197502,0.5759951650491797,0.04797540090570096,0.9995462155169375,0.15076045787191927,-0.3372366720333794,0.9995462155169375,0.9794953344491728,0.020050881067764648,0.9995396333253774,0.9798788262527429,0.019660807072634512,0.999498716560058,0.9796967611814287,0.019801955378629277,0.14661607317763636
5,16,1,3,210,15,0.9790810753905606,0.9589670409620694,0.9915727740330258,0.9986815320434879,0.039714491081418446,0.5886931639446354,0.9997977066602128,0.014223245187769518,-0.04535962914610957,0.9997977066602128,0.9915722024146516,0.008225504245561233,0.9997531287902939,0.9915727740330258,0.008180354757268082,0.9997328169266734,0.9915664959757643,0.008166320950909078,0.020716631269652286
5,16,1,4,210,15,0.8880333867890275,0.6817969633191954,0.9685552893628848,0.9973729457242144,0.31557598240501905,0.029128806228918003,0.9998074480182654,0.21392388946146346,0.017619447152996667,0.9998074480182654,0.9676856583806931,0.032121789637572284,0.9997747052105952,0.9685552893628848,0.031219415847710374,0.9996721902142797,0.9682491831636214,0.03142300705065826,0.11177406122923783
5,16,1,5,210,15,0.8192421625873205,0.3843335959997011,0.9494775347291826,0.9927273209587435,0.6083937249590423,0.038994627216179856,0.9986222513285513,0.19879568261160618,-0.2563265121010195,0.9986222513285513,0.9492954834600266,0.049326767868524746,0.9985799256433854,0.9494775347291826,0.049102390914202765,0.998470341646145,0.9493984191430282,0.04907192250311676,0.1793800887412308
5,16,1,6,210,15,0.9658228609707583,0.9401358622398026,0.9911008070048373,0.9984718116403068,0.05833594940050424,0.4472334555577998,0.9998096187285509,0.03534821323933446,0.29955003838765376,0.9998096187285509,0.9909850890835128,0.008824529645038104,0.9997332145701706,0.9911008070048373,0.008632407565333344,0.9996550139729168,0.9908974283698951,0.008757585603021645,0.033986757757792585
5,16,1,7,210,15,0.9927591196368097,0.9901216400974526,0.9965397044219921,0.999533970609785,0.009412330512332368,0.5715246625708434,0.9999267290871409,0.004531583973544473,-0.24194717729264997,0.9999267290871409,0.9965209902350327,0.0034057388521081533,0.9999067047331884,0.9965397044219921,0.0033670003111963,0.9998694645276479,0.9965158953772963,0.0033535691503515652,0.007167609450331125
5,16,1,8,210,15,0.8197966536554366,0.414818909154532,0.9517790276849623,0.9957364457011348,0.5809175365466028,0.11897212649541977,0.9997639976617085,0.33762377530592935,0.19036842429209602,0.9997639976617085,0.9517758210759266,0.047988176585781916,0.9994354932667021,0.9517790276849623,0.04765646558173986,0.9992890854799769,0.9503543827764984,0.04893470270347844,0.1799673440062719
5,16,1,9,210,15,0.9621417240711199,0.9233008936069806,0.9926366398552466,0.9983668413049098,0.07506594769792918,0.3234997079679728,0.9999631935455465,0.05038266819526416,0.3269144425043652,0.9999631935455465,0.9926269218054143,0.007336271740132183,0.9999552736203107,0.9926366398552466,0.007318633765064031,0.9999060595060575,0.9926012788465925,0.007304780659464938,0.03782146947442666
6,1,0,0,210,15,0.10798644860841376,3.023884967001678e-06,0.0017100956500429865,0.4740855929481848,0.47408256906321783,9.534564582303062e-09,0.8963514518601003,0.1819683850055337,0.11331452284308358,0.8963514518601003,0.0016786428528353659,0.894672809007265,0.8951273876878363,0.0017100956500429865,0.8934172920377933,0.8828706987480998,0.0016684257356554728,0.8812022730124442,0.7883650032516866
6,1,0,1,210,15,0.30416155970329356,0.00011941328130476993,0.1411831703850308,0.8438567542950377,0.8437373410137329,7.98438556048886e-07,0.904626143986845,0.4150393140532176,-0.4152313139591763,0.904626143986845,0.13928498233527475,0.7653411616515703,0.9024360557781228,0.1411831703850308,0.761252885393092,0.9005344238109512,0.13888851222023565,0.7616459115907155,0.6004645842835514
6,1,0,2,210,15,0.06676493459696263,1.3779645526867947e-05,0.0008447456805810161,0.16248308526792452,0.16246930562239764,2.77228962120013e-07,0.933811293364049,0.0064881535362427,-0.006820368456686741,0.933811293364049,0.0008316913304287077,0.9329796020336203,0.9230198421042521,0.0008447456805810161,0.9221750964236711,0.9188434524855061,0.0008250368458455245,0.9180184156396606,0.8670463587670864
6,1,0,3,210,15,0.5843348591214653,0.005838528733942583,0.7760180659821811,0.8990876294466409,0.8932491007126984,6.372563424728028e-07,0.9541295149047574,0.7249310698592991,-0.575269928375441,0.9541295149047574,0.7759016699551804,0.178227844949577,0.9536210059491417,0.7760180659821811,0.17760293996696053,0.948730988279468,0.7756233482491304,0.17310764003033763,0.36979465578329207
6,1,0,4,210,15,0.09053144843579825,7.002299157721215e-06,0.0012969895916025154,0.3835763549608231,0.38356935266166536,5.2422812091279525e-08,0.8754063590805014,0.11358615803780249,0.28707032553378276,0.8754063590805014,0.0012321862236497338,0.8741741728568516,0.8630013407278387,0.0012969895916025154,0.8617043511362362,0.8521268132923904,0.0012474718040148176,0.8508793414883755,0.784874910644703
6,1,0,5,210,15,0.21163900052078147,1.9669576403202885e-05,0.02739006573582109,0.811029866144966,0.8110101965685628,1.1866898796952796e-08,0.9815829981192261,0.3165852531616111,-0.2549335423867726,0.9815829981192261,0.026942503481346303,0.9546404946378798,0.9779377866500032,0.02739006573582109,0.9505477209141822,0.9754286232989452,0.027200024721739696,0.9482285985772055,0.7699439975984447
6,1,0,6,210,15,0.18085764220010314,9.824775636904099e-05,0.012518006812976767,0.799732596163759,0.79963434840739,1.011157473307378e-07,0.9831455723550986,0.3480105155075056,0.4324743353428811,0.9831455723550986,0.012199174895011877,0.9709463974600867,0.9826896545495966,0.012518006812976767,0.9701716477366198,0.9822551167619143,0.0124105763683785,0.9698445403935358,0.8022879301549954
6,1,0,7,210,15,0.15696371898350617,4.6619223863175746e-06,0.007741471208507877,0.7440756367098648,0.7440709747874784,9.675375389761598e-09,0.9176775323403414,0.14695903207110123,-0.0876372318128367,0.9176775323403414,0.0073119137568612436,0.9103656185834802,0.8965026463252115,0.007741471208507877,0.8887611751167036,0.8839561430227266,0.007489689607030892,0.8764664534156957,0.7607138133568353
6,1,0,8,210,15,0.049096204764007695,3.1359410663789346e-06,0.001067834646104271,0.16897643114901506,0.16897329520794868,2.439810020682387e-08,0.7786449138623601,0.02170100455809641,-0.19084916081673378,0.7786449138623601,0.0010299804539801727,0.77761493340838,0.7515848600097705,0.001067834646104271,0.7505170253636663,0.7388881285393861,0.0010459817203439432,0.7378421468190421,0.7295487090983525
6,1,0,9,210,15,0.09885076401769621,0.0001119535862083687,0.020521044260871757,0.30892829778412106,0.3088163441979127,4.101224582164775e-09,0.8266085695740784,0.07457015070043124,0.0805026353043315,0.8266085695740784,0.020250631631154148,0.8063579379429242,0.8161289606752562,0.020521044260871757,0.7956079164143844,0.8044829208487596,0.020329982729520208,0.7841529381192394,0.7277578055563821
6,1,1,0,210,15,0.10798644860841376,3.023884967001678e-06,0.0017100956500429865,0.4740855929481848,0.47408256906321783,9.534564582303062e-09,0.8963514518601003,0.1819683850055337,0.11331452284308358,0.8963514518601003,0.0016786428528353659,0.894672809007265,0.8951273876878363,0.0017100956500429865,0.8934172920377933,0.8828706987480998,0.0016684257356554728,0.8812022730124442,0.7883650032516866
6,1,1,1,210,15,0.30416155970329356,0.00011941328130476993,0.1411831703850308,0.8438567542950377,0.8437373410137329,7.98438556048886e-07,0.904626143986845,0.4150393140532176,-0.4152313139591763,0.904626143986845,0.13928498233527475,0.7653411616515703,0.9024360557781228,0.1411831703850308,0.761252885393092,0.9005344238109512,0.13888851222023565,0.7616459115907155,0.6004645842835514
6,1,1,2,210,15,0.06676493459696263,1.3779645526867947e-05,0.0008447456805810161,0.16248308526792452,0.16246930562239764,2.77228962120013e-07,0.933811293364049,0.0064881535362427,-0.006820368456686741,0.933811293364049,0.0008316913304287077,0.9329796020336203,0.9230198421042521,0.0008447456805810161,0.9221750964236711,0.9188434524855061,0.0008250368458455245,0.9180184156396606,0.8670463587670864
6,1,1,3,210,15,0.5843348591214653,0.005838528733942583,0.7760180659821811,0.8990876294466409,0.8932491007126984,6.372563424728028e-07,0.9541295149047574,0.7249310698592991,-0.575269928375441,0.9541295149047574,0.7759016699551804,0.178227844949577,0.9536210059491417,0.7760180659821811,0.17760293996696053,0.948730988279468,0.7756233482491304,0.17310764003033763,0.36979465578329207
6,1,1,4,210,15,0.09053144843579825,7.002299157721215e-06,0.0012969895916025154,0.3835763549608231,0.38356935266166536,5.2422812091279525e-08,0.8754063590805014,0.11358615803780249,0.28707032553378276,0.8754063590805014,0.0012321862236497338,0.8741741728568516,0.8630013407278387,0.0012969895916025154,0.8617043511362362,0.8521268132923904,0.0012474718040148176,0.8508793414883755,0.784874910644703
6,1,1,5,210,15,0.21163900052078147,1.9669576403202885e-05,0.02739006573582109,0.811029866144966,0.8110101965685628,1.1866898796952796e-08,0.9815829981192261,0.3165852531616111,-0.2549335423867726,0.9815829981192261,0.026942503481346303,0.9546404946378798,0.9779377866500032,0.02739006573582109,0.9505477209141822,0.9754286232989452,0.027200024721739696,0.9482285985772055,0.7699439975984447
6,1,1,6,210,15,0.18085764220010314,9.824775636904099e-05,0.012518006812976767,0.799732596163759,0.79963434840739,1.011157473307378e-07,0.9831455723550986,0.3480105155075056,0.4324743353428811,0.9831455723550986,0.012199174895011877,0.9709463974600867,0.9826896545495966,0.012518006812976767,0.9701716477366198,0.9822551167619143,0.0124105763683785,0.9698445403935358,0.8022879301549954
6,1,1,7,210,15,0.15696371898350617,4.6619223863175746e-06,0.007741471208507877,0.7440756367098648,0.7440709747874784,9.675375389761598e-09,0.9176775323403414,0.14695903207110123,-0.0876372318128367,0.9176775323403414,0.0073119137568612436,0.9103656185834802,0.8965026463252115,0.007741471208507877,0.8887611751167036,0.8839561430227266,0.007489689607030892,0.8764664534156957,0.7607138133568353
6,1,1,8,210,15,0.049096204764007695,3.1359410663789346e-06,0.001067834646104271,0.16897643114901506,0.16897329520794868,2.439810020682387e-08,0.7786449138623601,0.02170100455809641,-0.19084916081673378,0.7786449138623601,0.0010299804539801727,0.77761493340838,0.7515848600097705,0.001067834646104271,0.7505170253636663,0.7388881285393861,0.0010459817203439432,0.7378421468190421,0.7295487090983525
6,1,1,9,210,15,0.09885076401769621,0.0001119535862083687,0.020521044260871757,0.30892829778412106,0.3088163441979127,4.101224582164775e-09,0.8266085695740784,0.07457015070043124,0.0805026353043315,0.8266085695740784,0.020250631631154148,0.8063579379429242,0.8161289606752562,0.020521044260871757,0.7956079164143844,0.8044829208487596,0.020329982729520208,0.7841529381192394,0.7277578055563821
6,4,0,0,210,15,0.8382251012982689,0.5224684957777803,0.9242527092746594,0.987082285139879,0.46461378936209863,0.0,0.9982231105957762,0.1542181354054769,0.09867991823591724,0.9982231105957762,0.9239207647060976,0.07430234588967854,0.998055596241884,0.9242527092746594,0.07380288696722459,0.997661925781156,0.9238689526090808,0.07379297317207523,0.1599980092975073
6,4,0,1,210,15,0.7903999749365515,0.3782242033801365,0.9128357421579427,0.988571902214655,0.6103476988345184,0.02837695037743948,0.9979749955327948,0.16007483812738343,-0.6109584603473354,0.9979749955327948,0.9121782855584782,0.08579670997431654,0.9974902676873828,0.9128357421579427,0.08465452552944008,0.9970531599195401,0.9116918766356208,0.08536128328391934,0.20757502059624333
6,4,0,2,210,15,0.6147984276344317,0.15752295843022004,0.6722937343310257,0.953776447829397,0.796253489399177,0.0,0.9924660409510161,0.5622434683442639,-0.011020010171918379,0.9924660409510161,0.6712466127498442,0.3212194282011719,0.9907388788096568,0.6722937343310257,0.31844514447863115,0.9900767775824372,0.6708222820120029,0.3192544955704343,0.3776676133165844
6,4,0,3,210,15,0.9176933272052461,0.813572968916718,0.9709980585060729,0.9934150272147095,0.1798420582979915,0.004603847327769639,1.0,0.05421215545948177,-0.34498806257349535,1.0,0.9709797674133,0.029020232586699946,1.0,0.9709980585060729,0.029001941493927097,1.0,0.970839303468706,0.02916069653129405,0.0823066727947539
6,4,0,4,210,15,0.6376310048404193,0.22428833202453616,0.684323079762742,0.9816608106572585,0.7573724786327224,0.0,0.9968129186419569,0.604541482273429,0.38062605889994267,0.9968129186419569,0.6814931836602562,0.31531973498170063,0.9967192054330212,0.684323079762742,0.3123961256702792,0.9966256197044162,0.6833747429553667,0.3132508767490495,0.3591819138015375
6,4,0,5,210,15,0.6028571141200836,0.08755355869772172,0.6940264598231478,0.9813951051335712,0.8938415464358495,0.0008785971217609712,1.0,0.7831711898812628,-0.2248557628452864,1.0,0.6921864729553792,0.30781352704462084,1.0,0.6940264598231478,0.3059735401768522,1.0,0.692378234668225,0.307621765331775,0.3971428858799164
6,4,0,6,210,15,0.6323502599029592,0.1164097164037575,0.7520328023834608,0.9745612475425469,0.8581515311387894,0.013244152188899627,1.0,0.6751071053170816,0.21238641627766097,1.0,0.7515179129398116,0.24848208706018837,1.0,0.7520328023834608,0.24796719761653918,0.9997155109855228,0.7518606328482212,0.24785487813730156,0.36764974009704077
6,4,0,7,210,15,0.7102140885862985,0.16562949065845092,0.9022106270671943,0.9801955314167072,0.8145660407582563,0.0,0.9974467599527501,0.6192856128538425,0.13953345232966086,0.9974467599527501,0.9012573958475502,0.09618936410519996,0.9970794305208885,0.9022106270671943,0.0948688034536942,0.9966485855048655,0.9016375186423214,0.09501106686254401,0.2872326713664516
6,4,0,8,210,15,0.7372460040551901,0.157584178172048,0.9051482252622192,0.9812398808464218,0.8236557026743738,0.0,1.0,0.587315314368429,-0.3478763690786639,1.0,0.9050649578197227,0.09493504218027726,0.997571078798229,0.9051482252622192,0.09242285353600987,0.9965829191838073,0.9035476639612888,0.09303525522251843,0.26275399594480986
6,4,0,9,210,15,0.6370854085605039,0.12267751208098174,0.7332840323389602,0.9594609018942488,0.836783389813267,0.0005729481513991885,1.0,0.725422650174682,-0.17815434752326745,1.0,0.7330850663968187,0.2669149336031813,1.0,0.7332840323389602,0.2667159676610398,1.0,0.7329816210210097,0.2670183789789903,0.3629145914394961
6,4,1,0,210,15,0.7393839210970847,0.26530973335831515,0.8629168977798344,0.9840594161179217,0.7187496827596065,0.009623827377199023,0.9990034489959756,0.3418038246071309,-0.017279951278454646,0.9990034489959756,0.8618380818298792,0.1371653671660964,0.9986791734251259,0.8629168977798344,0.13576227564529153,0.9980552667574264,0.862231392580028,0.13582387417739838,0.25961952789889087
6,4,1,1,210,15,0.797139888777164,0.34937532587416986,0.9243964946430155,0.9870688699471116,0.6376935440729418,0.019729542204740103,0.9953459307648834,0.18924739513917166,-0.5521220111891102,0.9953459307648834,0.9241655002315701,0.07118043053331335,0.9948572335020273,0.9243964946430155,0.07046073885901172,0.9943686192910909,0.9237312921848444,0.07063732710624648,0.1982060419877194
6,4,1,2,210,15,0.7240206597645076,0.38099509714888313,0.8049629330834446,0.9502924996785024,0.5692974025296192,0.07540074354426973,0.9960846873032161,0.37757044869351486,-0.17570531239775442,0.9960846873032161,0.8046285837808663,0.19145610352234976,0.9949234967397504,0.8049629330834446,0.18996056365630587,0.9941522936186722,0.802893900961465,0.19125839265720723,0.2720640275387085
6,4,1,3,210,15,0.9551922237262401,0.9256143248817862,0.9863365010419523,0.9962277136881806,0.07061338880639445,0.06599261462667938,0.999403653944329,0.023742517041037026,-0.41028529963426447,0.999403653944329,0.9861425890942319,0.013261064850097037,0.9992200351497783,0.9863365010419523,0.012883534107826056,0.9991144424376787,0.9862183980809585,0.012896044356720204,0.04421143021808882
6,4,1,4,210,15,0.6563247804141715,0.2553315572553785,0.7357638891734606,0.9538372707575983,0.6985057135022198,0.02061366533157205,0.9946426085421443,0.37041379432105215,0.19963588419562478,0.9946426085421443,0.7334266522786644,0.2612159562634798,0.9930479245509298,0.7357638891734606,0.25728403537746924,0.9922074037357506,0.7345046104586319,0.25770279327711865,0.33831782812797273
6,4,1,5,210,15,0.6354797517978382,0.11798886667611526,0.7061404843396617,0.9873414393413974,0.8693525726652821,0.005351843863253936,0.9976173872754913,0.5480344744531538,-0.39101307771799165,0.9976173872754913,0.7021611010645407,0.29545628621095066,0.9975194604717323,0.7061404843396617,0.29137897613207064,0.997277240310369,0.7047201585756545,0.2925570817347145,0.3621376354776531
6,4,1,6,210,15,0.6644092852999794,0.14983337534919708,0.7374586226756163,0.9945078557216721,0.8446744803724751,0.010968671860398072,0.9999182934304681,0.49088097397998515,0.2450946409539575,0.9999182934304681,0.7368978812848326,0.26302041214563554,0.9998917909991045,0.7374586226756163,0.2624331683234882,0.9998756748213404,0.7361611912752117,0.2637144835461287,0.3355090081304887
6,4,1,7,210,15,0.869473491603878,0.6696930586972094,0.9274690600261031,0.9840691319263797,0.31437607322917027,0.25173539129965783,0.9956777435007579,0.19282798322850325,-0.1781413896654605,0.9956777435007579,0.9262449550941914,0.06943278840656653,0.9951041840848028,0.9274690600261031,0.06763512405869976,0.9941396844975033,0.9267305809897937,0.06740910350770968,0.1262042518968799
6,4,1,8,210,15,0.8521576786197435,0.6610799199717624,0.917555599258588,0.976994151728757,0.3159142317569946,0.11454115058150216,0.9937866546452118,0.13770052073459882,0.10591040289219386,0.9937866546452118,0.917398450633389,0.07638820401182278,0.9925702767731628,0.917555599258588,0.0750146775145748,0.9919558640369294,0.9170246725832124,0.07493119145371696,0.1416289760254683
6,4,1,9,210,15,0.8272349352007891,0.45139372085333235,0.9299608784983129,0.9810176346651074,0.5296239138117751,0.09619670577126016,0.9912083550749876,0.3020206356746957,-0.22627076091780507,0.9912083550749876,0.9299025241305562,0.06130583094443143,0.9910798668978547,0.9299608784983129,0.061118988399541774,0.9910272970588302,0.9297080665570637,0.061319230501766464,0.16397341987419856
6,8,0,0,210,15,0.9511764823260674,0.9114554970447571,0.9861097163716572,0.998006014554903,0.08655051751014586,0.15412711024765535,0.9998272339141062,0.07104225230486028,0.12816422788984524,0.9998272339141062,0.9859594108203269,0.013867823093779319,0.9997735193172967,0.9861097163716572,0.013663802945639514,0.9997522358007854,0.9860550997726117,0.013697136028173684,0.048650751588038776
6,8,0,1,210,15,0.8914077466993392,0.6614342804999948,0.96637655290774,0.9966012489922269,0.33516696849223215,0.09846538984082542,0.9994970096012704,0.08463801885288114,-0.5343554923500047,0.9994970096012704,0.9660280929189051,0.03346891668236529,0.9994749271336483,0.96637655290774,0.03309837422590822,0.9993698059002845,0.9657160928028201,0.033653713097464344,0.10808926290193122
6,8,0,2,210,15,0.7896175839378449,0.3887549725655831,0.8947680925647512,0.9757977557918636,0.5870427832262805,0.020585437174112098,0.9984748018250252,0.1847143844896979,0.053459586061232356,0.9984748018250252,0.8947354255693367,0.10373937625568852,0.9966878339591771,0.8947680925647512,0.10191974139442594,0.9959878042936235,0.8945906663819292,0.10139713791169436,0.20885721788718037
6,8,0,3,210,15,0.9589059506566379,0.9164659890212771,0.9839495939516145,0.9967507734582897,0.08028478443701259,0.011334020695570102,0.9997391679075343,0.017930969484848513,-0.2711451182890445,0.9997391679075343,0.983900567620117,0.015838600287417237,0.9996686502012406,0.9839495939516145,0.015719056249626107,0.9996419810775173,0.98392592947796,0.015716051599557357,0.04083321725089639
6,8,0,4,210,15,0.8661015238257139,0.580370611025856,0.9568733421908516,0.9967067384043357,0.4163361273784797,0.010490754237309274,0.999406854538085,0.18507883852215534,0.20757905103128352,0.999406854538085,0.9563024965428284,0.04310435799525658,0.9993577861774545,0.9568733421908516,0.04248444398660289,0.9993030683626866,0.9566820349681769,0.04262103339450962,0.13330533071237105
6,8,0,5,210,15,0.7359097262849956,0.2325904788579761,0.898696884107888,0.9911706683613829,0.7585801895034068,0.0027273240178068425,0.9991027251145643,0.666007433333329,-0.3119934692396653,0.9991027251145643,0.896292201284632,0.10281052382993228,0.999015025394629,0.898696884107888,0.1003181412867411,0.9983793353459277,0.8973396410757154,0.10103969427021231,0.2631929988295687
6,8,0,6,210,15,0.7657234816904799,0.3179491598083576,0.9196834847365951,0.990749348647735,0.6728001888393774,0.04266262094780471,0.9998229857104988,0.3932458590718457,0.2439362084660164,0.9998229857104988,0.9192572739852473,0.08056571172525151,0.999821751447633,0.9196834847365951,0.08013826671103785,0.9996941227620578,0.9193559648439494,0.08033815791810839,0.2340995040200189
6,8,0,7,210,15,0.8200551069113834,0.3618528708385196,0.9599935466297913,0.9952046263175326,0.633351755479013,0.00029884389986711835,0.9995389895990606,0.3808725347881168,0.20115454513059902,0.9995389895990606,0.9592485480684709,0.04029044153058969,0.999436070748605,0.9599935466297913,0.03944252411881366,0.9993003240846212,0.9593184941572866,0.03998182992733457,0.17948388268767723
6,8,0,8,210,15,0.8756561631816107,0.5199193536628457,0.9646462111106877,0.9959795620130909,0.4760602083502452,0.001828381787272404,0.9995654023186853,0.19771541112516489,-0.401152601451928,0.9995654023186853,0.9643674212073268,0.03519798111135852,0.9995033411050336,0.9646462111106877,0.03485712999434587,0.9994138747163402,0.964539251986175,0.03487462273016528,0.12390923913707463
6,8,0,9,210,15,0.7767779436950146,0.2175655157676044,0.9324658256599041,0.990203458695287,0.7726379429276826,0.0013588815881815375,0.9980687026452124,0.6092044397412059,-0.24255101346645372,0.9980687026452124,0.9319660124456239,0.06610269019958848,0.9977863604889464,0.9324658256599041,0.06532053482904232,0.9976725697014607,0.9322427986995433,0.06542977100191738,0.22129075895019779
6,8,1,0,210,15,0.8576791515655012,0.5167500658869395,0.9586713883672582,0.9959494071389943,0.47919934125205477,0.04179603624091799,0.99992346094028,0.1754177680344392,-0.0496590463664547,0.99992346094028,0.9585085663424263,0.041414894597853635,0.9998862213400976,0.9586713883672582,0.041214832972839455,0.9998563091192034,0.9579878743342943,0.04186843478490909,0.14224430937477872
6,8,1,1,210,15,0.890421906919665,0.6084989304549354,0.9721969011684989,0.997422973561388,0.38892404310645257,0.10127111769632646,0.999490251657207,0.1101077244427342,-0.5745248515515415,0.999490251657207,0.9716486466549592,0.02784160500224775,0.9994709893025038,0.9721969011684989,0.027274088134004892,0.9994328161558648,0.9719776673480496,0.02745514880781519,0.1090683447375419
6,8,1,2,210,15,0.9273906753882545,0.8297389282686614,0.9680992792504817,0.9926236786410967,0.16288475037243533,0.19820542838777588,0.9994774220073501,0.10208004889414501,-0.17685078702788856,0.9994774220073501,0.9669827161804584,0.032494705826891734,0.9994199968146671,0.9680992792504817,0.03132071756418542,0.9993234671064296,0.9675836490331351,0.03173981807329451,0.07208674661909564
6,8,1,3,210,15,0.9854285950184208,0.9805493439413747,0.9965733191148,0.9993979144085063,0.01884857046713162,0.5099315471105801,0.9998740160623516,0.012344797208402203,-0.3395794527248755,0.9998740160623516,0.9965615321278383,0.003312483934513333,0.9998261136540448,0.9965733191148,0.0032527945392448743,0.9998061132128075,0.9965675584412818,0.0032385547715257923,0.014445421043930762
6,8,1,4,210,15,0.8455042879934876,0.37164552061099765,0.9558303380042654,0.9934006323905931,0.6217551117795954,0.0884694553840405,0.9983386536669292,0.10783654180837143,-0.11991525560994257,0.9983386536669292,0.9555414257353717,0.04279722793155749,0.9982886237153995,0.9558303380042654,0.04245828571113408,0.9982034905610432,0.9550518523984541,0.043151638162589045,0.15283436567344155
6,8,1,5,210,15,0.7549775968639181,0.25774569463986574,0.9148123981441323,0.9955711053426167,0.737825410702751,0.007574456947878283,0.99980973676675,0.3675505377612105,-0.4226108139802328,0.99980973676675,0.9145895407691976,0.08522019599755237,0.9997896776778777,0.9148123981441323,0.08497727953374545,0.9997520397201832,0.9144318739756901,0.08532016574449308,0.24483213990283192
6,8,1,6,210,15,0.7843647614550857,0.33200599888042853,0.9217655642188267,0.9990187563958601,0.6670127575154317,0.035612147719863096,0.9999734781775395,0.3713699985574411,0.25561382992163734,0.9999734781775395,0.9212287804401746,0.07874469773736481,0.9999631938026561,0.9217655642188267,0.07819762958382936,0.9999592094635575,0.9214104860617945,0.078548723401763,0.21560871672245374
6,8,1,7,210,15,0.9570766702423169,0.90429304276854,0.9803080805520274,0.9949049908891718,0.09061194812063189,0.6151182803655786,0.9984950302454376,0.034107114903402125,-0.30773810873586377,0.9984950302454376,0.9800433449580307,0.018451685287406927,0.9982811816449096,0.9803080805520274,0.017973101092882193,0.998206187157947,0.9801973753049351,0.01800881185301184,0.04141836000312071
6,8,1,8,210,15,0.9572816303443579,0.9341946199658911,0.9809919569344333,0.9964984051094784,0.062303785143587254,0.21596279819890474,0.9995173323043357,0.028659649667899356,-0.00777536257705876,0.9995173323043357,0.9809828244149484,0.018534507889387264,0.9994582613769036,0.9809919569344333,0.018466304442470327,0.9994067981785651,0.9809874980836343,0.01841930009493087,0.042235701959977834
6,8,1,9,210,15,0.9362905916092904,0.8044714523742391,0.9836411111236896,0.9958886802927722,0.1914172279185331,0.34274278528350377,0.9987837434551332,0.11140093485503333,0.019778226263634097,0.9987837434551332,0.9836361965992435,0.015147546855889704,0.9987348525261611,0.9836411111236896,0.01509374140247155,0.9986284474173893,0.9835612709401728,0.01506717647721656,0.06249315184584281
6,16,0,0,210,15,0.9882746527566632,0.9852389235477655,0.9963249309026865,0.999386793354569,0.014147869806803492,0.38487166472208434,0.9999416761356289,0.00611164289211108,0.08555101670591818,0.9999416761356289,0.9963225505215328,0.0036191256140960526,0.9999414217764206,0.9963249309026865,0.0036164908737341683,0.9999371168767132,0.9963216655752715,0.0036154513014416967,0.011667023378965746
6,16,0,1,210,15,0.9510836089440096,0.8467254155967099,0.9901582960387185,0.9993382499599924,0.15261283436328255,0.4176791680028742,0.9998693079873391,0.03281580862453326,-0.5014192093763059,0.9998693079873391,0.9899012284450689,0.009968079542270192,0.9998655065363504,0.9901582960387185,0.009707210497631902,0.9998467936937004,0.9899844360131324,0.00986235768056809,0.04878569904332952
6,16,0,2,210,15,0.8741084822751559,0.5963911122882617,0.9749023881566008,0.994456368235426,0.39806525594716435,0.021440409582530018,0.9991999157109919,0.1919935868442021,0.04655175206434872,0.9991999157109919,0.9748540441714528,0.024345871539539043,0.9991907910705524,0.9749023881566008,0.024288402913951623,0.9990721944916205,0.9748245795981445,0.024247614893476044,0.12509143343583595
6,16,0,3,210,15,0.975016084955665,0.9570691009716593,0.9938913223836245,0.9990276634715157,0.04195856249985641,0.037238117930856296,0.9999391254132897,0.01982732767148465,-0.3551664598808525,0.9999391254132897,0.9938549720790338,0.006084153334255826,0.9998960352648596,0.9938913223836245,0.0060047128812350525,0.9998711893850895,0.9938575556388557,0.00601363374623376,0.024923040457624612
6,16,0,4,210,15,0.9266734337391491,0.8467729601731148,0.984658421378236,0.9988410233960748,0.15206806322296007,0.036431405591390575,0.999772085746155,0.07265447353689147,0.18472916457451255,0.999772085746155,0.9846582747839254,0.015113810962229524,0.999743806735677,0.984658421378236,0.015085385357440972,0.9997283287704669,0.9846539511712878,0.015074377599179067,0.07309865200700583
6,16,0,5,210,15,0.8712697667606933,0.5665770887760183,0.9690732094793403,0.9976515403154846,0.43107445153946633,0.0080711643180722,0.9997761531887637,0.3379759650874077,-0.32175073616829664,0.9997761531887637,0.9688056296678675,0.03097052352089613,0.9997694130975449,0.9690732094793403,0.030696203618204576,0.999735160220116,0.9688284147365831,0.030906745483532894,0.12850638642807033
6,16,0,6,210,15,0.8859088448629205,0.6310544250574717,0.9722681094459583,0.9984095235483675,0.36735509849089587,0.14447481227514092,0.999980749549686,0.1378359221947555,0.28217484685431804,0.999980749549686,0.9720903203681808,0.027890429181505194,0.9999753998830329,0.9722681094459583,0.02770729043707454,0.9999484644532629,0.9719947150368511,0.02795374941641182,0.11407190468676542
6,16,0,7,210,15,0.9087327952357438,0.6668806589371736,0.9900494768850592,0.9993675466005615,0.33248688766338785,0.0006082104082119066,0.9998769333201052,0.1669114502109913,0.2082930289964463,0.9998769333201052,0.9899683266208033,0.009908606699301936,0.9998667457605819,0.9900494768850592,0.0098172688755227,0.999831569700144,0.9898907345031809,0.009940835196963094,0.09114413808436139
6,16,0,8,210,15,0.932520487925899,0.802202965650453,0.9914100240553151,0.9989715580441543,0.19676859239370126,0.005290653501448306,0.9998472790634176,0.11954654733821235,-0.4045177571243922,0.9998472790634176,0.9913292240733711,0.008518054990046542,0.9998274526536244,0.9914100240553151,0.008417428598309296,0.9998151147661335,0.991351260624774,0.008463854141359528,0.0673267911375186
6,16,0,9,210,15,0.8602466363149968,0.4189372953093141,0.9715554391477266,0.9978142946182977,0.5788769993089836,0.003890713073723906,0.9995108508903506,0.40040108625756565,-0.2882145043781362,0.9995108508903506,0.9713262342790094,0.028184616611341196,0.9993829063084325,0.9715554391477266,0.027827467160705943,0.9993376863654615,0.9714606013924604,0.02787708497300112,0.13926421457535387
6,16,1,0,210,15,0.928182916473386,0.7825359183576347,0.9902937480386564,0.9990524198842864,0.2165165015266517,0.21633017939591603,0.9999474955684374,0.0885642447070315,-0.0807242146728303,0.9999474955684374,0.9901749315411308,0.00977256402730664,0.9999098708627105,0.9902937480386564,0.009616122824054107,0.9998811316815036,0.9902313190786339,0.009649812602869678,0.0717645790950514
6,16,1,1,210,15,0.9512004111755353,0.903074514284555,0.9928886250999751,0.9990427387993099,0.09596822451475495,0.18220754144399964,0.9996937587256693,0.03306056251347922,-0.4925288231349593,0.9996937587256693,0.9928095209787214,0.006884237746947908,0.9996715239503327,0.9928886250999751,0.006782898850357544,0.9996607071981272,0.9928575550979364,0.006803152100190779,0.048493347550134014
6,16,1,2,210,15,0.9727294609897861,0.9534942030596344,0.9913408067618693,0.9974496376677568,0.04395543460812246,0.4871877879392644,0.9998077511915661,0.042044482312717735,-0.19393053940322585,0.9998077511915661,0.9913224876031836,0.008485263588382419,0.9997625763481697,0.9913408067618693,0.008421769586300365,0.9997456641786745,0.9912802147263736,0.008465449452300877,0.027078290201779986
6,16,1,3,210,15,0.9977582982625176,0.9947163820290169,0.998980759476566,0.9998453789527327,0.005128996923715823,0.9779827408949348,0.9999432261228113,0.0024631363407167095,-0.06360558872407214,0.9999432261228113,0.9989730202225565,0.0009702059002547614,0.9999390683406679,0.998980759476566,0.0009583088641019755,0.9999369050461905,0.9989662413227265,0.0009706637234639937,0.002184927860293673
6,16,1,4,210,15,0.9148260451393815,0.6604533592292753,0.9851920687138418,0.9967552446848699,0.3363018854555946,0.25640513248791696,0.9994643095911916,0.09013081363191167,-0.06942237109361081,0.9994643095911916,0.9849023952558895,0.014561914335302073,0.9994605697548593,0.9851920687138418,0.014268501041017512,0.9994404099242024,0.985008380992122,0.014432028932080398,0.08463826445181011
6,16,1,5,210,15,0.8422229779538911,0.3773626174696457,0.9694835664624697,0.9982313900178568,0.620868772548211,0.00931095745638233,0.99995218542049,0.1862120316226975,-0.40959594159893487,0.99995218542049,0.9693670038147438,0.030585181605746192,0.9998923601898901,0.9694835664624697,0.030408793727420447,0.9998701579998969,0.9691129228684124,0.03075723513148443,0.1577292074665989
6,16,1,6,210,15,0.8605667016318889,0.4758101489417094,0.9834257235365673,0.9995377935827592,0.5237276446410497,0.04193606317166876,0.9999885382150905,0.2147325548985739,0.2880214322968127,0.9999885382150905,0.9833357139089371,0.016652824306153335,0.9999770379935488,0.9834257235365673,0.016551314456981436,0.9999728960956885,0.9833800608711346,0.016592835224553903,0.13942183658320162
6,16,1,7,210,15,0.9894357941128155,0.9793447696939822,0.995571067606098,0.9990714538732713,0.019726684179289133,0.8242225793701672,0.9997211224954401,0.010915800180376967,-0.06227222515573726,0.9997211224954401,0.9955640649939934,0.0041570575014466815,0.9997061507704786,0.995571067606098,0.004135083164380604,0.9996948248003674,0.9955307637632037,0.004164061037163713,0.010285328382624637
6,16,1,8,210,15,0.9897914047891488,0.9862640637949834,0.995363497692324,0.99913087071948,0.012866806924496599,0.30293297567293564,0.9999280952802831,0.006446874144604875,-0.048678136530468784,0.9999280952802831,0.9952944527057622,0.004633642574520924,0.9998331980838191,0.995363497692324,0.0044697003914950795,0.9997801189733977,0.9953186713315071,0.0044614476418906035,0.010136690491134304
6,16,1,9,210,15,0.9873992662622003,0.9705685981095238,0.9954934845531009,0.9990031116050238,0.02843451349549997,0.8666240499265482,0.9996867744668251,0.020993934617030252,0.010518541074789516,0.9996867744668251,0.9954899419678351,0.004196832498989944,0.9996291183286242,0.9954934845531009,0.004135633775523284,0.9995700785190759,0.9954588380959942,0.004111240423081641,0.012287508204624764
7,1,0,0,210,15,0.21095799373110846,3.475808825572635e-05,0.033270058966918425,0.7611003805453398,0.7610656224570841,5.13326576800921e-08,0.9265439935030242,0.5044681498936495,-0.5676027639110702,0.9265439935030242,0.029609406591599163,0.896934586911425,0.9250023483325867,0.033270058966918425,0.8917322893656683,0.9227689202030941,0.03009286721275665,0.8926760529903375,0.7155859997719157
7,1,0,1,210,15,0.1888610801974543,1.621738723407431e-05,0.031199203617277016,0.6899450462484095,0.6899288288611753,5.174159856125016e-08,0.9605926287752763,0.2705956463141639,-0.028251369483596973,0.9605926287752763,0.030534442722657484,0.9300581860526188,0.9513498661634094,0.031199203617277016,0.9201506625461324,0.9457493493837529,0.029024107293005457,0.9167252420907475,0.771731548577822
7,1,0,2,210,15,0.16037313399615624,3.6703301858009856e-06,0.0036603949794372093,0.7254349562947663,0.7254312859645805,0.0,0.9679083150217093,0.39974675939258336,0.2610224397702572,0.9679083150217093,0.0034966700434176934,0.9644116449782916,0.9639225043399651,0.0036603949794372093,0.9602621093605279,0.9614750337247159,0.0035738566192655328,0.9579011771054503,0.807535181025553
7,1,0,3,210,15,0.11248809127328444,7.580249782246364e-06,0.003764972003347189,0.48255551298189114,0.4825479327321089,0.0,0.883399105083027,0.03364019560082963,-0.29849267719060685,0.883399105083027,0.0037266629567275222,0.8796724421262995,0.8684149406045352,0.003764972003347189,0.8646499686011879,0.8581161870034313,0.0037468784935973387,0.854369308509834,0.7709110138097426
7,1,0,4,210,15,0.015188523451048295,5.842562564395418e-06,0.0007061131910756635,0.02915062769097707,0.029144785128412672,0.0,0.5465770154932157,0.0036716379273574185,-0.008011195589145202,0.5465770154932157,0.0007057284767373329,0.5458712870164784,0.5274353832239824,0.0007061131910756635,0.5267292700329067,0.41920071020335953,0.0006992371709881503,0.4185014730323714,0.5313884920421674
7,1,0,5,210,15,0.10873337871930451,2.3355050057238813e-05,0.010183964802006562,0.39420840672326146,0.3941850516732042,2.5832587846608135e-08,0.8511649739396718,0.11752476001166919,0.16237038092862488,0.8511649739396718,0.010068192313511637,0.8410967816261602,0.8458048227071313,0.010183964802006562,0.8356208579051247,0.8400765206676398,0.01014340699353189,0.8299331136741079,0.7424315952203673
7,1,0,6,210,15,0.2177506204819008,4.1206432286045046e-05,0.01971616384463143,0.7926531028354716,0.7926118964031856,2.8873917257143944e-08,0.9327843658511998,0.43822713996169355,-0.4612057934582255,0.9327843658511998,0.01902669443703542,0.9137576714141644,0.9309526972066404,0.01971616384463143,0.9112365333620089,0.9296389557813637,0.01946515401517575,0.9101738017661879,0.715033745369299
7,1,0,7,210,15,0.05110472617525723,3.887802239443961e-06,0.0028602720142834603,0.1750996034856819,0.17509571568344245,1.687556583362948e-08,0.5967569387508815,0.04731461163345213,-0.394674968334235,0.5967569387508815,0.0027806790987157104,0.5939762596521658,0.5811183221923668,0.0028602720142834603,0.5782580501780834,0.5440320934319903,0.002795636893575537,0.5412364565384148,0.5456522125756244
7,1,0,8,210,15,0.22868675149208542,1.483479894294204e-05,0.021129774187794936,0.8057903295273258,0.8057754947283828,4.818285770369357e-10,0.9415881297807626,0.5430644463873027,0.2607736489003638,0.9415881297807626,0.021071562082558337,0.9205165676982042,0.9400322377757093,0.021129774187794936,0.9189024635879144,0.9324882919368042,0.021010840013110006,0.9114774519236941,0.7129013782886772
7,1,0,9,210,15,0.04155039591930323,1.7791517984533378e-05,0.003125502676368297,0.0993983622917447,0.09938057077376017,2.089272432836964e-08,0.8109781946649502,0.025262644472045077,0.2614837395081845,0.8109781946649502,0.0030807159303992693,0.807897478734551,0.7082726456035658,0.003125502676368297,0.7051471429271976,0.6359838745191867,0.0030752589979185694,0.6329086155212681,0.769427798745647
7,1,1,0,210,15,0.21095799373110846,3.475808825572635e-05,0.033270058966918425,0.7611003805453398,0.7610656224570841,5.13326576800921e-08,0.9265439935030242,0.5044681498936495,-0.5676027639110702,0.9265439935030242,0.029609406591599163,0.896934586911425,0.9250023483325867,0.033270058966918425,0.8917322893656683,0.9227689202030941,0.03009286721275665,0.8926760529903375,0.7155859997719157
7,1,1,1,210,15,0.1888610801974543,1.621738723407431e-05,0.031199203617277016,0.6899450462484095,0.6899288288611753,5.174159856125016e-08,0.9605926287752763,0.2705956463141639,-0.028251369483596973,0.9605926287752763,0.030534442722657484,0.9300581860526188,0.9513498661634094,0.031199203617277016,0.9201506625461324,0.9457493493837529,0.029024107293005457,0.9167252420907475,0.771731548577822
7,1,1,2,210,15,0.16037313399615624,3.6703301858009856e-06,0.0036603949794372093,0.7254349562947663,0.7254312859645805,0.0,0.9679083150217093,0.39974675939258336,0.2610224397702572,0.9679083150217093,0.0034966700434176934,0.9644116449782916,0.9639225043399651,0.0036603949794372093,0.9602621093605279,0.9614750337247159,0.0035738566192655328,0.9579011771054503,0.807535181025553
7,1,1,3,210,15,0.11248809127328444,7.580249782246364e-06,0.003764972003347189,0.48255551298189114,0.4825479327321089,0.0,0.883399105083027,0.03364019560082963,-0.29849267719060685,0.883399105083027,0.0037266629567275222,0.8796724421262995,0.8684149406045352,0.003764972003347189,0.8646499686011879,0.8581161870034313,0.0037468784935973387,0.854369308509834,0.7709110138097426
7,1,1,4,210,15,0.015188523451048295,5.842562564395418e-06,0.0007061131910756635,0.02915062769097707,0.029144785128412672,0.0,0.5465770154932157,0.0036716379273574185,-0.008011195589145202,0.5465770154932157,0.0007057284767373329,0.5458712870164784,0.5274353832239824,0.0007061131910756635,0.5267292700329067,0.41920071020335953,0.0006992371709881503,0.4185014730323714,0.5313884920421674
7,1,1,5,210,15,0.10873337871930451,2.3355050057238813e-05,0.010183964802006562,0.39420840672326146,0.3941850516732042,2.5832587846608135e-08,0.8511649739396718,0.11752476001166919,0.16237038092862488,0.8511649739396718,0.010068192313511637,0.8410967816261602,0.8458048227071313,0.010183964802006562,0.8356208579051247,0.8400765206676398,0.01014340699353189,0.8299331136741079,0.7424315952203673
7,1,1,6,210,15,0.2177506204819008,4.1206432286045046e-05,0.01971616384463143,0.7926531028354716,0.7926118964031856,2.8873917257143944e-08,0.9327843658511998,0.43822713996169355,-0.4612057934582255,0.9327843658511998,0.01902669443703542,0.9137576714141644,0.9309526972066404,0.01971616384463143,0.9112365333620089,0.9296389557813637,0.01946515401517575,0.9101738017661879,0.715033745369299
7,1,1,7,210,15,0.05110472617525723,3.887802239443961e-06,0.0028602720142834603,0.1750996034856819,0.17509571568344245,1.687556583362948e-08,0.5967569387508815,0.04731461163345213,-0.394674968334235,0.5967569387508815,0.0027806790987157104,0.5939762596521658,0.5811183221923668,0.0028602720142834603,0.5782580501780834,0.5440320934319903,0.002795636893575537,0.5412364565384148,0.5456522125756244
7,1,1,8,210,15,0.22868675149208542,1.483479894294204e-05,0.021129774187794936,0.8057903295273258,0.8057754947283828,4.818285770369357e-10,0.9415881297807626,0.5430644463873027,0.2607736489003638,0.9415881297807626,0.021071562082558337,0.9205165676982042,0.9400322377757093,0.021129774187794936,0.9189024635879144,0.9324882919368042,0.021010840013110006,0.9114774519236941,0.7129013782886772
7,1,1,9,210,15,0.04155039591930323,1.7791517984533378e-05,0.003125502676368297,0.0993983622917447,0.09938057077376017,2.089272432836964e-08,0.8109781946649502,0.025262644472045077,0.2614837395081845,0.8109781946649502,0.0030807159303992693,0.807897478734551,0.7082726456035658,0.003125502676368297,0.7051471429271976,0.6359838745191867,0.0030752589979185694,0.6329086155212681,0.769427798745647
7,4,0,0,210,15,0.6187139537254998,0.15648980248522565,0.7001587894576429,0.9794558452688008,0.8229660427835752,0.0,0.9962835176954468,0.5684779726910518,-0.32010767979837573,0.9962835176954468,0.6983376839195792,0.2979458337758676,0.9950982375128987,0.7001587894576429,0.29493944805525585,0.9943335817151878,0.6967984675459334,0.2975351141692544,0.377569563969947
7,4,0,1,210,15,0.8276618368179125,0.431828882586939,0.9445205675575526,0.9910181234228213,0.5591892408358823,0.0004944357289897727,0.9992533256538038,0.4264976192582781,0.16807054257790102,0.9992533256538038,0.9437039864386934,0.055549339215110405,0.9991161960159631,0.9445205675575526,0.05459562845841048,0.9984318838099441,0.9436552059595676,0.05477667785037643,0.17159148883589126
7,4,0,2,210,15,0.6485589185794993,0.07945019808887566,0.8030825351350248,0.9876530118441065,0.9082028137552308,0.0,0.9996784965882936,0.7179163694793962,0.33139267816244616,0.9996784965882936,0.796299302960908,0.20337919362738555,0.9996100924047336,0.8030825351350248,0.19652755726970883,0.9994662705104839,0.7982013308284118,0.20126493968207204,0.35111957800879423
7,4,0,3,210,15,0.8838264170247052,0.6340923870870909,0.952059934625019,0.9936414381349484,0.3595490510478575,0.19516683366780363,1.0,0.2107725928262001,-0.425080581678237,1.0,0.9517173691004578,0.04828263089954221,1.0,0.952059934625019,0.04794006537498097,0.9995919492048547,0.951700889269973,0.04789105993488174,0.11617358297529479
7,4,0,4,210,15,0.5699304941168212,0.12192442443216102,0.6221075876820272,0.9358075469939234,0.8138831225617624,0.0,0.981880494487319,0.5357289141098274,0.2971787504089824,0.981880494487319,0.6093010554919478,0.37257943899537116,0.9814217960274954,0.6221075876820272,0.3593142083454681,0.9794654815937789,0.6173866183920721,0.3620788632017068,0.4119500003704978
7,4,0,5,210,15,0.7946509144374231,0.4651086186554664,0.8902923447818192,0.9783073521655918,0.5131987335101255,0.005559557197887699,1.0,0.22349486529814488,0.4545078767578144,1.0,0.8894197831442977,0.1105802168557023,1.0,0.8902923447818192,0.10970765521818082,1.0,0.8898513125522252,0.11014868744777484,0.20534908556257692
7,4,0,6,210,15,0.7546875558618071,0.22266613981413902,0.8975995897825968,0.9779054130872574,0.7552392732731184,0.0,0.996802781256228,0.16487159825053788,-0.39384436964880964,0.996802781256228,0.8974099291160182,0.09939285214020976,0.9959467104620795,0.8975995897825968,0.0983471206794827,0.9956481142695512,0.8974790755067349,0.09816903876281635,0.24211522539442087
7,4,0,7,210,15,0.5791175189743544,0.16983018139504974,0.6327217449309076,0.9167885763434567,0.7469583949484069,0.03999185765079072,1.0,0.4065408858535903,-0.017033751980122646,1.0,0.6317173777553355,0.36828262224466446,1.0,0.6327217449309076,0.3672782550690924,1.0,0.6272702964123787,0.37272970358762125,0.4208824810256456
7,4,0,8,210,15,0.7870282025431095,0.36758518661574185,0.9178002942306893,0.9889589277168966,0.6213737411011548,0.0028661671878287276,0.998238044426324,0.522302072302476,0.39499373163628587,0.998238044426324,0.9175704616800859,0.08066758274623809,0.9980386629680629,0.9178002942306893,0.08023836873737356,0.9977344193784927,0.9162310663865707,0.08150335299192202,0.21120984188321457
7,4,0,9,210,15,0.8092162129014459,0.5399894838707731,0.8724402088174885,0.9725748619422264,0.43258537807145336,0.01291925874633626,1.0,0.17664495762695476,0.013509214656632965,1.0,0.8714597184437273,0.12854028155627273,0.9951688433218454,0.8724402088174885,0.12272863450435689,0.9933851796392724,0.8715069497359839,0.12187822990328856,0.19078378709855415
7,4,1,0,210,15,0.8782228978163549,0.7308654191021086,0.9375050200186943,0.9858111791322212,0.2549457600301126,0.040040066483032266,0.9967307392652734,0.08793888182898135,-0.3923075677129057,0.9967307392652734,0.9374837516745814,0.059246987590692024,0.9960818697579972,0.9375050200186943,0.05857684973930288,0.9957574430888639,0.9368025980011327,0.05895484508773119,0.11850784144891857
7,4,1,1,210,15,0.7389206234399177,0.2843784688130477,0.856114367673802,0.978067657281566,0.6936891884685183,0.023204916751529803,0.9984063144949707,0.3556000235064425,-0.08053632573462956,0.9984063144949707,0.8541494868617165,0.1442568276332542,0.9982957416928362,0.856114367673802,0.1421813740190342,0.9982060804746801,0.8546221929105471,0.14358388756413298,0.25948569105505304
7,4,1,2,210,15,0.47618143418109954,0.04486650844320651,0.41971511211141915,0.9747170102834037,0.9298505018401972,0.0003807456007720589,0.9998052482398484,0.8410502279909222,0.08939302154567808,0.9998052482398484,0.41541010473054096,0.5843951435093074,0.999669956174187,0.41971511211141915,0.5799548440627678,0.9995774469836575,0.41719978502282656,0.582377661960831,0.5236238140587488
7,4,1,3,210,15,0.413529126587875,0.030850624244593245,0.3557140904456927,0.8759261689196338,0.8450755446750405,6.0939091441558624e-05,0.9923850462730884,0.5519501404456154,-0.1506733226862935,0.9923850462730884,0.3482286298068721,0.6441564164662164,0.9804887151017523,0.3557140904456927,0.6247746246560596,0.975720956130676,0.3480231670700071,0.627697789060669,0.5788559196852134
7,4,1,4,210,15,0.20664089612308426,0.017518178560310054,0.12235668251162507,0.5483866176367106,0.5308684390764006,0.0,0.9398945767971981,0.15000348057259216,0.25756398752158294,0.9398945767971981,0.12078532514404394,0.8191092516531542,0.8679888032269403,0.12235668251162507,0.7456321207153151,0.8356796559576819,0.12147746653876572,0.7142021894189162,0.7332536806741139
7,4,1,5,210,15,0.6301271306515062,0.1973271248634712,0.7019545922941403,0.9375265144833536,0.7401993896198824,0.0012390566517147539,0.9877240603615209,0.3938194410636457,0.07096824352997963,0.9877240603615209,0.7017300564701932,0.2859940038913278,0.9849414980648488,0.7019545922941403,0.2829869057707085,0.9791020268822505,0.7011315536094213,0.2779704732728292,0.3575969297100148
7,4,1,6,210,15,0.4446525410557302,0.032000625338184735,0.3531089505237558,0.9124264576233972,0.8804258322852125,0.0005081261179520347,0.985333495307999,0.7175468791914911,-0.349573848451374,0.985333495307999,0.3519509790318154,0.6333825162761836,0.9821154040269799,0.3531089505237558,0.6290064535032241,0.9802840174137749,0.352702939659332,0.6275810777544428,0.5406809542522688
7,4,1,7,210,15,0.4554036163679468,0.015835907886980107,0.4059481271519924,0.9125099429715775,0.8966740350845974,0.0013976040721362937,0.9635573347712805,0.6821026251273438,-0.23314749605595203,0.9635573347712805,0.4045731157105733,0.5589842190607072,0.9618300372807411,0.4059481271519924,0.5558819101287487,0.9606403448406629,0.4053481700899444,0.5552921747507185,0.5081537184033337
7,4,1,8,210,15,0.7462137826584733,0.30975804602691565,0.8622894303624004,0.9733786610980067,0.663620615071091,0.03275972886788847,0.9992849890514302,0.4594864249518055,0.21188235560897073,0.9992849890514302,0.8613765637039046,0.13790842534752557,0.9986065430901546,0.8622894303624004,0.13631711272775426,0.998276094430708,0.8617569491212178,0.13651914530949016,0.2530712063929569
7,4,1,9,210,15,0.5885874528214605,0.14786604543560336,0.6663026383786479,0.9214305436794219,0.7735644982438186,0.0,0.9810375747060194,0.6050743700697334,0.030616178533364864,0.9810375747060194,0.6631622305430449,0.31787534416297447,0.9777151389798735,0.6663026383786479,0.3114125006012256,0.9764479341652743,0.6620948875251681,0.3143530466401062,0.39245012188455886
7,8,0,0,210,15,0.7483223267341906,0.3095089299099022,0.8756290991529087,0.992223329139589,0.6827143992296868,0.02514973201040205,0.9989550910654565,0.4377509875022074,-0.29622764364595244,0.9989550910654565,0.8747971698318076,0.124157921233649,0.9985299168587787,0.8756290991529087,0.12290081770587002,0.9983372495465619,0.8739184567828712,0.12441879276369072,0.2506327643312659
7,8,0,1,210,15,0.9242633544333012,0.8824951368357918,0.9824178359798115,0.9974186186354068,0.11492348179961498,0.0015414149449068937,0.9997856192299497,0.045163328906349554,0.11347131292254764,0.9997856192299497,0.9823169958509433,0.017468623379006343,0.9997418299527749,0.9824178359798115,0.01732399397296347,0.9996653650656446,0.9823599388309273,0.017305426234717314,0.07552226479664848
7,8,0,2,210,15,0.8131146992562471,0.25575321392696876,0.9499365889274075,0.9965829012199829,0.7408296872930142,0.009908152352644306,0.9999463767975905,0.6373630247242741,0.31867194915336594,0.9999463767975905,0.9494993599382044,0.05044701685938602,0.999936804065469,0.9499365889274075,0.05000021513806152,0.99990708919572,0.9495171315917018,0.05038995760401821,0.18683167754134333
7,8,0,3,210,15,0.9755430075610461,0.9451471831753508,0.9868481209038712,0.9981596972714283,0.053012514096077434,0.7427416340843933,0.9997718262539775,0.03975436529528331,-0.4522583926425283,0.9997718262539775,0.9866103657428061,0.013161460511171397,0.9995708296174508,0.9868481209038712,0.012722708713579611,0.9994514436906887,0.986650320033642,0.012801123657046776,0.024228818692931475
7,8,0,4,210,15,0.8165649551748025,0.4755915819807619,0.9124478985453348,0.9812155574136184,0.5056239754328565,0.03470186039810741,0.9946504276302862,0.4415182075178856,0.2559468468672759,0.9946504276302862,0.9102673590755741,0.08438306855471212,0.9941247007498902,0.9124478985453348,0.08167680220455542,0.9938718346661229,0.9113064840893171,0.08256535057680581,0.17808547245548367
7,8,0,5,210,15,0.9282625983983208,0.8543920858658479,0.9824350345848718,0.9957800027495844,0.14138791688373653,0.007477595969087036,0.9991156030137773,0.09692986474092213,0.34478462420592626,0.9991156030137773,0.9823078278855304,0.016807775128246938,0.9990892291398685,0.9824350345848718,0.016654194554996726,0.9990176712967656,0.9822102430109295,0.016807428285836035,0.07085300461545652
7,8,0,6,210,15,0.8656552497821426,0.5117699112367028,0.9623198230327688,0.9922553517553073,0.48048544051860453,0.010482973030555343,0.9991240055642591,0.13354954479015813,-0.45663426122393447,0.9991240055642591,0.9616356008593516,0.03748840470490744,0.9987581967016625,0.9623198230327688,0.0364383736688938,0.9985642158510855,0.9620607736496892,0.03650344220139623,0.13346875578211648
7,8,0,7,210,15,0.7919648162088853,0.49526970843478674,0.8758654689155234,0.9771257242719117,0.48185601583712495,0.06541723360552487,0.9917083221364922,0.26216649184122054,-0.004013696455701943,0.9917083221364922,0.875363239830579,0.11634508230591323,0.9905999246041696,0.8758654689155234,0.11473445568864615,0.9900423994398505,0.8752285540237938,0.11481384541605666,0.19974350592760692
7,8,0,8,210,15,0.9043907786318273,0.7404015712807832,0.9757569735055984,0.9967528195475497,0.2563512482667665,0.0303479518797507,0.9994018494112585,0.07714961753305938,0.33152355252629634,0.9994018494112585,0.9754230215833801,0.023978827827878413,0.999324000758182,0.9757569735055984,0.023567027252583528,0.9992331570833021,0.9755715111883229,0.02366164589497921,0.09501107077943127
7,8,0,9,210,15,0.9291558002669842,0.8790557765520136,0.9683674742941686,0.9899230842172972,0.11086730766528363,0.060687255880482516,0.9964716024516561,0.07269532197204254,-0.006638958447389477,0.9964716024516561,0.9682755235162775,0.028196078935378566,0.9964546606091371,0.9683674742941686,0.028087186314968537,0.9964309153970886,0.968316684691514,0.028114230705574617,0.06731580218467192
7,8,1,0,210,15,0.9528996382041458,0.9138331205348106,0.9780608260893634,0.9969365518090331,0.08310343127422248,0.2325596320547586,0.9994406767033492,0.04297205365697765,-0.16051222411910862,0.9994406767033492,0.9780519685033541,0.021388708199995166,0.9994273313283792,0.9780608260893634,0.021366505239015843,0.9993885243237045,0.9779952833232691,0.02139324100043538,0.046541038499203435
7,8,1,1,210,15,0.8503577285639001,0.39567760113334904,0.9692938575408367,0.9967678776047703,0.6010902764714212,0.02435455404039366,0.999712864330622,0.32966749012918584,-0.20254233170172306,0.999712864330622,0.969048451602345,0.030664412728277024,0.999540797107768,0.9692938575408367,0.030246939566931252,0.9994664850140955,0.969187821218386,0.030278663795709537,0.14935513576672188
7,8,1,2,210,15,0.6467293130060792,0.16591956249630407,0.7636758503653295,0.9935254544038932,0.827605891907589,0.0,0.9999342884927553,0.6545386944523071,0.03756936503257281,0.9999342884927553,0.7595122165579008,0.24042207193485454,0.9998975073528849,0.7636758503653295,0.23622165698755537,0.9998671414286173,0.7575303068165103,0.24233683461210698,0.3532049754866762
7,8,1,3,210,15,0.6104046871133616,0.07346178925937406,0.7153468934303673,0.9779716053407516,0.9045098160813775,0.0,0.9981026285366212,0.7105172772951915,-0.11016835496755677,0.9981026285366212,0.7145405376084842,0.283562090928137,0.9973496540541155,0.7153468934303673,0.2820027606237482,0.9968451933902364,0.7144194777000407,0.2824257156901957,0.38769794142325964
7,8,1,4,210,15,0.36223510427172084,0.054048460329726884,0.2969683934284305,0.7828796772241611,0.7288312168944342,0.0008433731252646126,0.9789772914089919,0.4357404271491381,0.33890953147625635,0.9789772914089919,0.29627845656778207,0.6826988348412099,0.9570054080725462,0.2969683934284305,0.6600370146441157,0.9437754751006864,0.29350366678631046,0.6502718083143759,0.6167421871372711
7,8,1,5,210,15,0.8181708844610242,0.5729974773128537,0.8968826689016369,0.9867452733114201,0.4137477959985665,0.004815849933120786,1.0,0.22756358828653278,0.09922155669224764,1.0,0.895601067221859,0.10439893277814105,1.0,0.8968826689016369,0.10311733109836307,1.0,0.8963200303479333,0.10367996965206672,0.18182911553897585
7,8,1,6,210,15,0.6094424345376427,0.08224136825256295,0.6788481561761902,0.959796353686834,0.877554985434271,0.0,0.9965296540861724,0.664302017037639,-0.24274408554777724,0.9965296540861724,0.6775053005676037,0.3190243535185687,0.9964805383433366,0.6788481561761902,0.3176323821671464,0.9956290867763711,0.6780433604358963,0.31758572634047477,0.38708721954852976
7,8,1,7,210,15,0.6070306752220382,0.06619751666949908,0.6917831931933879,0.9561999950725916,0.8900024784030924,0.0,0.9833198218686666,0.5633172395260243,-0.19789693967793245,0.9833198218686666,0.6845731284747265,0.2987466933939401,0.9826356483893975,0.6917831931933879,0.29085245519600966,0.9801234793843379,0.6872757406852402,0.29284773869909764,0.3762891466466284
7,8,1,8,210,15,0.8505191426736715,0.5123510861763741,0.956447356477643,0.995761856120345,0.4834107699439708,0.07100586574238499,0.999586809540133,0.43519416625211205,0.016204449080478016,0.999586809540133,0.9562061655831872,0.04338064395694585,0.9993809124484676,0.956447356477643,0.0429335559708246,0.9993108851127822,0.9563272532106399,0.04298363190214227,0.14906766686646156
7,8,1,9,210,15,0.7943992380970076,0.4849199504994251,0.8944208897764241,0.9812064859172684,0.49628653541784334,0.004629502637509386,0.9960802553922876,0.3354712036307842,0.006664874163003372,0.9960802553922876,0.8940280814385935,0.10205217395369415,0.995912723871833,0.8944208897764241,0.10149183409540896,0.9953711129202961,0.8941777052118044,0.10119340770849172,0.20168101729527999
7,16,0,0,210,15,0.8718026626040017,0.514656171484903,0.9795474870729729,0.9993741257450789,0.48471795426017594,0.03085768699327529,0.9999106692052152,0.3312082531838485,-0.3268315122144007,0.9999106692052152,0.9795247991509853,0.02038587005422987,0.9998978627467634,0.9795474870729729,0.0203503756737905,0.9998675120266816,0.9790602588985524,0.020807253128129144,0.12810800660121346
7,16,0,1,210,15,0.9488200326850744,0.9714348285675952,0.995996724406819,0.9995043959470472,0.028069567379451987,0.005232670103738513,0.9999470687200834,0.021129857966584842,0.024765705733528133,0.9999470687200834,0.9959767080294517,0.003970360690631725,0.9999025857364686,0.995996724406819,0.0039058613296496514,0.9998795990322487,0.9959779240141019,0.003901675018146755,0.05112703603500901
7,16,0,2,210,15,0.8888204945181708,0.5512443295982744,0.9847475074451459,0.9990830988117135,0.4478387692134391,0.024033690147645892,0.9999911510244582,0.3617583631344692,0.3473632379095088,0.9999911510244582,0.9846709071937674,0.01532024383069086,0.9999901667904622,0.9847475074451459,0.015242659345316212,0.9999797343595818,0.9840880915581242,0.015891642801457606,0.11117065650628744
7,16,0,3,210,15,0.9939502814881759,0.9840414267156511,0.9967525956561425,0.9995204592116448,0.015479032495993694,0.9579418517920497,0.9999752285943432,0.007355350051510001,-0.5576990731892204,0.9999752285943432,0.996752168792648,0.0032230598016951273,0.9999701243499646,0.9967525956561425,0.0032175286938220804,0.9999681206443709,0.9967387263752134,0.0032293942691574706,0.0060249471061673
7,16,0,4,210,15,0.9253474306195312,0.7764052254891852,0.9865341640867122,0.9961135574982956,0.21970833200911033,0.07049582128325826,0.9991643389007264,0.21738412935342866,0.2633328258172359,0.9991643389007264,0.9865056610004338,0.012658677900292625,0.9990147572698929,0.9865341640867122,0.012480593183180622,0.9989124612568636,0.986510689659807,0.012401771597056577,0.07381690828119525
7,16,0,5,210,15,0.9472299937876076,0.896521922161151,0.9925115794334569,0.9990758785720004,0.10255395641084941,0.011451401175894937,0.9998491335953867,0.06338694569233305,0.3123783176165316,0.9998491335953867,0.9923502052790077,0.007498928316378994,0.9998134068609221,0.9925115794334569,0.007301827427465213,0.9997971524401011,0.992362573617331,0.007434578822770099,0.0526191398077791
7,16,0,6,210,15,0.9275016719952354,0.8188708787263099,0.9905247541137964,0.9985820408245006,0.1797111620981907,0.02582549945264756,0.9998649752695761,0.11135380739719003,-0.4460904523264214,0.9998649752695761,0.9905115974340031,0.009353377835572996,0.9998162576822001,0.9905247541137964,0.009291503568403692,0.9997514600198064,0.9905003610783029,0.009251098941503555,0.0723633032743407
7,16,0,7,210,15,0.9313240939044953,0.7609711484021527,0.9823988686134788,0.9958820070180787,0.23491085861592598,0.15217282425813494,0.999119593450848,0.1235251571703958,-0.06174613612877519,0.999119593450848,0.9823583680994395,0.01676122535140845,0.9990833397524055,0.9823988686134788,0.016684471138926682,0.9990533173966094,0.9823381576044357,0.01671515979217375,0.06779549954635267
7,16,0,8,210,15,0.9401429291383595,0.8926545890258745,0.9921544755102022,0.9992053653225517,0.1065507762966772,0.036129871310099815,0.9999604570924621,0.03319718422883999,0.36757490451678526,0.9999604570924621,0.9920943838783342,0.007866073214127911,0.9999531942298217,0.9921544755102022,0.007798718719619457,0.9999452918610195,0.9921187039581899,0.00782658790282964,0.059817527954102556
7,16,0,9,210,15,0.963390024428485,0.9497670786851047,0.9912355544423064,0.9979073976369328,0.04814031895182813,0.06365176799340821,0.9996799949785459,0.038622062825380166,0.04540239007687249,0.9996799949785459,0.9912277066592632,0.008452288319282686,0.9996510307593521,0.9912355544423064,0.008415476317045756,0.9996347293182845,0.9912221646689184,0.008412564649366017,0.03628997055006089
7,16,1,0,210,15,0.9807972669527498,0.9593911784891593,0.9943315818119823,0.9994129110218013,0.04002173253264196,0.7053728836391343,0.9999238779800551,0.023573757582552868,-0.003922991451053312,0.9999238779800551,0.994326802393593,0.0055970755864621635,0.9999001600111983,0.9943315818119823,0.005568578199215968,0.9998687496546173,0.9943094663493636,0.005559283305253682,0.019126611027305285
7,16,1,1,210,15,0.9175181387511474,0.6767747115564303,0.9943266757713889,0.9995282401450732,0.3227535285886429,0.025528158924104205,0.9999712187535312,0.22086186849662415,-0.15559082972403002,0.9999712187535312,0.9942636515358734,0.005707567217657861,0.9999393337437218,0.9943266757713889,0.005612657972332902,0.9999261273642569,0.9943012942725034,0.005624833091753545,0.08245308000238383
7,16,1,2,210,15,0.8222173456420961,0.4384253908697889,0.9579086347766115,0.9981564711061678,0.5597310802363789,0.043015280289967595,0.9999771756824808,0.3390727256180863,-0.06954547074277681,0.9999771756824808,0.9572355177067717,0.04274165797570906,0.9999744228215769,0.9579086347766115,0.04206578804496541,0.9999614256216045,0.9566238226219851,0.04333760299961942,0.17775983004038465
7,16,1,3,210,15,0.7850206591418512,0.21034574163552444,0.9548033546402672,0.9934474128335838,0.7831016711980594,0.0025505058445011164,0.9994693531261116,0.5514866345314547,-0.04825830193752369,0.9994693531261116,0.9533330278269583,0.04613632529915335,0.9992457127042741,0.9548033546402672,0.04444235806400687,0.9991246027085446,0.9539477739563825,0.04517682875216211,0.21444869398426047
7,16,1,4,210,15,0.5807715340166855,0.14407363255155248,0.638248927815248,0.939076352251991,0.7950027197004386,0.002655494740941955,0.9917191771416312,0.497395720056626,0.4199622278444928,0.9917191771416312,0.6361223046107121,0.3555968725309191,0.9893955065129622,0.638248927815248,0.35114657869771415,0.987536624011069,0.6372673704109856,0.35026925360008343,0.4109476431249457
7,16,1,5,210,15,0.9161846500820262,0.786943385265136,0.9817210248536927,0.9952345062674713,0.20829112100233538,0.01897916403865696,0.9994937083124475,0.07715106589465781,0.05252791608491284,0.9994937083124475,0.9816537349645572,0.017839973347890337,0.9993006032437174,0.9817210248536927,0.017579578390024664,0.9992010902777793,0.981579092191426,0.01762199808635323,0.08330905823042134
7,16,1,6,210,15,0.7979576810370079,0.20222577995804866,0.9407046250491515,0.9914870483100205,0.7892612683519719,0.0,0.9995884891916269,0.547304726365262,-0.012447966102243977,0.9995884891916269,0.9401455025473648,0.059442986644262064,0.9992820518420318,0.9407046250491515,0.05857742679288025,0.9990981058016871,0.9401256577479667,0.05897244805372037,0.20163080815461898
7,16,1,7,210,15,0.7426216616116121,0.18378309170036963,0.8972528394503938,0.9809460247669288,0.7971629330665592,0.0,0.994062871965699,0.3749196179122436,-0.11787957614847114,0.994062871965699,0.8971589618549193,0.0969039101107797,0.9925676799421488,0.8972528394503938,0.09531484049175498,0.9920539520311792,0.8950425755149135,0.09701137651626568,0.25144121035408684
7,16,1,8,210,15,0.9148089150123577,0.6646918011111295,0.9934324519971393,0.9995666683719185,0.3348748672607891,0.07220378077381939,0.9999862009696838,0.27703139605657734,0.1373332080740412,0.9999862009696838,0.9932859027980377,0.00670029817164608,0.9999784676404451,0.9934324519971393,0.006546015643305814,0.9999689133103932,0.9930223419977358,0.0069465713126574125,0.0851772859573261
7,16,1,9,210,15,0.9225404400084198,0.8299532783347263,0.9730788396052457,0.9950918977802897,0.1651386194455634,0.018927966415675734,0.9990496672220698,0.056947809402343896,-0.04191283896946157,0.9990496672220698,0.973017573359951,0.0260320938621188,0.998997176131793,0.9730788396052457,0.025918336526547292,0.9989573576488033,0.9729444703162279,0.02601288733257545,0.07650922721364994
8,1,0,0,210,15,0.09263912749434396,1.5782339879422128e-08,2.8293047593497267e-05,0.5380132546573311,0.5380132388749912,0.0,0.9066024830390984,0.049297358861779446,0.060065501971214116,0.9066024830390984,2.665374325083736e-05,0.9065758292958476,0.8970235987785548,2.8293047593497267e-05,0.8969953057309612,0.8906276247477903,2.755927295132003e-05,0.890600065474839,0.8139633555447544
8,1,0,1,210,15,0.0593747803867377,6.611071614592846e-08,0.0003691632035660586,0.16791707473950818,0.16791700862879202,0.0,0.7236278896108348,0.06572036735127358,-0.6911766706728044,0.7236278896108348,0.0003550084405823384,0.7232728811702525,0.7045822627517975,0.0003691632035660586,0.7042130995482314,0.6809709401916398,0.00035904393811758695,0.6806118962535223,0.6642531092240971
8,1,0,2,210,15,0.1062370641360927,2.179327132090237e-08,8.843003239711322e-05,0.4931491941759692,0.4931491723826979,0.0,0.9016785146217764,0.17306457004701079,0.3839795525003806,0.9016785146217764,8.841313458773925e-05,0.9015901014871887,0.9013621467133266,8.843003239711322e-05,0.9012737166809295,0.8933281374720297,8.448684714179588e-05,0.8932436506248879,0.7954414504856837
8,1,0,3,210,15,0.09268056776544507,4.330663893048483e-08,0.00019009145137499628,0.410150187273764,0.41015014396712507,0.0,0.8351920026364335,0.024270963565451227,0.3555253925421049,0.8351920026364335,0.00017180643541925278,0.8350201962010142,0.8351659310084156,0.00019009145137499628,0.8349758395570406,0.8263918459607105,0.00017981090643563272,0.8262120350542749,0.7425114348709884
8,1,0,4,210,15,0.6172250814200609,0.034172188859331966,0.780753672392629,0.9516188675347891,0.9174466786754572,4.141023329795601e-07,0.9862197713499611,0.694422062150486,-0.4284068637772803,0.9862197713499611,0.7802702524522442,0.20594951889771684,0.9846013817468611,0.780753672392629,0.20384770935423202,0.9834072233023273,0.7789601402083823,0.204447083093945,0.36899468992990014
8,1,0,5,210,15,0.008795623737279379,1.669279958704806e-08,1.3355373334855702e-05,0.011429783687885019,0.011429766995085432,0.0,0.38103101098128533,0.0003154150127144706,0.15918274790811582,0.38103101098128533,1.2631680452512839e-05,0.3810183793008328,0.2973275359007849,1.3355373334855702e-05,0.29731418052745007,0.25999805675175064,1.2494963709290078e-05,0.25998556178804133,0.37223538724400596
8,1,0,6,210,15,0.1461749213089651,9.919049037687712e-09,0.0008524894033463681,0.6137746676280377,0.6137746577089886,0.0,0.9358520903925046,0.17625133385422742,0.39147696902748036,0.9358520903925046,0.0007704062804529954,0.9350816841120516,0.9249908170033914,0.0008524894033463681,0.924138327600045,0.9202977397044695,0.0008125401407215923,0.9194851995637479,0.7896771690835396
8,1,0,7,210,15,0.02056829380370581,4.886290594363629e-09,2.8545465036722284e-06,0.03143548938664278,0.03143548450035218,0.0,0.7914642344069405,0.0012338283822878604,0.4254421059110508,0.7914642344069405,2.7597036169613176e-06,0.7914614747033235,0.7413015365575363,2.8545465036722284e-06,0.7412986820110326,0.6728926183964804,2.6190290427496876e-06,0.6728899993674377,0.7708959406032346
8,1,0,8,210,15,0.17853962284492386,1.6785950538444893e-07,0.005322470879317032,0.6870249293415361,0.6870247614820307,0.0,0.833157540828735,0.5216169938907368,-0.5553251936389876,0.833157540828735,0.005122433704435325,0.8280351071242997,0.8259521394889615,0.005322470879317032,0.8206296686096445,0.8188842539033185,0.005036754687768245,0.8138474992155503,0.6546179179838112
8,1,0,9,210,15,0.03366514231369999,1.7068705371325878e-08,4.593143224340679e-05,0.06428705767534379,0.06428704060663842,0.0,0.8604765101621954,0.0011735350301765642,0.2645417939506241,0.8604765101621954,4.561568979633002e-05,0.8604308944723991,0.799896690147853,4.593143224340679e-05,0.7998507587156096,0.774892202059705,4.485023457349394e-05,0.7748473518251315,0.8268113678484954
8,1,1,0,210,15,0.09263912749434396,1.5782339879422128e-08,2.8293047593497267e-05,0.5380132546573311,0.5380132388749912,0.0,0.9066024830390984,0.049297358861779446,0.060065501971214116,0.9066024830390984,2.665374325083736e-05,0.9065758292958476,0.8970235987785548,2.8293047593497267e-05,0.8969953057309612,0.8906276247477903,2.755927295132003e-05,0.890600065474839,0.8139633555447544
8,1,1,1,210,15,0.0593747803867377,6.611071614592846e-08,0.0003691632035660586,0.16791707473950818,0.16791700862879202,0.0,0.7236278896108348,0.06572036735127358,-0.6911766706728044,0.7236278896108348,0.0003550084405823384,0.7232728811702525,0.7045822627517975,0.0003691632035660586,0.7042130995482314,0.6809709401916398,0.00035904393811758695,0.6806118962535223,0.6642531092240971
8,1,1,2,210,15,0.1062370641360927,2.179327132090237e-08,8.843003239711322e-05,0.4931491941759692,0.4931491723826979,0.0,0.9016785146217764,0.17306457004701079,0.3839795525003806,0.9016785146217764,8.841313458773925e-05,0.9015901014871887,0.9013621467133266,8.843003239711322e-05,0.9012737166809295,0.8933281374720297,8.448684714179588e-05,0.8932436506248879,0.7954414504856837
8,1,1,3,210,15,0.09268056776544507,4.330663893048483e-08,0.00019009145137499628,0.410150187273764,0.41015014396712507,0.0,0.8351920026364335,0.024270963565451227,0.3555253925421049,0.8351920026364335,0.00017180643541925278,0.8350201962010142,0.8351659310084156,0.00019009145137499628,0.8349758395570406,0.8263918459607105,0.00017981090643563272,0.8262120350542749,0.7425114348709884
8,1,1,4,210,15,0.6172250814200609,0.034172188859331966,0.780753672392629,0.9516188675347891,0.9174466786754572,4.141023329795601e-07,0.9862197713499611,0.694422062150486,-0.4284068637772803,0.9862197713499611,0.7802702524522442,0.20594951889771684,0.9846013817468611,0.780753672392629,0.20384770935423202,0.9834072233023273,0.7789601402083823,0.204447083093945,0.36899468992990014
8,1,1,5,210,15,0.008795623737279379,1.669279958704806e-08,1.3355373334855702e-05,0.011429783687885019,0.011429766995085432,0.0,0.38103101098128533,0.0003154150127144706,0.15918274790811582,0.38103101098128533,1.2631680452512839e-05,0.3810183793008328,0.2973275359007849,1.3355373334855702e-05,0.29731418052745007,0.25999805675175064,1.2494963709290078e-05,0.25998556178804133,0.37223538724400596
8,1,1,6,210,15,0.1461749213089651,9.919049037687712e-09,0.0008524894033463681,0.6137746676280377,0.6137746577089886,0.0,0.9358520903925046,0.17625133385422742,0.39147696902748036,0.9358520903925046,0.0007704062804529954,0.9350816841120516,0.9249908170033914,0.0008524894033463681,0.924138327600045,0.9202977397044695,0.0008125401407215923,0.9194851995637479,0.7896771690835396
8,1,1,7,210,15,0.02056829380370581,4.886290594363629e-09,2.8545465036722284e-06,0.03143548938664278,0.03143548450035218,0.0,0.7914642344069405,0.0012338283822878604,0.4254421059110508,0.7914642344069405,2.7597036169613176e-06,0.7914614747033235,0.7413015365575363,2.8545465036722284e-06,0.7412986820110326,0.6728926183964804,2.6190290427496876e-06,0.6728899993674377,0.7708959406032346
8,1,1,8,210,15,0.17853962284492386,1.6785950538444893e-07,0.005322470879317032,0.6870249293415361,0.6870247614820307,0.0,0.833157540828735,0.5216169938907368,-0.5553251936389876,0.833157540828735,0.005122433704435325,0.8280351071242997,0.8259521394889615,0.005322470879317032,0.8206296686096445,0.8188842539033185,0.005036754687768245,0.8138474992155503,0.6546179179838112
8,1,1,9,210,15,0.03366514231369999,1.7068705371325878e-08,4.593143224340679e-05,0.06428705767534379,0.06428704060663842,0.0,0.8604765101621954,0.0011735350301765642,0.2645417939506241,0.8604765101621954,4.561568979633002e-05,0.8604308944723991,0.799896690147853,4.593143224340679e-05,0.7998507587156096,0.774892202059705,4.485023457349394e-05,0.7748473518251315,0.8268113678484954
8,4,0,0,210,15,0.5695843044435694,0.017293828717732034,0.6872698770859993,0.9651538452806362,0.9478600165629042,0.0,1.0,0.6606328672626884,0.06702516739932554,1.0,0.6849004672329402,0.3150995327670598,0.9966085231406409,0.6872698770859993,0.30933864605464156,0.994429315788757,0.6860819976256538,0.30834731816310323,0.43041569555643056
8,4,0,1,210,15,0.5967370158479567,0.13775348976835272,0.6777946760653664,0.9410396112477212,0.8032861214793685,0.0,0.9780215399151462,0.7097636101336396,-0.6724888481436249,0.9780215399151462,0.6741548471067946,0.30386669280835155,0.9765217060205915,0.6777946760653664,0.29872702995522515,0.9759785972584542,0.6713052117473118,0.3046733855111423,0.3812845240671895
8,4,0,2,210,15,0.46550589720816293,0.012298073452730795,0.41636424652273574,0.9571237467541293,0.9448256733013984,0.0,1.0,0.7397968719298633,0.3502709812013878,1.0,0.41595870901380394,0.5840412909861961,1.0,0.41636424652273574,0.5836357534772643,1.0,0.4099251437621292,0.5900748562378708,0.5344941027918371
8,4,0,3,210,15,0.5597557328877856,0.04852078066054563,0.5895262543347128,0.9639517786139296,0.9154309979533839,0.0,1.0,0.6887872808914246,0.3020249892287807,1.0,0.5890565399046543,0.41094346009534566,0.9967357826695125,0.5895262543347128,0.4072095283347996,0.9946327568951525,0.5889071752942648,0.4057255816008877,0.4402442671122144
8,4,0,4,210,15,0.9764764546701653,0.9578020797225361,0.9899532760432692,0.9975969429213623,0.03979486319882619,0.5233739148547132,0.9996835159030976,0.01569833799085607,-0.4583550647406971,0.9996835159030976,0.9899155943972869,0.009767921505810628,0.9996336956070075,0.9899532760432692,0.00968041956373833,0.9995475348787909,0.9898856068709089,0.009661928007882015,0.023207061232932258
8,4,0,5,210,15,0.4142820027166591,0.013882858894993662,0.37175188177717877,0.8689027365995846,0.855019877704591,0.0,0.9871745985383918,0.7492378448734176,0.2862008532749366,0.9871745985383918,0.3705240583028444,0.6166505402355474,0.9836924615455185,0.37175188177717877,0.6119405797683397,0.9818510614373294,0.3692823473517218,0.6125687140856075,0.5728925958217328
8,4,0,6,210,15,0.6692215297657358,0.13889169158789563,0.8467543436054684,0.9859218027773826,0.847030111189487,0.0,1.0,0.4169888094561226,0.3537048135202288,1.0,0.8441570863768566,0.1558429136231434,1.0,0.8467543436054684,0.15324565639453158,1.0,0.8454580231675314,0.15454197683246862,0.3307784702342642
8,4,0,7,210,15,0.366039459458955,0.014705296443738358,0.23223524082921887,0.9034761973900269,0.8887709009462885,0.0,0.989788080382035,0.7547561310681086,0.4226587580541185,0.989788080382035,0.23018819724548467,0.7595998831365504,0.9867858526090005,0.23223524082921887,0.7545506117797817,0.9854432327156388,0.23115546374955942,0.7542877689660794,0.62374862092308
8,4,0,8,210,15,0.7124618702956986,0.0926249737002055,0.8965577445237318,0.9800033010389549,0.8873783273387494,0.0,1.0,0.6945311119176616,-0.4284146384919645,1.0,0.8956289398646584,0.10437106013534159,1.0,0.8965577445237318,0.10344225547626817,1.0,0.8960987921500777,0.1039012078499223,0.28753812970430137
8,4,0,9,210,15,0.6774467237056434,0.11484433608216227,0.8257353574816552,0.9721978839676023,0.85735354788544,0.0,1.0,0.39562746697852813,-0.2280874525823391,1.0,0.8233419456235658,0.17665805437643423,1.0,0.8257353574816552,0.17426464251834484,1.0,0.823575478634471,0.176424521365529,0.3225532762943566
8,4,1,0,210,15,0.5323660665348976,0.0003175064170568683,0.6177183184757912,0.9602687797843201,0.9599512733672633,0.0,1.0,0.7954186855010887,-0.0018652836313100718,1.0,0.6096178950970865,0.3903821049029135,1.0,0.6177183184757912,0.3822816815242088,0.9998092786545175,0.6142588898473027,0.3855503888072148,0.4676339334651024
8,4,1,1,210,15,0.4186223387523607,0.031998662928242806,0.3938244234263542,0.8783409121775758,0.846342249249333,0.0,0.9631192242288005,0.649488102273719,-0.5019440026174873,0.9631192242288005,0.39225284151757756,0.5708663827112229,0.9621776951677741,0.3938244234263542,0.5683532717414199,0.9600361714268938,0.38610603640324226,0.5739301350236515,0.5444968854764398
8,4,1,2,210,15,0.4529505155951212,0.0006263506059653535,0.37643036225276916,0.949103870912581,0.9484775203066156,0.0,0.9921631517607142,0.7954825630369531,0.4522661673572125,0.9921631517607142,0.3743741750075431,0.6177889767531711,0.9911709940750859,0.37643036225276916,0.6147406318223168,0.99026100820002,0.3755141001872783,0.6147469080127417,0.5392126361655931
8,4,1,3,210,15,0.4532512099657972,0.0007266512252656749,0.385653635180893,0.9214701094813137,0.920743458256048,0.0,1.0,0.6829251138597057,0.31845814449955134,1.0,0.3852512582817791,0.6147487417182209,1.0,0.385653635180893,0.614346364819107,1.0,0.38441377150177947,0.6155862284982205,0.5467487900342027
8,4,1,4,210,15,0.837043351730189,0.40324733341558633,0.9592264087363911,0.9951939735073816,0.5919466400917952,0.007763703683606682,0.9989623827240256,0.2121235721722743,-0.3947151376934365,0.9989623827240256,0.9592145680205497,0.03974781470347588,0.9987232171626559,0.9592264087363911,0.039496808426264796,0.9986424781813539,0.9588203291352491,0.039822149046104816,0.16191903099383664
8,4,1,5,210,15,0.41831488241583914,0.0035661181253131675,0.3835169247456249,0.8730618874364234,0.8694957693111103,0.0,1.0,0.6474498671650176,0.2127699688687466,1.0,0.38260021226250807,0.6173997877374919,1.0,0.3835169247456249,0.6164830752543751,1.0,0.3828298040448785,0.6171701959551215,0.5816851175841609
8,4,1,6,210,15,0.5634843632783139,0.014655555473076155,0.6236547312296689,0.9769211916521275,0.9622656361790514,0.0,1.0,0.7883736867064517,0.27476813533186695,1.0,0.6154389506163773,0.3845610493836227,1.0,0.6236547312296689,0.37634526877033114,1.0,0.618694910861982,0.38130508913801797,0.43651563672168614
8,4,1,7,210,15,0.6360479891496712,0.04569853953059844,0.7822513961417179,0.976481118912438,0.9307825793818396,0.0,1.0,0.7505341111240148,0.36206263180570986,1.0,0.7820195865806414,0.2179804134193586,1.0,0.7822513961417179,0.2177486038582821,1.0,0.7819806757189118,0.21801932428108817,0.3639520108503288
8,4,1,8,210,15,0.843903529809768,0.5330503356334423,0.9371831345920691,0.9873366221289567,0.4542862864955144,0.0,1.0,0.18078975120447838,-0.28897124327406193,1.0,0.937161748044007,0.06283825195599302,1.0,0.9371831345920691,0.06281686540793086,0.9992488680971287,0.9371143114075023,0.06213455668962631,0.15609647019023198
8,4,1,9,210,15,0.4374255919819744,0.006061282075945443,0.44847874441129076,0.9052254896113817,0.8991642075354362,0.0,1.0,0.6560689155215006,0.08164681414868494,1.0,0.447468639192818,0.552531360807182,1.0,0.44847874441129076,0.5515212555887092,1.0,0.4475384081966312,0.5524615918033688,0.5625744080180256
8,8,0,0,210,15,0.7748904048282841,0.16844569715037191,0.9447011974982945,0.997410625739134,0.828964928588762,0.0,1.0,0.7337359292972702,0.17945920380442706,1.0,0.9443663053430627,0.05563369465693735,1.0,0.9447011974982945,0.05529880250170549,1.0,0.9444940634392457,0.05550593656075431,0.22510959517171591
8,8,0,1,210,15,0.8202402285721853,0.4300899030672587,0.9383320781695047,0.9877947087709914,0.5577048057037327,0.021702359615544786,0.9974223771355729,0.38495622157072296,-0.5577703414071585,0.9974223771355729,0.9383143509332514,0.05910802620232147,0.9966347384538294,0.9383320781695047,0.05830266028432474,0.9960096920923104,0.9381107553198237,0.0578989367724867,0.17718214856338765
8,8,0,2,210,15,0.5647575342126261,0.06923412424215689,0.6016244636990355,0.9701297341855398,0.9008956099433829,0.0,0.9916234119808336,0.6732771273765062,0.35425940983436616,0.9916234119808336,0.6010238751008079,0.3905995368800257,0.9905611168606067,0.6016244636990355,0.3889366531615711,0.9902008396846295,0.6003983390837563,0.3898025006008732,0.4268658777682075
8,8,0,3,210,15,0.7607294102480239,0.21775421984713178,0.9239480804934231,0.9903778102433886,0.7726235903962568,0.0,0.9988307352745924,0.47935091769641536,0.2544553974336963,0.9988307352745924,0.9237202725978234,0.07511046267676902,0.9988118076211219,0.9239480804934231,0.07486372712769873,0.9988021905759915,0.9236645821156397,0.07513760846035178,0.23810132502656856
8,8,0,4,210,15,0.9918958787278951,0.9854118729140234,0.9972832537042997,0.9997538155449073,0.014341942630883842,0.8206695402802706,0.9999782731568012,0.009620045961464485,-0.2244177872514116,0.9999782731568012,0.9972438468360982,0.002734426320702976,0.9999628236624674,0.9972832537042997,0.002679569958167649,0.9999552060658207,0.9972561085713126,0.0026990974945080293,0.008082394428906126
8,8,0,5,210,15,0.6764718910790557,0.10545963521717719,0.8534901950000602,0.983327617915065,0.8778679826978878,0.0,0.9981539838383615,0.7493914404499011,0.27686212515346964,0.9981539838383615,0.8409005785890459,0.15725340524931564,0.9980146233408649,0.8534901950000602,0.1445244283408047,0.9976895196925288,0.8474226560605022,0.15026686363202668,0.3216820927593058
8,8,0,6,210,15,0.7867112506577124,0.28164889068511534,0.9428039467310718,0.9964769976765399,0.7148281069914245,0.0018043020006994759,1.0,0.258530335769784,0.4835853096766043,1.0,0.9410871451616026,0.058912854838397366,0.9999574087843853,0.9428039467310718,0.05715346205331351,0.9998884935856127,0.9419563096860255,0.05793218389958721,0.2132887493422876
8,8,0,7,210,15,0.5654172587592443,0.0818161882170629,0.6169805699743166,0.9545203467298718,0.8727041585128089,0.0,0.9966404998145947,0.713139807380292,0.3772609032274784,0.9966404998145947,0.613507970382116,0.38313252943247866,0.9955057924219077,0.6169805699743166,0.3785252224475911,0.9949477201045053,0.6073320700658787,0.3876156500386265,0.43122324105535037
8,8,0,8,210,15,0.8593519336110208,0.5504627900950176,0.9638656753291505,0.994180331230942,0.4437175411359243,0.0,1.0,0.41637905294885436,-0.2842921608199732,1.0,0.9636904790120335,0.03630952098796647,1.0,0.9638656753291505,0.03613432467084954,1.0,0.9636865334615011,0.03631346653849887,0.1406480663889792
8,8,0,9,210,15,0.799630363687195,0.24299763451918363,0.9517685337699288,0.9901591243635691,0.7471614898443855,0.0,1.0,0.1249571716677198,-0.1312248739038462,1.0,0.9516177069357813,0.04838229306421871,1.0,0.9517685337699288,0.04823146623007124,1.0,0.9515393619988948,0.04846063800110523,0.20036963631280502
8,8,1,0,210,15,0.8373892423966786,0.40955363129171496,0.9501006961967255,0.9876910568760896,0.5781374255843746,0.0,0.9979978085352678,0.31443536939846484,-0.06878743606107038,0.9979978085352678,0.9500932278986935,0.04790458063657421,0.9975910513645327,0.9501006961967255,0.0474903551678072,0.9972885455674568,0.9500099915212136,0.04727855404624326,0.1606085661385892
8,8,1,1,210,15,0.6226749061107195,0.0954982694453226,0.7200640612079965,0.9379763824894446,0.842478113044122,0.001707765978517517,0.9778317931054858,0.7626166510693165,-0.3970890172436693,0.9778317931054858,0.7191202711305189,0.25871152197496694,0.9773072106869156,0.7200640612079965,0.25724314947891913,0.9766463460663225,0.7197445009431868,0.25690184512313574,0.35515688699476633
8,8,1,2,210,15,0.6654512660189251,0.08877550746326822,0.8218312456818393,0.9812397092463325,0.8924642017830643,0.0,1.0,0.7111764547485767,0.4448879631219367,1.0,0.8214675071206875,0.1785324928793125,1.0,0.8218312456818393,0.1781687543181607,0.9992345935606632,0.8199859235588987,0.1792486700017646,0.3345487339810749
8,8,1,3,210,15,0.6983552992602031,0.2096987831708195,0.824742784458969,0.9661786615361603,0.7564798783653408,0.0,0.9948808504846657,0.4266723351312898,0.3154674709177079,0.9948808504846657,0.8246040964076868,0.17027675407697884,0.9927854342616644,0.824742784458969,0.16804264980269545,0.9916033643315282,0.8236502253768979,0.16795313895463027,0.29652555122446256
8,8,1,4,210,15,0.885321921244776,0.5538991843555526,0.9758172093457087,0.9986957434796335,0.4447965591240809,0.035485454187579535,0.999646182766502,0.12454033317796553,-0.3297573965072094,0.999646182766502,0.9757783967078759,0.02386778605862605,0.9996304073219071,0.9758172093457087,0.023813197976198408,0.9995867655431369,0.9757719789650788,0.023814786578058023,0.11432426152172592
8,8,1,5,210,15,0.6697631901735345,0.07262487335349474,0.8023662180796048,0.9612169519951107,0.8885920786416159,0.0,0.9955735953825029,0.6435686957623992,0.14310463794125555,0.9955735953825029,0.8010111295339586,0.1945624658485443,0.9942731821187826,0.8023662180796048,0.19190696403917773,0.9926990162880607,0.8005742482282029,0.1921247680598578,0.3258104052089684
8,8,1,6,210,15,0.7491658229000676,0.151153883443188,0.9149677958859115,0.9923382164214584,0.8411843329782703,0.0,0.9992582235082972,0.5959931061617738,0.28256617416008784,0.9992582235082972,0.9115437745798486,0.0877144489284486,0.9990836120708841,0.9149677958859115,0.08411581618497266,0.9989931475986006,0.9137282062974531,0.08526494130114748,0.25009240060822957
8,8,1,7,210,15,0.8762638696432328,0.6063135362585799,0.9699600003865465,0.9933062785220511,0.38699274226347125,0.0,0.9988752793778967,0.4358872915897666,0.3897963348699193,0.9988752793778967,0.9699042999596208,0.028970979418275866,0.9987754366848509,0.9699600003865465,0.02881543629830441,0.9986264735737068,0.9698152852170727,0.0288111883566341,0.12261140973466389
8,8,1,8,210,15,0.9594839426437332,0.9264132037276804,0.9845316692258907,0.9976435593920929,0.07123035566441249,0.27475065214654393,0.999310833325231,0.02719579798949867,-0.21353966562247928,0.999310833325231,0.9844741899434302,0.014836643381800796,0.9992218344800601,0.9845316692258907,0.01469016525416933,0.9991718147890837,0.9844353559168374,0.014736458872246283,0.039826890681497806
8,8,1,9,210,15,0.6684667890308174,0.11303152997998539,0.8009523673499614,0.9799830198539529,0.8669514898739674,0.0,0.9950859899657192,0.6503267282510773,0.15063444911287266,0.9950859899657192,0.7975004456133885,0.19758554435233067,0.9944244227777964,0.8009523673499614,0.19347205542783497,0.9940390225803594,0.7976674097980506,0.19637161278230875,0.3266192009349018
8,16,0,0,210,15,0.8785108677026183,0.47748185067966725,0.9852624348203292,0.9970219397292506,0.5195400890495834,0.0011601031775271275,0.9999418078665006,0.37263547197431635,0.1324092221074012,0.9999418078665006,0.985260597310647,0.014681210555853585,0.9999391898115612,0.9852624348203292,0.014676754991232,0.9999317978938543,0.985255691477569,0.014676106416285362,0.12143094016388223
8,16,0,1,210,15,0.9338619978329581,0.7756822268105271,0.9851055207574803,0.9985726104015138,0.22289038359098667,0.3349341013007573,0.9997784954091635,0.17905405154304854,-0.611095813640089,0.9997784954091635,0.9847415098755296,0.015036985533633973,0.9997705341421363,0.9851055207574803,0.01466501338465609,0.9996929340183537,0.9849344610540935,0.014758472964260139,0.06591649757620544
8,16,0,2,210,15,0.7188888979050554,0.2691030771632494,0.8286236777872287,0.9841147353322093,0.7150116581689598,0.0037578175044973294,0.995510171502642,0.4080091588176803,0.29345336628948504,0.995510171502642,0.8263417789341775,0.1691683925684645,0.9951931975174915,0.8286236777872287,0.1665695197302628,0.9948420623803714,0.8274475419696872,0.16739452041068426,0.2766212735975866
8,16,0,3,210,15,0.8827138296445464,0.5295607592892563,0.9716739790432335,0.9985820084079442,0.4690212491186879,0.09280777117710559,0.9998722415885948,0.08505390076469033,0.16241055028782642,0.9998722415885948,0.971630542061231,0.028241699527363773,0.9998192424214639,0.9716739790432335,0.028145263378230423,0.999800793113347,0.9715323385797405,0.02826845453360649,0.11715841194404841
8,16,0,4,210,15,0.9975649312088002,0.9935708843586373,0.9991672668310987,0.9999158203935634,0.006344936034926141,0.9686143505763962,0.9999865639427764,0.005112172509249002,-0.25345505081099995,0.9999865639427764,0.9991537670535473,0.0008327968892291038,0.9999842888363091,0.9991672668310987,0.0008170220052103883,0.9999832017277316,0.9991534647653871,0.0008297369623444517,0.00242163273397622
8,16,0,5,210,15,0.8416544769061174,0.4400288400610378,0.9655626136906721,0.994141008122561,0.5541121680615232,0.04376472605624082,0.9990702408581594,0.47019402355023343,0.24265597211469,0.9990702408581594,0.9653810216483257,0.0336892192098337,0.9989485376980338,0.9655626136906721,0.033385924007361734,0.9988038306588267,0.9651697476949925,0.03363408296383419,0.15741576395204204
8,16,0,6,210,15,0.8667420532244737,0.5020555119688165,0.9877253837198245,0.9991557385835097,0.4971002266146932,0.10895963614210702,0.9999628506057934,0.247514419313125,0.5244829004868915,0.9999628506057934,0.9873423654773424,0.012620485128450931,0.999962236224788,0.9877253837198245,0.012236852504963425,0.9999379860193104,0.9875258153549846,0.012412170664325761,0.13322079738131964
8,16,0,7,210,15,0.7739414185686745,0.2650579578488656,0.9381981430943219,0.9937217486801297,0.7286637908312641,0.04374526886662289,0.9993434009389693,0.6003937938872387,0.2988153278499998,0.9993434009389693,0.9375757158621535,0.06176768507681585,0.999332108469752,0.9381981430943219,0.06113396537543003,0.9993226022144935,0.9377466509678299,0.061575951246663596,0.22540198237029485
8,16,0,8,210,15,0.9579163783022128,0.8902950627702478,0.9909045193782966,0.9993423691811818,0.10904730641093396,0.215142841234792,0.9999162380406609,0.06070662083663492,-0.45124638394780575,0.9999162380406609,0.990810653228027,0.009105584812633905,0.9999099569284099,0.9909045193782966,0.009005437550113293,0.999896493398794,0.9907878153458364,0.009108678052957675,0.04199985973844811
8,16,0,9,210,15,0.8748725377839724,0.4751525498197063,0.9872036906709938,0.9976776012871386,0.5225250514674322,0.06939029427080634,0.9995955753040315,0.11028829524807682,0.136569990249212,0.9995955753040315,0.9871547452662581,0.01244083003777341,0.999573040792121,0.9872036906709938,0.012369350121127165,0.999563069938547,0.9871534956873433,0.012409574251203703,0.12472303752005909
8,16,1,0,210,15,0.9221742469362331,0.858733438909363,0.9865447053145864,0.9977693714754918,0.13903593256612878,0.0683079614166956,0.9997389084515409,0.137708120696431,-0.06621789285795272,0.9997389084515409,0.9865173752480445,0.013221533203496394,0.9997066716228036,0.9865447053145864,0.013161966308217199,0.9996593218845785,0.9865059334152256,0.013153388469352878,0.07756466151530783
8,16,1,1,210,15,0.7999497213452785,0.26801953394258,0.9327268627057079,0.9849908777340798,0.7169713437914997,0.001076736787182453,0.9976243155919282,0.618453305325321,-0.37114609012837996,0.9976243155919282,0.9316187024416747,0.06600561315025355,0.9958575596202175,0.9327268627057079,0.06313069691450957,0.9952178112073041,0.9323313523206246,0.06288645888667954,0.19767459424664968
8,16,1,2,210,15,0.8061543765233219,0.292713189948446,0.9511051201179204,0.9971747887765213,0.7044615988280754,0.00025556174498087003,0.9995346685285068,0.571909856673318,0.4692914967297606,0.9995346685285068,0.9483135572273416,0.051221111301165245,0.9995214335629715,0.9511051201179204,0.04841631344505115,0.9994822650686611,0.9496477145987642,0.04983455046989693,0.19338029200518492
8,16,1,3,210,15,0.8410005798580339,0.3268431983249527,0.9472098939740331,0.9878619623262699,0.6610187640013172,0.00249726670159256,0.9972125759714751,0.2453861419756901,0.2780425859996825,0.9972125759714751,0.9467689688326315,0.05044360713884355,0.9971520309618691,0.9472098939740331,0.049942136987836006,0.9967908704362789,0.9468879226353103,0.0499029478009686,0.15621199611344116
8,16,1,4,210,15,0.9394949697723388,0.8543630686721779,0.9921025309885554,0.9998318825379375,0.1454688138657596,0.1450702211680196,1.0,0.06580347457874491,-0.2113484918673245,1.0,0.9918981216264278,0.008101878373572236,1.0,0.9921025309885554,0.007897469011444613,1.0,0.9920297960294283,0.007970203970571688,0.06050503022766118
8,16,1,5,210,15,0.8115588274209956,0.2265447339186896,0.9557179828919333,0.9949153195303437,0.7683705856116542,0.0,1.0,0.4959371440953824,0.23296479026087408,1.0,0.9555483666875416,0.04445163331245838,1.0,0.9557179828919333,0.044282017108066674,1.0,0.9556026623712287,0.044397337628771294,0.1884411725790044
8,16,1,6,210,15,0.8654461956415582,0.5081336067584343,0.9804842645077608,0.9980352895398088,0.48990168278137447,0.0,0.9998732441718691,0.37072246622159544,0.10660883142798833,0.9998732441718691,0.9804800889405462,0.0193931552313229,0.9998113478620283,0.9804842645077608,0.01932708335426747,0.9997701066232881,0.9801368579197081,0.019633248703580075,0.13442704853031084
8,16,1,7,210,15,0.973437761539449,0.9512433862112311,0.9927819898360336,0.9979007368746167,0.04665735066338561,0.1000779195907443,0.9997115003548013,0.03253469946574428,0.31107086976381065,0.9997115003548013,0.992779162862687,0.006932337492114304,0.9996598952890449,0.9927819898360336,0.006877905453011257,0.9996119513581726,0.9927798992040966,0.006832052154076007,0.02627373881535222
8,16,1,8,210,15,0.9890673373126146,0.9886147593014247,0.9972162421811952,0.9996935778619132,0.011078818560488424,0.2875123371853123,1.0,0.007290617241316966,-0.19469246144227437,1.0,0.9971997218983123,0.002800278101687703,1.0,0.9972162421811952,0.0027837578188047996,1.0,0.9972086906006004,0.002791309399399644,0.010932662687385353
8,16,1,9,210,15,0.8309795517980133,0.39024989826244716,0.958382108923713,0.9939906390231354,0.6037407407606883,0.0,0.9990207473273881,0.45923166788013414,0.009339376014357307,0.9990207473273881,0.9583451705571484,0.040675576770239696,0.9984862361465141,0.958382108923713,0.0401041272228011,0.9981553139558829,0.9583434109661212,0.03981190298976167,0.1680411955293748
9,1,0,0,210,15,0.003941561791347266,6.852267410151217e-08,1.0536769719016181e-05,0.007538498839937474,0.007538430317263372,0.0,0.12190406408026777,0.0006623312057060903,0.1589158160372927,0.12190406408026777,1.0350735064168504e-05,0.1218937133452036,0.10577933786993388,1.0536769719016181e-05,0.10576880110021486,0.0992009358090526,1.029573184200642e-05,0.0991906400772106,0.11796250228892051
9,1,0,1,210,15,0.20344476779231258,1.2989878296787442e-06,0.019744720103205327,0.7317261970268889,0.7317248980390593,0.0,0.9724187755718481,0.2907256198948798,0.3322258684194329,0.9724187755718481,0.019290526136439112,0.953128249435409,0.9500488168193932,0.019744720103205327,0.930304096716188,0.9356110608266022,0.018169027644121278,0.9174420331824809,0.7689740077795355
9,1,0,2,210,15,0.06643823467851558,1.9475596088058822e-07,0.001396512478167411,0.2175285070204498,0.2175283122644889,0.0,0.7864658451154212,0.021978615660369967,-0.5028277285199211,0.7864658451154212,0.0012769048140084394,0.7851889403014127,0.7760590431546711,0.001396512478167411,0.7746625306765037,0.769165806687005,0.0013415572347669953,0.7678242494522379,0.7200276104369056
9,1,0,3,210,15,0.2480107086217329,3.7878858731965655e-05,0.12045678704789786,0.7138886910080712,0.7138508121493392,0.0,0.9036543084224478,0.40885803091380796,0.1403083322265163,0.9036543084224478,0.1082686984217176,0.7953856100007302,0.8979447516987898,0.12045678704789786,0.777487964650892,0.8898350508382761,0.11559148144324465,0.7742435693950315,0.6556435998007148
9,1,0,4,210,15,0.2418876288785702,2.5192910750981848e-06,0.056791818909979475,0.812151622994564,0.8121491037034889,0.0,0.9405424866523728,0.5996270744369906,-0.32368793591043526,0.9405424866523728,0.05602891993617931,0.8845135667161935,0.9384545965957055,0.056791818909979475,0.881662777685726,0.9369221984786128,0.05481843552300647,0.8821037629556063,0.6986548577738027
9,1,0,5,210,15,0.027297646732487895,6.204076656857184e-08,0.0001608569542572713,0.07741417099256769,0.07741410895180112,0.0,0.6122649311798583,0.016019649600781186,-0.35720084355654325,0.6122649311798583,0.0001464481909765336,0.6121184829888817,0.5997978163309705,0.0001608569542572713,0.5996369593767132,0.5815828805359932,0.00015596269519602135,0.5814269178407971,0.5849672844473703
9,1,0,6,210,15,0.23831575424930224,7.800079337139121e-06,0.06598360604655923,0.8145846604245528,0.8145768603452157,0.0,0.9426932471910928,0.16205894520456351,-0.2803076195443369,0.9426932471910928,0.06564527667045061,0.8770479705206422,0.9403314824351253,0.06598360604655923,0.8743478763885661,0.9354807936728188,0.06544077551689682,0.8700400181559219,0.7043774929417905
9,1,0,7,210,15,0.044684613328679956,1.1022622065093304e-06,0.0010092238473755621,0.10553970657402026,0.10553860431181375,1.5459857838351354e-09,0.7152330306919552,0.018908946982841485,-0.25305335721898453,0.7152330306919552,0.0009723215647294836,0.7142607091272257,0.7044324132235735,0.0010092238473755621,0.703423189376198,0.6584760802069983,0.000991325119510537,0.6574847550874878,0.6705484173632752
9,1,0,8,210,15,0.07653455764008575,1.1765012803977017e-07,9.75108391111923e-05,0.2866450401089603,0.2866449224588323,0.0,0.8526177017747525,0.0019142321008975946,0.03494280725510459,0.8526177017747525,9.036154827157805e-05,0.8525273402264809,0.8462318767294271,9.75108391111923e-05,0.846134365890316,0.8333327498093815,9.338054242843026e-05,0.8332393692669531,0.7760831441346667
9,1,0,9,210,15,0.367599805900236,6.791265452936737e-05,0.23136200527773865,0.9186289049631452,0.9185609923086159,1.3375076601818137e-09,0.9940171297180601,0.7569634374226614,0.5435309514631042,0.9940171297180601,0.2243583550781454,0.7696587746399147,0.9911955873881588,0.23136200527773865,0.7598335821104202,0.9901305270963067,0.22696760864328827,0.7631629184530184,0.6264173238178241
9,1,1,0,210,15,0.003941561791347266,6.852267410151217e-08,1.0536769719016181e-05,0.007538498839937474,0.007538430317263372,0.0,0.12190406408026777,0.0006623312057060903,0.1589158160372927,0.12190406408026777,1.0350735064168504e-05,0.1218937133452036,0.10577933786993388,1.0536769719016181e-05,0.10576880110021486,0.0992009358090526,1.029573184200642e-05,0.0991906400772106,0.11796250228892051
9,1,1,1,210,15,0.20344476779231258,1.2989878296787442e-06,0.019744720103205327,0.7317261970268889,0.7317248980390593,0.0,0.9724187755718481,0.2907256198948798,0.3322258684194329,0.9724187755718481,0.019290526136439112,0.953128249435409,0.9500488168193932,0.019744720103205327,0.930304096716188,0.9356110608266022,0.018169027644121278,0.9174420331824809,0.7689740077795355
9,1,1,2,210,15,0.06643823467851558,1.9475596088058822e-07,0.001396512478167411,0.2175285070204498,0.2175283122644889,0.0,0.7864658451154212,0.021978615660369967,-0.5028277285199211,0.7864658451154212,0.0012769048140084394,0.7851889403014127,0.7760590431546711,0.001396512478167411,0.7746625306765037,0.769165806687005,0.0013415572347669953,0.7678242494522379,0.7200276104369056
9,1,1,3,210,15,0.2480107086217329,3.7878858731965655e-05,0.12045678704789786,0.7138886910080712,0.7138508121493392,0.0,0.9036543084224478,0.40885803091380796,0.1403083322265163,0.9036543084224478,0.1082686984217176,0.7953856100007302,0.8979447516987898,0.12045678704789786,0.777487964650892,0.8898350508382761,0.11559148144324465,0.7742435693950315,0.6556435998007148
9,1,1,4,210,15,0.2418876288785702,2.5192910750981848e-06,0.056791818909979475,0.812151622994564,0.8121491037034889,0.0,0.9405424866523728,0.5996270744369906,-0.32368793591043526,0.9405424866523728,0.05602891993617931,0.8845135667161935,0.9384545965957055,0.056791818909979475,0.881662777685726,0.9369221984786128,0.05481843552300647,0.8821037629556063,0.6986548577738027
9,1,1,5,210,15,0.027297646732487895,6.204076656857184e-08,0.0001608569542572713,0.07741417099256769,0.07741410895180112,0.0,0.6122649311798583,0.016019649600781186,-0.35720084355654325,0.6122649311798583,0.0001464481909765336,0.6121184829888817,0.5997978163309705,0.0001608569542572713,0.5996369593767132,0.5815828805359932,0.00015596269519602135,0.5814269178407971,0.5849672844473703
9,1,1,6,210,15,0.23831575424930224,7.800079337139121e-06,0.06598360604655923,0.8145846604245528,0.8145768603452157,0.0,0.9426932471910928,0.16205894520456351,-0.2803076195443369,0.9426932471910928,0.06564527667045061,0.8770479705206422,0.9403314824351253,0.06598360604655923,0.8743478763885661,0.9354807936728188,0.06544077551689682,0.8700400181559219,0.7043774929417905
9,1,1,7,210,15,0.044684613328679956,1.1022622065093304e-06,0.0010092238473755621,0.10553970657402026,0.10553860431181375,1.5459857838351354e-09,0.7152330306919552,0.018908946982841485,-0.25305335721898453,0.7152330306919552,0.0009723215647294836,0.7142607091272257,0.7044324132235735,0.0010092238473755621,0.703423189376198,0.6584760802069983,0.000991325119510537,0.6574847550874878,0.6705484173632752
9,1,1,8,210,15,0.07653455764008575,1.1765012803977017e-07,9.75108391111923e-05,0.2866450401089603,0.2866449224588323,0.0,0.8526177017747525,0.0019142321008975946,0.03494280725510459,0.8526177017747525,9.036154827157805e-05,0.8525273402264809,0.8462318767294271,9.75108391111923e-05,0.846134365890316,0.8333327498093815,9.338054242843026e-05,0.8332393692669531,0.7760831441346667
9,1,1,9,210,15,0.367599805900236,6.791265452936737e-05,0.23136200527773865,0.9186289049631452,0.9185609923086159,1.3375076601818137e-09,0.9940171297180601,0.7569634374226614,0.5435309514631042,0.9940171297180601,0.2243583550781454,0.7696587746399147,0.9911955873881588,0.23136200527773865,0.7598335821104202,0.9901305270963067,0.22696760864328827,0.7631629184530184,0.6264173238178241
9,4,0,0,210,15,0.5869108719038605,0.14120948407047237,0.6626378971424827,0.9162671398395508,0.7750576557690784,0.0,0.9918257009095783,0.6182986801911238,-0.21613123718386876,0.9918257009095783,0.6619875370297927,0.3298381638797856,0.9872600165133267,0.6626378971424827,0.32462211937084406,0.9831100939587144,0.6609203680012482,0.3221897259574662,0.40491482900571785
9,4,0,1,210,15,0.6802169208401072,0.14529453907385095,0.83864685482036,0.9773239409465783,0.8320294018727273,0.0,0.9994781654827702,0.481149159646841,0.21435471487853627,0.9994781654827702,0.838109364921525,0.16136880056124525,0.9966406824173165,0.83864685482036,0.15799382759695646,0.9953760200335111,0.8380733769759207,0.15730264305759045,0.31926124464266303
9,4,0,2,210,15,0.5978956219474946,0.11554378008168247,0.6849357269443861,0.9532568108285058,0.8377130307468234,0.0,1.0,0.603071039809351,-0.48548493163110273,1.0,0.6829614699466673,0.3170385300533327,0.9964853711190594,0.6849357269443861,0.31154964417467335,0.9922338284469377,0.6762183047741012,0.3160155236728366,0.40210437805250543
9,4,0,3,210,15,0.6491010209702015,0.1329541418534256,0.7665880242312362,0.9522506941511115,0.8192965522976859,0.0007542530177653273,0.9916687435583628,0.39939630305879903,0.12159070662438086,0.9916687435583628,0.7660987500825579,0.22556999347580486,0.9891583658004568,0.7665880242312362,0.22257034156922062,0.9882312424822247,0.7637867905273072,0.22444445195491747,0.34256772258816126
9,4,0,4,210,15,0.7901410376164704,0.49498354619263774,0.8994958160549227,0.9873953088829722,0.4924117626903345,0.01417090923671549,1.0,0.23763102982538808,0.07598163871548756,1.0,0.8987707984184563,0.10122920158154369,1.0,0.8994958160549227,0.10050418394507732,1.0,0.8985456103897702,0.10145438961022979,0.20985896238352963
9,4,0,5,210,15,0.7734168241379589,0.377641367975734,0.879665567435673,0.9863391254786044,0.6086977575028704,0.042016203795527174,1.0,0.3642353779169769,-0.045822224669817585,1.0,0.8790885841254792,0.12091141587452081,1.0,0.879665567435673,0.12033443256432697,1.0,0.8759397051291007,0.12406029487089931,0.22658317586204113
9,4,0,6,210,15,0.6548990516688226,0.12493987276360077,0.7357594659471762,0.9688462697462594,0.8439063969826587,0.0,0.9928698831160302,0.566053027009877,-0.24627898915751248,0.9928698831160302,0.7321711477487682,0.26069873536726196,0.9919718107070561,0.7357594659471762,0.25621234475987986,0.9909998691857691,0.7338452773842398,0.25715459180152933,0.33797083144720763
9,4,0,7,210,15,0.8108909049629517,0.544782424139577,0.8851156655433485,0.9635601544718918,0.4187777303323148,0.0,1.0,0.13640495630669958,0.003266028060241081,1.0,0.8847328652591135,0.11526713474088646,1.0,0.8851156655433485,0.11488433445665147,1.0,0.8845946026840554,0.11540539731594457,0.1891090950370483
9,4,0,8,210,15,0.5958778287075848,0.10762759687384425,0.6624220344506807,0.9568675673424153,0.849239970468571,0.0,0.9916492562488031,0.42956922715433177,0.1616784313217339,0.9916492562488031,0.6590625629732931,0.33258669327550994,0.9891716618089117,0.6624220344506807,0.326749627358231,0.9871550617251206,0.656596630898619,0.3305584308265016,0.3957714275412183
9,4,0,9,210,15,0.7434597869690976,0.16315509335630074,0.912216509038271,0.9930719065560466,0.8299168131997459,0.0,0.9997033137768765,0.5054403624040658,0.4830682911501071,0.9997033137768765,0.9108322947565783,0.08887101902029815,0.9996466932204048,0.912216509038271,0.08743018418213377,0.9995654485464307,0.9114416783003877,0.08812377024604301,0.25624352680777884
9,4,1,0,210,15,0.4962513728157923,0.059230186917553156,0.5153297188931797,0.8869380724169454,0.8277078854993923,0.0,0.9757278252356771,0.7540190292703034,0.25152044264042267,0.9757278252356771,0.5151600876707885,0.46056773756488867,0.9744328163876761,0.5153297188931797,0.4591030974944964,0.9705832518327963,0.5138509149666249,0.4567323368661713,0.47947645241988485
9,4,1,1,210,15,0.5799400938355861,0.04970113260764429,0.6447932911413705,0.9587802393187659,0.9090791067111216,0.0,0.9968607136725158,0.7673285814611218,0.2366279766628981,0.9968607136725158,0.6444976011230688,0.3523631125494471,0.9966898104324736,0.6447932911413705,0.3518965192911031,0.9961815075752103,0.6443044367969767,0.3518770707782336,0.41692061983692974
9,4,1,2,210,15,0.2847453161304219,0.01828834184011647,0.16884781827189277,0.745908773200362,0.7276204313602455,0.0,0.9560090245240385,0.45048638041225825,-0.3283786804365502,0.9560090245240385,0.16882001461760376,0.7871890099064347,0.9543385609495362,0.16884781827189277,0.7854907426776434,0.9420803079007639,0.1681613199456793,0.7739189879550846,0.6712637083936166
9,4,1,3,210,15,0.7677657244198385,0.3631213228044287,0.8828793310669634,0.9882991059275579,0.6251777831231291,0.0,0.9976002464554106,0.36869795602409083,0.43076908125548685,0.9976002464554106,0.8819693272745814,0.11563091918082913,0.997550793816717,0.8828793310669634,0.1146714627497536,0.9970827968723149,0.882360225479867,0.1147225713924479,0.2298345220355721
9,4,1,4,210,15,0.7713636291134064,0.2054812463285549,0.9131766844438398,0.9892858339251224,0.7838045875965675,0.0,0.9981845839196677,0.17853978768333112,-0.2065916622663941,0.9981845839196677,0.912664918095863,0.08551966582380466,0.9978079036287728,0.9131766844438398,0.084631219184933,0.9976240944915302,0.9125509537422576,0.08507314074927264,0.2268209548062613
9,4,1,5,210,15,0.19597849752739963,0.010582436997672874,0.09771775338629762,0.6356419724872016,0.6250595354895286,0.0,0.9093889737354961,0.3557347457352048,-0.15259108564172172,0.9093889737354961,0.09767260751624374,0.8117163662192524,0.9044584425455234,0.09771775338629762,0.8067406891592258,0.8950839704940471,0.09723146100034134,0.7978525094937058,0.7134104762080965
9,4,1,6,210,15,0.7544974468238533,0.27316023218696406,0.8734679865794561,0.9926274555514332,0.7194672233644691,0.0,0.9994849146237423,0.4383963764534343,-0.33245392671683516,0.9994849146237423,0.8683772079979079,0.13110770662583449,0.9986734339091698,0.8734679865794561,0.12520544732971373,0.9983923447324826,0.870943657123754,0.12744868760872863,0.244987467799889
9,4,1,7,210,15,0.5396652689057283,0.07523685361615169,0.5281436860745214,0.9276314016730155,0.8523945480568638,0.00020446815365759985,1.0,0.6257761328337772,-0.24011364041296693,1.0,0.5249610800525797,0.4750389199474203,0.981092998777646,0.5281436860745214,0.45294931270312455,0.9746616712157365,0.5232515584884779,0.4514101127272586,0.4603347310942717
9,4,1,8,210,15,0.343674229667985,0.01687989670877332,0.2157825371822506,0.8613854485746076,0.8445055518658343,0.0,1.0,0.43285760597076717,0.07096694774419893,1.0,0.21490812254241365,0.7850918774575864,1.0,0.2157825371822506,0.7842174628177494,1.0,0.2154137013066075,0.7845862986933925,0.656325770332015
9,4,1,9,210,15,0.7397678082221628,0.13664268093944995,0.9180235462409589,0.9931481891159903,0.8565055081765404,0.0,0.9990264207853774,0.4683059023815179,0.48989060328546485,0.9990264207853774,0.9178823198838706,0.08114410090150681,0.9990027814034792,0.9180235462409589,0.08097923516252026,0.998994065713657,0.91721223592256,0.08178182979109705,0.2592586125632146
9,8,0,0,210,15,0.763977322371642,0.34993070072312116,0.9004881449097627,0.967520846702411,0.6175901459792899,0.028362406575991095,0.9937847843323309,0.4094486948641658,-0.14251375962525875,0.9937847843323309,0.894097473413974,0.09968731091835681,0.9937086944621871,0.9004881449097627,0.09322054955242443,0.9933325003692867,0.8982259220456958,0.09510657832359082,0.2298074619606889
9,8,0,1,210,15,0.8409122449149228,0.44302397829793605,0.9498754191129902,0.9923168233048415,0.5492928450069055,0.056323376317502616,0.9996707338043298,0.3856510538281972,-0.013285043716572777,0.9996707338043298,0.9497741715504086,0.04989656225392125,0.9994310672634201,0.9498754191129902,0.0495556481504299,0.999307108463476,0.9496674871064016,0.04963962135707445,0.15875848888940702
9,8,0,2,210,15,0.7556262130663823,0.3392341533752923,0.8636847020734701,0.9809870599820053,0.641752906606713,0.0054241956709635275,0.9948752617385097,0.32420098011861276,-0.3928414314545519,0.9948752617385097,0.8630527542791961,0.13182250745931356,0.9946903835090755,0.8636847020734701,0.13100568143560531,0.9944837724110179,0.8567844115270016,0.13769936088401635,0.23924904867212737
9,8,0,3,210,15,0.7479233585110627,0.2903931300428128,0.8864826182298545,0.9889255004701077,0.698532370427295,0.009717774147056435,0.999186962330545,0.38612706126586394,0.17882167720032524,0.999186962330545,0.8864470625393576,0.11273989979118748,0.9990865759385736,0.8864826182298545,0.11260395770871912,0.9989787141638157,0.8854152418435497,0.11356347232026598,0.2512636038194823
9,8,0,4,210,15,0.9308156083377336,0.8835598499924688,0.984256333033422,0.9983704585223682,0.11481060852989933,0.025403455845011358,0.9999139972617139,0.037858651155398215,-0.315411752129138,0.9999139972617139,0.9840135608123297,0.015900436449384214,0.9998690233072488,0.984256333033422,0.015612690273826835,0.9998118642838355,0.9841644892452384,0.015647375038597144,0.06909838892398035
9,8,0,5,210,15,0.9252649860279083,0.7635598458442944,0.9715734905385893,0.9942599642600116,0.23070011841571725,0.3585411467834263,0.9980335818598901,0.13449864224818475,-0.09332832296164797,0.9980335818598901,0.9714332669468957,0.026600314912994416,0.9980177729018698,0.9715734905385893,0.026444282363280447,0.9979226024996701,0.9713982706737281,0.02652433182594205,0.07276859583198181
9,8,0,6,210,15,0.7737219635099257,0.21125817159597812,0.9292076206848703,0.9840011626875553,0.7727429910915772,0.00615472362624514,0.9988839533665768,0.5331905405763485,-0.4285208929259815,0.9988839533665768,0.9281330230999095,0.07075093026666723,0.9988351191046598,0.9292076206848703,0.06962749841978955,0.9986509577022685,0.9263757178409392,0.07227523986132933,0.22516198985665103
9,8,0,7,210,15,0.9189462783452186,0.8200629805668268,0.9715821515289478,0.9913527977413465,0.17128981717451974,0.09970305505582533,0.9988877901779047,0.08311581547667579,-0.39032760704000413,0.9988877901779047,0.9715023651346869,0.027385425043217837,0.9988030746126253,0.9715821515289478,0.027220923083677517,0.9987143442696854,0.971531819437888,0.027182524831797394,0.07994151183268616
9,8,0,8,210,15,0.7694552166653774,0.2633741356377631,0.8913401464953361,0.9791200705612199,0.7157459349234567,0.005793679991577538,0.9954110840358348,0.2595231218566001,0.28074689092399246,0.9954110840358348,0.890953862871368,0.10445722116446676,0.9949771116502782,0.8913401464953361,0.10363696515494214,0.9944237966416956,0.8904697005262202,0.10395409611547535,0.22595586737045736
9,8,0,9,210,15,0.8349850054467703,0.3722813610331964,0.9618961411143658,0.9982076283042964,0.6259262672711,0.011225130850968879,0.9998208665072097,0.30909836112033473,0.39619103769764785,0.9998208665072097,0.9616785217626131,0.038142344744596546,0.999807074976599,0.9618961411143658,0.03791093386223321,0.9997977838413673,0.961768831484008,0.03802895235735926,0.16483586106043935
9,8,1,0,210,15,0.7906697587270127,0.28205312232916924,0.9254821966785691,0.9818860042270836,0.6998328818979144,0.0,0.9928134290510482,0.5871469707184436,0.1717868561969335,0.9928134290510482,0.9253228737006651,0.06749055535038306,0.9926045667729457,0.9254821966785691,0.0671223700943766,0.9917053762891247,0.9253089863359918,0.0663963899531329,0.20214367032403546
9,8,1,1,210,15,0.7136702836524729,0.16837524587575586,0.872308828171074,0.9838909772310614,0.8155157313553056,0.0,0.9990049681702935,0.6180319570482722,0.173100782978558,0.9990049681702935,0.8720411690734579,0.12696379909683564,0.9989759687014168,0.872308828171074,0.12666714053034278,0.9989463914483898,0.8719669145483974,0.12697947689999245,0.2853346845178206
9,8,1,2,210,15,0.4464674953436882,0.07541298567961947,0.3835923344418625,0.8701918151202493,0.7947788294406298,0.0,0.9713212458745174,0.47455176448266895,-0.28209191656435356,0.9713212458745174,0.3812730466888432,0.5900481991856742,0.9691539239049372,0.3835923344418625,0.5855615894630746,0.9612462583233885,0.3813626577150349,0.5798836006083536,0.5248537505308293
9,8,1,3,210,15,0.8474672593315761,0.4713532840343152,0.9581630025363345,0.9953132158352144,0.5239599318008992,0.09498972504109182,0.9997058975628508,0.25090925873888825,0.402892841755401,0.9997058975628508,0.9576263413627357,0.042079556200115054,0.9993161973163747,0.9581630025363345,0.0411531947800402,0.9991844625717142,0.9577479644901049,0.04143649808160932,0.1522386382312747
9,8,1,4,210,15,0.8642449266400479,0.38802227158425995,0.972592521999672,0.9957094977321388,0.6076872261478788,0.0,0.9993638320231605,0.05693923973090642,-0.1331270874299061,0.9993638320231605,0.972546823060594,0.026817008962566447,0.9992921599593865,0.972592521999672,0.026699637959714417,0.9992597057698586,0.9725517174579293,0.02670798831192922,0.13511890538311255
9,8,1,5,210,15,0.3888327191617412,0.06533334804169015,0.3577987151151439,0.7908266955422442,0.725493347500554,0.0,0.9411036498525349,0.43431911246734883,-0.06906862157548115,0.9411036498525349,0.3576752878608499,0.583428361991685,0.9338442751562346,0.3577987151151439,0.5760455600410908,0.9303553148016332,0.35732092461056714,0.5730343901910662,0.5522709306907937
9,8,1,6,210,15,0.9194260595712105,0.7224226620385595,0.9835020916328538,0.9984911036485992,0.2760684416100396,0.025269168181961232,1.0,0.2091364840115454,-0.44977566708671723,1.0,0.9833533289288411,0.016646671071158914,1.0,0.9835020916328538,0.016497908367146152,1.0,0.9834106926093104,0.016589307390689645,0.08057394042878951
9,8,1,7,210,15,0.6457271708827557,0.14945222021885848,0.7656920104230398,0.9570401509975097,0.8075879307786512,0.0,0.9789313453908608,0.5372826651955849,-0.20131003942428238,0.9789313453908608,0.7632588964190168,0.215672448971844,0.9756761014158561,0.7656920104230398,0.20998409099281634,0.9744213967916283,0.763808783884104,0.2106126129075243,0.33320417450810513
9,8,1,8,210,15,0.4789281055134069,0.058289282633589595,0.4389028459567351,0.9230755978674516,0.8647863152338621,0.0,0.9788148741139,0.4787478678024368,0.10045514475546903,0.9788148741139,0.42993529783092344,0.5488795762829766,0.9769945307962213,0.4389028459567351,0.5380916848394862,0.9740101587913234,0.43568210421984643,0.5383280545714769,0.4998867686004931
9,8,1,9,210,15,0.8273917534114492,0.32026948723778115,0.9535831763563714,0.997979920055837,0.6777104328180559,0.0012047059775139868,0.9997221015118063,0.311626737475325,0.46638375343788163,0.9997221015118063,0.9530274380634598,0.046694663448346496,0.9997043369972394,0.9535831763563714,0.04612116064086802,0.9996718030729693,0.9531572625849697,0.046514540487999634,0.17233034810035708
9,16,0,0,210,15,0.8536049775766454,0.4884529986759,0.953711380735425,0.9915174479720351,0.5030644492961351,0.05348112360774382,0.9969990761958852,0.28769631923191474,-0.15361605219425126,0.9969990761958852,0.9536487131124581,0.0433503630834271,0.9965352196456424,0.953711380735425,0.04282383891021735,0.9963308509856595,0.9535617511618494,0.042769099823810164,0.1433940986192398
9,16,0,1,210,15,0.9375502422283274,0.8076959797892831,0.9862083975268181,0.9985531774524166,0.19085719766313347,0.22202544682831482,0.9997671727890187,0.06352464553350401,0.0550002753544784,0.9997671727890187,0.9859946760066831,0.013772496782335608,0.999764338917341,0.9862083975268181,0.013555941390522852,0.9997303942858254,0.986114136777565,0.013616257508260454,0.06221693056069133
9,16,0,2,210,15,0.8885129649919409,0.6412154999777471,0.9693979791037831,0.9942262782258716,0.35301077824812455,0.0069534365421918265,0.9983995077343849,0.07835206948338547,-0.08906000460003952,0.9983995077343849,0.9693290984491724,0.02907040928521254,0.9982203687845412,0.9693979791037831,0.02882238968075812,0.9981233125186888,0.9693443275324256,0.02877898498626319,0.10988654274244403
9,16,0,3,210,15,0.8185227513554564,0.417797722644823,0.9292225387289635,0.9974883194691797,0.5796905968243566,0.026104281847686428,0.9995270891934069,0.35056105720892783,0.25356907995970107,0.9995270891934069,0.9291622895317402,0.07036479966166675,0.9995085632582115,0.9292225387289635,0.07028602452924793,0.9994808955647706,0.928664343309792,0.07081655225497863,0.18100433783795056
9,16,0,4,210,15,0.965056027670342,0.9545818483383703,0.9946215118893744,0.9994494201592725,0.044867571820902175,0.0606021432669831,0.9999798039515607,0.0190625275792774,-0.06165543112412656,0.9999798039515607,0.9946179693447234,0.005361834606837368,0.9999694047818941,0.9946215118893744,0.00534789289251969,0.999965122591347,0.9946192897058527,0.005345832885494284,0.03492377628121868
9,16,0,5,210,15,0.9850035808442948,0.9759257903303796,0.9931040690888179,0.9981274447838195,0.022201654453439912,0.6585447426866489,0.9996694892776481,0.012297429041564056,-0.040811421055871044,0.9996694892776481,0.9930503128851735,0.006619176392474557,0.9996613818272304,0.9931040690888179,0.006557312738412535,0.9996083545927137,0.9930116487859855,0.00659670580672822,0.014665908433353247
9,16,0,6,210,15,0.8345500608979529,0.4064314755411911,0.9543253735946315,0.9931539523296307,0.5867224767884396,0.04024141754176214,0.9992331569838893,0.3865217798012992,-0.4133498330056075,0.9992331569838893,0.954315767908587,0.044917389075302294,0.9992022697447065,0.9543253735946315,0.04487689615007495,0.9991257151906484,0.9542867943239243,0.04483892086672414,0.16468309608593634
9,16,0,7,210,15,0.9812504504217762,0.9559556922119795,0.993410239661338,0.9985417928203603,0.04258610060838075,0.5688884885603496,0.999457160740669,0.018900877349397383,-0.20900571117582842,0.999457160740669,0.9933832708101188,0.006073889930550247,0.9994216429921756,0.993410239661338,0.006011403330837606,0.9993975468860722,0.9933679742517146,0.0060295726343575495,0.01820671031889287
9,16,0,8,210,15,0.8721144700158812,0.5523873111999067,0.9700903864757267,0.9953074555652737,0.442920144365367,0.0069602186900420415,0.9989067647249779,0.10490286463102394,0.3443894095428144,0.9989067647249779,0.9700478739364818,0.028858890788496017,0.998665822814971,0.9700903864757267,0.02857543633924431,0.9985275300811572,0.9698039413791149,0.02872358870204239,0.1267922947090967
9,16,0,9,210,15,0.896530539343113,0.5506094318968231,0.9889590159283395,0.9995568308084664,0.44894739891164326,0.02164869511709977,0.9999750390675335,0.1774447929539411,0.36944861075566987,0.9999750390675335,0.98881662848244,0.011158410585093481,0.9999714403594225,0.9889590159283395,0.011012424431083079,0.9999682312618065,0.9887240231077771,0.011244208154029378,0.10344449972442049
9,16,1,0,210,15,0.9241060827433624,0.8165164930756135,0.977608369605658,0.9945101655673491,0.1779936724917356,0.05246044415404061,0.9992618761999565,0.07177621937711742,0.16916807313414947,0.9992618761999565,0.9775073620269881,0.021754514172968475,0.99853249523427,0.977608369605658,0.02092412562861201,0.9982296378983362,0.9772988262467152,0.02093081165162103,0.07515579345659418
9,16,1,1,210,15,0.8441686723541488,0.44911479324762604,0.9593103357333974,0.9958475867958336,0.5467327935482076,0.002304224385907938,0.9994986129662037,0.29254411145140935,0.20738986630730208,0.9994986129662037,0.9586164793873108,0.04088213357889292,0.9994768257887122,0.9593103357333974,0.04016649005531481,0.9994691208511309,0.9587276635746953,0.04074145727643563,0.15532994061205485
9,16,1,2,210,15,0.7114899683334824,0.3131558660586954,0.8104113495147123,0.9541645343971932,0.6410086683384978,0.028815791633999832,0.9857500193692175,0.3833688658335347,-0.22547774002001988,0.9857500193692175,0.8095473409709052,0.17620267839831227,0.9855525354552072,0.8104113495147123,0.17514118594049488,0.9843009689503063,0.8100820434079657,0.17421892554234053,0.27426005103573503
9,16,1,3,210,15,0.9070010910131276,0.7193921365412409,0.9832647265013665,0.9990647995157002,0.27967266297445925,0.11721477167753835,0.9999375443979235,0.15849412501798887,0.33746732190234313,0.9999375443979235,0.9832116500891137,0.016725894308809774,0.9999279206859705,0.9832647265013665,0.016663194184603936,0.9999219477317408,0.9829184612423045,0.01700348648943628,0.09293645338479584
9,16,1,4,210,15,0.9296760789470097,0.7847495074873209,0.99211567395286,0.9995130646591589,0.21476355717183804,0.015457093566299873,1.0,0.018153998978810204,0.11685590538172229,1.0,0.9919009525079994,0.008099047492000633,1.0,0.99211567395286,0.007884326047139956,1.0,0.9920260120381208,0.007973987961879203,0.07032392105299035
9,16,1,5,210,15,0.7195818059392478,0.29415963144483365,0.8256739889705638,0.9652277810715376,0.6710681496267039,0.02008631357033397,1.0,0.526813899762445,-0.03033369723317341,1.0,0.8245261277517297,0.17547387224827027,1.0,0.8256739889705638,0.17432601102943623,1.0,0.8225055623085268,0.17749443769147322,0.2804181940607522
9,16,1,6,210,15,0.9610770444270553,0.9135073070803128,0.9945858589266022,0.9994790795433164,0.08597177246300358,0.07503353757470599,0.9999513620579559,0.07106291168228451,-0.43563994000511835,0.9999513620579559,0.9945771877829266,0.0053741742750292865,0.9999473639836298,0.9945858589266022,0.0053615050570275935,0.9999380073640936,0.9945590406518665,0.00537896671222704,0.038874317630900546
9,16,1,7,210,15,0.7885389081951008,0.47259677172833114,0.8990507216098409,0.9766274941032668,0.5040307223749356,0.054955133248064225,0.9902019555474372,0.37240468635175805,-0.058945943056693866,0.9902019555474372,0.8959480638480047,0.09425389169943243,0.9898096786639758,0.8990507216098409,0.09075895705413495,0.9891214281743025,0.8977832987373375,0.09133812943696495,0.20166304735233642
9,16,1,8,210,15,0.6762778589459493,0.16856535371468914,0.7851423222783156,0.9704781969146332,0.801912843199944,0.0050881756102587605,0.9964723831082148,0.45466471919898926,0.08248518754879443,0.9964723831082148,0.7830862012409601,0.21338618186725478,0.9921521507007989,0.7851423222783156,0.20700982842248328,0.9902226634117088,0.7820145371401499,0.20820812627155894,0.32019452416226557
9,16,1,9,210,15,0.9065379904091757,0.6297770382865822,0.98779122019017,0.9996634444598125,0.3698864061732303,0.09201118168080746,0.9999759452311807,0.15621892118475922,0.4055945551081495,0.9999759452311807,0.9876427805175102,0.01233316471367052,0.9999630641531186,0.98779122019017,0.01217184396294868,0.9999545857607592,0.9877389075051687,0.012215678255590556,0.09343795482200501
