trial,method,detected,total_targets,detected_fraction,false_alarm,total_false,false_alarm_fraction,selected_observations,remote_reports,local_observations,overhead_bits,overhead_delay_ms,D_mean,D_median,belief_capture_rate,selector_score_evaluations,coordination_messages,bid_rounds,detection_runtime_ms,fusion_nodes,selected_links
0,proposed_c2f_adaptive_pd,10,10,1.0,9,300,0.03,11,0,11,0.0,0.0,892.3374465656628,115.61841226315775,1.0,11973.0,11973.0,0.0,3.7562999641522765,"6,0,6,1,10,6,11,6,8,0","0:1-6;1:1-0;2:0-6;3:8-1;4:0-10;5:1-6;6:9-11,4-11;7:4-6;8:1-8;9:13-0"
0,proposed_c2f_adaptive_pd_calibrated,10,10,1.0,10,300,0.03333333333333333,11,0,11,0.0,0.0,892.3374465656628,115.61841226315775,1.0,11973.0,11973.0,0.0,15.28859999962151,"6,0,6,1,10,6,11,6,8,0","0:1-6;1:1-0;2:0-6;3:8-1;4:0-10;5:1-6;6:9-11,4-11;7:4-6;8:1-8;9:13-0"
1,proposed_c2f_adaptive_pd,10,10,1.0,20,300,0.06666666666666667,12,0,12,0.0,0.0,13892.652063058651,180.96644461824366,1.0,14807.0,14807.0,0.0,6.331800017505884,"5,4,8,9,13,2,11,11,7,2","0:1-5;1:0-4;2:0-8;3:0-9;4:2-13;5:1-2;6:14-11,0-11;7:0-11,4-11;8:2-7;9:3-2"
1,proposed_c2f_adaptive_pd_calibrated,10,10,1.0,21,300,0.07,12,0,12,0.0,0.0,13892.652063058651,180.96644461824366,1.0,14807.0,14807.0,0.0,16.38819999061525,"5,4,8,9,13,2,11,11,7,2","0:1-5;1:0-4;2:0-8;3:0-9;4:2-13;5:1-2;6:14-11,0-11;7:0-11,4-11;8:2-7;9:3-2"
2,proposed_c2f_adaptive_pd,10,10,1.0,15,300,0.05,13,0,13,0.0,0.0,1266.766860282965,61.14753563461546,1.0,13762.0,13762.0,0.0,5.5050000082701445,"8,10,10,12,6,11,0,10,8,14","0:2-8;1:8-10;2:4-10;3:4-12;4:0-6;5:4-11;6:1-0;7:14-10,8-10;8:10-8,4-8;9:8-14,12-14"
2,proposed_c2f_adaptive_pd_calibrated,10,10,1.0,16,300,0.05333333333333334,13,0,13,0.0,0.0,1266.766860282965,61.14753563461546,1.0,13762.0,13762.0,0.0,17.363600025419146,"8,10,10,12,6,11,0,10,8,14","0:2-8;1:8-10;2:4-10;3:4-12;4:0-6;5:4-11;6:1-0;7:14-10,8-10;8:10-8,4-8;9:8-14,12-14"
3,proposed_c2f_adaptive_pd,9,10,0.9,12,300,0.04,15,3,12,1920.0,3.2,685.9429512999602,365.02638973738067,1.0,12505.0,12505.0,0.0,7.087000005412847,"12,11,6,6,12,3,9,4,13,5","0:2-12;1:1-11;2:0-6,0-12,2-6,0-5,4-6,6-5;3:2-6;4:1-12;5:1-3;6:0-9;7:2-4;8:3-13;9:2-5"
3,proposed_c2f_adaptive_pd_calibrated,9,10,0.9,13,300,0.043333333333333335,15,3,12,1920.0,3.2,685.9429512999602,365.02638973738067,1.0,12505.0,12505.0,0.0,19.83399997698143,"12,11,6,6,12,3,9,4,13,5","0:2-12;1:1-11;2:0-6,0-12,2-6,0-5,4-6,6-5;3:2-6;4:1-12;5:1-3;6:0-9;7:2-4;8:3-13;9:2-5"
4,proposed_c2f_adaptive_pd,10,10,1.0,12,300,0.04,10,0,10,0.0,0.0,483.42043246565237,114.39119215673983,1.0,12528.0,12528.0,0.0,3.52759996894747,"8,7,7,9,4,1,13,1,1,10",0:0-8;1:2-7;2:1-7;3:3-9;4:0-4;5:2-1;6:0-13;7:2-1;8:6-1;9:0-10
4,proposed_c2f_adaptive_pd_calibrated,10,10,1.0,12,300,0.04,10,0,10,0.0,0.0,483.42043246565237,114.39119215673983,1.0,12528.0,12528.0,0.0,12.105399975553155,"8,7,7,9,4,1,13,1,1,10",0:0-8;1:2-7;2:1-7;3:3-9;4:0-4;5:2-1;6:0-13;7:2-1;8:6-1;9:0-10
5,proposed_c2f_adaptive_pd,9,10,0.9,10,300,0.03333333333333333,12,0,12,0.0,0.0,236.85807334900375,104.11018833392681,1.0,11247.0,11247.0,0.0,4.694500006735325,"7,4,13,11,6,9,6,4,4,10","0:6-7;1:1-4;2:4-13;3:7-11;4:7-6,14-6;5:13-9;6:14-6,11-6;7:10-4;8:3-4;9:4-10"
5,proposed_c2f_adaptive_pd_calibrated,9,10,0.9,11,300,0.03666666666666667,12,0,12,0.0,0.0,236.85807334900375,104.11018833392681,1.0,11247.0,11247.0,0.0,17.041899962350726,"7,4,13,11,6,9,6,4,4,10","0:6-7;1:1-4;2:4-13;3:7-11;4:7-6,14-6;5:13-9;6:14-6,11-6;7:10-4;8:3-4;9:4-10"
6,proposed_c2f_adaptive_pd,10,10,1.0,14,300,0.04666666666666667,13,1,12,640.0,1.0666666666666667,1002.7631892034527,822.121392717248,1.0,13095.0,13095.0,0.0,7.529700000304729,"2,1,4,6,9,3,3,4,4,4","0:0-2;1:0-1;2:0-4;3:0-6;4:1-9;5:4-3;6:4-3;7:0-4;8:3-4;9:8-4,4-8,5-4,3-4"
6,proposed_c2f_adaptive_pd_calibrated,10,10,1.0,14,300,0.04666666666666667,13,1,12,640.0,1.0666666666666667,1002.7631892034527,822.121392717248,1.0,13095.0,13095.0,0.0,16.674500016961247,"2,1,4,6,9,3,3,4,4,4","0:0-2;1:0-1;2:0-4;3:0-6;4:1-9;5:4-3;6:4-3;7:0-4;8:3-4;9:8-4,4-8,5-4,3-4"
7,proposed_c2f_adaptive_pd,10,10,1.0,19,300,0.06333333333333334,13,0,13,0.0,0.0,255.64865455603868,112.79249987049205,1.0,14966.0,14966.0,0.0,5.860700039193034,"4,3,6,14,4,2,4,6,8,4","0:1-4;1:4-3,12-3;2:0-6;3:2-14;4:2-4;5:0-2;6:3-4,12-4,2-4;7:0-6;8:1-8;9:2-4"
7,proposed_c2f_adaptive_pd_calibrated,10,10,1.0,20,300,0.06666666666666667,13,0,13,0.0,0.0,255.64865455603868,112.79249987049205,1.0,14966.0,14966.0,0.0,13.405699981376529,"4,3,6,14,4,2,4,6,8,4","0:1-4;1:4-3,12-3;2:0-6;3:2-14;4:2-4;5:0-2;6:3-4,12-4,2-4;7:0-6;8:1-8;9:2-4"
8,proposed_c2f_adaptive_pd,10,10,1.0,16,300,0.05333333333333334,14,1,13,640.0,1.0666666666666667,1039.5878884115025,134.23804141066276,1.0,16529.0,16529.0,0.0,8.537899993825704,"3,1,2,14,2,4,14,3,9,5","0:2-3,3-11,11-3,1-3,8-3;1:0-1;2:3-2;3:0-14;4:3-2;5:0-4;6:0-14;7:0-3;8:2-9;9:0-5"
8,proposed_c2f_adaptive_pd_calibrated,10,10,1.0,16,300,0.05333333333333334,14,1,13,640.0,1.0666666666666667,1039.5878884115025,134.23804141066276,1.0,16529.0,16529.0,0.0,19.796599983237684,"3,1,2,14,2,4,14,3,9,5","0:2-3,3-11,11-3,1-3,8-3;1:0-1;2:3-2;3:0-14;4:3-2;5:0-4;6:0-14;7:0-3;8:2-9;9:0-5"
9,proposed_c2f_adaptive_pd,9,10,0.9,9,270,0.03333333333333333,10,0,10,0.0,0.0,698.224709392198,220.34800492774437,0.9,9581.0,9581.0,0.0,3.3625999931246042,"14,6,6,1,14,11,10,13,0,8",0:7-14;1:1-6;2:0-6;3:3-1;4:0-14;5:3-11;6:0-10;7:1-13;8:1-0;9:2-8
9,proposed_c2f_adaptive_pd_calibrated,9,10,0.9,9,270,0.03333333333333333,10,0,10,0.0,0.0,698.224709392198,220.34800492774437,0.9,9581.0,9581.0,0.0,10.590300022158772,"14,6,6,1,14,11,10,13,0,8",0:7-14;1:1-6;2:0-6;3:3-1;4:0-14;5:3-11;6:0-10;7:1-13;8:1-0;9:2-8
10,proposed_c2f_adaptive_pd,10,10,1.0,20,300,0.06666666666666667,15,1,14,640.0,1.0666666666666667,2495.1242414412095,97.01843659523517,1.0,12761.0,12761.0,0.0,8.246100042015314,"13,7,14,4,1,5,7,12,0,3","0:0-13;1:0-7;2:7-14,14-7,3-14,4-14,5-14,12-14;3:1-4;4:0-1;5:3-5;6:11-7;7:2-12;8:1-0;9:4-3"
10,proposed_c2f_adaptive_pd_calibrated,10,10,1.0,20,300,0.06666666666666667,15,1,14,640.0,1.0666666666666667,2495.1242414412095,97.01843659523517,1.0,12761.0,12761.0,0.0,18.180000013671815,"13,7,14,4,1,5,7,12,0,3","0:0-13;1:0-7;2:7-14,14-7,3-14,4-14,5-14,12-14;3:1-4;4:0-1;5:3-5;6:11-7;7:2-12;8:1-0;9:4-3"
11,proposed_c2f_adaptive_pd,10,10,1.0,14,300,0.04666666666666667,10,0,10,0.0,0.0,325.75423483469046,113.00925051137446,1.0,12423.0,12423.0,0.0,4.787900019437075,"6,7,4,3,7,2,4,8,14,4",0:0-6;1:0-7;2:1-4;3:0-3;4:1-7;5:0-2;6:7-4;7:2-8;8:1-14;9:1-4
11,proposed_c2f_adaptive_pd_calibrated,10,10,1.0,14,300,0.04666666666666667,10,0,10,0.0,0.0,325.75423483469046,113.00925051137446,1.0,12423.0,12423.0,0.0,10.092900018207729,"6,7,4,3,7,2,4,8,14,4",0:0-6;1:0-7;2:1-4;3:0-3;4:1-7;5:0-2;6:7-4;7:2-8;8:1-14;9:1-4
12,proposed_c2f_adaptive_pd,10,10,1.0,16,300,0.05333333333333334,13,1,12,640.0,1.0666666666666667,14502.529658625936,156.21682762425553,1.0,15761.0,15761.0,0.0,6.847199983894825,"11,7,7,1,8,2,0,5,10,5","0:3-11;1:0-7;2:13-7,4-7,7-13,8-7;3:5-1;4:3-8;5:14-2;6:1-0;7:3-5;8:0-10;9:10-5"
12,proposed_c2f_adaptive_pd_calibrated,10,10,1.0,16,300,0.05333333333333334,13,1,12,640.0,1.0666666666666667,14502.529658625936,156.21682762425553,1.0,15761.0,15761.0,0.0,14.073400001507252,"11,7,7,1,8,2,0,5,10,5","0:3-11;1:0-7;2:13-7,4-7,7-13,8-7;3:5-1;4:3-8;5:14-2;6:1-0;7:3-5;8:0-10;9:10-5"
13,proposed_c2f_adaptive_pd,10,10,1.0,22,300,0.07333333333333333,16,3,13,1920.0,3.2,1777.0981566676978,174.6689964426441,1.0,16416.0,16416.0,0.0,7.615600014105439,"1,3,11,10,6,0,7,3,5,10","0:1-2,2-1,1-12,12-1,5-1,13-12;1:4-3;2:0-11;3:0-10;4:0-6;5:1-0;6:14-7;7:4-3;8:14-5;9:8-10,11-10"
13,proposed_c2f_adaptive_pd_calibrated,10,10,1.0,23,300,0.07666666666666666,16,3,13,1920.0,3.2,1777.0981566676978,174.6689964426441,1.0,16416.0,16416.0,0.0,18.90209998236969,"1,3,11,10,6,0,7,3,5,10","0:1-2,2-1,1-12,12-1,5-1,13-12;1:4-3;2:0-11;3:0-10;4:0-6;5:1-0;6:14-7;7:4-3;8:14-5;9:8-10,11-10"
14,proposed_c2f_adaptive_pd,10,10,1.0,8,300,0.02666666666666667,10,0,10,0.0,0.0,9454.186517753344,617.9942159171671,1.0,10659.0,10659.0,0.0,3.7823999882675707,"12,4,12,5,8,4,9,12,0,10",0:4-12;1:0-4;2:0-12;3:9-5;4:0-8;5:2-4;6:0-9;7:2-12;8:2-0;9:2-10
14,proposed_c2f_adaptive_pd_calibrated,10,10,1.0,9,300,0.03,10,0,10,0.0,0.0,9454.186517753344,617.9942159171671,1.0,10659.0,10659.0,0.0,13.344499981030822,"12,4,12,5,8,4,9,12,0,10",0:4-12;1:0-4;2:0-12;3:9-5;4:0-8;5:2-4;6:0-9;7:2-12;8:2-0;9:2-10
15,proposed_c2f_adaptive_pd,10,10,1.0,15,300,0.05,10,0,10,0.0,0.0,1627.6043241274315,153.787894299556,1.0,10197.0,10197.0,0.0,6.206899997778237,"1,8,9,8,10,10,11,7,6,10",0:0-1;1:4-8;2:0-9;3:1-8;4:0-10;5:0-10;6:0-11;7:2-7;8:0-6;9:9-10
15,proposed_c2f_adaptive_pd_calibrated,10,10,1.0,15,300,0.05,10,0,10,0.0,0.0,1627.6043241274315,153.787894299556,1.0,10197.0,10197.0,0.0,9.231100033503026,"1,8,9,8,10,10,11,7,6,10",0:0-1;1:4-8;2:0-9;3:1-8;4:0-10;5:0-10;6:0-11;7:2-7;8:0-6;9:9-10
16,proposed_c2f_adaptive_pd,10,10,1.0,14,300,0.04666666666666667,11,0,11,0.0,0.0,734.3395997997579,205.22727931772863,1.0,8268.0,8268.0,0.0,5.739199987147003,"14,2,14,14,2,7,5,14,4,0","0:2-14;1:6-2,9-2;2:12-14;3:2-14;4:0-2;5:1-7;6:2-5;7:2-14;8:2-4;9:9-0"
16,proposed_c2f_adaptive_pd_calibrated,10,10,1.0,14,300,0.04666666666666667,11,0,11,0.0,0.0,734.3395997997579,205.22727931772863,1.0,8268.0,8268.0,0.0,15.220599947497249,"14,2,14,14,2,7,5,14,4,0","0:2-14;1:6-2,9-2;2:12-14;3:2-14;4:0-2;5:1-7;6:2-5;7:2-14;8:2-4;9:9-0"
17,proposed_c2f_adaptive_pd,10,10,1.0,11,300,0.03666666666666667,11,0,11,0.0,0.0,387.7452543410786,105.23683043051963,1.0,11124.0,11124.0,0.0,5.2557000308297575,"1,3,4,5,7,6,6,1,6,5","0:0-1;1:1-3;2:3-4;3:3-5;4:0-7;5:9-6;6:0-6;7:0-1;8:0-6;9:11-5,6-5"
17,proposed_c2f_adaptive_pd_calibrated,10,10,1.0,11,300,0.03666666666666667,11,0,11,0.0,0.0,387.7452543410786,105.23683043051963,1.0,11124.0,11124.0,0.0,11.303399980533868,"1,3,4,5,7,6,6,1,6,5","0:0-1;1:1-3;2:3-4;3:3-5;4:0-7;5:9-6;6:0-6;7:0-1;8:0-6;9:11-5,6-5"
18,proposed_c2f_adaptive_pd,10,10,1.0,10,300,0.03333333333333333,13,2,11,1280.0,2.1333333333333333,1437.8237247712545,139.82845118489038,1.0,16296.0,16296.0,0.0,5.896200018469244,"8,8,5,14,1,13,2,2,8,10","0:9-8;1:0-8;2:0-5;3:2-14;4:1-6,6-1,0-1;5:0-13;6:1-2;7:3-2;8:9-8,8-9;9:14-10"
18,proposed_c2f_adaptive_pd_calibrated,10,10,1.0,10,300,0.03333333333333333,13,2,11,1280.0,2.1333333333333333,1437.8237247712545,139.82845118489038,1.0,16296.0,16296.0,0.0,16.138700011651963,"8,8,5,14,1,13,2,2,8,10","0:9-8;1:0-8;2:0-5;3:2-14;4:1-6,6-1,0-1;5:0-13;6:1-2;7:3-2;8:9-8,8-9;9:14-10"
19,proposed_c2f_adaptive_pd,9,10,0.9,14,300,0.04666666666666667,16,3,13,1920.0,3.2,5724.025812411234,212.86590398246742,1.0,18193.0,18193.0,0.0,7.453700003679842,"6,2,9,8,7,3,2,3,6,7","0:5-6,10-6;1:12-2;2:1-9;3:11-8;4:3-7;5:7-3;6:0-2;7:1-3;8:10-6,6-10,0-6,5-6,6-0,5-10;9:1-7"
19,proposed_c2f_adaptive_pd_calibrated,9,10,0.9,14,300,0.04666666666666667,16,3,13,1920.0,3.2,5724.025812411234,212.86590398246742,1.0,18193.0,18193.0,0.0,16.637999971862882,"6,2,9,8,7,3,2,3,6,7","0:5-6,10-6;1:12-2;2:1-9;3:11-8;4:3-7;5:7-3;6:0-2;7:1-3;8:10-6,6-10,0-6,5-6,6-0,5-10;9:1-7"
20,proposed_c2f_adaptive_pd,10,10,1.0,13,300,0.043333333333333335,16,1,15,640.0,1.0666666666666667,1535.8257433553993,172.8946267832191,1.0,17381.0,17381.0,0.0,9.010499983560294,"14,1,8,6,6,12,10,3,5,12","0:6-14,14-6,10-14,12-14,2-14,13-14;1:0-1;2:0-8;3:0-6;4:13-6,14-6;5:1-12;6:2-10;7:1-3;8:1-5;9:5-12"
20,proposed_c2f_adaptive_pd_calibrated,10,10,1.0,13,300,0.043333333333333335,16,1,15,640.0,1.0666666666666667,1535.8257433553993,172.8946267832191,1.0,17381.0,17381.0,0.0,22.670699981972575,"14,1,8,6,6,12,10,3,5,12","0:6-14,14-6,10-14,12-14,2-14,13-14;1:0-1;2:0-8;3:0-6;4:13-6,14-6;5:1-12;6:2-10;7:1-3;8:1-5;9:5-12"
21,proposed_c2f_adaptive_pd,10,10,1.0,12,300,0.04,19,2,17,1280.0,2.1333333333333333,976.5961737485546,162.45201512168262,1.0,15681.0,15681.0,0.0,8.503499964717776,"3,1,10,2,9,13,3,6,12,2","0:1-3;1:0-1;2:13-10;3:9-2,2-9,1-2,10-2;4:2-9;5:0-13;6:0-3;7:0-6;8:1-12,6-12;9:13-2,10-2,9-2,2-9,3-2,1-2"
21,proposed_c2f_adaptive_pd_calibrated,10,10,1.0,12,300,0.04,19,2,17,1280.0,2.1333333333333333,976.5961737485546,162.45201512168262,1.0,15681.0,15681.0,0.0,22.128900047391653,"3,1,10,2,9,13,3,6,12,2","0:1-3;1:0-1;2:13-10;3:9-2,2-9,1-2,10-2;4:2-9;5:0-13;6:0-3;7:0-6;8:1-12,6-12;9:13-2,10-2,9-2,2-9,3-2,1-2"
22,proposed_c2f_adaptive_pd,10,10,1.0,14,300,0.04666666666666667,10,0,10,0.0,0.0,866.9571833116612,272.9086380097017,1.0,14047.0,14047.0,0.0,6.4218000043183565,"3,3,9,3,3,5,4,10,5,3",0:1-3;1:1-3;2:2-9;3:1-3;4:1-3;5:1-5;6:0-4;7:4-10;8:1-5;9:2-3
22,proposed_c2f_adaptive_pd_calibrated,10,10,1.0,14,300,0.04666666666666667,10,0,10,0.0,0.0,866.9571833116612,272.9086380097017,1.0,14047.0,14047.0,0.0,11.761699977796525,"3,3,9,3,3,5,4,10,5,3",0:1-3;1:1-3;2:2-9;3:1-3;4:1-3;5:1-5;6:0-4;7:4-10;8:1-5;9:2-3
23,proposed_c2f_adaptive_pd,10,10,1.0,14,300,0.04666666666666667,12,1,11,640.0,1.0666666666666667,2837.138355063524,449.0186162684038,1.0,16333.0,16333.0,0.0,7.787399983499199,"6,5,7,7,0,2,10,2,4,6","0:0-6;1:12-5;2:8-7;3:8-7,7-8,0-7;4:1-0;5:10-2;6:2-10;7:0-2;8:0-4;9:2-6"
23,proposed_c2f_adaptive_pd_calibrated,10,10,1.0,14,300,0.04666666666666667,12,1,11,640.0,1.0666666666666667,2837.138355063524,449.0186162684038,1.0,16333.0,16333.0,0.0,13.509799959138036,"6,5,7,7,0,2,10,2,4,6","0:0-6;1:12-5;2:8-7;3:8-7,7-8,0-7;4:1-0;5:10-2;6:2-10;7:0-2;8:0-4;9:2-6"
24,proposed_c2f_adaptive_pd,8,10,0.8,21,300,0.07,30,0,30,0.0,0.0,908.3632400205521,38.750675826844876,1.0,26562.0,26562.0,0.0,15.370700042694807,"8,5,5,6,8,4,7,4,4,5","0:14-8;1:3-5,10-5,4-5,13-5,14-5,7-5;2:4-5,3-5,10-5,0-5,13-5,14-5;3:0-6;4:1-8;5:10-4;6:0-7;7:13-4,12-4,0-4,2-4,6-4,9-4;8:0-4;9:10-5,3-5,4-5,14-5,7-5,13-5"
24,proposed_c2f_adaptive_pd_calibrated,8,10,0.8,21,300,0.07,30,0,30,0.0,0.0,908.3632400205521,38.750675826844876,1.0,26562.0,26562.0,0.0,33.83959998609498,"8,5,5,6,8,4,7,4,4,5","0:14-8;1:3-5,10-5,4-5,13-5,14-5,7-5;2:4-5,3-5,10-5,0-5,13-5,14-5;3:0-6;4:1-8;5:10-4;6:0-7;7:13-4,12-4,0-4,2-4,6-4,9-4;8:0-4;9:10-5,3-5,4-5,14-5,7-5,13-5"
25,proposed_c2f_adaptive_pd,10,10,1.0,11,300,0.03666666666666667,16,2,14,1280.0,2.1333333333333333,2282.3444268432036,189.69558605144647,1.0,19903.0,19903.0,0.0,5.709099990781397,"8,7,13,12,9,13,14,8,0,7","0:0-8;1:0-7;2:2-13;3:1-12;4:1-9;5:12-13,4-13,0-13,12-0,13-0,3-13;6:0-14;7:0-8,13-8;8:2-0;9:0-7"
25,proposed_c2f_adaptive_pd_calibrated,10,10,1.0,11,300,0.03666666666666667,16,2,14,1280.0,2.1333333333333333,2282.3444268432036,189.69558605144647,1.0,19903.0,19903.0,0.0,18.632299965247512,"8,7,13,12,9,13,14,8,0,7","0:0-8;1:0-7;2:2-13;3:1-12;4:1-9;5:12-13,4-13,0-13,12-0,13-0,3-13;6:0-14;7:0-8,13-8;8:2-0;9:0-7"
26,proposed_c2f_adaptive_pd,10,10,1.0,19,300,0.06333333333333334,19,3,16,1920.0,3.2,411.0249477168193,119.88545906347612,1.0,20080.0,20080.0,0.0,8.51040001725778,"12,12,1,0,4,6,11,6,13,6","0:13-12;1:6-12,1-12,14-12,13-12,4-12;2:4-1;3:2-0;4:1-4;5:0-6;6:4-11;7:1-6;8:0-13;9:1-6,6-1,12-6,12-1,14-6,14-1"
26,proposed_c2f_adaptive_pd_calibrated,10,10,1.0,19,300,0.06333333333333334,19,3,16,1920.0,3.2,411.0249477168193,119.88545906347612,1.0,20080.0,20080.0,0.0,24.961500021163374,"12,12,1,0,4,6,11,6,13,6","0:13-12;1:6-12,1-12,14-12,13-12,4-12;2:4-1;3:2-0;4:1-4;5:0-6;6:4-11;7:1-6;8:0-13;9:1-6,6-1,12-6,12-1,14-6,14-1"
27,proposed_c2f_adaptive_pd,9,10,0.9,10,300,0.03333333333333333,15,2,13,1280.0,2.1333333333333333,963.8757955156068,78.23415047144081,1.0,16807.0,16807.0,0.0,8.625300019048154,"5,9,14,2,13,3,11,7,12,12","0:0-5;1:1-9,9-1,8-9,13-9,9-13,10-9;2:0-14;3:4-2;4:0-13;5:0-3;6:3-11;7:2-7;8:7-12;9:8-12"
27,proposed_c2f_adaptive_pd_calibrated,9,10,0.9,10,300,0.03333333333333333,15,2,13,1280.0,2.1333333333333333,963.8757955156068,78.23415047144081,1.0,16807.0,16807.0,0.0,15.065699990373105,"5,9,14,2,13,3,11,7,12,12","0:0-5;1:1-9,9-1,8-9,13-9,9-13,10-9;2:0-14;3:4-2;4:0-13;5:0-3;6:3-11;7:2-7;8:7-12;9:8-12"
28,proposed_c2f_adaptive_pd,10,10,1.0,14,300,0.04666666666666667,11,0,11,0.0,0.0,1883.8679154251113,154.2603356900625,1.0,12916.0,12916.0,0.0,6.671299983281642,"6,2,7,7,7,10,13,13,5,5","0:0-6;1:1-2;2:0-7;3:13-7;4:14-7,12-7;5:1-10;6:0-13;7:0-13;8:0-5;9:0-5"
28,proposed_c2f_adaptive_pd_calibrated,10,10,1.0,14,300,0.04666666666666667,11,0,11,0.0,0.0,1883.8679154251113,154.2603356900625,1.0,12916.0,12916.0,0.0,13.912900001741946,"6,2,7,7,7,10,13,13,5,5","0:0-6;1:1-2;2:0-7;3:13-7;4:14-7,12-7;5:1-10;6:0-13;7:0-13;8:0-5;9:0-5"
29,proposed_c2f_adaptive_pd,9,10,0.9,18,300,0.06,19,4,15,2560.0,4.266666666666667,390.39717810946433,154.60448684133866,1.0,24926.0,24926.0,0.0,6.3189000356942415,"11,3,4,5,5,0,5,5,6,14","0:0-11;1:0-3;2:11-4,3-4;3:12-5,1-5,12-9,9-5,1-9,12-6;4:11-5,5-11,6-5,4-5;5:2-0;6:3-5;7:3-5;8:0-6;9:0-14"
29,proposed_c2f_adaptive_pd_calibrated,9,10,0.9,18,300,0.06,19,4,15,2560.0,4.266666666666667,390.39717810946433,154.60448684133866,1.0,24926.0,24926.0,0.0,21.59910002956167,"11,3,4,5,5,0,5,5,6,14","0:0-11;1:0-3;2:11-4,3-4;3:12-5,1-5,12-9,9-5,1-9,12-6;4:11-5,5-11,6-5,4-5;5:2-0;6:3-5;7:3-5;8:0-6;9:0-14"
30,proposed_c2f_adaptive_pd,10,10,1.0,7,300,0.023333333333333334,10,0,10,0.0,0.0,6984.069423736032,421.2307456955816,1.0,11429.0,11429.0,0.0,5.471999989822507,"12,1,7,8,3,1,13,7,0,9",0:1-12;1:0-1;2:3-7;3:0-8;4:2-3;5:0-1;6:0-13;7:1-7;8:1-0;9:5-9
30,proposed_c2f_adaptive_pd_calibrated,10,10,1.0,8,300,0.02666666666666667,10,0,10,0.0,0.0,6984.069423736032,421.2307456955816,1.0,11429.0,11429.0,0.0,13.306499982718378,"12,1,7,8,3,1,13,7,0,9",0:1-12;1:0-1;2:3-7;3:0-8;4:2-3;5:0-1;6:0-13;7:1-7;8:1-0;9:5-9
31,proposed_c2f_adaptive_pd,10,10,1.0,13,300,0.043333333333333335,10,0,10,0.0,0.0,3189.6143908560853,370.46353280671246,1.0,7733.0,7733.0,0.0,4.99460002174601,"9,13,8,3,9,8,13,0,0,11",0:0-9;1:7-13;2:2-8;3:5-3;4:0-9;5:1-8;6:0-13;7:9-0;8:3-0;9:0-11
31,proposed_c2f_adaptive_pd_calibrated,10,10,1.0,14,300,0.04666666666666667,10,0,10,0.0,0.0,3189.6143908560853,370.46353280671246,1.0,7733.0,7733.0,0.0,10.182300000451505,"9,13,8,3,9,8,13,0,0,11",0:0-9;1:7-13;2:2-8;3:5-3;4:0-9;5:1-8;6:0-13;7:9-0;8:3-0;9:0-11
32,proposed_c2f_adaptive_pd,10,10,1.0,13,300,0.043333333333333335,11,1,10,640.0,1.0666666666666667,513.635322369991,344.28848435245965,1.0,11747.0,11747.0,0.0,5.892200046218932,"2,12,4,1,7,5,14,2,5,7","0:7-2;1:2-12;2:0-4;3:0-1;4:3-7;5:12-5;6:14-6,6-14;7:12-2;8:1-5;9:2-7"
32,proposed_c2f_adaptive_pd_calibrated,10,10,1.0,13,300,0.043333333333333335,11,1,10,640.0,1.0666666666666667,513.635322369991,344.28848435245965,1.0,11747.0,11747.0,0.0,13.922100013587624,"2,12,4,1,7,5,14,2,5,7","0:7-2;1:2-12;2:0-4;3:0-1;4:3-7;5:12-5;6:14-6,6-14;7:12-2;8:1-5;9:2-7"
33,proposed_c2f_adaptive_pd,9,10,0.9,10,300,0.03333333333333333,10,0,10,0.0,0.0,600.2802534399658,89.14517254739337,1.0,11751.0,11751.0,0.0,5.845900042913854,"0,12,14,0,0,13,3,0,10,14",0:14-0;1:3-12;2:1-14;3:4-0;4:3-0;5:0-13;6:4-3;7:1-0;8:0-10;9:0-14
33,proposed_c2f_adaptive_pd_calibrated,9,10,0.9,10,300,0.03333333333333333,10,0,10,0.0,0.0,600.2802534399658,89.14517254739337,1.0,11751.0,11751.0,0.0,11.70919998548925,"0,12,14,0,0,13,3,0,10,14",0:14-0;1:3-12;2:1-14;3:4-0;4:3-0;5:0-13;6:4-3;7:1-0;8:0-10;9:0-14
34,proposed_c2f_adaptive_pd,9,10,0.9,18,300,0.06,13,1,12,640.0,1.0666666666666667,417.42289359606974,173.61614610861022,1.0,13574.0,13574.0,0.0,7.851800008211285,"9,9,2,0,9,1,8,0,9,2","0:12-9,4-9;1:12-9;2:1-2;3:4-0;4:12-9,9-12,4-9;5:3-1;6:2-8;7:1-0;8:0-9;9:0-2"
34,proposed_c2f_adaptive_pd_calibrated,9,10,0.9,18,300,0.06,13,1,12,640.0,1.0666666666666667,417.42289359606974,173.61614610861022,1.0,13574.0,13574.0,0.0,14.065399998798966,"9,9,2,0,9,1,8,0,9,2","0:12-9,4-9;1:12-9;2:1-2;3:4-0;4:12-9,9-12,4-9;5:3-1;6:2-8;7:1-0;8:0-9;9:0-2"
35,proposed_c2f_adaptive_pd,9,10,0.9,15,300,0.05,15,4,11,2560.0,4.266666666666667,6291.517010630565,177.27936067454013,1.0,14577.0,14577.0,0.0,6.5796999842859805,"5,2,0,13,3,4,1,11,0,8","0:0-5;1:2-7,0-7,7-2,0-2,4-7,5-7;2:2-0;3:0-13;4:1-3;5:0-4;6:11-1;7:1-11;8:2-0;9:0-8"
35,proposed_c2f_adaptive_pd_calibrated,9,10,0.9,17,300,0.056666666666666664,15,4,11,2560.0,4.266666666666667,6291.517010630565,177.27936067454013,1.0,14577.0,14577.0,0.0,20.977800013497472,"5,2,0,13,3,4,1,11,0,8","0:0-5;1:2-7,0-7,7-2,0-2,4-7,5-7;2:2-0;3:0-13;4:1-3;5:0-4;6:11-1;7:1-11;8:2-0;9:0-8"
36,proposed_c2f_adaptive_pd,10,10,1.0,16,300,0.05333333333333334,11,1,10,640.0,1.0666666666666667,966.036415052743,155.65099980928787,1.0,9822.0,9822.0,0.0,6.66720001026988,"9,1,1,11,9,5,10,9,9,11","0:1-9;1:12-1;2:1-12,4-1;3:2-11;4:2-9;5:2-5;6:4-10;7:1-9;8:1-9;9:0-11"
36,proposed_c2f_adaptive_pd_calibrated,10,10,1.0,16,300,0.05333333333333334,11,1,10,640.0,1.0666666666666667,966.036415052743,155.65099980928787,1.0,9822.0,9822.0,0.0,10.842899966519326,"9,1,1,11,9,5,10,9,9,11","0:1-9;1:12-1;2:1-12,4-1;3:2-11;4:2-9;5:2-5;6:4-10;7:1-9;8:1-9;9:0-11"
37,proposed_c2f_adaptive_pd,10,10,1.0,13,300,0.043333333333333335,12,0,12,0.0,0.0,2268.963194565926,834.0437577055524,1.0,16129.0,16129.0,0.0,7.28349998826161,"0,4,2,13,5,14,1,6,5,3","0:1-0;1:0-4;2:6-2;3:0-13;4:3-5,4-5;5:2-14;6:0-1;7:3-6;8:0-5;9:6-3,5-3"
37,proposed_c2f_adaptive_pd_calibrated,10,10,1.0,13,300,0.043333333333333335,12,0,12,0.0,0.0,2268.963194565926,834.0437577055524,1.0,16129.0,16129.0,0.0,17.76309998240322,"0,4,2,13,5,14,1,6,5,3","0:1-0;1:0-4;2:6-2;3:0-13;4:3-5,4-5;5:2-14;6:0-1;7:3-6;8:0-5;9:6-3,5-3"
38,proposed_c2f_adaptive_pd,9,10,0.9,14,300,0.04666666666666667,15,2,13,1280.0,2.1333333333333333,579.7096762890586,230.27949229574196,1.0,14483.0,14483.0,0.0,7.650800049304962,"9,2,3,7,13,8,0,11,0,3","0:1-9;1:1-2;2:8-3;3:0-7;4:6-13;5:3-8;6:1-0;7:0-11;8:11-0,0-11,12-0,0-12,9-0,13-0;9:1-3"
38,proposed_c2f_adaptive_pd_calibrated,9,10,0.9,14,300,0.04666666666666667,15,2,13,1280.0,2.1333333333333333,579.7096762890586,230.27949229574196,1.0,14483.0,14483.0,0.0,18.636299995705485,"9,2,3,7,13,8,0,11,0,3","0:1-9;1:1-2;2:8-3;3:0-7;4:6-13;5:3-8;6:1-0;7:0-11;8:11-0,0-11,12-0,0-12,9-0,13-0;9:1-3"
39,proposed_c2f_adaptive_pd,10,10,1.0,15,300,0.05,11,0,11,0.0,0.0,2117.4102081271135,368.5869671678468,1.0,12132.0,12132.0,0.0,6.491700012702495,"12,3,1,13,2,10,14,12,14,2","0:3-12;1:1-3;2:0-1;3:0-13;4:4-2;5:0-10;6:3-14;7:2-12;8:3-14;9:13-2,4-2"
39,proposed_c2f_adaptive_pd_calibrated,10,10,1.0,15,300,0.05,11,0,11,0.0,0.0,2117.4102081271135,368.5869671678468,1.0,12132.0,12132.0,0.0,11.441499984357506,"12,3,1,13,2,10,14,12,14,2","0:3-12;1:1-3;2:0-1;3:0-13;4:4-2;5:0-10;6:3-14;7:2-12;8:3-14;9:13-2,4-2"
40,proposed_c2f_adaptive_pd,10,10,1.0,18,300,0.06,12,1,11,640.0,1.0666666666666667,9181.918491024027,308.07481486308995,1.0,12776.0,12776.0,0.0,6.78419996984303,"13,13,3,9,12,4,5,14,3,11","0:0-13;1:14-13;2:0-3;3:9-14,14-9,5-9;4:4-12;5:7-4;6:0-5;7:5-14;8:0-3;9:0-11"
40,proposed_c2f_adaptive_pd_calibrated,10,10,1.0,18,300,0.06,12,1,11,640.0,1.0666666666666667,9181.918491024027,308.07481486308995,1.0,12776.0,12776.0,0.0,14.710300019942224,"13,13,3,9,12,4,5,14,3,11","0:0-13;1:14-13;2:0-3;3:9-14,14-9,5-9;4:4-12;5:7-4;6:0-5;7:5-14;8:0-3;9:0-11"
41,proposed_c2f_adaptive_pd,10,10,1.0,13,300,0.043333333333333335,10,0,10,0.0,0.0,412.5582493684816,116.98442081833906,1.0,9581.0,9581.0,0.0,5.7675999705679715,"2,9,0,0,1,4,10,13,3,2",0:5-2;1:2-9;2:3-0;3:3-0;4:3-1;5:6-4;6:0-10;7:3-13;8:0-3;9:10-2
41,proposed_c2f_adaptive_pd_calibrated,10,10,1.0,13,300,0.043333333333333335,10,0,10,0.0,0.0,412.5582493684816,116.98442081833906,1.0,9581.0,9581.0,0.0,10.828099970240146,"2,9,0,0,1,4,10,13,3,2",0:5-2;1:2-9;2:3-0;3:3-0;4:3-1;5:6-4;6:0-10;7:3-13;8:0-3;9:10-2
42,proposed_c2f_adaptive_pd,10,10,1.0,19,300,0.06333333333333334,10,0,10,0.0,0.0,1245.5528707627893,256.67266582894683,1.0,9581.0,9581.0,0.0,6.086200010031462,"5,0,8,12,4,1,3,4,14,8",0:0-5;1:1-0;2:1-8;3:1-12;4:0-4;5:0-1;6:1-3;7:3-4;8:0-14;9:1-8
42,proposed_c2f_adaptive_pd_calibrated,10,10,1.0,19,300,0.06333333333333334,10,0,10,0.0,0.0,1245.5528707627893,256.67266582894683,1.0,9581.0,9581.0,0.0,8.590999990701675,"5,0,8,12,4,1,3,4,14,8",0:0-5;1:1-0;2:1-8;3:1-12;4:0-4;5:0-1;6:1-3;7:3-4;8:0-14;9:1-8
43,proposed_c2f_adaptive_pd,10,10,1.0,18,300,0.06,11,0,11,0.0,0.0,328.11717919564114,218.10508485068237,1.0,11302.0,11302.0,0.0,4.033899982459843,"8,10,5,6,12,6,6,3,14,12","0:3-8;1:1-10;2:2-5;3:0-6,13-6;4:1-12;5:0-6;6:14-6;7:8-3;8:0-14;9:1-12"
43,proposed_c2f_adaptive_pd_calibrated,10,10,1.0,18,300,0.06,11,0,11,0.0,0.0,328.11717919564114,218.10508485068237,1.0,11302.0,11302.0,0.0,12.564699980430305,"8,10,5,6,12,6,6,3,14,12","0:3-8;1:1-10;2:2-5;3:0-6,13-6;4:1-12;5:0-6;6:14-6;7:8-3;8:0-14;9:1-12"
44,proposed_c2f_adaptive_pd,10,10,1.0,20,300,0.06666666666666667,11,0,11,0.0,0.0,15254.809132214088,348.5618416654452,1.0,10914.0,10914.0,0.0,5.022099998313934,"7,0,6,0,12,1,3,14,9,0","0:0-7;1:2-0;2:0-6;3:9-0,3-0;4:0-12;5:3-1;6:8-3;7:0-14;8:0-9;9:2-0"
44,proposed_c2f_adaptive_pd_calibrated,10,10,1.0,20,300,0.06666666666666667,11,0,11,0.0,0.0,15254.809132214088,348.5618416654452,1.0,10914.0,10914.0,0.0,14.350999961607158,"7,0,6,0,12,1,3,14,9,0","0:0-7;1:2-0;2:0-6;3:9-0,3-0;4:0-12;5:3-1;6:8-3;7:0-14;8:0-9;9:2-0"
45,proposed_c2f_adaptive_pd,10,10,1.0,20,300,0.06666666666666667,20,2,18,1280.0,2.1333333333333333,1158.8354814419201,191.80496978920868,1.0,22928.0,22928.0,0.0,9.007200016640127,"2,13,0,4,6,1,2,13,3,6","0:0-2;1:2-13;2:1-0;3:0-4;4:0-6;5:11-1,10-1,5-1,0-1,7-1,6-1;6:3-2;7:9-13;8:0-3;9:0-6,13-6,14-6,7-6,6-0,6-1"
45,proposed_c2f_adaptive_pd_calibrated,10,10,1.0,20,300,0.06666666666666667,20,2,18,1280.0,2.1333333333333333,1158.8354814419201,191.80496978920868,1.0,22928.0,22928.0,0.0,26.11350000370294,"2,13,0,4,6,1,2,13,3,6","0:0-2;1:2-13;2:1-0;3:0-4;4:0-6;5:11-1,10-1,5-1,0-1,7-1,6-1;6:3-2;7:9-13;8:0-3;9:0-6,13-6,14-6,7-6,6-0,6-1"
46,proposed_c2f_adaptive_pd,10,10,1.0,16,300,0.05333333333333334,10,0,10,0.0,0.0,1024.0086956193056,292.45658873462685,1.0,8349.0,8349.0,0.0,5.5547000374644995,"3,5,0,3,14,5,8,6,3,11",0:0-3;1:0-5;2:1-0;3:2-3;4:5-14;5:9-5;6:0-8;7:0-6;8:0-3;9:0-11
46,proposed_c2f_adaptive_pd_calibrated,10,10,1.0,16,300,0.05333333333333334,10,0,10,0.0,0.0,1024.0086956193056,292.45658873462685,1.0,8349.0,8349.0,0.0,11.847399990074337,"3,5,0,3,14,5,8,6,3,11",0:0-3;1:0-5;2:1-0;3:2-3;4:5-14;5:9-5;6:0-8;7:0-6;8:0-3;9:0-11
47,proposed_c2f_adaptive_pd,9,10,0.9,10,300,0.03333333333333333,11,0,11,0.0,0.0,198.59497725951854,148.73017639667447,1.0,9948.0,9948.0,0.0,6.220899987965822,"8,4,0,11,6,8,11,7,6,12","0:0-8;1:5-4;2:4-0;3:5-11;4:3-6;5:5-8,6-8;6:5-11;7:3-7;8:1-6;9:0-12"
47,proposed_c2f_adaptive_pd_calibrated,9,10,0.9,10,300,0.03333333333333333,11,0,11,0.0,0.0,198.59497725951854,148.73017639667447,1.0,9948.0,9948.0,0.0,12.56829994963482,"8,4,0,11,6,8,11,7,6,12","0:0-8;1:5-4;2:4-0;3:5-11;4:3-6;5:5-8,6-8;6:5-11;7:3-7;8:1-6;9:0-12"
48,proposed_c2f_adaptive_pd,10,10,1.0,11,300,0.03666666666666667,14,0,14,0.0,0.0,187.51142897104324,80.39124121802037,1.0,14476.0,14476.0,0.0,7.974600011948496,"11,2,2,0,0,2,0,6,9,3","0:0-11;1:0-2;2:0-2;3:2-0;4:2-0;5:0-2;6:2-0;7:11-6;8:1-9;9:1-3,12-3,5-3,2-3,7-3"
48,proposed_c2f_adaptive_pd_calibrated,10,10,1.0,11,300,0.03666666666666667,14,0,14,0.0,0.0,187.51142897104324,80.39124121802037,1.0,14476.0,14476.0,0.0,16.659500019159168,"11,2,2,0,0,2,0,6,9,3","0:0-11;1:0-2;2:0-2;3:2-0;4:2-0;5:0-2;6:2-0;7:11-6;8:1-9;9:1-3,12-3,5-3,2-3,7-3"
49,proposed_c2f_adaptive_pd,10,10,1.0,18,300,0.06,19,4,15,2560.0,4.266666666666667,227.86895156431623,73.36636816614984,1.0,17053.0,17053.0,0.0,10.656800004653633,"0,4,3,13,8,1,14,7,6,11","0:11-0,0-11;1:1-4;2:1-3;3:6-13;4:0-8;5:3-1;6:2-14;7:2-7;8:10-6,4-6,2-6,12-6;9:0-11,11-0,6-0,13-11,13-0,6-11"
49,proposed_c2f_adaptive_pd_calibrated,10,10,1.0,19,300,0.06333333333333334,19,4,15,2560.0,4.266666666666667,227.86895156431623,73.36636816614984,1.0,17053.0,17053.0,0.0,21.228799945674837,"0,4,3,13,8,1,14,7,6,11","0:11-0,0-11;1:1-4;2:1-3;3:6-13;4:0-8;5:3-1;6:2-14;7:2-7;8:10-6,4-6,2-6,12-6;9:0-11,11-0,6-0,13-11,13-0,6-11"
50,proposed_c2f_adaptive_pd,10,10,1.0,19,300,0.06333333333333334,12,1,11,640.0,1.0666666666666667,3531.5418715420055,178.48238534991353,1.0,16436.0,16436.0,0.0,6.141599966213107,"0,3,2,5,6,5,3,6,6,10","0:2-0;1:6-3;2:0-2;3:0-5;4:0-6;5:6-5,5-6,4-5;6:10-3;7:2-6;8:0-6;9:0-10"
50,proposed_c2f_adaptive_pd_calibrated,10,10,1.0,19,300,0.06333333333333334,12,1,11,640.0,1.0666666666666667,3531.5418715420055,178.48238534991353,1.0,16436.0,16436.0,0.0,12.723399966489524,"0,3,2,5,6,5,3,6,6,10","0:2-0;1:6-3;2:0-2;3:0-5;4:0-6;5:6-5,5-6,4-5;6:10-3;7:2-6;8:0-6;9:0-10"
51,proposed_c2f_adaptive_pd,10,10,1.0,8,300,0.02666666666666667,11,0,11,0.0,0.0,3612.7460185129726,279.94588004026707,1.0,13668.0,13668.0,0.0,6.393599964212626,"2,6,5,3,7,7,9,11,6,9","0:0-2;1:2-6;2:8-5,0-5;3:1-3;4:0-7;5:0-7;6:0-9;7:1-11;8:13-6;9:0-9"
51,proposed_c2f_adaptive_pd_calibrated,10,10,1.0,9,300,0.03,11,0,11,0.0,0.0,3612.7460185129726,279.94588004026707,1.0,13668.0,13668.0,0.0,15.490500023588538,"2,6,5,3,7,7,9,11,6,9","0:0-2;1:2-6;2:8-5,0-5;3:1-3;4:0-7;5:0-7;6:0-9;7:1-11;8:13-6;9:0-9"
52,proposed_c2f_adaptive_pd,10,10,1.0,19,300,0.06333333333333334,10,0,10,0.0,0.0,1937.9503469355896,400.5357101131471,1.0,10813.0,10813.0,0.0,5.926900019403547,"2,12,2,3,5,13,0,7,2,11",0:0-2;1:0-12;2:0-2;3:0-3;4:0-5;5:0-13;6:1-0;7:0-7;8:4-2;9:0-11
52,proposed_c2f_adaptive_pd_calibrated,10,10,1.0,19,300,0.06333333333333334,10,0,10,0.0,0.0,1937.9503469355896,400.5357101131471,1.0,10813.0,10813.0,0.0,13.415599998552352,"2,12,2,3,5,13,0,7,2,11",0:0-2;1:0-12;2:0-2;3:0-3;4:0-5;5:0-13;6:1-0;7:0-7;8:4-2;9:0-11
53,proposed_c2f_adaptive_pd,9,10,0.9,22,300,0.07333333333333333,10,0,10,0.0,0.0,27777.2024910361,3509.1522562092578,1.0,9735.0,9735.0,0.0,4.8955000238493085,"0,5,3,5,13,11,4,4,14,8",0:1-0;1:0-5;2:10-3;3:0-5;4:3-13;5:0-11;6:6-4;7:6-4;8:0-14;9:4-8
53,proposed_c2f_adaptive_pd_calibrated,9,10,0.9,22,300,0.07333333333333333,10,0,10,0.0,0.0,27777.2024910361,3509.1522562092578,1.0,9735.0,9735.0,0.0,11.897000018507242,"0,5,3,5,13,11,4,4,14,8",0:1-0;1:0-5;2:10-3;3:0-5;4:3-13;5:0-11;6:6-4;7:6-4;8:0-14;9:4-8
54,proposed_c2f_adaptive_pd,9,10,0.9,13,300,0.043333333333333335,16,5,11,3200.0,5.333333333333334,316.45168629213646,75.11618415983745,1.0,18623.0,18623.0,0.0,7.943600008729845,"14,4,1,9,14,5,8,4,8,2","0:1-14;1:0-4,14-4;2:3-1;3:8-9;4:2-14;5:8-5;6:0-8;7:4-0,8-0,9-0,12-0,8-4,3-0;8:3-8;9:0-2"
54,proposed_c2f_adaptive_pd_calibrated,9,10,0.9,13,300,0.043333333333333335,16,5,11,3200.0,5.333333333333334,316.45168629213646,75.11618415983745,1.0,18623.0,18623.0,0.0,17.31530000688508,"14,4,1,9,14,5,8,4,8,2","0:1-14;1:0-4,14-4;2:3-1;3:8-9;4:2-14;5:8-5;6:0-8;7:4-0,8-0,9-0,12-0,8-4,3-0;8:3-8;9:0-2"
55,proposed_c2f_adaptive_pd,10,10,1.0,15,300,0.05,10,0,10,0.0,0.0,926.0976925427192,459.8551597032225,1.0,9735.0,9735.0,0.0,6.24499999685213,"3,5,11,5,13,6,4,2,5,5",0:14-3;1:0-5;2:0-11;3:7-5;4:5-13;5:0-6;6:7-4;7:0-2;8:7-5;9:10-5
55,proposed_c2f_adaptive_pd_calibrated,10,10,1.0,16,300,0.05333333333333334,10,0,10,0.0,0.0,926.0976925427192,459.8551597032225,1.0,9735.0,9735.0,0.0,9.516999998595566,"3,5,11,5,13,6,4,2,5,5",0:14-3;1:0-5;2:0-11;3:7-5;4:5-13;5:0-6;6:7-4;7:0-2;8:7-5;9:10-5
56,proposed_c2f_adaptive_pd,10,10,1.0,11,300,0.03666666666666667,15,3,12,1920.0,3.2,842.0115707018585,144.1077926751851,1.0,12397.0,12397.0,0.0,7.243400032166392,"1,9,0,0,9,4,8,4,14,1","0:0-1;1:13-9;2:14-13,14-0,13-0,0-13,0-9,9-0;3:13-0;4:0-9;5:0-4;6:1-8;7:6-4;8:0-14;9:2-1"
56,proposed_c2f_adaptive_pd_calibrated,10,10,1.0,13,300,0.043333333333333335,15,3,12,1920.0,3.2,842.0115707018585,144.1077926751851,1.0,12397.0,12397.0,0.0,17.424499965272844,"1,9,0,0,9,4,8,4,14,1","0:0-1;1:13-9;2:14-13,14-0,13-0,0-13,0-9,9-0;3:13-0;4:0-9;5:0-4;6:1-8;7:6-4;8:0-14;9:2-1"
57,proposed_c2f_adaptive_pd,10,10,1.0,21,300,0.07,10,0,10,0.0,0.0,21234.453001187852,445.5363384913893,1.0,11891.0,11891.0,0.0,5.895000009331852,"6,13,3,6,6,13,12,2,3,14",0:7-6;1:0-13;2:0-3;3:7-6;4:0-6;5:0-13;6:0-12;7:0-2;8:0-3;9:0-14
57,proposed_c2f_adaptive_pd_calibrated,10,10,1.0,21,300,0.07,10,0,10,0.0,0.0,21234.453001187852,445.5363384913893,1.0,11891.0,11891.0,0.0,11.111199972219765,"6,13,3,6,6,13,12,2,3,14",0:7-6;1:0-13;2:0-3;3:7-6;4:0-6;5:0-13;6:0-12;7:0-2;8:0-3;9:0-14
58,proposed_c2f_adaptive_pd,9,10,0.9,16,300,0.05333333333333334,13,2,11,1280.0,2.1333333333333333,510.2740186480155,57.667674002037806,1.0,15663.0,15663.0,0.0,4.875799990259111,"6,11,1,12,10,10,14,10,8,3","0:0-6;1:1-11;2:2-1;3:1-12;4:10-0,0-10;5:0-10;6:1-14;7:10-0,0-10,2-10;8:0-8;9:14-3"
58,proposed_c2f_adaptive_pd_calibrated,9,10,0.9,17,300,0.056666666666666664,13,2,11,1280.0,2.1333333333333333,510.2740186480155,57.667674002037806,1.0,15663.0,15663.0,0.0,15.637299977242947,"6,11,1,12,10,10,14,10,8,3","0:0-6;1:1-11;2:2-1;3:1-12;4:10-0,0-10;5:0-10;6:1-14;7:10-0,0-10,2-10;8:0-8;9:14-3"
59,proposed_c2f_adaptive_pd,10,10,1.0,14,300,0.04666666666666667,10,0,10,0.0,0.0,2565.3917186596746,1657.6100035282018,1.0,10407.0,10407.0,0.0,6.279999972321093,"10,9,12,9,9,3,12,3,9,0",0:0-10;1:10-9;2:7-12;3:0-9;4:0-9;5:8-3;6:0-12;7:2-3;8:0-9;9:2-0
59,proposed_c2f_adaptive_pd_calibrated,10,10,1.0,14,300,0.04666666666666667,10,0,10,0.0,0.0,2565.3917186596746,1657.6100035282018,1.0,10407.0,10407.0,0.0,12.886799988336861,"10,9,12,9,9,3,12,3,9,0",0:0-10;1:10-9;2:7-12;3:0-9;4:0-9;5:8-3;6:0-12;7:2-3;8:0-9;9:2-0
60,proposed_c2f_adaptive_pd,8,10,0.8,13,300,0.043333333333333335,27,8,19,5120.0,8.533333333333335,4508.434151671546,68.74369594714298,1.0,18139.0,18139.0,0.0,13.263800006825477,"7,2,8,9,4,1,7,6,7,7","0:7-1,1-7,7-4,4-7,1-4,4-1;1:1-2;2:2-8;3:0-9;4:9-4,14-4,11-4,7-4,4-11,0-4;5:2-1;6:7-1,1-7,2-7,7-4,4-7,11-7;7:0-6;8:1-7;9:7-1,1-7,4-7"
60,proposed_c2f_adaptive_pd_calibrated,8,10,0.8,13,300,0.043333333333333335,27,8,19,5120.0,8.533333333333335,4508.434151671546,68.74369594714298,1.0,18139.0,18139.0,0.0,31.536899972707033,"7,2,8,9,4,1,7,6,7,7","0:7-1,1-7,7-4,4-7,1-4,4-1;1:1-2;2:2-8;3:0-9;4:9-4,14-4,11-4,7-4,4-11,0-4;5:2-1;6:7-1,1-7,2-7,7-4,4-7,11-7;7:0-6;8:1-7;9:7-1,1-7,4-7"
61,proposed_c2f_adaptive_pd,9,10,0.9,15,300,0.05,15,1,14,640.0,1.0666666666666667,1034.8206639518455,170.2239143833002,1.0,16866.0,16866.0,0.0,7.146399992052466,"12,5,5,3,13,10,7,7,13,12","0:0-12;1:6-5;2:0-5;3:0-3;4:7-13;5:0-10;6:0-7;7:0-7;8:7-13,14-13,11-13,8-13,13-7,12-13;9:3-12"
61,proposed_c2f_adaptive_pd_calibrated,9,10,0.9,15,300,0.05,15,1,14,640.0,1.0666666666666667,1034.8206639518455,170.2239143833002,1.0,16866.0,16866.0,0.0,18.750199989881366,"12,5,5,3,13,10,7,7,13,12","0:0-12;1:6-5;2:0-5;3:0-3;4:7-13;5:0-10;6:0-7;7:0-7;8:7-13,14-13,11-13,8-13,13-7,12-13;9:3-12"
62,proposed_c2f_adaptive_pd,9,10,0.9,12,300,0.04,13,1,12,640.0,1.0666666666666667,5364.0775970222985,140.93146877749115,1.0,15255.0,15255.0,0.0,7.945700024720281,"10,7,0,1,6,5,5,9,14,5","0:0-10;1:2-7;2:5-0;3:2-1;4:1-6;5:0-5;6:0-5;7:1-9;8:0-14;9:9-5,0-5,5-0,10-5"
62,proposed_c2f_adaptive_pd_calibrated,9,10,0.9,12,300,0.04,13,1,12,640.0,1.0666666666666667,5364.0775970222985,140.93146877749115,1.0,15255.0,15255.0,0.0,17.038899997714907,"10,7,0,1,6,5,5,9,14,5","0:0-10;1:2-7;2:5-0;3:2-1;4:1-6;5:0-5;6:0-5;7:1-9;8:0-14;9:9-5,0-5,5-0,10-5"
63,proposed_c2f_adaptive_pd,9,10,0.9,17,300,0.056666666666666664,21,5,16,3200.0,5.333333333333334,259350.8238516164,150.89921294598082,1.0,26284.0,26284.0,0.0,12.205900042317808,"2,8,5,2,8,14,9,12,8,8","0:7-2;1:0-8;2:0-5;3:12-2;4:0-8;5:13-14,5-14;6:0-9;7:0-12;8:8-14,14-8,2-8,0-8,2-14,3-8;9:8-14,14-8,2-8,0-8,2-14,8-0"
63,proposed_c2f_adaptive_pd_calibrated,9,10,0.9,18,300,0.06,21,5,16,3200.0,5.333333333333334,259350.8238516164,150.89921294598082,1.0,26284.0,26284.0,0.0,23.258000030182302,"2,8,5,2,8,14,9,12,8,8","0:7-2;1:0-8;2:0-5;3:12-2;4:0-8;5:13-14,5-14;6:0-9;7:0-12;8:8-14,14-8,2-8,0-8,2-14,3-8;9:8-14,14-8,2-8,0-8,2-14,8-0"
64,proposed_c2f_adaptive_pd,10,10,1.0,14,300,0.04666666666666667,11,0,11,0.0,0.0,1456.8440148479792,383.7428426243546,1.0,11096.0,11096.0,0.0,4.804600030183792,"3,9,2,11,1,4,0,13,12,1","0:11-3;1:0-9;2:0-2;3:1-11;4:6-1,14-1;5:0-4;6:2-0;7:0-13;8:5-12;9:4-1"
64,proposed_c2f_adaptive_pd_calibrated,10,10,1.0,14,300,0.04666666666666667,11,0,11,0.0,0.0,1456.8440148479792,383.7428426243546,1.0,11096.0,11096.0,0.0,10.39339997805655,"3,9,2,11,1,4,0,13,12,1","0:11-3;1:0-9;2:0-2;3:1-11;4:6-1,14-1;5:0-4;6:2-0;7:0-13;8:5-12;9:4-1"
65,proposed_c2f_adaptive_pd,10,10,1.0,11,300,0.03666666666666667,15,2,13,1280.0,2.1333333333333333,661.9846758846173,260.43696206231925,1.0,17419.0,17419.0,0.0,8.925599977374077,"3,3,3,8,9,10,9,9,7,3","0:6-3;1:0-3;2:2-3;3:0-8;4:0-9;5:3-10,10-3,12-10,6-10,10-12,14-10;6:0-9;7:0-9;8:0-7;9:0-3"
65,proposed_c2f_adaptive_pd_calibrated,10,10,1.0,14,300,0.04666666666666667,15,2,13,1280.0,2.1333333333333333,661.9846758846173,260.43696206231925,1.0,17419.0,17419.0,0.0,20.941199967637658,"3,3,3,8,9,10,9,9,7,3","0:6-3;1:0-3;2:2-3;3:0-8;4:0-9;5:3-10,10-3,12-10,6-10,10-12,14-10;6:0-9;7:0-9;8:0-7;9:0-3"
66,proposed_c2f_adaptive_pd,10,10,1.0,11,300,0.03666666666666667,10,0,10,0.0,0.0,416.05607078455796,285.4531990734827,1.0,9567.0,9567.0,0.0,6.201999960467219,"2,0,7,11,10,11,13,3,9,13",0:0-2;1:1-0;2:12-7;3:1-11;4:0-10;5:14-11;6:0-13;7:1-3;8:1-9;9:4-13
66,proposed_c2f_adaptive_pd_calibrated,10,10,1.0,13,300,0.043333333333333335,10,0,10,0.0,0.0,416.05607078455796,285.4531990734827,1.0,9567.0,9567.0,0.0,12.2675999882631,"2,0,7,11,10,11,13,3,9,13",0:0-2;1:1-0;2:12-7;3:1-11;4:0-10;5:14-11;6:0-13;7:1-3;8:1-9;9:4-13
67,proposed_c2f_adaptive_pd,10,10,1.0,8,300,0.02666666666666667,15,1,14,640.0,1.0666666666666667,256493.6582664411,546.6269022871612,1.0,14269.0,14269.0,0.0,9.222500026226044,"3,12,9,7,1,2,11,12,6,9","0:10-3,3-10,7-3,13-3,5-3,1-3;1:1-12;2:3-9;3:1-7;4:0-1;5:1-2;6:12-11;7:1-12;8:0-6;9:4-9"
67,proposed_c2f_adaptive_pd_calibrated,10,10,1.0,8,300,0.02666666666666667,15,1,14,640.0,1.0666666666666667,256493.6582664411,546.6269022871612,1.0,14269.0,14269.0,0.0,15.407100028824061,"3,12,9,7,1,2,11,12,6,9","0:10-3,3-10,7-3,13-3,5-3,1-3;1:1-12;2:3-9;3:1-7;4:0-1;5:1-2;6:12-11;7:1-12;8:0-6;9:4-9"
68,proposed_c2f_adaptive_pd,10,10,1.0,16,300,0.05333333333333334,11,1,10,640.0,1.0666666666666667,1838.2518940401292,376.4327789825058,1.0,12212.0,12212.0,0.0,5.139900022186339,"11,14,14,8,11,7,5,8,11,7","0:14-11;1:2-14;2:0-14;3:5-8;4:11-8,8-11;5:0-7;6:8-5;7:0-8;8:5-11;9:0-7"
68,proposed_c2f_adaptive_pd_calibrated,10,10,1.0,16,300,0.05333333333333334,11,1,10,640.0,1.0666666666666667,1838.2518940401292,376.4327789825058,1.0,12212.0,12212.0,0.0,11.784100031945854,"11,14,14,8,11,7,5,8,11,7","0:14-11;1:2-14;2:0-14;3:5-8;4:11-8,8-11;5:0-7;6:8-5;7:0-8;8:5-11;9:0-7"
69,proposed_c2f_adaptive_pd,9,10,0.9,12,300,0.04,20,5,15,3200.0,5.333333333333334,1660.2613815539298,131.57013121845168,1.0,21172.0,21172.0,0.0,10.0586999906227,"5,1,9,10,8,2,12,11,13,11","0:1-5;1:0-1;2:3-9;3:0-10;4:3-8;5:0-2;6:0-12;7:0-11,11-0,2-11,11-2,10-11,9-11;8:1-13;9:0-11,11-0,2-11,11-2,10-11,0-2"
69,proposed_c2f_adaptive_pd_calibrated,9,10,0.9,12,300,0.04,20,5,15,3200.0,5.333333333333334,1660.2613815539298,131.57013121845168,1.0,21172.0,21172.0,0.0,20.57069999864325,"5,1,9,10,8,2,12,11,13,11","0:1-5;1:0-1;2:3-9;3:0-10;4:3-8;5:0-2;6:0-12;7:0-11,11-0,2-11,11-2,10-11,9-11;8:1-13;9:0-11,11-0,2-11,11-2,10-11,0-2"
70,proposed_c2f_adaptive_pd,9,10,0.9,15,300,0.05,16,1,15,640.0,1.0666666666666667,1359.8608064553134,192.62490141851663,1.0,16617.0,16617.0,0.0,8.439800003543496,"0,8,2,6,2,2,7,1,7,2","0:1-0;1:2-8,8-2,1-8,7-8,11-8,0-8;2:0-2;3:0-6;4:0-2;5:0-2;6:0-7;7:0-1;8:2-7,11-7;9:0-2"
70,proposed_c2f_adaptive_pd_calibrated,9,10,0.9,16,300,0.05333333333333334,16,1,15,640.0,1.0666666666666667,1359.8608064553134,192.62490141851663,1.0,16617.0,16617.0,0.0,20.646599994506687,"0,8,2,6,2,2,7,1,7,2","0:1-0;1:2-8,8-2,1-8,7-8,11-8,0-8;2:0-2;3:0-6;4:0-2;5:0-2;6:0-7;7:0-1;8:2-7,11-7;9:0-2"
71,proposed_c2f_adaptive_pd,10,10,1.0,18,300,0.06,11,1,10,640.0,1.0666666666666667,5791.2910454945595,567.876876825889,1.0,16334.0,16334.0,0.0,4.544000024907291,"10,11,11,13,8,1,1,6,12,2","0:13-10;1:4-11;2:13-11;3:6-13;4:3-8;5:4-1;6:1-14,4-1;7:1-6;8:0-12;9:0-2"
71,proposed_c2f_adaptive_pd_calibrated,10,10,1.0,18,300,0.06,11,1,10,640.0,1.0666666666666667,5791.2910454945595,567.876876825889,1.0,16334.0,16334.0,0.0,13.815700018312782,"10,11,11,13,8,1,1,6,12,2","0:13-10;1:4-11;2:13-11;3:6-13;4:3-8;5:4-1;6:1-14,4-1;7:1-6;8:0-12;9:0-2"
72,proposed_c2f_adaptive_pd,9,10,0.9,17,300,0.056666666666666664,15,1,14,640.0,1.0666666666666667,500.48821261075545,138.01313385868644,1.0,14264.0,14264.0,0.0,7.467999996151775,"5,4,7,1,3,6,13,1,11,0","0:7-5;1:0-4;2:0-7;3:0-1;4:10-3;5:2-6;6:3-13;7:3-1;8:6-11,5-11,3-11,12-11,2-11,11-5;9:1-0"
72,proposed_c2f_adaptive_pd_calibrated,9,10,0.9,19,300,0.06333333333333334,15,1,14,640.0,1.0666666666666667,500.48821261075545,138.01313385868644,1.0,14264.0,14264.0,0.0,13.631200010422617,"5,4,7,1,3,6,13,1,11,0","0:7-5;1:0-4;2:0-7;3:0-1;4:10-3;5:2-6;6:3-13;7:3-1;8:6-11,5-11,3-11,12-11,2-11,11-5;9:1-0"
73,proposed_c2f_adaptive_pd,10,10,1.0,19,300,0.06333333333333334,13,1,12,640.0,1.0666666666666667,675.9787288760109,153.45149330719246,1.0,13692.0,13692.0,0.0,7.136400032322854,"6,4,13,2,6,11,7,7,1,5","0:0-6;1:1-4;2:0-13;3:9-2,2-9,7-2;4:9-6,0-6;5:0-11;6:2-7;7:1-7;8:0-1;9:1-5"
73,proposed_c2f_adaptive_pd_calibrated,10,10,1.0,21,300,0.07,13,1,12,640.0,1.0666666666666667,675.9787288760109,153.45149330719246,1.0,13692.0,13692.0,0.0,13.85729998582974,"6,4,13,2,6,11,7,7,1,5","0:0-6;1:1-4;2:0-13;3:9-2,2-9,7-2;4:9-6,0-6;5:0-11;6:2-7;7:1-7;8:0-1;9:1-5"
74,proposed_c2f_adaptive_pd,10,10,1.0,15,300,0.05,10,0,10,0.0,0.0,919.1219316002623,715.1444186963413,1.0,10407.0,10407.0,0.0,3.923200012650341,"13,6,2,3,11,6,3,7,13,11",0:3-13;1:5-6;2:0-2;3:13-3;4:1-11;5:5-6;6:13-3;7:0-7;8:1-13;9:1-11
74,proposed_c2f_adaptive_pd_calibrated,10,10,1.0,15,300,0.05,10,0,10,0.0,0.0,919.1219316002623,715.1444186963413,1.0,10407.0,10407.0,0.0,10.97409997601062,"13,6,2,3,11,6,3,7,13,11",0:3-13;1:5-6;2:0-2;3:13-3;4:1-11;5:5-6;6:13-3;7:0-7;8:1-13;9:1-11
75,proposed_c2f_adaptive_pd,10,10,1.0,9,300,0.03,12,1,11,640.0,1.0666666666666667,1781.5052647442867,779.9496789589281,1.0,13510.0,13510.0,0.0,7.057700015138835,"7,5,1,2,13,4,3,7,4,4","0:0-7;1:0-5;2:3-1;3:9-2,2-9,14-2;4:6-13;5:1-4;6:1-3;7:0-7;8:0-4;9:0-4"
75,proposed_c2f_adaptive_pd_calibrated,10,10,1.0,9,300,0.03,12,1,11,640.0,1.0666666666666667,1781.5052647442867,779.9496789589281,1.0,13510.0,13510.0,0.0,13.407699996605515,"7,5,1,2,13,4,3,7,4,4","0:0-7;1:0-5;2:3-1;3:9-2,2-9,14-2;4:6-13;5:1-4;6:1-3;7:0-7;8:0-4;9:0-4"
76,proposed_c2f_adaptive_pd,9,10,0.9,16,300,0.05333333333333334,10,0,10,0.0,0.0,4439.14825293578,70.79538605292319,1.0,15321.0,15321.0,0.0,5.488800001330674,"5,14,5,1,8,7,8,0,11,1",0:0-5;1:12-14;2:8-5;3:5-1;4:0-8;5:1-7;6:1-8;7:1-0;8:9-11;9:7-1
76,proposed_c2f_adaptive_pd_calibrated,9,10,0.9,16,300,0.05333333333333334,10,0,10,0.0,0.0,4439.14825293578,70.79538605292319,1.0,15321.0,15321.0,0.0,13.852400006726384,"5,14,5,1,8,7,8,0,11,1",0:0-5;1:12-14;2:8-5;3:5-1;4:0-8;5:1-7;6:1-8;7:1-0;8:9-11;9:7-1
77,proposed_c2f_adaptive_pd,10,10,1.0,23,300,0.07666666666666666,20,5,15,3200.0,5.333333333333334,433.9711517219981,79.88808273331566,1.0,20816.0,20816.0,0.0,9.755700011737645,"10,4,8,11,4,0,1,4,11,7","0:4-10,0-4,10-4,3-10,3-4,1-10;1:0-4;2:3-8;3:0-11;4:0-4;5:1-0;6:0-1;7:0-4;8:0-11;9:8-7,2-7,11-7,14-7,7-2,7-14"
77,proposed_c2f_adaptive_pd_calibrated,10,10,1.0,23,300,0.07666666666666666,20,5,15,3200.0,5.333333333333334,433.9711517219981,79.88808273331566,1.0,20816.0,20816.0,0.0,22.483700013253838,"10,4,8,11,4,0,1,4,11,7","0:4-10,0-4,10-4,3-10,3-4,1-10;1:0-4;2:3-8;3:0-11;4:0-4;5:1-0;6:0-1;7:0-4;8:0-11;9:8-7,2-7,11-7,14-7,7-2,7-14"
78,proposed_c2f_adaptive_pd,10,10,1.0,23,300,0.07666666666666666,10,0,10,0.0,0.0,259.05772193475525,110.40823531825536,1.0,12164.0,12164.0,0.0,4.074199998285621,"2,1,4,8,14,6,12,3,6,13",0:11-2;1:0-1;2:0-4;3:1-8;4:8-14;5:1-6;6:5-12;7:10-3;8:10-6;9:8-13
78,proposed_c2f_adaptive_pd_calibrated,10,10,1.0,23,300,0.07666666666666666,10,0,10,0.0,0.0,259.05772193475525,110.40823531825536,1.0,12164.0,12164.0,0.0,8.53859999915585,"2,1,4,8,14,6,12,3,6,13",0:11-2;1:0-1;2:0-4;3:1-8;4:8-14;5:1-6;6:5-12;7:10-3;8:10-6;9:8-13
79,proposed_c2f_adaptive_pd,10,10,1.0,19,300,0.06333333333333334,11,1,10,640.0,1.0666666666666667,92157.98792352833,389.648419214106,1.0,9822.0,9822.0,0.0,5.586700048297644,"12,9,14,8,10,9,1,7,14,10","0:0-12;1:0-9;2:0-14;3:1-8;4:4-10;5:0-9;6:1-5,8-1;7:6-7;8:0-14;9:4-10"
79,proposed_c2f_adaptive_pd_calibrated,10,10,1.0,20,300,0.06666666666666667,11,1,10,640.0,1.0666666666666667,92157.98792352833,389.648419214106,1.0,9822.0,9822.0,0.0,13.196399959269911,"12,9,14,8,10,9,1,7,14,10","0:0-12;1:0-9;2:0-14;3:1-8;4:4-10;5:0-9;6:1-5,8-1;7:6-7;8:0-14;9:4-10"
80,proposed_c2f_adaptive_pd,10,10,1.0,16,300,0.05333333333333334,11,0,11,0.0,0.0,246.57956992782175,131.1208545584806,1.0,12959.0,12959.0,0.0,4.396900010760874,"9,11,3,6,13,3,5,14,14,14","0:3-9;1:1-11;2:2-3;3:9-6,5-6;4:0-13;5:2-3;6:0-5;7:7-14;8:0-14;9:0-14"
80,proposed_c2f_adaptive_pd_calibrated,10,10,1.0,17,300,0.056666666666666664,11,0,11,0.0,0.0,246.57956992782175,131.1208545584806,1.0,12959.0,12959.0,0.0,13.104600016959012,"9,11,3,6,13,3,5,14,14,14","0:3-9;1:1-11;2:2-3;3:9-6,5-6;4:0-13;5:2-3;6:0-5;7:7-14;8:0-14;9:0-14"
81,proposed_c2f_adaptive_pd,10,10,1.0,11,300,0.03666666666666667,11,0,11,0.0,0.0,5254.039941646014,2172.5527264790876,1.0,11484.0,11484.0,0.0,5.588800006080419,"7,13,5,1,10,3,8,10,12,14","0:0-7;1:14-13;2:2-5;3:0-1;4:1-10,3-10;5:0-3;6:0-8;7:0-10;8:0-12;9:0-14"
81,proposed_c2f_adaptive_pd_calibrated,10,10,1.0,11,300,0.03666666666666667,11,0,11,0.0,0.0,5254.039941646014,2172.5527264790876,1.0,11484.0,11484.0,0.0,14.749100024346262,"7,13,5,1,10,3,8,10,12,14","0:0-7;1:14-13;2:2-5;3:0-1;4:1-10,3-10;5:0-3;6:0-8;7:0-10;8:0-12;9:0-14"
82,proposed_c2f_adaptive_pd,9,10,0.9,14,270,0.05185185185185185,11,0,11,0.0,0.0,22748.261135558503,84.20521219148196,0.9090909090909091,13486.0,13486.0,0.0,6.176199996843934,"9,0,1,8,12,5,1,13,8,9","0:0-9;1:3-0;2:4-1;3:0-8;4:2-12;5:0-5;6:2-1;7:0-13;8:14-8;9:12-9,6-9"
82,proposed_c2f_adaptive_pd_calibrated,9,10,0.9,15,270,0.05555555555555555,11,0,11,0.0,0.0,22748.261135558503,84.20521219148196,0.9090909090909091,13486.0,13486.0,0.0,12.720400001853704,"9,0,1,8,12,5,1,13,8,9","0:0-9;1:3-0;2:4-1;3:0-8;4:2-12;5:0-5;6:2-1;7:0-13;8:14-8;9:12-9,6-9"
83,proposed_c2f_adaptive_pd,10,10,1.0,21,300,0.07,10,0,10,0.0,0.0,4392.555371109795,663.7785702820933,1.0,11919.0,11919.0,0.0,3.4579000202938914,"3,9,12,12,5,9,14,8,2,0",0:2-3;1:0-9;2:1-12;3:1-12;4:4-5;5:0-9;6:0-14;7:0-8;8:0-2;9:1-0
83,proposed_c2f_adaptive_pd_calibrated,10,10,1.0,21,300,0.07,10,0,10,0.0,0.0,4392.555371109795,663.7785702820933,1.0,11919.0,11919.0,0.0,11.95660000666976,"3,9,12,12,5,9,14,8,2,0",0:2-3;1:0-9;2:1-12;3:1-12;4:4-5;5:0-9;6:0-14;7:0-8;8:0-2;9:1-0
84,proposed_c2f_adaptive_pd,10,10,1.0,15,300,0.05,12,1,11,640.0,1.0666666666666667,1540.756414899502,171.21020274472153,1.0,16198.0,16198.0,0.0,7.398199988529086,"11,5,7,11,13,1,0,11,1,5","0:0-11;1:0-5;2:3-7;3:1-11;4:3-13;5:4-1;6:2-0,0-2,3-0;7:8-11;8:3-1;9:0-5"
84,proposed_c2f_adaptive_pd_calibrated,10,10,1.0,15,300,0.05,12,1,11,640.0,1.0666666666666667,1540.756414899502,171.21020274472153,1.0,16198.0,16198.0,0.0,14.916899963282049,"11,5,7,11,13,1,0,11,1,5","0:0-11;1:0-5;2:3-7;3:1-11;4:3-13;5:4-1;6:2-0,0-2,3-0;7:8-11;8:3-1;9:0-5"
85,proposed_c2f_adaptive_pd,10,10,1.0,14,300,0.04666666666666667,16,1,15,640.0,1.0666666666666667,6110.512039328582,1145.7102652931692,1.0,14252.0,14252.0,0.0,7.757400046102703,"5,4,9,6,0,13,5,13,4,0","0:6-5;1:2-4;2:5-9;3:5-6;4:10-0,11-0,3-0,8-0,12-0;5:8-13;6:6-5;7:2-13;8:2-4;9:11-0,0-11,1-0"
85,proposed_c2f_adaptive_pd_calibrated,10,10,1.0,15,300,0.05,16,1,15,640.0,1.0666666666666667,6110.512039328582,1145.7102652931692,1.0,14252.0,14252.0,0.0,21.048600028734654,"5,4,9,6,0,13,5,13,4,0","0:6-5;1:2-4;2:5-9;3:5-6;4:10-0,11-0,3-0,8-0,12-0;5:8-13;6:6-5;7:2-13;8:2-4;9:11-0,0-11,1-0"
86,proposed_c2f_adaptive_pd,10,10,1.0,7,300,0.023333333333333334,15,3,12,1920.0,3.2,3852.6536657983243,345.25424025103473,1.0,13009.0,13009.0,0.0,7.999400026164949,"1,10,13,5,2,6,11,0,12,1","0:0-1;1:0-10;2:2-13;3:0-5;4:0-2;5:0-6;6:2-11;7:0-14,14-0,3-14,3-0,2-14,2-0;8:4-12;9:0-1"
86,proposed_c2f_adaptive_pd_calibrated,10,10,1.0,7,300,0.023333333333333334,15,3,12,1920.0,3.2,3852.6536657983243,345.25424025103473,1.0,13009.0,13009.0,0.0,17.822700028773397,"1,10,13,5,2,6,11,0,12,1","0:0-1;1:0-10;2:2-13;3:0-5;4:0-2;5:0-6;6:2-11;7:0-14,14-0,3-14,3-0,2-14,2-0;8:4-12;9:0-1"
87,proposed_c2f_adaptive_pd,10,10,1.0,13,300,0.043333333333333335,11,0,11,0.0,0.0,15168.674816271645,369.5622288478473,1.0,12394.0,12394.0,0.0,3.95279994700104,"8,8,9,12,2,13,13,10,13,5","0:5-8;1:0-8;2:2-9,1-9;3:0-12;4:13-2;5:2-13;6:0-13;7:0-10;8:3-13;9:0-5"
87,proposed_c2f_adaptive_pd_calibrated,10,10,1.0,14,300,0.04666666666666667,11,0,11,0.0,0.0,15168.674816271645,369.5622288478473,1.0,12394.0,12394.0,0.0,13.977199967484921,"8,8,9,12,2,13,13,10,13,5","0:5-8;1:0-8;2:2-9,1-9;3:0-12;4:13-2;5:2-13;6:0-13;7:0-10;8:3-13;9:0-5"
88,proposed_c2f_adaptive_pd,10,10,1.0,20,300,0.06666666666666667,12,1,11,640.0,1.0666666666666667,1483.2124768563422,81.88602554318982,1.0,15912.0,15912.0,0.0,7.57549999980256,"2,14,9,9,7,7,12,5,7,2","0:1-2;1:0-14;2:7-9,9-7;3:7-9;4:1-7;5:0-7;6:2-12;7:0-5;8:1-7,13-7;9:0-2"
88,proposed_c2f_adaptive_pd_calibrated,10,10,1.0,20,300,0.06666666666666667,12,1,11,640.0,1.0666666666666667,1483.2124768563422,81.88602554318982,1.0,15912.0,15912.0,0.0,16.63570001255721,"2,14,9,9,7,7,12,5,7,2","0:1-2;1:0-14;2:7-9,9-7;3:7-9;4:1-7;5:0-7;6:2-12;7:0-5;8:1-7,13-7;9:0-2"
89,proposed_c2f_adaptive_pd,10,10,1.0,14,300,0.04666666666666667,16,2,14,1280.0,2.1333333333333333,2381.9235839207295,210.47632464021888,1.0,16538.0,16538.0,0.0,9.225099987816066,"4,4,10,4,2,1,10,0,2,11","0:14-4,9-4;1:1-4;2:5-10;3:9-4,4-9,14-4,4-14,6-4,11-4;4:0-2;5:4-1;6:1-10;7:1-0;8:0-2;9:0-11"
89,proposed_c2f_adaptive_pd_calibrated,10,10,1.0,15,300,0.05,16,2,14,1280.0,2.1333333333333333,2381.9235839207295,210.47632464021888,1.0,16538.0,16538.0,0.0,22.077900008298457,"4,4,10,4,2,1,10,0,2,11","0:14-4,9-4;1:1-4;2:5-10;3:9-4,4-9,14-4,4-14,6-4,11-4;4:0-2;5:4-1;6:1-10;7:1-0;8:0-2;9:0-11"
90,proposed_c2f_adaptive_pd,10,10,1.0,20,300,0.06666666666666667,12,1,11,640.0,1.0666666666666667,443.0279435772151,355.4057852245969,1.0,11732.0,11732.0,0.0,5.952800041995943,"8,11,4,0,0,9,8,1,7,0","0:1-8;1:3-11;2:1-4;3:6-0;4:6-0;5:2-9;6:0-8;7:4-1;8:2-7,7-2,9-7;9:8-0"
90,proposed_c2f_adaptive_pd_calibrated,10,10,1.0,20,300,0.06666666666666667,12,1,11,640.0,1.0666666666666667,443.0279435772151,355.4057852245969,1.0,11732.0,11732.0,0.0,14.238299976568669,"8,11,4,0,0,9,8,1,7,0","0:1-8;1:3-11;2:1-4;3:6-0;4:6-0;5:2-9;6:0-8;7:4-1;8:2-7,7-2,9-7;9:8-0"
91,proposed_c2f_adaptive_pd,7,10,0.7,15,300,0.05,25,8,17,5120.0,8.533333333333335,104860.91566822717,94.49537300407576,1.0,23268.0,23268.0,0.0,11.048700020182878,"8,6,4,8,14,3,0,3,0,8","0:14-8,8-14,7-8,8-7,11-8,3-8;1:3-6;2:1-4;3:3-8,14-8,8-14,3-7,3-14,6-8;4:11-14;5:2-3;6:1-0;7:6-3,3-6,8-3,7-3,3-7,8-6;8:5-0;9:0-8"
91,proposed_c2f_adaptive_pd_calibrated,7,10,0.7,15,300,0.05,25,8,17,5120.0,8.533333333333335,104860.91566822717,94.49537300407576,1.0,23268.0,23268.0,0.0,35.28760001063347,"8,6,4,8,14,3,0,3,0,8","0:14-8,8-14,7-8,8-7,11-8,3-8;1:3-6;2:1-4;3:3-8,14-8,8-14,3-7,3-14,6-8;4:11-14;5:2-3;6:1-0;7:6-3,3-6,8-3,7-3,3-7,8-6;8:5-0;9:0-8"
92,proposed_c2f_adaptive_pd,10,10,1.0,19,300,0.06333333333333334,12,0,12,0.0,0.0,805.4907855535528,105.48383204465998,1.0,17633.0,17633.0,0.0,7.284499995876104,"12,2,8,14,12,1,4,4,8,8","0:0-12;1:0-2;2:3-8,6-8;3:3-14;4:1-12;5:2-1;6:9-4;7:9-4,3-4;8:2-8;9:2-8"
92,proposed_c2f_adaptive_pd_calibrated,10,10,1.0,19,300,0.06333333333333334,12,0,12,0.0,0.0,805.4907855535528,105.48383204465998,1.0,17633.0,17633.0,0.0,12.882400013040751,"12,2,8,14,12,1,4,4,8,8","0:0-12;1:0-2;2:3-8,6-8;3:3-14;4:1-12;5:2-1;6:9-4;7:9-4,3-4;8:2-8;9:2-8"
93,proposed_c2f_adaptive_pd,10,10,1.0,20,300,0.06666666666666667,11,0,11,0.0,0.0,11505.440462185239,890.8022773429327,1.0,10368.0,10368.0,0.0,6.7746000131592155,"9,6,10,7,1,5,5,14,14,3","0:3-9;1:3-6,5-6;2:1-10;3:1-7;4:0-1;5:0-5;6:1-5;7:0-14;8:0-14;9:6-3"
93,proposed_c2f_adaptive_pd_calibrated,10,10,1.0,20,300,0.06666666666666667,11,0,11,0.0,0.0,11505.440462185239,890.8022773429327,1.0,10368.0,10368.0,0.0,17.307400004938245,"9,6,10,7,1,5,5,14,14,3","0:3-9;1:3-6,5-6;2:1-10;3:1-7;4:0-1;5:0-5;6:1-5;7:0-14;8:0-14;9:6-3"
94,proposed_c2f_adaptive_pd,9,10,0.9,12,300,0.04,13,2,11,1280.0,2.1333333333333333,751.7622144572537,115.74635012716664,1.0,12194.0,12194.0,0.0,4.423699981998652,"0,13,13,10,10,7,4,6,6,9","0:1-0;1:4-13;2:0-13;3:4-10;4:0-10;5:2-7;6:2-4;7:0-6;8:6-4,8-4,2-6,0-6;9:11-9"
94,proposed_c2f_adaptive_pd_calibrated,9,10,0.9,13,300,0.043333333333333335,13,2,11,1280.0,2.1333333333333333,751.7622144572537,115.74635012716664,1.0,12194.0,12194.0,0.0,15.358000004198402,"0,13,13,10,10,7,4,6,6,9","0:1-0;1:4-13;2:0-13;3:4-10;4:0-10;5:2-7;6:2-4;7:0-6;8:6-4,8-4,2-6,0-6;9:11-9"
95,proposed_c2f_adaptive_pd,9,10,0.9,11,270,0.040740740740740744,11,0,11,0.0,0.0,272.91104558846683,81.33385436791437,0.9090909090909091,12916.0,12916.0,0.0,6.322400004137307,"12,5,7,13,9,6,12,10,0,1","0:0-12;1:0-5;2:1-7;3:10-13;4:0-9;5:7-6,10-6;6:0-12;7:6-10;8:2-0;9:0-1"
95,proposed_c2f_adaptive_pd_calibrated,9,10,0.9,11,270,0.040740740740740744,11,0,11,0.0,0.0,272.91104558846683,81.33385436791437,0.9090909090909091,12916.0,12916.0,0.0,13.778500026091933,"12,5,7,13,9,6,12,10,0,1","0:0-12;1:0-5;2:1-7;3:10-13;4:0-9;5:7-6,10-6;6:0-12;7:6-10;8:2-0;9:0-1"
96,proposed_c2f_adaptive_pd,10,10,1.0,16,300,0.05333333333333334,10,0,10,0.0,0.0,383.46292512590014,190.6570285524936,1.0,11429.0,11429.0,0.0,4.428100015502423,"6,2,4,11,10,10,6,9,0,9",0:1-6;1:1-2;2:2-4;3:0-11;4:3-10;5:0-10;6:1-6;7:0-9;8:5-0;9:0-9
96,proposed_c2f_adaptive_pd_calibrated,10,10,1.0,16,300,0.05333333333333334,10,0,10,0.0,0.0,383.46292512590014,190.6570285524936,1.0,11429.0,11429.0,0.0,8.711199974641204,"6,2,4,11,10,10,6,9,0,9",0:1-6;1:1-2;2:2-4;3:0-11;4:3-10;5:0-10;6:1-6;7:0-9;8:5-0;9:0-9
97,proposed_c2f_adaptive_pd,10,10,1.0,14,300,0.04666666666666667,14,0,14,0.0,0.0,2521.0686571200813,277.19900504469587,1.0,11539.0,11539.0,0.0,6.140700017567724,"7,13,12,12,10,6,5,3,13,10","0:12-7;1:3-13;2:7-12;3:3-12,5-12,7-12;4:0-10;5:12-6,11-6,7-6;6:11-5;7:5-3;8:3-13;9:0-10"
97,proposed_c2f_adaptive_pd_calibrated,10,10,1.0,14,300,0.04666666666666667,14,0,14,0.0,0.0,2521.0686571200813,277.19900504469587,1.0,11539.0,11539.0,0.0,19.319900020491332,"7,13,12,12,10,6,5,3,13,10","0:12-7;1:3-13;2:7-12;3:3-12,5-12,7-12;4:0-10;5:12-6,11-6,7-6;6:11-5;7:5-3;8:3-13;9:0-10"
98,proposed_c2f_adaptive_pd,10,10,1.0,16,300,0.05333333333333334,15,3,12,1920.0,3.2,1724.789357773244,458.9704332714326,1.0,13205.0,13205.0,0.0,7.890600012615323,"13,7,1,12,6,1,13,4,8,5","0:9-13;1:0-7;2:1-14,14-1,3-14,4-1,3-1,4-14;3:0-12;4:5-6;5:0-1;6:8-13;7:0-4;8:1-8;9:2-5"
98,proposed_c2f_adaptive_pd_calibrated,10,10,1.0,16,300,0.05333333333333334,15,3,12,1920.0,3.2,1724.789357773244,458.9704332714326,1.0,13205.0,13205.0,0.0,17.439500021282583,"13,7,1,12,6,1,13,4,8,5","0:9-13;1:0-7;2:1-14,14-1,3-14,4-1,3-1,4-14;3:0-12;4:5-6;5:0-1;6:8-13;7:0-4;8:1-8;9:2-5"
99,proposed_c2f_adaptive_pd,10,10,1.0,12,300,0.04,17,1,16,640.0,1.0666666666666667,637.0585885374928,140.86545839614365,1.0,22969.0,22969.0,0.0,8.478300005663186,"5,6,6,2,12,8,1,0,6,7","0:0-5;1:11-6,4-6,1-6,10-6;2:1-6,11-6;3:3-2;4:0-12;5:0-8;6:0-1;7:12-0,1-0,0-12;8:11-6,14-6;9:0-7"
99,proposed_c2f_adaptive_pd_calibrated,10,10,1.0,12,300,0.04,17,1,16,640.0,1.0666666666666667,637.0585885374928,140.86545839614365,1.0,22969.0,22969.0,0.0,18.521799996960908,"5,6,6,2,12,8,1,0,6,7","0:0-5;1:11-6,4-6,1-6,10-6;2:1-6,11-6;3:3-2;4:0-12;5:0-8;6:0-1;7:12-0,1-0,0-12;8:11-6,14-6;9:0-7"
100,proposed_c2f_adaptive_pd,8,10,0.8,15,300,0.05,15,2,13,1280.0,2.1333333333333333,2910.5858500109125,766.9981103733274,1.0,13401.0,13401.0,0.0,8.447200001683086,"8,0,8,2,4,2,6,12,6,7","0:0-8;1:0-10,5-0,11-10,10-0,13-0,8-0;2:13-8;3:12-2;4:0-4;5:12-2;6:0-6;7:1-12;8:1-6;9:0-7"
100,proposed_c2f_adaptive_pd_calibrated,8,10,0.8,15,300,0.05,15,2,13,1280.0,2.1333333333333333,2910.5858500109125,766.9981103733274,1.0,13401.0,13401.0,0.0,16.782600025180727,"8,0,8,2,4,2,6,12,6,7","0:0-8;1:0-10,5-0,11-10,10-0,13-0,8-0;2:13-8;3:12-2;4:0-4;5:12-2;6:0-6;7:1-12;8:1-6;9:0-7"
101,proposed_c2f_adaptive_pd,10,10,1.0,15,300,0.05,15,4,11,2560.0,4.266666666666667,1802.1647321539665,315.9310287864119,1.0,13205.0,13205.0,0.0,8.767899998929352,"2,5,0,1,7,0,14,12,13,4","0:3-2;1:0-5;2:5-0;3:5-1;4:0-7;5:0-8,8-0,9-8,8-9,9-0,0-9;6:1-14;7:0-12;8:0-13;9:0-4"
101,proposed_c2f_adaptive_pd_calibrated,10,10,1.0,16,300,0.05333333333333334,15,4,11,2560.0,4.266666666666667,1802.1647321539665,315.9310287864119,1.0,13205.0,13205.0,0.0,19.650300033390522,"2,5,0,1,7,0,14,12,13,4","0:3-2;1:0-5;2:5-0;3:5-1;4:0-7;5:0-8,8-0,9-8,8-9,9-0,0-9;6:1-14;7:0-12;8:0-13;9:0-4"
102,proposed_c2f_adaptive_pd,10,10,1.0,14,300,0.04666666666666667,11,0,11,0.0,0.0,1128.7597543526276,162.77279346123157,1.0,8940.0,8940.0,0.0,4.022100009024143,"1,14,10,9,12,10,1,5,10,2","0:10-1;1:2-14;2:9-10;3:3-9,2-9;4:0-12;5:1-10;6:3-1;7:0-5;8:6-10;9:0-2"
102,proposed_c2f_adaptive_pd_calibrated,10,10,1.0,14,300,0.04666666666666667,11,0,11,0.0,0.0,1128.7597543526276,162.77279346123157,1.0,8940.0,8940.0,0.0,12.224200007040054,"1,14,10,9,12,10,1,5,10,2","0:10-1;1:2-14;2:9-10;3:3-9,2-9;4:0-12;5:1-10;6:3-1;7:0-5;8:6-10;9:0-2"
103,proposed_c2f_adaptive_pd,10,10,1.0,15,300,0.05,11,1,10,640.0,1.0666666666666667,1611.071540342586,236.52702581601315,1.0,12734.0,12734.0,0.0,6.760599964763969,"2,0,3,10,10,7,5,10,4,6","0:7-2;1:2-0;2:12-3;3:0-10;4:0-10;5:0-7;6:0-5;7:1-10,10-1;8:2-4;9:4-6"
103,proposed_c2f_adaptive_pd_calibrated,10,10,1.0,15,300,0.05,11,1,10,640.0,1.0666666666666667,1611.071540342586,236.52702581601315,1.0,12734.0,12734.0,0.0,13.910499983467162,"2,0,3,10,10,7,5,10,4,6","0:7-2;1:2-0;2:12-3;3:0-10;4:0-10;5:0-7;6:0-5;7:1-10,10-1;8:2-4;9:4-6"
104,proposed_c2f_adaptive_pd,10,10,1.0,11,300,0.03666666666666667,11,0,11,0.0,0.0,896.6946471372005,110.14876760012649,1.0,11666.0,11666.0,0.0,5.69530000211671,"10,8,10,7,7,13,5,8,10,4","0:13-10;1:14-8;2:13-10;3:1-7;4:1-7;5:0-13;6:8-5,10-5;7:0-8;8:1-10;9:1-4"
104,proposed_c2f_adaptive_pd_calibrated,10,10,1.0,11,300,0.03666666666666667,11,0,11,0.0,0.0,896.6946471372005,110.14876760012649,1.0,11666.0,11666.0,0.0,14.545899990480393,"10,8,10,7,7,13,5,8,10,4","0:13-10;1:14-8;2:13-10;3:1-7;4:1-7;5:0-13;6:8-5,10-5;7:0-8;8:1-10;9:1-4"
105,proposed_c2f_adaptive_pd,9,10,0.9,14,300,0.04666666666666667,24,0,24,0.0,0.0,245.3697094172913,53.387733051415125,1.0,17882.0,17882.0,0.0,11.558400001376867,"14,14,14,4,14,4,14,6,10,14","0:5-14,2-14,4-14,6-14,8-14,12-14;1:2-14,4-14,5-14,6-14,8-14,3-14;2:5-14;3:2-4;4:0-14;5:2-4,8-4,14-4,10-4;6:0-14;7:1-6;8:12-10;9:5-14,4-14"
105,proposed_c2f_adaptive_pd_calibrated,9,10,0.9,14,300,0.04666666666666667,24,0,24,0.0,0.0,245.3697094172913,53.387733051415125,1.0,17882.0,17882.0,0.0,22.92660000966862,"14,14,14,4,14,4,14,6,10,14","0:5-14,2-14,4-14,6-14,8-14,12-14;1:2-14,4-14,5-14,6-14,8-14,3-14;2:5-14;3:2-4;4:0-14;5:2-4,8-4,14-4,10-4;6:0-14;7:1-6;8:12-10;9:5-14,4-14"
106,proposed_c2f_adaptive_pd,10,10,1.0,16,300,0.05333333333333334,11,1,10,640.0,1.0666666666666667,1005.7901436701495,84.9719514120504,1.0,11666.0,11666.0,0.0,6.1030000215396285,"8,3,12,9,0,11,1,7,11,6","0:1-8;1:4-3;2:1-12;3:2-9,9-2;4:6-0;5:1-11;6:8-1;7:3-7;8:3-11;9:0-6"
106,proposed_c2f_adaptive_pd_calibrated,10,10,1.0,16,300,0.05333333333333334,11,1,10,640.0,1.0666666666666667,1005.7901436701495,84.9719514120504,1.0,11666.0,11666.0,0.0,13.451800041366369,"8,3,12,9,0,11,1,7,11,6","0:1-8;1:4-3;2:1-12;3:2-9,9-2;4:6-0;5:1-11;6:8-1;7:3-7;8:3-11;9:0-6"
107,proposed_c2f_adaptive_pd,9,10,0.9,8,300,0.02666666666666667,10,0,10,0.0,0.0,576.7163439816413,127.79900755427785,1.0,10505.0,10505.0,0.0,5.417400039732456,"13,10,14,10,4,8,13,11,0,11",0:1-13;1:13-10;2:0-14;3:0-10;4:1-4;5:5-8;6:0-13;7:3-11;8:1-0;9:2-11
107,proposed_c2f_adaptive_pd_calibrated,9,10,0.9,8,300,0.02666666666666667,10,0,10,0.0,0.0,576.7163439816413,127.79900755427785,1.0,10505.0,10505.0,0.0,11.851600022055209,"13,10,14,10,4,8,13,11,0,11",0:1-13;1:13-10;2:0-14;3:0-10;4:1-4;5:5-8;6:0-13;7:3-11;8:1-0;9:2-11
108,proposed_c2f_adaptive_pd,10,10,1.0,13,300,0.043333333333333335,12,1,11,640.0,1.0666666666666667,247.57407434170665,175.2533462292719,1.0,11869.0,11869.0,0.0,4.914799996186048,"4,0,8,3,7,2,6,4,7,10","0:0-4;1:3-0;2:0-8;3:13-3;4:6-7;5:1-2;6:0-6;7:1-4;8:9-7;9:10-3,3-10,2-10"
108,proposed_c2f_adaptive_pd_calibrated,10,10,1.0,13,300,0.043333333333333335,12,1,11,640.0,1.0666666666666667,247.57407434170665,175.2533462292719,1.0,11869.0,11869.0,0.0,11.87940000090748,"4,0,8,3,7,2,6,4,7,10","0:0-4;1:3-0;2:0-8;3:13-3;4:6-7;5:1-2;6:0-6;7:1-4;8:9-7;9:10-3,3-10,2-10"
109,proposed_c2f_adaptive_pd,10,10,1.0,21,300,0.07,12,0,12,0.0,0.0,1019.6170986622772,257.8156415011364,1.0,11404.0,11404.0,0.0,7.230399991385639,"2,9,6,0,10,1,6,1,2,13","0:4-2;1:1-9,7-9;2:5-6;3:3-0;4:0-10,4-10;5:4-1;6:12-6;7:0-1;8:10-2;9:5-13"
109,proposed_c2f_adaptive_pd_calibrated,10,10,1.0,21,300,0.07,12,0,12,0.0,0.0,1019.6170986622772,257.8156415011364,1.0,11404.0,11404.0,0.0,13.284199987538159,"2,9,6,0,10,1,6,1,2,13","0:4-2;1:1-9,7-9;2:5-6;3:3-0;4:0-10,4-10;5:4-1;6:12-6;7:0-1;8:10-2;9:5-13"
110,proposed_c2f_adaptive_pd,9,10,0.9,10,300,0.03333333333333333,10,0,10,0.0,0.0,460.644406203692,479.7098474418052,1.0,11583.0,11583.0,0.0,4.772699961904436,"1,13,1,10,14,8,0,1,0,6",0:0-1;1:0-13;2:0-1;3:0-10;4:0-14;5:2-8;6:9-0;7:6-1;8:1-0;9:1-6
110,proposed_c2f_adaptive_pd_calibrated,9,10,0.9,10,300,0.03333333333333333,10,0,10,0.0,0.0,460.644406203692,479.7098474418052,1.0,11583.0,11583.0,0.0,11.234699981287122,"1,13,1,10,14,8,0,1,0,6",0:0-1;1:0-13;2:0-1;3:0-10;4:0-14;5:2-8;6:9-0;7:6-1;8:1-0;9:1-6
111,proposed_c2f_adaptive_pd,8,10,0.8,17,300,0.056666666666666664,14,3,11,1920.0,3.2,200.4345938582369,78.51920799778405,1.0,12739.0,12739.0,0.0,6.099899997934699,"5,13,2,14,14,7,11,10,13,12","0:2-5;1:4-13;2:1-2;3:12-14;4:7-14;5:8-7;6:11-9,10-9,7-9,9-11;7:11-10,9-10;8:10-13;9:0-12"
111,proposed_c2f_adaptive_pd_calibrated,8,10,0.8,17,300,0.056666666666666664,14,3,11,1920.0,3.2,200.4345938582369,78.51920799778405,1.0,12739.0,12739.0,0.0,19.315099983941764,"5,13,2,14,14,7,11,10,13,12","0:2-5;1:4-13;2:1-2;3:12-14;4:7-14;5:8-7;6:11-9,10-9,7-9,9-11;7:11-10,9-10;8:10-13;9:0-12"
112,proposed_c2f_adaptive_pd,10,10,1.0,10,300,0.03333333333333333,15,4,11,2560.0,4.266666666666667,25300.526735580475,193.53368875658825,1.0,12757.0,12757.0,0.0,7.749999989755452,"4,11,6,5,11,5,11,5,2,14","0:0-4;1:2-11;2:0-6;3:8-5;4:3-11;5:3-5;6:11-4,11-3,3-11,4-11,3-4,4-3;7:0-5;8:0-2;9:0-14"
112,proposed_c2f_adaptive_pd_calibrated,10,10,1.0,12,300,0.04,15,4,11,2560.0,4.266666666666667,25300.526735580475,193.53368875658825,1.0,12757.0,12757.0,0.0,17.48590002534911,"4,11,6,5,11,5,11,5,2,14","0:0-4;1:2-11;2:0-6;3:8-5;4:3-11;5:3-5;6:11-4,11-3,3-11,4-11,3-4,4-3;7:0-5;8:0-2;9:0-14"
113,proposed_c2f_adaptive_pd,10,10,1.0,9,300,0.03,10,0,10,0.0,0.0,628.869372342217,493.7409488166662,1.0,9889.0,9889.0,0.0,3.5401000059209764,"2,7,10,1,12,2,2,2,12,4",0:7-2;1:3-7;2:1-10;3:0-1;4:1-12;5:6-2;6:6-2;7:1-2;8:0-12;9:3-4
113,proposed_c2f_adaptive_pd_calibrated,10,10,1.0,9,300,0.03,10,0,10,0.0,0.0,628.869372342217,493.7409488166662,1.0,9889.0,9889.0,0.0,11.7655000067316,"2,7,10,1,12,2,2,2,12,4",0:7-2;1:3-7;2:1-10;3:0-1;4:1-12;5:6-2;6:6-2;7:1-2;8:0-12;9:3-4
114,proposed_c2f_adaptive_pd,9,10,0.9,17,300,0.056666666666666664,17,1,16,640.0,1.0666666666666667,8305.826911756934,121.82358450285676,1.0,16692.0,16692.0,0.0,9.828699985519052,"5,6,0,2,5,9,5,10,4,11","0:4-5;1:0-6;2:2-0,8-0;3:0-2;4:13-5;5:0-9;6:10-5,6-5;7:10-5,5-10,2-10,7-10,13-10,12-10;8:9-4;9:0-11"
114,proposed_c2f_adaptive_pd_calibrated,9,10,0.9,17,300,0.056666666666666664,17,1,16,640.0,1.0666666666666667,8305.826911756934,121.82358450285676,1.0,16692.0,16692.0,0.0,19.42840003175661,"5,6,0,2,5,9,5,10,4,11","0:4-5;1:0-6;2:2-0,8-0;3:0-2;4:13-5;5:0-9;6:10-5,6-5;7:10-5,5-10,2-10,7-10,13-10,12-10;8:9-4;9:0-11"
115,proposed_c2f_adaptive_pd,10,10,1.0,11,300,0.03666666666666667,16,1,15,640.0,1.0666666666666667,5771.520633081107,233.9473638915737,1.0,14296.0,14296.0,0.0,7.048900006338954,"2,9,14,5,13,9,1,9,5,13","0:0-2;1:0-9;2:0-14;3:3-5;4:7-13;5:1-9;6:2-1;7:1-9;8:3-5,7-5,5-3,10-5,1-5,4-5;9:7-13,10-13"
115,proposed_c2f_adaptive_pd_calibrated,10,10,1.0,11,300,0.03666666666666667,16,1,15,640.0,1.0666666666666667,5771.520633081107,233.9473638915737,1.0,14296.0,14296.0,0.0,17.323700012639165,"2,9,14,5,13,9,1,9,5,13","0:0-2;1:0-9;2:0-14;3:3-5;4:7-13;5:1-9;6:2-1;7:1-9;8:3-5,7-5,5-3,10-5,1-5,4-5;9:7-13,10-13"
116,proposed_c2f_adaptive_pd,10,10,1.0,11,300,0.03666666666666667,10,0,10,0.0,0.0,2376.7097502032507,186.03312091149826,1.0,9119.0,9119.0,0.0,6.301900022663176,"6,10,7,0,10,8,1,6,8,10",0:2-6;1:0-10;2:0-7;3:1-0;4:8-10;5:10-8;6:13-1;7:2-6;8:0-8;9:2-10
116,proposed_c2f_adaptive_pd_calibrated,10,10,1.0,12,300,0.04,10,0,10,0.0,0.0,2376.7097502032507,186.03312091149826,1.0,9119.0,9119.0,0.0,12.443900050129741,"6,10,7,0,10,8,1,6,8,10",0:2-6;1:0-10;2:0-7;3:1-0;4:8-10;5:10-8;6:13-1;7:2-6;8:0-8;9:2-10
117,proposed_c2f_adaptive_pd,9,10,0.9,19,270,0.07037037037037037,14,2,12,1280.0,2.1333333333333333,5224.7084633414925,184.9528328352729,0.9285714285714286,14457.0,14457.0,0.0,4.753900051582605,"4,0,11,9,0,1,7,0,13,8","0:0-4;1:1-0;2:1-11;3:0-9;4:7-0,0-7,0-13,13-0,14-0;5:2-1;6:0-7;7:2-0;8:0-13;9:0-8"
117,proposed_c2f_adaptive_pd_calibrated,9,10,0.9,19,270,0.07037037037037037,14,2,12,1280.0,2.1333333333333333,5224.7084633414925,184.9528328352729,0.9285714285714286,14457.0,14457.0,0.0,13.116299989633262,"4,0,11,9,0,1,7,0,13,8","0:0-4;1:1-0;2:1-11;3:0-9;4:7-0,0-7,0-13,13-0,14-0;5:2-1;6:0-7;7:2-0;8:0-13;9:0-8"
118,proposed_c2f_adaptive_pd,9,10,0.9,14,300,0.04666666666666667,14,2,12,1280.0,2.1333333333333333,343.41163236995607,104.68691511744865,1.0,14737.0,14737.0,0.0,7.352299988269806,"8,6,14,10,12,2,10,14,13,8","0:10-8;1:5-6;2:10-14;3:7-10;4:10-12;5:0-2;6:7-10;7:0-14;8:5-13;9:14-8,6-14,8-14,5-8,10-8"
118,proposed_c2f_adaptive_pd_calibrated,9,10,0.9,15,300,0.05,14,2,12,1280.0,2.1333333333333333,343.41163236995607,104.68691511744865,1.0,14737.0,14737.0,0.0,15.53470001090318,"8,6,14,10,12,2,10,14,13,8","0:10-8;1:5-6;2:10-14;3:7-10;4:10-12;5:0-2;6:7-10;7:0-14;8:5-13;9:14-8,6-14,8-14,5-8,10-8"
119,proposed_c2f_adaptive_pd,9,10,0.9,10,300,0.03333333333333333,11,0,11,0.0,0.0,1380.776241706152,182.16178198850054,1.0,9825.0,9825.0,0.0,5.732399993576109,"9,2,7,4,6,9,1,1,8,12","0:10-9,1-9;1:0-2;2:0-7;3:0-4;4:0-6;5:10-9;6:0-1;7:2-1;8:2-8;9:4-12"
119,proposed_c2f_adaptive_pd_calibrated,9,10,0.9,10,300,0.03333333333333333,11,0,11,0.0,0.0,1380.776241706152,182.16178198850054,1.0,9825.0,9825.0,0.0,13.16400000359863,"9,2,7,4,6,9,1,1,8,12","0:10-9,1-9;1:0-2;2:0-7;3:0-4;4:0-6;5:10-9;6:0-1;7:2-1;8:2-8;9:4-12"
120,proposed_c2f_adaptive_pd,10,10,1.0,14,300,0.04666666666666667,14,0,14,0.0,0.0,404215.67660111154,112.75225840639663,1.0,13563.0,13563.0,0.0,8.367299975361675,"5,14,13,2,9,9,9,3,9,1","0:0-5;1:0-14;2:0-13;3:3-2,13-2,11-2;4:14-9,2-9;5:1-9;6:2-9;7:5-3;8:2-9,14-9;9:4-1"
120,proposed_c2f_adaptive_pd_calibrated,10,10,1.0,14,300,0.04666666666666667,14,0,14,0.0,0.0,404215.67660111154,112.75225840639663,1.0,13563.0,13563.0,0.0,18.689799995627254,"5,14,13,2,9,9,9,3,9,1","0:0-5;1:0-14;2:0-13;3:3-2,13-2,11-2;4:14-9,2-9;5:1-9;6:2-9;7:5-3;8:2-9,14-9;9:4-1"
121,proposed_c2f_adaptive_pd,10,10,1.0,13,300,0.043333333333333335,25,2,23,1280.0,2.1333333333333333,184.5687172967686,94.22049475909975,1.0,24980.0,24980.0,0.0,11.481300054583699,"9,9,7,3,9,4,3,4,9,13","0:3-9,14-9;1:3-9,6-9,14-9;2:2-7,11-7,13-7,10-7,4-7,7-4;3:9-3;4:3-9;5:0-4;6:6-3,9-3,1-3;7:0-4;8:0-9;9:11-13,13-11,12-13,7-13,14-13,3-13"
121,proposed_c2f_adaptive_pd_calibrated,10,10,1.0,13,300,0.043333333333333335,25,2,23,1280.0,2.1333333333333333,184.5687172967686,94.22049475909975,1.0,24980.0,24980.0,0.0,28.11800001654774,"9,9,7,3,9,4,3,4,9,13","0:3-9,14-9;1:3-9,6-9,14-9;2:2-7,11-7,13-7,10-7,4-7,7-4;3:9-3;4:3-9;5:0-4;6:6-3,9-3,1-3;7:0-4;8:0-9;9:11-13,13-11,12-13,7-13,14-13,3-13"
122,proposed_c2f_adaptive_pd,10,10,1.0,14,300,0.04666666666666667,11,0,11,0.0,0.0,514.9188259860787,185.11540421800555,1.0,12370.0,12370.0,0.0,4.586199996992946,"13,14,11,7,12,12,13,0,1,0","0:7-13;1:0-14;2:0-11;3:11-7;4:6-12,4-12;5:3-12;6:5-13;7:1-0;8:0-1;9:1-0"
122,proposed_c2f_adaptive_pd_calibrated,10,10,1.0,14,300,0.04666666666666667,11,0,11,0.0,0.0,514.9188259860787,185.11540421800555,1.0,12370.0,12370.0,0.0,11.829999973997474,"13,14,11,7,12,12,13,0,1,0","0:7-13;1:0-14;2:0-11;3:11-7;4:6-12,4-12;5:3-12;6:5-13;7:1-0;8:0-1;9:1-0"
123,proposed_c2f_adaptive_pd,10,10,1.0,17,300,0.056666666666666664,16,2,14,1280.0,2.1333333333333333,27619.65524448856,254.78276599623948,1.0,20239.0,20239.0,0.0,6.087600020691752,"9,12,13,12,12,12,0,11,10,12","0:5-9;1:0-12;2:0-13;3:2-12,12-2;4:0-12;5:9-12,10-12,12-2,2-12,7-12,4-12;6:1-0;7:5-11;8:4-10;9:9-12"
123,proposed_c2f_adaptive_pd_calibrated,10,10,1.0,17,300,0.056666666666666664,16,2,14,1280.0,2.1333333333333333,27619.65524448856,254.78276599623948,1.0,20239.0,20239.0,0.0,17.20600004773587,"9,12,13,12,12,12,0,11,10,12","0:5-9;1:0-12;2:0-13;3:2-12,12-2;4:0-12;5:9-12,10-12,12-2,2-12,7-12,4-12;6:1-0;7:5-11;8:4-10;9:9-12"
124,proposed_c2f_adaptive_pd,10,10,1.0,22,300,0.07333333333333333,20,4,16,2560.0,4.266666666666667,4785.744118293386,560.2584897001252,1.0,21336.0,21336.0,0.0,7.770799973513931,"3,5,6,11,8,13,12,4,11,11","0:6-3,3-6,12-3,3-12,11-3,6-12;1:0-5;2:0-6;3:1-11;4:1-8;5:6-13;6:0-12;7:1-4;8:11-7,6-11,7-11,12-11,3-11,13-11;9:1-11"
124,proposed_c2f_adaptive_pd_calibrated,10,10,1.0,22,300,0.07333333333333333,20,4,16,2560.0,4.266666666666667,4785.744118293386,560.2584897001252,1.0,21336.0,21336.0,0.0,23.962700041010976,"3,5,6,11,8,13,12,4,11,11","0:6-3,3-6,12-3,3-12,11-3,6-12;1:0-5;2:0-6;3:1-11;4:1-8;5:6-13;6:0-12;7:1-4;8:11-7,6-11,7-11,12-11,3-11,13-11;9:1-11"
125,proposed_c2f_adaptive_pd,10,10,1.0,17,300,0.056666666666666664,10,0,10,0.0,0.0,3322.088716609698,525.7326599787414,1.0,10967.0,10967.0,0.0,5.593599984422326,"2,6,3,7,7,1,3,5,7,10",0:0-2;1:0-6;2:0-3;3:0-7;4:0-7;5:0-1;6:5-3;7:3-5;8:0-7;9:0-10
125,proposed_c2f_adaptive_pd_calibrated,10,10,1.0,17,300,0.056666666666666664,10,0,10,0.0,0.0,3322.088716609698,525.7326599787414,1.0,10967.0,10967.0,0.0,13.403200020547956,"2,6,3,7,7,1,3,5,7,10",0:0-2;1:0-6;2:0-3;3:0-7;4:0-7;5:0-1;6:5-3;7:3-5;8:0-7;9:0-10
126,proposed_c2f_adaptive_pd,10,10,1.0,22,300,0.07333333333333333,12,0,12,0.0,0.0,12863.245263099925,123.04660741922298,1.0,13191.0,13191.0,0.0,5.943700030911714,"10,1,0,14,13,3,7,3,14,7","0:0-10;1:13-1;2:3-0;3:1-14,13-14;4:1-13;5:0-3;6:1-7;7:0-3;8:1-14,13-14;9:2-7"
126,proposed_c2f_adaptive_pd_calibrated,10,10,1.0,23,300,0.07666666666666666,12,0,12,0.0,0.0,12863.245263099925,123.04660741922298,1.0,13191.0,13191.0,0.0,10.446999978739768,"10,1,0,14,13,3,7,3,14,7","0:0-10;1:13-1;2:3-0;3:1-14,13-14;4:1-13;5:0-3;6:1-7;7:0-3;8:1-14,13-14;9:2-7"
127,proposed_c2f_adaptive_pd,9,10,0.9,15,300,0.05,14,2,12,1280.0,2.1333333333333333,2602.1616184872896,278.1587950579181,1.0,12497.0,12497.0,0.0,4.59010002668947,"5,3,4,14,3,12,5,8,7,9","0:0-5;1:4-3;2:1-4;3:1-14;4:12-3,6-3,3-4,4-3,3-6;5:2-12;6:0-5;7:0-8;8:0-7;9:10-9"
127,proposed_c2f_adaptive_pd_calibrated,9,10,0.9,15,300,0.05,14,2,12,1280.0,2.1333333333333333,2602.1616184872896,278.1587950579181,1.0,12497.0,12497.0,0.0,13.477700005751103,"5,3,4,14,3,12,5,8,7,9","0:0-5;1:4-3;2:1-4;3:1-14;4:12-3,6-3,3-4,4-3,3-6;5:2-12;6:0-5;7:0-8;8:0-7;9:10-9"
128,proposed_c2f_adaptive_pd,10,10,1.0,10,300,0.03333333333333333,10,0,10,0.0,0.0,575.4192162197445,220.29211746656142,1.0,9273.0,9273.0,0.0,4.584399983286858,"13,2,1,12,0,1,10,9,7,4",0:8-13;1:0-2;2:0-1;3:2-12;4:1-0;5:0-1;6:2-10;7:0-9;8:0-7;9:2-4
128,proposed_c2f_adaptive_pd_calibrated,10,10,1.0,10,300,0.03333333333333333,10,0,10,0.0,0.0,575.4192162197445,220.29211746656142,1.0,9273.0,9273.0,0.0,10.586799995508045,"13,2,1,12,0,1,10,9,7,4",0:8-13;1:0-2;2:0-1;3:2-12;4:1-0;5:0-1;6:2-10;7:0-9;8:0-7;9:2-4
129,proposed_c2f_adaptive_pd,10,10,1.0,15,300,0.05,15,3,12,1920.0,3.2,1015.8011035232041,192.12518973944714,1.0,12743.0,12743.0,0.0,6.9216000265441835,"6,5,9,0,6,1,6,10,4,6","0:3-6;1:0-5;2:2-9;3:1-0;4:3-6;5:4-1;6:8-6,2-6,6-8,6-2,10-6,6-10;7:2-10;8:0-4;9:0-6"
129,proposed_c2f_adaptive_pd_calibrated,10,10,1.0,15,300,0.05,15,3,12,1920.0,3.2,1015.8011035232041,192.12518973944714,1.0,12743.0,12743.0,0.0,17.893899988848716,"6,5,9,0,6,1,6,10,4,6","0:3-6;1:0-5;2:2-9;3:1-0;4:3-6;5:4-1;6:8-6,2-6,6-8,6-2,10-6,6-10;7:2-10;8:0-4;9:0-6"
130,proposed_c2f_adaptive_pd,10,10,1.0,11,300,0.03666666666666667,14,0,14,0.0,0.0,557.121044959654,282.86531705888893,1.0,14695.0,14695.0,0.0,7.765999995172024,"8,9,0,11,6,6,3,13,13,11","0:0-8;1:0-9;2:1-0;3:0-11;4:0-6;5:3-6,14-6,12-6,9-6,8-6;6:0-3;7:0-13;8:0-13;9:0-11"
130,proposed_c2f_adaptive_pd_calibrated,10,10,1.0,11,300,0.03666666666666667,14,0,14,0.0,0.0,557.121044959654,282.86531705888893,1.0,14695.0,14695.0,0.0,18.57210003072396,"8,9,0,11,6,6,3,13,13,11","0:0-8;1:0-9;2:1-0;3:0-11;4:0-6;5:3-6,14-6,12-6,9-6,8-6;6:0-3;7:0-13;8:0-13;9:0-11"
131,proposed_c2f_adaptive_pd,10,10,1.0,13,300,0.043333333333333335,11,0,11,0.0,0.0,548.2138703077499,257.5127758185929,1.0,10284.0,10284.0,0.0,3.9921000134199858,"9,1,7,8,1,7,2,3,5,12","0:5-9;1:9-1;2:0-7;3:11-8;4:5-1;5:0-7;6:0-2;7:0-3;8:3-5,14-5;9:0-12"
131,proposed_c2f_adaptive_pd_calibrated,10,10,1.0,13,300,0.043333333333333335,11,0,11,0.0,0.0,548.2138703077499,257.5127758185929,1.0,10284.0,10284.0,0.0,12.581199989654124,"9,1,7,8,1,7,2,3,5,12","0:5-9;1:9-1;2:0-7;3:11-8;4:5-1;5:0-7;6:0-2;7:0-3;8:3-5,14-5;9:0-12"
132,proposed_c2f_adaptive_pd,10,10,1.0,18,300,0.06,10,0,10,0.0,0.0,7846.080309631863,367.0313203571249,1.0,9273.0,9273.0,0.0,4.178999981377274,"11,3,13,13,5,0,5,11,2,6",0:0-11;1:0-3;2:3-13;3:1-13;4:0-5;5:2-0;6:0-5;7:2-11;8:1-2;9:0-6
132,proposed_c2f_adaptive_pd_calibrated,10,10,1.0,18,300,0.06,10,0,10,0.0,0.0,7846.080309631863,367.0313203571249,1.0,9273.0,9273.0,0.0,7.602900033816695,"11,3,13,13,5,0,5,11,2,6",0:0-11;1:0-3;2:3-13;3:1-13;4:0-5;5:2-0;6:0-5;7:2-11;8:1-2;9:0-6
133,proposed_c2f_adaptive_pd,10,10,1.0,16,300,0.05333333333333334,10,0,10,0.0,0.0,6599.974973185281,269.2938357671375,1.0,9567.0,9567.0,0.0,3.9431999903172255,"8,3,9,7,8,4,14,4,14,9",0:9-8;1:0-3;2:2-9;3:0-7;4:7-8;5:0-4;6:2-14;7:0-4;8:0-14;9:0-9
133,proposed_c2f_adaptive_pd_calibrated,10,10,1.0,16,300,0.05333333333333334,10,0,10,0.0,0.0,6599.974973185281,269.2938357671375,1.0,9567.0,9567.0,0.0,10.064200032502413,"8,3,9,7,8,4,14,4,14,9",0:9-8;1:0-3;2:2-9;3:0-7;4:7-8;5:0-4;6:2-14;7:0-4;8:0-14;9:0-9
134,proposed_c2f_adaptive_pd,10,10,1.0,18,300,0.06,12,1,11,640.0,1.0666666666666667,1842.5769351686936,119.41012663677111,1.0,15256.0,15256.0,0.0,6.485200021415949,"13,10,4,8,2,4,10,14,1,12","0:0-13;1:2-10;2:0-4;3:7-8;4:2-3,3-2;5:1-4;6:2-10;7:0-14;8:3-1;9:8-12,7-12"
134,proposed_c2f_adaptive_pd_calibrated,10,10,1.0,18,300,0.06,12,1,11,640.0,1.0666666666666667,1842.5769351686936,119.41012663677111,1.0,15256.0,15256.0,0.0,11.490500008221716,"13,10,4,8,2,4,10,14,1,12","0:0-13;1:2-10;2:0-4;3:7-8;4:2-3,3-2;5:1-4;6:2-10;7:0-14;8:3-1;9:8-12,7-12"
135,proposed_c2f_adaptive_pd,10,10,1.0,14,300,0.04666666666666667,18,4,14,2560.0,4.266666666666667,2990.1761894932797,67.35270029245206,1.0,14694.0,14694.0,0.0,10.17709996085614,"12,5,4,2,14,3,14,10,1,5","0:2-12,10-12;1:9-5,8-5;2:7-4;3:0-2;4:3-14,8-14;5:1-3;6:8-14,14-3,8-3,3-14,4-3,5-3;7:4-10;8:0-1;9:1-5"
135,proposed_c2f_adaptive_pd_calibrated,10,10,1.0,14,300,0.04666666666666667,18,4,14,2560.0,4.266666666666667,2990.1761894932797,67.35270029245206,1.0,14694.0,14694.0,0.0,24.44039995316416,"12,5,4,2,14,3,14,10,1,5","0:2-12,10-12;1:9-5,8-5;2:7-4;3:0-2;4:3-14,8-14;5:1-3;6:8-14,14-3,8-3,3-14,4-3,5-3;7:4-10;8:0-1;9:1-5"
136,proposed_c2f_adaptive_pd,10,10,1.0,14,300,0.04666666666666667,10,0,10,0.0,0.0,2275.9245890785132,196.4023972969486,1.0,9456.0,9456.0,0.0,4.832000005990267,"11,11,3,2,11,3,14,5,1,6",0:0-11;1:0-11;2:2-3;3:3-2;4:0-11;5:0-3;6:2-14;7:10-5;8:0-1;9:4-6
136,proposed_c2f_adaptive_pd_calibrated,10,10,1.0,14,300,0.04666666666666667,10,0,10,0.0,0.0,2275.9245890785132,196.4023972969486,1.0,9456.0,9456.0,0.0,10.148900037165731,"11,11,3,2,11,3,14,5,1,6",0:0-11;1:0-11;2:2-3;3:3-2;4:0-11;5:0-3;6:2-14;7:10-5;8:0-1;9:4-6
137,proposed_c2f_adaptive_pd,9,10,0.9,12,300,0.04,13,0,13,0.0,0.0,556.8722725302612,159.17133527382077,1.0,10402.0,10402.0,0.0,7.19470001058653,"4,2,3,14,11,6,4,7,2,5","0:2-4,5-4,10-4;1:0-2;2:0-3;3:0-14;4:2-11,6-11;5:0-6;6:0-4;7:1-7;8:0-2;9:4-5"
137,proposed_c2f_adaptive_pd_calibrated,9,10,0.9,12,300,0.04,13,0,13,0.0,0.0,556.8722725302612,159.17133527382077,1.0,10402.0,10402.0,0.0,16.912000020965934,"4,2,3,14,11,6,4,7,2,5","0:2-4,5-4,10-4;1:0-2;2:0-3;3:0-14;4:2-11,6-11;5:0-6;6:0-4;7:1-7;8:0-2;9:4-5"
138,proposed_c2f_adaptive_pd,10,10,1.0,11,300,0.03666666666666667,10,0,10,0.0,0.0,371.0352648406194,105.31584724161993,1.0,9889.0,9889.0,0.0,6.016900006216019,"7,7,8,5,5,11,6,10,7,6",0:0-7;1:0-7;2:0-8;3:0-5;4:4-5;5:5-11;6:0-6;7:7-10;8:5-7;9:0-6
138,proposed_c2f_adaptive_pd_calibrated,10,10,1.0,11,300,0.03666666666666667,10,0,10,0.0,0.0,371.0352648406194,105.31584724161993,1.0,9889.0,9889.0,0.0,13.243000023066998,"7,7,8,5,5,11,6,10,7,6",0:0-7;1:0-7;2:0-8;3:0-5;4:4-5;5:5-11;6:0-6;7:7-10;8:5-7;9:0-6
139,proposed_c2f_adaptive_pd,9,10,0.9,15,300,0.05,11,0,11,0.0,0.0,7385105.388080543,139.86036931122953,1.0,12394.0,12394.0,0.0,3.896099980920553,"2,3,10,12,12,0,11,12,7,10","0:0-2;1:14-3;2:11-10;3:6-12;4:5-12;5:1-0;6:10-11,1-11;7:5-12;8:0-7;9:0-10"
139,proposed_c2f_adaptive_pd_calibrated,9,10,0.9,15,300,0.05,11,0,11,0.0,0.0,7385105.388080543,139.86036931122953,1.0,12394.0,12394.0,0.0,12.171100010164082,"2,3,10,12,12,0,11,12,7,10","0:0-2;1:14-3;2:11-10;3:6-12;4:5-12;5:1-0;6:10-11,1-11;7:5-12;8:0-7;9:0-10"
140,proposed_c2f_adaptive_pd,9,10,0.9,22,300,0.07333333333333333,20,5,15,3200.0,5.333333333333334,250.413030389648,66.56924034268249,1.0,19400.0,19400.0,0.0,8.870699966792017,"2,0,7,7,5,11,14,9,6,8","0:0-2;1:1-0;2:0-7;3:7-0,0-7,12-0,12-7,5-7,4-7;4:6-5;5:9-11;6:13-14,0-14,14-9,14-0,14-13,9-14;7:2-9;8:1-6;9:6-8"
140,proposed_c2f_adaptive_pd_calibrated,9,10,0.9,22,300,0.07333333333333333,20,5,15,3200.0,5.333333333333334,250.413030389648,66.56924034268249,1.0,19400.0,19400.0,0.0,25.870900019071996,"2,0,7,7,5,11,14,9,6,8","0:0-2;1:1-0;2:0-7;3:7-0,0-7,12-0,12-7,5-7,4-7;4:6-5;5:9-11;6:13-14,0-14,14-9,14-0,14-13,9-14;7:2-9;8:1-6;9:6-8"
141,proposed_c2f_adaptive_pd,10,10,1.0,18,300,0.06,15,2,13,1280.0,2.1333333333333333,1714.1613469282536,430.48203905753064,1.0,18077.0,18077.0,0.0,7.347500009927899,"12,8,14,0,6,8,9,8,6,9","0:3-12;1:0-8;2:4-14;3:1-0;4:1-6;5:3-8;6:1-9;7:4-8;8:12-6,7-6,6-12,3-6,8-6,6-7;9:0-9"
141,proposed_c2f_adaptive_pd_calibrated,10,10,1.0,18,300,0.06,15,2,13,1280.0,2.1333333333333333,1714.1613469282536,430.48203905753064,1.0,18077.0,18077.0,0.0,17.24009995814413,"12,8,14,0,6,8,9,8,6,9","0:3-12;1:0-8;2:4-14;3:1-0;4:1-6;5:3-8;6:1-9;7:4-8;8:12-6,7-6,6-12,3-6,8-6,6-7;9:0-9"
142,proposed_c2f_adaptive_pd,10,10,1.0,16,300,0.05333333333333334,18,2,16,1280.0,2.1333333333333333,1407.5658154110686,113.39958547689443,1.0,22236.0,22236.0,0.0,9.095399989746511,"7,2,8,14,14,4,5,11,7,7","0:4-7,7-4,2-7,6-7,7-2,5-7;1:4-2;2:7-8,4-8,1-8,14-8;3:0-14;4:0-14;5:0-4;6:2-5;7:0-11;8:0-7;9:4-7"
142,proposed_c2f_adaptive_pd_calibrated,10,10,1.0,16,300,0.05333333333333334,18,2,16,1280.0,2.1333333333333333,1407.5658154110686,113.39958547689443,1.0,22236.0,22236.0,0.0,24.171199998818338,"7,2,8,14,14,4,5,11,7,7","0:4-7,7-4,2-7,6-7,7-2,5-7;1:4-2;2:7-8,4-8,1-8,14-8;3:0-14;4:0-14;5:0-4;6:2-5;7:0-11;8:0-7;9:4-7"
143,proposed_c2f_adaptive_pd,9,10,0.9,22,300,0.07333333333333333,11,0,11,0.0,0.0,297.52600968690234,93.68678759877403,1.0,12135.0,12135.0,0.0,5.07900002412498,"6,14,13,13,9,6,1,0,3,10","0:0-6;1:0-14;2:7-13;3:1-13;4:0-9;5:10-6,0-6;6:2-1;7:6-0;8:0-3;9:0-10"
143,proposed_c2f_adaptive_pd_calibrated,9,10,0.9,22,300,0.07333333333333333,11,0,11,0.0,0.0,297.52600968690234,93.68678759877403,1.0,12135.0,12135.0,0.0,13.688999984879047,"6,14,13,13,9,6,1,0,3,10","0:0-6;1:0-14;2:7-13;3:1-13;4:0-9;5:10-6,0-6;6:2-1;7:6-0;8:0-3;9:0-10"
144,proposed_c2f_adaptive_pd,9,10,0.9,8,270,0.02962962962962963,11,0,11,0.0,0.0,1403.3179590072236,647.2025922130746,0.9090909090909091,12188.0,12188.0,0.0,4.49959997786209,"2,12,14,7,9,8,11,5,7,2","0:4-2,5-2;1:0-12;2:0-14;3:0-7;4:3-9;5:13-8;6:0-11;7:0-5;8:0-7;9:0-2"
144,proposed_c2f_adaptive_pd_calibrated,9,10,0.9,8,270,0.02962962962962963,11,0,11,0.0,0.0,1403.3179590072236,647.2025922130746,0.9090909090909091,12188.0,12188.0,0.0,14.546599995810539,"2,12,14,7,9,8,11,5,7,2","0:4-2,5-2;1:0-12;2:0-14;3:0-7;4:3-9;5:13-8;6:0-11;7:0-5;8:0-7;9:0-2"
145,proposed_c2f_adaptive_pd,9,10,0.9,15,300,0.05,11,0,11,0.0,0.0,586.6751229376493,144.23231113415716,1.0,9780.0,9780.0,0.0,5.41680003516376,"6,13,11,13,10,3,3,9,12,12","0:1-6;1:4-13;2:0-11;3:3-13;4:0-10;5:6-3;6:6-3;7:12-9;8:9-12,2-12;9:2-12"
145,proposed_c2f_adaptive_pd_calibrated,9,10,0.9,15,300,0.05,11,0,11,0.0,0.0,586.6751229376493,144.23231113415716,1.0,9780.0,9780.0,0.0,14.482899976428598,"6,13,11,13,10,3,3,9,12,12","0:1-6;1:4-13;2:0-11;3:3-13;4:0-10;5:6-3;6:6-3;7:12-9;8:9-12,2-12;9:2-12"
146,proposed_c2f_adaptive_pd,10,10,1.0,13,300,0.043333333333333335,16,3,13,1920.0,3.2,2214.7306499538836,58.00784752802452,1.0,21183.0,21183.0,0.0,8.089200011454523,"5,6,9,2,9,5,9,9,10,11","0:1-5;1:0-6;2:13-9,9-13,1-9;3:3-2;4:13-9;5:0-5;6:13-9;7:13-9,9-13,1-9,3-9,9-1;8:0-10;9:7-11"
146,proposed_c2f_adaptive_pd_calibrated,10,10,1.0,13,300,0.043333333333333335,16,3,13,1920.0,3.2,2214.7306499538836,58.00784752802452,1.0,21183.0,21183.0,0.0,20.25340002728626,"5,6,9,2,9,5,9,9,10,11","0:1-5;1:0-6;2:13-9,9-13,1-9;3:3-2;4:13-9;5:0-5;6:13-9;7:13-9,9-13,1-9,3-9,9-1;8:0-10;9:7-11"
147,proposed_c2f_adaptive_pd,10,10,1.0,12,300,0.04,11,0,11,0.0,0.0,257.10943866712626,132.67410672739953,1.0,14723.0,14723.0,0.0,6.960100028663874,"8,12,12,8,8,3,14,0,8,1","0:3-8;1:1-12;2:14-12;3:2-8;4:4-8;5:4-3,13-3;6:9-14;7:10-0;8:2-8;9:7-1"
147,proposed_c2f_adaptive_pd_calibrated,10,10,1.0,12,300,0.04,11,0,11,0.0,0.0,257.10943866712626,132.67410672739953,1.0,14723.0,14723.0,0.0,12.495499977376312,"8,12,12,8,8,3,14,0,8,1","0:3-8;1:1-12;2:14-12;3:2-8;4:4-8;5:4-3,13-3;6:9-14;7:10-0;8:2-8;9:7-1"
148,proposed_c2f_adaptive_pd,10,10,1.0,7,300,0.023333333333333334,10,0,10,0.0,0.0,24881.2676809731,174.994872848559,1.0,9399.0,9399.0,0.0,6.151799985673279,"3,14,1,11,6,8,8,11,9,3",0:0-3;1:0-14;2:6-1;3:3-11;4:1-6;5:2-8;6:2-8;7:1-11;8:0-9;9:9-3
148,proposed_c2f_adaptive_pd_calibrated,10,10,1.0,7,300,0.023333333333333334,10,0,10,0.0,0.0,24881.2676809731,174.994872848559,1.0,9399.0,9399.0,0.0,9.980499977245927,"3,14,1,11,6,8,8,11,9,3",0:0-3;1:0-14;2:6-1;3:3-11;4:1-6;5:2-8;6:2-8;7:1-11;8:0-9;9:9-3
149,proposed_c2f_adaptive_pd,10,10,1.0,12,300,0.04,10,0,10,0.0,0.0,325.73869173915256,222.7168364727586,1.0,12199.0,12199.0,0.0,4.211100051179528,"13,6,14,14,13,9,6,11,6,7",0:0-13;1:1-6;2:0-14;3:0-14;4:0-13;5:3-9;6:1-6;7:1-11;8:1-6;9:0-7
149,proposed_c2f_adaptive_pd_calibrated,10,10,1.0,12,300,0.04,10,0,10,0.0,0.0,325.73869173915256,222.7168364727586,1.0,12199.0,12199.0,0.0,10.903900023549795,"13,6,14,14,13,9,6,11,6,7",0:0-13;1:1-6;2:0-14;3:0-14;4:0-13;5:3-9;6:1-6;7:1-11;8:1-6;9:0-7
150,proposed_c2f_adaptive_pd,9,10,0.9,9,300,0.03,12,0,12,0.0,0.0,1213.0768472322425,209.52218015815572,1.0,13521.0,13521.0,0.0,5.615699978079647,"1,9,10,0,6,6,3,9,2,10","0:2-1;1:0-9;2:0-10;3:4-0;4:0-6;5:10-6;6:10-3,4-3,9-3;7:1-9;8:0-2;9:4-10"
150,proposed_c2f_adaptive_pd_calibrated,9,10,0.9,9,300,0.03,12,0,12,0.0,0.0,1213.0768472322425,209.52218015815572,1.0,13521.0,13521.0,0.0,16.47969998884946,"1,9,10,0,6,6,3,9,2,10","0:2-1;1:0-9;2:0-10;3:4-0;4:0-6;5:10-6;6:10-3,4-3,9-3;7:1-9;8:0-2;9:4-10"
151,proposed_c2f_adaptive_pd,10,10,1.0,19,300,0.06333333333333334,15,4,11,2560.0,4.266666666666667,2718.084240165424,445.56153621145506,1.0,17657.0,17657.0,0.0,8.964599983301014,"4,11,12,4,11,14,6,14,10,10","0:0-4;1:7-11;2:2-12;3:0-4;4:11-7,7-11,10-7,10-11,11-10,7-10;5:0-14;6:0-6;7:0-14;8:0-10;9:2-10"
151,proposed_c2f_adaptive_pd_calibrated,10,10,1.0,19,300,0.06333333333333334,15,4,11,2560.0,4.266666666666667,2718.084240165424,445.56153621145506,1.0,17657.0,17657.0,0.0,20.131399971432984,"4,11,12,4,11,14,6,14,10,10","0:0-4;1:7-11;2:2-12;3:0-4;4:11-7,7-11,10-7,10-11,11-10,7-10;5:0-14;6:0-6;7:0-14;8:0-10;9:2-10"
152,proposed_c2f_adaptive_pd,10,10,1.0,17,300,0.056666666666666664,11,0,11,0.0,0.0,59217.155129212115,487.26371462266184,1.0,10914.0,10914.0,0.0,3.882799996063113,"11,3,12,9,4,8,11,9,1,4","0:0-11;1:0-3;2:5-12;3:0-9;4:0-4;5:2-8,6-8;6:0-11;7:0-9;8:2-1;9:0-4"
152,proposed_c2f_adaptive_pd_calibrated,10,10,1.0,17,300,0.056666666666666664,11,0,11,0.0,0.0,59217.155129212115,487.26371462266184,1.0,10914.0,10914.0,0.0,15.396499948110431,"11,3,12,9,4,8,11,9,1,4","0:0-11;1:0-3;2:5-12;3:0-9;4:0-4;5:2-8,6-8;6:0-11;7:0-9;8:2-1;9:0-4"
153,proposed_c2f_adaptive_pd,10,10,1.0,17,300,0.056666666666666664,13,3,10,1920.0,3.2,5990.145082194374,722.140172487959,1.0,13037.0,13037.0,0.0,6.772799999453127,"10,10,5,4,6,0,12,6,5,11","0:5-10;1:9-10;2:5-9,5-10,2-10,9-5;3:3-4;4:7-6;5:1-0;6:3-12;7:3-6;8:1-5;9:0-11"
153,proposed_c2f_adaptive_pd_calibrated,10,10,1.0,17,300,0.056666666666666664,13,3,10,1920.0,3.2,5990.145082194374,722.140172487959,1.0,13037.0,13037.0,0.0,14.641400019172579,"10,10,5,4,6,0,12,6,5,11","0:5-10;1:9-10;2:5-9,5-10,2-10,9-5;3:3-4;4:7-6;5:1-0;6:3-12;7:3-6;8:1-5;9:0-11"
154,proposed_c2f_adaptive_pd,10,10,1.0,22,300,0.07333333333333333,13,0,13,0.0,0.0,2826.151405297155,779.4080140165648,1.0,17010.0,17010.0,0.0,6.418099976144731,"13,1,10,13,10,2,13,1,12,12","0:9-13,4-13,3-13,5-13;1:2-1;2:0-10;3:3-13;4:0-10;5:0-2;6:0-13;7:0-1;8:1-12;9:6-12"
154,proposed_c2f_adaptive_pd_calibrated,10,10,1.0,22,300,0.07333333333333333,13,0,13,0.0,0.0,2826.151405297155,779.4080140165648,1.0,17010.0,17010.0,0.0,15.567600028589368,"13,1,10,13,10,2,13,1,12,12","0:9-13,4-13,3-13,5-13;1:2-1;2:0-10;3:3-13;4:0-10;5:0-2;6:0-13;7:0-1;8:1-12;9:6-12"
155,proposed_c2f_adaptive_pd,10,10,1.0,13,300,0.043333333333333335,11,0,11,0.0,0.0,6085.954274121863,164.4469268688157,1.0,12636.0,12636.0,0.0,6.899400032125413,"0,8,14,13,0,14,13,13,14,0","0:8-0;1:0-8;2:1-14;3:0-13;4:5-0;5:6-14,9-14;6:9-13;7:0-13;8:1-14;9:8-0"
155,proposed_c2f_adaptive_pd_calibrated,10,10,1.0,13,300,0.043333333333333335,11,0,11,0.0,0.0,6085.954274121863,164.4469268688157,1.0,12636.0,12636.0,0.0,12.414600001648068,"0,8,14,13,0,14,13,13,14,0","0:8-0;1:0-8;2:1-14;3:0-13;4:5-0;5:6-14,9-14;6:9-13;7:0-13;8:1-14;9:8-0"
156,proposed_c2f_adaptive_pd,9,10,0.9,14,300,0.04666666666666667,14,1,13,640.0,1.0666666666666667,96.69529500467877,71.05053630613256,1.0,14475.0,14475.0,0.0,6.822200026363134,"3,6,1,2,5,12,6,5,5,10","0:0-3;1:1-6;2:2-1;3:6-2;4:8-5,2-5,5-2,12-5;5:5-12;6:1-6;7:2-5,10-5;8:0-5;9:0-10"
156,proposed_c2f_adaptive_pd_calibrated,9,10,0.9,14,300,0.04666666666666667,14,1,13,640.0,1.0666666666666667,96.69529500467877,71.05053630613256,1.0,14475.0,14475.0,0.0,19.16759996674955,"3,6,1,2,5,12,6,5,5,10","0:0-3;1:1-6;2:2-1;3:6-2;4:8-5,2-5,5-2,12-5;5:5-12;6:1-6;7:2-5,10-5;8:0-5;9:0-10"
157,proposed_c2f_adaptive_pd,9,10,0.9,18,270,0.06666666666666667,10,0,10,0.0,0.0,325.7354506545047,183.82845532640374,0.9,8657.0,8657.0,0.0,4.870599950663745,"6,13,14,1,7,4,13,4,2,2",0:0-6;1:10-13;2:0-14;3:12-1;4:5-7;5:0-4;6:4-13;7:0-4;8:0-2;9:0-2
157,proposed_c2f_adaptive_pd_calibrated,9,10,0.9,18,270,0.06666666666666667,10,0,10,0.0,0.0,325.7354506545047,183.82845532640374,0.9,8657.0,8657.0,0.0,11.696400004439056,"6,13,14,1,7,4,13,4,2,2",0:0-6;1:10-13;2:0-14;3:12-1;4:5-7;5:0-4;6:4-13;7:0-4;8:0-2;9:0-2
158,proposed_c2f_adaptive_pd,9,10,0.9,14,300,0.04666666666666667,11,0,11,0.0,0.0,855.4778400978232,71.29738894726941,1.0,11964.0,11964.0,0.0,6.22580002527684,"13,2,14,9,6,0,13,7,2,13","0:7-13;1:9-2;2:3-14;3:0-9;4:0-6;5:3-0;6:1-13;7:4-7,13-7;8:0-2;9:0-13"
158,proposed_c2f_adaptive_pd_calibrated,9,10,0.9,14,300,0.04666666666666667,11,0,11,0.0,0.0,855.4778400978232,71.29738894726941,1.0,11964.0,11964.0,0.0,15.425299992784858,"13,2,14,9,6,0,13,7,2,13","0:7-13;1:9-2;2:3-14;3:0-9;4:0-6;5:3-0;6:1-13;7:4-7,13-7;8:0-2;9:0-13"
159,proposed_c2f_adaptive_pd,10,10,1.0,18,300,0.06,12,1,11,640.0,1.0666666666666667,6567.918745193856,587.1868777216537,1.0,13446.0,13446.0,0.0,4.017499973997474,"13,5,3,8,13,8,14,11,1,11","0:0-13;1:4-5;2:0-3;3:0-8;4:0-13;5:0-8;6:11-14,14-11,12-14;7:14-11;8:2-1;9:0-11"
159,proposed_c2f_adaptive_pd_calibrated,10,10,1.0,18,300,0.06,12,1,11,640.0,1.0666666666666667,6567.918745193856,587.1868777216537,1.0,13446.0,13446.0,0.0,13.453399995341897,"13,5,3,8,13,8,14,11,1,11","0:0-13;1:4-5;2:0-3;3:0-8;4:0-13;5:0-8;6:11-14,14-11,12-14;7:14-11;8:2-1;9:0-11"
160,proposed_c2f_adaptive_pd,10,10,1.0,14,300,0.04666666666666667,15,2,13,1280.0,2.1333333333333333,277.1903385956522,61.664559294301114,1.0,17917.0,17917.0,0.0,6.8103999947197735,"14,6,14,3,12,6,11,0,11,3","0:10-14,3-14,14-10;1:1-6;2:1-14;3:1-3;4:12-8,8-12;5:1-6;6:5-11,10-11,0-11;7:5-0;8:1-11;9:1-3"
160,proposed_c2f_adaptive_pd_calibrated,10,10,1.0,14,300,0.04666666666666667,15,2,13,1280.0,2.1333333333333333,277.1903385956522,61.664559294301114,1.0,17917.0,17917.0,0.0,17.925499996636063,"14,6,14,3,12,6,11,0,11,3","0:10-14,3-14,14-10;1:1-6;2:1-14;3:1-3;4:12-8,8-12;5:1-6;6:5-11,10-11,0-11;7:5-0;8:1-11;9:1-3"
161,proposed_c2f_adaptive_pd,10,10,1.0,13,300,0.043333333333333335,10,0,10,0.0,0.0,109311.51550449897,2033.887724581058,1.0,9735.0,9735.0,0.0,5.82570000551641,"10,4,11,5,13,7,13,3,8,13",0:0-10;1:2-4;2:2-11;3:1-5;4:0-13;5:4-7;6:0-13;7:0-3;8:14-8;9:0-13
161,proposed_c2f_adaptive_pd_calibrated,10,10,1.0,14,300,0.04666666666666667,10,0,10,0.0,0.0,109311.51550449897,2033.887724581058,1.0,9735.0,9735.0,0.0,12.914200022350997,"10,4,11,5,13,7,13,3,8,13",0:0-10;1:2-4;2:2-11;3:1-5;4:0-13;5:4-7;6:0-13;7:0-3;8:14-8;9:0-13
162,proposed_c2f_adaptive_pd,9,10,0.9,14,300,0.04666666666666667,14,0,14,0.0,0.0,245.0153392149369,127.22645505431082,1.0,12474.0,12474.0,0.0,7.655000023078173,"11,13,8,2,8,4,8,10,4,1","0:1-11;1:12-13;2:1-8,12-8;3:0-2;4:2-8;5:2-4;6:5-8;7:0-10;8:9-4,2-4,11-4,14-4;9:0-1"
162,proposed_c2f_adaptive_pd_calibrated,9,10,0.9,14,300,0.04666666666666667,14,0,14,0.0,0.0,245.0153392149369,127.22645505431082,1.0,12474.0,12474.0,0.0,14.261499978601933,"11,13,8,2,8,4,8,10,4,1","0:1-11;1:12-13;2:1-8,12-8;3:0-2;4:2-8;5:2-4;6:5-8;7:0-10;8:9-4,2-4,11-4,14-4;9:0-1"
163,proposed_c2f_adaptive_pd,10,10,1.0,13,300,0.043333333333333335,11,1,10,640.0,1.0666666666666667,616.6494118775636,131.12917619369685,1.0,12139.0,12139.0,0.0,5.42860000859946,"13,0,5,6,10,7,1,0,9,7","0:5-13;1:8-0;2:4-5;3:0-6;4:10-8,8-10;5:11-7;6:2-1;7:11-0;8:1-9;9:0-7"
163,proposed_c2f_adaptive_pd_calibrated,10,10,1.0,14,300,0.04666666666666667,11,1,10,640.0,1.0666666666666667,616.6494118775636,131.12917619369685,1.0,12139.0,12139.0,0.0,14.122000022325665,"13,0,5,6,10,7,1,0,9,7","0:5-13;1:8-0;2:4-5;3:0-6;4:10-8,8-10;5:11-7;6:2-1;7:11-0;8:1-9;9:0-7"
164,proposed_c2f_adaptive_pd,9,10,0.9,11,300,0.03666666666666667,13,2,11,1280.0,2.1333333333333333,3869.765046420222,114.49934259593041,1.0,10710.0,10710.0,0.0,6.173599977046251,"2,11,11,14,8,7,10,11,14,9","0:0-2;1:1-11;2:0-11;3:14-1,14-3,1-14,7-14;4:0-8;5:1-7;6:8-10;7:1-11;8:0-14;9:0-9"
164,proposed_c2f_adaptive_pd_calibrated,9,10,0.9,11,300,0.03666666666666667,13,2,11,1280.0,2.1333333333333333,3869.765046420222,114.49934259593041,1.0,10710.0,10710.0,0.0,11.953899986110628,"2,11,11,14,8,7,10,11,14,9","0:0-2;1:1-11;2:0-11;3:14-1,14-3,1-14,7-14;4:0-8;5:1-7;6:8-10;7:1-11;8:0-14;9:0-9"
165,proposed_c2f_adaptive_pd,10,10,1.0,9,300,0.03,10,0,10,0.0,0.0,4829.74695216646,427.1143204950812,1.0,10575.0,10575.0,0.0,5.854399991221726,"11,2,8,0,6,13,0,0,6,0",0:1-11;1:0-2;2:1-8;3:5-0;4:0-6;5:0-13;6:2-0;7:5-0;8:2-6;9:5-0
165,proposed_c2f_adaptive_pd_calibrated,10,10,1.0,9,300,0.03,10,0,10,0.0,0.0,4829.74695216646,427.1143204950812,1.0,10575.0,10575.0,0.0,13.143899966962636,"11,2,8,0,6,13,0,0,6,0",0:1-11;1:0-2;2:1-8;3:5-0;4:0-6;5:0-13;6:2-0;7:5-0;8:2-6;9:5-0
166,proposed_c2f_adaptive_pd,10,10,1.0,18,300,0.06,10,0,10,0.0,0.0,156.44399571517891,135.3918200459585,1.0,10505.0,10505.0,0.0,6.381799990776926,"13,1,5,13,14,13,14,13,5,7",0:2-13;1:11-1;2:7-5;3:4-13;4:3-14;5:4-13;6:3-14;7:8-13;8:1-5;9:4-7
166,proposed_c2f_adaptive_pd_calibrated,10,10,1.0,18,300,0.06,10,0,10,0.0,0.0,156.44399571517891,135.3918200459585,1.0,10505.0,10505.0,0.0,9.667700040154159,"13,1,5,13,14,13,14,13,5,7",0:2-13;1:11-1;2:7-5;3:4-13;4:3-14;5:4-13;6:3-14;7:8-13;8:1-5;9:4-7
167,proposed_c2f_adaptive_pd,10,10,1.0,12,300,0.04,12,1,11,640.0,1.0666666666666667,146953.91351436244,321.93902181556507,1.0,14234.0,14234.0,0.0,6.177500006742775,"10,9,2,1,10,14,11,14,7,9","0:0-10;1:6-9;2:0-2;3:0-1;4:0-10;5:1-14;6:0-11;7:0-14;8:7-4,4-7,12-7;9:6-9"
167,proposed_c2f_adaptive_pd_calibrated,10,10,1.0,12,300,0.04,12,1,11,640.0,1.0666666666666667,146953.91351436244,321.93902181556507,1.0,14234.0,14234.0,0.0,9.927999984938651,"10,9,2,1,10,14,11,14,7,9","0:0-10;1:6-9;2:0-2;3:0-1;4:0-10;5:1-14;6:0-11;7:0-14;8:7-4,4-7,12-7;9:6-9"
168,proposed_c2f_adaptive_pd,10,10,1.0,12,300,0.04,14,1,13,640.0,1.0666666666666667,627.3457370440123,67.68197142588846,1.0,15357.0,15357.0,0.0,7.492100005038083,"3,7,2,6,7,7,10,0,10,7","0:1-3;1:6-7,0-7;2:0-2;3:0-6;4:0-7;5:7-4,6-7,2-7;6:3-10;7:2-0;8:3-10;9:6-7,2-7"
168,proposed_c2f_adaptive_pd_calibrated,10,10,1.0,13,300,0.043333333333333335,14,1,13,640.0,1.0666666666666667,627.3457370440123,67.68197142588846,1.0,15357.0,15357.0,0.0,17.35109998844564,"3,7,2,6,7,7,10,0,10,7","0:1-3;1:6-7,0-7;2:0-2;3:0-6;4:0-7;5:7-4,6-7,2-7;6:3-10;7:2-0;8:3-10;9:6-7,2-7"
169,proposed_c2f_adaptive_pd,9,10,0.9,9,270,0.03333333333333333,10,0,10,0.0,0.0,2318.9023668649916,1187.9417842113858,0.9,10967.0,10967.0,0.0,5.428500007838011,"3,11,6,4,10,9,1,11,6,0",0:0-3;1:0-11;2:1-6;3:0-4;4:0-10;5:0-9;6:13-1;7:0-11;8:1-6;9:3-0
169,proposed_c2f_adaptive_pd_calibrated,9,10,0.9,9,270,0.03333333333333333,10,0,10,0.0,0.0,2318.9023668649916,1187.9417842113858,0.9,10967.0,10967.0,0.0,11.661299970000982,"3,11,6,4,10,9,1,11,6,0",0:0-3;1:0-11;2:1-6;3:0-4;4:0-10;5:0-9;6:13-1;7:0-11;8:1-6;9:3-0
170,proposed_c2f_adaptive_pd,10,10,1.0,14,300,0.04666666666666667,10,0,10,0.0,0.0,9249.583064527873,725.0153556599043,1.0,10659.0,10659.0,0.0,5.337600014172494,"12,2,7,8,4,8,1,10,10,5",0:0-12;1:4-2;2:2-7;3:0-8;4:0-4;5:3-8;6:0-1;7:5-10;8:3-10;9:3-5
170,proposed_c2f_adaptive_pd_calibrated,10,10,1.0,15,300,0.05,10,0,10,0.0,0.0,9249.583064527873,725.0153556599043,1.0,10659.0,10659.0,0.0,11.155600019264966,"12,2,7,8,4,8,1,10,10,5",0:0-12;1:4-2;2:2-7;3:0-8;4:0-4;5:3-8;6:0-1;7:5-10;8:3-10;9:3-5
171,proposed_c2f_adaptive_pd,8,10,0.8,12,270,0.044444444444444446,19,5,14,3200.0,5.333333333333334,886.8040965258164,31.739381673874263,0.9473684210526315,19563.0,19563.0,0.0,7.921000011265278,"7,0,0,7,13,3,5,13,13,3","0:0-7;1:1-0;2:1-0;3:1-7;4:3-13;5:2-3,3-2,3-10,10-3,13-3;6:4-5;7:9-13;8:5-13;9:13-3,2-3,3-2,9-2,13-5,11-3"
171,proposed_c2f_adaptive_pd_calibrated,8,10,0.8,13,270,0.04814814814814815,19,5,14,3200.0,5.333333333333334,886.8040965258164,31.739381673874263,0.9473684210526315,19563.0,19563.0,0.0,16.486300039105117,"7,0,0,7,13,3,5,13,13,3","0:0-7;1:1-0;2:1-0;3:1-7;4:3-13;5:2-3,3-2,3-10,10-3,13-3;6:4-5;7:9-13;8:5-13;9:13-3,2-3,3-2,9-2,13-5,11-3"
172,proposed_c2f_adaptive_pd,10,10,1.0,13,300,0.043333333333333335,10,0,10,0.0,0.0,30212.34406638884,317.7666938325728,1.0,7215.0,7215.0,0.0,5.120099987834692,"0,0,11,10,10,12,4,12,13,4",0:10-0;1:12-0;2:1-11;3:12-10;4:1-10;5:0-12;6:1-4;7:0-12;8:1-13;9:1-4
172,proposed_c2f_adaptive_pd_calibrated,10,10,1.0,15,300,0.05,10,0,10,0.0,0.0,30212.34406638884,317.7666938325728,1.0,7215.0,7215.0,0.0,12.117600010242313,"0,0,11,10,10,12,4,12,13,4",0:10-0;1:12-0;2:1-11;3:12-10;4:1-10;5:0-12;6:1-4;7:0-12;8:1-13;9:1-4
173,proposed_c2f_adaptive_pd,10,10,1.0,10,300,0.03333333333333333,21,3,18,1920.0,3.2,7301.492036379474,98.6229640968767,1.0,24719.0,24719.0,0.0,9.918099967762828,"0,0,8,11,4,5,4,6,11,7","0:1-0;1:7-0,10-0;2:0-8;3:0-11;4:0-4;5:9-5,5-9,0-5,1-5,13-5,7-5;6:1-4;7:7-6,3-6,6-3,7-3,10-6,0-6;8:8-11;9:0-7"
173,proposed_c2f_adaptive_pd_calibrated,10,10,1.0,10,300,0.03333333333333333,21,3,18,1920.0,3.2,7301.492036379474,98.6229640968767,1.0,24719.0,24719.0,0.0,22.95620000222698,"0,0,8,11,4,5,4,6,11,7","0:1-0;1:7-0,10-0;2:0-8;3:0-11;4:0-4;5:9-5,5-9,0-5,1-5,13-5,7-5;6:1-4;7:7-6,3-6,6-3,7-3,10-6,0-6;8:8-11;9:0-7"
174,proposed_c2f_adaptive_pd,10,10,1.0,15,300,0.05,10,0,10,0.0,0.0,4943.331864183737,1081.5394792360512,1.0,11429.0,11429.0,0.0,3.7621999508701265,"13,6,10,2,5,12,10,8,2,14",0:0-13;1:0-6;2:1-10;3:1-2;4:0-5;5:5-12;6:3-10;7:13-8;8:6-2;9:3-14
174,proposed_c2f_adaptive_pd_calibrated,10,10,1.0,15,300,0.05,10,0,10,0.0,0.0,4943.331864183737,1081.5394792360512,1.0,11429.0,11429.0,0.0,11.100800009444356,"13,6,10,2,5,12,10,8,2,14",0:0-13;1:0-6;2:1-10;3:1-2;4:0-5;5:5-12;6:3-10;7:13-8;8:6-2;9:3-14
175,proposed_c2f_adaptive_pd,10,10,1.0,17,300,0.056666666666666664,13,1,12,640.0,1.0666666666666667,801.7802544055852,82.73364039062538,1.0,17756.0,17756.0,0.0,5.2832000073976815,"4,8,8,8,10,14,10,7,12,13","0:2-4,12-4;1:8-6,6-8,10-8;2:10-8;3:6-8;4:1-10;5:0-14;6:1-10;7:1-7;8:1-12;9:0-13"
175,proposed_c2f_adaptive_pd_calibrated,10,10,1.0,17,300,0.056666666666666664,13,1,12,640.0,1.0666666666666667,801.7802544055852,82.73364039062538,1.0,17756.0,17756.0,0.0,17.41470000706613,"4,8,8,8,10,14,10,7,12,13","0:2-4,12-4;1:8-6,6-8,10-8;2:10-8;3:6-8;4:1-10;5:0-14;6:1-10;7:1-7;8:1-12;9:0-13"
176,proposed_c2f_adaptive_pd,9,10,0.9,21,300,0.07,10,0,10,0.0,0.0,14662.591696096491,246.32611723954298,1.0,8503.0,8503.0,0.0,3.583399986382574,"2,13,14,0,4,1,11,1,10,0",0:3-2;1:0-13;2:0-14;3:1-0;4:0-4;5:0-1;6:0-11;7:7-1;8:4-10;9:1-0
176,proposed_c2f_adaptive_pd_calibrated,9,10,0.9,21,300,0.07,10,0,10,0.0,0.0,14662.591696096491,246.32611723954298,1.0,8503.0,8503.0,0.0,11.188799981027842,"2,13,14,0,4,1,11,1,10,0",0:3-2;1:0-13;2:0-14;3:1-0;4:0-4;5:0-1;6:0-11;7:7-1;8:4-10;9:1-0
177,proposed_c2f_adaptive_pd,9,10,0.9,19,300,0.06333333333333334,10,0,10,0.0,0.0,4775.305638693711,181.63674178031448,1.0,7271.0,7271.0,0.0,6.33679999737069,"9,8,3,11,2,10,11,9,11,6",0:0-9;1:5-8;2:4-3;3:1-11;4:0-2;5:0-10;6:0-11;7:6-9;8:2-11;9:0-6
177,proposed_c2f_adaptive_pd_calibrated,9,10,0.9,19,300,0.06333333333333334,10,0,10,0.0,0.0,4775.305638693711,181.63674178031448,1.0,7271.0,7271.0,0.0,12.09279999602586,"9,8,3,11,2,10,11,9,11,6",0:0-9;1:5-8;2:4-3;3:1-11;4:0-2;5:0-10;6:0-11;7:6-9;8:2-11;9:0-6
178,proposed_c2f_adaptive_pd,10,10,1.0,17,300,0.056666666666666664,14,2,12,1280.0,2.1333333333333333,3177.248098806869,250.42476420817087,1.0,19143.0,19143.0,0.0,8.0792999942787,"2,7,13,6,10,6,14,1,14,10","0:0-2;1:2-7;2:10-13,13-10,9-13;3:3-6;4:0-10;5:13-6,6-13,10-6;6:4-14;7:2-1;8:4-14;9:0-10"
178,proposed_c2f_adaptive_pd_calibrated,10,10,1.0,17,300,0.056666666666666664,14,2,12,1280.0,2.1333333333333333,3177.248098806869,250.42476420817087,1.0,19143.0,19143.0,0.0,17.58540002629161,"2,7,13,6,10,6,14,1,14,10","0:0-2;1:2-7;2:10-13,13-10,9-13;3:3-6;4:0-10;5:13-6,6-13,10-6;6:4-14;7:2-1;8:4-14;9:0-10"
179,proposed_c2f_adaptive_pd,10,10,1.0,11,300,0.03666666666666667,20,7,13,4480.0,7.466666666666669,79588.67278887783,585.2798161968819,1.0,15958.0,15958.0,0.0,9.166899952106178,"10,4,6,4,14,5,1,10,10,3","0:1-10;1:7-4;2:0-6;3:0-4;4:2-14;5:0-5;6:0-1;7:10-1,1-10,6-10,10-6,6-1,7-10;8:10-1,1-10,6-1,6-10,10-6,1-6;9:0-3"
179,proposed_c2f_adaptive_pd_calibrated,10,10,1.0,11,300,0.03666666666666667,20,7,13,4480.0,7.466666666666669,79588.67278887783,585.2798161968819,1.0,15958.0,15958.0,0.0,24.654600012581795,"10,4,6,4,14,5,1,10,10,3","0:1-10;1:7-4;2:0-6;3:0-4;4:2-14;5:0-5;6:0-1;7:10-1,1-10,6-10,10-6,6-1,7-10;8:10-1,1-10,6-1,6-10,10-6,1-6;9:0-3"
180,proposed_c2f_adaptive_pd,9,10,0.9,14,300,0.04666666666666667,22,3,19,1920.0,3.2,366.4137425479498,34.975151583273494,1.0,23216.0,23216.0,0.0,12.444199994206429,"14,9,5,7,3,1,7,9,7,14","0:2-14,14-2,7-14,12-14,1-14;1:3-9;2:1-5;3:1-7;4:10-3,4-3,3-10,2-3,0-3,12-3;5:2-1;6:13-7;7:1-9;8:1-7,8-7;9:12-14,14-12,2-14"
180,proposed_c2f_adaptive_pd_calibrated,9,10,0.9,15,300,0.05,22,3,19,1920.0,3.2,366.4137425479498,34.975151583273494,1.0,23216.0,23216.0,0.0,23.530400008894503,"14,9,5,7,3,1,7,9,7,14","0:2-14,14-2,7-14,12-14,1-14;1:3-9;2:1-5;3:1-7;4:10-3,4-3,3-10,2-3,0-3,12-3;5:2-1;6:13-7;7:1-9;8:1-7,8-7;9:12-14,14-12,2-14"
181,proposed_c2f_adaptive_pd,9,10,0.9,21,300,0.07,14,1,13,640.0,1.0666666666666667,3722.3402929235185,132.02086132719683,1.0,17159.0,17159.0,0.0,4.587400006130338,"0,7,13,4,13,14,9,14,7,5","0:1-0;1:3-7;2:0-13;3:0-4;4:11-13,6-13,13-11,8-13,9-13;5:0-14;6:0-9;7:1-14;8:2-7;9:2-5"
181,proposed_c2f_adaptive_pd_calibrated,9,10,0.9,21,300,0.07,14,1,13,640.0,1.0666666666666667,3722.3402929235185,132.02086132719683,1.0,17159.0,17159.0,0.0,15.074800001457334,"0,7,13,4,13,14,9,14,7,5","0:1-0;1:3-7;2:0-13;3:0-4;4:11-13,6-13,13-11,8-13,9-13;5:0-14;6:0-9;7:1-14;8:2-7;9:2-5"
182,proposed_c2f_adaptive_pd,10,10,1.0,11,300,0.03666666666666667,10,0,10,0.0,0.0,232.72236027723133,88.72935685178481,1.0,13431.0,13431.0,0.0,5.3057000041008,"11,12,3,0,7,12,5,7,3,9",0:2-11;1:3-12;2:7-3;3:1-0;4:0-7;5:0-12;6:0-5;7:0-7;8:6-3;9:8-9
182,proposed_c2f_adaptive_pd_calibrated,10,10,1.0,11,300,0.03666666666666667,10,0,10,0.0,0.0,232.72236027723133,88.72935685178481,1.0,13431.0,13431.0,0.0,11.68390002567321,"11,12,3,0,7,12,5,7,3,9",0:2-11;1:3-12;2:7-3;3:1-0;4:0-7;5:0-12;6:0-5;7:0-7;8:6-3;9:8-9
183,proposed_c2f_adaptive_pd,10,10,1.0,15,300,0.05,10,0,10,0.0,0.0,4235.781290891318,142.42389577849553,1.0,10813.0,10813.0,0.0,5.636699963361025,"0,7,6,1,2,14,14,9,9,7",0:2-0;1:1-7;2:1-6;3:3-1;4:0-2;5:5-14;6:5-14;7:0-9;8:0-9;9:1-7
183,proposed_c2f_adaptive_pd_calibrated,10,10,1.0,15,300,0.05,10,0,10,0.0,0.0,4235.781290891318,142.42389577849553,1.0,10813.0,10813.0,0.0,12.721700011752546,"0,7,6,1,2,14,14,9,9,7",0:2-0;1:1-7;2:1-6;3:3-1;4:0-2;5:5-14;6:5-14;7:0-9;8:0-9;9:1-7
184,proposed_c2f_adaptive_pd,9,10,0.9,7,270,0.025925925925925925,10,0,10,0.0,0.0,2848.423972341738,645.1140334143676,0.9,10071.0,10071.0,0.0,5.537899967748672,"10,7,2,2,12,0,2,8,11,5",0:0-10;1:0-7;2:3-2;3:0-2;4:0-12;5:2-0;6:0-2;7:2-8;8:3-11;9:1-5
184,proposed_c2f_adaptive_pd_calibrated,9,10,0.9,7,270,0.025925925925925925,10,0,10,0.0,0.0,2848.423972341738,645.1140334143676,0.9,10071.0,10071.0,0.0,10.79209998715669,"10,7,2,2,12,0,2,8,11,5",0:0-10;1:0-7;2:3-2;3:0-2;4:0-12;5:2-0;6:0-2;7:2-8;8:3-11;9:1-5
185,proposed_c2f_adaptive_pd,10,10,1.0,14,300,0.04666666666666667,11,0,11,0.0,0.0,6279.758559224528,499.5248460464004,1.0,8912.0,8912.0,0.0,6.753399968147278,"6,12,5,14,6,12,3,10,6,11","0:2-6;1:9-12;2:0-5;3:1-14;4:0-6;5:3-12;6:0-3;7:0-10;8:5-6,11-6;9:13-11"
185,proposed_c2f_adaptive_pd_calibrated,10,10,1.0,14,300,0.04666666666666667,11,0,11,0.0,0.0,6279.758559224528,499.5248460464004,1.0,8912.0,8912.0,0.0,10.910400014836341,"6,12,5,14,6,12,3,10,6,11","0:2-6;1:9-12;2:0-5;3:1-14;4:0-6;5:3-12;6:0-3;7:0-10;8:5-6,11-6;9:13-11"
186,proposed_c2f_adaptive_pd,10,10,1.0,11,300,0.03666666666666667,11,0,11,0.0,0.0,9025.800326437768,914.3172878430794,1.0,11848.0,11848.0,0.0,5.601000040769577,"1,4,3,4,7,13,6,4,2,5","0:7-1;1:14-4,13-4;2:0-3;3:1-4;4:0-7;5:0-13;6:0-6;7:1-4;8:14-2;9:0-5"
186,proposed_c2f_adaptive_pd_calibrated,10,10,1.0,12,300,0.04,11,0,11,0.0,0.0,9025.800326437768,914.3172878430794,1.0,11848.0,11848.0,0.0,13.445799995679408,"1,4,3,4,7,13,6,4,2,5","0:7-1;1:14-4,13-4;2:0-3;3:1-4;4:0-7;5:0-13;6:0-6;7:1-4;8:14-2;9:0-5"
187,proposed_c2f_adaptive_pd,10,10,1.0,15,300,0.05,11,0,11,0.0,0.0,737.2865723095945,295.26336524989216,1.0,15286.0,15286.0,0.0,6.070700008422136,"0,13,8,8,10,6,8,8,11,2","0:1-0;1:0-13;2:14-8;3:0-8;4:5-10;5:3-6;6:9-8;7:14-8;8:5-11;9:6-2,3-2"
187,proposed_c2f_adaptive_pd_calibrated,10,10,1.0,15,300,0.05,11,0,11,0.0,0.0,737.2865723095945,295.26336524989216,1.0,15286.0,15286.0,0.0,11.345100007019937,"0,13,8,8,10,6,8,8,11,2","0:1-0;1:0-13;2:14-8;3:0-8;4:5-10;5:3-6;6:9-8;7:14-8;8:5-11;9:6-2,3-2"
188,proposed_c2f_adaptive_pd,9,10,0.9,13,300,0.043333333333333335,12,0,12,0.0,0.0,343.2930694686279,109.62255797137594,1.0,17293.0,17293.0,0.0,7.281899976078421,"12,3,12,14,12,13,11,13,5,13","0:5-12;1:0-3;2:5-12;3:0-14;4:2-12;5:3-13;6:6-11;7:3-13,14-13,4-13;8:0-5;9:3-13"
188,proposed_c2f_adaptive_pd_calibrated,9,10,0.9,14,300,0.04666666666666667,12,0,12,0.0,0.0,343.2930694686279,109.62255797137594,1.0,17293.0,17293.0,0.0,16.507800028193742,"12,3,12,14,12,13,11,13,5,13","0:5-12;1:0-3;2:5-12;3:0-14;4:2-12;5:3-13;6:6-11;7:3-13,14-13,4-13;8:0-5;9:3-13"
189,proposed_c2f_adaptive_pd,10,10,1.0,19,300,0.06333333333333334,10,0,10,0.0,0.0,435.2695322571859,231.30507961214875,1.0,10043.0,10043.0,0.0,6.162800011225045,"14,12,13,8,4,12,3,8,11,0",0:3-14;1:2-12;2:7-13;3:2-8;4:3-4;5:4-12;6:14-3;7:2-8;8:2-11;9:1-0
189,proposed_c2f_adaptive_pd_calibrated,10,10,1.0,19,300,0.06333333333333334,10,0,10,0.0,0.0,435.2695322571859,231.30507961214875,1.0,10043.0,10043.0,0.0,14.067200012505054,"14,12,13,8,4,12,3,8,11,0",0:3-14;1:2-12;2:7-13;3:2-8;4:3-4;5:4-12;6:14-3;7:2-8;8:2-11;9:1-0
190,proposed_c2f_adaptive_pd,10,10,1.0,21,300,0.07,10,0,10,0.0,0.0,6066.904207915604,303.35902061410025,1.0,10967.0,10967.0,0.0,4.488900012802333,"6,12,0,0,4,7,0,4,7,6",0:0-6;1:2-12;2:1-0;3:4-0;4:11-4;5:6-7;6:1-0;7:8-4;8:0-7;9:0-6
190,proposed_c2f_adaptive_pd_calibrated,10,10,1.0,21,300,0.07,10,0,10,0.0,0.0,6066.904207915604,303.35902061410025,1.0,10967.0,10967.0,0.0,11.613300011958927,"6,12,0,0,4,7,0,4,7,6",0:0-6;1:2-12;2:1-0;3:4-0;4:11-4;5:6-7;6:1-0;7:8-4;8:0-7;9:0-6
191,proposed_c2f_adaptive_pd,9,10,0.9,16,300,0.05333333333333334,20,6,14,3840.0,6.400000000000001,20337.249965312945,52.69471479233638,1.0,22199.0,22199.0,0.0,11.487999989185482,"7,12,8,6,6,13,6,1,1,6","0:0-7;1:6-12;2:1-8;3:1-6;4:1-6,6-1,7-6,7-1,6-7,13-6;5:0-13;6:1-6;7:1-6,6-1,7-1,3-1,7-6,1-7;8:3-1;9:1-6"
191,proposed_c2f_adaptive_pd_calibrated,9,10,0.9,16,300,0.05333333333333334,20,6,14,3840.0,6.400000000000001,20337.249965312945,52.69471479233638,1.0,22199.0,22199.0,0.0,20.79869998851791,"7,12,8,6,6,13,6,1,1,6","0:0-7;1:6-12;2:1-8;3:1-6;4:1-6,6-1,7-6,7-1,6-7,13-6;5:0-13;6:1-6;7:1-6,6-1,7-1,3-1,7-6,1-7;8:3-1;9:1-6"
192,proposed_c2f_adaptive_pd,10,10,1.0,10,300,0.03333333333333333,10,0,10,0.0,0.0,81216.56582727226,189.08043226021675,1.0,9903.0,9903.0,0.0,4.444899968802929,"9,9,6,4,11,0,11,14,11,2",0:1-9;1:0-9;2:0-6;3:3-4;4:4-11;5:1-0;6:4-11;7:0-14;8:4-11;9:0-2
192,proposed_c2f_adaptive_pd_calibrated,10,10,1.0,10,300,0.03333333333333333,10,0,10,0.0,0.0,81216.56582727226,189.08043226021675,1.0,9903.0,9903.0,0.0,8.783800003584474,"9,9,6,4,11,0,11,14,11,2",0:1-9;1:0-9;2:0-6;3:3-4;4:4-11;5:1-0;6:4-11;7:0-14;8:4-11;9:0-2
193,proposed_c2f_adaptive_pd,10,10,1.0,15,300,0.05,16,3,13,1920.0,3.2,56910.01227417451,271.11709789020625,1.0,13162.0,13162.0,0.0,9.30610002251342,"6,0,0,7,2,5,2,6,8,0","0:2-6;1:10-0;2:10-0,0-10;3:3-7;4:6-2;5:0-5;6:11-2;7:0-6;8:0-8;9:10-0,0-10,1-0,1-10,5-0,2-0"
193,proposed_c2f_adaptive_pd_calibrated,10,10,1.0,15,300,0.05,16,3,13,1920.0,3.2,56910.01227417451,271.11709789020625,1.0,13162.0,13162.0,0.0,19.082599959801883,"6,0,0,7,2,5,2,6,8,0","0:2-6;1:10-0;2:10-0,0-10;3:3-7;4:6-2;5:0-5;6:11-2;7:0-6;8:0-8;9:10-0,0-10,1-0,1-10,5-0,2-0"
194,proposed_c2f_adaptive_pd,10,10,1.0,18,300,0.06,10,0,10,0.0,0.0,919.0274584534782,503.4526386319717,1.0,9735.0,9735.0,0.0,6.207300000824034,"5,0,9,7,10,3,10,5,9,7",0:11-5;1:2-0;2:8-9;3:0-7;4:5-10;5:0-3;6:3-10;7:3-5;8:8-9;9:3-7
194,proposed_c2f_adaptive_pd_calibrated,10,10,1.0,18,300,0.06,10,0,10,0.0,0.0,919.0274584534782,503.4526386319717,1.0,9735.0,9735.0,0.0,10.821299976669252,"5,0,9,7,10,3,10,5,9,7",0:11-5;1:2-0;2:8-9;3:0-7;4:5-10;5:0-3;6:3-10;7:3-5;8:8-9;9:3-7
195,proposed_c2f_adaptive_pd,10,10,1.0,9,300,0.03,10,0,10,0.0,0.0,21777.173463001815,192.86200416307474,1.0,10505.0,10505.0,0.0,4.494699998758733,"4,11,2,14,5,1,5,10,7,2",0:0-4;1:0-11;2:1-2;3:5-14;4:0-5;5:0-1;6:10-5;7:0-10;8:1-7;9:0-2
195,proposed_c2f_adaptive_pd_calibrated,10,10,1.0,9,300,0.03,10,0,10,0.0,0.0,21777.173463001815,192.86200416307474,1.0,10505.0,10505.0,0.0,7.586300023831427,"4,11,2,14,5,1,5,10,7,2",0:0-4;1:0-11;2:1-2;3:5-14;4:0-5;5:0-1;6:10-5;7:0-10;8:1-7;9:0-2
196,proposed_c2f_adaptive_pd,10,10,1.0,12,300,0.04,16,3,13,1920.0,3.2,1380.052856092663,589.0433234485461,1.0,16373.0,16373.0,0.0,5.265300045721233,"9,9,7,2,7,7,11,1,6,8","0:3-9;1:7-9,9-11,3-11,7-11,11-9,3-9;2:4-7;3:0-2;4:1-7,9-7;5:0-7;6:3-11;7:0-1;8:0-6;9:0-8"
196,proposed_c2f_adaptive_pd_calibrated,10,10,1.0,12,300,0.04,16,3,13,1920.0,3.2,1380.052856092663,589.0433234485461,1.0,16373.0,16373.0,0.0,15.795099956449121,"9,9,7,2,7,7,11,1,6,8","0:3-9;1:7-9,9-11,3-11,7-11,11-9,3-9;2:4-7;3:0-2;4:1-7,9-7;5:0-7;6:3-11;7:0-1;8:0-6;9:0-8"
197,proposed_c2f_adaptive_pd,9,10,0.9,17,300,0.056666666666666664,20,5,15,3200.0,5.333333333333334,3243.915928972311,113.9080042214747,1.0,21768.0,21768.0,0.0,6.916699989233166,"12,2,9,14,5,9,1,0,5,6","0:0-12;1:14-2;2:5-9;3:1-14,2-14,14-1,8-14,1-5,2-5;4:8-5,14-5,1-5,8-9,9-5,5-9;5:5-9;6:0-1;7:1-0;8:1-5;9:0-6"
197,proposed_c2f_adaptive_pd_calibrated,9,10,0.9,17,300,0.056666666666666664,20,5,15,3200.0,5.333333333333334,3243.915928972311,113.9080042214747,1.0,21768.0,21768.0,0.0,17.796700005419552,"12,2,9,14,5,9,1,0,5,6","0:0-12;1:14-2;2:5-9;3:1-14,2-14,14-1,8-14,1-5,2-5;4:8-5,14-5,1-5,8-9,9-5,5-9;5:5-9;6:0-1;7:1-0;8:1-5;9:0-6"
198,proposed_c2f_adaptive_pd,10,10,1.0,14,300,0.04666666666666667,13,0,13,0.0,0.0,128926.29442478139,50.70670748684566,1.0,13009.0,13009.0,0.0,4.573799960780889,"8,0,2,13,10,3,1,7,6,11","0:4-8,12-8;1:1-0;2:1-2;3:2-13;4:0-10;5:0-3;6:2-1;7:0-7;8:4-6,5-6,0-6;9:0-11"
198,proposed_c2f_adaptive_pd_calibrated,10,10,1.0,14,300,0.04666666666666667,13,0,13,0.0,0.0,128926.29442478139,50.70670748684566,1.0,13009.0,13009.0,0.0,14.204600010998547,"8,0,2,13,10,3,1,7,6,11","0:4-8,12-8;1:1-0;2:1-2;3:2-13;4:0-10;5:0-3;6:2-1;7:0-7;8:4-6,5-6,0-6;9:0-11"
199,proposed_c2f_adaptive_pd,10,10,1.0,18,300,0.06,15,2,13,1280.0,2.1333333333333333,1290.7989447079506,313.6960807261607,1.0,14728.0,14728.0,0.0,4.76779998280108,"7,8,11,14,14,8,0,10,14,10","0:0-7;1:11-8;2:11-8,8-11,7-11,7-8,0-11,3-11;3:1-14;4:2-14;5:0-8;6:1-0;7:8-10;8:1-14;9:0-10"
199,proposed_c2f_adaptive_pd_calibrated,10,10,1.0,18,300,0.06,15,2,13,1280.0,2.1333333333333333,1290.7989447079506,313.6960807261607,1.0,14728.0,14728.0,0.0,12.63670000480488,"7,8,11,14,14,8,0,10,14,10","0:0-7;1:11-8;2:11-8,8-11,7-11,7-8,0-11,3-11;3:1-14;4:2-14;5:0-8;6:1-0;7:8-10;8:1-14;9:0-10"
