trial,method,detected,total_targets,detected_fraction,false_alarm,total_false,false_alarm_fraction,selected_observations,remote_reports,local_observations,overhead_bits,overhead_delay_ms,D_mean,D_median,belief_capture_rate,selector_score_evaluations,coordination_messages,bid_rounds,detection_runtime_ms,fusion_nodes,selected_links
0,proposed_c2f_adaptive_pd,10,10,1.0,9,300,0.03,11,0,11,0.0,0.0,892.3374465656628,115.61841226315775,1.0,11973.0,11973.0,0.0,6.806100020185113,"6,0,6,1,10,6,11,6,8,0","0:1-6;1:1-0;2:0-6;3:8-1;4:0-10;5:1-6;6:9-11,4-11;7:4-6;8:1-8;9:13-0"
0,proposed_c2f_adaptive_pd_calibrated,10,10,1.0,10,300,0.03333333333333333,11,0,11,0.0,0.0,892.3374465656628,115.61841226315775,1.0,11973.0,11973.0,0.0,13.611800037324429,"6,0,6,1,10,6,11,6,8,0","0:1-6;1:1-0;2:0-6;3:8-1;4:0-10;5:1-6;6:9-11,4-11;7:4-6;8:1-8;9:13-0"
1,proposed_c2f_adaptive_pd,10,10,1.0,20,300,0.06666666666666667,12,0,12,0.0,0.0,13892.652063058651,180.96644461824366,1.0,14807.0,14807.0,0.0,7.135899970307946,"5,4,8,9,13,2,11,11,7,2","0:1-5;1:0-4;2:0-8;3:0-9;4:2-13;5:1-2;6:14-11,0-11;7:0-11,4-11;8:2-7;9:3-2"
1,proposed_c2f_adaptive_pd_calibrated,10,10,1.0,21,300,0.07,12,0,12,0.0,0.0,13892.652063058651,180.96644461824366,1.0,14807.0,14807.0,0.0,15.564100001938641,"5,4,8,9,13,2,11,11,7,2","0:1-5;1:0-4;2:0-8;3:0-9;4:2-13;5:1-2;6:14-11,0-11;7:0-11,4-11;8:2-7;9:3-2"
2,proposed_c2f_adaptive_pd,10,10,1.0,15,300,0.05,13,0,13,0.0,0.0,1266.766860282965,61.14753563461546,1.0,13762.0,13762.0,0.0,5.279800039716065,"8,10,10,12,6,11,0,10,8,14","0:2-8;1:8-10;2:4-10;3:4-12;4:0-6;5:4-11;6:1-0;7:14-10,8-10;8:10-8,4-8;9:8-14,12-14"
2,proposed_c2f_adaptive_pd_calibrated,10,10,1.0,16,300,0.05333333333333334,13,0,13,0.0,0.0,1266.766860282965,61.14753563461546,1.0,13762.0,13762.0,0.0,16.051100043114275,"8,10,10,12,6,11,0,10,8,14","0:2-8;1:8-10;2:4-10;3:4-12;4:0-6;5:4-11;6:1-0;7:14-10,8-10;8:10-8,4-8;9:8-14,12-14"
3,proposed_c2f_adaptive_pd,9,10,0.9,12,300,0.04,15,3,12,1920.0,3.2,685.9429512999602,365.02638973738067,1.0,12505.0,12505.0,0.0,8.752800000365824,"12,11,6,6,12,3,9,4,13,5","0:2-12;1:1-11;2:0-6,0-12,2-6,0-5,4-6,6-5;3:2-6;4:1-12;5:1-3;6:0-9;7:2-4;8:3-13;9:2-5"
3,proposed_c2f_adaptive_pd_calibrated,9,10,0.9,13,300,0.043333333333333335,15,3,12,1920.0,3.2,685.9429512999602,365.02638973738067,1.0,12505.0,12505.0,0.0,20.558099960908294,"12,11,6,6,12,3,9,4,13,5","0:2-12;1:1-11;2:0-6,0-12,2-6,0-5,4-6,6-5;3:2-6;4:1-12;5:1-3;6:0-9;7:2-4;8:3-13;9:2-5"
4,proposed_c2f_adaptive_pd,10,10,1.0,12,300,0.04,10,0,10,0.0,0.0,483.42043246565237,114.39119215673983,1.0,12528.0,12528.0,0.0,5.822099978104234,"8,7,7,9,4,1,13,1,1,10",0:0-8;1:2-7;2:1-7;3:3-9;4:0-4;5:2-1;6:0-13;7:2-1;8:6-1;9:0-10
4,proposed_c2f_adaptive_pd_calibrated,10,10,1.0,12,300,0.04,10,0,10,0.0,0.0,483.42043246565237,114.39119215673983,1.0,12528.0,12528.0,0.0,9.410600003320724,"8,7,7,9,4,1,13,1,1,10",0:0-8;1:2-7;2:1-7;3:3-9;4:0-4;5:2-1;6:0-13;7:2-1;8:6-1;9:0-10
5,proposed_c2f_adaptive_pd,9,10,0.9,10,300,0.03333333333333333,12,0,12,0.0,0.0,236.85807334900375,104.11018833392681,1.0,11247.0,11247.0,0.0,5.94259996432811,"7,4,13,11,6,9,6,4,4,10","0:6-7;1:1-4;2:4-13;3:7-11;4:7-6,14-6;5:13-9;6:14-6,11-6;7:10-4;8:3-4;9:4-10"
5,proposed_c2f_adaptive_pd_calibrated,9,10,0.9,11,300,0.03666666666666667,12,0,12,0.0,0.0,236.85807334900375,104.11018833392681,1.0,11247.0,11247.0,0.0,14.580099959857762,"7,4,13,11,6,9,6,4,4,10","0:6-7;1:1-4;2:4-13;3:7-11;4:7-6,14-6;5:13-9;6:14-6,11-6;7:10-4;8:3-4;9:4-10"
6,proposed_c2f_adaptive_pd,10,10,1.0,14,300,0.04666666666666667,13,1,12,640.0,1.0666666666666667,1002.7631892034527,822.121392717248,1.0,13095.0,13095.0,0.0,5.956500011961907,"2,1,4,6,9,3,3,4,4,4","0:0-2;1:0-1;2:0-4;3:0-6;4:1-9;5:4-3;6:4-3;7:0-4;8:3-4;9:8-4,4-8,5-4,3-4"
6,proposed_c2f_adaptive_pd_calibrated,10,10,1.0,14,300,0.04666666666666667,13,1,12,640.0,1.0666666666666667,1002.7631892034527,822.121392717248,1.0,13095.0,13095.0,0.0,17.091200046706945,"2,1,4,6,9,3,3,4,4,4","0:0-2;1:0-1;2:0-4;3:0-6;4:1-9;5:4-3;6:4-3;7:0-4;8:3-4;9:8-4,4-8,5-4,3-4"
7,proposed_c2f_adaptive_pd,10,10,1.0,19,300,0.06333333333333334,13,0,13,0.0,0.0,255.64865455603868,112.79249987049205,1.0,14966.0,14966.0,0.0,7.192999997641891,"4,3,6,14,4,2,4,6,8,4","0:1-4;1:4-3,12-3;2:0-6;3:2-14;4:2-4;5:0-2;6:3-4,12-4,2-4;7:0-6;8:1-8;9:2-4"
7,proposed_c2f_adaptive_pd_calibrated,10,10,1.0,20,300,0.06666666666666667,13,0,13,0.0,0.0,255.64865455603868,112.79249987049205,1.0,14966.0,14966.0,0.0,17.274499987252057,"4,3,6,14,4,2,4,6,8,4","0:1-4;1:4-3,12-3;2:0-6;3:2-14;4:2-4;5:0-2;6:3-4,12-4,2-4;7:0-6;8:1-8;9:2-4"
8,proposed_c2f_adaptive_pd,10,10,1.0,16,300,0.05333333333333334,14,1,13,640.0,1.0666666666666667,1039.5878884115025,134.23804141066276,1.0,16529.0,16529.0,0.0,6.23759999871254,"3,1,2,14,2,4,14,3,9,5","0:2-3,3-11,11-3,1-3,8-3;1:0-1;2:3-2;3:0-14;4:3-2;5:0-4;6:0-14;7:0-3;8:2-9;9:0-5"
8,proposed_c2f_adaptive_pd_calibrated,10,10,1.0,16,300,0.05333333333333334,14,1,13,640.0,1.0666666666666667,1039.5878884115025,134.23804141066276,1.0,16529.0,16529.0,0.0,15.93459997093305,"3,1,2,14,2,4,14,3,9,5","0:2-3,3-11,11-3,1-3,8-3;1:0-1;2:3-2;3:0-14;4:3-2;5:0-4;6:0-14;7:0-3;8:2-9;9:0-5"
9,proposed_c2f_adaptive_pd,9,10,0.9,9,270,0.03333333333333333,10,0,10,0.0,0.0,698.224709392198,220.34800492774437,0.9,9581.0,9581.0,0.0,4.833199956919998,"14,6,6,1,14,11,10,13,0,8",0:7-14;1:1-6;2:0-6;3:3-1;4:0-14;5:3-11;6:0-10;7:1-13;8:1-0;9:2-8
9,proposed_c2f_adaptive_pd_calibrated,9,10,0.9,9,270,0.03333333333333333,10,0,10,0.0,0.0,698.224709392198,220.34800492774437,0.9,9581.0,9581.0,0.0,10.024200018960983,"14,6,6,1,14,11,10,13,0,8",0:7-14;1:1-6;2:0-6;3:3-1;4:0-14;5:3-11;6:0-10;7:1-13;8:1-0;9:2-8
10,proposed_c2f_adaptive_pd,10,10,1.0,20,300,0.06666666666666667,15,1,14,640.0,1.0666666666666667,2495.1242414412095,97.01843659523517,1.0,12761.0,12761.0,0.0,8.478100004140288,"13,7,14,4,1,5,7,12,0,3","0:0-13;1:0-7;2:7-14,14-7,3-14,4-14,5-14,12-14;3:1-4;4:0-1;5:3-5;6:11-7;7:2-12;8:1-0;9:4-3"
10,proposed_c2f_adaptive_pd_calibrated,10,10,1.0,20,300,0.06666666666666667,15,1,14,640.0,1.0666666666666667,2495.1242414412095,97.01843659523517,1.0,12761.0,12761.0,0.0,19.76019999710843,"13,7,14,4,1,5,7,12,0,3","0:0-13;1:0-7;2:7-14,14-7,3-14,4-14,5-14,12-14;3:1-4;4:0-1;5:3-5;6:11-7;7:2-12;8:1-0;9:4-3"
11,proposed_c2f_adaptive_pd,10,10,1.0,14,300,0.04666666666666667,10,0,10,0.0,0.0,325.75423483469046,113.00925051137446,1.0,12423.0,12423.0,0.0,5.543500010389835,"6,7,4,3,7,2,4,8,14,4",0:0-6;1:0-7;2:1-4;3:0-3;4:1-7;5:0-2;6:7-4;7:2-8;8:1-14;9:1-4
11,proposed_c2f_adaptive_pd_calibrated,10,10,1.0,14,300,0.04666666666666667,10,0,10,0.0,0.0,325.75423483469046,113.00925051137446,1.0,12423.0,12423.0,0.0,11.288900044746697,"6,7,4,3,7,2,4,8,14,4",0:0-6;1:0-7;2:1-4;3:0-3;4:1-7;5:0-2;6:7-4;7:2-8;8:1-14;9:1-4
12,proposed_c2f_adaptive_pd,10,10,1.0,16,300,0.05333333333333334,13,1,12,640.0,1.0666666666666667,14502.529658625936,156.21682762425553,1.0,15761.0,15761.0,0.0,5.285399965941906,"11,7,7,1,8,2,0,5,10,5","0:3-11;1:0-7;2:13-7,4-7,7-13,8-7;3:5-1;4:3-8;5:14-2;6:1-0;7:3-5;8:0-10;9:10-5"
12,proposed_c2f_adaptive_pd_calibrated,10,10,1.0,16,300,0.05333333333333334,13,1,12,640.0,1.0666666666666667,14502.529658625936,156.21682762425553,1.0,15761.0,15761.0,0.0,17.231500009074807,"11,7,7,1,8,2,0,5,10,5","0:3-11;1:0-7;2:13-7,4-7,7-13,8-7;3:5-1;4:3-8;5:14-2;6:1-0;7:3-5;8:0-10;9:10-5"
13,proposed_c2f_adaptive_pd,10,10,1.0,22,300,0.07333333333333333,16,3,13,1920.0,3.2,1777.0981566676978,174.6689964426441,1.0,16416.0,16416.0,0.0,9.541100007481873,"1,3,11,10,6,0,7,3,5,10","0:1-2,2-1,1-12,12-1,5-1,13-12;1:4-3;2:0-11;3:0-10;4:0-6;5:1-0;6:14-7;7:4-3;8:14-5;9:8-10,11-10"
13,proposed_c2f_adaptive_pd_calibrated,10,10,1.0,23,300,0.07666666666666666,16,3,13,1920.0,3.2,1777.0981566676978,174.6689964426441,1.0,16416.0,16416.0,0.0,22.3025000304915,"1,3,11,10,6,0,7,3,5,10","0:1-2,2-1,1-12,12-1,5-1,13-12;1:4-3;2:0-11;3:0-10;4:0-6;5:1-0;6:14-7;7:4-3;8:14-5;9:8-10,11-10"
14,proposed_c2f_adaptive_pd,10,10,1.0,8,300,0.02666666666666667,10,0,10,0.0,0.0,9454.186517753344,617.9942159171671,1.0,10659.0,10659.0,0.0,3.9574000402353704,"12,4,12,5,8,4,9,12,0,10",0:4-12;1:0-4;2:0-12;3:9-5;4:0-8;5:2-4;6:0-9;7:2-12;8:2-0;9:2-10
14,proposed_c2f_adaptive_pd_calibrated,10,10,1.0,9,300,0.03,10,0,10,0.0,0.0,9454.186517753344,617.9942159171671,1.0,10659.0,10659.0,0.0,13.392499997280538,"12,4,12,5,8,4,9,12,0,10",0:4-12;1:0-4;2:0-12;3:9-5;4:0-8;5:2-4;6:0-9;7:2-12;8:2-0;9:2-10
15,proposed_c2f_adaptive_pd,10,10,1.0,15,300,0.05,10,0,10,0.0,0.0,1627.6043241274315,153.787894299556,1.0,10197.0,10197.0,0.0,4.925100016407669,"1,8,9,8,10,10,11,7,6,10",0:0-1;1:4-8;2:0-9;3:1-8;4:0-10;5:0-10;6:0-11;7:2-7;8:0-6;9:9-10
15,proposed_c2f_adaptive_pd_calibrated,10,10,1.0,15,300,0.05,10,0,10,0.0,0.0,1627.6043241274315,153.787894299556,1.0,10197.0,10197.0,0.0,8.142200007569045,"1,8,9,8,10,10,11,7,6,10",0:0-1;1:4-8;2:0-9;3:1-8;4:0-10;5:0-10;6:0-11;7:2-7;8:0-6;9:9-10
16,proposed_c2f_adaptive_pd,10,10,1.0,14,300,0.04666666666666667,11,0,11,0.0,0.0,734.3395997997579,205.22727931772863,1.0,8268.0,8268.0,0.0,5.523600033484399,"14,2,14,14,2,7,5,14,4,0","0:2-14;1:6-2,9-2;2:12-14;3:2-14;4:0-2;5:1-7;6:2-5;7:2-14;8:2-4;9:9-0"
16,proposed_c2f_adaptive_pd_calibrated,10,10,1.0,14,300,0.04666666666666667,11,0,11,0.0,0.0,734.3395997997579,205.22727931772863,1.0,8268.0,8268.0,0.0,13.63669999409467,"14,2,14,14,2,7,5,14,4,0","0:2-14;1:6-2,9-2;2:12-14;3:2-14;4:0-2;5:1-7;6:2-5;7:2-14;8:2-4;9:9-0"
17,proposed_c2f_adaptive_pd,10,10,1.0,11,300,0.03666666666666667,11,0,11,0.0,0.0,387.7452543410786,105.23683043051963,1.0,11124.0,11124.0,0.0,6.814199965447187,"1,3,4,5,7,6,6,1,6,5","0:0-1;1:1-3;2:3-4;3:3-5;4:0-7;5:9-6;6:0-6;7:0-1;8:0-6;9:11-5,6-5"
17,proposed_c2f_adaptive_pd_calibrated,10,10,1.0,11,300,0.03666666666666667,11,0,11,0.0,0.0,387.7452543410786,105.23683043051963,1.0,11124.0,11124.0,0.0,15.165099990554154,"1,3,4,5,7,6,6,1,6,5","0:0-1;1:1-3;2:3-4;3:3-5;4:0-7;5:9-6;6:0-6;7:0-1;8:0-6;9:11-5,6-5"
18,proposed_c2f_adaptive_pd,10,10,1.0,10,300,0.03333333333333333,13,2,11,1280.0,2.1333333333333333,1437.8237247712545,139.82845118489038,1.0,16296.0,16296.0,0.0,6.685099971946329,"8,8,5,14,1,13,2,2,8,10","0:9-8;1:0-8;2:0-5;3:2-14;4:1-6,6-1,0-1;5:0-13;6:1-2;7:3-2;8:9-8,8-9;9:14-10"
18,proposed_c2f_adaptive_pd_calibrated,10,10,1.0,10,300,0.03333333333333333,13,2,11,1280.0,2.1333333333333333,1437.8237247712545,139.82845118489038,1.0,16296.0,16296.0,0.0,12.760799960233271,"8,8,5,14,1,13,2,2,8,10","0:9-8;1:0-8;2:0-5;3:2-14;4:1-6,6-1,0-1;5:0-13;6:1-2;7:3-2;8:9-8,8-9;9:14-10"
19,proposed_c2f_adaptive_pd,9,10,0.9,14,300,0.04666666666666667,16,3,13,1920.0,3.2,5724.025812411234,212.86590398246742,1.0,18193.0,18193.0,0.0,8.535000029951334,"6,2,9,8,7,3,2,3,6,7","0:5-6,10-6;1:12-2;2:1-9;3:11-8;4:3-7;5:7-3;6:0-2;7:1-3;8:10-6,6-10,0-6,5-6,6-0,5-10;9:1-7"
19,proposed_c2f_adaptive_pd_calibrated,9,10,0.9,14,300,0.04666666666666667,16,3,13,1920.0,3.2,5724.025812411234,212.86590398246742,1.0,18193.0,18193.0,0.0,17.392999958246946,"6,2,9,8,7,3,2,3,6,7","0:5-6,10-6;1:12-2;2:1-9;3:11-8;4:3-7;5:7-3;6:0-2;7:1-3;8:10-6,6-10,0-6,5-6,6-0,5-10;9:1-7"
20,proposed_c2f_adaptive_pd,10,10,1.0,13,300,0.043333333333333335,16,1,15,640.0,1.0666666666666667,1535.8257433553993,172.8946267832191,1.0,17381.0,17381.0,0.0,7.065700017847121,"14,1,8,6,6,12,10,3,5,12","0:6-14,14-6,10-14,12-14,2-14,13-14;1:0-1;2:0-8;3:0-6;4:13-6,14-6;5:1-12;6:2-10;7:1-3;8:1-5;9:5-12"
20,proposed_c2f_adaptive_pd_calibrated,10,10,1.0,13,300,0.043333333333333335,16,1,15,640.0,1.0666666666666667,1535.8257433553993,172.8946267832191,1.0,17381.0,17381.0,0.0,17.480599984992296,"14,1,8,6,6,12,10,3,5,12","0:6-14,14-6,10-14,12-14,2-14,13-14;1:0-1;2:0-8;3:0-6;4:13-6,14-6;5:1-12;6:2-10;7:1-3;8:1-5;9:5-12"
21,proposed_c2f_adaptive_pd,10,10,1.0,12,300,0.04,19,2,17,1280.0,2.1333333333333333,976.5961737485546,162.45201512168262,1.0,15681.0,15681.0,0.0,10.563199990428984,"3,1,10,2,9,13,3,6,12,2","0:1-3;1:0-1;2:13-10;3:9-2,2-9,1-2,10-2;4:2-9;5:0-13;6:0-3;7:0-6;8:1-12,6-12;9:13-2,10-2,9-2,2-9,3-2,1-2"
21,proposed_c2f_adaptive_pd_calibrated,10,10,1.0,12,300,0.04,19,2,17,1280.0,2.1333333333333333,976.5961737485546,162.45201512168262,1.0,15681.0,15681.0,0.0,19.838300009723753,"3,1,10,2,9,13,3,6,12,2","0:1-3;1:0-1;2:13-10;3:9-2,2-9,1-2,10-2;4:2-9;5:0-13;6:0-3;7:0-6;8:1-12,6-12;9:13-2,10-2,9-2,2-9,3-2,1-2"
22,proposed_c2f_adaptive_pd,10,10,1.0,14,300,0.04666666666666667,10,0,10,0.0,0.0,866.9571833116612,272.9086380097017,1.0,14047.0,14047.0,0.0,5.16200001584366,"3,3,9,3,3,5,4,10,5,3",0:1-3;1:1-3;2:2-9;3:1-3;4:1-3;5:1-5;6:0-4;7:4-10;8:1-5;9:2-3
22,proposed_c2f_adaptive_pd_calibrated,10,10,1.0,14,300,0.04666666666666667,10,0,10,0.0,0.0,866.9571833116612,272.9086380097017,1.0,14047.0,14047.0,0.0,12.268399994354695,"3,3,9,3,3,5,4,10,5,3",0:1-3;1:1-3;2:2-9;3:1-3;4:1-3;5:1-5;6:0-4;7:4-10;8:1-5;9:2-3
23,proposed_c2f_adaptive_pd,10,10,1.0,14,300,0.04666666666666667,12,1,11,640.0,1.0666666666666667,2837.138355063524,449.0186162684038,1.0,16333.0,16333.0,0.0,5.822200037073344,"6,5,7,7,0,2,10,2,4,6","0:0-6;1:12-5;2:8-7;3:8-7,7-8,0-7;4:1-0;5:10-2;6:2-10;7:0-2;8:0-4;9:2-6"
23,proposed_c2f_adaptive_pd_calibrated,10,10,1.0,14,300,0.04666666666666667,12,1,11,640.0,1.0666666666666667,2837.138355063524,449.0186162684038,1.0,16333.0,16333.0,0.0,15.891399991232902,"6,5,7,7,0,2,10,2,4,6","0:0-6;1:12-5;2:8-7;3:8-7,7-8,0-7;4:1-0;5:10-2;6:2-10;7:0-2;8:0-4;9:2-6"
24,proposed_c2f_adaptive_pd,8,10,0.8,21,300,0.07,30,0,30,0.0,0.0,908.3632400205521,38.750675826844876,1.0,26562.0,26562.0,0.0,10.865600022953004,"8,5,5,6,8,4,7,4,4,5","0:14-8;1:3-5,10-5,4-5,13-5,14-5,7-5;2:4-5,3-5,10-5,0-5,13-5,14-5;3:0-6;4:1-8;5:10-4;6:0-7;7:13-4,12-4,0-4,2-4,6-4,9-4;8:0-4;9:10-5,3-5,4-5,14-5,7-5,13-5"
24,proposed_c2f_adaptive_pd_calibrated,8,10,0.8,21,300,0.07,30,0,30,0.0,0.0,908.3632400205521,38.750675826844876,1.0,26562.0,26562.0,0.0,35.547600011341274,"8,5,5,6,8,4,7,4,4,5","0:14-8;1:3-5,10-5,4-5,13-5,14-5,7-5;2:4-5,3-5,10-5,0-5,13-5,14-5;3:0-6;4:1-8;5:10-4;6:0-7;7:13-4,12-4,0-4,2-4,6-4,9-4;8:0-4;9:10-5,3-5,4-5,14-5,7-5,13-5"
25,proposed_c2f_adaptive_pd,10,10,1.0,11,300,0.03666666666666667,16,2,14,1280.0,2.1333333333333333,2282.3444268432036,189.69558605144647,1.0,19903.0,19903.0,0.0,5.737700033932924,"8,7,13,12,9,13,14,8,0,7","0:0-8;1:0-7;2:2-13;3:1-12;4:1-9;5:12-13,4-13,0-13,12-0,13-0,3-13;6:0-14;7:0-8,13-8;8:2-0;9:0-7"
25,proposed_c2f_adaptive_pd_calibrated,10,10,1.0,11,300,0.03666666666666667,16,2,14,1280.0,2.1333333333333333,2282.3444268432036,189.69558605144647,1.0,19903.0,19903.0,0.0,17.37950003007427,"8,7,13,12,9,13,14,8,0,7","0:0-8;1:0-7;2:2-13;3:1-12;4:1-9;5:12-13,4-13,0-13,12-0,13-0,3-13;6:0-14;7:0-8,13-8;8:2-0;9:0-7"
26,proposed_c2f_adaptive_pd,10,10,1.0,19,300,0.06333333333333334,19,3,16,1920.0,3.2,411.0249477168193,119.88545906347612,1.0,20080.0,20080.0,0.0,10.795799957122654,"12,12,1,0,4,6,11,6,13,6","0:13-12;1:6-12,1-12,14-12,13-12,4-12;2:4-1;3:2-0;4:1-4;5:0-6;6:4-11;7:1-6;8:0-13;9:1-6,6-1,12-6,12-1,14-6,14-1"
26,proposed_c2f_adaptive_pd_calibrated,10,10,1.0,19,300,0.06333333333333334,19,3,16,1920.0,3.2,411.0249477168193,119.88545906347612,1.0,20080.0,20080.0,0.0,23.742000048514456,"12,12,1,0,4,6,11,6,13,6","0:13-12;1:6-12,1-12,14-12,13-12,4-12;2:4-1;3:2-0;4:1-4;5:0-6;6:4-11;7:1-6;8:0-13;9:1-6,6-1,12-6,12-1,14-6,14-1"
27,proposed_c2f_adaptive_pd,9,10,0.9,10,300,0.03333333333333333,15,2,13,1280.0,2.1333333333333333,963.8757955156068,78.23415047144081,1.0,16807.0,16807.0,0.0,8.560899994336069,"5,9,14,2,13,3,11,7,12,12","0:0-5;1:1-9,9-1,8-9,13-9,9-13,10-9;2:0-14;3:4-2;4:0-13;5:0-3;6:3-11;7:2-7;8:7-12;9:8-12"
27,proposed_c2f_adaptive_pd_calibrated,9,10,0.9,10,300,0.03333333333333333,15,2,13,1280.0,2.1333333333333333,963.8757955156068,78.23415047144081,1.0,16807.0,16807.0,0.0,18.021500029135495,"5,9,14,2,13,3,11,7,12,12","0:0-5;1:1-9,9-1,8-9,13-9,9-13,10-9;2:0-14;3:4-2;4:0-13;5:0-3;6:3-11;7:2-7;8:7-12;9:8-12"
28,proposed_c2f_adaptive_pd,10,10,1.0,14,300,0.04666666666666667,11,0,11,0.0,0.0,1883.8679154251113,154.2603356900625,1.0,12916.0,12916.0,0.0,4.581600020173937,"6,2,7,7,7,10,13,13,5,5","0:0-6;1:1-2;2:0-7;3:13-7;4:14-7,12-7;5:1-10;6:0-13;7:0-13;8:0-5;9:0-5"
28,proposed_c2f_adaptive_pd_calibrated,10,10,1.0,14,300,0.04666666666666667,11,0,11,0.0,0.0,1883.8679154251113,154.2603356900625,1.0,12916.0,12916.0,0.0,9.69580002129078,"6,2,7,7,7,10,13,13,5,5","0:0-6;1:1-2;2:0-7;3:13-7;4:14-7,12-7;5:1-10;6:0-13;7:0-13;8:0-5;9:0-5"
29,proposed_c2f_adaptive_pd,9,10,0.9,18,300,0.06,19,4,15,2560.0,4.266666666666667,390.39717810946433,154.60448684133866,1.0,24926.0,24926.0,0.0,10.092500015161932,"11,3,4,5,5,0,5,5,6,14","0:0-11;1:0-3;2:11-4,3-4;3:12-5,1-5,12-9,9-5,1-9,12-6;4:11-5,5-11,6-5,4-5;5:2-0;6:3-5;7:3-5;8:0-6;9:0-14"
29,proposed_c2f_adaptive_pd_calibrated,9,10,0.9,18,300,0.06,19,4,15,2560.0,4.266666666666667,390.39717810946433,154.60448684133866,1.0,24926.0,24926.0,0.0,21.281100052874535,"11,3,4,5,5,0,5,5,6,14","0:0-11;1:0-3;2:11-4,3-4;3:12-5,1-5,12-9,9-5,1-9,12-6;4:11-5,5-11,6-5,4-5;5:2-0;6:3-5;7:3-5;8:0-6;9:0-14"
30,proposed_c2f_adaptive_pd,10,10,1.0,7,300,0.023333333333333334,10,0,10,0.0,0.0,6984.069423736032,421.2307456955816,1.0,11429.0,11429.0,0.0,6.103299965616316,"12,1,7,8,3,1,13,7,0,9",0:1-12;1:0-1;2:3-7;3:0-8;4:2-3;5:0-1;6:0-13;7:1-7;8:1-0;9:5-9
30,proposed_c2f_adaptive_pd_calibrated,10,10,1.0,8,300,0.02666666666666667,10,0,10,0.0,0.0,6984.069423736032,421.2307456955816,1.0,11429.0,11429.0,0.0,10.493200039491057,"12,1,7,8,3,1,13,7,0,9",0:1-12;1:0-1;2:3-7;3:0-8;4:2-3;5:0-1;6:0-13;7:1-7;8:1-0;9:5-9
31,proposed_c2f_adaptive_pd,10,10,1.0,13,300,0.043333333333333335,10,0,10,0.0,0.0,3189.6143908560853,370.46353280671246,1.0,7733.0,7733.0,0.0,4.629799979738891,"9,13,8,3,9,8,13,0,0,11",0:0-9;1:7-13;2:2-8;3:5-3;4:0-9;5:1-8;6:0-13;7:9-0;8:3-0;9:0-11
31,proposed_c2f_adaptive_pd_calibrated,10,10,1.0,14,300,0.04666666666666667,10,0,10,0.0,0.0,3189.6143908560853,370.46353280671246,1.0,7733.0,7733.0,0.0,12.889300007373095,"9,13,8,3,9,8,13,0,0,11",0:0-9;1:7-13;2:2-8;3:5-3;4:0-9;5:1-8;6:0-13;7:9-0;8:3-0;9:0-11
32,proposed_c2f_adaptive_pd,10,10,1.0,13,300,0.043333333333333335,11,1,10,640.0,1.0666666666666667,513.635322369991,344.28848435245965,1.0,11747.0,11747.0,0.0,4.897600039839745,"2,12,4,1,7,5,14,2,5,7","0:7-2;1:2-12;2:0-4;3:0-1;4:3-7;5:12-5;6:14-6,6-14;7:12-2;8:1-5;9:2-7"
32,proposed_c2f_adaptive_pd_calibrated,10,10,1.0,13,300,0.043333333333333335,11,1,10,640.0,1.0666666666666667,513.635322369991,344.28848435245965,1.0,11747.0,11747.0,0.0,9.765799972228706,"2,12,4,1,7,5,14,2,5,7","0:7-2;1:2-12;2:0-4;3:0-1;4:3-7;5:12-5;6:14-6,6-14;7:12-2;8:1-5;9:2-7"
33,proposed_c2f_adaptive_pd,9,10,0.9,10,300,0.03333333333333333,10,0,10,0.0,0.0,600.2802534399658,89.14517254739337,1.0,11751.0,11751.0,0.0,4.043399996589869,"0,12,14,0,0,13,3,0,10,14",0:14-0;1:3-12;2:1-14;3:4-0;4:3-0;5:0-13;6:4-3;7:1-0;8:0-10;9:0-14
33,proposed_c2f_adaptive_pd_calibrated,9,10,0.9,10,300,0.03333333333333333,10,0,10,0.0,0.0,600.2802534399658,89.14517254739337,1.0,11751.0,11751.0,0.0,12.548800033982843,"0,12,14,0,0,13,3,0,10,14",0:14-0;1:3-12;2:1-14;3:4-0;4:3-0;5:0-13;6:4-3;7:1-0;8:0-10;9:0-14
34,proposed_c2f_adaptive_pd,9,10,0.9,18,300,0.06,13,1,12,640.0,1.0666666666666667,417.42289359606974,173.61614610861022,1.0,13574.0,13574.0,0.0,7.515000004786998,"9,9,2,0,9,1,8,0,9,2","0:12-9,4-9;1:12-9;2:1-2;3:4-0;4:12-9,9-12,4-9;5:3-1;6:2-8;7:1-0;8:0-9;9:0-2"
34,proposed_c2f_adaptive_pd_calibrated,9,10,0.9,18,300,0.06,13,1,12,640.0,1.0666666666666667,417.42289359606974,173.61614610861022,1.0,13574.0,13574.0,0.0,13.792900019325316,"9,9,2,0,9,1,8,0,9,2","0:12-9,4-9;1:12-9;2:1-2;3:4-0;4:12-9,9-12,4-9;5:3-1;6:2-8;7:1-0;8:0-9;9:0-2"
35,proposed_c2f_adaptive_pd,9,10,0.9,15,300,0.05,15,4,11,2560.0,4.266666666666667,6291.517010630565,177.27936067454013,1.0,14577.0,14577.0,0.0,5.930599989369512,"5,2,0,13,3,4,1,11,0,8","0:0-5;1:2-7,0-7,7-2,0-2,4-7,5-7;2:2-0;3:0-13;4:1-3;5:0-4;6:11-1;7:1-11;8:2-0;9:0-8"
35,proposed_c2f_adaptive_pd_calibrated,9,10,0.9,17,300,0.056666666666666664,15,4,11,2560.0,4.266666666666667,6291.517010630565,177.27936067454013,1.0,14577.0,14577.0,0.0,18.179700011387467,"5,2,0,13,3,4,1,11,0,8","0:0-5;1:2-7,0-7,7-2,0-2,4-7,5-7;2:2-0;3:0-13;4:1-3;5:0-4;6:11-1;7:1-11;8:2-0;9:0-8"
36,proposed_c2f_adaptive_pd,10,10,1.0,16,300,0.05333333333333334,11,1,10,640.0,1.0666666666666667,966.036415052743,155.65099980928787,1.0,9822.0,9822.0,0.0,6.666300003416836,"9,1,1,11,9,5,10,9,9,11","0:1-9;1:12-1;2:1-12,4-1;3:2-11;4:2-9;5:2-5;6:4-10;7:1-9;8:1-9;9:0-11"
36,proposed_c2f_adaptive_pd_calibrated,10,10,1.0,16,300,0.05333333333333334,11,1,10,640.0,1.0666666666666667,966.036415052743,155.65099980928787,1.0,9822.0,9822.0,0.0,12.733999988995492,"9,1,1,11,9,5,10,9,9,11","0:1-9;1:12-1;2:1-12,4-1;3:2-11;4:2-9;5:2-5;6:4-10;7:1-9;8:1-9;9:0-11"
37,proposed_c2f_adaptive_pd,10,10,1.0,13,300,0.043333333333333335,12,0,12,0.0,0.0,2268.963194565926,834.0437577055524,1.0,16129.0,16129.0,0.0,5.730199976824224,"0,4,2,13,5,14,1,6,5,3","0:1-0;1:0-4;2:6-2;3:0-13;4:3-5,4-5;5:2-14;6:0-1;7:3-6;8:0-5;9:6-3,5-3"
37,proposed_c2f_adaptive_pd_calibrated,10,10,1.0,13,300,0.043333333333333335,12,0,12,0.0,0.0,2268.963194565926,834.0437577055524,1.0,16129.0,16129.0,0.0,11.818200000561774,"0,4,2,13,5,14,1,6,5,3","0:1-0;1:0-4;2:6-2;3:0-13;4:3-5,4-5;5:2-14;6:0-1;7:3-6;8:0-5;9:6-3,5-3"
38,proposed_c2f_adaptive_pd,9,10,0.9,14,300,0.04666666666666667,15,2,13,1280.0,2.1333333333333333,579.7096762890586,230.27949229574196,1.0,14483.0,14483.0,0.0,5.1371000008657575,"9,2,3,7,13,8,0,11,0,3","0:1-9;1:1-2;2:8-3;3:0-7;4:6-13;5:3-8;6:1-0;7:0-11;8:11-0,0-11,12-0,0-12,9-0,13-0;9:1-3"
38,proposed_c2f_adaptive_pd_calibrated,9,10,0.9,14,300,0.04666666666666667,15,2,13,1280.0,2.1333333333333333,579.7096762890586,230.27949229574196,1.0,14483.0,14483.0,0.0,19.163499993737787,"9,2,3,7,13,8,0,11,0,3","0:1-9;1:1-2;2:8-3;3:0-7;4:6-13;5:3-8;6:1-0;7:0-11;8:11-0,0-11,12-0,0-12,9-0,13-0;9:1-3"
39,proposed_c2f_adaptive_pd,10,10,1.0,15,300,0.05,11,0,11,0.0,0.0,2117.4102081271135,368.5869671678468,1.0,12132.0,12132.0,0.0,4.946200002450496,"12,3,1,13,2,10,14,12,14,2","0:3-12;1:1-3;2:0-1;3:0-13;4:4-2;5:0-10;6:3-14;7:2-12;8:3-14;9:13-2,4-2"
39,proposed_c2f_adaptive_pd_calibrated,10,10,1.0,15,300,0.05,11,0,11,0.0,0.0,2117.4102081271135,368.5869671678468,1.0,12132.0,12132.0,0.0,14.214900031220168,"12,3,1,13,2,10,14,12,14,2","0:3-12;1:1-3;2:0-1;3:0-13;4:4-2;5:0-10;6:3-14;7:2-12;8:3-14;9:13-2,4-2"
40,proposed_c2f_adaptive_pd,10,10,1.0,18,300,0.06,12,1,11,640.0,1.0666666666666667,9181.918491024027,308.07481486308995,1.0,12776.0,12776.0,0.0,7.5897000497207046,"13,13,3,9,12,4,5,14,3,11","0:0-13;1:14-13;2:0-3;3:9-14,14-9,5-9;4:4-12;5:7-4;6:0-5;7:5-14;8:0-3;9:0-11"
40,proposed_c2f_adaptive_pd_calibrated,10,10,1.0,18,300,0.06,12,1,11,640.0,1.0666666666666667,9181.918491024027,308.07481486308995,1.0,12776.0,12776.0,0.0,14.6752999862656,"13,13,3,9,12,4,5,14,3,11","0:0-13;1:14-13;2:0-3;3:9-14,14-9,5-9;4:4-12;5:7-4;6:0-5;7:5-14;8:0-3;9:0-11"
41,proposed_c2f_adaptive_pd,10,10,1.0,13,300,0.043333333333333335,10,0,10,0.0,0.0,412.5582493684816,116.98442081833906,1.0,9581.0,9581.0,0.0,3.521400038152933,"2,9,0,0,1,4,10,13,3,2",0:5-2;1:2-9;2:3-0;3:3-0;4:3-1;5:6-4;6:0-10;7:3-13;8:0-3;9:10-2
41,proposed_c2f_adaptive_pd_calibrated,10,10,1.0,13,300,0.043333333333333335,10,0,10,0.0,0.0,412.5582493684816,116.98442081833906,1.0,9581.0,9581.0,0.0,11.640399985481054,"2,9,0,0,1,4,10,13,3,2",0:5-2;1:2-9;2:3-0;3:3-0;4:3-1;5:6-4;6:0-10;7:3-13;8:0-3;9:10-2
42,proposed_c2f_adaptive_pd,10,10,1.0,19,300,0.06333333333333334,10,0,10,0.0,0.0,1245.5528707627893,256.67266582894683,1.0,9581.0,9581.0,0.0,4.619100014679134,"5,0,8,12,4,1,3,4,14,8",0:0-5;1:1-0;2:1-8;3:1-12;4:0-4;5:0-1;6:1-3;7:3-4;8:0-14;9:1-8
42,proposed_c2f_adaptive_pd_calibrated,10,10,1.0,19,300,0.06333333333333334,10,0,10,0.0,0.0,1245.5528707627893,256.67266582894683,1.0,9581.0,9581.0,0.0,11.299800011329353,"5,0,8,12,4,1,3,4,14,8",0:0-5;1:1-0;2:1-8;3:1-12;4:0-4;5:0-1;6:1-3;7:3-4;8:0-14;9:1-8
43,proposed_c2f_adaptive_pd,10,10,1.0,18,300,0.06,11,0,11,0.0,0.0,328.11717919564114,218.10508485068237,1.0,11302.0,11302.0,0.0,5.622400029096752,"8,10,5,6,12,6,6,3,14,12","0:3-8;1:1-10;2:2-5;3:0-6,13-6;4:1-12;5:0-6;6:14-6;7:8-3;8:0-14;9:1-12"
43,proposed_c2f_adaptive_pd_calibrated,10,10,1.0,18,300,0.06,11,0,11,0.0,0.0,328.11717919564114,218.10508485068237,1.0,11302.0,11302.0,0.0,11.41709997318685,"8,10,5,6,12,6,6,3,14,12","0:3-8;1:1-10;2:2-5;3:0-6,13-6;4:1-12;5:0-6;6:14-6;7:8-3;8:0-14;9:1-12"
44,proposed_c2f_adaptive_pd,10,10,1.0,20,300,0.06666666666666667,11,0,11,0.0,0.0,15254.809132214088,348.5618416654452,1.0,10914.0,10914.0,0.0,5.538200028240681,"7,0,6,0,12,1,3,14,9,0","0:0-7;1:2-0;2:0-6;3:9-0,3-0;4:0-12;5:3-1;6:8-3;7:0-14;8:0-9;9:2-0"
44,proposed_c2f_adaptive_pd_calibrated,10,10,1.0,20,300,0.06666666666666667,11,0,11,0.0,0.0,15254.809132214088,348.5618416654452,1.0,10914.0,10914.0,0.0,12.132000003475696,"7,0,6,0,12,1,3,14,9,0","0:0-7;1:2-0;2:0-6;3:9-0,3-0;4:0-12;5:3-1;6:8-3;7:0-14;8:0-9;9:2-0"
45,proposed_c2f_adaptive_pd,10,10,1.0,20,300,0.06666666666666667,20,2,18,1280.0,2.1333333333333333,1158.8354814419201,191.80496978920868,1.0,22928.0,22928.0,0.0,8.852200000546873,"2,13,0,4,6,1,2,13,3,6","0:0-2;1:2-13;2:1-0;3:0-4;4:0-6;5:11-1,10-1,5-1,0-1,7-1,6-1;6:3-2;7:9-13;8:0-3;9:0-6,13-6,14-6,7-6,6-0,6-1"
45,proposed_c2f_adaptive_pd_calibrated,10,10,1.0,20,300,0.06666666666666667,20,2,18,1280.0,2.1333333333333333,1158.8354814419201,191.80496978920868,1.0,22928.0,22928.0,0.0,17.640199977904558,"2,13,0,4,6,1,2,13,3,6","0:0-2;1:2-13;2:1-0;3:0-4;4:0-6;5:11-1,10-1,5-1,0-1,7-1,6-1;6:3-2;7:9-13;8:0-3;9:0-6,13-6,14-6,7-6,6-0,6-1"
46,proposed_c2f_adaptive_pd,10,10,1.0,16,300,0.05333333333333334,10,0,10,0.0,0.0,1024.0086956193056,292.45658873462685,1.0,8349.0,8349.0,0.0,5.296899995300919,"3,5,0,3,14,5,8,6,3,11",0:0-3;1:0-5;2:1-0;3:2-3;4:5-14;5:9-5;6:0-8;7:0-6;8:0-3;9:0-11
46,proposed_c2f_adaptive_pd_calibrated,10,10,1.0,16,300,0.05333333333333334,10,0,10,0.0,0.0,1024.0086956193056,292.45658873462685,1.0,8349.0,8349.0,0.0,10.69880003342405,"3,5,0,3,14,5,8,6,3,11",0:0-3;1:0-5;2:1-0;3:2-3;4:5-14;5:9-5;6:0-8;7:0-6;8:0-3;9:0-11
47,proposed_c2f_adaptive_pd,9,10,0.9,10,300,0.03333333333333333,11,0,11,0.0,0.0,198.59497725951854,148.73017639667447,1.0,9948.0,9948.0,0.0,4.464999947231263,"8,4,0,11,6,8,11,7,6,12","0:0-8;1:5-4;2:4-0;3:5-11;4:3-6;5:5-8,6-8;6:5-11;7:3-7;8:1-6;9:0-12"
47,proposed_c2f_adaptive_pd_calibrated,9,10,0.9,10,300,0.03333333333333333,11,0,11,0.0,0.0,198.59497725951854,148.73017639667447,1.0,9948.0,9948.0,0.0,11.475900013465434,"8,4,0,11,6,8,11,7,6,12","0:0-8;1:5-4;2:4-0;3:5-11;4:3-6;5:5-8,6-8;6:5-11;7:3-7;8:1-6;9:0-12"
48,proposed_c2f_adaptive_pd,10,10,1.0,11,300,0.03666666666666667,14,0,14,0.0,0.0,187.51142897104324,80.39124121802037,1.0,14476.0,14476.0,0.0,6.646699970588088,"11,2,2,0,0,2,0,6,9,3","0:0-11;1:0-2;2:0-2;3:2-0;4:2-0;5:0-2;6:2-0;7:11-6;8:1-9;9:1-3,12-3,5-3,2-3,7-3"
48,proposed_c2f_adaptive_pd_calibrated,10,10,1.0,11,300,0.03666666666666667,14,0,14,0.0,0.0,187.51142897104324,80.39124121802037,1.0,14476.0,14476.0,0.0,19.49799997964874,"11,2,2,0,0,2,0,6,9,3","0:0-11;1:0-2;2:0-2;3:2-0;4:2-0;5:0-2;6:2-0;7:11-6;8:1-9;9:1-3,12-3,5-3,2-3,7-3"
49,proposed_c2f_adaptive_pd,10,10,1.0,18,300,0.06,19,4,15,2560.0,4.266666666666667,227.86895156431623,73.36636816614984,1.0,17053.0,17053.0,0.0,7.507800008170307,"0,4,3,13,8,1,14,7,6,11","0:11-0,0-11;1:1-4;2:1-3;3:6-13;4:0-8;5:3-1;6:2-14;7:2-7;8:10-6,4-6,2-6,12-6;9:0-11,11-0,6-0,13-11,13-0,6-11"
49,proposed_c2f_adaptive_pd_calibrated,10,10,1.0,19,300,0.06333333333333334,19,4,15,2560.0,4.266666666666667,227.86895156431623,73.36636816614984,1.0,17053.0,17053.0,0.0,22.34550000866875,"0,4,3,13,8,1,14,7,6,11","0:11-0,0-11;1:1-4;2:1-3;3:6-13;4:0-8;5:3-1;6:2-14;7:2-7;8:10-6,4-6,2-6,12-6;9:0-11,11-0,6-0,13-11,13-0,6-11"
50,proposed_c2f_adaptive_pd,10,10,1.0,19,300,0.06333333333333334,12,1,11,640.0,1.0666666666666667,3531.5418715420055,178.48238534991353,1.0,16436.0,16436.0,0.0,7.477800012566149,"0,3,2,5,6,5,3,6,6,10","0:2-0;1:6-3;2:0-2;3:0-5;4:0-6;5:6-5,5-6,4-5;6:10-3;7:2-6;8:0-6;9:0-10"
50,proposed_c2f_adaptive_pd_calibrated,10,10,1.0,19,300,0.06333333333333334,12,1,11,640.0,1.0666666666666667,3531.5418715420055,178.48238534991353,1.0,16436.0,16436.0,0.0,11.822000029496849,"0,3,2,5,6,5,3,6,6,10","0:2-0;1:6-3;2:0-2;3:0-5;4:0-6;5:6-5,5-6,4-5;6:10-3;7:2-6;8:0-6;9:0-10"
51,proposed_c2f_adaptive_pd,10,10,1.0,8,300,0.02666666666666667,11,0,11,0.0,0.0,3612.7460185129726,279.94588004026707,1.0,13668.0,13668.0,0.0,5.200000014156103,"2,6,5,3,7,7,9,11,6,9","0:0-2;1:2-6;2:8-5,0-5;3:1-3;4:0-7;5:0-7;6:0-9;7:1-11;8:13-6;9:0-9"
51,proposed_c2f_adaptive_pd_calibrated,10,10,1.0,9,300,0.03,11,0,11,0.0,0.0,3612.7460185129726,279.94588004026707,1.0,13668.0,13668.0,0.0,15.63540002098307,"2,6,5,3,7,7,9,11,6,9","0:0-2;1:2-6;2:8-5,0-5;3:1-3;4:0-7;5:0-7;6:0-9;7:1-11;8:13-6;9:0-9"
52,proposed_c2f_adaptive_pd,10,10,1.0,19,300,0.06333333333333334,10,0,10,0.0,0.0,1937.9503469355896,400.5357101131471,1.0,10813.0,10813.0,0.0,3.505699976813048,"2,12,2,3,5,13,0,7,2,11",0:0-2;1:0-12;2:0-2;3:0-3;4:0-5;5:0-13;6:1-0;7:0-7;8:4-2;9:0-11
52,proposed_c2f_adaptive_pd_calibrated,10,10,1.0,19,300,0.06333333333333334,10,0,10,0.0,0.0,1937.9503469355896,400.5357101131471,1.0,10813.0,10813.0,0.0,13.109699997585267,"2,12,2,3,5,13,0,7,2,11",0:0-2;1:0-12;2:0-2;3:0-3;4:0-5;5:0-13;6:1-0;7:0-7;8:4-2;9:0-11
53,proposed_c2f_adaptive_pd,9,10,0.9,22,300,0.07333333333333333,10,0,10,0.0,0.0,27777.2024910361,3509.1522562092578,1.0,9735.0,9735.0,0.0,3.709500015247613,"0,5,3,5,13,11,4,4,14,8",0:1-0;1:0-5;2:10-3;3:0-5;4:3-13;5:0-11;6:6-4;7:6-4;8:0-14;9:4-8
53,proposed_c2f_adaptive_pd_calibrated,9,10,0.9,22,300,0.07333333333333333,10,0,10,0.0,0.0,27777.2024910361,3509.1522562092578,1.0,9735.0,9735.0,0.0,12.01429998036474,"0,5,3,5,13,11,4,4,14,8",0:1-0;1:0-5;2:10-3;3:0-5;4:3-13;5:0-11;6:6-4;7:6-4;8:0-14;9:4-8
54,proposed_c2f_adaptive_pd,9,10,0.9,13,300,0.043333333333333335,16,5,11,3200.0,5.333333333333334,316.45168629213646,75.11618415983745,1.0,18623.0,18623.0,0.0,7.9975000116974115,"14,4,1,9,14,5,8,4,8,2","0:1-14;1:0-4,14-4;2:3-1;3:8-9;4:2-14;5:8-5;6:0-8;7:4-0,8-0,9-0,12-0,8-4,3-0;8:3-8;9:0-2"
54,proposed_c2f_adaptive_pd_calibrated,9,10,0.9,13,300,0.043333333333333335,16,5,11,3200.0,5.333333333333334,316.45168629213646,75.11618415983745,1.0,18623.0,18623.0,0.0,20.72339999722317,"14,4,1,9,14,5,8,4,8,2","0:1-14;1:0-4,14-4;2:3-1;3:8-9;4:2-14;5:8-5;6:0-8;7:4-0,8-0,9-0,12-0,8-4,3-0;8:3-8;9:0-2"
55,proposed_c2f_adaptive_pd,10,10,1.0,15,300,0.05,10,0,10,0.0,0.0,926.0976925427192,459.8551597032225,1.0,9735.0,9735.0,0.0,6.481599994003773,"3,5,11,5,13,6,4,2,5,5",0:14-3;1:0-5;2:0-11;3:7-5;4:5-13;5:0-6;6:7-4;7:0-2;8:7-5;9:10-5
55,proposed_c2f_adaptive_pd_calibrated,10,10,1.0,16,300,0.05333333333333334,10,0,10,0.0,0.0,926.0976925427192,459.8551597032225,1.0,9735.0,9735.0,0.0,11.948199942708015,"3,5,11,5,13,6,4,2,5,5",0:14-3;1:0-5;2:0-11;3:7-5;4:5-13;5:0-6;6:7-4;7:0-2;8:7-5;9:10-5
56,proposed_c2f_adaptive_pd,10,10,1.0,11,300,0.03666666666666667,15,3,12,1920.0,3.2,842.0115707018585,144.1077926751851,1.0,12397.0,12397.0,0.0,5.193700024392456,"1,9,0,0,9,4,8,4,14,1","0:0-1;1:13-9;2:14-13,14-0,13-0,0-13,0-9,9-0;3:13-0;4:0-9;5:0-4;6:1-8;7:6-4;8:0-14;9:2-1"
56,proposed_c2f_adaptive_pd_calibrated,10,10,1.0,13,300,0.043333333333333335,15,3,12,1920.0,3.2,842.0115707018585,144.1077926751851,1.0,12397.0,12397.0,0.0,17.51529995817691,"1,9,0,0,9,4,8,4,14,1","0:0-1;1:13-9;2:14-13,14-0,13-0,0-13,0-9,9-0;3:13-0;4:0-9;5:0-4;6:1-8;7:6-4;8:0-14;9:2-1"
57,proposed_c2f_adaptive_pd,10,10,1.0,21,300,0.07,10,0,10,0.0,0.0,21234.453001187852,445.5363384913893,1.0,11891.0,11891.0,0.0,6.16049999371171,"6,13,3,6,6,13,12,2,3,14",0:7-6;1:0-13;2:0-3;3:7-6;4:0-6;5:0-13;6:0-12;7:0-2;8:0-3;9:0-14
57,proposed_c2f_adaptive_pd_calibrated,10,10,1.0,21,300,0.07,10,0,10,0.0,0.0,21234.453001187852,445.5363384913893,1.0,11891.0,11891.0,0.0,10.75489999493584,"6,13,3,6,6,13,12,2,3,14",0:7-6;1:0-13;2:0-3;3:7-6;4:0-6;5:0-13;6:0-12;7:0-2;8:0-3;9:0-14
58,proposed_c2f_adaptive_pd,9,10,0.9,16,300,0.05333333333333334,13,2,11,1280.0,2.1333333333333333,510.2740186480155,57.667674002037806,1.0,15663.0,15663.0,0.0,6.201800017151982,"6,11,1,12,10,10,14,10,8,3","0:0-6;1:1-11;2:2-1;3:1-12;4:10-0,0-10;5:0-10;6:1-14;7:10-0,0-10,2-10;8:0-8;9:14-3"
58,proposed_c2f_adaptive_pd_calibrated,9,10,0.9,17,300,0.056666666666666664,13,2,11,1280.0,2.1333333333333333,510.2740186480155,57.667674002037806,1.0,15663.0,15663.0,0.0,17.147600010503083,"6,11,1,12,10,10,14,10,8,3","0:0-6;1:1-11;2:2-1;3:1-12;4:10-0,0-10;5:0-10;6:1-14;7:10-0,0-10,2-10;8:0-8;9:14-3"
59,proposed_c2f_adaptive_pd,10,10,1.0,14,300,0.04666666666666667,10,0,10,0.0,0.0,2565.3917186596746,1657.6100035282018,1.0,10407.0,10407.0,0.0,4.607499984558672,"10,9,12,9,9,3,12,3,9,0",0:0-10;1:10-9;2:7-12;3:0-9;4:0-9;5:8-3;6:0-12;7:2-3;8:0-9;9:2-0
59,proposed_c2f_adaptive_pd_calibrated,10,10,1.0,14,300,0.04666666666666667,10,0,10,0.0,0.0,2565.3917186596746,1657.6100035282018,1.0,10407.0,10407.0,0.0,11.72400003997609,"10,9,12,9,9,3,12,3,9,0",0:0-10;1:10-9;2:7-12;3:0-9;4:0-9;5:8-3;6:0-12;7:2-3;8:0-9;9:2-0
60,proposed_c2f_adaptive_pd,8,10,0.8,13,300,0.043333333333333335,27,8,19,5120.0,8.533333333333335,4508.434151671546,68.74369594714298,1.0,18139.0,18139.0,0.0,14.247899991460145,"7,2,8,9,4,1,7,6,7,7","0:7-1,1-7,7-4,4-7,1-4,4-1;1:1-2;2:2-8;3:0-9;4:9-4,14-4,11-4,7-4,4-11,0-4;5:2-1;6:7-1,1-7,2-7,7-4,4-7,11-7;7:0-6;8:1-7;9:7-1,1-7,4-7"
60,proposed_c2f_adaptive_pd_calibrated,8,10,0.8,13,300,0.043333333333333335,27,8,19,5120.0,8.533333333333335,4508.434151671546,68.74369594714298,1.0,18139.0,18139.0,0.0,29.794600035529584,"7,2,8,9,4,1,7,6,7,7","0:7-1,1-7,7-4,4-7,1-4,4-1;1:1-2;2:2-8;3:0-9;4:9-4,14-4,11-4,7-4,4-11,0-4;5:2-1;6:7-1,1-7,2-7,7-4,4-7,11-7;7:0-6;8:1-7;9:7-1,1-7,4-7"
61,proposed_c2f_adaptive_pd,9,10,0.9,15,300,0.05,15,1,14,640.0,1.0666666666666667,1034.8206639518455,170.2239143833002,1.0,16866.0,16866.0,0.0,8.79490002989769,"12,5,5,3,13,10,7,7,13,12","0:0-12;1:6-5;2:0-5;3:0-3;4:7-13;5:0-10;6:0-7;7:0-7;8:7-13,14-13,11-13,8-13,13-7,12-13;9:3-12"
61,proposed_c2f_adaptive_pd_calibrated,9,10,0.9,15,300,0.05,15,1,14,640.0,1.0666666666666667,1034.8206639518455,170.2239143833002,1.0,16866.0,16866.0,0.0,18.84589996188879,"12,5,5,3,13,10,7,7,13,12","0:0-12;1:6-5;2:0-5;3:0-3;4:7-13;5:0-10;6:0-7;7:0-7;8:7-13,14-13,11-13,8-13,13-7,12-13;9:3-12"
62,proposed_c2f_adaptive_pd,9,10,0.9,12,300,0.04,13,1,12,640.0,1.0666666666666667,5364.0775970222985,140.93146877749115,1.0,15255.0,15255.0,0.0,7.715700019616634,"10,7,0,1,6,5,5,9,14,5","0:0-10;1:2-7;2:5-0;3:2-1;4:1-6;5:0-5;6:0-5;7:1-9;8:0-14;9:9-5,0-5,5-0,10-5"
62,proposed_c2f_adaptive_pd_calibrated,9,10,0.9,12,300,0.04,13,1,12,640.0,1.0666666666666667,5364.0775970222985,140.93146877749115,1.0,15255.0,15255.0,0.0,13.213899976108223,"10,7,0,1,6,5,5,9,14,5","0:0-10;1:2-7;2:5-0;3:2-1;4:1-6;5:0-5;6:0-5;7:1-9;8:0-14;9:9-5,0-5,5-0,10-5"
63,proposed_c2f_adaptive_pd,9,10,0.9,17,300,0.056666666666666664,21,5,16,3200.0,5.333333333333334,259350.8238516164,150.89921294598082,1.0,26284.0,26284.0,0.0,11.239000014029443,"2,8,5,2,8,14,9,12,8,8","0:7-2;1:0-8;2:0-5;3:12-2;4:0-8;5:13-14,5-14;6:0-9;7:0-12;8:8-14,14-8,2-8,0-8,2-14,3-8;9:8-14,14-8,2-8,0-8,2-14,8-0"
63,proposed_c2f_adaptive_pd_calibrated,9,10,0.9,18,300,0.06,21,5,16,3200.0,5.333333333333334,259350.8238516164,150.89921294598082,1.0,26284.0,26284.0,0.0,24.519799975678325,"2,8,5,2,8,14,9,12,8,8","0:7-2;1:0-8;2:0-5;3:12-2;4:0-8;5:13-14,5-14;6:0-9;7:0-12;8:8-14,14-8,2-8,0-8,2-14,3-8;9:8-14,14-8,2-8,0-8,2-14,8-0"
64,proposed_c2f_adaptive_pd,10,10,1.0,14,300,0.04666666666666667,11,0,11,0.0,0.0,1456.8440148479792,383.7428426243546,1.0,11096.0,11096.0,0.0,6.248300021979958,"3,9,2,11,1,4,0,13,12,1","0:11-3;1:0-9;2:0-2;3:1-11;4:6-1,14-1;5:0-4;6:2-0;7:0-13;8:5-12;9:4-1"
64,proposed_c2f_adaptive_pd_calibrated,10,10,1.0,14,300,0.04666666666666667,11,0,11,0.0,0.0,1456.8440148479792,383.7428426243546,1.0,11096.0,11096.0,0.0,13.489699980709702,"3,9,2,11,1,4,0,13,12,1","0:11-3;1:0-9;2:0-2;3:1-11;4:6-1,14-1;5:0-4;6:2-0;7:0-13;8:5-12;9:4-1"
65,proposed_c2f_adaptive_pd,10,10,1.0,11,300,0.03666666666666667,15,2,13,1280.0,2.1333333333333333,661.9846758846173,260.43696206231925,1.0,17419.0,17419.0,0.0,7.173800026066601,"3,3,3,8,9,10,9,9,7,3","0:6-3;1:0-3;2:2-3;3:0-8;4:0-9;5:3-10,10-3,12-10,6-10,10-12,14-10;6:0-9;7:0-9;8:0-7;9:0-3"
65,proposed_c2f_adaptive_pd_calibrated,10,10,1.0,14,300,0.04666666666666667,15,2,13,1280.0,2.1333333333333333,661.9846758846173,260.43696206231925,1.0,17419.0,17419.0,0.0,18.519500037655234,"3,3,3,8,9,10,9,9,7,3","0:6-3;1:0-3;2:2-3;3:0-8;4:0-9;5:3-10,10-3,12-10,6-10,10-12,14-10;6:0-9;7:0-9;8:0-7;9:0-3"
66,proposed_c2f_adaptive_pd,10,10,1.0,11,300,0.03666666666666667,10,0,10,0.0,0.0,416.05607078455796,285.4531990734827,1.0,9567.0,9567.0,0.0,6.071899959351867,"2,0,7,11,10,11,13,3,9,13",0:0-2;1:1-0;2:12-7;3:1-11;4:0-10;5:14-11;6:0-13;7:1-3;8:1-9;9:4-13
66,proposed_c2f_adaptive_pd_calibrated,10,10,1.0,13,300,0.043333333333333335,10,0,10,0.0,0.0,416.05607078455796,285.4531990734827,1.0,9567.0,9567.0,0.0,11.461200017947704,"2,0,7,11,10,11,13,3,9,13",0:0-2;1:1-0;2:12-7;3:1-11;4:0-10;5:14-11;6:0-13;7:1-3;8:1-9;9:4-13
67,proposed_c2f_adaptive_pd,10,10,1.0,8,300,0.02666666666666667,15,1,14,640.0,1.0666666666666667,256493.6582664411,546.6269022871612,1.0,14269.0,14269.0,0.0,8.80520005011931,"3,12,9,7,1,2,11,12,6,9","0:10-3,3-10,7-3,13-3,5-3,1-3;1:1-12;2:3-9;3:1-7;4:0-1;5:1-2;6:12-11;7:1-12;8:0-6;9:4-9"
67,proposed_c2f_adaptive_pd_calibrated,10,10,1.0,8,300,0.02666666666666667,15,1,14,640.0,1.0666666666666667,256493.6582664411,546.6269022871612,1.0,14269.0,14269.0,0.0,18.32169998669997,"3,12,9,7,1,2,11,12,6,9","0:10-3,3-10,7-3,13-3,5-3,1-3;1:1-12;2:3-9;3:1-7;4:0-1;5:1-2;6:12-11;7:1-12;8:0-6;9:4-9"
68,proposed_c2f_adaptive_pd,10,10,1.0,16,300,0.05333333333333334,11,1,10,640.0,1.0666666666666667,1838.2518940401292,376.4327789825058,1.0,12212.0,12212.0,0.0,4.543700022622943,"11,14,14,8,11,7,5,8,11,7","0:14-11;1:2-14;2:0-14;3:5-8;4:11-8,8-11;5:0-7;6:8-5;7:0-8;8:5-11;9:0-7"
68,proposed_c2f_adaptive_pd_calibrated,10,10,1.0,16,300,0.05333333333333334,11,1,10,640.0,1.0666666666666667,1838.2518940401292,376.4327789825058,1.0,12212.0,12212.0,0.0,12.582399998791516,"11,14,14,8,11,7,5,8,11,7","0:14-11;1:2-14;2:0-14;3:5-8;4:11-8,8-11;5:0-7;6:8-5;7:0-8;8:5-11;9:0-7"
69,proposed_c2f_adaptive_pd,9,10,0.9,12,300,0.04,20,5,15,3200.0,5.333333333333334,1660.2613815539298,131.57013121845168,1.0,21172.0,21172.0,0.0,10.523099976126105,"5,1,9,10,8,2,12,11,13,11","0:1-5;1:0-1;2:3-9;3:0-10;4:3-8;5:0-2;6:0-12;7:0-11,11-0,2-11,11-2,10-11,9-11;8:1-13;9:0-11,11-0,2-11,11-2,10-11,0-2"
69,proposed_c2f_adaptive_pd_calibrated,9,10,0.9,12,300,0.04,20,5,15,3200.0,5.333333333333334,1660.2613815539298,131.57013121845168,1.0,21172.0,21172.0,0.0,19.765600038226694,"5,1,9,10,8,2,12,11,13,11","0:1-5;1:0-1;2:3-9;3:0-10;4:3-8;5:0-2;6:0-12;7:0-11,11-0,2-11,11-2,10-11,9-11;8:1-13;9:0-11,11-0,2-11,11-2,10-11,0-2"
70,proposed_c2f_adaptive_pd,9,10,0.9,15,300,0.05,16,1,15,640.0,1.0666666666666667,1359.8608064553134,192.62490141851663,1.0,16617.0,16617.0,0.0,8.38449998991564,"0,8,2,6,2,2,7,1,7,2","0:1-0;1:2-8,8-2,1-8,7-8,11-8,0-8;2:0-2;3:0-6;4:0-2;5:0-2;6:0-7;7:0-1;8:2-7,11-7;9:0-2"
70,proposed_c2f_adaptive_pd_calibrated,9,10,0.9,16,300,0.05333333333333334,16,1,15,640.0,1.0666666666666667,1359.8608064553134,192.62490141851663,1.0,16617.0,16617.0,0.0,22.304999991320074,"0,8,2,6,2,2,7,1,7,2","0:1-0;1:2-8,8-2,1-8,7-8,11-8,0-8;2:0-2;3:0-6;4:0-2;5:0-2;6:0-7;7:0-1;8:2-7,11-7;9:0-2"
71,proposed_c2f_adaptive_pd,10,10,1.0,18,300,0.06,11,1,10,640.0,1.0666666666666667,5791.2910454945595,567.876876825889,1.0,16334.0,16334.0,0.0,3.9045000448822975,"10,11,11,13,8,1,1,6,12,2","0:13-10;1:4-11;2:13-11;3:6-13;4:3-8;5:4-1;6:1-14,4-1;7:1-6;8:0-12;9:0-2"
71,proposed_c2f_adaptive_pd_calibrated,10,10,1.0,18,300,0.06,11,1,10,640.0,1.0666666666666667,5791.2910454945595,567.876876825889,1.0,16334.0,16334.0,0.0,10.90019999537617,"10,11,11,13,8,1,1,6,12,2","0:13-10;1:4-11;2:13-11;3:6-13;4:3-8;5:4-1;6:1-14,4-1;7:1-6;8:0-12;9:0-2"
72,proposed_c2f_adaptive_pd,9,10,0.9,17,300,0.056666666666666664,15,1,14,640.0,1.0666666666666667,500.48821261075545,138.01313385868644,1.0,14264.0,14264.0,0.0,6.842400005552918,"5,4,7,1,3,6,13,1,11,0","0:7-5;1:0-4;2:0-7;3:0-1;4:10-3;5:2-6;6:3-13;7:3-1;8:6-11,5-11,3-11,12-11,2-11,11-5;9:1-0"
72,proposed_c2f_adaptive_pd_calibrated,9,10,0.9,19,300,0.06333333333333334,15,1,14,640.0,1.0666666666666667,500.48821261075545,138.01313385868644,1.0,14264.0,14264.0,0.0,17.503000039141625,"5,4,7,1,3,6,13,1,11,0","0:7-5;1:0-4;2:0-7;3:0-1;4:10-3;5:2-6;6:3-13;7:3-1;8:6-11,5-11,3-11,12-11,2-11,11-5;9:1-0"
73,proposed_c2f_adaptive_pd,10,10,1.0,19,300,0.06333333333333334,13,1,12,640.0,1.0666666666666667,675.9787288760109,153.45149330719246,1.0,13692.0,13692.0,0.0,5.790899973362684,"6,4,13,2,6,11,7,7,1,5","0:0-6;1:1-4;2:0-13;3:9-2,2-9,7-2;4:9-6,0-6;5:0-11;6:2-7;7:1-7;8:0-1;9:1-5"
73,proposed_c2f_adaptive_pd_calibrated,10,10,1.0,21,300,0.07,13,1,12,640.0,1.0666666666666667,675.9787288760109,153.45149330719246,1.0,13692.0,13692.0,0.0,15.221100009512156,"6,4,13,2,6,11,7,7,1,5","0:0-6;1:1-4;2:0-13;3:9-2,2-9,7-2;4:9-6,0-6;5:0-11;6:2-7;7:1-7;8:0-1;9:1-5"
74,proposed_c2f_adaptive_pd,10,10,1.0,15,300,0.05,10,0,10,0.0,0.0,919.1219316002623,715.1444186963413,1.0,10407.0,10407.0,0.0,3.7770000053569674,"13,6,2,3,11,6,3,7,13,11",0:3-13;1:5-6;2:0-2;3:13-3;4:1-11;5:5-6;6:13-3;7:0-7;8:1-13;9:1-11
74,proposed_c2f_adaptive_pd_calibrated,10,10,1.0,15,300,0.05,10,0,10,0.0,0.0,919.1219316002623,715.1444186963413,1.0,10407.0,10407.0,0.0,13.560299994423985,"13,6,2,3,11,6,3,7,13,11",0:3-13;1:5-6;2:0-2;3:13-3;4:1-11;5:5-6;6:13-3;7:0-7;8:1-13;9:1-11
75,proposed_c2f_adaptive_pd,10,10,1.0,9,300,0.03,12,1,11,640.0,1.0666666666666667,1781.5052647442867,779.9496789589281,1.0,13510.0,13510.0,0.0,4.668299981858581,"7,5,1,2,13,4,3,7,4,4","0:0-7;1:0-5;2:3-1;3:9-2,2-9,14-2;4:6-13;5:1-4;6:1-3;7:0-7;8:0-4;9:0-4"
75,proposed_c2f_adaptive_pd_calibrated,10,10,1.0,9,300,0.03,12,1,11,640.0,1.0666666666666667,1781.5052647442867,779.9496789589281,1.0,13510.0,13510.0,0.0,15.012299991212785,"7,5,1,2,13,4,3,7,4,4","0:0-7;1:0-5;2:3-1;3:9-2,2-9,14-2;4:6-13;5:1-4;6:1-3;7:0-7;8:0-4;9:0-4"
76,proposed_c2f_adaptive_pd,9,10,0.9,16,300,0.05333333333333334,10,0,10,0.0,0.0,4439.14825293578,70.79538605292319,1.0,15321.0,15321.0,0.0,4.840000008698553,"5,14,5,1,8,7,8,0,11,1",0:0-5;1:12-14;2:8-5;3:5-1;4:0-8;5:1-7;6:1-8;7:1-0;8:9-11;9:7-1
76,proposed_c2f_adaptive_pd_calibrated,9,10,0.9,16,300,0.05333333333333334,10,0,10,0.0,0.0,4439.14825293578,70.79538605292319,1.0,15321.0,15321.0,0.0,10.231200023554265,"5,14,5,1,8,7,8,0,11,1",0:0-5;1:12-14;2:8-5;3:5-1;4:0-8;5:1-7;6:1-8;7:1-0;8:9-11;9:7-1
77,proposed_c2f_adaptive_pd,10,10,1.0,23,300,0.07666666666666666,20,5,15,3200.0,5.333333333333334,433.9711517219981,79.88808273331566,1.0,20816.0,20816.0,0.0,9.90309996996075,"10,4,8,11,4,0,1,4,11,7","0:4-10,0-4,10-4,3-10,3-4,1-10;1:0-4;2:3-8;3:0-11;4:0-4;5:1-0;6:0-1;7:0-4;8:0-11;9:8-7,2-7,11-7,14-7,7-2,7-14"
77,proposed_c2f_adaptive_pd_calibrated,10,10,1.0,23,300,0.07666666666666666,20,5,15,3200.0,5.333333333333334,433.9711517219981,79.88808273331566,1.0,20816.0,20816.0,0.0,22.883899975568056,"10,4,8,11,4,0,1,4,11,7","0:4-10,0-4,10-4,3-10,3-4,1-10;1:0-4;2:3-8;3:0-11;4:0-4;5:1-0;6:0-1;7:0-4;8:0-11;9:8-7,2-7,11-7,14-7,7-2,7-14"
78,proposed_c2f_adaptive_pd,10,10,1.0,23,300,0.07666666666666666,10,0,10,0.0,0.0,259.05772193475525,110.40823531825536,1.0,12164.0,12164.0,0.0,4.22850000904873,"2,1,4,8,14,6,12,3,6,13",0:11-2;1:0-1;2:0-4;3:1-8;4:8-14;5:1-6;6:5-12;7:10-3;8:10-6;9:8-13
78,proposed_c2f_adaptive_pd_calibrated,10,10,1.0,23,300,0.07666666666666666,10,0,10,0.0,0.0,259.05772193475525,110.40823531825536,1.0,12164.0,12164.0,0.0,13.036200019996613,"2,1,4,8,14,6,12,3,6,13",0:11-2;1:0-1;2:0-4;3:1-8;4:8-14;5:1-6;6:5-12;7:10-3;8:10-6;9:8-13
79,proposed_c2f_adaptive_pd,10,10,1.0,19,300,0.06333333333333334,11,1,10,640.0,1.0666666666666667,92157.98792352833,389.648419214106,1.0,9822.0,9822.0,0.0,5.82419999409467,"12,9,14,8,10,9,1,7,14,10","0:0-12;1:0-9;2:0-14;3:1-8;4:4-10;5:0-9;6:1-5,8-1;7:6-7;8:0-14;9:4-10"
79,proposed_c2f_adaptive_pd_calibrated,10,10,1.0,20,300,0.06666666666666667,11,1,10,640.0,1.0666666666666667,92157.98792352833,389.648419214106,1.0,9822.0,9822.0,0.0,10.851599974557757,"12,9,14,8,10,9,1,7,14,10","0:0-12;1:0-9;2:0-14;3:1-8;4:4-10;5:0-9;6:1-5,8-1;7:6-7;8:0-14;9:4-10"
80,proposed_c2f_adaptive_pd,10,10,1.0,16,300,0.05333333333333334,11,0,11,0.0,0.0,246.57956992782175,131.1208545584806,1.0,12959.0,12959.0,0.0,5.060199997387826,"9,11,3,6,13,3,5,14,14,14","0:3-9;1:1-11;2:2-3;3:9-6,5-6;4:0-13;5:2-3;6:0-5;7:7-14;8:0-14;9:0-14"
80,proposed_c2f_adaptive_pd_calibrated,10,10,1.0,17,300,0.056666666666666664,11,0,11,0.0,0.0,246.57956992782175,131.1208545584806,1.0,12959.0,12959.0,0.0,13.176399981603026,"9,11,3,6,13,3,5,14,14,14","0:3-9;1:1-11;2:2-3;3:9-6,5-6;4:0-13;5:2-3;6:0-5;7:7-14;8:0-14;9:0-14"
81,proposed_c2f_adaptive_pd,10,10,1.0,11,300,0.03666666666666667,11,0,11,0.0,0.0,5254.039941646014,2172.5527264790876,1.0,11484.0,11484.0,0.0,3.8175000227056444,"7,13,5,1,10,3,8,10,12,14","0:0-7;1:14-13;2:2-5;3:0-1;4:1-10,3-10;5:0-3;6:0-8;7:0-10;8:0-12;9:0-14"
81,proposed_c2f_adaptive_pd_calibrated,10,10,1.0,11,300,0.03666666666666667,11,0,11,0.0,0.0,5254.039941646014,2172.5527264790876,1.0,11484.0,11484.0,0.0,12.541599979158491,"7,13,5,1,10,3,8,10,12,14","0:0-7;1:14-13;2:2-5;3:0-1;4:1-10,3-10;5:0-3;6:0-8;7:0-10;8:0-12;9:0-14"
82,proposed_c2f_adaptive_pd,9,10,0.9,14,270,0.05185185185185185,11,0,11,0.0,0.0,22748.261135558503,84.20521219148196,0.9090909090909091,13486.0,13486.0,0.0,5.92939998023212,"9,0,1,8,12,5,1,13,8,9","0:0-9;1:3-0;2:4-1;3:0-8;4:2-12;5:0-5;6:2-1;7:0-13;8:14-8;9:12-9,6-9"
82,proposed_c2f_adaptive_pd_calibrated,9,10,0.9,15,270,0.05555555555555555,11,0,11,0.0,0.0,22748.261135558503,84.20521219148196,0.9090909090909091,13486.0,13486.0,0.0,12.412099982611835,"9,0,1,8,12,5,1,13,8,9","0:0-9;1:3-0;2:4-1;3:0-8;4:2-12;5:0-5;6:2-1;7:0-13;8:14-8;9:12-9,6-9"
83,proposed_c2f_adaptive_pd,10,10,1.0,21,300,0.07,10,0,10,0.0,0.0,4392.555371109795,663.7785702820933,1.0,11919.0,11919.0,0.0,6.2194999773055315,"3,9,12,12,5,9,14,8,2,0",0:2-3;1:0-9;2:1-12;3:1-12;4:4-5;5:0-9;6:0-14;7:0-8;8:0-2;9:1-0
83,proposed_c2f_adaptive_pd_calibrated,10,10,1.0,21,300,0.07,10,0,10,0.0,0.0,4392.555371109795,663.7785702820933,1.0,11919.0,11919.0,0.0,10.213000001385808,"3,9,12,12,5,9,14,8,2,0",0:2-3;1:0-9;2:1-12;3:1-12;4:4-5;5:0-9;6:0-14;7:0-8;8:0-2;9:1-0
84,proposed_c2f_adaptive_pd,10,10,1.0,15,300,0.05,12,1,11,640.0,1.0666666666666667,1540.756414899502,171.21020274472153,1.0,16198.0,16198.0,0.0,6.503899989183992,"11,5,7,11,13,1,0,11,1,5","0:0-11;1:0-5;2:3-7;3:1-11;4:3-13;5:4-1;6:2-0,0-2,3-0;7:8-11;8:3-1;9:0-5"
84,proposed_c2f_adaptive_pd_calibrated,10,10,1.0,15,300,0.05,12,1,11,640.0,1.0666666666666667,1540.756414899502,171.21020274472153,1.0,16198.0,16198.0,0.0,12.98769999993965,"11,5,7,11,13,1,0,11,1,5","0:0-11;1:0-5;2:3-7;3:1-11;4:3-13;5:4-1;6:2-0,0-2,3-0;7:8-11;8:3-1;9:0-5"
85,proposed_c2f_adaptive_pd,10,10,1.0,14,300,0.04666666666666667,16,1,15,640.0,1.0666666666666667,6110.512039328582,1145.7102652931692,1.0,14252.0,14252.0,0.0,8.086899993941188,"5,4,9,6,0,13,5,13,4,0","0:6-5;1:2-4;2:5-9;3:5-6;4:10-0,11-0,3-0,8-0,12-0;5:8-13;6:6-5;7:2-13;8:2-4;9:11-0,0-11,1-0"
85,proposed_c2f_adaptive_pd_calibrated,10,10,1.0,15,300,0.05,16,1,15,640.0,1.0666666666666667,6110.512039328582,1145.7102652931692,1.0,14252.0,14252.0,0.0,19.827999989502132,"5,4,9,6,0,13,5,13,4,0","0:6-5;1:2-4;2:5-9;3:5-6;4:10-0,11-0,3-0,8-0,12-0;5:8-13;6:6-5;7:2-13;8:2-4;9:11-0,0-11,1-0"
86,proposed_c2f_adaptive_pd,10,10,1.0,7,300,0.023333333333333334,15,3,12,1920.0,3.2,3852.6536657983243,345.25424025103473,1.0,13009.0,13009.0,0.0,7.674499996937811,"1,10,13,5,2,6,11,0,12,1","0:0-1;1:0-10;2:2-13;3:0-5;4:0-2;5:0-6;6:2-11;7:0-14,14-0,3-14,3-0,2-14,2-0;8:4-12;9:0-1"
86,proposed_c2f_adaptive_pd_calibrated,10,10,1.0,7,300,0.023333333333333334,15,3,12,1920.0,3.2,3852.6536657983243,345.25424025103473,1.0,13009.0,13009.0,0.0,19.666099979076535,"1,10,13,5,2,6,11,0,12,1","0:0-1;1:0-10;2:2-13;3:0-5;4:0-2;5:0-6;6:2-11;7:0-14,14-0,3-14,3-0,2-14,2-0;8:4-12;9:0-1"
87,proposed_c2f_adaptive_pd,10,10,1.0,13,300,0.043333333333333335,11,0,11,0.0,0.0,15168.674816271645,369.5622288478473,1.0,12394.0,12394.0,0.0,6.681400001980364,"8,8,9,12,2,13,13,10,13,5","0:5-8;1:0-8;2:2-9,1-9;3:0-12;4:13-2;5:2-13;6:0-13;7:0-10;8:3-13;9:0-5"
87,proposed_c2f_adaptive_pd_calibrated,10,10,1.0,14,300,0.04666666666666667,11,0,11,0.0,0.0,15168.674816271645,369.5622288478473,1.0,12394.0,12394.0,0.0,12.22029997734353,"8,8,9,12,2,13,13,10,13,5","0:5-8;1:0-8;2:2-9,1-9;3:0-12;4:13-2;5:2-13;6:0-13;7:0-10;8:3-13;9:0-5"
88,proposed_c2f_adaptive_pd,10,10,1.0,20,300,0.06666666666666667,12,1,11,640.0,1.0666666666666667,1483.2124768563422,81.88602554318982,1.0,15912.0,15912.0,0.0,6.423100014217198,"2,14,9,9,7,7,12,5,7,2","0:1-2;1:0-14;2:7-9,9-7;3:7-9;4:1-7;5:0-7;6:2-12;7:0-5;8:1-7,13-7;9:0-2"
88,proposed_c2f_adaptive_pd_calibrated,10,10,1.0,20,300,0.06666666666666667,12,1,11,640.0,1.0666666666666667,1483.2124768563422,81.88602554318982,1.0,15912.0,15912.0,0.0,14.239199983421713,"2,14,9,9,7,7,12,5,7,2","0:1-2;1:0-14;2:7-9,9-7;3:7-9;4:1-7;5:0-7;6:2-12;7:0-5;8:1-7,13-7;9:0-2"
89,proposed_c2f_adaptive_pd,10,10,1.0,14,300,0.04666666666666667,16,2,14,1280.0,2.1333333333333333,2381.9235839207295,210.47632464021888,1.0,16538.0,16538.0,0.0,5.298999953083694,"4,4,10,4,2,1,10,0,2,11","0:14-4,9-4;1:1-4;2:5-10;3:9-4,4-9,14-4,4-14,6-4,11-4;4:0-2;5:4-1;6:1-10;7:1-0;8:0-2;9:0-11"
89,proposed_c2f_adaptive_pd_calibrated,10,10,1.0,15,300,0.05,16,2,14,1280.0,2.1333333333333333,2381.9235839207295,210.47632464021888,1.0,16538.0,16538.0,0.0,19.98260000254959,"4,4,10,4,2,1,10,0,2,11","0:14-4,9-4;1:1-4;2:5-10;3:9-4,4-9,14-4,4-14,6-4,11-4;4:0-2;5:4-1;6:1-10;7:1-0;8:0-2;9:0-11"
90,proposed_c2f_adaptive_pd,10,10,1.0,20,300,0.06666666666666667,12,1,11,640.0,1.0666666666666667,443.0279435772151,355.4057852245969,1.0,11732.0,11732.0,0.0,4.405000014230609,"8,11,4,0,0,9,8,1,7,0","0:1-8;1:3-11;2:1-4;3:6-0;4:6-0;5:2-9;6:0-8;7:4-1;8:2-7,7-2,9-7;9:8-0"
90,proposed_c2f_adaptive_pd_calibrated,10,10,1.0,20,300,0.06666666666666667,12,1,11,640.0,1.0666666666666667,443.0279435772151,355.4057852245969,1.0,11732.0,11732.0,0.0,13.434299966320395,"8,11,4,0,0,9,8,1,7,0","0:1-8;1:3-11;2:1-4;3:6-0;4:6-0;5:2-9;6:0-8;7:4-1;8:2-7,7-2,9-7;9:8-0"
91,proposed_c2f_adaptive_pd,7,10,0.7,15,300,0.05,25,8,17,5120.0,8.533333333333335,104860.91566822717,94.49537300407576,1.0,23268.0,23268.0,0.0,14.518600015435368,"8,6,4,8,14,3,0,3,0,8","0:14-8,8-14,7-8,8-7,11-8,3-8;1:3-6;2:1-4;3:3-8,14-8,8-14,3-7,3-14,6-8;4:11-14;5:2-3;6:1-0;7:6-3,3-6,8-3,7-3,3-7,8-6;8:5-0;9:0-8"
91,proposed_c2f_adaptive_pd_calibrated,7,10,0.7,15,300,0.05,25,8,17,5120.0,8.533333333333335,104860.91566822717,94.49537300407576,1.0,23268.0,23268.0,0.0,30.082200013566762,"8,6,4,8,14,3,0,3,0,8","0:14-8,8-14,7-8,8-7,11-8,3-8;1:3-6;2:1-4;3:3-8,14-8,8-14,3-7,3-14,6-8;4:11-14;5:2-3;6:1-0;7:6-3,3-6,8-3,7-3,3-7,8-6;8:5-0;9:0-8"
92,proposed_c2f_adaptive_pd,10,10,1.0,19,300,0.06333333333333334,12,0,12,0.0,0.0,805.4907855535528,105.48383204465998,1.0,17633.0,17633.0,0.0,6.439400021918118,"12,2,8,14,12,1,4,4,8,8","0:0-12;1:0-2;2:3-8,6-8;3:3-14;4:1-12;5:2-1;6:9-4;7:9-4,3-4;8:2-8;9:2-8"
92,proposed_c2f_adaptive_pd_calibrated,10,10,1.0,19,300,0.06333333333333334,12,0,12,0.0,0.0,805.4907855535528,105.48383204465998,1.0,17633.0,17633.0,0.0,14.764699968509376,"12,2,8,14,12,1,4,4,8,8","0:0-12;1:0-2;2:3-8,6-8;3:3-14;4:1-12;5:2-1;6:9-4;7:9-4,3-4;8:2-8;9:2-8"
93,proposed_c2f_adaptive_pd,10,10,1.0,20,300,0.06666666666666667,11,0,11,0.0,0.0,11505.440462185239,890.8022773429327,1.0,10368.0,10368.0,0.0,4.593699995893985,"9,6,10,7,1,5,5,14,14,3","0:3-9;1:3-6,5-6;2:1-10;3:1-7;4:0-1;5:0-5;6:1-5;7:0-14;8:0-14;9:6-3"
93,proposed_c2f_adaptive_pd_calibrated,10,10,1.0,20,300,0.06666666666666667,11,0,11,0.0,0.0,11505.440462185239,890.8022773429327,1.0,10368.0,10368.0,0.0,12.28829997126013,"9,6,10,7,1,5,5,14,14,3","0:3-9;1:3-6,5-6;2:1-10;3:1-7;4:0-1;5:0-5;6:1-5;7:0-14;8:0-14;9:6-3"
94,proposed_c2f_adaptive_pd,9,10,0.9,12,300,0.04,13,2,11,1280.0,2.1333333333333333,751.7622144572537,115.74635012716664,1.0,12194.0,12194.0,0.0,5.5828000186011195,"0,13,13,10,10,7,4,6,6,9","0:1-0;1:4-13;2:0-13;3:4-10;4:0-10;5:2-7;6:2-4;7:0-6;8:6-4,8-4,2-6,0-6;9:11-9"
94,proposed_c2f_adaptive_pd_calibrated,9,10,0.9,13,300,0.043333333333333335,13,2,11,1280.0,2.1333333333333333,751.7622144572537,115.74635012716664,1.0,12194.0,12194.0,0.0,17.619499994907528,"0,13,13,10,10,7,4,6,6,9","0:1-0;1:4-13;2:0-13;3:4-10;4:0-10;5:2-7;6:2-4;7:0-6;8:6-4,8-4,2-6,0-6;9:11-9"
95,proposed_c2f_adaptive_pd,9,10,0.9,11,270,0.040740740740740744,11,0,11,0.0,0.0,272.91104558846683,81.33385436791437,0.9090909090909091,12916.0,12916.0,0.0,4.5896999654360116,"12,5,7,13,9,6,12,10,0,1","0:0-12;1:0-5;2:1-7;3:10-13;4:0-9;5:7-6,10-6;6:0-12;7:6-10;8:2-0;9:0-1"
95,proposed_c2f_adaptive_pd_calibrated,9,10,0.9,11,270,0.040740740740740744,11,0,11,0.0,0.0,272.91104558846683,81.33385436791437,0.9090909090909091,12916.0,12916.0,0.0,9.089500003028661,"12,5,7,13,9,6,12,10,0,1","0:0-12;1:0-5;2:1-7;3:10-13;4:0-9;5:7-6,10-6;6:0-12;7:6-10;8:2-0;9:0-1"
96,proposed_c2f_adaptive_pd,10,10,1.0,16,300,0.05333333333333334,10,0,10,0.0,0.0,383.46292512590014,190.6570285524936,1.0,11429.0,11429.0,0.0,4.879500018432736,"6,2,4,11,10,10,6,9,0,9",0:1-6;1:1-2;2:2-4;3:0-11;4:3-10;5:0-10;6:1-6;7:0-9;8:5-0;9:0-9
96,proposed_c2f_adaptive_pd_calibrated,10,10,1.0,16,300,0.05333333333333334,10,0,10,0.0,0.0,383.46292512590014,190.6570285524936,1.0,11429.0,11429.0,0.0,8.817699970677495,"6,2,4,11,10,10,6,9,0,9",0:1-6;1:1-2;2:2-4;3:0-11;4:3-10;5:0-10;6:1-6;7:0-9;8:5-0;9:0-9
97,proposed_c2f_adaptive_pd,10,10,1.0,14,300,0.04666666666666667,14,0,14,0.0,0.0,2521.0686571200813,277.19900504469587,1.0,11539.0,11539.0,0.0,4.597499966621399,"7,13,12,12,10,6,5,3,13,10","0:12-7;1:3-13;2:7-12;3:3-12,5-12,7-12;4:0-10;5:12-6,11-6,7-6;6:11-5;7:5-3;8:3-13;9:0-10"
97,proposed_c2f_adaptive_pd_calibrated,10,10,1.0,14,300,0.04666666666666667,14,0,14,0.0,0.0,2521.0686571200813,277.19900504469587,1.0,11539.0,11539.0,0.0,15.936799987684935,"7,13,12,12,10,6,5,3,13,10","0:12-7;1:3-13;2:7-12;3:3-12,5-12,7-12;4:0-10;5:12-6,11-6,7-6;6:11-5;7:5-3;8:3-13;9:0-10"
98,proposed_c2f_adaptive_pd,10,10,1.0,16,300,0.05333333333333334,15,3,12,1920.0,3.2,1724.789357773244,458.9704332714326,1.0,13205.0,13205.0,0.0,6.911900010891259,"13,7,1,12,6,1,13,4,8,5","0:9-13;1:0-7;2:1-14,14-1,3-14,4-1,3-1,4-14;3:0-12;4:5-6;5:0-1;6:8-13;7:0-4;8:1-8;9:2-5"
98,proposed_c2f_adaptive_pd_calibrated,10,10,1.0,16,300,0.05333333333333334,15,3,12,1920.0,3.2,1724.789357773244,458.9704332714326,1.0,13205.0,13205.0,0.0,16.27989998087287,"13,7,1,12,6,1,13,4,8,5","0:9-13;1:0-7;2:1-14,14-1,3-14,4-1,3-1,4-14;3:0-12;4:5-6;5:0-1;6:8-13;7:0-4;8:1-8;9:2-5"
99,proposed_c2f_adaptive_pd,10,10,1.0,12,300,0.04,17,1,16,640.0,1.0666666666666667,637.0585885374928,140.86545839614365,1.0,22969.0,22969.0,0.0,9.553199983201921,"5,6,6,2,12,8,1,0,6,7","0:0-5;1:11-6,4-6,1-6,10-6;2:1-6,11-6;3:3-2;4:0-12;5:0-8;6:0-1;7:12-0,1-0,0-12;8:11-6,14-6;9:0-7"
99,proposed_c2f_adaptive_pd_calibrated,10,10,1.0,12,300,0.04,17,1,16,640.0,1.0666666666666667,637.0585885374928,140.86545839614365,1.0,22969.0,22969.0,0.0,21.952599985525012,"5,6,6,2,12,8,1,0,6,7","0:0-5;1:11-6,4-6,1-6,10-6;2:1-6,11-6;3:3-2;4:0-12;5:0-8;6:0-1;7:12-0,1-0,0-12;8:11-6,14-6;9:0-7"
100,proposed_c2f_adaptive_pd,8,10,0.8,15,300,0.05,15,2,13,1280.0,2.1333333333333333,2910.5858500109125,766.9981103733274,1.0,13401.0,13401.0,0.0,4.908000002615154,"8,0,8,2,4,2,6,12,6,7","0:0-8;1:0-10,5-0,11-10,10-0,13-0,8-0;2:13-8;3:12-2;4:0-4;5:12-2;6:0-6;7:1-12;8:1-6;9:0-7"
100,proposed_c2f_adaptive_pd_calibrated,8,10,0.8,15,300,0.05,15,2,13,1280.0,2.1333333333333333,2910.5858500109125,766.9981103733274,1.0,13401.0,13401.0,0.0,21.15720004076138,"8,0,8,2,4,2,6,12,6,7","0:0-8;1:0-10,5-0,11-10,10-0,13-0,8-0;2:13-8;3:12-2;4:0-4;5:12-2;6:0-6;7:1-12;8:1-6;9:0-7"
101,proposed_c2f_adaptive_pd,10,10,1.0,15,300,0.05,15,4,11,2560.0,4.266666666666667,1802.1647321539665,315.9310287864119,1.0,13205.0,13205.0,0.0,6.881800014525652,"2,5,0,1,7,0,14,12,13,4","0:3-2;1:0-5;2:5-0;3:5-1;4:0-7;5:0-8,8-0,9-8,8-9,9-0,0-9;6:1-14;7:0-12;8:0-13;9:0-4"
101,proposed_c2f_adaptive_pd_calibrated,10,10,1.0,16,300,0.05333333333333334,15,4,11,2560.0,4.266666666666667,1802.1647321539665,315.9310287864119,1.0,13205.0,13205.0,0.0,19.60190001409501,"2,5,0,1,7,0,14,12,13,4","0:3-2;1:0-5;2:5-0;3:5-1;4:0-7;5:0-8,8-0,9-8,8-9,9-0,0-9;6:1-14;7:0-12;8:0-13;9:0-4"
102,proposed_c2f_adaptive_pd,10,10,1.0,14,300,0.04666666666666667,11,0,11,0.0,0.0,1128.7597543526276,162.77279346123157,1.0,8940.0,8940.0,0.0,3.762400010600686,"1,14,10,9,12,10,1,5,10,2","0:10-1;1:2-14;2:9-10;3:3-9,2-9;4:0-12;5:1-10;6:3-1;7:0-5;8:6-10;9:0-2"
102,proposed_c2f_adaptive_pd_calibrated,10,10,1.0,14,300,0.04666666666666667,11,0,11,0.0,0.0,1128.7597543526276,162.77279346123157,1.0,8940.0,8940.0,0.0,9.158300003036857,"1,14,10,9,12,10,1,5,10,2","0:10-1;1:2-14;2:9-10;3:3-9,2-9;4:0-12;5:1-10;6:3-1;7:0-5;8:6-10;9:0-2"
103,proposed_c2f_adaptive_pd,10,10,1.0,15,300,0.05,11,1,10,640.0,1.0666666666666667,1611.071540342586,236.52702581601315,1.0,12734.0,12734.0,0.0,5.330500018317252,"2,0,3,10,10,7,5,10,4,6","0:7-2;1:2-0;2:12-3;3:0-10;4:0-10;5:0-7;6:0-5;7:1-10,10-1;8:2-4;9:4-6"
103,proposed_c2f_adaptive_pd_calibrated,10,10,1.0,15,300,0.05,11,1,10,640.0,1.0666666666666667,1611.071540342586,236.52702581601315,1.0,12734.0,12734.0,0.0,12.778599979355931,"2,0,3,10,10,7,5,10,4,6","0:7-2;1:2-0;2:12-3;3:0-10;4:0-10;5:0-7;6:0-5;7:1-10,10-1;8:2-4;9:4-6"
104,proposed_c2f_adaptive_pd,10,10,1.0,11,300,0.03666666666666667,11,0,11,0.0,0.0,896.6946471372005,110.14876760012649,1.0,11666.0,11666.0,0.0,4.264699993655086,"10,8,10,7,7,13,5,8,10,4","0:13-10;1:14-8;2:13-10;3:1-7;4:1-7;5:0-13;6:8-5,10-5;7:0-8;8:1-10;9:1-4"
104,proposed_c2f_adaptive_pd_calibrated,10,10,1.0,11,300,0.03666666666666667,11,0,11,0.0,0.0,896.6946471372005,110.14876760012649,1.0,11666.0,11666.0,0.0,15.0976000004448,"10,8,10,7,7,13,5,8,10,4","0:13-10;1:14-8;2:13-10;3:1-7;4:1-7;5:0-13;6:8-5,10-5;7:0-8;8:1-10;9:1-4"
105,proposed_c2f_adaptive_pd,9,10,0.9,14,300,0.04666666666666667,24,0,24,0.0,0.0,245.3697094172913,53.387733051415125,1.0,17882.0,17882.0,0.0,12.353199999779463,"14,14,14,4,14,4,14,6,10,14","0:5-14,2-14,4-14,6-14,8-14,12-14;1:2-14,4-14,5-14,6-14,8-14,3-14;2:5-14;3:2-4;4:0-14;5:2-4,8-4,14-4,10-4;6:0-14;7:1-6;8:12-10;9:5-14,4-14"
105,proposed_c2f_adaptive_pd_calibrated,9,10,0.9,14,300,0.04666666666666667,24,0,24,0.0,0.0,245.3697094172913,53.387733051415125,1.0,17882.0,17882.0,0.0,25.411599955987185,"14,14,14,4,14,4,14,6,10,14","0:5-14,2-14,4-14,6-14,8-14,12-14;1:2-14,4-14,5-14,6-14,8-14,3-14;2:5-14;3:2-4;4:0-14;5:2-4,8-4,14-4,10-4;6:0-14;7:1-6;8:12-10;9:5-14,4-14"
106,proposed_c2f_adaptive_pd,10,10,1.0,16,300,0.05333333333333334,11,1,10,640.0,1.0666666666666667,1005.7901436701495,84.9719514120504,1.0,11666.0,11666.0,0.0,6.259400048293173,"8,3,12,9,0,11,1,7,11,6","0:1-8;1:4-3;2:1-12;3:2-9,9-2;4:6-0;5:1-11;6:8-1;7:3-7;8:3-11;9:0-6"
106,proposed_c2f_adaptive_pd_calibrated,10,10,1.0,16,300,0.05333333333333334,11,1,10,640.0,1.0666666666666667,1005.7901436701495,84.9719514120504,1.0,11666.0,11666.0,0.0,13.604299980215728,"8,3,12,9,0,11,1,7,11,6","0:1-8;1:4-3;2:1-12;3:2-9,9-2;4:6-0;5:1-11;6:8-1;7:3-7;8:3-11;9:0-6"
107,proposed_c2f_adaptive_pd,9,10,0.9,8,300,0.02666666666666667,10,0,10,0.0,0.0,576.7163439816413,127.79900755427785,1.0,10505.0,10505.0,0.0,3.8095999625511467,"13,10,14,10,4,8,13,11,0,11",0:1-13;1:13-10;2:0-14;3:0-10;4:1-4;5:5-8;6:0-13;7:3-11;8:1-0;9:2-11
107,proposed_c2f_adaptive_pd_calibrated,9,10,0.9,8,300,0.02666666666666667,10,0,10,0.0,0.0,576.7163439816413,127.79900755427785,1.0,10505.0,10505.0,0.0,11.284400010481477,"13,10,14,10,4,8,13,11,0,11",0:1-13;1:13-10;2:0-14;3:0-10;4:1-4;5:5-8;6:0-13;7:3-11;8:1-0;9:2-11
108,proposed_c2f_adaptive_pd,10,10,1.0,13,300,0.043333333333333335,12,1,11,640.0,1.0666666666666667,247.57407434170665,175.2533462292719,1.0,11869.0,11869.0,0.0,6.984899984672666,"4,0,8,3,7,2,6,4,7,10","0:0-4;1:3-0;2:0-8;3:13-3;4:6-7;5:1-2;6:0-6;7:1-4;8:9-7;9:10-3,3-10,2-10"
108,proposed_c2f_adaptive_pd_calibrated,10,10,1.0,13,300,0.043333333333333335,12,1,11,640.0,1.0666666666666667,247.57407434170665,175.2533462292719,1.0,11869.0,11869.0,0.0,14.596200024243444,"4,0,8,3,7,2,6,4,7,10","0:0-4;1:3-0;2:0-8;3:13-3;4:6-7;5:1-2;6:0-6;7:1-4;8:9-7;9:10-3,3-10,2-10"
109,proposed_c2f_adaptive_pd,10,10,1.0,21,300,0.07,12,0,12,0.0,0.0,1019.6170986622772,257.8156415011364,1.0,11404.0,11404.0,0.0,6.408700020983815,"2,9,6,0,10,1,6,1,2,13","0:4-2;1:1-9,7-9;2:5-6;3:3-0;4:0-10,4-10;5:4-1;6:12-6;7:0-1;8:10-2;9:5-13"
109,proposed_c2f_adaptive_pd_calibrated,10,10,1.0,21,300,0.07,12,0,12,0.0,0.0,1019.6170986622772,257.8156415011364,1.0,11404.0,11404.0,0.0,15.214000013656914,"2,9,6,0,10,1,6,1,2,13","0:4-2;1:1-9,7-9;2:5-6;3:3-0;4:0-10,4-10;5:4-1;6:12-6;7:0-1;8:10-2;9:5-13"
110,proposed_c2f_adaptive_pd,9,10,0.9,10,300,0.03333333333333333,10,0,10,0.0,0.0,460.644406203692,479.7098474418052,1.0,11583.0,11583.0,0.0,6.210499966982752,"1,13,1,10,14,8,0,1,0,6",0:0-1;1:0-13;2:0-1;3:0-10;4:0-14;5:2-8;6:9-0;7:6-1;8:1-0;9:1-6
110,proposed_c2f_adaptive_pd_calibrated,9,10,0.9,10,300,0.03333333333333333,10,0,10,0.0,0.0,460.644406203692,479.7098474418052,1.0,11583.0,11583.0,0.0,10.875499981921166,"1,13,1,10,14,8,0,1,0,6",0:0-1;1:0-13;2:0-1;3:0-10;4:0-14;5:2-8;6:9-0;7:6-1;8:1-0;9:1-6
111,proposed_c2f_adaptive_pd,8,10,0.8,17,300,0.056666666666666664,14,3,11,1920.0,3.2,200.4345938582369,78.51920799778405,1.0,12739.0,12739.0,0.0,9.319600008893758,"5,13,2,14,14,7,11,10,13,12","0:2-5;1:4-13;2:1-2;3:12-14;4:7-14;5:8-7;6:11-9,10-9,7-9,9-11;7:11-10,9-10;8:10-13;9:0-12"
111,proposed_c2f_adaptive_pd_calibrated,8,10,0.8,17,300,0.056666666666666664,14,3,11,1920.0,3.2,200.4345938582369,78.51920799778405,1.0,12739.0,12739.0,0.0,17.59569998830557,"5,13,2,14,14,7,11,10,13,12","0:2-5;1:4-13;2:1-2;3:12-14;4:7-14;5:8-7;6:11-9,10-9,7-9,9-11;7:11-10,9-10;8:10-13;9:0-12"
112,proposed_c2f_adaptive_pd,10,10,1.0,10,300,0.03333333333333333,15,4,11,2560.0,4.266666666666667,25300.526735580475,193.53368875658825,1.0,12757.0,12757.0,0.0,8.587099961005151,"4,11,6,5,11,5,11,5,2,14","0:0-4;1:2-11;2:0-6;3:8-5;4:3-11;5:3-5;6:11-4,11-3,3-11,4-11,3-4,4-3;7:0-5;8:0-2;9:0-14"
112,proposed_c2f_adaptive_pd_calibrated,10,10,1.0,12,300,0.04,15,4,11,2560.0,4.266666666666667,25300.526735580475,193.53368875658825,1.0,12757.0,12757.0,0.0,18.813899951055646,"4,11,6,5,11,5,11,5,2,14","0:0-4;1:2-11;2:0-6;3:8-5;4:3-11;5:3-5;6:11-4,11-3,3-11,4-11,3-4,4-3;7:0-5;8:0-2;9:0-14"
113,proposed_c2f_adaptive_pd,10,10,1.0,9,300,0.03,10,0,10,0.0,0.0,628.869372342217,493.7409488166662,1.0,9889.0,9889.0,0.0,4.9919000011868775,"2,7,10,1,12,2,2,2,12,4",0:7-2;1:3-7;2:1-10;3:0-1;4:1-12;5:6-2;6:6-2;7:1-2;8:0-12;9:3-4
113,proposed_c2f_adaptive_pd_calibrated,10,10,1.0,9,300,0.03,10,0,10,0.0,0.0,628.869372342217,493.7409488166662,1.0,9889.0,9889.0,0.0,7.902599987573922,"2,7,10,1,12,2,2,2,12,4",0:7-2;1:3-7;2:1-10;3:0-1;4:1-12;5:6-2;6:6-2;7:1-2;8:0-12;9:3-4
114,proposed_c2f_adaptive_pd,9,10,0.9,17,300,0.056666666666666664,17,1,16,640.0,1.0666666666666667,8305.826911756934,121.82358450285676,1.0,16692.0,16692.0,0.0,7.272999966517091,"5,6,0,2,5,9,5,10,4,11","0:4-5;1:0-6;2:2-0,8-0;3:0-2;4:13-5;5:0-9;6:10-5,6-5;7:10-5,5-10,2-10,7-10,13-10,12-10;8:9-4;9:0-11"
114,proposed_c2f_adaptive_pd_calibrated,9,10,0.9,17,300,0.056666666666666664,17,1,16,640.0,1.0666666666666667,8305.826911756934,121.82358450285676,1.0,16692.0,16692.0,0.0,20.256199990399182,"5,6,0,2,5,9,5,10,4,11","0:4-5;1:0-6;2:2-0,8-0;3:0-2;4:13-5;5:0-9;6:10-5,6-5;7:10-5,5-10,2-10,7-10,13-10,12-10;8:9-4;9:0-11"
115,proposed_c2f_adaptive_pd,10,10,1.0,11,300,0.03666666666666667,16,1,15,640.0,1.0666666666666667,5771.520633081107,233.9473638915737,1.0,14296.0,14296.0,0.0,5.346000019926578,"2,9,14,5,13,9,1,9,5,13","0:0-2;1:0-9;2:0-14;3:3-5;4:7-13;5:1-9;6:2-1;7:1-9;8:3-5,7-5,5-3,10-5,1-5,4-5;9:7-13,10-13"
115,proposed_c2f_adaptive_pd_calibrated,10,10,1.0,11,300,0.03666666666666667,16,1,15,640.0,1.0666666666666667,5771.520633081107,233.9473638915737,1.0,14296.0,14296.0,0.0,16.464099986478686,"2,9,14,5,13,9,1,9,5,13","0:0-2;1:0-9;2:0-14;3:3-5;4:7-13;5:1-9;6:2-1;7:1-9;8:3-5,7-5,5-3,10-5,1-5,4-5;9:7-13,10-13"
116,proposed_c2f_adaptive_pd,10,10,1.0,11,300,0.03666666666666667,10,0,10,0.0,0.0,2376.7097502032507,186.03312091149826,1.0,9119.0,9119.0,0.0,5.917200003750622,"6,10,7,0,10,8,1,6,8,10",0:2-6;1:0-10;2:0-7;3:1-0;4:8-10;5:10-8;6:13-1;7:2-6;8:0-8;9:2-10
116,proposed_c2f_adaptive_pd_calibrated,10,10,1.0,12,300,0.04,10,0,10,0.0,0.0,2376.7097502032507,186.03312091149826,1.0,9119.0,9119.0,0.0,12.88560003740713,"6,10,7,0,10,8,1,6,8,10",0:2-6;1:0-10;2:0-7;3:1-0;4:8-10;5:10-8;6:13-1;7:2-6;8:0-8;9:2-10
117,proposed_c2f_adaptive_pd,9,10,0.9,19,270,0.07037037037037037,14,2,12,1280.0,2.1333333333333333,5224.7084633414925,184.9528328352729,0.9285714285714286,14457.0,14457.0,0.0,6.154000002425164,"4,0,11,9,0,1,7,0,13,8","0:0-4;1:1-0;2:1-11;3:0-9;4:7-0,0-7,0-13,13-0,14-0;5:2-1;6:0-7;7:2-0;8:0-13;9:0-8"
117,proposed_c2f_adaptive_pd_calibrated,9,10,0.9,19,270,0.07037037037037037,14,2,12,1280.0,2.1333333333333333,5224.7084633414925,184.9528328352729,0.9285714285714286,14457.0,14457.0,0.0,16.413900011684746,"4,0,11,9,0,1,7,0,13,8","0:0-4;1:1-0;2:1-11;3:0-9;4:7-0,0-7,0-13,13-0,14-0;5:2-1;6:0-7;7:2-0;8:0-13;9:0-8"
118,proposed_c2f_adaptive_pd,9,10,0.9,14,300,0.04666666666666667,14,2,12,1280.0,2.1333333333333333,343.41163236995607,104.68691511744865,1.0,14737.0,14737.0,0.0,4.802200011909008,"8,6,14,10,12,2,10,14,13,8","0:10-8;1:5-6;2:10-14;3:7-10;4:10-12;5:0-2;6:7-10;7:0-14;8:5-13;9:14-8,6-14,8-14,5-8,10-8"
118,proposed_c2f_adaptive_pd_calibrated,9,10,0.9,15,300,0.05,14,2,12,1280.0,2.1333333333333333,343.41163236995607,104.68691511744865,1.0,14737.0,14737.0,0.0,13.334900024347007,"8,6,14,10,12,2,10,14,13,8","0:10-8;1:5-6;2:10-14;3:7-10;4:10-12;5:0-2;6:7-10;7:0-14;8:5-13;9:14-8,6-14,8-14,5-8,10-8"
119,proposed_c2f_adaptive_pd,9,10,0.9,10,300,0.03333333333333333,11,0,11,0.0,0.0,1380.776241706152,182.16178198850054,1.0,9825.0,9825.0,0.0,4.36040002387017,"9,2,7,4,6,9,1,1,8,12","0:10-9,1-9;1:0-2;2:0-7;3:0-4;4:0-6;5:10-9;6:0-1;7:2-1;8:2-8;9:4-12"
119,proposed_c2f_adaptive_pd_calibrated,9,10,0.9,10,300,0.03333333333333333,11,0,11,0.0,0.0,1380.776241706152,182.16178198850054,1.0,9825.0,9825.0,0.0,13.563400018028915,"9,2,7,4,6,9,1,1,8,12","0:10-9,1-9;1:0-2;2:0-7;3:0-4;4:0-6;5:10-9;6:0-1;7:2-1;8:2-8;9:4-12"
120,proposed_c2f_adaptive_pd,10,10,1.0,14,300,0.04666666666666667,14,0,14,0.0,0.0,404215.67660111154,112.75225840639663,1.0,13563.0,13563.0,0.0,5.659299960825592,"5,14,13,2,9,9,9,3,9,1","0:0-5;1:0-14;2:0-13;3:3-2,13-2,11-2;4:14-9,2-9;5:1-9;6:2-9;7:5-3;8:2-9,14-9;9:4-1"
120,proposed_c2f_adaptive_pd_calibrated,10,10,1.0,14,300,0.04666666666666667,14,0,14,0.0,0.0,404215.67660111154,112.75225840639663,1.0,13563.0,13563.0,0.0,20.298399962484837,"5,14,13,2,9,9,9,3,9,1","0:0-5;1:0-14;2:0-13;3:3-2,13-2,11-2;4:14-9,2-9;5:1-9;6:2-9;7:5-3;8:2-9,14-9;9:4-1"
121,proposed_c2f_adaptive_pd,10,10,1.0,13,300,0.043333333333333335,25,2,23,1280.0,2.1333333333333333,184.5687172967686,94.22049475909975,1.0,24980.0,24980.0,0.0,10.989899979904294,"9,9,7,3,9,4,3,4,9,13","0:3-9,14-9;1:3-9,6-9,14-9;2:2-7,11-7,13-7,10-7,4-7,7-4;3:9-3;4:3-9;5:0-4;6:6-3,9-3,1-3;7:0-4;8:0-9;9:11-13,13-11,12-13,7-13,14-13,3-13"
121,proposed_c2f_adaptive_pd_calibrated,10,10,1.0,13,300,0.043333333333333335,25,2,23,1280.0,2.1333333333333333,184.5687172967686,94.22049475909975,1.0,24980.0,24980.0,0.0,31.92880004644394,"9,9,7,3,9,4,3,4,9,13","0:3-9,14-9;1:3-9,6-9,14-9;2:2-7,11-7,13-7,10-7,4-7,7-4;3:9-3;4:3-9;5:0-4;6:6-3,9-3,1-3;7:0-4;8:0-9;9:11-13,13-11,12-13,7-13,14-13,3-13"
122,proposed_c2f_adaptive_pd,10,10,1.0,14,300,0.04666666666666667,11,0,11,0.0,0.0,514.9188259860787,185.11540421800555,1.0,12370.0,12370.0,0.0,5.460700020194054,"13,14,11,7,12,12,13,0,1,0","0:7-13;1:0-14;2:0-11;3:11-7;4:6-12,4-12;5:3-12;6:5-13;7:1-0;8:0-1;9:1-0"
122,proposed_c2f_adaptive_pd_calibrated,10,10,1.0,14,300,0.04666666666666667,11,0,11,0.0,0.0,514.9188259860787,185.11540421800555,1.0,12370.0,12370.0,0.0,13.767800002824515,"13,14,11,7,12,12,13,0,1,0","0:7-13;1:0-14;2:0-11;3:11-7;4:6-12,4-12;5:3-12;6:5-13;7:1-0;8:0-1;9:1-0"
123,proposed_c2f_adaptive_pd,10,10,1.0,17,300,0.056666666666666664,16,2,14,1280.0,2.1333333333333333,27619.65524448856,254.78276599623948,1.0,20239.0,20239.0,0.0,9.224899986293167,"9,12,13,12,12,12,0,11,10,12","0:5-9;1:0-12;2:0-13;3:2-12,12-2;4:0-12;5:9-12,10-12,12-2,2-12,7-12,4-12;6:1-0;7:5-11;8:4-10;9:9-12"
123,proposed_c2f_adaptive_pd_calibrated,10,10,1.0,17,300,0.056666666666666664,16,2,14,1280.0,2.1333333333333333,27619.65524448856,254.78276599623948,1.0,20239.0,20239.0,0.0,19.48180003091693,"9,12,13,12,12,12,0,11,10,12","0:5-9;1:0-12;2:0-13;3:2-12,12-2;4:0-12;5:9-12,10-12,12-2,2-12,7-12,4-12;6:1-0;7:5-11;8:4-10;9:9-12"
124,proposed_c2f_adaptive_pd,10,10,1.0,22,300,0.07333333333333333,20,4,16,2560.0,4.266666666666667,4785.744118293386,560.2584897001252,1.0,21336.0,21336.0,0.0,8.921700005885214,"3,5,6,11,8,13,12,4,11,11","0:6-3,3-6,12-3,3-12,11-3,6-12;1:0-5;2:0-6;3:1-11;4:1-8;5:6-13;6:0-12;7:1-4;8:11-7,6-11,7-11,12-11,3-11,13-11;9:1-11"
124,proposed_c2f_adaptive_pd_calibrated,10,10,1.0,22,300,0.07333333333333333,20,4,16,2560.0,4.266666666666667,4785.744118293386,560.2584897001252,1.0,21336.0,21336.0,0.0,23.16799998516217,"3,5,6,11,8,13,12,4,11,11","0:6-3,3-6,12-3,3-12,11-3,6-12;1:0-5;2:0-6;3:1-11;4:1-8;5:6-13;6:0-12;7:1-4;8:11-7,6-11,7-11,12-11,3-11,13-11;9:1-11"
125,proposed_c2f_adaptive_pd,10,10,1.0,17,300,0.056666666666666664,10,0,10,0.0,0.0,3322.088716609698,525.7326599787414,1.0,10967.0,10967.0,0.0,5.473900004290044,"2,6,3,7,7,1,3,5,7,10",0:0-2;1:0-6;2:0-3;3:0-7;4:0-7;5:0-1;6:5-3;7:3-5;8:0-7;9:0-10
125,proposed_c2f_adaptive_pd_calibrated,10,10,1.0,17,300,0.056666666666666664,10,0,10,0.0,0.0,3322.088716609698,525.7326599787414,1.0,10967.0,10967.0,0.0,11.680099996738136,"2,6,3,7,7,1,3,5,7,10",0:0-2;1:0-6;2:0-3;3:0-7;4:0-7;5:0-1;6:5-3;7:3-5;8:0-7;9:0-10
126,proposed_c2f_adaptive_pd,10,10,1.0,22,300,0.07333333333333333,12,0,12,0.0,0.0,12863.245263099925,123.04660741922298,1.0,13191.0,13191.0,0.0,7.452300051227212,"10,1,0,14,13,3,7,3,14,7","0:0-10;1:13-1;2:3-0;3:1-14,13-14;4:1-13;5:0-3;6:1-7;7:0-3;8:1-14,13-14;9:2-7"
126,proposed_c2f_adaptive_pd_calibrated,10,10,1.0,23,300,0.07666666666666666,12,0,12,0.0,0.0,12863.245263099925,123.04660741922298,1.0,13191.0,13191.0,0.0,14.72430001012981,"10,1,0,14,13,3,7,3,14,7","0:0-10;1:13-1;2:3-0;3:1-14,13-14;4:1-13;5:0-3;6:1-7;7:0-3;8:1-14,13-14;9:2-7"
127,proposed_c2f_adaptive_pd,9,10,0.9,15,300,0.05,14,2,12,1280.0,2.1333333333333333,2602.1616184872896,278.1587950579181,1.0,12497.0,12497.0,0.0,6.505400000605732,"5,3,4,14,3,12,5,8,7,9","0:0-5;1:4-3;2:1-4;3:1-14;4:12-3,6-3,3-4,4-3,3-6;5:2-12;6:0-5;7:0-8;8:0-7;9:10-9"
127,proposed_c2f_adaptive_pd_calibrated,9,10,0.9,15,300,0.05,14,2,12,1280.0,2.1333333333333333,2602.1616184872896,278.1587950579181,1.0,12497.0,12497.0,0.0,13.609500019811094,"5,3,4,14,3,12,5,8,7,9","0:0-5;1:4-3;2:1-4;3:1-14;4:12-3,6-3,3-4,4-3,3-6;5:2-12;6:0-5;7:0-8;8:0-7;9:10-9"
128,proposed_c2f_adaptive_pd,10,10,1.0,10,300,0.03333333333333333,10,0,10,0.0,0.0,575.4192162197445,220.29211746656142,1.0,9273.0,9273.0,0.0,5.489600007422268,"13,2,1,12,0,1,10,9,7,4",0:8-13;1:0-2;2:0-1;3:2-12;4:1-0;5:0-1;6:2-10;7:0-9;8:0-7;9:2-4
128,proposed_c2f_adaptive_pd_calibrated,10,10,1.0,10,300,0.03333333333333333,10,0,10,0.0,0.0,575.4192162197445,220.29211746656142,1.0,9273.0,9273.0,0.0,13.954199966974556,"13,2,1,12,0,1,10,9,7,4",0:8-13;1:0-2;2:0-1;3:2-12;4:1-0;5:0-1;6:2-10;7:0-9;8:0-7;9:2-4
129,proposed_c2f_adaptive_pd,10,10,1.0,15,300,0.05,15,3,12,1920.0,3.2,1015.8011035232041,192.12518973944714,1.0,12743.0,12743.0,0.0,7.109600002877414,"6,5,9,0,6,1,6,10,4,6","0:3-6;1:0-5;2:2-9;3:1-0;4:3-6;5:4-1;6:8-6,2-6,6-8,6-2,10-6,6-10;7:2-10;8:0-4;9:0-6"
129,proposed_c2f_adaptive_pd_calibrated,10,10,1.0,15,300,0.05,15,3,12,1920.0,3.2,1015.8011035232041,192.12518973944714,1.0,12743.0,12743.0,0.0,20.106200012378395,"6,5,9,0,6,1,6,10,4,6","0:3-6;1:0-5;2:2-9;3:1-0;4:3-6;5:4-1;6:8-6,2-6,6-8,6-2,10-6,6-10;7:2-10;8:0-4;9:0-6"
130,proposed_c2f_adaptive_pd,10,10,1.0,11,300,0.03666666666666667,14,0,14,0.0,0.0,557.121044959654,282.86531705888893,1.0,14695.0,14695.0,0.0,6.817999994382262,"8,9,0,11,6,6,3,13,13,11","0:0-8;1:0-9;2:1-0;3:0-11;4:0-6;5:3-6,14-6,12-6,9-6,8-6;6:0-3;7:0-13;8:0-13;9:0-11"
130,proposed_c2f_adaptive_pd_calibrated,10,10,1.0,11,300,0.03666666666666667,14,0,14,0.0,0.0,557.121044959654,282.86531705888893,1.0,14695.0,14695.0,0.0,15.841100015677512,"8,9,0,11,6,6,3,13,13,11","0:0-8;1:0-9;2:1-0;3:0-11;4:0-6;5:3-6,14-6,12-6,9-6,8-6;6:0-3;7:0-13;8:0-13;9:0-11"
131,proposed_c2f_adaptive_pd,10,10,1.0,13,300,0.043333333333333335,11,0,11,0.0,0.0,548.2138703077499,257.5127758185929,1.0,10284.0,10284.0,0.0,5.301799974404275,"9,1,7,8,1,7,2,3,5,12","0:5-9;1:9-1;2:0-7;3:11-8;4:5-1;5:0-7;6:0-2;7:0-3;8:3-5,14-5;9:0-12"
131,proposed_c2f_adaptive_pd_calibrated,10,10,1.0,13,300,0.043333333333333335,11,0,11,0.0,0.0,548.2138703077499,257.5127758185929,1.0,10284.0,10284.0,0.0,15.200299967546016,"9,1,7,8,1,7,2,3,5,12","0:5-9;1:9-1;2:0-7;3:11-8;4:5-1;5:0-7;6:0-2;7:0-3;8:3-5,14-5;9:0-12"
132,proposed_c2f_adaptive_pd,10,10,1.0,18,300,0.06,10,0,10,0.0,0.0,7846.080309631863,367.0313203571249,1.0,9273.0,9273.0,0.0,6.114699994213879,"11,3,13,13,5,0,5,11,2,6",0:0-11;1:0-3;2:3-13;3:1-13;4:0-5;5:2-0;6:0-5;7:2-11;8:1-2;9:0-6
132,proposed_c2f_adaptive_pd_calibrated,10,10,1.0,18,300,0.06,10,0,10,0.0,0.0,7846.080309631863,367.0313203571249,1.0,9273.0,9273.0,0.0,10.361600026953965,"11,3,13,13,5,0,5,11,2,6",0:0-11;1:0-3;2:3-13;3:1-13;4:0-5;5:2-0;6:0-5;7:2-11;8:1-2;9:0-6
133,proposed_c2f_adaptive_pd,10,10,1.0,16,300,0.05333333333333334,10,0,10,0.0,0.0,6599.974973185281,269.2938357671375,1.0,9567.0,9567.0,0.0,4.019899992272258,"8,3,9,7,8,4,14,4,14,9",0:9-8;1:0-3;2:2-9;3:0-7;4:7-8;5:0-4;6:2-14;7:0-4;8:0-14;9:0-9
133,proposed_c2f_adaptive_pd_calibrated,10,10,1.0,16,300,0.05333333333333334,10,0,10,0.0,0.0,6599.974973185281,269.2938357671375,1.0,9567.0,9567.0,0.0,11.079100018832833,"8,3,9,7,8,4,14,4,14,9",0:9-8;1:0-3;2:2-9;3:0-7;4:7-8;5:0-4;6:2-14;7:0-4;8:0-14;9:0-9
134,proposed_c2f_adaptive_pd,10,10,1.0,18,300,0.06,12,1,11,640.0,1.0666666666666667,1842.5769351686936,119.41012663677111,1.0,15256.0,15256.0,0.0,6.913700024597347,"13,10,4,8,2,4,10,14,1,12","0:0-13;1:2-10;2:0-4;3:7-8;4:2-3,3-2;5:1-4;6:2-10;7:0-14;8:3-1;9:8-12,7-12"
134,proposed_c2f_adaptive_pd_calibrated,10,10,1.0,18,300,0.06,12,1,11,640.0,1.0666666666666667,1842.5769351686936,119.41012663677111,1.0,15256.0,15256.0,0.0,16.526299994438887,"13,10,4,8,2,4,10,14,1,12","0:0-13;1:2-10;2:0-4;3:7-8;4:2-3,3-2;5:1-4;6:2-10;7:0-14;8:3-1;9:8-12,7-12"
135,proposed_c2f_adaptive_pd,10,10,1.0,14,300,0.04666666666666667,18,4,14,2560.0,4.266666666666667,2990.1761894932797,67.35270029245206,1.0,14694.0,14694.0,0.0,6.387399975210428,"12,5,4,2,14,3,14,10,1,5","0:2-12,10-12;1:9-5,8-5;2:7-4;3:0-2;4:3-14,8-14;5:1-3;6:8-14,14-3,8-3,3-14,4-3,5-3;7:4-10;8:0-1;9:1-5"
135,proposed_c2f_adaptive_pd_calibrated,10,10,1.0,14,300,0.04666666666666667,18,4,14,2560.0,4.266666666666667,2990.1761894932797,67.35270029245206,1.0,14694.0,14694.0,0.0,18.616900022607297,"12,5,4,2,14,3,14,10,1,5","0:2-12,10-12;1:9-5,8-5;2:7-4;3:0-2;4:3-14,8-14;5:1-3;6:8-14,14-3,8-3,3-14,4-3,5-3;7:4-10;8:0-1;9:1-5"
136,proposed_c2f_adaptive_pd,10,10,1.0,14,300,0.04666666666666667,10,0,10,0.0,0.0,2275.9245890785132,196.4023972969486,1.0,9456.0,9456.0,0.0,5.516099976375699,"11,11,3,2,11,3,14,5,1,6",0:0-11;1:0-11;2:2-3;3:3-2;4:0-11;5:0-3;6:2-14;7:10-5;8:0-1;9:4-6
136,proposed_c2f_adaptive_pd_calibrated,10,10,1.0,14,300,0.04666666666666667,10,0,10,0.0,0.0,2275.9245890785132,196.4023972969486,1.0,9456.0,9456.0,0.0,9.763099951669574,"11,11,3,2,11,3,14,5,1,6",0:0-11;1:0-11;2:2-3;3:3-2;4:0-11;5:0-3;6:2-14;7:10-5;8:0-1;9:4-6
137,proposed_c2f_adaptive_pd,9,10,0.9,12,300,0.04,13,0,13,0.0,0.0,556.8722725302612,159.17133527382077,1.0,10402.0,10402.0,0.0,4.4380000326782465,"4,2,3,14,11,6,4,7,2,5","0:2-4,5-4,10-4;1:0-2;2:0-3;3:0-14;4:2-11,6-11;5:0-6;6:0-4;7:1-7;8:0-2;9:4-5"
137,proposed_c2f_adaptive_pd_calibrated,9,10,0.9,12,300,0.04,13,0,13,0.0,0.0,556.8722725302612,159.17133527382077,1.0,10402.0,10402.0,0.0,16.262699966318905,"4,2,3,14,11,6,4,7,2,5","0:2-4,5-4,10-4;1:0-2;2:0-3;3:0-14;4:2-11,6-11;5:0-6;6:0-4;7:1-7;8:0-2;9:4-5"
138,proposed_c2f_adaptive_pd,10,10,1.0,11,300,0.03666666666666667,10,0,10,0.0,0.0,371.0352648406194,105.31584724161993,1.0,9889.0,9889.0,0.0,4.550400015432388,"7,7,8,5,5,11,6,10,7,6",0:0-7;1:0-7;2:0-8;3:0-5;4:4-5;5:5-11;6:0-6;7:7-10;8:5-7;9:0-6
138,proposed_c2f_adaptive_pd_calibrated,10,10,1.0,11,300,0.03666666666666667,10,0,10,0.0,0.0,371.0352648406194,105.31584724161993,1.0,9889.0,9889.0,0.0,13.37139995303005,"7,7,8,5,5,11,6,10,7,6",0:0-7;1:0-7;2:0-8;3:0-5;4:4-5;5:5-11;6:0-6;7:7-10;8:5-7;9:0-6
139,proposed_c2f_adaptive_pd,9,10,0.9,15,300,0.05,11,0,11,0.0,0.0,7385105.388080543,139.86036931122953,1.0,12394.0,12394.0,0.0,6.31460000295192,"2,3,10,12,12,0,11,12,7,10","0:0-2;1:14-3;2:11-10;3:6-12;4:5-12;5:1-0;6:10-11,1-11;7:5-12;8:0-7;9:0-10"
139,proposed_c2f_adaptive_pd_calibrated,9,10,0.9,15,300,0.05,11,0,11,0.0,0.0,7385105.388080543,139.86036931122953,1.0,12394.0,12394.0,0.0,10.403099993709475,"2,3,10,12,12,0,11,12,7,10","0:0-2;1:14-3;2:11-10;3:6-12;4:5-12;5:1-0;6:10-11,1-11;7:5-12;8:0-7;9:0-10"
140,proposed_c2f_adaptive_pd,9,10,0.9,22,300,0.07333333333333333,20,5,15,3200.0,5.333333333333334,250.413030389648,66.56924034268249,1.0,19400.0,19400.0,0.0,10.159800003748387,"2,0,7,7,5,11,14,9,6,8","0:0-2;1:1-0;2:0-7;3:7-0,0-7,12-0,12-7,5-7,4-7;4:6-5;5:9-11;6:13-14,0-14,14-9,14-0,14-13,9-14;7:2-9;8:1-6;9:6-8"
140,proposed_c2f_adaptive_pd_calibrated,9,10,0.9,22,300,0.07333333333333333,20,5,15,3200.0,5.333333333333334,250.413030389648,66.56924034268249,1.0,19400.0,19400.0,0.0,24.610200023744255,"2,0,7,7,5,11,14,9,6,8","0:0-2;1:1-0;2:0-7;3:7-0,0-7,12-0,12-7,5-7,4-7;4:6-5;5:9-11;6:13-14,0-14,14-9,14-0,14-13,9-14;7:2-9;8:1-6;9:6-8"
141,proposed_c2f_adaptive_pd,10,10,1.0,18,300,0.06,15,2,13,1280.0,2.1333333333333333,1714.1613469282536,430.48203905753064,1.0,18077.0,18077.0,0.0,8.650199975818396,"12,8,14,0,6,8,9,8,6,9","0:3-12;1:0-8;2:4-14;3:1-0;4:1-6;5:3-8;6:1-9;7:4-8;8:12-6,7-6,6-12,3-6,8-6,6-7;9:0-9"
141,proposed_c2f_adaptive_pd_calibrated,10,10,1.0,18,300,0.06,15,2,13,1280.0,2.1333333333333333,1714.1613469282536,430.48203905753064,1.0,18077.0,18077.0,0.0,15.572500007692724,"12,8,14,0,6,8,9,8,6,9","0:3-12;1:0-8;2:4-14;3:1-0;4:1-6;5:3-8;6:1-9;7:4-8;8:12-6,7-6,6-12,3-6,8-6,6-7;9:0-9"
142,proposed_c2f_adaptive_pd,10,10,1.0,16,300,0.05333333333333334,18,2,16,1280.0,2.1333333333333333,1407.5658154110686,113.39958547689443,1.0,22236.0,22236.0,0.0,10.067099996376783,"7,2,8,14,14,4,5,11,7,7","0:4-7,7-4,2-7,6-7,7-2,5-7;1:4-2;2:7-8,4-8,1-8,14-8;3:0-14;4:0-14;5:0-4;6:2-5;7:0-11;8:0-7;9:4-7"
142,proposed_c2f_adaptive_pd_calibrated,10,10,1.0,16,300,0.05333333333333334,18,2,16,1280.0,2.1333333333333333,1407.5658154110686,113.39958547689443,1.0,22236.0,22236.0,0.0,17.59100001072511,"7,2,8,14,14,4,5,11,7,7","0:4-7,7-4,2-7,6-7,7-2,5-7;1:4-2;2:7-8,4-8,1-8,14-8;3:0-14;4:0-14;5:0-4;6:2-5;7:0-11;8:0-7;9:4-7"
143,proposed_c2f_adaptive_pd,9,10,0.9,22,300,0.07333333333333333,11,0,11,0.0,0.0,297.52600968690234,93.68678759877403,1.0,12135.0,12135.0,0.0,6.877800042275339,"6,14,13,13,9,6,1,0,3,10","0:0-6;1:0-14;2:7-13;3:1-13;4:0-9;5:10-6,0-6;6:2-1;7:6-0;8:0-3;9:0-10"
143,proposed_c2f_adaptive_pd_calibrated,9,10,0.9,22,300,0.07333333333333333,11,0,11,0.0,0.0,297.52600968690234,93.68678759877403,1.0,12135.0,12135.0,0.0,11.505500006023794,"6,14,13,13,9,6,1,0,3,10","0:0-6;1:0-14;2:7-13;3:1-13;4:0-9;5:10-6,0-6;6:2-1;7:6-0;8:0-3;9:0-10"
144,proposed_c2f_adaptive_pd,9,10,0.9,8,270,0.02962962962962963,11,0,11,0.0,0.0,1403.3179590072236,647.2025922130746,0.9090909090909091,12188.0,12188.0,0.0,5.506499961484224,"2,12,14,7,9,8,11,5,7,2","0:4-2,5-2;1:0-12;2:0-14;3:0-7;4:3-9;5:13-8;6:0-11;7:0-5;8:0-7;9:0-2"
144,proposed_c2f_adaptive_pd_calibrated,9,10,0.9,8,270,0.02962962962962963,11,0,11,0.0,0.0,1403.3179590072236,647.2025922130746,0.9090909090909091,12188.0,12188.0,0.0,12.718699988909066,"2,12,14,7,9,8,11,5,7,2","0:4-2,5-2;1:0-12;2:0-14;3:0-7;4:3-9;5:13-8;6:0-11;7:0-5;8:0-7;9:0-2"
145,proposed_c2f_adaptive_pd,9,10,0.9,15,300,0.05,11,0,11,0.0,0.0,586.6751229376493,144.23231113415716,1.0,9780.0,9780.0,0.0,3.8222000002861023,"6,13,11,13,10,3,3,9,12,12","0:1-6;1:4-13;2:0-11;3:3-13;4:0-10;5:6-3;6:6-3;7:12-9;8:9-12,2-12;9:2-12"
145,proposed_c2f_adaptive_pd_calibrated,9,10,0.9,15,300,0.05,11,0,11,0.0,0.0,586.6751229376493,144.23231113415716,1.0,9780.0,9780.0,0.0,10.247600032016635,"6,13,11,13,10,3,3,9,12,12","0:1-6;1:4-13;2:0-11;3:3-13;4:0-10;5:6-3;6:6-3;7:12-9;8:9-12,2-12;9:2-12"
146,proposed_c2f_adaptive_pd,10,10,1.0,13,300,0.043333333333333335,16,3,13,1920.0,3.2,2214.7306499538836,58.00784752802452,1.0,21183.0,21183.0,0.0,8.309500000905246,"5,6,9,2,9,5,9,9,10,11","0:1-5;1:0-6;2:13-9,9-13,1-9;3:3-2;4:13-9;5:0-5;6:13-9;7:13-9,9-13,1-9,3-9,9-1;8:0-10;9:7-11"
146,proposed_c2f_adaptive_pd_calibrated,10,10,1.0,13,300,0.043333333333333335,16,3,13,1920.0,3.2,2214.7306499538836,58.00784752802452,1.0,21183.0,21183.0,0.0,20.919599977787584,"5,6,9,2,9,5,9,9,10,11","0:1-5;1:0-6;2:13-9,9-13,1-9;3:3-2;4:13-9;5:0-5;6:13-9;7:13-9,9-13,1-9,3-9,9-1;8:0-10;9:7-11"
147,proposed_c2f_adaptive_pd,10,10,1.0,12,300,0.04,11,0,11,0.0,0.0,257.10943866712626,132.67410672739953,1.0,14723.0,14723.0,0.0,5.186400027014315,"8,12,12,8,8,3,14,0,8,1","0:3-8;1:1-12;2:14-12;3:2-8;4:4-8;5:4-3,13-3;6:9-14;7:10-0;8:2-8;9:7-1"
147,proposed_c2f_adaptive_pd_calibrated,10,10,1.0,12,300,0.04,11,0,11,0.0,0.0,257.10943866712626,132.67410672739953,1.0,14723.0,14723.0,0.0,15.506000025197864,"8,12,12,8,8,3,14,0,8,1","0:3-8;1:1-12;2:14-12;3:2-8;4:4-8;5:4-3,13-3;6:9-14;7:10-0;8:2-8;9:7-1"
148,proposed_c2f_adaptive_pd,10,10,1.0,7,300,0.023333333333333334,10,0,10,0.0,0.0,24881.2676809731,174.994872848559,1.0,9399.0,9399.0,0.0,4.1662000003270805,"3,14,1,11,6,8,8,11,9,3",0:0-3;1:0-14;2:6-1;3:3-11;4:1-6;5:2-8;6:2-8;7:1-11;8:0-9;9:9-3
148,proposed_c2f_adaptive_pd_calibrated,10,10,1.0,7,300,0.023333333333333334,10,0,10,0.0,0.0,24881.2676809731,174.994872848559,1.0,9399.0,9399.0,0.0,8.793000015430152,"3,14,1,11,6,8,8,11,9,3",0:0-3;1:0-14;2:6-1;3:3-11;4:1-6;5:2-8;6:2-8;7:1-11;8:0-9;9:9-3
149,proposed_c2f_adaptive_pd,10,10,1.0,12,300,0.04,10,0,10,0.0,0.0,325.73869173915256,222.7168364727586,1.0,12199.0,12199.0,0.0,4.121300007682294,"13,6,14,14,13,9,6,11,6,7",0:0-13;1:1-6;2:0-14;3:0-14;4:0-13;5:3-9;6:1-6;7:1-11;8:1-6;9:0-7
149,proposed_c2f_adaptive_pd_calibrated,10,10,1.0,12,300,0.04,10,0,10,0.0,0.0,325.73869173915256,222.7168364727586,1.0,12199.0,12199.0,0.0,7.737600011751056,"13,6,14,14,13,9,6,11,6,7",0:0-13;1:1-6;2:0-14;3:0-14;4:0-13;5:3-9;6:1-6;7:1-11;8:1-6;9:0-7
150,proposed_c2f_adaptive_pd,9,10,0.9,9,300,0.03,12,0,12,0.0,0.0,1213.0768472322425,209.52218015815572,1.0,13521.0,13521.0,0.0,4.180299991276115,"1,9,10,0,6,6,3,9,2,10","0:2-1;1:0-9;2:0-10;3:4-0;4:0-6;5:10-6;6:10-3,4-3,9-3;7:1-9;8:0-2;9:4-10"
150,proposed_c2f_adaptive_pd_calibrated,9,10,0.9,9,300,0.03,12,0,12,0.0,0.0,1213.0768472322425,209.52218015815572,1.0,13521.0,13521.0,0.0,13.194099999964237,"1,9,10,0,6,6,3,9,2,10","0:2-1;1:0-9;2:0-10;3:4-0;4:0-6;5:10-6;6:10-3,4-3,9-3;7:1-9;8:0-2;9:4-10"
151,proposed_c2f_adaptive_pd,10,10,1.0,19,300,0.06333333333333334,15,4,11,2560.0,4.266666666666667,2718.084240165424,445.56153621145506,1.0,17657.0,17657.0,0.0,7.345099991653115,"4,11,12,4,11,14,6,14,10,10","0:0-4;1:7-11;2:2-12;3:0-4;4:11-7,7-11,10-7,10-11,11-10,7-10;5:0-14;6:0-6;7:0-14;8:0-10;9:2-10"
151,proposed_c2f_adaptive_pd_calibrated,10,10,1.0,19,300,0.06333333333333334,15,4,11,2560.0,4.266666666666667,2718.084240165424,445.56153621145506,1.0,17657.0,17657.0,0.0,19.67000000877306,"4,11,12,4,11,14,6,14,10,10","0:0-4;1:7-11;2:2-12;3:0-4;4:11-7,7-11,10-7,10-11,11-10,7-10;5:0-14;6:0-6;7:0-14;8:0-10;9:2-10"
152,proposed_c2f_adaptive_pd,10,10,1.0,17,300,0.056666666666666664,11,0,11,0.0,0.0,59217.155129212115,487.26371462266184,1.0,10914.0,10914.0,0.0,6.396999990101904,"11,3,12,9,4,8,11,9,1,4","0:0-11;1:0-3;2:5-12;3:0-9;4:0-4;5:2-8,6-8;6:0-11;7:0-9;8:2-1;9:0-4"
152,proposed_c2f_adaptive_pd_calibrated,10,10,1.0,17,300,0.056666666666666664,11,0,11,0.0,0.0,59217.155129212115,487.26371462266184,1.0,10914.0,10914.0,0.0,11.61569997202605,"11,3,12,9,4,8,11,9,1,4","0:0-11;1:0-3;2:5-12;3:0-9;4:0-4;5:2-8,6-8;6:0-11;7:0-9;8:2-1;9:0-4"
153,proposed_c2f_adaptive_pd,10,10,1.0,17,300,0.056666666666666664,13,3,10,1920.0,3.2,5990.145082194374,722.140172487959,1.0,13037.0,13037.0,0.0,5.990100034978241,"10,10,5,4,6,0,12,6,5,11","0:5-10;1:9-10;2:5-9,5-10,2-10,9-5;3:3-4;4:7-6;5:1-0;6:3-12;7:3-6;8:1-5;9:0-11"
153,proposed_c2f_adaptive_pd_calibrated,10,10,1.0,17,300,0.056666666666666664,13,3,10,1920.0,3.2,5990.145082194374,722.140172487959,1.0,13037.0,13037.0,0.0,16.540999989956617,"10,10,5,4,6,0,12,6,5,11","0:5-10;1:9-10;2:5-9,5-10,2-10,9-5;3:3-4;4:7-6;5:1-0;6:3-12;7:3-6;8:1-5;9:0-11"
154,proposed_c2f_adaptive_pd,10,10,1.0,22,300,0.07333333333333333,13,0,13,0.0,0.0,2826.151405297155,779.4080140165648,1.0,17010.0,17010.0,0.0,6.306399998720735,"13,1,10,13,10,2,13,1,12,12","0:9-13,4-13,3-13,5-13;1:2-1;2:0-10;3:3-13;4:0-10;5:0-2;6:0-13;7:0-1;8:1-12;9:6-12"
154,proposed_c2f_adaptive_pd_calibrated,10,10,1.0,22,300,0.07333333333333333,13,0,13,0.0,0.0,2826.151405297155,779.4080140165648,1.0,17010.0,17010.0,0.0,14.992000011261553,"13,1,10,13,10,2,13,1,12,12","0:9-13,4-13,3-13,5-13;1:2-1;2:0-10;3:3-13;4:0-10;5:0-2;6:0-13;7:0-1;8:1-12;9:6-12"
155,proposed_c2f_adaptive_pd,10,10,1.0,13,300,0.043333333333333335,11,0,11,0.0,0.0,6085.954274121863,164.4469268688157,1.0,12636.0,12636.0,0.0,6.6513000056147575,"0,8,14,13,0,14,13,13,14,0","0:8-0;1:0-8;2:1-14;3:0-13;4:5-0;5:6-14,9-14;6:9-13;7:0-13;8:1-14;9:8-0"
155,proposed_c2f_adaptive_pd_calibrated,10,10,1.0,13,300,0.043333333333333335,11,0,11,0.0,0.0,6085.954274121863,164.4469268688157,1.0,12636.0,12636.0,0.0,14.49299999512732,"0,8,14,13,0,14,13,13,14,0","0:8-0;1:0-8;2:1-14;3:0-13;4:5-0;5:6-14,9-14;6:9-13;7:0-13;8:1-14;9:8-0"
156,proposed_c2f_adaptive_pd,9,10,0.9,14,300,0.04666666666666667,14,1,13,640.0,1.0666666666666667,96.69529500467877,71.05053630613256,1.0,14475.0,14475.0,0.0,5.9436000301502645,"3,6,1,2,5,12,6,5,5,10","0:0-3;1:1-6;2:2-1;3:6-2;4:8-5,2-5,5-2,12-5;5:5-12;6:1-6;7:2-5,10-5;8:0-5;9:0-10"
156,proposed_c2f_adaptive_pd_calibrated,9,10,0.9,14,300,0.04666666666666667,14,1,13,640.0,1.0666666666666667,96.69529500467877,71.05053630613256,1.0,14475.0,14475.0,0.0,17.673399997875094,"3,6,1,2,5,12,6,5,5,10","0:0-3;1:1-6;2:2-1;3:6-2;4:8-5,2-5,5-2,12-5;5:5-12;6:1-6;7:2-5,10-5;8:0-5;9:0-10"
157,proposed_c2f_adaptive_pd,9,10,0.9,18,270,0.06666666666666667,10,0,10,0.0,0.0,325.7354506545047,183.82845532640374,0.9,8657.0,8657.0,0.0,5.673200008459389,"6,13,14,1,7,4,13,4,2,2",0:0-6;1:10-13;2:0-14;3:12-1;4:5-7;5:0-4;6:4-13;7:0-4;8:0-2;9:0-2
157,proposed_c2f_adaptive_pd_calibrated,9,10,0.9,18,270,0.06666666666666667,10,0,10,0.0,0.0,325.7354506545047,183.82845532640374,0.9,8657.0,8657.0,0.0,11.56990003073588,"6,13,14,1,7,4,13,4,2,2",0:0-6;1:10-13;2:0-14;3:12-1;4:5-7;5:0-4;6:4-13;7:0-4;8:0-2;9:0-2
158,proposed_c2f_adaptive_pd,9,10,0.9,14,300,0.04666666666666667,11,0,11,0.0,0.0,855.4778400978232,71.29738894726941,1.0,11964.0,11964.0,0.0,4.4436000171117485,"13,2,14,9,6,0,13,7,2,13","0:7-13;1:9-2;2:3-14;3:0-9;4:0-6;5:3-0;6:1-13;7:4-7,13-7;8:0-2;9:0-13"
158,proposed_c2f_adaptive_pd_calibrated,9,10,0.9,14,300,0.04666666666666667,11,0,11,0.0,0.0,855.4778400978232,71.29738894726941,1.0,11964.0,11964.0,0.0,12.734699994325638,"13,2,14,9,6,0,13,7,2,13","0:7-13;1:9-2;2:3-14;3:0-9;4:0-6;5:3-0;6:1-13;7:4-7,13-7;8:0-2;9:0-13"
159,proposed_c2f_adaptive_pd,10,10,1.0,18,300,0.06,12,1,11,640.0,1.0666666666666667,6567.918745193856,587.1868777216537,1.0,13446.0,13446.0,0.0,6.80070003727451,"13,5,3,8,13,8,14,11,1,11","0:0-13;1:4-5;2:0-3;3:0-8;4:0-13;5:0-8;6:11-14,14-11,12-14;7:14-11;8:2-1;9:0-11"
159,proposed_c2f_adaptive_pd_calibrated,10,10,1.0,18,300,0.06,12,1,11,640.0,1.0666666666666667,6567.918745193856,587.1868777216537,1.0,13446.0,13446.0,0.0,12.464099971111864,"13,5,3,8,13,8,14,11,1,11","0:0-13;1:4-5;2:0-3;3:0-8;4:0-13;5:0-8;6:11-14,14-11,12-14;7:14-11;8:2-1;9:0-11"
160,proposed_c2f_adaptive_pd,10,10,1.0,14,300,0.04666666666666667,15,2,13,1280.0,2.1333333333333333,277.1903385956522,61.664559294301114,1.0,17917.0,17917.0,0.0,8.666600042488426,"14,6,14,3,12,6,11,0,11,3","0:10-14,3-14,14-10;1:1-6;2:1-14;3:1-3;4:12-8,8-12;5:1-6;6:5-11,10-11,0-11;7:5-0;8:1-11;9:1-3"
160,proposed_c2f_adaptive_pd_calibrated,10,10,1.0,14,300,0.04666666666666667,15,2,13,1280.0,2.1333333333333333,277.1903385956522,61.664559294301114,1.0,17917.0,17917.0,0.0,20.37510002264753,"14,6,14,3,12,6,11,0,11,3","0:10-14,3-14,14-10;1:1-6;2:1-14;3:1-3;4:12-8,8-12;5:1-6;6:5-11,10-11,0-11;7:5-0;8:1-11;9:1-3"
161,proposed_c2f_adaptive_pd,10,10,1.0,13,300,0.043333333333333335,10,0,10,0.0,0.0,109311.51550449897,2033.887724581058,1.0,9735.0,9735.0,0.0,6.496100046206266,"10,4,11,5,13,7,13,3,8,13",0:0-10;1:2-4;2:2-11;3:1-5;4:0-13;5:4-7;6:0-13;7:0-3;8:14-8;9:0-13
161,proposed_c2f_adaptive_pd_calibrated,10,10,1.0,14,300,0.04666666666666667,10,0,10,0.0,0.0,109311.51550449897,2033.887724581058,1.0,9735.0,9735.0,0.0,11.905400024261326,"10,4,11,5,13,7,13,3,8,13",0:0-10;1:2-4;2:2-11;3:1-5;4:0-13;5:4-7;6:0-13;7:0-3;8:14-8;9:0-13
162,proposed_c2f_adaptive_pd,9,10,0.9,14,300,0.04666666666666667,14,0,14,0.0,0.0,245.0153392149369,127.22645505431082,1.0,12474.0,12474.0,0.0,6.886799994390458,"11,13,8,2,8,4,8,10,4,1","0:1-11;1:12-13;2:1-8,12-8;3:0-2;4:2-8;5:2-4;6:5-8;7:0-10;8:9-4,2-4,11-4,14-4;9:0-1"
162,proposed_c2f_adaptive_pd_calibrated,9,10,0.9,14,300,0.04666666666666667,14,0,14,0.0,0.0,245.0153392149369,127.22645505431082,1.0,12474.0,12474.0,0.0,12.784999969881028,"11,13,8,2,8,4,8,10,4,1","0:1-11;1:12-13;2:1-8,12-8;3:0-2;4:2-8;5:2-4;6:5-8;7:0-10;8:9-4,2-4,11-4,14-4;9:0-1"
163,proposed_c2f_adaptive_pd,10,10,1.0,13,300,0.043333333333333335,11,1,10,640.0,1.0666666666666667,616.6494118775636,131.12917619369685,1.0,12139.0,12139.0,0.0,5.481700005475432,"13,0,5,6,10,7,1,0,9,7","0:5-13;1:8-0;2:4-5;3:0-6;4:10-8,8-10;5:11-7;6:2-1;7:11-0;8:1-9;9:0-7"
163,proposed_c2f_adaptive_pd_calibrated,10,10,1.0,14,300,0.04666666666666667,11,1,10,640.0,1.0666666666666667,616.6494118775636,131.12917619369685,1.0,12139.0,12139.0,0.0,13.042599952314049,"13,0,5,6,10,7,1,0,9,7","0:5-13;1:8-0;2:4-5;3:0-6;4:10-8,8-10;5:11-7;6:2-1;7:11-0;8:1-9;9:0-7"
164,proposed_c2f_adaptive_pd,9,10,0.9,11,300,0.03666666666666667,13,2,11,1280.0,2.1333333333333333,3869.765046420222,114.49934259593041,1.0,10710.0,10710.0,0.0,5.402999988291413,"2,11,11,14,8,7,10,11,14,9","0:0-2;1:1-11;2:0-11;3:14-1,14-3,1-14,7-14;4:0-8;5:1-7;6:8-10;7:1-11;8:0-14;9:0-9"
164,proposed_c2f_adaptive_pd_calibrated,9,10,0.9,11,300,0.03666666666666667,13,2,11,1280.0,2.1333333333333333,3869.765046420222,114.49934259593041,1.0,10710.0,10710.0,0.0,15.294099983293563,"2,11,11,14,8,7,10,11,14,9","0:0-2;1:1-11;2:0-11;3:14-1,14-3,1-14,7-14;4:0-8;5:1-7;6:8-10;7:1-11;8:0-14;9:0-9"
165,proposed_c2f_adaptive_pd,10,10,1.0,9,300,0.03,10,0,10,0.0,0.0,4829.74695216646,427.1143204950812,1.0,10575.0,10575.0,0.0,4.732500005047768,"11,2,8,0,6,13,0,0,6,0",0:1-11;1:0-2;2:1-8;3:5-0;4:0-6;5:0-13;6:2-0;7:5-0;8:2-6;9:5-0
165,proposed_c2f_adaptive_pd_calibrated,10,10,1.0,9,300,0.03,10,0,10,0.0,0.0,4829.74695216646,427.1143204950812,1.0,10575.0,10575.0,0.0,10.834000015165657,"11,2,8,0,6,13,0,0,6,0",0:1-11;1:0-2;2:1-8;3:5-0;4:0-6;5:0-13;6:2-0;7:5-0;8:2-6;9:5-0
166,proposed_c2f_adaptive_pd,10,10,1.0,18,300,0.06,10,0,10,0.0,0.0,156.44399571517891,135.3918200459585,1.0,10505.0,10505.0,0.0,6.070500006899238,"13,1,5,13,14,13,14,13,5,7",0:2-13;1:11-1;2:7-5;3:4-13;4:3-14;5:4-13;6:3-14;7:8-13;8:1-5;9:4-7
166,proposed_c2f_adaptive_pd_calibrated,10,10,1.0,18,300,0.06,10,0,10,0.0,0.0,156.44399571517891,135.3918200459585,1.0,10505.0,10505.0,0.0,11.212100042030215,"13,1,5,13,14,13,14,13,5,7",0:2-13;1:11-1;2:7-5;3:4-13;4:3-14;5:4-13;6:3-14;7:8-13;8:1-5;9:4-7
167,proposed_c2f_adaptive_pd,10,10,1.0,12,300,0.04,12,1,11,640.0,1.0666666666666667,146953.91351436244,321.93902181556507,1.0,14234.0,14234.0,0.0,4.485799989197403,"10,9,2,1,10,14,11,14,7,9","0:0-10;1:6-9;2:0-2;3:0-1;4:0-10;5:1-14;6:0-11;7:0-14;8:7-4,4-7,12-7;9:6-9"
167,proposed_c2f_adaptive_pd_calibrated,10,10,1.0,12,300,0.04,12,1,11,640.0,1.0666666666666667,146953.91351436244,321.93902181556507,1.0,14234.0,14234.0,0.0,17.705700010992587,"10,9,2,1,10,14,11,14,7,9","0:0-10;1:6-9;2:0-2;3:0-1;4:0-10;5:1-14;6:0-11;7:0-14;8:7-4,4-7,12-7;9:6-9"
168,proposed_c2f_adaptive_pd,10,10,1.0,12,300,0.04,14,1,13,640.0,1.0666666666666667,627.3457370440123,67.68197142588846,1.0,15357.0,15357.0,0.0,7.140900008380413,"3,7,2,6,7,7,10,0,10,7","0:1-3;1:6-7,0-7;2:0-2;3:0-6;4:0-7;5:7-4,6-7,2-7;6:3-10;7:2-0;8:3-10;9:6-7,2-7"
168,proposed_c2f_adaptive_pd_calibrated,10,10,1.0,13,300,0.043333333333333335,14,1,13,640.0,1.0666666666666667,627.3457370440123,67.68197142588846,1.0,15357.0,15357.0,0.0,17.38650002516806,"3,7,2,6,7,7,10,0,10,7","0:1-3;1:6-7,0-7;2:0-2;3:0-6;4:0-7;5:7-4,6-7,2-7;6:3-10;7:2-0;8:3-10;9:6-7,2-7"
169,proposed_c2f_adaptive_pd,9,10,0.9,9,270,0.03333333333333333,10,0,10,0.0,0.0,2318.9023668649916,1187.9417842113858,0.9,10967.0,10967.0,0.0,5.102299968712032,"3,11,6,4,10,9,1,11,6,0",0:0-3;1:0-11;2:1-6;3:0-4;4:0-10;5:0-9;6:13-1;7:0-11;8:1-6;9:3-0
169,proposed_c2f_adaptive_pd_calibrated,9,10,0.9,9,270,0.03333333333333333,10,0,10,0.0,0.0,2318.9023668649916,1187.9417842113858,0.9,10967.0,10967.0,0.0,8.975899952929467,"3,11,6,4,10,9,1,11,6,0",0:0-3;1:0-11;2:1-6;3:0-4;4:0-10;5:0-9;6:13-1;7:0-11;8:1-6;9:3-0
170,proposed_c2f_adaptive_pd,10,10,1.0,14,300,0.04666666666666667,10,0,10,0.0,0.0,9249.583064527873,725.0153556599043,1.0,10659.0,10659.0,0.0,5.42270002188161,"12,2,7,8,4,8,1,10,10,5",0:0-12;1:4-2;2:2-7;3:0-8;4:0-4;5:3-8;6:0-1;7:5-10;8:3-10;9:3-5
170,proposed_c2f_adaptive_pd_calibrated,10,10,1.0,15,300,0.05,10,0,10,0.0,0.0,9249.583064527873,725.0153556599043,1.0,10659.0,10659.0,0.0,12.60100002400577,"12,2,7,8,4,8,1,10,10,5",0:0-12;1:4-2;2:2-7;3:0-8;4:0-4;5:3-8;6:0-1;7:5-10;8:3-10;9:3-5
171,proposed_c2f_adaptive_pd,8,10,0.8,12,270,0.044444444444444446,19,5,14,3200.0,5.333333333333334,886.8040965258164,31.739381673874263,0.9473684210526315,19563.0,19563.0,0.0,6.74129999242723,"7,0,0,7,13,3,5,13,13,3","0:0-7;1:1-0;2:1-0;3:1-7;4:3-13;5:2-3,3-2,3-10,10-3,13-3;6:4-5;7:9-13;8:5-13;9:13-3,2-3,3-2,9-2,13-5,11-3"
171,proposed_c2f_adaptive_pd_calibrated,8,10,0.8,13,270,0.04814814814814815,19,5,14,3200.0,5.333333333333334,886.8040965258164,31.739381673874263,0.9473684210526315,19563.0,19563.0,0.0,21.362600033171475,"7,0,0,7,13,3,5,13,13,3","0:0-7;1:1-0;2:1-0;3:1-7;4:3-13;5:2-3,3-2,3-10,10-3,13-3;6:4-5;7:9-13;8:5-13;9:13-3,2-3,3-2,9-2,13-5,11-3"
172,proposed_c2f_adaptive_pd,10,10,1.0,13,300,0.043333333333333335,10,0,10,0.0,0.0,30212.34406638884,317.7666938325728,1.0,7215.0,7215.0,0.0,5.050499981734902,"0,0,11,10,10,12,4,12,13,4",0:10-0;1:12-0;2:1-11;3:12-10;4:1-10;5:0-12;6:1-4;7:0-12;8:1-13;9:1-4
172,proposed_c2f_adaptive_pd_calibrated,10,10,1.0,15,300,0.05,10,0,10,0.0,0.0,30212.34406638884,317.7666938325728,1.0,7215.0,7215.0,0.0,12.754799972753972,"0,0,11,10,10,12,4,12,13,4",0:10-0;1:12-0;2:1-11;3:12-10;4:1-10;5:0-12;6:1-4;7:0-12;8:1-13;9:1-4
173,proposed_c2f_adaptive_pd,10,10,1.0,10,300,0.03333333333333333,21,3,18,1920.0,3.2,7301.492036379474,98.6229640968767,1.0,24719.0,24719.0,0.0,9.92840004619211,"0,0,8,11,4,5,4,6,11,7","0:1-0;1:7-0,10-0;2:0-8;3:0-11;4:0-4;5:9-5,5-9,0-5,1-5,13-5,7-5;6:1-4;7:7-6,3-6,6-3,7-3,10-6,0-6;8:8-11;9:0-7"
173,proposed_c2f_adaptive_pd_calibrated,10,10,1.0,10,300,0.03333333333333333,21,3,18,1920.0,3.2,7301.492036379474,98.6229640968767,1.0,24719.0,24719.0,0.0,26.38300001854077,"0,0,8,11,4,5,4,6,11,7","0:1-0;1:7-0,10-0;2:0-8;3:0-11;4:0-4;5:9-5,5-9,0-5,1-5,13-5,7-5;6:1-4;7:7-6,3-6,6-3,7-3,10-6,0-6;8:8-11;9:0-7"
174,proposed_c2f_adaptive_pd,10,10,1.0,15,300,0.05,10,0,10,0.0,0.0,4943.331864183737,1081.5394792360512,1.0,11429.0,11429.0,0.0,5.421300011221319,"13,6,10,2,5,12,10,8,2,14",0:0-13;1:0-6;2:1-10;3:1-2;4:0-5;5:5-12;6:3-10;7:13-8;8:6-2;9:3-14
174,proposed_c2f_adaptive_pd_calibrated,10,10,1.0,15,300,0.05,10,0,10,0.0,0.0,4943.331864183737,1081.5394792360512,1.0,11429.0,11429.0,0.0,8.890600001905113,"13,6,10,2,5,12,10,8,2,14",0:0-13;1:0-6;2:1-10;3:1-2;4:0-5;5:5-12;6:3-10;7:13-8;8:6-2;9:3-14
175,proposed_c2f_adaptive_pd,10,10,1.0,17,300,0.056666666666666664,13,1,12,640.0,1.0666666666666667,801.7802544055852,82.73364039062538,1.0,17756.0,17756.0,0.0,4.98560001142323,"4,8,8,8,10,14,10,7,12,13","0:2-4,12-4;1:8-6,6-8,10-8;2:10-8;3:6-8;4:1-10;5:0-14;6:1-10;7:1-7;8:1-12;9:0-13"
175,proposed_c2f_adaptive_pd_calibrated,10,10,1.0,17,300,0.056666666666666664,13,1,12,640.0,1.0666666666666667,801.7802544055852,82.73364039062538,1.0,17756.0,17756.0,0.0,15.613600029610097,"4,8,8,8,10,14,10,7,12,13","0:2-4,12-4;1:8-6,6-8,10-8;2:10-8;3:6-8;4:1-10;5:0-14;6:1-10;7:1-7;8:1-12;9:0-13"
176,proposed_c2f_adaptive_pd,9,10,0.9,21,300,0.07,10,0,10,0.0,0.0,14662.591696096491,246.32611723954298,1.0,8503.0,8503.0,0.0,4.620200023055077,"2,13,14,0,4,1,11,1,10,0",0:3-2;1:0-13;2:0-14;3:1-0;4:0-4;5:0-1;6:0-11;7:7-1;8:4-10;9:1-0
176,proposed_c2f_adaptive_pd_calibrated,9,10,0.9,21,300,0.07,10,0,10,0.0,0.0,14662.591696096491,246.32611723954298,1.0,8503.0,8503.0,0.0,9.786400012671947,"2,13,14,0,4,1,11,1,10,0",0:3-2;1:0-13;2:0-14;3:1-0;4:0-4;5:0-1;6:0-11;7:7-1;8:4-10;9:1-0
177,proposed_c2f_adaptive_pd,9,10,0.9,19,300,0.06333333333333334,10,0,10,0.0,0.0,4775.305638693711,181.63674178031448,1.0,7271.0,7271.0,0.0,3.4567000111564994,"9,8,3,11,2,10,11,9,11,6",0:0-9;1:5-8;2:4-3;3:1-11;4:0-2;5:0-10;6:0-11;7:6-9;8:2-11;9:0-6
177,proposed_c2f_adaptive_pd_calibrated,9,10,0.9,19,300,0.06333333333333334,10,0,10,0.0,0.0,4775.305638693711,181.63674178031448,1.0,7271.0,7271.0,0.0,11.122199997771531,"9,8,3,11,2,10,11,9,11,6",0:0-9;1:5-8;2:4-3;3:1-11;4:0-2;5:0-10;6:0-11;7:6-9;8:2-11;9:0-6
178,proposed_c2f_adaptive_pd,10,10,1.0,17,300,0.056666666666666664,14,2,12,1280.0,2.1333333333333333,3177.248098806869,250.42476420817087,1.0,19143.0,19143.0,0.0,8.335999969858676,"2,7,13,6,10,6,14,1,14,10","0:0-2;1:2-7;2:10-13,13-10,9-13;3:3-6;4:0-10;5:13-6,6-13,10-6;6:4-14;7:2-1;8:4-14;9:0-10"
178,proposed_c2f_adaptive_pd_calibrated,10,10,1.0,17,300,0.056666666666666664,14,2,12,1280.0,2.1333333333333333,3177.248098806869,250.42476420817087,1.0,19143.0,19143.0,0.0,16.593000036664307,"2,7,13,6,10,6,14,1,14,10","0:0-2;1:2-7;2:10-13,13-10,9-13;3:3-6;4:0-10;5:13-6,6-13,10-6;6:4-14;7:2-1;8:4-14;9:0-10"
179,proposed_c2f_adaptive_pd,10,10,1.0,11,300,0.03666666666666667,20,7,13,4480.0,7.466666666666669,79588.67278887783,585.2798161968819,1.0,15958.0,15958.0,0.0,7.566999993287027,"10,4,6,4,14,5,1,10,10,3","0:1-10;1:7-4;2:0-6;3:0-4;4:2-14;5:0-5;6:0-1;7:10-1,1-10,6-10,10-6,6-1,7-10;8:10-1,1-10,6-1,6-10,10-6,1-6;9:0-3"
179,proposed_c2f_adaptive_pd_calibrated,10,10,1.0,11,300,0.03666666666666667,20,7,13,4480.0,7.466666666666669,79588.67278887783,585.2798161968819,1.0,15958.0,15958.0,0.0,20.350300008431077,"10,4,6,4,14,5,1,10,10,3","0:1-10;1:7-4;2:0-6;3:0-4;4:2-14;5:0-5;6:0-1;7:10-1,1-10,6-10,10-6,6-1,7-10;8:10-1,1-10,6-1,6-10,10-6,1-6;9:0-3"
180,proposed_c2f_adaptive_pd,9,10,0.9,14,300,0.04666666666666667,22,3,19,1920.0,3.2,366.4137425479498,34.975151583273494,1.0,23216.0,23216.0,0.0,7.455699960701168,"14,9,5,7,3,1,7,9,7,14","0:2-14,14-2,7-14,12-14,1-14;1:3-9;2:1-5;3:1-7;4:10-3,4-3,3-10,2-3,0-3,12-3;5:2-1;6:13-7;7:1-9;8:1-7,8-7;9:12-14,14-12,2-14"
180,proposed_c2f_adaptive_pd_calibrated,9,10,0.9,15,300,0.05,22,3,19,1920.0,3.2,366.4137425479498,34.975151583273494,1.0,23216.0,23216.0,0.0,30.140000046230853,"14,9,5,7,3,1,7,9,7,14","0:2-14,14-2,7-14,12-14,1-14;1:3-9;2:1-5;3:1-7;4:10-3,4-3,3-10,2-3,0-3,12-3;5:2-1;6:13-7;7:1-9;8:1-7,8-7;9:12-14,14-12,2-14"
181,proposed_c2f_adaptive_pd,9,10,0.9,21,300,0.07,14,1,13,640.0,1.0666666666666667,3722.3402929235185,132.02086132719683,1.0,17159.0,17159.0,0.0,8.27039999421686,"0,7,13,4,13,14,9,14,7,5","0:1-0;1:3-7;2:0-13;3:0-4;4:11-13,6-13,13-11,8-13,9-13;5:0-14;6:0-9;7:1-14;8:2-7;9:2-5"
181,proposed_c2f_adaptive_pd_calibrated,9,10,0.9,21,300,0.07,14,1,13,640.0,1.0666666666666667,3722.3402929235185,132.02086132719683,1.0,17159.0,17159.0,0.0,17.516300023999065,"0,7,13,4,13,14,9,14,7,5","0:1-0;1:3-7;2:0-13;3:0-4;4:11-13,6-13,13-11,8-13,9-13;5:0-14;6:0-9;7:1-14;8:2-7;9:2-5"
182,proposed_c2f_adaptive_pd,10,10,1.0,11,300,0.03666666666666667,10,0,10,0.0,0.0,232.72236027723133,88.72935685178481,1.0,13431.0,13431.0,0.0,6.128200038801879,"11,12,3,0,7,12,5,7,3,9",0:2-11;1:3-12;2:7-3;3:1-0;4:0-7;5:0-12;6:0-5;7:0-7;8:6-3;9:8-9
182,proposed_c2f_adaptive_pd_calibrated,10,10,1.0,11,300,0.03666666666666667,10,0,10,0.0,0.0,232.72236027723133,88.72935685178481,1.0,13431.0,13431.0,0.0,12.477200012654066,"11,12,3,0,7,12,5,7,3,9",0:2-11;1:3-12;2:7-3;3:1-0;4:0-7;5:0-12;6:0-5;7:0-7;8:6-3;9:8-9
183,proposed_c2f_adaptive_pd,10,10,1.0,15,300,0.05,10,0,10,0.0,0.0,4235.781290891318,142.42389577849553,1.0,10813.0,10813.0,0.0,6.098499987274408,"0,7,6,1,2,14,14,9,9,7",0:2-0;1:1-7;2:1-6;3:3-1;4:0-2;5:5-14;6:5-14;7:0-9;8:0-9;9:1-7
183,proposed_c2f_adaptive_pd_calibrated,10,10,1.0,15,300,0.05,10,0,10,0.0,0.0,4235.781290891318,142.42389577849553,1.0,10813.0,10813.0,0.0,9.61419998202473,"0,7,6,1,2,14,14,9,9,7",0:2-0;1:1-7;2:1-6;3:3-1;4:0-2;5:5-14;6:5-14;7:0-9;8:0-9;9:1-7
184,proposed_c2f_adaptive_pd,9,10,0.9,7,270,0.025925925925925925,10,0,10,0.0,0.0,2848.423972341738,645.1140334143676,0.9,10071.0,10071.0,0.0,3.7529999972321093,"10,7,2,2,12,0,2,8,11,5",0:0-10;1:0-7;2:3-2;3:0-2;4:0-12;5:2-0;6:0-2;7:2-8;8:3-11;9:1-5
184,proposed_c2f_adaptive_pd_calibrated,9,10,0.9,7,270,0.025925925925925925,10,0,10,0.0,0.0,2848.423972341738,645.1140334143676,0.9,10071.0,10071.0,0.0,11.789400014095008,"10,7,2,2,12,0,2,8,11,5",0:0-10;1:0-7;2:3-2;3:0-2;4:0-12;5:2-0;6:0-2;7:2-8;8:3-11;9:1-5
185,proposed_c2f_adaptive_pd,10,10,1.0,14,300,0.04666666666666667,11,0,11,0.0,0.0,6279.758559224528,499.5248460464004,1.0,8912.0,8912.0,0.0,4.77669999236241,"6,12,5,14,6,12,3,10,6,11","0:2-6;1:9-12;2:0-5;3:1-14;4:0-6;5:3-12;6:0-3;7:0-10;8:5-6,11-6;9:13-11"
185,proposed_c2f_adaptive_pd_calibrated,10,10,1.0,14,300,0.04666666666666667,11,0,11,0.0,0.0,6279.758559224528,499.5248460464004,1.0,8912.0,8912.0,0.0,13.807300012558699,"6,12,5,14,6,12,3,10,6,11","0:2-6;1:9-12;2:0-5;3:1-14;4:0-6;5:3-12;6:0-3;7:0-10;8:5-6,11-6;9:13-11"
186,proposed_c2f_adaptive_pd,10,10,1.0,11,300,0.03666666666666667,11,0,11,0.0,0.0,9025.800326437768,914.3172878430794,1.0,11848.0,11848.0,0.0,5.642100004479289,"1,4,3,4,7,13,6,4,2,5","0:7-1;1:14-4,13-4;2:0-3;3:1-4;4:0-7;5:0-13;6:0-6;7:1-4;8:14-2;9:0-5"
186,proposed_c2f_adaptive_pd_calibrated,10,10,1.0,12,300,0.04,11,0,11,0.0,0.0,9025.800326437768,914.3172878430794,1.0,11848.0,11848.0,0.0,15.388200001325458,"1,4,3,4,7,13,6,4,2,5","0:7-1;1:14-4,13-4;2:0-3;3:1-4;4:0-7;5:0-13;6:0-6;7:1-4;8:14-2;9:0-5"
187,proposed_c2f_adaptive_pd,10,10,1.0,15,300,0.05,11,0,11,0.0,0.0,737.2865723095945,295.26336524989216,1.0,15286.0,15286.0,0.0,6.167799991089851,"0,13,8,8,10,6,8,8,11,2","0:1-0;1:0-13;2:14-8;3:0-8;4:5-10;5:3-6;6:9-8;7:14-8;8:5-11;9:6-2,3-2"
187,proposed_c2f_adaptive_pd_calibrated,10,10,1.0,15,300,0.05,11,0,11,0.0,0.0,737.2865723095945,295.26336524989216,1.0,15286.0,15286.0,0.0,14.82779998332262,"0,13,8,8,10,6,8,8,11,2","0:1-0;1:0-13;2:14-8;3:0-8;4:5-10;5:3-6;6:9-8;7:14-8;8:5-11;9:6-2,3-2"
188,proposed_c2f_adaptive_pd,9,10,0.9,13,300,0.043333333333333335,12,0,12,0.0,0.0,343.2930694686279,109.62255797137594,1.0,17293.0,17293.0,0.0,4.013199999462813,"12,3,12,14,12,13,11,13,5,13","0:5-12;1:0-3;2:5-12;3:0-14;4:2-12;5:3-13;6:6-11;7:3-13,14-13,4-13;8:0-5;9:3-13"
188,proposed_c2f_adaptive_pd_calibrated,9,10,0.9,14,300,0.04666666666666667,12,0,12,0.0,0.0,343.2930694686279,109.62255797137594,1.0,17293.0,17293.0,0.0,11.101200012490153,"12,3,12,14,12,13,11,13,5,13","0:5-12;1:0-3;2:5-12;3:0-14;4:2-12;5:3-13;6:6-11;7:3-13,14-13,4-13;8:0-5;9:3-13"
189,proposed_c2f_adaptive_pd,10,10,1.0,19,300,0.06333333333333334,10,0,10,0.0,0.0,435.2695322571859,231.30507961214875,1.0,10043.0,10043.0,0.0,6.263999966904521,"14,12,13,8,4,12,3,8,11,0",0:3-14;1:2-12;2:7-13;3:2-8;4:3-4;5:4-12;6:14-3;7:2-8;8:2-11;9:1-0
189,proposed_c2f_adaptive_pd_calibrated,10,10,1.0,19,300,0.06333333333333334,10,0,10,0.0,0.0,435.2695322571859,231.30507961214875,1.0,10043.0,10043.0,0.0,8.578699955251068,"14,12,13,8,4,12,3,8,11,0",0:3-14;1:2-12;2:7-13;3:2-8;4:3-4;5:4-12;6:14-3;7:2-8;8:2-11;9:1-0
190,proposed_c2f_adaptive_pd,10,10,1.0,21,300,0.07,10,0,10,0.0,0.0,6066.904207915604,303.35902061410025,1.0,10967.0,10967.0,0.0,6.132300011813641,"6,12,0,0,4,7,0,4,7,6",0:0-6;1:2-12;2:1-0;3:4-0;4:11-4;5:6-7;6:1-0;7:8-4;8:0-7;9:0-6
190,proposed_c2f_adaptive_pd_calibrated,10,10,1.0,21,300,0.07,10,0,10,0.0,0.0,6066.904207915604,303.35902061410025,1.0,10967.0,10967.0,0.0,10.22299996111542,"6,12,0,0,4,7,0,4,7,6",0:0-6;1:2-12;2:1-0;3:4-0;4:11-4;5:6-7;6:1-0;7:8-4;8:0-7;9:0-6
191,proposed_c2f_adaptive_pd,9,10,0.9,16,300,0.05333333333333334,20,6,14,3840.0,6.400000000000001,20337.249965312945,52.69471479233638,1.0,22199.0,22199.0,0.0,11.356699978932738,"7,12,8,6,6,13,6,1,1,6","0:0-7;1:6-12;2:1-8;3:1-6;4:1-6,6-1,7-6,7-1,6-7,13-6;5:0-13;6:1-6;7:1-6,6-1,7-1,3-1,7-6,1-7;8:3-1;9:1-6"
191,proposed_c2f_adaptive_pd_calibrated,9,10,0.9,16,300,0.05333333333333334,20,6,14,3840.0,6.400000000000001,20337.249965312945,52.69471479233638,1.0,22199.0,22199.0,0.0,25.492099986877292,"7,12,8,6,6,13,6,1,1,6","0:0-7;1:6-12;2:1-8;3:1-6;4:1-6,6-1,7-6,7-1,6-7,13-6;5:0-13;6:1-6;7:1-6,6-1,7-1,3-1,7-6,1-7;8:3-1;9:1-6"
192,proposed_c2f_adaptive_pd,10,10,1.0,10,300,0.03333333333333333,10,0,10,0.0,0.0,81216.56582727226,189.08043226021675,1.0,9903.0,9903.0,0.0,6.149600027129054,"9,9,6,4,11,0,11,14,11,2",0:1-9;1:0-9;2:0-6;3:3-4;4:4-11;5:1-0;6:4-11;7:0-14;8:4-11;9:0-2
192,proposed_c2f_adaptive_pd_calibrated,10,10,1.0,10,300,0.03333333333333333,10,0,10,0.0,0.0,81216.56582727226,189.08043226021675,1.0,9903.0,9903.0,0.0,13.329699984751642,"9,9,6,4,11,0,11,14,11,2",0:1-9;1:0-9;2:0-6;3:3-4;4:4-11;5:1-0;6:4-11;7:0-14;8:4-11;9:0-2
193,proposed_c2f_adaptive_pd,10,10,1.0,15,300,0.05,16,3,13,1920.0,3.2,56910.01227417451,271.11709789020625,1.0,13162.0,13162.0,0.0,8.232799998950213,"6,0,0,7,2,5,2,6,8,0","0:2-6;1:10-0;2:10-0,0-10;3:3-7;4:6-2;5:0-5;6:11-2;7:0-6;8:0-8;9:10-0,0-10,1-0,1-10,5-0,2-0"
193,proposed_c2f_adaptive_pd_calibrated,10,10,1.0,15,300,0.05,16,3,13,1920.0,3.2,56910.01227417451,271.11709789020625,1.0,13162.0,13162.0,0.0,14.32269997894764,"6,0,0,7,2,5,2,6,8,0","0:2-6;1:10-0;2:10-0,0-10;3:3-7;4:6-2;5:0-5;6:11-2;7:0-6;8:0-8;9:10-0,0-10,1-0,1-10,5-0,2-0"
194,proposed_c2f_adaptive_pd,10,10,1.0,18,300,0.06,10,0,10,0.0,0.0,919.0274584534782,503.4526386319717,1.0,9735.0,9735.0,0.0,6.152899994049221,"5,0,9,7,10,3,10,5,9,7",0:11-5;1:2-0;2:8-9;3:0-7;4:5-10;5:0-3;6:3-10;7:3-5;8:8-9;9:3-7
194,proposed_c2f_adaptive_pd_calibrated,10,10,1.0,18,300,0.06,10,0,10,0.0,0.0,919.0274584534782,503.4526386319717,1.0,9735.0,9735.0,0.0,9.196900005917996,"5,0,9,7,10,3,10,5,9,7",0:11-5;1:2-0;2:8-9;3:0-7;4:5-10;5:0-3;6:3-10;7:3-5;8:8-9;9:3-7
195,proposed_c2f_adaptive_pd,10,10,1.0,9,300,0.03,10,0,10,0.0,0.0,21777.173463001815,192.86200416307474,1.0,10505.0,10505.0,0.0,4.354599979706109,"4,11,2,14,5,1,5,10,7,2",0:0-4;1:0-11;2:1-2;3:5-14;4:0-5;5:0-1;6:10-5;7:0-10;8:1-7;9:0-2
195,proposed_c2f_adaptive_pd_calibrated,10,10,1.0,9,300,0.03,10,0,10,0.0,0.0,21777.173463001815,192.86200416307474,1.0,10505.0,10505.0,0.0,10.930499993264675,"4,11,2,14,5,1,5,10,7,2",0:0-4;1:0-11;2:1-2;3:5-14;4:0-5;5:0-1;6:10-5;7:0-10;8:1-7;9:0-2
196,proposed_c2f_adaptive_pd,10,10,1.0,12,300,0.04,16,3,13,1920.0,3.2,1380.052856092663,589.0433234485461,1.0,16373.0,16373.0,0.0,9.232799988240004,"9,9,7,2,7,7,11,1,6,8","0:3-9;1:7-9,9-11,3-11,7-11,11-9,3-9;2:4-7;3:0-2;4:1-7,9-7;5:0-7;6:3-11;7:0-1;8:0-6;9:0-8"
196,proposed_c2f_adaptive_pd_calibrated,10,10,1.0,12,300,0.04,16,3,13,1920.0,3.2,1380.052856092663,589.0433234485461,1.0,16373.0,16373.0,0.0,17.688199994154274,"9,9,7,2,7,7,11,1,6,8","0:3-9;1:7-9,9-11,3-11,7-11,11-9,3-9;2:4-7;3:0-2;4:1-7,9-7;5:0-7;6:3-11;7:0-1;8:0-6;9:0-8"
197,proposed_c2f_adaptive_pd,9,10,0.9,17,300,0.056666666666666664,20,5,15,3200.0,5.333333333333334,3243.915928972311,113.9080042214747,1.0,21768.0,21768.0,0.0,11.107800004538149,"12,2,9,14,5,9,1,0,5,6","0:0-12;1:14-2;2:5-9;3:1-14,2-14,14-1,8-14,1-5,2-5;4:8-5,14-5,1-5,8-9,9-5,5-9;5:5-9;6:0-1;7:1-0;8:1-5;9:0-6"
197,proposed_c2f_adaptive_pd_calibrated,9,10,0.9,17,300,0.056666666666666664,20,5,15,3200.0,5.333333333333334,3243.915928972311,113.9080042214747,1.0,21768.0,21768.0,0.0,21.36159996734932,"12,2,9,14,5,9,1,0,5,6","0:0-12;1:14-2;2:5-9;3:1-14,2-14,14-1,8-14,1-5,2-5;4:8-5,14-5,1-5,8-9,9-5,5-9;5:5-9;6:0-1;7:1-0;8:1-5;9:0-6"
198,proposed_c2f_adaptive_pd,10,10,1.0,14,300,0.04666666666666667,13,0,13,0.0,0.0,128926.29442478139,50.70670748684566,1.0,13009.0,13009.0,0.0,7.651699997950345,"8,0,2,13,10,3,1,7,6,11","0:4-8,12-8;1:1-0;2:1-2;3:2-13;4:0-10;5:0-3;6:2-1;7:0-7;8:4-6,5-6,0-6;9:0-11"
198,proposed_c2f_adaptive_pd_calibrated,10,10,1.0,14,300,0.04666666666666667,13,0,13,0.0,0.0,128926.29442478139,50.70670748684566,1.0,13009.0,13009.0,0.0,14.554399996995926,"8,0,2,13,10,3,1,7,6,11","0:4-8,12-8;1:1-0;2:1-2;3:2-13;4:0-10;5:0-3;6:2-1;7:0-7;8:4-6,5-6,0-6;9:0-11"
199,proposed_c2f_adaptive_pd,10,10,1.0,18,300,0.06,15,2,13,1280.0,2.1333333333333333,1290.7989447079506,313.6960807261607,1.0,14728.0,14728.0,0.0,5.5333999916911125,"7,8,11,14,14,8,0,10,14,10","0:0-7;1:11-8;2:11-8,8-11,7-11,7-8,0-11,3-11;3:1-14;4:2-14;5:0-8;6:1-0;7:8-10;8:1-14;9:0-10"
199,proposed_c2f_adaptive_pd_calibrated,10,10,1.0,18,300,0.06,15,2,13,1280.0,2.1333333333333333,1290.7989447079506,313.6960807261607,1.0,14728.0,14728.0,0.0,13.91540002077818,"7,8,11,14,14,8,0,10,14,10","0:0-7;1:11-8;2:11-8,8-11,7-11,7-8,0-11,3-11;3:1-14;4:2-14;5:0-8;6:1-0;7:8-10;8:1-14;9:0-10"
200,proposed_c2f_adaptive_pd,9,10,0.9,8,300,0.02666666666666667,11,0,11,0.0,0.0,374.7642083749537,123.04137668353752,1.0,14883.0,14883.0,0.0,4.7704000025987625,"3,12,13,11,14,7,14,12,3,0","0:1-3;1:5-12;2:4-13;3:13-11;4:0-14;5:4-7,11-7;6:1-14;7:1-12;8:1-3;9:1-0"
200,proposed_c2f_adaptive_pd_calibrated,9,10,0.9,8,300,0.02666666666666667,11,0,11,0.0,0.0,374.7642083749537,123.04137668353752,1.0,14883.0,14883.0,0.0,11.919100012164563,"3,12,13,11,14,7,14,12,3,0","0:1-3;1:5-12;2:4-13;3:13-11;4:0-14;5:4-7,11-7;6:1-14;7:1-12;8:1-3;9:1-0"
201,proposed_c2f_adaptive_pd,10,10,1.0,14,300,0.04666666666666667,11,0,11,0.0,0.0,826.0687088281572,161.65929649121694,1.0,12734.0,12734.0,0.0,5.580299999564886,"14,0,5,14,4,13,14,14,8,11","0:5-14;1:3-0;2:1-5;3:10-14;4:0-4;5:0-13;6:4-14;7:1-14;8:13-8,4-8;9:0-11"
201,proposed_c2f_adaptive_pd_calibrated,10,10,1.0,14,300,0.04666666666666667,11,0,11,0.0,0.0,826.0687088281572,161.65929649121694,1.0,12734.0,12734.0,0.0,15.480800007935613,"14,0,5,14,4,13,14,14,8,11","0:5-14;1:3-0;2:1-5;3:10-14;4:0-4;5:0-13;6:4-14;7:1-14;8:13-8,4-8;9:0-11"
202,proposed_c2f_adaptive_pd,10,10,1.0,16,300,0.05333333333333334,13,1,12,640.0,1.0666666666666667,90809.3472900341,796.9075755320858,1.0,15545.0,15545.0,0.0,5.336300004273653,"5,13,2,12,5,0,2,3,6,12","0:0-5;1:11-13,14-13,13-14,7-13;2:1-2;3:0-12;4:0-5;5:3-0;6:0-2;7:0-3;8:1-6;9:0-12"
202,proposed_c2f_adaptive_pd_calibrated,10,10,1.0,16,300,0.05333333333333334,13,1,12,640.0,1.0666666666666667,90809.3472900341,796.9075755320858,1.0,15545.0,15545.0,0.0,16.95570000447333,"5,13,2,12,5,0,2,3,6,12","0:0-5;1:11-13,14-13,13-14,7-13;2:1-2;3:0-12;4:0-5;5:3-0;6:0-2;7:0-3;8:1-6;9:0-12"
203,proposed_c2f_adaptive_pd,10,10,1.0,12,300,0.04,10,0,10,0.0,0.0,127.46115867084855,82.9626958979494,1.0,12927.0,12927.0,0.0,6.403799983672798,"4,3,4,4,12,12,4,4,9,7",0:0-4;1:0-3;2:6-4;3:6-4;4:0-12;5:0-12;6:0-4;7:0-4;8:8-9;9:0-7
203,proposed_c2f_adaptive_pd_calibrated,10,10,1.0,12,300,0.04,10,0,10,0.0,0.0,127.46115867084855,82.9626958979494,1.0,12927.0,12927.0,0.0,11.79960003355518,"4,3,4,4,12,12,4,4,9,7",0:0-4;1:0-3;2:6-4;3:6-4;4:0-12;5:0-12;6:0-4;7:0-4;8:8-9;9:0-7
204,proposed_c2f_adaptive_pd,9,10,0.9,13,300,0.043333333333333335,20,5,15,3200.0,5.333333333333334,900.4346874226142,464.40965249256453,1.0,21628.0,21628.0,0.0,8.548500016331673,"13,13,7,13,14,3,4,12,13,13","0:1-13;1:3-13;2:0-7;3:0-13;4:3-14;5:3-14,14-3,2-14,2-3,13-14,13-3;6:2-4;7:2-12;8:6-13,13-6,8-13,1-13,3-13,13-3;9:0-13"
204,proposed_c2f_adaptive_pd_calibrated,9,10,0.9,13,300,0.043333333333333335,20,5,15,3200.0,5.333333333333334,900.4346874226142,464.40965249256453,1.0,21628.0,21628.0,0.0,20.587200007867068,"13,13,7,13,14,3,4,12,13,13","0:1-13;1:3-13;2:0-7;3:0-13;4:3-14;5:3-14,14-3,2-14,2-3,13-14,13-3;6:2-4;7:2-12;8:6-13,13-6,8-13,1-13,3-13,13-3;9:0-13"
205,proposed_c2f_adaptive_pd,9,10,0.9,19,300,0.06333333333333334,10,0,10,0.0,0.0,569.825815961962,168.60587030516814,1.0,10043.0,10043.0,0.0,6.173599977046251,"11,13,10,1,10,3,10,12,3,11",0:0-11;1:2-13;2:0-10;3:3-1;4:2-10;5:0-3;6:5-10;7:1-12;8:4-3;9:13-11
205,proposed_c2f_adaptive_pd_calibrated,9,10,0.9,19,300,0.06333333333333334,10,0,10,0.0,0.0,569.825815961962,168.60587030516814,1.0,10043.0,10043.0,0.0,8.897399995476007,"11,13,10,1,10,3,10,12,3,11",0:0-11;1:2-13;2:0-10;3:3-1;4:2-10;5:0-3;6:5-10;7:1-12;8:4-3;9:13-11
206,proposed_c2f_adaptive_pd,10,10,1.0,21,300,0.07,10,0,10,0.0,0.0,2896.8639265463617,117.10936815320011,1.0,10351.0,10351.0,0.0,5.262399965431541,"13,1,3,0,13,8,3,14,2,3",0:8-13;1:0-1;2:8-3;3:1-0;4:0-13;5:0-8;6:2-3;7:1-14;8:0-2;9:2-3
206,proposed_c2f_adaptive_pd_calibrated,10,10,1.0,21,300,0.07,10,0,10,0.0,0.0,2896.8639265463617,117.10936815320011,1.0,10351.0,10351.0,0.0,9.46009997278452,"13,1,3,0,13,8,3,14,2,3",0:8-13;1:0-1;2:8-3;3:1-0;4:0-13;5:0-8;6:2-3;7:1-14;8:0-2;9:2-3
207,proposed_c2f_adaptive_pd,10,10,1.0,14,300,0.04666666666666667,10,0,10,0.0,0.0,21567.587916714932,1076.6339303014795,1.0,9903.0,9903.0,0.0,4.516699991654605,"6,6,4,4,6,6,10,13,4,6",0:0-6;1:0-6;2:0-4;3:3-4;4:0-6;5:0-6;6:9-10;7:2-13;8:2-4;9:0-6
207,proposed_c2f_adaptive_pd_calibrated,10,10,1.0,14,300,0.04666666666666667,10,0,10,0.0,0.0,21567.587916714932,1076.6339303014795,1.0,9903.0,9903.0,0.0,13.854700024239719,"6,6,4,4,6,6,10,13,4,6",0:0-6;1:0-6;2:0-4;3:3-4;4:0-6;5:0-6;6:9-10;7:2-13;8:2-4;9:0-6
208,proposed_c2f_adaptive_pd,10,10,1.0,15,300,0.05,15,3,12,1920.0,3.2,782.0538940136461,192.23861717050414,1.0,16495.0,16495.0,0.0,7.649599981959909,"3,7,5,7,0,9,12,11,0,3","0:0-3;1:0-7;2:5-10,10-5,2-5,6-5,5-2,5-6;3:4-7;4:2-0;5:1-9;6:6-12;7:0-11;8:1-0;9:0-3"
208,proposed_c2f_adaptive_pd_calibrated,10,10,1.0,15,300,0.05,15,3,12,1920.0,3.2,782.0538940136461,192.23861717050414,1.0,16495.0,16495.0,0.0,18.05630000308156,"3,7,5,7,0,9,12,11,0,3","0:0-3;1:0-7;2:5-10,10-5,2-5,6-5,5-2,5-6;3:4-7;4:2-0;5:1-9;6:6-12;7:0-11;8:1-0;9:0-3"
209,proposed_c2f_adaptive_pd,9,10,0.9,13,300,0.043333333333333335,19,3,16,1920.0,3.2,7174.560013922048,98.44449753301771,1.0,24550.0,24550.0,0.0,9.47790005011484,"0,7,13,12,13,3,14,13,14,13","0:1-0;1:3-7;2:3-13;3:1-12;4:3-13;5:0-3;6:0-14;7:12-13,4-13,1-13,13-12,13-4,13-1;8:0-14,10-14,8-14;9:12-13,1-13,4-13"
209,proposed_c2f_adaptive_pd_calibrated,9,10,0.9,12,300,0.04,19,3,16,1920.0,3.2,7174.560013922048,98.44449753301771,1.0,24550.0,24550.0,0.0,24.233900010585785,"0,7,13,12,13,3,14,13,14,13","0:1-0;1:3-7;2:3-13;3:1-12;4:3-13;5:0-3;6:0-14;7:12-13,4-13,1-13,13-12,13-4,13-1;8:0-14,10-14,8-14;9:12-13,1-13,4-13"
210,proposed_c2f_adaptive_pd,7,10,0.7,14,270,0.05185185185185185,20,3,17,1920.0,3.2,6387.6875068040745,169.6797203844165,0.95,19080.0,19080.0,0.0,10.586699994746596,"1,1,0,3,6,3,0,2,0,4","0:0-1;1:9-1;2:1-0;3:10-3;4:0-6;5:2-3;6:6-0,0-6,3-0,10-0,2-0,9-0;7:6-2,10-2,0-2,3-2,6-3,2-10;8:6-0;9:1-4"
210,proposed_c2f_adaptive_pd_calibrated,7,10,0.7,14,270,0.05185185185185185,20,3,17,1920.0,3.2,6387.6875068040745,169.6797203844165,0.95,19080.0,19080.0,0.0,21.621899970341474,"1,1,0,3,6,3,0,2,0,4","0:0-1;1:9-1;2:1-0;3:10-3;4:0-6;5:2-3;6:6-0,0-6,3-0,10-0,2-0,9-0;7:6-2,10-2,0-2,3-2,6-3,2-10;8:6-0;9:1-4"
211,proposed_c2f_adaptive_pd,10,10,1.0,11,300,0.03666666666666667,10,0,10,0.0,0.0,258.99381750057756,177.72203489410725,1.0,11730.0,11730.0,0.0,3.5431000287644565,"5,8,5,1,1,7,8,5,8,5",0:3-5;1:3-8;2:3-5;3:0-1;4:0-1;5:0-7;6:5-8;7:3-5;8:11-8;9:0-5
211,proposed_c2f_adaptive_pd_calibrated,10,10,1.0,11,300,0.03666666666666667,10,0,10,0.0,0.0,258.99381750057756,177.72203489410725,1.0,11730.0,11730.0,0.0,11.628100008238107,"5,8,5,1,1,7,8,5,8,5",0:3-5;1:3-8;2:3-5;3:0-1;4:0-1;5:0-7;6:5-8;7:3-5;8:11-8;9:0-5
212,proposed_c2f_adaptive_pd,9,10,0.9,12,270,0.044444444444444446,16,2,14,1280.0,2.1333333333333333,1006.2330765449126,238.48772516461577,0.9375,18895.0,18895.0,0.0,7.22279999172315,"4,7,0,6,0,6,8,8,14,4","0:14-4,4-14,4-2,11-4,2-4,9-4;1:1-7;2:3-0;3:0-6;4:5-0;5:0-6;6:3-8;7:3-8;8:8-14;9:14-4,11-4"
212,proposed_c2f_adaptive_pd_calibrated,9,10,0.9,12,270,0.044444444444444446,16,2,14,1280.0,2.1333333333333333,1006.2330765449126,238.48772516461577,0.9375,18895.0,18895.0,0.0,19.68000002671033,"4,7,0,6,0,6,8,8,14,4","0:14-4,4-14,4-2,11-4,2-4,9-4;1:1-7;2:3-0;3:0-6;4:5-0;5:0-6;6:3-8;7:3-8;8:8-14;9:14-4,11-4"
213,proposed_c2f_adaptive_pd,9,10,0.9,12,300,0.04,20,4,16,2560.0,4.266666666666667,614.4070222605117,118.84656209922791,1.0,22286.0,22286.0,0.0,11.383900011423975,"9,13,14,4,0,9,2,4,6,0","0:0-9;1:0-13;2:1-14;3:0-4;4:14-0,0-14,2-0,0-2,9-0,0-9;5:1-9;6:0-2;7:0-4;8:0-6,3-6,13-6,14-6,11-6,6-3;9:2-0"
213,proposed_c2f_adaptive_pd_calibrated,9,10,0.9,12,300,0.04,20,4,16,2560.0,4.266666666666667,614.4070222605117,118.84656209922791,1.0,22286.0,22286.0,0.0,24.007199972402304,"9,13,14,4,0,9,2,4,6,0","0:0-9;1:0-13;2:1-14;3:0-4;4:14-0,0-14,2-0,0-2,9-0,0-9;5:1-9;6:0-2;7:0-4;8:0-6,3-6,13-6,14-6,11-6,6-3;9:2-0"
214,proposed_c2f_adaptive_pd,10,10,1.0,15,300,0.05,13,0,13,0.0,0.0,815.3488639552376,116.36686533195919,1.0,15097.0,15097.0,0.0,6.345000001601875,"8,11,11,3,14,11,14,2,12,3","0:2-8;1:5-11;2:5-11;3:1-3;4:3-14;5:0-11;6:1-14;7:12-2;8:2-12,13-12,0-12,10-12;9:1-3"
214,proposed_c2f_adaptive_pd_calibrated,10,10,1.0,15,300,0.05,13,0,13,0.0,0.0,815.3488639552376,116.36686533195919,1.0,15097.0,15097.0,0.0,15.697799972258508,"8,11,11,3,14,11,14,2,12,3","0:2-8;1:5-11;2:5-11;3:1-3;4:3-14;5:0-11;6:1-14;7:12-2;8:2-12,13-12,0-12,10-12;9:1-3"
215,proposed_c2f_adaptive_pd,10,10,1.0,8,300,0.02666666666666667,15,3,12,1920.0,3.2,4704.252329419351,74.47143363450195,1.0,15025.0,15025.0,0.0,8.318200008943677,"5,5,2,12,4,3,12,13,9,12","0:0-5;1:1-5;2:2-14,14-2,3-14,3-2,8-14,8-2;3:1-12;4:0-4;5:0-3;6:1-12;7:0-13;8:0-9;9:0-12"
215,proposed_c2f_adaptive_pd_calibrated,10,10,1.0,8,300,0.02666666666666667,15,3,12,1920.0,3.2,4704.252329419351,74.47143363450195,1.0,15025.0,15025.0,0.0,15.278699982445687,"5,5,2,12,4,3,12,13,9,12","0:0-5;1:1-5;2:2-14,14-2,3-14,3-2,8-14,8-2;3:1-12;4:0-4;5:0-3;6:1-12;7:0-13;8:0-9;9:0-12"
216,proposed_c2f_adaptive_pd,10,10,1.0,20,300,0.06666666666666667,11,0,11,0.0,0.0,1400.4494591118103,220.28369900416487,1.0,11124.0,11124.0,0.0,6.521300005260855,"11,7,14,9,3,14,10,0,10,5","0:0-11;1:1-7;2:0-14;3:0-9;4:1-3;5:11-14,4-14;6:0-10;7:1-0;8:2-10;9:0-5"
216,proposed_c2f_adaptive_pd_calibrated,10,10,1.0,20,300,0.06666666666666667,11,0,11,0.0,0.0,1400.4494591118103,220.28369900416487,1.0,11124.0,11124.0,0.0,12.168699991889298,"11,7,14,9,3,14,10,0,10,5","0:0-11;1:1-7;2:0-14;3:0-9;4:1-3;5:11-14,4-14;6:0-10;7:1-0;8:2-10;9:0-5"
217,proposed_c2f_adaptive_pd,9,10,0.9,8,270,0.02962962962962963,12,0,12,0.0,0.0,1867.7270733694859,886.3897737540227,0.9166666666666666,11504.0,11504.0,0.0,5.176499951630831,"5,2,4,4,6,11,10,12,5,1","0:4-5;1:0-2;2:8-4;3:0-4;4:0-6;5:0-11;6:9-10;7:4-12;8:4-5,12-5,14-5;9:0-1"
217,proposed_c2f_adaptive_pd_calibrated,9,10,0.9,9,270,0.03333333333333333,12,0,12,0.0,0.0,1867.7270733694859,886.3897737540227,0.9166666666666666,11504.0,11504.0,0.0,9.161300025880337,"5,2,4,4,6,11,10,12,5,1","0:4-5;1:0-2;2:8-4;3:0-4;4:0-6;5:0-11;6:9-10;7:4-12;8:4-5,12-5,14-5;9:0-1"
218,proposed_c2f_adaptive_pd,10,10,1.0,11,300,0.03666666666666667,10,0,10,0.0,0.0,166213.7793613029,1631.4305959570786,1.0,10351.0,10351.0,0.0,4.947200010064989,"8,8,5,10,3,8,0,14,7,7",0:1-8;1:1-8;2:4-5;3:1-10;4:0-3;5:1-8;6:3-0;7:2-14;8:0-7;9:1-7
218,proposed_c2f_adaptive_pd_calibrated,10,10,1.0,12,300,0.04,10,0,10,0.0,0.0,166213.7793613029,1631.4305959570786,1.0,10351.0,10351.0,0.0,12.697700003627688,"8,8,5,10,3,8,0,14,7,7",0:1-8;1:1-8;2:4-5;3:1-10;4:0-3;5:1-8;6:3-0;7:2-14;8:0-7;9:1-7
219,proposed_c2f_adaptive_pd,9,10,0.9,11,300,0.03666666666666667,16,2,14,1280.0,2.1333333333333333,66896.82975932209,127.38568133324816,1.0,16701.0,16701.0,0.0,8.612699981313199,"3,4,8,8,3,3,7,7,2,6","0:0-3;1:3-4;2:0-8;3:2-8;4:9-3,3-9,10-3,4-3,12-3,3-4;5:9-3;6:10-7,13-7;7:0-7;8:1-2;9:0-6"
219,proposed_c2f_adaptive_pd_calibrated,9,10,0.9,11,300,0.03666666666666667,16,2,14,1280.0,2.1333333333333333,66896.82975932209,127.38568133324816,1.0,16701.0,16701.0,0.0,23.02540000528097,"3,4,8,8,3,3,7,7,2,6","0:0-3;1:3-4;2:0-8;3:2-8;4:9-3,3-9,10-3,4-3,12-3,3-4;5:9-3;6:10-7,13-7;7:0-7;8:1-2;9:0-6"
220,proposed_c2f_adaptive_pd,9,10,0.9,18,300,0.06,16,1,15,640.0,1.0666666666666667,14897.270082995188,119.15722369817206,1.0,12056.0,12056.0,0.0,7.727099990006536,"9,7,0,0,7,13,12,4,13,7","0:2-9;1:4-7,7-4,1-7;2:12-0;3:4-0,12-0,7-0,8-0,2-0;4:0-7;5:1-13;6:0-12;7:7-4;8:4-13;9:4-7"
220,proposed_c2f_adaptive_pd_calibrated,9,10,0.9,19,300,0.06333333333333334,16,1,15,640.0,1.0666666666666667,14897.270082995188,119.15722369817206,1.0,12056.0,12056.0,0.0,19.515300053171813,"9,7,0,0,7,13,12,4,13,7","0:2-9;1:4-7,7-4,1-7;2:12-0;3:4-0,12-0,7-0,8-0,2-0;4:0-7;5:1-13;6:0-12;7:7-4;8:4-13;9:4-7"
221,proposed_c2f_adaptive_pd,10,10,1.0,13,300,0.043333333333333335,10,0,10,0.0,0.0,3879.1041252404093,2218.8095508303254,1.0,9399.0,9399.0,0.0,4.9548999522812665,"10,12,14,7,3,8,9,4,12,3",0:1-10;1:0-12;2:3-14;3:0-7;4:6-3;5:5-8;6:2-9;7:0-4;8:0-12;9:1-3
221,proposed_c2f_adaptive_pd_calibrated,10,10,1.0,14,300,0.04666666666666667,10,0,10,0.0,0.0,3879.1041252404093,2218.8095508303254,1.0,9399.0,9399.0,0.0,10.985100001562387,"10,12,14,7,3,8,9,4,12,3",0:1-10;1:0-12;2:3-14;3:0-7;4:6-3;5:5-8;6:2-9;7:0-4;8:0-12;9:1-3
222,proposed_c2f_adaptive_pd,9,10,0.9,12,270,0.044444444444444446,12,0,12,0.0,0.0,237.46422950719563,135.52223322205418,0.9166666666666666,13897.0,13897.0,0.0,6.907900038640946,"4,9,8,10,5,12,5,7,3,5","0:0-4;1:0-9;2:0-8;3:0-10;4:2-5;5:0-12;6:8-5,6-5;7:13-7,2-7;8:1-3;9:8-5"
222,proposed_c2f_adaptive_pd_calibrated,9,10,0.9,12,270,0.044444444444444446,12,0,12,0.0,0.0,237.46422950719563,135.52223322205418,0.9166666666666666,13897.0,13897.0,0.0,13.37150001199916,"4,9,8,10,5,12,5,7,3,5","0:0-4;1:0-9;2:0-8;3:0-10;4:2-5;5:0-12;6:8-5,6-5;7:13-7,2-7;8:1-3;9:8-5"
223,proposed_c2f_adaptive_pd,10,10,1.0,9,300,0.03,15,0,15,0.0,0.0,955.640483241939,234.7922220194248,1.0,18335.0,18335.0,0.0,5.955100001301616,"11,1,12,3,10,6,4,0,3,6","0:13-11,12-11,8-11,1-11,3-11;1:3-1;2:1-12;3:0-3;4:1-10;5:1-6;6:14-4,2-4;7:3-0;8:0-3;9:1-6"
223,proposed_c2f_adaptive_pd_calibrated,10,10,1.0,9,300,0.03,15,0,15,0.0,0.0,955.640483241939,234.7922220194248,1.0,18335.0,18335.0,0.0,14.438599988352507,"11,1,12,3,10,6,4,0,3,6","0:13-11,12-11,8-11,1-11,3-11;1:3-1;2:1-12;3:0-3;4:1-10;5:1-6;6:14-4,2-4;7:3-0;8:0-3;9:1-6"
224,proposed_c2f_adaptive_pd,10,10,1.0,14,300,0.04666666666666667,10,0,10,0.0,0.0,1450.14073404191,197.48587065945372,1.0,9231.0,9231.0,0.0,3.6247000098228455,"3,2,11,6,13,2,7,3,1,10",0:6-3;1:0-2;2:1-11;3:3-6;4:0-13;5:0-2;6:0-7;7:6-3;8:0-1;9:0-10
224,proposed_c2f_adaptive_pd_calibrated,10,10,1.0,15,300,0.05,10,0,10,0.0,0.0,1450.14073404191,197.48587065945372,1.0,9231.0,9231.0,0.0,9.216799982823431,"3,2,11,6,13,2,7,3,1,10",0:6-3;1:0-2;2:1-11;3:3-6;4:0-13;5:0-2;6:0-7;7:6-3;8:0-1;9:0-10
225,proposed_c2f_adaptive_pd,10,10,1.0,16,300,0.05333333333333334,11,1,10,640.0,1.0666666666666667,585.922850858191,192.68343227161114,1.0,9094.0,9094.0,0.0,6.0934999492019415,"13,2,3,14,9,5,9,8,3,3","0:3-13,13-3;1:1-2;2:4-3;3:3-14;4:6-9;5:0-5;6:11-9;7:0-8;8:0-3;9:2-3"
225,proposed_c2f_adaptive_pd_calibrated,10,10,1.0,17,300,0.056666666666666664,11,1,10,640.0,1.0666666666666667,585.922850858191,192.68343227161114,1.0,9094.0,9094.0,0.0,9.386899997480214,"13,2,3,14,9,5,9,8,3,3","0:3-13,13-3;1:1-2;2:4-3;3:3-14;4:6-9;5:0-5;6:11-9;7:0-8;8:0-3;9:2-3"
226,proposed_c2f_adaptive_pd,10,10,1.0,18,300,0.06,23,7,16,4480.0,7.466666666666669,42716.81955522469,96.66516876164384,1.0,19048.0,19048.0,0.0,11.710399994626641,"10,4,13,7,2,7,8,7,0,7","0:10-4,0-10,7-10;1:10-4,4-10;2:13-14,7-13,14-13,7-14,11-14,2-13;3:13-7;4:11-2,2-11,0-2,8-2,0-11,3-2;5:13-7;6:0-8;7:13-7;8:3-0;9:14-7"
226,proposed_c2f_adaptive_pd_calibrated,10,10,1.0,18,300,0.06,23,7,16,4480.0,7.466666666666669,42716.81955522469,96.66516876164384,1.0,19048.0,19048.0,0.0,28.01419998286292,"10,4,13,7,2,7,8,7,0,7","0:10-4,0-10,7-10;1:10-4,4-10;2:13-14,7-13,14-13,7-14,11-14,2-13;3:13-7;4:11-2,2-11,0-2,8-2,0-11,3-2;5:13-7;6:0-8;7:13-7;8:3-0;9:14-7"
227,proposed_c2f_adaptive_pd,10,10,1.0,18,300,0.06,11,1,10,640.0,1.0666666666666667,110.62886234742196,63.73615867358726,1.0,12171.0,12171.0,0.0,6.635099998675287,"13,7,0,9,11,11,1,13,13,3","0:0-13;1:2-7;2:2-0;3:9-2,0-9;4:6-11;5:2-11;6:7-1;7:3-13;8:3-13;9:1-3"
227,proposed_c2f_adaptive_pd_calibrated,10,10,1.0,18,300,0.06,11,1,10,640.0,1.0666666666666667,110.62886234742196,63.73615867358726,1.0,12171.0,12171.0,0.0,15.50350000616163,"13,7,0,9,11,11,1,13,13,3","0:0-13;1:2-7;2:2-0;3:9-2,0-9;4:6-11;5:2-11;6:7-1;7:3-13;8:3-13;9:1-3"
228,proposed_c2f_adaptive_pd,10,10,1.0,14,300,0.04666666666666667,10,0,10,0.0,0.0,1128.7657587456097,389.5915293876451,1.0,9889.0,9889.0,0.0,5.663099989760667,"2,7,6,9,11,3,9,0,9,13",0:1-2;1:0-7;2:1-6;3:0-9;4:4-11;5:0-3;6:0-9;7:1-0;8:8-9;9:5-13
228,proposed_c2f_adaptive_pd_calibrated,10,10,1.0,14,300,0.04666666666666667,10,0,10,0.0,0.0,1128.7657587456097,389.5915293876451,1.0,9889.0,9889.0,0.0,12.439199956133962,"2,7,6,9,11,3,9,0,9,13",0:1-2;1:0-7;2:1-6;3:0-9;4:4-11;5:0-3;6:0-9;7:1-0;8:8-9;9:5-13
229,proposed_c2f_adaptive_pd,10,10,1.0,16,300,0.05333333333333334,15,1,14,640.0,1.0666666666666667,288.8726886656479,111.20538459362052,1.0,12104.0,12104.0,0.0,4.931000003125519,"7,1,4,14,11,13,14,9,1,14","0:1-7;1:0-1;2:0-4;3:0-14;4:11-13,13-11,12-11,10-11,5-11;5:1-13,11-13;6:3-14;7:0-9;8:2-1;9:3-14"
229,proposed_c2f_adaptive_pd_calibrated,10,10,1.0,16,300,0.05333333333333334,15,1,14,640.0,1.0666666666666667,288.8726886656479,111.20538459362052,1.0,12104.0,12104.0,0.0,18.22680002078414,"7,1,4,14,11,13,14,9,1,14","0:1-7;1:0-1;2:0-4;3:0-14;4:11-13,13-11,12-11,10-11,5-11;5:1-13,11-13;6:3-14;7:0-9;8:2-1;9:3-14"
230,proposed_c2f_adaptive_pd,10,10,1.0,13,300,0.043333333333333335,11,0,11,0.0,0.0,13282.271463137145,181.77019895761788,1.0,9276.0,9276.0,0.0,7.754399965051562,"10,13,1,9,0,6,0,6,5,6","0:1-10;1:1-13;2:0-1;3:0-9;4:1-0;5:7-6;6:3-0,7-0;7:2-6;8:0-5;9:2-6"
230,proposed_c2f_adaptive_pd_calibrated,10,10,1.0,14,300,0.04666666666666667,11,0,11,0.0,0.0,13282.271463137145,181.77019895761788,1.0,9276.0,9276.0,0.0,11.368000006768852,"10,13,1,9,0,6,0,6,5,6","0:1-10;1:1-13;2:0-1;3:0-9;4:1-0;5:7-6;6:3-0,7-0;7:2-6;8:0-5;9:2-6"
231,proposed_c2f_adaptive_pd,9,10,0.9,15,300,0.05,16,3,13,1920.0,3.2,420.54015934343033,227.74514863442212,1.0,15903.0,15903.0,0.0,9.28679999196902,"3,8,11,3,0,1,4,11,2,6","0:2-3;1:0-8;2:2-11;3:7-3,3-7,6-3,9-3,3-6,3-9;4:4-0;5:0-1;6:0-4;7:2-11;8:6-2,11-2;9:2-6"
231,proposed_c2f_adaptive_pd_calibrated,9,10,0.9,15,300,0.05,16,3,13,1920.0,3.2,420.54015934343033,227.74514863442212,1.0,15903.0,15903.0,0.0,19.118600001093,"3,8,11,3,0,1,4,11,2,6","0:2-3;1:0-8;2:2-11;3:7-3,3-7,6-3,9-3,3-6,3-9;4:4-0;5:0-1;6:0-4;7:2-11;8:6-2,11-2;9:2-6"
232,proposed_c2f_adaptive_pd,10,10,1.0,18,300,0.06,10,0,10,0.0,0.0,1533.3491420287323,272.68744996397527,1.0,7887.0,7887.0,0.0,5.77240000711754,"10,3,0,14,11,7,5,9,7,14",0:0-10;1:12-3;2:1-0;3:1-14;4:0-11;5:4-7;6:1-5;7:0-9;8:14-7;9:1-14
232,proposed_c2f_adaptive_pd_calibrated,10,10,1.0,18,300,0.06,10,0,10,0.0,0.0,1533.3491420287323,272.68744996397527,1.0,7887.0,7887.0,0.0,11.316099960822612,"10,3,0,14,11,7,5,9,7,14",0:0-10;1:12-3;2:1-0;3:1-14;4:0-11;5:4-7;6:1-5;7:0-9;8:14-7;9:1-14
233,proposed_c2f_adaptive_pd,10,10,1.0,15,300,0.05,10,0,10,0.0,0.0,497.9491879033897,281.48154443148707,1.0,9427.0,9427.0,0.0,5.148000025656074,"9,11,2,10,7,13,7,5,11,10",0:1-9;1:0-11;2:5-2;3:0-10;4:1-7;5:3-13;6:0-7;7:2-5;8:3-11;9:7-10
233,proposed_c2f_adaptive_pd_calibrated,10,10,1.0,15,300,0.05,10,0,10,0.0,0.0,497.9491879033897,281.48154443148707,1.0,9427.0,9427.0,0.0,12.75499997427687,"9,11,2,10,7,13,7,5,11,10",0:1-9;1:0-11;2:5-2;3:0-10;4:1-7;5:3-13;6:0-7;7:2-5;8:3-11;9:7-10
234,proposed_c2f_adaptive_pd,9,10,0.9,10,270,0.037037037037037035,12,1,11,640.0,1.0666666666666667,1276.4176636629845,133.30989811954686,0.9166666666666666,12606.0,12606.0,0.0,5.600100033916533,"11,1,6,2,8,13,0,3,6,6","0:0-11;1:0-1;2:14-6;3:0-2;4:1-8;5:1-13;6:3-0,0-3,9-0;7:0-3;8:12-6;9:1-6"
234,proposed_c2f_adaptive_pd_calibrated,9,10,0.9,12,270,0.044444444444444446,12,1,11,640.0,1.0666666666666667,1276.4176636629845,133.30989811954686,0.9166666666666666,12606.0,12606.0,0.0,13.420499977655709,"11,1,6,2,8,13,0,3,6,6","0:0-11;1:0-1;2:14-6;3:0-2;4:1-8;5:1-13;6:3-0,0-3,9-0;7:0-3;8:12-6;9:1-6"
235,proposed_c2f_adaptive_pd,10,10,1.0,16,300,0.05333333333333334,10,0,10,0.0,0.0,23316.942192264436,1586.0788650306577,1.0,9889.0,9889.0,0.0,3.488199959974736,"0,4,7,7,1,5,3,1,4,10",0:5-0;1:0-4;2:0-7;3:0-7;4:0-1;5:0-5;6:0-3;7:0-1;8:0-4;9:1-10
235,proposed_c2f_adaptive_pd_calibrated,10,10,1.0,16,300,0.05333333333333334,10,0,10,0.0,0.0,23316.942192264436,1586.0788650306577,1.0,9889.0,9889.0,0.0,14.140899991616607,"0,4,7,7,1,5,3,1,4,10",0:5-0;1:0-4;2:0-7;3:0-7;4:0-1;5:0-5;6:0-3;7:0-1;8:0-4;9:1-10
236,proposed_c2f_adaptive_pd,9,10,0.9,20,300,0.06666666666666667,10,0,10,0.0,0.0,789.6653546402498,150.1407962727646,1.0,10197.0,10197.0,0.0,6.148299959022552,"9,14,0,9,0,4,0,3,12,7",0:2-9;1:3-14;2:7-0;3:3-9;4:4-0;5:0-4;6:1-0;7:10-3;8:3-12;9:0-7
236,proposed_c2f_adaptive_pd_calibrated,9,10,0.9,20,300,0.06666666666666667,10,0,10,0.0,0.0,789.6653546402498,150.1407962727646,1.0,10197.0,10197.0,0.0,10.670999996364117,"9,14,0,9,0,4,0,3,12,7",0:2-9;1:3-14;2:7-0;3:3-9;4:4-0;5:0-4;6:1-0;7:10-3;8:3-12;9:0-7
237,proposed_c2f_adaptive_pd,10,10,1.0,12,300,0.04,13,1,12,640.0,1.0666666666666667,6485.255139317156,136.9456619526778,1.0,16027.0,16027.0,0.0,5.391000013332814,"13,11,0,13,9,11,13,8,0,12","0:4-13,12-13;1:3-11;2:3-0;3:4-13;4:0-9;5:0-11;6:6-13,2-13;7:1-8;8:9-0,0-9;9:0-12"
237,proposed_c2f_adaptive_pd_calibrated,10,10,1.0,12,300,0.04,13,1,12,640.0,1.0666666666666667,6485.255139317156,136.9456619526778,1.0,16027.0,16027.0,0.0,12.977000034879893,"13,11,0,13,9,11,13,8,0,12","0:4-13,12-13;1:3-11;2:3-0;3:4-13;4:0-9;5:0-11;6:6-13,2-13;7:1-8;8:9-0,0-9;9:0-12"
238,proposed_c2f_adaptive_pd,10,10,1.0,12,300,0.04,10,0,10,0.0,0.0,947.4526207406841,153.46785490168446,1.0,10351.0,10351.0,0.0,6.312199984677136,"6,9,11,0,14,3,11,11,12,3",0:0-6;1:0-9;2:0-11;3:6-0;4:5-14;5:1-3;6:8-11;7:0-11;8:1-12;9:9-3
238,proposed_c2f_adaptive_pd_calibrated,10,10,1.0,12,300,0.04,10,0,10,0.0,0.0,947.4526207406841,153.46785490168446,1.0,10351.0,10351.0,0.0,9.669099992606789,"6,9,11,0,14,3,11,11,12,3",0:0-6;1:0-9;2:0-11;3:6-0;4:5-14;5:1-3;6:8-11;7:0-11;8:1-12;9:9-3
239,proposed_c2f_adaptive_pd,10,10,1.0,17,300,0.056666666666666664,10,0,10,0.0,0.0,2618.135446729252,400.476106451458,1.0,8349.0,8349.0,0.0,6.218200025614351,"8,14,13,3,0,10,6,14,6,0",0:1-8;1:3-14;2:0-13;3:6-3;4:1-0;5:1-10;6:7-6;7:3-14;8:1-6;9:3-0
239,proposed_c2f_adaptive_pd_calibrated,10,10,1.0,18,300,0.06,10,0,10,0.0,0.0,2618.135446729252,400.476106451458,1.0,8349.0,8349.0,0.0,11.67820004047826,"8,14,13,3,0,10,6,14,6,0",0:1-8;1:3-14;2:0-13;3:6-3;4:1-0;5:1-10;6:7-6;7:3-14;8:1-6;9:3-0
240,proposed_c2f_adaptive_pd,8,10,0.8,16,240,0.06666666666666667,10,0,10,0.0,0.0,2280.8966897054734,211.7049279564772,0.8,11583.0,11583.0,0.0,4.713199974503368,"13,1,9,6,8,4,10,5,0,0",0:0-13;1:14-1;2:0-9;3:1-6;4:0-8;5:2-4;6:3-10;7:3-5;8:11-0;9:1-0
240,proposed_c2f_adaptive_pd_calibrated,8,10,0.8,16,240,0.06666666666666667,10,0,10,0.0,0.0,2280.8966897054734,211.7049279564772,0.8,11583.0,11583.0,0.0,10.712600022088736,"13,1,9,6,8,4,10,5,0,0",0:0-13;1:14-1;2:0-9;3:1-6;4:0-8;5:2-4;6:3-10;7:3-5;8:11-0;9:1-0
241,proposed_c2f_adaptive_pd,10,10,1.0,20,300,0.06666666666666667,10,0,10,0.0,0.0,801.9277316902369,135.46833926274468,1.0,8965.0,8965.0,0.0,4.757199960295111,"1,9,3,11,9,11,0,5,0,7",0:2-1;1:1-9;2:1-3;3:0-11;4:5-9;5:5-11;6:2-0;7:0-5;8:5-0;9:1-7
241,proposed_c2f_adaptive_pd_calibrated,10,10,1.0,20,300,0.06666666666666667,10,0,10,0.0,0.0,801.9277316902369,135.46833926274468,1.0,8965.0,8965.0,0.0,12.042900023516268,"1,9,3,11,9,11,0,5,0,7",0:2-1;1:1-9;2:1-3;3:0-11;4:5-9;5:5-11;6:2-0;7:0-5;8:5-0;9:1-7
242,proposed_c2f_adaptive_pd,10,10,1.0,20,300,0.06666666666666667,22,2,20,1280.0,2.1333333333333333,3241.4258908076813,105.40320437520683,1.0,25968.0,25968.0,0.0,11.511500051710755,"1,7,10,8,14,11,14,1,7,14","0:0-1;1:0-7;2:1-10;3:6-8,2-8;4:1-14,10-14;5:4-11;6:1-14;7:0-1;8:0-7,8-7,7-8,3-7,13-7,6-7;9:1-14,2-14,14-1,8-14,6-14,9-14"
242,proposed_c2f_adaptive_pd_calibrated,10,10,1.0,21,300,0.07,22,2,20,1280.0,2.1333333333333333,3241.4258908076813,105.40320437520683,1.0,25968.0,25968.0,0.0,24.89259996218607,"1,7,10,8,14,11,14,1,7,14","0:0-1;1:0-7;2:1-10;3:6-8,2-8;4:1-14,10-14;5:4-11;6:1-14;7:0-1;8:0-7,8-7,7-8,3-7,13-7,6-7;9:1-14,2-14,14-1,8-14,6-14,9-14"
243,proposed_c2f_adaptive_pd,10,10,1.0,15,300,0.05,11,1,10,640.0,1.0666666666666667,23400.863280084202,692.0889365146527,1.0,10143.0,10143.0,0.0,4.988800035789609,"5,5,3,6,7,8,7,11,7,13","0:0-5;1:0-5;2:0-3;3:0-6;4:2-7;5:2-8;6:7-8,8-7;7:0-11;8:2-7;9:1-13"
243,proposed_c2f_adaptive_pd_calibrated,10,10,1.0,16,300,0.05333333333333334,11,1,10,640.0,1.0666666666666667,23400.863280084202,692.0889365146527,1.0,10143.0,10143.0,0.0,13.06940003996715,"5,5,3,6,7,8,7,11,7,13","0:0-5;1:0-5;2:0-3;3:0-6;4:2-7;5:2-8;6:7-8,8-7;7:0-11;8:2-7;9:1-13"
244,proposed_c2f_adaptive_pd,10,10,1.0,24,300,0.08,10,0,10,0.0,0.0,1817.4559924582995,444.0681782001366,1.0,12255.0,12255.0,0.0,6.0900000389665365,"11,14,6,11,3,3,7,0,7,0",0:4-11;1:0-14;2:1-6;3:8-11;4:4-3;5:0-3;6:0-7;7:1-0;8:3-7;9:1-0
244,proposed_c2f_adaptive_pd_calibrated,10,10,1.0,24,300,0.08,10,0,10,0.0,0.0,1817.4559924582995,444.0681782001366,1.0,12255.0,12255.0,0.0,9.655900008510798,"11,14,6,11,3,3,7,0,7,0",0:4-11;1:0-14;2:1-6;3:8-11;4:4-3;5:0-3;6:0-7;7:1-0;8:3-7;9:1-0
245,proposed_c2f_adaptive_pd,10,10,1.0,14,300,0.04666666666666667,20,4,16,2560.0,4.266666666666667,359452.9407826572,397.0496481219234,1.0,17872.0,17872.0,0.0,7.7340000425465405,"14,0,14,4,6,13,2,13,11,8","0:5-14,11-14,12-14,14-13,14-1,8-14;1:2-0;2:5-14;3:0-4;4:0-6;5:14-13;6:0-2;7:0-13;8:7-11,11-7,5-11,11-5,12-11,14-11;9:12-8"
245,proposed_c2f_adaptive_pd_calibrated,10,10,1.0,15,300,0.05,20,4,16,2560.0,4.266666666666667,359452.9407826572,397.0496481219234,1.0,17872.0,17872.0,0.0,23.726099985651672,"14,0,14,4,6,13,2,13,11,8","0:5-14,11-14,12-14,14-13,14-1,8-14;1:2-0;2:5-14;3:0-4;4:0-6;5:14-13;6:0-2;7:0-13;8:7-11,11-7,5-11,11-5,12-11,14-11;9:12-8"
246,proposed_c2f_adaptive_pd,9,10,0.9,14,300,0.04666666666666667,20,4,16,2560.0,4.266666666666667,1532.8991731679212,126.27349442866887,1.0,20669.0,20669.0,0.0,11.353000008966774,"14,8,1,4,13,3,9,4,13,12","0:2-14;1:0-8;2:3-1;3:12-4,4-12,7-4,9-4,5-4,4-9;4:1-13;5:10-3;6:9-2,2-9,9-6,6-9,14-9,4-9;7:8-4;8:1-13;9:5-12"
246,proposed_c2f_adaptive_pd_calibrated,9,10,0.9,14,300,0.04666666666666667,20,4,16,2560.0,4.266666666666667,1532.8991731679212,126.27349442866887,1.0,20669.0,20669.0,0.0,24.02860001893714,"14,8,1,4,13,3,9,4,13,12","0:2-14;1:0-8;2:3-1;3:12-4,4-12,7-4,9-4,5-4,4-9;4:1-13;5:10-3;6:9-2,2-9,9-6,6-9,14-9,4-9;7:8-4;8:1-13;9:5-12"
247,proposed_c2f_adaptive_pd,10,10,1.0,17,300,0.056666666666666664,10,0,10,0.0,0.0,1335.775322318777,355.2012074941847,1.0,13416.0,13416.0,0.0,4.466700018383563,"3,13,9,11,3,3,7,13,12,10",0:0-3;1:0-13;2:0-9;3:5-11;4:7-3;5:0-3;6:6-7;7:0-13;8:0-12;9:0-10
247,proposed_c2f_adaptive_pd_calibrated,10,10,1.0,17,300,0.056666666666666664,10,0,10,0.0,0.0,1335.775322318777,355.2012074941847,1.0,13416.0,13416.0,0.0,13.55230004992336,"3,13,9,11,3,3,7,13,12,10",0:0-3;1:0-13;2:0-9;3:5-11;4:7-3;5:0-3;6:6-7;7:0-13;8:0-12;9:0-10
248,proposed_c2f_adaptive_pd,10,10,1.0,14,300,0.04666666666666667,10,0,10,0.0,0.0,4688.853478881421,179.11910889845333,1.0,11583.0,11583.0,0.0,4.639199993107468,"4,11,13,11,8,1,10,4,12,4",0:9-4;1:0-11;2:2-13;3:0-11;4:5-8;5:6-1;6:0-10;7:12-4;8:0-12;9:10-4
248,proposed_c2f_adaptive_pd_calibrated,10,10,1.0,14,300,0.04666666666666667,10,0,10,0.0,0.0,4688.853478881421,179.11910889845333,1.0,11583.0,11583.0,0.0,10.577600041870028,"4,11,13,11,8,1,10,4,12,4",0:9-4;1:0-11;2:2-13;3:0-11;4:5-8;5:6-1;6:0-10;7:12-4;8:0-12;9:10-4
249,proposed_c2f_adaptive_pd,10,10,1.0,13,300,0.043333333333333335,10,0,10,0.0,0.0,3927.923048879786,206.81664047956306,1.0,10043.0,10043.0,0.0,5.136399995535612,"1,2,0,0,13,1,2,1,11,7",0:0-1;1:1-2;2:2-0;3:10-0;4:0-13;5:0-1;6:0-2;7:5-1;8:1-11;9:0-7
249,proposed_c2f_adaptive_pd_calibrated,10,10,1.0,13,300,0.043333333333333335,10,0,10,0.0,0.0,3927.923048879786,206.81664047956306,1.0,10043.0,10043.0,0.0,10.10610000230372,"1,2,0,0,13,1,2,1,11,7",0:0-1;1:1-2;2:2-0;3:10-0;4:0-13;5:0-1;6:0-2;7:5-1;8:1-11;9:0-7
250,proposed_c2f_adaptive_pd,9,10,0.9,9,270,0.03333333333333333,13,1,12,640.0,1.0666666666666667,969.5208793393049,357.8485684622494,0.9230769230769231,18216.0,18216.0,0.0,6.631600030232221,"3,7,12,1,0,3,6,7,9,9","0:6-3;1:0-7;2:2-12;3:3-1;4:2-0;5:9-3,0-3;6:1-6;7:9-7,7-9,6-7;8:7-9;9:7-9"
250,proposed_c2f_adaptive_pd_calibrated,9,10,0.9,9,270,0.03333333333333333,13,1,12,640.0,1.0666666666666667,969.5208793393049,357.8485684622494,0.9230769230769231,18216.0,18216.0,0.0,13.391999993473291,"3,7,12,1,0,3,6,7,9,9","0:6-3;1:0-7;2:2-12;3:3-1;4:2-0;5:9-3,0-3;6:1-6;7:9-7,7-9,6-7;8:7-9;9:7-9"
251,proposed_c2f_adaptive_pd,10,10,1.0,14,300,0.04666666666666667,14,2,12,1280.0,2.1333333333333333,901.7511338640901,192.70057904052294,1.0,17477.0,17477.0,0.0,8.144900028128177,"13,8,0,7,5,8,6,3,4,11","0:0-13;1:5-8,12-8;2:2-0;3:2-7;4:7-5;5:8-12,12-8,4-12,7-8;6:5-6;7:0-3;8:0-4;9:0-11"
251,proposed_c2f_adaptive_pd_calibrated,10,10,1.0,14,300,0.04666666666666667,14,2,12,1280.0,2.1333333333333333,901.7511338640901,192.70057904052294,1.0,17477.0,17477.0,0.0,17.773600004147738,"13,8,0,7,5,8,6,3,4,11","0:0-13;1:5-8,12-8;2:2-0;3:2-7;4:7-5;5:8-12,12-8,4-12,7-8;6:5-6;7:0-3;8:0-4;9:0-11"
252,proposed_c2f_adaptive_pd,10,10,1.0,19,300,0.06333333333333334,15,2,13,1280.0,2.1333333333333333,614.6146676833756,310.2589026520189,1.0,18301.0,18301.0,0.0,5.639200040604919,"12,10,13,14,13,10,12,4,2,3","0:2-12;1:1-10;2:4-13;3:3-14;4:4-13,13-4,14-13,13-14,12-13,7-13;5:0-10;6:1-12;7:13-4;8:0-2;9:10-3"
252,proposed_c2f_adaptive_pd_calibrated,10,10,1.0,19,300,0.06333333333333334,15,2,13,1280.0,2.1333333333333333,614.6146676833756,310.2589026520189,1.0,18301.0,18301.0,0.0,17.357999982777983,"12,10,13,14,13,10,12,4,2,3","0:2-12;1:1-10;2:4-13;3:3-14;4:4-13,13-4,14-13,13-14,12-13,7-13;5:0-10;6:1-12;7:13-4;8:0-2;9:10-3"
253,proposed_c2f_adaptive_pd,9,10,0.9,15,300,0.05,12,0,12,0.0,0.0,3075.4012208094678,162.98780498518946,1.0,13913.0,13913.0,0.0,5.232200026512146,"14,13,13,0,8,9,4,0,7,8","0:0-14;1:5-13;2:5-13;3:1-0;4:2-8;5:1-9,7-9,12-9;6:2-4;7:1-0;8:1-7;9:1-8"
253,proposed_c2f_adaptive_pd_calibrated,9,10,0.9,15,300,0.05,12,0,12,0.0,0.0,3075.4012208094678,162.98780498518946,1.0,13913.0,13913.0,0.0,13.320100028067827,"14,13,13,0,8,9,4,0,7,8","0:0-14;1:5-13;2:5-13;3:1-0;4:2-8;5:1-9,7-9,12-9;6:2-4;7:1-0;8:1-7;9:1-8"
254,proposed_c2f_adaptive_pd,9,10,0.9,19,300,0.06333333333333334,25,3,22,1920.0,3.2,479.12638763949536,149.49689708902622,1.0,24903.0,24903.0,0.0,13.15980002982542,"4,9,4,9,10,9,13,7,4,7","0:5-4;1:0-9;2:7-4,4-7,5-4,10-4,0-4,11-4;3:7-9;4:0-10;5:7-9,9-7,6-9,4-9,10-9,13-9;6:0-13;7:5-7;8:7-4,4-7,5-4,10-4,11-4,0-4;9:4-7"
254,proposed_c2f_adaptive_pd_calibrated,9,10,0.9,19,300,0.06333333333333334,25,3,22,1920.0,3.2,479.12638763949536,149.49689708902622,1.0,24903.0,24903.0,0.0,30.806499999016523,"4,9,4,9,10,9,13,7,4,7","0:5-4;1:0-9;2:7-4,4-7,5-4,10-4,0-4,11-4;3:7-9;4:0-10;5:7-9,9-7,6-9,4-9,10-9,13-9;6:0-13;7:5-7;8:7-4,4-7,5-4,10-4,11-4,0-4;9:4-7"
255,proposed_c2f_adaptive_pd,10,10,1.0,16,300,0.05333333333333334,11,0,11,0.0,0.0,38492.98710792418,410.0211116173151,1.0,10956.0,10956.0,0.0,5.515499971807003,"7,5,3,13,2,3,14,2,10,11","0:9-7,6-7;1:3-5;2:0-3;3:5-13;4:0-2;5:0-3;6:0-14;7:0-2;8:13-10;9:1-11"
255,proposed_c2f_adaptive_pd_calibrated,10,10,1.0,16,300,0.05333333333333334,11,0,11,0.0,0.0,38492.98710792418,410.0211116173151,1.0,10956.0,10956.0,0.0,12.798599957022816,"7,5,3,13,2,3,14,2,10,11","0:9-7,6-7;1:3-5;2:0-3;3:5-13;4:0-2;5:0-3;6:0-14;7:0-2;8:13-10;9:1-11"
256,proposed_c2f_adaptive_pd,9,10,0.9,18,300,0.06,11,0,11,0.0,0.0,40725.95329949291,426.1431711771065,1.0,12916.0,12916.0,0.0,4.171700042206794,"11,8,0,1,13,14,6,8,2,13","0:0-11;1:3-8;2:1-0;3:0-1;4:0-13;5:0-14;6:4-6;7:9-8,6-8;8:0-2;9:0-13"
256,proposed_c2f_adaptive_pd_calibrated,9,10,0.9,18,300,0.06,11,0,11,0.0,0.0,40725.95329949291,426.1431711771065,1.0,12916.0,12916.0,0.0,11.364500038325787,"11,8,0,1,13,14,6,8,2,13","0:0-11;1:3-8;2:1-0;3:0-1;4:0-13;5:0-14;6:4-6;7:9-8,6-8;8:0-2;9:0-13"
257,proposed_c2f_adaptive_pd,9,10,0.9,9,270,0.03333333333333333,10,0,10,0.0,0.0,13385.48265018677,323.88830710491936,0.9,11121.0,11121.0,0.0,5.562499980442226,"11,0,14,1,14,2,5,11,14,0",0:0-11;1:2-0;2:3-14;3:0-1;4:0-14;5:0-2;6:0-5;7:7-11;8:0-14;9:1-0
257,proposed_c2f_adaptive_pd_calibrated,9,10,0.9,10,270,0.037037037037037035,10,0,10,0.0,0.0,13385.48265018677,323.88830710491936,0.9,11121.0,11121.0,0.0,9.111000050324947,"11,0,14,1,14,2,5,11,14,0",0:0-11;1:2-0;2:3-14;3:0-1;4:0-14;5:0-2;6:0-5;7:7-11;8:0-14;9:1-0
258,proposed_c2f_adaptive_pd,10,10,1.0,21,300,0.07,15,1,14,640.0,1.0666666666666667,28622.33566807089,260.7236106716866,0.8,16779.0,16779.0,0.0,5.099200003314763,"6,6,13,5,6,13,4,8,13,13","0:0-6;1:9-6;2:0-13;3:1-5;4:1-6;5:14-13;6:0-4;7:0-8;8:14-13,13-14,1-13,7-13,5-13,8-13;9:0-13"
258,proposed_c2f_adaptive_pd_calibrated,10,10,1.0,21,300,0.07,15,1,14,640.0,1.0666666666666667,28622.33566807089,260.7236106716866,0.8,16779.0,16779.0,0.0,14.323499985039234,"6,6,13,5,6,13,4,8,13,13","0:0-6;1:9-6;2:0-13;3:1-5;4:1-6;5:14-13;6:0-4;7:0-8;8:14-13,13-14,1-13,7-13,5-13,8-13;9:0-13"
259,proposed_c2f_adaptive_pd,10,10,1.0,18,300,0.06,10,0,10,0.0,0.0,971.0473796220031,386.5967302621011,1.0,11429.0,11429.0,0.0,6.142099970020354,"4,8,14,9,10,11,11,7,14,13",0:6-4;1:0-8;2:0-14;3:0-9;4:4-10;5:0-11;6:0-11;7:3-7;8:0-14;9:0-13
259,proposed_c2f_adaptive_pd_calibrated,10,10,1.0,18,300,0.06,10,0,10,0.0,0.0,971.0473796220031,386.5967302621011,1.0,11429.0,11429.0,0.0,9.669799997936934,"4,8,14,9,10,11,11,7,14,13",0:6-4;1:0-8;2:0-14;3:0-9;4:4-10;5:0-11;6:0-11;7:3-7;8:0-14;9:0-13
260,proposed_c2f_adaptive_pd,10,10,1.0,15,300,0.05,12,0,12,0.0,0.0,2224.420753674783,66.77852032932086,1.0,10768.0,10768.0,0.0,6.012499972712249,"12,6,2,6,8,7,8,6,12,11","0:1-12;1:12-6;2:7-2;3:1-6,12-6;4:12-8;5:2-7;6:12-8;7:12-6,8-6;8:6-12;9:0-11"
260,proposed_c2f_adaptive_pd_calibrated,10,10,1.0,15,300,0.05,12,0,12,0.0,0.0,2224.420753674783,66.77852032932086,1.0,10768.0,10768.0,0.0,11.500000022351742,"12,6,2,6,8,7,8,6,12,11","0:1-12;1:12-6;2:7-2;3:1-6,12-6;4:12-8;5:2-7;6:12-8;7:12-6,8-6;8:6-12;9:0-11"
261,proposed_c2f_adaptive_pd,10,10,1.0,12,300,0.04,18,3,15,1920.0,3.2,203.40784772246585,155.5762363339617,1.0,25568.0,25568.0,0.0,7.421699992846698,"11,11,3,8,8,3,8,8,10,3","0:13-11;1:13-11,11-13,0-11,6-11;2:4-3,3-4,10-3,3-10,12-3,1-3;3:1-8;4:3-8;5:10-3;6:11-8;7:0-8;8:1-10;9:4-3"
261,proposed_c2f_adaptive_pd_calibrated,10,10,1.0,12,300,0.04,18,3,15,1920.0,3.2,203.40784772246585,155.5762363339617,1.0,25568.0,25568.0,0.0,19.79150000261143,"11,11,3,8,8,3,8,8,10,3","0:13-11;1:13-11,11-13,0-11,6-11;2:4-3,3-4,10-3,3-10,12-3,1-3;3:1-8;4:3-8;5:10-3;6:11-8;7:0-8;8:1-10;9:4-3"
262,proposed_c2f_adaptive_pd,10,10,1.0,10,300,0.03333333333333333,10,0,10,0.0,0.0,244.4401141365609,184.74265800478457,1.0,11254.0,11254.0,0.0,6.254200008697808,"6,2,4,4,4,5,14,4,8,3",0:4-6;1:3-2;2:1-4;3:1-4;4:2-4;5:2-5;6:0-14;7:6-4;8:1-8;9:1-3
262,proposed_c2f_adaptive_pd_calibrated,10,10,1.0,10,300,0.03333333333333333,10,0,10,0.0,0.0,244.4401141365609,184.74265800478457,1.0,11254.0,11254.0,0.0,9.423600044101477,"6,2,4,4,4,5,14,4,8,3",0:4-6;1:3-2;2:1-4;3:1-4;4:2-4;5:2-5;6:0-14;7:6-4;8:1-8;9:1-3
263,proposed_c2f_adaptive_pd,8,10,0.8,12,240,0.05,10,0,10,0.0,0.0,1117.7292850697957,179.12213302790818,0.8,11429.0,11429.0,0.0,4.336200014222413,"3,7,10,3,10,2,1,5,5,13",0:6-3;1:0-7;2:0-10;3:0-3;4:0-10;5:0-2;6:0-1;7:1-5;8:1-5;9:3-13
263,proposed_c2f_adaptive_pd_calibrated,8,10,0.8,13,240,0.05416666666666667,10,0,10,0.0,0.0,1117.7292850697957,179.12213302790818,0.8,11429.0,11429.0,0.0,8.595300023443997,"3,7,10,3,10,2,1,5,5,13",0:6-3;1:0-7;2:0-10;3:0-3;4:0-10;5:0-2;6:0-1;7:1-5;8:1-5;9:3-13
264,proposed_c2f_adaptive_pd,10,10,1.0,15,300,0.05,11,0,11,0.0,0.0,1495.7891502329028,626.4290438731166,1.0,12394.0,12394.0,0.0,4.1662000003270805,"4,1,2,10,3,7,7,7,9,4","0:0-4;1:0-1;2:0-2;3:4-10;4:2-3;5:3-7,9-7;6:3-7;7:3-7;8:5-9;9:0-4"
264,proposed_c2f_adaptive_pd_calibrated,10,10,1.0,15,300,0.05,11,0,11,0.0,0.0,1495.7891502329028,626.4290438731166,1.0,12394.0,12394.0,0.0,10.634700010996312,"4,1,2,10,3,7,7,7,9,4","0:0-4;1:0-1;2:0-2;3:4-10;4:2-3;5:3-7,9-7;6:3-7;7:3-7;8:5-9;9:0-4"
265,proposed_c2f_adaptive_pd,10,10,1.0,15,300,0.05,11,0,11,0.0,0.0,40057.115406420126,253.1034088972828,1.0,13671.0,13671.0,0.0,6.481299991719425,"8,5,0,14,5,6,2,0,0,0","0:12-8;1:1-5;2:9-0,4-0;3:1-14;4:1-5;5:3-6;6:0-2;7:1-0;8:2-0;9:1-0"
265,proposed_c2f_adaptive_pd_calibrated,10,10,1.0,15,300,0.05,11,0,11,0.0,0.0,40057.115406420126,253.1034088972828,1.0,13671.0,13671.0,0.0,13.170099991839379,"8,5,0,14,5,6,2,0,0,0","0:12-8;1:1-5;2:9-0,4-0;3:1-14;4:1-5;5:3-6;6:0-2;7:1-0;8:2-0;9:1-0"
266,proposed_c2f_adaptive_pd,10,10,1.0,9,300,0.03,10,0,10,0.0,0.0,1745.4892526699864,882.062004840606,1.0,10813.0,10813.0,0.0,6.301400018855929,"7,7,10,11,4,8,1,5,8,10",0:2-7;1:0-7;2:5-10;3:0-11;4:0-4;5:7-8;6:0-1;7:0-5;8:7-8;9:5-10
266,proposed_c2f_adaptive_pd_calibrated,10,10,1.0,9,300,0.03,10,0,10,0.0,0.0,1745.4892526699864,882.062004840606,1.0,10813.0,10813.0,0.0,12.406499998178333,"7,7,10,11,4,8,1,5,8,10",0:2-7;1:0-7;2:5-10;3:0-11;4:0-4;5:7-8;6:0-1;7:0-5;8:7-8;9:5-10
267,proposed_c2f_adaptive_pd,10,10,1.0,15,300,0.05,15,3,12,1920.0,3.2,89.72490671361365,88.52043077713782,1.0,8277.0,8277.0,0.0,8.4334000130184,"12,0,2,11,4,11,2,0,12,11","0:0-12;1:1-0;2:6-2;3:2-11;4:1-4;5:1-11;6:1-2;7:1-0;8:1-12;9:9-11,2-11,11-9,4-11,11-4,11-2"
267,proposed_c2f_adaptive_pd_calibrated,10,10,1.0,16,300,0.05333333333333334,15,3,12,1920.0,3.2,89.72490671361365,88.52043077713782,1.0,8277.0,8277.0,0.0,16.36129996040836,"12,0,2,11,4,11,2,0,12,11","0:0-12;1:1-0;2:6-2;3:2-11;4:1-4;5:1-11;6:1-2;7:1-0;8:1-12;9:9-11,2-11,11-9,4-11,11-4,11-2"
268,proposed_c2f_adaptive_pd,10,10,1.0,24,300,0.08,10,0,10,0.0,0.0,544.3315724437465,147.31578701631113,1.0,11121.0,11121.0,0.0,5.6794999982230365,"3,5,6,1,9,2,2,8,8,7",0:7-3;1:3-5;2:0-6;3:3-1;4:0-9;5:0-2;6:0-2;7:1-8;8:1-8;9:0-7
268,proposed_c2f_adaptive_pd_calibrated,10,10,1.0,24,300,0.08,10,0,10,0.0,0.0,544.3315724437465,147.31578701631113,1.0,11121.0,11121.0,0.0,11.932099994737655,"3,5,6,1,9,2,2,8,8,7",0:7-3;1:3-5;2:0-6;3:3-1;4:0-9;5:0-2;6:0-2;7:1-8;8:1-8;9:0-7
269,proposed_c2f_adaptive_pd,8,10,0.8,15,300,0.05,20,2,18,1280.0,2.1333333333333333,67053.57185924906,30.27339712444782,1.0,14998.0,14998.0,0.0,11.19360001757741,"6,12,14,8,2,14,8,8,7,0","0:1-6;1:0-12;2:0-14;3:11-8,3-8,12-8,2-8,5-8,8-3;4:12-2;5:7-14;6:3-8,11-8,12-8,2-8,5-8,8-3;7:3-8;8:0-7;9:1-0"
269,proposed_c2f_adaptive_pd_calibrated,8,10,0.8,15,300,0.05,20,2,18,1280.0,2.1333333333333333,67053.57185924906,30.27339712444782,1.0,14998.0,14998.0,0.0,23.83620000910014,"6,12,14,8,2,14,8,8,7,0","0:1-6;1:0-12;2:0-14;3:11-8,3-8,12-8,2-8,5-8,8-3;4:12-2;5:7-14;6:3-8,11-8,12-8,2-8,5-8,8-3;7:3-8;8:0-7;9:1-0"
270,proposed_c2f_adaptive_pd,10,10,1.0,6,300,0.02,10,0,10,0.0,0.0,4270.828205152816,451.98052444856256,1.0,8041.0,8041.0,0.0,4.485999990720302,"11,5,3,11,5,2,2,14,2,4",0:0-11;1:4-5;2:2-3;3:2-11;4:2-5;5:0-2;6:3-2;7:2-14;8:0-2;9:1-4
270,proposed_c2f_adaptive_pd_calibrated,10,10,1.0,6,300,0.02,10,0,10,0.0,0.0,4270.828205152816,451.98052444856256,1.0,8041.0,8041.0,0.0,10.744999977760017,"11,5,3,11,5,2,2,14,2,4",0:0-11;1:4-5;2:2-3;3:2-11;4:2-5;5:0-2;6:3-2;7:2-14;8:0-2;9:1-4
271,proposed_c2f_adaptive_pd,9,10,0.9,17,300,0.056666666666666664,10,0,10,0.0,0.0,775.8209429693062,287.08370790531467,1.0,11121.0,11121.0,0.0,3.421700035687536,"13,3,13,1,11,1,3,0,12,9",0:0-13;1:1-3;2:4-13;3:4-1;4:5-11;5:3-1;6:1-3;7:2-0;8:1-12;9:5-9
271,proposed_c2f_adaptive_pd_calibrated,9,10,0.9,17,300,0.056666666666666664,10,0,10,0.0,0.0,775.8209429693062,287.08370790531467,1.0,11121.0,11121.0,0.0,12.306699994951487,"13,3,13,1,11,1,3,0,12,9",0:0-13;1:1-3;2:4-13;3:4-1;4:5-11;5:3-1;6:1-3;7:2-0;8:1-12;9:5-9
272,proposed_c2f_adaptive_pd,10,10,1.0,18,300,0.06,10,0,10,0.0,0.0,21103.02869571912,536.1587539569359,1.0,10239.0,10239.0,0.0,5.746299983002245,"9,14,5,13,14,14,6,6,1,7",0:0-9;1:5-14;2:0-5;3:0-13;4:5-14;5:5-14;6:1-6;7:1-6;8:12-1;9:0-7
272,proposed_c2f_adaptive_pd_calibrated,10,10,1.0,18,300,0.06,10,0,10,0.0,0.0,21103.02869571912,536.1587539569359,1.0,10239.0,10239.0,0.0,11.06759998947382,"9,14,5,13,14,14,6,6,1,7",0:0-9;1:5-14;2:0-5;3:0-13;4:5-14;5:5-14;6:1-6;7:1-6;8:12-1;9:0-7
273,proposed_c2f_adaptive_pd,10,10,1.0,15,300,0.05,10,0,10,0.0,0.0,1358.1753410863685,284.4493290936936,1.0,13438.0,13438.0,0.0,3.668000048492104,"8,14,3,13,3,1,10,9,14,1",0:0-8;1:1-14;2:7-3;3:2-13;4:7-3;5:3-1;6:0-10;7:5-9;8:0-14;9:0-1
273,proposed_c2f_adaptive_pd_calibrated,10,10,1.0,15,300,0.05,10,0,10,0.0,0.0,1358.1753410863685,284.4493290936936,1.0,13438.0,13438.0,0.0,11.602599988691509,"8,14,3,13,3,1,10,9,14,1",0:0-8;1:1-14;2:7-3;3:2-13;4:7-3;5:3-1;6:0-10;7:5-9;8:0-14;9:0-1
274,proposed_c2f_adaptive_pd,10,10,1.0,22,300,0.07333333333333333,19,3,16,1920.0,3.2,2002.9149550254788,39.34682670731149,1.0,22757.0,22757.0,0.0,10.5061000213027,"6,6,6,6,13,5,0,6,8,13","0:0-6;1:9-6;2:0-6,6-0,6-8,8-6,9-0,9-6;3:0-6;4:1-13;5:1-5;6:1-0;7:0-6,8-6,9-6,10-6,7-6;8:0-8;9:0-13"
274,proposed_c2f_adaptive_pd_calibrated,10,10,1.0,22,300,0.07333333333333333,19,3,16,1920.0,3.2,2002.9149550254788,39.34682670731149,1.0,22757.0,22757.0,0.0,21.515200030989945,"6,6,6,6,13,5,0,6,8,13","0:0-6;1:9-6;2:0-6,6-0,6-8,8-6,9-0,9-6;3:0-6;4:1-13;5:1-5;6:1-0;7:0-6,8-6,9-6,10-6,7-6;8:0-8;9:0-13"
275,proposed_c2f_adaptive_pd,10,10,1.0,13,300,0.043333333333333335,10,0,10,0.0,0.0,380.9273349198948,163.78856641055157,1.0,11891.0,11891.0,0.0,5.918400012888014,"10,2,12,1,1,13,7,7,7,9",0:1-10;1:0-2;2:1-12;3:2-1;4:2-1;5:1-13;6:1-7;7:1-7;8:1-7;9:0-9
275,proposed_c2f_adaptive_pd_calibrated,10,10,1.0,13,300,0.043333333333333335,10,0,10,0.0,0.0,380.9273349198948,163.78856641055157,1.0,11891.0,11891.0,0.0,11.580599995795637,"10,2,12,1,1,13,7,7,7,9",0:1-10;1:0-2;2:1-12;3:2-1;4:2-1;5:1-13;6:1-7;7:1-7;8:1-7;9:0-9
276,proposed_c2f_adaptive_pd,10,10,1.0,10,300,0.03333333333333333,10,0,10,0.0,0.0,3554.742000042484,178.96610625713063,1.0,7887.0,7887.0,0.0,4.487700003664941,"10,5,8,9,10,6,14,13,9,10",0:0-10;1:2-5;2:0-8;3:2-9;4:0-10;5:0-6;6:0-14;7:12-13;8:3-9;9:0-10
276,proposed_c2f_adaptive_pd_calibrated,10,10,1.0,11,300,0.03666666666666667,10,0,10,0.0,0.0,3554.742000042484,178.96610625713063,1.0,7887.0,7887.0,0.0,9.668499988038093,"10,5,8,9,10,6,14,13,9,10",0:0-10;1:2-5;2:0-8;3:2-9;4:0-10;5:0-6;6:0-14;7:12-13;8:3-9;9:0-10
277,proposed_c2f_adaptive_pd,10,10,1.0,16,300,0.05333333333333334,10,0,10,0.0,0.0,16996.495524452428,1180.7878559245275,1.0,8503.0,8503.0,0.0,6.257100030779839,"5,10,2,6,0,8,11,0,5,9",0:2-5;1:2-10;2:0-2;3:4-6;4:2-0;5:3-8;6:1-11;7:2-0;8:2-5;9:0-9
277,proposed_c2f_adaptive_pd_calibrated,10,10,1.0,17,300,0.056666666666666664,10,0,10,0.0,0.0,16996.495524452428,1180.7878559245275,1.0,8503.0,8503.0,0.0,13.74929997837171,"5,10,2,6,0,8,11,0,5,9",0:2-5;1:2-10;2:0-2;3:4-6;4:2-0;5:3-8;6:1-11;7:2-0;8:2-5;9:0-9
278,proposed_c2f_adaptive_pd,9,10,0.9,9,300,0.03,10,0,10,0.0,0.0,21985.669616986295,254.20297657789797,1.0,10813.0,10813.0,0.0,5.361299961805344,"12,9,10,14,10,10,7,9,6,7",0:5-12;1:0-9;2:0-10;3:0-14;4:0-10;5:0-10;6:0-7;7:7-9;8:9-6;9:0-7
278,proposed_c2f_adaptive_pd_calibrated,9,10,0.9,9,300,0.03,10,0,10,0.0,0.0,21985.669616986295,254.20297657789797,1.0,10813.0,10813.0,0.0,13.130199979059398,"12,9,10,14,10,10,7,9,6,7",0:5-12;1:0-9;2:0-10;3:0-14;4:0-10;5:0-10;6:0-7;7:7-9;8:9-6;9:0-7
279,proposed_c2f_adaptive_pd,10,10,1.0,16,300,0.05333333333333334,11,0,11,0.0,0.0,4492.7337242740305,308.9732906517166,1.0,13462.0,13462.0,0.0,6.700300029478967,"12,5,12,8,6,14,3,0,0,5","0:1-12;1:4-5;2:1-12;3:1-8;4:0-6;5:4-14;6:0-3;7:2-0;8:4-0;9:4-5,6-5"
279,proposed_c2f_adaptive_pd_calibrated,10,10,1.0,16,300,0.05333333333333334,11,0,11,0.0,0.0,4492.7337242740305,308.9732906517166,1.0,13462.0,13462.0,0.0,12.578600028064102,"12,5,12,8,6,14,3,0,0,5","0:1-12;1:4-5;2:1-12;3:1-8;4:0-6;5:4-14;6:0-3;7:2-0;8:4-0;9:4-5,6-5"
280,proposed_c2f_adaptive_pd,10,10,1.0,15,300,0.05,10,0,10,0.0,0.0,532.1478023887706,119.86789603793497,1.0,14637.0,14637.0,0.0,6.986699998378754,"2,10,9,6,7,6,10,3,9,0",0:4-2;1:7-10;2:0-9;3:0-6;4:0-7;5:1-6;6:4-10;7:0-3;8:0-9;9:3-0
280,proposed_c2f_adaptive_pd_calibrated,10,10,1.0,15,300,0.05,10,0,10,0.0,0.0,532.1478023887706,119.86789603793497,1.0,14637.0,14637.0,0.0,13.225700007751584,"2,10,9,6,7,6,10,3,9,0",0:4-2;1:7-10;2:0-9;3:0-6;4:0-7;5:1-6;6:4-10;7:0-3;8:0-9;9:3-0
281,proposed_c2f_adaptive_pd,10,10,1.0,9,300,0.03,12,0,12,0.0,0.0,1167.270690324972,72.42867786063528,1.0,12384.0,12384.0,0.0,4.402399994432926,"1,13,0,5,3,0,0,9,13,14","0:7-1;1:1-13;2:10-0,13-0;3:1-5;4:1-3;5:2-0,10-0;6:1-0;7:4-9;8:0-13;9:1-14"
281,proposed_c2f_adaptive_pd_calibrated,10,10,1.0,9,300,0.03,12,0,12,0.0,0.0,1167.270690324972,72.42867786063528,1.0,12384.0,12384.0,0.0,14.429699978791177,"1,13,0,5,3,0,0,9,13,14","0:7-1;1:1-13;2:10-0,13-0;3:1-5;4:1-3;5:2-0,10-0;6:1-0;7:4-9;8:0-13;9:1-14"
282,proposed_c2f_adaptive_pd,10,10,1.0,16,300,0.05333333333333334,10,0,10,0.0,0.0,779.7491278247813,379.1344495375166,1.0,9427.0,9427.0,0.0,6.172700028400868,"8,3,6,13,3,10,9,3,1,3",0:0-8;1:2-3;2:0-6;3:2-13;4:0-3;5:0-10;6:1-9;7:0-3;8:0-1;9:1-3
282,proposed_c2f_adaptive_pd_calibrated,10,10,1.0,16,300,0.05333333333333334,10,0,10,0.0,0.0,779.7491278247813,379.1344495375166,1.0,9427.0,9427.0,0.0,12.385800015181303,"8,3,6,13,3,10,9,3,1,3",0:0-8;1:2-3;2:0-6;3:2-13;4:0-3;5:0-10;6:1-9;7:0-3;8:0-1;9:1-3
283,proposed_c2f_adaptive_pd,10,10,1.0,15,300,0.05,14,2,12,1280.0,2.1333333333333333,9608.133863588264,217.8967593726296,1.0,13379.0,13379.0,0.0,7.722700014710426,"1,1,10,1,12,1,11,0,13,14","0:2-1;1:2-1;2:3-10;3:9-1;4:12-3,3-12,11-12,12-11,10-12;5:2-1;6:0-11;7:7-0;8:1-13;9:8-14"
283,proposed_c2f_adaptive_pd_calibrated,10,10,1.0,16,300,0.05333333333333334,14,2,12,1280.0,2.1333333333333333,9608.133863588264,217.8967593726296,1.0,13379.0,13379.0,0.0,18.58370000263676,"1,1,10,1,12,1,11,0,13,14","0:2-1;1:2-1;2:3-10;3:9-1;4:12-3,3-12,11-12,12-11,10-12;5:2-1;6:0-11;7:7-0;8:1-13;9:8-14"
284,proposed_c2f_adaptive_pd,9,10,0.9,10,300,0.03333333333333333,27,3,24,1920.0,3.2,253.80142298967866,41.62846212714311,1.0,26655.0,26655.0,0.0,13.699800008907914,"7,0,5,5,5,0,3,0,5,13","0:1-7,0-7,7-1,14-7,7-13,13-7;1:7-0,8-0,0-8,1-0,14-0,13-0;2:1-5;3:1-5;4:2-5;5:8-0,7-0,10-0;6:1-3;7:7-0,1-0,8-0,14-0,13-0,10-0;8:8-5;9:1-13"
284,proposed_c2f_adaptive_pd_calibrated,9,10,0.9,10,300,0.03333333333333333,27,3,24,1920.0,3.2,253.80142298967866,41.62846212714311,1.0,26655.0,26655.0,0.0,26.97579999221489,"7,0,5,5,5,0,3,0,5,13","0:1-7,0-7,7-1,14-7,7-13,13-7;1:7-0,8-0,0-8,1-0,14-0,13-0;2:1-5;3:1-5;4:2-5;5:8-0,7-0,10-0;6:1-3;7:7-0,1-0,8-0,14-0,13-0,10-0;8:8-5;9:1-13"
285,proposed_c2f_adaptive_pd,10,10,1.0,14,300,0.04666666666666667,14,1,13,640.0,1.0666666666666667,35727.58427030464,198.647285856163,1.0,11839.0,11839.0,0.0,8.251800027210265,"13,5,2,14,13,14,0,3,9,1","0:4-13;1:14-5;2:1-2;3:2-14;4:4-13,13-4,0-13,7-13,9-13;5:3-14;6:4-0;7:7-3;8:12-9;9:2-1"
285,proposed_c2f_adaptive_pd_calibrated,10,10,1.0,14,300,0.04666666666666667,14,1,13,640.0,1.0666666666666667,35727.58427030464,198.647285856163,1.0,11839.0,11839.0,0.0,15.148299979045987,"13,5,2,14,13,14,0,3,9,1","0:4-13;1:14-5;2:1-2;3:2-14;4:4-13,13-4,0-13,7-13,9-13;5:3-14;6:4-0;7:7-3;8:12-9;9:2-1"
286,proposed_c2f_adaptive_pd,10,10,1.0,17,300,0.056666666666666664,10,0,10,0.0,0.0,2097.4179090059515,365.5074378461625,1.0,9427.0,9427.0,0.0,3.420200024265796,"10,11,13,13,5,8,12,5,10,2",0:2-10;1:1-11;2:1-13;3:1-13;4:0-5;5:2-8;6:2-12;7:4-5;8:0-10;9:8-2
286,proposed_c2f_adaptive_pd_calibrated,10,10,1.0,17,300,0.056666666666666664,10,0,10,0.0,0.0,2097.4179090059515,365.5074378461625,1.0,9427.0,9427.0,0.0,9.659800038207322,"10,11,13,13,5,8,12,5,10,2",0:2-10;1:1-11;2:1-13;3:1-13;4:0-5;5:2-8;6:2-12;7:4-5;8:0-10;9:8-2
287,proposed_c2f_adaptive_pd,10,10,1.0,20,300,0.06666666666666667,11,1,10,640.0,1.0666666666666667,671.6895966386331,113.96811485529102,1.0,14607.0,14607.0,0.0,6.8512000143527985,"10,12,4,6,1,2,13,7,7,7","0:0-10;1:3-12;2:0-4;3:0-6;4:2-1;5:0-2;6:4-13;7:6-7;8:0-7;9:7-11,11-7"
287,proposed_c2f_adaptive_pd_calibrated,10,10,1.0,20,300,0.06666666666666667,11,1,10,640.0,1.0666666666666667,671.6895966386331,113.96811485529102,1.0,14607.0,14607.0,0.0,15.423299977555871,"10,12,4,6,1,2,13,7,7,7","0:0-10;1:3-12;2:0-4;3:0-6;4:2-1;5:0-2;6:4-13;7:6-7;8:0-7;9:7-11,11-7"
288,proposed_c2f_adaptive_pd,10,10,1.0,14,300,0.04666666666666667,10,0,10,0.0,0.0,754.0137430000616,527.5296716477852,1.0,11275.0,11275.0,0.0,5.734299949835986,"14,3,12,1,4,12,2,14,9,1",0:0-14;1:0-3;2:0-12;3:5-1;4:0-4;5:1-12;6:0-2;7:2-14;8:1-9;9:11-1
288,proposed_c2f_adaptive_pd_calibrated,10,10,1.0,14,300,0.04666666666666667,10,0,10,0.0,0.0,754.0137430000616,527.5296716477852,1.0,11275.0,11275.0,0.0,12.25440000416711,"14,3,12,1,4,12,2,14,9,1",0:0-14;1:0-3;2:0-12;3:5-1;4:0-4;5:1-12;6:0-2;7:2-14;8:1-9;9:11-1
289,proposed_c2f_adaptive_pd,10,10,1.0,14,300,0.04666666666666667,11,0,11,0.0,0.0,1653.1133840270697,50.59608132642054,1.0,10179.0,10179.0,0.0,4.227900004480034,"7,13,9,10,7,2,7,6,10,8","0:5-7,13-7;1:9-13;2:2-9;3:1-10;4:0-7;5:3-2;6:0-7;7:0-6;8:0-10;9:1-8"
289,proposed_c2f_adaptive_pd_calibrated,10,10,1.0,14,300,0.04666666666666667,11,0,11,0.0,0.0,1653.1133840270697,50.59608132642054,1.0,10179.0,10179.0,0.0,9.936300048138946,"7,13,9,10,7,2,7,6,10,8","0:5-7,13-7;1:9-13;2:2-9;3:1-10;4:0-7;5:3-2;6:0-7;7:0-6;8:0-10;9:1-8"
290,proposed_c2f_adaptive_pd,10,10,1.0,18,300,0.06,11,0,11,0.0,0.0,590.2970071873386,536.9963241751843,1.0,12132.0,12132.0,0.0,6.752899964340031,"2,4,5,11,2,12,12,11,4,11","0:6-2,0-2;1:1-4;2:0-5;3:0-11;4:7-2;5:1-12;6:1-12;7:0-11;8:1-4;9:0-11"
290,proposed_c2f_adaptive_pd_calibrated,10,10,1.0,18,300,0.06,11,0,11,0.0,0.0,590.2970071873386,536.9963241751843,1.0,12132.0,12132.0,0.0,11.085499951150268,"2,4,5,11,2,12,12,11,4,11","0:6-2,0-2;1:1-4;2:0-5;3:0-11;4:7-2;5:1-12;6:1-12;7:0-11;8:1-4;9:0-11"
291,proposed_c2f_adaptive_pd,10,10,1.0,18,300,0.06,10,0,10,0.0,0.0,448.6421303135,241.1186795913225,1.0,8503.0,8503.0,0.0,5.970700003672391,"12,4,14,13,6,2,8,8,6,8",0:0-12;1:2-4;2:0-14;3:9-13;4:0-6;5:0-2;6:0-8;7:0-8;8:0-6;9:0-8
291,proposed_c2f_adaptive_pd_calibrated,10,10,1.0,18,300,0.06,10,0,10,0.0,0.0,448.6421303135,241.1186795913225,1.0,8503.0,8503.0,0.0,14.157099998556077,"12,4,14,13,6,2,8,8,6,8",0:0-12;1:2-4;2:0-14;3:9-13;4:0-6;5:0-2;6:0-8;7:0-8;8:0-6;9:0-8
292,proposed_c2f_adaptive_pd,10,10,1.0,10,300,0.03333333333333333,10,1,9,640.0,1.0666666666666667,7195.568868656608,733.4977900308695,1.0,13780.0,13780.0,0.0,3.653799998573959,"0,4,10,7,0,5,1,9,8,14",0:1-0;1:10-4;2:10-14;3:3-7;4:1-0;5:0-5;6:0-1;7:0-9;8:12-8;9:1-14
292,proposed_c2f_adaptive_pd_calibrated,10,10,1.0,10,300,0.03333333333333333,10,1,9,640.0,1.0666666666666667,7195.568868656608,733.4977900308695,1.0,13780.0,13780.0,0.0,13.339600001927465,"0,4,10,7,0,5,1,9,8,14",0:1-0;1:10-4;2:10-14;3:3-7;4:1-0;5:0-5;6:0-1;7:0-9;8:12-8;9:1-14
293,proposed_c2f_adaptive_pd,10,10,1.0,16,300,0.05333333333333334,20,5,15,3200.0,5.333333333333334,7701.484865938584,186.90929672408544,1.0,16476.0,16476.0,0.0,7.392500003334135,"9,5,14,12,14,14,9,9,9,6","0:1-9;1:0-5;2:4-14;3:0-12;4:1-14;5:7-14,14-7,13-14,14-13,4-14,14-4;6:3-9;7:3-9;8:3-9,9-3,9-1,11-9,5-9,8-9;9:0-6"
293,proposed_c2f_adaptive_pd_calibrated,10,10,1.0,16,300,0.05333333333333334,20,5,15,3200.0,5.333333333333334,7701.484865938584,186.90929672408544,1.0,16476.0,16476.0,0.0,23.76220002770424,"9,5,14,12,14,14,9,9,9,6","0:1-9;1:0-5;2:4-14;3:0-12;4:1-14;5:7-14,14-7,13-14,14-13,4-14,14-4;6:3-9;7:3-9;8:3-9,9-3,9-1,11-9,5-9,8-9;9:0-6"
294,proposed_c2f_adaptive_pd,10,10,1.0,14,300,0.04666666666666667,15,4,11,2560.0,4.266666666666667,1232.6327502970662,295.74116384031254,1.0,10951.0,10951.0,0.0,7.819500053301454,"5,5,10,14,3,6,8,3,1,3","0:7-5;1:0-5;2:4-10;3:0-14;4:12-3,14-3,3-14,3-12,3-6,12-14;5:0-6;6:0-8;7:12-3;8:2-1;9:14-3"
294,proposed_c2f_adaptive_pd_calibrated,10,10,1.0,14,300,0.04666666666666667,15,4,11,2560.0,4.266666666666667,1232.6327502970662,295.74116384031254,1.0,10951.0,10951.0,0.0,14.495200011879206,"5,5,10,14,3,6,8,3,1,3","0:7-5;1:0-5;2:4-10;3:0-14;4:12-3,14-3,3-14,3-12,3-6,12-14;5:0-6;6:0-8;7:12-3;8:2-1;9:14-3"
295,proposed_c2f_adaptive_pd,10,10,1.0,16,300,0.05333333333333334,10,0,10,0.0,0.0,587.7277935614745,280.66579210973407,1.0,11618.0,11618.0,0.0,3.464899957180023,"10,14,14,0,4,12,13,4,9,1",0:4-10;1:1-14;2:11-14;3:10-0;4:5-4;5:5-12;6:1-13;7:8-4;8:1-9;9:0-1
295,proposed_c2f_adaptive_pd_calibrated,10,10,1.0,16,300,0.05333333333333334,10,0,10,0.0,0.0,587.7277935614745,280.66579210973407,1.0,11618.0,11618.0,0.0,12.467499997001141,"10,14,14,0,4,12,13,4,9,1",0:4-10;1:1-14;2:11-14;3:10-0;4:5-4;5:5-12;6:1-13;7:8-4;8:1-9;9:0-1
296,proposed_c2f_adaptive_pd,8,10,0.8,12,270,0.044444444444444446,19,3,16,1920.0,3.2,192.4249966102975,63.516001286521714,0.9473684210526315,18476.0,18476.0,0.0,7.737200008705258,"11,3,4,10,11,11,3,10,6,5","0:8-11,11-12,12-11,8-12,10-11,13-11;1:7-3;2:1-4;3:0-10;4:4-11;5:11-12,12-11,8-11,14-11,5-11;6:7-3;7:0-10;8:5-6;9:11-5"
296,proposed_c2f_adaptive_pd_calibrated,8,10,0.8,12,270,0.044444444444444446,19,3,16,1920.0,3.2,192.4249966102975,63.516001286521714,0.9473684210526315,18476.0,18476.0,0.0,21.630199975334108,"11,3,4,10,11,11,3,10,6,5","0:8-11,11-12,12-11,8-12,10-11,13-11;1:7-3;2:1-4;3:0-10;4:4-11;5:11-12,12-11,8-11,14-11,5-11;6:7-3;7:0-10;8:5-6;9:11-5"
297,proposed_c2f_adaptive_pd,9,10,0.9,17,300,0.056666666666666664,18,3,15,1920.0,3.2,2270.4795766272996,53.674465481376004,1.0,22026.0,22026.0,0.0,9.381400013808161,"4,12,1,6,5,12,4,3,12,7","0:0-4;1:0-12;2:0-1;3:5-6;4:2-5;5:0-12,1-12,13-12,12-0,12-1,3-12;6:0-4;7:3-12,0-3,12-3;8:0-12,3-12;9:8-7"
297,proposed_c2f_adaptive_pd_calibrated,9,10,0.9,17,300,0.056666666666666664,18,3,15,1920.0,3.2,2270.4795766272996,53.674465481376004,1.0,22026.0,22026.0,0.0,20.82269999664277,"4,12,1,6,5,12,4,3,12,7","0:0-4;1:0-12;2:0-1;3:5-6;4:2-5;5:0-12,1-12,13-12,12-0,12-1,3-12;6:0-4;7:3-12,0-3,12-3;8:0-12,3-12;9:8-7"
298,proposed_c2f_adaptive_pd,10,10,1.0,17,300,0.056666666666666664,10,0,10,0.0,0.0,1374.088980714934,873.615492703551,1.0,10043.0,10043.0,0.0,3.552400041371584,"7,1,0,14,4,8,10,14,2,10",0:9-7;1:0-1;2:1-0;3:10-14;4:1-4;5:2-8;6:2-10;7:5-14;8:3-2;9:2-10
298,proposed_c2f_adaptive_pd_calibrated,10,10,1.0,17,300,0.056666666666666664,10,0,10,0.0,0.0,1374.088980714934,873.615492703551,1.0,10043.0,10043.0,0.0,10.62760001514107,"7,1,0,14,4,8,10,14,2,10",0:9-7;1:0-1;2:1-0;3:10-14;4:1-4;5:2-8;6:2-10;7:5-14;8:3-2;9:2-10
299,proposed_c2f_adaptive_pd,10,10,1.0,11,300,0.03666666666666667,11,0,11,0.0,0.0,2463.6396110795467,321.2102067798795,1.0,13462.0,13462.0,0.0,6.8106999970041215,"14,12,14,0,14,6,7,0,7,5","0:0-14;1:0-12;2:0-14;3:10-0;4:0-14;5:0-6;6:0-7;7:14-0;8:5-7,8-7;9:0-5"
299,proposed_c2f_adaptive_pd_calibrated,10,10,1.0,13,300,0.043333333333333335,11,0,11,0.0,0.0,2463.6396110795467,321.2102067798795,1.0,13462.0,13462.0,0.0,14.003099990077317,"14,12,14,0,14,6,7,0,7,5","0:0-14;1:0-12;2:0-14;3:10-0;4:0-14;5:0-6;6:0-7;7:14-0;8:5-7,8-7;9:0-5"
300,proposed_c2f_adaptive_pd,9,10,0.9,15,300,0.05,11,1,10,640.0,1.0666666666666667,994.3777621504039,99.55752103564177,1.0,11964.0,11964.0,0.0,5.495799996424466,"9,13,6,5,9,8,4,0,12,13","0:0-9;1:6-13;2:4-6;3:7-5;4:0-9;5:12-8;6:4-13,13-4;7:1-0;8:4-12;9:4-13"
300,proposed_c2f_adaptive_pd_calibrated,9,10,0.9,15,300,0.05,11,1,10,640.0,1.0666666666666667,994.3777621504039,99.55752103564177,1.0,11964.0,11964.0,0.0,16.169800015632063,"9,13,6,5,9,8,4,0,12,13","0:0-9;1:6-13;2:4-6;3:7-5;4:0-9;5:12-8;6:4-13,13-4;7:1-0;8:4-12;9:4-13"
301,proposed_c2f_adaptive_pd,10,10,1.0,16,300,0.05333333333333334,11,1,10,640.0,1.0666666666666667,577.516053872645,120.91675126922004,1.0,11666.0,11666.0,0.0,6.061899999622256,"7,1,4,9,11,14,4,1,10,2","0:1-7;1:0-1;2:2-4;3:1-9;4:0-11;5:9-14,0-14;6:2-4;7:0-1;8:12-11;9:5-2"
301,proposed_c2f_adaptive_pd_calibrated,10,10,1.0,17,300,0.056666666666666664,11,1,10,640.0,1.0666666666666667,577.516053872645,120.91675126922004,1.0,11666.0,11666.0,0.0,14.658599975518882,"7,1,4,9,11,14,4,1,10,2","0:1-7;1:0-1;2:2-4;3:1-9;4:0-11;5:9-14,0-14;6:2-4;7:0-1;8:12-11;9:5-2"
302,proposed_c2f_adaptive_pd,10,10,1.0,12,300,0.04,12,0,12,0.0,0.0,2112.5233675644567,697.1895939502342,1.0,13272.0,13272.0,0.0,5.063100019469857,"7,13,3,8,6,4,4,11,10,14","0:2-7;1:0-13;2:0-3;3:0-8;4:0-6;5:12-4;6:1-4;7:5-11;8:7-10,8-10,3-10;9:1-14"
302,proposed_c2f_adaptive_pd_calibrated,10,10,1.0,12,300,0.04,12,0,12,0.0,0.0,2112.5233675644567,697.1895939502342,1.0,13272.0,13272.0,0.0,16.8975000269711,"7,13,3,8,6,4,4,11,10,14","0:2-7;1:0-13;2:0-3;3:0-8;4:0-6;5:12-4;6:1-4;7:5-11;8:7-10,8-10,3-10;9:1-14"
303,proposed_c2f_adaptive_pd,9,10,0.9,15,300,0.05,11,0,11,0.0,0.0,3252.122451701828,139.82555137293605,1.0,11628.0,11628.0,0.0,4.25230001565069,"6,5,6,5,0,2,10,2,10,0","0:3-6,13-6;1:0-5;2:3-6;3:1-5;4:1-0;5:1-2;6:0-10;7:3-2;8:0-10;9:1-0"
303,proposed_c2f_adaptive_pd_calibrated,9,10,0.9,16,300,0.05333333333333334,11,0,11,0.0,0.0,3252.122451701828,139.82555137293605,1.0,11628.0,11628.0,0.0,13.172000006306916,"6,5,6,5,0,2,10,2,10,0","0:3-6,13-6;1:0-5;2:3-6;3:1-5;4:1-0;5:1-2;6:0-10;7:3-2;8:0-10;9:1-0"
304,proposed_c2f_adaptive_pd,10,10,1.0,12,300,0.04,10,0,10,0.0,0.0,1043.871061042342,557.7161402474837,1.0,9903.0,9903.0,0.0,5.850300018209964,"11,3,14,10,3,11,11,12,14,11",0:1-11;1:0-3;2:5-14;3:1-10;4:0-3;5:1-11;6:1-11;7:0-12;8:2-14;9:1-11
304,proposed_c2f_adaptive_pd_calibrated,10,10,1.0,12,300,0.04,10,0,10,0.0,0.0,1043.871061042342,557.7161402474837,1.0,9903.0,9903.0,0.0,8.37700004922226,"11,3,14,10,3,11,11,12,14,11",0:1-11;1:0-3;2:5-14;3:1-10;4:0-3;5:1-11;6:1-11;7:0-12;8:2-14;9:1-11
305,proposed_c2f_adaptive_pd,10,10,1.0,17,300,0.056666666666666664,14,1,13,640.0,1.0666666666666667,2039.2211190576932,779.9521456504717,1.0,21768.0,21768.0,0.0,7.60520005133003,"3,1,5,10,11,10,6,7,10,10","0:10-3,9-3;1:2-1;2:0-5;3:3-10,10-3,9-10;4:0-11;5:9-10;6:1-6;7:0-7;8:1-10;9:3-10,11-10"
305,proposed_c2f_adaptive_pd_calibrated,10,10,1.0,17,300,0.056666666666666664,14,1,13,640.0,1.0666666666666667,2039.2211190576932,779.9521456504717,1.0,21768.0,21768.0,0.0,17.131500004325062,"3,1,5,10,11,10,6,7,10,10","0:10-3,9-3;1:2-1;2:0-5;3:3-10,10-3,9-10;4:0-11;5:9-10;6:1-6;7:0-7;8:1-10;9:3-10,11-10"
306,proposed_c2f_adaptive_pd,10,10,1.0,7,300,0.023333333333333334,10,0,10,0.0,0.0,121746.71048633479,338.3242668367421,1.0,11415.0,11415.0,0.0,4.6983000356704,"6,10,5,7,10,7,4,2,3,12",0:1-6;1:0-10;2:0-5;3:0-7;4:11-10;5:0-7;6:0-4;7:1-2;8:0-3;9:0-12
306,proposed_c2f_adaptive_pd_calibrated,10,10,1.0,7,300,0.023333333333333334,10,0,10,0.0,0.0,121746.71048633479,338.3242668367421,1.0,11415.0,11415.0,0.0,12.25139998132363,"6,10,5,7,10,7,4,2,3,12",0:1-6;1:0-10;2:0-5;3:0-7;4:11-10;5:0-7;6:0-4;7:1-2;8:0-3;9:0-12
307,proposed_c2f_adaptive_pd,9,10,0.9,9,300,0.03,15,2,13,1280.0,2.1333333333333333,24992.211266584756,1350.6893353430705,1.0,13177.0,13177.0,0.0,6.288299977313727,"11,14,2,12,6,6,4,7,12,13","0:0-11;1:0-14;2:0-2;3:2-12;4:0-6;5:0-6;6:7-4;7:12-7,7-12,2-7,7-2,4-7,6-7;8:0-12;9:11-13"
307,proposed_c2f_adaptive_pd_calibrated,9,10,0.9,9,300,0.03,15,2,13,1280.0,2.1333333333333333,24992.211266584756,1350.6893353430705,1.0,13177.0,13177.0,0.0,19.671100017149,"11,14,2,12,6,6,4,7,12,13","0:0-11;1:0-14;2:0-2;3:2-12;4:0-6;5:0-6;6:7-4;7:12-7,7-12,2-7,7-2,4-7,6-7;8:0-12;9:11-13"
308,proposed_c2f_adaptive_pd,9,10,0.9,6,270,0.022222222222222223,10,0,10,0.0,0.0,4319.382419555545,211.63824331550722,0.9,12199.0,12199.0,0.0,4.206899960990995,"9,1,13,12,6,10,6,9,12,14",0:0-9;1:0-1;2:0-13;3:0-12;4:0-6;5:4-10;6:0-6;7:0-9;8:0-12;9:0-14
308,proposed_c2f_adaptive_pd_calibrated,9,10,0.9,6,270,0.022222222222222223,10,0,10,0.0,0.0,4319.382419555545,211.63824331550722,0.9,12199.0,12199.0,0.0,7.045400037895888,"9,1,13,12,6,10,6,9,12,14",0:0-9;1:0-1;2:0-13;3:0-12;4:0-6;5:4-10;6:0-6;7:0-9;8:0-12;9:0-14
309,proposed_c2f_adaptive_pd,10,10,1.0,11,300,0.03666666666666667,11,1,10,640.0,1.0666666666666667,2263.8197753567106,638.5360618235691,1.0,8100.0,8100.0,0.0,6.79760001366958,"10,8,5,4,2,3,1,7,3,9","0:1-10;1:1-8;2:5-0,0-5;3:0-4;4:0-2;5:14-3;6:0-1;7:4-7;8:1-3;9:0-9"
309,proposed_c2f_adaptive_pd_calibrated,10,10,1.0,11,300,0.03666666666666667,11,1,10,640.0,1.0666666666666667,2263.8197753567106,638.5360618235691,1.0,8100.0,8100.0,0.0,14.062399975955486,"10,8,5,4,2,3,1,7,3,9","0:1-10;1:1-8;2:5-0,0-5;3:0-4;4:0-2;5:14-3;6:0-1;7:4-7;8:1-3;9:0-9"
310,proposed_c2f_adaptive_pd,10,10,1.0,21,300,0.07,10,0,10,0.0,0.0,3056.3660037128843,1345.2506927927202,1.0,10043.0,10043.0,0.0,6.206899997778237,"1,13,3,3,9,4,11,8,0,8",0:0-1;1:0-13;2:1-3;3:1-3;4:0-9;5:5-4;6:0-11;7:4-8;8:2-0;9:4-8
310,proposed_c2f_adaptive_pd_calibrated,10,10,1.0,21,300,0.07,10,0,10,0.0,0.0,3056.3660037128843,1345.2506927927202,1.0,10043.0,10043.0,0.0,14.766700041946024,"1,13,3,3,9,4,11,8,0,8",0:0-1;1:0-13;2:1-3;3:1-3;4:0-9;5:5-4;6:0-11;7:4-8;8:2-0;9:4-8
311,proposed_c2f_adaptive_pd,9,10,0.9,13,300,0.043333333333333335,16,3,13,1920.0,3.2,711.7945965465104,122.31649706840872,1.0,17599.0,17599.0,0.0,8.263800002168864,"11,6,3,0,9,10,10,5,10,9","0:0-11;1:3-6;2:2-3;3:13-0,9-0;4:0-9;5:0-10;6:3-10;7:9-5,5-9;8:7-10;9:5-9,9-5,1-9,1-5,12-9"
311,proposed_c2f_adaptive_pd_calibrated,9,10,0.9,13,300,0.043333333333333335,16,3,13,1920.0,3.2,711.7945965465104,122.31649706840872,1.0,17599.0,17599.0,0.0,15.139099967200309,"11,6,3,0,9,10,10,5,10,9","0:0-11;1:3-6;2:2-3;3:13-0,9-0;4:0-9;5:0-10;6:3-10;7:9-5,5-9;8:7-10;9:5-9,9-5,1-9,1-5,12-9"
312,proposed_c2f_adaptive_pd,10,10,1.0,18,300,0.06,14,1,13,640.0,1.0666666666666667,1575.885580151867,129.2594563643354,1.0,14737.0,14737.0,0.0,6.83470000512898,"3,13,3,14,14,14,2,4,6,7","0:10-3,13-3,3-10,6-3,14-3;1:6-13;2:1-3;3:3-14;4:0-14;5:0-14;6:5-2;7:0-4;8:1-6;9:1-7"
312,proposed_c2f_adaptive_pd_calibrated,10,10,1.0,18,300,0.06,14,1,13,640.0,1.0666666666666667,1575.885580151867,129.2594563643354,1.0,14737.0,14737.0,0.0,19.84019996598363,"3,13,3,14,14,14,2,4,6,7","0:10-3,13-3,3-10,6-3,14-3;1:6-13;2:1-3;3:3-14;4:0-14;5:0-14;6:5-2;7:0-4;8:1-6;9:1-7"
313,proposed_c2f_adaptive_pd,10,10,1.0,15,300,0.05,11,0,11,0.0,0.0,2495.339169999542,156.97755913994132,1.0,11601.0,11601.0,0.0,6.308300013188273,"5,5,3,2,9,4,13,10,9,9","0:14-5;1:14-5;2:0-3;3:13-2;4:7-9;5:0-4;6:2-13;7:0-10;8:14-9,5-9;9:0-9"
313,proposed_c2f_adaptive_pd_calibrated,10,10,1.0,15,300,0.05,11,0,11,0.0,0.0,2495.339169999542,156.97755913994132,1.0,11601.0,11601.0,0.0,12.38630001898855,"5,5,3,2,9,4,13,10,9,9","0:14-5;1:14-5;2:0-3;3:13-2;4:7-9;5:0-4;6:2-13;7:0-10;8:14-9,5-9;9:0-9"
314,proposed_c2f_adaptive_pd,10,10,1.0,6,300,0.02,11,0,11,0.0,0.0,1570.9756106458115,584.406172624175,1.0,10963.0,10963.0,0.0,6.824999989476055,"4,10,2,11,4,4,6,12,11,6","0:0-4;1:0-10;2:7-2;3:6-11,14-11;4:2-4;5:0-4;6:0-6;7:1-12;8:0-11;9:1-6"
314,proposed_c2f_adaptive_pd_calibrated,10,10,1.0,6,300,0.02,11,0,11,0.0,0.0,1570.9756106458115,584.406172624175,1.0,10963.0,10963.0,0.0,12.400000006891787,"4,10,2,11,4,4,6,12,11,6","0:0-4;1:0-10;2:7-2;3:6-11,14-11;4:2-4;5:0-4;6:0-6;7:1-12;8:0-11;9:1-6"
315,proposed_c2f_adaptive_pd,8,10,0.8,13,300,0.043333333333333335,25,2,23,1280.0,2.1333333333333333,882407.11649414,101.11253413927328,1.0,22544.0,22544.0,0.0,10.473300004377961,"4,4,9,14,12,7,12,10,8,12","0:0-4;1:7-4,1-4,13-4,9-4;2:0-9;3:1-14;4:4-12,10-12,9-12,7-12,6-12,12-4;5:1-7;6:13-12,7-12,11-12;7:4-10,9-10,10-6,6-10,1-10,13-10;8:1-8;9:7-12"
315,proposed_c2f_adaptive_pd_calibrated,8,10,0.8,14,300,0.04666666666666667,25,2,23,1280.0,2.1333333333333333,882407.11649414,101.11253413927328,1.0,22544.0,22544.0,0.0,28.174599981866777,"4,4,9,14,12,7,12,10,8,12","0:0-4;1:7-4,1-4,13-4,9-4;2:0-9;3:1-14;4:4-12,10-12,9-12,7-12,6-12,12-4;5:1-7;6:13-12,7-12,11-12;7:4-10,9-10,10-6,6-10,1-10,13-10;8:1-8;9:7-12"
316,proposed_c2f_adaptive_pd,10,10,1.0,13,300,0.043333333333333335,15,0,15,0.0,0.0,731.3398965828131,172.7133273031207,1.0,19704.0,19704.0,0.0,7.325700018554926,"3,13,5,5,12,3,3,5,13,4","0:10-3;1:10-13;2:0-5,6-5,1-5;3:6-5,1-5,12-5,8-5;4:3-12;5:5-3;6:12-3;7:1-5;8:2-13;9:0-4"
316,proposed_c2f_adaptive_pd_calibrated,10,10,1.0,13,300,0.043333333333333335,15,0,15,0.0,0.0,731.3398965828131,172.7133273031207,1.0,19704.0,19704.0,0.0,18.00899999216199,"3,13,5,5,12,3,3,5,13,4","0:10-3;1:10-13;2:0-5,6-5,1-5;3:6-5,1-5,12-5,8-5;4:3-12;5:5-3;6:12-3;7:1-5;8:2-13;9:0-4"
317,proposed_c2f_adaptive_pd,10,10,1.0,15,300,0.05,10,0,10,0.0,0.0,1237.7369160694077,279.07765276675957,1.0,8349.0,8349.0,0.0,3.7184000248089433,"12,1,0,1,10,0,5,11,5,10",0:0-12;1:0-1;2:2-0;3:0-1;4:1-10;5:2-0;6:0-5;7:0-11;8:10-5;9:1-10
317,proposed_c2f_adaptive_pd_calibrated,10,10,1.0,17,300,0.056666666666666664,10,0,10,0.0,0.0,1237.7369160694077,279.07765276675957,1.0,8349.0,8349.0,0.0,13.490599987562746,"12,1,0,1,10,0,5,11,5,10",0:0-12;1:0-1;2:2-0;3:0-1;4:1-10;5:2-0;6:0-5;7:0-11;8:10-5;9:1-10
318,proposed_c2f_adaptive_pd,10,10,1.0,11,300,0.03666666666666667,17,1,16,640.0,1.0666666666666667,183.36500484550416,150.7673737990155,1.0,25276.0,25276.0,0.0,8.904899994377047,"0,0,8,11,0,10,8,12,10,12","0:3-0;1:12-0,11-0;2:2-8,6-8,14-8;3:0-11,11-0,12-11;4:2-0;5:2-10;6:2-8;7:1-12,4-12,0-12;8:5-10;9:0-12"
318,proposed_c2f_adaptive_pd_calibrated,10,10,1.0,11,300,0.03666666666666667,17,1,16,640.0,1.0666666666666667,183.36500484550416,150.7673737990155,1.0,25276.0,25276.0,0.0,18.398999993223697,"0,0,8,11,0,10,8,12,10,12","0:3-0;1:12-0,11-0;2:2-8,6-8,14-8;3:0-11,11-0,12-11;4:2-0;5:2-10;6:2-8;7:1-12,4-12,0-12;8:5-10;9:0-12"
319,proposed_c2f_adaptive_pd,10,10,1.0,16,300,0.05333333333333334,12,1,11,640.0,1.0666666666666667,2240.8523157820327,985.6637604320833,1.0,13394.0,13394.0,0.0,4.153700021561235,"9,3,6,3,9,5,5,2,0,9","0:0-9;1:2-3;2:7-6;3:0-3;4:5-9;5:1-5;6:10-5;7:8-2;8:6-0;9:9-3,3-9,14-9"
319,proposed_c2f_adaptive_pd_calibrated,10,10,1.0,16,300,0.05333333333333334,12,1,11,640.0,1.0666666666666667,2240.8523157820327,985.6637604320833,1.0,13394.0,13394.0,0.0,14.10789997316897,"9,3,6,3,9,5,5,2,0,9","0:0-9;1:2-3;2:7-6;3:0-3;4:5-9;5:1-5;6:10-5;7:8-2;8:6-0;9:9-3,3-9,14-9"
320,proposed_c2f_adaptive_pd,10,10,1.0,17,300,0.056666666666666664,15,2,13,1280.0,2.1333333333333333,249226.28127438776,255.10607325923024,1.0,16075.0,16075.0,0.0,7.062599994242191,"7,12,8,5,1,6,1,14,1,2","0:0-7;1:1-12;2:0-8;3:2-5;4:0-1;5:13-6,14-6,6-13,12-6,10-6,6-14;6:0-1;7:0-14;8:0-1;9:0-2"
320,proposed_c2f_adaptive_pd_calibrated,10,10,1.0,18,300,0.06,15,2,13,1280.0,2.1333333333333333,249226.28127438776,255.10607325923024,1.0,16075.0,16075.0,0.0,16.221400001086295,"7,12,8,5,1,6,1,14,1,2","0:0-7;1:1-12;2:0-8;3:2-5;4:0-1;5:13-6,14-6,6-13,12-6,10-6,6-14;6:0-1;7:0-14;8:0-1;9:0-2"
321,proposed_c2f_adaptive_pd,10,10,1.0,10,300,0.03333333333333333,11,0,11,0.0,0.0,589.9827087622859,98.22677297587526,1.0,14655.0,14655.0,0.0,4.845099989324808,"10,1,14,14,2,12,0,5,5,1","0:0-10;1:12-1;2:0-14;3:0-14;4:5-2;5:1-12;6:4-0;7:0-5;8:3-5;9:12-1,10-1"
321,proposed_c2f_adaptive_pd_calibrated,10,10,1.0,10,300,0.03333333333333333,11,0,11,0.0,0.0,589.9827087622859,98.22677297587526,1.0,14655.0,14655.0,0.0,15.87240002118051,"10,1,14,14,2,12,0,5,5,1","0:0-10;1:12-1;2:0-14;3:0-14;4:5-2;5:1-12;6:4-0;7:0-5;8:3-5;9:12-1,10-1"
322,proposed_c2f_adaptive_pd,10,10,1.0,12,300,0.04,10,0,10,0.0,0.0,7883.973176595193,226.83679231938748,1.0,11275.0,11275.0,0.0,6.092199997510761,"4,12,13,14,10,8,0,13,4,12",0:6-4;1:4-12;2:0-13;3:0-14;4:0-10;5:2-8;6:1-0;7:4-13;8:0-4;9:0-12
322,proposed_c2f_adaptive_pd_calibrated,10,10,1.0,12,300,0.04,10,0,10,0.0,0.0,7883.973176595193,226.83679231938748,1.0,11275.0,11275.0,0.0,12.423799955286086,"4,12,13,14,10,8,0,13,4,12",0:6-4;1:4-12;2:0-13;3:0-14;4:0-10;5:2-8;6:1-0;7:4-13;8:0-4;9:0-12
323,proposed_c2f_adaptive_pd,10,10,1.0,16,300,0.05333333333333334,11,0,11,0.0,0.0,671.8698516640206,191.62525876833985,1.0,14214.0,14214.0,0.0,5.924199998844415,"13,14,10,3,6,0,5,5,5,14","0:3-13;1:0-14;2:14-10,11-10;3:0-3;4:0-6;5:1-0;6:14-5;7:3-5;8:3-5;9:0-14"
323,proposed_c2f_adaptive_pd_calibrated,10,10,1.0,16,300,0.05333333333333334,11,0,11,0.0,0.0,671.8698516640206,191.62525876833985,1.0,14214.0,14214.0,0.0,12.876799970399588,"13,14,10,3,6,0,5,5,5,14","0:3-13;1:0-14;2:14-10,11-10;3:0-3;4:0-6;5:1-0;6:14-5;7:3-5;8:3-5;9:0-14"
324,proposed_c2f_adaptive_pd,9,10,0.9,7,300,0.023333333333333334,11,1,10,640.0,1.0666666666666667,27593329.22419261,164.10460046830065,1.0,11628.0,11628.0,0.0,6.7464999738149345,"7,4,1,5,9,9,12,2,2,7","0:1-7;1:0-4;2:3-1;3:0-5;4:0-9;5:6-9;6:6-12;7:0-2;8:4-2;9:1-7,7-1"
324,proposed_c2f_adaptive_pd_calibrated,9,10,0.9,8,300,0.02666666666666667,11,1,10,640.0,1.0666666666666667,27593329.22419261,164.10460046830065,1.0,11628.0,11628.0,0.0,10.472800000570714,"7,4,1,5,9,9,12,2,2,7","0:1-7;1:0-4;2:3-1;3:0-5;4:0-9;5:6-9;6:6-12;7:0-2;8:4-2;9:1-7,7-1"
325,proposed_c2f_adaptive_pd,10,10,1.0,20,300,0.06666666666666667,12,1,11,640.0,1.0666666666666667,892.4313035048442,596.2043190020938,1.0,17844.0,17844.0,0.0,6.0177999548614025,"8,7,12,1,6,5,10,6,14,1","0:7-8;1:6-7;2:0-12;3:0-1;4:0-6;5:0-5;6:13-10,10-13,0-10;7:0-6;8:1-14;9:0-1"
325,proposed_c2f_adaptive_pd_calibrated,10,10,1.0,20,300,0.06666666666666667,12,1,11,640.0,1.0666666666666667,892.4313035048442,596.2043190020938,1.0,17844.0,17844.0,0.0,14.755900017917156,"8,7,12,1,6,5,10,6,14,1","0:7-8;1:6-7;2:0-12;3:0-1;4:0-6;5:0-5;6:13-10,10-13,0-10;7:0-6;8:1-14;9:0-1"
326,proposed_c2f_adaptive_pd,10,10,1.0,8,300,0.02666666666666667,10,0,10,0.0,0.0,1045.934640688314,283.59821278454444,1.0,9889.0,9889.0,0.0,6.313599995337427,"2,5,9,9,14,5,14,5,10,3",0:0-2;1:0-5;2:5-9;3:2-9;4:0-14;5:9-5;6:0-14;7:2-5;8:2-10;9:0-3
326,proposed_c2f_adaptive_pd_calibrated,10,10,1.0,8,300,0.02666666666666667,10,0,10,0.0,0.0,1045.934640688314,283.59821278454444,1.0,9889.0,9889.0,0.0,12.08399998722598,"2,5,9,9,14,5,14,5,10,3",0:0-2;1:0-5;2:5-9;3:2-9;4:0-14;5:9-5;6:0-14;7:2-5;8:2-10;9:0-3
327,proposed_c2f_adaptive_pd,10,10,1.0,12,300,0.04,13,1,12,640.0,1.0666666666666667,707.2181581278661,181.77015980285472,1.0,15014.0,15014.0,0.0,6.969699985347688,"7,4,0,3,11,7,13,13,0,12","0:0-7;1:0-4;2:0-12,4-0,12-0;3:5-3;4:3-11;5:0-7;6:11-13,7-13;7:3-13;8:4-0;9:0-12"
327,proposed_c2f_adaptive_pd_calibrated,10,10,1.0,12,300,0.04,13,1,12,640.0,1.0666666666666667,707.2181581278661,181.77015980285472,1.0,15014.0,15014.0,0.0,18.094500002916902,"7,4,0,3,11,7,13,13,0,12","0:0-7;1:0-4;2:0-12,4-0,12-0;3:5-3;4:3-11;5:0-7;6:11-13,7-13;7:3-13;8:4-0;9:0-12"
328,proposed_c2f_adaptive_pd,10,10,1.0,14,300,0.04666666666666667,12,1,11,640.0,1.0666666666666667,29674.962557442068,418.74583600251464,1.0,17049.0,17049.0,0.0,6.0656999703496695,"14,7,4,14,12,7,4,8,7,4","0:0-14;1:0-7;2:1-4;3:0-14;4:3-12,12-3,11-12;5:2-7;6:1-4;7:1-8;8:8-7;9:1-4"
328,proposed_c2f_adaptive_pd_calibrated,10,10,1.0,15,300,0.05,12,1,11,640.0,1.0666666666666667,29674.962557442068,418.74583600251464,1.0,17049.0,17049.0,0.0,16.560799966100603,"14,7,4,14,12,7,4,8,7,4","0:0-14;1:0-7;2:1-4;3:0-14;4:3-12,12-3,11-12;5:2-7;6:1-4;7:1-8;8:8-7;9:1-4"
329,proposed_c2f_adaptive_pd,10,10,1.0,14,300,0.04666666666666667,11,1,10,640.0,1.0666666666666667,4216.590472627688,335.4707180994972,1.0,8268.0,8268.0,0.0,5.831099988427013,"5,11,2,7,3,7,13,9,7,10","0:0-5;1:1-11;2:1-2;3:10-7;4:0-3;5:1-7;6:13-0,0-13;7:8-9;8:0-7;9:0-10"
329,proposed_c2f_adaptive_pd_calibrated,10,10,1.0,15,300,0.05,11,1,10,640.0,1.0666666666666667,4216.590472627688,335.4707180994972,1.0,8268.0,8268.0,0.0,14.02050000615418,"5,11,2,7,3,7,13,9,7,10","0:0-5;1:1-11;2:1-2;3:10-7;4:0-3;5:1-7;6:13-0,0-13;7:8-9;8:0-7;9:0-10"
330,proposed_c2f_adaptive_pd,10,10,1.0,12,300,0.04,13,1,12,640.0,1.0666666666666667,3018.972131416082,563.5941798284713,1.0,13020.0,13020.0,0.0,6.585399969480932,"5,14,7,5,11,12,4,1,4,6","0:12-5;1:1-14;2:8-7,7-8,0-7,13-7;3:1-5;4:1-11;5:0-12;6:3-4;7:5-1;8:0-4;9:0-6"
330,proposed_c2f_adaptive_pd_calibrated,10,10,1.0,13,300,0.043333333333333335,13,1,12,640.0,1.0666666666666667,3018.972131416082,563.5941798284713,1.0,13020.0,13020.0,0.0,11.871399998199195,"5,14,7,5,11,12,4,1,4,6","0:12-5;1:1-14;2:8-7,7-8,0-7,13-7;3:1-5;4:1-11;5:0-12;6:3-4;7:5-1;8:0-4;9:0-6"
331,proposed_c2f_adaptive_pd,10,10,1.0,13,300,0.043333333333333335,15,2,13,1280.0,2.1333333333333333,1295.5928555016396,191.5592154049815,1.0,13821.0,13821.0,0.0,8.086299989372492,"9,12,2,12,5,8,5,7,6,6","0:0-9;1:0-12;2:1-2;3:0-12;4:6-5,5-13,13-5,5-6,0-5,14-5;5:1-8;6:0-5;7:13-7;8:0-6;9:0-6"
331,proposed_c2f_adaptive_pd_calibrated,10,10,1.0,13,300,0.043333333333333335,15,2,13,1280.0,2.1333333333333333,1295.5928555016396,191.5592154049815,1.0,13821.0,13821.0,0.0,13.745200005359948,"9,12,2,12,5,8,5,7,6,6","0:0-9;1:0-12;2:1-2;3:0-12;4:6-5,5-13,13-5,5-6,0-5,14-5;5:1-8;6:0-5;7:13-7;8:0-6;9:0-6"
332,proposed_c2f_adaptive_pd,10,10,1.0,11,300,0.03666666666666667,11,0,11,0.0,0.0,713.5414448096905,128.95830105310984,1.0,15275.0,15275.0,0.0,5.048500024713576,"9,12,11,12,12,12,9,2,9,0","0:0-9;1:3-12;2:12-11;3:1-12;4:3-12;5:0-12;6:2-9,13-9;7:4-2;8:1-9;9:8-0"
332,proposed_c2f_adaptive_pd_calibrated,10,10,1.0,11,300,0.03666666666666667,11,0,11,0.0,0.0,713.5414448096905,128.95830105310984,1.0,15275.0,15275.0,0.0,14.748700021300465,"9,12,11,12,12,12,9,2,9,0","0:0-9;1:3-12;2:12-11;3:1-12;4:3-12;5:0-12;6:2-9,13-9;7:4-2;8:1-9;9:8-0"
333,proposed_c2f_adaptive_pd,10,10,1.0,17,300,0.056666666666666664,15,1,14,640.0,1.0666666666666667,374.2215268427036,210.89714476101608,1.0,13694.0,13694.0,0.0,8.217399998102337,"6,1,2,3,1,11,4,8,4,13","0:0-6;1:0-1;2:13-2,10-2;3:2-3;4:0-1;5:6-11;6:8-4;7:0-8;8:8-4,4-8,3-4,0-4,2-4;9:0-13"
333,proposed_c2f_adaptive_pd_calibrated,10,10,1.0,17,300,0.056666666666666664,15,1,14,640.0,1.0666666666666667,374.2215268427036,210.89714476101608,1.0,13694.0,13694.0,0.0,18.807100015692413,"6,1,2,3,1,11,4,8,4,13","0:0-6;1:0-1;2:13-2,10-2;3:2-3;4:0-1;5:6-11;6:8-4;7:0-8;8:8-4,4-8,3-4,0-4,2-4;9:0-13"
334,proposed_c2f_adaptive_pd,10,10,1.0,10,300,0.03333333333333333,14,1,13,640.0,1.0666666666666667,1765.8490391223872,212.20767556897107,1.0,18727.0,18727.0,0.0,6.802500050980598,"6,12,4,11,14,4,12,6,13,4","0:0-6;1:1-12;2:1-4;3:4-11;4:0-14;5:1-4;6:4-12;7:0-6;8:8-13,13-8,14-13,7-13,6-13;9:0-4"
334,proposed_c2f_adaptive_pd_calibrated,10,10,1.0,10,300,0.03333333333333333,14,1,13,640.0,1.0666666666666667,1765.8490391223872,212.20767556897107,1.0,18727.0,18727.0,0.0,20.094199979212135,"6,12,4,11,14,4,12,6,13,4","0:0-6;1:1-12;2:1-4;3:4-11;4:0-14;5:1-4;6:4-12;7:0-6;8:8-13,13-8,14-13,7-13,6-13;9:0-4"
335,proposed_c2f_adaptive_pd,10,10,1.0,12,300,0.04,11,0,11,0.0,0.0,2105.954457560654,189.53763737726135,1.0,12139.0,12139.0,0.0,6.94870000006631,"9,3,7,3,8,6,1,7,12,8","0:0-9;1:0-3;2:0-7;3:0-3;4:7-8;5:9-6,4-6;6:2-1;7:3-7;8:4-12;9:13-8"
335,proposed_c2f_adaptive_pd_calibrated,10,10,1.0,13,300,0.043333333333333335,11,0,11,0.0,0.0,2105.954457560654,189.53763737726135,1.0,12139.0,12139.0,0.0,15.689299965742975,"9,3,7,3,8,6,1,7,12,8","0:0-9;1:0-3;2:0-7;3:0-3;4:7-8;5:9-6,4-6;6:2-1;7:3-7;8:4-12;9:13-8"
336,proposed_c2f_adaptive_pd,10,10,1.0,18,300,0.06,15,1,14,640.0,1.0666666666666667,771.3680719698202,195.6318174345694,1.0,16232.0,16232.0,0.0,6.062100001145154,"14,12,0,3,0,12,0,14,1,5","0:1-14;1:2-12;2:9-0;3:1-3;4:2-0;5:7-12,12-7,6-12,8-12;6:9-0;7:1-14;8:14-1,6-1,5-1;9:3-5"
336,proposed_c2f_adaptive_pd_calibrated,10,10,1.0,18,300,0.06,15,1,14,640.0,1.0666666666666667,771.3680719698202,195.6318174345694,1.0,16232.0,16232.0,0.0,20.769900002051145,"14,12,0,3,0,12,0,14,1,5","0:1-14;1:2-12;2:9-0;3:1-3;4:2-0;5:7-12,12-7,6-12,8-12;6:9-0;7:1-14;8:14-1,6-1,5-1;9:3-5"
337,proposed_c2f_adaptive_pd,10,10,1.0,24,300,0.08,21,4,17,2560.0,4.266666666666667,14124.551894276676,39.98272069193137,1.0,22429.0,22429.0,0.0,10.055099963210523,"9,7,0,14,0,9,3,8,8,0","0:3-9,7-9;1:1-7;2:12-0;3:0-14;4:12-0;5:7-9,3-9,9-3,9-7,4-9,14-9;6:0-3;7:12-8,8-12,10-8,8-10,0-8,14-8;8:10-8;9:12-0"
337,proposed_c2f_adaptive_pd_calibrated,10,10,1.0,24,300,0.08,21,4,17,2560.0,4.266666666666667,14124.551894276676,39.98272069193137,1.0,22429.0,22429.0,0.0,23.25659996131435,"9,7,0,14,0,9,3,8,8,0","0:3-9,7-9;1:1-7;2:12-0;3:0-14;4:12-0;5:7-9,3-9,9-3,9-7,4-9,14-9;6:0-3;7:12-8,8-12,10-8,8-10,0-8,14-8;8:10-8;9:12-0"
338,proposed_c2f_adaptive_pd,10,10,1.0,12,300,0.04,16,3,13,1920.0,3.2,1407.8193428639772,167.95898556741304,1.0,22955.0,22955.0,0.0,5.828600027598441,"12,0,12,7,7,10,10,12,10,6","0:0-12;1:4-0;2:0-12;3:1-7;4:1-7;5:7-10,1-10,10-7,10-1,12-10;6:0-10;7:1-12;8:12-10,10-12,8-10;9:3-6"
338,proposed_c2f_adaptive_pd_calibrated,10,10,1.0,12,300,0.04,16,3,13,1920.0,3.2,1407.8193428639772,167.95898556741304,1.0,22955.0,22955.0,0.0,20.319000002928078,"12,0,12,7,7,10,10,12,10,6","0:0-12;1:4-0;2:0-12;3:1-7;4:1-7;5:7-10,1-10,10-7,10-1,12-10;6:0-10;7:1-12;8:12-10,10-12,8-10;9:3-6"
339,proposed_c2f_adaptive_pd,9,10,0.9,12,300,0.04,10,0,10,0.0,0.0,7304.51220922572,222.89075406946444,1.0,11079.0,11079.0,0.0,6.473599991295487,"8,0,6,6,1,6,10,10,11,9",0:0-8;1:2-0;2:0-6;3:1-6;4:2-1;5:5-6;6:0-10;7:1-10;8:12-11;9:1-9
339,proposed_c2f_adaptive_pd_calibrated,9,10,0.9,12,300,0.04,10,0,10,0.0,0.0,7304.51220922572,222.89075406946444,1.0,11079.0,11079.0,0.0,11.063799960538745,"8,0,6,6,1,6,10,10,11,9",0:0-8;1:2-0;2:0-6;3:1-6;4:2-1;5:5-6;6:0-10;7:1-10;8:12-11;9:1-9
340,proposed_c2f_adaptive_pd,9,10,0.9,13,300,0.043333333333333335,24,5,19,3200.0,5.333333333333334,537.8784218384228,142.9570662843392,1.0,22514.0,22514.0,0.0,11.997300025541335,"0,4,0,2,12,5,0,3,8,8","0:8-0,13-0,6-0,2-0;1:14-4,4-14,9-4,4-9,12-4,11-14;2:3-0;3:0-2;4:11-12;5:0-5;6:1-0;7:0-3;8:2-8,7-8;9:0-8,8-0,13-8,8-13,7-8,6-8"
340,proposed_c2f_adaptive_pd_calibrated,9,10,0.9,13,300,0.043333333333333335,24,5,19,3200.0,5.333333333333334,537.8784218384228,142.9570662843392,1.0,22514.0,22514.0,0.0,25.223699980415404,"0,4,0,2,12,5,0,3,8,8","0:8-0,13-0,6-0,2-0;1:14-4,4-14,9-4,4-9,12-4,11-14;2:3-0;3:0-2;4:11-12;5:0-5;6:1-0;7:0-3;8:2-8,7-8;9:0-8,8-0,13-8,8-13,7-8,6-8"
341,proposed_c2f_adaptive_pd,9,10,0.9,14,300,0.04666666666666667,20,3,17,1920.0,3.2,1412.0848505602103,395.92855893086437,1.0,21839.0,21839.0,0.0,10.62920002732426,"6,11,5,9,7,12,12,8,4,14","0:0-6;1:9-11,1-11,8-11,2-11,6-11,11-1;2:13-5;3:0-9;4:4-7;5:0-12;6:0-12;7:6-8,8-6,11-8,1-8,8-4,4-8;8:1-4;9:13-14"
341,proposed_c2f_adaptive_pd_calibrated,9,10,0.9,14,300,0.04666666666666667,20,3,17,1920.0,3.2,1412.0848505602103,395.92855893086437,1.0,21839.0,21839.0,0.0,22.949100006371737,"6,11,5,9,7,12,12,8,4,14","0:0-6;1:9-11,1-11,8-11,2-11,6-11,11-1;2:13-5;3:0-9;4:4-7;5:0-12;6:0-12;7:6-8,8-6,11-8,1-8,8-4,4-8;8:1-4;9:13-14"
342,proposed_c2f_adaptive_pd,10,10,1.0,15,300,0.05,10,0,10,0.0,0.0,1891.9851834679098,344.0166922289649,1.0,11891.0,11891.0,0.0,5.2346999873407185,"1,10,3,8,0,13,10,11,10,12",0:0-1;1:7-10;2:4-3;3:0-8;4:5-0;5:7-13;6:1-10;7:0-11;8:1-10;9:0-12
342,proposed_c2f_adaptive_pd_calibrated,10,10,1.0,15,300,0.05,10,0,10,0.0,0.0,1891.9851834679098,344.0166922289649,1.0,11891.0,11891.0,0.0,8.494599955156446,"1,10,3,8,0,13,10,11,10,12",0:0-1;1:7-10;2:4-3;3:0-8;4:5-0;5:7-13;6:1-10;7:0-11;8:1-10;9:0-12
343,proposed_c2f_adaptive_pd,9,10,0.9,13,300,0.043333333333333335,11,0,11,0.0,0.0,4712.059296317082,108.94137277205162,1.0,10963.0,10963.0,0.0,5.934500019066036,"9,12,3,1,9,10,6,0,0,0","0:1-9;1:1-12;2:0-3;3:2-1;4:7-9;5:13-10;6:5-6;7:10-0;8:14-0,1-0;9:10-0"
343,proposed_c2f_adaptive_pd_calibrated,9,10,0.9,13,300,0.043333333333333335,11,0,11,0.0,0.0,4712.059296317082,108.94137277205162,1.0,10963.0,10963.0,0.0,10.381200001575053,"9,12,3,1,9,10,6,0,0,0","0:1-9;1:1-12;2:0-3;3:2-1;4:7-9;5:13-10;6:5-6;7:10-0;8:14-0,1-0;9:10-0"
344,proposed_c2f_adaptive_pd,8,10,0.8,21,300,0.07,15,3,12,1920.0,3.2,267.4125894367372,196.39869577790628,1.0,14665.0,14665.0,0.0,6.305599992629141,"12,8,5,12,7,3,1,8,2,8","0:3-12;1:5-8;2:0-5;3:4-12;4:6-7;5:0-3;6:2-1;7:4-8,8-4,12-8,12-4,3-8,8-3;8:1-2;9:0-8"
344,proposed_c2f_adaptive_pd_calibrated,8,10,0.8,21,300,0.07,15,3,12,1920.0,3.2,267.4125894367372,196.39869577790628,1.0,14665.0,14665.0,0.0,18.812199996318668,"12,8,5,12,7,3,1,8,2,8","0:3-12;1:5-8;2:0-5;3:4-12;4:6-7;5:0-3;6:2-1;7:4-8,8-4,12-8,12-4,3-8,8-3;8:1-2;9:0-8"
345,proposed_c2f_adaptive_pd,10,10,1.0,12,300,0.04,10,0,10,0.0,0.0,1732.4989958890596,445.50838382825066,1.0,7579.0,7579.0,0.0,5.636800022330135,"4,5,3,6,12,0,2,2,1,3",0:2-4;1:3-5;2:0-3;3:7-6;4:2-12;5:1-0;6:0-2;7:0-2;8:0-1;9:0-3
345,proposed_c2f_adaptive_pd_calibrated,10,10,1.0,12,300,0.04,10,0,10,0.0,0.0,1732.4989958890596,445.50838382825066,1.0,7579.0,7579.0,0.0,11.50760002201423,"4,5,3,6,12,0,2,2,1,3",0:2-4;1:3-5;2:0-3;3:7-6;4:2-12;5:1-0;6:0-2;7:0-2;8:0-1;9:0-3
346,proposed_c2f_adaptive_pd,10,10,1.0,11,300,0.03666666666666667,13,1,12,640.0,1.0666666666666667,585.7177317343372,131.4480426698917,1.0,17712.0,17712.0,0.0,6.038699997588992,"1,14,0,7,1,12,1,2,7,8","0:5-1;1:4-14;2:2-0;3:0-7;4:2-1;5:1-12;6:5-1,4-1;7:0-2;8:14-7,7-14,8-7;9:0-8"
346,proposed_c2f_adaptive_pd_calibrated,10,10,1.0,11,300,0.03666666666666667,13,1,12,640.0,1.0666666666666667,585.7177317343372,131.4480426698917,1.0,17712.0,17712.0,0.0,12.111800024285913,"1,14,0,7,1,12,1,2,7,8","0:5-1;1:4-14;2:2-0;3:0-7;4:2-1;5:1-12;6:5-1,4-1;7:0-2;8:14-7,7-14,8-7;9:0-8"
347,proposed_c2f_adaptive_pd,10,10,1.0,15,300,0.05,10,0,10,0.0,0.0,365.8976155946239,102.98503532400223,1.0,9063.0,9063.0,0.0,3.5419000196270645,"0,7,3,13,9,12,12,7,3,12",0:6-0;1:1-7;2:1-3;3:9-13;4:1-9;5:4-12;6:5-12;7:0-7;8:2-3;9:5-12
347,proposed_c2f_adaptive_pd_calibrated,10,10,1.0,15,300,0.05,10,0,10,0.0,0.0,365.8976155946239,102.98503532400223,1.0,9063.0,9063.0,0.0,11.621000012382865,"0,7,3,13,9,12,12,7,3,12",0:6-0;1:1-7;2:1-3;3:9-13;4:1-9;5:4-12;6:5-12;7:0-7;8:2-3;9:5-12
348,proposed_c2f_adaptive_pd,9,10,0.9,17,300,0.056666666666666664,13,1,12,640.0,1.0666666666666667,161.78574212927555,94.21054811234808,1.0,13023.0,13023.0,0.0,5.00040000770241,"10,5,2,8,14,14,7,6,4,8","0:0-10;1:4-5;2:5-2;3:0-8;4:6-14;5:14-6,6-14,8-14,12-14;6:2-7;7:0-6;8:0-4;9:1-8"
348,proposed_c2f_adaptive_pd_calibrated,9,10,0.9,17,300,0.056666666666666664,13,1,12,640.0,1.0666666666666667,161.78574212927555,94.21054811234808,1.0,13023.0,13023.0,0.0,15.473600011318922,"10,5,2,8,14,14,7,6,4,8","0:0-10;1:4-5;2:5-2;3:0-8;4:6-14;5:14-6,6-14,8-14,12-14;6:2-7;7:0-6;8:0-4;9:1-8"
349,proposed_c2f_adaptive_pd,9,10,0.9,4,300,0.013333333333333334,15,2,13,1280.0,2.1333333333333333,37576.4734248779,166.6591656493976,1.0,15179.0,15179.0,0.0,6.8592000170610845,"0,8,3,3,13,13,3,13,6,14","0:1-0;1:1-8;2:5-3,1-3,3-5,2-3,4-3,3-4;3:4-3;4:0-13;5:0-13;6:0-3;7:0-13;8:0-6;9:1-14"
349,proposed_c2f_adaptive_pd_calibrated,9,10,0.9,4,300,0.013333333333333334,15,2,13,1280.0,2.1333333333333333,37576.4734248779,166.6591656493976,1.0,15179.0,15179.0,0.0,21.344899956602603,"0,8,3,3,13,13,3,13,6,14","0:1-0;1:1-8;2:5-3,1-3,3-5,2-3,4-3,3-4;3:4-3;4:0-13;5:0-13;6:0-3;7:0-13;8:0-6;9:1-14"
350,proposed_c2f_adaptive_pd,9,10,0.9,15,300,0.05,15,3,12,1920.0,3.2,697.1481128195153,303.82100916067964,1.0,17265.0,17265.0,0.0,7.614899950567633,"4,4,7,8,7,8,10,7,13,1","0:13-4;1:13-4;2:0-7;3:2-8;4:1-7;5:2-8;6:0-10;7:1-7;8:4-13;9:13-11,1-11,13-1,12-11,4-1,0-1"
350,proposed_c2f_adaptive_pd_calibrated,9,10,0.9,15,300,0.05,15,3,12,1920.0,3.2,697.1481128195153,303.82100916067964,1.0,17265.0,17265.0,0.0,20.14989999588579,"4,4,7,8,7,8,10,7,13,1","0:13-4;1:13-4;2:0-7;3:2-8;4:1-7;5:2-8;6:0-10;7:1-7;8:4-13;9:13-11,1-11,13-1,12-11,4-1,0-1"
351,proposed_c2f_adaptive_pd,10,10,1.0,12,300,0.04,11,0,11,0.0,0.0,34286.15248465816,91.70696662192279,1.0,12212.0,12212.0,0.0,5.373299994971603,"0,13,3,9,8,9,2,5,5,14","0:3-0;1:0-13;2:0-3;3:8-9;4:5-8;5:2-9;6:5-2;7:2-5;8:2-5,8-5;9:2-14"
351,proposed_c2f_adaptive_pd_calibrated,10,10,1.0,12,300,0.04,11,0,11,0.0,0.0,34286.15248465816,91.70696662192279,1.0,12212.0,12212.0,0.0,13.690799998585135,"0,13,3,9,8,9,2,5,5,14","0:3-0;1:0-13;2:0-3;3:8-9;4:5-8;5:2-9;6:5-2;7:2-5;8:2-5,8-5;9:2-14"
352,proposed_c2f_adaptive_pd,9,10,0.9,17,270,0.06296296296296296,11,0,11,0.0,0.0,8974.119294310762,413.0383598763969,0.9090909090909091,10186.0,10186.0,0.0,5.856900010257959,"5,5,6,12,6,9,14,6,9,8","0:1-5;1:1-5;2:2-6;3:1-12;4:11-6;5:0-9;6:0-14;7:11-6,4-6;8:0-9;9:2-8"
352,proposed_c2f_adaptive_pd_calibrated,9,10,0.9,17,270,0.06296296296296296,11,0,11,0.0,0.0,8974.119294310762,413.0383598763969,0.9090909090909091,10186.0,10186.0,0.0,9.212500008288771,"5,5,6,12,6,9,14,6,9,8","0:1-5;1:1-5;2:2-6;3:1-12;4:11-6;5:0-9;6:0-14;7:11-6,4-6;8:0-9;9:2-8"
353,proposed_c2f_adaptive_pd,10,10,1.0,21,300,0.07,15,1,14,640.0,1.0666666666666667,2166.3114522299643,393.76741937463805,1.0,16509.0,16509.0,0.0,8.700500009581447,"8,0,3,1,7,2,14,7,7,12","0:2-8;1:2-0;2:1-3;3:2-1;4:0-7;5:3-2;6:3-14;7:12-7;8:7-10,10-7,12-7,0-7,5-7,8-7;9:0-12"
353,proposed_c2f_adaptive_pd_calibrated,10,10,1.0,22,300,0.07333333333333333,15,1,14,640.0,1.0666666666666667,2166.3114522299643,393.76741937463805,1.0,16509.0,16509.0,0.0,16.486300039105117,"8,0,3,1,7,2,14,7,7,12","0:2-8;1:2-0;2:1-3;3:2-1;4:0-7;5:3-2;6:3-14;7:12-7;8:7-10,10-7,12-7,0-7,5-7,8-7;9:0-12"
354,proposed_c2f_adaptive_pd,10,10,1.0,10,300,0.03333333333333333,10,0,10,0.0,0.0,9136.272821548015,771.4914448258693,1.0,9273.0,9273.0,0.0,6.139400007668883,"8,4,12,9,8,14,7,4,9,3",0:6-8;1:0-4;2:2-12;3:2-9;4:0-8;5:8-14;6:9-7;7:0-4;8:6-9;9:2-3
354,proposed_c2f_adaptive_pd_calibrated,10,10,1.0,10,300,0.03333333333333333,10,0,10,0.0,0.0,9136.272821548015,771.4914448258693,1.0,9273.0,9273.0,0.0,12.705000001005828,"8,4,12,9,8,14,7,4,9,3",0:6-8;1:0-4;2:2-12;3:2-9;4:0-8;5:8-14;6:9-7;7:0-4;8:6-9;9:2-3
355,proposed_c2f_adaptive_pd,10,10,1.0,8,300,0.02666666666666667,10,0,10,0.0,0.0,1139.5374164784337,73.9869968799346,1.0,7887.0,7887.0,0.0,5.410999990999699,"4,3,4,9,7,1,2,2,13,0",0:0-4;1:0-3;2:0-4;3:12-9;4:1-7;5:3-1;6:6-2;7:4-2;8:0-13;9:1-0
355,proposed_c2f_adaptive_pd_calibrated,10,10,1.0,9,300,0.03,10,0,10,0.0,0.0,1139.5374164784337,73.9869968799346,1.0,7887.0,7887.0,0.0,14.005700009875,"4,3,4,9,7,1,2,2,13,0",0:0-4;1:0-3;2:0-4;3:12-9;4:1-7;5:3-1;6:6-2;7:4-2;8:0-13;9:1-0
356,proposed_c2f_adaptive_pd,9,10,0.9,27,300,0.09,20,2,18,1280.0,2.1333333333333333,99.29150029141535,79.97663127581679,1.0,24368.0,24368.0,0.0,8.381100022234023,"1,0,5,12,8,5,5,12,5,5","0:0-1;1:3-0;2:8-5,9-5,1-5,4-5;3:2-12;4:5-8,4-8,9-8;5:9-5,10-5,8-5,5-6,6-5,5-8;6:4-5;7:2-12;8:6-5;9:4-5"
356,proposed_c2f_adaptive_pd_calibrated,9,10,0.9,29,300,0.09666666666666666,20,2,18,1280.0,2.1333333333333333,99.29150029141535,79.97663127581679,1.0,24368.0,24368.0,0.0,24.08040000591427,"1,0,5,12,8,5,5,12,5,5","0:0-1;1:3-0;2:8-5,9-5,1-5,4-5;3:2-12;4:5-8,4-8,9-8;5:9-5,10-5,8-5,5-6,6-5,5-8;6:4-5;7:2-12;8:6-5;9:4-5"
357,proposed_c2f_adaptive_pd,10,10,1.0,15,300,0.05,14,1,13,640.0,1.0666666666666667,302.03946464237873,165.61151850518522,1.0,15758.0,15758.0,0.0,5.548799992538989,"3,7,9,14,1,8,13,14,1,12","0:8-3,3-8,9-3,14-3;1:1-7;2:1-9;3:0-14;4:0-1;5:14-8,12-8;6:10-13;7:1-14;8:0-1;9:1-12"
357,proposed_c2f_adaptive_pd_calibrated,10,10,1.0,16,300,0.05333333333333334,14,1,13,640.0,1.0666666666666667,302.03946464237873,165.61151850518522,1.0,15758.0,15758.0,0.0,17.5986000103876,"3,7,9,14,1,8,13,14,1,12","0:8-3,3-8,9-3,14-3;1:1-7;2:1-9;3:0-14;4:0-1;5:14-8,12-8;6:10-13;7:1-14;8:0-1;9:1-12"
358,proposed_c2f_adaptive_pd,9,10,0.9,12,300,0.04,18,3,15,1920.0,3.2,490.00627133926065,151.06222801177455,1.0,21470.0,21470.0,0.0,9.550000017043203,"7,2,2,1,0,13,11,11,12,0","0:13-7,0-7,11-7,5-7;1:1-2;2:9-2,2-9,8-2,2-8,3-2,8-9;3:3-1;4:1-0;5:5-13;6:0-11;7:2-11;8:0-12;9:1-0"
358,proposed_c2f_adaptive_pd_calibrated,9,10,0.9,12,300,0.04,18,3,15,1920.0,3.2,490.00627133926065,151.06222801177455,1.0,21470.0,21470.0,0.0,22.727000003214926,"7,2,2,1,0,13,11,11,12,0","0:13-7,0-7,11-7,5-7;1:1-2;2:9-2,2-9,8-2,2-8,3-2,8-9;3:3-1;4:1-0;5:5-13;6:0-11;7:2-11;8:0-12;9:1-0"
359,proposed_c2f_adaptive_pd,9,10,0.9,10,300,0.03333333333333333,15,1,14,640.0,1.0666666666666667,966.5718059265567,117.20771829606113,1.0,19211.0,19211.0,0.0,7.3933000094257295,"0,0,14,8,7,2,5,8,10,2","0:6-0;1:9-0,1-0,4-0,11-0,6-0,1-6;2:2-14;3:0-8;4:0-7;5:1-2;6:2-5;7:3-8;8:0-10;9:0-2"
359,proposed_c2f_adaptive_pd_calibrated,9,10,0.9,10,300,0.03333333333333333,15,1,14,640.0,1.0666666666666667,966.5718059265567,117.20771829606113,1.0,19211.0,19211.0,0.0,13.855300028808415,"0,0,14,8,7,2,5,8,10,2","0:6-0;1:9-0,1-0,4-0,11-0,6-0,1-6;2:2-14;3:0-8;4:0-7;5:1-2;6:2-5;7:3-8;8:0-10;9:0-2"
360,proposed_c2f_adaptive_pd,10,10,1.0,14,300,0.04666666666666667,10,0,10,0.0,0.0,2533.329465802114,439.25776704588577,1.0,11275.0,11275.0,0.0,4.41069999942556,"1,1,9,10,4,7,14,11,10,1",0:7-1;1:3-1;2:0-9;3:0-10;4:0-4;5:1-7;6:4-14;7:0-11;8:0-10;9:7-1
360,proposed_c2f_adaptive_pd_calibrated,10,10,1.0,14,300,0.04666666666666667,10,0,10,0.0,0.0,2533.329465802114,439.25776704588577,1.0,11275.0,11275.0,0.0,10.929499985650182,"1,1,9,10,4,7,14,11,10,1",0:7-1;1:3-1;2:0-9;3:0-10;4:0-4;5:1-7;6:4-14;7:0-11;8:0-10;9:7-1
361,proposed_c2f_adaptive_pd,10,10,1.0,13,300,0.043333333333333335,13,2,11,1280.0,2.1333333333333333,4441.888185387077,122.76601125007846,1.0,9646.0,9646.0,0.0,6.672599993180484,"1,10,12,9,11,3,2,13,0,11","0:0-1;1:7-10;2:0-12;3:0-9;4:13-11;5:0-3;6:1-2;7:9-11,13-11,9-13,0-13;8:7-0;9:0-11"
361,proposed_c2f_adaptive_pd_calibrated,10,10,1.0,13,300,0.043333333333333335,13,2,11,1280.0,2.1333333333333333,4441.888185387077,122.76601125007846,1.0,9646.0,9646.0,0.0,13.98480002535507,"1,10,12,9,11,3,2,13,0,11","0:0-1;1:7-10;2:0-12;3:0-9;4:13-11;5:0-3;6:1-2;7:9-11,13-11,9-13,0-13;8:7-0;9:0-11"
362,proposed_c2f_adaptive_pd,8,10,0.8,17,270,0.06296296296296296,20,5,15,3200.0,5.333333333333334,90.73670818254257,36.572813820037055,0.95,20446.0,20446.0,0.0,9.978400019463152,"13,1,6,9,14,12,14,11,13,14","0:1-13;1:0-1;2:1-6;3:12-9;4:3-14;5:0-12;6:5-14,7-14,8-14;7:13-11;8:13-11,11-13,11-1,13-1,8-11,1-11;9:9-14,7-14,3-14,5-14"
362,proposed_c2f_adaptive_pd_calibrated,8,10,0.8,17,270,0.06296296296296296,20,5,15,3200.0,5.333333333333334,90.73670818254257,36.572813820037055,0.95,20446.0,20446.0,0.0,25.054399971850216,"13,1,6,9,14,12,14,11,13,14","0:1-13;1:0-1;2:1-6;3:12-9;4:3-14;5:0-12;6:5-14,7-14,8-14;7:13-11;8:13-11,11-13,11-1,13-1,8-11,1-11;9:9-14,7-14,3-14,5-14"
363,proposed_c2f_adaptive_pd,10,10,1.0,25,300,0.08333333333333333,15,2,13,1280.0,2.1333333333333333,3994.9235595223627,243.727755566363,1.0,17902.0,17902.0,0.0,6.09679997432977,"1,0,5,3,5,1,13,2,9,5","0:0-1;1:4-0;2:0-5;3:8-3,3-8,3-4,4-3;4:0-5,2-5,10-5;5:7-1;6:0-13;7:5-2;8:1-9;9:0-5"
363,proposed_c2f_adaptive_pd_calibrated,10,10,1.0,25,300,0.08333333333333333,15,2,13,1280.0,2.1333333333333333,3994.9235595223627,243.727755566363,1.0,17902.0,17902.0,0.0,20.715099992230535,"1,0,5,3,5,1,13,2,9,5","0:0-1;1:4-0;2:0-5;3:8-3,3-8,3-4,4-3;4:0-5,2-5,10-5;5:7-1;6:0-13;7:5-2;8:1-9;9:0-5"
364,proposed_c2f_adaptive_pd,10,10,1.0,14,300,0.04666666666666667,11,0,11,0.0,0.0,3237.6285820811854,732.2504715159023,1.0,13644.0,13644.0,0.0,6.398300000000745,"12,3,12,12,12,0,9,3,8,0","0:0-12;1:2-3;2:5-12,0-12;3:0-12;4:0-12;5:1-0;6:7-9;7:1-3;8:2-8;9:1-0"
364,proposed_c2f_adaptive_pd_calibrated,10,10,1.0,14,300,0.04666666666666667,11,0,11,0.0,0.0,3237.6285820811854,732.2504715159023,1.0,13644.0,13644.0,0.0,8.972100040409714,"12,3,12,12,12,0,9,3,8,0","0:0-12;1:2-3;2:5-12,0-12;3:0-12;4:0-12;5:1-0;6:7-9;7:1-3;8:2-8;9:1-0"
365,proposed_c2f_adaptive_pd,9,10,0.9,23,270,0.08518518518518518,12,0,12,0.0,0.0,992.3446429079293,245.84894037909714,0.9166666666666666,14697.0,14697.0,0.0,4.759400035254657,"7,14,1,7,7,7,7,14,1,14","0:0-7;1:11-14,8-14,0-14;2:8-1;3:0-7;4:5-7;5:0-7;6:1-7;7:0-14;8:8-1;9:0-14"
365,proposed_c2f_adaptive_pd_calibrated,9,10,0.9,23,270,0.08518518518518518,12,0,12,0.0,0.0,992.3446429079293,245.84894037909714,0.9166666666666666,14697.0,14697.0,0.0,13.129599974490702,"7,14,1,7,7,7,7,14,1,14","0:0-7;1:11-14,8-14,0-14;2:8-1;3:0-7;4:5-7;5:0-7;6:1-7;7:0-14;8:8-1;9:0-14"
366,proposed_c2f_adaptive_pd,10,10,1.0,17,300,0.056666666666666664,12,0,12,0.0,0.0,549.4019908172958,258.3653660432673,1.0,10620.0,10620.0,0.0,5.941500014159828,"12,9,3,3,0,4,13,3,3,1","0:2-12;1:0-9;2:0-3;3:12-3;4:1-0;5:2-4;6:0-13;7:4-3;8:12-3,2-3,4-3;9:0-1"
366,proposed_c2f_adaptive_pd_calibrated,10,10,1.0,18,300,0.06,12,0,12,0.0,0.0,549.4019908172958,258.3653660432673,1.0,10620.0,10620.0,0.0,15.200100024230778,"12,9,3,3,0,4,13,3,3,1","0:2-12;1:0-9;2:0-3;3:12-3;4:1-0;5:2-4;6:0-13;7:4-3;8:12-3,2-3,4-3;9:0-1"
367,proposed_c2f_adaptive_pd,10,10,1.0,15,300,0.05,16,2,14,1280.0,2.1333333333333333,665.1634021938448,168.19037041329045,1.0,19388.0,19388.0,0.0,7.616400020197034,"1,6,4,0,3,6,0,6,4,13","0:1-14,14-1,7-1;1:0-6;2:0-4;3:1-0;4:0-3;5:0-6;6:4-0;7:4-6;8:6-4,4-6,14-4,1-4,7-4;9:2-13"
367,proposed_c2f_adaptive_pd_calibrated,10,10,1.0,15,300,0.05,16,2,14,1280.0,2.1333333333333333,665.1634021938448,168.19037041329045,1.0,19388.0,19388.0,0.0,17.38489995477721,"1,6,4,0,3,6,0,6,4,13","0:1-14,14-1,7-1;1:0-6;2:0-4;3:1-0;4:0-3;5:0-6;6:4-0;7:4-6;8:6-4,4-6,14-4,1-4,7-4;9:2-13"
368,proposed_c2f_adaptive_pd,10,10,1.0,12,300,0.04,11,1,10,640.0,1.0666666666666667,672.689980061505,191.4796762908673,1.0,12887.0,12887.0,0.0,6.8175000487826765,"3,0,10,5,3,12,14,12,8,1","0:4-3;1:0-1,10-0;2:0-10;3:1-5;4:1-3;5:3-12;6:0-14;7:5-12;8:1-8;9:3-1"
368,proposed_c2f_adaptive_pd_calibrated,10,10,1.0,12,300,0.04,11,1,10,640.0,1.0666666666666667,672.689980061505,191.4796762908673,1.0,12887.0,12887.0,0.0,10.836699977517128,"3,0,10,5,3,12,14,12,8,1","0:4-3;1:0-1,10-0;2:0-10;3:1-5;4:1-3;5:3-12;6:0-14;7:5-12;8:1-8;9:3-1"
369,proposed_c2f_adaptive_pd,10,10,1.0,12,300,0.04,12,0,12,0.0,0.0,53939.6643011168,53.64902787838375,1.0,14344.0,14344.0,0.0,5.460599961224943,"7,3,2,2,10,1,13,8,2,3","0:3-7;1:0-3;2:4-2;3:13-2,5-2;4:1-10;5:3-1;6:5-13,4-13;7:0-8;8:0-2;9:0-3"
369,proposed_c2f_adaptive_pd_calibrated,10,10,1.0,12,300,0.04,12,0,12,0.0,0.0,53939.6643011168,53.64902787838375,1.0,14344.0,14344.0,0.0,19.38969996990636,"7,3,2,2,10,1,13,8,2,3","0:3-7;1:0-3;2:4-2;3:13-2,5-2;4:1-10;5:3-1;6:5-13,4-13;7:0-8;8:0-2;9:0-3"
370,proposed_c2f_adaptive_pd,10,10,1.0,17,300,0.056666666666666664,10,0,10,0.0,0.0,1529.9006610429308,739.4239697823352,1.0,11079.0,11079.0,0.0,5.885599995963275,"9,1,8,1,4,6,1,5,0,12",0:0-9;1:0-1;2:0-8;3:4-1;4:13-4;5:0-6;6:4-1;7:1-5;8:3-0;9:3-12
370,proposed_c2f_adaptive_pd_calibrated,10,10,1.0,18,300,0.06,10,0,10,0.0,0.0,1529.9006610429308,739.4239697823352,1.0,11079.0,11079.0,0.0,9.52659995527938,"9,1,8,1,4,6,1,5,0,12",0:0-9;1:0-1;2:0-8;3:4-1;4:13-4;5:0-6;6:4-1;7:1-5;8:3-0;9:3-12
371,proposed_c2f_adaptive_pd,10,10,1.0,21,300,0.07,10,0,10,0.0,0.0,2845.6904691488194,1246.381972680333,1.0,8965.0,8965.0,0.0,4.7290000366047025,"4,0,8,8,9,8,8,5,3,14",0:5-4;1:6-0;2:6-8;3:0-8;4:1-9;5:0-8;6:0-8;7:0-5;8:0-3;9:2-14
371,proposed_c2f_adaptive_pd_calibrated,10,10,1.0,21,300,0.07,10,0,10,0.0,0.0,2845.6904691488194,1246.381972680333,1.0,8965.0,8965.0,0.0,13.90029996400699,"4,0,8,8,9,8,8,5,3,14",0:5-4;1:6-0;2:6-8;3:0-8;4:1-9;5:0-8;6:0-8;7:0-5;8:0-3;9:2-14
372,proposed_c2f_adaptive_pd,9,10,0.9,14,300,0.04666666666666667,16,3,13,1920.0,3.2,2944.8532124936546,182.53024776953922,1.0,17297.0,17297.0,0.0,7.745100010652095,"14,14,3,9,0,12,8,14,12,7","0:3-14;1:0-14;2:0-3;3:14-9;4:0-3,3-0;5:2-12;6:5-8,8-5,4-8,8-4,10-8,3-8;7:3-14;8:2-12;9:0-7"
372,proposed_c2f_adaptive_pd_calibrated,9,10,0.9,14,300,0.04666666666666667,16,3,13,1920.0,3.2,2944.8532124936546,182.53024776953922,1.0,17297.0,17297.0,0.0,17.915099975652993,"14,14,3,9,0,12,8,14,12,7","0:3-14;1:0-14;2:0-3;3:14-9;4:0-3,3-0;5:2-12;6:5-8,8-5,4-8,8-4,10-8,3-8;7:3-14;8:2-12;9:0-7"
373,proposed_c2f_adaptive_pd,10,10,1.0,20,300,0.06666666666666667,13,0,13,0.0,0.0,5345.5385357226605,211.04986765560898,1.0,11332.0,11332.0,0.0,5.32200001180172,"8,0,11,11,8,3,10,12,1,9","0:0-8,11-8,9-8,14-8;1:11-0;2:1-11;3:0-11;4:9-8;5:0-3;6:4-10;7:0-12;8:3-1;9:14-9"
373,proposed_c2f_adaptive_pd_calibrated,10,10,1.0,20,300,0.06666666666666667,13,0,13,0.0,0.0,5345.5385357226605,211.04986765560898,1.0,11332.0,11332.0,0.0,13.613700051791966,"8,0,11,11,8,3,10,12,1,9","0:0-8,11-8,9-8,14-8;1:11-0;2:1-11;3:0-11;4:9-8;5:0-3;6:4-10;7:0-12;8:3-1;9:14-9"
374,proposed_c2f_adaptive_pd,10,10,1.0,21,300,0.07,12,0,12,0.0,0.0,350.219720357411,148.35875151149293,1.0,13715.0,13715.0,0.0,6.538700021337718,"4,5,11,1,1,4,9,1,4,4","0:11-4;1:0-5;2:0-11;3:14-1,5-1;4:5-1,14-1;5:11-4;6:0-9;7:6-1;8:1-4;9:0-4"
374,proposed_c2f_adaptive_pd_calibrated,10,10,1.0,22,300,0.07333333333333333,12,0,12,0.0,0.0,350.219720357411,148.35875151149293,1.0,13715.0,13715.0,0.0,15.623000042978674,"4,5,11,1,1,4,9,1,4,4","0:11-4;1:0-5;2:0-11;3:14-1,5-1;4:5-1,14-1;5:11-4;6:0-9;7:6-1;8:1-4;9:0-4"
375,proposed_c2f_adaptive_pd,10,10,1.0,13,300,0.043333333333333335,15,1,14,640.0,1.0666666666666667,77.8064073995744,74.37614855824182,1.0,15805.0,15805.0,0.0,6.084199994802475,"4,10,7,10,3,12,12,2,3,1","0:0-4;1:0-10;2:12-7,1-7;3:14-10;4:9-3;5:7-12;6:2-12;7:2-1,1-2,10-2,7-2,5-2;8:4-3;9:10-1"
375,proposed_c2f_adaptive_pd_calibrated,10,10,1.0,13,300,0.043333333333333335,15,1,14,640.0,1.0666666666666667,77.8064073995744,74.37614855824182,1.0,15805.0,15805.0,0.0,18.827499996405095,"4,10,7,10,3,12,12,2,3,1","0:0-4;1:0-10;2:12-7,1-7;3:14-10;4:9-3;5:7-12;6:2-12;7:2-1,1-2,10-2,7-2,5-2;8:4-3;9:10-1"
376,proposed_c2f_adaptive_pd,10,10,1.0,18,300,0.06,11,0,11,0.0,0.0,7389.352123484801,289.9664469403359,1.0,12299.0,12299.0,0.0,5.6158999796025455,"12,10,1,8,1,1,8,7,7,10","0:5-12,3-12;1:0-10;2:2-1;3:0-8;4:2-1;5:2-1;6:0-8;7:4-7;8:3-7;9:0-10"
376,proposed_c2f_adaptive_pd_calibrated,10,10,1.0,18,300,0.06,11,0,11,0.0,0.0,7389.352123484801,289.9664469403359,1.0,12299.0,12299.0,0.0,16.125400026794523,"12,10,1,8,1,1,8,7,7,10","0:5-12,3-12;1:0-10;2:2-1;3:0-8;4:2-1;5:2-1;6:0-8;7:4-7;8:3-7;9:0-10"
377,proposed_c2f_adaptive_pd,10,10,1.0,12,300,0.04,10,0,10,0.0,0.0,1138.7677727634607,275.68696173588313,1.0,8965.0,8965.0,0.0,5.630499974358827,"8,9,6,8,13,4,11,0,9,3",0:10-8;1:7-9;2:0-6;3:0-8;4:0-13;5:0-4;6:0-11;7:1-0;8:0-9;9:1-3
377,proposed_c2f_adaptive_pd_calibrated,10,10,1.0,13,300,0.043333333333333335,10,0,10,0.0,0.0,1138.7677727634607,275.68696173588313,1.0,8965.0,8965.0,0.0,12.539599963929504,"8,9,6,8,13,4,11,0,9,3",0:10-8;1:7-9;2:0-6;3:0-8;4:0-13;5:0-4;6:0-11;7:1-0;8:0-9;9:1-3
378,proposed_c2f_adaptive_pd,10,10,1.0,15,300,0.05,23,5,18,3200.0,5.333333333333334,386.8826683887787,69.88642296579494,1.0,16864.0,16864.0,0.0,11.521800013724715,"13,13,12,3,3,11,14,13,14,14","0:2-13;1:5-13;2:5-12;3:0-3,3-0,8-3,10-3,2-3,8-0;4:8-3,0-3,3-0,8-0,10-3,11-3;5:0-11;6:12-14,5-14;7:5-13;8:12-14,9-14;9:14-12,12-14"
378,proposed_c2f_adaptive_pd_calibrated,10,10,1.0,16,300,0.05333333333333334,23,5,18,3200.0,5.333333333333334,386.8826683887787,69.88642296579494,1.0,16864.0,16864.0,0.0,31.55070001957938,"13,13,12,3,3,11,14,13,14,14","0:2-13;1:5-13;2:5-12;3:0-3,3-0,8-3,10-3,2-3,8-0;4:8-3,0-3,3-0,8-0,10-3,11-3;5:0-11;6:12-14,5-14;7:5-13;8:12-14,9-14;9:14-12,12-14"
379,proposed_c2f_adaptive_pd,10,10,1.0,10,300,0.03333333333333333,12,0,12,0.0,0.0,1307.5756014581768,351.58543624614884,1.0,14448.0,14448.0,0.0,5.327699996996671,"1,6,4,6,8,11,13,9,10,2","0:2-1,11-1;1:0-6;2:3-4;3:5-6,10-6;4:0-8;5:0-11;6:0-13;7:0-9;8:0-10;9:1-2"
379,proposed_c2f_adaptive_pd_calibrated,10,10,1.0,13,300,0.043333333333333335,12,0,12,0.0,0.0,1307.5756014581768,351.58543624614884,1.0,14448.0,14448.0,0.0,14.602899958845228,"1,6,4,6,8,11,13,9,10,2","0:2-1,11-1;1:0-6;2:3-4;3:5-6,10-6;4:0-8;5:0-11;6:0-13;7:0-9;8:0-10;9:1-2"
380,proposed_c2f_adaptive_pd,8,10,0.8,15,300,0.05,23,8,15,5120.0,8.533333333333335,300.059904441226,54.70865015286357,1.0,19169.0,19169.0,0.0,11.961399985011667,"2,11,8,2,4,5,11,13,2,2","0:13-2;1:0-11;2:7-8;3:7-13,7-2,2-13,13-2,7-4,2-4;4:9-4,2-4,13-4;5:0-5;6:9-11,4-11;7:0-13;8:2-4,2-13,13-4,13-2,4-2,11-4;9:4-2"
380,proposed_c2f_adaptive_pd_calibrated,8,10,0.8,15,300,0.05,23,8,15,5120.0,8.533333333333335,300.059904441226,54.70865015286357,1.0,19169.0,19169.0,0.0,28.68540002964437,"2,11,8,2,4,5,11,13,2,2","0:13-2;1:0-11;2:7-8;3:7-13,7-2,2-13,13-2,7-4,2-4;4:9-4,2-4,13-4;5:0-5;6:9-11,4-11;7:0-13;8:2-4,2-13,13-4,13-2,4-2,11-4;9:4-2"
381,proposed_c2f_adaptive_pd,10,10,1.0,18,300,0.06,12,1,11,640.0,1.0666666666666667,1098.6415549114722,187.81526384092206,1.0,15260.0,15260.0,0.0,6.380200036801398,"8,13,6,12,5,1,5,6,5,8","0:0-8;1:0-13;2:0-6;3:0-12;4:0-5,5-0,1-5;5:0-1;6:0-5;7:0-6;8:0-5;9:0-8"
381,proposed_c2f_adaptive_pd_calibrated,10,10,1.0,18,300,0.06,12,1,11,640.0,1.0666666666666667,1098.6415549114722,187.81526384092206,1.0,15260.0,15260.0,0.0,16.235200047958642,"8,13,6,12,5,1,5,6,5,8","0:0-8;1:0-13;2:0-6;3:0-12;4:0-5,5-0,1-5;5:0-1;6:0-5;7:0-6;8:0-5;9:0-8"
382,proposed_c2f_adaptive_pd,10,10,1.0,13,300,0.043333333333333335,10,0,10,0.0,0.0,12227.641797307459,109.49446240971264,1.0,12255.0,12255.0,0.0,3.6697000032290816,"2,10,10,2,4,8,6,4,6,2",0:7-2;1:0-10;2:0-10;3:6-2;4:6-4;5:0-8;6:0-6;7:0-4;8:0-6;9:0-2
382,proposed_c2f_adaptive_pd_calibrated,10,10,1.0,13,300,0.043333333333333335,10,0,10,0.0,0.0,12227.641797307459,109.49446240971264,1.0,12255.0,12255.0,0.0,9.876899945084006,"2,10,10,2,4,8,6,4,6,2",0:7-2;1:0-10;2:0-10;3:6-2;4:6-4;5:0-8;6:0-6;7:0-4;8:0-6;9:0-2
383,proposed_c2f_adaptive_pd,9,10,0.9,11,300,0.03666666666666667,10,0,10,0.0,0.0,1775.8068137942296,148.32993359318064,1.0,11583.0,11583.0,0.0,4.454500041902065,"1,3,1,11,3,10,2,10,13,13",0:0-1;1:10-3;2:7-1;3:1-11;4:0-3;5:2-10;6:1-2;7:0-10;8:7-13;9:7-13
383,proposed_c2f_adaptive_pd_calibrated,9,10,0.9,12,300,0.04,10,0,10,0.0,0.0,1775.8068137942296,148.32993359318064,1.0,11583.0,11583.0,0.0,7.770799973513931,"1,3,1,11,3,10,2,10,13,13",0:0-1;1:10-3;2:7-1;3:1-11;4:0-3;5:2-10;6:1-2;7:0-10;8:7-13;9:7-13
384,proposed_c2f_adaptive_pd,10,10,1.0,15,300,0.05,10,0,10,0.0,0.0,1149.8267483649881,396.53781795028124,1.0,9399.0,9399.0,0.0,5.369700025767088,"5,5,6,14,6,6,9,5,1,9",0:3-5;1:3-5;2:2-6;3:2-14;4:2-6;5:2-6;6:0-9;7:1-5;8:0-1;9:0-9
384,proposed_c2f_adaptive_pd_calibrated,10,10,1.0,15,300,0.05,10,0,10,0.0,0.0,1149.8267483649881,396.53781795028124,1.0,9399.0,9399.0,0.0,15.24699997389689,"5,5,6,14,6,6,9,5,1,9",0:3-5;1:3-5;2:2-6;3:2-14;4:2-6;5:2-6;6:0-9;7:1-5;8:0-1;9:0-9
385,proposed_c2f_adaptive_pd,10,10,1.0,17,300,0.056666666666666664,10,0,10,0.0,0.0,3921.9017848080975,702.8470666994051,1.0,11429.0,11429.0,0.0,5.339999974239618,"12,8,14,0,11,10,11,0,4,0",0:0-12;1:0-8;2:0-14;3:1-0;4:7-11;5:0-10;6:0-11;7:8-0;8:0-4;9:1-0
385,proposed_c2f_adaptive_pd_calibrated,10,10,1.0,17,300,0.056666666666666664,10,0,10,0.0,0.0,3921.9017848080975,702.8470666994051,1.0,11429.0,11429.0,0.0,10.78309997683391,"12,8,14,0,11,10,11,0,4,0",0:0-12;1:0-8;2:0-14;3:1-0;4:7-11;5:0-10;6:0-11;7:8-0;8:0-4;9:1-0
386,proposed_c2f_adaptive_pd,10,10,1.0,11,300,0.03666666666666667,15,2,13,1280.0,2.1333333333333333,1696.937390497123,303.85071205159124,1.0,14731.0,14731.0,0.0,5.979400011710823,"2,6,4,10,6,3,3,6,6,12","0:1-2;1:0-6;2:3-4;3:0-10;4:3-6;5:0-3;6:0-3;7:9-6;8:6-9,9-6,3-6,4-6,6-3,7-6;9:5-12"
386,proposed_c2f_adaptive_pd_calibrated,10,10,1.0,12,300,0.04,15,2,13,1280.0,2.1333333333333333,1696.937390497123,303.85071205159124,1.0,14731.0,14731.0,0.0,13.776200008578598,"2,6,4,10,6,3,3,6,6,12","0:1-2;1:0-6;2:3-4;3:0-10;4:3-6;5:0-3;6:0-3;7:9-6;8:6-9,9-6,3-6,4-6,6-3,7-6;9:5-12"
387,proposed_c2f_adaptive_pd,10,10,1.0,10,300,0.03333333333333333,21,3,18,1920.0,3.2,2599.5436335135073,269.20044906926154,1.0,22374.0,22374.0,0.0,8.320400025695562,"8,10,12,12,2,6,10,0,5,0","0:0-8;1:6-10,13-10;2:4-12;3:12-10,10-12,4-12,7-12,7-10,6-12;4:0-2;5:1-6;6:12-10,10-12,4-10,6-10,13-10,2-10;7:6-0;8:0-5;9:1-0"
387,proposed_c2f_adaptive_pd_calibrated,10,10,1.0,10,300,0.03333333333333333,21,3,18,1920.0,3.2,2599.5436335135073,269.20044906926154,1.0,22374.0,22374.0,0.0,26.00349998101592,"8,10,12,12,2,6,10,0,5,0","0:0-8;1:6-10,13-10;2:4-12;3:12-10,10-12,4-12,7-12,7-10,6-12;4:0-2;5:1-6;6:12-10,10-12,4-10,6-10,13-10,2-10;7:6-0;8:0-5;9:1-0"
388,proposed_c2f_adaptive_pd,10,10,1.0,9,300,0.03,15,4,11,2560.0,4.266666666666667,1066.3942808346562,179.03906001760538,1.0,14073.0,14073.0,0.0,8.724299957975745,"2,4,8,12,2,11,4,1,8,9","0:0-2;1:0-4;2:3-8;3:2-12;4:1-2,2-1,4-2,2-4,1-4,4-1;5:0-11;6:0-4;7:0-1;8:3-8;9:0-9"
388,proposed_c2f_adaptive_pd_calibrated,10,10,1.0,9,300,0.03,15,4,11,2560.0,4.266666666666667,1066.3942808346562,179.03906001760538,1.0,14073.0,14073.0,0.0,20.48040000954643,"2,4,8,12,2,11,4,1,8,9","0:0-2;1:0-4;2:3-8;3:2-12;4:1-2,2-1,4-2,2-4,1-4,4-1;5:0-11;6:0-4;7:0-1;8:3-8;9:0-9"
389,proposed_c2f_adaptive_pd,10,10,1.0,9,300,0.03,10,0,10,0.0,0.0,183774.6137841149,123.99420794542036,1.0,9119.0,9119.0,0.0,5.794099997729063,"11,3,11,2,10,5,6,5,13,9",0:5-11;1:12-3;2:0-11;3:1-2;4:2-10;5:14-5;6:0-6;7:3-5;8:4-13;9:0-9
389,proposed_c2f_adaptive_pd_calibrated,10,10,1.0,10,300,0.03333333333333333,10,0,10,0.0,0.0,183774.6137841149,123.99420794542036,1.0,9119.0,9119.0,0.0,13.280799961648881,"11,3,11,2,10,5,6,5,13,9",0:5-11;1:12-3;2:0-11;3:1-2;4:2-10;5:14-5;6:0-6;7:3-5;8:4-13;9:0-9
390,proposed_c2f_adaptive_pd,10,10,1.0,14,300,0.04666666666666667,15,2,13,1280.0,2.1333333333333333,216653.08143844194,227.4005202552978,1.0,21659.0,21659.0,0.0,6.612500001210719,"3,10,2,5,2,13,4,5,3,2","0:2-3,3-2;1:8-10;2:3-2;3:0-5;4:3-2;5:0-13;6:0-4;7:0-5,5-0,13-5,10-5,8-5;8:14-3;9:11-2"
390,proposed_c2f_adaptive_pd_calibrated,10,10,1.0,14,300,0.04666666666666667,15,2,13,1280.0,2.1333333333333333,216653.08143844194,227.4005202552978,1.0,21659.0,21659.0,0.0,19.098200020380318,"3,10,2,5,2,13,4,5,3,2","0:2-3,3-2;1:8-10;2:3-2;3:0-5;4:3-2;5:0-13;6:0-4;7:0-5,5-0,13-5,10-5,8-5;8:14-3;9:11-2"
391,proposed_c2f_adaptive_pd,9,10,0.9,18,300,0.06,19,1,18,640.0,1.0666666666666667,2350.5950288131326,234.9004386416181,1.0,18996.0,18996.0,0.0,6.339599960483611,"5,5,14,12,12,5,7,5,1,9","0:2-5,9-5,14-5,11-5,7-5,5-14;1:2-5;2:0-14;3:3-12,11-12,5-12,2-12;4:0-12;5:2-5;6:0-7;7:2-5,11-5;8:0-1;9:2-9"
391,proposed_c2f_adaptive_pd_calibrated,9,10,0.9,18,300,0.06,19,1,18,640.0,1.0666666666666667,2350.5950288131326,234.9004386416181,1.0,18996.0,18996.0,0.0,22.498800011817366,"5,5,14,12,12,5,7,5,1,9","0:2-5,9-5,14-5,11-5,7-5,5-14;1:2-5;2:0-14;3:3-12,11-12,5-12,2-12;4:0-12;5:2-5;6:0-7;7:2-5,11-5;8:0-1;9:2-9"
392,proposed_c2f_adaptive_pd,10,10,1.0,15,300,0.05,10,0,10,0.0,0.0,881.2828021198872,417.2133727084325,1.0,13599.0,13599.0,0.0,4.045099951326847,"1,1,8,3,8,1,13,6,3,7",0:0-1;1:3-1;2:0-8;3:4-3;4:0-8;5:9-1;6:1-13;7:2-6;8:0-3;9:0-7
392,proposed_c2f_adaptive_pd_calibrated,10,10,1.0,15,300,0.05,10,0,10,0.0,0.0,881.2828021198872,417.2133727084325,1.0,13599.0,13599.0,0.0,11.418099980801344,"1,1,8,3,8,1,13,6,3,7",0:0-1;1:3-1;2:0-8;3:4-3;4:0-8;5:9-1;6:1-13;7:2-6;8:0-3;9:0-7
393,proposed_c2f_adaptive_pd,10,10,1.0,13,300,0.043333333333333335,10,0,10,0.0,0.0,25972.54845249681,371.4321398022795,1.0,10351.0,10351.0,0.0,4.229600017424673,"6,6,2,4,6,12,12,12,8,13",0:0-6;1:0-6;2:0-2;3:2-4;4:0-6;5:0-12;6:0-12;7:0-12;8:0-8;9:1-13
393,proposed_c2f_adaptive_pd_calibrated,10,10,1.0,13,300,0.043333333333333335,10,0,10,0.0,0.0,25972.54845249681,371.4321398022795,1.0,10351.0,10351.0,0.0,13.73740000417456,"6,6,2,4,6,12,12,12,8,13",0:0-6;1:0-6;2:0-2;3:2-4;4:0-6;5:0-12;6:0-12;7:0-12;8:0-8;9:1-13
394,proposed_c2f_adaptive_pd,10,10,1.0,18,300,0.06,10,0,10,0.0,0.0,557.8214053642229,201.88024880093332,1.0,10043.0,10043.0,0.0,6.1796000227332115,"10,2,4,11,2,4,8,8,0,6",0:0-10;1:1-2;2:10-4;3:0-11;4:1-2;5:0-4;6:0-8;7:0-8;8:7-0;9:0-6
394,proposed_c2f_adaptive_pd_calibrated,10,10,1.0,19,300,0.06333333333333334,10,0,10,0.0,0.0,557.8214053642229,201.88024880093332,1.0,10043.0,10043.0,0.0,9.533000004012138,"10,2,4,11,2,4,8,8,0,6",0:0-10;1:1-2;2:10-4;3:0-11;4:1-2;5:0-4;6:0-8;7:0-8;8:7-0;9:0-6
395,proposed_c2f_adaptive_pd,10,10,1.0,16,300,0.05333333333333334,10,0,10,0.0,0.0,89431.83738405371,149.18131538907295,1.0,10659.0,10659.0,0.0,6.312899990007281,"12,5,0,9,11,14,14,6,9,13",0:0-12;1:0-5;2:1-0;3:2-9;4:0-11;5:1-14;6:1-14;7:0-6;8:0-9;9:1-13
395,proposed_c2f_adaptive_pd_calibrated,10,10,1.0,16,300,0.05333333333333334,10,0,10,0.0,0.0,89431.83738405371,149.18131538907295,1.0,10659.0,10659.0,0.0,9.417599998414516,"12,5,0,9,11,14,14,6,9,13",0:0-12;1:0-5;2:1-0;3:2-9;4:0-11;5:1-14;6:1-14;7:0-6;8:0-9;9:1-13
396,proposed_c2f_adaptive_pd,10,10,1.0,13,300,0.043333333333333335,10,0,10,0.0,0.0,685.8440662429649,345.26101755173045,1.0,9119.0,9119.0,0.0,5.7134999660775065,"2,13,4,13,12,6,13,9,12,13",0:0-2;1:0-13;2:10-4;3:3-13;4:0-12;5:2-6;6:11-13;7:1-9;8:0-12;9:3-13
396,proposed_c2f_adaptive_pd_calibrated,10,10,1.0,14,300,0.04666666666666667,10,0,10,0.0,0.0,685.8440662429649,345.26101755173045,1.0,9119.0,9119.0,0.0,14.163199986796826,"2,13,4,13,12,6,13,9,12,13",0:0-2;1:0-13;2:10-4;3:3-13;4:0-12;5:2-6;6:11-13;7:1-9;8:0-12;9:3-13
397,proposed_c2f_adaptive_pd,10,10,1.0,18,300,0.06,10,0,10,0.0,0.0,5210.0525816303,357.5450275172289,1.0,11583.0,11583.0,0.0,5.661900038830936,"0,11,14,14,8,3,5,3,5,9",0:3-0;1:0-11;2:0-14;3:4-14;4:0-8;5:0-3;6:3-5;7:0-3;8:3-5;9:0-9
397,proposed_c2f_adaptive_pd_calibrated,10,10,1.0,18,300,0.06,10,0,10,0.0,0.0,5210.0525816303,357.5450275172289,1.0,11583.0,11583.0,0.0,12.516999966464937,"0,11,14,14,8,3,5,3,5,9",0:3-0;1:0-11;2:0-14;3:4-14;4:0-8;5:0-3;6:3-5;7:0-3;8:3-5;9:0-9
398,proposed_c2f_adaptive_pd,10,10,1.0,20,300,0.06666666666666667,10,0,10,0.0,0.0,83506.71142720815,150.8681686281318,1.0,9273.0,9273.0,0.0,4.3536999728530645,"4,0,11,6,2,12,9,10,14,7",0:13-4;1:2-0;2:7-11;3:0-6;4:0-2;5:0-12;6:4-9;7:0-10;8:1-14;9:0-7
398,proposed_c2f_adaptive_pd_calibrated,10,10,1.0,20,300,0.06666666666666667,10,0,10,0.0,0.0,83506.71142720815,150.8681686281318,1.0,9273.0,9273.0,0.0,9.916600014548749,"4,0,11,6,2,12,9,10,14,7",0:13-4;1:2-0;2:7-11;3:0-6;4:0-2;5:0-12;6:4-9;7:0-10;8:1-14;9:0-7
399,proposed_c2f_adaptive_pd,10,10,1.0,19,300,0.06333333333333334,19,1,18,640.0,1.0666666666666667,315.0023345869847,87.43776878339263,1.0,18840.0,18840.0,0.0,10.700699989683926,"13,12,4,11,11,1,4,13,9,6","0:8-13;1:0-12;2:3-4;3:13-11,1-11,12-11;4:1-11;5:0-1;6:7-4;7:3-13,10-13,8-13,13-8,11-13,14-13;8:7-9,0-9,14-9;9:0-6"
399,proposed_c2f_adaptive_pd_calibrated,10,10,1.0,19,300,0.06333333333333334,19,1,18,640.0,1.0666666666666667,315.0023345869847,87.43776878339263,1.0,18840.0,18840.0,0.0,22.54560001892969,"13,12,4,11,11,1,4,13,9,6","0:8-13;1:0-12;2:3-4;3:13-11,1-11,12-11;4:1-11;5:0-1;6:7-4;7:3-13,10-13,8-13,13-8,11-13,14-13;8:7-9,0-9,14-9;9:0-6"
400,proposed_c2f_adaptive_pd,9,10,0.9,18,270,0.06666666666666667,10,0,10,0.0,0.0,705.0814296937443,128.23464902312918,0.9,14857.0,14857.0,0.0,5.596800008788705,"2,10,0,7,9,5,9,5,6,1",0:0-2;1:0-10;2:1-0;3:2-7;4:0-9;5:9-5;6:3-9;7:9-5;8:1-6;9:14-1
400,proposed_c2f_adaptive_pd_calibrated,9,10,0.9,19,270,0.07037037037037037,10,0,10,0.0,0.0,705.0814296937443,128.23464902312918,0.9,14857.0,14857.0,0.0,9.633900015614927,"2,10,0,7,9,5,9,5,6,1",0:0-2;1:0-10;2:1-0;3:2-7;4:0-9;5:9-5;6:3-9;7:9-5;8:1-6;9:14-1
401,proposed_c2f_adaptive_pd,10,10,1.0,14,300,0.04666666666666667,10,0,10,0.0,0.0,29106.936892747188,221.46650915581455,1.0,11737.0,11737.0,0.0,3.489100025035441,"13,6,8,5,10,12,9,4,13,0",0:5-13;1:2-6;2:5-8;3:0-5;4:7-10;5:0-12;6:0-9;7:0-4;8:5-13;9:1-0
401,proposed_c2f_adaptive_pd_calibrated,10,10,1.0,14,300,0.04666666666666667,10,0,10,0.0,0.0,29106.936892747188,221.46650915581455,1.0,11737.0,11737.0,0.0,13.565799978096038,"13,6,8,5,10,12,9,4,13,0",0:5-13;1:2-6;2:5-8;3:0-5;4:7-10;5:0-12;6:0-9;7:0-4;8:5-13;9:1-0
402,proposed_c2f_adaptive_pd,10,10,1.0,17,300,0.056666666666666664,11,0,11,0.0,0.0,3669.4606094976466,289.5801116486279,1.0,12734.0,12734.0,0.0,4.460300027858466,"13,13,5,12,8,10,10,13,6,2","0:0-13;1:14-13,8-13;2:0-5;3:0-12;4:1-8;5:0-10;6:0-10;7:1-13;8:0-6;9:0-2"
402,proposed_c2f_adaptive_pd_calibrated,10,10,1.0,17,300,0.056666666666666664,11,0,11,0.0,0.0,3669.4606094976466,289.5801116486279,1.0,12734.0,12734.0,0.0,12.30760000180453,"13,13,5,12,8,10,10,13,6,2","0:0-13;1:14-13,8-13;2:0-5;3:0-12;4:1-8;5:0-10;6:0-10;7:1-13;8:0-6;9:0-2"
403,proposed_c2f_adaptive_pd,10,10,1.0,24,300,0.08,10,0,10,0.0,0.0,1693.4505816652659,119.66254351182577,1.0,10351.0,10351.0,0.0,5.262200022116303,"1,3,7,5,3,13,12,4,7,12",0:6-1;1:0-3;2:2-7;3:2-5;4:0-3;5:12-13;6:1-12;7:0-4;8:2-7;9:0-12
403,proposed_c2f_adaptive_pd_calibrated,10,10,1.0,24,300,0.08,10,0,10,0.0,0.0,1693.4505816652659,119.66254351182577,1.0,10351.0,10351.0,0.0,12.775700015481561,"1,3,7,5,3,13,12,4,7,12",0:6-1;1:0-3;2:2-7;3:2-5;4:0-3;5:12-13;6:1-12;7:0-4;8:2-7;9:0-12
404,proposed_c2f_adaptive_pd,10,10,1.0,22,300,0.07333333333333333,25,4,21,2560.0,4.266666666666667,4456.366917150282,83.05616516729546,1.0,20971.0,20971.0,0.0,11.90470001893118,"11,4,5,5,11,12,13,13,4,14","0:13-11,2-11,11-13,9-11,6-11,11-2;1:0-4;2:13-5,5-3,5-8,3-5,8-5,2-5;3:3-5;4:6-11,0-11,12-11,9-11,1-11,2-11;5:0-12;6:2-13;7:2-13;8:0-4;9:0-14"
404,proposed_c2f_adaptive_pd_calibrated,10,10,1.0,22,300,0.07333333333333333,25,4,21,2560.0,4.266666666666667,4456.366917150282,83.05616516729546,1.0,20971.0,20971.0,0.0,33.0561000155285,"11,4,5,5,11,12,13,13,4,14","0:13-11,2-11,11-13,9-11,6-11,11-2;1:0-4;2:13-5,5-3,5-8,3-5,8-5,2-5;3:3-5;4:6-11,0-11,12-11,9-11,1-11,2-11;5:0-12;6:2-13;7:2-13;8:0-4;9:0-14"
405,proposed_c2f_adaptive_pd,9,10,0.9,12,300,0.04,13,0,13,0.0,0.0,470.91451556682193,106.8804713692827,1.0,15931.0,15931.0,0.0,4.80039999820292,"4,4,7,4,3,0,5,1,4,12","0:8-4,6-4,3-4,2-4;1:2-4;2:3-7;3:1-4;4:12-3;5:1-0;6:0-5;7:14-1;8:0-4;9:2-12"
405,proposed_c2f_adaptive_pd_calibrated,9,10,0.9,12,300,0.04,13,0,13,0.0,0.0,470.91451556682193,106.8804713692827,1.0,15931.0,15931.0,0.0,18.24030000716448,"4,4,7,4,3,0,5,1,4,12","0:8-4,6-4,3-4,2-4;1:2-4;2:3-7;3:1-4;4:12-3;5:1-0;6:0-5;7:14-1;8:0-4;9:2-12"
406,proposed_c2f_adaptive_pd,10,10,1.0,11,300,0.03666666666666667,15,3,12,1920.0,3.2,1671.043881359165,232.26382401346228,1.0,15814.0,15814.0,0.0,7.040800002869219,"14,12,2,4,6,4,3,8,1,13","0:3-14;1:12-6,9-6,6-12,9-12,7-6,7-12;2:0-2;3:2-4;4:12-6;5:2-4;6:1-3;7:1-8;8:3-1;9:1-13"
406,proposed_c2f_adaptive_pd_calibrated,10,10,1.0,11,300,0.03666666666666667,15,3,12,1920.0,3.2,1671.043881359165,232.26382401346228,1.0,15814.0,15814.0,0.0,18.846800026949495,"14,12,2,4,6,4,3,8,1,13","0:3-14;1:12-6,9-6,6-12,9-12,7-6,7-12;2:0-2;3:2-4;4:12-6;5:2-4;6:1-3;7:1-8;8:3-1;9:1-13"
407,proposed_c2f_adaptive_pd,10,10,1.0,14,300,0.04666666666666667,11,0,11,0.0,0.0,21121.062864361804,127.17931774815725,1.0,9822.0,9822.0,0.0,6.001599947921932,"14,2,13,2,10,2,13,1,4,7","0:0-14;1:0-2;2:0-13;3:1-2;4:1-10;5:1-2;6:0-13,7-13;7:12-1;8:0-4;9:0-7"
407,proposed_c2f_adaptive_pd_calibrated,10,10,1.0,14,300,0.04666666666666667,11,0,11,0.0,0.0,21121.062864361804,127.17931774815725,1.0,9822.0,9822.0,0.0,12.87659996887669,"14,2,13,2,10,2,13,1,4,7","0:0-14;1:0-2;2:0-13;3:1-2;4:1-10;5:1-2;6:0-13,7-13;7:12-1;8:0-4;9:0-7"
408,proposed_c2f_adaptive_pd,10,10,1.0,13,300,0.043333333333333335,12,0,12,0.0,0.0,546.700396035423,474.53852587722224,1.0,11847.0,11847.0,0.0,5.761500040534884,"3,2,12,14,13,10,13,13,9,5","0:6-3,9-3;1:0-2;2:0-12;3:0-14;4:2-13;5:5-10;6:0-13;7:6-13;8:3-9,6-9;9:0-5"
408,proposed_c2f_adaptive_pd_calibrated,10,10,1.0,13,300,0.043333333333333335,12,0,12,0.0,0.0,546.700396035423,474.53852587722224,1.0,11847.0,11847.0,0.0,13.966300000902265,"3,2,12,14,13,10,13,13,9,5","0:6-3,9-3;1:0-2;2:0-12;3:0-14;4:2-13;5:5-10;6:0-13;7:6-13;8:3-9,6-9;9:0-5"
409,proposed_c2f_adaptive_pd,9,10,0.9,13,270,0.04814814814814815,11,0,11,0.0,0.0,46520.74742375368,159.88231705539997,0.9090909090909091,9983.0,9983.0,0.0,4.579599946737289,"0,14,0,4,6,13,5,7,1,3","0:1-0;1:0-14;2:3-0,1-0;3:0-4;4:0-6;5:2-13;6:11-5;7:0-7;8:0-1;9:0-3"
409,proposed_c2f_adaptive_pd_calibrated,9,10,0.9,13,270,0.04814814814814815,11,0,11,0.0,0.0,46520.74742375368,159.88231705539997,0.9090909090909091,9983.0,9983.0,0.0,9.180199995171279,"0,14,0,4,6,13,5,7,1,3","0:1-0;1:0-14;2:3-0,1-0;3:0-4;4:0-6;5:2-13;6:11-5;7:0-7;8:0-1;9:0-3"
410,proposed_c2f_adaptive_pd,10,10,1.0,14,300,0.04666666666666667,10,0,10,0.0,0.0,607.4948141466664,96.7066944503411,1.0,9581.0,9581.0,0.0,5.905699974391609,"6,5,5,5,7,4,5,6,1,5",0:2-6;1:0-5;2:2-5;3:0-5;4:2-7;5:0-4;6:0-5;7:0-6;8:4-1;9:2-5
410,proposed_c2f_adaptive_pd_calibrated,10,10,1.0,14,300,0.04666666666666667,10,0,10,0.0,0.0,607.4948141466664,96.7066944503411,1.0,9581.0,9581.0,0.0,9.788900031708181,"6,5,5,5,7,4,5,6,1,5",0:2-6;1:0-5;2:2-5;3:0-5;4:2-7;5:0-4;6:0-5;7:0-6;8:4-1;9:2-5
411,proposed_c2f_adaptive_pd,10,10,1.0,19,300,0.06333333333333334,10,0,10,0.0,0.0,9252.598016866574,350.53854456560055,1.0,7579.0,7579.0,0.0,4.215599969029427,"11,5,8,4,14,9,0,9,3,11",0:0-11;1:0-5;2:13-8;3:0-4;4:0-14;5:0-9;6:1-0;7:0-9;8:0-3;9:2-11
411,proposed_c2f_adaptive_pd_calibrated,10,10,1.0,20,300,0.06666666666666667,10,0,10,0.0,0.0,9252.598016866574,350.53854456560055,1.0,7579.0,7579.0,0.0,12.776900024618953,"11,5,8,4,14,9,0,9,3,11",0:0-11;1:0-5;2:13-8;3:0-4;4:0-14;5:0-9;6:1-0;7:0-9;8:0-3;9:2-11
412,proposed_c2f_adaptive_pd,10,10,1.0,19,300,0.06333333333333334,10,0,10,0.0,0.0,2106.6537182366283,622.307976849523,1.0,10659.0,10659.0,0.0,5.460800020955503,"13,4,12,14,6,13,12,13,14,11",0:0-13;1:0-4;2:3-12;3:0-14;4:7-6;5:0-13;6:3-12;7:0-13;8:0-14;9:0-11
412,proposed_c2f_adaptive_pd_calibrated,10,10,1.0,21,300,0.07,10,0,10,0.0,0.0,2106.6537182366283,622.307976849523,1.0,10659.0,10659.0,0.0,10.241899988614023,"13,4,12,14,6,13,12,13,14,11",0:0-13;1:0-4;2:3-12;3:0-14;4:7-6;5:0-13;6:3-12;7:0-13;8:0-14;9:0-11
413,proposed_c2f_adaptive_pd,10,10,1.0,18,300,0.06,16,4,12,2560.0,4.266666666666667,629.609820503865,175.98705446077741,1.0,18366.0,18366.0,0.0,9.248699992895126,"6,6,8,10,5,5,8,6,10,7","0:1-6,2-6;1:1-6;2:3-8;3:3-10;4:13-5,5-13,14-5,5-14,13-14,14-13;5:10-5;6:0-8;7:1-6;8:1-10;9:4-7"
413,proposed_c2f_adaptive_pd_calibrated,10,10,1.0,19,300,0.06333333333333334,16,4,12,2560.0,4.266666666666667,629.609820503865,175.98705446077741,1.0,18366.0,18366.0,0.0,19.53930000308901,"6,6,8,10,5,5,8,6,10,7","0:1-6,2-6;1:1-6;2:3-8;3:3-10;4:13-5,5-13,14-5,5-14,13-14,14-13;5:10-5;6:0-8;7:1-6;8:1-10;9:4-7"
414,proposed_c2f_adaptive_pd,10,10,1.0,14,300,0.04666666666666667,20,6,14,3840.0,6.400000000000001,1113.0700205147768,151.44926009817203,1.0,23340.0,23340.0,0.0,11.10619999235496,"3,9,7,6,5,6,12,5,4,5","0:0-3;1:0-9;2:0-7;3:13-6,6-13,1-6,6-1,1-13,13-1;4:0-5;5:1-6;6:11-12,14-12,9-12,12-11,12-9,0-12;7:4-5;8:0-4;9:4-5"
414,proposed_c2f_adaptive_pd_calibrated,10,10,1.0,14,300,0.04666666666666667,20,6,14,3840.0,6.400000000000001,1113.0700205147768,151.44926009817203,1.0,23340.0,23340.0,0.0,25.297900021541864,"3,9,7,6,5,6,12,5,4,5","0:0-3;1:0-9;2:0-7;3:13-6,6-13,1-6,6-1,1-13,13-1;4:0-5;5:1-6;6:11-12,14-12,9-12,12-11,12-9,0-12;7:4-5;8:0-4;9:4-5"
415,proposed_c2f_adaptive_pd,10,10,1.0,10,300,0.03333333333333333,12,0,12,0.0,0.0,644.1928368289006,516.810300343396,1.0,12415.0,12415.0,0.0,4.162500030361116,"6,1,7,14,8,3,1,9,5,7","0:2-6;1:14-1,11-1,10-1;2:0-7;3:11-14;4:0-8;5:0-3;6:0-1;7:0-9;8:2-5;9:0-7"
415,proposed_c2f_adaptive_pd_calibrated,10,10,1.0,10,300,0.03333333333333333,12,0,12,0.0,0.0,644.1928368289006,516.810300343396,1.0,12415.0,12415.0,0.0,13.057800009846687,"6,1,7,14,8,3,1,9,5,7","0:2-6;1:14-1,11-1,10-1;2:0-7;3:11-14;4:0-8;5:0-3;6:0-1;7:0-9;8:2-5;9:0-7"
416,proposed_c2f_adaptive_pd,10,10,1.0,16,300,0.05333333333333334,14,1,13,640.0,1.0666666666666667,2642.546996300329,94.8333546215792,1.0,14247.0,14247.0,0.0,6.016500003170222,"14,14,10,2,14,11,4,5,3,13","0:0-14;1:0-14;2:0-10;3:1-2;4:0-14;5:0-11;6:4-13,13-4,3-4,8-4,2-4;7:0-5;8:2-3;9:2-13"
416,proposed_c2f_adaptive_pd_calibrated,10,10,1.0,16,300,0.05333333333333334,14,1,13,640.0,1.0666666666666667,2642.546996300329,94.8333546215792,1.0,14247.0,14247.0,0.0,16.582500014919788,"14,14,10,2,14,11,4,5,3,13","0:0-14;1:0-14;2:0-10;3:1-2;4:0-14;5:0-11;6:4-13,13-4,3-4,8-4,2-4;7:0-5;8:2-3;9:2-13"
417,proposed_c2f_adaptive_pd,10,10,1.0,15,300,0.05,10,0,10,0.0,0.0,4859.576783160142,498.20342729400585,1.0,10071.0,10071.0,0.0,5.940000002738088,"9,6,3,1,12,10,9,5,1,9",0:0-9;1:4-6;2:0-3;3:4-1;4:9-12;5:0-10;6:1-9;7:1-5;8:4-1;9:0-9
417,proposed_c2f_adaptive_pd_calibrated,10,10,1.0,15,300,0.05,10,0,10,0.0,0.0,4859.576783160142,498.20342729400585,1.0,10071.0,10071.0,0.0,13.904399995226413,"9,6,3,1,12,10,9,5,1,9",0:0-9;1:4-6;2:0-3;3:4-1;4:9-12;5:0-10;6:1-9;7:1-5;8:4-1;9:0-9
418,proposed_c2f_adaptive_pd,10,10,1.0,21,300,0.07,17,4,13,2560.0,4.266666666666667,19397.027351906225,786.8814363230094,1.0,16204.0,16204.0,0.0,6.736400013323873,"8,0,4,9,12,9,3,1,10,12","0:0-8;1:1-0;2:0-4;3:0-9;4:3-12,5-12,4-12;5:0-9;6:3-5,5-3,8-5,12-5,8-3,2-5;7:0-1;8:4-10;9:4-12"
418,proposed_c2f_adaptive_pd_calibrated,10,10,1.0,21,300,0.07,17,4,13,2560.0,4.266666666666667,19397.027351906225,786.8814363230094,1.0,16204.0,16204.0,0.0,23.89399998355657,"8,0,4,9,12,9,3,1,10,12","0:0-8;1:1-0;2:0-4;3:0-9;4:3-12,5-12,4-12;5:0-9;6:3-5,5-3,8-5,12-5,8-3,2-5;7:0-1;8:4-10;9:4-12"
419,proposed_c2f_adaptive_pd,10,10,1.0,9,300,0.03,11,0,11,0.0,0.0,484.17402984295404,216.23343948173294,1.0,9948.0,9948.0,0.0,4.566700023133308,"5,12,7,2,5,8,14,4,6,4","0:0-5;1:3-12;2:0-7;3:9-2,4-2;4:0-5;5:0-8;6:0-14;7:1-4;8:13-6;9:0-4"
419,proposed_c2f_adaptive_pd_calibrated,10,10,1.0,9,300,0.03,11,0,11,0.0,0.0,484.17402984295404,216.23343948173294,1.0,9948.0,9948.0,0.0,12.088300019968301,"5,12,7,2,5,8,14,4,6,4","0:0-5;1:3-12;2:0-7;3:9-2,4-2;4:0-5;5:0-8;6:0-14;7:1-4;8:13-6;9:0-4"
420,proposed_c2f_adaptive_pd,10,10,1.0,10,300,0.03333333333333333,10,0,10,0.0,0.0,8762.790023327947,394.8671071231645,1.0,11891.0,11891.0,0.0,5.996399966534227,"14,2,1,4,14,5,11,8,7,11",0:1-14;1:0-2;2:0-1;3:1-4;4:1-14;5:10-5;6:1-11;7:0-8;8:0-7;9:3-11
420,proposed_c2f_adaptive_pd_calibrated,10,10,1.0,10,300,0.03333333333333333,10,0,10,0.0,0.0,8762.790023327947,394.8671071231645,1.0,11891.0,11891.0,0.0,13.02340003894642,"14,2,1,4,14,5,11,8,7,11",0:1-14;1:0-2;2:0-1;3:1-4;4:1-14;5:10-5;6:1-11;7:0-8;8:0-7;9:3-11
421,proposed_c2f_adaptive_pd,10,10,1.0,10,300,0.03333333333333333,15,2,13,1280.0,2.1333333333333333,942.1159529261811,460.17002865743854,1.0,15197.0,15197.0,0.0,6.234699976630509,"14,14,4,11,0,14,0,11,0,4","0:0-14;1:0-14;2:0-4;3:0-11;4:11-0;5:4-14;6:11-0;7:0-11;8:1-0;9:1-4,4-1,4-14,14-4,0-4,11-4"
421,proposed_c2f_adaptive_pd_calibrated,10,10,1.0,11,300,0.03666666666666667,15,2,13,1280.0,2.1333333333333333,942.1159529261811,460.17002865743854,1.0,15197.0,15197.0,0.0,14.756000018678606,"14,14,4,11,0,14,0,11,0,4","0:0-14;1:0-14;2:0-4;3:0-11;4:11-0;5:4-14;6:11-0;7:0-11;8:1-0;9:1-4,4-1,4-14,14-4,0-4,11-4"
422,proposed_c2f_adaptive_pd,10,10,1.0,19,300,0.06333333333333334,15,2,13,1280.0,2.1333333333333333,1007.8125719455771,165.58330597481518,1.0,13233.0,13233.0,0.0,6.976099975872785,"5,10,12,1,13,5,2,12,5,10","0:6-5;1:5-10;2:0-12;3:11-1;4:0-13;5:0-5;6:4-2;7:0-12;8:0-5;9:5-10,6-10,10-6,12-10,5-6,7-10"
422,proposed_c2f_adaptive_pd_calibrated,10,10,1.0,19,300,0.06333333333333334,15,2,13,1280.0,2.1333333333333333,1007.8125719455771,165.58330597481518,1.0,13233.0,13233.0,0.0,17.665699997451156,"5,10,12,1,13,5,2,12,5,10","0:6-5;1:5-10;2:0-12;3:11-1;4:0-13;5:0-5;6:4-2;7:0-12;8:0-5;9:5-10,6-10,10-6,12-10,5-6,7-10"
423,proposed_c2f_adaptive_pd,9,10,0.9,12,300,0.04,23,8,15,5120.0,8.533333333333335,2248.564785085605,90.96869417433062,1.0,22419.0,22419.0,0.0,13.143500022124499,"11,13,6,10,1,10,5,12,0,7","0:0-11;1:10-13;2:2-6;3:1-10,9-10,7-10,13-10;4:0-1;5:0-10;6:7-12,5-12,12-7,5-7,7-5,12-5;7:2-12;8:1-0;9:7-8,5-7,5-8,5-12,8-7,7-12"
423,proposed_c2f_adaptive_pd_calibrated,9,10,0.9,13,300,0.043333333333333335,23,8,15,5120.0,8.533333333333335,2248.564785085605,90.96869417433062,1.0,22419.0,22419.0,0.0,26.711600017733872,"11,13,6,10,1,10,5,12,0,7","0:0-11;1:10-13;2:2-6;3:1-10,9-10,7-10,13-10;4:0-1;5:0-10;6:7-12,5-12,12-7,5-7,7-5,12-5;7:2-12;8:1-0;9:7-8,5-7,5-8,5-12,8-7,7-12"
424,proposed_c2f_adaptive_pd,10,10,1.0,13,300,0.043333333333333335,16,3,13,1920.0,3.2,5573.221344040525,705.1075824416745,1.0,22025.0,22025.0,0.0,9.116900037042797,"7,7,11,12,0,3,13,5,6,7","0:1-7;1:1-7;2:5-11;3:1-12;4:5-0,4-0;5:2-3;6:1-13;7:5-11,11-5,5-0,0-5,11-0,13-5;8:0-6;9:1-7"
424,proposed_c2f_adaptive_pd_calibrated,10,10,1.0,13,300,0.043333333333333335,16,3,13,1920.0,3.2,5573.221344040525,705.1075824416745,1.0,22025.0,22025.0,0.0,22.774500015657395,"7,7,11,12,0,3,13,5,6,7","0:1-7;1:1-7;2:5-11;3:1-12;4:5-0,4-0;5:2-3;6:1-13;7:5-11,11-5,5-0,0-5,11-0,13-5;8:0-6;9:1-7"
425,proposed_c2f_adaptive_pd,10,10,1.0,14,300,0.04666666666666667,10,0,10,0.0,0.0,612.144172414432,279.6081468566934,1.0,10813.0,10813.0,0.0,3.6811999743804336,"8,1,11,13,10,9,11,8,6,8",0:3-8;1:0-1;2:0-11;3:1-13;4:0-10;5:1-9;6:0-11;7:3-8;8:0-6;9:3-8
425,proposed_c2f_adaptive_pd_calibrated,10,10,1.0,14,300,0.04666666666666667,10,0,10,0.0,0.0,612.144172414432,279.6081468566934,1.0,10813.0,10813.0,0.0,10.103499982506037,"8,1,11,13,10,9,11,8,6,8",0:3-8;1:0-1;2:0-11;3:1-13;4:0-10;5:1-9;6:0-11;7:3-8;8:0-6;9:3-8
426,proposed_c2f_adaptive_pd,10,10,1.0,10,300,0.03333333333333333,10,0,10,0.0,0.0,374.6567389936019,155.65398895286847,1.0,7117.0,7117.0,0.0,5.171900033019483,"13,1,2,0,2,10,10,7,12,4",0:1-13;1:0-1;2:4-2;3:1-0;4:1-2;5:2-10;6:0-10;7:1-7;8:0-12;9:3-4
426,proposed_c2f_adaptive_pd_calibrated,10,10,1.0,10,300,0.03333333333333333,10,0,10,0.0,0.0,374.6567389936019,155.65398895286847,1.0,7117.0,7117.0,0.0,13.117599999532104,"13,1,2,0,2,10,10,7,12,4",0:1-13;1:0-1;2:4-2;3:1-0;4:1-2;5:2-10;6:0-10;7:1-7;8:0-12;9:3-4
427,proposed_c2f_adaptive_pd,9,10,0.9,13,300,0.043333333333333335,10,0,10,0.0,0.0,1419.233504906799,222.84269239163393,1.0,11891.0,11891.0,0.0,5.3308000206016,"6,6,5,2,14,14,1,0,12,7",0:0-6;1:3-6;2:1-5;3:5-2;4:0-14;5:0-14;6:2-1;7:8-0;8:0-12;9:0-7
427,proposed_c2f_adaptive_pd_calibrated,9,10,0.9,13,300,0.043333333333333335,10,0,10,0.0,0.0,1419.233504906799,222.84269239163393,1.0,11891.0,11891.0,0.0,13.157200010027736,"6,6,5,2,14,14,1,0,12,7",0:0-6;1:3-6;2:1-5;3:5-2;4:0-14;5:0-14;6:2-1;7:8-0;8:0-12;9:0-7
428,proposed_c2f_adaptive_pd,9,10,0.9,15,300,0.05,10,0,10,0.0,0.0,2108.0432629776833,167.51108502390522,1.0,12255.0,12255.0,0.0,4.996899981051683,"8,10,0,7,13,10,7,7,5,6",0:0-8;1:4-10;2:5-0;3:0-7;4:5-13;5:4-10;6:0-7;7:1-7;8:7-5;9:2-6
428,proposed_c2f_adaptive_pd_calibrated,9,10,0.9,15,300,0.05,10,0,10,0.0,0.0,2108.0432629776833,167.51108502390522,1.0,12255.0,12255.0,0.0,12.177099997643381,"8,10,0,7,13,10,7,7,5,6",0:0-8;1:4-10;2:5-0;3:0-7;4:5-13;5:4-10;6:0-7;7:1-7;8:7-5;9:2-6
429,proposed_c2f_adaptive_pd,9,10,0.9,20,300,0.06666666666666667,11,0,11,0.0,0.0,119.92072350573915,59.37054474772697,1.0,12927.0,12927.0,0.0,5.123900016769767,"2,12,3,2,1,7,7,11,1,14","0:3-2,14-2;1:0-12;2:13-3;3:5-2;4:0-1;5:13-7;6:10-7;7:0-11;8:0-1;9:2-14"
429,proposed_c2f_adaptive_pd_calibrated,9,10,0.9,20,300,0.06666666666666667,11,0,11,0.0,0.0,119.92072350573915,59.37054474772697,1.0,12927.0,12927.0,0.0,9.938799950759858,"2,12,3,2,1,7,7,11,1,14","0:3-2,14-2;1:0-12;2:13-3;3:5-2;4:0-1;5:13-7;6:10-7;7:0-11;8:0-1;9:2-14"
430,proposed_c2f_adaptive_pd,10,10,1.0,12,300,0.04,10,0,10,0.0,0.0,712.1208727637866,461.91705462705147,1.0,6655.0,6655.0,0.0,5.343199998605996,"0,8,4,6,9,6,10,12,2,11",0:6-0;1:0-8;2:5-4;3:8-6;4:4-9;5:0-6;6:7-10;7:1-12;8:1-2;9:7-11
430,proposed_c2f_adaptive_pd_calibrated,10,10,1.0,13,300,0.043333333333333335,10,0,10,0.0,0.0,712.1208727637866,461.91705462705147,1.0,6655.0,6655.0,0.0,12.939199979882687,"0,8,4,6,9,6,10,12,2,11",0:6-0;1:0-8;2:5-4;3:8-6;4:4-9;5:0-6;6:7-10;7:1-12;8:1-2;9:7-11
431,proposed_c2f_adaptive_pd,9,10,0.9,15,300,0.05,11,0,11,0.0,0.0,613.5151170788254,123.70506066958808,1.0,14554.0,14554.0,0.0,6.199900002684444,"3,5,6,7,9,8,3,6,9,9","0:0-3;1:0-5;2:0-6;3:0-7;4:1-9;5:0-8;6:0-3;7:0-6;8:6-9;9:1-9,0-9"
431,proposed_c2f_adaptive_pd_calibrated,9,10,0.9,15,300,0.05,11,0,11,0.0,0.0,613.5151170788254,123.70506066958808,1.0,14554.0,14554.0,0.0,14.85159998992458,"3,5,6,7,9,8,3,6,9,9","0:0-3;1:0-5;2:0-6;3:0-7;4:1-9;5:0-8;6:0-3;7:0-6;8:6-9;9:1-9,0-9"
432,proposed_c2f_adaptive_pd,9,10,0.9,14,300,0.04666666666666667,12,1,11,640.0,1.0666666666666667,1565.560656219074,331.5052568494617,1.0,15257.0,15257.0,0.0,6.660000013653189,"5,5,9,7,10,5,9,2,9,11","0:5-0,0-5,2-5;1:10-5;2:0-9;3:0-7;4:2-10;5:0-5;6:4-9;7:1-2;8:4-9;9:0-11"
432,proposed_c2f_adaptive_pd_calibrated,9,10,0.9,14,300,0.04666666666666667,12,1,11,640.0,1.0666666666666667,1565.560656219074,331.5052568494617,1.0,15257.0,15257.0,0.0,15.064600040204823,"5,5,9,7,10,5,9,2,9,11","0:5-0,0-5,2-5;1:10-5;2:0-9;3:0-7;4:2-10;5:0-5;6:4-9;7:1-2;8:4-9;9:0-11"
433,proposed_c2f_adaptive_pd,10,10,1.0,11,300,0.03666666666666667,10,0,10,0.0,0.0,14225.098818146851,283.76495657915797,1.0,11737.0,11737.0,0.0,6.141900026705116,"10,8,11,8,3,9,2,9,9,6",0:0-10;1:0-8;2:0-11;3:0-8;4:1-3;5:0-9;6:3-2;7:0-9;8:0-9;9:1-6
433,proposed_c2f_adaptive_pd_calibrated,10,10,1.0,11,300,0.03666666666666667,10,0,10,0.0,0.0,14225.098818146851,283.76495657915797,1.0,11737.0,11737.0,0.0,11.447299970313907,"10,8,11,8,3,9,2,9,9,6",0:0-10;1:0-8;2:0-11;3:0-8;4:1-3;5:0-9;6:3-2;7:0-9;8:0-9;9:1-6
434,proposed_c2f_adaptive_pd,10,10,1.0,16,300,0.05333333333333334,12,0,12,0.0,0.0,5582.522625169296,456.65085050751213,1.0,11136.0,11136.0,0.0,5.712200014386326,"2,2,12,1,1,6,6,9,13,9","0:13-2;1:4-2;2:14-12;3:0-1;4:0-1;5:0-6;6:0-6;7:0-9;8:14-13,7-13,2-13;9:0-9"
434,proposed_c2f_adaptive_pd_calibrated,10,10,1.0,16,300,0.05333333333333334,12,0,12,0.0,0.0,5582.522625169296,456.65085050751213,1.0,11136.0,11136.0,0.0,16.450600000098348,"2,2,12,1,1,6,6,9,13,9","0:13-2;1:4-2;2:14-12;3:0-1;4:0-1;5:0-6;6:0-6;7:0-9;8:14-13,7-13,2-13;9:0-9"
435,proposed_c2f_adaptive_pd,10,10,1.0,9,300,0.03,20,1,19,640.0,1.0666666666666667,5326.567364318911,229.09869097049784,1.0,20468.0,20468.0,0.0,10.497600014787167,"5,4,3,4,9,7,10,11,10,3","0:0-5;1:3-4,1-4,12-4,14-4,9-4,11-4;2:4-3;3:3-4,12-4,9-4,4-3,1-4,14-4;4:1-9;5:0-7;6:6-10;7:0-11;8:0-10;9:12-3"
435,proposed_c2f_adaptive_pd_calibrated,10,10,1.0,9,300,0.03,20,1,19,640.0,1.0666666666666667,5326.567364318911,229.09869097049784,1.0,20468.0,20468.0,0.0,28.220399981364608,"5,4,3,4,9,7,10,11,10,3","0:0-5;1:3-4,1-4,12-4,14-4,9-4,11-4;2:4-3;3:3-4,12-4,9-4,4-3,1-4,14-4;4:1-9;5:0-7;6:6-10;7:0-11;8:0-10;9:12-3"
436,proposed_c2f_adaptive_pd,9,10,0.9,17,300,0.056666666666666664,22,4,18,2560.0,4.266666666666667,97322.41356021778,152.15916509070522,1.0,25563.0,25563.0,0.0,9.982300049159676,"8,7,8,1,11,4,1,1,8,1","0:3-8;1:0-7;2:9-8;3:7-1,1-7,4-7,7-4,0-1,6-1;4:0-11;5:3-4,8-4,4-3,0-4,6-4,7-4;6:14-1;7:0-1;8:4-8,3-8,0-8;9:4-1"
436,proposed_c2f_adaptive_pd_calibrated,9,10,0.9,17,300,0.056666666666666664,22,4,18,2560.0,4.266666666666667,97322.41356021778,152.15916509070522,1.0,25563.0,25563.0,0.0,29.65430001495406,"8,7,8,1,11,4,1,1,8,1","0:3-8;1:0-7;2:9-8;3:7-1,1-7,4-7,7-4,0-1,6-1;4:0-11;5:3-4,8-4,4-3,0-4,6-4,7-4;6:14-1;7:0-1;8:4-8,3-8,0-8;9:4-1"
437,proposed_c2f_adaptive_pd,10,10,1.0,13,300,0.043333333333333335,10,0,10,0.0,0.0,8505.34226176561,486.2483959803134,1.0,9581.0,9581.0,0.0,5.782300024293363,"14,11,8,8,12,11,7,9,1,2",0:2-14;1:0-11;2:0-8;3:0-8;4:0-12;5:0-11;6:0-7;7:2-9;8:7-1;9:6-2
437,proposed_c2f_adaptive_pd_calibrated,10,10,1.0,13,300,0.043333333333333335,10,0,10,0.0,0.0,8505.34226176561,486.2483959803134,1.0,9581.0,9581.0,0.0,13.755800027865916,"14,11,8,8,12,11,7,9,1,2",0:2-14;1:0-11;2:0-8;3:0-8;4:0-12;5:0-11;6:0-7;7:2-9;8:7-1;9:6-2
438,proposed_c2f_adaptive_pd,10,10,1.0,14,300,0.04666666666666667,14,1,13,640.0,1.0666666666666667,334.1535914861305,60.09606242037274,1.0,16867.0,16867.0,0.0,7.201500004157424,"10,0,2,6,6,2,13,8,2,10","0:1-10;1:1-0;2:8-2;3:2-6;4:0-6;5:8-2,5-2,2-5,14-2;6:0-13;7:7-8,0-8;8:5-2;9:3-10"
438,proposed_c2f_adaptive_pd_calibrated,10,10,1.0,14,300,0.04666666666666667,14,1,13,640.0,1.0666666666666667,334.1535914861305,60.09606242037274,1.0,16867.0,16867.0,0.0,19.111500005237758,"10,0,2,6,6,2,13,8,2,10","0:1-10;1:1-0;2:8-2;3:2-6;4:0-6;5:8-2,5-2,2-5,14-2;6:0-13;7:7-8,0-8;8:5-2;9:3-10"
439,proposed_c2f_adaptive_pd,10,10,1.0,10,300,0.03333333333333333,10,0,10,0.0,0.0,729.1568768302012,121.2978130316868,1.0,12353.0,12353.0,0.0,4.143099999055266,"9,4,5,7,3,7,7,2,7,4",0:0-9;1:0-4;2:0-5;3:0-7;4:5-3;5:0-7;6:0-7;7:6-2;8:2-7;9:7-4
439,proposed_c2f_adaptive_pd_calibrated,10,10,1.0,10,300,0.03333333333333333,10,0,10,0.0,0.0,729.1568768302012,121.2978130316868,1.0,12353.0,12353.0,0.0,9.192599973175675,"9,4,5,7,3,7,7,2,7,4",0:0-9;1:0-4;2:0-5;3:0-7;4:5-3;5:0-7;6:0-7;7:6-2;8:2-7;9:7-4
440,proposed_c2f_adaptive_pd,10,10,1.0,22,300,0.07333333333333333,15,1,14,640.0,1.0666666666666667,990.6260980437164,408.8658993053241,0.8666666666666667,13457.0,13457.0,0.0,7.376299996394664,"13,9,4,6,11,7,12,9,4,4","0:0-13,1-13,13-0,5-13,8-13,3-13;1:12-9;2:6-4;3:2-6;4:0-11;5:1-7;6:0-12;7:2-9;8:6-4;9:6-4"
440,proposed_c2f_adaptive_pd_calibrated,10,10,1.0,22,300,0.07333333333333333,15,1,14,640.0,1.0666666666666667,990.6260980437164,408.8658993053241,0.8666666666666667,13457.0,13457.0,0.0,15.66499995533377,"13,9,4,6,11,7,12,9,4,4","0:0-13,1-13,13-0,5-13,8-13,3-13;1:12-9;2:6-4;3:2-6;4:0-11;5:1-7;6:0-12;7:2-9;8:6-4;9:6-4"
441,proposed_c2f_adaptive_pd,10,10,1.0,21,300,0.07,12,1,11,640.0,1.0666666666666667,386.582115498257,190.7474779822959,1.0,11346.0,11346.0,0.0,6.223799951840192,"14,13,13,4,13,13,12,13,14,7","0:0-14;1:2-13;2:2-13;3:0-4;4:0-13;5:8-13;6:1-12;7:8-13;8:5-14,14-4,1-14;9:0-7"
441,proposed_c2f_adaptive_pd_calibrated,10,10,1.0,21,300,0.07,12,1,11,640.0,1.0666666666666667,386.582115498257,190.7474779822959,1.0,11346.0,11346.0,0.0,17.096699972171336,"14,13,13,4,13,13,12,13,14,7","0:0-14;1:2-13;2:2-13;3:0-4;4:0-13;5:8-13;6:1-12;7:8-13;8:5-14,14-4,1-14;9:0-7"
442,proposed_c2f_adaptive_pd,10,10,1.0,20,300,0.06666666666666667,10,0,10,0.0,0.0,13764.418322461832,226.1393471790184,1.0,11079.0,11079.0,0.0,6.190600048284978,"4,2,10,1,2,7,6,7,9,12",0:0-4;1:8-2;2:0-10;3:0-1;4:7-2;5:0-7;6:3-6;7:0-7;8:4-9;9:4-12
442,proposed_c2f_adaptive_pd_calibrated,10,10,1.0,20,300,0.06666666666666667,10,0,10,0.0,0.0,13764.418322461832,226.1393471790184,1.0,11079.0,11079.0,0.0,11.797500017564744,"4,2,10,1,2,7,6,7,9,12",0:0-4;1:8-2;2:0-10;3:0-1;4:7-2;5:0-7;6:3-6;7:0-7;8:4-9;9:4-12
443,proposed_c2f_adaptive_pd,10,10,1.0,14,300,0.04666666666666667,12,0,12,0.0,0.0,11036.470913423967,353.54628282460556,1.0,12077.0,12077.0,0.0,7.363800017628819,"6,2,14,9,0,10,5,8,12,7","0:0-6;1:0-2;2:7-14,10-14;3:2-9;4:3-0;5:8-10,14-10;6:4-5;7:4-8;8:0-12;9:0-7"
443,proposed_c2f_adaptive_pd_calibrated,10,10,1.0,14,300,0.04666666666666667,12,0,12,0.0,0.0,11036.470913423967,353.54628282460556,1.0,12077.0,12077.0,0.0,14.709000010043383,"6,2,14,9,0,10,5,8,12,7","0:0-6;1:0-2;2:7-14,10-14;3:2-9;4:3-0;5:8-10,14-10;6:4-5;7:4-8;8:0-12;9:0-7"
444,proposed_c2f_adaptive_pd,10,10,1.0,18,300,0.06,11,0,11,0.0,0.0,240194.28990751313,204.36459701584815,1.0,12218.0,12218.0,0.0,4.712000023573637,"14,12,12,3,10,12,10,9,9,11","0:5-14;1:0-12;2:0-12;3:4-3;4:11-10,8-10;5:0-12;6:11-10;7:0-9;8:1-9;9:8-11"
444,proposed_c2f_adaptive_pd_calibrated,10,10,1.0,18,300,0.06,11,0,11,0.0,0.0,240194.28990751313,204.36459701584815,1.0,12218.0,12218.0,0.0,12.46030000038445,"14,12,12,3,10,12,10,9,9,11","0:5-14;1:0-12;2:0-12;3:4-3;4:11-10,8-10;5:0-12;6:11-10;7:0-9;8:1-9;9:8-11"
445,proposed_c2f_adaptive_pd,10,10,1.0,14,300,0.04666666666666667,10,0,10,0.0,0.0,275.6566434847053,245.97270980407444,1.0,11079.0,11079.0,0.0,4.537500033620745,"8,1,8,2,5,9,6,2,0,8",0:1-8;1:0-1;2:0-8;3:1-2;4:0-5;5:0-9;6:0-6;7:12-2;8:1-0;9:5-8
445,proposed_c2f_adaptive_pd_calibrated,10,10,1.0,14,300,0.04666666666666667,10,0,10,0.0,0.0,275.6566434847053,245.97270980407444,1.0,11079.0,11079.0,0.0,10.828699974808842,"8,1,8,2,5,9,6,2,0,8",0:1-8;1:0-1;2:0-8;3:1-2;4:0-5;5:0-9;6:0-6;7:12-2;8:1-0;9:5-8
446,proposed_c2f_adaptive_pd,10,10,1.0,15,300,0.05,16,3,13,1920.0,3.2,3006.9864109090454,211.84672176734014,1.0,19151.0,19151.0,0.0,8.697499986737967,"3,8,3,3,3,8,7,3,8,11","0:2-3;1:0-8,1-8;2:3-10,10-3,9-10,5-10,9-3;3:0-3;4:9-3,10-3;5:0-8;6:5-7;7:0-3;8:0-8;9:1-11"
446,proposed_c2f_adaptive_pd_calibrated,10,10,1.0,15,300,0.05,16,3,13,1920.0,3.2,3006.9864109090454,211.84672176734014,1.0,19151.0,19151.0,0.0,17.774200008716434,"3,8,3,3,3,8,7,3,8,11","0:2-3;1:0-8,1-8;2:3-10,10-3,9-10,5-10,9-3;3:0-3;4:9-3,10-3;5:0-8;6:5-7;7:0-3;8:0-8;9:1-11"
447,proposed_c2f_adaptive_pd,10,10,1.0,15,300,0.05,10,0,10,0.0,0.0,383.1414026874893,127.15387727498879,1.0,9119.0,9119.0,0.0,4.8896000371314585,"4,6,2,10,1,0,12,12,4,0",0:1-4;1:13-6;2:0-2;3:1-10;4:0-1;5:1-0;6:6-12;7:1-12;8:12-4;9:1-0
447,proposed_c2f_adaptive_pd_calibrated,10,10,1.0,15,300,0.05,10,0,10,0.0,0.0,383.1414026874893,127.15387727498879,1.0,9119.0,9119.0,0.0,8.962499967310578,"4,6,2,10,1,0,12,12,4,0",0:1-4;1:13-6;2:0-2;3:1-10;4:0-1;5:1-0;6:6-12;7:1-12;8:12-4;9:1-0
448,proposed_c2f_adaptive_pd,8,10,0.8,14,300,0.04666666666666667,24,6,18,3840.0,6.400000000000001,2540.437211232068,201.90209636558438,1.0,19989.0,19989.0,0.0,12.298299989197403,"6,13,0,6,1,9,13,13,14,8","0:0-6;1:8-13,13-10,10-13,13-8,8-10,7-13;2:1-0;3:9-6;4:0-1;5:0-9;6:8-13,10-13,12-13,5-13,4-13;7:8-13,13-10,10-13,13-8,8-10,12-13;8:0-14;9:10-8"
448,proposed_c2f_adaptive_pd_calibrated,8,10,0.8,15,300,0.05,24,6,18,3840.0,6.400000000000001,2540.437211232068,201.90209636558438,1.0,19989.0,19989.0,0.0,24.881499994080514,"6,13,0,6,1,9,13,13,14,8","0:0-6;1:8-13,13-10,10-13,13-8,8-10,7-13;2:1-0;3:9-6;4:0-1;5:0-9;6:8-13,10-13,12-13,5-13,4-13;7:8-13,13-10,10-13,13-8,8-10,12-13;8:0-14;9:10-8"
449,proposed_c2f_adaptive_pd,10,10,1.0,15,300,0.05,16,2,14,1280.0,2.1333333333333333,1359.611245623146,204.29221587170153,1.0,17639.0,17639.0,0.0,6.182399985846132,"4,4,7,2,4,4,4,0,6,9","0:6-4,4-6,3-4,10-4,3-6,5-4;1:0-4;2:0-7;3:8-2;4:1-4;5:0-4;6:5-4,3-4;7:7-0;8:0-6;9:1-9"
449,proposed_c2f_adaptive_pd_calibrated,10,10,1.0,16,300,0.05333333333333334,16,2,14,1280.0,2.1333333333333333,1359.611245623146,204.29221587170153,1.0,17639.0,17639.0,0.0,18.038099980913103,"4,4,7,2,4,4,4,0,6,9","0:6-4,4-6,3-4,10-4,3-6,5-4;1:0-4;2:0-7;3:8-2;4:1-4;5:0-4;6:5-4,3-4;7:7-0;8:0-6;9:1-9"
450,proposed_c2f_adaptive_pd,10,10,1.0,11,300,0.03666666666666667,17,2,15,1280.0,2.1333333333333333,1381.8571985445192,64.25981021998663,1.0,18549.0,18549.0,0.0,9.13720001699403,"5,14,0,5,11,11,11,8,2,5","0:1-5;1:0-14;2:11-0,5-0;3:0-5;4:12-11,6-11,8-11,14-11,11-14,11-12;5:14-11;6:12-11,6-11;7:0-8;8:0-2;9:0-5"
450,proposed_c2f_adaptive_pd_calibrated,10,10,1.0,11,300,0.03666666666666667,17,2,15,1280.0,2.1333333333333333,1381.8571985445192,64.25981021998663,1.0,18549.0,18549.0,0.0,20.32340003643185,"5,14,0,5,11,11,11,8,2,5","0:1-5;1:0-14;2:11-0,5-0;3:0-5;4:12-11,6-11,8-11,14-11,11-14,11-12;5:14-11;6:12-11,6-11;7:0-8;8:0-2;9:0-5"
451,proposed_c2f_adaptive_pd,10,10,1.0,12,300,0.04,10,0,10,0.0,0.0,1908.035362384369,451.1210049502499,1.0,10813.0,10813.0,0.0,4.907499998807907,"13,9,14,11,13,6,0,6,11,1",0:1-13;1:1-9;2:1-14;3:0-11;4:1-13;5:0-6;6:1-0;7:0-6;8:1-11;9:7-1
451,proposed_c2f_adaptive_pd_calibrated,10,10,1.0,12,300,0.04,10,0,10,0.0,0.0,1908.035362384369,451.1210049502499,1.0,10813.0,10813.0,0.0,12.271899962797761,"13,9,14,11,13,6,0,6,11,1",0:1-13;1:1-9;2:1-14;3:0-11;4:1-13;5:0-6;6:1-0;7:0-6;8:1-11;9:7-1
452,proposed_c2f_adaptive_pd,9,10,0.9,16,300,0.05333333333333334,11,0,11,0.0,0.0,216.79243306032635,104.6565824589583,1.0,10863.0,10863.0,0.0,4.7333999536931515,"1,7,7,9,9,8,12,4,0,1","0:10-1;1:0-7;2:0-7;3:0-9;4:4-9,0-9;5:0-8;6:0-12;7:0-4;8:4-0;9:10-1"
452,proposed_c2f_adaptive_pd_calibrated,9,10,0.9,17,300,0.056666666666666664,11,0,11,0.0,0.0,216.79243306032635,104.6565824589583,1.0,10863.0,10863.0,0.0,14.62199998786673,"1,7,7,9,9,8,12,4,0,1","0:10-1;1:0-7;2:0-7;3:0-9;4:4-9,0-9;5:0-8;6:0-12;7:0-4;8:4-0;9:10-1"
453,proposed_c2f_adaptive_pd,8,10,0.8,16,300,0.05333333333333334,20,2,18,1280.0,2.1333333333333333,7297.8753405099615,641.699307404078,1.0,24546.0,24546.0,0.0,9.272099996451288,"14,11,6,11,11,9,12,3,12,6","0:0-14;1:5-11,0-11;2:0-6,10-6,11-6,13-6;3:7-11,3-11,10-11,12-11,11-12,11-10;4:0-11;5:6-9;6:2-12;7:1-3;8:0-12;9:13-6,14-6"
453,proposed_c2f_adaptive_pd_calibrated,8,10,0.8,17,300,0.056666666666666664,20,2,18,1280.0,2.1333333333333333,7297.8753405099615,641.699307404078,1.0,24546.0,24546.0,0.0,25.082599953748286,"14,11,6,11,11,9,12,3,12,6","0:0-14;1:5-11,0-11;2:0-6,10-6,11-6,13-6;3:7-11,3-11,10-11,12-11,11-12,11-10;4:0-11;5:6-9;6:2-12;7:1-3;8:0-12;9:13-6,14-6"
454,proposed_c2f_adaptive_pd,9,10,0.9,14,300,0.04666666666666667,15,2,13,1280.0,2.1333333333333333,11304.794004083615,161.21766336895263,1.0,17759.0,17759.0,0.0,8.702699968125671,"8,10,6,3,6,6,1,0,13,10","0:7-8;1:4-10;2:1-6;3:0-3;4:6-5,5-6,1-6,10-6,6-1,2-6;5:1-6;6:0-1;7:1-0;8:0-13;9:0-10"
454,proposed_c2f_adaptive_pd_calibrated,9,10,0.9,14,300,0.04666666666666667,15,2,13,1280.0,2.1333333333333333,11304.794004083615,161.21766336895263,1.0,17759.0,17759.0,0.0,17.868500028271228,"8,10,6,3,6,6,1,0,13,10","0:7-8;1:4-10;2:1-6;3:0-3;4:6-5,5-6,1-6,10-6,6-1,2-6;5:1-6;6:0-1;7:1-0;8:0-13;9:0-10"
455,proposed_c2f_adaptive_pd,10,10,1.0,17,300,0.056666666666666664,11,1,10,640.0,1.0666666666666667,746.1820001580902,80.50059937281078,1.0,14214.0,14214.0,0.0,5.256499978713691,"9,13,7,3,6,0,8,9,7,4","0:2-9;1:9-13;2:0-7;3:3-14,7-3;4:2-6;5:1-0;6:1-8;7:0-9;8:2-7;9:2-4"
455,proposed_c2f_adaptive_pd_calibrated,10,10,1.0,18,300,0.06,11,1,10,640.0,1.0666666666666667,746.1820001580902,80.50059937281078,1.0,14214.0,14214.0,0.0,11.847200046759099,"9,13,7,3,6,0,8,9,7,4","0:2-9;1:9-13;2:0-7;3:3-14,7-3;4:2-6;5:1-0;6:1-8;7:0-9;8:2-7;9:2-4"
456,proposed_c2f_adaptive_pd,10,10,1.0,21,300,0.07,10,0,10,0.0,0.0,10867.002825074309,127.41502172225641,1.0,9980.0,9980.0,0.0,4.925299959722906,"6,4,5,2,4,10,1,2,3,6",0:13-6;1:1-4;2:2-5;3:6-2;4:3-4;5:0-10;6:0-1;7:4-2;8:1-3;9:0-6
456,proposed_c2f_adaptive_pd_calibrated,10,10,1.0,21,300,0.07,10,0,10,0.0,0.0,10867.002825074309,127.41502172225641,1.0,9980.0,9980.0,0.0,10.66019997233525,"6,4,5,2,4,10,1,2,3,6",0:13-6;1:1-4;2:2-5;3:6-2;4:3-4;5:0-10;6:0-1;7:4-2;8:1-3;9:0-6
457,proposed_c2f_adaptive_pd,10,10,1.0,20,300,0.06666666666666667,15,0,15,0.0,0.0,3932.3771589295125,187.40772854609514,1.0,13807.0,13807.0,0.0,8.590999990701675,"11,2,9,0,10,4,9,13,1,4","0:8-11;1:0-2;2:0-9;3:1-0;4:0-10;5:8-4;6:0-9;7:0-13;8:0-1;9:12-4,6-4,7-4,8-4,2-4,13-4"
457,proposed_c2f_adaptive_pd_calibrated,10,10,1.0,20,300,0.06666666666666667,15,0,15,0.0,0.0,3932.3771589295125,187.40772854609514,1.0,13807.0,13807.0,0.0,15.487700002267957,"11,2,9,0,10,4,9,13,1,4","0:8-11;1:0-2;2:0-9;3:1-0;4:0-10;5:8-4;6:0-9;7:0-13;8:0-1;9:12-4,6-4,7-4,8-4,2-4,13-4"
458,proposed_c2f_adaptive_pd,10,10,1.0,17,300,0.056666666666666664,11,0,11,0.0,0.0,287.6264712985345,198.25202579035903,1.0,11460.0,11460.0,0.0,3.8896999903954566,"7,1,3,0,4,9,14,0,3,10","0:10-7;1:3-1;2:0-3;3:8-0;4:0-4;5:2-9,13-9;6:0-14;7:6-0;8:0-3;9:0-10"
458,proposed_c2f_adaptive_pd_calibrated,10,10,1.0,17,300,0.056666666666666664,11,0,11,0.0,0.0,287.6264712985345,198.25202579035903,1.0,11460.0,11460.0,0.0,15.109099971596152,"7,1,3,0,4,9,14,0,3,10","0:10-7;1:3-1;2:0-3;3:8-0;4:0-4;5:2-9,13-9;6:0-14;7:6-0;8:0-3;9:0-10"
459,proposed_c2f_adaptive_pd,10,10,1.0,14,300,0.04666666666666667,21,3,18,1920.0,3.2,1162.9121809982566,199.81044821910695,1.0,21582.0,21582.0,0.0,11.608800035901368,"6,12,12,6,10,4,4,4,10,6","0:9-6,1-6,6-9,4-6,3-6,11-6;1:0-12;2:0-12;3:9-6,6-9,3-6,1-6,11-6,6-11;4:3-10;5:0-4;6:0-4;7:0-4,7-4;8:0-10;9:0-6"
459,proposed_c2f_adaptive_pd_calibrated,10,10,1.0,15,300,0.05,21,3,18,1920.0,3.2,1162.9121809982566,199.81044821910695,1.0,21582.0,21582.0,0.0,28.146900003775954,"6,12,12,6,10,4,4,4,10,6","0:9-6,1-6,6-9,4-6,3-6,11-6;1:0-12;2:0-12;3:9-6,6-9,3-6,1-6,11-6,6-11;4:3-10;5:0-4;6:0-4;7:0-4,7-4;8:0-10;9:0-6"
460,proposed_c2f_adaptive_pd,10,10,1.0,9,300,0.03,15,4,11,2560.0,4.266666666666667,2062.345475244919,123.23927701729409,1.0,23116.0,23116.0,0.0,10.017800028435886,"6,4,4,8,10,14,8,5,13,3","0:4-6,6-4,0-6;1:0-4;2:0-4;3:0-8;4:4-10;5:0-14;6:0-8;7:5-10,10-5,10-7,7-10;8:0-13;9:1-3"
460,proposed_c2f_adaptive_pd_calibrated,10,10,1.0,9,300,0.03,15,4,11,2560.0,4.266666666666667,2062.345475244919,123.23927701729409,1.0,23116.0,23116.0,0.0,13.520500040613115,"6,4,4,8,10,14,8,5,13,3","0:4-6,6-4,0-6;1:0-4;2:0-4;3:0-8;4:4-10;5:0-14;6:0-8;7:5-10,10-5,10-7,7-10;8:0-13;9:1-3"
461,proposed_c2f_adaptive_pd,10,10,1.0,18,300,0.06,11,1,10,640.0,1.0666666666666667,402.2702798310596,157.38377946382934,1.0,15705.0,15705.0,0.0,4.2575999977998435,"12,14,1,9,12,12,1,4,1,9","0:0-12;1:0-14;2:8-1;3:12-9;4:9-12;5:9-12;6:0-1;7:9-4;8:2-1;9:9-12,11-9"
461,proposed_c2f_adaptive_pd_calibrated,10,10,1.0,18,300,0.06,11,1,10,640.0,1.0666666666666667,402.2702798310596,157.38377946382934,1.0,15705.0,15705.0,0.0,14.479500008746982,"12,14,1,9,12,12,1,4,1,9","0:0-12;1:0-14;2:8-1;3:12-9;4:9-12;5:9-12;6:0-1;7:9-4;8:2-1;9:9-12,11-9"
462,proposed_c2f_adaptive_pd,10,10,1.0,14,300,0.04666666666666667,12,1,11,640.0,1.0666666666666667,3133.695650854045,611.2935432826661,1.0,12345.0,12345.0,0.0,4.592599987518042,"8,0,10,4,6,0,10,4,9,0","0:0-8;1:3-0;2:4-10;3:0-4;4:4-6;5:4-0;6:4-10;7:0-4;8:5-9;9:0-3,3-0,10-0"
462,proposed_c2f_adaptive_pd_calibrated,10,10,1.0,14,300,0.04666666666666667,12,1,11,640.0,1.0666666666666667,3133.695650854045,611.2935432826661,1.0,12345.0,12345.0,0.0,15.822699991986156,"8,0,10,4,6,0,10,4,9,0","0:0-8;1:3-0;2:4-10;3:0-4;4:4-6;5:4-0;6:4-10;7:0-4;8:5-9;9:0-3,3-0,10-0"
463,proposed_c2f_adaptive_pd,10,10,1.0,14,300,0.04666666666666667,10,0,10,0.0,0.0,846.4105254588018,342.78569327330774,1.0,8349.0,8349.0,0.0,7.119899964891374,"5,9,11,9,6,11,14,13,2,5",0:3-5;1:2-9;2:0-11;3:4-9;4:0-6;5:0-11;6:0-14;7:2-13;8:1-2;9:0-5
463,proposed_c2f_adaptive_pd_calibrated,10,10,1.0,15,300,0.05,10,0,10,0.0,0.0,846.4105254588018,342.78569327330774,1.0,8349.0,8349.0,0.0,14.08580003771931,"5,9,11,9,6,11,14,13,2,5",0:3-5;1:2-9;2:0-11;3:4-9;4:0-6;5:0-11;6:0-14;7:2-13;8:1-2;9:0-5
464,proposed_c2f_adaptive_pd,9,10,0.9,16,300,0.05333333333333334,16,2,14,1280.0,2.1333333333333333,192.1652150033093,58.15889899886021,1.0,19291.0,19291.0,0.0,5.964800016954541,"0,7,7,14,4,5,1,1,14,5","0:1-0;1:0-7;2:1-7;3:4-14;4:11-4;5:10-5,7-5;6:0-1;7:0-1;8:1-14;9:4-5,5-7,5-14,14-5,10-5,7-5"
464,proposed_c2f_adaptive_pd_calibrated,9,10,0.9,16,300,0.05333333333333334,16,2,14,1280.0,2.1333333333333333,192.1652150033093,58.15889899886021,1.0,19291.0,19291.0,0.0,18.57330003986135,"0,7,7,14,4,5,1,1,14,5","0:1-0;1:0-7;2:1-7;3:4-14;4:11-4;5:10-5,7-5;6:0-1;7:0-1;8:1-14;9:4-5,5-7,5-14,14-5,10-5,7-5"
465,proposed_c2f_adaptive_pd,10,10,1.0,13,300,0.043333333333333335,12,0,12,0.0,0.0,180212.6431082433,235.8949315745761,1.0,15324.0,15324.0,0.0,7.25250004325062,"7,13,14,6,11,5,6,4,3,6","0:0-7;1:0-13;2:0-14;3:10-6,8-6;4:0-11;5:0-5;6:5-6;7:1-4;8:14-3,9-3;9:1-6"
465,proposed_c2f_adaptive_pd_calibrated,10,10,1.0,13,300,0.043333333333333335,12,0,12,0.0,0.0,180212.6431082433,235.8949315745761,1.0,15324.0,15324.0,0.0,15.381900011561811,"7,13,14,6,11,5,6,4,3,6","0:0-7;1:0-13;2:0-14;3:10-6,8-6;4:0-11;5:0-5;6:5-6;7:1-4;8:14-3,9-3;9:1-6"
466,proposed_c2f_adaptive_pd,10,10,1.0,13,300,0.043333333333333335,16,0,16,0.0,0.0,450.7485085544471,108.52238394845308,1.0,22740.0,22740.0,0.0,7.985600037500262,"13,9,9,12,9,9,0,4,0,9","0:1-13;1:7-9;2:7-9;3:2-12;4:4-9;5:7-9,2-9,11-9,12-9,6-9,4-9;6:3-0;7:0-4;8:2-0;9:8-9,2-9"
466,proposed_c2f_adaptive_pd_calibrated,10,10,1.0,13,300,0.043333333333333335,16,0,16,0.0,0.0,450.7485085544471,108.52238394845308,1.0,22740.0,22740.0,0.0,17.290799994952977,"13,9,9,12,9,9,0,4,0,9","0:1-13;1:7-9;2:7-9;3:2-12;4:4-9;5:7-9,2-9,11-9,12-9,6-9,4-9;6:3-0;7:0-4;8:2-0;9:8-9,2-9"
467,proposed_c2f_adaptive_pd,8,10,0.8,17,300,0.056666666666666664,27,6,21,3840.0,6.400000000000001,552.7757994670925,50.49748991786808,1.0,25437.0,25437.0,0.0,14.041699992958456,"11,6,9,6,14,11,4,6,3,6","0:0-11;1:2-6;2:1-9;3:6-2,2-6,6-11,11-6,3-6,3-2;4:0-14,1-14,3-14;5:0-11;6:5-4;7:6-2,2-6,3-6,11-6,6-11,0-6;8:0-3;9:2-6,6-2,5-6,11-6,0-6,3-6"
467,proposed_c2f_adaptive_pd_calibrated,8,10,0.8,17,300,0.056666666666666664,27,6,21,3840.0,6.400000000000001,552.7757994670925,50.49748991786808,1.0,25437.0,25437.0,0.0,30.698399990797043,"11,6,9,6,14,11,4,6,3,6","0:0-11;1:2-6;2:1-9;3:6-2,2-6,6-11,11-6,3-6,3-2;4:0-14,1-14,3-14;5:0-11;6:5-4;7:6-2,2-6,3-6,11-6,6-11,0-6;8:0-3;9:2-6,6-2,5-6,11-6,0-6,3-6"
468,proposed_c2f_adaptive_pd,10,10,1.0,16,300,0.05333333333333334,10,0,10,0.0,0.0,694.0009059523644,463.3566533793187,1.0,10043.0,10043.0,0.0,4.9504999769851565,"1,1,0,6,8,10,4,13,14,5",0:0-1;1:2-1;2:1-0;3:4-6;4:0-8;5:4-10;6:3-4;7:0-13;8:0-14;9:2-5
468,proposed_c2f_adaptive_pd_calibrated,10,10,1.0,16,300,0.05333333333333334,10,0,10,0.0,0.0,694.0009059523644,463.3566533793187,1.0,10043.0,10043.0,0.0,12.855999986641109,"1,1,0,6,8,10,4,13,14,5",0:0-1;1:2-1;2:1-0;3:4-6;4:0-8;5:4-10;6:3-4;7:0-13;8:0-14;9:2-5
469,proposed_c2f_adaptive_pd,10,10,1.0,11,300,0.03666666666666667,17,3,14,1920.0,3.2,1466.429989844356,148.89027798740915,1.0,13411.0,13411.0,0.0,9.794200013857335,"12,8,7,2,5,12,13,4,7,12","0:0-12;1:4-8;2:0-7;3:13-2,2-13,2-0,13-0,0-2,11-2;4:1-5;5:1-12,2-12;6:0-13;7:1-4;8:1-7;9:10-12,0-12"
469,proposed_c2f_adaptive_pd_calibrated,10,10,1.0,12,300,0.04,17,3,14,1920.0,3.2,1466.429989844356,148.89027798740915,1.0,13411.0,13411.0,0.0,20.319300005212426,"12,8,7,2,5,12,13,4,7,12","0:0-12;1:4-8;2:0-7;3:13-2,2-13,2-0,13-0,0-2,11-2;4:1-5;5:1-12,2-12;6:0-13;7:1-4;8:1-7;9:10-12,0-12"
470,proposed_c2f_adaptive_pd,9,10,0.9,15,300,0.05,17,4,13,2560.0,4.266666666666667,1685.5708680999523,128.1209100125191,1.0,19683.0,19683.0,0.0,9.357100003398955,"11,13,8,5,7,11,7,11,8,10","0:0-11;1:0-13;2:11-8,14-8;3:0-5;4:14-7,3-7;5:0-11;6:1-7;7:7-11;8:14-8,8-7,7-8,3-7,8-14,14-7;9:0-10"
470,proposed_c2f_adaptive_pd_calibrated,9,10,0.9,16,300,0.05333333333333334,17,4,13,2560.0,4.266666666666667,1685.5708680999523,128.1209100125191,1.0,19683.0,19683.0,0.0,19.496899971272796,"11,13,8,5,7,11,7,11,8,10","0:0-11;1:0-13;2:11-8,14-8;3:0-5;4:14-7,3-7;5:0-11;6:1-7;7:7-11;8:14-8,8-7,7-8,3-7,8-14,14-7;9:0-10"
471,proposed_c2f_adaptive_pd,9,10,0.9,14,300,0.04666666666666667,15,3,12,1920.0,3.2,3798.190863390916,459.2067972211995,1.0,13587.0,13587.0,0.0,8.266999968327582,"9,12,5,4,8,2,1,3,12,14","0:0-9;1:0-12;2:8-5;3:10-4,4-10,8-4,4-3,8-3,5-4;4:3-8;5:13-2;6:7-1;7:1-3;8:0-12;9:0-14"
471,proposed_c2f_adaptive_pd_calibrated,9,10,0.9,15,300,0.05,15,3,12,1920.0,3.2,3798.190863390916,459.2067972211995,1.0,13587.0,13587.0,0.0,17.989400017540902,"9,12,5,4,8,2,1,3,12,14","0:0-9;1:0-12;2:8-5;3:10-4,4-10,8-4,4-3,8-3,5-4;4:3-8;5:13-2;6:7-1;7:1-3;8:0-12;9:0-14"
472,proposed_c2f_adaptive_pd,10,10,1.0,14,300,0.04666666666666667,15,2,13,1280.0,2.1333333333333333,1132.5438194796563,411.31695726993144,1.0,14059.0,14059.0,0.0,8.865300042089075,"13,8,7,0,2,12,6,6,8,1","0:0-13;1:0-8;2:0-7;3:8-0,0-8,12-0,9-0,7-0,0-7;4:3-2;5:0-12;6:1-6;7:0-6;8:0-8;9:0-1"
472,proposed_c2f_adaptive_pd_calibrated,10,10,1.0,14,300,0.04666666666666667,15,2,13,1280.0,2.1333333333333333,1132.5438194796563,411.31695726993144,1.0,14059.0,14059.0,0.0,19.020300009287894,"13,8,7,0,2,12,6,6,8,1","0:0-13;1:0-8;2:0-7;3:8-0,0-8,12-0,9-0,7-0,0-7;4:3-2;5:0-12;6:1-6;7:0-6;8:0-8;9:0-1"
473,proposed_c2f_adaptive_pd,10,10,1.0,13,300,0.043333333333333335,10,0,10,0.0,0.0,464.68850994285896,275.0034673443702,1.0,8811.0,8811.0,0.0,4.444899968802929,"9,13,5,2,12,7,4,12,2,11",0:1-9;1:2-13;2:0-5;3:3-2;4:0-12;5:1-7;6:0-4;7:0-12;8:0-2;9:2-11
473,proposed_c2f_adaptive_pd_calibrated,10,10,1.0,13,300,0.043333333333333335,10,0,10,0.0,0.0,464.68850994285896,275.0034673443702,1.0,8811.0,8811.0,0.0,9.448799944948405,"9,13,5,2,12,7,4,12,2,11",0:1-9;1:2-13;2:0-5;3:3-2;4:0-12;5:1-7;6:0-4;7:0-12;8:0-2;9:2-11
474,proposed_c2f_adaptive_pd,10,10,1.0,22,300,0.07333333333333333,18,1,17,640.0,1.0666666666666667,263.1907841045239,72.77107390757664,1.0,13264.0,13264.0,0.0,10.191000008489937,"4,4,3,8,2,11,6,14,13,11","0:8-4;1:8-4,4-8,9-4,3-4,6-4,11-4;2:6-3,11-3,12-3;3:3-8;4:0-2;5:0-11;6:3-6;7:0-14;8:0-13;9:9-11,4-11"
474,proposed_c2f_adaptive_pd_calibrated,10,10,1.0,22,300,0.07333333333333333,18,1,17,640.0,1.0666666666666667,263.1907841045239,72.77107390757664,1.0,13264.0,13264.0,0.0,19.04719998128712,"4,4,3,8,2,11,6,14,13,11","0:8-4;1:8-4,4-8,9-4,3-4,6-4,11-4;2:6-3,11-3,12-3;3:3-8;4:0-2;5:0-11;6:3-6;7:0-14;8:0-13;9:9-11,4-11"
475,proposed_c2f_adaptive_pd,10,10,1.0,18,300,0.06,11,0,11,0.0,0.0,1930.8308800274663,670.6623162521453,1.0,9276.0,9276.0,0.0,5.434199993032962,"0,9,2,7,6,4,3,9,0,6","0:9-0,11-0;1:0-9;2:1-2;3:5-7;4:8-6;5:0-4;6:0-3;7:0-9;8:4-0;9:7-6"
475,proposed_c2f_adaptive_pd_calibrated,10,10,1.0,18,300,0.06,11,0,11,0.0,0.0,1930.8308800274663,670.6623162521453,1.0,9276.0,9276.0,0.0,11.655700043775141,"0,9,2,7,6,4,3,9,0,6","0:9-0,11-0;1:0-9;2:1-2;3:5-7;4:8-6;5:0-4;6:0-3;7:0-9;8:4-0;9:7-6"
476,proposed_c2f_adaptive_pd,9,10,0.9,17,300,0.056666666666666664,10,0,10,0.0,0.0,2402.995691808469,160.882476120411,1.0,8895.0,8895.0,0.0,4.648799949791282,"0,0,4,1,11,11,0,8,1,5",0:1-0;1:1-0;2:3-4;3:0-1;4:3-11;5:4-11;6:1-0;7:3-8;8:0-1;9:3-5
476,proposed_c2f_adaptive_pd_calibrated,9,10,0.9,19,300,0.06333333333333334,10,0,10,0.0,0.0,2402.995691808469,160.882476120411,1.0,8895.0,8895.0,0.0,9.665700024925172,"0,0,4,1,11,11,0,8,1,5",0:1-0;1:1-0;2:3-4;3:0-1;4:3-11;5:4-11;6:1-0;7:3-8;8:0-1;9:3-5
477,proposed_c2f_adaptive_pd,9,10,0.9,10,270,0.037037037037037035,12,1,11,640.0,1.0666666666666667,3325.554660252937,410.49172550697074,0.9166666666666666,9209.0,9209.0,0.0,4.701700003352016,"12,4,2,4,10,12,8,4,13,14","0:0-12;1:0-4;2:0-2;3:1-4;4:0-10;5:0-12;6:0-8,2-8,8-0;7:1-4;8:1-13;9:0-14"
477,proposed_c2f_adaptive_pd_calibrated,9,10,0.9,10,270,0.037037037037037035,12,1,11,640.0,1.0666666666666667,3325.554660252937,410.49172550697074,0.9166666666666666,9209.0,9209.0,0.0,15.646099986042827,"12,4,2,4,10,12,8,4,13,14","0:0-12;1:0-4;2:0-2;3:1-4;4:0-10;5:0-12;6:0-8,2-8,8-0;7:1-4;8:1-13;9:0-14"
478,proposed_c2f_adaptive_pd,10,10,1.0,10,300,0.03333333333333333,11,0,11,0.0,0.0,2262.60133802073,51.867935254971194,1.0,8942.0,8942.0,0.0,6.254899955820292,"3,14,12,7,6,3,5,2,6,4","0:7-3;1:0-14;2:3-12,0-12;3:5-7;4:2-6;5:4-3;6:0-5;7:0-2;8:4-6;9:0-4"
478,proposed_c2f_adaptive_pd_calibrated,10,10,1.0,12,300,0.04,11,0,11,0.0,0.0,2262.60133802073,51.867935254971194,1.0,8942.0,8942.0,0.0,13.408700004220009,"3,14,12,7,6,3,5,2,6,4","0:7-3;1:0-14;2:3-12,0-12;3:5-7;4:2-6;5:4-3;6:0-5;7:0-2;8:4-6;9:0-4"
479,proposed_c2f_adaptive_pd,9,10,0.9,13,300,0.043333333333333335,10,0,10,0.0,0.0,713.4657159939925,130.2847005580236,1.0,14393.0,14393.0,0.0,6.050499971024692,"14,2,4,13,5,13,13,12,0,4",0:1-14;1:0-2;2:12-4;3:10-13;4:0-5;5:0-13;6:10-13;7:0-12;8:2-0;9:0-4
479,proposed_c2f_adaptive_pd_calibrated,9,10,0.9,13,300,0.043333333333333335,10,0,10,0.0,0.0,713.4657159939925,130.2847005580236,1.0,14393.0,14393.0,0.0,9.736099978908896,"14,2,4,13,5,13,13,12,0,4",0:1-14;1:0-2;2:12-4;3:10-13;4:0-5;5:0-13;6:10-13;7:0-12;8:2-0;9:0-4
480,proposed_c2f_adaptive_pd,9,10,0.9,17,300,0.056666666666666664,21,5,16,3200.0,5.333333333333334,394.9075805173603,203.1656203475094,1.0,22831.0,22831.0,0.0,11.68840000173077,"8,13,14,1,3,0,4,1,12,9","0:0-8,13-8,8-0,11-8;1:0-13;2:0-14;3:0-1,1-0,13-1,2-1;4:9-3;5:1-0;6:0-4;7:1-2,2-1,13-1,1-13,0-1,1-0;8:5-12;9:0-9"
480,proposed_c2f_adaptive_pd_calibrated,9,10,0.9,17,300,0.056666666666666664,21,5,16,3200.0,5.333333333333334,394.9075805173603,203.1656203475094,1.0,22831.0,22831.0,0.0,22.94259995687753,"8,13,14,1,3,0,4,1,12,9","0:0-8,13-8,8-0,11-8;1:0-13;2:0-14;3:0-1,1-0,13-1,2-1;4:9-3;5:1-0;6:0-4;7:1-2,2-1,13-1,1-13,0-1,1-0;8:5-12;9:0-9"
481,proposed_c2f_adaptive_pd,10,10,1.0,11,300,0.03666666666666667,13,2,11,1280.0,2.1333333333333333,3564.8547010666407,970.3211650958369,1.0,11807.0,11807.0,0.0,7.612599991261959,"14,1,12,2,13,9,4,4,3,10","0:0-14;1:11-1;2:2-12;3:1-2;4:0-13;5:0-9;6:4-3,3-4,9-3,10-4;7:0-4;8:4-3;9:0-10"
481,proposed_c2f_adaptive_pd_calibrated,10,10,1.0,11,300,0.03666666666666667,13,2,11,1280.0,2.1333333333333333,3564.8547010666407,970.3211650958369,1.0,11807.0,11807.0,0.0,15.959299984388053,"14,1,12,2,13,9,4,4,3,10","0:0-14;1:11-1;2:2-12;3:1-2;4:0-13;5:0-9;6:4-3,3-4,9-3,10-4;7:0-4;8:4-3;9:0-10"
482,proposed_c2f_adaptive_pd,10,10,1.0,20,300,0.06666666666666667,10,0,10,0.0,0.0,529.5451386466436,169.76117384716312,1.0,10659.0,10659.0,0.0,6.175399990752339,"12,3,5,0,1,2,7,7,10,14",0:0-12;1:0-3;2:4-5;3:1-0;4:0-1;5:0-2;6:0-7;7:1-7;8:9-10;9:4-14
482,proposed_c2f_adaptive_pd_calibrated,10,10,1.0,20,300,0.06666666666666667,10,0,10,0.0,0.0,529.5451386466436,169.76117384716312,1.0,10659.0,10659.0,0.0,9.265500004403293,"12,3,5,0,1,2,7,7,10,14",0:0-12;1:0-3;2:4-5;3:1-0;4:0-1;5:0-2;6:0-7;7:1-7;8:9-10;9:4-14
483,proposed_c2f_adaptive_pd,10,10,1.0,10,300,0.03333333333333333,11,1,10,640.0,1.0666666666666667,54130.02508871436,1356.9524462718277,1.0,9108.0,9108.0,0.0,5.854399991221726,"2,10,4,4,3,4,10,7,6,11","0:3-2;1:1-10;2:3-4;3:3-4,4-3;4:1-3;5:1-4;6:1-10;7:1-7;8:0-6;9:0-11"
483,proposed_c2f_adaptive_pd_calibrated,10,10,1.0,10,300,0.03333333333333333,11,1,10,640.0,1.0666666666666667,54130.02508871436,1356.9524462718277,1.0,9108.0,9108.0,0.0,13.99220002349466,"2,10,4,4,3,4,10,7,6,11","0:3-2;1:1-10;2:3-4;3:3-4,4-3;4:1-3;5:1-4;6:1-10;7:1-7;8:0-6;9:0-11"
484,proposed_c2f_adaptive_pd,9,10,0.9,17,300,0.056666666666666664,24,11,13,7040.0,11.733333333333336,585.9126870749701,156.9883350668385,1.0,17296.0,17296.0,0.0,10.37119998363778,"3,1,13,9,1,4,1,10,10,13","0:0-3;1:1-5,1-10,10-5,10-1,5-1;2:3-13;3:1-9;4:1-5,10-5,1-10,5-10,10-1,5-1;5:8-4;6:1-5,10-5,1-10,5-1,5-10,10-1;7:1-10;8:0-10;9:3-13"
484,proposed_c2f_adaptive_pd_calibrated,9,10,0.9,17,300,0.056666666666666664,24,11,13,7040.0,11.733333333333336,585.9126870749701,156.9883350668385,1.0,17296.0,17296.0,0.0,27.130400005262345,"3,1,13,9,1,4,1,10,10,13","0:0-3;1:1-5,1-10,10-5,10-1,5-1;2:3-13;3:1-9;4:1-5,10-5,1-10,5-10,10-1,5-1;5:8-4;6:1-5,10-5,1-10,5-1,5-10,10-1;7:1-10;8:0-10;9:3-13"
485,proposed_c2f_adaptive_pd,9,10,0.9,21,300,0.07,10,0,10,0.0,0.0,11440.617862216768,158.46216482974467,1.0,9427.0,9427.0,0.0,4.951099981553853,"8,8,7,6,4,8,0,1,14,13",0:1-8;1:1-8;2:0-7;3:0-6;4:0-4;5:1-8;6:1-0;7:0-1;8:4-14;9:3-13
485,proposed_c2f_adaptive_pd_calibrated,9,10,0.9,21,300,0.07,10,0,10,0.0,0.0,11440.617862216768,158.46216482974467,1.0,9427.0,9427.0,0.0,8.132199989631772,"8,8,7,6,4,8,0,1,14,13",0:1-8;1:1-8;2:0-7;3:0-6;4:0-4;5:1-8;6:1-0;7:0-1;8:4-14;9:3-13
486,proposed_c2f_adaptive_pd,10,10,1.0,16,300,0.05333333333333334,13,0,13,0.0,0.0,1559.2918432521342,271.21219196247006,1.0,12017.0,12017.0,0.0,6.7276000045239925,"4,13,9,12,6,12,14,9,13,8","0:1-4;1:1-13;2:1-9;3:1-12;4:2-6;5:2-12;6:1-14;7:0-9;8:1-13;9:6-8,2-8,12-8,7-8"
486,proposed_c2f_adaptive_pd_calibrated,10,10,1.0,16,300,0.05333333333333334,13,0,13,0.0,0.0,1559.2918432521342,271.21219196247006,1.0,12017.0,12017.0,0.0,15.625599946361035,"4,13,9,12,6,12,14,9,13,8","0:1-4;1:1-13;2:1-9;3:1-12;4:2-6;5:2-12;6:1-14;7:0-9;8:1-13;9:6-8,2-8,12-8,7-8"
487,proposed_c2f_adaptive_pd,9,10,0.9,14,300,0.04666666666666667,10,0,10,0.0,0.0,1680.2869086197923,160.4061994501727,1.0,9119.0,9119.0,0.0,3.544999985024333,"6,3,12,6,4,11,12,0,10,10",0:0-6;1:11-3;2:1-12;3:0-6;4:1-4;5:0-11;6:10-12;7:2-0;8:1-10;9:0-10
487,proposed_c2f_adaptive_pd_calibrated,9,10,0.9,14,300,0.04666666666666667,10,0,10,0.0,0.0,1680.2869086197923,160.4061994501727,1.0,9119.0,9119.0,0.0,11.344500002451241,"6,3,12,6,4,11,12,0,10,10",0:0-6;1:11-3;2:1-12;3:0-6;4:1-4;5:0-11;6:10-12;7:2-0;8:1-10;9:0-10
488,proposed_c2f_adaptive_pd,9,10,0.9,17,300,0.056666666666666664,19,2,17,1280.0,2.1333333333333333,2063.7903627183887,139.65041876722455,0.8947368421052632,17248.0,17248.0,0.0,7.007500040344894,"10,1,14,8,14,4,0,1,6,10","0:1-10,0-10,11-10;1:0-1;2:11-14,14-11,10-14,1-14,4-14,14-1;3:2-8;4:1-14,11-14,4-14;5:1-4;6:1-0;7:0-1;8:4-6;9:0-10"
488,proposed_c2f_adaptive_pd_calibrated,9,10,0.9,17,300,0.056666666666666664,19,2,17,1280.0,2.1333333333333333,2063.7903627183887,139.65041876722455,0.8947368421052632,17248.0,17248.0,0.0,17.294099961873144,"10,1,14,8,14,4,0,1,6,10","0:1-10,0-10,11-10;1:0-1;2:11-14,14-11,10-14,1-14,4-14,14-1;3:2-8;4:1-14,11-14,4-14;5:1-4;6:1-0;7:0-1;8:4-6;9:0-10"
489,proposed_c2f_adaptive_pd,10,10,1.0,18,300,0.06,12,0,12,0.0,0.0,617.0156494678928,174.7634500768131,1.0,13715.0,13715.0,0.0,6.480599986389279,"1,4,7,8,4,0,8,8,4,11","0:2-1;1:8-4;2:0-7;3:12-8,4-8;4:5-4;5:1-0;6:0-8;7:12-8,10-8;8:1-4;9:0-11"
489,proposed_c2f_adaptive_pd_calibrated,10,10,1.0,20,300,0.06666666666666667,12,0,12,0.0,0.0,617.0156494678928,174.7634500768131,1.0,13715.0,13715.0,0.0,11.88689999980852,"1,4,7,8,4,0,8,8,4,11","0:2-1;1:8-4;2:0-7;3:12-8,4-8;4:5-4;5:1-0;6:0-8;7:12-8,10-8;8:1-4;9:0-11"
490,proposed_c2f_adaptive_pd,10,10,1.0,11,300,0.03666666666666667,10,0,10,0.0,0.0,1734.3069229270757,91.15291067136042,1.0,9735.0,9735.0,0.0,5.364099983125925,"12,13,5,4,4,0,8,5,4,9",0:1-12;1:1-13;2:1-5;3:0-4;4:0-4;5:3-0;6:0-8;7:13-5;8:0-4;9:14-9
490,proposed_c2f_adaptive_pd_calibrated,10,10,1.0,13,300,0.043333333333333335,10,0,10,0.0,0.0,1734.3069229270757,91.15291067136042,1.0,9735.0,9735.0,0.0,8.948000031523407,"12,13,5,4,4,0,8,5,4,9",0:1-12;1:1-13;2:1-5;3:0-4;4:0-4;5:3-0;6:0-8;7:13-5;8:0-4;9:14-9
491,proposed_c2f_adaptive_pd,10,10,1.0,13,300,0.043333333333333335,15,0,15,0.0,0.0,850.0029414834829,75.0682725412586,1.0,18785.0,18785.0,0.0,7.330699998419732,"7,3,11,14,0,11,11,4,11,12","0:3-7;1:6-3;2:5-11,2-11,12-11;3:0-14;4:14-0;5:1-11;6:3-11,10-11;7:0-4;8:2-11,12-11;9:2-12,9-12"
491,proposed_c2f_adaptive_pd_calibrated,10,10,1.0,14,300,0.04666666666666667,15,0,15,0.0,0.0,850.0029414834829,75.0682725412586,1.0,18785.0,18785.0,0.0,20.007999963127077,"7,3,11,14,0,11,11,4,11,12","0:3-7;1:6-3;2:5-11,2-11,12-11;3:0-14;4:14-0;5:1-11;6:3-11,10-11;7:0-4;8:2-11,12-11;9:2-12,9-12"
492,proposed_c2f_adaptive_pd,10,10,1.0,11,300,0.03666666666666667,15,2,13,1280.0,2.1333333333333333,4726.408728876095,980.2463803077416,1.0,12771.0,12771.0,0.0,7.763299974612892,"5,12,10,9,4,11,9,14,0,13","0:14-5,5-14,0-5,5-0,9-5,8-5;1:1-12;2:4-10;3:0-9;4:0-4;5:0-11;6:0-9;7:0-14;8:1-0;9:0-13"
492,proposed_c2f_adaptive_pd_calibrated,10,10,1.0,13,300,0.043333333333333335,15,2,13,1280.0,2.1333333333333333,4726.408728876095,980.2463803077416,1.0,12771.0,12771.0,0.0,18.827199994120747,"5,12,10,9,4,11,9,14,0,13","0:14-5,5-14,0-5,5-0,9-5,8-5;1:1-12;2:4-10;3:0-9;4:0-4;5:0-11;6:0-9;7:0-14;8:1-0;9:0-13"
493,proposed_c2f_adaptive_pd,10,10,1.0,17,300,0.056666666666666664,10,0,10,0.0,0.0,2998.5509741020073,344.42792718420685,1.0,8895.0,8895.0,0.0,3.562500001862645,"11,5,9,1,12,6,12,0,7,12",0:4-11;1:11-5;2:0-9;3:2-1;4:0-12;5:1-6;6:0-12;7:2-0;8:3-7;9:0-12
493,proposed_c2f_adaptive_pd_calibrated,10,10,1.0,17,300,0.056666666666666664,10,0,10,0.0,0.0,2998.5509741020073,344.42792718420685,1.0,8895.0,8895.0,0.0,13.449800026137382,"11,5,9,1,12,6,12,0,7,12",0:4-11;1:11-5;2:0-9;3:2-1;4:0-12;5:1-6;6:0-12;7:2-0;8:3-7;9:0-12
494,proposed_c2f_adaptive_pd,10,10,1.0,11,300,0.03666666666666667,10,0,10,0.0,0.0,1061.9920874026354,67.11056778654802,1.0,11247.0,11247.0,0.0,3.5839000483974814,"4,3,12,10,14,3,5,3,8,2",0:5-4;1:5-3;2:0-12;3:3-10;4:0-14;5:4-3;6:3-5;7:12-3;8:2-8;9:0-2
494,proposed_c2f_adaptive_pd_calibrated,10,10,1.0,11,300,0.03666666666666667,10,0,10,0.0,0.0,1061.9920874026354,67.11056778654802,1.0,11247.0,11247.0,0.0,11.404399992898107,"4,3,12,10,14,3,5,3,8,2",0:5-4;1:5-3;2:0-12;3:3-10;4:0-14;5:4-3;6:3-5;7:12-3;8:2-8;9:0-2
495,proposed_c2f_adaptive_pd,10,10,1.0,18,300,0.06,12,1,11,640.0,1.0666666666666667,3798.5671838325484,107.99670430910226,1.0,12824.0,12824.0,0.0,7.0531999808736145,"7,8,4,0,14,11,3,0,7,8","0:0-7;1:2-8;2:4-9,9-4,0-4;3:2-0;4:1-14;5:0-11;6:7-3;7:2-0;8:1-7;9:0-8"
495,proposed_c2f_adaptive_pd_calibrated,10,10,1.0,21,300,0.07,12,1,11,640.0,1.0666666666666667,3798.5671838325484,107.99670430910226,1.0,12824.0,12824.0,0.0,12.447300017811358,"7,8,4,0,14,11,3,0,7,8","0:0-7;1:2-8;2:4-9,9-4,0-4;3:2-0;4:1-14;5:0-11;6:7-3;7:2-0;8:1-7;9:0-8"
496,proposed_c2f_adaptive_pd,10,10,1.0,18,300,0.06,16,1,15,640.0,1.0666666666666667,1371.8511556583294,194.66233810313176,1.0,18431.0,18431.0,0.0,5.206100002396852,"1,8,9,2,6,1,7,9,7,4","0:0-1;1:1-8;2:1-9;3:0-2;4:8-6,5-6;5:0-1;6:10-7,2-7;7:1-9;8:12-7;9:14-4,11-4,4-14,5-4,8-4"
496,proposed_c2f_adaptive_pd_calibrated,10,10,1.0,18,300,0.06,16,1,15,640.0,1.0666666666666667,1371.8511556583294,194.66233810313176,1.0,18431.0,18431.0,0.0,17.84139999654144,"1,8,9,2,6,1,7,9,7,4","0:0-1;1:1-8;2:1-9;3:0-2;4:8-6,5-6;5:0-1;6:10-7,2-7;7:1-9;8:12-7;9:14-4,11-4,4-14,5-4,8-4"
497,proposed_c2f_adaptive_pd,9,10,0.9,13,270,0.04814814814814815,12,1,11,640.0,1.0666666666666667,3077.7683817953557,136.47253274656455,0.9166666666666666,12344.0,12344.0,0.0,5.797700025141239,"2,7,0,8,6,10,11,5,5,14","0:0-2;1:0-7;2:3-0;3:0-8;4:0-6;5:7-10;6:0-11;7:8-5,5-8,4-5;8:4-5;9:0-14"
497,proposed_c2f_adaptive_pd_calibrated,9,10,0.9,13,270,0.04814814814814815,12,1,11,640.0,1.0666666666666667,3077.7683817953557,136.47253274656455,0.9166666666666666,12344.0,12344.0,0.0,13.72859999537468,"2,7,0,8,6,10,11,5,5,14","0:0-2;1:0-7;2:3-0;3:0-8;4:0-6;5:7-10;6:0-11;7:8-5,5-8,4-5;8:4-5;9:0-14"
498,proposed_c2f_adaptive_pd,10,10,1.0,21,300,0.07,11,0,11,0.0,0.0,18071.879338366176,249.65338467716188,1.0,10756.0,10756.0,0.0,4.200399969704449,"2,1,8,1,0,5,7,9,5,9","0:1-2;1:3-1,11-1;2:0-8;3:4-1;4:3-0;5:11-5;6:0-7;7:2-9;8:9-5;9:2-9"
498,proposed_c2f_adaptive_pd_calibrated,10,10,1.0,21,300,0.07,11,0,11,0.0,0.0,18071.879338366176,249.65338467716188,1.0,10756.0,10756.0,0.0,11.199800006579608,"2,1,8,1,0,5,7,9,5,9","0:1-2;1:3-1,11-1;2:0-8;3:4-1;4:3-0;5:11-5;6:0-7;7:2-9;8:9-5;9:2-9"
499,proposed_c2f_adaptive_pd,10,10,1.0,14,300,0.04666666666666667,15,4,11,2560.0,4.266666666666667,1358.951524278265,391.6445402596089,1.0,18417.0,18417.0,0.0,6.353900011163205,"0,13,11,1,1,4,9,4,4,11","0:13-0;1:0-13;2:1-11;3:0-1;4:2-1;5:0-4;6:0-9;7:14-4,4-6,6-4,14-6,8-6,4-14;8:0-4;9:1-11"
499,proposed_c2f_adaptive_pd_calibrated,10,10,1.0,14,300,0.04666666666666667,15,4,11,2560.0,4.266666666666667,1358.951524278265,391.6445402596089,1.0,18417.0,18417.0,0.0,16.832099994644523,"0,13,11,1,1,4,9,4,4,11","0:13-0;1:0-13;2:1-11;3:0-1;4:2-1;5:0-4;6:0-9;7:14-4,4-6,6-4,14-6,8-6,4-14;8:0-4;9:1-11"
500,proposed_c2f_adaptive_pd,10,10,1.0,19,300,0.06333333333333334,10,0,10,0.0,0.0,715.623565542147,200.89487507510256,1.0,11415.0,11415.0,0.0,6.305299990344793,"1,0,6,8,6,9,0,5,10,6",0:0-1;1:11-0;2:0-6;3:0-8;4:2-6;5:3-9;6:2-0;7:0-5;8:8-10;9:12-6
500,proposed_c2f_adaptive_pd_calibrated,10,10,1.0,19,300,0.06333333333333334,10,0,10,0.0,0.0,715.623565542147,200.89487507510256,1.0,11415.0,11415.0,0.0,11.606000014580786,"1,0,6,8,6,9,0,5,10,6",0:0-1;1:11-0;2:0-6;3:0-8;4:2-6;5:3-9;6:2-0;7:0-5;8:8-10;9:12-6
501,proposed_c2f_adaptive_pd,9,10,0.9,14,300,0.04666666666666667,10,0,10,0.0,0.0,3140.358111233892,492.7714285118343,1.0,11751.0,11751.0,0.0,5.478200037032366,"0,2,1,6,4,7,1,1,3,13",0:1-0;1:11-2;2:2-1;3:0-6;4:9-4;5:1-7;6:5-1;7:5-1;8:1-3;9:0-13
501,proposed_c2f_adaptive_pd_calibrated,9,10,0.9,14,300,0.04666666666666667,10,0,10,0.0,0.0,3140.358111233892,492.7714285118343,1.0,11751.0,11751.0,0.0,13.172600010875612,"0,2,1,6,4,7,1,1,3,13",0:1-0;1:11-2;2:2-1;3:0-6;4:9-4;5:1-7;6:5-1;7:5-1;8:1-3;9:0-13
502,proposed_c2f_adaptive_pd,10,10,1.0,11,300,0.03666666666666667,11,0,11,0.0,0.0,1373.2027845534762,122.49594747812057,1.0,11120.0,11120.0,0.0,6.123800005298108,"10,11,2,6,5,4,0,9,3,6","0:1-10;1:14-11;2:10-2,5-2;3:1-6;4:0-5;5:0-4;6:12-0;7:7-9;8:10-3;9:1-6"
502,proposed_c2f_adaptive_pd_calibrated,10,10,1.0,11,300,0.03666666666666667,11,0,11,0.0,0.0,1373.2027845534762,122.49594747812057,1.0,11120.0,11120.0,0.0,14.079299988225102,"10,11,2,6,5,4,0,9,3,6","0:1-10;1:14-11;2:10-2,5-2;3:1-6;4:0-5;5:0-4;6:12-0;7:7-9;8:10-3;9:1-6"
503,proposed_c2f_adaptive_pd,9,10,0.9,12,300,0.04,33,5,28,3200.0,5.333333333333334,895.3382699979942,46.28291937783366,1.0,28325.0,28325.0,0.0,14.16709995828569,"9,8,10,14,9,5,8,10,14,1","0:0-9;1:14-8,7-8,5-8,11-8,13-8,12-8;2:10-9,9-10,8-10,8-9,0-10,5-10;3:7-14,11-14,12-14;4:0-9;5:4-5;6:10-8,9-8;7:9-10,10-9,8-10,0-10,8-9,1-10;8:7-14,14-7,6-14,11-14,3-14,12-14;9:0-1"
503,proposed_c2f_adaptive_pd_calibrated,9,10,0.9,12,300,0.04,33,5,28,3200.0,5.333333333333334,895.3382699979942,46.28291937783366,1.0,28325.0,28325.0,0.0,43.850199959706515,"9,8,10,14,9,5,8,10,14,1","0:0-9;1:14-8,7-8,5-8,11-8,13-8,12-8;2:10-9,9-10,8-10,8-9,0-10,5-10;3:7-14,11-14,12-14;4:0-9;5:4-5;6:10-8,9-8;7:9-10,10-9,8-10,0-10,8-9,1-10;8:7-14,14-7,6-14,11-14,3-14,12-14;9:0-1"
504,proposed_c2f_adaptive_pd,10,10,1.0,15,300,0.05,15,2,13,1280.0,2.1333333333333333,1070.543320560078,200.87992805354634,1.0,9425.0,9425.0,0.0,8.860300004016608,"9,14,9,7,4,6,5,9,8,10","0:0-9;1:10-14;2:3-9;3:4-7;4:0-4;5:0-6;6:3-5;7:12-9;8:0-8;9:7-10,10-7,14-10,14-7,4-10,1-10"
504,proposed_c2f_adaptive_pd_calibrated,10,10,1.0,15,300,0.05,15,2,13,1280.0,2.1333333333333333,1070.543320560078,200.87992805354634,1.0,9425.0,9425.0,0.0,20.899199997074902,"9,14,9,7,4,6,5,9,8,10","0:0-9;1:10-14;2:3-9;3:4-7;4:0-4;5:0-6;6:3-5;7:12-9;8:0-8;9:7-10,10-7,14-10,14-7,4-10,1-10"
505,proposed_c2f_adaptive_pd,10,10,1.0,13,300,0.043333333333333335,10,0,10,0.0,0.0,901.9406181065303,527.7684725319941,1.0,11583.0,11583.0,0.0,5.793999996967614,"5,9,3,5,4,2,0,12,7,2",0:0-5;1:0-9;2:0-3;3:3-5;4:0-4;5:1-2;6:1-0;7:0-12;8:0-7;9:0-2
505,proposed_c2f_adaptive_pd_calibrated,10,10,1.0,14,300,0.04666666666666667,10,0,10,0.0,0.0,901.9406181065303,527.7684725319941,1.0,11583.0,11583.0,0.0,11.765000002924353,"5,9,3,5,4,2,0,12,7,2",0:0-5;1:0-9;2:0-3;3:3-5;4:0-4;5:1-2;6:1-0;7:0-12;8:0-7;9:0-2
506,proposed_c2f_adaptive_pd,9,10,0.9,16,300,0.05333333333333334,16,4,12,2560.0,4.266666666666667,426.8231430549555,68.7512609907362,1.0,18889.0,18889.0,0.0,6.96800003061071,"7,4,0,3,9,12,12,0,10,1","0:12-7,2-7,7-2,5-7,8-2,7-5;1:0-4;2:11-6,6-0;3:1-3;4:13-9;5:0-12;6:0-12;7:1-0;8:9-10;9:0-1"
506,proposed_c2f_adaptive_pd_calibrated,9,10,0.9,17,300,0.056666666666666664,16,4,12,2560.0,4.266666666666667,426.8231430549555,68.7512609907362,1.0,18889.0,18889.0,0.0,20.636699977330863,"7,4,0,3,9,12,12,0,10,1","0:12-7,2-7,7-2,5-7,8-2,7-5;1:0-4;2:11-6,6-0;3:1-3;4:13-9;5:0-12;6:0-12;7:1-0;8:9-10;9:0-1"
507,proposed_c2f_adaptive_pd,9,10,0.9,17,300,0.056666666666666664,15,4,11,2560.0,4.266666666666667,45184.74931080312,733.9304671500963,1.0,13219.0,13219.0,0.0,7.90150003740564,"8,6,6,14,13,0,11,9,0,5","0:8-14,4-14,4-8,14-8,4-2,8-2;1:5-6;2:0-6;3:1-14;4:0-13;5:1-0;6:0-11;7:6-9;8:1-0;9:6-5"
507,proposed_c2f_adaptive_pd_calibrated,9,10,0.9,17,300,0.056666666666666664,15,4,11,2560.0,4.266666666666667,45184.74931080312,733.9304671500963,1.0,13219.0,13219.0,0.0,19.290200027171522,"8,6,6,14,13,0,11,9,0,5","0:8-14,4-14,4-8,14-8,4-2,8-2;1:5-6;2:0-6;3:1-14;4:0-13;5:1-0;6:0-11;7:6-9;8:1-0;9:6-5"
508,proposed_c2f_adaptive_pd,10,10,1.0,23,300,0.07666666666666666,21,4,17,2560.0,4.266666666666667,88.16410391727008,51.95579128707165,1.0,20149.0,20149.0,0.0,11.439300025813282,"1,0,8,10,8,8,7,11,13,10","0:0-1;1:2-0;2:2-8,10-8,6-8,8-6,1-8,10-6;3:2-10;4:1-8,3-8;5:2-8;6:1-7;7:1-11;8:0-13;9:2-10,10-2,0-10,0-2,6-10,9-10"
508,proposed_c2f_adaptive_pd_calibrated,10,10,1.0,23,300,0.07666666666666666,21,4,17,2560.0,4.266666666666667,88.16410391727008,51.95579128707165,1.0,20149.0,20149.0,0.0,22.83279999392107,"1,0,8,10,8,8,7,11,13,10","0:0-1;1:2-0;2:2-8,10-8,6-8,8-6,1-8,10-6;3:2-10;4:1-8,3-8;5:2-8;6:1-7;7:1-11;8:0-13;9:2-10,10-2,0-10,0-2,6-10,9-10"
509,proposed_c2f_adaptive_pd,9,10,0.9,12,270,0.044444444444444446,11,1,10,640.0,1.0666666666666667,1334.90788897857,754.7951341612588,0.9090909090909091,10452.0,10452.0,0.0,5.685599986463785,"2,3,4,4,12,0,4,3,13,11","0:2-13,13-2;1:0-3;2:0-4;3:0-4;4:0-12;5:1-0;6:0-4;7:1-3;8:0-13;9:0-11"
509,proposed_c2f_adaptive_pd_calibrated,9,10,0.9,13,270,0.04814814814814815,11,1,10,640.0,1.0666666666666667,1334.90788897857,754.7951341612588,0.9090909090909091,10452.0,10452.0,0.0,9.542400017380714,"2,3,4,4,12,0,4,3,13,11","0:2-13,13-2;1:0-3;2:0-4;3:0-4;4:0-12;5:1-0;6:0-4;7:1-3;8:0-13;9:0-11"
510,proposed_c2f_adaptive_pd,10,10,1.0,20,300,0.06666666666666667,17,3,14,1920.0,3.2,591.2945009558371,43.43833679477054,1.0,15538.0,15538.0,0.0,9.597199968993664,"13,7,4,13,9,11,5,9,5,10","0:12-13;1:1-7;2:0-4;3:13-14,14-13,7-13,9-13,9-14,1-13;4:0-9;5:0-11;6:11-5,8-5;7:7-9,9-7;8:0-5;9:1-10"
510,proposed_c2f_adaptive_pd_calibrated,10,10,1.0,20,300,0.06666666666666667,17,3,14,1920.0,3.2,591.2945009558371,43.43833679477054,1.0,15538.0,15538.0,0.0,22.230299946386367,"13,7,4,13,9,11,5,9,5,10","0:12-13;1:1-7;2:0-4;3:13-14,14-13,7-13,9-13,9-14,1-13;4:0-9;5:0-11;6:11-5,8-5;7:7-9,9-7;8:0-5;9:1-10"
511,proposed_c2f_adaptive_pd,10,10,1.0,16,300,0.05333333333333334,10,0,10,0.0,0.0,534.6699406981454,272.95791726570684,1.0,8503.0,8503.0,0.0,3.6226999945938587,"7,9,4,5,8,13,11,14,5,13",0:0-7;1:2-9;2:8-4;3:0-5;4:0-8;5:0-13;6:1-11;7:0-14;8:0-5;9:1-13
511,proposed_c2f_adaptive_pd_calibrated,10,10,1.0,17,300,0.056666666666666664,10,0,10,0.0,0.0,534.6699406981454,272.95791726570684,1.0,8503.0,8503.0,0.0,10.387799993623048,"7,9,4,5,8,13,11,14,5,13",0:0-7;1:2-9;2:8-4;3:0-5;4:0-8;5:0-13;6:1-11;7:0-14;8:0-5;9:1-13
512,proposed_c2f_adaptive_pd,9,10,0.9,11,270,0.040740740740740744,42,3,39,1920.0,3.2,333.3491653818587,11.393744272373848,0.9761904761904762,29374.0,29374.0,0.0,19.17200000025332,"11,11,8,12,11,12,5,8,11,12","0:10-11,7-11,14-11;1:7-11,6-11,3-11,14-11,10-11,11-7;2:10-8,0-8,9-8,11-8,7-8,14-8;3:0-12;4:7-11,10-11,14-11,6-11,3-11,9-11;5:0-12;6:0-5,5-0,10-5,9-5,12-5,4-5;7:5-8,10-8,9-8,4-8,11-8,7-8;8:7-11,10-11,3-11,14-11,9-11,11-7;9:2-12"
512,proposed_c2f_adaptive_pd_calibrated,9,10,0.9,12,270,0.044444444444444446,42,3,39,1920.0,3.2,333.3491653818587,11.393744272373848,0.9761904761904762,29374.0,29374.0,0.0,47.11659997701645,"11,11,8,12,11,12,5,8,11,12","0:10-11,7-11,14-11;1:7-11,6-11,3-11,14-11,10-11,11-7;2:10-8,0-8,9-8,11-8,7-8,14-8;3:0-12;4:7-11,10-11,14-11,6-11,3-11,9-11;5:0-12;6:0-5,5-0,10-5,9-5,12-5,4-5;7:5-8,10-8,9-8,4-8,11-8,7-8;8:7-11,10-11,3-11,14-11,9-11,11-7;9:2-12"
513,proposed_c2f_adaptive_pd,8,10,0.8,12,270,0.044444444444444446,17,3,14,1920.0,3.2,2062.2840175584165,60.612475872736155,0.9411764705882353,18143.0,18143.0,0.0,6.868400028906763,"7,0,11,3,14,11,5,3,4,11","0:0-7;1:2-0;2:0-11;3:7-3;4:8-14;5:5-11,11-5,4-11;6:11-5,5-11,7-5,1-5,7-11,6-5;7:2-3;8:5-4;9:0-11"
513,proposed_c2f_adaptive_pd_calibrated,8,10,0.8,12,270,0.044444444444444446,17,3,14,1920.0,3.2,2062.2840175584165,60.612475872736155,0.9411764705882353,18143.0,18143.0,0.0,21.689699962735176,"7,0,11,3,14,11,5,3,4,11","0:0-7;1:2-0;2:0-11;3:7-3;4:8-14;5:5-11,11-5,4-11;6:11-5,5-11,7-5,1-5,7-11,6-5;7:2-3;8:5-4;9:0-11"
514,proposed_c2f_adaptive_pd,10,10,1.0,16,300,0.05333333333333334,10,0,10,0.0,0.0,1316.7934466471202,737.9871131645681,1.0,10659.0,10659.0,0.0,6.301900022663176,"14,1,1,3,5,3,1,5,9,13",0:3-14;1:3-1;2:3-1;3:0-3;4:0-5;5:1-3;6:0-1;7:0-5;8:0-9;9:0-13
514,proposed_c2f_adaptive_pd_calibrated,10,10,1.0,16,300,0.05333333333333334,10,0,10,0.0,0.0,1316.7934466471202,737.9871131645681,1.0,10659.0,10659.0,0.0,14.164699998218566,"14,1,1,3,5,3,1,5,9,13",0:3-14;1:3-1;2:3-1;3:0-3;4:0-5;5:1-3;6:0-1;7:0-5;8:0-9;9:0-13
515,proposed_c2f_adaptive_pd,10,10,1.0,14,300,0.04666666666666667,11,0,11,0.0,0.0,2289.92722977149,209.87066008414365,1.0,10571.0,10571.0,0.0,5.8077999856323,"5,8,13,2,5,13,12,1,4,1","0:2-5;1:2-8;2:3-13;3:8-2;4:2-5,6-5;5:7-13;6:0-12;7:12-1;8:0-4;9:4-1"
515,proposed_c2f_adaptive_pd_calibrated,10,10,1.0,14,300,0.04666666666666667,11,0,11,0.0,0.0,2289.92722977149,209.87066008414365,1.0,10571.0,10571.0,0.0,14.352799975313246,"5,8,13,2,5,13,12,1,4,1","0:2-5;1:2-8;2:3-13;3:8-2;4:2-5,6-5;5:7-13;6:0-12;7:12-1;8:0-4;9:4-1"
516,proposed_c2f_adaptive_pd,9,10,0.9,12,300,0.04,13,1,12,640.0,1.0666666666666667,167522.2227458098,160.11422031244555,1.0,11805.0,11805.0,0.0,5.017000017687678,"12,9,9,8,13,8,12,12,6,7","0:7-12;1:0-9;2:0-9;3:0-8;4:0-13;5:0-8;6:7-12;7:7-12;8:5-6,6-5,11-6,12-6;9:4-7"
516,proposed_c2f_adaptive_pd_calibrated,9,10,0.9,12,300,0.04,13,1,12,640.0,1.0666666666666667,167522.2227458098,160.11422031244555,1.0,11805.0,11805.0,0.0,12.628099997527897,"12,9,9,8,13,8,12,12,6,7","0:7-12;1:0-9;2:0-9;3:0-8;4:0-13;5:0-8;6:7-12;7:7-12;8:5-6,6-5,11-6,12-6;9:4-7"
517,proposed_c2f_adaptive_pd,10,10,1.0,12,300,0.04,11,1,10,640.0,1.0666666666666667,6248.140144186256,1473.5834130885303,1.0,10116.0,10116.0,0.0,4.982799990102649,"7,5,0,9,10,1,8,0,12,8","0:2-7;1:0-5;2:1-0;3:0-9;4:1-10;5:3-1;6:3-8;7:1-0;8:12-5,5-12;9:1-8"
517,proposed_c2f_adaptive_pd_calibrated,10,10,1.0,13,300,0.043333333333333335,11,1,10,640.0,1.0666666666666667,6248.140144186256,1473.5834130885303,1.0,10116.0,10116.0,0.0,11.338199954479933,"7,5,0,9,10,1,8,0,12,8","0:2-7;1:0-5;2:1-0;3:0-9;4:1-10;5:3-1;6:3-8;7:1-0;8:12-5,5-12;9:1-8"
518,proposed_c2f_adaptive_pd,10,10,1.0,16,300,0.05333333333333334,10,0,10,0.0,0.0,2047.5677951816506,387.62435995125475,1.0,8657.0,8657.0,0.0,5.407899967394769,"0,5,13,10,8,8,3,13,5,9",0:12-0;1:3-5;2:2-13;3:3-10;4:1-8;5:0-8;6:7-3;7:0-13;8:1-5;9:3-9
518,proposed_c2f_adaptive_pd_calibrated,10,10,1.0,16,300,0.05333333333333334,10,0,10,0.0,0.0,2047.5677951816506,387.62435995125475,1.0,8657.0,8657.0,0.0,13.102700002491474,"0,5,13,10,8,8,3,13,5,9",0:12-0;1:3-5;2:2-13;3:3-10;4:1-8;5:0-8;6:7-3;7:0-13;8:1-5;9:3-9
519,proposed_c2f_adaptive_pd,10,10,1.0,13,300,0.043333333333333335,14,0,14,0.0,0.0,33877.10200492237,750.5712877059852,1.0,15285.0,15285.0,0.0,4.935900040436536,"9,2,14,10,12,7,13,12,0,13","0:0-9;1:12-2,6-2;2:0-14;3:0-10;4:2-12,3-12;5:0-7;6:0-13;7:3-12,6-12,5-12;8:2-0;9:0-13"
519,proposed_c2f_adaptive_pd_calibrated,10,10,1.0,13,300,0.043333333333333335,14,0,14,0.0,0.0,33877.10200492237,750.5712877059852,1.0,15285.0,15285.0,0.0,19.583000044804066,"9,2,14,10,12,7,13,12,0,13","0:0-9;1:12-2,6-2;2:0-14;3:0-10;4:2-12,3-12;5:0-7;6:0-13;7:3-12,6-12,5-12;8:2-0;9:0-13"
520,proposed_c2f_adaptive_pd,9,10,0.9,15,300,0.05,15,3,12,1920.0,3.2,1538.4123427777708,90.8130750967671,1.0,20475.0,20475.0,0.0,8.353799988981336,"1,10,5,2,12,1,14,3,1,9","0:0-1;1:1-10;2:10-5;3:3-2;4:1-12;5:3-1;6:1-14;7:1-3;8:1-10,10-1,14-1,1-14,6-1,14-10;9:2-9"
520,proposed_c2f_adaptive_pd_calibrated,9,10,0.9,16,300,0.05333333333333334,15,3,12,1920.0,3.2,1538.4123427777708,90.8130750967671,1.0,20475.0,20475.0,0.0,18.52419995702803,"1,10,5,2,12,1,14,3,1,9","0:0-1;1:1-10;2:10-5;3:3-2;4:1-12;5:3-1;6:1-14;7:1-3;8:1-10,10-1,14-1,1-14,6-1,14-10;9:2-9"
521,proposed_c2f_adaptive_pd,10,10,1.0,16,300,0.05333333333333334,13,1,12,640.0,1.0666666666666667,315.06664124002907,209.11203610914257,1.0,13673.0,13673.0,0.0,6.923200038727373,"3,0,1,3,7,6,13,14,1,3","0:0-3;1:1-0;2:10-1;3:4-3,3-4,0-3,7-3;4:0-7;5:0-6;6:12-13;7:5-14;8:10-1;9:0-3"
521,proposed_c2f_adaptive_pd_calibrated,10,10,1.0,17,300,0.056666666666666664,13,1,12,640.0,1.0666666666666667,315.06664124002907,209.11203610914257,1.0,13673.0,13673.0,0.0,12.443099985830486,"3,0,1,3,7,6,13,14,1,3","0:0-3;1:1-0;2:10-1;3:4-3,3-4,0-3,7-3;4:0-7;5:0-6;6:12-13;7:5-14;8:10-1;9:0-3"
522,proposed_c2f_adaptive_pd,9,10,0.9,12,300,0.04,23,4,19,2560.0,4.266666666666667,684.3688199527559,354.4325120660814,1.0,17964.0,17964.0,0.0,12.655700033064932,"3,0,1,6,11,6,8,12,0,12","0:0-3;1:7-0,0-7,3-0,0-3,1-0,0-1;2:0-1;3:12-6,5-6;4:11-12,12-11,14-11;5:0-6;6:1-8;7:6-12,14-12,11-12,10-12,5-12,7-12;8:1-0;9:1-12"
522,proposed_c2f_adaptive_pd_calibrated,9,10,0.9,13,300,0.043333333333333335,23,4,19,2560.0,4.266666666666667,684.3688199527559,354.4325120660814,1.0,17964.0,17964.0,0.0,29.364600020926446,"3,0,1,6,11,6,8,12,0,12","0:0-3;1:7-0,0-7,3-0,0-3,1-0,0-1;2:0-1;3:12-6,5-6;4:11-12,12-11,14-11;5:0-6;6:1-8;7:6-12,14-12,11-12,10-12,5-12,7-12;8:1-0;9:1-12"
523,proposed_c2f_adaptive_pd,10,10,1.0,10,300,0.03333333333333333,16,2,14,1280.0,2.1333333333333333,8384.500434738904,291.6935231762516,1.0,15646.0,15646.0,0.0,8.56799999019131,"5,7,1,6,2,0,1,9,13,6","0:0-5;1:1-7;2:8-1;3:4-6;4:9-2,0-2;5:1-0;6:0-1;7:2-9;8:4-13,13-4,7-13,13-7,1-13,14-13;9:4-6"
523,proposed_c2f_adaptive_pd_calibrated,10,10,1.0,10,300,0.03333333333333333,16,2,14,1280.0,2.1333333333333333,8384.500434738904,291.6935231762516,1.0,15646.0,15646.0,0.0,17.516200023237616,"5,7,1,6,2,0,1,9,13,6","0:0-5;1:1-7;2:8-1;3:4-6;4:9-2,0-2;5:1-0;6:0-1;7:2-9;8:4-13,13-4,7-13,13-7,1-13,14-13;9:4-6"
524,proposed_c2f_adaptive_pd,10,10,1.0,11,300,0.03666666666666667,12,1,11,640.0,1.0666666666666667,138305582.3106807,68.62909119171785,1.0,13639.0,13639.0,0.0,6.140700017567724,"13,4,4,5,0,12,14,11,12,2","0:13-0,3-13;1:0-4;2:1-4;3:1-5;4:1-0;5:9-12;6:7-14,9-14;7:1-11;8:0-12;9:1-2"
524,proposed_c2f_adaptive_pd_calibrated,10,10,1.0,11,300,0.03666666666666667,12,1,11,640.0,1.0666666666666667,138305582.3106807,68.62909119171785,1.0,13639.0,13639.0,0.0,14.680599968414754,"13,4,4,5,0,12,14,11,12,2","0:13-0,3-13;1:0-4;2:1-4;3:1-5;4:1-0;5:9-12;6:7-14,9-14;7:1-11;8:0-12;9:1-2"
525,proposed_c2f_adaptive_pd,10,10,1.0,12,300,0.04,11,1,10,640.0,1.0666666666666667,19890.233747070357,441.68226401158415,1.0,8436.0,8436.0,0.0,7.049400010146201,"0,4,9,5,13,0,14,5,8,8","0:4-0;1:6-4;2:0-9;3:14-5;4:2-13;5:10-0;6:0-14;7:0-5;8:8-3,3-8;9:1-8"
525,proposed_c2f_adaptive_pd_calibrated,10,10,1.0,12,300,0.04,11,1,10,640.0,1.0666666666666667,19890.233747070357,441.68226401158415,1.0,8436.0,8436.0,0.0,14.696999976877123,"0,4,9,5,13,0,14,5,8,8","0:4-0;1:6-4;2:0-9;3:14-5;4:2-13;5:10-0;6:0-14;7:0-5;8:8-3,3-8;9:1-8"
526,proposed_c2f_adaptive_pd,10,10,1.0,11,300,0.03666666666666667,15,1,14,640.0,1.0666666666666667,452.9898930220068,274.72266162225077,1.0,12967.0,12967.0,0.0,8.273600018583238,"11,3,0,4,11,9,14,6,0,6","0:0-11;1:0-3;2:1-0;3:9-4,4-9,2-4,14-4,5-4,6-4;4:6-11;5:0-9;6:5-14;7:11-6;8:7-0;9:2-6"
526,proposed_c2f_adaptive_pd_calibrated,10,10,1.0,13,300,0.043333333333333335,15,1,14,640.0,1.0666666666666667,452.9898930220068,274.72266162225077,1.0,12967.0,12967.0,0.0,18.475199991371483,"11,3,0,4,11,9,14,6,0,6","0:0-11;1:0-3;2:1-0;3:9-4,4-9,2-4,14-4,5-4,6-4;4:6-11;5:0-9;6:5-14;7:11-6;8:7-0;9:2-6"
527,proposed_c2f_adaptive_pd,10,10,1.0,15,300,0.05,15,1,14,640.0,1.0666666666666667,2544.9672556995183,170.57587518298726,1.0,18567.0,18567.0,0.0,8.85689997812733,"3,8,10,13,13,6,13,6,6,10","0:1-3;1:2-8;2:0-10;3:1-13;4:11-13;5:9-6,2-6,0-6,5-6,12-6,6-12;6:1-13;7:5-6;8:0-6;9:4-10"
527,proposed_c2f_adaptive_pd_calibrated,10,10,1.0,16,300,0.05333333333333334,15,1,14,640.0,1.0666666666666667,2544.9672556995183,170.57587518298726,1.0,18567.0,18567.0,0.0,16.735300014261156,"3,8,10,13,13,6,13,6,6,10","0:1-3;1:2-8;2:0-10;3:1-13;4:11-13;5:9-6,2-6,0-6,5-6,12-6,6-12;6:1-13;7:5-6;8:0-6;9:4-10"
528,proposed_c2f_adaptive_pd,10,10,1.0,12,300,0.04,11,0,11,0.0,0.0,318.62933551963295,77.62361125020304,1.0,11505.0,11505.0,0.0,6.619299994781613,"3,13,14,1,8,4,4,0,14,0","0:0-3;1:0-13;2:9-14;3:0-1;4:3-8;5:12-4;6:9-4;7:13-0,7-0;8:6-14;9:3-0"
528,proposed_c2f_adaptive_pd_calibrated,10,10,1.0,12,300,0.04,11,0,11,0.0,0.0,318.62933551963295,77.62361125020304,1.0,11505.0,11505.0,0.0,11.289000045508146,"3,13,14,1,8,4,4,0,14,0","0:0-3;1:0-13;2:9-14;3:0-1;4:3-8;5:12-4;6:9-4;7:13-0,7-0;8:6-14;9:3-0"
529,proposed_c2f_adaptive_pd,8,10,0.8,15,300,0.05,23,6,17,3840.0,6.400000000000001,29935.65267039136,25.619092447104762,1.0,28853.0,28853.0,0.0,9.582599974237382,"0,10,1,12,13,5,11,6,6,11","0:1-0;1:0-10;2:1-2,9-2,6-2,2-1,9-1,6-1;3:1-12;4:8-13,11-13;5:1-5;6:7-11,13-11,2-11;7:8-6;8:1-6;9:13-11,11-7,7-11,4-11,11-4,13-8"
529,proposed_c2f_adaptive_pd_calibrated,8,10,0.8,15,300,0.05,23,6,17,3840.0,6.400000000000001,29935.65267039136,25.619092447104762,1.0,28853.0,28853.0,0.0,27.68670005025342,"0,10,1,12,13,5,11,6,6,11","0:1-0;1:0-10;2:1-2,9-2,6-2,2-1,9-1,6-1;3:1-12;4:8-13,11-13;5:1-5;6:7-11,13-11,2-11;7:8-6;8:1-6;9:13-11,11-7,7-11,4-11,11-4,13-8"
530,proposed_c2f_adaptive_pd,10,10,1.0,16,300,0.05333333333333334,21,7,14,4480.0,7.466666666666669,30483.012408982428,73.53530978001066,1.0,21584.0,21584.0,0.0,9.473600017372519,"10,5,13,14,13,6,6,4,4,6","0:2-10;1:0-5;2:0-13;3:6-14,11-14;4:0-13;5:2-6,6-2,7-6,6-7,10-6,6-10;6:2-6;7:7-4;8:2-4;9:2-6,6-2,7-6,6-7,2-7,7-2"
530,proposed_c2f_adaptive_pd_calibrated,10,10,1.0,16,300,0.05333333333333334,21,7,14,4480.0,7.466666666666669,30483.012408982428,73.53530978001066,1.0,21584.0,21584.0,0.0,22.972700011450797,"10,5,13,14,13,6,6,4,4,6","0:2-10;1:0-5;2:0-13;3:6-14,11-14;4:0-13;5:2-6,6-2,7-6,6-7,10-6,6-10;6:2-6;7:7-4;8:2-4;9:2-6,6-2,7-6,6-7,2-7,7-2"
531,proposed_c2f_adaptive_pd,10,10,1.0,9,300,0.03,18,1,17,640.0,1.0666666666666667,975.9600251860824,67.67391138167658,1.0,14488.0,14488.0,0.0,8.322299981955439,"7,2,3,6,1,7,14,14,10,7","0:10-7;1:0-2,8-2;2:4-3;3:3-6;4:0-1;5:13-7;6:0-14;7:0-14;8:7-10,4-10,5-10;9:2-7,10-7,4-7,14-7,1-7,7-10"
531,proposed_c2f_adaptive_pd_calibrated,10,10,1.0,9,300,0.03,18,1,17,640.0,1.0666666666666667,975.9600251860824,67.67391138167658,1.0,14488.0,14488.0,0.0,17.4855999648571,"7,2,3,6,1,7,14,14,10,7","0:10-7;1:0-2,8-2;2:4-3;3:3-6;4:0-1;5:13-7;6:0-14;7:0-14;8:7-10,4-10,5-10;9:2-7,10-7,4-7,14-7,1-7,7-10"
532,proposed_c2f_adaptive_pd,9,10,0.9,16,300,0.05333333333333334,18,3,15,1920.0,3.2,714.8376692504213,169.11052630797826,1.0,27245.0,27245.0,0.0,8.878300024662167,"2,2,9,3,12,4,4,1,0,7","0:9-2,8-2,13-2,5-2;1:8-2,13-2,2-8,8-9,9-8,5-2;2:1-9;3:1-3;4:0-12;5:3-4;6:3-4;7:0-1;8:5-0;9:10-7"
532,proposed_c2f_adaptive_pd_calibrated,9,10,0.9,16,300,0.05333333333333334,18,3,15,1920.0,3.2,714.8376692504213,169.11052630797826,1.0,27245.0,27245.0,0.0,22.534599993377924,"2,2,9,3,12,4,4,1,0,7","0:9-2,8-2,13-2,5-2;1:8-2,13-2,2-8,8-9,9-8,5-2;2:1-9;3:1-3;4:0-12;5:3-4;6:3-4;7:0-1;8:5-0;9:10-7"
533,proposed_c2f_adaptive_pd,9,10,0.9,18,270,0.06666666666666667,10,0,10,0.0,0.0,155.98822212250315,50.08642801428779,0.9,10505.0,10505.0,0.0,5.078400019556284,"6,11,1,12,7,7,7,9,13,11",0:0-6;1:1-11;2:0-1;3:0-12;4:2-7;5:0-7;6:1-7;7:2-9;8:9-13;9:2-11
533,proposed_c2f_adaptive_pd_calibrated,9,10,0.9,19,270,0.07037037037037037,10,0,10,0.0,0.0,155.98822212250315,50.08642801428779,0.9,10505.0,10505.0,0.0,7.504899986088276,"6,11,1,12,7,7,7,9,13,11",0:0-6;1:1-11;2:0-1;3:0-12;4:2-7;5:0-7;6:1-7;7:2-9;8:9-13;9:2-11
534,proposed_c2f_adaptive_pd,9,10,0.9,11,300,0.03666666666666667,12,0,12,0.0,0.0,3408.490818956442,86.88495509181163,1.0,14807.0,14807.0,0.0,5.292600020766258,"9,13,13,10,3,9,9,13,12,12","0:0-9;1:11-13;2:1-13;3:0-10;4:0-3;5:2-9;6:2-9;7:6-13,11-13;8:1-12;9:1-12,13-12"
534,proposed_c2f_adaptive_pd_calibrated,9,10,0.9,11,300,0.03666666666666667,12,0,12,0.0,0.0,3408.490818956442,86.88495509181163,1.0,14807.0,14807.0,0.0,16.59519999520853,"9,13,13,10,3,9,9,13,12,12","0:0-9;1:11-13;2:1-13;3:0-10;4:0-3;5:2-9;6:2-9;7:6-13,11-13;8:1-12;9:1-12,13-12"
535,proposed_c2f_adaptive_pd,10,10,1.0,12,300,0.04,11,0,11,0.0,0.0,3960.960241571137,121.1056601614463,1.0,13140.0,13140.0,0.0,5.660900031216443,"5,6,14,1,8,3,13,14,3,9","0:0-5;1:2-6;2:3-14;3:4-1;4:0-8;5:0-3;6:7-13,5-13;7:0-14;8:10-3;9:0-9"
535,proposed_c2f_adaptive_pd_calibrated,10,10,1.0,12,300,0.04,11,0,11,0.0,0.0,3960.960241571137,121.1056601614463,1.0,13140.0,13140.0,0.0,12.705300003290176,"5,6,14,1,8,3,13,14,3,9","0:0-5;1:2-6;2:3-14;3:4-1;4:0-8;5:0-3;6:7-13,5-13;7:0-14;8:10-3;9:0-9"
536,proposed_c2f_adaptive_pd,10,10,1.0,15,300,0.05,10,0,10,0.0,0.0,1018.7029519953503,59.705132269178264,1.0,14271.0,14271.0,0.0,5.4064999567344785,"13,5,14,13,6,1,9,5,12,0",0:1-13;1:0-5;2:6-14;3:0-13;4:10-6;5:2-1;6:0-9;7:8-5;8:6-12;9:1-0
536,proposed_c2f_adaptive_pd_calibrated,10,10,1.0,16,300,0.05333333333333334,10,0,10,0.0,0.0,1018.7029519953503,59.705132269178264,1.0,14271.0,14271.0,0.0,13.73129995772615,"13,5,14,13,6,1,9,5,12,0",0:1-13;1:0-5;2:6-14;3:0-13;4:10-6;5:2-1;6:0-9;7:8-5;8:6-12;9:1-0
537,proposed_c2f_adaptive_pd,10,10,1.0,14,300,0.04666666666666667,12,1,11,640.0,1.0666666666666667,312.45438111567444,101.63651752422126,1.0,14406.0,14406.0,0.0,6.107900000642985,"0,6,6,5,0,0,14,3,8,4","0:1-0;1:1-6;2:0-6;3:2-5;4:9-0,0-9,5-0;5:8-0;6:1-14;7:9-3;8:0-8;9:12-4"
537,proposed_c2f_adaptive_pd_calibrated,10,10,1.0,14,300,0.04666666666666667,12,1,11,640.0,1.0666666666666667,312.45438111567444,101.63651752422126,1.0,14406.0,14406.0,0.0,16.161000006832182,"0,6,6,5,0,0,14,3,8,4","0:1-0;1:1-6;2:0-6;3:2-5;4:9-0,0-9,5-0;5:8-0;6:1-14;7:9-3;8:0-8;9:12-4"
538,proposed_c2f_adaptive_pd,10,10,1.0,18,300,0.06,16,4,12,2560.0,4.266666666666667,1007.7194292818642,471.4016354252903,1.0,17745.0,17745.0,0.0,7.156300009228289,"1,13,12,2,2,9,7,4,3,2","0:0-1;1:0-13;2:0-12;3:2-3,3-2,13-3,3-13,13-2,7-3;4:3-2;5:1-9;6:2-7;7:7-4;8:0-3;9:13-2,3-2"
538,proposed_c2f_adaptive_pd_calibrated,10,10,1.0,18,300,0.06,16,4,12,2560.0,4.266666666666667,1007.7194292818642,471.4016354252903,1.0,17745.0,17745.0,0.0,21.11869998043403,"1,13,12,2,2,9,7,4,3,2","0:0-1;1:0-13;2:0-12;3:2-3,3-2,13-3,3-13,13-2,7-3;4:3-2;5:1-9;6:2-7;7:7-4;8:0-3;9:13-2,3-2"
539,proposed_c2f_adaptive_pd,10,10,1.0,9,300,0.03,12,1,11,640.0,1.0666666666666667,1028.0133491275942,189.1213109078434,1.0,13717.0,13717.0,0.0,6.760299962479621,"4,8,10,2,7,14,3,8,13,13","0:0-4;1:0-8;2:0-10;3:0-2;4:0-7;5:7-14;6:3-10,10-3,4-3;7:0-8;8:3-13;9:0-13"
539,proposed_c2f_adaptive_pd_calibrated,10,10,1.0,9,300,0.03,12,1,11,640.0,1.0666666666666667,1028.0133491275942,189.1213109078434,1.0,13717.0,13717.0,0.0,13.959000003524125,"4,8,10,2,7,14,3,8,13,13","0:0-4;1:0-8;2:0-10;3:0-2;4:0-7;5:7-14;6:3-10,10-3,4-3;7:0-8;8:3-13;9:0-13"
540,proposed_c2f_adaptive_pd,9,10,0.9,13,300,0.043333333333333335,10,0,10,0.0,0.0,26193.002980273242,529.3453446950483,1.0,10043.0,10043.0,0.0,5.765300011262298,"1,1,6,8,12,13,9,10,3,3",0:0-1;1:0-1;2:3-6;3:4-8;4:0-12;5:0-13;6:0-9;7:0-10;8:0-3;9:0-3
540,proposed_c2f_adaptive_pd_calibrated,9,10,0.9,13,300,0.043333333333333335,10,0,10,0.0,0.0,26193.002980273242,529.3453446950483,1.0,10043.0,10043.0,0.0,11.081399978138506,"1,1,6,8,12,13,9,10,3,3",0:0-1;1:0-1;2:3-6;3:4-8;4:0-12;5:0-13;6:0-9;7:0-10;8:0-3;9:0-3
541,proposed_c2f_adaptive_pd,10,10,1.0,12,300,0.04,11,0,11,0.0,0.0,133.82703830825236,80.42462300158994,1.0,14652.0,14652.0,0.0,5.346400022972375,"12,12,0,14,14,9,10,12,11,14","0:6-12;1:0-12;2:1-0;3:0-14;4:13-14,0-14;5:0-9;6:3-10;7:1-12;8:0-11;9:0-14"
541,proposed_c2f_adaptive_pd_calibrated,10,10,1.0,12,300,0.04,11,0,11,0.0,0.0,133.82703830825236,80.42462300158994,1.0,14652.0,14652.0,0.0,15.029800008051097,"12,12,0,14,14,9,10,12,11,14","0:6-12;1:0-12;2:1-0;3:0-14;4:13-14,0-14;5:0-9;6:3-10;7:1-12;8:0-11;9:0-14"
542,proposed_c2f_adaptive_pd,10,10,1.0,18,300,0.06,15,3,12,1920.0,3.2,734.7655440994868,91.37746986540671,1.0,21005.0,21005.0,0.0,8.753500005695969,"9,8,3,5,8,3,11,3,9,5","0:9-2,2-9;1:3-8;2:5-3,12-3;3:4-5;4:0-8;5:5-3,3-5,12-3,11-3;6:0-11;7:5-3;8:9-2;9:0-5"
542,proposed_c2f_adaptive_pd_calibrated,10,10,1.0,18,300,0.06,15,3,12,1920.0,3.2,734.7655440994868,91.37746986540671,1.0,21005.0,21005.0,0.0,20.709300006274134,"9,8,3,5,8,3,11,3,9,5","0:9-2,2-9;1:3-8;2:5-3,12-3;3:4-5;4:0-8;5:5-3,3-5,12-3,11-3;6:0-11;7:5-3;8:9-2;9:0-5"
543,proposed_c2f_adaptive_pd,10,10,1.0,11,300,0.03666666666666667,17,3,14,1920.0,3.2,861.6977195732654,153.55448793710667,1.0,18952.0,18952.0,0.0,6.908999988809228,"6,13,7,7,6,7,2,9,8,13","0:0-6;1:0-13;2:13-7;3:7-13,10-13,10-7,13-10,5-7,14-7;4:0-6;5:0-7;6:0-2;7:0-9;8:0-8;9:1-13,7-13,3-13"
543,proposed_c2f_adaptive_pd_calibrated,10,10,1.0,11,300,0.03666666666666667,17,3,14,1920.0,3.2,861.6977195732654,153.55448793710667,1.0,18952.0,18952.0,0.0,19.36590002151206,"6,13,7,7,6,7,2,9,8,13","0:0-6;1:0-13;2:13-7;3:7-13,10-13,10-7,13-10,5-7,14-7;4:0-6;5:0-7;6:0-2;7:0-9;8:0-8;9:1-13,7-13,3-13"
544,proposed_c2f_adaptive_pd,10,10,1.0,14,300,0.04666666666666667,10,0,10,0.0,0.0,35636.88496703096,1364.6017012762445,1.0,8503.0,8503.0,0.0,4.13660000776872,"13,8,1,1,2,12,4,12,4,11",0:0-13;1:0-8;2:2-1;3:0-1;4:0-2;5:0-12;6:0-4;7:0-12;8:0-4;9:5-11
544,proposed_c2f_adaptive_pd_calibrated,10,10,1.0,14,300,0.04666666666666667,10,0,10,0.0,0.0,35636.88496703096,1364.6017012762445,1.0,8503.0,8503.0,0.0,14.276300033088773,"13,8,1,1,2,12,4,12,4,11",0:0-13;1:0-8;2:2-1;3:0-1;4:0-2;5:0-12;6:0-4;7:0-12;8:0-4;9:5-11
545,proposed_c2f_adaptive_pd,9,10,0.9,13,270,0.04814814814814815,11,0,11,0.0,0.0,822.5391527384766,120.1920022709495,0.9090909090909091,13304.0,13304.0,0.0,5.538299970794469,"2,4,7,7,14,7,8,5,5,1","0:0-2;1:0-4;2:8-7,1-7;3:1-7;4:0-14;5:1-7;6:14-8;7:0-5;8:1-5;9:5-1"
545,proposed_c2f_adaptive_pd_calibrated,9,10,0.9,14,270,0.05185185185185185,11,0,11,0.0,0.0,822.5391527384766,120.1920022709495,0.9090909090909091,13304.0,13304.0,0.0,13.16570001654327,"2,4,7,7,14,7,8,5,5,1","0:0-2;1:0-4;2:8-7,1-7;3:1-7;4:0-14;5:1-7;6:14-8;7:0-5;8:1-5;9:5-1"
546,proposed_c2f_adaptive_pd,8,10,0.8,17,300,0.056666666666666664,15,4,11,2560.0,4.266666666666667,173.48650665896466,107.47020116563908,1.0,18231.0,18231.0,0.0,5.843800026923418,"1,14,1,1,14,0,1,4,11,10","0:0-1;1:1-14;2:0-1;3:2-1;4:0-14;5:13-0;6:14-1;7:5-4;8:11-12,12-11,13-12,13-11,4-12,11-4;9:2-10"
546,proposed_c2f_adaptive_pd_calibrated,8,10,0.8,17,300,0.056666666666666664,15,4,11,2560.0,4.266666666666667,173.48650665896466,107.47020116563908,1.0,18231.0,18231.0,0.0,16.20279997587204,"1,14,1,1,14,0,1,4,11,10","0:0-1;1:1-14;2:0-1;3:2-1;4:0-14;5:13-0;6:14-1;7:5-4;8:11-12,12-11,13-12,13-11,4-12,11-4;9:2-10"
547,proposed_c2f_adaptive_pd,10,10,1.0,18,300,0.06,11,1,10,640.0,1.0666666666666667,746.3458673879609,390.2745028835909,1.0,10296.0,10296.0,0.0,6.247400015126914,"0,2,7,1,4,14,4,8,13,9","0:1-0;1:0-2;2:0-7;3:6-1;4:0-4;5:14-5,5-14;6:8-4;7:0-8;8:0-13;9:4-9"
547,proposed_c2f_adaptive_pd_calibrated,10,10,1.0,18,300,0.06,11,1,10,640.0,1.0666666666666667,746.3458673879609,390.2745028835909,1.0,10296.0,10296.0,0.0,13.471600017510355,"0,2,7,1,4,14,4,8,13,9","0:1-0;1:0-2;2:0-7;3:6-1;4:0-4;5:14-5,5-14;6:8-4;7:0-8;8:0-13;9:4-9"
548,proposed_c2f_adaptive_pd,10,10,1.0,14,300,0.04666666666666667,13,1,12,640.0,1.0666666666666667,1373.8454643438854,89.65582355866935,1.0,22290.0,22290.0,0.0,5.623999983072281,"0,4,2,7,3,7,7,3,3,1","0:1-0;1:7-4;2:0-2;3:6-7,10-7;4:14-3,3-14,13-3;5:0-7;6:0-7;7:14-3;8:14-3;9:0-1"
548,proposed_c2f_adaptive_pd_calibrated,10,10,1.0,14,300,0.04666666666666667,13,1,12,640.0,1.0666666666666667,1373.8454643438854,89.65582355866935,1.0,22290.0,22290.0,0.0,15.087699983268976,"0,4,2,7,3,7,7,3,3,1","0:1-0;1:7-4;2:0-2;3:6-7,10-7;4:14-3,3-14,13-3;5:0-7;6:0-7;7:14-3;8:14-3;9:0-1"
549,proposed_c2f_adaptive_pd,10,10,1.0,16,300,0.05333333333333334,10,0,10,0.0,0.0,3138.802822347355,333.05080392456455,1.0,9735.0,9735.0,0.0,5.443600006401539,"13,7,5,9,5,8,9,8,9,9",0:1-13;1:5-7;2:0-5;3:3-9;4:7-5;5:1-8;6:3-9;7:1-8;8:3-9;9:0-9
549,proposed_c2f_adaptive_pd_calibrated,10,10,1.0,17,300,0.056666666666666664,10,0,10,0.0,0.0,3138.802822347355,333.05080392456455,1.0,9735.0,9735.0,0.0,11.507900024298579,"13,7,5,9,5,8,9,8,9,9",0:1-13;1:5-7;2:0-5;3:3-9;4:7-5;5:1-8;6:3-9;7:1-8;8:3-9;9:0-9
550,proposed_c2f_adaptive_pd,9,10,0.9,24,300,0.08,10,0,10,0.0,0.0,4572.539829635863,227.32930321349068,1.0,12199.0,12199.0,0.0,4.241099988576025,"4,10,8,6,8,5,6,5,3,6",0:11-4;1:0-10;2:0-8;3:0-6;4:0-8;5:2-5;6:0-6;7:0-5;8:0-3;9:0-6
550,proposed_c2f_adaptive_pd_calibrated,9,10,0.9,24,300,0.08,10,0,10,0.0,0.0,4572.539829635863,227.32930321349068,1.0,12199.0,12199.0,0.0,9.307700034696609,"4,10,8,6,8,5,6,5,3,6",0:11-4;1:0-10;2:0-8;3:0-6;4:0-8;5:2-5;6:0-6;7:0-5;8:0-3;9:0-6
551,proposed_c2f_adaptive_pd,8,10,0.8,16,300,0.05333333333333334,11,0,11,0.0,0.0,896.9964155105545,79.07919543036954,1.0,12927.0,12927.0,0.0,5.607500032056123,"9,14,1,13,5,4,9,0,7,1","0:1-9;1:0-14;2:0-1;3:2-13,9-13;4:0-5;5:2-4;6:0-9;7:1-0;8:0-7;9:0-1"
551,proposed_c2f_adaptive_pd_calibrated,8,10,0.8,16,300,0.05333333333333334,11,0,11,0.0,0.0,896.9964155105545,79.07919543036954,1.0,12927.0,12927.0,0.0,13.463799958117306,"9,14,1,13,5,4,9,0,7,1","0:1-9;1:0-14;2:0-1;3:2-13,9-13;4:0-5;5:2-4;6:0-9;7:1-0;8:0-7;9:0-1"
552,proposed_c2f_adaptive_pd,8,10,0.8,15,270,0.05555555555555555,10,0,10,0.0,0.0,222.5950784056587,84.52408786030831,0.9,8895.0,8895.0,0.0,5.585200036875904,"10,12,6,5,3,14,1,13,0,11",0:2-10;1:2-12;2:11-6;3:4-5;4:8-3;5:0-14;6:7-1;7:0-13;8:4-0;9:1-11
552,proposed_c2f_adaptive_pd_calibrated,8,10,0.8,15,270,0.05555555555555555,10,0,10,0.0,0.0,222.5950784056587,84.52408786030831,0.9,8895.0,8895.0,0.0,11.984499986283481,"10,12,6,5,3,14,1,13,0,11",0:2-10;1:2-12;2:11-6;3:4-5;4:8-3;5:0-14;6:7-1;7:0-13;8:4-0;9:1-11
553,proposed_c2f_adaptive_pd,10,10,1.0,17,300,0.056666666666666664,10,0,10,0.0,0.0,36280.36585006593,1057.1351370145628,1.0,10197.0,10197.0,0.0,5.008000007364899,"1,10,1,11,10,3,2,12,3,7",0:0-1;1:0-10;2:0-1;3:3-11;4:9-10;5:8-3;6:0-2;7:0-12;8:0-3;9:0-7
553,proposed_c2f_adaptive_pd_calibrated,10,10,1.0,17,300,0.056666666666666664,10,0,10,0.0,0.0,36280.36585006593,1057.1351370145628,1.0,10197.0,10197.0,0.0,14.346300042234361,"1,10,1,11,10,3,2,12,3,7",0:0-1;1:0-10;2:0-1;3:3-11;4:9-10;5:8-3;6:0-2;7:0-12;8:0-3;9:0-7
554,proposed_c2f_adaptive_pd,9,10,0.9,9,270,0.03333333333333333,11,1,10,640.0,1.0666666666666667,1241.7231404888887,187.53424776081894,0.9090909090909091,12507.0,12507.0,0.0,3.7331999628804624,"3,0,1,9,7,14,11,1,11,2","0:4-3;1:3-0;2:2-1;3:3-9;4:10-7;5:0-14;6:0-11;7:2-1;8:2-11;9:2-6,6-2"
554,proposed_c2f_adaptive_pd_calibrated,9,10,0.9,9,270,0.03333333333333333,11,1,10,640.0,1.0666666666666667,1241.7231404888887,187.53424776081894,0.9090909090909091,12507.0,12507.0,0.0,12.63970002764836,"3,0,1,9,7,14,11,1,11,2","0:4-3;1:3-0;2:2-1;3:3-9;4:10-7;5:0-14;6:0-11;7:2-1;8:2-11;9:2-6,6-2"
555,proposed_c2f_adaptive_pd,10,10,1.0,7,300,0.023333333333333334,11,0,11,0.0,0.0,18638.68955557484,169.48969906667878,1.0,10116.0,10116.0,0.0,3.986300027463585,"8,14,5,1,5,9,0,5,5,4","0:0-8;1:0-14;2:4-5;3:0-1;4:2-5;5:0-9;6:8-0,12-0;7:4-5;8:13-5;9:1-4"
555,proposed_c2f_adaptive_pd_calibrated,10,10,1.0,7,300,0.023333333333333334,11,0,11,0.0,0.0,18638.68955557484,169.48969906667878,1.0,10116.0,10116.0,0.0,11.586899985559285,"8,14,5,1,5,9,0,5,5,4","0:0-8;1:0-14;2:4-5;3:0-1;4:2-5;5:0-9;6:8-0,12-0;7:4-5;8:13-5;9:1-4"
556,proposed_c2f_adaptive_pd,9,10,0.9,13,300,0.043333333333333335,10,0,10,0.0,0.0,398.10662325136167,270.9708833750544,1.0,10197.0,10197.0,0.0,6.061099993530661,"6,1,12,9,1,10,3,14,7,5",0:1-6;1:7-1;2:1-12;3:0-9;4:6-1;5:14-10;6:9-3;7:2-14;8:12-7;9:2-5
556,proposed_c2f_adaptive_pd_calibrated,9,10,0.9,13,300,0.043333333333333335,10,0,10,0.0,0.0,398.10662325136167,270.9708833750544,1.0,10197.0,10197.0,0.0,13.182800030335784,"6,1,12,9,1,10,3,14,7,5",0:1-6;1:7-1;2:1-12;3:0-9;4:6-1;5:14-10;6:9-3;7:2-14;8:12-7;9:2-5
557,proposed_c2f_adaptive_pd,10,10,1.0,20,300,0.06666666666666667,15,2,13,1280.0,2.1333333333333333,52613.36924130366,557.1366520124134,1.0,10493.0,10493.0,0.0,6.736800016369671,"7,10,12,2,10,5,12,9,9,4","0:0-7;1:0-10;2:4-12;3:5-2;4:11-10;5:1-5;6:0-12;7:0-9;8:6-9,9-6,2-9,2-6,5-9,3-9;9:0-4"
557,proposed_c2f_adaptive_pd_calibrated,10,10,1.0,20,300,0.06666666666666667,15,2,13,1280.0,2.1333333333333333,52613.36924130366,557.1366520124134,1.0,10493.0,10493.0,0.0,21.233800041954964,"7,10,12,2,10,5,12,9,9,4","0:0-7;1:0-10;2:4-12;3:5-2;4:11-10;5:1-5;6:0-12;7:0-9;8:6-9,9-6,2-9,2-6,5-9,3-9;9:0-4"
558,proposed_c2f_adaptive_pd,10,10,1.0,11,300,0.03666666666666667,11,1,10,640.0,1.0666666666666667,714.4290511190728,71.91409256370602,1.0,10620.0,10620.0,0.0,6.6924000275321305,"6,8,13,0,9,8,9,10,8,10","0:3-6;1:0-8;2:7-14,7-13;3:1-0;4:1-9;5:4-8;6:0-9;7:0-10;8:0-8;9:3-10"
558,proposed_c2f_adaptive_pd_calibrated,10,10,1.0,11,300,0.03666666666666667,11,1,10,640.0,1.0666666666666667,714.4290511190728,71.91409256370602,1.0,10620.0,10620.0,0.0,11.962999997194856,"6,8,13,0,9,8,9,10,8,10","0:3-6;1:0-8;2:7-14,7-13;3:1-0;4:1-9;5:4-8;6:0-9;7:0-10;8:0-8;9:3-10"
559,proposed_c2f_adaptive_pd,10,10,1.0,17,300,0.056666666666666664,10,0,10,0.0,0.0,45698.31643092414,261.69230586661996,1.0,11618.0,11618.0,0.0,4.2643999913707376,"7,3,7,7,4,7,7,6,11,11",0:0-7;1:0-3;2:13-7;3:6-7;4:5-4;5:6-7;6:0-7;7:0-6;8:12-11;9:0-11
559,proposed_c2f_adaptive_pd_calibrated,10,10,1.0,17,300,0.056666666666666664,10,0,10,0.0,0.0,45698.31643092414,261.69230586661996,1.0,11618.0,11618.0,0.0,11.755999992601573,"7,3,7,7,4,7,7,6,11,11",0:0-7;1:0-3;2:13-7;3:6-7;4:5-4;5:6-7;6:0-7;7:0-6;8:12-11;9:0-11
560,proposed_c2f_adaptive_pd,10,10,1.0,21,300,0.07,11,0,11,0.0,0.0,1550.3188145627705,409.38201710680397,1.0,15111.0,15111.0,0.0,5.4629999794997275,"6,8,0,0,10,4,3,7,2,1","0:1-6;1:0-8;2:1-0;3:1-0;4:0-10;5:0-4;6:13-3,4-3;7:0-7;8:0-2;9:0-1"
560,proposed_c2f_adaptive_pd_calibrated,10,10,1.0,21,300,0.07,11,0,11,0.0,0.0,1550.3188145627705,409.38201710680397,1.0,15111.0,15111.0,0.0,13.082300021778792,"6,8,0,0,10,4,3,7,2,1","0:1-6;1:0-8;2:1-0;3:1-0;4:0-10;5:0-4;6:13-3,4-3;7:0-7;8:0-2;9:0-1"
561,proposed_c2f_adaptive_pd,10,10,1.0,16,300,0.05333333333333334,12,0,12,0.0,0.0,40721.93746998797,2451.7190660763017,1.0,13604.0,13604.0,0.0,5.424400034826249,"14,6,6,11,11,0,0,11,2,0","0:10-14,3-14,8-14;1:0-6;2:0-6;3:12-11;4:0-11;5:2-0;6:2-0;7:0-11;8:0-2;9:2-0"
561,proposed_c2f_adaptive_pd_calibrated,10,10,1.0,16,300,0.05333333333333334,12,0,12,0.0,0.0,40721.93746998797,2451.7190660763017,1.0,13604.0,13604.0,0.0,10.68250002572313,"14,6,6,11,11,0,0,11,2,0","0:10-14,3-14,8-14;1:0-6;2:0-6;3:12-11;4:0-11;5:2-0;6:2-0;7:0-11;8:0-2;9:2-0"
562,proposed_c2f_adaptive_pd,10,10,1.0,17,300,0.056666666666666664,10,0,10,0.0,0.0,20731.78841481239,362.0092993448978,1.0,10505.0,10505.0,0.0,5.639800045173615,"8,4,8,12,5,4,11,14,12,13",0:0-8;1:2-4;2:0-8;3:11-12;4:6-5;5:0-4;6:0-11;7:3-14;8:7-12;9:0-13
562,proposed_c2f_adaptive_pd_calibrated,10,10,1.0,17,300,0.056666666666666664,10,0,10,0.0,0.0,20731.78841481239,362.0092993448978,1.0,10505.0,10505.0,0.0,9.863700019195676,"8,4,8,12,5,4,11,14,12,13",0:0-8;1:2-4;2:0-8;3:11-12;4:6-5;5:0-4;6:0-11;7:3-14;8:7-12;9:0-13
563,proposed_c2f_adaptive_pd,10,10,1.0,18,300,0.06,10,0,10,0.0,0.0,4092.8851421113277,280.9650677657103,1.0,10197.0,10197.0,0.0,4.370599985122681,"2,10,9,5,4,2,8,4,3,3",0:1-2;1:2-10;2:1-9;3:0-5;4:0-4;5:0-2;6:0-8;7:0-4;8:1-3;9:9-3
563,proposed_c2f_adaptive_pd_calibrated,10,10,1.0,18,300,0.06,10,0,10,0.0,0.0,4092.8851421113277,280.9650677657103,1.0,10197.0,10197.0,0.0,11.250799987465143,"2,10,9,5,4,2,8,4,3,3",0:1-2;1:2-10;2:1-9;3:0-5;4:0-4;5:0-2;6:0-8;7:0-4;8:1-3;9:9-3
564,proposed_c2f_adaptive_pd,10,10,1.0,17,300,0.056666666666666664,11,0,11,0.0,0.0,684.7491961658993,181.72168235706783,1.0,13462.0,13462.0,0.0,4.832700011320412,"6,12,11,0,0,10,14,4,9,13","0:0-6;1:0-12;2:0-11;3:1-0;4:1-0;5:0-10;6:3-14;7:6-4,11-4;8:2-9;9:1-13"
564,proposed_c2f_adaptive_pd_calibrated,10,10,1.0,17,300,0.056666666666666664,11,0,11,0.0,0.0,684.7491961658993,181.72168235706783,1.0,13462.0,13462.0,0.0,14.616499945987016,"6,12,11,0,0,10,14,4,9,13","0:0-6;1:0-12;2:0-11;3:1-0;4:1-0;5:0-10;6:3-14;7:6-4,11-4;8:2-9;9:1-13"
565,proposed_c2f_adaptive_pd,10,10,1.0,20,300,0.06666666666666667,10,0,10,0.0,0.0,376.5222165605718,122.41456359639812,1.0,13177.0,13177.0,0.0,3.464900015387684,"10,6,10,0,5,8,0,8,4,2",0:0-10;1:5-6;2:1-10;3:1-0;4:0-5;5:2-8;6:6-0;7:2-8;8:3-4;9:8-2
565,proposed_c2f_adaptive_pd_calibrated,10,10,1.0,20,300,0.06666666666666667,10,0,10,0.0,0.0,376.5222165605718,122.41456359639812,1.0,13177.0,13177.0,0.0,13.223499990999699,"10,6,10,0,5,8,0,8,4,2",0:0-10;1:5-6;2:1-10;3:1-0;4:0-5;5:2-8;6:6-0;7:2-8;8:3-4;9:8-2
566,proposed_c2f_adaptive_pd,10,10,1.0,18,300,0.06,13,1,12,640.0,1.0666666666666667,352.32764239189214,176.64013181443914,1.0,15559.0,15559.0,0.0,7.039199990686029,"14,13,3,13,6,12,6,4,10,6","0:2-14;1:0-13;2:1-3;3:2-13;4:1-6;5:0-12;6:2-6;7:2-4;8:6-10,10-6,4-10,2-10;9:2-6"
566,proposed_c2f_adaptive_pd_calibrated,10,10,1.0,18,300,0.06,13,1,12,640.0,1.0666666666666667,352.32764239189214,176.64013181443914,1.0,15559.0,15559.0,0.0,14.204300008714199,"14,13,3,13,6,12,6,4,10,6","0:2-14;1:0-13;2:1-3;3:2-13;4:1-6;5:0-12;6:2-6;7:2-4;8:6-10,10-6,4-10,2-10;9:2-6"
567,proposed_c2f_adaptive_pd,10,10,1.0,12,300,0.04,20,4,16,2560.0,4.266666666666667,557.7685889689993,315.44959899304627,1.0,20010.0,20010.0,0.0,10.62449999153614,"11,8,12,9,11,11,11,2,7,8","0:3-11,5-11,11-3,11-5,9-11,2-11;1:2-8;2:0-12;3:0-9;4:5-11,3-11,11-3,11-5,12-11,2-11;5:2-11;6:2-11;7:0-2;8:13-7;9:0-8"
567,proposed_c2f_adaptive_pd_calibrated,10,10,1.0,12,300,0.04,20,4,16,2560.0,4.266666666666667,557.7685889689993,315.44959899304627,1.0,20010.0,20010.0,0.0,26.607799984049052,"11,8,12,9,11,11,11,2,7,8","0:3-11,5-11,11-3,11-5,9-11,2-11;1:2-8;2:0-12;3:0-9;4:5-11,3-11,11-3,11-5,12-11,2-11;5:2-11;6:2-11;7:0-2;8:13-7;9:0-8"
568,proposed_c2f_adaptive_pd,9,10,0.9,21,300,0.07,11,1,10,640.0,1.0666666666666667,103.14933304985445,74.97063200940526,1.0,14554.0,14554.0,0.0,6.209599960129708,"5,2,5,3,5,12,5,5,4,6","0:1-5;1:11-2;2:0-5;3:6-3,3-6;4:7-5;5:3-12;6:7-5;7:4-5;8:5-4;9:0-6"
568,proposed_c2f_adaptive_pd_calibrated,9,10,0.9,21,300,0.07,11,1,10,640.0,1.0666666666666667,103.14933304985445,74.97063200940526,1.0,14554.0,14554.0,0.0,12.74320000084117,"5,2,5,3,5,12,5,5,4,6","0:1-5;1:11-2;2:0-5;3:6-3,3-6;4:7-5;5:3-12;6:7-5;7:4-5;8:5-4;9:0-6"
569,proposed_c2f_adaptive_pd,10,10,1.0,17,300,0.056666666666666664,10,0,10,0.0,0.0,302.66730725825244,148.9747244733856,1.0,9273.0,9273.0,0.0,4.874899983406067,"4,0,7,8,9,13,12,7,12,2",0:0-4;1:2-0;2:6-7;3:4-8;4:0-9;5:1-13;6:0-12;7:6-7;8:0-12;9:0-2
569,proposed_c2f_adaptive_pd_calibrated,10,10,1.0,17,300,0.056666666666666664,10,0,10,0.0,0.0,302.66730725825244,148.9747244733856,1.0,9273.0,9273.0,0.0,11.330599954817444,"4,0,7,8,9,13,12,7,12,2",0:0-4;1:2-0;2:6-7;3:4-8;4:0-9;5:1-13;6:0-12;7:6-7;8:0-12;9:0-2
570,proposed_c2f_adaptive_pd,10,10,1.0,17,300,0.056666666666666664,10,0,10,0.0,0.0,384.27349237826445,86.25387192276223,1.0,11436.0,11436.0,0.0,5.140699970070273,"2,0,5,0,5,6,4,0,14,0",0:5-2;1:3-0;2:1-5;3:7-0;4:8-5;5:0-6;6:12-4;7:4-0;8:0-14;9:3-0
570,proposed_c2f_adaptive_pd_calibrated,10,10,1.0,17,300,0.056666666666666664,10,0,10,0.0,0.0,384.27349237826445,86.25387192276223,1.0,11436.0,11436.0,0.0,9.178799984510988,"2,0,5,0,5,6,4,0,14,0",0:5-2;1:3-0;2:1-5;3:7-0;4:8-5;5:0-6;6:12-4;7:4-0;8:0-14;9:3-0
571,proposed_c2f_adaptive_pd,10,10,1.0,23,300,0.07666666666666666,11,0,11,0.0,0.0,402.17324802649307,414.91214905110445,1.0,10452.0,10452.0,0.0,6.461000011768192,"12,3,3,6,5,11,8,6,6,6","0:0-12;1:12-3,8-3;2:6-3;3:3-6;4:0-5;5:0-11;6:3-8;7:3-6;8:0-6;9:0-6"
571,proposed_c2f_adaptive_pd_calibrated,10,10,1.0,23,300,0.07666666666666666,11,0,11,0.0,0.0,402.17324802649307,414.91214905110445,1.0,10452.0,10452.0,0.0,13.228299969341606,"12,3,3,6,5,11,8,6,6,6","0:0-12;1:12-3,8-3;2:6-3;3:3-6;4:0-5;5:0-11;6:3-8;7:3-6;8:0-6;9:0-6"
572,proposed_c2f_adaptive_pd,9,10,0.9,12,300,0.04,18,2,16,1280.0,2.1333333333333333,279.28339090765996,134.30766835219538,1.0,16469.0,16469.0,0.0,8.276799984741956,"10,8,3,9,5,7,8,3,2,11","0:0-10;1:14-8,4-8,8-14,7-8,0-8,11-8;2:1-3;3:3-9;4:0-5;5:2-7;6:4-8;7:11-3,3-11,9-3,7-3;8:4-2;9:1-11"
572,proposed_c2f_adaptive_pd_calibrated,9,10,0.9,12,300,0.04,18,2,16,1280.0,2.1333333333333333,279.28339090765996,134.30766835219538,1.0,16469.0,16469.0,0.0,20.516299991868436,"10,8,3,9,5,7,8,3,2,11","0:0-10;1:14-8,4-8,8-14,7-8,0-8,11-8;2:1-3;3:3-9;4:0-5;5:2-7;6:4-8;7:11-3,3-11,9-3,7-3;8:4-2;9:1-11"
573,proposed_c2f_adaptive_pd,9,10,0.9,15,300,0.05,15,1,14,640.0,1.0666666666666667,1286.4750548545132,504.87946443105227,1.0,15375.0,15375.0,0.0,7.799799961503595,"10,12,8,7,5,3,2,10,11,12","0:1-10;1:0-12;2:5-8;3:0-7;4:1-5;5:0-3;6:0-2;7:1-10;8:0-11;9:6-12,14-12,12-14,5-12,8-12,10-12"
573,proposed_c2f_adaptive_pd_calibrated,9,10,0.9,15,300,0.05,15,1,14,640.0,1.0666666666666667,1286.4750548545132,504.87946443105227,1.0,15375.0,15375.0,0.0,18.03679997101426,"10,12,8,7,5,3,2,10,11,12","0:1-10;1:0-12;2:5-8;3:0-7;4:1-5;5:0-3;6:0-2;7:1-10;8:0-11;9:6-12,14-12,12-14,5-12,8-12,10-12"
574,proposed_c2f_adaptive_pd,10,10,1.0,11,300,0.03666666666666667,10,0,10,0.0,0.0,814.8584527820292,572.557723954132,1.0,9581.0,9581.0,0.0,4.403800005093217,"6,14,11,3,11,5,4,3,13,13",0:0-6;1:0-14;2:0-11;3:0-3;4:0-11;5:0-5;6:0-4;7:0-3;8:0-13;9:7-13
574,proposed_c2f_adaptive_pd_calibrated,10,10,1.0,11,300,0.03666666666666667,10,0,10,0.0,0.0,814.8584527820292,572.557723954132,1.0,9581.0,9581.0,0.0,13.898800010792911,"6,14,11,3,11,5,4,3,13,13",0:0-6;1:0-14;2:0-11;3:0-3;4:0-11;5:0-5;6:0-4;7:0-3;8:0-13;9:7-13
575,proposed_c2f_adaptive_pd,10,10,1.0,15,300,0.05,10,0,10,0.0,0.0,535.4097243615753,399.4928439993974,1.0,11415.0,11415.0,0.0,6.0931999469175935,"3,2,1,1,10,9,5,0,2,12",0:4-3;1:5-2;2:6-1;3:0-1;4:0-10;5:0-9;6:0-5;7:1-0;8:5-2;9:0-12
575,proposed_c2f_adaptive_pd_calibrated,10,10,1.0,15,300,0.05,10,0,10,0.0,0.0,535.4097243615753,399.4928439993974,1.0,11415.0,11415.0,0.0,11.822399974334985,"3,2,1,1,10,9,5,0,2,12",0:4-3;1:5-2;2:6-1;3:0-1;4:0-10;5:0-9;6:0-5;7:1-0;8:5-2;9:0-12
576,proposed_c2f_adaptive_pd,10,10,1.0,19,300,0.06333333333333334,13,1,12,640.0,1.0666666666666667,5104.419139600232,725.4670335543555,1.0,19351.0,19351.0,0.0,7.360499992500991,"2,1,6,8,8,6,6,10,2,5","0:6-2;1:0-1;2:0-6;3:0-8;4:0-8;5:0-6;6:0-6;7:5-10;8:6-2,2-6,3-2,7-2;9:3-5"
576,proposed_c2f_adaptive_pd_calibrated,10,10,1.0,19,300,0.06333333333333334,13,1,12,640.0,1.0666666666666667,5104.419139600232,725.4670335543555,1.0,19351.0,19351.0,0.0,17.72609999170527,"2,1,6,8,8,6,6,10,2,5","0:6-2;1:0-1;2:0-6;3:0-8;4:0-8;5:0-6;6:0-6;7:5-10;8:6-2,2-6,3-2,7-2;9:3-5"
577,proposed_c2f_adaptive_pd,7,10,0.7,13,270,0.04814814814814815,11,0,11,0.0,0.0,639.3324932888472,114.73905209769136,0.9090909090909091,10028.0,10028.0,0.0,6.198699993547052,"5,6,3,10,5,5,5,1,7,10","0:0-5;1:4-6,12-6;2:2-3;3:1-10;4:7-5;5:2-5;6:0-5;7:3-1;8:0-7;9:1-10"
577,proposed_c2f_adaptive_pd_calibrated,7,10,0.7,13,270,0.04814814814814815,11,0,11,0.0,0.0,639.3324932888472,114.73905209769136,0.9090909090909091,10028.0,10028.0,0.0,14.754800009541214,"5,6,3,10,5,5,5,1,7,10","0:0-5;1:4-6,12-6;2:2-3;3:1-10;4:7-5;5:2-5;6:0-5;7:3-1;8:0-7;9:1-10"
578,proposed_c2f_adaptive_pd,10,10,1.0,13,300,0.043333333333333335,10,0,10,0.0,0.0,143.248863556889,94.65777290964309,1.0,7551.0,7551.0,0.0,6.070700008422136,"10,11,10,5,10,2,4,4,6,4",0:11-10;1:1-11;2:2-10;3:0-5;4:2-10;5:1-2;6:6-4;7:6-4;8:0-6;9:6-4
578,proposed_c2f_adaptive_pd_calibrated,10,10,1.0,13,300,0.043333333333333335,10,0,10,0.0,0.0,143.248863556889,94.65777290964309,1.0,7551.0,7551.0,0.0,8.725999970920384,"10,11,10,5,10,2,4,4,6,4",0:11-10;1:1-11;2:2-10;3:0-5;4:2-10;5:1-2;6:6-4;7:6-4;8:0-6;9:6-4
579,proposed_c2f_adaptive_pd,10,10,1.0,10,300,0.03333333333333333,16,1,15,640.0,1.0666666666666667,204.92942886568022,70.09433879712188,1.0,24858.0,24858.0,0.0,8.146099979057908,"7,3,7,5,7,9,7,14,6,7","0:9-7;1:0-3;2:14-7,1-7;3:1-5;4:14-7;5:8-9;6:14-7,1-7,12-7;7:0-14;8:0-6;9:14-7,7-14,2-7,1-7"
579,proposed_c2f_adaptive_pd_calibrated,10,10,1.0,11,300,0.03666666666666667,16,1,15,640.0,1.0666666666666667,204.92942886568022,70.09433879712188,1.0,24858.0,24858.0,0.0,19.913099997211248,"7,3,7,5,7,9,7,14,6,7","0:9-7;1:0-3;2:14-7,1-7;3:1-5;4:14-7;5:8-9;6:14-7,1-7,12-7;7:0-14;8:0-6;9:14-7,7-14,2-7,1-7"
580,proposed_c2f_adaptive_pd,10,10,1.0,15,300,0.05,10,0,10,0.0,0.0,573.001378320196,268.90288530577476,1.0,11121.0,11121.0,0.0,5.554799980018288,"2,3,9,0,11,9,12,4,4,14",0:0-2;1:0-3;2:0-9;3:4-0;4:0-11;5:0-9;6:0-12;7:0-4;8:0-4;9:5-14
580,proposed_c2f_adaptive_pd_calibrated,10,10,1.0,16,300,0.05333333333333334,10,0,10,0.0,0.0,573.001378320196,268.90288530577476,1.0,11121.0,11121.0,0.0,12.365099973976612,"2,3,9,0,11,9,12,4,4,14",0:0-2;1:0-3;2:0-9;3:4-0;4:0-11;5:0-9;6:0-12;7:0-4;8:0-4;9:5-14
581,proposed_c2f_adaptive_pd,10,10,1.0,14,300,0.04666666666666667,10,0,10,0.0,0.0,1283.5360311923364,418.3828983162581,1.0,11891.0,11891.0,0.0,4.60779998684302,"2,10,6,4,13,1,13,12,4,7",0:3-2;1:8-10;2:8-6;3:1-4;4:0-13;5:4-1;6:0-13;7:5-12;8:1-4;9:0-7
581,proposed_c2f_adaptive_pd_calibrated,10,10,1.0,15,300,0.05,10,0,10,0.0,0.0,1283.5360311923364,418.3828983162581,1.0,11891.0,11891.0,0.0,13.071099994704127,"2,10,6,4,13,1,13,12,4,7",0:3-2;1:8-10;2:8-6;3:1-4;4:0-13;5:4-1;6:0-13;7:5-12;8:1-4;9:0-7
582,proposed_c2f_adaptive_pd,10,10,1.0,10,300,0.03333333333333333,22,5,17,3200.0,5.333333333333334,367.11509616603547,95.4341597548009,1.0,19338.0,19338.0,0.0,8.33700003568083,"8,6,6,5,3,4,11,10,9,6","0:8-9,9-8,1-9,11-8,1-8,6-8;1:0-6;2:0-6;3:0-5;4:0-3;5:2-4;6:12-11,11-12,13-11;7:1-10,10-1,11-10,11-1,8-10,3-10;8:0-9;9:0-6"
582,proposed_c2f_adaptive_pd_calibrated,10,10,1.0,9,300,0.03,22,5,17,3200.0,5.333333333333334,367.11509616603547,95.4341597548009,1.0,19338.0,19338.0,0.0,25.556900014635175,"8,6,6,5,3,4,11,10,9,6","0:8-9,9-8,1-9,11-8,1-8,6-8;1:0-6;2:0-6;3:0-5;4:0-3;5:2-4;6:12-11,11-12,13-11;7:1-10,10-1,11-10,11-1,8-10,3-10;8:0-9;9:0-6"
583,proposed_c2f_adaptive_pd,10,10,1.0,13,300,0.043333333333333335,12,1,11,640.0,1.0666666666666667,991.5286919747845,199.27603770326948,1.0,11404.0,11404.0,0.0,6.74569996772334,"14,4,5,2,13,0,12,10,5,0","0:3-14;1:11-4;2:3-5;3:3-2;4:3-13,11-13;5:7-0;6:4-12;7:10-1,1-10;8:4-5;9:1-0"
583,proposed_c2f_adaptive_pd_calibrated,10,10,1.0,13,300,0.043333333333333335,12,1,11,640.0,1.0666666666666667,991.5286919747845,199.27603770326948,1.0,11404.0,11404.0,0.0,13.753999955952168,"14,4,5,2,13,0,12,10,5,0","0:3-14;1:11-4;2:3-5;3:3-2;4:3-13,11-13;5:7-0;6:4-12;7:10-1,1-10;8:4-5;9:1-0"
584,proposed_c2f_adaptive_pd,10,10,1.0,12,300,0.04,13,0,13,0.0,0.0,24189.771422573725,381.9381204604884,1.0,16441.0,16441.0,0.0,7.81539996387437,"8,2,13,3,4,11,14,10,5,3","0:0-8;1:0-2;2:1-13;3:0-3;4:0-4;5:12-11,6-11,5-11,3-11;6:1-14;7:0-10;8:0-5;9:0-3"
584,proposed_c2f_adaptive_pd_calibrated,10,10,1.0,12,300,0.04,13,0,13,0.0,0.0,24189.771422573725,381.9381204604884,1.0,16441.0,16441.0,0.0,15.43519995175302,"8,2,13,3,4,11,14,10,5,3","0:0-8;1:0-2;2:1-13;3:0-3;4:0-4;5:12-11,6-11,5-11,3-11;6:1-14;7:0-10;8:0-5;9:0-3"
585,proposed_c2f_adaptive_pd,9,10,0.9,18,300,0.06,11,0,11,0.0,0.0,1726.5592918212647,185.65432729789453,1.0,14099.0,14099.0,0.0,5.944899981841445,"14,14,10,3,8,14,2,11,10,11","0:0-14;1:4-14;2:0-10;3:8-3,6-3;4:6-8;5:6-14;6:0-2;7:1-11;8:0-10;9:0-11"
585,proposed_c2f_adaptive_pd_calibrated,9,10,0.9,19,300,0.06333333333333334,11,0,11,0.0,0.0,1726.5592918212647,185.65432729789453,1.0,14099.0,14099.0,0.0,15.280299994628876,"14,14,10,3,8,14,2,11,10,11","0:0-14;1:4-14;2:0-10;3:8-3,6-3;4:6-8;5:6-14;6:0-2;7:1-11;8:0-10;9:0-11"
586,proposed_c2f_adaptive_pd,10,10,1.0,16,300,0.05333333333333334,11,0,11,0.0,0.0,729.6472883352965,252.57889000928319,1.0,12132.0,12132.0,0.0,6.652200012467802,"13,9,4,0,14,8,5,1,14,9","0:0-13;1:3-9,0-9;2:0-4;3:8-0;4:4-14;5:0-8;6:0-5;7:2-1;8:0-14;9:0-9"
586,proposed_c2f_adaptive_pd_calibrated,10,10,1.0,16,300,0.05333333333333334,11,0,11,0.0,0.0,729.6472883352965,252.57889000928319,1.0,12132.0,12132.0,0.0,14.462099992670119,"13,9,4,0,14,8,5,1,14,9","0:0-13;1:3-9,0-9;2:0-4;3:8-0;4:4-14;5:0-8;6:0-5;7:2-1;8:0-14;9:0-9"
587,proposed_c2f_adaptive_pd,9,10,0.9,14,300,0.04666666666666667,11,1,10,640.0,1.0666666666666667,1118.1010279826937,160.1182917495226,1.0,12567.0,12567.0,0.0,6.028600037097931,"4,2,7,12,2,12,4,2,4,4","0:12-4;1:0-2;2:2-7;3:2-12;4:2-7,7-2;5:4-12;6:2-4;7:4-2;8:1-4;9:1-4"
587,proposed_c2f_adaptive_pd_calibrated,9,10,0.9,14,300,0.04666666666666667,11,1,10,640.0,1.0666666666666667,1118.1010279826937,160.1182917495226,1.0,12567.0,12567.0,0.0,14.5702000008896,"4,2,7,12,2,12,4,2,4,4","0:12-4;1:0-2;2:2-7;3:2-12;4:2-7,7-2;5:4-12;6:2-4;7:4-2;8:1-4;9:1-4"
588,proposed_c2f_adaptive_pd,10,10,1.0,13,300,0.043333333333333335,15,2,13,1280.0,2.1333333333333333,2104.5176751323925,130.08318251489226,1.0,16537.0,16537.0,0.0,5.463399982545525,"12,6,4,4,8,9,14,5,11,8","0:4-12;1:5-6,6-5,0-6,4-6,6-0,7-6;2:5-4;3:9-4;4:0-8;5:4-9;6:1-14;7:4-5;8:4-11;9:11-8"
588,proposed_c2f_adaptive_pd_calibrated,10,10,1.0,13,300,0.043333333333333335,15,2,13,1280.0,2.1333333333333333,2104.5176751323925,130.08318251489226,1.0,16537.0,16537.0,0.0,16.677600040566176,"12,6,4,4,8,9,14,5,11,8","0:4-12;1:5-6,6-5,0-6,4-6,6-0,7-6;2:5-4;3:9-4;4:0-8;5:4-9;6:1-14;7:4-5;8:4-11;9:11-8"
589,proposed_c2f_adaptive_pd,10,10,1.0,11,300,0.03666666666666667,20,3,17,1920.0,3.2,873.4336817740444,224.76568485515736,1.0,20508.0,20508.0,0.0,11.516999977175146,"6,14,8,6,11,3,10,14,3,0","0:1-6;1:0-14;2:6-8,9-8,4-8,1-8,5-8,8-9;3:1-6;4:0-11;5:1-3;6:0-10;7:0-14;8:1-3,3-1,3-6,6-3,4-3,9-3;9:1-0"
589,proposed_c2f_adaptive_pd_calibrated,10,10,1.0,11,300,0.03666666666666667,20,3,17,1920.0,3.2,873.4336817740444,224.76568485515736,1.0,20508.0,20508.0,0.0,21.81090001249686,"6,14,8,6,11,3,10,14,3,0","0:1-6;1:0-14;2:6-8,9-8,4-8,1-8,5-8,8-9;3:1-6;4:0-11;5:1-3;6:0-10;7:0-14;8:1-3,3-1,3-6,6-3,4-3,9-3;9:1-0"
590,proposed_c2f_adaptive_pd,10,10,1.0,8,300,0.02666666666666667,12,0,12,0.0,0.0,10655.636525661947,112.7414800473918,1.0,11895.0,11895.0,0.0,4.066099994815886,"5,10,7,13,10,11,3,13,3,1","0:0-5;1:0-10;2:3-7;3:10-13,0-13;4:2-10;5:14-11,1-11;6:1-3;7:10-13;8:0-3;9:0-1"
590,proposed_c2f_adaptive_pd_calibrated,10,10,1.0,9,300,0.03,12,0,12,0.0,0.0,10655.636525661947,112.7414800473918,1.0,11895.0,11895.0,0.0,10.935799975413829,"5,10,7,13,10,11,3,13,3,1","0:0-5;1:0-10;2:3-7;3:10-13,0-13;4:2-10;5:14-11,1-11;6:1-3;7:10-13;8:0-3;9:0-1"
591,proposed_c2f_adaptive_pd,10,10,1.0,17,300,0.056666666666666664,12,0,12,0.0,0.0,2817.942656542386,158.51623507182362,1.0,16237.0,16237.0,0.0,4.314300022087991,"11,0,3,14,3,11,14,0,8,12","0:14-11,4-11;1:4-0;2:5-3,1-3;3:2-14;4:5-3;5:0-11;6:2-14;7:3-0;8:0-8;9:1-12"
591,proposed_c2f_adaptive_pd_calibrated,10,10,1.0,18,300,0.06,12,0,12,0.0,0.0,2817.942656542386,158.51623507182362,1.0,16237.0,16237.0,0.0,15.725300007034093,"11,0,3,14,3,11,14,0,8,12","0:14-11,4-11;1:4-0;2:5-3,1-3;3:2-14;4:5-3;5:0-11;6:2-14;7:3-0;8:0-8;9:1-12"
592,proposed_c2f_adaptive_pd,10,10,1.0,15,300,0.05,20,3,17,1920.0,3.2,4722.567191111264,80.75690115898055,1.0,18020.0,18020.0,0.0,7.924399978946894,"4,1,12,9,10,14,3,12,6,4","0:2-4;1:2-1;2:0-12;3:0-9;4:0-10;5:2-14;6:0-3;7:10-12;8:4-6,6-4,14-6,3-6,2-6,9-6;9:4-6,6-4,9-6,0-4,11-4,14-4"
592,proposed_c2f_adaptive_pd_calibrated,10,10,1.0,15,300,0.05,20,3,17,1920.0,3.2,4722.567191111264,80.75690115898055,1.0,18020.0,18020.0,0.0,23.03159999428317,"4,1,12,9,10,14,3,12,6,4","0:2-4;1:2-1;2:0-12;3:0-9;4:0-10;5:2-14;6:0-3;7:10-12;8:4-6,6-4,14-6,3-6,2-6,9-6;9:4-6,6-4,9-6,0-4,11-4,14-4"
593,proposed_c2f_adaptive_pd,10,10,1.0,19,300,0.06333333333333334,10,0,10,0.0,0.0,535.6662170371238,337.98656738732404,1.0,12266.0,12266.0,0.0,3.8273000391200185,"8,0,9,9,14,5,5,9,7,13",0:0-8;1:1-0;2:6-9;3:4-9;4:12-14;5:14-5;6:0-5;7:10-9;8:0-7;9:12-13
593,proposed_c2f_adaptive_pd_calibrated,10,10,1.0,19,300,0.06333333333333334,10,0,10,0.0,0.0,535.6662170371238,337.98656738732404,1.0,12266.0,12266.0,0.0,13.441000017337501,"8,0,9,9,14,5,5,9,7,13",0:0-8;1:1-0;2:6-9;3:4-9;4:12-14;5:14-5;6:0-5;7:10-9;8:0-7;9:12-13
594,proposed_c2f_adaptive_pd,9,10,0.9,12,270,0.044444444444444446,10,0,10,0.0,0.0,455.9774932188023,80.22651180763063,0.9,12759.0,12759.0,0.0,5.50420000217855,"12,5,12,9,8,1,1,2,12,13",0:2-12;1:0-5;2:2-12;3:0-9;4:9-8;5:4-1;6:0-1;7:3-2;8:3-12;9:2-13
594,proposed_c2f_adaptive_pd_calibrated,9,10,0.9,12,270,0.044444444444444446,10,0,10,0.0,0.0,455.9774932188023,80.22651180763063,0.9,12759.0,12759.0,0.0,12.2560000163503,"12,5,12,9,8,1,1,2,12,13",0:2-12;1:0-5;2:2-12;3:0-9;4:9-8;5:4-1;6:0-1;7:3-2;8:3-12;9:2-13
595,proposed_c2f_adaptive_pd,9,10,0.9,14,300,0.04666666666666667,15,3,12,1920.0,3.2,869.9989444101277,204.31164325747707,1.0,14759.0,14759.0,0.0,8.817599969916046,"4,14,5,6,10,5,1,3,3,14","0:1-4;1:13-14,14-3,14-13,3-14,12-14,14-12;2:8-5;3:8-6;4:4-10;5:8-5;6:2-1;7:10-3;8:4-3;9:0-14"
595,proposed_c2f_adaptive_pd_calibrated,9,10,0.9,15,300,0.05,15,3,12,1920.0,3.2,869.9989444101277,204.31164325747707,1.0,14759.0,14759.0,0.0,13.226100010797381,"4,14,5,6,10,5,1,3,3,14","0:1-4;1:13-14,14-3,14-13,3-14,12-14,14-12;2:8-5;3:8-6;4:4-10;5:8-5;6:2-1;7:10-3;8:4-3;9:0-14"
596,proposed_c2f_adaptive_pd,10,10,1.0,17,300,0.056666666666666664,18,5,13,3200.0,5.333333333333334,251.08675989701214,67.51646033023503,1.0,18376.0,18376.0,0.0,7.574699993710965,"10,10,2,2,10,11,14,2,10,14","0:5-10;1:6-10,10-6,11-10,10-11,11-6,6-11;2:0-2;3:0-2;4:13-10,10-13,6-10,7-10;5:1-11;6:5-14;7:1-2;8:13-10;9:1-14"
596,proposed_c2f_adaptive_pd_calibrated,10,10,1.0,18,300,0.06,18,5,13,3200.0,5.333333333333334,251.08675989701214,67.51646033023503,1.0,18376.0,18376.0,0.0,25.910700031090528,"10,10,2,2,10,11,14,2,10,14","0:5-10;1:6-10,10-6,11-10,10-11,11-6,6-11;2:0-2;3:0-2;4:13-10,10-13,6-10,7-10;5:1-11;6:5-14;7:1-2;8:13-10;9:1-14"
597,proposed_c2f_adaptive_pd,10,10,1.0,13,300,0.043333333333333335,10,0,10,0.0,0.0,10008.883410654646,402.0067161113916,1.0,11079.0,11079.0,0.0,5.682600021827966,"6,5,1,5,3,12,11,11,11,7",0:7-6;1:1-5;2:3-1;3:4-5;4:0-3;5:0-12;6:0-11;7:6-11;8:5-11;9:1-7
597,proposed_c2f_adaptive_pd_calibrated,10,10,1.0,13,300,0.043333333333333335,10,0,10,0.0,0.0,10008.883410654646,402.0067161113916,1.0,11079.0,11079.0,0.0,12.228499981574714,"6,5,1,5,3,12,11,11,11,7",0:7-6;1:1-5;2:3-1;3:4-5;4:0-3;5:0-12;6:0-11;7:6-11;8:5-11;9:1-7
598,proposed_c2f_adaptive_pd,10,10,1.0,13,300,0.043333333333333335,10,0,10,0.0,0.0,2065.902319734589,552.156363177981,1.0,10813.0,10813.0,0.0,5.028999992646277,"7,8,8,0,12,1,4,0,11,13",0:8-7;1:0-8;2:1-8;3:2-0;4:0-12;5:0-1;6:0-4;7:1-0;8:0-11;9:0-13
598,proposed_c2f_adaptive_pd_calibrated,10,10,1.0,13,300,0.043333333333333335,10,0,10,0.0,0.0,2065.902319734589,552.156363177981,1.0,10813.0,10813.0,0.0,14.782699989154935,"7,8,8,0,12,1,4,0,11,13",0:8-7;1:0-8;2:1-8;3:2-0;4:0-12;5:0-1;6:0-4;7:1-0;8:0-11;9:0-13
599,proposed_c2f_adaptive_pd,9,10,0.9,13,300,0.043333333333333335,14,1,13,640.0,1.0666666666666667,487.1185281994218,90.0700973684643,1.0,16697.0,16697.0,0.0,6.785399978980422,"2,13,5,8,6,11,1,4,3,11","0:0-2;1:3-13;2:0-5;3:2-8;4:0-6;5:6-11,11-6,3-11,5-11,7-11;6:2-1;7:2-4;8:1-3;9:0-11"
599,proposed_c2f_adaptive_pd_calibrated,9,10,0.9,13,300,0.043333333333333335,14,1,13,640.0,1.0666666666666667,487.1185281994218,90.0700973684643,1.0,16697.0,16697.0,0.0,18.668800010345876,"2,13,5,8,6,11,1,4,3,11","0:0-2;1:3-13;2:0-5;3:2-8;4:0-6;5:6-11,11-6,3-11,5-11,7-11;6:2-1;7:2-4;8:1-3;9:0-11"
600,proposed_c2f_adaptive_pd,10,10,1.0,18,300,0.06,10,0,10,0.0,0.0,574.9802242204262,252.94228062966474,1.0,6809.0,6809.0,0.0,6.00500003201887,"2,1,11,6,6,6,12,10,9,6",0:4-2;1:0-1;2:13-11;3:5-6;4:1-6;5:0-6;6:0-12;7:6-10;8:1-9;9:0-6
600,proposed_c2f_adaptive_pd_calibrated,10,10,1.0,19,300,0.06333333333333334,10,0,10,0.0,0.0,574.9802242204262,252.94228062966474,1.0,6809.0,6809.0,0.0,12.025700008962303,"2,1,11,6,6,6,12,10,9,6",0:4-2;1:0-1;2:13-11;3:5-6;4:1-6;5:0-6;6:0-12;7:6-10;8:1-9;9:0-6
601,proposed_c2f_adaptive_pd,10,10,1.0,20,300,0.06666666666666667,10,0,10,0.0,0.0,2529.8748437759386,800.3721445975556,1.0,11891.0,11891.0,0.0,6.086800014600158,"8,1,6,2,9,11,5,9,9,12",0:12-8;1:0-1;2:0-6;3:0-2;4:0-9;5:1-11;6:1-5;7:0-9;8:0-9;9:0-12
601,proposed_c2f_adaptive_pd_calibrated,10,10,1.0,20,300,0.06666666666666667,10,0,10,0.0,0.0,2529.8748437759386,800.3721445975556,1.0,11891.0,11891.0,0.0,10.333499987609684,"8,1,6,2,9,11,5,9,9,12",0:12-8;1:0-1;2:0-6;3:0-2;4:0-9;5:1-11;6:1-5;7:0-9;8:0-9;9:0-12
602,proposed_c2f_adaptive_pd,9,10,0.9,18,300,0.06,10,0,10,0.0,0.0,1178.4348551110957,372.84741015281446,1.0,12164.0,12164.0,0.0,5.303000041749328,"2,2,10,1,11,8,9,9,3,6",0:1-2;1:7-2;2:0-10;3:3-1;4:12-11;5:0-8;6:0-9;7:0-9;8:0-3;9:1-6
602,proposed_c2f_adaptive_pd_calibrated,9,10,0.9,18,300,0.06,10,0,10,0.0,0.0,1178.4348551110957,372.84741015281446,1.0,12164.0,12164.0,0.0,13.973399996757507,"2,2,10,1,11,8,9,9,3,6",0:1-2;1:7-2;2:0-10;3:3-1;4:12-11;5:0-8;6:0-9;7:0-9;8:0-3;9:1-6
603,proposed_c2f_adaptive_pd,9,10,0.9,13,300,0.043333333333333335,10,0,10,0.0,0.0,2013.4685086675913,585.4022850516976,1.0,12087.0,12087.0,0.0,5.135999992489815,"4,14,7,13,12,10,12,8,14,12",0:0-4;1:0-14;2:0-7;3:4-13;4:2-12;5:0-10;6:7-12;7:7-8;8:1-14;9:9-12
603,proposed_c2f_adaptive_pd_calibrated,9,10,0.9,13,300,0.043333333333333335,10,0,10,0.0,0.0,2013.4685086675913,585.4022850516976,1.0,12087.0,12087.0,0.0,15.851000032853335,"4,14,7,13,12,10,12,8,14,12",0:0-4;1:0-14;2:0-7;3:4-13;4:2-12;5:0-10;6:7-12;7:7-8;8:1-14;9:9-12
604,proposed_c2f_adaptive_pd,9,10,0.9,17,300,0.056666666666666664,18,2,16,1280.0,2.1333333333333333,466.9729458976162,106.42668147507938,1.0,18287.0,18287.0,0.0,9.589199966285378,"5,2,3,2,4,8,4,0,2,5","0:0-5;1:9-2,7-2;2:4-3,3-8,8-3,4-8,0-3,11-3;3:13-2,9-2;4:0-4;5:4-8,0-8;6:0-4;7:1-0;8:9-2;9:0-5"
604,proposed_c2f_adaptive_pd_calibrated,9,10,0.9,17,300,0.056666666666666664,18,2,16,1280.0,2.1333333333333333,466.9729458976162,106.42668147507938,1.0,18287.0,18287.0,0.0,23.420300043653697,"5,2,3,2,4,8,4,0,2,5","0:0-5;1:9-2,7-2;2:4-3,3-8,8-3,4-8,0-3,11-3;3:13-2,9-2;4:0-4;5:4-8,0-8;6:0-4;7:1-0;8:9-2;9:0-5"
605,proposed_c2f_adaptive_pd,10,10,1.0,21,300,0.07,13,1,12,640.0,1.0666666666666667,1841.572730173378,582.8965928110323,1.0,15305.0,15305.0,0.0,6.3180000288411975,"7,7,2,11,12,12,7,8,2,10","0:0-7;1:8-7,4-7;2:12-2;3:13-11;4:2-12;5:2-12;6:4-7;7:0-8;8:2-12,12-2,11-2;9:13-10"
605,proposed_c2f_adaptive_pd_calibrated,10,10,1.0,21,300,0.07,13,1,12,640.0,1.0666666666666667,1841.572730173378,582.8965928110323,1.0,15305.0,15305.0,0.0,17.48889998998493,"7,7,2,11,12,12,7,8,2,10","0:0-7;1:8-7,4-7;2:12-2;3:13-11;4:2-12;5:2-12;6:4-7;7:0-8;8:2-12,12-2,11-2;9:13-10"
606,proposed_c2f_adaptive_pd,10,10,1.0,7,300,0.023333333333333334,14,1,13,640.0,1.0666666666666667,366405.41448865505,176.74180039121796,1.0,18689.0,18689.0,0.0,4.983499995432794,"3,2,11,11,5,2,9,3,3,5","0:1-3,3-8,8-3;1:0-2;2:13-11,12-11;3:1-11;4:0-5;5:0-2;6:0-9;7:0-3;8:0-3,2-3;9:0-5"
606,proposed_c2f_adaptive_pd_calibrated,10,10,1.0,7,300,0.023333333333333334,14,1,13,640.0,1.0666666666666667,366405.41448865505,176.74180039121796,1.0,18689.0,18689.0,0.0,19.886900030542165,"3,2,11,11,5,2,9,3,3,5","0:1-3,3-8,8-3;1:0-2;2:13-11,12-11;3:1-11;4:0-5;5:0-2;6:0-9;7:0-3;8:0-3,2-3;9:0-5"
607,proposed_c2f_adaptive_pd,10,10,1.0,13,300,0.043333333333333335,10,0,10,0.0,0.0,944.11147548528,327.6059397133552,1.0,9581.0,9581.0,0.0,4.561300040222704,"11,3,3,7,1,3,1,5,10,0",0:1-11;1:0-3;2:0-3;3:3-7;4:5-1;5:0-3;6:11-1;7:2-5;8:14-10;9:3-0
607,proposed_c2f_adaptive_pd_calibrated,10,10,1.0,14,300,0.04666666666666667,10,0,10,0.0,0.0,944.11147548528,327.6059397133552,1.0,9581.0,9581.0,0.0,9.257600002456456,"11,3,3,7,1,3,1,5,10,0",0:1-11;1:0-3;2:0-3;3:3-7;4:5-1;5:0-3;6:11-1;7:2-5;8:14-10;9:3-0
608,proposed_c2f_adaptive_pd,10,10,1.0,14,300,0.04666666666666667,11,0,11,0.0,0.0,45802.08619969957,1117.500968178926,1.0,13644.0,13644.0,0.0,4.677300050389022,"14,4,4,14,3,2,1,13,6,5","0:0-14;1:0-4;2:0-4;3:9-14,13-14;4:0-3;5:0-2;6:0-1;7:0-13;8:0-6;9:0-5"
608,proposed_c2f_adaptive_pd_calibrated,10,10,1.0,15,300,0.05,11,0,11,0.0,0.0,45802.08619969957,1117.500968178926,1.0,13644.0,13644.0,0.0,15.726500016171485,"14,4,4,14,3,2,1,13,6,5","0:0-14;1:0-4;2:0-4;3:9-14,13-14;4:0-3;5:0-2;6:0-1;7:0-13;8:0-6;9:0-5"
609,proposed_c2f_adaptive_pd,10,10,1.0,14,300,0.04666666666666667,11,0,11,0.0,0.0,277.91238432073567,133.61612831440527,1.0,11628.0,11628.0,0.0,3.7785000167787075,"14,8,4,7,9,10,11,12,11,13","0:6-14,4-14;1:0-8;2:0-4;3:0-7;4:8-9;5:0-10;6:3-11;7:0-12;8:0-11;9:7-13"
609,proposed_c2f_adaptive_pd_calibrated,10,10,1.0,14,300,0.04666666666666667,11,0,11,0.0,0.0,277.91238432073567,133.61612831440527,1.0,11628.0,11628.0,0.0,13.36260000243783,"14,8,4,7,9,10,11,12,11,13","0:6-14,4-14;1:0-8;2:0-4;3:0-7;4:8-9;5:0-10;6:3-11;7:0-12;8:0-11;9:7-13"
610,proposed_c2f_adaptive_pd,8,10,0.8,9,240,0.0375,15,1,14,640.0,1.0666666666666667,78993.78167107386,257.6397548684506,0.8666666666666667,12607.0,12607.0,0.0,6.0081000556238,"5,5,13,0,3,8,13,10,10,11","0:7-5;1:7-5;2:5-13;3:9-0,4-0,0-4,5-0,7-0,13-0;4:2-3;5:0-8;6:5-13;7:1-10;8:1-10;9:2-11"
610,proposed_c2f_adaptive_pd_calibrated,8,10,0.8,9,240,0.0375,15,1,14,640.0,1.0666666666666667,78993.78167107386,257.6397548684506,0.8666666666666667,12607.0,12607.0,0.0,14.987299975473434,"5,5,13,0,3,8,13,10,10,11","0:7-5;1:7-5;2:5-13;3:9-0,4-0,0-4,5-0,7-0,13-0;4:2-3;5:0-8;6:5-13;7:1-10;8:1-10;9:2-11"
611,proposed_c2f_adaptive_pd,10,10,1.0,19,300,0.06333333333333334,10,0,10,0.0,0.0,2717.3903959804625,107.34238290501648,1.0,11121.0,11121.0,0.0,4.103599989321083,"3,8,0,8,10,4,11,8,4,2",0:0-3;1:0-8;2:1-0;3:0-8;4:0-10;5:0-4;6:0-11;7:11-8;8:0-4;9:14-2
611,proposed_c2f_adaptive_pd_calibrated,10,10,1.0,21,300,0.07,10,0,10,0.0,0.0,2717.3903959804625,107.34238290501648,1.0,11121.0,11121.0,0.0,10.560700029600412,"3,8,0,8,10,4,11,8,4,2",0:0-3;1:0-8;2:1-0;3:0-8;4:0-10;5:0-4;6:0-11;7:11-8;8:0-4;9:14-2
612,proposed_c2f_adaptive_pd,10,10,1.0,15,300,0.05,13,0,13,0.0,0.0,1204.8523671019261,96.77444184436997,1.0,12675.0,12675.0,0.0,6.083199987187982,"10,4,5,12,11,4,10,0,5,4","0:2-10;1:0-4;2:0-5;3:9-12;4:12-11,13-11,10-11,7-11;5:3-4;6:1-10;7:6-0;8:0-5;9:1-4"
612,proposed_c2f_adaptive_pd_calibrated,10,10,1.0,15,300,0.05,13,0,13,0.0,0.0,1204.8523671019261,96.77444184436997,1.0,12675.0,12675.0,0.0,16.944399976637214,"10,4,5,12,11,4,10,0,5,4","0:2-10;1:0-4;2:0-5;3:9-12;4:12-11,13-11,10-11,7-11;5:3-4;6:1-10;7:6-0;8:0-5;9:1-4"
613,proposed_c2f_adaptive_pd,10,10,1.0,8,300,0.02666666666666667,12,0,12,0.0,0.0,80742.00599146236,392.8165431769429,1.0,14855.0,14855.0,0.0,7.140200003050268,"8,0,7,5,4,3,13,5,7,7","0:14-8;1:3-0;2:11-7,6-7;3:1-5;4:1-4;5:0-3;6:1-13;7:1-5;8:11-7,6-7;9:11-7"
613,proposed_c2f_adaptive_pd_calibrated,10,10,1.0,8,300,0.02666666666666667,12,0,12,0.0,0.0,80742.00599146236,392.8165431769429,1.0,14855.0,14855.0,0.0,12.618200038559735,"8,0,7,5,4,3,13,5,7,7","0:14-8;1:3-0;2:11-7,6-7;3:1-5;4:1-4;5:0-3;6:1-13;7:1-5;8:11-7,6-7;9:11-7"
614,proposed_c2f_adaptive_pd,10,10,1.0,14,300,0.04666666666666667,12,1,11,640.0,1.0666666666666667,2520.1680373841027,217.84525712134075,1.0,11970.0,11970.0,0.0,4.285200033336878,"1,13,7,13,10,3,9,5,3,10","0:1-4,4-1,11-1;1:3-13;2:3-7;3:7-13;4:2-10;5:1-3;6:0-9;7:0-5;8:7-3;9:6-10"
614,proposed_c2f_adaptive_pd_calibrated,10,10,1.0,14,300,0.04666666666666667,12,1,11,640.0,1.0666666666666667,2520.1680373841027,217.84525712134075,1.0,11970.0,11970.0,0.0,15.085399965755641,"1,13,7,13,10,3,9,5,3,10","0:1-4,4-1,11-1;1:3-13;2:3-7;3:7-13;4:2-10;5:1-3;6:0-9;7:0-5;8:7-3;9:6-10"
615,proposed_c2f_adaptive_pd,10,10,1.0,16,300,0.05333333333333334,15,3,12,1920.0,3.2,451.9140029652538,577.1899192074997,1.0,14035.0,14035.0,0.0,7.77700002072379,"10,3,1,12,13,12,1,11,11,3","0:2-10;1:2-3;2:8-1;3:0-12;4:1-13;5:11-12,12-6,6-12,0-6,11-6,0-12;6:4-1;7:1-11;8:0-11;9:1-3"
615,proposed_c2f_adaptive_pd_calibrated,10,10,1.0,16,300,0.05333333333333334,15,3,12,1920.0,3.2,451.9140029652538,577.1899192074997,1.0,14035.0,14035.0,0.0,19.864199974108487,"10,3,1,12,13,12,1,11,11,3","0:2-10;1:2-3;2:8-1;3:0-12;4:1-13;5:11-12,12-6,6-12,0-6,11-6,0-12;6:4-1;7:1-11;8:0-11;9:1-3"
616,proposed_c2f_adaptive_pd,9,10,0.9,13,300,0.043333333333333335,15,2,13,1280.0,2.1333333333333333,5079.994846530171,165.13475590849947,1.0,16957.0,16957.0,0.0,8.223700046073645,"0,6,13,7,0,13,7,13,11,12","0:1-0;1:0-6;2:12-13,4-13,7-13,0-13,13-0,12-0;3:0-7;4:1-0;5:0-13;6:0-7;7:4-13;8:0-11;9:7-12"
616,proposed_c2f_adaptive_pd_calibrated,9,10,0.9,14,300,0.04666666666666667,15,2,13,1280.0,2.1333333333333333,5079.994846530171,165.13475590849947,1.0,16957.0,16957.0,0.0,18.192999996244907,"0,6,13,7,0,13,7,13,11,12","0:1-0;1:0-6;2:12-13,4-13,7-13,0-13,13-0,12-0;3:0-7;4:1-0;5:0-13;6:0-7;7:4-13;8:0-11;9:7-12"
617,proposed_c2f_adaptive_pd,9,10,0.9,14,300,0.04666666666666667,10,0,10,0.0,0.0,10142.551145670985,348.31910233499303,1.0,10505.0,10505.0,0.0,5.676200031302869,"11,1,0,11,14,5,13,13,12,3",0:0-11;1:0-1;2:1-0;3:14-11;4:0-14;5:1-5;6:0-13;7:2-13;8:3-12;9:0-3
617,proposed_c2f_adaptive_pd_calibrated,9,10,0.9,14,300,0.04666666666666667,10,0,10,0.0,0.0,10142.551145670985,348.31910233499303,1.0,10505.0,10505.0,0.0,11.068100051488727,"11,1,0,11,14,5,13,13,12,3",0:0-11;1:0-1;2:1-0;3:14-11;4:0-14;5:1-5;6:0-13;7:2-13;8:3-12;9:0-3
618,proposed_c2f_adaptive_pd,10,10,1.0,14,300,0.04666666666666667,15,3,12,1920.0,3.2,3219.064908086093,285.20016551070233,1.0,14759.0,14759.0,0.0,8.771000022534281,"7,13,3,9,6,0,8,4,6,8","0:4-7;1:3-13;2:2-3;3:1-9;4:2-6;5:8-0,0-8,10-0,0-10,9-0,0-9;6:0-8;7:1-4;8:3-6;9:0-8"
618,proposed_c2f_adaptive_pd_calibrated,10,10,1.0,14,300,0.04666666666666667,15,3,12,1920.0,3.2,3219.064908086093,285.20016551070233,1.0,14759.0,14759.0,0.0,20.295399997849017,"7,13,3,9,6,0,8,4,6,8","0:4-7;1:3-13;2:2-3;3:1-9;4:2-6;5:8-0,0-8,10-0,0-10,9-0,0-9;6:0-8;7:1-4;8:3-6;9:0-8"
619,proposed_c2f_adaptive_pd,10,10,1.0,24,300,0.08,15,1,14,640.0,1.0666666666666667,1202.486126623692,228.69088783615325,1.0,11893.0,11893.0,0.0,5.7413000031374395,"12,10,10,12,11,4,13,8,7,11","0:0-12;1:0-10;2:0-10;3:0-12;4:6-11,4-11,7-11,6-7,12-11,2-11;5:2-4;6:5-13;7:4-8;8:6-7;9:1-11"
619,proposed_c2f_adaptive_pd_calibrated,10,10,1.0,24,300,0.08,15,1,14,640.0,1.0666666666666667,1202.486126623692,228.69088783615325,1.0,11893.0,11893.0,0.0,18.65820004604757,"12,10,10,12,11,4,13,8,7,11","0:0-12;1:0-10;2:0-10;3:0-12;4:6-11,4-11,7-11,6-7,12-11,2-11;5:2-4;6:5-13;7:4-8;8:6-7;9:1-11"
620,proposed_c2f_adaptive_pd,9,10,0.9,21,270,0.07777777777777778,11,0,11,0.0,0.0,722.6790563265615,241.02787311596077,0.9090909090909091,9276.0,9276.0,0.0,4.723899997770786,"1,2,8,10,10,6,6,2,4,9","0:2-1,14-1;1:1-2;2:0-8;3:1-10;4:0-10;5:0-6;6:1-6;7:1-2;8:7-4;9:0-9"
620,proposed_c2f_adaptive_pd_calibrated,9,10,0.9,21,270,0.07777777777777778,11,0,11,0.0,0.0,722.6790563265615,241.02787311596077,0.9090909090909091,9276.0,9276.0,0.0,14.223899983335286,"1,2,8,10,10,6,6,2,4,9","0:2-1,14-1;1:1-2;2:0-8;3:1-10;4:0-10;5:0-6;6:1-6;7:1-2;8:7-4;9:0-9"
621,proposed_c2f_adaptive_pd,8,10,0.8,19,300,0.06333333333333334,25,7,18,4480.0,7.466666666666669,319.8033916564962,47.2988115317689,1.0,22000.0,22000.0,0.0,13.626399973873049,"2,11,14,8,3,8,14,9,12,7","0:1-2;1:5-11;2:11-14,14-11,4-14,9-14,14-4,14-9;3:0-8;4:4-3;5:14-8,11-8,5-8,10-8,9-8,1-8;6:9-14,14-9,4-14,14-4,9-4,4-9;7:0-9;8:2-12;9:0-7"
621,proposed_c2f_adaptive_pd_calibrated,8,10,0.8,20,300,0.06666666666666667,25,7,18,4480.0,7.466666666666669,319.8033916564962,47.2988115317689,1.0,22000.0,22000.0,0.0,27.85389998462051,"2,11,14,8,3,8,14,9,12,7","0:1-2;1:5-11;2:11-14,14-11,4-14,9-14,14-4,14-9;3:0-8;4:4-3;5:14-8,11-8,5-8,10-8,9-8,1-8;6:9-14,14-9,4-14,14-4,9-4,4-9;7:0-9;8:2-12;9:0-7"
622,proposed_c2f_adaptive_pd,9,10,0.9,17,300,0.056666666666666664,10,0,10,0.0,0.0,669.2427166284432,251.00320254005368,1.0,10351.0,10351.0,0.0,4.9412999651394784,"3,4,2,11,10,12,3,1,4,3",0:7-3;1:6-4;2:12-2;3:0-11;4:0-10;5:2-12;6:5-3;7:0-1;8:2-4;9:0-3
622,proposed_c2f_adaptive_pd_calibrated,9,10,0.9,17,300,0.056666666666666664,10,0,10,0.0,0.0,669.2427166284432,251.00320254005368,1.0,10351.0,10351.0,0.0,13.914300012402236,"3,4,2,11,10,12,3,1,4,3",0:7-3;1:6-4;2:12-2;3:0-11;4:0-10;5:2-12;6:5-3;7:0-1;8:2-4;9:0-3
623,proposed_c2f_adaptive_pd,10,10,1.0,17,300,0.056666666666666664,17,1,16,640.0,1.0666666666666667,1023.6227336791871,835.8821305505705,1.0,16280.0,16280.0,0.0,9.232299984432757,"5,9,5,9,4,8,6,0,1,4","0:0-5;1:11-9,7-9,5-9,9-11,3-9,12-9;2:7-5;3:11-9,5-9,12-9;4:1-4;5:1-8;6:1-6;7:14-0;8:0-1;9:0-4"
623,proposed_c2f_adaptive_pd_calibrated,10,10,1.0,17,300,0.056666666666666664,17,1,16,640.0,1.0666666666666667,1023.6227336791871,835.8821305505705,1.0,16280.0,16280.0,0.0,16.77639997797087,"5,9,5,9,4,8,6,0,1,4","0:0-5;1:11-9,7-9,5-9,9-11,3-9,12-9;2:7-5;3:11-9,5-9,12-9;4:1-4;5:1-8;6:1-6;7:14-0;8:0-1;9:0-4"
624,proposed_c2f_adaptive_pd,10,10,1.0,14,300,0.04666666666666667,13,1,12,640.0,1.0666666666666667,12725.864065484964,1236.7497046988024,1.0,15993.0,15993.0,0.0,6.600799970328808,"5,6,4,8,1,13,11,2,6,5","0:0-5;1:14-6,6-14,9-6,10-6;2:0-4;3:1-8;4:0-1;5:0-13;6:0-11;7:0-2;8:3-6;9:0-5"
624,proposed_c2f_adaptive_pd_calibrated,10,10,1.0,15,300,0.05,13,1,12,640.0,1.0666666666666667,12725.864065484964,1236.7497046988024,1.0,15993.0,15993.0,0.0,15.375599963590503,"5,6,4,8,1,13,11,2,6,5","0:0-5;1:14-6,6-14,9-6,10-6;2:0-4;3:1-8;4:0-1;5:0-13;6:0-11;7:0-2;8:3-6;9:0-5"
625,proposed_c2f_adaptive_pd,10,10,1.0,12,300,0.04,10,0,10,0.0,0.0,646.1538498272482,310.64736353431067,1.0,9903.0,9903.0,0.0,4.916700010653585,"10,1,2,12,0,9,2,10,2,3",0:0-10;1:3-1;2:0-2;3:5-12;4:2-0;5:1-9;6:0-2;7:0-10;8:0-2;9:4-3
625,proposed_c2f_adaptive_pd_calibrated,10,10,1.0,12,300,0.04,10,0,10,0.0,0.0,646.1538498272482,310.64736353431067,1.0,9903.0,9903.0,0.0,9.309899993240833,"10,1,2,12,0,9,2,10,2,3",0:0-10;1:3-1;2:0-2;3:5-12;4:2-0;5:1-9;6:0-2;7:0-10;8:0-2;9:4-3
626,proposed_c2f_adaptive_pd,10,10,1.0,19,300,0.06333333333333334,20,3,17,1920.0,3.2,23529.697363756026,234.52277290576018,1.0,16712.0,16712.0,0.0,11.47220004349947,"7,4,13,11,10,4,11,8,13,7","0:0-7;1:2-4;2:0-13;3:9-11,11-9,4-11,6-11,12-11;4:1-10;5:9-4,6-4;6:9-11,11-9,4-11,6-11,12-11,11-12;7:2-8;8:0-13;9:0-7"
626,proposed_c2f_adaptive_pd_calibrated,10,10,1.0,21,300,0.07,20,3,17,1920.0,3.2,23529.697363756026,234.52277290576018,1.0,16712.0,16712.0,0.0,28.466899995692074,"7,4,13,11,10,4,11,8,13,7","0:0-7;1:2-4;2:0-13;3:9-11,11-9,4-11,6-11,12-11;4:1-10;5:9-4,6-4;6:9-11,11-9,4-11,6-11,12-11,11-12;7:2-8;8:0-13;9:0-7"
627,proposed_c2f_adaptive_pd,10,10,1.0,21,300,0.07,11,0,11,0.0,0.0,4252.6034380425235,143.05378471928225,1.0,13431.0,13431.0,0.0,6.399400008376688,"5,14,4,13,9,14,1,9,4,12","0:0-5;1:0-14;2:2-4;3:2-13;4:0-9;5:0-14;6:0-1;7:14-9;8:2-4;9:2-12,7-12"
627,proposed_c2f_adaptive_pd_calibrated,10,10,1.0,23,300,0.07666666666666666,11,0,11,0.0,0.0,4252.6034380425235,143.05378471928225,1.0,13431.0,13431.0,0.0,13.468699995428324,"5,14,4,13,9,14,1,9,4,12","0:0-5;1:0-14;2:2-4;3:2-13;4:0-9;5:0-14;6:0-1;7:14-9;8:2-4;9:2-12,7-12"
628,proposed_c2f_adaptive_pd,10,10,1.0,13,300,0.043333333333333335,11,0,11,0.0,0.0,1678.7443536388587,483.5900250423555,1.0,13644.0,13644.0,0.0,5.242200044449419,"13,10,3,8,1,3,3,0,14,3","0:0-13;1:0-10;2:0-3;3:0-8;4:2-1,8-1;5:0-3;6:0-3;7:2-0;8:0-14;9:0-3"
628,proposed_c2f_adaptive_pd_calibrated,10,10,1.0,14,300,0.04666666666666667,11,0,11,0.0,0.0,1678.7443536388587,483.5900250423555,1.0,13644.0,13644.0,0.0,10.380799998529255,"13,10,3,8,1,3,3,0,14,3","0:0-13;1:0-10;2:0-3;3:0-8;4:2-1,8-1;5:0-3;6:0-3;7:2-0;8:0-14;9:0-3"
629,proposed_c2f_adaptive_pd,10,10,1.0,18,300,0.06,20,4,16,2560.0,4.266666666666667,648.2419238822737,62.31903543204717,1.0,20803.0,20803.0,0.0,10.379099985584617,"10,2,13,8,10,0,5,7,11,2","0:5-10;1:9-2,2-9,6-2,12-2,4-2;2:1-13;3:14-10,0-8;4:5-10;5:1-0;6:10-5;7:0-7;8:0-11;9:13-2,5-2,2-13,12-2,13-9,1-2"
629,proposed_c2f_adaptive_pd_calibrated,10,10,1.0,19,300,0.06333333333333334,20,4,16,2560.0,4.266666666666667,648.2419238822737,62.31903543204717,1.0,20803.0,20803.0,0.0,20.86399996187538,"10,2,13,8,10,0,5,7,11,2","0:5-10;1:9-2,2-9,6-2,12-2,4-2;2:1-13;3:14-10,0-8;4:5-10;5:1-0;6:10-5;7:0-7;8:0-11;9:13-2,5-2,2-13,12-2,13-9,1-2"
630,proposed_c2f_adaptive_pd,10,10,1.0,12,300,0.04,21,6,15,3840.0,6.400000000000001,1562.1974696548891,129.19395604858107,1.0,19856.0,19856.0,0.0,9.637499984819442,"11,9,2,0,7,1,9,11,10,8","0:5-11,12-11;1:0-9;2:8-2,2-6,13-2,8-6,6-2,13-6;3:3-0;4:1-7;5:7-1;6:9-1,1-9,14-1,3-1,14-9,3-9;7:2-11;8:0-10;9:2-8"
630,proposed_c2f_adaptive_pd_calibrated,10,10,1.0,12,300,0.04,21,6,15,3840.0,6.400000000000001,1562.1974696548891,129.19395604858107,1.0,19856.0,19856.0,0.0,28.038199990987778,"11,9,2,0,7,1,9,11,10,8","0:5-11,12-11;1:0-9;2:8-2,2-6,13-2,8-6,6-2,13-6;3:3-0;4:1-7;5:7-1;6:9-1,1-9,14-1,3-1,14-9,3-9;7:2-11;8:0-10;9:2-8"
631,proposed_c2f_adaptive_pd,9,10,0.9,21,300,0.07,11,0,11,0.0,0.0,7812.563422960409,174.7242790788702,1.0,14190.0,14190.0,0.0,6.891899975016713,"2,1,6,1,7,1,12,3,1,1","0:0-2;1:4-1;2:9-6;3:9-1,4-1;4:0-7;5:3-1;6:0-12;7:1-3;8:9-1;9:3-1"
631,proposed_c2f_adaptive_pd_calibrated,9,10,0.9,21,300,0.07,11,0,11,0.0,0.0,7812.563422960409,174.7242790788702,1.0,14190.0,14190.0,0.0,15.459700021892786,"2,1,6,1,7,1,12,3,1,1","0:0-2;1:4-1;2:9-6;3:9-1,4-1;4:0-7;5:3-1;6:0-12;7:1-3;8:9-1;9:3-1"
632,proposed_c2f_adaptive_pd,9,10,0.9,14,300,0.04666666666666667,11,0,11,0.0,0.0,1146.0921461845403,337.92480410146067,1.0,10143.0,10143.0,0.0,6.683899962808937,"11,0,10,4,13,2,11,14,14,10","0:0-11;1:1-0;2:6-10,0-10;3:1-4;4:11-13;5:0-2;6:0-11;7:0-14;8:0-14;9:0-10"
632,proposed_c2f_adaptive_pd_calibrated,9,10,0.9,14,300,0.04666666666666667,11,0,11,0.0,0.0,1146.0921461845403,337.92480410146067,1.0,10143.0,10143.0,0.0,14.302600000519305,"11,0,10,4,13,2,11,14,14,10","0:0-11;1:1-0;2:6-10,0-10;3:1-4;4:11-13;5:0-2;6:0-11;7:0-14;8:0-14;9:0-10"
633,proposed_c2f_adaptive_pd,9,10,0.9,15,270,0.05555555555555555,11,1,10,640.0,1.0666666666666667,5711.472197655347,42.205404909318304,0.9090909090909091,10535.0,10535.0,0.0,4.919500031974167,"6,5,13,12,9,4,0,12,7,8","0:2-6;1:3-5;2:0-13;3:7-12;4:0-9;5:0-4;6:1-0;7:12-7,7-12;8:3-7;9:0-8"
633,proposed_c2f_adaptive_pd_calibrated,9,10,0.9,15,270,0.05555555555555555,11,1,10,640.0,1.0666666666666667,5711.472197655347,42.205404909318304,0.9090909090909091,10535.0,10535.0,0.0,11.511499993503094,"6,5,13,12,9,4,0,12,7,8","0:2-6;1:3-5;2:0-13;3:7-12;4:0-9;5:0-4;6:1-0;7:12-7,7-12;8:3-7;9:0-8"
634,proposed_c2f_adaptive_pd,8,10,0.8,7,300,0.023333333333333334,10,0,10,0.0,0.0,141.52118693949518,39.22593735134451,1.0,7887.0,7887.0,0.0,6.093100004363805,"2,1,2,8,2,8,3,8,8,8",0:5-2;1:3-1;2:5-2;3:3-8;4:5-2;5:6-8;6:1-3;7:0-8;8:2-8;9:1-8
634,proposed_c2f_adaptive_pd_calibrated,8,10,0.8,7,300,0.023333333333333334,10,0,10,0.0,0.0,141.52118693949518,39.22593735134451,1.0,7887.0,7887.0,0.0,11.143100040499121,"2,1,2,8,2,8,3,8,8,8",0:5-2;1:3-1;2:5-2;3:3-8;4:5-2;5:6-8;6:1-3;7:0-8;8:2-8;9:1-8
635,proposed_c2f_adaptive_pd,9,10,0.9,16,300,0.05333333333333334,11,1,10,640.0,1.0666666666666667,1105.3522546025815,94.44427799938451,1.0,14099.0,14099.0,0.0,6.911899952683598,"1,10,1,8,0,10,2,9,9,13","0:7-1;1:0-10;2:14-1;3:0-8;4:1-0;5:4-10;6:1-2;7:0-9;8:9-10,10-9;9:4-13"
635,proposed_c2f_adaptive_pd_calibrated,9,10,0.9,16,300,0.05333333333333334,11,1,10,640.0,1.0666666666666667,1105.3522546025815,94.44427799938451,1.0,14099.0,14099.0,0.0,14.25889995880425,"1,10,1,8,0,10,2,9,9,13","0:7-1;1:0-10;2:14-1;3:0-8;4:1-0;5:4-10;6:1-2;7:0-9;8:9-10,10-9;9:4-13"
636,proposed_c2f_adaptive_pd,9,10,0.9,12,300,0.04,16,3,13,1920.0,3.2,380.59553030490827,137.5995565746181,1.0,15949.0,15949.0,0.0,8.815800014417619,"12,8,7,3,14,13,8,1,1,10","0:12-9,9-12;1:0-8;2:0-7;3:2-3;4:1-14;5:0-13;6:6-8;7:1-14,14-1,10-14,10-1,4-1,3-1;8:9-1;9:0-10"
636,proposed_c2f_adaptive_pd_calibrated,9,10,0.9,13,300,0.043333333333333335,16,3,13,1920.0,3.2,380.59553030490827,137.5995565746181,1.0,15949.0,15949.0,0.0,17.876800033263862,"12,8,7,3,14,13,8,1,1,10","0:12-9,9-12;1:0-8;2:0-7;3:2-3;4:1-14;5:0-13;6:6-8;7:1-14,14-1,10-14,10-1,4-1,3-1;8:9-1;9:0-10"
637,proposed_c2f_adaptive_pd,10,10,1.0,13,300,0.043333333333333335,10,0,10,0.0,0.0,1184.844245763634,283.1088075898517,1.0,9231.0,9231.0,0.0,6.160799995996058,"4,2,2,12,2,5,9,14,4,10",0:6-4;1:1-2;2:8-2;3:0-12;4:6-2;5:0-5;6:1-9;7:0-14;8:0-4;9:4-10
637,proposed_c2f_adaptive_pd_calibrated,10,10,1.0,13,300,0.043333333333333335,10,0,10,0.0,0.0,1184.844245763634,283.1088075898517,1.0,9231.0,9231.0,0.0,12.811099993996322,"4,2,2,12,2,5,9,14,4,10",0:6-4;1:1-2;2:8-2;3:0-12;4:6-2;5:0-5;6:1-9;7:0-14;8:0-4;9:4-10
638,proposed_c2f_adaptive_pd,10,10,1.0,29,300,0.09666666666666666,15,2,13,1280.0,2.1333333333333333,2685.2007907553943,312.08990664159444,1.0,14787.0,14787.0,0.0,7.50579999294132,"4,14,3,14,6,12,3,6,11,9","0:3-4;1:3-14;2:13-3;3:3-14;4:1-6;5:2-12;6:4-3;7:6-1,1-6,8-6,11-6,8-1,5-6;8:3-11;9:0-9"
638,proposed_c2f_adaptive_pd_calibrated,10,10,1.0,29,300,0.09666666666666666,15,2,13,1280.0,2.1333333333333333,2685.2007907553943,312.08990664159444,1.0,14787.0,14787.0,0.0,18.803699989803135,"4,14,3,14,6,12,3,6,11,9","0:3-4;1:3-14;2:13-3;3:3-14;4:1-6;5:2-12;6:4-3;7:6-1,1-6,8-6,11-6,8-1,5-6;8:3-11;9:0-9"
639,proposed_c2f_adaptive_pd,9,10,0.9,11,270,0.040740740740740744,10,0,10,0.0,0.0,28870.814207637137,282.66303946228317,0.9,10043.0,10043.0,0.0,5.301400029566139,"6,1,10,3,4,6,6,3,4,13",0:7-6;1:2-1;2:9-10;3:13-3;4:0-4;5:0-6;6:7-6;7:11-3;8:0-4;9:1-13
639,proposed_c2f_adaptive_pd_calibrated,9,10,0.9,12,270,0.044444444444444446,10,0,10,0.0,0.0,28870.814207637137,282.66303946228317,0.9,10043.0,10043.0,0.0,8.695299969986081,"6,1,10,3,4,6,6,3,4,13",0:7-6;1:2-1;2:9-10;3:13-3;4:0-4;5:0-6;6:7-6;7:11-3;8:0-4;9:1-13
640,proposed_c2f_adaptive_pd,9,10,0.9,14,300,0.04666666666666667,10,0,10,0.0,0.0,1042.4198499603522,40.06517725339459,1.0,11737.0,11737.0,0.0,4.73220000276342,"9,8,9,14,0,14,7,14,0,9",0:0-9;1:1-8;2:2-9;3:1-14;4:2-0;5:2-14;6:0-7;7:4-14;8:2-0;9:0-9
640,proposed_c2f_adaptive_pd_calibrated,9,10,0.9,15,300,0.05,10,0,10,0.0,0.0,1042.4198499603522,40.06517725339459,1.0,11737.0,11737.0,0.0,11.778999993111938,"9,8,9,14,0,14,7,14,0,9",0:0-9;1:1-8;2:2-9;3:1-14;4:2-0;5:2-14;6:0-7;7:4-14;8:2-0;9:0-9
641,proposed_c2f_adaptive_pd,8,10,0.8,25,300,0.08333333333333333,20,7,13,4480.0,7.466666666666669,53513.36533736232,160.64962112389117,1.0,21258.0,21258.0,0.0,8.600500004831702,"6,8,4,12,4,11,5,5,2,7","0:0-6;1:8-4,4-8,5-8,5-4,8-5,4-5;2:8-4;3:0-12;4:8-4,4-8,5-4,5-8,3-4,3-8;5:0-11;6:1-5;7:0-5;8:0-2;9:5-7"
641,proposed_c2f_adaptive_pd_calibrated,8,10,0.8,25,300,0.08333333333333333,20,7,13,4480.0,7.466666666666669,53513.36533736232,160.64962112389117,1.0,21258.0,21258.0,0.0,26.93980000913143,"6,8,4,12,4,11,5,5,2,7","0:0-6;1:8-4,4-8,5-8,5-4,8-5,4-5;2:8-4;3:0-12;4:8-4,4-8,5-4,5-8,3-4,3-8;5:0-11;6:1-5;7:0-5;8:0-2;9:5-7"
642,proposed_c2f_adaptive_pd,9,10,0.9,19,270,0.07037037037037037,11,1,10,640.0,1.0666666666666667,286.2378862417751,150.27808511448117,0.9090909090909091,17175.0,17175.0,0.0,4.362100036814809,"4,0,9,8,0,0,10,10,0,1","0:0-4;1:5-0;2:9-2,7-9;3:5-8;4:4-0;5:1-0;6:7-10;7:1-10;8:1-0;9:0-1"
642,proposed_c2f_adaptive_pd_calibrated,9,10,0.9,19,270,0.07037037037037037,11,1,10,640.0,1.0666666666666667,286.2378862417751,150.27808511448117,0.9090909090909091,17175.0,17175.0,0.0,12.7774000284262,"4,0,9,8,0,0,10,10,0,1","0:0-4;1:5-0;2:9-2,7-9;3:5-8;4:4-0;5:1-0;6:7-10;7:1-10;8:1-0;9:0-1"
643,proposed_c2f_adaptive_pd,10,10,1.0,15,300,0.05,10,0,10,0.0,0.0,371.38442880694924,186.9017833104715,1.0,12969.0,12969.0,0.0,5.315800022799522,"2,10,14,2,8,13,2,5,2,11",0:0-2;1:0-10;2:2-14;3:0-2;4:0-8;5:0-13;6:0-2;7:6-5;8:0-2;9:0-11
643,proposed_c2f_adaptive_pd_calibrated,10,10,1.0,16,300,0.05333333333333334,10,0,10,0.0,0.0,371.38442880694924,186.9017833104715,1.0,12969.0,12969.0,0.0,14.181700011249632,"2,10,14,2,8,13,2,5,2,11",0:0-2;1:0-10;2:2-14;3:0-2;4:0-8;5:0-13;6:0-2;7:6-5;8:0-2;9:0-11
644,proposed_c2f_adaptive_pd,10,10,1.0,16,300,0.05333333333333334,13,1,12,640.0,1.0666666666666667,3234.0177033651717,332.4922667188687,1.0,14262.0,14262.0,0.0,7.508399954531342,"2,3,13,14,3,6,11,4,13,8","0:0-2;1:14-3,3-14,4-3;2:2-13;3:1-14;4:14-3,1-3;5:3-6;6:0-11;7:1-4;8:1-13;9:0-8"
644,proposed_c2f_adaptive_pd_calibrated,10,10,1.0,16,300,0.05333333333333334,13,1,12,640.0,1.0666666666666667,3234.0177033651717,332.4922667188687,1.0,14262.0,14262.0,0.0,15.882399980910122,"2,3,13,14,3,6,11,4,13,8","0:0-2;1:14-3,3-14,4-3;2:2-13;3:1-14;4:14-3,1-3;5:3-6;6:0-11;7:1-4;8:1-13;9:0-8"
645,proposed_c2f_adaptive_pd,10,10,1.0,11,300,0.03666666666666667,13,0,13,0.0,0.0,613.2243039111901,118.4993023352014,1.0,15973.0,15973.0,0.0,7.860900019295514,"12,1,13,2,4,12,13,6,10,14","0:10-12,7-12;1:3-1;2:4-13;3:14-2,9-2;4:0-4;5:7-12,3-12;6:0-13;7:0-6;8:0-10;9:0-14"
645,proposed_c2f_adaptive_pd_calibrated,10,10,1.0,13,300,0.043333333333333335,13,0,13,0.0,0.0,613.2243039111901,118.4993023352014,1.0,15973.0,15973.0,0.0,15.067300002556294,"12,1,13,2,4,12,13,6,10,14","0:10-12,7-12;1:3-1;2:4-13;3:14-2,9-2;4:0-4;5:7-12,3-12;6:0-13;7:0-6;8:0-10;9:0-14"
646,proposed_c2f_adaptive_pd,10,10,1.0,13,300,0.043333333333333335,10,0,10,0.0,0.0,1838.099054159292,436.78912612519684,1.0,9889.0,9889.0,0.0,3.7329999613575637,"9,13,14,11,1,11,3,8,1,3",0:0-9;1:0-13;2:2-14;3:0-11;4:8-1;5:10-11;6:0-3;7:1-8;8:8-1;9:0-3
646,proposed_c2f_adaptive_pd_calibrated,10,10,1.0,14,300,0.04666666666666667,10,0,10,0.0,0.0,1838.099054159292,436.78912612519684,1.0,9889.0,9889.0,0.0,9.255799988750368,"9,13,14,11,1,11,3,8,1,3",0:0-9;1:0-13;2:2-14;3:0-11;4:8-1;5:10-11;6:0-3;7:1-8;8:8-1;9:0-3
647,proposed_c2f_adaptive_pd,10,10,1.0,13,300,0.043333333333333335,12,2,10,1280.0,2.1333333333333333,1152.9895123815509,500.111014618529,1.0,15074.0,15074.0,0.0,7.365400029812008,"7,10,11,6,8,14,8,10,13,8","0:2-7;1:0-10;2:1-11;3:2-6;4:7-8;5:14-2,4-2,4-14;6:3-8;7:0-10;8:5-13;9:7-8"
647,proposed_c2f_adaptive_pd_calibrated,10,10,1.0,13,300,0.043333333333333335,12,2,10,1280.0,2.1333333333333333,1152.9895123815509,500.111014618529,1.0,15074.0,15074.0,0.0,12.865600001532584,"7,10,11,6,8,14,8,10,13,8","0:2-7;1:0-10;2:1-11;3:2-6;4:7-8;5:14-2,4-2,4-14;6:3-8;7:0-10;8:5-13;9:7-8"
648,proposed_c2f_adaptive_pd,10,10,1.0,12,300,0.04,12,0,12,0.0,0.0,1321.8088515132972,269.2203336373114,1.0,16334.0,16334.0,0.0,7.181399967521429,"14,9,13,0,7,14,9,5,13,3","0:8-14,11-14,13-14;1:0-9;2:3-13;3:3-0;4:1-7;5:1-14;6:0-9;7:4-5;8:0-13;9:0-3"
648,proposed_c2f_adaptive_pd_calibrated,10,10,1.0,12,300,0.04,12,0,12,0.0,0.0,1321.8088515132972,269.2203336373114,1.0,16334.0,16334.0,0.0,14.565999968908727,"14,9,13,0,7,14,9,5,13,3","0:8-14,11-14,13-14;1:0-9;2:3-13;3:3-0;4:1-7;5:1-14;6:0-9;7:4-5;8:0-13;9:0-3"
649,proposed_c2f_adaptive_pd,9,10,0.9,11,300,0.03666666666666667,15,2,13,1280.0,2.1333333333333333,912.562594112285,177.9322905438145,1.0,10864.0,10864.0,0.0,5.822500039357692,"0,5,4,14,8,3,10,9,6,4","0:5-0,0-12,12-0,5-12,9-0,13-0;1:0-5;2:0-4;3:3-14;4:2-8;5:0-3;6:0-10;7:1-9;8:3-6;9:1-4"
649,proposed_c2f_adaptive_pd_calibrated,9,10,0.9,11,300,0.03666666666666667,15,2,13,1280.0,2.1333333333333333,912.562594112285,177.9322905438145,1.0,10864.0,10864.0,0.0,13.037799973972142,"0,5,4,14,8,3,10,9,6,4","0:5-0,0-12,12-0,5-12,9-0,13-0;1:0-5;2:0-4;3:3-14;4:2-8;5:0-3;6:0-10;7:1-9;8:3-6;9:1-4"
650,proposed_c2f_adaptive_pd,10,10,1.0,7,300,0.023333333333333334,18,3,15,1920.0,3.2,2384.111169953122,374.88602693778205,1.0,17639.0,17639.0,0.0,7.869599969126284,"10,10,10,1,13,14,12,3,1,14","0:9-10,10-9,13-10,14-10;1:9-10,10-9,13-10,10-13,14-10,2-10;2:2-10;3:2-1;4:2-13;5:0-14;6:0-12;7:2-3;8:2-1;9:0-14"
650,proposed_c2f_adaptive_pd_calibrated,10,10,1.0,7,300,0.023333333333333334,18,3,15,1920.0,3.2,2384.111169953122,374.88602693778205,1.0,17639.0,17639.0,0.0,24.098900030367076,"10,10,10,1,13,14,12,3,1,14","0:9-10,10-9,13-10,14-10;1:9-10,10-9,13-10,10-13,14-10,2-10;2:2-10;3:2-1;4:2-13;5:0-14;6:0-12;7:2-3;8:2-1;9:0-14"
651,proposed_c2f_adaptive_pd,10,10,1.0,12,300,0.04,10,0,10,0.0,0.0,4840.011331946067,277.24639759739887,1.0,9119.0,9119.0,0.0,5.699399975128472,"0,9,5,11,1,2,8,8,5,1",0:2-0;1:0-9;2:8-5;3:0-11;4:7-1;5:0-2;6:5-8;7:1-8;8:1-5;9:0-1
651,proposed_c2f_adaptive_pd_calibrated,10,10,1.0,12,300,0.04,10,0,10,0.0,0.0,4840.011331946067,277.24639759739887,1.0,9119.0,9119.0,0.0,11.700899980496615,"0,9,5,11,1,2,8,8,5,1",0:2-0;1:0-9;2:8-5;3:0-11;4:7-1;5:0-2;6:5-8;7:1-8;8:1-5;9:0-1
652,proposed_c2f_adaptive_pd,10,10,1.0,15,300,0.05,12,0,12,0.0,0.0,450.1153878185449,205.8610597637768,1.0,15642.0,15642.0,0.0,5.004099977668375,"2,13,14,8,6,1,0,2,1,1","0:0-2;1:1-13;2:0-14;3:5-8;4:1-6;5:4-1;6:14-0;7:9-2;8:4-1;9:3-1,4-1,13-1"
652,proposed_c2f_adaptive_pd_calibrated,10,10,1.0,15,300,0.05,12,0,12,0.0,0.0,450.1153878185449,205.8610597637768,1.0,15642.0,15642.0,0.0,11.299700010567904,"2,13,14,8,6,1,0,2,1,1","0:0-2;1:1-13;2:0-14;3:5-8;4:1-6;5:4-1;6:14-0;7:9-2;8:4-1;9:3-1,4-1,13-1"
653,proposed_c2f_adaptive_pd,9,10,0.9,23,300,0.07666666666666666,11,1,10,640.0,1.0666666666666667,8681.045450240443,42.00398704098127,1.0,10963.0,10963.0,0.0,6.613700010348111,"6,9,10,6,1,0,11,11,13,13","0:11-6;1:0-9;2:10-9,9-10;3:11-6;4:0-1;5:12-0;6:6-11;7:3-11;8:1-13;9:1-13"
653,proposed_c2f_adaptive_pd_calibrated,9,10,0.9,23,300,0.07666666666666666,11,1,10,640.0,1.0666666666666667,8681.045450240443,42.00398704098127,1.0,10963.0,10963.0,0.0,14.636999985668808,"6,9,10,6,1,0,11,11,13,13","0:11-6;1:0-9;2:10-9,9-10;3:11-6;4:0-1;5:12-0;6:6-11;7:3-11;8:1-13;9:1-13"
654,proposed_c2f_adaptive_pd,10,10,1.0,17,300,0.056666666666666664,11,0,11,0.0,0.0,847.2826718187098,354.8333590037713,1.0,10550.0,10550.0,0.0,6.789800012484193,"3,3,6,11,14,0,2,8,13,3","0:4-3;1:4-3;2:14-6,4-6;3:1-11;4:1-14;5:1-0;6:4-2;7:1-8;8:0-13;9:14-3"
654,proposed_c2f_adaptive_pd_calibrated,10,10,1.0,18,300,0.06,11,0,11,0.0,0.0,847.2826718187098,354.8333590037713,1.0,10550.0,10550.0,0.0,14.523299993015826,"3,3,6,11,14,0,2,8,13,3","0:4-3;1:4-3;2:14-6,4-6;3:1-11;4:1-14;5:1-0;6:4-2;7:1-8;8:0-13;9:14-3"
655,proposed_c2f_adaptive_pd,9,10,0.9,15,300,0.05,20,6,14,3840.0,6.400000000000001,516.7141197248932,160.99709337863433,1.0,15995.0,15995.0,0.0,10.18589996965602,"1,8,5,4,14,10,2,14,4,10","0:9-1;1:10-8;2:0-5;3:0-4;4:8-14,11-14,14-11,0-14,8-11,14-0;5:3-10;6:0-2;7:0-14;8:1-4;9:3-10,10-3,10-7,8-10,7-10,3-7"
655,proposed_c2f_adaptive_pd_calibrated,9,10,0.9,16,300,0.05333333333333334,20,6,14,3840.0,6.400000000000001,516.7141197248932,160.99709337863433,1.0,15995.0,15995.0,0.0,22.66100002452731,"1,8,5,4,14,10,2,14,4,10","0:9-1;1:10-8;2:0-5;3:0-4;4:8-14,11-14,14-11,0-14,8-11,14-0;5:3-10;6:0-2;7:0-14;8:1-4;9:3-10,10-3,10-7,8-10,7-10,3-7"
656,proposed_c2f_adaptive_pd,9,10,0.9,17,300,0.056666666666666664,11,0,11,0.0,0.0,426.6322588778254,190.07749246203065,1.0,11292.0,11292.0,0.0,6.2418999732472,"14,13,6,7,4,10,4,9,0,10","0:0-14;1:0-13;2:3-6;3:0-7;4:0-4;5:0-10;6:0-4;7:2-9,1-9;8:3-0;9:0-10"
656,proposed_c2f_adaptive_pd_calibrated,9,10,0.9,17,300,0.056666666666666664,11,0,11,0.0,0.0,426.6322588778254,190.07749246203065,1.0,11292.0,11292.0,0.0,13.62490002065897,"14,13,6,7,4,10,4,9,0,10","0:0-14;1:0-13;2:3-6;3:0-7;4:0-4;5:0-10;6:0-4;7:2-9,1-9;8:3-0;9:0-10"
657,proposed_c2f_adaptive_pd,9,10,0.9,17,300,0.056666666666666664,16,3,13,1920.0,3.2,2629.248397994999,123.46863946570869,1.0,17297.0,17297.0,0.0,5.230900016613305,"7,6,5,3,3,4,1,7,2,3","0:0-7;1:5-6;2:2-5,5-2,5-3,3-5,6-5,5-6;3:5-3,10-3;4:1-3;5:0-4;6:3-1;7:0-7;8:1-2;9:2-3"
657,proposed_c2f_adaptive_pd_calibrated,9,10,0.9,17,300,0.056666666666666664,16,3,13,1920.0,3.2,2629.248397994999,123.46863946570869,1.0,17297.0,17297.0,0.0,20.3662000130862,"7,6,5,3,3,4,1,7,2,3","0:0-7;1:5-6;2:2-5,5-2,5-3,3-5,6-5,5-6;3:5-3,10-3;4:1-3;5:0-4;6:3-1;7:0-7;8:1-2;9:2-3"
658,proposed_c2f_adaptive_pd,10,10,1.0,19,300,0.06333333333333334,10,0,10,0.0,0.0,418.63108114531695,239.32745181778415,1.0,6634.0,6634.0,0.0,5.181999993510544,"0,8,4,14,6,7,7,10,7,3",0:1-0;1:14-8;2:5-4;3:1-14;4:0-6;5:6-7;6:0-7;7:1-10;8:0-7;9:4-3
658,proposed_c2f_adaptive_pd_calibrated,10,10,1.0,19,300,0.06333333333333334,10,0,10,0.0,0.0,418.63108114531695,239.32745181778415,1.0,6634.0,6634.0,0.0,8.806699945125729,"0,8,4,14,6,7,7,10,7,3",0:1-0;1:14-8;2:5-4;3:1-14;4:0-6;5:6-7;6:0-7;7:1-10;8:0-7;9:4-3
659,proposed_c2f_adaptive_pd,10,10,1.0,16,300,0.05333333333333334,11,1,10,640.0,1.0666666666666667,418.1408670171392,147.71632195548378,1.0,14372.0,14372.0,0.0,6.267899996601045,"5,8,4,3,8,8,3,8,1,0","0:5-8,8-5;1:11-8;2:0-4;3:4-3;4:0-8;5:2-8;6:4-3;7:0-8;8:0-1;9:6-0"
659,proposed_c2f_adaptive_pd_calibrated,10,10,1.0,16,300,0.05333333333333334,11,1,10,640.0,1.0666666666666667,418.1408670171392,147.71632195548378,1.0,14372.0,14372.0,0.0,11.489099997561425,"5,8,4,3,8,8,3,8,1,0","0:5-8,8-5;1:11-8;2:0-4;3:4-3;4:0-8;5:2-8;6:4-3;7:0-8;8:0-1;9:6-0"
660,proposed_c2f_adaptive_pd,10,10,1.0,18,300,0.06,11,1,10,640.0,1.0666666666666667,1614.18390326976,136.3113366430298,1.0,12335.0,12335.0,0.0,6.747800041921437,"0,6,1,1,8,11,9,11,9,12","0:0-9,9-0;1:14-6;2:0-1;3:0-1;4:0-8;5:3-11;6:0-9;7:0-11;8:11-9;9:6-12"
660,proposed_c2f_adaptive_pd_calibrated,10,10,1.0,18,300,0.06,11,1,10,640.0,1.0666666666666667,1614.18390326976,136.3113366430298,1.0,12335.0,12335.0,0.0,11.474900005850941,"0,6,1,1,8,11,9,11,9,12","0:0-9,9-0;1:14-6;2:0-1;3:0-1;4:0-8;5:3-11;6:0-9;7:0-11;8:11-9;9:6-12"
661,proposed_c2f_adaptive_pd,9,10,0.9,10,300,0.03333333333333333,12,0,12,0.0,0.0,8512.982680274312,66.36771814102845,1.0,12448.0,12448.0,0.0,5.731199984438717,"10,9,9,5,11,9,14,9,11,1","0:0-10;1:13-9,5-9;2:0-9;3:0-5;4:0-11;5:5-9;6:1-14;7:13-9,5-9;8:4-11;9:4-1"
661,proposed_c2f_adaptive_pd_calibrated,9,10,0.9,10,300,0.03333333333333333,12,0,12,0.0,0.0,8512.982680274312,66.36771814102845,1.0,12448.0,12448.0,0.0,16.06200000969693,"10,9,9,5,11,9,14,9,11,1","0:0-10;1:13-9,5-9;2:0-9;3:0-5;4:0-11;5:5-9;6:1-14;7:13-9,5-9;8:4-11;9:4-1"
662,proposed_c2f_adaptive_pd,9,10,0.9,19,300,0.06333333333333334,20,5,15,3200.0,5.333333333333334,2018.6450401020313,892.4373747699888,1.0,21056.0,21056.0,0.0,9.480600012466311,"1,3,3,12,0,14,6,2,11,0","0:0-1;1:7-3;2:0-3;3:7-12;4:1-0;5:0-14,14-0,1-14,1-0,13-14,3-14;6:5-6;7:0-2;8:0-11;9:0-14,14-0,0-1,1-0,14-1,13-0"
662,proposed_c2f_adaptive_pd_calibrated,9,10,0.9,19,300,0.06333333333333334,20,5,15,3200.0,5.333333333333334,2018.6450401020313,892.4373747699888,1.0,21056.0,21056.0,0.0,20.96460002940148,"1,3,3,12,0,14,6,2,11,0","0:0-1;1:7-3;2:0-3;3:7-12;4:1-0;5:0-14,14-0,1-14,1-0,13-14,3-14;6:5-6;7:0-2;8:0-11;9:0-14,14-0,0-1,1-0,14-1,13-0"
663,proposed_c2f_adaptive_pd,9,10,0.9,12,300,0.04,15,1,14,640.0,1.0666666666666667,676.7133457440973,122.9350164736108,1.0,17283.0,17283.0,0.0,4.9625999527052045,"10,4,6,12,1,6,7,14,1,4","0:1-10;1:2-4;2:4-6;3:1-12;4:0-1;5:2-6;6:13-7,5-7,9-7,7-9,12-7,4-7;7:0-14;8:2-1;9:2-4"
663,proposed_c2f_adaptive_pd_calibrated,9,10,0.9,12,300,0.04,15,1,14,640.0,1.0666666666666667,676.7133457440973,122.9350164736108,1.0,17283.0,17283.0,0.0,16.01019996451214,"10,4,6,12,1,6,7,14,1,4","0:1-10;1:2-4;2:4-6;3:1-12;4:0-1;5:2-6;6:13-7,5-7,9-7,7-9,12-7,4-7;7:0-14;8:2-1;9:2-4"
664,proposed_c2f_adaptive_pd,9,10,0.9,15,300,0.05,16,2,14,1280.0,2.1333333333333333,409.6126419636609,178.23052031565862,1.0,18475.0,18475.0,0.0,9.83940000878647,"6,14,14,3,9,3,14,8,8,10","0:1-6;1:9-14,14-9;2:0-14;3:0-3;4:0-9;5:0-3;6:8-14,14-8,2-14,13-14,9-14,10-14;7:13-8;8:13-8;9:1-10"
664,proposed_c2f_adaptive_pd_calibrated,9,10,0.9,15,300,0.05,16,2,14,1280.0,2.1333333333333333,409.6126419636609,178.23052031565862,1.0,18475.0,18475.0,0.0,19.9925999622792,"6,14,14,3,9,3,14,8,8,10","0:1-6;1:9-14,14-9;2:0-14;3:0-3;4:0-9;5:0-3;6:8-14,14-8,2-14,13-14,9-14,10-14;7:13-8;8:13-8;9:1-10"
665,proposed_c2f_adaptive_pd,9,10,0.9,18,300,0.06,11,0,11,0.0,0.0,3582.11421027748,345.6272971733099,1.0,11355.0,11355.0,0.0,5.690899968612939,"0,3,7,3,14,1,0,4,10,7","0:1-0;1:9-3;2:3-7;3:0-3;4:0-14;5:0-1;6:4-0,7-0;7:9-4;8:1-10;9:9-7"
665,proposed_c2f_adaptive_pd_calibrated,9,10,0.9,19,300,0.06333333333333334,11,0,11,0.0,0.0,3582.11421027748,345.6272971733099,1.0,11355.0,11355.0,0.0,14.01139999506995,"0,3,7,3,14,1,0,4,10,7","0:1-0;1:9-3;2:3-7;3:0-3;4:0-14;5:0-1;6:4-0,7-0;7:9-4;8:1-10;9:9-7"
666,proposed_c2f_adaptive_pd,10,10,1.0,8,300,0.02666666666666667,12,0,12,0.0,0.0,279.99739532161624,80.26024579687815,1.0,9640.0,9640.0,0.0,7.1989999851211905,"11,8,0,7,12,7,8,3,1,0","0:0-11;1:2-8;2:1-0;3:12-7,11-7;4:3-12;5:11-7,13-7;6:1-8;7:0-3;8:2-1;9:1-0"
666,proposed_c2f_adaptive_pd_calibrated,10,10,1.0,8,300,0.02666666666666667,12,0,12,0.0,0.0,279.99739532161624,80.26024579687815,1.0,9640.0,9640.0,0.0,15.709900006186217,"11,8,0,7,12,7,8,3,1,0","0:0-11;1:2-8;2:1-0;3:12-7,11-7;4:3-12;5:11-7,13-7;6:1-8;7:0-3;8:2-1;9:1-0"
667,proposed_c2f_adaptive_pd,9,10,0.9,18,300,0.06,20,5,15,3200.0,5.333333333333334,24604.74481864522,214.9453014667676,1.0,21777.0,21777.0,0.0,8.353800047188997,"3,11,12,13,10,12,11,1,6,13","0:2-3;1:6-11;2:2-12;3:10-3,13-3,10-13,4-13,6-13,4-3;4:4-10,13-10,10-4,6-10,3-10,13-4;5:2-12;6:8-11;7:0-1;8:4-6;9:2-13"
667,proposed_c2f_adaptive_pd_calibrated,9,10,0.9,18,300,0.06,20,5,15,3200.0,5.333333333333334,24604.74481864522,214.9453014667676,1.0,21777.0,21777.0,0.0,21.125500032212585,"3,11,12,13,10,12,11,1,6,13","0:2-3;1:6-11;2:2-12;3:10-3,13-3,10-13,4-13,6-13,4-3;4:4-10,13-10,10-4,6-10,3-10,13-4;5:2-12;6:8-11;7:0-1;8:4-6;9:2-13"
668,proposed_c2f_adaptive_pd,9,10,0.9,15,270,0.05555555555555555,10,0,10,0.0,0.0,11026.173067101967,567.4307201002241,0.9,10890.0,10890.0,0.0,4.87890001386404,"2,5,2,13,12,11,3,6,10,5",0:0-2;1:9-5;2:0-2;3:0-13;4:2-12;5:0-11;6:6-3;7:3-6;8:0-10;9:6-5
668,proposed_c2f_adaptive_pd_calibrated,9,10,0.9,15,270,0.05555555555555555,10,0,10,0.0,0.0,11026.173067101967,567.4307201002241,0.9,10890.0,10890.0,0.0,9.327800013124943,"2,5,2,13,12,11,3,6,10,5",0:0-2;1:9-5;2:0-2;3:0-13;4:2-12;5:0-11;6:6-3;7:3-6;8:0-10;9:6-5
669,proposed_c2f_adaptive_pd,10,10,1.0,12,300,0.04,11,0,11,0.0,0.0,9414.139792067715,420.17909707055895,1.0,13867.0,13867.0,0.0,3.881299984641373,"7,2,12,10,12,11,7,4,11,8","0:10-7,3-7;1:0-2;2:2-12;3:1-10;4:0-12;5:0-11;6:1-7;7:0-4;8:0-11;9:1-8"
669,proposed_c2f_adaptive_pd_calibrated,10,10,1.0,13,300,0.043333333333333335,11,0,11,0.0,0.0,9414.139792067715,420.17909707055895,1.0,13867.0,13867.0,0.0,11.04090001899749,"7,2,12,10,12,11,7,4,11,8","0:10-7,3-7;1:0-2;2:2-12;3:1-10;4:0-12;5:0-11;6:1-7;7:0-4;8:0-11;9:1-8"
670,proposed_c2f_adaptive_pd,10,10,1.0,14,300,0.04666666666666667,10,0,10,0.0,0.0,2377.3597326238964,220.3848506902439,1.0,8503.0,8503.0,0.0,3.564300015568733,"4,0,9,6,5,0,13,13,13,10",0:0-4;1:3-0;2:1-9;3:2-6;4:0-5;5:4-0;6:0-13;7:0-13;8:2-13;9:1-10
670,proposed_c2f_adaptive_pd_calibrated,10,10,1.0,15,300,0.05,10,0,10,0.0,0.0,2377.3597326238964,220.3848506902439,1.0,8503.0,8503.0,0.0,12.062299996614456,"4,0,9,6,5,0,13,13,13,10",0:0-4;1:3-0;2:1-9;3:2-6;4:0-5;5:4-0;6:0-13;7:0-13;8:2-13;9:1-10
671,proposed_c2f_adaptive_pd,9,10,0.9,18,300,0.06,10,0,10,0.0,0.0,878822.3859190218,1688.9191823322117,1.0,11429.0,11429.0,0.0,4.609399999026209,"1,12,2,9,4,1,7,1,14,11",0:5-1;1:0-12;2:1-2;3:3-9;4:0-4;5:0-1;6:0-7;7:0-1;8:0-14;9:3-11
671,proposed_c2f_adaptive_pd_calibrated,9,10,0.9,18,300,0.06,10,0,10,0.0,0.0,878822.3859190218,1688.9191823322117,1.0,11429.0,11429.0,0.0,9.105200006160885,"1,12,2,9,4,1,7,1,14,11",0:5-1;1:0-12;2:1-2;3:3-9;4:0-4;5:0-1;6:0-7;7:0-1;8:0-14;9:3-11
672,proposed_c2f_adaptive_pd,8,10,0.8,11,270,0.040740740740740744,21,2,19,1280.0,2.1333333333333333,464.1965424630395,105.69101630224688,0.9523809523809523,23799.0,23799.0,0.0,10.84970001829788,"7,5,7,7,13,5,9,11,8,11","0:11-7,14-7,12-7,2-7,1-7,7-12;1:0-5;2:12-7,7-12,1-7,14-7,2-7,11-7;3:1-7;4:0-13;5:0-5;6:2-9;7:5-11;8:0-8;9:5-11,10-11"
672,proposed_c2f_adaptive_pd_calibrated,8,10,0.8,11,270,0.040740740740740744,21,2,19,1280.0,2.1333333333333333,464.1965424630395,105.69101630224688,0.9523809523809523,23799.0,23799.0,0.0,25.83009999943897,"7,5,7,7,13,5,9,11,8,11","0:11-7,14-7,12-7,2-7,1-7,7-12;1:0-5;2:12-7,7-12,1-7,14-7,2-7,11-7;3:1-7;4:0-13;5:0-5;6:2-9;7:5-11;8:0-8;9:5-11,10-11"
673,proposed_c2f_adaptive_pd,8,10,0.8,14,300,0.04666666666666667,16,4,12,2560.0,4.266666666666667,3197.4982073680417,658.1373252050605,1.0,16569.0,16569.0,0.0,5.819499958306551,"2,12,11,1,4,14,1,5,6,7","0:0-2;1:0-12;2:3-11;3:14-1,10-1;4:3-4;5:0-14;6:14-1;7:3-5;8:3-6;9:7-10,1-10,10-7,14-7,14-10,0-10"
673,proposed_c2f_adaptive_pd_calibrated,8,10,0.8,14,300,0.04666666666666667,16,4,12,2560.0,4.266666666666667,3197.4982073680417,658.1373252050605,1.0,16569.0,16569.0,0.0,19.824400020297617,"2,12,11,1,4,14,1,5,6,7","0:0-2;1:0-12;2:3-11;3:14-1,10-1;4:3-4;5:0-14;6:14-1;7:3-5;8:3-6;9:7-10,1-10,10-7,14-7,14-10,0-10"
674,proposed_c2f_adaptive_pd,10,10,1.0,14,300,0.04666666666666667,10,0,10,0.0,0.0,2429.760998743157,208.57807016375082,1.0,13461.0,13461.0,0.0,3.9692000136710703,"8,0,14,2,2,2,4,9,4,11",0:2-8;1:1-0;2:6-14;3:3-2;4:1-2;5:1-2;6:5-4;7:1-9;8:0-4;9:12-11
674,proposed_c2f_adaptive_pd_calibrated,10,10,1.0,16,300,0.05333333333333334,10,0,10,0.0,0.0,2429.760998743157,208.57807016375082,1.0,13461.0,13461.0,0.0,8.23630002560094,"8,0,14,2,2,2,4,9,4,11",0:2-8;1:1-0;2:6-14;3:3-2;4:1-2;5:1-2;6:5-4;7:1-9;8:0-4;9:12-11
675,proposed_c2f_adaptive_pd,9,10,0.9,11,300,0.03666666666666667,14,1,13,640.0,1.0666666666666667,208.6450513533764,48.030412368900826,1.0,17637.0,17637.0,0.0,6.376300007104874,"13,5,6,5,9,9,12,5,0,7","0:7-13;1:9-5;2:7-6,6-7;3:0-5;4:12-9,5-9,7-9;5:5-9,12-9;6:1-12;7:0-5;8:2-0;9:3-7"
675,proposed_c2f_adaptive_pd_calibrated,9,10,0.9,11,300,0.03666666666666667,14,1,13,640.0,1.0666666666666667,208.6450513533764,48.030412368900826,1.0,17637.0,17637.0,0.0,17.420200048945844,"13,5,6,5,9,9,12,5,0,7","0:7-13;1:9-5;2:7-6,6-7;3:0-5;4:12-9,5-9,7-9;5:5-9,12-9;6:1-12;7:0-5;8:2-0;9:3-7"
676,proposed_c2f_adaptive_pd,9,10,0.9,11,270,0.040740740740740744,15,1,14,640.0,1.0666666666666667,132.2387036379558,60.86551722953524,0.9333333333333333,14306.0,14306.0,0.0,6.995300005655736,"13,7,13,7,6,10,6,0,9,9","0:1-13;1:0-7;2:1-13;3:8-7,6-7,2-7;4:7-6,6-8,8-6,2-6;5:2-10;6:2-6;7:3-0;8:7-9;9:7-9"
676,proposed_c2f_adaptive_pd_calibrated,9,10,0.9,12,270,0.044444444444444446,15,1,14,640.0,1.0666666666666667,132.2387036379558,60.86551722953524,0.9333333333333333,14306.0,14306.0,0.0,14.171899994835258,"13,7,13,7,6,10,6,0,9,9","0:1-13;1:0-7;2:1-13;3:8-7,6-7,2-7;4:7-6,6-8,8-6,2-6;5:2-10;6:2-6;7:3-0;8:7-9;9:7-9"
677,proposed_c2f_adaptive_pd,10,10,1.0,9,300,0.03,15,2,13,1280.0,2.1333333333333333,369055.71937356755,112.71252066122446,1.0,12519.0,12519.0,0.0,5.1648999797180295,"13,9,10,9,8,9,14,12,2,7","0:1-13;1:0-9;2:0-10;3:0-9;4:1-8;5:0-9;6:0-14;7:0-12;8:0-2;9:10-7,7-10,8-7,7-8,1-7,12-7"
677,proposed_c2f_adaptive_pd_calibrated,10,10,1.0,9,300,0.03,15,2,13,1280.0,2.1333333333333333,369055.71937356755,112.71252066122446,1.0,12519.0,12519.0,0.0,18.40770000126213,"13,9,10,9,8,9,14,12,2,7","0:1-13;1:0-9;2:0-10;3:0-9;4:1-8;5:0-9;6:0-14;7:0-12;8:0-2;9:10-7,7-10,8-7,7-8,1-7,12-7"
678,proposed_c2f_adaptive_pd,10,10,1.0,16,300,0.05333333333333334,11,1,10,640.0,1.0666666666666667,2706.030784986894,1103.3953278499057,1.0,12916.0,12916.0,0.0,5.256299977190793,"3,14,10,14,1,13,5,10,5,12","0:1-3;1:0-14;2:11-10;3:1-14;4:3-1;5:1-13;6:0-5;7:11-10;8:3-5,5-3;9:0-12"
678,proposed_c2f_adaptive_pd_calibrated,10,10,1.0,16,300,0.05333333333333334,11,1,10,640.0,1.0666666666666667,2706.030784986894,1103.3953278499057,1.0,12916.0,12916.0,0.0,12.750099995173514,"3,14,10,14,1,13,5,10,5,12","0:1-3;1:0-14;2:11-10;3:1-14;4:3-1;5:1-13;6:0-5;7:11-10;8:3-5,5-3;9:0-12"
679,proposed_c2f_adaptive_pd,10,10,1.0,24,300,0.08,10,0,10,0.0,0.0,544.497283381115,122.31456955937855,1.0,11751.0,11751.0,0.0,5.335000052582473,"6,1,0,2,1,12,8,1,6,7",0:2-6;1:8-1;2:2-0;3:0-2;4:0-1;5:0-12;6:13-8;7:8-1;8:5-6;9:0-7
679,proposed_c2f_adaptive_pd_calibrated,10,10,1.0,25,300,0.08333333333333333,10,0,10,0.0,0.0,544.497283381115,122.31456955937855,1.0,11751.0,11751.0,0.0,10.378099977970123,"6,1,0,2,1,12,8,1,6,7",0:2-6;1:8-1;2:2-0;3:0-2;4:0-1;5:0-12;6:13-8;7:8-1;8:5-6;9:0-7
680,proposed_c2f_adaptive_pd,10,10,1.0,11,300,0.03666666666666667,12,0,12,0.0,0.0,633.2073375866029,305.9612129244058,1.0,13715.0,13715.0,0.0,5.492999975103885,"10,4,4,6,2,4,2,10,2,6","0:12-10,3-10;1:13-4,6-4;2:3-4;3:11-6;4:3-2;5:0-4;6:3-2;7:3-10;8:3-2;9:4-6"
680,proposed_c2f_adaptive_pd_calibrated,10,10,1.0,13,300,0.043333333333333335,12,0,12,0.0,0.0,633.2073375866029,305.9612129244058,1.0,13715.0,13715.0,0.0,11.458199995104223,"10,4,4,6,2,4,2,10,2,6","0:12-10,3-10;1:13-4,6-4;2:3-4;3:11-6;4:3-2;5:0-4;6:3-2;7:3-10;8:3-2;9:4-6"
681,proposed_c2f_adaptive_pd,10,10,1.0,17,300,0.056666666666666664,12,0,12,0.0,0.0,3599.5201221995494,439.1041119700527,1.0,12695.0,12695.0,0.0,4.42249997286126,"3,4,10,4,4,2,9,0,11,7","0:1-3;1:0-4;2:1-10;3:0-4;4:8-4;5:1-2;6:0-9;7:3-0,14-0,6-0;8:4-11;9:4-7"
681,proposed_c2f_adaptive_pd_calibrated,10,10,1.0,17,300,0.056666666666666664,12,0,12,0.0,0.0,3599.5201221995494,439.1041119700527,1.0,12695.0,12695.0,0.0,13.329399982467294,"3,4,10,4,4,2,9,0,11,7","0:1-3;1:0-4;2:1-10;3:0-4;4:8-4;5:1-2;6:0-9;7:3-0,14-0,6-0;8:4-11;9:4-7"
682,proposed_c2f_adaptive_pd,10,10,1.0,13,300,0.043333333333333335,12,0,12,0.0,0.0,464.7509827406499,85.94400726765579,1.0,14311.0,14311.0,0.0,4.736300033982843,"6,3,7,6,9,5,11,5,5,2","0:1-6;1:1-3;2:12-7;3:1-6;4:1-9;5:0-5;6:4-11,8-11;7:2-5,6-5;8:0-5;9:8-2"
682,proposed_c2f_adaptive_pd_calibrated,10,10,1.0,14,300,0.04666666666666667,12,0,12,0.0,0.0,464.7509827406499,85.94400726765579,1.0,14311.0,14311.0,0.0,14.537300041411072,"6,3,7,6,9,5,11,5,5,2","0:1-6;1:1-3;2:12-7;3:1-6;4:1-9;5:0-5;6:4-11,8-11;7:2-5,6-5;8:0-5;9:8-2"
683,proposed_c2f_adaptive_pd,10,10,1.0,19,300,0.06333333333333334,10,0,10,0.0,0.0,1246.048252117733,59.4288123203349,1.0,12547.0,12547.0,0.0,6.446300016250461,"9,14,0,0,1,7,9,9,7,4",0:10-9;1:5-14;2:1-0;3:7-0;4:0-1;5:0-7;6:11-9;7:4-9;8:11-7;9:1-4
683,proposed_c2f_adaptive_pd_calibrated,10,10,1.0,21,300,0.07,10,0,10,0.0,0.0,1246.048252117733,59.4288123203349,1.0,12547.0,12547.0,0.0,10.033799975644797,"9,14,0,0,1,7,9,9,7,4",0:10-9;1:5-14;2:1-0;3:7-0;4:0-1;5:0-7;6:11-9;7:4-9;8:11-7;9:1-4
684,proposed_c2f_adaptive_pd,10,10,1.0,17,300,0.056666666666666664,14,1,13,640.0,1.0666666666666667,391.1378067140507,78.42595722693265,1.0,22926.0,22926.0,0.0,6.875100021716207,"1,2,4,12,2,8,11,3,7,12","0:0-1;1:7-2;2:3-4;3:0-12;4:0-2;5:14-8,8-14,2-8;6:13-11;7:1-3;8:0-7;9:3-12,1-12,9-12"
684,proposed_c2f_adaptive_pd_calibrated,10,10,1.0,17,300,0.056666666666666664,14,1,13,640.0,1.0666666666666667,391.1378067140507,78.42595722693265,1.0,22926.0,22926.0,0.0,19.174300017766654,"1,2,4,12,2,8,11,3,7,12","0:0-1;1:7-2;2:3-4;3:0-12;4:0-2;5:14-8,8-14,2-8;6:13-11;7:1-3;8:0-7;9:3-12,1-12,9-12"
685,proposed_c2f_adaptive_pd,10,10,1.0,14,300,0.04666666666666667,16,2,14,1280.0,2.1333333333333333,74376.05072700082,369.8886237494788,1.0,15796.0,15796.0,0.0,6.293600017670542,"2,7,14,13,12,10,4,13,10,10","0:0-2;1:0-7;2:0-14;3:0-13;4:0-12;5:1-10;6:10-4;7:12-13;8:10-11,13-10,11-10,12-10;9:10-11,13-10,11-10,4-10"
685,proposed_c2f_adaptive_pd_calibrated,10,10,1.0,15,300,0.05,16,2,14,1280.0,2.1333333333333333,74376.05072700082,369.8886237494788,1.0,15796.0,15796.0,0.0,19.314799981657416,"2,7,14,13,12,10,4,13,10,10","0:0-2;1:0-7;2:0-14;3:0-13;4:0-12;5:1-10;6:10-4;7:12-13;8:10-11,13-10,11-10,12-10;9:10-11,13-10,11-10,4-10"
686,proposed_c2f_adaptive_pd,10,10,1.0,17,300,0.056666666666666664,18,2,16,1280.0,2.1333333333333333,261.7948981688941,221.7938997382354,1.0,16883.0,16883.0,0.0,10.736100026406348,"13,13,0,2,12,10,11,5,10,1","0:0-13,12-0,13-0,12-13,11-13,10-13;1:0-13;2:13-0,6-0;3:0-2;4:11-12,8-12;5:0-10;6:0-11;7:7-5,6-5;8:0-10;9:3-1"
686,proposed_c2f_adaptive_pd_calibrated,10,10,1.0,17,300,0.056666666666666664,18,2,16,1280.0,2.1333333333333333,261.7948981688941,221.7938997382354,1.0,16883.0,16883.0,0.0,20.679499953985214,"13,13,0,2,12,10,11,5,10,1","0:0-13,12-0,13-0,12-13,11-13,10-13;1:0-13;2:13-0,6-0;3:0-2;4:11-12,8-12;5:0-10;6:0-11;7:7-5,6-5;8:0-10;9:3-1"
687,proposed_c2f_adaptive_pd,9,10,0.9,21,300,0.07,10,0,10,0.0,0.0,159.69565340211528,91.74744960077871,1.0,10071.0,10071.0,0.0,5.041499971412122,"5,4,12,13,4,14,12,8,3,12",0:1-5;1:5-4;2:0-12;3:10-13;4:0-4;5:0-14;6:1-12;7:0-8;8:1-3;9:5-12
687,proposed_c2f_adaptive_pd_calibrated,9,10,0.9,21,300,0.07,10,0,10,0.0,0.0,159.69565340211528,91.74744960077871,1.0,10071.0,10071.0,0.0,12.372199969831854,"5,4,12,13,4,14,12,8,3,12",0:1-5;1:5-4;2:0-12;3:10-13;4:0-4;5:0-14;6:1-12;7:0-8;8:1-3;9:5-12
688,proposed_c2f_adaptive_pd,9,10,0.9,13,300,0.043333333333333335,15,3,12,1920.0,3.2,6177.063052349552,183.65299126973366,1.0,15207.0,15207.0,0.0,7.705399999395013,"14,6,1,6,5,3,4,9,1,5","0:0-14;1:3-6;2:10-1;3:12-6;4:1-5;5:4-3;6:0-4;7:0-9;8:0-1,7-1,10-1,1-10,1-4,0-10;9:1-5"
688,proposed_c2f_adaptive_pd_calibrated,9,10,0.9,13,300,0.043333333333333335,15,3,12,1920.0,3.2,6177.063052349552,183.65299126973366,1.0,15207.0,15207.0,0.0,19.14980000583455,"14,6,1,6,5,3,4,9,1,5","0:0-14;1:3-6;2:10-1;3:12-6;4:1-5;5:4-3;6:0-4;7:0-9;8:0-1,7-1,10-1,1-10,1-4,0-10;9:1-5"
689,proposed_c2f_adaptive_pd,9,10,0.9,10,300,0.03333333333333333,17,4,13,2560.0,4.266666666666667,455.93620810517206,56.941187728074325,0.8823529411764706,16542.0,16542.0,0.0,8.865800045896322,"2,13,14,11,0,6,8,2,11,3","0:0-2;1:8-13;2:11-14;3:3-11,11-3,10-11;4:2-0;5:0-6;6:6-8;7:0-2;8:11-3,3-11,4-3,9-3,4-11,9-11;9:11-3"
689,proposed_c2f_adaptive_pd_calibrated,9,10,0.9,11,300,0.03666666666666667,17,4,13,2560.0,4.266666666666667,455.93620810517206,56.941187728074325,0.8823529411764706,16542.0,16542.0,0.0,17.646099964622408,"2,13,14,11,0,6,8,2,11,3","0:0-2;1:8-13;2:11-14;3:3-11,11-3,10-11;4:2-0;5:0-6;6:6-8;7:0-2;8:11-3,3-11,4-3,9-3,4-11,9-11;9:11-3"
690,proposed_c2f_adaptive_pd,9,10,0.9,16,300,0.05333333333333334,18,3,15,1920.0,3.2,1987.1568689662122,811.8491272256615,1.0,20704.0,20704.0,0.0,6.73979998100549,"8,0,12,7,4,5,0,9,0,1","0:12-8,4-8,11-8,6-8;1:1-0,0-1,3-0,0-3,0-12,12-0;2:0-12;3:0-7;4:2-4;5:0-5;6:1-0;7:2-9;8:1-0;9:0-1"
690,proposed_c2f_adaptive_pd_calibrated,9,10,0.9,16,300,0.05333333333333334,18,3,15,1920.0,3.2,1987.1568689662122,811.8491272256615,1.0,20704.0,20704.0,0.0,19.65619996190071,"8,0,12,7,4,5,0,9,0,1","0:12-8,4-8,11-8,6-8;1:1-0,0-1,3-0,0-3,0-12,12-0;2:0-12;3:0-7;4:2-4;5:0-5;6:1-0;7:2-9;8:1-0;9:0-1"
691,proposed_c2f_adaptive_pd,9,10,0.9,20,270,0.07407407407407407,10,0,10,0.0,0.0,1256.620516914636,142.52473457090446,0.9,9581.0,9581.0,0.0,3.7116000312380493,"8,4,14,6,14,4,4,12,11,0",0:0-8;1:0-4;2:5-14;3:0-6;4:12-14;5:2-4;6:6-4;7:4-12;8:6-11;9:3-0
691,proposed_c2f_adaptive_pd_calibrated,9,10,0.9,20,270,0.07407407407407407,10,0,10,0.0,0.0,1256.620516914636,142.52473457090446,0.9,9581.0,9581.0,0.0,11.796100006904453,"8,4,14,6,14,4,4,12,11,0",0:0-8;1:0-4;2:5-14;3:0-6;4:12-14;5:2-4;6:6-4;7:4-12;8:6-11;9:3-0
692,proposed_c2f_adaptive_pd,10,10,1.0,17,300,0.056666666666666664,10,0,10,0.0,0.0,10691.570525837107,388.5789917507608,1.0,13256.0,13256.0,0.0,4.793900006916374,"9,10,14,9,3,5,9,11,8,12",0:0-9;1:1-10;2:1-14;3:3-9;4:9-3;5:0-5;6:0-9;7:5-11;8:1-8;9:0-12
692,proposed_c2f_adaptive_pd_calibrated,10,10,1.0,17,300,0.056666666666666664,10,0,10,0.0,0.0,10691.570525837107,388.5789917507608,1.0,13256.0,13256.0,0.0,13.120100018568337,"9,10,14,9,3,5,9,11,8,12",0:0-9;1:1-10;2:1-14;3:3-9;4:9-3;5:0-5;6:0-9;7:5-11;8:1-8;9:0-12
693,proposed_c2f_adaptive_pd,9,10,0.9,17,300,0.056666666666666664,17,1,16,640.0,1.0666666666666667,2734.832329490914,112.57525841158102,1.0,12417.0,12417.0,0.0,5.6844999780878425,"14,4,11,14,12,8,10,7,2,10","0:0-14;1:0-4;2:0-11;3:0-14;4:14-12,1-12,0-12,6-12,0-14,11-12;5:0-8;6:9-10,8-10,13-10;7:0-7;8:0-2;9:5-10"
693,proposed_c2f_adaptive_pd_calibrated,9,10,0.9,17,300,0.056666666666666664,17,1,16,640.0,1.0666666666666667,2734.832329490914,112.57525841158102,1.0,12417.0,12417.0,0.0,23.095900018233806,"14,4,11,14,12,8,10,7,2,10","0:0-14;1:0-4;2:0-11;3:0-14;4:14-12,1-12,0-12,6-12,0-14,11-12;5:0-8;6:9-10,8-10,13-10;7:0-7;8:0-2;9:5-10"
694,proposed_c2f_adaptive_pd,9,10,0.9,9,300,0.03,15,2,13,1280.0,2.1333333333333333,273.2132796316375,113.89411086371793,1.0,16285.0,16285.0,0.0,8.55470000533387,"4,14,6,2,12,8,9,8,2,12","0:2-4;1:2-14;2:0-6;3:1-2;4:1-12;5:5-8;6:0-9;7:12-8,5-8,8-12,8-5,11-8,7-8;8:4-2;9:0-12"
694,proposed_c2f_adaptive_pd_calibrated,9,10,0.9,9,300,0.03,15,2,13,1280.0,2.1333333333333333,273.2132796316375,113.89411086371793,1.0,16285.0,16285.0,0.0,18.59689998673275,"4,14,6,2,12,8,9,8,2,12","0:2-4;1:2-14;2:0-6;3:1-2;4:1-12;5:5-8;6:0-9;7:12-8,5-8,8-12,8-5,11-8,7-8;8:4-2;9:0-12"
695,proposed_c2f_adaptive_pd,10,10,1.0,28,300,0.09333333333333334,11,0,11,0.0,0.0,5183.290985969734,384.3743426546777,1.0,11796.0,11796.0,0.0,4.805699980352074,"0,7,2,14,13,3,3,3,2,11","0:9-0;1:6-7,14-7;2:0-2;3:0-14;4:3-13;5:1-3;6:1-3;7:4-3;8:0-2;9:0-11"
695,proposed_c2f_adaptive_pd_calibrated,10,10,1.0,29,300,0.09666666666666666,11,0,11,0.0,0.0,5183.290985969734,384.3743426546777,1.0,11796.0,11796.0,0.0,13.50040000397712,"0,7,2,14,13,3,3,3,2,11","0:9-0;1:6-7,14-7;2:0-2;3:0-14;4:3-13;5:1-3;6:1-3;7:4-3;8:0-2;9:0-11"
696,proposed_c2f_adaptive_pd,10,10,1.0,14,300,0.04666666666666667,11,0,11,0.0,0.0,2111.501880215993,136.64523289333385,1.0,15814.0,15814.0,0.0,5.93369995476678,"1,0,11,6,1,4,9,2,1,11","0:2-1;1:2-0;2:2-11;3:0-6;4:11-1,2-1;5:0-4;6:1-9;7:1-2;8:11-1;9:2-11"
696,proposed_c2f_adaptive_pd_calibrated,10,10,1.0,14,300,0.04666666666666667,11,0,11,0.0,0.0,2111.501880215993,136.64523289333385,1.0,15814.0,15814.0,0.0,11.881300015375018,"1,0,11,6,1,4,9,2,1,11","0:2-1;1:2-0;2:2-11;3:0-6;4:11-1,2-1;5:0-4;6:1-9;7:1-2;8:11-1;9:2-11"
697,proposed_c2f_adaptive_pd,10,10,1.0,19,300,0.06333333333333334,13,0,13,0.0,0.0,17135.392757204536,280.54122655030153,1.0,17220.0,17220.0,0.0,5.800000042654574,"13,10,14,1,14,10,10,3,3,6","0:4-13;1:9-10,13-10,4-10,7-10;2:0-14;3:0-1;4:0-14;5:7-10;6:11-10;7:0-3;8:0-3;9:1-6"
697,proposed_c2f_adaptive_pd_calibrated,10,10,1.0,19,300,0.06333333333333334,13,0,13,0.0,0.0,17135.392757204536,280.54122655030153,1.0,17220.0,17220.0,0.0,16.108399955555797,"13,10,14,1,14,10,10,3,3,6","0:4-13;1:9-10,13-10,4-10,7-10;2:0-14;3:0-1;4:0-14;5:7-10;6:11-10;7:0-3;8:0-3;9:1-6"
698,proposed_c2f_adaptive_pd,10,10,1.0,13,300,0.043333333333333335,10,0,10,0.0,0.0,1237.0063790346358,297.8948188625918,1.0,9231.0,9231.0,0.0,4.704899969510734,"4,6,5,12,9,2,3,13,2,4",0:0-4;1:0-6;2:0-5;3:3-12;4:4-9;5:0-2;6:0-3;7:4-13;8:0-2;9:0-4
698,proposed_c2f_adaptive_pd_calibrated,10,10,1.0,13,300,0.043333333333333335,10,0,10,0.0,0.0,1237.0063790346358,297.8948188625918,1.0,9231.0,9231.0,0.0,12.085800000932068,"4,6,5,12,9,2,3,13,2,4",0:0-4;1:0-6;2:0-5;3:3-12;4:4-9;5:0-2;6:0-3;7:4-13;8:0-2;9:0-4
699,proposed_c2f_adaptive_pd,10,10,1.0,16,300,0.05333333333333334,10,0,10,0.0,0.0,4937.759890684227,178.35911602069405,1.0,14508.0,14508.0,0.0,6.055200006812811,"9,8,9,14,12,10,6,4,10,9",0:0-9;1:0-8;2:8-9;3:1-14;4:0-12;5:0-10;6:3-6;7:6-4;8:2-10;9:8-9
699,proposed_c2f_adaptive_pd_calibrated,10,10,1.0,16,300,0.05333333333333334,10,0,10,0.0,0.0,4937.759890684227,178.35911602069405,1.0,14508.0,14508.0,0.0,12.021099973935634,"9,8,9,14,12,10,6,4,10,9",0:0-9;1:0-8;2:8-9;3:1-14;4:0-12;5:0-10;6:3-6;7:6-4;8:2-10;9:8-9
700,proposed_c2f_adaptive_pd,9,10,0.9,12,300,0.04,21,4,17,2560.0,4.266666666666667,166.9172209617755,76.76203201554524,1.0,21676.0,21676.0,0.0,8.863800030667335,"10,7,5,4,13,8,0,13,1,13","0:4-10,4-8,10-8,8-10,11-10,10-11;1:0-7;2:0-5;3:10-4,4-10,11-4,8-4,1-4,3-4;4:3-13,4-13;5:0-8;6:1-0;7:1-13;8:0-1;9:1-13"
700,proposed_c2f_adaptive_pd_calibrated,9,10,0.9,12,300,0.04,21,4,17,2560.0,4.266666666666667,166.9172209617755,76.76203201554524,1.0,21676.0,21676.0,0.0,23.082799976691604,"10,7,5,4,13,8,0,13,1,13","0:4-10,4-8,10-8,8-10,11-10,10-11;1:0-7;2:0-5;3:10-4,4-10,11-4,8-4,1-4,3-4;4:3-13,4-13;5:0-8;6:1-0;7:1-13;8:0-1;9:1-13"
701,proposed_c2f_adaptive_pd,10,10,1.0,19,300,0.06333333333333334,13,1,12,640.0,1.0666666666666667,1445.768408916921,292.76714093791315,1.0,21960.0,21960.0,0.0,6.131200003437698,"3,14,14,6,10,3,7,11,5,3","0:0-3;1:0-14;2:0-14;3:1-6;4:3-10;5:11-3;6:4-7;7:0-11;8:8-5,10-5;9:11-3,3-11,10-3"
701,proposed_c2f_adaptive_pd_calibrated,10,10,1.0,19,300,0.06333333333333334,13,1,12,640.0,1.0666666666666667,1445.768408916921,292.76714093791315,1.0,21960.0,21960.0,0.0,17.071400012355298,"3,14,14,6,10,3,7,11,5,3","0:0-3;1:0-14;2:0-14;3:1-6;4:3-10;5:11-3;6:4-7;7:0-11;8:8-5,10-5;9:11-3,3-11,10-3"
702,proposed_c2f_adaptive_pd,10,10,1.0,17,300,0.056666666666666664,12,0,12,0.0,0.0,902.0822670062569,459.418364788721,1.0,14864.0,14864.0,0.0,6.610999989788979,"14,8,9,2,7,8,7,6,9,11","0:0-14;1:0-8;2:11-9;3:11-2,10-2,9-2;4:4-7;5:0-8;6:6-7;7:0-6;8:2-9;9:2-11"
702,proposed_c2f_adaptive_pd_calibrated,10,10,1.0,17,300,0.056666666666666664,12,0,12,0.0,0.0,902.0822670062569,459.418364788721,1.0,14864.0,14864.0,0.0,15.634599956683815,"14,8,9,2,7,8,7,6,9,11","0:0-14;1:0-8;2:11-9;3:11-2,10-2,9-2;4:4-7;5:0-8;6:6-7;7:0-6;8:2-9;9:2-11"
703,proposed_c2f_adaptive_pd,9,10,0.9,13,270,0.04814814814814815,10,0,10,0.0,0.0,9389.844687674677,545.1275453732117,0.9,11121.0,11121.0,0.0,5.490500014275312,"6,7,10,13,11,9,0,13,12,4",0:0-6;1:0-7;2:0-10;3:1-13;4:0-11;5:0-9;6:1-0;7:1-13;8:0-12;9:9-4
703,proposed_c2f_adaptive_pd_calibrated,9,10,0.9,14,270,0.05185185185185185,10,0,10,0.0,0.0,9389.844687674677,545.1275453732117,0.9,11121.0,11121.0,0.0,12.02009996632114,"6,7,10,13,11,9,0,13,12,4",0:0-6;1:0-7;2:0-10;3:1-13;4:0-11;5:0-9;6:1-0;7:1-13;8:0-12;9:9-4
704,proposed_c2f_adaptive_pd,10,10,1.0,12,300,0.04,11,0,11,0.0,0.0,2374.438420468379,302.81231251385503,1.0,8912.0,8912.0,0.0,3.9132999954745173,"4,12,1,0,5,14,8,14,5,3","0:0-4;1:4-12;2:0-1;3:1-0;4:0-5;5:11-14,12-14;6:2-8;7:0-14;8:10-5;9:2-3"
704,proposed_c2f_adaptive_pd_calibrated,10,10,1.0,12,300,0.04,11,0,11,0.0,0.0,2374.438420468379,302.81231251385503,1.0,8912.0,8912.0,0.0,14.140199986286461,"4,12,1,0,5,14,8,14,5,3","0:0-4;1:4-12;2:0-1;3:1-0;4:0-5;5:11-14,12-14;6:2-8;7:0-14;8:10-5;9:2-3"
705,proposed_c2f_adaptive_pd,9,10,0.9,10,270,0.037037037037037035,10,0,10,0.0,0.0,7210.915074784391,126.38426857726304,0.9,12164.0,12164.0,0.0,5.512300005648285,"2,1,6,2,2,11,5,7,0,11",0:3-2;1:4-1;2:0-6;3:0-2;4:0-2;5:0-11;6:11-5;7:10-7;8:1-0;9:0-11
705,proposed_c2f_adaptive_pd_calibrated,9,10,0.9,11,270,0.040740740740740744,10,0,10,0.0,0.0,7210.915074784391,126.38426857726304,0.9,12164.0,12164.0,0.0,10.836200031917542,"2,1,6,2,2,11,5,7,0,11",0:3-2;1:4-1;2:0-6;3:0-2;4:0-2;5:0-11;6:11-5;7:10-7;8:1-0;9:0-11
706,proposed_c2f_adaptive_pd,9,10,0.9,23,300,0.07666666666666666,15,2,13,1280.0,2.1333333333333333,1187.2539199862952,346.3655477614018,1.0,12953.0,12953.0,0.0,8.554000000003725,"0,10,10,11,3,2,7,5,5,10","0:1-0;1:0-10;2:0-10;3:0-11;4:1-3;5:1-2;6:12-7,7-12,2-13,2-7,8-7,9-7;7:1-5;8:1-5;9:0-10"
706,proposed_c2f_adaptive_pd_calibrated,9,10,0.9,24,300,0.08,15,2,13,1280.0,2.1333333333333333,1187.2539199862952,346.3655477614018,1.0,12953.0,12953.0,0.0,18.659900000784546,"0,10,10,11,3,2,7,5,5,10","0:1-0;1:0-10;2:0-10;3:0-11;4:1-3;5:1-2;6:12-7,7-12,2-13,2-7,8-7,9-7;7:1-5;8:1-5;9:0-10"
707,proposed_c2f_adaptive_pd,10,10,1.0,11,300,0.03666666666666667,18,3,15,1920.0,3.2,10184.369153342825,95.63717938173048,1.0,14882.0,14882.0,0.0,8.34310002392158,"4,7,4,10,11,9,1,0,9,11","0:7-4;1:0-7;2:8-4,4-8,7-4,12-4,4-12,11-4;3:4-10;4:1-11;5:1-9;6:1-0,7-1,9-1,0-1;7:1-0;8:0-9;9:6-11"
707,proposed_c2f_adaptive_pd_calibrated,10,10,1.0,12,300,0.04,18,3,15,1920.0,3.2,10184.369153342825,95.63717938173048,1.0,14882.0,14882.0,0.0,20.389500015880913,"4,7,4,10,11,9,1,0,9,11","0:7-4;1:0-7;2:8-4,4-8,7-4,12-4,4-12,11-4;3:4-10;4:1-11;5:1-9;6:1-0,7-1,9-1,0-1;7:1-0;8:0-9;9:6-11"
708,proposed_c2f_adaptive_pd,10,10,1.0,17,300,0.056666666666666664,12,0,12,0.0,0.0,430.6584161077329,404.24369058929324,1.0,12390.0,12390.0,0.0,7.120999973267317,"6,12,9,8,12,14,0,10,4,1","0:2-6;1:2-12;2:0-9;3:13-8;4:0-12;5:12-14,4-14,2-14;6:1-0;7:0-10;8:2-4;9:10-1"
708,proposed_c2f_adaptive_pd_calibrated,10,10,1.0,17,300,0.056666666666666664,12,0,12,0.0,0.0,430.6584161077329,404.24369058929324,1.0,12390.0,12390.0,0.0,13.69310001609847,"6,12,9,8,12,14,0,10,4,1","0:2-6;1:2-12;2:0-9;3:13-8;4:0-12;5:12-14,4-14,2-14;6:1-0;7:0-10;8:2-4;9:10-1"
709,proposed_c2f_adaptive_pd,10,10,1.0,16,300,0.05333333333333334,20,4,16,2560.0,4.266666666666667,13101.699702833746,215.06408938710103,1.0,19750.0,19750.0,0.0,8.004800009075552,"10,13,7,8,12,10,3,9,6,4","0:3-10;1:0-13;2:0-7;3:0-8;4:0-12;5:14-10,10-14,11-10,3-10,2-10,1-10;6:14-3,10-3,11-3,3-14,10-7,11-7;7:0-9;8:0-6;9:0-4"
709,proposed_c2f_adaptive_pd_calibrated,10,10,1.0,17,300,0.056666666666666664,20,4,16,2560.0,4.266666666666667,13101.699702833746,215.06408938710103,1.0,19750.0,19750.0,0.0,21.874800033401698,"10,13,7,8,12,10,3,9,6,4","0:3-10;1:0-13;2:0-7;3:0-8;4:0-12;5:14-10,10-14,11-10,3-10,2-10,1-10;6:14-3,10-3,11-3,3-14,10-7,11-7;7:0-9;8:0-6;9:0-4"
710,proposed_c2f_adaptive_pd,8,10,0.8,12,300,0.04,20,4,16,2560.0,4.266666666666667,615.7002613852104,26.404635961036206,1.0,14786.0,14786.0,0.0,10.787100007291883,"7,7,5,12,0,2,11,0,5,11","0:5-12,5-7,0-12,0-7,2-12,7-12;1:12-7;2:1-5;3:1-12;4:8-0,6-0,7-0,3-0,2-0,12-0;5:0-2;6:2-11;7:2-0;8:7-5;9:1-11"
710,proposed_c2f_adaptive_pd_calibrated,8,10,0.8,13,300,0.043333333333333335,20,4,16,2560.0,4.266666666666667,615.7002613852104,26.404635961036206,1.0,14786.0,14786.0,0.0,19.061499973759055,"7,7,5,12,0,2,11,0,5,11","0:5-12,5-7,0-12,0-7,2-12,7-12;1:12-7;2:1-5;3:1-12;4:8-0,6-0,7-0,3-0,2-0,12-0;5:0-2;6:2-11;7:2-0;8:7-5;9:1-11"
711,proposed_c2f_adaptive_pd,10,10,1.0,26,300,0.08666666666666667,12,0,12,0.0,0.0,460.4140765206451,148.51077461767596,1.0,12606.0,12606.0,0.0,5.839099991135299,"1,13,5,3,13,3,0,9,2,6","0:13-1,4-1;1:0-13;2:7-5,0-5;3:0-3;4:0-13;5:1-3;6:1-0;7:2-9;8:0-2;9:1-6"
711,proposed_c2f_adaptive_pd_calibrated,10,10,1.0,26,300,0.08666666666666667,12,0,12,0.0,0.0,460.4140765206451,148.51077461767596,1.0,12606.0,12606.0,0.0,10.897500033024698,"1,13,5,3,13,3,0,9,2,6","0:13-1,4-1;1:0-13;2:7-5,0-5;3:0-3;4:0-13;5:1-3;6:1-0;7:2-9;8:0-2;9:1-6"
712,proposed_c2f_adaptive_pd,9,10,0.9,10,300,0.03333333333333333,10,0,10,0.0,0.0,8214.462123353696,269.0869152201518,1.0,8895.0,8895.0,0.0,6.3186000334098935,"7,3,4,3,3,10,9,0,12,9",0:0-7;1:6-3;2:0-4;3:0-3;4:2-3;5:13-10;6:0-9;7:1-0;8:9-12;9:4-9
712,proposed_c2f_adaptive_pd_calibrated,9,10,0.9,10,300,0.03333333333333333,10,0,10,0.0,0.0,8214.462123353696,269.0869152201518,1.0,8895.0,8895.0,0.0,10.756800009403378,"7,3,4,3,3,10,9,0,12,9",0:0-7;1:6-3;2:0-4;3:0-3;4:2-3;5:13-10;6:0-9;7:1-0;8:9-12;9:4-9
713,proposed_c2f_adaptive_pd,10,10,1.0,20,300,0.06666666666666667,10,0,10,0.0,0.0,6576.420123067648,2143.7985765360886,1.0,10351.0,10351.0,0.0,3.954900021199137,"14,3,7,9,4,1,10,2,4,14",0:9-14;1:0-3;2:0-7;3:1-9;4:0-4;5:0-1;6:0-10;7:0-2;8:0-4;9:1-14
713,proposed_c2f_adaptive_pd_calibrated,10,10,1.0,20,300,0.06666666666666667,10,0,10,0.0,0.0,6576.420123067648,2143.7985765360886,1.0,10351.0,10351.0,0.0,11.114599998109043,"14,3,7,9,4,1,10,2,4,14",0:9-14;1:0-3;2:0-7;3:1-9;4:0-4;5:0-1;6:0-10;7:0-2;8:0-4;9:1-14
714,proposed_c2f_adaptive_pd,10,10,1.0,16,300,0.05333333333333334,10,0,10,0.0,0.0,982.1632912459747,361.467772653731,1.0,11275.0,11275.0,0.0,5.885999999009073,"12,11,0,4,14,13,0,3,8,12",0:0-12;1:0-11;2:12-0;3:0-4;4:0-14;5:0-13;6:1-0;7:0-3;8:1-8;9:0-12
714,proposed_c2f_adaptive_pd_calibrated,10,10,1.0,16,300,0.05333333333333334,10,0,10,0.0,0.0,982.1632912459747,361.467772653731,1.0,11275.0,11275.0,0.0,13.139900052919984,"12,11,0,4,14,13,0,3,8,12",0:0-12;1:0-11;2:12-0;3:0-4;4:0-14;5:0-13;6:1-0;7:0-3;8:1-8;9:0-12
715,proposed_c2f_adaptive_pd,10,10,1.0,20,300,0.06666666666666667,10,0,10,0.0,0.0,1082.6688982225344,596.293229020281,1.0,10043.0,10043.0,0.0,5.997899977955967,"10,1,7,2,3,5,0,7,11,5",0:9-10;1:2-1;2:3-7;3:6-2;4:5-3;5:0-5;6:1-0;7:3-7;8:1-11;9:1-5
715,proposed_c2f_adaptive_pd_calibrated,10,10,1.0,20,300,0.06666666666666667,10,0,10,0.0,0.0,1082.6688982225344,596.293229020281,1.0,10043.0,10043.0,0.0,12.300600006710738,"10,1,7,2,3,5,0,7,11,5",0:9-10;1:2-1;2:3-7;3:6-2;4:5-3;5:0-5;6:1-0;7:3-7;8:1-11;9:1-5
716,proposed_c2f_adaptive_pd,9,10,0.9,19,300,0.06333333333333334,10,0,10,0.0,0.0,753.8775974767952,288.2768024666113,1.0,10505.0,10505.0,0.0,4.920600040350109,"12,11,9,7,6,13,1,14,12,12",0:3-12;1:0-11;2:11-9;3:0-7;4:0-6;5:0-13;6:0-1;7:0-14;8:3-12;9:9-12
716,proposed_c2f_adaptive_pd_calibrated,9,10,0.9,20,300,0.06666666666666667,10,0,10,0.0,0.0,753.8775974767952,288.2768024666113,1.0,10505.0,10505.0,0.0,13.188700017053634,"12,11,9,7,6,13,1,14,12,12",0:3-12;1:0-11;2:11-9;3:0-7;4:0-6;5:0-13;6:0-1;7:0-14;8:3-12;9:9-12
717,proposed_c2f_adaptive_pd,10,10,1.0,14,300,0.04666666666666667,13,1,12,640.0,1.0666666666666667,2990.69581725471,414.98864514443994,1.0,10556.0,10556.0,0.0,7.277500000782311,"13,0,4,6,8,1,13,8,6,14","0:0-13;1:6-0;2:8-4;3:0-6,4-6;4:1-8;5:12-3,12-1,2-1;6:0-13;7:4-8;8:0-6;9:1-14"
717,proposed_c2f_adaptive_pd_calibrated,10,10,1.0,14,300,0.04666666666666667,13,1,12,640.0,1.0666666666666667,2990.69581725471,414.98864514443994,1.0,10556.0,10556.0,0.0,13.676999951712787,"13,0,4,6,8,1,13,8,6,14","0:0-13;1:6-0;2:8-4;3:0-6,4-6;4:1-8;5:12-3,12-1,2-1;6:0-13;7:4-8;8:0-6;9:1-14"
718,proposed_c2f_adaptive_pd,9,10,0.9,12,300,0.04,17,2,15,1280.0,2.1333333333333333,343.50480395070855,51.302160080275776,1.0,17064.0,17064.0,0.0,8.616299950517714,"11,12,12,2,7,3,11,9,3,2","0:0-11;1:3-12,9-12,12-3,7-12,12-7,4-12;2:3-12;3:0-2;4:10-7;5:12-3,7-3;6:2-11,5-11;7:0-9;8:12-3;9:0-2"
718,proposed_c2f_adaptive_pd_calibrated,9,10,0.9,12,300,0.04,17,2,15,1280.0,2.1333333333333333,343.50480395070855,51.302160080275776,1.0,17064.0,17064.0,0.0,22.687099990434945,"11,12,12,2,7,3,11,9,3,2","0:0-11;1:3-12,9-12,12-3,7-12,12-7,4-12;2:3-12;3:0-2;4:10-7;5:12-3,7-3;6:2-11,5-11;7:0-9;8:12-3;9:0-2"
719,proposed_c2f_adaptive_pd,10,10,1.0,21,300,0.07,10,0,10,0.0,0.0,1693.5691941416712,631.4396083457901,1.0,10967.0,10967.0,0.0,6.160899996757507,"14,12,12,0,5,9,14,6,7,5",0:2-14;1:0-12;2:0-12;3:1-0;4:0-5;5:0-9;6:2-14;7:5-6;8:0-7;9:0-5
719,proposed_c2f_adaptive_pd_calibrated,10,10,1.0,22,300,0.07333333333333333,10,0,10,0.0,0.0,1693.5691941416712,631.4396083457901,1.0,10967.0,10967.0,0.0,8.535100030712783,"14,12,12,0,5,9,14,6,7,5",0:2-14;1:0-12;2:0-12;3:1-0;4:0-5;5:0-9;6:2-14;7:5-6;8:0-7;9:0-5
720,proposed_c2f_adaptive_pd,10,10,1.0,16,300,0.05333333333333334,20,1,19,640.0,1.0666666666666667,922.5406750419912,84.27387721686706,1.0,18839.0,18839.0,0.0,11.185200011823326,"6,12,2,11,1,5,1,11,13,14","0:7-6;1:6-12,7-12;2:8-2,9-2,13-2,14-2,6-2,10-2;3:0-11;4:7-1;5:0-5;6:5-1,11-1;7:5-11,11-3,3-11,0-11;8:0-13;9:0-14"
720,proposed_c2f_adaptive_pd_calibrated,10,10,1.0,17,300,0.056666666666666664,20,1,19,640.0,1.0666666666666667,922.5406750419912,84.27387721686706,1.0,18839.0,18839.0,0.0,24.217300000600517,"6,12,2,11,1,5,1,11,13,14","0:7-6;1:6-12,7-12;2:8-2,9-2,13-2,14-2,6-2,10-2;3:0-11;4:7-1;5:0-5;6:5-1,11-1;7:5-11,11-3,3-11,0-11;8:0-13;9:0-14"
721,proposed_c2f_adaptive_pd,10,10,1.0,16,300,0.05333333333333334,11,0,11,0.0,0.0,40825069.98748282,125.06513568477548,1.0,12138.0,12138.0,0.0,6.877800042275339,"13,9,13,0,10,11,11,10,11,10","0:0-13;1:10-9;2:0-13;3:11-0,4-0;4:7-10;5:0-11;6:0-11;7:0-10;8:0-11;9:7-10"
721,proposed_c2f_adaptive_pd_calibrated,10,10,1.0,16,300,0.05333333333333334,11,0,11,0.0,0.0,40825069.98748282,125.06513568477548,1.0,12138.0,12138.0,0.0,10.087700036820024,"13,9,13,0,10,11,11,10,11,10","0:0-13;1:10-9;2:0-13;3:11-0,4-0;4:7-10;5:0-11;6:0-11;7:0-10;8:0-11;9:7-10"
722,proposed_c2f_adaptive_pd,10,10,1.0,20,300,0.06666666666666667,10,0,10,0.0,0.0,2068.278044447546,497.9761022649293,1.0,9231.0,9231.0,0.0,3.918200032785535,"14,13,11,0,13,8,8,4,1,9",0:5-14;1:5-13;2:0-11;3:1-0;4:10-13;5:1-8;6:1-8;7:0-4;8:7-1;9:0-9
722,proposed_c2f_adaptive_pd_calibrated,10,10,1.0,20,300,0.06666666666666667,10,0,10,0.0,0.0,2068.278044447546,497.9761022649293,1.0,9231.0,9231.0,0.0,12.66469998518005,"14,13,11,0,13,8,8,4,1,9",0:5-14;1:5-13;2:0-11;3:1-0;4:10-13;5:1-8;6:1-8;7:0-4;8:7-1;9:0-9
723,proposed_c2f_adaptive_pd,10,10,1.0,18,300,0.06,17,2,15,1280.0,2.1333333333333333,483.60948750704955,57.03568067374984,1.0,11018.0,11018.0,0.0,8.87630000943318,"8,6,6,1,9,9,7,3,1,1","0:1-8,14-8,10-8,13-8,8-14,1-14;1:1-6;2:0-6;3:8-1;4:0-9;5:2-9;6:2-7;7:0-3;8:0-1;9:4-1,13-1,10-1"
723,proposed_c2f_adaptive_pd_calibrated,10,10,1.0,18,300,0.06,17,2,15,1280.0,2.1333333333333333,483.60948750704955,57.03568067374984,1.0,11018.0,11018.0,0.0,22.927300014998764,"8,6,6,1,9,9,7,3,1,1","0:1-8,14-8,10-8,13-8,8-14,1-14;1:1-6;2:0-6;3:8-1;4:0-9;5:2-9;6:2-7;7:0-3;8:0-1;9:4-1,13-1,10-1"
724,proposed_c2f_adaptive_pd,10,10,1.0,14,300,0.04666666666666667,11,1,10,640.0,1.0666666666666667,11468.482438254232,91.20676576661828,1.0,13434.0,13434.0,0.0,6.097999983467162,"5,7,8,4,6,12,2,2,0,7","0:0-5;1:6-7;2:0-8;3:0-4;4:0-6;5:0-12;6:0-2;7:0-2;8:2-0;9:2-7,7-2"
724,proposed_c2f_adaptive_pd_calibrated,10,10,1.0,14,300,0.04666666666666667,11,1,10,640.0,1.0666666666666667,11468.482438254232,91.20676576661828,1.0,13434.0,13434.0,0.0,13.641699973959476,"5,7,8,4,6,12,2,2,0,7","0:0-5;1:6-7;2:0-8;3:0-4;4:0-6;5:0-12;6:0-2;7:0-2;8:2-0;9:2-7,7-2"
725,proposed_c2f_adaptive_pd,10,10,1.0,21,300,0.07,10,0,10,0.0,0.0,733.718271530181,321.90234579403807,1.0,10071.0,10071.0,0.0,3.8158000097610056,"0,11,13,5,1,12,6,0,7,0",0:11-0;1:0-11;2:1-13;3:14-5;4:2-1;5:0-12;6:11-6;7:1-0;8:0-7;9:9-0
725,proposed_c2f_adaptive_pd_calibrated,10,10,1.0,21,300,0.07,10,0,10,0.0,0.0,733.718271530181,321.90234579403807,1.0,10071.0,10071.0,0.0,10.38450002670288,"0,11,13,5,1,12,6,0,7,0",0:11-0;1:0-11;2:1-13;3:14-5;4:2-1;5:0-12;6:11-6;7:1-0;8:0-7;9:9-0
726,proposed_c2f_adaptive_pd,10,10,1.0,12,300,0.04,19,4,15,2560.0,4.266666666666667,7565.207717799041,61.781099446131776,1.0,22153.0,22153.0,0.0,6.4338999800384045,"9,6,3,3,6,6,3,3,0,14","0:8-9,11-9;1:0-6;2:0-3;3:13-3,5-3;4:2-6;5:2-6;6:0-3;7:13-3,12-3,5-3;8:1-0,0-1,1-12,0-12,12-1,5-0;9:2-14"
726,proposed_c2f_adaptive_pd_calibrated,10,10,1.0,13,300,0.043333333333333335,19,4,15,2560.0,4.266666666666667,7565.207717799041,61.781099446131776,1.0,22153.0,22153.0,0.0,25.698100042063743,"9,6,3,3,6,6,3,3,0,14","0:8-9,11-9;1:0-6;2:0-3;3:13-3,5-3;4:2-6;5:2-6;6:0-3;7:13-3,12-3,5-3;8:1-0,0-1,1-12,0-12,12-1,5-0;9:2-14"
727,proposed_c2f_adaptive_pd,10,10,1.0,21,300,0.07,15,1,14,640.0,1.0666666666666667,759.0978023137349,81.76090041408983,1.0,14675.0,14675.0,0.0,8.586400013882667,"13,3,11,8,8,11,2,13,9,12","0:0-13;1:1-3;2:0-11;3:0-8;4:11-8;5:11-6,6-11,12-11,10-11,0-11,13-11;6:0-2;7:0-13;8:1-9;9:10-12"
727,proposed_c2f_adaptive_pd_calibrated,10,10,1.0,21,300,0.07,15,1,14,640.0,1.0666666666666667,759.0978023137349,81.76090041408983,1.0,14675.0,14675.0,0.0,14.358000014908612,"13,3,11,8,8,11,2,13,9,12","0:0-13;1:1-3;2:0-11;3:0-8;4:11-8;5:11-6,6-11,12-11,10-11,0-11,13-11;6:0-2;7:0-13;8:1-9;9:10-12"
728,proposed_c2f_adaptive_pd,10,10,1.0,19,300,0.06333333333333334,11,0,11,0.0,0.0,5395.102240434474,175.8414991427367,1.0,11642.0,11642.0,0.0,5.840900004841387,"9,7,9,2,5,13,7,6,13,4","0:0-9;1:0-7;2:3-9;3:1-2;4:0-5;5:5-13,2-13;6:1-7;7:0-6;8:5-13;9:6-4"
728,proposed_c2f_adaptive_pd_calibrated,10,10,1.0,19,300,0.06333333333333334,11,0,11,0.0,0.0,5395.102240434474,175.8414991427367,1.0,11642.0,11642.0,0.0,14.369599986821413,"9,7,9,2,5,13,7,6,13,4","0:0-9;1:0-7;2:3-9;3:1-2;4:0-5;5:5-13,2-13;6:1-7;7:0-6;8:5-13;9:6-4"
729,proposed_c2f_adaptive_pd,10,10,1.0,21,300,0.07,11,0,11,0.0,0.0,63447.86281661206,864.8240559366949,1.0,15507.0,15507.0,0.0,6.747499981429428,"13,11,11,1,1,0,9,11,14,6","0:14-13,3-13;1:6-11;2:6-11;3:0-1;4:0-1;5:1-0;6:0-9;7:1-11;8:0-14;9:0-6"
729,proposed_c2f_adaptive_pd_calibrated,10,10,1.0,21,300,0.07,11,0,11,0.0,0.0,63447.86281661206,864.8240559366949,1.0,15507.0,15507.0,0.0,15.73320000898093,"13,11,11,1,1,0,9,11,14,6","0:14-13,3-13;1:6-11;2:6-11;3:0-1;4:0-1;5:1-0;6:0-9;7:1-11;8:0-14;9:0-6"
730,proposed_c2f_adaptive_pd,10,10,1.0,10,300,0.03333333333333333,10,0,10,0.0,0.0,1517.1827469941447,187.44065674824122,1.0,11079.0,11079.0,0.0,6.309800024610013,"3,8,3,11,3,2,6,14,4,4",0:0-3;1:1-8;2:1-3;3:0-11;4:7-3;5:8-2;6:0-6;7:0-14;8:12-4;9:1-4
730,proposed_c2f_adaptive_pd_calibrated,10,10,1.0,10,300,0.03333333333333333,10,0,10,0.0,0.0,1517.1827469941447,187.44065674824122,1.0,11079.0,11079.0,0.0,9.149299992714077,"3,8,3,11,3,2,6,14,4,4",0:0-3;1:1-8;2:1-3;3:0-11;4:7-3;5:8-2;6:0-6;7:0-14;8:12-4;9:1-4
731,proposed_c2f_adaptive_pd,10,10,1.0,17,300,0.056666666666666664,10,0,10,0.0,0.0,2020.6918873718218,68.86613581000712,1.0,11919.0,11919.0,0.0,4.8448999878019094,"4,11,8,3,8,8,8,6,6,13",0:5-4;1:0-11;2:2-8;3:0-3;4:2-8;5:0-8;6:0-8;7:3-6;8:14-6;9:2-13
731,proposed_c2f_adaptive_pd_calibrated,10,10,1.0,18,300,0.06,10,0,10,0.0,0.0,2020.6918873718218,68.86613581000712,1.0,11919.0,11919.0,0.0,12.619499990250915,"4,11,8,3,8,8,8,6,6,13",0:5-4;1:0-11;2:2-8;3:0-3;4:2-8;5:0-8;6:0-8;7:3-6;8:14-6;9:2-13
732,proposed_c2f_adaptive_pd,10,10,1.0,10,300,0.03333333333333333,11,1,10,640.0,1.0666666666666667,289.8274226326036,195.55100469529611,1.0,12753.0,12753.0,0.0,5.403999995905906,"9,10,11,8,13,13,10,10,8,1","0:1-9;1:10-2,2-10;2:0-11;3:3-8;4:0-13;5:1-13;6:1-10;7:1-10;8:1-8;9:8-1"
732,proposed_c2f_adaptive_pd_calibrated,10,10,1.0,11,300,0.03666666666666667,11,1,10,640.0,1.0666666666666667,289.8274226326036,195.55100469529611,1.0,12753.0,12753.0,0.0,11.771299992688,"9,10,11,8,13,13,10,10,8,1","0:1-9;1:10-2,2-10;2:0-11;3:3-8;4:0-13;5:1-13;6:1-10;7:1-10;8:1-8;9:8-1"
733,proposed_c2f_adaptive_pd,10,10,1.0,16,300,0.05333333333333334,15,3,12,1920.0,3.2,23445.411200832034,567.0936917023635,1.0,14073.0,14073.0,0.0,5.843700026161969,"13,6,8,7,1,6,2,14,7,14","0:0-13;1:1-6;2:0-8;3:4-7;4:0-1;5:6-2,2-6,14-6,4-6,6-14,6-4;6:1-2;7:4-14;8:4-7;9:4-14"
733,proposed_c2f_adaptive_pd_calibrated,10,10,1.0,17,300,0.056666666666666664,15,3,12,1920.0,3.2,23445.411200832034,567.0936917023635,1.0,14073.0,14073.0,0.0,19.64589999988675,"13,6,8,7,1,6,2,14,7,14","0:0-13;1:1-6;2:0-8;3:4-7;4:0-1;5:6-2,2-6,14-6,4-6,6-14,6-4;6:1-2;7:4-14;8:4-7;9:4-14"
734,proposed_c2f_adaptive_pd,10,10,1.0,18,300,0.06,14,1,13,640.0,1.0666666666666667,3282.2822512551493,569.2318731568811,1.0,16604.0,16604.0,0.0,5.116900021675974,"2,8,11,12,6,14,0,13,14,4","0:0-2;1:1-8;2:0-11;3:0-12;4:1-6;5:5-14,4-14;6:1-0;7:0-13;8:4-14,14-4,5-14,7-14;9:0-4"
734,proposed_c2f_adaptive_pd_calibrated,10,10,1.0,18,300,0.06,14,1,13,640.0,1.0666666666666667,3282.2822512551493,569.2318731568811,1.0,16604.0,16604.0,0.0,15.776599990203977,"2,8,11,12,6,14,0,13,14,4","0:0-2;1:1-8;2:0-11;3:0-12;4:1-6;5:5-14,4-14;6:1-0;7:0-13;8:4-14,14-4,5-14,7-14;9:0-4"
735,proposed_c2f_adaptive_pd,10,10,1.0,17,300,0.056666666666666664,11,0,11,0.0,0.0,3871.7260049558363,251.3477721310697,1.0,9276.0,9276.0,0.0,6.5314999665133655,"9,5,1,9,14,11,12,13,3,1","0:0-9;1:6-5;2:0-1;3:0-9;4:0-14;5:0-11;6:1-12;7:4-13;8:12-3,1-3;9:11-1"
735,proposed_c2f_adaptive_pd_calibrated,10,10,1.0,17,300,0.056666666666666664,11,0,11,0.0,0.0,3871.7260049558363,251.3477721310697,1.0,9276.0,9276.0,0.0,13.13719997415319,"9,5,1,9,14,11,12,13,3,1","0:0-9;1:6-5;2:0-1;3:0-9;4:0-14;5:0-11;6:1-12;7:4-13;8:12-3,1-3;9:11-1"
736,proposed_c2f_adaptive_pd,9,10,0.9,15,300,0.05,21,5,16,3200.0,5.333333333333334,1586.7338358506963,201.3895905578216,1.0,21172.0,21172.0,0.0,12.601599970366806,"2,4,5,0,7,6,8,6,11,14","0:11-2,2-11;1:2-4;2:2-5;3:6-0;4:0-7,7-6,7-0,8-7,6-7,14-7;5:0-6;6:14-8,8-14,6-8,7-8,6-14,3-8;7:0-6;8:2-11;9:1-14"
736,proposed_c2f_adaptive_pd_calibrated,9,10,0.9,15,300,0.05,21,5,16,3200.0,5.333333333333334,1586.7338358506963,201.3895905578216,1.0,21172.0,21172.0,0.0,24.989199999254197,"2,4,5,0,7,6,8,6,11,14","0:11-2,2-11;1:2-4;2:2-5;3:6-0;4:0-7,7-6,7-0,8-7,6-7,14-7;5:0-6;6:14-8,8-14,6-8,7-8,6-14,3-8;7:0-6;8:2-11;9:1-14"
737,proposed_c2f_adaptive_pd,10,10,1.0,22,300,0.07333333333333333,19,3,16,1920.0,3.2,168.40601939511143,84.47896753189885,1.0,26047.0,26047.0,0.0,9.547999943606555,"10,7,3,6,6,3,3,11,3,12","0:10-5,1-10,0-10;1:2-7;2:14-3,11-3;3:4-6;4:0-6;5:1-3;6:5-3,10-3;7:0-11;8:0-3;9:9-12,12-9,7-12,6-12,7-9,4-12"
737,proposed_c2f_adaptive_pd_calibrated,10,10,1.0,22,300,0.07333333333333333,19,3,16,1920.0,3.2,168.40601939511143,84.47896753189885,1.0,26047.0,26047.0,0.0,25.983900006394833,"10,7,3,6,6,3,3,11,3,12","0:10-5,1-10,0-10;1:2-7;2:14-3,11-3;3:4-6;4:0-6;5:1-3;6:5-3,10-3;7:0-11;8:0-3;9:9-12,12-9,7-12,6-12,7-9,4-12"
738,proposed_c2f_adaptive_pd,10,10,1.0,11,300,0.03666666666666667,15,2,13,1280.0,2.1333333333333333,318638.5150347854,507.6964107255954,1.0,13877.0,13877.0,0.0,8.18440003786236,"5,12,7,7,0,11,13,12,9,2","0:0-5;1:0-12;2:12-2,12-7,2-7,7-2,0-7,1-7;3:2-7;4:1-0;5:0-11;6:2-13;7:0-12;8:1-9;9:1-2"
738,proposed_c2f_adaptive_pd_calibrated,10,10,1.0,11,300,0.03666666666666667,15,2,13,1280.0,2.1333333333333333,318638.5150347854,507.6964107255954,1.0,13877.0,13877.0,0.0,18.14840000588447,"5,12,7,7,0,11,13,12,9,2","0:0-5;1:0-12;2:12-2,12-7,2-7,7-2,0-7,1-7;3:2-7;4:1-0;5:0-11;6:2-13;7:0-12;8:1-9;9:1-2"
739,proposed_c2f_adaptive_pd,9,10,0.9,12,300,0.04,15,3,12,1920.0,3.2,1248.7154272142645,231.32605900392417,1.0,12981.0,12981.0,0.0,6.496700050774962,"4,11,5,3,11,13,13,12,4,1","0:0-4;1:1-11;2:0-5;3:0-3;4:13-11,13-6,6-11,11-1,11-6,1-11;5:2-13;6:11-13;7:0-12;8:1-4;9:0-1"
739,proposed_c2f_adaptive_pd_calibrated,9,10,0.9,12,300,0.04,15,3,12,1920.0,3.2,1248.7154272142645,231.32605900392417,1.0,12981.0,12981.0,0.0,17.3884000396356,"4,11,5,3,11,13,13,12,4,1","0:0-4;1:1-11;2:0-5;3:0-3;4:13-11,13-6,6-11,11-1,11-6,1-11;5:2-13;6:11-13;7:0-12;8:1-4;9:0-1"
740,proposed_c2f_adaptive_pd,10,10,1.0,15,300,0.05,10,0,10,0.0,0.0,1035.6429175941191,369.7788830709654,1.0,8811.0,8811.0,0.0,4.728199972305447,"13,12,7,2,11,4,12,5,14,0",0:5-13;1:0-12;2:4-7;3:6-2;4:0-11;5:5-4;6:5-12;7:11-5;8:3-14;9:2-0
740,proposed_c2f_adaptive_pd_calibrated,10,10,1.0,15,300,0.05,10,0,10,0.0,0.0,1035.6429175941191,369.7788830709654,1.0,8811.0,8811.0,0.0,8.418300014454871,"13,12,7,2,11,4,12,5,14,0",0:5-13;1:0-12;2:4-7;3:6-2;4:0-11;5:5-4;6:5-12;7:11-5;8:3-14;9:2-0
741,proposed_c2f_adaptive_pd,10,10,1.0,26,300,0.08666666666666667,11,1,10,640.0,1.0666666666666667,7822.6565926309,176.6927510206491,1.0,15670.0,15670.0,0.0,5.676199973095208,"13,7,5,11,13,14,7,5,5,13","0:13-2,14-13;1:0-7;2:1-5;3:1-11;4:0-13;5:0-14;6:0-7;7:1-5;8:3-5;9:2-13"
741,proposed_c2f_adaptive_pd_calibrated,10,10,1.0,27,300,0.09,11,1,10,640.0,1.0666666666666667,7822.6565926309,176.6927510206491,1.0,15670.0,15670.0,0.0,16.246599960140884,"13,7,5,11,13,14,7,5,5,13","0:13-2,14-13;1:0-7;2:1-5;3:1-11;4:0-13;5:0-14;6:0-7;7:1-5;8:3-5;9:2-13"
742,proposed_c2f_adaptive_pd,10,10,1.0,9,300,0.03,12,1,11,640.0,1.0666666666666667,80631.40543952594,267.343449097907,1.0,7680.0,7680.0,0.0,7.281200028955936,"14,4,6,4,12,14,11,5,4,3","0:3-14;1:2-4;2:0-6;3:2-4,11-4;4:1-12;5:3-14;6:6-11;7:0-5;8:4-2,2-4;9:14-3"
742,proposed_c2f_adaptive_pd_calibrated,10,10,1.0,9,300,0.03,12,1,11,640.0,1.0666666666666667,80631.40543952594,267.343449097907,1.0,7680.0,7680.0,0.0,11.220699991099536,"14,4,6,4,12,14,11,5,4,3","0:3-14;1:2-4;2:0-6;3:2-4,11-4;4:1-12;5:3-14;6:6-11;7:0-5;8:4-2,2-4;9:14-3"
743,proposed_c2f_adaptive_pd,10,10,1.0,15,300,0.05,10,0,10,0.0,0.0,315.53885389970856,243.25045428528756,1.0,11275.0,11275.0,0.0,6.38129998696968,"0,2,5,13,8,10,8,0,5,0",0:1-0;1:0-2;2:2-5;3:0-13;4:0-8;5:0-10;6:4-8;7:1-0;8:6-5;9:3-0
743,proposed_c2f_adaptive_pd_calibrated,10,10,1.0,15,300,0.05,10,0,10,0.0,0.0,315.53885389970856,243.25045428528756,1.0,11275.0,11275.0,0.0,10.25849999859929,"0,2,5,13,8,10,8,0,5,0",0:1-0;1:0-2;2:2-5;3:0-13;4:0-8;5:0-10;6:4-8;7:1-0;8:6-5;9:3-0
744,proposed_c2f_adaptive_pd,10,10,1.0,11,300,0.03666666666666667,10,0,10,0.0,0.0,664.6012282392364,142.58299626973505,1.0,9889.0,9889.0,0.0,6.120400037616491,"11,5,3,3,0,12,5,5,5,1",0:0-11;1:1-5;2:2-3;3:4-3;4:14-0;5:2-12;6:3-5;7:1-5;8:0-5;9:4-1
744,proposed_c2f_adaptive_pd_calibrated,10,10,1.0,11,300,0.03666666666666667,10,0,10,0.0,0.0,664.6012282392364,142.58299626973505,1.0,9889.0,9889.0,0.0,8.884099952410907,"11,5,3,3,0,12,5,5,5,1",0:0-11;1:1-5;2:2-3;3:4-3;4:14-0;5:2-12;6:3-5;7:1-5;8:0-5;9:4-1
745,proposed_c2f_adaptive_pd,10,10,1.0,11,300,0.03666666666666667,10,0,10,0.0,0.0,2064.4121443298254,668.5135867679536,1.0,10071.0,10071.0,0.0,5.6365999625995755,"0,9,1,8,10,7,1,9,14,7",0:3-0;1:2-9;2:2-1;3:0-8;4:1-10;5:12-7;6:2-1;7:3-9;8:2-14;9:0-7
745,proposed_c2f_adaptive_pd_calibrated,10,10,1.0,13,300,0.043333333333333335,10,0,10,0.0,0.0,2064.4121443298254,668.5135867679536,1.0,10071.0,10071.0,0.0,9.496399958152324,"0,9,1,8,10,7,1,9,14,7",0:3-0;1:2-9;2:2-1;3:0-8;4:1-10;5:12-7;6:2-1;7:3-9;8:2-14;9:0-7
746,proposed_c2f_adaptive_pd,10,10,1.0,11,300,0.03666666666666667,10,0,10,0.0,0.0,4646.620574135313,441.2487285555293,1.0,7887.0,7887.0,0.0,6.042700028046966,"0,2,4,2,10,9,3,2,4,1",0:1-0;1:5-2;2:0-4;3:1-2;4:2-10;5:1-9;6:0-3;7:5-2;8:0-4;9:3-1
746,proposed_c2f_adaptive_pd_calibrated,10,10,1.0,11,300,0.03666666666666667,10,0,10,0.0,0.0,4646.620574135313,441.2487285555293,1.0,7887.0,7887.0,0.0,14.052900020033121,"0,2,4,2,10,9,3,2,4,1",0:1-0;1:5-2;2:0-4;3:1-2;4:2-10;5:1-9;6:0-3;7:5-2;8:0-4;9:3-1
747,proposed_c2f_adaptive_pd,10,10,1.0,13,300,0.043333333333333335,18,2,16,1280.0,2.1333333333333333,375.67413051897,92.93402587364719,1.0,22896.0,22896.0,0.0,5.846800049766898,"14,5,3,13,3,13,2,13,13,5","0:1-14;1:0-5;2:7-3;3:13-7,7-13,2-13,11-13;4:12-3;5:1-13;6:1-2;7:7-13,13-7,8-13,2-13,11-13,14-13;8:7-13;9:1-5"
747,proposed_c2f_adaptive_pd_calibrated,10,10,1.0,13,300,0.043333333333333335,18,2,16,1280.0,2.1333333333333333,375.67413051897,92.93402587364719,1.0,22896.0,22896.0,0.0,15.811900026164949,"14,5,3,13,3,13,2,13,13,5","0:1-14;1:0-5;2:7-3;3:13-7,7-13,2-13,11-13;4:12-3;5:1-13;6:1-2;7:7-13,13-7,8-13,2-13,11-13,14-13;8:7-13;9:1-5"
748,proposed_c2f_adaptive_pd,9,10,0.9,24,300,0.08,15,1,14,640.0,1.0666666666666667,3498.384538023381,114.63708413449976,1.0,15883.0,15883.0,0.0,8.589799981564283,"5,10,2,6,10,5,10,5,10,9","0:0-5;1:0-10;2:0-2;3:0-6;4:12-10;5:0-5;6:9-10;7:0-5;8:4-10;9:14-9,9-14,6-9,3-9,10-9,12-9"
748,proposed_c2f_adaptive_pd_calibrated,9,10,0.9,24,300,0.08,15,1,14,640.0,1.0666666666666667,3498.384538023381,114.63708413449976,1.0,15883.0,15883.0,0.0,16.878800000995398,"5,10,2,6,10,5,10,5,10,9","0:0-5;1:0-10;2:0-2;3:0-6;4:12-10;5:0-5;6:9-10;7:0-5;8:4-10;9:14-9,9-14,6-9,3-9,10-9,12-9"
749,proposed_c2f_adaptive_pd,10,10,1.0,13,300,0.043333333333333335,17,4,13,2560.0,4.266666666666667,10118.85536670892,145.38722843423946,1.0,18063.0,18063.0,0.0,10.062499961350113,"6,3,6,3,1,6,8,14,1,6","0:1-6,6-1,13-6,6-13,13-1,1-13;1:2-3;2:1-6;3:4-3;4:0-1;5:1-6,13-6,8-6;6:2-8;7:0-14;8:6-1;9:8-6"
749,proposed_c2f_adaptive_pd_calibrated,10,10,1.0,13,300,0.043333333333333335,17,4,13,2560.0,4.266666666666667,10118.85536670892,145.38722843423946,1.0,18063.0,18063.0,0.0,20.132700039539486,"6,3,6,3,1,6,8,14,1,6","0:1-6,6-1,13-6,6-13,13-1,1-13;1:2-3;2:1-6;3:4-3;4:0-1;5:1-6,13-6,8-6;6:2-8;7:0-14;8:6-1;9:8-6"
750,proposed_c2f_adaptive_pd,10,10,1.0,19,300,0.06333333333333334,10,0,10,0.0,0.0,324.3261720528352,148.96608703375168,1.0,10967.0,10967.0,0.0,5.535400006920099,"1,11,8,10,9,11,11,13,9,8",0:0-1;1:3-11;2:0-8;3:0-10;4:0-9;5:3-11;6:4-11;7:4-13;8:14-9;9:2-8
750,proposed_c2f_adaptive_pd_calibrated,10,10,1.0,20,300,0.06666666666666667,10,0,10,0.0,0.0,324.3261720528352,148.96608703375168,1.0,10967.0,10967.0,0.0,12.912000005599111,"1,11,8,10,9,11,11,13,9,8",0:0-1;1:3-11;2:0-8;3:0-10;4:0-9;5:3-11;6:4-11;7:4-13;8:14-9;9:2-8
751,proposed_c2f_adaptive_pd,10,10,1.0,12,300,0.04,10,0,10,0.0,0.0,5458.043906269191,342.2580470126615,1.0,10505.0,10505.0,0.0,5.1995000103488564,"5,7,11,12,5,0,5,8,7,11",0:0-5;1:4-7;2:1-11;3:4-12;4:0-5;5:2-0;6:0-5;7:0-8;8:6-7;9:0-11
751,proposed_c2f_adaptive_pd_calibrated,10,10,1.0,12,300,0.04,10,0,10,0.0,0.0,5458.043906269191,342.2580470126615,1.0,10505.0,10505.0,0.0,14.50039999326691,"5,7,11,12,5,0,5,8,7,11",0:0-5;1:4-7;2:1-11;3:4-12;4:0-5;5:2-0;6:0-5;7:0-8;8:6-7;9:0-11
752,proposed_c2f_adaptive_pd,10,10,1.0,13,300,0.043333333333333335,12,0,12,0.0,0.0,766.8314832672799,85.1302179385282,1.0,11349.0,11349.0,0.0,4.891799995675683,"14,6,7,13,6,13,6,9,0,14","0:6-14;1:3-6;2:1-7;3:0-13;4:9-6,14-6;5:3-13;6:3-6;7:1-9;8:10-0,2-0;9:1-14"
752,proposed_c2f_adaptive_pd_calibrated,10,10,1.0,13,300,0.043333333333333335,12,0,12,0.0,0.0,766.8314832672799,85.1302179385282,1.0,11349.0,11349.0,0.0,13.798899948596954,"14,6,7,13,6,13,6,9,0,14","0:6-14;1:3-6;2:1-7;3:0-13;4:9-6,14-6;5:3-13;6:3-6;7:1-9;8:10-0,2-0;9:1-14"
753,proposed_c2f_adaptive_pd,9,10,0.9,16,300,0.05333333333333334,11,1,10,640.0,1.0666666666666667,1865.704236445478,129.35374002693308,1.0,15027.0,15027.0,0.0,4.994300019461662,"10,7,9,4,2,7,2,5,13,7","0:10-5,5-10;1:0-7;2:2-9;3:1-4;4:4-2;5:0-7;6:0-2;7:0-5;8:0-13;9:0-7"
753,proposed_c2f_adaptive_pd_calibrated,9,10,0.9,17,300,0.056666666666666664,11,1,10,640.0,1.0666666666666667,1865.704236445478,129.35374002693308,1.0,15027.0,15027.0,0.0,10.231000022031367,"10,7,9,4,2,7,2,5,13,7","0:10-5,5-10;1:0-7;2:2-9;3:1-4;4:4-2;5:0-7;6:0-2;7:0-5;8:0-13;9:0-7"
754,proposed_c2f_adaptive_pd,10,10,1.0,10,300,0.03333333333333333,10,0,10,0.0,0.0,24614.087282655553,110.53928483808579,1.0,12353.0,12353.0,0.0,6.097599980421364,"14,8,0,9,7,0,7,1,0,3",0:2-14;1:0-8;2:1-0;3:6-9;4:1-7;5:1-0;6:0-7;7:2-1;8:1-0;9:0-3
754,proposed_c2f_adaptive_pd_calibrated,10,10,1.0,10,300,0.03333333333333333,10,0,10,0.0,0.0,24614.087282655553,110.53928483808579,1.0,12353.0,12353.0,0.0,12.510300031863153,"14,8,0,9,7,0,7,1,0,3",0:2-14;1:0-8;2:1-0;3:6-9;4:1-7;5:1-0;6:0-7;7:2-1;8:1-0;9:0-3
755,proposed_c2f_adaptive_pd,10,10,1.0,14,300,0.04666666666666667,13,1,12,640.0,1.0666666666666667,549.9712508108547,213.72534256110993,1.0,14986.0,14986.0,0.0,9.090900013688952,"4,3,4,2,7,2,11,8,1,1","0:14-4,4-14,6-4,7-4;1:2-3;2:14-4;3:0-2;4:2-7;5:3-2;6:2-11;7:0-8;8:0-1;9:0-1"
755,proposed_c2f_adaptive_pd_calibrated,10,10,1.0,14,300,0.04666666666666667,13,1,12,640.0,1.0666666666666667,549.9712508108547,213.72534256110993,1.0,14986.0,14986.0,0.0,12.94190000044182,"4,3,4,2,7,2,11,8,1,1","0:14-4,4-14,6-4,7-4;1:2-3;2:14-4;3:0-2;4:2-7;5:3-2;6:2-11;7:0-8;8:0-1;9:0-1"
756,proposed_c2f_adaptive_pd,10,10,1.0,13,300,0.043333333333333335,17,2,15,1280.0,2.1333333333333333,2635.713865768211,106.21697847875993,1.0,14368.0,14368.0,0.0,9.059800009708852,"3,0,1,13,14,1,9,3,2,6","0:13-3;1:1-0;2:3-1;3:13-1,1-13,14-13;4:13-14,1-14,4-14,3-14,7-14,14-1;5:13-1;6:1-9;7:0-3;8:5-2;9:0-6"
756,proposed_c2f_adaptive_pd_calibrated,10,10,1.0,13,300,0.043333333333333335,17,2,15,1280.0,2.1333333333333333,2635.713865768211,106.21697847875993,1.0,14368.0,14368.0,0.0,21.942100021988153,"3,0,1,13,14,1,9,3,2,6","0:13-3;1:1-0;2:3-1;3:13-1,1-13,14-13;4:13-14,1-14,4-14,3-14,7-14,14-1;5:13-1;6:1-9;7:0-3;8:5-2;9:0-6"
757,proposed_c2f_adaptive_pd,10,10,1.0,7,300,0.023333333333333334,13,0,13,0.0,0.0,888.8694293782846,60.08823202148044,1.0,15389.0,15389.0,0.0,7.718399981968105,"13,9,13,13,10,5,1,13,9,6","0:2-13;1:1-9;2:2-13;3:1-13;4:12-10,5-10,2-10,11-10;5:2-5;6:0-1;7:0-13;8:0-9;9:0-6"
757,proposed_c2f_adaptive_pd_calibrated,10,10,1.0,7,300,0.023333333333333334,13,0,13,0.0,0.0,888.8694293782846,60.08823202148044,1.0,15389.0,15389.0,0.0,15.375699964351952,"13,9,13,13,10,5,1,13,9,6","0:2-13;1:1-9;2:2-13;3:1-13;4:12-10,5-10,2-10,11-10;5:2-5;6:0-1;7:0-13;8:0-9;9:0-6"
758,proposed_c2f_adaptive_pd,9,10,0.9,16,300,0.05333333333333334,11,0,11,0.0,0.0,10818.951859990393,211.09429825767293,1.0,12576.0,12576.0,0.0,6.68049999512732,"1,4,14,6,8,7,8,7,1,0","0:11-1,3-1;1:1-4;2:12-14;3:2-6;4:7-8;5:0-7;6:0-8;7:1-7;8:3-1;9:5-0"
758,proposed_c2f_adaptive_pd_calibrated,9,10,0.9,16,300,0.05333333333333334,11,0,11,0.0,0.0,10818.951859990393,211.09429825767293,1.0,12576.0,12576.0,0.0,14.19959997292608,"1,4,14,6,8,7,8,7,1,0","0:11-1,3-1;1:1-4;2:12-14;3:2-6;4:7-8;5:0-7;6:0-8;7:1-7;8:3-1;9:5-0"
759,proposed_c2f_adaptive_pd,9,10,0.9,17,300,0.056666666666666664,12,0,12,0.0,0.0,1297.5451114650768,36.94214896623255,1.0,13446.0,13446.0,0.0,6.195100024342537,"3,5,8,13,11,7,14,7,2,11","0:0-3;1:0-5;2:0-8;3:0-13;4:2-11;5:13-7,2-7;6:0-14;7:4-7,13-7;8:9-2;9:2-11"
759,proposed_c2f_adaptive_pd_calibrated,9,10,0.9,17,300,0.056666666666666664,12,0,12,0.0,0.0,1297.5451114650768,36.94214896623255,1.0,13446.0,13446.0,0.0,16.8781999964267,"3,5,8,13,11,7,14,7,2,11","0:0-3;1:0-5;2:0-8;3:0-13;4:2-11;5:13-7,2-7;6:0-14;7:4-7,13-7;8:9-2;9:2-11"
760,proposed_c2f_adaptive_pd,10,10,1.0,19,300,0.06333333333333334,11,1,10,640.0,1.0666666666666667,34425.11927616985,377.1389005048663,1.0,13653.0,13653.0,0.0,5.4002999677322805,"13,14,0,10,3,1,10,9,4,13","0:0-13;1:0-14;2:6-0;3:0-10;4:13-3;5:0-1;6:12-10;7:2-9;8:8-4,4-8;9:1-13"
760,proposed_c2f_adaptive_pd_calibrated,10,10,1.0,19,300,0.06333333333333334,11,1,10,640.0,1.0666666666666667,34425.11927616985,377.1389005048663,1.0,13653.0,13653.0,0.0,15.265199996065348,"13,14,0,10,3,1,10,9,4,13","0:0-13;1:0-14;2:6-0;3:0-10;4:13-3;5:0-1;6:12-10;7:2-9;8:8-4,4-8;9:1-13"
761,proposed_c2f_adaptive_pd,9,10,0.9,16,300,0.05333333333333334,15,1,14,640.0,1.0666666666666667,14207.674996127747,596.7865090957132,1.0,18263.0,18263.0,0.0,7.0035000098869205,"0,14,14,10,5,2,5,13,5,2","0:2-0;1:13-14,1-14,14-13,9-14,8-14,7-14;2:6-14;3:0-10;4:4-5;5:0-2;6:0-5;7:1-13;8:0-5;9:0-2"
761,proposed_c2f_adaptive_pd_calibrated,9,10,0.9,16,300,0.05333333333333334,15,1,14,640.0,1.0666666666666667,14207.674996127747,596.7865090957132,1.0,18263.0,18263.0,0.0,17.994499998167157,"0,14,14,10,5,2,5,13,5,2","0:2-0;1:13-14,1-14,14-13,9-14,8-14,7-14;2:6-14;3:0-10;4:4-5;5:0-2;6:0-5;7:1-13;8:0-5;9:0-2"
762,proposed_c2f_adaptive_pd,10,10,1.0,10,300,0.03333333333333333,10,0,10,0.0,0.0,1589.7497770017953,177.1968240021876,1.0,11934.0,11934.0,0.0,4.618699953425676,"12,0,13,0,3,5,3,8,14,10",0:4-12;1:2-0;2:0-13;3:2-0;4:2-3;5:4-5;6:2-3;7:1-8;8:0-14;9:5-10
762,proposed_c2f_adaptive_pd_calibrated,10,10,1.0,10,300,0.03333333333333333,10,0,10,0.0,0.0,1589.7497770017953,177.1968240021876,1.0,11934.0,11934.0,0.0,12.205100036226213,"12,0,13,0,3,5,3,8,14,10",0:4-12;1:2-0;2:0-13;3:2-0;4:2-3;5:4-5;6:2-3;7:1-8;8:0-14;9:5-10
763,proposed_c2f_adaptive_pd,10,10,1.0,12,300,0.04,22,4,18,2560.0,4.266666666666667,2534.6749496582747,414.60943875381133,1.0,17676.0,17676.0,0.0,10.412900010123849,"10,5,7,3,8,8,9,5,5,6","0:1-10;1:7-5,5-7,8-5,9-5,14-5,5-9;2:3-7;3:1-3;4:0-8;5:0-8;6:9-5,5-9,10-9;7:8-5,14-5,7-5,9-5,5-7,3-5;8:7-5;9:0-6"
763,proposed_c2f_adaptive_pd_calibrated,10,10,1.0,12,300,0.04,22,4,18,2560.0,4.266666666666667,2534.6749496582747,414.60943875381133,1.0,17676.0,17676.0,0.0,25.694399955682456,"10,5,7,3,8,8,9,5,5,6","0:1-10;1:7-5,5-7,8-5,9-5,14-5,5-9;2:3-7;3:1-3;4:0-8;5:0-8;6:9-5,5-9,10-9;7:8-5,14-5,7-5,9-5,5-7,3-5;8:7-5;9:0-6"
764,proposed_c2f_adaptive_pd,9,10,0.9,11,300,0.03666666666666667,11,0,11,0.0,0.0,880.2974958848151,316.00244707362964,1.0,10452.0,10452.0,0.0,5.788300011772662,"14,5,10,6,14,7,1,11,8,7","0:1-14;1:0-5;2:6-10;3:7-6;4:11-14,6-14;5:0-7;6:3-1;7:14-11;8:1-8;9:5-7"
764,proposed_c2f_adaptive_pd_calibrated,9,10,0.9,11,300,0.03666666666666667,11,0,11,0.0,0.0,880.2974958848151,316.00244707362964,1.0,10452.0,10452.0,0.0,11.171000020112842,"14,5,10,6,14,7,1,11,8,7","0:1-14;1:0-5;2:6-10;3:7-6;4:11-14,6-14;5:0-7;6:3-1;7:14-11;8:1-8;9:5-7"
765,proposed_c2f_adaptive_pd,9,10,0.9,15,300,0.05,25,3,22,1920.0,3.2,12984.411950462109,117.89726214875957,0.92,23467.0,23467.0,0.0,12.197799980640411,"4,13,0,0,13,6,8,10,11,13","0:12-4;1:11-13,7-13,13-7,4-13,12-13,10-13;2:1-0;3:1-0;4:11-13,4-13,7-13,12-13,0-13,6-13;5:0-6;6:2-8;7:3-10;8:3-11;9:7-13,13-7,11-13,4-13,12-13,13-4"
765,proposed_c2f_adaptive_pd_calibrated,9,10,0.9,16,300,0.05333333333333334,25,3,22,1920.0,3.2,12984.411950462109,117.89726214875957,0.92,23467.0,23467.0,0.0,26.320200006011873,"4,13,0,0,13,6,8,10,11,13","0:12-4;1:11-13,7-13,13-7,4-13,12-13,10-13;2:1-0;3:1-0;4:11-13,4-13,7-13,12-13,0-13,6-13;5:0-6;6:2-8;7:3-10;8:3-11;9:7-13,13-7,11-13,4-13,12-13,13-4"
766,proposed_c2f_adaptive_pd,10,10,1.0,9,300,0.03,16,2,14,1280.0,2.1333333333333333,26735.324648114514,1406.6626908343812,1.0,12915.0,12915.0,0.0,7.080200011841953,"2,6,14,9,3,10,6,2,2,3","0:1-2;1:0-6;2:8-14,6-14;3:1-9;4:0-3;5:0-10;6:0-6;7:1-2;8:14-2,8-2,1-2,14-7,6-2,8-7;9:0-3"
766,proposed_c2f_adaptive_pd_calibrated,10,10,1.0,9,300,0.03,16,2,14,1280.0,2.1333333333333333,26735.324648114514,1406.6626908343812,1.0,12915.0,12915.0,0.0,18.80449999589473,"2,6,14,9,3,10,6,2,2,3","0:1-2;1:0-6;2:8-14,6-14;3:1-9;4:0-3;5:0-10;6:0-6;7:1-2;8:14-2,8-2,1-2,14-7,6-2,8-7;9:0-3"
767,proposed_c2f_adaptive_pd,10,10,1.0,10,300,0.03333333333333333,16,2,14,1280.0,2.1333333333333333,2431.9045396903757,122.38979357949576,1.0,18128.0,18128.0,0.0,8.592900005169213,"12,9,11,0,2,14,7,6,11,9","0:1-12;1:0-9;2:0-11;3:0-3,2-0,3-0;4:9-2,1-2;5:0-14;6:11-7,7-11,10-7,12-7;7:0-6;8:5-11;9:2-9"
767,proposed_c2f_adaptive_pd_calibrated,10,10,1.0,10,300,0.03333333333333333,16,2,14,1280.0,2.1333333333333333,2431.9045396903757,122.38979357949576,1.0,18128.0,18128.0,0.0,21.500100032426417,"12,9,11,0,2,14,7,6,11,9","0:1-12;1:0-9;2:0-11;3:0-3,2-0,3-0;4:9-2,1-2;5:0-14;6:11-7,7-11,10-7,12-7;7:0-6;8:5-11;9:2-9"
768,proposed_c2f_adaptive_pd,10,10,1.0,13,300,0.043333333333333335,10,0,10,0.0,0.0,2593.871126161008,917.9316892713728,1.0,10967.0,10967.0,0.0,6.129300047177821,"4,6,6,2,4,11,6,7,3,6",0:0-4;1:3-6;2:0-6;3:8-2;4:0-4;5:3-11;6:0-6;7:0-7;8:0-3;9:0-6
768,proposed_c2f_adaptive_pd_calibrated,10,10,1.0,13,300,0.043333333333333335,10,0,10,0.0,0.0,2593.871126161008,917.9316892713728,1.0,10967.0,10967.0,0.0,11.977599991951138,"4,6,6,2,4,11,6,7,3,6",0:0-4;1:3-6;2:0-6;3:8-2;4:0-4;5:3-11;6:0-6;7:0-7;8:0-3;9:0-6
769,proposed_c2f_adaptive_pd,9,10,0.9,23,300,0.07666666666666666,12,0,12,0.0,0.0,177.40540502511948,35.80568636896266,1.0,9347.0,9347.0,0.0,6.71169999986887,"8,6,4,8,6,12,4,1,13,6","0:0-8;1:12-6;2:9-4;3:0-8,13-8;4:11-6;5:6-12,11-12;6:9-4;7:2-1;8:1-13;9:1-6"
769,proposed_c2f_adaptive_pd_calibrated,9,10,0.9,23,300,0.07666666666666666,12,0,12,0.0,0.0,177.40540502511948,35.80568636896266,1.0,9347.0,9347.0,0.0,17.0399000053294,"8,6,4,8,6,12,4,1,13,6","0:0-8;1:12-6;2:9-4;3:0-8,13-8;4:11-6;5:6-12,11-12;6:9-4;7:2-1;8:1-13;9:1-6"
770,proposed_c2f_adaptive_pd,10,10,1.0,15,300,0.05,11,0,11,0.0,0.0,61300.09535181901,265.4796925569761,1.0,13826.0,13826.0,0.0,4.0979000041261315,"10,10,12,11,0,11,13,8,10,14","0:0-10,9-10;1:0-10;2:0-12;3:1-11;4:9-0;5:0-11;6:0-13;7:0-8;8:0-10;9:0-14"
770,proposed_c2f_adaptive_pd_calibrated,10,10,1.0,15,300,0.05,11,0,11,0.0,0.0,61300.09535181901,265.4796925569761,1.0,13826.0,13826.0,0.0,13.012999959755689,"10,10,12,11,0,11,13,8,10,14","0:0-10,9-10;1:0-10;2:0-12;3:1-11;4:9-0;5:0-11;6:0-13;7:0-8;8:0-10;9:0-14"
771,proposed_c2f_adaptive_pd,10,10,1.0,12,300,0.04,19,3,16,1920.0,3.2,58025.22771602109,171.46494470615085,1.0,18470.0,18470.0,0.0,9.507599985226989,"2,2,2,3,5,0,11,6,5,3","0:9-2;1:9-2;2:0-2;3:8-3,3-8,11-3,13-3,3-13,10-3;4:0-5;5:1-0;6:3-11,12-11;7:0-6;8:0-5;9:11-3,8-3,3-8,14-3"
771,proposed_c2f_adaptive_pd_calibrated,10,10,1.0,12,300,0.04,19,3,16,1920.0,3.2,58025.22771602109,171.46494470615085,1.0,18470.0,18470.0,0.0,24.157200008630753,"2,2,2,3,5,0,11,6,5,3","0:9-2;1:9-2;2:0-2;3:8-3,3-8,11-3,13-3,3-13,10-3;4:0-5;5:1-0;6:3-11,12-11;7:0-6;8:0-5;9:11-3,8-3,3-8,14-3"
772,proposed_c2f_adaptive_pd,10,10,1.0,16,300,0.05333333333333334,17,3,14,1920.0,3.2,408.460803703425,172.88121849965535,1.0,17234.0,17234.0,0.0,7.220299972686917,"12,12,14,5,5,14,3,0,12,1","0:6-12;1:0-12;2:0-14;3:0-5;4:0-5;5:6-14,12-14,14-6,10-14,14-10,12-6;6:0-3;7:3-0;8:6-12,10-12,0-12;9:4-1"
772,proposed_c2f_adaptive_pd_calibrated,10,10,1.0,17,300,0.056666666666666664,17,3,14,1920.0,3.2,408.460803703425,172.88121849965535,1.0,17234.0,17234.0,0.0,19.75570002105087,"12,12,14,5,5,14,3,0,12,1","0:6-12;1:0-12;2:0-14;3:0-5;4:0-5;5:6-14,12-14,14-6,10-14,14-10,12-6;6:0-3;7:3-0;8:6-12,10-12,0-12;9:4-1"
773,proposed_c2f_adaptive_pd,10,10,1.0,19,300,0.06333333333333334,12,1,11,640.0,1.0666666666666667,347.8853947605923,238.33299634937262,1.0,14109.0,14109.0,0.0,5.163599969819188,"8,13,9,13,0,3,4,10,2,11","0:2-8;1:3-13;2:0-9;3:3-13;4:0-11,6-0,11-0;5:0-3;6:1-4;7:0-10;8:0-2;9:0-11"
773,proposed_c2f_adaptive_pd_calibrated,10,10,1.0,20,300,0.06666666666666667,12,1,11,640.0,1.0666666666666667,347.8853947605923,238.33299634937262,1.0,14109.0,14109.0,0.0,16.056600026786327,"8,13,9,13,0,3,4,10,2,11","0:2-8;1:3-13;2:0-9;3:3-13;4:0-11,6-0,11-0;5:0-3;6:1-4;7:0-10;8:0-2;9:0-11"
774,proposed_c2f_adaptive_pd,9,10,0.9,20,270,0.07407407407407407,11,0,11,0.0,0.0,1224.8041822762323,429.488531220067,0.9090909090909091,12300.0,12300.0,0.0,5.052599997725338,"7,5,13,9,1,7,3,2,7,6","0:0-7;1:3-5;2:1-13;3:2-9;4:0-1;5:2-7;6:0-3;7:1-2,7-2;8:3-7;9:0-6"
774,proposed_c2f_adaptive_pd_calibrated,9,10,0.9,20,270,0.07407407407407407,11,0,11,0.0,0.0,1224.8041822762323,429.488531220067,0.9090909090909091,12300.0,12300.0,0.0,13.192999991588295,"7,5,13,9,1,7,3,2,7,6","0:0-7;1:3-5;2:1-13;3:2-9;4:0-1;5:2-7;6:0-3;7:1-2,7-2;8:3-7;9:0-6"
775,proposed_c2f_adaptive_pd,10,10,1.0,17,300,0.056666666666666664,10,0,10,0.0,0.0,443.87186617337494,269.43867386418094,1.0,6039.0,6039.0,0.0,7.185299997217953,"2,8,4,3,8,9,0,2,13,0",0:13-2;1:4-8;2:1-4;3:0-3;4:0-8;5:7-9;6:1-0;7:13-2;8:1-13;9:3-0
775,proposed_c2f_adaptive_pd_calibrated,10,10,1.0,18,300,0.06,10,0,10,0.0,0.0,443.87186617337494,269.43867386418094,1.0,6039.0,6039.0,0.0,12.611999991349876,"2,8,4,3,8,9,0,2,13,0",0:13-2;1:4-8;2:1-4;3:0-3;4:0-8;5:7-9;6:1-0;7:13-2;8:1-13;9:3-0
776,proposed_c2f_adaptive_pd,10,10,1.0,16,300,0.05333333333333334,14,1,13,640.0,1.0666666666666667,255.02302572918606,111.41671725955554,1.0,15950.0,15950.0,0.0,5.100600013975054,"7,2,5,9,9,0,6,4,7,1","0:0-7,7-0;1:0-2,13-2;2:6-5;3:0-9;4:0-9;5:2-0,13-0,12-0;6:0-6;7:9-4;8:0-7;9:6-1"
776,proposed_c2f_adaptive_pd_calibrated,10,10,1.0,16,300,0.05333333333333334,14,1,13,640.0,1.0666666666666667,255.02302572918606,111.41671725955554,1.0,15950.0,15950.0,0.0,17.82220002496615,"7,2,5,9,9,0,6,4,7,1","0:0-7,7-0;1:0-2,13-2;2:6-5;3:0-9;4:0-9;5:2-0,13-0,12-0;6:0-6;7:9-4;8:0-7;9:6-1"
777,proposed_c2f_adaptive_pd,10,10,1.0,14,300,0.04666666666666667,10,0,10,0.0,0.0,7016.197046788989,364.5305358901504,1.0,9273.0,9273.0,0.0,6.942500011064112,"2,11,9,12,8,1,10,13,2,11",0:6-2;1:0-11;2:0-9;3:5-12;4:0-8;5:4-1;6:2-10;7:0-13;8:0-2;9:0-11
777,proposed_c2f_adaptive_pd_calibrated,10,10,1.0,14,300,0.04666666666666667,10,0,10,0.0,0.0,7016.197046788989,364.5305358901504,1.0,9273.0,9273.0,0.0,11.553800024557859,"2,11,9,12,8,1,10,13,2,11",0:6-2;1:0-11;2:0-9;3:5-12;4:0-8;5:4-1;6:2-10;7:0-13;8:0-2;9:0-11
778,proposed_c2f_adaptive_pd,10,10,1.0,14,300,0.04666666666666667,15,1,14,640.0,1.0666666666666667,1559.9134702856013,308.10881672416576,1.0,16416.0,16416.0,0.0,8.10000003548339,"11,7,11,9,5,2,5,5,10,6","0:1-11;1:1-7;2:6-11,1-11;3:0-9;4:11-5,5-12,12-5,8-5,9-5;5:0-2;6:8-5;7:2-5;8:0-10;9:1-6"
778,proposed_c2f_adaptive_pd_calibrated,10,10,1.0,14,300,0.04666666666666667,15,1,14,640.0,1.0666666666666667,1559.9134702856013,308.10881672416576,1.0,16416.0,16416.0,0.0,20.33780002966523,"11,7,11,9,5,2,5,5,10,6","0:1-11;1:1-7;2:6-11,1-11;3:0-9;4:11-5,5-12,12-5,8-5,9-5;5:0-2;6:8-5;7:2-5;8:0-10;9:1-6"
779,proposed_c2f_adaptive_pd,10,10,1.0,16,300,0.05333333333333334,11,0,11,0.0,0.0,181.98126601872727,92.20243691722801,1.0,13119.0,13119.0,0.0,5.773200013209134,"14,14,14,14,5,11,14,12,5,11","0:8-14;1:4-14;2:2-14;3:4-14;4:14-5,4-5;5:0-11;6:13-14;7:0-12;8:4-5;9:2-11"
779,proposed_c2f_adaptive_pd_calibrated,10,10,1.0,17,300,0.056666666666666664,11,0,11,0.0,0.0,181.98126601872727,92.20243691722801,1.0,13119.0,13119.0,0.0,11.887599946931005,"14,14,14,14,5,11,14,12,5,11","0:8-14;1:4-14;2:2-14;3:4-14;4:14-5,4-5;5:0-11;6:13-14;7:0-12;8:4-5;9:2-11"
780,proposed_c2f_adaptive_pd,10,10,1.0,12,300,0.04,10,0,10,0.0,0.0,28047.550099830747,137.5205316857301,1.0,13802.0,13802.0,0.0,4.0837000124156475,"6,1,7,7,1,9,3,4,0,14",0:0-6;1:0-1;2:11-7;3:0-7;4:0-1;5:14-9;6:0-3;7:2-4;8:1-0;9:0-14
780,proposed_c2f_adaptive_pd_calibrated,10,10,1.0,12,300,0.04,10,0,10,0.0,0.0,28047.550099830747,137.5205316857301,1.0,13802.0,13802.0,0.0,10.459799959789962,"6,1,7,7,1,9,3,4,0,14",0:0-6;1:0-1;2:11-7;3:0-7;4:0-1;5:14-9;6:0-3;7:2-4;8:1-0;9:0-14
781,proposed_c2f_adaptive_pd,10,10,1.0,12,300,0.04,10,0,10,0.0,0.0,3301.767014486163,635.6373453487039,1.0,14355.0,14355.0,0.0,4.891599994152784,"9,14,4,9,6,9,0,6,0,9",0:0-9;1:0-14;2:2-4;3:0-9;4:0-6;5:0-9;6:1-0;7:0-6;8:1-0;9:0-9
781,proposed_c2f_adaptive_pd_calibrated,10,10,1.0,12,300,0.04,10,0,10,0.0,0.0,3301.767014486163,635.6373453487039,1.0,14355.0,14355.0,0.0,11.917199997697026,"9,14,4,9,6,9,0,6,0,9",0:0-9;1:0-14;2:2-4;3:0-9;4:0-6;5:0-9;6:1-0;7:0-6;8:1-0;9:0-9
782,proposed_c2f_adaptive_pd,10,10,1.0,15,300,0.05,10,0,10,0.0,0.0,3931.642907585609,73.33192573121268,1.0,9231.0,9231.0,0.0,3.658499976154417,"11,14,7,11,14,14,7,4,12,8",0:5-11;1:4-14;2:0-7;3:0-11;4:0-14;5:11-14;6:0-7;7:0-4;8:1-12;9:0-8
782,proposed_c2f_adaptive_pd_calibrated,10,10,1.0,15,300,0.05,10,0,10,0.0,0.0,3931.642907585609,73.33192573121268,1.0,9231.0,9231.0,0.0,10.95359999453649,"11,14,7,11,14,14,7,4,12,8",0:5-11;1:4-14;2:0-7;3:0-11;4:0-14;5:11-14;6:0-7;7:0-4;8:1-12;9:0-8
783,proposed_c2f_adaptive_pd,10,10,1.0,13,300,0.043333333333333335,10,0,10,0.0,0.0,794.5410458372617,192.04247287091775,1.0,11583.0,11583.0,0.0,4.2767999693751335,"11,0,11,5,5,8,3,1,0,9",0:0-11;1:1-0;2:7-11;3:0-5;4:0-5;5:2-8;6:2-3;7:0-1;8:1-0;9:2-9
783,proposed_c2f_adaptive_pd_calibrated,10,10,1.0,13,300,0.043333333333333335,10,0,10,0.0,0.0,794.5410458372617,192.04247287091775,1.0,11583.0,11583.0,0.0,12.311399972531945,"11,0,11,5,5,8,3,1,0,9",0:0-11;1:1-0;2:7-11;3:0-5;4:0-5;5:2-8;6:2-3;7:0-1;8:1-0;9:2-9
784,proposed_c2f_adaptive_pd,10,10,1.0,18,300,0.06,10,0,10,0.0,0.0,3670.8271781136827,522.287896015795,1.0,8503.0,8503.0,0.0,5.053600005339831,"5,10,1,10,5,5,12,4,1,10",0:7-5;1:0-10;2:0-1;3:0-10;4:6-5;5:7-5;6:0-12;7:3-4;8:0-1;9:0-10
784,proposed_c2f_adaptive_pd_calibrated,10,10,1.0,19,300,0.06333333333333334,10,0,10,0.0,0.0,3670.8271781136827,522.287896015795,1.0,8503.0,8503.0,0.0,14.005400007590652,"5,10,1,10,5,5,12,4,1,10",0:7-5;1:0-10;2:0-1;3:0-10;4:6-5;5:7-5;6:0-12;7:3-4;8:0-1;9:0-10
785,proposed_c2f_adaptive_pd,10,10,1.0,17,300,0.056666666666666664,12,0,12,0.0,0.0,429.8627913618378,134.99734988681848,1.0,13952.0,13952.0,0.0,5.77230000635609,"6,6,7,4,7,7,2,7,3,5","0:8-6;1:8-6;2:9-7;3:5-4,12-4;4:8-7;5:0-7;6:1-2;7:2-7,0-7;8:0-3;9:6-5"
785,proposed_c2f_adaptive_pd_calibrated,10,10,1.0,17,300,0.056666666666666664,12,0,12,0.0,0.0,429.8627913618378,134.99734988681848,1.0,13952.0,13952.0,0.0,14.939700020477176,"6,6,7,4,7,7,2,7,3,5","0:8-6;1:8-6;2:9-7;3:5-4,12-4;4:8-7;5:0-7;6:1-2;7:2-7,0-7;8:0-3;9:6-5"
786,proposed_c2f_adaptive_pd,10,10,1.0,13,300,0.043333333333333335,11,0,11,0.0,0.0,966.8125714578425,1002.6585322394573,1.0,13826.0,13826.0,0.0,6.682500010356307,"6,9,7,1,13,10,5,14,11,6","0:0-6;1:0-9;2:2-7;3:0-1;4:4-13,7-13;5:0-10;6:2-5;7:1-14;8:2-11;9:0-6"
786,proposed_c2f_adaptive_pd_calibrated,10,10,1.0,14,300,0.04666666666666667,11,0,11,0.0,0.0,966.8125714578425,1002.6585322394573,1.0,13826.0,13826.0,0.0,10.499400028493255,"6,9,7,1,13,10,5,14,11,6","0:0-6;1:0-9;2:2-7;3:0-1;4:4-13,7-13;5:0-10;6:2-5;7:1-14;8:2-11;9:0-6"
787,proposed_c2f_adaptive_pd,9,10,0.9,18,300,0.06,15,2,13,1280.0,2.1333333333333333,24570.683995875326,161.15521835828838,1.0,12099.0,12099.0,0.0,6.802899995818734,"4,5,1,11,4,9,11,9,7,8","0:0-4;1:1-5;2:3-1;3:2-11;4:1-4;5:0-9;6:0-11;7:6-9,11-9,12-9,9-12,9-8,8-9;8:1-7;9:1-8"
787,proposed_c2f_adaptive_pd_calibrated,9,10,0.9,18,300,0.06,15,2,13,1280.0,2.1333333333333333,24570.683995875326,161.15521835828838,1.0,12099.0,12099.0,0.0,19.55700002145022,"4,5,1,11,4,9,11,9,7,8","0:0-4;1:1-5;2:3-1;3:2-11;4:1-4;5:0-9;6:0-11;7:6-9,11-9,12-9,9-12,9-8,8-9;8:1-7;9:1-8"
788,proposed_c2f_adaptive_pd,9,10,0.9,13,300,0.043333333333333335,11,0,11,0.0,0.0,127336.57554826737,181.97902711976565,1.0,10452.0,10452.0,0.0,5.5488000507466495,"11,0,5,8,5,6,3,1,10,9","0:1-11;1:2-0;2:0-5;3:2-8;4:0-5;5:0-6;6:4-3,14-3;7:3-1;8:6-10;9:1-9"
788,proposed_c2f_adaptive_pd_calibrated,9,10,0.9,14,300,0.04666666666666667,11,0,11,0.0,0.0,127336.57554826737,181.97902711976565,1.0,10452.0,10452.0,0.0,12.972199998330325,"11,0,5,8,5,6,3,1,10,9","0:1-11;1:2-0;2:0-5;3:2-8;4:0-5;5:0-6;6:4-3,14-3;7:3-1;8:6-10;9:1-9"
789,proposed_c2f_adaptive_pd,10,10,1.0,15,300,0.05,11,0,11,0.0,0.0,840.9405004314524,739.2380225273052,1.0,10571.0,10571.0,0.0,6.675400014501065,"12,1,11,8,1,0,7,7,10,11","0:0-12;1:7-1;2:2-11;3:1-8;4:4-1;5:1-0;6:1-7;7:1-7;8:5-10,6-10;9:0-11"
789,proposed_c2f_adaptive_pd_calibrated,10,10,1.0,15,300,0.05,11,0,11,0.0,0.0,840.9405004314524,739.2380225273052,1.0,10571.0,10571.0,0.0,11.02320000063628,"12,1,11,8,1,0,7,7,10,11","0:0-12;1:7-1;2:2-11;3:1-8;4:4-1;5:1-0;6:1-7;7:1-7;8:5-10,6-10;9:0-11"
790,proposed_c2f_adaptive_pd,9,10,0.9,17,300,0.056666666666666664,14,1,13,640.0,1.0666666666666667,4288.346185523182,251.37965636230456,1.0,14920.0,14920.0,0.0,8.372200012672693,"8,8,12,8,13,11,2,6,14,6","0:0-8;1:3-8,7-8;2:4-12;3:0-8;4:7-13;5:11-12,12-11,8-11,0-11;6:5-2;7:8-6;8:2-14;9:2-6"
790,proposed_c2f_adaptive_pd_calibrated,9,10,0.9,17,300,0.056666666666666664,14,1,13,640.0,1.0666666666666667,4288.346185523182,251.37965636230456,1.0,14920.0,14920.0,0.0,19.80319997528568,"8,8,12,8,13,11,2,6,14,6","0:0-8;1:3-8,7-8;2:4-12;3:0-8;4:7-13;5:11-12,12-11,8-11,0-11;6:5-2;7:8-6;8:2-14;9:2-6"
791,proposed_c2f_adaptive_pd,10,10,1.0,17,300,0.056666666666666664,10,0,10,0.0,0.0,628.2916116456593,207.50591640488227,1.0,10659.0,10659.0,0.0,5.66109997453168,"5,0,12,4,10,2,6,9,12,7",0:0-5;1:1-0;2:3-12;3:3-4;4:2-10;5:7-2;6:1-6;7:4-9;8:3-12;9:2-7
791,proposed_c2f_adaptive_pd_calibrated,10,10,1.0,17,300,0.056666666666666664,10,0,10,0.0,0.0,628.2916116456593,207.50591640488227,1.0,10659.0,10659.0,0.0,11.61119999596849,"5,0,12,4,10,2,6,9,12,7",0:0-5;1:1-0;2:3-12;3:3-4;4:2-10;5:7-2;6:1-6;7:4-9;8:3-12;9:2-7
792,proposed_c2f_adaptive_pd,10,10,1.0,11,300,0.03666666666666667,15,2,13,1280.0,2.1333333333333333,4035.8161330773264,194.27811194760145,1.0,17296.0,17296.0,0.0,7.076799985952675,"14,5,3,2,11,5,13,14,11,11","0:3-14;1:6-5;2:9-3;3:0-2;4:14-11;5:11-5,7-5,8-5,6-5,5-6,5-11;6:0-13;7:7-14;8:0-11;9:13-11"
792,proposed_c2f_adaptive_pd_calibrated,10,10,1.0,13,300,0.043333333333333335,15,2,13,1280.0,2.1333333333333333,4035.8161330773264,194.27811194760145,1.0,17296.0,17296.0,0.0,16.785399988293648,"14,5,3,2,11,5,13,14,11,11","0:3-14;1:6-5;2:9-3;3:0-2;4:14-11;5:11-5,7-5,8-5,6-5,5-6,5-11;6:0-13;7:7-14;8:0-11;9:13-11"
793,proposed_c2f_adaptive_pd,8,10,0.8,11,300,0.03666666666666667,10,0,10,0.0,0.0,854.7948052217222,89.63042626853958,1.0,11429.0,11429.0,0.0,5.930599989369512,"9,8,14,0,0,8,8,1,7,0",0:8-9;1:6-8;2:8-14;3:1-0;4:9-0;5:9-8;6:6-8;7:0-1;8:2-7;9:9-0
793,proposed_c2f_adaptive_pd_calibrated,8,10,0.8,11,300,0.03666666666666667,10,0,10,0.0,0.0,854.7948052217222,89.63042626853958,1.0,11429.0,11429.0,0.0,14.308199984952807,"9,8,14,0,0,8,8,1,7,0",0:8-9;1:6-8;2:8-14;3:1-0;4:9-0;5:9-8;6:6-8;7:0-1;8:2-7;9:9-0
794,proposed_c2f_adaptive_pd,10,10,1.0,14,300,0.04666666666666667,16,1,15,640.0,1.0666666666666667,133.9688451754834,104.10857026260119,1.0,19821.0,19821.0,0.0,7.798599952366203,"13,1,14,9,0,5,13,8,2,9","0:0-13;1:2-1;2:0-14;3:7-9;4:10-0,0-10,13-0,9-0,2-0,5-0;5:0-5;6:9-13;7:2-8;8:3-2;9:12-9,7-9"
794,proposed_c2f_adaptive_pd_calibrated,10,10,1.0,14,300,0.04666666666666667,16,1,15,640.0,1.0666666666666667,133.9688451754834,104.10857026260119,1.0,19821.0,19821.0,0.0,21.096199983730912,"13,1,14,9,0,5,13,8,2,9","0:0-13;1:2-1;2:0-14;3:7-9;4:10-0,0-10,13-0,9-0,2-0,5-0;5:0-5;6:9-13;7:2-8;8:3-2;9:12-9,7-9"
795,proposed_c2f_adaptive_pd,8,10,0.8,16,300,0.05333333333333334,27,8,19,5120.0,8.533333333333335,364.70986849639127,19.327974091135964,1.0,30617.0,30617.0,0.0,13.489799981471151,"11,9,13,4,14,9,14,14,4,2","0:9-11;1:0-9;2:1-13;3:4-13,5-13,14-13,2-13,1-13,5-4;4:11-14,14-11,5-14,4-14,2-14,1-14;5:0-9;6:11-14,7-14,10-14;7:11-14,14-11,7-14,0-14,14-7,10-14;8:5-4;9:3-2"
795,proposed_c2f_adaptive_pd_calibrated,8,10,0.8,16,300,0.05333333333333334,27,8,19,5120.0,8.533333333333335,364.70986849639127,19.327974091135964,1.0,30617.0,30617.0,0.0,33.009500009939075,"11,9,13,4,14,9,14,14,4,2","0:9-11;1:0-9;2:1-13;3:4-13,5-13,14-13,2-13,1-13,5-4;4:11-14,14-11,5-14,4-14,2-14,1-14;5:0-9;6:11-14,7-14,10-14;7:11-14,14-11,7-14,0-14,14-7,10-14;8:5-4;9:3-2"
796,proposed_c2f_adaptive_pd,9,10,0.9,12,300,0.04,21,5,16,3200.0,5.333333333333334,1527.8372092420404,166.2684138026527,1.0,19929.0,19929.0,0.0,10.047500021755695,"3,7,9,2,7,12,2,13,2,2","0:0-3;1:7-3,3-7,0-7,7-0,10-7,13-7;2:0-9;3:0-2;4:0-7;5:0-12;6:12-2,9-2,2-12,0-2,8-12,5-12;7:0-13;8:0-2;9:12-2,5-2"
796,proposed_c2f_adaptive_pd_calibrated,9,10,0.9,12,300,0.04,21,5,16,3200.0,5.333333333333334,1527.8372092420404,166.2684138026527,1.0,19929.0,19929.0,0.0,22.1218999940902,"3,7,9,2,7,12,2,13,2,2","0:0-3;1:7-3,3-7,0-7,7-0,10-7,13-7;2:0-9;3:0-2;4:0-7;5:0-12;6:12-2,9-2,2-12,0-2,8-12,5-12;7:0-13;8:0-2;9:12-2,5-2"
797,proposed_c2f_adaptive_pd,10,10,1.0,8,300,0.02666666666666667,16,2,14,1280.0,2.1333333333333333,19651.449105638872,89.5376719582284,1.0,13855.0,13855.0,0.0,7.848399982322007,"9,1,10,11,12,11,0,13,12,8","0:5-9;1:0-1,4-1;2:1-10;3:0-11;4:1-12;5:14-11,11-14,13-11,5-11,7-11,13-14;6:1-0;7:5-13;8:5-12;9:1-8"
797,proposed_c2f_adaptive_pd_calibrated,10,10,1.0,9,300,0.03,16,2,14,1280.0,2.1333333333333333,19651.449105638872,89.5376719582284,1.0,13855.0,13855.0,0.0,19.946200016420335,"9,1,10,11,12,11,0,13,12,8","0:5-9;1:0-1,4-1;2:1-10;3:0-11;4:1-12;5:14-11,11-14,13-11,5-11,7-11,13-14;6:1-0;7:5-13;8:5-12;9:1-8"
798,proposed_c2f_adaptive_pd,10,10,1.0,12,300,0.04,13,1,12,640.0,1.0666666666666667,5750.047974115247,250.4678828654354,1.0,17758.0,17758.0,0.0,7.577999960631132,"11,12,9,4,6,5,12,0,10,11","0:0-11;1:7-12,3-12;2:1-9;3:0-4;4:12-6,6-12,3-6;5:3-5;6:1-12;7:2-0;8:0-10;9:1-11"
798,proposed_c2f_adaptive_pd_calibrated,10,10,1.0,12,300,0.04,13,1,12,640.0,1.0666666666666667,5750.047974115247,250.4678828654354,1.0,17758.0,17758.0,0.0,17.054099997039884,"11,12,9,4,6,5,12,0,10,11","0:0-11;1:7-12,3-12;2:1-9;3:0-4;4:12-6,6-12,3-6;5:3-5;6:1-12;7:2-0;8:0-10;9:1-11"
799,proposed_c2f_adaptive_pd,10,10,1.0,13,300,0.043333333333333335,10,0,10,0.0,0.0,2542.69827978768,636.1926725210942,1.0,10351.0,10351.0,0.0,5.518799996934831,"14,13,12,7,0,3,10,7,12,9",0:4-14;1:0-13;2:0-12;3:3-7;4:1-0;5:0-3;6:2-10;7:3-7;8:2-12;9:2-9
799,proposed_c2f_adaptive_pd_calibrated,10,10,1.0,13,300,0.043333333333333335,10,0,10,0.0,0.0,2542.69827978768,636.1926725210942,1.0,10351.0,10351.0,0.0,12.280000024475157,"14,13,12,7,0,3,10,7,12,9",0:4-14;1:0-13;2:0-12;3:3-7;4:1-0;5:0-3;6:2-10;7:3-7;8:2-12;9:2-9
800,proposed_c2f_adaptive_pd,10,10,1.0,10,300,0.03333333333333333,11,0,11,0.0,0.0,2315.2218812966285,1696.9704769747757,1.0,10620.0,10620.0,0.0,6.459299998823553,"9,5,14,0,3,6,5,1,9,13","0:6-9;1:0-5;2:12-14;3:1-0;4:0-3;5:1-6;6:0-5;7:0-1;8:14-9,6-9;9:4-13"
800,proposed_c2f_adaptive_pd_calibrated,10,10,1.0,10,300,0.03333333333333333,11,0,11,0.0,0.0,2315.2218812966285,1696.9704769747757,1.0,10620.0,10620.0,0.0,14.293000043835491,"9,5,14,0,3,6,5,1,9,13","0:6-9;1:0-5;2:12-14;3:1-0;4:0-3;5:1-6;6:0-5;7:0-1;8:14-9,6-9;9:4-13"
801,proposed_c2f_adaptive_pd,10,10,1.0,19,300,0.06333333333333334,12,0,12,0.0,0.0,435.6111223812013,173.3980387294374,1.0,16800.0,16800.0,0.0,6.492899963632226,"4,6,4,8,4,4,12,5,2,5","0:0-4;1:2-6;2:2-4;3:3-8;4:3-4,2-4,8-4;5:2-4;6:1-12;7:1-5;8:3-2;9:0-5"
801,proposed_c2f_adaptive_pd_calibrated,10,10,1.0,19,300,0.06333333333333334,12,0,12,0.0,0.0,435.6111223812013,173.3980387294374,1.0,16800.0,16800.0,0.0,13.155900000128895,"4,6,4,8,4,4,12,5,2,5","0:0-4;1:2-6;2:2-4;3:3-8;4:3-4,2-4,8-4;5:2-4;6:1-12;7:1-5;8:3-2;9:0-5"
802,proposed_c2f_adaptive_pd,10,10,1.0,16,300,0.05333333333333334,10,0,10,0.0,0.0,13943.493207826285,1123.3509218351473,1.0,10967.0,10967.0,0.0,4.574800026603043,"13,4,7,9,10,1,3,4,12,1",0:0-13;1:9-4;2:0-7;3:0-9;4:0-10;5:2-1;6:0-3;7:0-4;8:0-12;9:0-1
802,proposed_c2f_adaptive_pd_calibrated,10,10,1.0,17,300,0.056666666666666664,10,0,10,0.0,0.0,13943.493207826285,1123.3509218351473,1.0,10967.0,10967.0,0.0,10.779200005345047,"13,4,7,9,10,1,3,4,12,1",0:0-13;1:9-4;2:0-7;3:0-9;4:0-10;5:2-1;6:0-3;7:0-4;8:0-12;9:0-1
803,proposed_c2f_adaptive_pd,9,10,0.9,14,300,0.04666666666666667,18,2,16,1280.0,2.1333333333333333,1477.960294645808,51.97198571160408,1.0,17601.0,17601.0,0.0,9.125700045842677,"12,8,8,8,13,8,4,9,13,14","0:0-12;1:7-8,8-7,10-8;2:7-8;3:7-8,6-8;4:2-13;5:6-8;6:1-4;7:1-9;8:11-13;9:1-14,5-14,9-14,14-5,4-14,12-14"
803,proposed_c2f_adaptive_pd_calibrated,9,10,0.9,14,300,0.04666666666666667,18,2,16,1280.0,2.1333333333333333,1477.960294645808,51.97198571160408,1.0,17601.0,17601.0,0.0,23.990000016056,"12,8,8,8,13,8,4,9,13,14","0:0-12;1:7-8,8-7,10-8;2:7-8;3:7-8,6-8;4:2-13;5:6-8;6:1-4;7:1-9;8:11-13;9:1-14,5-14,9-14,14-5,4-14,12-14"
804,proposed_c2f_adaptive_pd,10,10,1.0,17,300,0.056666666666666664,12,1,11,640.0,1.0666666666666667,1292.5953931909607,142.34968212081912,1.0,14983.0,14983.0,0.0,7.537500001490116,"1,8,5,1,3,2,1,7,12,8","0:3-1;1:8-7,9-8;2:0-5,11-5;3:2-1;4:1-3;5:14-2;6:3-1;7:0-7;8:1-12;9:7-8"
804,proposed_c2f_adaptive_pd_calibrated,10,10,1.0,17,300,0.056666666666666664,12,1,11,640.0,1.0666666666666667,1292.5953931909607,142.34968212081912,1.0,14983.0,14983.0,0.0,17.295299971010536,"1,8,5,1,3,2,1,7,12,8","0:3-1;1:8-7,9-8;2:0-5,11-5;3:2-1;4:1-3;5:14-2;6:3-1;7:0-7;8:1-12;9:7-8"
805,proposed_c2f_adaptive_pd,10,10,1.0,13,300,0.043333333333333335,10,0,10,0.0,0.0,12374.615566774266,322.4755971374485,1.0,11247.0,11247.0,0.0,4.143700003623962,"9,6,14,9,12,2,13,11,14,6",0:0-9;1:1-6;2:0-14;3:8-9;4:0-12;5:1-2;6:1-13;7:2-11;8:3-14;9:1-6
805,proposed_c2f_adaptive_pd_calibrated,10,10,1.0,13,300,0.043333333333333335,10,0,10,0.0,0.0,12374.615566774266,322.4755971374485,1.0,11247.0,11247.0,0.0,12.356899969745427,"9,6,14,9,12,2,13,11,14,6",0:0-9;1:1-6;2:0-14;3:8-9;4:0-12;5:1-2;6:1-13;7:2-11;8:3-14;9:1-6
806,proposed_c2f_adaptive_pd,10,10,1.0,13,300,0.043333333333333335,13,1,12,640.0,1.0666666666666667,416.22838906965325,126.72157650340058,1.0,17892.0,17892.0,0.0,5.097199988085777,"5,3,0,5,9,0,2,5,6,0","0:6-5;1:7-3,12-3;2:1-0;3:0-5;4:14-9;5:1-0;6:0-2;7:14-5,5-14,12-5;8:0-6;9:1-0"
806,proposed_c2f_adaptive_pd_calibrated,10,10,1.0,13,300,0.043333333333333335,13,1,12,640.0,1.0666666666666667,416.22838906965325,126.72157650340058,1.0,17892.0,17892.0,0.0,14.988300041295588,"5,3,0,5,9,0,2,5,6,0","0:6-5;1:7-3,12-3;2:1-0;3:0-5;4:14-9;5:1-0;6:0-2;7:14-5,5-14,12-5;8:0-6;9:1-0"
807,proposed_c2f_adaptive_pd,10,10,1.0,18,300,0.06,16,1,15,640.0,1.0666666666666667,2009.0123809670608,602.3672985793293,1.0,17630.0,17630.0,0.0,8.630800002720207,"10,2,7,10,10,5,0,5,4,2","0:1-10;1:10-2,2-10,12-2,8-2,5-2,14-2;2:3-7;3:0-10;4:0-10;5:0-5;6:1-0;7:0-5;8:0-4;9:12-2,14-2"
807,proposed_c2f_adaptive_pd_calibrated,10,10,1.0,20,300,0.06666666666666667,16,1,15,640.0,1.0666666666666667,2009.0123809670608,602.3672985793293,1.0,17630.0,17630.0,0.0,19.796400039922446,"10,2,7,10,10,5,0,5,4,2","0:1-10;1:10-2,2-10,12-2,8-2,5-2,14-2;2:3-7;3:0-10;4:0-10;5:0-5;6:1-0;7:0-5;8:0-4;9:12-2,14-2"
808,proposed_c2f_adaptive_pd,9,10,0.9,14,300,0.04666666666666667,15,2,13,1280.0,2.1333333333333333,1974.887750190344,160.95188416084414,1.0,20062.0,20062.0,0.0,6.277400010731071,"5,4,7,14,0,0,7,0,6,2","0:1-5;1:0-4,11-4,0-11,4-11,13-4,14-4;2:0-7;3:1-14;4:11-0;5:11-0;6:8-7;7:8-0;8:2-6;9:1-2"
808,proposed_c2f_adaptive_pd_calibrated,9,10,0.9,14,300,0.04666666666666667,15,2,13,1280.0,2.1333333333333333,1974.887750190344,160.95188416084414,1.0,20062.0,20062.0,0.0,12.841199990361929,"5,4,7,14,0,0,7,0,6,2","0:1-5;1:0-4,11-4,0-11,4-11,13-4,14-4;2:0-7;3:1-14;4:11-0;5:11-0;6:8-7;7:8-0;8:2-6;9:1-2"
809,proposed_c2f_adaptive_pd,10,10,1.0,13,300,0.043333333333333335,12,1,11,640.0,1.0666666666666667,13756.459305606337,273.7533261339833,1.0,13288.0,13288.0,0.0,6.454999966081232,"12,7,9,0,6,3,5,0,1,0","0:14-12;1:0-7;2:8-9;3:1-0;4:6-11,11-6,1-6;5:0-3;6:7-5;7:1-0;8:8-1;9:2-0"
809,proposed_c2f_adaptive_pd_calibrated,10,10,1.0,13,300,0.043333333333333335,12,1,11,640.0,1.0666666666666667,13756.459305606337,273.7533261339833,1.0,13288.0,13288.0,0.0,15.027399989776313,"12,7,9,0,6,3,5,0,1,0","0:14-12;1:0-7;2:8-9;3:1-0;4:6-11,11-6,1-6;5:0-3;6:7-5;7:1-0;8:8-1;9:2-0"
810,proposed_c2f_adaptive_pd,10,10,1.0,7,300,0.023333333333333334,10,0,10,0.0,0.0,255.35553392613105,172.85214441954906,1.0,11919.0,11919.0,0.0,6.415500014554709,"6,4,3,11,3,6,9,4,11,11",0:0-6;1:3-4;2:2-3;3:3-11;4:0-3;5:0-6;6:10-9;7:9-4;8:0-11;9:4-11
810,proposed_c2f_adaptive_pd_calibrated,10,10,1.0,7,300,0.023333333333333334,10,0,10,0.0,0.0,255.35553392613105,172.85214441954906,1.0,11919.0,11919.0,0.0,11.443499999586493,"6,4,3,11,3,6,9,4,11,11",0:0-6;1:3-4;2:2-3;3:3-11;4:0-3;5:0-6;6:10-9;7:9-4;8:0-11;9:4-11
811,proposed_c2f_adaptive_pd,10,10,1.0,18,300,0.06,15,2,13,1280.0,2.1333333333333333,2402.235716380269,384.6355208326495,1.0,16286.0,16286.0,0.0,6.691400019917637,"11,2,6,2,6,3,2,8,9,12","0:0-11;1:13-2;2:2-6;3:0-2;4:1-6;5:0-3;6:0-2;7:13-8,11-8;8:2-9,9-2,6-9,9-6,8-9;9:0-12"
811,proposed_c2f_adaptive_pd_calibrated,10,10,1.0,18,300,0.06,15,2,13,1280.0,2.1333333333333333,2402.235716380269,384.6355208326495,1.0,16286.0,16286.0,0.0,20.748000009916723,"11,2,6,2,6,3,2,8,9,12","0:0-11;1:13-2;2:2-6;3:0-2;4:1-6;5:0-3;6:0-2;7:13-8,11-8;8:2-9,9-2,6-9,9-6,8-9;9:0-12"
812,proposed_c2f_adaptive_pd,10,10,1.0,15,300,0.05,16,2,14,1280.0,2.1333333333333333,256.88148951049527,128.5047897586898,1.0,20078.0,20078.0,0.0,8.04360001347959,"7,7,0,0,7,13,2,11,8,0","0:0-7;1:0-7;2:7-0,8-0,10-0;3:7-0;4:0-7;5:12-13;6:14-2;7:0-11;8:0-8;9:8-0,7-0,0-8,0-7,2-0"
812,proposed_c2f_adaptive_pd_calibrated,10,10,1.0,15,300,0.05,16,2,14,1280.0,2.1333333333333333,256.88148951049527,128.5047897586898,1.0,20078.0,20078.0,0.0,17.607900022994727,"7,7,0,0,7,13,2,11,8,0","0:0-7;1:0-7;2:7-0,8-0,10-0;3:7-0;4:0-7;5:12-13;6:14-2;7:0-11;8:0-8;9:8-0,7-0,0-8,0-7,2-0"
813,proposed_c2f_adaptive_pd,10,10,1.0,10,300,0.03333333333333333,11,0,11,0.0,0.0,2119.288420580485,239.6374084311814,1.0,13140.0,13140.0,0.0,6.374099990352988,"6,2,11,11,11,4,3,2,4,4","0:0-6;1:14-2,12-2;2:0-11;3:0-11;4:0-11;5:0-4;6:2-3;7:0-2;8:7-4;9:2-4"
813,proposed_c2f_adaptive_pd_calibrated,10,10,1.0,10,300,0.03333333333333333,11,0,11,0.0,0.0,2119.288420580485,239.6374084311814,1.0,13140.0,13140.0,0.0,15.629800036549568,"6,2,11,11,11,4,3,2,4,4","0:0-6;1:14-2,12-2;2:0-11;3:0-11;4:0-11;5:0-4;6:2-3;7:0-2;8:7-4;9:2-4"
814,proposed_c2f_adaptive_pd,9,10,0.9,10,300,0.03333333333333333,11,0,11,0.0,0.0,938205.9081820414,315.3669024174453,1.0,10956.0,10956.0,0.0,5.916199996136129,"4,4,8,12,13,11,4,3,4,13","0:0-4;1:0-4;2:0-8;3:2-12;4:0-13;5:4-11;6:0-4;7:0-3;8:11-4,12-4;9:0-13"
814,proposed_c2f_adaptive_pd_calibrated,9,10,0.9,11,300,0.03666666666666667,11,0,11,0.0,0.0,938205.9081820414,315.3669024174453,1.0,10956.0,10956.0,0.0,13.517899962607771,"4,4,8,12,13,11,4,3,4,13","0:0-4;1:0-4;2:0-8;3:2-12;4:0-13;5:4-11;6:0-4;7:0-3;8:11-4,12-4;9:0-13"
815,proposed_c2f_adaptive_pd,8,10,0.8,11,300,0.03666666666666667,19,3,16,1920.0,3.2,2521.7891966856814,99.81423379536636,1.0,16287.0,16287.0,0.0,7.418000022880733,"3,6,4,0,6,6,2,5,5,12","0:7-3;1:2-6,9-6,6-9,4-9,14-6,12-6;2:1-4;3:1-0;4:9-6,6-9,2-6,4-6;5:0-6;6:4-2,9-2;7:7-5;8:3-5;9:0-12"
815,proposed_c2f_adaptive_pd_calibrated,8,10,0.8,11,300,0.03666666666666667,19,3,16,1920.0,3.2,2521.7891966856814,99.81423379536636,1.0,16287.0,16287.0,0.0,20.94560000114143,"3,6,4,0,6,6,2,5,5,12","0:7-3;1:2-6,9-6,6-9,4-9,14-6,12-6;2:1-4;3:1-0;4:9-6,6-9,2-6,4-6;5:0-6;6:4-2,9-2;7:7-5;8:3-5;9:0-12"
816,proposed_c2f_adaptive_pd,10,10,1.0,14,300,0.04666666666666667,12,0,12,0.0,0.0,8034.600409173576,58.566916393174594,1.0,15194.0,15194.0,0.0,6.404199986718595,"5,0,4,0,0,2,0,1,11,14","0:3-5;1:7-0,12-0;2:0-4;3:4-0;4:4-0,12-0;5:0-2;6:2-0;7:0-1;8:3-11;9:1-14"
816,proposed_c2f_adaptive_pd_calibrated,10,10,1.0,14,300,0.04666666666666667,12,0,12,0.0,0.0,8034.600409173576,58.566916393174594,1.0,15194.0,15194.0,0.0,10.122200008481741,"5,0,4,0,0,2,0,1,11,14","0:3-5;1:7-0,12-0;2:0-4;3:4-0;4:4-0,12-0;5:0-2;6:2-0;7:0-1;8:3-11;9:1-14"
817,proposed_c2f_adaptive_pd,10,10,1.0,10,300,0.03333333333333333,10,0,10,0.0,0.0,1598.1697894144368,117.89756473504394,1.0,10967.0,10967.0,0.0,6.351900054141879,"11,7,13,13,13,14,4,6,5,3",0:14-11;1:0-7;2:0-13;3:1-13;4:1-13;5:0-14;6:1-4;7:1-6;8:0-5;9:6-3
817,proposed_c2f_adaptive_pd_calibrated,10,10,1.0,10,300,0.03333333333333333,10,0,10,0.0,0.0,1598.1697894144368,117.89756473504394,1.0,10967.0,10967.0,0.0,10.092299955431372,"11,7,13,13,13,14,4,6,5,3",0:14-11;1:0-7;2:0-13;3:1-13;4:1-13;5:0-14;6:1-4;7:1-6;8:0-5;9:6-3
818,proposed_c2f_adaptive_pd,10,10,1.0,22,300,0.07333333333333333,10,0,10,0.0,0.0,1972.5919475371134,399.84443090929534,1.0,9273.0,9273.0,0.0,5.676700035110116,"4,2,0,14,5,4,5,6,2,9",0:0-4;1:3-2;2:1-0;3:0-14;4:0-5;5:6-4;6:9-5;7:0-6;8:3-2;9:0-9
818,proposed_c2f_adaptive_pd_calibrated,10,10,1.0,22,300,0.07333333333333333,10,0,10,0.0,0.0,1972.5919475371134,399.84443090929534,1.0,9273.0,9273.0,0.0,8.813600055873394,"4,2,0,14,5,4,5,6,2,9",0:0-4;1:3-2;2:1-0;3:0-14;4:0-5;5:6-4;6:9-5;7:0-6;8:3-2;9:0-9
819,proposed_c2f_adaptive_pd,10,10,1.0,14,300,0.04666666666666667,11,0,11,0.0,0.0,267.76526528356305,114.22131314248969,1.0,10284.0,10284.0,0.0,5.758699961006641,"7,10,7,12,1,9,13,2,4,6","0:4-7,1-7;1:6-10;2:1-7;3:6-12;4:0-1;5:0-9;6:2-13;7:0-2;8:0-4;9:7-6"
819,proposed_c2f_adaptive_pd_calibrated,10,10,1.0,14,300,0.04666666666666667,11,0,11,0.0,0.0,267.76526528356305,114.22131314248969,1.0,10284.0,10284.0,0.0,11.310000030789524,"7,10,7,12,1,9,13,2,4,6","0:4-7,1-7;1:6-10;2:1-7;3:6-12;4:0-1;5:0-9;6:2-13;7:0-2;8:0-4;9:7-6"
820,proposed_c2f_adaptive_pd,10,10,1.0,14,300,0.04666666666666667,11,0,11,0.0,0.0,6325.594692083273,128.42138290227587,1.0,11711.0,11711.0,0.0,5.849899956956506,"9,7,2,2,3,9,0,4,5,13","0:4-9;1:0-7;2:6-2,14-2;3:5-2;4:0-3;5:4-9;6:11-0;7:0-4;8:2-5;9:0-13"
820,proposed_c2f_adaptive_pd_calibrated,10,10,1.0,14,300,0.04666666666666667,11,0,11,0.0,0.0,6325.594692083273,128.42138290227587,1.0,11711.0,11711.0,0.0,11.713000014424324,"9,7,2,2,3,9,0,4,5,13","0:4-9;1:0-7;2:6-2,14-2;3:5-2;4:0-3;5:4-9;6:11-0;7:0-4;8:2-5;9:0-13"
821,proposed_c2f_adaptive_pd,10,10,1.0,16,300,0.05333333333333334,10,0,10,0.0,0.0,1972.2139922496267,470.4239019674483,1.0,10505.0,10505.0,0.0,6.15749997086823,"10,4,8,10,9,5,9,10,11,1",0:0-10;1:0-4;2:2-8;3:0-10;4:0-9;5:0-5;6:0-9;7:0-10;8:3-11;9:0-1
821,proposed_c2f_adaptive_pd_calibrated,10,10,1.0,16,300,0.05333333333333334,10,0,10,0.0,0.0,1972.2139922496267,470.4239019674483,1.0,10505.0,10505.0,0.0,8.964600041508675,"10,4,8,10,9,5,9,10,11,1",0:0-10;1:0-4;2:2-8;3:0-10;4:0-9;5:0-5;6:0-9;7:0-10;8:3-11;9:0-1
822,proposed_c2f_adaptive_pd,10,10,1.0,16,300,0.05333333333333334,10,0,10,0.0,0.0,3755.9474535767295,457.16524046464906,1.0,12815.0,12815.0,0.0,4.979600023943931,"0,0,0,11,7,3,2,6,1,0",0:1-0;1:1-0;2:1-0;3:6-11;4:0-7;5:0-3;6:0-2;7:0-6;8:0-1;9:1-0
822,proposed_c2f_adaptive_pd_calibrated,10,10,1.0,17,300,0.056666666666666664,10,0,10,0.0,0.0,3755.9474535767295,457.16524046464906,1.0,12815.0,12815.0,0.0,13.309900008607656,"0,0,0,11,7,3,2,6,1,0",0:1-0;1:1-0;2:1-0;3:6-11;4:0-7;5:0-3;6:0-2;7:0-6;8:0-1;9:1-0
823,proposed_c2f_adaptive_pd,10,10,1.0,18,300,0.06,10,0,10,0.0,0.0,26230.942645110783,88.72737331608661,1.0,12255.0,12255.0,0.0,6.022899993695319,"12,6,0,11,13,13,0,9,9,2",0:0-12;1:0-6;2:1-0;3:0-11;4:0-13;5:3-13;6:1-0;7:0-9;8:0-9;9:0-2
823,proposed_c2f_adaptive_pd_calibrated,10,10,1.0,18,300,0.06,10,0,10,0.0,0.0,26230.942645110783,88.72737331608661,1.0,12255.0,12255.0,0.0,13.763599970843643,"12,6,0,11,13,13,0,9,9,2",0:0-12;1:0-6;2:1-0;3:0-11;4:0-13;5:3-13;6:1-0;7:0-9;8:0-9;9:0-2
824,proposed_c2f_adaptive_pd,10,10,1.0,18,300,0.06,10,0,10,0.0,0.0,685.5424020872433,153.6518799374014,1.0,8965.0,8965.0,0.0,3.8090000161901116,"10,12,3,2,6,12,0,8,7,14",0:2-10;1:0-12;2:1-3;3:0-2;4:0-6;5:0-12;6:12-0;7:4-8;8:0-7;9:0-14
824,proposed_c2f_adaptive_pd_calibrated,10,10,1.0,18,300,0.06,10,0,10,0.0,0.0,685.5424020872433,153.6518799374014,1.0,8965.0,8965.0,0.0,9.169300028588623,"10,12,3,2,6,12,0,8,7,14",0:2-10;1:0-12;2:1-3;3:0-2;4:0-6;5:0-12;6:12-0;7:4-8;8:0-7;9:0-14
825,proposed_c2f_adaptive_pd,9,10,0.9,13,300,0.043333333333333335,18,0,18,0.0,0.0,2399.9444467381554,282.5484395461393,1.0,23063.0,23063.0,0.0,7.430900004692376,"1,5,9,1,1,2,10,10,9,11","0:2-1;1:4-5;2:0-9;3:5-1,12-1,4-1;4:5-1,2-1;5:0-2;6:9-10,13-10,8-10;7:8-10,6-10,14-10,4-10;8:0-9;9:1-11"
825,proposed_c2f_adaptive_pd_calibrated,9,10,0.9,14,300,0.04666666666666667,18,0,18,0.0,0.0,2399.9444467381554,282.5484395461393,1.0,23063.0,23063.0,0.0,17.4430999904871,"1,5,9,1,1,2,10,10,9,11","0:2-1;1:4-5;2:0-9;3:5-1,12-1,4-1;4:5-1,2-1;5:0-2;6:9-10,13-10,8-10;7:8-10,6-10,14-10,4-10;8:0-9;9:1-11"
826,proposed_c2f_adaptive_pd,10,10,1.0,20,300,0.06666666666666667,15,2,13,1280.0,2.1333333333333333,9380.290846583954,486.9363712177077,1.0,17461.0,17461.0,0.0,6.802199990488589,"3,6,8,8,0,0,0,0,8,1","0:0-3;1:0-6;2:0-8;3:0-8;4:2-0;5:2-0;6:2-0;7:5-0;8:0-8;9:8-1,1-8,3-1,2-1,1-3,7-1"
826,proposed_c2f_adaptive_pd_calibrated,10,10,1.0,20,300,0.06666666666666667,15,2,13,1280.0,2.1333333333333333,9380.290846583954,486.9363712177077,1.0,17461.0,17461.0,0.0,18.68019998073578,"3,6,8,8,0,0,0,0,8,1","0:0-3;1:0-6;2:0-8;3:0-8;4:2-0;5:2-0;6:2-0;7:5-0;8:0-8;9:8-1,1-8,3-1,2-1,1-3,7-1"
827,proposed_c2f_adaptive_pd,9,10,0.9,18,270,0.06666666666666667,12,1,11,640.0,1.0666666666666667,407.9216994509763,105.61963311558586,0.9166666666666666,9181.0,9181.0,0.0,6.555500032845885,"14,0,8,3,5,14,4,5,14,14","0:4-14;1:6-0;2:8-1,1-8,14-8;3:6-3;4:14-5;5:5-14;6:5-4;7:4-5;8:4-14;9:8-14"
827,proposed_c2f_adaptive_pd_calibrated,9,10,0.9,18,270,0.06666666666666667,12,1,11,640.0,1.0666666666666667,407.9216994509763,105.61963311558586,0.9166666666666666,9181.0,9181.0,0.0,14.480300014838576,"14,0,8,3,5,14,4,5,14,14","0:4-14;1:6-0;2:8-1,1-8,14-8;3:6-3;4:14-5;5:5-14;6:5-4;7:4-5;8:4-14;9:8-14"
828,proposed_c2f_adaptive_pd,10,10,1.0,6,300,0.02,10,0,10,0.0,0.0,610.0542733475032,204.08973795214496,1.0,8965.0,8965.0,0.0,5.680200003553182,"0,12,0,14,5,1,10,9,9,13",0:11-0;1:1-12;2:1-0;3:0-14;4:12-5;5:3-1;6:2-10;7:0-9;8:2-9;9:2-13
828,proposed_c2f_adaptive_pd_calibrated,10,10,1.0,7,300,0.023333333333333334,10,0,10,0.0,0.0,610.0542733475032,204.08973795214496,1.0,8965.0,8965.0,0.0,11.385799967683852,"0,12,0,14,5,1,10,9,9,13",0:11-0;1:1-12;2:1-0;3:0-14;4:12-5;5:3-1;6:2-10;7:0-9;8:2-9;9:2-13
829,proposed_c2f_adaptive_pd,10,10,1.0,6,300,0.02,15,1,14,640.0,1.0666666666666667,43304.5721332712,390.6578991235257,1.0,13511.0,13511.0,0.0,5.492499971296638,"11,1,8,11,11,3,12,11,7,2","0:6-11,11-5,5-11;1:12-1;2:1-8;3:0-11;4:14-11,13-11,10-11;5:0-3;6:1-12,3-12;7:3-11;8:9-7;9:0-2"
829,proposed_c2f_adaptive_pd_calibrated,10,10,1.0,7,300,0.023333333333333334,15,1,14,640.0,1.0666666666666667,43304.5721332712,390.6578991235257,1.0,13511.0,13511.0,0.0,16.593600041233003,"11,1,8,11,11,3,12,11,7,2","0:6-11,11-5,5-11;1:12-1;2:1-8;3:0-11;4:14-11,13-11,10-11;5:0-3;6:1-12,3-12;7:3-11;8:9-7;9:0-2"
830,proposed_c2f_adaptive_pd,10,10,1.0,14,300,0.04666666666666667,13,1,12,640.0,1.0666666666666667,305.03471804432144,125.65972459603847,1.0,14185.0,14185.0,0.0,6.598800013307482,"0,12,6,9,0,10,4,14,3,3","0:9-0,0-9,8-0,11-0;1:0-12;2:10-6;3:11-9;4:9-0;5:3-10;6:0-4;7:5-14;8:1-3;9:2-3"
830,proposed_c2f_adaptive_pd_calibrated,10,10,1.0,15,300,0.05,13,1,12,640.0,1.0666666666666667,305.03471804432144,125.65972459603847,1.0,14185.0,14185.0,0.0,16.57019997946918,"0,12,6,9,0,10,4,14,3,3","0:9-0,0-9,8-0,11-0;1:0-12;2:10-6;3:11-9;4:9-0;5:3-10;6:0-4;7:5-14;8:1-3;9:2-3"
831,proposed_c2f_adaptive_pd,10,10,1.0,14,300,0.04666666666666667,13,1,12,640.0,1.0666666666666667,1010.3997485455384,224.31120817021934,1.0,16128.0,16128.0,0.0,4.806599987205118,"14,5,12,12,2,4,7,12,6,4","0:14-13,13-14,0-14;1:3-5;2:10-12,0-12;3:0-12;4:0-2;5:1-4;6:12-7;7:0-12;8:0-6;9:1-4"
831,proposed_c2f_adaptive_pd_calibrated,10,10,1.0,14,300,0.04666666666666667,13,1,12,640.0,1.0666666666666667,1010.3997485455384,224.31120817021934,1.0,16128.0,16128.0,0.0,16.43839996540919,"14,5,12,12,2,4,7,12,6,4","0:14-13,13-14,0-14;1:3-5;2:10-12,0-12;3:0-12;4:0-2;5:1-4;6:12-7;7:0-12;8:0-6;9:1-4"
832,proposed_c2f_adaptive_pd,10,10,1.0,21,300,0.07,11,1,10,640.0,1.0666666666666667,2724.074336570862,119.65838412720774,1.0,14295.0,14295.0,0.0,5.531099974177778,"1,1,2,1,1,2,13,9,9,14","0:0-1;1:2-1;2:2-5,12-2;3:3-1;4:3-1;5:4-2;6:2-13;7:7-9;8:7-9;9:1-14"
832,proposed_c2f_adaptive_pd_calibrated,10,10,1.0,23,300,0.07666666666666666,11,1,10,640.0,1.0666666666666667,2724.074336570862,119.65838412720774,1.0,14295.0,14295.0,0.0,9.61120001738891,"1,1,2,1,1,2,13,9,9,14","0:0-1;1:2-1;2:2-5,12-2;3:3-1;4:3-1;5:4-2;6:2-13;7:7-9;8:7-9;9:1-14"
833,proposed_c2f_adaptive_pd,9,10,0.9,15,270,0.05555555555555555,16,2,14,1280.0,2.1333333333333333,1272.4914748346125,57.071555402489665,0.9375,14819.0,14819.0,0.0,4.874999984167516,"11,9,9,6,8,12,7,3,0,10","0:9-11;1:1-9;2:0-9;3:9-6,6-10,10-6,9-10,11-6,14-6;4:0-8;5:0-12;6:1-7;7:1-3;8:10-0,6-0;9:0-10"
833,proposed_c2f_adaptive_pd_calibrated,9,10,0.9,16,270,0.05925925925925926,16,2,14,1280.0,2.1333333333333333,1272.4914748346125,57.071555402489665,0.9375,14819.0,14819.0,0.0,14.538299990817904,"11,9,9,6,8,12,7,3,0,10","0:9-11;1:1-9;2:0-9;3:9-6,6-10,10-6,9-10,11-6,14-6;4:0-8;5:0-12;6:1-7;7:1-3;8:10-0,6-0;9:0-10"
834,proposed_c2f_adaptive_pd,9,10,0.9,11,300,0.03666666666666667,22,2,20,1280.0,2.1333333333333333,323.03554681170624,112.80983739740691,1.0,26414.0,26414.0,0.0,12.167299981229007,"1,6,1,1,1,5,2,5,10,2","0:0-1;1:7-6,9-6,13-6,5-6,11-6;2:2-1;3:0-1;4:2-1;5:6-5,3-5,4-5,0-5;6:1-2;7:6-5,3-5,4-5,5-3,13-5,5-4;8:2-10;9:1-2"
834,proposed_c2f_adaptive_pd_calibrated,9,10,0.9,12,300,0.04,22,2,20,1280.0,2.1333333333333333,323.03554681170624,112.80983739740691,1.0,26414.0,26414.0,0.0,25.093600037507713,"1,6,1,1,1,5,2,5,10,2","0:0-1;1:7-6,9-6,13-6,5-6,11-6;2:2-1;3:0-1;4:2-1;5:6-5,3-5,4-5,0-5;6:1-2;7:6-5,3-5,4-5,5-3,13-5,5-4;8:2-10;9:1-2"
835,proposed_c2f_adaptive_pd,9,10,0.9,12,300,0.04,16,1,15,640.0,1.0666666666666667,2062.3031448248043,200.17355811975887,1.0,12061.0,12061.0,0.0,6.4962999895215034,"2,3,2,6,1,2,7,13,0,7","0:10-2;1:0-3;2:4-2;3:0-6;4:5-1,12-1,13-1,8-1,1-13,10-1;5:9-2,0-2;6:0-7;7:1-13;8:7-0;9:0-7"
835,proposed_c2f_adaptive_pd_calibrated,9,10,0.9,12,300,0.04,16,1,15,640.0,1.0666666666666667,2062.3031448248043,200.17355811975887,1.0,12061.0,12061.0,0.0,21.519800007808954,"2,3,2,6,1,2,7,13,0,7","0:10-2;1:0-3;2:4-2;3:0-6;4:5-1,12-1,13-1,8-1,1-13,10-1;5:9-2,0-2;6:0-7;7:1-13;8:7-0;9:0-7"
836,proposed_c2f_adaptive_pd,10,10,1.0,12,300,0.04,10,0,10,0.0,0.0,3144.072593397862,571.2566199265905,1.0,8503.0,8503.0,0.0,6.592799967620522,"8,6,11,6,4,4,12,9,2,0",0:0-8;1:3-6;2:0-11;3:1-6;4:10-4;5:6-4;6:6-12;7:4-9;8:3-2;9:1-0
836,proposed_c2f_adaptive_pd_calibrated,10,10,1.0,12,300,0.04,10,0,10,0.0,0.0,3144.072593397862,571.2566199265905,1.0,8503.0,8503.0,0.0,8.607900002971292,"8,6,11,6,4,4,12,9,2,0",0:0-8;1:3-6;2:0-11;3:1-6;4:10-4;5:6-4;6:6-12;7:4-9;8:3-2;9:1-0
837,proposed_c2f_adaptive_pd,10,10,1.0,15,300,0.05,10,0,10,0.0,0.0,4019.554463650968,1235.4391809769863,1.0,15658.0,15658.0,0.0,5.517299985513091,"7,4,11,13,11,14,12,7,9,4",0:8-7;1:1-4;2:0-11;3:1-13;4:0-11;5:0-14;6:11-12;7:8-7;8:0-9;9:6-4
837,proposed_c2f_adaptive_pd_calibrated,10,10,1.0,16,300,0.05333333333333334,10,0,10,0.0,0.0,4019.554463650968,1235.4391809769863,1.0,15658.0,15658.0,0.0,11.42449997132644,"7,4,11,13,11,14,12,7,9,4",0:8-7;1:1-4;2:0-11;3:1-13;4:0-11;5:0-14;6:11-12;7:8-7;8:0-9;9:6-4
838,proposed_c2f_adaptive_pd,10,10,1.0,23,300,0.07666666666666666,10,0,10,0.0,0.0,439147.8801856842,65.69574639304057,1.0,9252.0,9252.0,0.0,5.851800029631704,"14,10,6,11,12,0,3,11,12,6",0:6-14;1:2-10;2:10-6;3:2-11;4:0-12;5:1-0;6:2-3;7:3-11;8:0-12;9:1-6
838,proposed_c2f_adaptive_pd_calibrated,10,10,1.0,23,300,0.07666666666666666,10,0,10,0.0,0.0,439147.8801856842,65.69574639304057,1.0,9252.0,9252.0,0.0,12.615299958270043,"14,10,6,11,12,0,3,11,12,6",0:6-14;1:2-10;2:10-6;3:2-11;4:0-12;5:1-0;6:2-3;7:3-11;8:0-12;9:1-6
839,proposed_c2f_adaptive_pd,10,10,1.0,13,300,0.043333333333333335,18,4,14,2560.0,4.266666666666667,7351.425066536521,185.5774303731115,1.0,21336.0,21336.0,0.0,6.744000012986362,"13,11,9,0,13,13,7,1,3,0","0:13-14,14-13,10-13,13-4,4-13,14-4;1:0-11;2:0-9;3:1-0;4:14-13,13-14,4-13;5:14-13;6:0-7;7:0-1;8:0-3;9:10-0,6-0"
839,proposed_c2f_adaptive_pd_calibrated,10,10,1.0,13,300,0.043333333333333335,18,4,14,2560.0,4.266666666666667,7351.425066536521,185.5774303731115,1.0,21336.0,21336.0,0.0,19.111900008283556,"13,11,9,0,13,13,7,1,3,0","0:13-14,14-13,10-13,13-4,4-13,14-4;1:0-11;2:0-9;3:1-0;4:14-13,13-14,4-13;5:14-13;6:0-7;7:0-1;8:0-3;9:10-0,6-0"
840,proposed_c2f_adaptive_pd,10,10,1.0,16,300,0.05333333333333334,16,1,15,640.0,1.0666666666666667,5900.403832946067,43.71784139421777,1.0,17728.0,17728.0,0.0,9.383700031321496,"12,10,10,0,6,9,0,12,9,4","0:0-12;1:11-10;2:13-10;3:10-0,12-0;4:1-6;5:0-9;6:10-0,9-0,11-0,0-9,14-0,8-0;7:0-12;8:1-9;9:1-4"
840,proposed_c2f_adaptive_pd_calibrated,10,10,1.0,16,300,0.05333333333333334,16,1,15,640.0,1.0666666666666667,5900.403832946067,43.71784139421777,1.0,17728.0,17728.0,0.0,20.10979998158291,"12,10,10,0,6,9,0,12,9,4","0:0-12;1:11-10;2:13-10;3:10-0,12-0;4:1-6;5:0-9;6:10-0,9-0,11-0,0-9,14-0,8-0;7:0-12;8:1-9;9:1-4"
841,proposed_c2f_adaptive_pd,10,10,1.0,13,300,0.043333333333333335,17,3,14,1920.0,3.2,17703.637084177284,852.761364472286,1.0,13671.0,13671.0,0.0,7.094400003552437,"6,0,1,1,2,2,7,4,2,8","0:0-6;1:1-0;2:3-1,0-1,2-1,1-0,12-1,4-1;3:0-1;4:3-2;5:3-2;6:0-7;7:0-4;8:2-3,3-2,1-3;9:6-8"
841,proposed_c2f_adaptive_pd_calibrated,10,10,1.0,13,300,0.043333333333333335,17,3,14,1920.0,3.2,17703.637084177284,852.761364472286,1.0,13671.0,13671.0,0.0,19.971400033682585,"6,0,1,1,2,2,7,4,2,8","0:0-6;1:1-0;2:3-1,0-1,2-1,1-0,12-1,4-1;3:0-1;4:3-2;5:3-2;6:0-7;7:0-4;8:2-3,3-2,1-3;9:6-8"
842,proposed_c2f_adaptive_pd,10,10,1.0,18,300,0.06,10,0,10,0.0,0.0,18508.979846270646,171.15304218801577,1.0,10505.0,10505.0,0.0,3.4830999793484807,"1,12,9,11,3,8,0,7,6,1",0:3-1;1:0-12;2:0-9;3:0-11;4:0-3;5:1-8;6:2-0;7:0-7;8:0-6;9:4-1
842,proposed_c2f_adaptive_pd_calibrated,10,10,1.0,18,300,0.06,10,0,10,0.0,0.0,18508.979846270646,171.15304218801577,1.0,10505.0,10505.0,0.0,12.42769998498261,"1,12,9,11,3,8,0,7,6,1",0:3-1;1:0-12;2:0-9;3:0-11;4:0-3;5:1-8;6:2-0;7:0-7;8:0-6;9:4-1
843,proposed_c2f_adaptive_pd,10,10,1.0,13,300,0.043333333333333335,12,2,10,1280.0,2.1333333333333333,233.8888573684347,59.22850154187396,1.0,13168.0,13168.0,0.0,6.8317000404931605,"4,12,0,9,9,12,10,3,10,14","0:5-4;1:1-12;2:1-0;3:0-9;4:0-9;5:1-12;6:2-10;7:3-8,1-6,8-3;8:4-10;9:13-14"
843,proposed_c2f_adaptive_pd_calibrated,10,10,1.0,14,300,0.04666666666666667,12,2,10,1280.0,2.1333333333333333,233.8888573684347,59.22850154187396,1.0,13168.0,13168.0,0.0,11.977599991951138,"4,12,0,9,9,12,10,3,10,14","0:5-4;1:1-12;2:1-0;3:0-9;4:0-9;5:1-12;6:2-10;7:3-8,1-6,8-3;8:4-10;9:13-14"
844,proposed_c2f_adaptive_pd,10,10,1.0,14,300,0.04666666666666667,15,1,14,640.0,1.0666666666666667,34162.16308339179,62.842667566112624,1.0,13625.0,13625.0,0.0,8.788700040895492,"14,2,1,7,10,13,2,14,5,3","0:5-14;1:3-2;2:3-1;3:3-7,7-2,2-7,9-7,10-7,6-7;4:0-10;5:2-13;6:3-2;7:7-14;8:0-5;9:6-3"
844,proposed_c2f_adaptive_pd_calibrated,10,10,1.0,15,300,0.05,15,1,14,640.0,1.0666666666666667,34162.16308339179,62.842667566112624,1.0,13625.0,13625.0,0.0,19.7586000431329,"14,2,1,7,10,13,2,14,5,3","0:5-14;1:3-2;2:3-1;3:3-7,7-2,2-7,9-7,10-7,6-7;4:0-10;5:2-13;6:3-2;7:7-14;8:0-5;9:6-3"
845,proposed_c2f_adaptive_pd,9,10,0.9,15,300,0.05,16,3,13,1920.0,3.2,806.004613674068,164.1186180068001,1.0,18118.0,18118.0,0.0,8.943799999542534,"8,10,3,12,3,2,5,6,9,3","0:0-8;1:1-10;2:4-3;3:1-12;4:4-3;5:4-2,2-4,13-2,2-13,3-2;6:1-5;7:0-6;8:0-9,9-0,8-9;9:4-3"
845,proposed_c2f_adaptive_pd_calibrated,9,10,0.9,15,300,0.05,16,3,13,1920.0,3.2,806.004613674068,164.1186180068001,1.0,18118.0,18118.0,0.0,16.606699966359884,"8,10,3,12,3,2,5,6,9,3","0:0-8;1:1-10;2:4-3;3:1-12;4:4-3;5:4-2,2-4,13-2,2-13,3-2;6:1-5;7:0-6;8:0-9,9-0,8-9;9:4-3"
846,proposed_c2f_adaptive_pd,10,10,1.0,17,300,0.056666666666666664,12,0,12,0.0,0.0,2260.0977733427035,379.0195341844543,1.0,13866.0,13866.0,0.0,7.359799987170845,"1,3,0,13,4,4,2,7,12,14","0:5-1;1:7-3,13-3,11-3;2:3-0;3:0-13;4:0-4;5:2-4;6:0-2;7:3-7;8:0-12;9:1-14"
846,proposed_c2f_adaptive_pd_calibrated,10,10,1.0,17,300,0.056666666666666664,12,0,12,0.0,0.0,2260.0977733427035,379.0195341844543,1.0,13866.0,13866.0,0.0,14.949899981729686,"1,3,0,13,4,4,2,7,12,14","0:5-1;1:7-3,13-3,11-3;2:3-0;3:0-13;4:0-4;5:2-4;6:0-2;7:3-7;8:0-12;9:1-14"
847,proposed_c2f_adaptive_pd,10,10,1.0,17,300,0.056666666666666664,18,2,16,1280.0,2.1333333333333333,109574.08769104622,127.71073464255231,1.0,17394.0,17394.0,0.0,7.643899996764958,"1,2,11,2,12,3,6,10,4,4","0:1-4,4-1,5-1,2-1;1:1-2;2:0-11;3:7-2;4:7-12;5:13-3,0-3,10-3,12-3,3-0,7-3;6:0-6;7:0-10;8:0-4;9:0-4"
847,proposed_c2f_adaptive_pd_calibrated,10,10,1.0,18,300,0.06,18,2,16,1280.0,2.1333333333333333,109574.08769104622,127.71073464255231,1.0,17394.0,17394.0,0.0,15.944399987347424,"1,2,11,2,12,3,6,10,4,4","0:1-4,4-1,5-1,2-1;1:1-2;2:0-11;3:7-2;4:7-12;5:13-3,0-3,10-3,12-3,3-0,7-3;6:0-6;7:0-10;8:0-4;9:0-4"
848,proposed_c2f_adaptive_pd,10,10,1.0,16,300,0.05333333333333334,10,0,10,0.0,0.0,1285.0225993120268,162.81737979785615,1.0,12122.0,12122.0,0.0,4.269400029443204,"9,8,4,14,10,8,11,14,4,14",0:4-9;1:0-8;2:0-4;3:0-14;4:0-10;5:0-8;6:2-11;7:8-14;8:1-4;9:0-14
848,proposed_c2f_adaptive_pd_calibrated,10,10,1.0,16,300,0.05333333333333334,10,0,10,0.0,0.0,1285.0225993120268,162.81737979785615,1.0,12122.0,12122.0,0.0,10.675400029867887,"9,8,4,14,10,8,11,14,4,14",0:4-9;1:0-8;2:0-4;3:0-14;4:0-10;5:0-8;6:2-11;7:8-14;8:1-4;9:0-14
849,proposed_c2f_adaptive_pd,10,10,1.0,20,300,0.06666666666666667,10,0,10,0.0,0.0,10154.083812912086,1772.8644772706102,1.0,11079.0,11079.0,0.0,4.3691000319086015,"2,9,11,1,11,6,13,5,10,2",0:0-2;1:5-9;2:1-11;3:0-1;4:1-11;5:0-6;6:0-13;7:1-5;8:1-10;9:0-2
849,proposed_c2f_adaptive_pd_calibrated,10,10,1.0,21,300,0.07,10,0,10,0.0,0.0,10154.083812912086,1772.8644772706102,1.0,11079.0,11079.0,0.0,10.549500002525747,"2,9,11,1,11,6,13,5,10,2",0:0-2;1:5-9;2:1-11;3:0-1;4:1-11;5:0-6;6:0-13;7:1-5;8:1-10;9:0-2
850,proposed_c2f_adaptive_pd,10,10,1.0,14,300,0.04666666666666667,12,1,11,640.0,1.0666666666666667,710.888115611511,284.4674732589549,1.0,14053.0,14053.0,0.0,7.202900014817715,"7,3,7,1,7,13,14,5,3,5","0:1-7,7-1,14-7;1:0-3;2:12-7;3:0-1;4:0-7;5:7-13;6:0-14;7:6-5;8:4-3;9:0-5"
850,proposed_c2f_adaptive_pd_calibrated,10,10,1.0,15,300,0.05,12,1,11,640.0,1.0666666666666667,710.888115611511,284.4674732589549,1.0,14053.0,14053.0,0.0,12.308800010941923,"7,3,7,1,7,13,14,5,3,5","0:1-7,7-1,14-7;1:0-3;2:12-7;3:0-1;4:0-7;5:7-13;6:0-14;7:6-5;8:4-3;9:0-5"
851,proposed_c2f_adaptive_pd,10,10,1.0,20,300,0.06666666666666667,17,1,16,640.0,1.0666666666666667,554.0299862559207,100.06453237522835,1.0,19444.0,19444.0,0.0,6.704400002490729,"13,6,3,13,11,3,8,4,14,12","0:10-13;1:0-6;2:14-3,1-3,10-3;3:10-13;4:4-11;5:1-3,14-3;6:0-8;7:12-4,11-4;8:3-14,14-9,9-14,1-14;9:0-12"
851,proposed_c2f_adaptive_pd_calibrated,10,10,1.0,21,300,0.07,17,1,16,640.0,1.0666666666666667,554.0299862559207,100.06453237522835,1.0,19444.0,19444.0,0.0,20.061700022779405,"13,6,3,13,11,3,8,4,14,12","0:10-13;1:0-6;2:14-3,1-3,10-3;3:10-13;4:4-11;5:1-3,14-3;6:0-8;7:12-4,11-4;8:3-14,14-9,9-14,1-14;9:0-12"
852,proposed_c2f_adaptive_pd,10,10,1.0,15,300,0.05,10,0,10,0.0,0.0,8176.214143339399,594.43054697088,1.0,9273.0,9273.0,0.0,4.995200026314706,"4,8,6,14,9,7,6,8,7,4",0:0-4;1:0-8;2:0-6;3:0-14;4:8-9;5:0-7;6:0-6;7:1-8;8:0-7;9:1-4
852,proposed_c2f_adaptive_pd_calibrated,10,10,1.0,15,300,0.05,10,0,10,0.0,0.0,8176.214143339399,594.43054697088,1.0,9273.0,9273.0,0.0,13.907200016546994,"4,8,6,14,9,7,6,8,7,4",0:0-4;1:0-8;2:0-6;3:0-14;4:8-9;5:0-7;6:0-6;7:1-8;8:0-7;9:1-4
853,proposed_c2f_adaptive_pd,9,10,0.9,10,300,0.03333333333333333,20,4,16,2560.0,4.266666666666667,2572.077782740979,395.96280340394003,1.0,19621.0,19621.0,0.0,7.718199980445206,"9,12,7,3,6,6,3,6,14,5","0:0-9;1:0-12;2:2-7;3:3-4,4-3,5-3,2-3,5-4,9-3;4:0-6;5:0-6;6:3-4,4-3,2-3,3-2,9-3,0-3;7:0-6;8:0-14;9:2-5"
853,proposed_c2f_adaptive_pd_calibrated,9,10,0.9,10,300,0.03333333333333333,20,4,16,2560.0,4.266666666666667,2572.077782740979,395.96280340394003,1.0,19621.0,19621.0,0.0,26.63500001654029,"9,12,7,3,6,6,3,6,14,5","0:0-9;1:0-12;2:2-7;3:3-4,4-3,5-3,2-3,5-4,9-3;4:0-6;5:0-6;6:3-4,4-3,2-3,3-2,9-3,0-3;7:0-6;8:0-14;9:2-5"
854,proposed_c2f_adaptive_pd,10,10,1.0,12,300,0.04,15,0,15,0.0,0.0,539.850380790702,149.49127214666063,1.0,20537.0,20537.0,0.0,5.865000013727695,"14,1,14,1,12,12,12,4,9,10","0:2-14;1:9-1;2:0-14;3:0-1;4:0-12;5:11-12,2-12,6-12;6:11-12,0-12,2-12,10-12;7:2-4;8:0-9;9:0-10"
854,proposed_c2f_adaptive_pd_calibrated,10,10,1.0,12,300,0.04,15,0,15,0.0,0.0,539.850380790702,149.49127214666063,1.0,20537.0,20537.0,0.0,21.29070000955835,"14,1,14,1,12,12,12,4,9,10","0:2-14;1:9-1;2:0-14;3:0-1;4:0-12;5:11-12,2-12,6-12;6:11-12,0-12,2-12,10-12;7:2-4;8:0-9;9:0-10"
855,proposed_c2f_adaptive_pd,9,10,0.9,15,300,0.05,18,3,15,1920.0,3.2,91.90251869692617,43.055221307574,1.0,22388.0,22388.0,0.0,7.459499989636242,"3,8,3,14,13,13,3,3,3,0","0:14-3;1:0-8;2:0-3,3-0,12-3,1-3;3:0-14;4:3-13;5:4-13;6:4-3;7:0-3,3-0,13-3,12-3,14-3,3-14;8:4-3;9:12-0"
855,proposed_c2f_adaptive_pd_calibrated,9,10,0.9,15,300,0.05,18,3,15,1920.0,3.2,91.90251869692617,43.055221307574,1.0,22388.0,22388.0,0.0,20.636800036299974,"3,8,3,14,13,13,3,3,3,0","0:14-3;1:0-8;2:0-3,3-0,12-3,1-3;3:0-14;4:3-13;5:4-13;6:4-3;7:0-3,3-0,13-3,12-3,14-3,3-14;8:4-3;9:12-0"
856,proposed_c2f_adaptive_pd,10,10,1.0,9,300,0.03,22,4,18,2560.0,4.266666666666667,1325.057599435459,228.640274581208,1.0,25688.0,25688.0,0.0,8.664699969813228,"6,14,14,9,14,7,7,0,8,6","0:0-6;1:0-14;2:10-14,7-14,14-10,13-14,0-14,4-14;3:11-9;4:0-14;5:14-7,7-10,10-7,14-10,13-7,7-13;6:11-7,13-7,10-7;7:1-0;8:0-8;9:2-6"
856,proposed_c2f_adaptive_pd_calibrated,10,10,1.0,9,300,0.03,22,4,18,2560.0,4.266666666666667,1325.057599435459,228.640274581208,1.0,25688.0,25688.0,0.0,25.405899970792234,"6,14,14,9,14,7,7,0,8,6","0:0-6;1:0-14;2:10-14,7-14,14-10,13-14,0-14,4-14;3:11-9;4:0-14;5:14-7,7-10,10-7,14-10,13-7,7-13;6:11-7,13-7,10-7;7:1-0;8:0-8;9:2-6"
857,proposed_c2f_adaptive_pd,10,10,1.0,17,300,0.056666666666666664,17,1,16,640.0,1.0666666666666667,10441.128630458088,149.26688650170638,1.0,16965.0,16965.0,0.0,9.032099973410368,"2,11,4,4,1,14,2,11,9,12","0:0-2;1:6-11;2:6-4,4-6,11-4,12-4,14-4;3:1-4;4:0-1;5:0-14;6:1-2,13-2,7-2,0-2;7:6-11;8:6-9;9:6-12"
857,proposed_c2f_adaptive_pd_calibrated,10,10,1.0,17,300,0.056666666666666664,17,1,16,640.0,1.0666666666666667,10441.128630458088,149.26688650170638,1.0,16965.0,16965.0,0.0,22.92629994917661,"2,11,4,4,1,14,2,11,9,12","0:0-2;1:6-11;2:6-4,4-6,11-4,12-4,14-4;3:1-4;4:0-1;5:0-14;6:1-2,13-2,7-2,0-2;7:6-11;8:6-9;9:6-12"
858,proposed_c2f_adaptive_pd,10,10,1.0,12,300,0.04,15,3,12,1920.0,3.2,477.08179246214013,132.5898047838328,1.0,13825.0,13825.0,0.0,7.439800014253706,"7,3,7,2,1,0,0,2,7,14","0:3-7;1:0-3;2:0-7;3:2-9,2-1,1-2,9-2,0-2,1-9;4:0-1;5:1-0;6:5-0;7:0-2;8:0-7;9:1-14"
858,proposed_c2f_adaptive_pd_calibrated,10,10,1.0,12,300,0.04,15,3,12,1920.0,3.2,477.08179246214013,132.5898047838328,1.0,13825.0,13825.0,0.0,18.504299980122596,"7,3,7,2,1,0,0,2,7,14","0:3-7;1:0-3;2:0-7;3:2-9,2-1,1-2,9-2,0-2,1-9;4:0-1;5:1-0;6:5-0;7:0-2;8:0-7;9:1-14"
859,proposed_c2f_adaptive_pd,10,10,1.0,16,300,0.05333333333333334,11,0,11,0.0,0.0,396.1609683096742,285.506667623132,1.0,10503.0,10503.0,0.0,5.844100029207766,"3,6,2,13,8,7,12,1,6,1","0:10-3,11-3;1:0-6;2:4-2;3:0-13;4:4-8;5:2-7;6:1-12;7:3-1;8:0-6;9:10-1"
859,proposed_c2f_adaptive_pd_calibrated,10,10,1.0,17,300,0.056666666666666664,11,0,11,0.0,0.0,396.1609683096742,285.506667623132,1.0,10503.0,10503.0,0.0,13.321899983566254,"3,6,2,13,8,7,12,1,6,1","0:10-3,11-3;1:0-6;2:4-2;3:0-13;4:4-8;5:2-7;6:1-12;7:3-1;8:0-6;9:10-1"
860,proposed_c2f_adaptive_pd,10,10,1.0,9,300,0.03,11,1,10,640.0,1.0666666666666667,511678.0038767038,147.7603604375425,1.0,9948.0,9948.0,0.0,6.059299979824573,"7,1,11,2,7,10,9,12,13,9","0:1-7;1:0-1;2:12-11;3:0-2;4:1-7;5:3-10;6:0-9;7:12-3,3-12;8:0-13;9:0-9"
860,proposed_c2f_adaptive_pd_calibrated,10,10,1.0,9,300,0.03,11,1,10,640.0,1.0666666666666667,511678.0038767038,147.7603604375425,1.0,9948.0,9948.0,0.0,14.152499963529408,"7,1,11,2,7,10,9,12,13,9","0:1-7;1:0-1;2:12-11;3:0-2;4:1-7;5:3-10;6:0-9;7:12-3,3-12;8:0-13;9:0-9"
861,proposed_c2f_adaptive_pd,10,10,1.0,24,300,0.08,11,0,11,0.0,0.0,1281.6391754199071,762.0191714564519,1.0,11796.0,11796.0,0.0,4.75449999794364,"9,10,14,13,9,6,11,8,3,10","0:2-9;1:1-10;2:1-14;3:1-13;4:0-9;5:0-6;6:2-11,5-11;7:1-8;8:9-3;9:0-10"
861,proposed_c2f_adaptive_pd_calibrated,10,10,1.0,24,300,0.08,11,0,11,0.0,0.0,1281.6391754199071,762.0191714564519,1.0,11796.0,11796.0,0.0,12.44690001476556,"9,10,14,13,9,6,11,8,3,10","0:2-9;1:1-10;2:1-14;3:1-13;4:0-9;5:0-6;6:2-11,5-11;7:1-8;8:9-3;9:0-10"
862,proposed_c2f_adaptive_pd,9,10,0.9,16,270,0.05925925925925926,10,0,10,0.0,0.0,12106.277404875937,1216.0035160763532,0.9,11583.0,11583.0,0.0,4.866699979174882,"10,0,4,11,5,8,9,6,12,9",0:0-10;1:6-0;2:0-4;3:4-11;4:1-5;5:0-8;6:0-9;7:0-6;8:6-12;9:0-9
862,proposed_c2f_adaptive_pd_calibrated,9,10,0.9,17,270,0.06296296296296296,10,0,10,0.0,0.0,12106.277404875937,1216.0035160763532,0.9,11583.0,11583.0,0.0,10.120599996298552,"10,0,4,11,5,8,9,6,12,9",0:0-10;1:6-0;2:0-4;3:4-11;4:1-5;5:0-8;6:0-9;7:0-6;8:6-12;9:0-9
863,proposed_c2f_adaptive_pd,9,10,0.9,21,300,0.07,10,0,10,0.0,0.0,249739.8520429639,69.31451002447932,1.0,7383.0,7383.0,0.0,5.465099995490164,"14,11,4,7,7,6,7,3,8,14",0:4-14;1:1-11;2:1-4;3:0-7;4:0-7;5:0-6;6:0-7;7:0-3;8:5-8;9:1-14
863,proposed_c2f_adaptive_pd_calibrated,9,10,0.9,22,300,0.07333333333333333,10,0,10,0.0,0.0,249739.8520429639,69.31451002447932,1.0,7383.0,7383.0,0.0,13.757800043094903,"14,11,4,7,7,6,7,3,8,14",0:4-14;1:1-11;2:1-4;3:0-7;4:0-7;5:0-6;6:0-7;7:0-3;8:5-8;9:1-14
864,proposed_c2f_adaptive_pd,10,10,1.0,13,300,0.043333333333333335,12,0,12,0.0,0.0,330.06023762092957,184.1048591297249,1.0,13871.0,13871.0,0.0,6.653199961874634,"7,0,6,14,11,11,0,0,11,6","0:0-7;1:1-0;2:0-6;3:11-14;4:14-11;5:10-11,14-11,12-11;6:1-0;7:3-0;8:0-11;9:2-6"
864,proposed_c2f_adaptive_pd_calibrated,10,10,1.0,13,300,0.043333333333333335,12,0,12,0.0,0.0,330.06023762092957,184.1048591297249,1.0,13871.0,13871.0,0.0,10.383700020611286,"7,0,6,14,11,11,0,0,11,6","0:0-7;1:1-0;2:0-6;3:11-14;4:14-11;5:10-11,14-11,12-11;6:1-0;7:3-0;8:0-11;9:2-6"
865,proposed_c2f_adaptive_pd,10,10,1.0,14,300,0.04666666666666667,12,0,12,0.0,0.0,4509.937889565243,157.8464970220348,1.0,14261.0,14261.0,0.0,6.828100013080984,"4,7,7,12,8,11,4,3,10,3","0:9-4,7-4;1:0-7;2:5-7;3:2-12;4:0-8;5:0-11;6:12-4;7:0-3;8:0-10;9:2-3,6-3"
865,proposed_c2f_adaptive_pd_calibrated,10,10,1.0,14,300,0.04666666666666667,12,0,12,0.0,0.0,4509.937889565243,157.8464970220348,1.0,14261.0,14261.0,0.0,18.175399978645146,"4,7,7,12,8,11,4,3,10,3","0:9-4,7-4;1:0-7;2:5-7;3:2-12;4:0-8;5:0-11;6:12-4;7:0-3;8:0-10;9:2-3,6-3"
866,proposed_c2f_adaptive_pd,10,10,1.0,14,300,0.04666666666666667,11,0,11,0.0,0.0,200.22544789093632,150.00105584992704,1.0,15504.0,15504.0,0.0,6.048299954272807,"4,13,7,11,14,9,3,4,7,13","0:3-4;1:8-13,1-13;2:0-7;3:7-11;4:4-14;5:0-9;6:11-3;7:0-4;8:8-7;9:1-13"
866,proposed_c2f_adaptive_pd_calibrated,10,10,1.0,15,300,0.05,11,0,11,0.0,0.0,200.22544789093632,150.00105584992704,1.0,15504.0,15504.0,0.0,13.242100016213953,"4,13,7,11,14,9,3,4,7,13","0:3-4;1:8-13,1-13;2:0-7;3:7-11;4:4-14;5:0-9;6:11-3;7:0-4;8:8-7;9:1-13"
867,proposed_c2f_adaptive_pd,10,10,1.0,12,300,0.04,15,1,14,640.0,1.0666666666666667,26567.91299725137,75.45173024456676,1.0,14273.0,14273.0,0.0,8.901300025172532,"2,7,13,14,8,7,3,3,3,7","0:0-2;1:3-7;2:1-13;3:1-14;4:5-8;5:5-7,7-5,12-7,9-7,10-7,6-7;6:1-3;7:2-3;8:1-3;9:5-7"
867,proposed_c2f_adaptive_pd_calibrated,10,10,1.0,13,300,0.043333333333333335,15,1,14,640.0,1.0666666666666667,26567.91299725137,75.45173024456676,1.0,14273.0,14273.0,0.0,19.092300033662468,"2,7,13,14,8,7,3,3,3,7","0:0-2;1:3-7;2:1-13;3:1-14;4:5-8;5:5-7,7-5,12-7,9-7,10-7,6-7;6:1-3;7:2-3;8:1-3;9:5-7"
868,proposed_c2f_adaptive_pd,10,10,1.0,11,300,0.03666666666666667,15,3,12,1920.0,3.2,5653.800370882799,259.29523080409353,1.0,15865.0,15865.0,0.0,5.01069996971637,"8,1,1,8,2,11,4,13,5,14","0:11-8;1:0-1,10-1,1-0,1-10,1-13,4-1;2:0-1;3:3-8;4:0-2;5:8-11;6:0-4;7:0-13;8:0-5;9:0-14"
868,proposed_c2f_adaptive_pd_calibrated,10,10,1.0,13,300,0.043333333333333335,15,3,12,1920.0,3.2,5653.800370882799,259.29523080409353,1.0,15865.0,15865.0,0.0,18.18969997111708,"8,1,1,8,2,11,4,13,5,14","0:11-8;1:0-1,10-1,1-0,1-10,1-13,4-1;2:0-1;3:3-8;4:0-2;5:8-11;6:0-4;7:0-13;8:0-5;9:0-14"
869,proposed_c2f_adaptive_pd,10,10,1.0,24,300,0.08,10,0,10,0.0,0.0,993.4398290585234,113.98600488413526,1.0,10239.0,10239.0,0.0,4.396500007715076,"1,1,3,0,13,5,14,9,7,2",0:0-1;1:2-1;2:12-3;3:7-0;4:0-13;5:0-5;6:0-14;7:3-9;8:4-7;9:1-2
869,proposed_c2f_adaptive_pd_calibrated,10,10,1.0,24,300,0.08,10,0,10,0.0,0.0,993.4398290585234,113.98600488413526,1.0,10239.0,10239.0,0.0,11.311800044495612,"1,1,3,0,13,5,14,9,7,2",0:0-1;1:2-1;2:12-3;3:7-0;4:0-13;5:0-5;6:0-14;7:3-9;8:4-7;9:1-2
870,proposed_c2f_adaptive_pd,10,10,1.0,19,300,0.06333333333333334,12,0,12,0.0,0.0,271.4508672246164,75.7462521296089,1.0,14148.0,14148.0,0.0,4.605899972375482,"3,12,7,3,3,1,13,10,7,13","0:4-3;1:0-12;2:0-7;3:2-3;4:2-3;5:2-1;6:0-13;7:1-10;8:13-7,14-7;9:14-13,7-13"
870,proposed_c2f_adaptive_pd_calibrated,10,10,1.0,19,300,0.06333333333333334,12,0,12,0.0,0.0,271.4508672246164,75.7462521296089,1.0,14148.0,14148.0,0.0,14.874099986627698,"3,12,7,3,3,1,13,10,7,13","0:4-3;1:0-12;2:0-7;3:2-3;4:2-3;5:2-1;6:0-13;7:1-10;8:13-7,14-7;9:14-13,7-13"
871,proposed_c2f_adaptive_pd,10,10,1.0,21,300,0.07,11,0,11,0.0,0.0,2052.948919644991,326.5496598902944,1.0,10116.0,10116.0,0.0,3.7187999696470797,"12,7,9,2,5,8,12,0,9,13","0:8-12,0-12;1:1-7;2:13-9;3:3-2;4:0-5;5:0-8;6:7-12;7:1-0;8:1-9;9:7-13"
871,proposed_c2f_adaptive_pd_calibrated,10,10,1.0,21,300,0.07,11,0,11,0.0,0.0,2052.948919644991,326.5496598902944,1.0,10116.0,10116.0,0.0,12.777999974787235,"12,7,9,2,5,8,12,0,9,13","0:8-12,0-12;1:1-7;2:13-9;3:3-2;4:0-5;5:0-8;6:7-12;7:1-0;8:1-9;9:7-13"
872,proposed_c2f_adaptive_pd,10,10,1.0,13,300,0.043333333333333335,11,0,11,0.0,0.0,3737.3540360711586,191.76755351922907,1.0,12297.0,12297.0,0.0,6.6766999661922455,"13,10,13,1,1,0,9,14,1,14","0:1-13;1:4-10;2:0-13;3:12-1;4:14-1,12-1;5:1-0;6:0-9;7:0-14;8:0-1;9:0-14"
872,proposed_c2f_adaptive_pd_calibrated,10,10,1.0,14,300,0.04666666666666667,11,0,11,0.0,0.0,3737.3540360711586,191.76755351922907,1.0,12297.0,12297.0,0.0,13.252300035674125,"13,10,13,1,1,0,9,14,1,14","0:1-13;1:4-10;2:0-13;3:12-1;4:14-1,12-1;5:1-0;6:0-9;7:0-14;8:0-1;9:0-14"
873,proposed_c2f_adaptive_pd,10,10,1.0,13,300,0.043333333333333335,10,0,10,0.0,0.0,115536.54432770205,382.3822336808037,1.0,11800.0,11800.0,0.0,4.823600000236183,"11,3,8,8,12,1,14,10,14,11",0:9-11;1:0-3;2:0-8;3:0-8;4:4-12;5:8-1;6:1-14;7:0-10;8:1-14;9:1-11
873,proposed_c2f_adaptive_pd_calibrated,10,10,1.0,13,300,0.043333333333333335,10,0,10,0.0,0.0,115536.54432770205,382.3822336808037,1.0,11800.0,11800.0,0.0,11.368200008291751,"11,3,8,8,12,1,14,10,14,11",0:9-11;1:0-3;2:0-8;3:0-8;4:4-12;5:8-1;6:1-14;7:0-10;8:1-14;9:1-11
874,proposed_c2f_adaptive_pd,9,10,0.9,20,300,0.06666666666666667,11,1,10,640.0,1.0666666666666667,14904002.366894573,149.7571104159627,1.0,7764.0,7764.0,0.0,4.379399993922561,"1,4,9,1,0,1,9,12,4,10","0:0-1;1:3-4;2:0-9;3:7-1;4:1-0;5:0-1;6:0-9;7:2-12;8:4-3,2-4;9:2-10"
874,proposed_c2f_adaptive_pd_calibrated,9,10,0.9,20,300,0.06666666666666667,11,1,10,640.0,1.0666666666666667,14904002.366894573,149.7571104159627,1.0,7764.0,7764.0,0.0,13.05900001898408,"1,4,9,1,0,1,9,12,4,10","0:0-1;1:3-4;2:0-9;3:7-1;4:1-0;5:0-1;6:0-9;7:2-12;8:4-3,2-4;9:2-10"
875,proposed_c2f_adaptive_pd,9,10,0.9,12,300,0.04,15,2,13,1280.0,2.1333333333333333,156633.795692256,160.31240829991668,1.0,13559.0,13559.0,0.0,8.504199970047921,"5,7,2,7,11,5,2,8,1,13","0:1-5;1:0-7;2:0-2;3:0-7;4:0-11;5:13-5,5-13,3-5,8-5,9-5,3-13;6:0-2;7:3-8;8:0-1;9:0-13"
875,proposed_c2f_adaptive_pd_calibrated,9,10,0.9,13,300,0.043333333333333335,15,2,13,1280.0,2.1333333333333333,156633.795692256,160.31240829991668,1.0,13559.0,13559.0,0.0,17.0516999787651,"5,7,2,7,11,5,2,8,1,13","0:1-5;1:0-7;2:0-2;3:0-7;4:0-11;5:13-5,5-13,3-5,8-5,9-5,3-13;6:0-2;7:3-8;8:0-1;9:0-13"
876,proposed_c2f_adaptive_pd,9,10,0.9,11,300,0.03666666666666667,12,1,11,640.0,1.0666666666666667,185914.94107550214,1150.6803125131598,1.0,9711.0,9711.0,0.0,5.593999987468123,"14,14,9,9,5,9,0,7,9,0","0:0-14;1:0-14;2:5-9,4-9;3:1-9;4:5-9,9-5;5:0-9;6:1-0;7:4-7;8:5-9;9:1-0"
876,proposed_c2f_adaptive_pd_calibrated,9,10,0.9,12,300,0.04,12,1,11,640.0,1.0666666666666667,185914.94107550214,1150.6803125131598,1.0,9711.0,9711.0,0.0,13.839200022630394,"14,14,9,9,5,9,0,7,9,0","0:0-14;1:0-14;2:5-9,4-9;3:1-9;4:5-9,9-5;5:0-9;6:1-0;7:4-7;8:5-9;9:1-0"
877,proposed_c2f_adaptive_pd,10,10,1.0,10,300,0.03333333333333333,10,0,10,0.0,0.0,766.3973749150516,558.1614553642974,1.0,10743.0,10743.0,0.0,3.4772000508382916,"14,6,14,14,14,5,1,7,13,1",0:1-14;1:1-6;2:0-14;3:0-14;4:0-14;5:12-5;6:5-1;7:5-7;8:0-13;9:6-1
877,proposed_c2f_adaptive_pd_calibrated,10,10,1.0,10,300,0.03333333333333333,10,0,10,0.0,0.0,766.3973749150516,558.1614553642974,1.0,10743.0,10743.0,0.0,14.01579997036606,"14,6,14,14,14,5,1,7,13,1",0:1-14;1:1-6;2:0-14;3:0-14;4:0-14;5:12-5;6:5-1;7:5-7;8:0-13;9:6-1
878,proposed_c2f_adaptive_pd,10,10,1.0,17,300,0.056666666666666664,10,0,10,0.0,0.0,1407.170298282966,72.0099917014699,1.0,14474.0,14474.0,0.0,6.23160001123324,"8,14,5,10,10,0,5,1,10,6",0:10-8;1:0-14;2:0-5;3:3-10;4:0-10;5:12-0;6:14-5;7:2-1;8:4-10;9:1-6
878,proposed_c2f_adaptive_pd_calibrated,10,10,1.0,18,300,0.06,10,0,10,0.0,0.0,1407.170298282966,72.0099917014699,1.0,14474.0,14474.0,0.0,9.428300021681935,"8,14,5,10,10,0,5,1,10,6",0:10-8;1:0-14;2:0-5;3:3-10;4:0-10;5:12-0;6:14-5;7:2-1;8:4-10;9:1-6
879,proposed_c2f_adaptive_pd,10,10,1.0,11,300,0.03666666666666667,19,4,15,2560.0,4.266666666666667,508.53314821374823,72.09813518261059,1.0,18240.0,18240.0,0.0,10.530399973504245,"7,14,0,0,12,4,14,4,12,2","0:0-7;1:0-14;2:1-0;3:1-0;4:0-12;5:1-4;6:1-14;7:9-4,6-4,1-4,0-4,4-1,11-4;8:0-12;9:2-3,3-2,3-12,2-12,12-2"
879,proposed_c2f_adaptive_pd_calibrated,10,10,1.0,12,300,0.04,19,4,15,2560.0,4.266666666666667,508.53314821374823,72.09813518261059,1.0,18240.0,18240.0,0.0,24.300599994603544,"7,14,0,0,12,4,14,4,12,2","0:0-7;1:0-14;2:1-0;3:1-0;4:0-12;5:1-4;6:1-14;7:9-4,6-4,1-4,0-4,4-1,11-4;8:0-12;9:2-3,3-2,3-12,2-12,12-2"
880,proposed_c2f_adaptive_pd,10,10,1.0,24,300,0.08,15,1,14,640.0,1.0666666666666667,1823792.2807850428,1174.8819597913525,1.0,12505.0,12505.0,0.0,7.212700031232089,"8,4,11,2,10,2,11,8,2,11","0:0-8;1:1-4;2:0-11;3:1-2;4:14-10,10-14,3-10,2-10,12-10,0-10;5:1-2;6:0-11;7:0-8;8:3-2;9:0-11"
880,proposed_c2f_adaptive_pd_calibrated,10,10,1.0,24,300,0.08,15,1,14,640.0,1.0666666666666667,1823792.2807850428,1174.8819597913525,1.0,12505.0,12505.0,0.0,16.124000016134232,"8,4,11,2,10,2,11,8,2,11","0:0-8;1:1-4;2:0-11;3:1-2;4:14-10,10-14,3-10,2-10,12-10,0-10;5:1-2;6:0-11;7:0-8;8:3-2;9:0-11"
881,proposed_c2f_adaptive_pd,9,10,0.9,16,300,0.05333333333333334,12,0,12,0.0,0.0,2965.1098713212346,725.1255237862292,1.0,14148.0,14148.0,0.0,5.0339000299572945,"14,4,13,13,11,2,8,14,4,6","0:0-14;1:5-4;2:6-13,11-13;3:6-13,14-13;4:4-11;5:0-2;6:3-8;7:0-14;8:8-4;9:1-6"
881,proposed_c2f_adaptive_pd_calibrated,9,10,0.9,17,300,0.056666666666666664,12,0,12,0.0,0.0,2965.1098713212346,725.1255237862292,1.0,14148.0,14148.0,0.0,15.480100002605468,"14,4,13,13,11,2,8,14,4,6","0:0-14;1:5-4;2:6-13,11-13;3:6-13,14-13;4:4-11;5:0-2;6:3-8;7:0-14;8:8-4;9:1-6"
882,proposed_c2f_adaptive_pd,9,10,0.9,14,300,0.04666666666666667,15,4,11,2560.0,4.266666666666667,1127.8328583906602,255.16498895358296,1.0,12533.0,12533.0,0.0,8.207899983972311,"14,12,13,10,6,14,0,1,13,6","0:2-14;1:3-12;2:2-13;3:0-10;4:6-9,9-6,4-9,11-9,11-6,1-9;5:0-14;6:1-0;7:0-1;8:2-13;9:4-6"
882,proposed_c2f_adaptive_pd_calibrated,9,10,0.9,14,300,0.04666666666666667,15,4,11,2560.0,4.266666666666667,1127.8328583906602,255.16498895358296,1.0,12533.0,12533.0,0.0,19.079699995927513,"14,12,13,10,6,14,0,1,13,6","0:2-14;1:3-12;2:2-13;3:0-10;4:6-9,9-6,4-9,11-9,11-6,1-9;5:0-14;6:1-0;7:0-1;8:2-13;9:4-6"
883,proposed_c2f_adaptive_pd,10,10,1.0,8,300,0.02666666666666667,15,1,14,640.0,1.0666666666666667,276.2746890045369,172.55434717698353,1.0,17556.0,17556.0,0.0,7.749800046440214,"0,5,0,9,11,5,12,14,10,2","0:12-0,0-12,5-0,6-0;1:0-5;2:5-0,2-0;3:1-9;4:0-11;5:2-5;6:0-12;7:0-14;8:1-10;9:4-2,14-2"
883,proposed_c2f_adaptive_pd_calibrated,10,10,1.0,8,300,0.02666666666666667,15,1,14,640.0,1.0666666666666667,276.2746890045369,172.55434717698353,1.0,17556.0,17556.0,0.0,16.57650002744049,"0,5,0,9,11,5,12,14,10,2","0:12-0,0-12,5-0,6-0;1:0-5;2:5-0,2-0;3:1-9;4:0-11;5:2-5;6:0-12;7:0-14;8:1-10;9:4-2,14-2"
884,proposed_c2f_adaptive_pd,10,10,1.0,14,300,0.04666666666666667,10,0,10,0.0,0.0,4537.133636080269,280.4552969324021,1.0,13431.0,13431.0,0.0,4.646799992769957,"3,10,1,3,13,10,5,8,10,9",0:1-3;1:0-10;2:0-1;3:4-3;4:2-13;5:0-10;6:3-5;7:0-8;8:5-10;9:0-9
884,proposed_c2f_adaptive_pd_calibrated,10,10,1.0,14,300,0.04666666666666667,10,0,10,0.0,0.0,4537.133636080269,280.4552969324021,1.0,13431.0,13431.0,0.0,8.451299974694848,"3,10,1,3,13,10,5,8,10,9",0:1-3;1:0-10;2:0-1;3:4-3;4:2-13;5:0-10;6:3-5;7:0-8;8:5-10;9:0-9
885,proposed_c2f_adaptive_pd,10,10,1.0,11,300,0.03666666666666667,12,0,12,0.0,0.0,53395.2284127287,243.98301232105698,1.0,17698.0,17698.0,0.0,4.5288000255823135,"12,3,0,5,6,11,12,12,12,1","0:1-12;1:2-3;2:5-0;3:1-5,0-5;4:2-6,5-6;5:2-11;6:1-12;7:0-12;8:5-12;9:12-1"
885,proposed_c2f_adaptive_pd_calibrated,10,10,1.0,11,300,0.03666666666666667,12,0,12,0.0,0.0,53395.2284127287,243.98301232105698,1.0,17698.0,17698.0,0.0,17.411199980415404,"12,3,0,5,6,11,12,12,12,1","0:1-12;1:2-3;2:5-0;3:1-5,0-5;4:2-6,5-6;5:2-11;6:1-12;7:0-12;8:5-12;9:12-1"
886,proposed_c2f_adaptive_pd,10,10,1.0,7,300,0.023333333333333334,15,3,12,1920.0,3.2,241.6017508037071,178.7423769151082,1.0,13877.0,13877.0,0.0,5.263800034299493,"12,8,13,13,12,5,5,13,8,8","0:2-12;1:5-8;2:1-13;3:1-13;4:5-12;5:0-5;6:0-5;7:1-13;8:5-8;9:8-12,12-8,14-8,8-14,8-5,5-8"
886,proposed_c2f_adaptive_pd_calibrated,10,10,1.0,7,300,0.023333333333333334,15,3,12,1920.0,3.2,241.6017508037071,178.7423769151082,1.0,13877.0,13877.0,0.0,20.474700024351478,"12,8,13,13,12,5,5,13,8,8","0:2-12;1:5-8;2:1-13;3:1-13;4:5-12;5:0-5;6:0-5;7:1-13;8:5-8;9:8-12,12-8,14-8,8-14,8-5,5-8"
887,proposed_c2f_adaptive_pd,10,10,1.0,15,300,0.05,10,0,10,0.0,0.0,447093.66240503907,2172.175741057662,1.0,8195.0,8195.0,0.0,4.171600041445345,"0,14,9,5,2,1,10,6,7,11",0:2-0;1:1-14;2:0-9;3:0-5;4:0-2;5:4-1;6:1-10;7:0-6;8:2-7;9:1-11
887,proposed_c2f_adaptive_pd_calibrated,10,10,1.0,15,300,0.05,10,0,10,0.0,0.0,447093.66240503907,2172.175741057662,1.0,8195.0,8195.0,0.0,12.366699986159801,"0,14,9,5,2,1,10,6,7,11",0:2-0;1:1-14;2:0-9;3:0-5;4:0-2;5:4-1;6:1-10;7:0-6;8:2-7;9:1-11
888,proposed_c2f_adaptive_pd,10,10,1.0,12,300,0.04,15,2,13,1280.0,2.1333333333333333,2547.115002319802,606.1422702377602,1.0,10307.0,10307.0,0.0,8.436599979177117,"2,5,8,9,14,12,4,12,7,14","0:14-2;1:2-5;2:0-8;3:2-9;4:2-14;5:0-12;6:1-4;7:0-12;8:8-7,5-7,8-5,7-5,11-7,10-7;9:2-14"
888,proposed_c2f_adaptive_pd_calibrated,10,10,1.0,12,300,0.04,15,2,13,1280.0,2.1333333333333333,2547.115002319802,606.1422702377602,1.0,10307.0,10307.0,0.0,15.567700029350817,"2,5,8,9,14,12,4,12,7,14","0:14-2;1:2-5;2:0-8;3:2-9;4:2-14;5:0-12;6:1-4;7:0-12;8:8-7,5-7,8-5,7-5,11-7,10-7;9:2-14"
889,proposed_c2f_adaptive_pd,10,10,1.0,9,300,0.03,10,0,10,0.0,0.0,780.8914257570984,141.38917254793205,1.0,8965.0,8965.0,0.0,4.1538000223226845,"2,6,2,7,10,7,12,13,5,1",0:1-2;1:0-6;2:1-2;3:0-7;4:0-10;5:0-7;6:14-12;7:0-13;8:0-5;9:0-1
889,proposed_c2f_adaptive_pd_calibrated,10,10,1.0,10,300,0.03333333333333333,10,0,10,0.0,0.0,780.8914257570984,141.38917254793205,1.0,8965.0,8965.0,0.0,12.33719999436289,"2,6,2,7,10,7,12,13,5,1",0:1-2;1:0-6;2:1-2;3:0-7;4:0-10;5:0-7;6:14-12;7:0-13;8:0-5;9:0-1
890,proposed_c2f_adaptive_pd,9,10,0.9,12,300,0.04,10,0,10,0.0,0.0,4470.42090664758,1356.248731169852,1.0,10407.0,10407.0,0.0,5.462499975692481,"6,14,6,8,2,11,11,6,13,12",0:1-6;1:12-14;2:1-6;3:4-8;4:0-2;5:0-11;6:0-11;7:1-6;8:3-13;9:9-12
890,proposed_c2f_adaptive_pd_calibrated,9,10,0.9,13,300,0.043333333333333335,10,0,10,0.0,0.0,4470.42090664758,1356.248731169852,1.0,10407.0,10407.0,0.0,13.95090000005439,"6,14,6,8,2,11,11,6,13,12",0:1-6;1:12-14;2:1-6;3:4-8;4:0-2;5:0-11;6:0-11;7:1-6;8:3-13;9:9-12
891,proposed_c2f_adaptive_pd,9,10,0.9,16,300,0.05333333333333334,17,3,14,1920.0,3.2,1399.9191400929992,63.69581054343545,1.0,16566.0,16566.0,0.0,7.216600002720952,"12,8,2,4,4,12,14,1,5,9","0:4-12,12-4,2-12,2-4,1-12,14-12;1:1-8;2:0-2;3:1-4;4:1-4;5:4-12,12-4,14-12;6:0-14;7:6-1;8:10-5;9:5-9"
891,proposed_c2f_adaptive_pd_calibrated,9,10,0.9,18,300,0.06,17,3,14,1920.0,3.2,1399.9191400929992,63.69581054343545,1.0,16566.0,16566.0,0.0,21.322200016584247,"12,8,2,4,4,12,14,1,5,9","0:4-12,12-4,2-12,2-4,1-12,14-12;1:1-8;2:0-2;3:1-4;4:1-4;5:4-12,12-4,14-12;6:0-14;7:6-1;8:10-5;9:5-9"
892,proposed_c2f_adaptive_pd,10,10,1.0,10,300,0.03333333333333333,13,1,12,640.0,1.0666666666666667,38100.415087352725,136.1511986904115,1.0,18926.0,18926.0,0.0,6.87759998254478,"3,0,3,0,7,11,6,10,10,11","0:4-3;1:2-0,1-0;2:2-3;3:1-0;4:11-7,3-7;5:11-7,7-11;6:0-6;7:0-10;8:0-10;9:3-11"
892,proposed_c2f_adaptive_pd_calibrated,10,10,1.0,10,300,0.03333333333333333,13,1,12,640.0,1.0666666666666667,38100.415087352725,136.1511986904115,1.0,18926.0,18926.0,0.0,17.055800009984523,"3,0,3,0,7,11,6,10,10,11","0:4-3;1:2-0,1-0;2:2-3;3:1-0;4:11-7,3-7;5:11-7,7-11;6:0-6;7:0-10;8:0-10;9:3-11"
893,proposed_c2f_adaptive_pd,10,10,1.0,13,300,0.043333333333333335,10,0,10,0.0,0.0,804.3595397630104,252.08982723272715,1.0,11079.0,11079.0,0.0,4.903399967588484,"5,10,14,2,12,8,6,7,8,9",0:0-5;1:4-10;2:1-14;3:13-2;4:4-12;5:2-8;6:0-6;7:0-7;8:5-8;9:0-9
893,proposed_c2f_adaptive_pd_calibrated,10,10,1.0,13,300,0.043333333333333335,10,0,10,0.0,0.0,804.3595397630104,252.08982723272715,1.0,11079.0,11079.0,0.0,8.536199980881065,"5,10,14,2,12,8,6,7,8,9",0:0-5;1:4-10;2:1-14;3:13-2;4:4-12;5:2-8;6:0-6;7:0-7;8:5-8;9:0-9
894,proposed_c2f_adaptive_pd,10,10,1.0,7,300,0.023333333333333334,10,0,10,0.0,0.0,1103.8594721549273,383.3648698997331,1.0,10505.0,10505.0,0.0,4.995300027076155,"7,5,3,4,13,0,5,5,4,12",0:9-7;1:0-5;2:0-3;3:1-4;4:0-13;5:2-0;6:4-5;7:0-5;8:1-4;9:2-12
894,proposed_c2f_adaptive_pd_calibrated,10,10,1.0,7,300,0.023333333333333334,10,0,10,0.0,0.0,1103.8594721549273,383.3648698997331,1.0,10505.0,10505.0,0.0,9.63340001180768,"7,5,3,4,13,0,5,5,4,12",0:9-7;1:0-5;2:0-3;3:1-4;4:0-13;5:2-0;6:4-5;7:0-5;8:1-4;9:2-12
895,proposed_c2f_adaptive_pd,9,10,0.9,11,270,0.040740740740740744,11,0,11,0.0,0.0,486.41102484916973,119.63325047560511,0.9090909090909091,10767.0,10767.0,0.0,4.7833999851718545,"13,8,7,13,0,1,1,7,1,1","0:3-13;1:2-8;2:9-7;3:3-13;4:3-0;5:5-1,11-1;6:2-1;7:5-7;8:11-1;9:5-1"
895,proposed_c2f_adaptive_pd_calibrated,9,10,0.9,11,270,0.040740740740740744,11,0,11,0.0,0.0,486.41102484916973,119.63325047560511,0.9090909090909091,10767.0,10767.0,0.0,13.73000000603497,"13,8,7,13,0,1,1,7,1,1","0:3-13;1:2-8;2:9-7;3:3-13;4:3-0;5:5-1,11-1;6:2-1;7:5-7;8:11-1;9:5-1"
896,proposed_c2f_adaptive_pd,10,10,1.0,12,300,0.04,10,1,9,640.0,1.0666666666666667,3433.8948954519265,182.60443612227718,1.0,10071.0,10071.0,0.0,3.5475000040605664,"5,5,8,14,9,11,5,12,8,6",0:8-5;1:0-5;2:11-8;3:2-14;4:2-9;5:2-11;6:5-4;7:0-12;8:1-8;9:10-6
896,proposed_c2f_adaptive_pd_calibrated,10,10,1.0,12,300,0.04,10,1,9,640.0,1.0666666666666667,3433.8948954519265,182.60443612227718,1.0,10071.0,10071.0,0.0,11.94029999896884,"5,5,8,14,9,11,5,12,8,6",0:8-5;1:0-5;2:11-8;3:2-14;4:2-9;5:2-11;6:5-4;7:0-12;8:1-8;9:10-6
897,proposed_c2f_adaptive_pd,9,10,0.9,14,300,0.04666666666666667,11,1,10,640.0,1.0666666666666667,1018.3837892637457,133.4143063738427,1.0,12087.0,12087.0,0.0,6.121099984738976,"7,6,13,11,0,8,0,5,1,12","0:1-7;1:1-6;2:1-13;3:6-11;4:10-0;5:1-8;6:0-10,10-0;7:1-5;8:2-1;9:4-12"
897,proposed_c2f_adaptive_pd_calibrated,9,10,0.9,15,300,0.05,11,1,10,640.0,1.0666666666666667,1018.3837892637457,133.4143063738427,1.0,12087.0,12087.0,0.0,13.522799999918789,"7,6,13,11,0,8,0,5,1,12","0:1-7;1:1-6;2:1-13;3:6-11;4:10-0;5:1-8;6:0-10,10-0;7:1-5;8:2-1;9:4-12"
898,proposed_c2f_adaptive_pd,10,10,1.0,15,300,0.05,17,3,14,1920.0,3.2,18558.506212551747,157.22686416455036,1.0,17191.0,17191.0,0.0,8.734499977435917,"11,3,5,8,12,11,13,10,7,3","0:0-11;1:0-3,3-0,9-3,1-3;2:2-5;3:8-14,14-8,8-4,4-8,7-8;4:0-12;5:0-11;6:2-13;7:0-10;8:2-7;9:0-3"
898,proposed_c2f_adaptive_pd_calibrated,10,10,1.0,15,300,0.05,17,3,14,1920.0,3.2,18558.506212551747,157.22686416455036,1.0,17191.0,17191.0,0.0,15.925400017295033,"11,3,5,8,12,11,13,10,7,3","0:0-11;1:0-3,3-0,9-3,1-3;2:2-5;3:8-14,14-8,8-4,4-8,7-8;4:0-12;5:0-11;6:2-13;7:0-10;8:2-7;9:0-3"
899,proposed_c2f_adaptive_pd,10,10,1.0,24,300,0.08,10,0,10,0.0,0.0,808.4832482580496,646.8986503863723,1.0,9903.0,9903.0,0.0,3.876000002492219,"14,6,3,7,4,5,6,13,10,2",0:10-14;1:0-6;2:0-3;3:0-7;4:0-4;5:0-5;6:0-6;7:0-13;8:1-10;9:0-2
899,proposed_c2f_adaptive_pd_calibrated,10,10,1.0,24,300,0.08,10,0,10,0.0,0.0,808.4832482580496,646.8986503863723,1.0,9903.0,9903.0,0.0,13.957799994386733,"14,6,3,7,4,5,6,13,10,2",0:10-14;1:0-6;2:0-3;3:0-7;4:0-4;5:0-5;6:0-6;7:0-13;8:1-10;9:0-2
900,proposed_c2f_adaptive_pd,10,10,1.0,16,300,0.05333333333333334,16,2,14,1280.0,2.1333333333333333,8617.11571917798,153.96327186213162,1.0,13931.0,13931.0,0.0,7.970700040459633,"0,6,12,12,12,12,11,14,8,6","0:1-0;1:12-6;2:6-12,12-3,1-12,3-12,12-1,4-12;3:4-12,1-12;4:1-12;5:1-12;6:0-11;7:2-14;8:0-8;9:2-6"
900,proposed_c2f_adaptive_pd_calibrated,10,10,1.0,16,300,0.05333333333333334,16,2,14,1280.0,2.1333333333333333,8617.11571917798,153.96327186213162,1.0,13931.0,13931.0,0.0,21.24490001006052,"0,6,12,12,12,12,11,14,8,6","0:1-0;1:12-6;2:6-12,12-3,1-12,3-12,12-1,4-12;3:4-12,1-12;4:1-12;5:1-12;6:0-11;7:2-14;8:0-8;9:2-6"
901,proposed_c2f_adaptive_pd,10,10,1.0,13,300,0.043333333333333335,10,0,10,0.0,0.0,16952.858029190305,607.6506767324141,1.0,9735.0,9735.0,0.0,3.500599996186793,"3,9,14,2,12,3,11,10,3,8",0:1-3;1:11-9;2:0-14;3:1-2;4:0-12;5:1-3;6:9-11;7:2-10;8:1-3;9:1-8
901,proposed_c2f_adaptive_pd_calibrated,10,10,1.0,13,300,0.043333333333333335,10,0,10,0.0,0.0,16952.858029190305,607.6506767324141,1.0,9735.0,9735.0,0.0,13.818699982948601,"3,9,14,2,12,3,11,10,3,8",0:1-3;1:11-9;2:0-14;3:1-2;4:0-12;5:1-3;6:9-11;7:2-10;8:1-3;9:1-8
902,proposed_c2f_adaptive_pd,10,10,1.0,12,300,0.04,11,1,10,640.0,1.0666666666666667,9785.6256213309,44.907994420250645,1.0,10816.0,10816.0,0.0,6.302799971308559,"4,7,6,12,10,12,2,4,10,8","0:0-4;1:0-7;2:8-6;3:1-12;4:8-10;5:1-12;6:0-2;7:0-4;8:7-10;9:8-10,10-8"
902,proposed_c2f_adaptive_pd_calibrated,10,10,1.0,14,300,0.04666666666666667,11,1,10,640.0,1.0666666666666667,9785.6256213309,44.907994420250645,1.0,10816.0,10816.0,0.0,15.562999993562698,"4,7,6,12,10,12,2,4,10,8","0:0-4;1:0-7;2:8-6;3:1-12;4:8-10;5:1-12;6:0-2;7:0-4;8:7-10;9:8-10,10-8"
903,proposed_c2f_adaptive_pd,10,10,1.0,8,300,0.02666666666666667,10,0,10,0.0,0.0,1126479.8840524205,836.7508007216763,1.0,9119.0,9119.0,0.0,5.491499963682145,"12,7,7,5,4,5,12,11,4,0",0:4-12;1:0-7;2:0-7;3:1-5;4:0-4;5:1-5;6:4-12;7:0-11;8:0-4;9:1-0
903,proposed_c2f_adaptive_pd_calibrated,10,10,1.0,8,300,0.02666666666666667,10,0,10,0.0,0.0,1126479.8840524205,836.7508007216763,1.0,9119.0,9119.0,0.0,12.32699997490272,"12,7,7,5,4,5,12,11,4,0",0:4-12;1:0-7;2:0-7;3:1-5;4:0-4;5:1-5;6:4-12;7:0-11;8:0-4;9:1-0
904,proposed_c2f_adaptive_pd,10,10,1.0,12,300,0.04,10,0,10,0.0,0.0,745.8782388767103,190.3597232760517,1.0,9903.0,9903.0,0.0,6.284400005824864,"2,14,14,2,13,5,3,14,3,13",0:1-2;1:0-14;2:9-14;3:1-2;4:1-13;5:10-5;6:0-3;7:0-14;8:0-3;9:4-13
904,proposed_c2f_adaptive_pd_calibrated,10,10,1.0,12,300,0.04,10,0,10,0.0,0.0,745.8782388767103,190.3597232760517,1.0,9903.0,9903.0,0.0,11.188399977982044,"2,14,14,2,13,5,3,14,3,13",0:1-2;1:0-14;2:9-14;3:1-2;4:1-13;5:10-5;6:0-3;7:0-14;8:0-3;9:4-13
905,proposed_c2f_adaptive_pd,9,10,0.9,17,300,0.056666666666666664,13,1,12,640.0,1.0666666666666667,1745.5457161450624,175.87845095845194,1.0,13801.0,13801.0,0.0,5.492699972819537,"3,10,5,1,5,3,14,5,3,5","0:0-3;1:12-10,2-10;2:3-5;3:0-1;4:9-5,3-5,5-9;5:1-3;6:0-14;7:1-5;8:1-3;9:9-5"
905,proposed_c2f_adaptive_pd_calibrated,9,10,0.9,18,300,0.06,13,1,12,640.0,1.0666666666666667,1745.5457161450624,175.87845095845194,1.0,13801.0,13801.0,0.0,14.12559999153018,"3,10,5,1,5,3,14,5,3,5","0:0-3;1:12-10,2-10;2:3-5;3:0-1;4:9-5,3-5,5-9;5:1-3;6:0-14;7:1-5;8:1-3;9:9-5"
906,proposed_c2f_adaptive_pd,10,10,1.0,17,300,0.056666666666666664,10,0,10,0.0,0.0,529.639605624021,207.30958057049241,1.0,13431.0,13431.0,0.0,5.287999985739589,"3,3,14,9,11,11,13,5,3,9",0:0-3;1:0-3;2:2-14;3:0-9;4:1-11;5:4-11;6:0-13;7:0-5;8:0-3;9:0-9
906,proposed_c2f_adaptive_pd_calibrated,10,10,1.0,17,300,0.056666666666666664,10,0,10,0.0,0.0,529.639605624021,207.30958057049241,1.0,13431.0,13431.0,0.0,9.551399969495833,"3,3,14,9,11,11,13,5,3,9",0:0-3;1:0-3;2:2-14;3:0-9;4:1-11;5:4-11;6:0-13;7:0-5;8:0-3;9:0-9
907,proposed_c2f_adaptive_pd,10,10,1.0,19,300,0.06333333333333334,10,0,10,0.0,0.0,6332.92901015184,295.5123928154102,1.0,9581.0,9581.0,0.0,4.162999975960702,"6,2,6,5,10,3,0,3,9,0",0:0-6;1:0-2;2:0-6;3:0-5;4:0-10;5:0-3;6:1-0;7:0-3;8:5-9;9:1-0
907,proposed_c2f_adaptive_pd_calibrated,10,10,1.0,19,300,0.06333333333333334,10,0,10,0.0,0.0,6332.92901015184,295.5123928154102,1.0,9581.0,9581.0,0.0,14.29729996016249,"6,2,6,5,10,3,0,3,9,0",0:0-6;1:0-2;2:0-6;3:0-5;4:0-10;5:0-3;6:1-0;7:0-3;8:5-9;9:1-0
908,proposed_c2f_adaptive_pd,9,10,0.9,17,300,0.056666666666666664,15,2,13,1280.0,2.1333333333333333,68439.01492488524,595.4535107610635,1.0,13891.0,13891.0,0.0,8.08810000307858,"7,5,12,7,1,4,1,7,6,3","0:0-7;1:0-5;2:8-12;3:0-7;4:1-12,12-1,10-1,1-4,4-1,14-1;5:0-4;6:4-1;7:0-7;8:2-6;9:7-3"
908,proposed_c2f_adaptive_pd_calibrated,9,10,0.9,18,300,0.06,15,2,13,1280.0,2.1333333333333333,68439.01492488524,595.4535107610635,1.0,13891.0,13891.0,0.0,20.084300020243973,"7,5,12,7,1,4,1,7,6,3","0:0-7;1:0-5;2:8-12;3:0-7;4:1-12,12-1,10-1,1-4,4-1,14-1;5:0-4;6:4-1;7:0-7;8:2-6;9:7-3"
909,proposed_c2f_adaptive_pd,10,10,1.0,13,300,0.043333333333333335,12,1,11,640.0,1.0666666666666667,2979.8429824916398,1077.06340380741,1.0,10640.0,10640.0,0.0,6.260099995415658,"6,2,6,6,1,13,7,13,13,13","0:5-6;1:0-2;2:1-6;3:5-6;4:5-1;5:0-13;6:0-7;7:13-0,14-13,4-13;8:0-13;9:0-13"
909,proposed_c2f_adaptive_pd_calibrated,10,10,1.0,13,300,0.043333333333333335,12,1,11,640.0,1.0666666666666667,2979.8429824916398,1077.06340380741,1.0,10640.0,10640.0,0.0,14.00419999845326,"6,2,6,6,1,13,7,13,13,13","0:5-6;1:0-2;2:1-6;3:5-6;4:5-1;5:0-13;6:0-7;7:13-0,14-13,4-13;8:0-13;9:0-13"
910,proposed_c2f_adaptive_pd,9,10,0.9,14,300,0.04666666666666667,17,3,14,1920.0,3.2,2417.0240254123178,125.19863590383085,1.0,20250.0,20250.0,0.0,9.669599996414036,"0,2,9,1,0,5,3,9,1,0","0:6-0,0-6,3-0;1:0-2;2:5-9;3:3-1;4:3-0;5:0-5;6:9-3;7:1-9;8:4-1;9:3-0,9-0,6-0,0-6,0-9,13-0"
910,proposed_c2f_adaptive_pd_calibrated,9,10,0.9,14,300,0.04666666666666667,17,3,14,1920.0,3.2,2417.0240254123178,125.19863590383085,1.0,20250.0,20250.0,0.0,23.165299964603037,"0,2,9,1,0,5,3,9,1,0","0:6-0,0-6,3-0;1:0-2;2:5-9;3:3-1;4:3-0;5:0-5;6:9-3;7:1-9;8:4-1;9:3-0,9-0,6-0,0-6,0-9,13-0"
911,proposed_c2f_adaptive_pd,10,10,1.0,16,300,0.05333333333333334,10,0,10,0.0,0.0,1672.0433366856219,89.57633456639273,1.0,12045.0,12045.0,0.0,3.6351000308059156,"10,2,10,7,7,11,7,7,11,6",0:1-10;1:3-2;2:0-10;3:6-7;4:0-7;5:0-11;6:2-7;7:2-7;8:0-11;9:5-6
911,proposed_c2f_adaptive_pd_calibrated,10,10,1.0,17,300,0.056666666666666664,10,0,10,0.0,0.0,1672.0433366856219,89.57633456639273,1.0,12045.0,12045.0,0.0,8.689299982506782,"10,2,10,7,7,11,7,7,11,6",0:1-10;1:3-2;2:0-10;3:6-7;4:0-7;5:0-11;6:2-7;7:2-7;8:0-11;9:5-6
912,proposed_c2f_adaptive_pd,9,10,0.9,11,300,0.03666666666666667,10,0,10,0.0,0.0,2783.1734656640247,1339.8623751900832,1.0,9273.0,9273.0,0.0,3.445599984843284,"12,13,13,11,6,7,8,7,1,8",0:0-12;1:0-13;2:0-13;3:4-11;4:3-6;5:0-7;6:0-8;7:0-7;8:0-1;9:0-8
912,proposed_c2f_adaptive_pd_calibrated,9,10,0.9,11,300,0.03666666666666667,10,0,10,0.0,0.0,2783.1734656640247,1339.8623751900832,1.0,9273.0,9273.0,0.0,9.684699994977564,"12,13,13,11,6,7,8,7,1,8",0:0-12;1:0-13;2:0-13;3:4-11;4:3-6;5:0-7;6:0-8;7:0-7;8:0-1;9:0-8
913,proposed_c2f_adaptive_pd,10,10,1.0,15,300,0.05,13,0,13,0.0,0.0,146.88259709201537,103.13801613652318,1.0,14727.0,14727.0,0.0,8.598000044003129,"5,14,2,7,9,7,12,7,0,7","0:0-5;1:2-14;2:0-2;3:10-7;4:0-9;5:1-7;6:0-12,1-12;7:14-7,6-7;8:12-0;9:10-7,14-7"
913,proposed_c2f_adaptive_pd_calibrated,10,10,1.0,15,300,0.05,13,0,13,0.0,0.0,146.88259709201537,103.13801613652318,1.0,14727.0,14727.0,0.0,18.379699962679297,"5,14,2,7,9,7,12,7,0,7","0:0-5;1:2-14;2:0-2;3:10-7;4:0-9;5:1-7;6:0-12,1-12;7:14-7,6-7;8:12-0;9:10-7,14-7"
914,proposed_c2f_adaptive_pd,10,10,1.0,13,300,0.043333333333333335,20,4,16,2560.0,4.266666666666667,2142.5956592763405,106.60561168851476,1.0,20431.0,20431.0,0.0,11.435599997639656,"3,0,2,4,13,11,4,11,4,0","0:6-3;1:1-0;2:0-2;3:3-4,0-4,4-3,4-0,1-4,12-4;4:0-13;5:0-11;6:3-4,4-3,0-4,4-0,10-4,7-4;7:0-11;8:3-4;9:1-0"
914,proposed_c2f_adaptive_pd_calibrated,10,10,1.0,14,300,0.04666666666666667,20,4,16,2560.0,4.266666666666667,2142.5956592763405,106.60561168851476,1.0,20431.0,20431.0,0.0,24.61259998381138,"3,0,2,4,13,11,4,11,4,0","0:6-3;1:1-0;2:0-2;3:3-4,0-4,4-3,4-0,1-4,12-4;4:0-13;5:0-11;6:3-4,4-3,0-4,4-0,10-4,7-4;7:0-11;8:3-4;9:1-0"
915,proposed_c2f_adaptive_pd,10,10,1.0,26,300,0.08666666666666667,18,2,16,1280.0,2.1333333333333333,7884.23606184709,259.44295948467646,1.0,24034.0,24034.0,0.0,7.684500014875084,"12,14,3,14,3,11,13,7,6,1","0:0-12;1:13-14,14-13,12-14,7-14,14-12,6-14;2:0-3;3:6-14;4:1-3,14-3,7-3;5:0-11;6:12-13;7:14-7,6-7;8:0-6;9:7-1"
915,proposed_c2f_adaptive_pd_calibrated,10,10,1.0,26,300,0.08666666666666667,18,2,16,1280.0,2.1333333333333333,7884.23606184709,259.44295948467646,1.0,24034.0,24034.0,0.0,24.68629996292293,"12,14,3,14,3,11,13,7,6,1","0:0-12;1:13-14,14-13,12-14,7-14,14-12,6-14;2:0-3;3:6-14;4:1-3,14-3,7-3;5:0-11;6:12-13;7:14-7,6-7;8:0-6;9:7-1"
916,proposed_c2f_adaptive_pd,10,10,1.0,18,300,0.06,11,0,11,0.0,0.0,520.6475673493662,207.2054940578477,1.0,13867.0,13867.0,0.0,6.097699981182814,"11,10,10,4,1,10,5,9,3,13","0:1-11,10-11;1:1-10;2:11-10;3:10-4;4:2-1;5:11-10;6:0-5;7:0-9;8:0-3;9:2-13"
916,proposed_c2f_adaptive_pd_calibrated,10,10,1.0,19,300,0.06333333333333334,11,0,11,0.0,0.0,520.6475673493662,207.2054940578477,1.0,13867.0,13867.0,0.0,12.88399996701628,"11,10,10,4,1,10,5,9,3,13","0:1-11,10-11;1:1-10;2:11-10;3:10-4;4:2-1;5:11-10;6:0-5;7:0-9;8:0-3;9:2-13"
917,proposed_c2f_adaptive_pd,9,10,0.9,17,270,0.06296296296296296,11,0,11,0.0,0.0,8124.84511486789,379.02424398604575,0.9090909090909091,12212.0,12212.0,0.0,5.439800035674125,"0,12,14,4,12,9,14,0,4,0","0:1-0;1:10-12;2:0-14;3:3-4;4:0-12;5:2-9;6:0-14;7:1-0;8:12-4,9-4;9:14-0"
917,proposed_c2f_adaptive_pd_calibrated,9,10,0.9,17,270,0.06296296296296296,11,0,11,0.0,0.0,8124.84511486789,379.02424398604575,0.9090909090909091,12212.0,12212.0,0.0,8.850699989125133,"0,12,14,4,12,9,14,0,4,0","0:1-0;1:10-12;2:0-14;3:3-4;4:0-12;5:2-9;6:0-14;7:1-0;8:12-4,9-4;9:14-0"
918,proposed_c2f_adaptive_pd,10,10,1.0,13,300,0.043333333333333335,11,0,11,0.0,0.0,2058.1012889919434,163.22633850465164,1.0,10550.0,10550.0,0.0,6.735300004947931,"0,5,0,12,13,0,10,11,14,5","0:3-0;1:0-5;2:8-0,3-0;3:5-12;4:1-13;5:1-0;6:0-10;7:2-11;8:2-14;9:0-5"
918,proposed_c2f_adaptive_pd_calibrated,10,10,1.0,13,300,0.043333333333333335,11,0,11,0.0,0.0,2058.1012889919434,163.22633850465164,1.0,10550.0,10550.0,0.0,13.713399996049702,"0,5,0,12,13,0,10,11,14,5","0:3-0;1:0-5;2:8-0,3-0;3:5-12;4:1-13;5:1-0;6:0-10;7:2-11;8:2-14;9:0-5"
919,proposed_c2f_adaptive_pd,9,10,0.9,15,300,0.05,16,3,13,1920.0,3.2,468.4086807843848,78.02101177771866,1.0,15690.0,15690.0,0.0,8.575200045015663,"13,8,11,7,1,0,14,6,3,10","0:9-13;1:2-8;2:14-11,11-14,1-11,1-14,7-11,7-14;3:1-7;4:3-1;5:5-0;6:11-14;7:14-6,3-6;8:1-3;9:9-10"
919,proposed_c2f_adaptive_pd_calibrated,9,10,0.9,15,300,0.05,16,3,13,1920.0,3.2,468.4086807843848,78.02101177771866,1.0,15690.0,15690.0,0.0,15.543900022748858,"13,8,11,7,1,0,14,6,3,10","0:9-13;1:2-8;2:14-11,11-14,1-11,1-14,7-11,7-14;3:1-7;4:3-1;5:5-0;6:11-14;7:14-6,3-6;8:1-3;9:9-10"
920,proposed_c2f_adaptive_pd,10,10,1.0,16,300,0.05333333333333334,11,1,10,640.0,1.0666666666666667,1009.0799945096269,274.5049005089124,1.0,9118.0,9118.0,0.0,4.407999978866428,"1,12,1,12,12,8,11,12,12,0","0:3-1;1:0-12;2:0-1;3:13-12;4:12-7,7-12;5:7-8;6:0-11;7:8-12;8:7-12;9:4-0"
920,proposed_c2f_adaptive_pd_calibrated,10,10,1.0,19,300,0.06333333333333334,11,1,10,640.0,1.0666666666666667,1009.0799945096269,274.5049005089124,1.0,9118.0,9118.0,0.0,12.64989998890087,"1,12,1,12,12,8,11,12,12,0","0:3-1;1:0-12;2:0-1;3:13-12;4:12-7,7-12;5:7-8;6:0-11;7:8-12;8:7-12;9:4-0"
921,proposed_c2f_adaptive_pd,10,10,1.0,13,300,0.043333333333333335,31,10,21,6400.0,10.66666666666667,8107.666157391565,55.561535219951956,1.0,31033.0,31033.0,0.0,14.432600000873208,"11,10,8,11,3,12,13,12,3,8","0:8-11,14-11;1:8-10,7-10;2:0-8;3:14-11,8-11,11-8,2-11,10-11;4:0-3;5:12-3,11-12,0-12,0-3,3-12,12-0;6:0-13;7:0-12,12-0,12-3,0-3,3-12,11-12;8:0-3;9:14-8,11-8,8-11,14-11,8-14,10-8"
921,proposed_c2f_adaptive_pd_calibrated,10,10,1.0,13,300,0.043333333333333335,31,10,21,6400.0,10.66666666666667,8107.666157391565,55.561535219951956,1.0,31033.0,31033.0,0.0,42.8406999562867,"11,10,8,11,3,12,13,12,3,8","0:8-11,14-11;1:8-10,7-10;2:0-8;3:14-11,8-11,11-8,2-11,10-11;4:0-3;5:12-3,11-12,0-12,0-3,3-12,12-0;6:0-13;7:0-12,12-0,12-3,0-3,3-12,11-12;8:0-3;9:14-8,11-8,8-11,14-11,8-14,10-8"
922,proposed_c2f_adaptive_pd,10,10,1.0,10,300,0.03333333333333333,16,3,13,1920.0,3.2,11968.517234436313,204.41419351735328,1.0,10327.0,10327.0,0.0,6.689000001642853,"2,10,13,9,5,5,2,3,1,13","0:0-2;1:0-10;2:6-13;3:0-9;4:9-5;5:5-9,9-5,10-9,10-5,9-10,0-5;6:0-2;7:1-3,7-3;8:2-1;9:0-13"
922,proposed_c2f_adaptive_pd_calibrated,10,10,1.0,11,300,0.03666666666666667,16,3,13,1920.0,3.2,11968.517234436313,204.41419351735328,1.0,10327.0,10327.0,0.0,16.58200001111254,"2,10,13,9,5,5,2,3,1,13","0:0-2;1:0-10;2:6-13;3:0-9;4:9-5;5:5-9,9-5,10-9,10-5,9-10,0-5;6:0-2;7:1-3,7-3;8:2-1;9:0-13"
923,proposed_c2f_adaptive_pd,9,10,0.9,15,300,0.05,11,0,11,0.0,0.0,338.3438468182042,89.21032078733546,1.0,18019.0,18019.0,0.0,5.48940000589937,"10,14,14,4,11,7,10,14,14,4","0:3-10;1:0-14;2:0-14;3:0-4;4:14-11;5:0-7;6:0-10;7:6-14,2-14;8:0-14;9:12-4"
923,proposed_c2f_adaptive_pd_calibrated,9,10,0.9,15,300,0.05,11,0,11,0.0,0.0,338.3438468182042,89.21032078733546,1.0,18019.0,18019.0,0.0,12.383699999190867,"10,14,14,4,11,7,10,14,14,4","0:3-10;1:0-14;2:0-14;3:0-4;4:14-11;5:0-7;6:0-10;7:6-14,2-14;8:0-14;9:12-4"
924,proposed_c2f_adaptive_pd,10,10,1.0,18,300,0.06,19,3,16,1920.0,3.2,908.7491568501486,315.1653701711625,1.0,20790.0,20790.0,0.0,9.367499966174364,"9,13,11,5,2,9,9,2,2,0","0:14-9;1:1-13;2:0-11;3:1-5;4:9-2,1-2,2-1,14-2,8-2,9-1;5:14-9,8-9;6:9-14,14-9,6-9;7:1-2;8:13-2,1-2;9:1-0"
924,proposed_c2f_adaptive_pd_calibrated,10,10,1.0,18,300,0.06,19,3,16,1920.0,3.2,908.7491568501486,315.1653701711625,1.0,20790.0,20790.0,0.0,23.39769998798147,"9,13,11,5,2,9,9,2,2,0","0:14-9;1:1-13;2:0-11;3:1-5;4:9-2,1-2,2-1,14-2,8-2,9-1;5:14-9,8-9;6:9-14,14-9,6-9;7:1-2;8:13-2,1-2;9:1-0"
925,proposed_c2f_adaptive_pd,9,10,0.9,16,300,0.05333333333333334,20,5,15,3200.0,5.333333333333334,319.74154836715627,146.87797313630588,1.0,16977.0,16977.0,0.0,7.931699976325035,"4,14,10,1,11,6,6,12,3,6","0:6-4;1:13-14;2:0-10;3:0-1;4:4-11;5:14-6,5-6,6-5,13-6,14-5,4-6;6:14-6,13-6,5-6,6-5,6-13,14-13;7:4-12;8:2-3;9:5-6"
925,proposed_c2f_adaptive_pd_calibrated,9,10,0.9,16,300,0.05333333333333334,20,5,15,3200.0,5.333333333333334,319.74154836715627,146.87797313630588,1.0,16977.0,16977.0,0.0,21.44929999485612,"4,14,10,1,11,6,6,12,3,6","0:6-4;1:13-14;2:0-10;3:0-1;4:4-11;5:14-6,5-6,6-5,13-6,14-5,4-6;6:14-6,13-6,5-6,6-5,6-13,14-13;7:4-12;8:2-3;9:5-6"
926,proposed_c2f_adaptive_pd,10,10,1.0,19,300,0.06333333333333334,10,0,10,0.0,0.0,1722.623211940956,75.41516900122141,1.0,9735.0,9735.0,0.0,6.160899996757507,"12,11,11,3,3,6,1,12,12,12",0:0-12;1:0-11;2:1-11;3:0-3;4:1-3;5:3-6;6:0-1;7:0-12;8:0-12;9:1-12
926,proposed_c2f_adaptive_pd_calibrated,10,10,1.0,19,300,0.06333333333333334,10,0,10,0.0,0.0,1722.623211940956,75.41516900122141,1.0,9735.0,9735.0,0.0,10.696800018195063,"12,11,11,3,3,6,1,12,12,12",0:0-12;1:0-11;2:1-11;3:0-3;4:1-3;5:3-6;6:0-1;7:0-12;8:0-12;9:1-12
927,proposed_c2f_adaptive_pd,10,10,1.0,8,300,0.02666666666666667,13,1,12,640.0,1.0666666666666667,543.293682480322,263.57486822359067,1.0,13753.0,13753.0,0.0,4.974200041033328,"1,14,8,14,8,3,10,8,14,10","0:0-1;1:6-14;2:0-8;3:6-14;4:0-8;5:1-3;6:6-10;7:2-8;8:6-14;9:6-10,10-6,14-10,8-10"
927,proposed_c2f_adaptive_pd_calibrated,10,10,1.0,9,300,0.03,13,1,12,640.0,1.0666666666666667,543.293682480322,263.57486822359067,1.0,13753.0,13753.0,0.0,12.711399991530925,"1,14,8,14,8,3,10,8,14,10","0:0-1;1:6-14;2:0-8;3:6-14;4:0-8;5:1-3;6:6-10;7:2-8;8:6-14;9:6-10,10-6,14-10,8-10"
928,proposed_c2f_adaptive_pd,10,10,1.0,6,300,0.02,13,1,12,640.0,1.0666666666666667,388.98069990973846,135.59145929116312,1.0,16694.0,16694.0,0.0,7.813699950929731,"11,12,1,11,12,7,5,10,8,8","0:6-11;1:0-12;2:5-1;3:6-11;4:2-12;5:2-7;6:3-5,9-5;7:0-10;8:6-8;9:8-11,11-8,10-8"
928,proposed_c2f_adaptive_pd_calibrated,10,10,1.0,6,300,0.02,13,1,12,640.0,1.0666666666666667,388.98069990973846,135.59145929116312,1.0,16694.0,16694.0,0.0,16.72900002449751,"11,12,1,11,12,7,5,10,8,8","0:6-11;1:0-12;2:5-1;3:6-11;4:2-12;5:2-7;6:3-5,9-5;7:0-10;8:6-8;9:8-11,11-8,10-8"
929,proposed_c2f_adaptive_pd,10,10,1.0,23,300,0.07666666666666666,11,0,11,0.0,0.0,1905.6708024301784,1391.4921355412487,1.0,14190.0,14190.0,0.0,6.059599982108921,"10,7,3,2,7,14,13,4,4,5","0:0-10;1:0-7;2:2-3;3:0-2;4:0-7;5:4-14,9-14;6:0-13;7:0-4;8:5-4;9:9-5"
929,proposed_c2f_adaptive_pd_calibrated,10,10,1.0,23,300,0.07666666666666666,11,0,11,0.0,0.0,1905.6708024301784,1391.4921355412487,1.0,14190.0,14190.0,0.0,14.433300006203353,"10,7,3,2,7,14,13,4,4,5","0:0-10;1:0-7;2:2-3;3:0-2;4:0-7;5:4-14,9-14;6:0-13;7:0-4;8:5-4;9:9-5"
930,proposed_c2f_adaptive_pd,10,10,1.0,14,300,0.04666666666666667,10,0,10,0.0,0.0,2196.675208290143,965.583485707929,1.0,8657.0,8657.0,0.0,5.478399980347604,"2,3,14,1,2,0,0,10,14,5",0:3-2;1:0-3;2:4-14;3:0-1;4:12-2;5:1-0;6:1-0;7:4-10;8:4-14;9:4-5
930,proposed_c2f_adaptive_pd_calibrated,10,10,1.0,14,300,0.04666666666666667,10,0,10,0.0,0.0,2196.675208290143,965.583485707929,1.0,8657.0,8657.0,0.0,9.029499953612685,"2,3,14,1,2,0,0,10,14,5",0:3-2;1:0-3;2:4-14;3:0-1;4:12-2;5:1-0;6:1-0;7:4-10;8:4-14;9:4-5
931,proposed_c2f_adaptive_pd,10,10,1.0,11,300,0.03666666666666667,10,0,10,0.0,0.0,401.77787589449485,137.10925322107684,1.0,10043.0,10043.0,0.0,6.134699971880764,"3,12,10,11,12,5,0,12,4,10",0:0-3;1:0-12;2:0-10;3:7-11;4:0-12;5:4-5;6:2-0;7:0-12;8:3-4;9:2-10
931,proposed_c2f_adaptive_pd_calibrated,10,10,1.0,11,300,0.03666666666666667,10,0,10,0.0,0.0,401.77787589449485,137.10925322107684,1.0,10043.0,10043.0,0.0,9.290500020142645,"3,12,10,11,12,5,0,12,4,10",0:0-3;1:0-12;2:0-10;3:7-11;4:0-12;5:4-5;6:2-0;7:0-12;8:3-4;9:2-10
932,proposed_c2f_adaptive_pd,10,10,1.0,19,300,0.06333333333333334,11,0,11,0.0,0.0,1116.6046279587895,71.85003308971415,1.0,11195.0,11195.0,0.0,5.6449000257998705,"11,4,11,3,6,3,11,3,9,8","0:1-11;1:10-4,6-4;2:1-11;3:1-3;4:4-6;5:1-3;6:10-11;7:10-3;8:4-9;9:0-8"
932,proposed_c2f_adaptive_pd_calibrated,10,10,1.0,19,300,0.06333333333333334,11,0,11,0.0,0.0,1116.6046279587895,71.85003308971415,1.0,11195.0,11195.0,0.0,13.714900007471442,"11,4,11,3,6,3,11,3,9,8","0:1-11;1:10-4,6-4;2:1-11;3:1-3;4:4-6;5:1-3;6:10-11;7:10-3;8:4-9;9:0-8"
933,proposed_c2f_adaptive_pd,9,10,0.9,14,300,0.04666666666666667,15,4,11,2560.0,4.266666666666667,78745.05118290553,341.5812497541149,1.0,14745.0,14745.0,0.0,7.033700007013977,"11,13,4,4,0,14,8,13,13,11","0:2-11;1:9-13;2:7-4;3:2-4;4:1-0;5:2-14;6:0-8;7:9-13,13-11,11-13,13-9,9-11,11-9;8:9-13;9:13-11"
933,proposed_c2f_adaptive_pd_calibrated,9,10,0.9,15,300,0.05,15,4,11,2560.0,4.266666666666667,78745.05118290553,341.5812497541149,1.0,14745.0,14745.0,0.0,14.947299961932003,"11,13,4,4,0,14,8,13,13,11","0:2-11;1:9-13;2:7-4;3:2-4;4:1-0;5:2-14;6:0-8;7:9-13,13-11,11-13,13-9,9-11,11-9;8:9-13;9:13-11"
934,proposed_c2f_adaptive_pd,10,10,1.0,13,300,0.043333333333333335,16,1,15,640.0,1.0666666666666667,730.6272401138666,242.800291676723,1.0,19509.0,19509.0,0.0,6.196499976795167,"0,11,7,11,0,7,9,12,3,4","0:14-0,13-0;1:1-11;2:6-7;3:1-11;4:14-0,13-0;5:12-7,2-7;6:1-9;7:1-12;8:1-3;9:2-4,10-4,4-2,6-4"
934,proposed_c2f_adaptive_pd_calibrated,10,10,1.0,13,300,0.043333333333333335,16,1,15,640.0,1.0666666666666667,730.6272401138666,242.800291676723,1.0,19509.0,19509.0,0.0,18.360699992626905,"0,11,7,11,0,7,9,12,3,4","0:14-0,13-0;1:1-11;2:6-7;3:1-11;4:14-0,13-0;5:12-7,2-7;6:1-9;7:1-12;8:1-3;9:2-4,10-4,4-2,6-4"
935,proposed_c2f_adaptive_pd,9,10,0.9,11,300,0.03666666666666667,10,0,10,0.0,0.0,1796.751036223092,68.01824349722996,1.0,10743.0,10743.0,0.0,5.622500029858202,"5,6,0,14,12,5,2,5,10,1",0:0-5;1:1-6;2:9-0;3:0-14;4:0-12;5:2-5;6:9-2;7:3-5;8:1-10;9:6-1
935,proposed_c2f_adaptive_pd_calibrated,9,10,0.9,11,300,0.03666666666666667,10,0,10,0.0,0.0,1796.751036223092,68.01824349722996,1.0,10743.0,10743.0,0.0,15.032699971925467,"5,6,0,14,12,5,2,5,10,1",0:0-5;1:1-6;2:9-0;3:0-14;4:0-12;5:2-5;6:9-2;7:3-5;8:1-10;9:6-1
936,proposed_c2f_adaptive_pd,10,10,1.0,5,300,0.016666666666666666,11,0,11,0.0,0.0,202.78867798943742,100.17659506808461,1.0,11666.0,11666.0,0.0,4.660899983718991,"9,2,6,14,5,0,9,14,7,9","0:1-9;1:0-2;2:0-6;3:6-14;4:4-5;5:11-0,1-0;6:2-9;7:7-14;8:2-7;9:1-9"
936,proposed_c2f_adaptive_pd_calibrated,10,10,1.0,5,300,0.016666666666666666,11,0,11,0.0,0.0,202.78867798943742,100.17659506808461,1.0,11666.0,11666.0,0.0,11.656099988613278,"9,2,6,14,5,0,9,14,7,9","0:1-9;1:0-2;2:0-6;3:6-14;4:4-5;5:11-0,1-0;6:2-9;7:7-14;8:2-7;9:1-9"
937,proposed_c2f_adaptive_pd,10,10,1.0,13,300,0.043333333333333335,10,0,10,0.0,0.0,1149.9147930454064,275.59280817259673,1.0,9427.0,9427.0,0.0,6.13090000115335,"1,11,12,7,1,0,8,3,14,1",0:10-1;1:0-11;2:0-12;3:0-7;4:10-1;5:10-0;6:0-8;7:0-3;8:10-14;9:0-1
937,proposed_c2f_adaptive_pd_calibrated,10,10,1.0,14,300,0.04666666666666667,10,0,10,0.0,0.0,1149.9147930454064,275.59280817259673,1.0,9427.0,9427.0,0.0,12.31939997524023,"1,11,12,7,1,0,8,3,14,1",0:10-1;1:0-11;2:0-12;3:0-7;4:10-1;5:10-0;6:0-8;7:0-3;8:10-14;9:0-1
938,proposed_c2f_adaptive_pd,10,10,1.0,9,300,0.03,10,0,10,0.0,0.0,3548.630030913905,595.0969853963784,1.0,13095.0,13095.0,0.0,5.529099958948791,"13,12,10,13,6,6,9,2,6,2",0:1-13;1:6-12;2:1-10;3:2-13;4:0-6;5:0-6;6:1-9;7:3-2;8:0-6;9:0-2
938,proposed_c2f_adaptive_pd_calibrated,10,10,1.0,9,300,0.03,10,0,10,0.0,0.0,3548.630030913905,595.0969853963784,1.0,13095.0,13095.0,0.0,12.637300009373575,"13,12,10,13,6,6,9,2,6,2",0:1-13;1:6-12;2:1-10;3:2-13;4:0-6;5:0-6;6:1-9;7:3-2;8:0-6;9:0-2
939,proposed_c2f_adaptive_pd,10,10,1.0,20,300,0.06666666666666667,12,1,11,640.0,1.0666666666666667,164591.70868407204,280.22902448049456,1.0,11561.0,11561.0,0.0,4.668599984142929,"5,1,3,4,11,2,13,0,0,11","0:0-5;1:0-1;2:1-3;3:0-4;4:0-11;5:10-2;6:9-13,2-13,13-2;7:1-0;8:1-0;9:0-11"
939,proposed_c2f_adaptive_pd_calibrated,10,10,1.0,21,300,0.07,12,1,11,640.0,1.0666666666666667,164591.70868407204,280.22902448049456,1.0,11561.0,11561.0,0.0,16.49449998512864,"5,1,3,4,11,2,13,0,0,11","0:0-5;1:0-1;2:1-3;3:0-4;4:0-11;5:10-2;6:9-13,2-13,13-2;7:1-0;8:1-0;9:0-11"
940,proposed_c2f_adaptive_pd,10,10,1.0,16,300,0.05333333333333334,10,0,10,0.0,0.0,2539.871407082041,367.7106098650767,1.0,10351.0,10351.0,0.0,5.312399996910244,"10,13,13,14,1,1,2,0,1,8",0:3-10;1:0-13;2:0-13;3:1-14;4:0-1;5:0-1;6:0-2;7:1-0;8:2-1;9:7-8
940,proposed_c2f_adaptive_pd_calibrated,10,10,1.0,16,300,0.05333333333333334,10,0,10,0.0,0.0,2539.871407082041,367.7106098650767,1.0,10351.0,10351.0,0.0,10.977800004184246,"10,13,13,14,1,1,2,0,1,8",0:3-10;1:0-13;2:0-13;3:1-14;4:0-1;5:0-1;6:0-2;7:1-0;8:2-1;9:7-8
941,proposed_c2f_adaptive_pd,10,10,1.0,18,300,0.06,11,0,11,0.0,0.0,509.6330939377097,114.2352017659805,1.0,14493.0,14493.0,0.0,5.088100035209209,"2,7,4,13,3,12,7,4,8,3","0:5-2;1:1-7;2:0-4;3:1-13;4:0-3;5:0-12;6:9-7,1-7;7:0-4;8:0-8;9:8-3"
941,proposed_c2f_adaptive_pd_calibrated,10,10,1.0,18,300,0.06,11,0,11,0.0,0.0,509.6330939377097,114.2352017659805,1.0,14493.0,14493.0,0.0,14.03229997958988,"2,7,4,13,3,12,7,4,8,3","0:5-2;1:1-7;2:0-4;3:1-13;4:0-3;5:0-12;6:9-7,1-7;7:0-4;8:0-8;9:8-3"
942,proposed_c2f_adaptive_pd,10,10,1.0,9,300,0.03,21,2,19,1280.0,2.1333333333333333,2741.5926283604663,191.9342531006294,1.0,24840.0,24840.0,0.0,8.739700017031282,"0,7,7,2,10,9,12,2,2,13","0:1-0;1:12-7;2:1-7;3:14-2,9-2,13-2,3-2,2-9,11-2;4:0-10;5:0-9;6:0-12;7:14-2,13-2,9-2,3-2,2-9,11-2;8:9-2,14-2;9:0-13"
942,proposed_c2f_adaptive_pd_calibrated,10,10,1.0,9,300,0.03,21,2,19,1280.0,2.1333333333333333,2741.5926283604663,191.9342531006294,1.0,24840.0,24840.0,0.0,27.617900050245225,"0,7,7,2,10,9,12,2,2,13","0:1-0;1:12-7;2:1-7;3:14-2,9-2,13-2,3-2,2-9,11-2;4:0-10;5:0-9;6:0-12;7:14-2,13-2,9-2,3-2,2-9,11-2;8:9-2,14-2;9:0-13"
943,proposed_c2f_adaptive_pd,8,10,0.8,18,300,0.06,13,1,12,640.0,1.0666666666666667,694.1514065874768,187.0458998150023,1.0,14625.0,14625.0,0.0,7.683999952860177,"5,14,7,12,8,9,2,14,12,1","0:2-5;1:1-14;2:0-7;3:10-12,12-10,8-12,6-12;4:2-8;5:0-9;6:4-2;7:0-14;8:0-12;9:0-1"
943,proposed_c2f_adaptive_pd_calibrated,8,10,0.8,18,300,0.06,13,1,12,640.0,1.0666666666666667,694.1514065874768,187.0458998150023,1.0,14625.0,14625.0,0.0,13.523900008294731,"5,14,7,12,8,9,2,14,12,1","0:2-5;1:1-14;2:0-7;3:10-12,12-10,8-12,6-12;4:2-8;5:0-9;6:4-2;7:0-14;8:0-12;9:0-1"
944,proposed_c2f_adaptive_pd,9,10,0.9,15,300,0.05,12,1,11,640.0,1.0666666666666667,13248.05666789057,137.49177403777603,1.0,14076.0,14076.0,0.0,6.8453000276349485,"12,6,14,5,7,14,7,4,5,8","0:1-12;1:0-6;2:10-14,11-14,14-10;3:0-5;4:0-7;5:10-14;6:0-7;7:0-4;8:2-5;9:2-8"
944,proposed_c2f_adaptive_pd_calibrated,9,10,0.9,15,300,0.05,12,1,11,640.0,1.0666666666666667,13248.05666789057,137.49177403777603,1.0,14076.0,14076.0,0.0,11.24840002739802,"12,6,14,5,7,14,7,4,5,8","0:1-12;1:0-6;2:10-14,11-14,14-10;3:0-5;4:0-7;5:10-14;6:0-7;7:0-4;8:2-5;9:2-8"
945,proposed_c2f_adaptive_pd,10,10,1.0,9,300,0.03,15,3,12,1920.0,3.2,11537.569406476428,377.9491182886886,1.0,12285.0,12285.0,0.0,8.18589999107644,"8,5,4,7,9,13,7,3,4,6","0:0-8;1:0-5;2:1-4;3:2-7;4:1-9;5:1-13;6:2-7;7:14-3;8:11-4,1-4,11-0,4-11,0-11,3-4;9:3-6"
945,proposed_c2f_adaptive_pd_calibrated,10,10,1.0,9,300,0.03,15,3,12,1920.0,3.2,11537.569406476428,377.9491182886886,1.0,12285.0,12285.0,0.0,15.762099996209145,"8,5,4,7,9,13,7,3,4,6","0:0-8;1:0-5;2:1-4;3:2-7;4:1-9;5:1-13;6:2-7;7:14-3;8:11-4,1-4,11-0,4-11,0-11,3-4;9:3-6"
946,proposed_c2f_adaptive_pd,10,10,1.0,14,300,0.04666666666666667,11,1,10,640.0,1.0666666666666667,7711.944491703903,416.17115914887745,1.0,16150.0,16150.0,0.0,6.497299997135997,"3,13,14,4,1,8,1,13,12,0","0:0-3;1:5-13;2:13-14,14-13;3:0-4;4:0-1;5:3-8;6:0-1;7:3-13;8:1-12;9:1-0"
946,proposed_c2f_adaptive_pd_calibrated,10,10,1.0,15,300,0.05,11,1,10,640.0,1.0666666666666667,7711.944491703903,416.17115914887745,1.0,16150.0,16150.0,0.0,15.896000026259571,"3,13,14,4,1,8,1,13,12,0","0:0-3;1:5-13;2:13-14,14-13;3:0-4;4:0-1;5:3-8;6:0-1;7:3-13;8:1-12;9:1-0"
947,proposed_c2f_adaptive_pd,10,10,1.0,20,300,0.06666666666666667,10,0,10,0.0,0.0,10321.210146408423,123.50363406271592,1.0,10813.0,10813.0,0.0,6.1938000144436955,"1,8,8,10,11,7,4,3,13,3",0:2-1;1:1-8;2:2-8;3:0-10;4:0-11;5:2-7;6:3-4;7:0-3;8:0-13;9:0-3
947,proposed_c2f_adaptive_pd_calibrated,10,10,1.0,21,300,0.07,10,0,10,0.0,0.0,10321.210146408423,123.50363406271592,1.0,10813.0,10813.0,0.0,7.793500029947609,"1,8,8,10,11,7,4,3,13,3",0:2-1;1:1-8;2:2-8;3:0-10;4:0-11;5:2-7;6:3-4;7:0-3;8:0-13;9:0-3
948,proposed_c2f_adaptive_pd,10,10,1.0,10,300,0.03333333333333333,10,0,10,0.0,0.0,3775.3951171126428,144.5394739542234,1.0,9427.0,9427.0,0.0,4.794200009200722,"4,8,7,13,11,14,8,13,9,13",0:0-4;1:0-8;2:0-7;3:1-13;4:3-11;5:0-14;6:0-8;7:5-13;8:0-9;9:5-13
948,proposed_c2f_adaptive_pd_calibrated,10,10,1.0,11,300,0.03666666666666667,10,0,10,0.0,0.0,3775.3951171126428,144.5394739542234,1.0,9427.0,9427.0,0.0,9.533400007057935,"4,8,7,13,11,14,8,13,9,13",0:0-4;1:0-8;2:0-7;3:1-13;4:3-11;5:0-14;6:0-8;7:5-13;8:0-9;9:5-13
949,proposed_c2f_adaptive_pd,10,10,1.0,10,300,0.03333333333333333,13,0,13,0.0,0.0,1540.6531716816921,737.135742914001,1.0,15335.0,15335.0,0.0,7.014099974185228,"4,12,3,14,7,2,13,4,6,8","0:0-4;1:0-12;2:1-3;3:0-14;4:0-7;5:0-2;6:12-13,10-13,0-13,1-13;7:0-4;8:9-6;9:2-8"
949,proposed_c2f_adaptive_pd_calibrated,10,10,1.0,11,300,0.03666666666666667,13,0,13,0.0,0.0,1540.6531716816921,737.135742914001,1.0,15335.0,15335.0,0.0,17.667300009634346,"4,12,3,14,7,2,13,4,6,8","0:0-4;1:0-12;2:1-3;3:0-14;4:0-7;5:0-2;6:12-13,10-13,0-13,1-13;7:0-4;8:9-6;9:2-8"
950,proposed_c2f_adaptive_pd,10,10,1.0,13,300,0.043333333333333335,11,0,11,0.0,0.0,1308.7626870056943,76.00405810730655,1.0,13304.0,13304.0,0.0,5.425399984233081,"10,6,12,12,12,6,8,14,9,9","0:0-10;1:0-6;2:1-12;3:8-12,13-12;4:1-12;5:1-6;6:0-8;7:0-14;8:0-9;9:0-9"
950,proposed_c2f_adaptive_pd_calibrated,10,10,1.0,13,300,0.043333333333333335,11,0,11,0.0,0.0,1308.7626870056943,76.00405810730655,1.0,13304.0,13304.0,0.0,14.329499972518533,"10,6,12,12,12,6,8,14,9,9","0:0-10;1:0-6;2:1-12;3:8-12,13-12;4:1-12;5:1-6;6:0-8;7:0-14;8:0-9;9:0-9"
951,proposed_c2f_adaptive_pd,10,10,1.0,16,300,0.05333333333333334,11,0,11,0.0,0.0,1691.1190403439819,140.8857547956811,1.0,12758.0,12758.0,0.0,4.348199989181012,"3,8,0,0,9,14,3,9,1,9","0:0-3;1:1-8;2:1-0;3:1-0;4:14-9;5:0-14;6:12-3,14-3;7:14-9;8:0-1;9:0-9"
951,proposed_c2f_adaptive_pd_calibrated,10,10,1.0,16,300,0.05333333333333334,11,0,11,0.0,0.0,1691.1190403439819,140.8857547956811,1.0,12758.0,12758.0,0.0,10.435800009872764,"3,8,0,0,9,14,3,9,1,9","0:0-3;1:1-8;2:1-0;3:1-0;4:14-9;5:0-14;6:12-3,14-3;7:14-9;8:0-1;9:0-9"
952,proposed_c2f_adaptive_pd,10,10,1.0,20,300,0.06666666666666667,10,0,10,0.0,0.0,411705169.4043074,608.7549295574827,1.0,8965.0,8965.0,0.0,6.265000032726675,"6,0,1,1,6,7,10,7,1,0",0:0-6;1:6-0;2:0-1;3:6-1;4:0-6;5:0-7;6:0-10;7:0-7;8:0-1;9:7-0
952,proposed_c2f_adaptive_pd_calibrated,10,10,1.0,20,300,0.06666666666666667,10,0,10,0.0,0.0,411705169.4043074,608.7549295574827,1.0,8965.0,8965.0,0.0,12.957600003574044,"6,0,1,1,6,7,10,7,1,0",0:0-6;1:6-0;2:0-1;3:6-1;4:0-6;5:0-7;6:0-10;7:0-7;8:0-1;9:7-0
953,proposed_c2f_adaptive_pd,10,10,1.0,17,300,0.056666666666666664,15,3,12,1920.0,3.2,12430.317079218705,359.5697056270057,1.0,17153.0,17153.0,0.0,5.616599984932691,"13,6,13,8,5,13,0,7,12,8","0:1-13;1:7-6;2:4-13;3:0-8;4:12-5;5:13-4,4-13,8-13,1-13,13-8,13-1;6:6-0;7:1-7;8:5-12;9:1-8"
953,proposed_c2f_adaptive_pd_calibrated,10,10,1.0,17,300,0.056666666666666664,15,3,12,1920.0,3.2,12430.317079218705,359.5697056270057,1.0,17153.0,17153.0,0.0,17.710499989334494,"13,6,13,8,5,13,0,7,12,8","0:1-13;1:7-6;2:4-13;3:0-8;4:12-5;5:13-4,4-13,8-13,1-13,13-8,13-1;6:6-0;7:1-7;8:5-12;9:1-8"
954,proposed_c2f_adaptive_pd,10,10,1.0,24,300,0.08,12,0,12,0.0,0.0,8807.109203444654,168.61213965222322,1.0,13903.0,13903.0,0.0,5.152700003236532,"9,13,6,4,7,11,11,10,7,14","0:4-9,3-9;1:11-13,12-13;2:0-6;3:3-4;4:0-7;5:1-11;6:14-11;7:0-10;8:0-7;9:0-14"
954,proposed_c2f_adaptive_pd_calibrated,10,10,1.0,25,300,0.08333333333333333,12,0,12,0.0,0.0,8807.109203444654,168.61213965222322,1.0,13903.0,13903.0,0.0,16.997399972751737,"9,13,6,4,7,11,11,10,7,14","0:4-9,3-9;1:11-13,12-13;2:0-6;3:3-4;4:0-7;5:1-11;6:14-11;7:0-10;8:0-7;9:0-14"
955,proposed_c2f_adaptive_pd,8,10,0.8,12,300,0.04,20,4,16,2560.0,4.266666666666667,609.3019824057766,231.567411979981,0.9,18436.0,18436.0,0.0,9.112299943808466,"5,1,14,2,13,8,9,10,13,1","0:2-5;1:0-1;2:0-14;3:2-1,1-2,5-2,7-2,5-1,7-1;4:0-13;5:5-8;6:5-9;7:12-10;8:6-13;9:2-1,1-2,5-1,10-1,0-1,7-1"
955,proposed_c2f_adaptive_pd_calibrated,8,10,0.8,13,300,0.043333333333333335,20,4,16,2560.0,4.266666666666667,609.3019824057766,231.567411979981,0.9,18436.0,18436.0,0.0,18.682299996726215,"5,1,14,2,13,8,9,10,13,1","0:2-5;1:0-1;2:0-14;3:2-1,1-2,5-2,7-2,5-1,7-1;4:0-13;5:5-8;6:5-9;7:12-10;8:6-13;9:2-1,1-2,5-1,10-1,0-1,7-1"
956,proposed_c2f_adaptive_pd,10,10,1.0,9,300,0.03,10,0,10,0.0,0.0,73081.2767100934,157.60463387358425,1.0,12045.0,12045.0,0.0,5.799299979116768,"0,9,12,4,1,14,8,9,6,10",0:3-0;1:4-9;2:3-12;3:0-4;4:0-1;5:0-14;6:0-8;7:0-9;8:3-6;9:0-10
956,proposed_c2f_adaptive_pd_calibrated,10,10,1.0,11,300,0.03666666666666667,10,0,10,0.0,0.0,73081.2767100934,157.60463387358425,1.0,12045.0,12045.0,0.0,13.092200038954616,"0,9,12,4,1,14,8,9,6,10",0:3-0;1:4-9;2:3-12;3:0-4;4:0-1;5:0-14;6:0-8;7:0-9;8:3-6;9:0-10
957,proposed_c2f_adaptive_pd,10,10,1.0,20,300,0.06666666666666667,11,0,11,0.0,0.0,1179.7546403359513,103.49312298671181,1.0,14913.0,14913.0,0.0,5.815099983010441,"5,1,4,3,11,2,8,8,2,5","0:14-5;1:0-1;2:12-4,7-4;3:0-3;4:0-11;5:0-2;6:2-8;7:2-8;8:4-2;9:6-5"
957,proposed_c2f_adaptive_pd_calibrated,10,10,1.0,20,300,0.06666666666666667,11,0,11,0.0,0.0,1179.7546403359513,103.49312298671181,1.0,14913.0,14913.0,0.0,10.041799978353083,"5,1,4,3,11,2,8,8,2,5","0:14-5;1:0-1;2:12-4,7-4;3:0-3;4:0-11;5:0-2;6:2-8;7:2-8;8:4-2;9:6-5"
958,proposed_c2f_adaptive_pd,10,10,1.0,17,300,0.056666666666666664,12,1,11,640.0,1.0666666666666667,1347.0333220493874,298.2449024761306,1.0,13236.0,13236.0,0.0,7.310000015422702,"1,4,2,4,3,6,11,14,8,10","0:0-1;1:2-4;2:0-2;3:2-4;4:10-3,3-10,2-3;5:0-6;6:0-11;7:0-14;8:0-8;9:0-10"
958,proposed_c2f_adaptive_pd_calibrated,10,10,1.0,17,300,0.056666666666666664,12,1,11,640.0,1.0666666666666667,1347.0333220493874,298.2449024761306,1.0,13236.0,13236.0,0.0,12.282899988349527,"1,4,2,4,3,6,11,14,8,10","0:0-1;1:2-4;2:0-2;3:2-4;4:10-3,3-10,2-3;5:0-6;6:0-11;7:0-14;8:0-8;9:0-10"
959,proposed_c2f_adaptive_pd,9,10,0.9,19,300,0.06333333333333334,17,2,15,1280.0,2.1333333333333333,103.97463068577599,57.45236212012729,1.0,19248.0,19248.0,0.0,7.252800045534968,"7,0,8,0,6,0,8,12,4,10","0:0-7;1:14-0,6-0;2:0-8,6-8,8-6,14-8,3-8,8-14;3:3-0;4:3-6;5:3-0;6:0-8;7:0-12;8:13-4,11-4;9:3-10"
959,proposed_c2f_adaptive_pd_calibrated,9,10,0.9,20,300,0.06666666666666667,17,2,15,1280.0,2.1333333333333333,103.97463068577599,57.45236212012729,1.0,19248.0,19248.0,0.0,17.450999992433935,"7,0,8,0,6,0,8,12,4,10","0:0-7;1:14-0,6-0;2:0-8,6-8,8-6,14-8,3-8,8-14;3:3-0;4:3-6;5:3-0;6:0-8;7:0-12;8:13-4,11-4;9:3-10"
960,proposed_c2f_adaptive_pd,9,10,0.9,18,300,0.06,22,2,20,1280.0,2.1333333333333333,511.5389683249738,61.51057446039121,1.0,22113.0,22113.0,0.0,11.992000043392181,"2,1,0,4,13,0,9,0,4,2","0:0-2;1:0-1;2:1-0;3:13-4,3-4,8-4;4:0-13;5:9-0,0-9,10-0,1-0,5-0,11-0;6:0-9;7:10-0,11-0,1-0,9-0,0-1,12-0;8:3-4;9:1-2"
960,proposed_c2f_adaptive_pd_calibrated,9,10,0.9,18,300,0.06,22,2,20,1280.0,2.1333333333333333,511.5389683249738,61.51057446039121,1.0,22113.0,22113.0,0.0,22.476700018160045,"2,1,0,4,13,0,9,0,4,2","0:0-2;1:0-1;2:1-0;3:13-4,3-4,8-4;4:0-13;5:9-0,0-9,10-0,1-0,5-0,11-0;6:0-9;7:10-0,11-0,1-0,9-0,0-1,12-0;8:3-4;9:1-2"
961,proposed_c2f_adaptive_pd,10,10,1.0,14,300,0.04666666666666667,15,1,14,640.0,1.0666666666666667,958.3741150608112,379.78254573757,1.0,12701.0,12701.0,0.0,5.454399972222745,"2,1,1,6,14,1,13,6,8,6","0:4-2;1:0-1;2:2-1,8-1,12-1,14-1,4-1,12-0;3:1-6;4:5-14;5:0-1;6:0-13;7:0-6;8:2-8;9:1-6"
961,proposed_c2f_adaptive_pd_calibrated,10,10,1.0,14,300,0.04666666666666667,15,1,14,640.0,1.0666666666666667,958.3741150608112,379.78254573757,1.0,12701.0,12701.0,0.0,15.598100028000772,"2,1,1,6,14,1,13,6,8,6","0:4-2;1:0-1;2:2-1,8-1,12-1,14-1,4-1,12-0;3:1-6;4:5-14;5:0-1;6:0-13;7:0-6;8:2-8;9:1-6"
962,proposed_c2f_adaptive_pd,10,10,1.0,15,300,0.05,15,2,13,1280.0,2.1333333333333333,276.22261643032095,193.89915832328313,1.0,16541.0,16541.0,0.0,5.972600018139929,"12,0,14,0,11,2,5,3,5,13","0:3-12;1:4-0;2:1-14;3:4-0,0-4,8-0,3-0,0-3,12-0;4:1-11;5:0-2;6:0-5;7:0-3;8:0-5;9:5-13"
962,proposed_c2f_adaptive_pd_calibrated,10,10,1.0,15,300,0.05,15,2,13,1280.0,2.1333333333333333,276.22261643032095,193.89915832328313,1.0,16541.0,16541.0,0.0,17.249799973797053,"12,0,14,0,11,2,5,3,5,13","0:3-12;1:4-0;2:1-14;3:4-0,0-4,8-0,3-0,0-3,12-0;4:1-11;5:0-2;6:0-5;7:0-3;8:0-5;9:5-13"
963,proposed_c2f_adaptive_pd,9,10,0.9,13,300,0.043333333333333335,12,0,12,0.0,0.0,166.5824720150777,115.2512720371183,1.0,12700.0,12700.0,0.0,6.212899985257536,"1,1,1,0,5,0,13,1,4,0","0:10-1;1:14-1;2:0-1;3:5-0;4:0-5;5:5-0,4-0;6:0-13;7:10-1;8:0-4;9:8-0,5-0"
963,proposed_c2f_adaptive_pd_calibrated,9,10,0.9,14,300,0.04666666666666667,12,0,12,0.0,0.0,166.5824720150777,115.2512720371183,1.0,12700.0,12700.0,0.0,12.021199974697083,"1,1,1,0,5,0,13,1,4,0","0:10-1;1:14-1;2:0-1;3:5-0;4:0-5;5:5-0,4-0;6:0-13;7:10-1;8:0-4;9:8-0,5-0"
964,proposed_c2f_adaptive_pd,10,10,1.0,15,300,0.05,15,2,13,1280.0,2.1333333333333333,585.291348868879,211.61680674659146,1.0,12785.0,12785.0,0.0,8.812399988528341,"10,9,6,6,11,11,10,3,2,0","0:0-10;1:0-9;2:14-6;3:0-6;4:3-11;5:8-11;6:3-10;7:0-3;8:1-2;9:7-0,0-7,6-0,3-0,6-7,14-0"
964,proposed_c2f_adaptive_pd_calibrated,10,10,1.0,16,300,0.05333333333333334,15,2,13,1280.0,2.1333333333333333,585.291348868879,211.61680674659146,1.0,12785.0,12785.0,0.0,18.42829998349771,"10,9,6,6,11,11,10,3,2,0","0:0-10;1:0-9;2:14-6;3:0-6;4:3-11;5:8-11;6:3-10;7:0-3;8:1-2;9:7-0,0-7,6-0,3-0,6-7,14-0"
965,proposed_c2f_adaptive_pd,10,10,1.0,17,300,0.056666666666666664,10,0,10,0.0,0.0,6101.556356775173,201.9770262081872,1.0,10659.0,10659.0,0.0,4.12619998678565,"1,2,4,7,2,0,5,8,5,6",0:0-1;1:0-2;2:2-4;3:0-7;4:0-2;5:1-0;6:2-5;7:0-8;8:3-5;9:2-6
965,proposed_c2f_adaptive_pd_calibrated,10,10,1.0,17,300,0.056666666666666664,10,0,10,0.0,0.0,6101.556356775173,201.9770262081872,1.0,10659.0,10659.0,0.0,13.444599986542016,"1,2,4,7,2,0,5,8,5,6",0:0-1;1:0-2;2:2-4;3:0-7;4:0-2;5:1-0;6:2-5;7:0-8;8:3-5;9:2-6
966,proposed_c2f_adaptive_pd,10,10,1.0,14,300,0.04666666666666667,12,1,11,640.0,1.0666666666666667,1306.7998831364634,385.39792760111925,1.0,16596.0,16596.0,0.0,6.168299994897097,"6,13,14,10,12,13,13,12,3,5","0:11-6;1:1-13;2:1-14;3:1-10;4:1-12;5:8-13,2-13;6:1-13;7:8-12;8:3-0,0-3;9:10-5"
966,proposed_c2f_adaptive_pd_calibrated,10,10,1.0,14,300,0.04666666666666667,12,1,11,640.0,1.0666666666666667,1306.7998831364634,385.39792760111925,1.0,16596.0,16596.0,0.0,15.379400050733238,"6,13,14,10,12,13,13,12,3,5","0:11-6;1:1-13;2:1-14;3:1-10;4:1-12;5:8-13,2-13;6:1-13;7:8-12;8:3-0,0-3;9:10-5"
967,proposed_c2f_adaptive_pd,10,10,1.0,23,300,0.07666666666666666,12,1,11,640.0,1.0666666666666667,2940.429977782631,585.5562378439965,1.0,10959.0,10959.0,0.0,6.286499963607639,"3,2,12,14,2,8,2,1,10,7","0:2-3;1:3-2;2:0-12;3:0-14;4:14-2,2-14,3-2;5:3-8;6:3-2;7:0-1;8:0-10;9:0-7"
967,proposed_c2f_adaptive_pd_calibrated,10,10,1.0,23,300,0.07666666666666666,12,1,11,640.0,1.0666666666666667,2940.429977782631,585.5562378439965,1.0,10959.0,10959.0,0.0,16.236099996604025,"3,2,12,14,2,8,2,1,10,7","0:2-3;1:3-2;2:0-12;3:0-14;4:14-2,2-14,3-2;5:3-8;6:3-2;7:0-1;8:0-10;9:0-7"
968,proposed_c2f_adaptive_pd,9,10,0.9,15,300,0.05,22,3,19,1920.0,3.2,516.865480601451,134.4707812108809,1.0,20915.0,20915.0,0.0,9.299399971496314,"4,3,2,4,3,4,2,9,7,2","0:3-4;1:2-3;2:4-2,3-2,14-2,2-3,2-4,1-2;3:4-3,9-4,3-4,6-4,12-4,2-4;4:4-3;5:3-4,9-4,12-4;6:0-2;7:3-9;8:0-7;9:1-2"
968,proposed_c2f_adaptive_pd_calibrated,9,10,0.9,15,300,0.05,22,3,19,1920.0,3.2,516.865480601451,134.4707812108809,1.0,20915.0,20915.0,0.0,28.696199995465577,"4,3,2,4,3,4,2,9,7,2","0:3-4;1:2-3;2:4-2,3-2,14-2,2-3,2-4,1-2;3:4-3,9-4,3-4,6-4,12-4,2-4;4:4-3;5:3-4,9-4,12-4;6:0-2;7:3-9;8:0-7;9:1-2"
969,proposed_c2f_adaptive_pd,10,10,1.0,14,300,0.04666666666666667,16,4,12,2560.0,4.266666666666667,13258.478739417475,113.36424021816453,1.0,15105.0,15105.0,0.0,8.089200011454523,"5,4,6,4,3,13,2,10,1,8","0:1-5,3-5;1:5-4;2:0-6;3:0-4;4:0-3;5:7-13;6:0-2;7:0-10;8:3-1;9:8-2,8-9,2-9,3-2,3-8,2-8"
969,proposed_c2f_adaptive_pd_calibrated,10,10,1.0,14,300,0.04666666666666667,16,4,12,2560.0,4.266666666666667,13258.478739417475,113.36424021816453,1.0,15105.0,15105.0,0.0,16.01350004784763,"5,4,6,4,3,13,2,10,1,8","0:1-5,3-5;1:5-4;2:0-6;3:0-4;4:0-3;5:7-13;6:0-2;7:0-10;8:3-1;9:8-2,8-9,2-9,3-2,3-8,2-8"
970,proposed_c2f_adaptive_pd,10,10,1.0,15,300,0.05,12,1,11,640.0,1.0666666666666667,3041.301702666073,671.7125072394069,1.0,11536.0,11536.0,0.0,4.328300012275577,"5,6,10,5,1,8,5,8,14,1","0:2-5;1:0-6;2:0-10;3:0-5;4:0-1;5:13-8;6:0-5;7:13-8,8-13,4-8;8:9-14;9:0-1"
970,proposed_c2f_adaptive_pd_calibrated,10,10,1.0,15,300,0.05,12,1,11,640.0,1.0666666666666667,3041.301702666073,671.7125072394069,1.0,11536.0,11536.0,0.0,15.67669998621568,"5,6,10,5,1,8,5,8,14,1","0:2-5;1:0-6;2:0-10;3:0-5;4:0-1;5:13-8;6:0-5;7:13-8,8-13,4-8;8:9-14;9:0-1"
971,proposed_c2f_adaptive_pd,10,10,1.0,14,300,0.04666666666666667,11,0,11,0.0,0.0,423.1727443069698,244.6483677058398,1.0,11302.0,11302.0,0.0,5.294099973980337,"2,2,12,14,6,9,12,4,7,13","0:4-2;1:4-2,7-2;2:0-12;3:0-14;4:1-6;5:6-9;6:8-12;7:2-4;8:1-7;9:1-13"
971,proposed_c2f_adaptive_pd_calibrated,10,10,1.0,15,300,0.05,11,0,11,0.0,0.0,423.1727443069698,244.6483677058398,1.0,11302.0,11302.0,0.0,13.93900002585724,"2,2,12,14,6,9,12,4,7,13","0:4-2;1:4-2,7-2;2:0-12;3:0-14;4:1-6;5:6-9;6:8-12;7:2-4;8:1-7;9:1-13"
972,proposed_c2f_adaptive_pd,9,10,0.9,16,300,0.05333333333333334,12,0,12,0.0,0.0,3008.9893455108404,143.08988759018018,1.0,12154.0,12154.0,0.0,4.273200000170618,"11,0,11,8,7,1,9,8,11,6","0:8-11,9-11;1:7-0;2:0-11;3:1-8;4:0-7;5:4-1;6:1-9;7:1-8;8:8-11,9-11;9:1-6"
972,proposed_c2f_adaptive_pd_calibrated,9,10,0.9,17,300,0.056666666666666664,12,0,12,0.0,0.0,3008.9893455108404,143.08988759018018,1.0,12154.0,12154.0,0.0,16.14350004820153,"11,0,11,8,7,1,9,8,11,6","0:8-11,9-11;1:7-0;2:0-11;3:1-8;4:0-7;5:4-1;6:1-9;7:1-8;8:8-11,9-11;9:1-6"
973,proposed_c2f_adaptive_pd,9,10,0.9,13,270,0.04814814814814815,11,0,11,0.0,0.0,1144.2213933023236,202.50527524899917,0.9090909090909091,7092.0,7092.0,0.0,5.654600041452795,"4,2,0,1,11,5,5,5,13,1","0:1-4;1:4-2;2:7-0;3:0-1;4:2-11;5:11-5;6:0-5;7:13-5,11-5;8:11-13;9:0-1"
973,proposed_c2f_adaptive_pd_calibrated,9,10,0.9,14,270,0.05185185185185185,11,0,11,0.0,0.0,1144.2213933023236,202.50527524899917,0.9090909090909091,7092.0,7092.0,0.0,14.123799977824092,"4,2,0,1,11,5,5,5,13,1","0:1-4;1:4-2;2:7-0;3:0-1;4:2-11;5:11-5;6:0-5;7:13-5,11-5;8:11-13;9:0-1"
974,proposed_c2f_adaptive_pd,10,10,1.0,19,300,0.06333333333333334,10,0,10,0.0,0.0,1430.2057264408547,495.0128378044237,1.0,11247.0,11247.0,0.0,3.6530999932438135,"1,12,1,3,10,10,5,5,12,10",0:2-1;1:0-12;2:3-1;3:4-3;4:2-10;5:2-10;6:0-5;7:0-5;8:6-12;9:0-10
974,proposed_c2f_adaptive_pd_calibrated,10,10,1.0,19,300,0.06333333333333334,10,0,10,0.0,0.0,1430.2057264408547,495.0128378044237,1.0,11247.0,11247.0,0.0,8.03919997997582,"1,12,1,3,10,10,5,5,12,10",0:2-1;1:0-12;2:3-1;3:4-3;4:2-10;5:2-10;6:0-5;7:0-5;8:6-12;9:0-10
975,proposed_c2f_adaptive_pd,10,10,1.0,14,300,0.04666666666666667,13,1,12,640.0,1.0666666666666667,1377.5437264903017,153.08491849533522,1.0,15307.0,15307.0,0.0,6.8100999924354255,"4,7,4,7,9,14,5,4,14,9","0:0-4;1:3-7;2:3-4;3:3-7;4:0-9;5:14-5,5-14,1-14,8-14;6:6-5;7:0-4;8:5-14;9:0-9"
975,proposed_c2f_adaptive_pd_calibrated,10,10,1.0,14,300,0.04666666666666667,13,1,12,640.0,1.0666666666666667,1377.5437264903017,153.08491849533522,1.0,15307.0,15307.0,0.0,17.063200008124113,"4,7,4,7,9,14,5,4,14,9","0:0-4;1:3-7;2:3-4;3:3-7;4:0-9;5:14-5,5-14,1-14,8-14;6:6-5;7:0-4;8:5-14;9:0-9"
976,proposed_c2f_adaptive_pd,10,10,1.0,18,300,0.06,23,3,20,1920.0,3.2,255.00255346936893,56.2824488224827,1.0,25960.0,25960.0,0.0,9.677199996076524,"5,0,12,5,5,3,1,10,5,1","0:6-5,3-5,4-5,8-5,5-8,13-5;1:2-0;2:3-12;3:6-5;4:6-5;5:0-3;6:2-1,1-2,10-1,6-1;7:2-10;8:13-5,5-13,6-5,8-5,3-5,14-5;9:6-1"
976,proposed_c2f_adaptive_pd_calibrated,10,10,1.0,18,300,0.06,23,3,20,1920.0,3.2,255.00255346936893,56.2824488224827,1.0,25960.0,25960.0,0.0,25.862399954348803,"5,0,12,5,5,3,1,10,5,1","0:6-5,3-5,4-5,8-5,5-8,13-5;1:2-0;2:3-12;3:6-5;4:6-5;5:0-3;6:2-1,1-2,10-1,6-1;7:2-10;8:13-5,5-13,6-5,8-5,3-5,14-5;9:6-1"
977,proposed_c2f_adaptive_pd,10,10,1.0,11,300,0.03666666666666667,11,0,11,0.0,0.0,175402.61513045488,953.7252421998621,1.0,12188.0,12188.0,0.0,6.617599981836975,"5,10,12,8,8,14,12,14,13,4","0:0-5;1:0-10;2:2-12;3:1-8;4:1-8;5:1-14;6:2-12;7:4-14,7-14;8:4-13;9:13-4"
977,proposed_c2f_adaptive_pd_calibrated,10,10,1.0,12,300,0.04,11,0,11,0.0,0.0,175402.61513045488,953.7252421998621,1.0,12188.0,12188.0,0.0,11.969299986958504,"5,10,12,8,8,14,12,14,13,4","0:0-5;1:0-10;2:2-12;3:1-8;4:1-8;5:1-14;6:2-12;7:4-14,7-14;8:4-13;9:13-4"
978,proposed_c2f_adaptive_pd,9,10,0.9,15,300,0.05,15,3,12,1920.0,3.2,1855.1893732123694,99.41636344564867,1.0,11217.0,11217.0,0.0,6.500400020740926,"14,9,1,1,1,11,8,3,11,5","0:0-14;1:4-9;2:7-1,2-1,1-7,2-7,6-1,6-7;3:7-1;4:2-1;5:0-11;6:0-8;7:0-3;8:4-11;9:6-5"
978,proposed_c2f_adaptive_pd_calibrated,9,10,0.9,16,300,0.05333333333333334,15,3,12,1920.0,3.2,1855.1893732123694,99.41636344564867,1.0,11217.0,11217.0,0.0,17.714800022076815,"14,9,1,1,1,11,8,3,11,5","0:0-14;1:4-9;2:7-1,2-1,1-7,2-7,6-1,6-7;3:7-1;4:2-1;5:0-11;6:0-8;7:0-3;8:4-11;9:6-5"
979,proposed_c2f_adaptive_pd,10,10,1.0,13,300,0.043333333333333335,12,1,11,640.0,1.0666666666666667,1942.4782151586528,1655.724867220952,1.0,14333.0,14333.0,0.0,6.37079996522516,"5,7,7,9,7,7,14,13,13,10","0:0-5;1:2-7;2:0-7;3:0-9;4:0-7;5:3-7;6:10-14,14-10,12-14;7:1-13;8:1-13;9:12-10"
979,proposed_c2f_adaptive_pd_calibrated,10,10,1.0,13,300,0.043333333333333335,12,1,11,640.0,1.0666666666666667,1942.4782151586528,1655.724867220952,1.0,14333.0,14333.0,0.0,14.47970001026988,"5,7,7,9,7,7,14,13,13,10","0:0-5;1:2-7;2:0-7;3:0-9;4:0-7;5:3-7;6:10-14,14-10,12-14;7:1-13;8:1-13;9:12-10"
980,proposed_c2f_adaptive_pd,10,10,1.0,19,300,0.06333333333333334,10,0,10,0.0,0.0,2679.1434978590596,525.1685213157292,1.0,12423.0,12423.0,0.0,4.23729995964095,"14,10,10,0,5,10,0,4,4,1",0:8-14;1:0-10;2:7-10;3:1-0;4:1-5;5:0-10;6:1-0;7:7-4;8:2-4;9:0-1
980,proposed_c2f_adaptive_pd_calibrated,10,10,1.0,20,300,0.06666666666666667,10,0,10,0.0,0.0,2679.1434978590596,525.1685213157292,1.0,12423.0,12423.0,0.0,11.391700012609363,"14,10,10,0,5,10,0,4,4,1",0:8-14;1:0-10;2:7-10;3:1-0;4:1-5;5:0-10;6:1-0;7:7-4;8:2-4;9:0-1
981,proposed_c2f_adaptive_pd,10,10,1.0,13,300,0.043333333333333335,10,0,10,0.0,0.0,3177.9459837406557,576.2398686239023,1.0,10197.0,10197.0,0.0,6.392500014044344,"12,8,7,8,11,2,13,11,0,13",0:1-12;1:1-8;2:0-7;3:1-8;4:0-11;5:3-2;6:1-13;7:2-11;8:1-0;9:2-13
981,proposed_c2f_adaptive_pd_calibrated,10,10,1.0,13,300,0.043333333333333335,10,0,10,0.0,0.0,3177.9459837406557,576.2398686239023,1.0,10197.0,10197.0,0.0,11.391300009563565,"12,8,7,8,11,2,13,11,0,13",0:1-12;1:1-8;2:0-7;3:1-8;4:0-11;5:3-2;6:1-13;7:2-11;8:1-0;9:2-13
982,proposed_c2f_adaptive_pd,10,10,1.0,15,300,0.05,15,2,13,1280.0,2.1333333333333333,3331.0397813247523,454.978647019665,1.0,10517.0,10517.0,0.0,8.655400015413761,"3,8,2,2,8,3,12,0,12,0","0:14-3;1:1-8;2:0-2;3:1-2;4:0-8;5:14-3;6:0-12;7:0-6,6-0,14-0,3-0,9-0,3-6;8:0-12;9:4-0"
982,proposed_c2f_adaptive_pd_calibrated,10,10,1.0,14,300,0.04666666666666667,15,2,13,1280.0,2.1333333333333333,3331.0397813247523,454.978647019665,1.0,10517.0,10517.0,0.0,18.200899998191744,"3,8,2,2,8,3,12,0,12,0","0:14-3;1:1-8;2:0-2;3:1-2;4:0-8;5:14-3;6:0-12;7:0-6,6-0,14-0,3-0,9-0,3-6;8:0-12;9:4-0"
983,proposed_c2f_adaptive_pd,10,10,1.0,18,300,0.06,13,0,13,0.0,0.0,4387.756232268026,281.47950001210535,1.0,10469.0,10469.0,0.0,6.976400036364794,"11,10,13,14,4,6,11,1,3,14","0:0-11;1:2-10;2:1-13;3:0-14;4:0-4;5:0-6;6:5-11,2-11;7:0-1;8:7-3,4-3,6-3;9:0-14"
983,proposed_c2f_adaptive_pd_calibrated,10,10,1.0,18,300,0.06,13,0,13,0.0,0.0,4387.756232268026,281.47950001210535,1.0,10469.0,10469.0,0.0,15.613999974448234,"11,10,13,14,4,6,11,1,3,14","0:0-11;1:2-10;2:1-13;3:0-14;4:0-4;5:0-6;6:5-11,2-11;7:0-1;8:7-3,4-3,6-3;9:0-14"
984,proposed_c2f_adaptive_pd,10,10,1.0,14,300,0.04666666666666667,10,0,10,0.0,0.0,596.1391458547703,304.2271414528201,1.0,10505.0,10505.0,0.0,6.121500045992434,"1,3,7,3,8,5,9,6,6,12",0:3-1;1:1-3;2:3-7;3:1-3;4:1-8;5:0-5;6:11-9;7:0-6;8:1-6;9:2-12
984,proposed_c2f_adaptive_pd_calibrated,10,10,1.0,14,300,0.04666666666666667,10,0,10,0.0,0.0,596.1391458547703,304.2271414528201,1.0,10505.0,10505.0,0.0,9.260599967092276,"1,3,7,3,8,5,9,6,6,12",0:3-1;1:1-3;2:3-7;3:1-3;4:1-8;5:0-5;6:11-9;7:0-6;8:1-6;9:2-12
985,proposed_c2f_adaptive_pd,10,10,1.0,17,300,0.056666666666666664,10,0,10,0.0,0.0,2543.7348264593247,575.6160774536734,1.0,10659.0,10659.0,0.0,5.642700009047985,"9,2,14,14,14,7,6,0,11,4",0:0-9;1:7-2;2:2-14;3:0-14;4:0-14;5:2-7;6:0-6;7:1-0;8:1-11;9:0-4
985,proposed_c2f_adaptive_pd_calibrated,10,10,1.0,18,300,0.06,10,0,10,0.0,0.0,2543.7348264593247,575.6160774536734,1.0,10659.0,10659.0,0.0,11.957400012761354,"9,2,14,14,14,7,6,0,11,4",0:0-9;1:7-2;2:2-14;3:0-14;4:0-14;5:2-7;6:0-6;7:1-0;8:1-11;9:0-4
986,proposed_c2f_adaptive_pd,10,10,1.0,18,300,0.06,11,0,11,0.0,0.0,327.93257995681313,232.53695629257749,1.0,12923.0,12923.0,0.0,6.57100003445521,"2,11,0,6,10,8,8,14,5,2","0:1-2,4-2;1:5-11;2:1-0;3:0-6;4:3-10;5:0-8;6:0-8;7:5-14;8:0-5;9:0-2"
986,proposed_c2f_adaptive_pd_calibrated,10,10,1.0,18,300,0.06,11,0,11,0.0,0.0,327.93257995681313,232.53695629257749,1.0,12923.0,12923.0,0.0,11.4307000185363,"2,11,0,6,10,8,8,14,5,2","0:1-2,4-2;1:5-11;2:1-0;3:0-6;4:3-10;5:0-8;6:0-8;7:5-14;8:0-5;9:0-2"
987,proposed_c2f_adaptive_pd,10,10,1.0,16,300,0.05333333333333334,13,2,11,1280.0,2.1333333333333333,364.8424863729689,246.7780976028361,1.0,18001.0,18001.0,0.0,5.782600026577711,"13,4,14,5,1,11,2,14,10,2","0:0-13;1:0-4;2:0-14;3:0-5;4:14-1;5:7-11,11-7;6:5-2;7:0-14,14-0,1-14;8:4-10;9:6-2"
987,proposed_c2f_adaptive_pd_calibrated,10,10,1.0,16,300,0.05333333333333334,13,2,11,1280.0,2.1333333333333333,364.8424863729689,246.7780976028361,1.0,18001.0,18001.0,0.0,17.747599980793893,"13,4,14,5,1,11,2,14,10,2","0:0-13;1:0-4;2:0-14;3:0-5;4:14-1;5:7-11,11-7;6:5-2;7:0-14,14-0,1-14;8:4-10;9:6-2"
988,proposed_c2f_adaptive_pd,9,10,0.9,20,300,0.06666666666666667,20,4,16,2560.0,4.266666666666667,7143.632021785372,23.651572302179034,1.0,16780.0,16780.0,0.0,7.916499977000058,"13,5,3,2,14,14,0,2,14,5","0:2-13;1:13-5,5-13,2-5,5-2,0-5,6-5;2:0-3;3:0-2;4:0-14;5:5-14;6:1-0;7:0-2;8:0-14;9:2-5,13-5,5-13,5-2,0-5,3-5"
988,proposed_c2f_adaptive_pd_calibrated,9,10,0.9,20,300,0.06666666666666667,20,4,16,2560.0,4.266666666666667,7143.632021785372,23.651572302179034,1.0,16780.0,16780.0,0.0,21.531199978198856,"13,5,3,2,14,14,0,2,14,5","0:2-13;1:13-5,5-13,2-5,5-2,0-5,6-5;2:0-3;3:0-2;4:0-14;5:5-14;6:1-0;7:0-2;8:0-14;9:2-5,13-5,5-13,5-2,0-5,3-5"
989,proposed_c2f_adaptive_pd,9,10,0.9,14,300,0.04666666666666667,17,5,12,3200.0,5.333333333333334,1436.03239573961,81.78801278591916,1.0,25570.0,25570.0,0.0,5.718500004149973,"10,4,10,11,11,2,2,10,11,11","0:1-10;1:1-4;2:1-10;3:5-11;4:2-11;5:1-2;6:11-2,2-11,2-10,11-10,10-2,10-11;7:2-10,10-2;8:12-11,5-11;9:0-11"
989,proposed_c2f_adaptive_pd_calibrated,9,10,0.9,14,300,0.04666666666666667,17,5,12,3200.0,5.333333333333334,1436.03239573961,81.78801278591916,1.0,25570.0,25570.0,0.0,22.897100017871708,"10,4,10,11,11,2,2,10,11,11","0:1-10;1:1-4;2:1-10;3:5-11;4:2-11;5:1-2;6:11-2,2-11,2-10,11-10,10-2,10-11;7:2-10,10-2;8:12-11,5-11;9:0-11"
990,proposed_c2f_adaptive_pd,10,10,1.0,15,300,0.05,11,0,11,0.0,0.0,797.4416699265696,117.12656065032363,1.0,11484.0,11484.0,0.0,6.6513000056147575,"0,12,0,11,0,4,8,1,2,0","0:10-0,8-0;1:0-12;2:4-0;3:0-11;4:3-0;5:0-4;6:0-8;7:0-1;8:13-2;9:4-0"
990,proposed_c2f_adaptive_pd_calibrated,10,10,1.0,16,300,0.05333333333333334,11,0,11,0.0,0.0,797.4416699265696,117.12656065032363,1.0,11484.0,11484.0,0.0,14.23670002259314,"0,12,0,11,0,4,8,1,2,0","0:10-0,8-0;1:0-12;2:4-0;3:0-11;4:3-0;5:0-4;6:0-8;7:0-1;8:13-2;9:4-0"
991,proposed_c2f_adaptive_pd,9,10,0.9,20,300,0.06666666666666667,16,2,14,1280.0,2.1333333333333333,59500.94270733752,141.42966368422776,1.0,18149.0,18149.0,0.0,8.579400018788874,"14,8,7,14,9,6,13,13,7,14","0:0-14;1:0-8;2:0-7;3:0-14,6-14;4:0-9;5:6-1,1-6,6-0,13-6,0-6,12-6;6:1-13;7:2-13;8:3-7;9:0-14"
991,proposed_c2f_adaptive_pd_calibrated,9,10,0.9,21,300,0.07,16,2,14,1280.0,2.1333333333333333,59500.94270733752,141.42966368422776,1.0,18149.0,18149.0,0.0,15.935700037516654,"14,8,7,14,9,6,13,13,7,14","0:0-14;1:0-8;2:0-7;3:0-14,6-14;4:0-9;5:6-1,1-6,6-0,13-6,0-6,12-6;6:1-13;7:2-13;8:3-7;9:0-14"
992,proposed_c2f_adaptive_pd,10,10,1.0,23,300,0.07666666666666666,10,0,10,0.0,0.0,3234.723432385531,673.3951473886665,1.0,8503.0,8503.0,0.0,4.544899973552674,"10,7,14,0,8,13,7,1,1,10",0:0-10;1:0-7;2:3-14;3:4-0;4:3-8;5:3-13;6:0-7;7:3-1;8:3-1;9:0-10
992,proposed_c2f_adaptive_pd_calibrated,10,10,1.0,23,300,0.07666666666666666,10,0,10,0.0,0.0,3234.723432385531,673.3951473886665,1.0,8503.0,8503.0,0.0,13.164400006644428,"10,7,14,0,8,13,7,1,1,10",0:0-10;1:0-7;2:3-14;3:4-0;4:3-8;5:3-13;6:0-7;7:3-1;8:3-1;9:0-10
993,proposed_c2f_adaptive_pd,10,10,1.0,28,300,0.09333333333333334,14,2,12,1280.0,2.1333333333333333,186.03876120836944,71.14387940785593,1.0,15145.0,15145.0,0.0,7.874500006437302,"5,0,5,0,11,3,13,3,5,2","0:0-5;1:3-0;2:2-5;3:9-0,0-9,12-0,0-12,4-0;4:10-11;5:11-3;6:0-13;7:11-3;8:0-5;9:1-2"
993,proposed_c2f_adaptive_pd_calibrated,10,10,1.0,28,300,0.09333333333333334,14,2,12,1280.0,2.1333333333333333,186.03876120836944,71.14387940785593,1.0,15145.0,15145.0,0.0,14.303599949926138,"5,0,5,0,11,3,13,3,5,2","0:0-5;1:3-0;2:2-5;3:9-0,0-9,12-0,0-12,4-0;4:10-11;5:11-3;6:0-13;7:11-3;8:0-5;9:1-2"
994,proposed_c2f_adaptive_pd,10,10,1.0,21,300,0.07,16,2,14,1280.0,2.1333333333333333,436.7942532076976,153.0288202229726,1.0,17424.0,17424.0,0.0,8.107999979984015,"14,5,5,5,6,3,1,0,3,5","0:1-14;1:1-5;2:1-5;3:5-7,7-5,12-5,12-7,14-5,3-5;4:1-6;5:5-3;6:5-1;7:2-0;8:5-3,12-3;9:0-5"
994,proposed_c2f_adaptive_pd_calibrated,10,10,1.0,21,300,0.07,16,2,14,1280.0,2.1333333333333333,436.7942532076976,153.0288202229726,1.0,17424.0,17424.0,0.0,20.32160002272576,"14,5,5,5,6,3,1,0,3,5","0:1-14;1:1-5;2:1-5;3:5-7,7-5,12-5,12-7,14-5,3-5;4:1-6;5:5-3;6:5-1;7:2-0;8:5-3,12-3;9:0-5"
995,proposed_c2f_adaptive_pd,10,10,1.0,17,300,0.056666666666666664,11,0,11,0.0,0.0,1534.0742800153046,300.54736918679237,1.0,14865.0,14865.0,0.0,6.79020001552999,"11,7,12,2,8,13,0,13,11,7","0:0-11;1:0-7;2:8-12;3:0-2;4:0-8;5:4-13;6:1-0;7:4-13,12-13;8:7-11;9:0-7"
995,proposed_c2f_adaptive_pd_calibrated,10,10,1.0,18,300,0.06,11,0,11,0.0,0.0,1534.0742800153046,300.54736918679237,1.0,14865.0,14865.0,0.0,14.511700021103024,"11,7,12,2,8,13,0,13,11,7","0:0-11;1:0-7;2:8-12;3:0-2;4:0-8;5:4-13;6:1-0;7:4-13,12-13;8:7-11;9:0-7"
996,proposed_c2f_adaptive_pd,10,10,1.0,21,300,0.07,10,0,10,0.0,0.0,782.124782683531,166.15389269538474,1.0,12815.0,12815.0,0.0,3.9334999746643007,"6,4,1,7,7,13,5,5,6,13",0:10-6;1:1-4;2:2-1;3:0-7;4:0-7;5:6-13;6:6-5;7:0-5;8:1-6;9:5-13
996,proposed_c2f_adaptive_pd_calibrated,10,10,1.0,21,300,0.07,10,0,10,0.0,0.0,782.124782683531,166.15389269538474,1.0,12815.0,12815.0,0.0,8.15469998633489,"6,4,1,7,7,13,5,5,6,13",0:10-6;1:1-4;2:2-1;3:0-7;4:0-7;5:6-13;6:6-5;7:0-5;8:1-6;9:5-13
997,proposed_c2f_adaptive_pd,10,10,1.0,13,300,0.043333333333333335,18,1,17,640.0,1.0666666666666667,772.4449169418638,317.65808127009217,1.0,25269.0,25269.0,0.0,6.302200024947524,"9,13,4,13,7,4,14,8,4,4","0:5-9;1:3-13,12-13,11-13;2:0-4;3:7-13,10-13,0-13;4:10-7,7-10,0-7;5:0-4;6:10-14,7-14,0-14;7:0-8;8:0-4;9:0-4"
997,proposed_c2f_adaptive_pd_calibrated,10,10,1.0,13,300,0.043333333333333335,18,1,17,640.0,1.0666666666666667,772.4449169418638,317.65808127009217,1.0,25269.0,25269.0,0.0,20.30249999370426,"9,13,4,13,7,4,14,8,4,4","0:5-9;1:3-13,12-13,11-13;2:0-4;3:7-13,10-13,0-13;4:10-7,7-10,0-7;5:0-4;6:10-14,7-14,0-14;7:0-8;8:0-4;9:0-4"
998,proposed_c2f_adaptive_pd,9,10,0.9,15,270,0.05555555555555555,21,8,13,5120.0,8.533333333333335,352.26570753485976,72.07502783161968,0.9523809523809523,25300.0,25300.0,0.0,6.269100005738437,"8,14,0,10,5,8,8,9,6,5","0:8-0,0-8,8-12,12-8,12-0,0-12;1:0-14;2:8-0,0-8;3:0-10;4:0-5;5:8-0,0-8,7-8,8-12,12-8,7-0;6:0-8;7:5-9;8:1-6;9:0-5"
998,proposed_c2f_adaptive_pd_calibrated,9,10,0.9,15,270,0.05555555555555555,21,8,13,5120.0,8.533333333333335,352.26570753485976,72.07502783161968,0.9523809523809523,25300.0,25300.0,0.0,21.77639998262748,"8,14,0,10,5,8,8,9,6,5","0:8-0,0-8,8-12,12-8,12-0,0-12;1:0-14;2:8-0,0-8;3:0-10;4:0-5;5:8-0,0-8,7-8,8-12,12-8,7-0;6:0-8;7:5-9;8:1-6;9:0-5"
999,proposed_c2f_adaptive_pd,10,10,1.0,16,300,0.05333333333333334,10,0,10,0.0,0.0,802.0451648237448,153.59346667881601,1.0,11982.0,11982.0,0.0,6.054400000721216,"0,10,11,8,0,8,4,14,9,10",0:1-0;1:1-10;2:0-11;3:5-8;4:7-0;5:9-8;6:8-4;7:4-14;8:1-9;9:0-10
999,proposed_c2f_adaptive_pd_calibrated,10,10,1.0,16,300,0.05333333333333334,10,0,10,0.0,0.0,802.0451648237448,153.59346667881601,1.0,11982.0,11982.0,0.0,9.002000035252422,"0,10,11,8,0,8,4,14,9,10",0:1-0;1:1-10;2:0-11;3:5-8;4:7-0;5:9-8;6:8-4;7:4-14;8:1-9;9:0-10
