trial,budget,joint_F,nearest_exact_F,nearest_c2f_F,placement_gap,selection_gap,total_gap,joint_feasible_pairs,candidate_pairs_before_caps,joint_mean_predicted_pd,c2f_mean_predicted_pd,c2f_reports,joint_reports,joint_plan,joint_sets,nearest_plan,c2f_sets,M,polished_F,polished_gap,accepted
0,0,-0.26750676418364744,-0.26750676418364744,-0.26750676418364744,0.0,0.0,0.0,144,5184,0.42500184930632845,0.42500184930632845,0,0,"[1, 2]","[[[0, 1], [2, 1]], [[0, 2], [1, 2]]]","[1, 2]","[[[0, 1], [2, 1]], [[0, 2], [1, 2]]]",3,-0.26750676418364744,0.0,0
0,1,-0.2385733923387472,-0.2385733923387472,-0.2385733923387472,0.0,0.0,0.0,864,5184,0.430885099507267,0.430885099507267,1,1,"[0, 2]","[[[0, 1], [1, 0]], [[0, 2], [1, 2]]]","[1, 2]","[[[0, 1], [1, 0]], [[0, 2], [1, 2]]]",3,-0.2385733923387472,0.0,0
0,2,-0.23130029987517395,-0.23130029987517395,-0.23130029987517395,0.0,0.0,0.0,2048,5184,0.47647695450922145,0.47647695450922145,2,2,"[0, 0]","[[[0, 1], [1, 0]], [[0, 2], [2, 0]]]","[1, 2]","[[[0, 1], [1, 0]], [[0, 2], [2, 0]]]",3,-0.23130029987517395,0.0,0
0,4,-0.23130029987517395,-0.23130029987517395,-0.23130029987517395,0.0,0.0,0.0,2888,5184,0.47647695450922145,0.47647695450922145,2,2,"[0, 0]","[[[0, 1], [1, 0]], [[0, 2], [2, 0]]]","[1, 2]","[[[0, 1], [1, 0]], [[0, 2], [2, 0]]]",3,-0.23130029987517395,0.0,0
1,0,-0.24094884932564697,-0.24094884932564697,-0.24094884932564697,0.0,0.0,0.0,144,1156,0.24384819522011184,0.24384819522011184,0,0,"[1, 1]","[[[0, 1], [2, 1]], [[0, 1], [2, 1]]]","[1, 1]","[[[0, 1], [2, 1]], [[2, 1], [0, 1]]]",3,-0.24094884932564697,0.0,0
1,1,-0.24094884932564697,-0.24094884932564697,-0.24094884932564697,0.0,0.0,0.0,504,1156,0.24384819522011184,0.24384819522011184,0,0,"[1, 1]","[[[0, 1], [2, 1]], [[0, 1], [2, 1]]]","[1, 1]","[[[0, 1], [2, 1]], [[2, 1], [0, 1]]]",3,-0.24094884932564697,0.0,0
1,2,-0.24094884932564697,-0.24094884932564697,-0.24094884932564697,0.0,0.0,0.0,800,1156,0.24384819522011184,0.24384819522011184,0,0,"[1, 1]","[[[0, 1], [2, 1]], [[0, 1], [2, 1]]]","[1, 1]","[[[0, 1], [2, 1]], [[2, 1], [0, 1]]]",3,-0.24094884932564697,0.0,0
1,4,-0.24094884932564697,-0.24094884932564697,-0.24094884932564697,0.0,0.0,0.0,884,1156,0.24384819522011184,0.24384819522011184,0,0,"[1, 1]","[[[0, 1], [2, 1]], [[0, 1], [2, 1]]]","[1, 1]","[[[0, 1], [2, 1]], [[2, 1], [0, 1]]]",3,-0.24094884932564697,0.0,0
2,0,-0.48909439636692115,-0.48909439636692115,-0.48909439636692115,0.0,0.0,0.0,144,5184,0.21999088304087133,0.21999088304087133,0,0,"[0, 2]","[[[1, 0], [2, 0]], [[0, 2], [1, 2]]]","[0, 2]","[[[1, 0], [2, 0]], [[1, 2], [0, 2]]]",3,-0.48909439636692115,0.0,0
2,1,-0.4257723502905961,-0.426046793947323,-0.426046793947323,0.00027444365672685267,0.0,0.00027444365672685267,864,5184,0.29156916869906957,0.2915223703281956,1,1,"[1, 2]","[[[0, 1]], [[0, 2], [1, 2], [2, 1]]]","[0, 2]","[[[1, 0]], [[1, 2], [2, 1], [0, 2]]]",3,-0.4257723502905961,0.0,1
2,2,-0.42499106338924253,-0.42499106338924253,-0.42499106338924253,0.0,0.0,0.0,2048,5184,0.27579334292827534,0.27579334292827534,2,2,"[0, 1]","[[[0, 1], [1, 0]], [[1, 2], [2, 1]]]","[0, 2]","[[[1, 0], [0, 1]], [[1, 2], [2, 1]]]",3,-0.42499106338924253,0.0,0
2,4,-0.42499106338924253,-0.42499106338924253,-0.42499106338924253,0.0,0.0,0.0,2888,5184,0.27579334292827534,0.27579334292827534,2,2,"[0, 1]","[[[0, 1], [1, 0]], [[1, 2], [2, 1]]]","[0, 2]","[[[1, 0], [0, 1]], [[1, 2], [2, 1]]]",3,-0.42499106338924253,0.0,0
3,0,0.735486537578907,0.735486537578907,0.735486537578907,0.0,0.0,0.0,144,15876,0.6682021187522966,0.6682021187522966,0,0,"[2, 2]","[[[0, 2], [1, 2]], [[0, 2], [1, 2]]]","[2, 2]","[[[1, 2], [0, 2]], [[1, 2], [0, 2]]]",3,0.735486537578907,0.0,0
3,1,1.0058060026410922,1.0058060026410922,1.0058060026410922,0.0,0.0,0.0,1224,15876,0.6766917285372802,0.6766917285372802,1,1,"[2, 2]","[[[0, 2], [1, 2], [2, 1]], [[1, 2]]]","[2, 2]","[[[1, 2], [2, 1], [0, 2]], [[1, 2]]]",3,1.0058060026410922,0.0,0
3,2,1.0058060026410922,1.0058060026410922,1.0058060026410922,0.0,0.0,0.0,3888,15876,0.6766917285372802,0.6766917285372802,1,1,"[2, 2]","[[[0, 2], [1, 2], [2, 1]], [[1, 2]]]","[2, 2]","[[[1, 2], [2, 1], [0, 2]], [[1, 2]]]",3,1.0058060026410922,0.0,0
3,4,1.0058060026410922,1.0058060026410922,1.0058060026410922,0.0,0.0,0.0,6876,15876,0.6766917285372802,0.6766917285372802,1,1,"[2, 2]","[[[0, 2], [1, 2], [2, 1]], [[1, 2]]]","[2, 2]","[[[1, 2], [2, 1], [0, 2]], [[1, 2]]]",3,1.0058060026410922,0.0,0
4,0,1.5390355395822584,1.5390355395822584,1.5390355395822584,0.0,0.0,0.0,144,1156,0.8974775298427403,0.8974768002529948,0,0,"[1, 0]","[[[0, 1], [2, 1]], [[2, 0]]]","[1, 2]","[[[0, 1], [2, 1]], [[0, 2]]]",3,1.5390355395822584,0.0,0
4,1,1.5390355395822584,1.5390355395822584,1.5390355395822584,0.0,0.0,0.0,504,1156,0.8974775298427403,0.8974768002529948,0,0,"[1, 0]","[[[0, 1], [2, 1]], [[2, 0]]]","[1, 2]","[[[0, 1], [2, 1]], [[0, 2]]]",3,1.5390355395822584,0.0,0
4,2,1.5390355395822584,1.5390355395822584,1.5390355395822584,0.0,0.0,0.0,800,1156,0.8974775298427403,0.8974768002529948,0,0,"[1, 0]","[[[0, 1], [2, 1]], [[2, 0]]]","[1, 2]","[[[0, 1], [2, 1]], [[0, 2]]]",3,1.5390355395822584,0.0,0
4,4,1.5390355395822584,1.5390355395822584,1.5390355395822584,0.0,0.0,0.0,884,1156,0.8974775298427403,0.8974768002529948,0,0,"[1, 0]","[[[0, 1], [2, 1]], [[2, 0]]]","[1, 2]","[[[0, 1], [2, 1]], [[0, 2]]]",3,1.5390355395822584,0.0,0
5,0,0.47266868405586193,0.47266868405586193,0.47266868405586193,0.0,0.0,0.0,144,15876,0.6451910926116027,0.6671484973282578,0,0,"[0, 1]","[[[1, 0]], [[0, 1], [2, 1]]]","[0, 1]","[[[2, 0]], [[2, 1], [0, 1]]]",3,0.47266868405586193,0.0,0
5,1,0.7171056472954899,0.7171056472954899,0.7171056472954899,0.0,0.0,0.0,1224,15876,0.6934370966915206,0.7153945014081756,1,1,"[0, 1]","[[[1, 0]], [[0, 1], [1, 2], [2, 1]]]","[0, 1]","[[[2, 0]], [[2, 1], [1, 2], [0, 1]]]",3,0.7171056472954899,0.0,0
5,2,0.7171056472954899,0.7171056472954899,0.7171056472954899,0.0,0.0,0.0,3888,15876,0.6934370966915206,0.7153945014081756,1,1,"[0, 1]","[[[1, 0]], [[0, 1], [1, 2], [2, 1]]]","[0, 1]","[[[2, 0]], [[2, 1], [1, 2], [0, 1]]]",3,0.7171056472954899,0.0,0
5,4,0.7171056472954899,0.7171056472954899,0.7171056472954899,0.0,0.0,0.0,6876,15876,0.6934370966915206,0.7153945014081756,1,1,"[0, 1]","[[[1, 0]], [[0, 1], [1, 2], [2, 1]]]","[0, 1]","[[[2, 0]], [[2, 1], [1, 2], [0, 1]]]",3,0.7171056472954899,0.0,0
6,0,-0.23438908906093836,-0.23438908906093836,-0.23438908906093836,0.0,0.0,0.0,144,5184,0.5230691692246212,0.5230691692246212,0,0,"[0, 1]","[[[1, 0]], [[0, 1], [2, 1]]]","[0, 1]","[[[1, 0]], [[0, 1], [2, 1]]]",3,-0.23438908906093836,0.0,0
6,1,-0.19761351247705738,-0.19761351247705738,-0.19761351247705738,0.0,0.0,0.0,864,5184,0.5303134602394484,0.5303134602394484,1,1,"[0, 1]","[[[1, 0]], [[0, 1], [1, 0], [2, 1]]]","[0, 1]","[[[1, 0]], [[0, 1], [1, 0], [2, 1]]]",3,-0.19761351247705738,0.0,0
6,2,-0.19761351247705738,-0.19761351247705738,-0.19761351247705738,0.0,0.0,0.0,2048,5184,0.5303134602394484,0.5303134602394484,1,1,"[0, 1]","[[[1, 0]], [[0, 1], [1, 0], [2, 1]]]","[0, 1]","[[[1, 0]], [[0, 1], [1, 0], [2, 1]]]",3,-0.19761351247705738,0.0,0
6,4,-0.19761351247705738,-0.19761351247705738,-0.19761351247705738,0.0,0.0,0.0,2888,5184,0.5303134602394484,0.5303134602394484,1,1,"[0, 1]","[[[1, 0]], [[0, 1], [1, 0], [2, 1]]]","[0, 1]","[[[1, 0]], [[0, 1], [1, 0], [2, 1]]]",3,-0.19761351247705738,0.0,0
7,0,1.6916676957272903,1.6916676957272903,1.6916676957272903,0.0,0.0,0.0,144,5184,0.9165807085772077,0.9165807085772077,0,0,"[2, 2]","[[[0, 2], [1, 2]], [[0, 2], [1, 2]]]","[2, 2]","[[[0, 2], [1, 2]], [[1, 2], [0, 2]]]",3,1.6916676957272903,0.0,0
7,1,1.7336544894984938,1.7336544894984938,1.7336544894984938,0.0,0.0,0.0,864,5184,0.9557828756325686,0.9557828756325686,1,1,"[0, 2]","[[[0, 2], [2, 0]], [[0, 2], [1, 2]]]","[2, 2]","[[[0, 2], [2, 0]], [[1, 2], [0, 2]]]",3,1.7336544894984938,0.0,0
7,2,1.7336544894984938,1.7336544894984938,1.7336544894984938,0.0,0.0,0.0,2048,5184,0.9557828756325686,0.9557828756325686,1,1,"[0, 2]","[[[0, 2], [2, 0]], [[0, 2], [1, 2]]]","[2, 2]","[[[0, 2], [2, 0]], [[1, 2], [0, 2]]]",3,1.7336544894984938,0.0,0
7,4,1.7451667865591969,1.7336544894984938,1.7336544894984938,0.011512297060703114,0.0,0.011512297060703114,2888,5184,0.9662033044605404,0.9557828756325686,1,3,"[0, 0]","[[[0, 2], [2, 0]], [[1, 2], [2, 1]]]","[2, 2]","[[[0, 2], [2, 0]], [[1, 2], [0, 2]]]",3,1.7451667865591969,0.0,1
8,0,0.435052923205021,0.435052923205021,0.435052923205021,0.0,0.0,0.0,144,15876,0.6578007365241837,0.6576967574811801,0,0,"[0, 0]","[[[2, 0]], [[1, 0], [2, 0]]]","[2, 0]","[[[0, 2]], [[2, 0], [1, 0]]]",3,0.435052923205021,0.0,0
8,1,0.7594633314973765,0.7594633314973765,0.7594633314973765,0.0,0.0,0.0,1224,15876,0.7215354810121943,0.7214315019691907,1,1,"[0, 0]","[[[2, 0]], [[0, 2], [1, 0], [2, 0]]]","[2, 0]","[[[0, 2]], [[2, 0], [0, 2], [1, 0]]]",3,0.7594633314973765,0.0,0
8,2,0.7594633314973765,0.7594633314973765,0.7594633314973765,0.0,0.0,0.0,3888,15876,0.7215354810121943,0.7214315019691907,1,1,"[0, 0]","[[[2, 0]], [[0, 2], [1, 0], [2, 0]]]","[2, 0]","[[[0, 2]], [[2, 0], [0, 2], [1, 0]]]",3,0.7594633314973765,0.0,0
8,4,0.7594633314973765,0.7594633314973765,0.7594633314973765,0.0,0.0,0.0,6876,15876,0.7215354810121943,0.7214315019691907,1,1,"[0, 0]","[[[2, 0]], [[0, 2], [1, 0], [2, 0]]]","[2, 0]","[[[0, 2]], [[2, 0], [0, 2], [1, 0]]]",3,0.7594633314973765,0.0,0
9,0,1.7613705638880106,1.7613705638880106,1.7613705638880106,0.0,0.0,0.0,144,15876,0.9993941971872178,0.9993941971872178,0,0,"[0, 0]","[[[1, 0]], [[1, 0]]]","[0, 0]","[[[1, 0]], [[1, 0]]]",3,1.7613705638880106,0.0,0
9,1,1.7613705638880106,1.7613705638880106,1.7613705638880106,0.0,0.0,0.0,1224,15876,0.9993941971872178,0.9993941971872178,0,0,"[0, 0]","[[[1, 0]], [[1, 0]]]","[0, 0]","[[[1, 0]], [[1, 0]]]",3,1.7613705638880106,0.0,0
9,2,1.7613705638880106,1.7613705638880106,1.7613705638880106,0.0,0.0,0.0,3888,15876,0.9993941971872178,0.9993941971872178,0,0,"[0, 0]","[[[1, 0]], [[1, 0]]]","[0, 0]","[[[1, 0]], [[1, 0]]]",3,1.7613705638880106,0.0,0
9,4,1.7613705638880106,1.7613705638880106,1.7613705638880106,0.0,0.0,0.0,6876,15876,0.9993941971872178,0.9993941971872178,0,0,"[0, 0]","[[[1, 0]], [[1, 0]]]","[0, 0]","[[[1, 0]], [[1, 0]]]",3,1.7613705638880106,0.0,0
10,0,0.9687794693642202,0.9687794693642202,0.9687794693642202,0.0,0.0,0.0,144,1156,0.7656999996672855,0.7657007169842767,0,0,"[0, 2]","[[[2, 0]], [[0, 2], [1, 2]]]","[2, 2]","[[[0, 2]], [[1, 2], [0, 2]]]",3,0.9687794693642202,0.0,0
10,1,1.1791654351960161,1.1791654351960161,1.1791654351960161,0.0,0.0,0.0,504,1156,0.8117393091010116,0.8117400264180028,1,1,"[0, 2]","[[[2, 0]], [[0, 2], [1, 2], [2, 0]]]","[2, 2]","[[[0, 2]], [[1, 2], [0, 2], [2, 0]]]",3,1.1791654351960161,0.0,0
10,2,1.1791654351960161,1.1791654351960161,1.1791654351960161,0.0,0.0,0.0,800,1156,0.8117393091010116,0.8117400264180028,1,1,"[0, 2]","[[[2, 0]], [[0, 2], [1, 2], [2, 0]]]","[2, 2]","[[[0, 2]], [[1, 2], [0, 2], [2, 0]]]",3,1.1791654351960161,0.0,0
10,4,1.1791654351960161,1.1791654351960161,1.1791654351960161,0.0,0.0,0.0,884,1156,0.8117393091010116,0.8117400264180028,1,1,"[0, 2]","[[[2, 0]], [[0, 2], [1, 2], [2, 0]]]","[2, 2]","[[[0, 2]], [[1, 2], [0, 2], [2, 0]]]",3,1.1791654351960161,0.0,0
11,0,-0.569372606652165,-0.569372606652165,-0.569372606652165,0.0,0.0,0.0,144,1156,0.13833746051256013,0.13833746051256013,0,0,"[1, 1]","[[[0, 1], [2, 1]], [[0, 1], [2, 1]]]","[1, 1]","[[[2, 1], [0, 1]], [[2, 1], [0, 1]]]",3,-0.569372606652165,0.0,0
11,1,-0.569372606652165,-0.569372606652165,-0.569372606652165,0.0,0.0,0.0,504,1156,0.13833746051256013,0.13833746051256013,0,0,"[1, 1]","[[[0, 1], [2, 1]], [[0, 1], [2, 1]]]","[1, 1]","[[[2, 1], [0, 1]], [[2, 1], [0, 1]]]",3,-0.569372606652165,0.0,0
11,2,-0.569372606652165,-0.569372606652165,-0.569372606652165,0.0,0.0,0.0,800,1156,0.13833746051256013,0.13833746051256013,0,0,"[1, 1]","[[[0, 1], [2, 1]], [[0, 1], [2, 1]]]","[1, 1]","[[[2, 1], [0, 1]], [[2, 1], [0, 1]]]",3,-0.569372606652165,0.0,0
11,4,-0.569372606652165,-0.569372606652165,-0.569372606652165,0.0,0.0,0.0,884,1156,0.13833746051256013,0.13833746051256013,0,0,"[1, 1]","[[[0, 1], [2, 1]], [[0, 1], [2, 1]]]","[1, 1]","[[[2, 1], [0, 1]], [[2, 1], [0, 1]]]",3,-0.569372606652165,0.0,0
12,0,0.8820898930249519,0.8820898930249519,0.8820898930249519,0.0,0.0,0.0,144,15876,0.5828728392021651,0.5828728392021651,0,0,"[0, 2]","[[[1, 0], [2, 0]], [[0, 2], [1, 2]]]","[0, 2]","[[[1, 0], [2, 0]], [[1, 2], [0, 2]]]",3,0.8820898930249519,0.0,0
12,1,1.005757680342186,1.005757680342186,0.9651961918957951,0.0,0.04056148844639085,0.04056148844639085,1224,15876,0.6659809564585502,0.6323092435710642,1,1,"[0, 2]","[[[0, 1], [1, 0]], [[0, 2], [1, 2]]]","[0, 2]","[[[1, 0]], [[1, 2], [2, 1], [0, 2]]]",3,0.9651961918957951,0.04056148844639085,0
12,2,1.1140420352562381,1.1140420352562381,1.1140420352562381,0.0,0.0,0.0,3888,15876,0.6934115416805398,0.6934115416805398,2,2,"[0, 1]","[[[0, 1], [1, 0]], [[1, 2], [2, 1]]]","[0, 2]","[[[1, 0], [0, 1]], [[1, 2], [2, 1]]]",3,1.1140420352562381,0.0,0
12,4,1.1140420352562381,1.1140420352562381,1.1140420352562381,0.0,0.0,0.0,6876,15876,0.6934115416805398,0.6934115416805398,2,2,"[0, 1]","[[[0, 1], [1, 0]], [[1, 2], [2, 1]]]","[0, 2]","[[[1, 0], [0, 1]], [[1, 2], [2, 1]]]",3,1.1140420352562381,0.0,0
13,0,-0.6304531672236753,-0.6304531672236753,-0.6304531672236753,0.0,0.0,0.0,144,5184,0.13495266389747318,0.13495266389747318,0,0,"[0, 1]","[[[1, 0], [2, 0]], [[0, 1], [2, 1]]]","[0, 1]","[[[2, 0], [1, 0]], [[0, 1], [2, 1]]]",3,-0.6304531672236753,0.0,0
13,1,-0.5771186889587114,-0.5771186889587114,-0.5771186889587115,0.0,1.1102230246251565e-16,1.1102230246251565e-16,864,5184,0.16926082630122266,0.16926082630122263,1,1,"[0, 1]","[[[0, 2], [1, 0], [2, 0]], [[0, 1]]]","[0, 1]","[[[2, 0], [0, 2], [1, 0]], [[0, 1]]]",3,-0.5771186889587114,0.0,0
13,2,-0.5771186889587114,-0.5771186889587114,-0.5771186889587115,0.0,1.1102230246251565e-16,1.1102230246251565e-16,2048,5184,0.16926082630122266,0.16926082630122263,1,1,"[0, 1]","[[[0, 2], [1, 0], [2, 0]], [[0, 1]]]","[0, 1]","[[[2, 0], [0, 2], [1, 0]], [[0, 1]]]",3,-0.5771186889587114,0.0,0
13,4,-0.5771186889587114,-0.5771186889587114,-0.5771186889587115,0.0,1.1102230246251565e-16,1.1102230246251565e-16,2888,5184,0.16926082630122266,0.16926082630122263,1,1,"[0, 1]","[[[0, 2], [1, 0], [2, 0]], [[0, 1]]]","[0, 1]","[[[2, 0], [0, 2], [1, 0]], [[0, 1]]]",3,-0.5771186889587114,0.0,0
14,0,-0.23335272782608807,-0.23335272782608807,-0.23335272782608807,0.0,0.0,0.0,144,2025,0.5336481204338959,0.5336481204338959,0,0,"[0, 0]","[[[1, 0], [2, 0]], [[1, 0], [2, 0]]]","[0, 0]","[[[2, 0], [1, 0]], [[2, 0], [1, 0]]]",3,-0.23335272782608807,0.0,0
14,1,-0.22845375754180336,-0.22845375754180336,-0.22845375754180336,0.0,0.0,0.0,684,2025,0.5001155285811435,0.5001155285811435,1,1,"[0, 0]","[[[0, 2], [1, 0], [2, 0]], [[2, 0]]]","[0, 0]","[[[2, 0], [1, 0], [0, 2]], [[2, 0]]]",3,-0.22845375754180336,0.0,0
14,2,-0.22845375754180336,-0.22845375754180336,-0.22845375754180336,0.0,0.0,0.0,1260,2025,0.5001155285811435,0.5001155285811435,1,1,"[0, 0]","[[[0, 2], [1, 0], [2, 0]], [[2, 0]]]","[0, 0]","[[[2, 0], [1, 0], [0, 2]], [[2, 0]]]",3,-0.22845375754180336,0.0,0
14,4,-0.22845375754180336,-0.22845375754180336,-0.22845375754180336,0.0,0.0,0.0,1449,2025,0.5001155285811435,0.5001155285811435,1,1,"[0, 0]","[[[0, 2], [1, 0], [2, 0]], [[2, 0]]]","[0, 0]","[[[2, 0], [1, 0], [0, 2]], [[2, 0]]]",3,-0.22845375754180336,0.0,0
15,0,1.4832319680418407,1.4832319680418407,1.4832319680418407,0.0,0.0,0.0,144,5184,0.8825871950909283,0.8825871950909283,0,0,"[0, 1]","[[[1, 0]], [[0, 1], [2, 1]]]","[0, 1]","[[[1, 0]], [[0, 1], [2, 1]]]",3,1.4832319680418407,0.0,0
15,1,1.692637419706253,1.692637419706253,1.692637419706253,0.0,0.0,0.0,864,5184,0.9477192071780227,0.9477192071780227,1,1,"[0, 1]","[[[1, 0]], [[0, 1], [1, 0], [2, 1]]]","[0, 1]","[[[1, 0]], [[0, 1], [1, 0], [2, 1]]]",3,1.692637419706253,0.0,0
15,2,1.692637419706253,1.692637419706253,1.692637419706253,0.0,0.0,0.0,2048,5184,0.9477192071780227,0.9477192071780227,1,1,"[0, 1]","[[[1, 0]], [[0, 1], [1, 0], [2, 1]]]","[0, 1]","[[[1, 0]], [[0, 1], [1, 0], [2, 1]]]",3,1.692637419706253,0.0,0
15,4,1.692637419706253,1.692637419706253,1.692637419706253,0.0,0.0,0.0,2888,5184,0.9477192071780227,0.9477192071780227,1,1,"[0, 1]","[[[1, 0]], [[0, 1], [1, 0], [2, 1]]]","[0, 1]","[[[1, 0]], [[0, 1], [1, 0], [2, 1]]]",3,1.692637419706253,0.0,0
16,0,-0.24327266399583378,-0.24327266399583378,-0.24327266399583378,0.0,0.0,0.0,144,15876,0.537207075344025,0.5372085170872253,0,0,"[0, 2]","[[[2, 0]], [[0, 2], [1, 2]]]","[2, 2]","[[[0, 2]], [[1, 2], [0, 2]]]",3,-0.24327266399583378,0.0,0
16,1,-0.20595819840409788,-0.20595819840409788,-0.20595819840409788,0.0,0.0,0.0,1224,15876,0.5445361857039195,0.5445376274471199,1,1,"[0, 2]","[[[2, 0]], [[0, 2], [1, 2], [2, 1]]]","[2, 2]","[[[0, 2]], [[1, 2], [2, 1], [0, 2]]]",3,-0.20595819840409788,0.0,0
16,2,-0.20595819840409788,-0.20595819840409788,-0.20595819840409788,0.0,0.0,0.0,3888,15876,0.5445361857039195,0.5445376274471199,1,1,"[0, 2]","[[[2, 0]], [[0, 2], [1, 2], [2, 1]]]","[2, 2]","[[[0, 2]], [[1, 2], [2, 1], [0, 2]]]",3,-0.20595819840409788,0.0,0
16,4,-0.20595819840409788,-0.20595819840409788,-0.20595819840409788,0.0,0.0,0.0,6876,15876,0.5445361857039195,0.5445376274471199,1,1,"[0, 2]","[[[2, 0]], [[0, 2], [1, 2], [2, 1]]]","[2, 2]","[[[0, 2]], [[1, 2], [2, 1], [0, 2]]]",3,-0.20595819840409788,0.0,0
17,0,-0.09324693008694762,-0.09324693008694762,-0.09324693008694762,0.0,0.0,0.0,144,1156,0.3598803946651228,0.3598803946651228,0,0,"[0, 1]","[[[1, 0], [2, 0]], [[0, 1], [2, 1]]]","[0, 1]","[[[1, 0], [2, 0]], [[0, 1], [2, 1]]]",3,-0.09324693008694762,0.0,0
17,1,0.0010096803569451755,0.0010096803569451755,0.0010096803569451755,0.0,0.0,0.0,504,1156,0.37201318204439743,0.37201318204439743,1,1,"[0, 1]","[[[1, 0]], [[0, 1], [1, 0], [2, 1]]]","[0, 1]","[[[1, 0]], [[0, 1], [2, 1], [1, 0]]]",3,0.0010096803569451763,-8.673617379884035e-19,0
17,2,0.0010096803569451755,0.0010096803569451755,0.0010096803569451755,0.0,0.0,0.0,800,1156,0.37201318204439743,0.37201318204439743,1,1,"[0, 1]","[[[1, 0]], [[0, 1], [1, 0], [2, 1]]]","[0, 1]","[[[1, 0]], [[0, 1], [2, 1], [1, 0]]]",3,0.0010096803569451763,-8.673617379884035e-19,0
17,4,0.0010096803569451755,0.0010096803569451755,0.0010096803569451755,0.0,0.0,0.0,884,1156,0.37201318204439743,0.37201318204439743,1,1,"[0, 1]","[[[1, 0]], [[0, 1], [1, 0], [2, 1]]]","[0, 1]","[[[1, 0]], [[0, 1], [2, 1], [1, 0]]]",3,0.0010096803569451763,-8.673617379884035e-19,0
18,0,-0.7714463724068976,-0.7714463724068976,-0.7714463724068976,0.0,0.0,0.0,144,5184,0.08157945025565666,0.08157945025565666,0,0,"[0, 0]","[[[1, 0], [2, 0]], [[1, 0], [2, 0]]]","[0, 0]","[[[2, 0], [1, 0]], [[2, 0], [1, 0]]]",3,-0.7714463724068976,0.0,0
18,1,-0.7479805177727884,-0.7479805177727884,-0.7479805177727885,0.0,1.1102230246251565e-16,1.1102230246251565e-16,864,5184,0.09085668689309925,0.09085668689309925,1,1,"[0, 0]","[[[2, 0]], [[0, 2], [1, 0], [2, 0]]]","[0, 0]","[[[2, 0]], [[2, 0], [0, 2], [1, 0]]]",3,-0.7479805177727884,0.0,0
18,2,-0.7350258440026319,-0.7350258440026319,-0.7350258440026319,0.0,0.0,0.0,2048,5184,0.09417577742361063,0.09417577742361063,2,2,"[0, 0]","[[[0, 2], [2, 0]], [[0, 2], [2, 0]]]","[0, 0]","[[[2, 0], [0, 2]], [[2, 0], [0, 2]]]",3,-0.7350258440026319,0.0,0
18,4,-0.7350258440026319,-0.7350258440026319,-0.7350258440026319,0.0,0.0,0.0,2888,5184,0.09417577742361063,0.09417577742361063,2,2,"[0, 0]","[[[0, 2], [2, 0]], [[0, 2], [2, 0]]]","[0, 0]","[[[2, 0], [0, 2]], [[2, 0], [0, 2]]]",3,-0.7350258440026319,0.0,0
19,0,1.756031780668177,1.756031780668177,1.756031780668177,0.0,0.0,0.0,144,5184,0.9723088676439868,0.9723090289493482,0,0,"[2, 0]","[[[0, 2], [1, 2]], [[1, 0]]]","[2, 1]","[[[1, 2], [0, 2]], [[0, 1]]]",3,1.756031780668177,0.0,0
19,1,1.7560372305546772,1.7560372305546772,1.7560372305546772,0.0,0.0,0.0,864,5184,0.974948183104706,0.9962218132550277,1,1,"[0, 0]","[[[1, 0], [2, 0], [2, 1]], [[1, 0]]]","[2, 1]","[[[1, 2], [2, 1]], [[0, 1]]]",3,1.7560372305546772,0.0,0
19,2,1.7560372305546772,1.7560372305546772,1.7560372305546772,0.0,0.0,0.0,2048,5184,0.974948183104706,0.9962218132550277,1,1,"[0, 0]","[[[1, 0], [2, 0], [2, 1]], [[1, 0]]]","[2, 1]","[[[1, 2], [2, 1]], [[0, 1]]]",3,1.7560372305546772,0.0,0
19,4,1.7560372305546772,1.7560372305546772,1.7560372305546772,0.0,0.0,0.0,2888,5184,0.974948183104706,0.9962218132550277,1,1,"[0, 0]","[[[1, 0], [2, 0], [2, 1]], [[1, 0]]]","[2, 1]","[[[1, 2], [2, 1]], [[0, 1]]]",3,1.7560372305546772,0.0,0
20,0,-0.6474298807822693,-0.6474298807822693,-0.6474298807822693,0.0,0.0,0.0,144,5184,0.12525699080121971,0.12525699080121971,0,0,"[1, 0]","[[[0, 1], [2, 1]], [[1, 0], [2, 0]]]","[1, 0]","[[[0, 1], [2, 1]], [[1, 0], [2, 0]]]",3,-0.6474298807822693,0.0,0
20,1,-0.6342117198436485,-0.6343558590908982,-0.6343558590908981,0.00014413924724965277,-1.1102230246251565e-16,0.00014413924724954175,864,5184,0.1381897975966624,0.13816246411111638,1,1,"[1, 1]","[[[0, 1], [1, 2], [2, 1]], [[0, 1]]]","[1, 0]","[[[0, 1], [2, 1], [1, 2]], [[1, 0]]]",3,-0.6342117198436485,0.0,1
20,2,-0.6115574648499388,-0.6343558590908982,-0.6343558590908981,0.02279839424095942,-1.1102230246251565e-16,0.022798394240959308,2048,5184,0.15184552589876602,0.13816246411111638,1,2,"[2, 1]","[[[0, 1], [1, 0], [1, 2]], [[0, 1]]]","[1, 0]","[[[0, 1], [2, 1], [1, 2]], [[1, 0]]]",3,-0.6115574648499388,0.0,2
20,4,-0.6115574648499388,-0.6343558590908982,-0.6343558590908981,0.02279839424095942,-1.1102230246251565e-16,0.022798394240959308,2888,5184,0.15184552589876602,0.13816246411111638,1,2,"[2, 1]","[[[0, 1], [1, 0], [1, 2]], [[0, 1]]]","[1, 0]","[[[0, 1], [2, 1], [1, 2]], [[1, 0]]]",3,-0.6115574648499388,0.0,2
21,0,0.00021786353813740833,0.00021786353813740833,0.00021786353813740833,0.0,0.0,0.0,144,5184,0.5666607078773784,0.5679712869204283,0,0,"[0, 1]","[[[2, 0]], [[0, 1], [2, 1]]]","[2, 1]","[[[0, 2]], [[0, 1], [2, 1]]]",3,0.00021786353813740833,0.0,0
21,1,0.1856818059273526,0.1856818059273526,0.1856818059273526,0.0,0.0,0.0,864,5184,0.6008385285141123,0.6021491075571622,1,1,"[0, 1]","[[[2, 0]], [[0, 1], [1, 0], [2, 1]]]","[2, 1]","[[[0, 2]], [[0, 1], [1, 0], [2, 1]]]",3,0.1856818059273526,0.0,0
21,2,0.1856818059273526,0.1856818059273526,0.1856818059273526,0.0,0.0,0.0,2048,5184,0.6008385285141123,0.6021491075571622,1,1,"[0, 1]","[[[2, 0]], [[0, 1], [1, 0], [2, 1]]]","[2, 1]","[[[0, 2]], [[0, 1], [1, 0], [2, 1]]]",3,0.1856818059273526,0.0,0
21,4,0.1856818059273526,0.1856818059273526,0.1856818059273526,0.0,0.0,0.0,2888,5184,0.6008385285141123,0.6021491075571622,1,1,"[0, 1]","[[[2, 0]], [[0, 1], [1, 0], [2, 1]]]","[2, 1]","[[[0, 2]], [[0, 1], [1, 0], [2, 1]]]",3,0.1856818059273526,0.0,0
22,0,-0.19051299411773215,-0.19051299411773215,-0.19051299411773215,0.0,0.0,0.0,144,15876,0.24259779247548469,0.24259779247548469,0,0,"[1, 1]","[[[0, 1], [2, 1]], [[0, 1], [2, 1]]]","[1, 1]","[[[0, 1], [2, 1]], [[0, 1], [2, 1]]]",3,-0.19051299411773215,0.0,0
22,1,-0.10335319074432944,-0.10335319074432944,-0.10335319074432944,0.0,0.0,0.0,1224,15876,0.26646988485063305,0.26646988485063305,1,1,"[0, 1]","[[[0, 1], [1, 0]], [[0, 1], [2, 1]]]","[1, 1]","[[[0, 1], [1, 0]], [[0, 1], [2, 1]]]",3,-0.10335319074432944,0.0,0
22,2,-0.05459633059834297,-0.05459633059834297,-0.05459633059834297,0.0,0.0,0.0,3888,15876,0.28404930863326344,0.28404930863326344,2,2,"[0, 0]","[[[0, 1], [1, 0]], [[0, 1], [1, 0]]]","[1, 1]","[[[0, 1], [1, 0]], [[0, 1], [1, 0]]]",3,-0.054596330598342964,-6.938893903907228e-18,0
22,4,-0.05459633059834297,-0.05459633059834297,-0.05459633059834297,0.0,0.0,0.0,6876,15876,0.28404930863326344,0.28404930863326344,2,2,"[0, 0]","[[[0, 1], [1, 0]], [[0, 1], [1, 0]]]","[1, 1]","[[[0, 1], [1, 0]], [[0, 1], [1, 0]]]",3,-0.054596330598342964,-6.938893903907228e-18,0
23,0,0.6497686812291773,0.6497686812291773,0.6497686812291773,0.0,0.0,0.0,144,5184,0.7006411568800796,0.7006323206605171,0,0,"[0, 0]","[[[1, 0]], [[1, 0], [2, 0]]]","[1, 0]","[[[0, 1]], [[1, 0], [2, 0]]]",3,0.6497686812291773,0.0,0
23,1,1.0404242770088814,1.0404242770088814,1.0404242770088814,0.0,0.0,0.0,864,5184,0.7808077620911016,0.7807989258715391,1,1,"[0, 0]","[[[1, 0]], [[0, 1], [1, 0], [2, 0]]]","[1, 0]","[[[0, 1]], [[1, 0], [0, 1], [2, 0]]]",3,1.0404242770088814,0.0,0
23,2,1.0404242770088814,1.0404242770088814,1.0404242770088814,0.0,0.0,0.0,2048,5184,0.7808077620911016,0.7807989258715391,1,1,"[0, 0]","[[[1, 0]], [[0, 1], [1, 0], [2, 0]]]","[1, 0]","[[[0, 1]], [[1, 0], [0, 1], [2, 0]]]",3,1.0404242770088814,0.0,0
23,4,1.0404242770088814,1.0404242770088814,1.0404242770088814,0.0,0.0,0.0,2888,5184,0.7808077620911016,0.7807989258715391,1,1,"[0, 0]","[[[1, 0]], [[0, 1], [1, 0], [2, 0]]]","[1, 0]","[[[0, 1]], [[1, 0], [0, 1], [2, 0]]]",3,1.0404242770088814,0.0,0
24,0,-0.03814938647657884,-0.03814938647657884,-0.03814938647657884,0.0,0.0,0.0,144,1156,0.5114962271528546,0.5114962271528546,0,0,"[1, 1]","[[[0, 1], [2, 1]], [[0, 1], [2, 1]]]","[1, 1]","[[[0, 1], [2, 1]], [[2, 1], [0, 1]]]",3,-0.03814938647657884,0.0,0
24,1,-0.00953253167430571,-0.00953253167430571,-0.009532531674305822,0.0,1.1102230246251565e-16,1.1102230246251565e-16,504,1156,0.5074557720995305,0.5074557720995304,1,1,"[1, 1]","[[[0, 1], [1, 2], [2, 1]], [[2, 1]]]","[1, 1]","[[[0, 1], [2, 1], [1, 2]], [[2, 1]]]",3,-0.009532531674305709,-1.734723475976807e-18,0
24,2,-0.00953253167430571,-0.00953253167430571,-0.009532531674305822,0.0,1.1102230246251565e-16,1.1102230246251565e-16,800,1156,0.5074557720995305,0.5074557720995304,1,1,"[1, 1]","[[[0, 1], [1, 2], [2, 1]], [[2, 1]]]","[1, 1]","[[[0, 1], [2, 1], [1, 2]], [[2, 1]]]",3,-0.009532531674305709,-1.734723475976807e-18,0
24,4,-0.00953253167430571,-0.00953253167430571,-0.009532531674305822,0.0,1.1102230246251565e-16,1.1102230246251565e-16,884,1156,0.5074557720995305,0.5074557720995304,1,1,"[1, 1]","[[[0, 1], [1, 2], [2, 1]], [[2, 1]]]","[1, 1]","[[[0, 1], [2, 1], [1, 2]], [[2, 1]]]",3,-0.009532531674305709,-1.734723475976807e-18,0
25,0,0.23037987978434432,0.23037987978434432,0.23037987978434432,0.0,0.0,0.0,144,1156,0.6193853281631047,0.619376871565351,0,0,"[2, 0]","[[[0, 2], [1, 2]], [[1, 0]]]","[2, 1]","[[[0, 2], [1, 2]], [[0, 1]]]",3,0.23037987978434432,0.0,0
25,1,0.3083784655076785,0.23037987978434432,0.23037987978434432,0.07799858572333418,0.0,0.07799858572333418,504,1156,0.6346860794739232,0.619376871565351,0,1,"[0, 0]","[[[1, 0], [2, 0], [2, 1]], [[1, 0]]]","[2, 1]","[[[0, 2], [1, 2]], [[0, 1]]]",3,0.23037987978434432,0.07799858572333418,0
25,2,0.3083784655076785,0.23037987978434432,0.23037987978434432,0.07799858572333418,0.0,0.07799858572333418,800,1156,0.6346860794739232,0.619376871565351,0,1,"[0, 0]","[[[1, 0], [2, 0], [2, 1]], [[1, 0]]]","[2, 1]","[[[0, 2], [1, 2]], [[0, 1]]]",3,0.23037987978434432,0.07799858572333418,0
25,4,0.3083784655076785,0.23037987978434432,0.23037987978434432,0.07799858572333418,0.0,0.07799858572333418,884,1156,0.6346860794739232,0.619376871565351,0,1,"[0, 0]","[[[1, 0], [2, 0], [2, 1]], [[1, 0]]]","[2, 1]","[[[0, 2], [1, 2]], [[0, 1]]]",3,0.23037987978434432,0.07799858572333418,0
26,0,0.1509636221589586,0.1509636221589586,0.1509636221589586,0.0,0.0,0.0,144,1156,0.6082455967221829,0.6082455967221829,0,0,"[0, 1]","[[[2, 0]], [[0, 1], [2, 1]]]","[0, 1]","[[[2, 0]], [[2, 1], [0, 1]]]",3,0.1509636221589586,0.0,0
26,1,0.1518503528796092,0.1509636221589586,0.1509636221589586,0.0008867307206506247,0.0,0.0008867307206506247,504,1156,0.6093687094114273,0.6082455967221829,0,1,"[0, 2]","[[[2, 0]], [[0, 2], [1, 0], [1, 2]]]","[0, 1]","[[[2, 0]], [[2, 1], [0, 1]]]",3,0.1509636221589586,0.0008867307206506247,0
26,2,0.1518503528796092,0.1509636221589586,0.1509636221589586,0.0008867307206506247,0.0,0.0008867307206506247,800,1156,0.6093687094114273,0.6082455967221829,0,1,"[0, 2]","[[[2, 0]], [[0, 2], [1, 0], [1, 2]]]","[0, 1]","[[[2, 0]], [[2, 1], [0, 1]]]",3,0.1509636221589586,0.0008867307206506247,0
26,4,0.1518503528796092,0.1509636221589586,0.1509636221589586,0.0008867307206506247,0.0,0.0008867307206506247,884,1156,0.6093687094114273,0.6082455967221829,0,1,"[0, 2]","[[[2, 0]], [[0, 2], [1, 0], [1, 2]]]","[0, 1]","[[[2, 0]], [[2, 1], [0, 1]]]",3,0.1509636221589586,0.0008867307206506247,0
27,0,-0.11977115508630931,-0.11977115508630931,-0.11977115508630931,0.0,0.0,0.0,144,5184,0.5598583877022464,0.559782405404634,0,0,"[0, 1]","[[[1, 0], [2, 0]], [[2, 1]]]","[0, 2]","[[[1, 0], [2, 0]], [[1, 2]]]",3,-0.11977115508630931,0.0,0
27,1,-0.03331819259622563,-0.03331819259622563,-0.03331819259622563,0.0,0.0,0.0,864,5184,0.5759323401130233,0.575856357815411,1,1,"[0, 1]","[[[0, 1], [1, 0], [2, 0]], [[2, 1]]]","[0, 2]","[[[1, 0], [0, 1], [2, 0]], [[1, 2]]]",3,-0.03331819259622563,0.0,0
27,2,-0.03331819259622563,-0.03331819259622563,-0.03331819259622563,0.0,0.0,0.0,2048,5184,0.5759323401130233,0.575856357815411,1,1,"[0, 1]","[[[0, 1], [1, 0], [2, 0]], [[2, 1]]]","[0, 2]","[[[1, 0], [0, 1], [2, 0]], [[1, 2]]]",3,-0.03331819259622563,0.0,0
27,4,-0.03331819259622563,-0.03331819259622563,-0.03331819259622563,0.0,0.0,0.0,2888,5184,0.5759323401130233,0.575856357815411,1,1,"[0, 1]","[[[0, 1], [1, 0], [2, 0]], [[2, 1]]]","[0, 2]","[[[1, 0], [0, 1], [2, 0]], [[1, 2]]]",3,-0.03331819259622563,0.0,0
28,0,-0.4122819632958571,-0.4255888278816481,-0.4255888278816481,0.013306864585791,0.0,0.013306864585791,144,5184,0.22502737442924722,0.22264748407181179,0,0,"[2, 1]","[[[0, 2], [1, 2]], [[0, 1], [2, 1]]]","[2, 2]","[[[0, 2], [1, 2]], [[0, 2], [1, 2]]]",3,-0.4255888278816481,0.013306864585791,0
28,1,-0.34490854315306313,-0.3585856240669058,-0.3585856240669058,0.013677080913842676,0.0,0.013677080913842676,864,5184,0.2829125897036532,0.2805326993462177,1,1,"[0, 1]","[[[0, 2], [2, 0]], [[0, 1], [2, 1]]]","[2, 2]","[[[0, 2], [2, 0]], [[0, 2], [1, 2]]]",3,-0.3585856240669058,0.013677080913842676,0
28,2,-0.33273685897802835,-0.33273685897802835,-0.33273685897802835,0.0,0.0,0.0,2048,5184,0.28596684573350556,0.28596684573350556,2,2,"[0, 0]","[[[0, 2], [2, 0]], [[0, 2], [2, 0]]]","[2, 2]","[[[0, 2], [2, 0]], [[0, 2], [2, 0]]]",3,-0.33273685897802835,0.0,0
28,4,-0.33273685897802835,-0.33273685897802835,-0.33273685897802835,0.0,0.0,0.0,2888,5184,0.28596684573350556,0.28596684573350556,2,2,"[0, 0]","[[[0, 2], [2, 0]], [[0, 2], [2, 0]]]","[2, 2]","[[[0, 2], [2, 0]], [[0, 2], [2, 0]]]",3,-0.33273685897802835,0.0,0
29,0,-0.30776187901465846,-0.30776187901465846,-0.30776187901465846,0.0,0.0,0.0,144,5184,0.2630728584845258,0.2630728584845258,0,0,"[0, 0]","[[[1, 0], [2, 0]], [[1, 0], [2, 0]]]","[0, 0]","[[[2, 0], [1, 0]], [[2, 0], [1, 0]]]",3,-0.30776187901465846,0.0,0
29,1,-0.30776187901465846,-0.30776187901465846,-0.30776187901465846,0.0,0.0,0.0,864,5184,0.2630728584845258,0.2630728584845258,0,0,"[0, 0]","[[[1, 0], [2, 0]], [[1, 0], [2, 0]]]","[0, 0]","[[[2, 0], [1, 0]], [[2, 0], [1, 0]]]",3,-0.30776187901465846,0.0,0
29,2,-0.2683056550804797,-0.30776187901465846,-0.30776187901465846,0.03945622393417875,0.0,0.03945622393417875,2048,5184,0.3062791428390212,0.2630728584845258,0,2,"[1, 0]","[[[0, 2], [2, 0]], [[1, 0], [2, 0]]]","[0, 0]","[[[2, 0], [1, 0]], [[2, 0], [1, 0]]]",3,-0.2683056550804797,0.0,1
29,4,-0.2547064150945464,-0.30776187901465846,-0.30776187901465846,0.05305546392011207,0.0,0.05305546392011207,2888,5184,0.31055589718167387,0.2630728584845258,0,4,"[1, 1]","[[[0, 2], [2, 0]], [[0, 2], [2, 0]]]","[0, 0]","[[[2, 0], [1, 0]], [[2, 0], [1, 0]]]",3,-0.2547064150945464,0.0,2
30,0,-0.4321050260397482,-0.4324699610733909,-0.4324699610733909,0.0003649350336427104,0.0,0.0003649350336427104,144,15876,0.18188560761124917,0.1818095126177065,0,0,"[1, 0]","[[[0, 1], [2, 1]], [[1, 0], [2, 0]]]","[1, 1]","[[[0, 1], [2, 1]], [[0, 1], [2, 1]]]",3,-0.4324699610733909,0.0003649350336427104,0
30,1,-0.3711132971800852,-0.37161591743187133,-0.3797803347156327,0.0005026202517861567,0.008164417283761383,0.00866703753554754,1224,15876,0.19612699122129565,0.20805223024059152,1,1,"[1, 0]","[[[0, 1], [2, 1]], [[0, 1], [1, 0]]]","[1, 1]","[[[1, 0], [0, 1]], [[0, 1], [2, 1]]]",3,-0.3792042935088065,0.008090996328721345,1
30,2,-0.3127239216934549,-0.31389259995598,-0.31389259995598,0.0011686782625250913,0.0,0.0011686782625250913,3888,15876,0.22265782087793995,0.2222583997895935,2,2,"[0, 0]","[[[0, 1], [1, 0]], [[0, 1], [1, 0]]]","[1, 1]","[[[1, 0], [0, 1]], [[1, 0], [0, 1]]]",3,-0.3127239216934549,0.0,2
30,4,-0.3127239216934549,-0.31389259995598,-0.31389259995598,0.0011686782625250913,0.0,0.0011686782625250913,6876,15876,0.22265782087793995,0.2222583997895935,2,2,"[0, 0]","[[[0, 1], [1, 0]], [[0, 1], [1, 0]]]","[1, 1]","[[[1, 0], [0, 1]], [[1, 0], [0, 1]]]",3,-0.3127239216934549,0.0,2
31,0,1.7613705638880106,1.7613705638880106,1.7613705638880106,0.0,0.0,0.0,144,15876,0.9995770910614048,0.9996119901211039,0,0,"[0, 0]","[[[1, 0]], [[2, 0]]]","[1, 2]","[[[0, 1]], [[0, 2]]]",3,1.7613705638880106,0.0,0
31,1,1.7613705638880106,1.7613705638880106,1.7613705638880106,0.0,0.0,0.0,1224,15876,0.9995770910614048,0.9996119901211039,0,0,"[0, 0]","[[[1, 0]], [[2, 0]]]","[1, 2]","[[[0, 1]], [[0, 2]]]",3,1.7613705638880106,0.0,0
31,2,1.7613705638880106,1.7613705638880106,1.7613705638880106,0.0,0.0,0.0,3888,15876,0.9995770910614048,0.9996119901211039,0,0,"[0, 0]","[[[1, 0]], [[2, 0]]]","[1, 2]","[[[0, 1]], [[0, 2]]]",3,1.7613705638880106,0.0,0
31,4,1.7613705638880106,1.7613705638880106,1.7613705638880106,0.0,0.0,0.0,6876,15876,0.9995770910614048,0.9996119901211039,0,0,"[0, 0]","[[[1, 0]], [[2, 0]]]","[1, 2]","[[[0, 1]], [[0, 2]]]",3,1.7613705638880106,0.0,0
32,0,-0.33962167794281717,-0.3657263153148691,-0.3657263153148691,0.02610463737205193,0.0,0.02610463737205193,144,15876,0.2019067825548782,0.1960338643437708,0,0,"[1, 2]","[[[0, 1], [2, 1]], [[0, 2], [1, 2]]]","[1, 0]","[[[0, 1], [2, 1]], [[2, 0], [1, 0]]]",3,-0.3657263153148691,0.02610463737205193,0
32,1,-0.2784121172989803,-0.2784121172989803,-0.2784121172989803,0.0,0.0,0.0,1224,15876,0.21772438407690697,0.21772438407690697,1,1,"[1, 0]","[[[0, 1], [2, 1]], [[0, 2], [2, 0]]]","[1, 0]","[[[0, 1], [2, 1]], [[0, 2], [2, 0]]]",3,-0.2784121172989803,0.0,0
32,2,-0.2784121172989803,-0.2784121172989803,-0.2784121172989803,0.0,0.0,0.0,3888,15876,0.21772438407690697,0.21772438407690697,1,1,"[1, 0]","[[[0, 1], [2, 1]], [[0, 2], [2, 0]]]","[1, 0]","[[[0, 1], [2, 1]], [[0, 2], [2, 0]]]",3,-0.2784121172989803,0.0,0
32,4,-0.2784121172989803,-0.2784121172989803,-0.2784121172989803,0.0,0.0,0.0,6876,15876,0.21772438407690697,0.21772438407690697,1,1,"[1, 0]","[[[0, 1], [2, 1]], [[0, 2], [2, 0]]]","[1, 0]","[[[0, 1], [2, 1]], [[0, 2], [2, 0]]]",3,-0.2784121172989803,0.0,0
33,0,-0.12331528447187298,-0.13321549534955693,-0.13321549534955693,0.009900210877683946,0.0,0.009900210877683946,144,1156,0.5100415676713999,0.5083194584608342,0,0,"[1, 0]","[[[0, 1], [2, 1]], [[1, 0], [2, 0]]]","[2, 0]","[[[1, 2], [0, 2]], [[2, 0], [1, 0]]]",3,-0.13321549534955693,0.009900210877683946,0
33,1,-0.030418737234753003,-0.03141207955208639,-0.03141207955208639,0.00099334231733339,0.0,0.00099334231733339,504,1156,0.4701774151481339,0.4700018005712597,1,1,"[1, 0]","[[[0, 1], [1, 2], [2, 1]], [[2, 0]]]","[2, 0]","[[[2, 1], [1, 2], [0, 2]], [[2, 0]]]",3,-0.030418737234753,-3.469446951953614e-18,1
33,2,-0.030418737234753003,-0.03141207955208639,-0.03141207955208639,0.00099334231733339,0.0,0.00099334231733339,800,1156,0.4701774151481339,0.4700018005712597,1,1,"[1, 0]","[[[0, 1], [1, 2], [2, 1]], [[2, 0]]]","[2, 0]","[[[2, 1], [1, 2], [0, 2]], [[2, 0]]]",3,-0.030418737234753,-3.469446951953614e-18,1
33,4,-0.030418737234753003,-0.03141207955208639,-0.03141207955208639,0.00099334231733339,0.0,0.00099334231733339,884,1156,0.4701774151481339,0.4700018005712597,1,1,"[1, 0]","[[[0, 1], [1, 2], [2, 1]], [[2, 0]]]","[2, 0]","[[[2, 1], [1, 2], [0, 2]], [[2, 0]]]",3,-0.030418737234753,-3.469446951953614e-18,1
34,0,0.8591492420122462,0.8591492420122462,0.8591492420122462,0.0,0.0,0.0,144,15876,0.6107194381682948,0.6107194381682948,0,0,"[2, 0]","[[[0, 2], [1, 2]], [[1, 0], [2, 0]]]","[2, 0]","[[[0, 2], [1, 2]], [[1, 0], [2, 0]]]",3,0.8591492420122462,0.0,0
34,1,1.0206261751557473,1.0206261751557473,0.9785733389575108,0.0,0.04205283619823652,0.04205283619823652,1224,15876,0.6349691102798735,0.6191437917551847,1,1,"[2, 0]","[[[0, 2], [1, 2], [2, 0]], [[1, 0]]]","[2, 0]","[[[0, 2], [1, 2], [2, 1]], [[1, 0]]]",3,1.0206261751557473,0.0,1
34,2,1.0206261751557473,1.0206261751557473,1.0206261751557473,0.0,0.0,0.0,3888,15876,0.6349691102798735,0.6349691102798735,1,1,"[2, 0]","[[[0, 2], [1, 2], [2, 0]], [[1, 0]]]","[2, 0]","[[[2, 0], [0, 2], [1, 2]], [[1, 0]]]",3,1.0206261751557473,0.0,0
34,4,1.0206261751557473,1.0206261751557473,1.0206261751557473,0.0,0.0,0.0,6876,15876,0.6349691102798735,0.6349691102798735,1,1,"[2, 0]","[[[0, 2], [1, 2], [2, 0]], [[1, 0]]]","[2, 0]","[[[2, 0], [0, 2], [1, 2]], [[1, 0]]]",3,1.0206261751557473,0.0,0
35,0,-0.29777073530805237,-0.29777073530805237,-0.29777073530805237,0.0,0.0,0.0,144,15876,0.5272649905291245,0.5294593131254717,0,0,"[0, 1]","[[[1, 0]], [[0, 1], [2, 1]]]","[1, 1]","[[[2, 1]], [[0, 1], [2, 1]]]",3,-0.29777073530805237,0.0,0
35,1,-0.27813204773510497,-0.2786105033493156,-0.2899904061758727,0.00047845561421061555,0.011379902826557098,0.011858358440767713,1224,15876,0.5315229683075275,0.531693695472566,1,1,"[0, 0]","[[[1, 0]], [[0, 1], [1, 0], [2, 0]]]","[1, 1]","[[[2, 1]], [[0, 1], [2, 1], [0, 2]]]",3,-0.27813204773510497,0.0,2
35,2,-0.27813204773510497,-0.2786105033493156,-0.2833804122446882,0.00047845561421061555,0.004769908895372599,0.005248364509583214,3888,15876,0.5315229683075275,0.5337318012480875,2,1,"[0, 0]","[[[1, 0]], [[0, 1], [1, 0], [2, 0]]]","[1, 1]","[[[2, 1]], [[0, 1], [1, 0], [0, 2]]]",3,-0.27813204773510497,0.0,1
35,4,-0.27813204773510497,-0.2786105033493156,-0.2833804122446882,0.00047845561421061555,0.004769908895372599,0.005248364509583214,6876,15876,0.5315229683075275,0.5337318012480875,2,1,"[0, 0]","[[[1, 0]], [[0, 1], [1, 0], [2, 0]]]","[1, 1]","[[[2, 1]], [[0, 1], [1, 0], [0, 2]]]",3,-0.27813204773510497,0.0,1
36,0,0.20303551171844825,0.20303551171844825,0.20303551171844825,0.0,0.0,0.0,144,15876,0.6154002687560535,0.6154002687560535,0,0,"[0, 0]","[[[1, 0], [2, 0]], [[1, 0], [2, 0]]]","[0, 0]","[[[2, 0], [1, 0]], [[1, 0], [2, 0]]]",3,0.20303551171844825,0.0,0
36,1,0.4234980968123386,0.4234980968123386,0.4234980968123384,0.0,1.6653345369377348e-16,1.6653345369377348e-16,1224,15876,0.6339216794199571,0.6339216794199571,1,1,"[0, 0]","[[[0, 2], [1, 0], [2, 0]], [[1, 0]]]","[0, 0]","[[[2, 0], [0, 2], [1, 0]], [[1, 0]]]",3,0.4234980968123386,0.0,0
36,2,0.4234980968123386,0.4234980968123386,0.4234980968123384,0.0,1.6653345369377348e-16,1.6653345369377348e-16,3888,15876,0.6339216794199571,0.6339216794199571,1,1,"[0, 0]","[[[0, 2], [1, 0], [2, 0]], [[1, 0]]]","[0, 0]","[[[2, 0], [0, 2], [1, 0]], [[1, 0]]]",3,0.4234980968123386,0.0,0
36,4,0.4234980968123386,0.4234980968123386,0.4234980968123384,0.0,1.6653345369377348e-16,1.6653345369377348e-16,6876,15876,0.6339216794199571,0.6339216794199571,1,1,"[0, 0]","[[[0, 2], [1, 0], [2, 0]], [[1, 0]]]","[0, 0]","[[[2, 0], [0, 2], [1, 0]], [[1, 0]]]",3,0.4234980968123386,0.0,0
37,0,0.8202853096314197,0.8202853096314197,0.8202853096314197,0.0,0.0,0.0,144,15876,0.6971655103777235,0.6971655103777235,0,0,"[0, 2]","[[[1, 0], [2, 0]], [[0, 2], [1, 2]]]","[0, 2]","[[[1, 0], [2, 0]], [[1, 2], [0, 2]]]",3,0.8202853096314197,0.0,0
37,1,1.1736831918302202,1.1736831918302202,1.1736831918302202,0.0,0.0,0.0,1224,15876,0.7170662038415845,0.7170662038415845,1,1,"[0, 2]","[[[1, 0]], [[0, 2], [1, 2], [2, 1]]]","[0, 2]","[[[1, 0]], [[1, 2], [2, 1], [0, 2]]]",3,1.1736831918302202,0.0,0
37,2,1.1736831918302202,1.1736831918302202,1.1736831918302202,0.0,0.0,0.0,3888,15876,0.7170662038415845,0.7170662038415845,1,1,"[0, 2]","[[[1, 0]], [[0, 2], [1, 2], [2, 1]]]","[0, 2]","[[[1, 0]], [[1, 2], [2, 1], [0, 2]]]",3,1.1736831918302202,0.0,0
37,4,1.1736831918302202,1.1736831918302202,1.1736831918302202,0.0,0.0,0.0,6876,15876,0.7170662038415845,0.7170662038415845,1,1,"[0, 2]","[[[1, 0]], [[0, 2], [1, 2], [2, 1]]]","[0, 2]","[[[1, 0]], [[1, 2], [2, 1], [0, 2]]]",3,1.1736831918302202,0.0,0
38,0,0.299696678235037,0.299696678235037,0.299696678235037,0.0,0.0,0.0,144,144,0.49526440424086415,0.49526440424086415,0,0,"[2, 2]","[[[0, 2], [1, 2]], [[0, 2], [1, 2]]]","[2, 2]","[[[0, 2], [1, 2]], [[0, 2], [1, 2]]]",3,0.299696678235037,0.0,0
38,1,0.299696678235037,0.299696678235037,0.299696678235037,0.0,0.0,0.0,144,144,0.49526440424086415,0.49526440424086415,0,0,"[2, 2]","[[[0, 2], [1, 2]], [[0, 2], [1, 2]]]","[2, 2]","[[[0, 2], [1, 2]], [[0, 2], [1, 2]]]",3,0.299696678235037,0.0,0
38,2,0.299696678235037,0.299696678235037,0.299696678235037,0.0,0.0,0.0,144,144,0.49526440424086415,0.49526440424086415,0,0,"[2, 2]","[[[0, 2], [1, 2]], [[0, 2], [1, 2]]]","[2, 2]","[[[0, 2], [1, 2]], [[0, 2], [1, 2]]]",3,0.299696678235037,0.0,0
38,4,0.299696678235037,0.299696678235037,0.299696678235037,0.0,0.0,0.0,144,144,0.49526440424086415,0.49526440424086415,0,0,"[2, 2]","[[[0, 2], [1, 2]], [[0, 2], [1, 2]]]","[2, 2]","[[[0, 2], [1, 2]], [[0, 2], [1, 2]]]",3,0.299696678235037,0.0,0
39,0,1.7613705638880106,1.7613705638880106,1.7613705638880106,0.0,0.0,0.0,144,1156,0.9845258012794189,0.9864000812828758,0,0,"[0, 0]","[[[2, 0]], [[2, 0]]]","[2, 2]","[[[1, 2]], [[0, 2]]]",3,1.7613705638880106,0.0,0
39,1,1.7613705638880106,1.7613705638880106,1.7613705638880106,0.0,0.0,0.0,504,1156,0.9845258012794189,0.9864000812828758,0,0,"[0, 0]","[[[2, 0]], [[2, 0]]]","[2, 2]","[[[1, 2]], [[0, 2]]]",3,1.7613705638880106,0.0,0
39,2,1.7613705638880106,1.7613705638880106,1.7613705638880106,0.0,0.0,0.0,800,1156,0.9845258012794189,0.9864000812828758,0,0,"[0, 0]","[[[2, 0]], [[2, 0]]]","[2, 2]","[[[1, 2]], [[0, 2]]]",3,1.7613705638880106,0.0,0
39,4,1.7613705638880106,1.7613705638880106,1.7613705638880106,0.0,0.0,0.0,884,1156,0.9845258012794189,0.9864000812828758,0,0,"[0, 0]","[[[2, 0]], [[2, 0]]]","[2, 2]","[[[1, 2]], [[0, 2]]]",3,1.7613705638880106,0.0,0
40,0,0.3907077226754623,0.3907077226754623,0.3907077226754623,0.0,0.0,0.0,144,1156,0.4387327853444144,0.4387327853444144,0,0,"[1, 1]","[[[0, 1], [2, 1]], [[0, 1], [2, 1]]]","[1, 1]","[[[2, 1], [0, 1]], [[2, 1], [0, 1]]]",3,0.3907077226754623,0.0,0
40,1,0.3907077226754623,0.3907077226754623,0.3907077226754623,0.0,0.0,0.0,504,1156,0.4387327853444144,0.4387327853444144,0,0,"[1, 1]","[[[0, 1], [2, 1]], [[0, 1], [2, 1]]]","[1, 1]","[[[2, 1], [0, 1]], [[2, 1], [0, 1]]]",3,0.3907077226754623,0.0,0
40,2,0.3907077226754623,0.3907077226754623,0.3907077226754623,0.0,0.0,0.0,800,1156,0.4387327853444144,0.4387327853444144,0,0,"[1, 1]","[[[0, 1], [2, 1]], [[0, 1], [2, 1]]]","[1, 1]","[[[2, 1], [0, 1]], [[2, 1], [0, 1]]]",3,0.3907077226754623,0.0,0
40,4,0.3907077226754623,0.3907077226754623,0.3907077226754623,0.0,0.0,0.0,884,1156,0.4387327853444144,0.4387327853444144,0,0,"[1, 1]","[[[0, 1], [2, 1]], [[0, 1], [2, 1]]]","[1, 1]","[[[2, 1], [0, 1]], [[2, 1], [0, 1]]]",3,0.3907077226754623,0.0,0
41,0,0.5995885776187997,0.5995885776187997,0.5995885776187997,0.0,0.0,0.0,144,5184,0.5975402309765585,0.5975402309765585,0,0,"[0, 0]","[[[1, 0], [2, 0]], [[1, 0], [2, 0]]]","[0, 0]","[[[2, 0], [1, 0]], [[1, 0], [2, 0]]]",3,0.5995885776187997,0.0,0
41,1,0.6982857828036233,0.6982857828036233,0.6982857828036232,0.0,1.1102230246251565e-16,1.1102230246251565e-16,864,5184,0.5509168034483911,0.5509168034483911,1,1,"[0, 0]","[[[0, 2], [1, 0], [2, 0]], [[1, 0]]]","[0, 0]","[[[2, 0], [1, 0], [0, 2]], [[1, 0]]]",3,0.6982857828036233,0.0,0
41,2,0.6982857828036233,0.6982857828036233,0.6982857828036232,0.0,1.1102230246251565e-16,1.1102230246251565e-16,2048,5184,0.5509168034483911,0.5509168034483911,1,1,"[0, 0]","[[[0, 2], [1, 0], [2, 0]], [[1, 0]]]","[0, 0]","[[[2, 0], [1, 0], [0, 2]], [[1, 0]]]",3,0.6982857828036233,0.0,0
41,4,0.6982857828036233,0.6982857828036233,0.6982857828036232,0.0,1.1102230246251565e-16,1.1102230246251565e-16,2888,5184,0.5509168034483911,0.5509168034483911,1,1,"[0, 0]","[[[0, 2], [1, 0], [2, 0]], [[1, 0]]]","[0, 0]","[[[2, 0], [1, 0], [0, 2]], [[1, 0]]]",3,0.6982857828036233,0.0,0
42,0,-0.45049379156722263,-0.45049379156722263,-0.45049379156722263,0.0,0.0,0.0,144,1156,0.18865128957596686,0.18865128957596686,0,0,"[1, 1]","[[[0, 1], [2, 1]], [[0, 1], [2, 1]]]","[1, 1]","[[[0, 1], [2, 1]], [[2, 1], [0, 1]]]",3,-0.45049379156722263,0.0,0
42,1,-0.45049379156722263,-0.45049379156722263,-0.45049379156722263,0.0,0.0,0.0,504,1156,0.18865128957596686,0.18865128957596686,0,0,"[1, 1]","[[[0, 1], [2, 1]], [[0, 1], [2, 1]]]","[1, 1]","[[[0, 1], [2, 1]], [[2, 1], [0, 1]]]",3,-0.45049379156722263,0.0,0
42,2,-0.45049379156722263,-0.45049379156722263,-0.45049379156722263,0.0,0.0,0.0,800,1156,0.18865128957596686,0.18865128957596686,0,0,"[1, 1]","[[[0, 1], [2, 1]], [[0, 1], [2, 1]]]","[1, 1]","[[[0, 1], [2, 1]], [[2, 1], [0, 1]]]",3,-0.45049379156722263,0.0,0
42,4,-0.45049379156722263,-0.45049379156722263,-0.45049379156722263,0.0,0.0,0.0,884,1156,0.18865128957596686,0.18865128957596686,0,0,"[1, 1]","[[[0, 1], [2, 1]], [[0, 1], [2, 1]]]","[1, 1]","[[[0, 1], [2, 1]], [[2, 1], [0, 1]]]",3,-0.45049379156722263,0.0,0
43,0,1.7613705638880106,1.7613705638880106,1.7613705638880106,0.0,0.0,0.0,144,1156,0.9733185219041056,0.9776154139053495,0,0,"[0, 0]","[[[1, 0]], [[1, 0]]]","[0, 1]","[[[1, 0]], [[0, 1], [2, 1]]]",3,1.7613705638880106,0.0,0
43,1,1.7613705638880106,1.7613705638880106,1.7613705638880106,0.0,0.0,0.0,504,1156,0.9733185219041056,0.9776154139053495,0,0,"[0, 0]","[[[1, 0]], [[1, 0]]]","[0, 1]","[[[1, 0]], [[0, 1], [2, 1]]]",3,1.7613705638880106,0.0,0
43,2,1.7613705638880106,1.7613705638880106,1.7613705638880106,0.0,0.0,0.0,800,1156,0.9733185219041056,0.9776154139053495,0,0,"[0, 0]","[[[1, 0]], [[1, 0]]]","[0, 1]","[[[1, 0]], [[0, 1], [2, 1]]]",3,1.7613705638880106,0.0,0
43,4,1.7613705638880106,1.7613705638880106,1.7613705638880106,0.0,0.0,0.0,884,1156,0.9733185219041056,0.9776154139053495,0,0,"[0, 0]","[[[1, 0]], [[1, 0]]]","[0, 1]","[[[1, 0]], [[0, 1], [2, 1]]]",3,1.7613705638880106,0.0,0
44,0,0.634665884242671,0.634665884242671,0.634665884242671,0.0,0.0,0.0,144,15876,0.6855875390726669,0.6855875390726669,0,0,"[0, 0]","[[[1, 0], [2, 0]], [[1, 0]]]","[0, 0]","[[[1, 0], [2, 0]], [[1, 0]]]",3,0.634665884242671,0.0,0
44,1,0.9134304590271662,0.9134304590271662,0.8822074176223901,0.0,0.031223041404776164,0.031223041404776164,1224,15876,0.7422549618491918,0.7358710902905838,1,1,"[0, 0]","[[[0, 1], [1, 0], [2, 0]], [[1, 0]]]","[0, 0]","[[[1, 0], [2, 0], [0, 2]], [[1, 0]]]",3,0.9134304590271662,0.0,1
44,2,0.9134304590271662,0.9134304590271662,0.9134304590271662,0.0,0.0,0.0,3888,15876,0.7422549618491918,0.7422549618491918,1,1,"[0, 0]","[[[0, 1], [1, 0], [2, 0]], [[1, 0]]]","[0, 0]","[[[1, 0], [0, 1], [2, 0]], [[1, 0]]]",3,0.9134304590271662,0.0,0
44,4,0.9134304590271662,0.9134304590271662,0.9134304590271662,0.0,0.0,0.0,6876,15876,0.7422549618491918,0.7422549618491918,1,1,"[0, 0]","[[[0, 1], [1, 0], [2, 0]], [[1, 0]]]","[0, 0]","[[[1, 0], [0, 1], [2, 0]], [[1, 0]]]",3,0.9134304590271662,0.0,0
45,0,0.8068435091341826,0.8068435091341826,0.8068435091341826,0.0,0.0,0.0,144,15876,0.7266749768126208,0.7266749768126208,0,0,"[0, 1]","[[[1, 0], [2, 0]], [[0, 1], [2, 1]]]","[0, 1]","[[[2, 0], [1, 0]], [[2, 1], [0, 1]]]",3,0.8068435091341826,0.0,0
45,1,1.1030636875563096,1.1030636875563096,1.1030636875563096,0.0,0.0,0.0,1224,15876,0.7682617408784997,0.7682617408784997,1,1,"[0, 1]","[[[2, 0]], [[0, 1], [1, 2], [2, 1]]]","[0, 1]","[[[2, 0]], [[2, 1], [1, 2], [0, 1]]]",3,1.1030636875563096,0.0,0
45,2,1.1030636875563096,1.1030636875563096,1.1030636875563096,0.0,0.0,0.0,3888,15876,0.7682617408784997,0.7682617408784997,1,1,"[0, 1]","[[[2, 0]], [[0, 1], [1, 2], [2, 1]]]","[0, 1]","[[[2, 0]], [[2, 1], [1, 2], [0, 1]]]",3,1.1030636875563096,0.0,0
45,4,1.1030636875563096,1.1030636875563096,1.1030636875563096,0.0,0.0,0.0,6876,15876,0.7682617408784997,0.7682617408784997,1,1,"[0, 1]","[[[2, 0]], [[0, 1], [1, 2], [2, 1]]]","[0, 1]","[[[2, 0]], [[2, 1], [1, 2], [0, 1]]]",3,1.1030636875563096,0.0,0
46,0,0.41791732295374656,0.41791732295374656,0.41791732295374656,0.0,0.0,0.0,144,15876,0.43393739429461736,0.43393739429461736,0,0,"[0, 0]","[[[1, 0], [2, 0]], [[1, 0], [2, 0]]]","[0, 0]","[[[1, 0], [2, 0]], [[1, 0], [2, 0]]]",3,0.41791732295374656,0.0,0
46,1,0.5112597658102562,0.5112597658102562,0.5112597658102562,0.0,0.0,0.0,1224,15876,0.4590482590678091,0.4590482590678091,1,1,"[0, 0]","[[[0, 1], [1, 0]], [[1, 0], [2, 0]]]","[0, 0]","[[[1, 0], [0, 1]], [[1, 0], [2, 0]]]",3,0.5112597658102562,0.0,0
46,2,0.5360470300146718,0.5360470300146718,0.5360470300146718,0.0,0.0,0.0,3888,15876,0.47236542575938195,0.47236542575938195,2,2,"[0, 0]","[[[0, 1], [1, 0]], [[0, 1], [1, 0]]]","[0, 0]","[[[1, 0], [0, 1]], [[1, 0], [0, 1]]]",3,0.5360470300146718,0.0,0
46,4,0.5360470300146718,0.5360470300146718,0.5360470300146718,0.0,0.0,0.0,6876,15876,0.47236542575938195,0.47236542575938195,2,2,"[0, 0]","[[[0, 1], [1, 0]], [[0, 1], [1, 0]]]","[0, 0]","[[[1, 0], [0, 1]], [[1, 0], [0, 1]]]",3,0.5360470300146718,0.0,0
47,0,-0.19967943974835994,-0.19967943974835994,-0.19967943974835994,0.0,0.0,0.0,144,2025,0.39359390037424385,0.39359390037424385,0,0,"[2, 2]","[[[0, 2], [1, 2]], [[0, 2], [1, 2]]]","[2, 2]","[[[0, 2], [1, 2]], [[1, 2], [0, 2]]]",3,-0.19967943974835994,0.0,0
47,1,-0.19967943974835994,-0.19967943974835994,-0.19967943974835994,0.0,0.0,0.0,684,2025,0.39359390037424385,0.39359390037424385,0,0,"[2, 2]","[[[0, 2], [1, 2]], [[0, 2], [1, 2]]]","[2, 2]","[[[0, 2], [1, 2]], [[1, 2], [0, 2]]]",3,-0.19967943974835994,0.0,0
47,2,-0.19967943974835994,-0.19967943974835994,-0.19967943974835994,0.0,0.0,0.0,1260,2025,0.39359390037424385,0.39359390037424385,0,0,"[2, 2]","[[[0, 2], [1, 2]], [[0, 2], [1, 2]]]","[2, 2]","[[[0, 2], [1, 2]], [[1, 2], [0, 2]]]",3,-0.19967943974835994,0.0,0
47,4,-0.19967943974835994,-0.19967943974835994,-0.19967943974835994,0.0,0.0,0.0,1449,2025,0.39359390037424385,0.39359390037424385,0,0,"[2, 2]","[[[0, 2], [1, 2]], [[0, 2], [1, 2]]]","[2, 2]","[[[0, 2], [1, 2]], [[1, 2], [0, 2]]]",3,-0.19967943974835994,0.0,0
48,0,1.2123707803306598,1.2123707803306598,1.2123707803306598,0.0,0.0,0.0,144,15876,0.8181253719956096,0.8181240562309431,0,0,"[0, 2]","[[[1, 0]], [[0, 2], [1, 2]]]","[1, 2]","[[[0, 1]], [[1, 2], [0, 2]]]",3,1.2123707803306598,0.0,0
48,1,1.537806045793309,1.537806045793309,1.5378060457933092,0.0,-2.220446049250313e-16,-2.220446049250313e-16,1224,15876,0.8986444664421307,0.8986431506774641,1,1,"[0, 2]","[[[1, 0]], [[0, 2], [1, 2], [2, 1]]]","[1, 2]","[[[0, 1]], [[1, 2], [2, 1], [0, 2]]]",3,1.537806045793309,0.0,0
48,2,1.537806045793309,1.537806045793309,1.5378060457933092,0.0,-2.220446049250313e-16,-2.220446049250313e-16,3888,15876,0.8986444664421307,0.8986431506774641,1,1,"[0, 2]","[[[1, 0]], [[0, 2], [1, 2], [2, 1]]]","[1, 2]","[[[0, 1]], [[1, 2], [2, 1], [0, 2]]]",3,1.537806045793309,0.0,0
48,4,1.537806045793309,1.537806045793309,1.5378060457933092,0.0,-2.220446049250313e-16,-2.220446049250313e-16,6876,15876,0.8986444664421307,0.8986431506774641,1,1,"[0, 2]","[[[1, 0]], [[0, 2], [1, 2], [2, 1]]]","[1, 2]","[[[0, 1]], [[1, 2], [2, 1], [0, 2]]]",3,1.537806045793309,0.0,0
49,0,-0.43677493031008296,-0.43677493031008296,-0.43677493031008296,0.0,0.0,0.0,144,15876,0.24521224719655954,0.24521224719655954,0,0,"[2, 2]","[[[0, 2], [1, 2]], [[0, 2], [1, 2]]]","[2, 2]","[[[1, 2], [0, 2]], [[1, 2], [0, 2]]]",3,-0.43677493031008296,0.0,0
49,1,-0.3986340422301015,-0.39885502431216835,-0.39885502431216835,0.000220982082066834,0.0,0.000220982082066834,1224,15876,0.3074812232677974,0.3074435078230049,1,1,"[1, 2]","[[[2, 1]], [[0, 2], [1, 2], [2, 1]]]","[2, 2]","[[[1, 2]], [[1, 2], [2, 1], [0, 2]]]",3,-0.3986340422301015,0.0,1
49,2,-0.3986340422301015,-0.39885502431216835,-0.39885502431216835,0.000220982082066834,0.0,0.000220982082066834,3888,15876,0.3074812232677974,0.3074435078230049,1,1,"[1, 2]","[[[2, 1]], [[0, 2], [1, 2], [2, 1]]]","[2, 2]","[[[1, 2]], [[1, 2], [2, 1], [0, 2]]]",3,-0.3986340422301015,0.0,1
49,4,-0.3986340422301015,-0.39885502431216835,-0.39885502431216835,0.000220982082066834,0.0,0.000220982082066834,6876,15876,0.3074812232677974,0.3074435078230049,1,1,"[1, 2]","[[[2, 1]], [[0, 2], [1, 2], [2, 1]]]","[2, 2]","[[[1, 2]], [[1, 2], [2, 1], [0, 2]]]",3,-0.3986340422301015,0.0,1
50,0,-0.09959608001065878,-0.09959608001065878,-0.09959608001065878,0.0,0.0,0.0,144,15876,0.43267202483202394,0.43267202483202394,0,0,"[2, 0]","[[[0, 2], [1, 2]], [[1, 0], [2, 0]]]","[2, 0]","[[[1, 2], [0, 2]], [[2, 0], [1, 0]]]",3,-0.09959608001065878,0.0,0
50,1,-0.06769275164628677,-0.07109220539792824,-0.0710922053979283,0.003399453751641468,5.551115123125783e-17,0.0033994537516415235,1224,15876,0.35963342486025873,0.3560704991092306,1,1,"[2, 2]","[[[0, 2], [1, 2], [2, 1]], [[0, 2]]]","[2, 0]","[[[2, 1], [1, 2], [0, 2]], [[2, 0]]]",3,-0.06769275164628677,0.0,1
50,2,-0.06769275164628677,-0.07109220539792824,-0.0710922053979283,0.003399453751641468,5.551115123125783e-17,0.0033994537516415235,3888,15876,0.35963342486025873,0.3560704991092306,1,1,"[2, 2]","[[[0, 2], [1, 2], [2, 1]], [[0, 2]]]","[2, 0]","[[[2, 1], [1, 2], [0, 2]], [[2, 0]]]",3,-0.06769275164628677,0.0,1
50,4,-0.06769275164628677,-0.07109220539792824,-0.0710922053979283,0.003399453751641468,5.551115123125783e-17,0.0033994537516415235,6876,15876,0.35963342486025873,0.3560704991092306,1,1,"[2, 2]","[[[0, 2], [1, 2], [2, 1]], [[0, 2]]]","[2, 0]","[[[2, 1], [1, 2], [0, 2]], [[2, 0]]]",3,-0.06769275164628677,0.0,1
51,0,-0.19528935258063623,-0.19528935258063623,-0.19528935258063623,0.0,0.0,0.0,144,15876,0.5462737429409509,0.5462737429409509,0,0,"[0, 1]","[[[1, 0]], [[0, 1], [2, 1]]]","[0, 1]","[[[1, 0]], [[0, 1], [2, 1]]]",3,-0.19528935258063623,0.0,0
51,1,-0.1482179878434032,-0.1482179878434032,-0.1482179878434032,0.0,0.0,0.0,1224,15876,0.5553396248534954,0.5553396248534954,1,1,"[0, 1]","[[[1, 0]], [[0, 1], [1, 0], [2, 1]]]","[0, 1]","[[[1, 0]], [[0, 1], [1, 0], [2, 1]]]",3,-0.1482179878434032,0.0,0
51,2,-0.1482179878434032,-0.1482179878434032,-0.1482179878434032,0.0,0.0,0.0,3888,15876,0.5553396248534954,0.5553396248534954,1,1,"[0, 1]","[[[1, 0]], [[0, 1], [1, 0], [2, 1]]]","[0, 1]","[[[1, 0]], [[0, 1], [1, 0], [2, 1]]]",3,-0.1482179878434032,0.0,0
51,4,-0.1482179878434032,-0.1482179878434032,-0.1482179878434032,0.0,0.0,0.0,6876,15876,0.5553396248534954,0.5553396248534954,1,1,"[0, 1]","[[[1, 0]], [[0, 1], [1, 0], [2, 1]]]","[0, 1]","[[[1, 0]], [[0, 1], [1, 0], [2, 1]]]",3,-0.1482179878434032,0.0,0
52,0,-0.5164013384582178,-0.5164013384582178,-0.5164013384582178,0.0,0.0,0.0,144,15876,0.19626674618486317,0.19626674618486317,0,0,"[0, 1]","[[[1, 0], [2, 0]], [[0, 1], [2, 1]]]","[0, 1]","[[[2, 0], [1, 0]], [[0, 1], [2, 1]]]",3,-0.5164013384582178,0.0,0
52,1,-0.4579013445658865,-0.4579013445658865,-0.4579013445658865,0.0,0.0,0.0,1224,15876,0.2551219680811832,0.2551219680811832,1,1,"[0, 1]","[[[0, 2], [1, 0], [2, 0]], [[0, 1]]]","[0, 1]","[[[2, 0], [0, 2], [1, 0]], [[0, 1]]]",3,-0.4579013445658865,0.0,0
52,2,-0.4579013445658865,-0.4579013445658865,-0.4579013445658865,0.0,0.0,0.0,3888,15876,0.2551219680811832,0.2551219680811832,1,1,"[0, 1]","[[[0, 2], [1, 0], [2, 0]], [[0, 1]]]","[0, 1]","[[[2, 0], [0, 2], [1, 0]], [[0, 1]]]",3,-0.4579013445658865,0.0,0
52,4,-0.4579013445658865,-0.4579013445658865,-0.4579013445658865,0.0,0.0,0.0,6876,15876,0.2551219680811832,0.2551219680811832,1,1,"[0, 1]","[[[0, 2], [1, 0], [2, 0]], [[0, 1]]]","[0, 1]","[[[2, 0], [0, 2], [1, 0]], [[0, 1]]]",3,-0.4579013445658865,0.0,0
53,0,0.7096127843860737,0.7096127843860737,0.7096127843860737,0.0,0.0,0.0,144,15876,0.7130878848241792,0.7130878848241792,0,0,"[1, 1]","[[[2, 1]], [[0, 1], [2, 1]]]","[1, 1]","[[[2, 1]], [[2, 1], [0, 1]]]",3,0.7096127843860737,0.0,0
53,1,1.0666187654323103,1.0666187654323103,0.9155892112866364,0.0,0.15102955414567387,0.15102955414567387,1224,15876,0.787092035717585,0.7555397646565506,1,1,"[1, 1]","[[[2, 1]], [[0, 1], [1, 2], [2, 1]]]","[1, 1]","[[[2, 1]], [[2, 1], [1, 0], [0, 1]]]",3,1.0666187654323103,0.0,1
53,2,1.080307752239931,1.080307752239931,1.0803077522399314,0.0,-4.440892098500626e-16,-4.440892098500626e-16,3888,15876,0.7911527488136606,0.7911527488136607,2,2,"[1, 0]","[[[2, 1]], [[1, 0], [1, 2], [2, 1]]]","[1, 1]","[[[2, 1]], [[1, 2], [2, 1], [1, 0]]]",3,1.080307752239931,0.0,0
53,4,1.080307752239931,1.080307752239931,1.0803077522399314,0.0,-4.440892098500626e-16,-4.440892098500626e-16,6876,15876,0.7911527488136606,0.7911527488136607,2,2,"[1, 0]","[[[2, 1]], [[1, 0], [1, 2], [2, 1]]]","[1, 1]","[[[2, 1]], [[1, 2], [2, 1], [1, 0]]]",3,1.080307752239931,0.0,0
54,0,0.31819564165194697,0.24922928624757468,0.24922928624757468,0.06896635540437229,0.0,0.06896635540437229,144,5184,0.502053035986955,0.41766305133451564,0,0,"[0, 1]","[[[1, 0], [2, 0]], [[0, 1], [2, 1]]]","[0, 2]","[[[2, 0], [1, 0]], [[1, 2], [0, 2]]]",3,0.31819564165194697,0.0,2
54,1,0.3708165378398615,0.32088033054152465,0.32088033054152465,0.049936207298336865,0.0,0.049936207298336865,864,5184,0.4641057345937379,0.5177145847350487,1,1,"[0, 1]","[[[0, 1], [1, 0], [2, 0]], [[2, 1]]]","[0, 2]","[[[2, 0], [1, 0]], [[2, 1], [1, 2]]]",3,0.32776262659854977,0.04305391124131175,1
54,2,0.3708165378398615,0.3654832045065282,0.32088033054152465,0.005333333333333301,0.044602873965003564,0.049936207298336865,2048,5184,0.4641057345937379,0.5177145847350487,1,1,"[0, 1]","[[[0, 1], [1, 0], [2, 0]], [[2, 1]]]","[0, 2]","[[[2, 0], [1, 0]], [[2, 1], [1, 2]]]",3,0.32776262659854977,0.04305391124131175,1
54,4,0.3708165378398615,0.3654832045065282,0.3654832045065286,0.005333333333333301,-3.885780586188048e-16,0.0053333333333329125,2888,5184,0.4641057345937379,0.46410573459373794,2,1,"[0, 1]","[[[0, 1], [1, 0], [2, 0]], [[2, 1]]]","[0, 2]","[[[2, 0], [1, 0], [0, 1]], [[2, 1]]]",3,0.3708165378398615,0.0,1
55,0,-0.34135962061918457,-0.34135962061918457,-0.34135962061918457,0.0,0.0,0.0,144,15876,0.32441936416533546,0.32441936416533546,0,0,"[1, 1]","[[[0, 1], [2, 1]], [[0, 1], [2, 1]]]","[1, 1]","[[[2, 1], [0, 1]], [[2, 1], [0, 1]]]",3,-0.34135962061918457,0.0,0
55,1,-0.3388074214165686,-0.3388074214165686,-0.34135962061918457,0.0,0.002552199202615957,0.002552199202615957,1224,15876,0.3344987038512993,0.32441936416533546,0,1,"[1, 1]","[[[1, 2], [2, 1]], [[0, 1], [2, 1]]]","[1, 1]","[[[2, 1], [0, 1]], [[2, 1], [0, 1]]]",3,-0.3388074214165686,0.0,1
55,2,-0.3388074214165686,-0.3388074214165686,-0.3388074214165686,0.0,0.0,0.0,3888,15876,0.3344987038512993,0.3344987038512993,1,1,"[1, 1]","[[[1, 2], [2, 1]], [[0, 1], [2, 1]]]","[1, 1]","[[[2, 1], [1, 2]], [[2, 1], [0, 1]]]",3,-0.3388074214165686,0.0,0
55,4,-0.3388074214165686,-0.3388074214165686,-0.3388074214165686,0.0,0.0,0.0,6876,15876,0.3344987038512993,0.3344987038512993,1,1,"[1, 1]","[[[1, 2], [2, 1]], [[0, 1], [2, 1]]]","[1, 1]","[[[2, 1], [1, 2]], [[2, 1], [0, 1]]]",3,-0.3388074214165686,0.0,0
56,0,0.8050368324337684,0.8050368324337684,0.8050368324337684,0.0,0.0,0.0,144,5184,0.7298001337420253,0.7298001337420253,0,0,"[0, 1]","[[[2, 0]], [[0, 1], [2, 1]]]","[0, 1]","[[[2, 0]], [[2, 1], [0, 1]]]",3,0.8050368324337684,0.0,0
56,1,1.159714774264622,1.159714774264622,1.159714774264622,0.0,0.0,0.0,864,5184,0.804941325819902,0.804941325819902,1,1,"[0, 1]","[[[2, 0]], [[0, 1], [1, 2], [2, 1]]]","[0, 1]","[[[2, 0]], [[2, 1], [1, 2], [0, 1]]]",3,1.159714774264622,0.0,0
56,2,1.159714774264622,1.159714774264622,1.159714774264622,0.0,0.0,0.0,2048,5184,0.804941325819902,0.804941325819902,1,1,"[0, 1]","[[[2, 0]], [[0, 1], [1, 2], [2, 1]]]","[0, 1]","[[[2, 0]], [[2, 1], [1, 2], [0, 1]]]",3,1.159714774264622,0.0,0
56,4,1.159714774264622,1.159714774264622,1.159714774264622,0.0,0.0,0.0,2888,5184,0.804941325819902,0.804941325819902,1,1,"[0, 1]","[[[2, 0]], [[0, 1], [1, 2], [2, 1]]]","[0, 1]","[[[2, 0]], [[2, 1], [1, 2], [0, 1]]]",3,1.159714774264622,0.0,0
57,0,-0.2479712560611374,-0.2523696739378757,-0.2523696739378757,0.004398417876738281,0.0,0.004398417876738281,144,15876,0.5106472121264061,0.509893978754576,0,0,"[1, 1]","[[[0, 1], [2, 1]], [[0, 1], [2, 1]]]","[1, 0]","[[[0, 1], [2, 1]], [[1, 0], [2, 0]]]",3,-0.2523696739378757,0.004398417876738281,0
57,1,-0.2209626552694393,-0.2209626552694393,-0.2209626552694393,0.0,0.0,0.0,1224,15876,0.48610515760929424,0.48610515760929424,1,1,"[1, 0]","[[[0, 1]], [[0, 1], [1, 0], [2, 0]]]","[1, 0]","[[[0, 1]], [[0, 1], [1, 0], [2, 0]]]",3,-0.2209626552694393,0.0,0
57,2,-0.2209626552694393,-0.2209626552694393,-0.226329412630091,0.0,0.005366757360651675,0.005366757360651675,3888,15876,0.48610515760929424,0.48609940675048047,2,1,"[1, 0]","[[[0, 1]], [[0, 1], [1, 0], [2, 0]]]","[1, 0]","[[[0, 1]], [[0, 1], [1, 0], [2, 1]]]",3,-0.2209626552694393,0.0,1
57,4,-0.2209626552694393,-0.2209626552694393,-0.226329412630091,0.0,0.005366757360651675,0.005366757360651675,6876,15876,0.48610515760929424,0.48609940675048047,2,1,"[1, 0]","[[[0, 1]], [[0, 1], [1, 0], [2, 0]]]","[1, 0]","[[[0, 1]], [[0, 1], [1, 0], [2, 1]]]",3,-0.2209626552694393,0.0,1
58,0,0.6444629379237317,0.6444629379237317,0.6444629379237317,0.0,0.0,0.0,144,15876,0.6759582140695007,0.6992669418674277,0,0,"[0, 2]","[[[1, 0]], [[0, 2], [1, 2]]]","[2, 2]","[[[1, 2]], [[1, 2], [0, 2]]]",3,0.6444629379237317,0.0,0
58,1,0.9535849598749017,0.9535849598749017,0.9535849598749022,0.0,-5.551115123125783e-16,-5.551115123125783e-16,1224,15876,0.7389947367811915,0.7623034645791185,1,1,"[0, 2]","[[[1, 0]], [[0, 2], [1, 2], [2, 1]]]","[2, 2]","[[[1, 2]], [[1, 2], [2, 1], [0, 2]]]",3,0.9535849598749017,0.0,0
58,2,0.9535849598749017,0.9535849598749017,0.9535849598749022,0.0,-5.551115123125783e-16,-5.551115123125783e-16,3888,15876,0.7389947367811915,0.7623034645791185,1,1,"[0, 2]","[[[1, 0]], [[0, 2], [1, 2], [2, 1]]]","[2, 2]","[[[1, 2]], [[1, 2], [2, 1], [0, 2]]]",3,0.9535849598749017,0.0,0
58,4,0.9535849598749017,0.9535849598749017,0.9535849598749022,0.0,-5.551115123125783e-16,-5.551115123125783e-16,6876,15876,0.7389947367811915,0.7623034645791185,1,1,"[0, 2]","[[[1, 0]], [[0, 2], [1, 2], [2, 1]]]","[2, 2]","[[[1, 2]], [[1, 2], [2, 1], [0, 2]]]",3,0.9535849598749017,0.0,0
59,0,1.0847545354742862,1.0847545354742862,1.0847545354742862,0.0,0.0,0.0,144,1156,0.7854172437904337,0.7854172437904337,0,0,"[1, 1]","[[[0, 1], [2, 1]], [[2, 1]]]","[1, 1]","[[[2, 1], [0, 1]], [[2, 1]]]",3,1.0847545354742862,0.0,0
59,1,1.3736388404060638,1.3736388404060638,1.3736388404060638,0.0,0.0,0.0,504,1156,0.8516540231717084,0.8516540231717084,1,1,"[1, 1]","[[[0, 1], [1, 2], [2, 1]], [[2, 1]]]","[1, 1]","[[[2, 1], [1, 2], [0, 1]], [[2, 1]]]",3,1.3736388404060638,0.0,0
59,2,1.3736388404060638,1.3736388404060638,1.3736388404060638,0.0,0.0,0.0,800,1156,0.8516540231717084,0.8516540231717084,1,1,"[1, 1]","[[[0, 1], [1, 2], [2, 1]], [[2, 1]]]","[1, 1]","[[[2, 1], [1, 2], [0, 1]], [[2, 1]]]",3,1.3736388404060638,0.0,0
59,4,1.3736388404060638,1.3736388404060638,1.3736388404060638,0.0,0.0,0.0,884,1156,0.8516540231717084,0.8516540231717084,1,1,"[1, 1]","[[[0, 1], [1, 2], [2, 1]], [[2, 1]]]","[1, 1]","[[[2, 1], [1, 2], [0, 1]], [[2, 1]]]",3,1.3736388404060638,0.0,0
60,0,1.1320410842696553,1.1320410842696553,1.1320410842696553,0.0,0.0,0.0,144,9801,0.7702470805692446,0.7702470805692446,0,0,"[2, 2]","[[[0, 2], [1, 2]], [[0, 2], [1, 2]]]","[2, 2]","[[[0, 2], [1, 2]], [[0, 2], [1, 2]]]",3,1.1320410842696553,0.0,0
60,1,1.391238331949844,1.3907012083532833,1.3128448442938312,0.0005371235965607735,0.07785636405945207,0.07839348765601284,1044,9801,0.7974989650855564,0.7758113461566554,1,1,"[2, 0]","[[[0, 2], [1, 2], [2, 0]], [[2, 0]]]","[2, 2]","[[[0, 2], [1, 2], [2, 1]], [[0, 2]]]",3,1.391238331949844,0.0,2
60,2,1.391238331949844,1.3907012083532833,1.3907012083532833,0.0005371235965607735,0.0,0.0005371235965607735,2924,9801,0.7974989650855564,0.7970358708037868,1,1,"[2, 0]","[[[0, 2], [1, 2], [2, 0]], [[2, 0]]]","[2, 2]","[[[0, 2], [2, 0], [1, 2]], [[0, 2]]]",3,1.391238331949844,0.0,1
60,4,1.391238331949844,1.3907012083532833,1.3907012083532833,0.0005371235965607735,0.0,0.0005371235965607735,4697,9801,0.7974989650855564,0.7970358708037868,1,1,"[2, 0]","[[[0, 2], [1, 2], [2, 0]], [[2, 0]]]","[2, 2]","[[[0, 2], [2, 0], [1, 2]], [[0, 2]]]",3,1.391238331949844,0.0,1
61,0,-0.3436829446239199,-0.3436829446239199,-0.3436829446239199,0.0,0.0,0.0,144,15876,0.2755996598244289,0.2755996598244289,0,0,"[1, 1]","[[[0, 1], [2, 1]], [[0, 1], [2, 1]]]","[1, 1]","[[[0, 1], [2, 1]], [[0, 1], [2, 1]]]",3,-0.3436829446239199,0.0,0
61,1,-0.32420987118717337,-0.32420987118717337,-0.32420987118717337,0.0,0.0,0.0,1224,15876,0.29923213400876963,0.29923213400876963,1,1,"[0, 1]","[[[0, 1], [1, 0]], [[0, 1], [2, 1]]]","[1, 1]","[[[0, 1], [1, 0]], [[0, 1], [2, 1]]]",3,-0.32420987118717337,0.0,0
61,2,-0.32420987118717337,-0.32420987118717337,-0.32420987118717337,0.0,0.0,0.0,3888,15876,0.29923213400876963,0.29923213400876963,1,1,"[0, 1]","[[[0, 1], [1, 0]], [[0, 1], [2, 1]]]","[1, 1]","[[[0, 1], [1, 0]], [[0, 1], [2, 1]]]",3,-0.32420987118717337,0.0,0
61,4,-0.32420987118717337,-0.32420987118717337,-0.32420987118717337,0.0,0.0,0.0,6876,15876,0.29923213400876963,0.29923213400876963,1,1,"[0, 1]","[[[0, 1], [1, 0]], [[0, 1], [2, 1]]]","[1, 1]","[[[0, 1], [1, 0]], [[0, 1], [2, 1]]]",3,-0.32420987118717337,0.0,0
62,0,0.46989671184110315,0.4691220042472002,0.4691220042472002,0.000774707593902968,0.0,0.000774707593902968,144,1156,0.518960044522706,0.5178406141441896,0,0,"[1, 1]","[[[0, 1], [2, 1]], [[0, 1], [2, 1]]]","[2, 1]","[[[1, 2], [0, 2]], [[0, 1], [2, 1]]]",3,0.4691220042472002,0.000774707593902968,0
62,1,0.46989671184110315,0.4691220042472002,0.4691220042472002,0.000774707593902968,0.0,0.000774707593902968,504,1156,0.518960044522706,0.5178406141441896,0,0,"[1, 1]","[[[0, 1], [2, 1]], [[0, 1], [2, 1]]]","[2, 1]","[[[1, 2], [0, 2]], [[0, 1], [2, 1]]]",3,0.4691220042472002,0.000774707593902968,0
62,2,0.46989671184110315,0.4691220042472002,0.4691220042472002,0.000774707593902968,0.0,0.000774707593902968,800,1156,0.518960044522706,0.5178406141441896,0,0,"[1, 1]","[[[0, 1], [2, 1]], [[0, 1], [2, 1]]]","[2, 1]","[[[1, 2], [0, 2]], [[0, 1], [2, 1]]]",3,0.4691220042472002,0.000774707593902968,0
62,4,0.46989671184110315,0.4691220042472002,0.4691220042472002,0.000774707593902968,0.0,0.000774707593902968,884,1156,0.518960044522706,0.5178406141441896,0,0,"[1, 1]","[[[0, 1], [2, 1]], [[0, 1], [2, 1]]]","[2, 1]","[[[1, 2], [0, 2]], [[0, 1], [2, 1]]]",3,0.4691220042472002,0.000774707593902968,0
63,0,-0.6925392323599708,-0.6925392323599708,-0.6925392323599708,0.0,0.0,0.0,144,15876,0.10955198928222491,0.10955198928222491,0,0,"[2, 2]","[[[0, 2], [1, 2]], [[0, 2], [1, 2]]]","[2, 2]","[[[0, 2], [1, 2]], [[0, 2], [1, 2]]]",3,-0.6925392323599708,0.0,0
63,1,-0.6691965601663569,-0.6691965601663569,-0.6691965601663569,0.0,0.0,0.0,1224,15876,0.1253226749112783,0.1253226749112783,1,1,"[2, 2]","[[[0, 2], [1, 2], [2, 0]], [[0, 2]]]","[2, 2]","[[[0, 2], [2, 0], [1, 2]], [[0, 2]]]",3,-0.6691965601663569,0.0,0
63,2,-0.6691965601663569,-0.6691965601663569,-0.6691965601663569,0.0,0.0,0.0,3888,15876,0.1253226749112783,0.1253226749112783,1,1,"[2, 2]","[[[0, 2], [1, 2], [2, 0]], [[0, 2]]]","[2, 2]","[[[0, 2], [2, 0], [1, 2]], [[0, 2]]]",3,-0.6691965601663569,0.0,0
63,4,-0.6691965601663569,-0.6691965601663569,-0.6691965601663569,0.0,0.0,0.0,6876,15876,0.1253226749112783,0.1253226749112783,1,1,"[2, 2]","[[[0, 2], [1, 2], [2, 0]], [[0, 2]]]","[2, 2]","[[[0, 2], [2, 0], [1, 2]], [[0, 2]]]",3,-0.6691965601663569,0.0,0
64,0,-0.2580075165230892,-0.2583030328121738,-0.2583030328121738,0.0002955162890846408,0.0,0.0002955162890846408,144,5184,0.5234305930068214,0.5233800359446718,0,0,"[0, 0]","[[[2, 0]], [[1, 0], [2, 0]]]","[0, 2]","[[[2, 0]], [[0, 2], [1, 2]]]",3,-0.2583030328121738,0.0002955162890846408,0
64,1,-0.22822810014960523,-0.22822810014960523,-0.22822810014960523,0.0,0.0,0.0,864,5184,0.5294509025086959,0.5294509025086959,1,1,"[0, 2]","[[[2, 0]], [[0, 2], [1, 2], [2, 0]]]","[0, 2]","[[[2, 0]], [[0, 2], [2, 0], [1, 2]]]",3,-0.22822810014960523,0.0,0
64,2,-0.22822810014960523,-0.22822810014960523,-0.22822810014960523,0.0,0.0,0.0,2048,5184,0.5294509025086959,0.5294509025086959,1,1,"[0, 2]","[[[2, 0]], [[0, 2], [1, 2], [2, 0]]]","[0, 2]","[[[2, 0]], [[0, 2], [2, 0], [1, 2]]]",3,-0.22822810014960523,0.0,0
64,4,-0.22822810014960523,-0.22822810014960523,-0.22822810014960523,0.0,0.0,0.0,2888,5184,0.5294509025086959,0.5294509025086959,1,1,"[0, 2]","[[[2, 0]], [[0, 2], [1, 2], [2, 0]]]","[0, 2]","[[[2, 0]], [[0, 2], [2, 0], [1, 2]]]",3,-0.22822810014960523,0.0,0
65,0,-0.31571679926114,-0.3157818915736783,-0.3157818915736783,6.509231253831738e-05,0.0,6.509231253831738e-05,144,144,0.22234624222829272,0.22233328710247835,0,0,"[2, 0]","[[[0, 2], [1, 2]], [[1, 0], [2, 0]]]","[1, 0]","[[[2, 1], [0, 1]], [[1, 0], [2, 0]]]",3,-0.3157818915736783,6.509231253831738e-05,0
65,1,-0.31571679926114,-0.3157818915736783,-0.3157818915736783,6.509231253831738e-05,0.0,6.509231253831738e-05,144,144,0.22234624222829272,0.22233328710247835,0,0,"[2, 0]","[[[0, 2], [1, 2]], [[1, 0], [2, 0]]]","[1, 0]","[[[2, 1], [0, 1]], [[1, 0], [2, 0]]]",3,-0.3157818915736783,6.509231253831738e-05,0
65,2,-0.31571679926114,-0.3157818915736783,-0.3157818915736783,6.509231253831738e-05,0.0,6.509231253831738e-05,144,144,0.22234624222829272,0.22233328710247835,0,0,"[2, 0]","[[[0, 2], [1, 2]], [[1, 0], [2, 0]]]","[1, 0]","[[[2, 1], [0, 1]], [[1, 0], [2, 0]]]",3,-0.3157818915736783,6.509231253831738e-05,0
65,4,-0.31571679926114,-0.3157818915736783,-0.3157818915736783,6.509231253831738e-05,0.0,6.509231253831738e-05,144,144,0.22234624222829272,0.22233328710247835,0,0,"[2, 0]","[[[0, 2], [1, 2]], [[1, 0], [2, 0]]]","[1, 0]","[[[2, 1], [0, 1]], [[1, 0], [2, 0]]]",3,-0.3157818915736783,6.509231253831738e-05,0
66,0,0.12540822646344518,0.12540822646344518,0.12540822646344518,0.0,0.0,0.0,144,1156,0.5537838412552216,0.5537838412552216,0,0,"[1, 1]","[[[0, 1], [2, 1]], [[0, 1], [2, 1]]]","[1, 1]","[[[0, 1], [2, 1]], [[2, 1], [0, 1]]]",3,0.12540822646344518,0.0,0
66,1,0.15898203428239308,0.12540822646344518,0.12540822646344518,0.03357380781894789,0.0,0.03357380781894789,504,1156,0.5408679969627824,0.5537838412552216,0,1,"[2, 1]","[[[0, 2], [1, 0], [1, 2]], [[2, 1]]]","[1, 1]","[[[0, 1], [2, 1]], [[2, 1], [0, 1]]]",3,0.12540822646344518,0.03357380781894789,0
66,2,0.15898203428239308,0.12540822646344518,0.12540822646344518,0.03357380781894789,0.0,0.03357380781894789,800,1156,0.5408679969627824,0.5537838412552216,0,1,"[2, 1]","[[[0, 2], [1, 0], [1, 2]], [[2, 1]]]","[1, 1]","[[[0, 1], [2, 1]], [[2, 1], [0, 1]]]",3,0.12540822646344518,0.03357380781894789,0
66,4,0.15898203428239308,0.12540822646344518,0.12540822646344518,0.03357380781894789,0.0,0.03357380781894789,884,1156,0.5408679969627824,0.5537838412552216,0,1,"[2, 1]","[[[0, 2], [1, 0], [1, 2]], [[2, 1]]]","[1, 1]","[[[0, 1], [2, 1]], [[2, 1], [0, 1]]]",3,0.12540822646344518,0.03357380781894789,0
67,0,0.6496157398739086,0.6496157398739086,0.6496157398739086,0.0,0.0,0.0,144,1156,0.5194208748971955,0.5194208748971955,0,0,"[1, 2]","[[[0, 1], [2, 1]], [[0, 2], [1, 2]]]","[1, 2]","[[[2, 1], [0, 1]], [[0, 2], [1, 2]]]",3,0.6496157398739086,0.0,0
67,1,0.6648054716227129,0.6648054716227129,0.6496157398739086,0.0,0.015189731748804225,0.015189731748804225,504,1156,0.534253001836871,0.5194208748971955,0,1,"[1, 2]","[[[1, 2], [2, 1]], [[0, 2], [1, 2]]]","[1, 2]","[[[2, 1], [0, 1]], [[0, 2], [1, 2]]]",3,0.6648054716227129,0.0,1
67,2,0.6648054716227129,0.6648054716227129,0.6648054716227129,0.0,0.0,0.0,800,1156,0.534253001836871,0.534253001836871,1,1,"[1, 2]","[[[1, 2], [2, 1]], [[0, 2], [1, 2]]]","[1, 2]","[[[2, 1], [1, 2]], [[0, 2], [1, 2]]]",3,0.6648054716227129,0.0,0
67,4,0.6648054716227129,0.6648054716227129,0.6648054716227129,0.0,0.0,0.0,884,1156,0.534253001836871,0.534253001836871,1,1,"[1, 2]","[[[1, 2], [2, 1]], [[0, 2], [1, 2]]]","[1, 2]","[[[2, 1], [1, 2]], [[0, 2], [1, 2]]]",3,0.6648054716227129,0.0,0
68,0,0.23454446286351288,0.19121939772236884,0.19121939772236884,0.04332506514114404,0.0,0.04332506514114404,144,1156,0.43102169790917805,0.4228105480168939,0,0,"[0, 0]","[[[1, 0], [2, 0]], [[1, 0], [2, 0]]]","[2, 0]","[[[0, 2], [1, 2]], [[2, 0], [1, 0]]]",3,0.19121939772236884,0.04332506514114404,0
68,1,0.24352615291828286,0.24352615291828286,0.2435261529182832,0.0,-3.3306690738754696e-16,-3.3306690738754696e-16,504,1156,0.4004647020863518,0.4004647020863519,1,1,"[2, 0]","[[[0, 2], [1, 2], [2, 1]], [[2, 0]]]","[2, 0]","[[[0, 2], [2, 1], [1, 2]], [[2, 0]]]",3,0.24352615291828286,0.0,0
68,2,0.24352615291828286,0.24352615291828286,0.2435261529182832,0.0,-3.3306690738754696e-16,-3.3306690738754696e-16,800,1156,0.4004647020863518,0.4004647020863519,1,1,"[2, 0]","[[[0, 2], [1, 2], [2, 1]], [[2, 0]]]","[2, 0]","[[[0, 2], [2, 1], [1, 2]], [[2, 0]]]",3,0.24352615291828286,0.0,0
68,4,0.24352615291828286,0.24352615291828286,0.2435261529182832,0.0,-3.3306690738754696e-16,-3.3306690738754696e-16,884,1156,0.4004647020863518,0.4004647020863519,1,1,"[2, 0]","[[[0, 2], [1, 2], [2, 1]], [[2, 0]]]","[2, 0]","[[[0, 2], [2, 1], [1, 2]], [[2, 0]]]",3,0.24352615291828286,0.0,0
69,0,-0.23883184905355268,-0.23883184905355268,-0.23883184905355268,0.0,0.0,0.0,144,15876,0.5351068640820833,0.5350544390789237,0,0,"[1, 0]","[[[0, 1], [2, 1]], [[2, 0]]]","[1, 2]","[[[2, 1], [0, 1]], [[0, 2]]]",3,-0.23883184905355268,0.0,0
69,1,-0.20770140197607992,-0.20770140197607992,-0.20770140197607992,0.0,0.0,0.0,1224,15876,0.5413742870447251,0.5413218620415655,1,1,"[1, 0]","[[[0, 1], [1, 2], [2, 1]], [[2, 0]]]","[1, 2]","[[[2, 1], [1, 2], [0, 1]], [[0, 2]]]",3,-0.20770140197607992,0.0,0
69,2,-0.20770140197607992,-0.20770140197607992,-0.20770140197607992,0.0,0.0,0.0,3888,15876,0.5413742870447251,0.5413218620415655,1,1,"[1, 0]","[[[0, 1], [1, 2], [2, 1]], [[2, 0]]]","[1, 2]","[[[2, 1], [1, 2], [0, 1]], [[0, 2]]]",3,-0.20770140197607992,0.0,0
69,4,-0.20770140197607992,-0.20770140197607992,-0.20770140197607992,0.0,0.0,0.0,6876,15876,0.5413742870447251,0.5413218620415655,1,1,"[1, 0]","[[[0, 1], [1, 2], [2, 1]], [[2, 0]]]","[1, 2]","[[[2, 1], [1, 2], [0, 1]], [[0, 2]]]",3,-0.20770140197607992,0.0,0
70,0,-0.7611249988579855,-0.7611249988579855,-0.7611249988579855,0.0,0.0,0.0,144,15876,0.08372065614119292,0.08372065614119292,0,0,"[1, 1]","[[[0, 1], [2, 1]], [[0, 1], [2, 1]]]","[1, 1]","[[[0, 1], [2, 1]], [[0, 1], [2, 1]]]",3,-0.7611249988579855,0.0,0
70,1,-0.7520608870280263,-0.7520608870280263,-0.7520608870280263,0.0,0.0,0.0,1224,15876,0.08752939830946976,0.08752939830946976,1,1,"[1, 0]","[[[0, 1], [2, 1]], [[0, 1], [1, 0]]]","[1, 1]","[[[0, 1], [2, 1]], [[0, 1], [1, 0]]]",3,-0.7520608870280263,0.0,0
70,2,-0.7457320014106454,-0.7457320014106454,-0.7457320014106454,0.0,0.0,0.0,3888,15876,0.09055000311803235,0.09055000311803235,2,2,"[0, 0]","[[[0, 1], [1, 0]], [[0, 1], [1, 0]]]","[1, 1]","[[[0, 1], [1, 0]], [[0, 1], [1, 0]]]",3,-0.7457320014106454,0.0,0
70,4,-0.7457320014106454,-0.7457320014106454,-0.7457320014106454,0.0,0.0,0.0,6876,15876,0.09055000311803235,0.09055000311803235,2,2,"[0, 0]","[[[0, 1], [1, 0]], [[0, 1], [1, 0]]]","[1, 1]","[[[0, 1], [1, 0]], [[0, 1], [1, 0]]]",3,-0.7457320014106454,0.0,0
71,0,0.2601053042494596,0.2601053042494596,0.2601053042494596,0.0,0.0,0.0,144,5184,0.5859713492080045,0.5859713492080045,0,0,"[0, 2]","[[[1, 0], [2, 0]], [[0, 2], [1, 2]]]","[0, 2]","[[[1, 0], [2, 0]], [[1, 2], [0, 2]]]",3,0.2601053042494596,0.0,0
71,1,0.525811400179872,0.525811400179872,0.525811400179872,0.0,0.0,0.0,864,5184,0.5872487197793447,0.5872487197793447,1,1,"[0, 2]","[[[1, 0]], [[0, 2], [1, 2], [2, 1]]]","[0, 2]","[[[1, 0]], [[1, 2], [2, 1], [0, 2]]]",3,0.525811400179872,0.0,0
71,2,0.525811400179872,0.525811400179872,0.525811400179872,0.0,0.0,0.0,2048,5184,0.5872487197793447,0.5872487197793447,1,1,"[0, 2]","[[[1, 0]], [[0, 2], [1, 2], [2, 1]]]","[0, 2]","[[[1, 0]], [[1, 2], [2, 1], [0, 2]]]",3,0.525811400179872,0.0,0
71,4,0.525811400179872,0.525811400179872,0.525811400179872,0.0,0.0,0.0,2888,5184,0.5872487197793447,0.5872487197793447,1,1,"[0, 2]","[[[1, 0]], [[0, 2], [1, 2], [2, 1]]]","[0, 2]","[[[1, 0]], [[1, 2], [2, 1], [0, 2]]]",3,0.525811400179872,0.0,0
72,0,1.5938494251689244,1.5938494251689244,1.5938494251689244,0.0,0.0,0.0,144,5184,0.8977523032661313,0.8986466244042132,0,0,"[2, 1]","[[[0, 2], [1, 2]], [[2, 1]]]","[2, 2]","[[[1, 2], [0, 2]], [[1, 2]]]",3,1.5938494251689244,0.0,0
72,1,1.7559400722271823,1.7559400722271823,1.7559400722271823,0.0,0.0,0.0,864,5184,0.959473164852898,0.96036748599098,1,1,"[2, 1]","[[[0, 2], [1, 2], [2, 1]], [[2, 1]]]","[2, 2]","[[[1, 2], [2, 1], [0, 2]], [[1, 2]]]",3,1.7559400722271823,0.0,0
72,2,1.7559400722271823,1.7559400722271823,1.7559400722271823,0.0,0.0,0.0,2048,5184,0.959473164852898,0.96036748599098,1,1,"[2, 1]","[[[0, 2], [1, 2], [2, 1]], [[2, 1]]]","[2, 2]","[[[1, 2], [2, 1], [0, 2]], [[1, 2]]]",3,1.7559400722271823,0.0,0
72,4,1.7559400722271823,1.7559400722271823,1.7559400722271823,0.0,0.0,0.0,2888,5184,0.959473164852898,0.96036748599098,1,1,"[2, 1]","[[[0, 2], [1, 2], [2, 1]], [[2, 1]]]","[2, 2]","[[[1, 2], [2, 1], [0, 2]], [[1, 2]]]",3,1.7559400722271823,0.0,0
73,0,1.7613705638880106,1.7613705638880106,1.7613705638880106,0.0,0.0,0.0,144,5184,0.9724330992732744,0.9937167859858564,0,0,"[0, 0]","[[[1, 0]], [[1, 0]]]","[0, 1]","[[[1, 0]], [[2, 1]]]",3,1.7613705638880106,0.0,0
73,1,1.7613705638880106,1.7613705638880106,1.7613705638880106,0.0,0.0,0.0,864,5184,0.9724330992732744,0.9937167859858564,0,0,"[0, 0]","[[[1, 0]], [[1, 0]]]","[0, 1]","[[[1, 0]], [[2, 1]]]",3,1.7613705638880106,0.0,0
73,2,1.7613705638880106,1.7613705638880106,1.7613705638880106,0.0,0.0,0.0,2048,5184,0.9724330992732744,0.9937167859858564,0,0,"[0, 0]","[[[1, 0]], [[1, 0]]]","[0, 1]","[[[1, 0]], [[2, 1]]]",3,1.7613705638880106,0.0,0
73,4,1.7613705638880106,1.7613705638880106,1.7613705638880106,0.0,0.0,0.0,2888,5184,0.9724330992732744,0.9937167859858564,0,0,"[0, 0]","[[[1, 0]], [[1, 0]]]","[0, 1]","[[[1, 0]], [[2, 1]]]",3,1.7613705638880106,0.0,0
74,0,-0.2928105939586556,-0.2928105939586556,-0.2928105939586556,0.0,0.0,0.0,144,5184,0.23800448214900222,0.23800448214900222,0,0,"[2, 2]","[[[0, 2], [1, 2]], [[0, 2], [1, 2]]]","[2, 2]","[[[0, 2], [1, 2]], [[0, 2], [1, 2]]]",3,-0.2928105939586556,0.0,0
74,1,-0.2555533376629938,-0.2555533376629938,-0.2555533376629938,0.0,0.0,0.0,864,5184,0.2643498636435004,0.2643498636435004,1,1,"[0, 2]","[[[0, 2], [2, 0]], [[0, 2], [1, 2]]]","[2, 2]","[[[0, 2], [2, 0]], [[0, 2], [1, 2]]]",3,-0.2555533376629938,0.0,0
74,2,-0.21733920119320305,-0.21733920119320305,-0.21733920119320305,0.0,0.0,0.0,2048,5184,0.27245948127871567,0.27245948127871567,2,2,"[0, 0]","[[[0, 2], [2, 0]], [[0, 2], [2, 0]]]","[2, 2]","[[[0, 2], [2, 0]], [[0, 2], [2, 0]]]",3,-0.21733920119320305,0.0,0
74,4,-0.21733920119320305,-0.21733920119320305,-0.21733920119320305,0.0,0.0,0.0,2888,5184,0.27245948127871567,0.27245948127871567,2,2,"[0, 0]","[[[0, 2], [2, 0]], [[0, 2], [2, 0]]]","[2, 2]","[[[0, 2], [2, 0]], [[0, 2], [2, 0]]]",3,-0.21733920119320305,0.0,0
75,0,1.287288466214157,1.287288466214157,1.287288466214157,0.0,0.0,0.0,144,5184,0.7548810261057071,0.7548810261057071,0,0,"[1, 2]","[[[0, 1], [2, 1]], [[0, 2], [1, 2]]]","[1, 2]","[[[2, 1], [0, 1]], [[1, 2], [0, 2]]]",3,1.287288466214157,0.0,0
75,1,1.5077653841005463,1.5077653841005463,1.5077653841005463,0.0,0.0,0.0,864,5184,0.8340779242230467,0.8340779242230467,1,1,"[1, 1]","[[[0, 1], [2, 1]], [[1, 2], [2, 1]]]","[1, 2]","[[[2, 1], [0, 1]], [[1, 2], [2, 1]]]",3,1.5077653841005463,0.0,0
75,2,1.5237095566965013,1.5237095566965013,1.5237095566965013,0.0,0.0,0.0,2048,5184,0.8427394454170041,0.8427394454170041,2,2,"[1, 1]","[[[1, 2], [2, 1]], [[1, 2], [2, 1]]]","[1, 2]","[[[2, 1], [1, 2]], [[1, 2], [2, 1]]]",3,1.5237095566965013,0.0,0
75,4,1.5237095566965013,1.5237095566965013,1.5237095566965013,0.0,0.0,0.0,2888,5184,0.8427394454170041,0.8427394454170041,2,2,"[1, 1]","[[[1, 2], [2, 1]], [[1, 2], [2, 1]]]","[1, 2]","[[[2, 1], [1, 2]], [[1, 2], [2, 1]]]",3,1.5237095566965013,0.0,0
76,0,0.1556331235915402,0.1556331235915402,0.1556331235915402,0.0,0.0,0.0,144,15876,0.34476797546451254,0.34476797546451254,0,0,"[1, 1]","[[[0, 1], [2, 1]], [[0, 1], [2, 1]]]","[1, 1]","[[[0, 1], [2, 1]], [[2, 1], [0, 1]]]",3,0.1556331235915402,0.0,0
76,1,0.27222856805460977,0.27222856805460977,0.27222856805460977,0.0,0.0,0.0,1224,15876,0.379519434794683,0.379519434794683,1,1,"[0, 1]","[[[0, 1], [1, 0]], [[0, 1], [2, 1]]]","[1, 1]","[[[0, 1], [1, 0]], [[2, 1], [0, 1]]]",3,0.27222856805460977,0.0,0
76,2,0.3372594096322963,0.3372594096322963,0.3372594096322963,0.0,0.0,0.0,3888,15876,0.4027412118149196,0.4027412118149196,2,2,"[0, 1]","[[[0, 1], [1, 0]], [[1, 2], [2, 1]]]","[1, 1]","[[[0, 1], [1, 0]], [[2, 1], [1, 2]]]",3,0.3372594096322963,0.0,0
76,4,0.3372594096322963,0.3372594096322963,0.3372594096322963,0.0,0.0,0.0,6876,15876,0.4027412118149196,0.4027412118149196,2,2,"[0, 1]","[[[0, 1], [1, 0]], [[1, 2], [2, 1]]]","[1, 1]","[[[0, 1], [1, 0]], [[2, 1], [1, 2]]]",3,0.3372594096322963,0.0,0
77,0,1.7613705638880106,1.7613705638880106,1.7613705638880106,0.0,0.0,0.0,144,15876,0.9998078915186074,0.9998206029355203,0,0,"[0, 0]","[[[1, 0]], [[2, 0]]]","[0, 2]","[[[1, 0]], [[0, 2]]]",3,1.7613705638880106,0.0,0
77,1,1.7613705638880106,1.7613705638880106,1.7613705638880106,0.0,0.0,0.0,1224,15876,0.9998078915186074,0.9998206029355203,0,0,"[0, 0]","[[[1, 0]], [[2, 0]]]","[0, 2]","[[[1, 0]], [[0, 2]]]",3,1.7613705638880106,0.0,0
77,2,1.7613705638880106,1.7613705638880106,1.7613705638880106,0.0,0.0,0.0,3888,15876,0.9998078915186074,0.9998206029355203,0,0,"[0, 0]","[[[1, 0]], [[2, 0]]]","[0, 2]","[[[1, 0]], [[0, 2]]]",3,1.7613705638880106,0.0,0
77,4,1.7613705638880106,1.7613705638880106,1.7613705638880106,0.0,0.0,0.0,6876,15876,0.9998078915186074,0.9998206029355203,0,0,"[0, 0]","[[[1, 0]], [[2, 0]]]","[0, 2]","[[[1, 0]], [[0, 2]]]",3,1.7613705638880106,0.0,0
78,0,1.7613705638880106,1.7613705638880106,1.7613705638880106,0.0,0.0,0.0,144,15876,0.9980981124838519,0.9981241164496184,0,0,"[0, 0]","[[[1, 0]], [[1, 0]]]","[1, 1]","[[[0, 1]], [[0, 1]]]",3,1.7613705638880106,0.0,0
78,1,1.7613705638880106,1.7613705638880106,1.7613705638880106,0.0,0.0,0.0,1224,15876,0.9980981124838519,0.9981241164496184,0,0,"[0, 0]","[[[1, 0]], [[1, 0]]]","[1, 1]","[[[0, 1]], [[0, 1]]]",3,1.7613705638880106,0.0,0
78,2,1.7613705638880106,1.7613705638880106,1.7613705638880106,0.0,0.0,0.0,3888,15876,0.9980981124838519,0.9981241164496184,0,0,"[0, 0]","[[[1, 0]], [[1, 0]]]","[1, 1]","[[[0, 1]], [[0, 1]]]",3,1.7613705638880106,0.0,0
78,4,1.7613705638880106,1.7613705638880106,1.7613705638880106,0.0,0.0,0.0,6876,15876,0.9980981124838519,0.9981241164496184,0,0,"[0, 0]","[[[1, 0]], [[1, 0]]]","[1, 1]","[[[0, 1]], [[0, 1]]]",3,1.7613705638880106,0.0,0
79,0,-0.6170351753275126,-0.6217226328930754,-0.6217226328930754,0.004687457565562769,0.0,0.004687457565562769,144,15876,0.12617265272217434,0.1245723813556861,0,0,"[1, 2]","[[[0, 1], [2, 1]], [[0, 2], [1, 2]]]","[1, 1]","[[[2, 1], [0, 1]], [[2, 1], [0, 1]]]",3,-0.6217226328930754,0.004687457565562769,0
79,1,-0.5476525270468254,-0.5476525270468254,-0.5476525270468254,0.0,0.0,0.0,1224,15876,0.15463379038897787,0.15463379038897787,1,1,"[1, 1]","[[[0, 1], [2, 1]], [[1, 2], [2, 1]]]","[1, 1]","[[[2, 1], [0, 1]], [[2, 1], [1, 2]]]",3,-0.5476525270468254,0.0,0
79,2,-0.5074814709143173,-0.5074814709143173,-0.5074814709143173,0.0,0.0,0.0,3888,15876,0.1639049819001762,0.1639049819001762,2,2,"[1, 1]","[[[1, 2], [2, 1]], [[1, 2], [2, 1]]]","[1, 1]","[[[2, 1], [1, 2]], [[2, 1], [1, 2]]]",3,-0.5074814709143173,0.0,0
79,4,-0.5074814709143173,-0.5074814709143173,-0.5074814709143173,0.0,0.0,0.0,6876,15876,0.1639049819001762,0.1639049819001762,2,2,"[1, 1]","[[[1, 2], [2, 1]], [[1, 2], [2, 1]]]","[1, 1]","[[[2, 1], [1, 2]], [[2, 1], [1, 2]]]",3,-0.5074814709143173,0.0,0
80,0,1.7545454508246,1.7545454508246,1.7545454508246,0.0,0.0,0.0,144,15876,0.9660994253250009,0.9660994253250009,0,0,"[2, 0]","[[[0, 2], [1, 2]], [[1, 0]]]","[2, 0]","[[[1, 2], [0, 2]], [[1, 0]]]",3,1.7545454508246,0.0,0
80,1,1.7560372305546772,1.7560372305546772,1.7560372305546772,0.0,0.0,0.0,1224,15876,0.9702102156649571,0.9846865120973982,1,1,"[1, 0]","[[[0, 1], [1, 2], [2, 1]], [[1, 0]]]","[2, 0]","[[[1, 2], [0, 2], [2, 1]], [[1, 0]]]",3,1.7560372305546772,0.0,0
80,2,1.7560372305546772,1.7560372305546772,1.7560372305546772,0.0,0.0,0.0,3888,15876,0.9702102156649571,0.9846865120973982,1,1,"[1, 0]","[[[0, 1], [1, 2], [2, 1]], [[1, 0]]]","[2, 0]","[[[1, 2], [0, 2], [2, 1]], [[1, 0]]]",3,1.7560372305546772,0.0,0
80,4,1.7560372305546772,1.7560372305546772,1.7560372305546772,0.0,0.0,0.0,6876,15876,0.9702102156649571,0.9846865120973982,1,1,"[1, 0]","[[[0, 1], [1, 2], [2, 1]], [[1, 0]]]","[2, 0]","[[[1, 2], [0, 2], [2, 1]], [[1, 0]]]",3,1.7560372305546772,0.0,0
81,0,1.7613705638880106,1.7613705638880106,1.7613705638880106,0.0,0.0,0.0,144,1156,0.9864578638053878,0.9864578638053878,0,0,"[1, 1]","[[[2, 1]], [[2, 1]]]","[1, 1]","[[[2, 1]], [[2, 1]]]",3,1.7613705638880106,0.0,0
81,1,1.7613705638880106,1.7613705638880106,1.7613705638880106,0.0,0.0,0.0,504,1156,0.9864578638053878,0.9864578638053878,0,0,"[1, 1]","[[[2, 1]], [[2, 1]]]","[1, 1]","[[[2, 1]], [[2, 1]]]",3,1.7613705638880106,0.0,0
81,2,1.7613705638880106,1.7613705638880106,1.7613705638880106,0.0,0.0,0.0,800,1156,0.9864578638053878,0.9864578638053878,0,0,"[1, 1]","[[[2, 1]], [[2, 1]]]","[1, 1]","[[[2, 1]], [[2, 1]]]",3,1.7613705638880106,0.0,0
81,4,1.7613705638880106,1.7613705638880106,1.7613705638880106,0.0,0.0,0.0,884,1156,0.9864578638053878,0.9864578638053878,0,0,"[1, 1]","[[[2, 1]], [[2, 1]]]","[1, 1]","[[[2, 1]], [[2, 1]]]",3,1.7613705638880106,0.0,0
82,0,-0.13270224805994535,-0.13270224805994535,-0.13270224805994535,0.0,0.0,0.0,144,1156,0.29762056109922164,0.29762056109922164,0,0,"[1, 2]","[[[0, 1], [2, 1]], [[0, 2], [1, 2]]]","[1, 2]","[[[2, 1], [0, 1]], [[1, 2], [0, 2]]]",3,-0.13270224805994535,0.0,0
82,1,-0.11889488806245804,-0.11889488806245804,-0.11889488806245804,0.0,0.0,0.0,504,1156,0.28722423468147507,0.28722423468147507,1,1,"[1, 2]","[[[0, 1], [1, 0], [2, 1]], [[1, 2]]]","[1, 2]","[[[2, 1], [0, 1], [1, 0]], [[1, 2]]]",3,-0.11889488806245804,0.0,0
82,2,-0.11889488806245804,-0.11889488806245804,-0.11889488806245804,0.0,0.0,0.0,800,1156,0.28722423468147507,0.28722423468147507,1,1,"[1, 2]","[[[0, 1], [1, 0], [2, 1]], [[1, 2]]]","[1, 2]","[[[2, 1], [0, 1], [1, 0]], [[1, 2]]]",3,-0.11889488806245804,0.0,0
82,4,-0.11889488806245804,-0.11889488806245804,-0.11889488806245804,0.0,0.0,0.0,884,1156,0.28722423468147507,0.28722423468147507,1,1,"[1, 2]","[[[0, 1], [1, 0], [2, 1]], [[1, 2]]]","[1, 2]","[[[2, 1], [0, 1], [1, 0]], [[1, 2]]]",3,-0.11889488806245804,0.0,0
83,0,-0.19531415414349956,-0.19531415414349956,-0.19531415414349956,0.0,0.0,0.0,144,5184,0.5331575555465841,0.5473226833753568,0,0,"[0, 1]","[[[1, 0], [2, 0]], [[0, 1], [2, 1]]]","[1, 1]","[[[2, 1]], [[2, 1], [0, 1]]]",3,-0.19531415414349956,0.0,0
83,1,-0.14300868135113773,-0.14300868135113773,-0.14300868135113795,0.0,2.220446049250313e-16,2.220446049250313e-16,864,5184,0.5572973368872843,0.5572973368872843,1,1,"[1, 1]","[[[2, 1]], [[0, 1], [1, 2], [2, 1]]]","[1, 1]","[[[2, 1]], [[2, 1], [1, 2], [0, 1]]]",3,-0.14300868135113773,0.0,0
83,2,-0.13343974579506818,-0.14300868135113773,-0.14300868135113795,0.009568935556069552,2.220446049250313e-16,0.009568935556069774,2048,5184,0.559888152438011,0.5572973368872843,1,2,"[1, 0]","[[[2, 1]], [[1, 0], [1, 2], [2, 1]]]","[1, 1]","[[[2, 1]], [[2, 1], [1, 2], [0, 1]]]",3,-0.13343974579506818,0.0,1
83,4,-0.13343974579506818,-0.14300868135113773,-0.14300868135113795,0.009568935556069552,2.220446049250313e-16,0.009568935556069774,2888,5184,0.559888152438011,0.5572973368872843,1,2,"[1, 0]","[[[2, 1]], [[1, 0], [1, 2], [2, 1]]]","[1, 1]","[[[2, 1]], [[2, 1], [1, 2], [0, 1]]]",3,-0.13343974579506818,0.0,1
84,0,-0.2146649437629251,-0.2146649437629251,-0.2146649437629251,0.0,0.0,0.0,144,5184,0.48058944459001934,0.48058944459001934,0,0,"[0, 0]","[[[1, 0], [2, 0]], [[1, 0], [2, 0]]]","[0, 0]","[[[2, 0], [1, 0]], [[2, 0], [1, 0]]]",3,-0.2146649437629251,0.0,0
84,1,-0.16607137963790175,-0.16607137963790175,-0.16607137963790175,0.0,0.0,0.0,864,5184,0.48540294055746214,0.48540294055746214,1,1,"[0, 0]","[[[0, 2], [1, 0], [2, 0]], [[2, 0]]]","[0, 0]","[[[2, 0], [0, 2], [1, 0]], [[2, 0]]]",3,-0.16607137963790175,0.0,0
84,2,-0.16607137963790175,-0.16607137963790175,-0.16607137963790175,0.0,0.0,0.0,2048,5184,0.48540294055746214,0.48540294055746214,1,1,"[0, 0]","[[[0, 2], [1, 0], [2, 0]], [[2, 0]]]","[0, 0]","[[[2, 0], [0, 2], [1, 0]], [[2, 0]]]",3,-0.16607137963790175,0.0,0
84,4,-0.16607137963790175,-0.16607137963790175,-0.16607137963790175,0.0,0.0,0.0,2888,5184,0.48540294055746214,0.48540294055746214,1,1,"[0, 0]","[[[0, 2], [1, 0], [2, 0]], [[2, 0]]]","[0, 0]","[[[2, 0], [0, 2], [1, 0]], [[2, 0]]]",3,-0.16607137963790175,0.0,0
85,0,0.8849406609112233,0.8849406609112233,0.8849406609112233,0.0,0.0,0.0,144,1156,0.7301958715507499,0.7301958715507499,0,0,"[0, 0]","[[[1, 0]], [[1, 0], [2, 0]]]","[0, 0]","[[[1, 0]], [[2, 0], [1, 0]]]",3,0.8849406609112233,0.0,0
85,1,0.9776936371865056,0.8849406609112233,0.8849406609112233,0.09275297627528234,0.0,0.09275297627528234,504,1156,0.7503882786521595,0.7301958715507499,0,1,"[0, 1]","[[[1, 0]], [[0, 1], [0, 2], [2, 1]]]","[0, 0]","[[[1, 0]], [[2, 0], [1, 0]]]",3,0.8849406609112233,0.09275297627528234,0
85,2,0.9776936371865056,0.8849406609112233,0.8849406609112233,0.09275297627528234,0.0,0.09275297627528234,800,1156,0.7503882786521595,0.7301958715507499,0,1,"[0, 1]","[[[1, 0]], [[0, 1], [0, 2], [2, 1]]]","[0, 0]","[[[1, 0]], [[2, 0], [1, 0]]]",3,0.8849406609112233,0.09275297627528234,0
85,4,0.9776936371865056,0.8849406609112233,0.8849406609112233,0.09275297627528234,0.0,0.09275297627528234,884,1156,0.7503882786521595,0.7301958715507499,0,1,"[0, 1]","[[[1, 0]], [[0, 1], [0, 2], [2, 1]]]","[0, 0]","[[[1, 0]], [[2, 0], [1, 0]]]",3,0.8849406609112233,0.09275297627528234,0
86,0,-0.2988802651040119,-0.2988802651040119,-0.2988802651040119,0.0,0.0,0.0,144,5184,0.4099920648615966,0.4099920648615966,0,0,"[2, 0]","[[[0, 2], [1, 2]], [[1, 0], [2, 0]]]","[2, 0]","[[[1, 2], [0, 2]], [[1, 0], [2, 0]]]",3,-0.2988802651040119,0.0,0
86,1,-0.29661386011553625,-0.29661386011553625,-0.2988802651040119,0.0,0.0022664049884756343,0.0022664049884756343,864,5184,0.4303162743013133,0.4099920648615966,0,1,"[1, 0]","[[[1, 2], [2, 1]], [[1, 0], [2, 0]]]","[2, 0]","[[[1, 2], [0, 2]], [[1, 0], [2, 0]]]",3,-0.29661386011553625,0.0,1
86,2,-0.29661386011553625,-0.29661386011553625,-0.29661386011553625,0.0,0.0,0.0,2048,5184,0.4303162743013133,0.4303162743013133,1,1,"[1, 0]","[[[1, 2], [2, 1]], [[1, 0], [2, 0]]]","[2, 0]","[[[2, 1], [1, 2]], [[1, 0], [2, 0]]]",3,-0.29661386011553625,0.0,0
86,4,-0.29661386011553625,-0.29661386011553625,-0.29661386011553625,0.0,0.0,0.0,2888,5184,0.4303162743013133,0.4303162743013133,1,1,"[1, 0]","[[[1, 2], [2, 1]], [[1, 0], [2, 0]]]","[2, 0]","[[[2, 1], [1, 2]], [[1, 0], [2, 0]]]",3,-0.29661386011553625,0.0,0
87,0,0.1824796474601399,0.175745174513753,0.175745174513753,0.006734472946386905,0.0,0.006734472946386905,144,1156,0.48263222005824635,0.4699379937904835,0,0,"[1, 0]","[[[0, 1], [2, 1]], [[1, 0], [2, 0]]]","[1, 2]","[[[2, 1], [0, 1]], [[0, 2], [1, 2]]]",3,0.175745174513753,0.006734472946386905,0
87,1,0.19041978850811128,0.19041978850811128,0.17754340181104342,0.0,0.012876386697067865,0.012876386697067865,504,1156,0.5137516118202063,0.48342997022165396,1,1,"[1, 0]","[[[0, 1], [2, 1]], [[0, 2], [2, 0]]]","[1, 2]","[[[2, 1], [0, 1]], [[0, 2], [1, 0]]]",3,0.19041978850811128,0.0,1
87,2,0.19041978850811128,0.19041978850811128,0.19041978850811128,0.0,0.0,0.0,800,1156,0.5137516118202063,0.5137516118202063,1,1,"[1, 0]","[[[0, 1], [2, 1]], [[0, 2], [2, 0]]]","[1, 2]","[[[2, 1], [0, 1]], [[0, 2], [2, 0]]]",3,0.19041978850811128,0.0,0
87,4,0.19041978850811128,0.19041978850811128,0.19041978850811128,0.0,0.0,0.0,884,1156,0.5137516118202063,0.5137516118202063,1,1,"[1, 0]","[[[0, 1], [2, 1]], [[0, 2], [2, 0]]]","[1, 2]","[[[2, 1], [0, 1]], [[0, 2], [2, 0]]]",3,0.19041978850811128,0.0,0
88,0,0.1252076467744911,0.1252076467744911,0.1252076467744911,0.0,0.0,0.0,144,5184,0.5689974804488992,0.5689974804488992,0,0,"[1, 0]","[[[0, 1], [2, 1]], [[1, 0], [2, 0]]]","[1, 0]","[[[0, 1], [2, 1]], [[2, 0], [1, 0]]]",3,0.1252076467744911,0.0,0
88,1,0.3673071816119906,0.3673071816119906,0.3673071816119907,0.0,-1.1102230246251565e-16,-1.1102230246251565e-16,864,5184,0.5895285989046585,0.5895285989046585,1,1,"[1, 0]","[[[0, 1]], [[0, 2], [1, 0], [2, 0]]]","[1, 0]","[[[0, 1]], [[2, 0], [0, 2], [1, 0]]]",3,0.3673071816119906,0.0,0
88,2,0.3673071816119906,0.3673071816119906,0.3673071816119907,0.0,-1.1102230246251565e-16,-1.1102230246251565e-16,2048,5184,0.5895285989046585,0.5895285989046585,1,1,"[1, 0]","[[[0, 1]], [[0, 2], [1, 0], [2, 0]]]","[1, 0]","[[[0, 1]], [[2, 0], [0, 2], [1, 0]]]",3,0.3673071816119906,0.0,0
88,4,0.3673071816119906,0.3673071816119906,0.3673071816119907,0.0,-1.1102230246251565e-16,-1.1102230246251565e-16,2888,5184,0.5895285989046585,0.5895285989046585,1,1,"[1, 0]","[[[0, 1]], [[0, 2], [1, 0], [2, 0]]]","[1, 0]","[[[0, 1]], [[2, 0], [0, 2], [1, 0]]]",3,0.3673071816119906,0.0,0
89,0,1.7613705638880106,1.7613705638880106,1.7613705638880106,0.0,0.0,0.0,144,5184,0.9840663758137576,0.9840663758137576,0,0,"[0, 0]","[[[2, 0]], [[1, 0]]]","[0, 0]","[[[2, 0]], [[1, 0]]]",3,1.7613705638880106,0.0,0
89,1,1.7613705638880106,1.7613705638880106,1.7613705638880106,0.0,0.0,0.0,864,5184,0.9840663758137576,0.9840663758137576,0,0,"[0, 0]","[[[2, 0]], [[1, 0]]]","[0, 0]","[[[2, 0]], [[1, 0]]]",3,1.7613705638880106,0.0,0
89,2,1.7613705638880106,1.7613705638880106,1.7613705638880106,0.0,0.0,0.0,2048,5184,0.9840663758137576,0.9840663758137576,0,0,"[0, 0]","[[[2, 0]], [[1, 0]]]","[0, 0]","[[[2, 0]], [[1, 0]]]",3,1.7613705638880106,0.0,0
89,4,1.7613705638880106,1.7613705638880106,1.7613705638880106,0.0,0.0,0.0,2888,5184,0.9840663758137576,0.9840663758137576,0,0,"[0, 0]","[[[2, 0]], [[1, 0]]]","[0, 0]","[[[2, 0]], [[1, 0]]]",3,1.7613705638880106,0.0,0
90,0,0.13880780171507073,0.13880780171507073,0.13880780171507073,0.0,0.0,0.0,144,5184,0.6061757882626789,0.606178202068475,0,0,"[0, 1]","[[[2, 0]], [[0, 1], [2, 1]]]","[2, 1]","[[[0, 2]], [[2, 1], [0, 1]]]",3,0.13880780171507073,0.0,0
90,1,0.31182322956465985,0.31182322956465985,0.31182322956465985,0.0,0.0,0.0,864,5184,0.63871858748815,0.6387210012939459,1,1,"[0, 1]","[[[2, 0]], [[0, 1], [1, 2], [2, 1]]]","[2, 1]","[[[0, 2]], [[2, 1], [1, 2], [0, 1]]]",3,0.31182322956465985,0.0,0
90,2,0.31182322956465985,0.31182322956465985,0.31182322956465985,0.0,0.0,0.0,2048,5184,0.63871858748815,0.6387210012939459,1,1,"[0, 1]","[[[2, 0]], [[0, 1], [1, 2], [2, 1]]]","[2, 1]","[[[0, 2]], [[2, 1], [1, 2], [0, 1]]]",3,0.31182322956465985,0.0,0
90,4,0.31182322956465985,0.31182322956465985,0.31182322956465985,0.0,0.0,0.0,2888,5184,0.63871858748815,0.6387210012939459,1,1,"[0, 1]","[[[2, 0]], [[0, 1], [1, 2], [2, 1]]]","[2, 1]","[[[0, 2]], [[2, 1], [1, 2], [0, 1]]]",3,0.31182322956465985,0.0,0
91,0,0.21078736851625351,0.21078736851625351,0.21078736851625351,0.0,0.0,0.0,144,1156,0.6145508982728413,0.6184234156024039,0,0,"[2, 0]","[[[0, 2], [1, 2]], [[1, 0]]]","[2, 1]","[[[0, 2], [1, 2]], [[0, 1]]]",3,0.21078736851625351,0.0,0
91,1,0.44137433986145325,0.44137433986145325,0.44137433986145325,0.0,0.0,0.0,504,1156,0.6582363329334899,0.6621088502630526,1,1,"[2, 0]","[[[0, 2], [1, 2], [2, 0]], [[1, 0]]]","[2, 1]","[[[0, 2], [2, 0], [1, 2]], [[0, 1]]]",3,0.44137433986145325,0.0,0
91,2,0.44137433986145325,0.44137433986145325,0.44137433986145325,0.0,0.0,0.0,800,1156,0.6582363329334899,0.6621088502630526,1,1,"[2, 0]","[[[0, 2], [1, 2], [2, 0]], [[1, 0]]]","[2, 1]","[[[0, 2], [2, 0], [1, 2]], [[0, 1]]]",3,0.44137433986145325,0.0,0
91,4,0.44137433986145325,0.44137433986145325,0.44137433986145325,0.0,0.0,0.0,884,1156,0.6582363329334899,0.6621088502630526,1,1,"[2, 0]","[[[0, 2], [1, 2], [2, 0]], [[1, 0]]]","[2, 1]","[[[0, 2], [2, 0], [1, 2]], [[0, 1]]]",3,0.44137433986145325,0.0,0
92,0,-0.6450892323770342,-0.6450892323770342,-0.6450892323770342,0.0,0.0,0.0,144,15876,0.11441270548882743,0.11441270548882743,0,0,"[0, 0]","[[[1, 0], [2, 0]], [[1, 0], [2, 0]]]","[0, 0]","[[[1, 0], [2, 0]], [[1, 0], [2, 0]]]",3,-0.6450892323770342,0.0,0
92,1,-0.5984021105458799,-0.5984021105458799,-0.5984021105458799,0.0,0.0,0.0,1224,15876,0.12945671971624134,0.12945671971624134,1,1,"[0, 0]","[[[1, 0], [2, 0]], [[0, 1], [1, 0]]]","[0, 0]","[[[1, 0], [2, 0]], [[1, 0], [0, 1]]]",3,-0.5984021105458799,0.0,0
92,2,-0.5886139868216312,-0.5886139868216312,-0.5886139868216312,0.0,0.0,0.0,3888,15876,0.13311591791323085,0.13311591791323085,2,2,"[0, 0]","[[[0, 1], [1, 0]], [[0, 1], [1, 0]]]","[0, 0]","[[[1, 0], [0, 1]], [[1, 0], [0, 1]]]",3,-0.5886139868216312,0.0,0
92,4,-0.5886139868216312,-0.5886139868216312,-0.5886139868216312,0.0,0.0,0.0,6876,15876,0.13311591791323085,0.13311591791323085,2,2,"[0, 0]","[[[0, 1], [1, 0]], [[0, 1], [1, 0]]]","[0, 0]","[[[1, 0], [0, 1]], [[1, 0], [0, 1]]]",3,-0.5886139868216312,0.0,0
93,0,-0.12275234120135184,-0.20415112479641256,-0.20415112479641256,0.08139878359506073,0.0,0.08139878359506073,144,15876,0.548259227411314,0.5341672760620345,0,0,"[2, 2]","[[[0, 2], [1, 2]], [[0, 2], [1, 2]]]","[1, 2]","[[[2, 1], [0, 1]], [[1, 2], [0, 2]]]",3,-0.20415112479641256,0.08139878359506073,0
93,1,-0.0889097116749846,-0.12441570261681839,-0.13156367867392724,0.03550599094183379,0.007147976057108846,0.04265396699894264,1224,15876,0.5174921699640893,0.510050340999657,1,1,"[2, 2]","[[[0, 2], [1, 2], [2, 0]], [[1, 2]]]","[1, 2]","[[[0, 2], [2, 1], [0, 1]], [[1, 2]]]",3,-0.0889097116749846,0.0,2
93,2,-0.0889097116749846,-0.0945403139499902,-0.0945403139499902,0.0056306022750056,0.0,0.0056306022750056,3888,15876,0.5174921699640893,0.5174401631568479,2,1,"[2, 2]","[[[0, 2], [1, 2], [2, 0]], [[1, 2]]]","[1, 2]","[[[1, 2], [0, 2], [2, 1]], [[1, 2]]]",3,-0.0889097116749846,0.0,1
93,4,-0.0889097116749846,-0.0945403139499902,-0.0945403139499902,0.0056306022750056,0.0,0.0056306022750056,6876,15876,0.5174921699640893,0.5174401631568479,2,1,"[2, 2]","[[[0, 2], [1, 2], [2, 0]], [[1, 2]]]","[1, 2]","[[[1, 2], [0, 2], [2, 1]], [[1, 2]]]",3,-0.0889097116749846,0.0,1
94,0,0.041597731535707616,0.041597731535707616,0.041597731535707616,0.0,0.0,0.0,144,1156,0.5823318649130783,0.5822633521637341,0,0,"[0, 0]","[[[1, 0]], [[1, 0], [2, 0]]]","[1, 0]","[[[0, 1]], [[1, 0], [2, 0]]]",3,0.041597731535707616,0.0,0
94,1,0.1986883727466652,0.1986883727466652,0.1986883727466652,0.0,0.0,0.0,504,1156,0.6115350634304095,0.6114665506810655,1,1,"[0, 0]","[[[1, 0]], [[0, 1], [1, 0], [2, 0]]]","[1, 0]","[[[0, 1]], [[1, 0], [0, 1], [2, 0]]]",3,0.1986883727466652,0.0,0
94,2,0.1986883727466652,0.1986883727466652,0.1986883727466652,0.0,0.0,0.0,800,1156,0.6115350634304095,0.6114665506810655,1,1,"[0, 0]","[[[1, 0]], [[0, 1], [1, 0], [2, 0]]]","[1, 0]","[[[0, 1]], [[1, 0], [0, 1], [2, 0]]]",3,0.1986883727466652,0.0,0
94,4,0.1986883727466652,0.1986883727466652,0.1986883727466652,0.0,0.0,0.0,884,1156,0.6115350634304095,0.6114665506810655,1,1,"[0, 0]","[[[1, 0]], [[0, 1], [1, 0], [2, 0]]]","[1, 0]","[[[0, 1]], [[1, 0], [0, 1], [2, 0]]]",3,0.1986883727466652,0.0,0
95,0,0.7505518704645082,0.7505518704645082,0.7505518704645082,0.0,0.0,0.0,144,1156,0.7210742413137107,0.7210742413137107,0,0,"[1, 0]","[[[0, 1], [2, 1]], [[1, 0]]]","[1, 0]","[[[0, 1], [2, 1]], [[1, 0]]]",3,0.7505518704645082,0.0,0
95,1,0.8711221232395553,0.8711221232395553,0.871122123239555,0.0,3.3306690738754696e-16,3.3306690738754696e-16,504,1156,0.7463527072453019,0.7463527072453018,1,1,"[1, 0]","[[[0, 1], [1, 2], [2, 1]], [[1, 0]]]","[1, 0]","[[[0, 1], [2, 1], [1, 2]], [[1, 0]]]",3,0.8711221232395553,0.0,0
95,2,0.8711221232395553,0.8711221232395553,0.871122123239555,0.0,3.3306690738754696e-16,3.3306690738754696e-16,800,1156,0.7463527072453019,0.7463527072453018,1,1,"[1, 0]","[[[0, 1], [1, 2], [2, 1]], [[1, 0]]]","[1, 0]","[[[0, 1], [2, 1], [1, 2]], [[1, 0]]]",3,0.8711221232395553,0.0,0
95,4,0.8711221232395553,0.8711221232395553,0.871122123239555,0.0,3.3306690738754696e-16,3.3306690738754696e-16,884,1156,0.7463527072453019,0.7463527072453018,1,1,"[1, 0]","[[[0, 1], [1, 2], [2, 1]], [[1, 0]]]","[1, 0]","[[[0, 1], [2, 1], [1, 2]], [[1, 0]]]",3,0.8711221232395553,0.0,0
96,0,1.7613705638880106,1.7613705638880106,1.7613705638880106,0.0,0.0,0.0,144,1156,0.9751634405837892,0.9757662363091271,0,0,"[0, 0]","[[[2, 0]], [[1, 0]]]","[2, 0]","[[[0, 2]], [[1, 0]]]",3,1.7613705638880106,0.0,0
96,1,1.7613705638880106,1.7613705638880106,1.7613705638880106,0.0,0.0,0.0,504,1156,0.9751634405837892,0.9757662363091271,0,0,"[0, 0]","[[[2, 0]], [[1, 0]]]","[2, 0]","[[[0, 2]], [[1, 0]]]",3,1.7613705638880106,0.0,0
96,2,1.7613705638880106,1.7613705638880106,1.7613705638880106,0.0,0.0,0.0,800,1156,0.9751634405837892,0.9757662363091271,0,0,"[0, 0]","[[[2, 0]], [[1, 0]]]","[2, 0]","[[[0, 2]], [[1, 0]]]",3,1.7613705638880106,0.0,0
96,4,1.7613705638880106,1.7613705638880106,1.7613705638880106,0.0,0.0,0.0,884,1156,0.9751634405837892,0.9757662363091271,0,0,"[0, 0]","[[[2, 0]], [[1, 0]]]","[2, 0]","[[[0, 2]], [[1, 0]]]",3,1.7613705638880106,0.0,0
97,0,0.817235525310417,0.817235525310417,0.817235525310417,0.0,0.0,0.0,144,1156,0.7277995203948918,0.7347741313707099,0,0,"[0, 0]","[[[2, 0]], [[1, 0], [2, 0]]]","[2, 0]","[[[1, 2]], [[2, 0], [1, 0]]]",3,0.817235525310417,0.0,0
97,1,0.817235525310417,0.817235525310417,0.817235525310417,0.0,0.0,0.0,504,1156,0.7277995203948918,0.7347741313707099,0,0,"[0, 0]","[[[2, 0]], [[1, 0], [2, 0]]]","[2, 0]","[[[1, 2]], [[2, 0], [1, 0]]]",3,0.817235525310417,0.0,0
97,2,0.817235525310417,0.817235525310417,0.817235525310417,0.0,0.0,0.0,800,1156,0.7277995203948918,0.7347741313707099,0,0,"[0, 0]","[[[2, 0]], [[1, 0], [2, 0]]]","[2, 0]","[[[1, 2]], [[2, 0], [1, 0]]]",3,0.817235525310417,0.0,0
97,4,0.817235525310417,0.817235525310417,0.817235525310417,0.0,0.0,0.0,884,1156,0.7277995203948918,0.7347741313707099,0,0,"[0, 0]","[[[2, 0]], [[1, 0], [2, 0]]]","[2, 0]","[[[1, 2]], [[2, 0], [1, 0]]]",3,0.817235525310417,0.0,0
98,0,1.4743252165805678,1.4743252165805678,1.4743252165805678,0.0,0.0,0.0,144,1156,0.8520597556466196,0.8520597556466196,0,0,"[0, 2]","[[[1, 0], [2, 0]], [[0, 2], [1, 2]]]","[0, 2]","[[[1, 0], [2, 0]], [[1, 2], [0, 2]]]",3,1.4743252165805678,0.0,0
98,1,1.586720610094772,1.586720610094772,1.586720610094772,0.0,0.0,0.0,504,1156,0.8696794203366343,0.8696794203366343,1,1,"[0, 2]","[[[1, 0]], [[0, 2], [1, 2], [2, 1]]]","[0, 2]","[[[1, 0]], [[2, 1], [1, 2], [0, 2]]]",3,1.586720610094772,0.0,0
98,2,1.586720610094772,1.586720610094772,1.586720610094772,0.0,0.0,0.0,800,1156,0.8696794203366343,0.8696794203366343,1,1,"[0, 2]","[[[1, 0]], [[0, 2], [1, 2], [2, 1]]]","[0, 2]","[[[1, 0]], [[2, 1], [1, 2], [0, 2]]]",3,1.586720610094772,0.0,0
98,4,1.586720610094772,1.586720610094772,1.586720610094772,0.0,0.0,0.0,884,1156,0.8696794203366343,0.8696794203366343,1,1,"[0, 2]","[[[1, 0]], [[0, 2], [1, 2], [2, 1]]]","[0, 2]","[[[1, 0]], [[2, 1], [1, 2], [0, 2]]]",3,1.586720610094772,0.0,0
99,0,-0.8252762063516252,-0.8252762063516252,-0.8252762063516252,0.0,0.0,0.0,144,15876,0.06703456052890167,0.06703456052890167,0,0,"[1, 2]","[[[0, 1], [2, 1]], [[0, 2], [1, 2]]]","[1, 2]","[[[2, 1], [0, 1]], [[1, 2], [0, 2]]]",3,-0.8252762063516252,0.0,0
99,1,-0.8244127743344232,-0.8244127743344232,-0.8252762063516252,0.0,0.0008634320172020704,0.0008634320172020704,1224,15876,0.06862803509026859,0.06703456052890167,0,1,"[1, 2]","[[[1, 2], [2, 1]], [[0, 2], [1, 2]]]","[1, 2]","[[[2, 1], [0, 1]], [[1, 2], [0, 2]]]",3,-0.8244127743344232,0.0,1
99,2,-0.8244127743344232,-0.8244127743344232,-0.8252762063516252,0.0,0.0008634320172020704,0.0008634320172020704,3888,15876,0.06862803509026859,0.06703456052890167,0,1,"[1, 2]","[[[1, 2], [2, 1]], [[0, 2], [1, 2]]]","[1, 2]","[[[2, 1], [0, 1]], [[1, 2], [0, 2]]]",3,-0.8244127743344232,0.0,1
99,4,-0.8244127743344232,-0.8244127743344232,-0.8252762063516252,0.0,0.0008634320172020704,0.0008634320172020704,6876,15876,0.06862803509026859,0.06703456052890167,0,1,"[1, 2]","[[[1, 2], [2, 1]], [[0, 2], [1, 2]]]","[1, 2]","[[[2, 1], [0, 1]], [[1, 2], [0, 2]]]",3,-0.8244127743344232,0.0,1
0,0,1.7613705638880106,1.7613705638880106,1.7613705638880106,0.0,0.0,0.0,912,49284,0.9743068265770531,0.9855058713829181,0,0,"[3, 0]","[[[0, 3], [1, 3]], [[2, 0]]]","[3, 2]","[[[2, 3], [0, 3]], [[0, 2]]]",4,1.7613705638880106,0.0,0
0,1,1.7613705638880106,1.7613705638880106,1.7613705638880106,0.0,0.0,0.0,4848,49284,0.9743068265770531,0.9855058713829181,0,0,"[3, 0]","[[[0, 3], [1, 3]], [[2, 0]]]","[3, 2]","[[[2, 3], [0, 3]], [[0, 2]]]",4,1.7613705638880106,0.0,0
0,2,1.7613705638880106,1.7613705638880106,1.7613705638880106,0.0,0.0,0.0,11208,49284,0.9743068265770531,0.9855058713829181,0,0,"[3, 0]","[[[0, 3], [1, 3]], [[2, 0]]]","[3, 2]","[[[2, 3], [0, 3]], [[0, 2]]]",4,1.7613705638880106,0.0,0
0,4,1.7613705638880106,1.7613705638880106,1.7613705638880106,0.0,0.0,0.0,16409,49284,0.9743068265770531,0.9855058713829181,0,0,"[3, 0]","[[[0, 3], [1, 3]], [[2, 0]]]","[3, 2]","[[[2, 3], [0, 3]], [[0, 2]]]",4,1.7613705638880106,0.0,0
1,0,-0.16011444584129275,-0.16011444584129275,-0.16011444584129275,0.0,0.0,0.0,912,361201,0.4875558320157029,0.4875558320157029,0,0,"[3, 2]","[[[0, 3], [1, 3]], [[0, 2], [3, 2]]]","[3, 2]","[[[0, 3], [1, 3]], [[3, 2], [0, 2]]]",4,-0.16011444584129275,0.0,0
1,1,-0.11280214434152788,-0.11280214434152788,-0.16011444584129275,0.0,0.04731230149976487,0.04731230149976487,8784,361201,0.4358761011550475,0.4875558320157029,0,1,"[3, 2]","[[[0, 3]], [[0, 2], [2, 3], [3, 2]]]","[3, 2]","[[[0, 3], [1, 3]], [[3, 2], [0, 2]]]",4,-0.1370284779749015,0.02422633363337362,1
1,2,-0.11280214434152788,-0.11280214434152788,-0.12567616526155528,0.0,0.012874020920027401,0.012874020920027401,31944,361201,0.4358761011550475,0.434555952029596,2,1,"[3, 2]","[[[0, 3]], [[0, 2], [2, 3], [3, 2]]]","[3, 2]","[[[0, 3]], [[3, 2], [2, 3], [0, 3]]]",4,-0.11280214434152788,0.0,1
1,4,-0.11280214434152788,-0.11280214434152788,-0.12567616526155528,0.0,0.012874020920027401,0.012874020920027401,69889,361201,0.4358761011550475,0.434555952029596,2,1,"[3, 2]","[[[0, 3]], [[0, 2], [2, 3], [3, 2]]]","[3, 2]","[[[0, 3]], [[3, 2], [2, 3], [0, 3]]]",4,-0.11280214434152788,0.0,1
2,0,1.7613705638880106,1.7613705638880106,1.7613705638880106,0.0,0.0,0.0,912,736164,0.9969036106368501,0.9969036106368501,0,0,"[1, 0]","[[[2, 1]], [[1, 0]]]","[1, 0]","[[[2, 1]], [[1, 0]]]",4,1.7613705638880106,0.0,0
2,1,1.7613705638880106,1.7613705638880106,1.7613705638880106,0.0,0.0,0.0,10752,736164,0.9969036106368501,0.9969036106368501,0,0,"[1, 0]","[[[2, 1]], [[1, 0]]]","[1, 0]","[[[2, 1]], [[1, 0]]]",4,1.7613705638880106,0.0,0
2,2,1.7613705638880106,1.7613705638880106,1.7613705638880106,0.0,0.0,0.0,46056,736164,0.9969036106368501,0.9969036106368501,0,0,"[1, 0]","[[[2, 1]], [[1, 0]]]","[1, 0]","[[[2, 1]], [[1, 0]]]",4,1.7613705638880106,0.0,0
2,4,1.7613705638880106,1.7613705638880106,1.7613705638880106,0.0,0.0,0.0,118436,736164,0.9969036106368501,0.9969036106368501,0,0,"[1, 0]","[[[2, 1]], [[1, 0]]]","[1, 0]","[[[2, 1]], [[1, 0]]]",4,1.7613705638880106,0.0,0
3,0,-0.3649431063075571,-0.3649431063075571,-0.3649431063075571,0.0,0.0,0.0,912,1054729,0.2957015526514257,0.2957015526514257,0,0,"[2, 1]","[[[0, 2], [1, 2]], [[0, 1], [2, 1]]]","[2, 1]","[[[1, 2], [0, 2]], [[2, 1], [0, 1]]]",4,-0.3649431063075571,0.0,0
3,1,-0.33221674161365466,-0.36126125112074653,-0.3649431063075571,0.029044509507091865,0.0036818551868105787,0.03272636469390244,11736,1054729,0.3411866294122235,0.2957015526514257,0,1,"[1, 1]","[[[1, 2], [2, 1]], [[0, 1], [2, 1]]]","[2, 1]","[[[1, 2], [0, 2]], [[2, 1], [0, 1]]]",4,-0.33221674161365466,0.0,1
3,2,-0.32849372988994374,-0.36126125112074653,-0.36126125112074653,0.03276752123080279,0.0,0.03276752123080279,54390,1054729,0.34274003187269064,0.2972549551118929,1,2,"[1, 1]","[[[1, 2], [2, 1]], [[1, 2], [2, 1]]]","[2, 1]","[[[1, 2], [0, 2]], [[2, 1], [1, 2]]]",4,-0.32849372988994374,0.0,1
3,4,-0.32849372988994374,-0.36126125112074653,-0.36126125112074653,0.03276752123080279,0.0,0.03276752123080279,153001,1054729,0.34274003187269064,0.2972549551118929,1,2,"[1, 1]","[[[1, 2], [2, 1]], [[1, 2], [2, 1]]]","[2, 1]","[[[1, 2], [0, 2]], [[2, 1], [1, 2]]]",4,-0.32849372988994374,0.0,1
4,0,1.327494952459314,1.327494952459314,1.327494952459314,0.0,0.0,0.0,912,361201,0.8430861234220153,0.843052785262566,0,0,"[2, 0]","[[[3, 2]], [[1, 0], [2, 0], [3, 0]]]","[3, 0]","[[[2, 3]], [[3, 0], [2, 0], [1, 0]]]",4,1.327494952459314,0.0,0
4,1,1.4700489308443128,1.4700489308443128,1.4183692902052116,0.0,0.05167964063910113,0.05167964063910113,8784,361201,0.8792768607147659,0.8661774734268575,1,1,"[2, 0]","[[[3, 2]], [[0, 3], [2, 0], [3, 0]]]","[3, 0]","[[[2, 3]], [[3, 0], [0, 2], [2, 0]]]",4,1.4700489308443128,0.0,1
4,2,1.4700489308443128,1.4700489308443128,1.4700489308443125,0.0,2.220446049250313e-16,2.220446049250313e-16,31944,361201,0.8792768607147659,0.8792435225553166,1,1,"[2, 0]","[[[3, 2]], [[0, 3], [2, 0], [3, 0]]]","[3, 0]","[[[2, 3]], [[0, 3], [3, 0], [2, 0]]]",4,1.4700489308443128,0.0,0
4,4,1.4700489308443128,1.4700489308443128,1.4700489308443125,0.0,2.220446049250313e-16,2.220446049250313e-16,69889,361201,0.8792768607147659,0.8792435225553166,1,1,"[2, 0]","[[[3, 2]], [[0, 3], [2, 0], [3, 0]]]","[3, 0]","[[[2, 3]], [[0, 3], [3, 0], [2, 0]]]",4,1.4700489308443128,0.0,0
5,0,1.6700001164196427,1.6700001164196427,1.6700001164196427,0.0,0.0,0.0,912,474721,0.9138014555906345,0.9132662451878591,0,0,"[3, 1]","[[[0, 3]], [[0, 1], [2, 1], [3, 1]]]","[3, 1]","[[[2, 3]], [[2, 1], [0, 1], [3, 1]]]",4,1.6700001164196427,0.0,0
5,1,1.7560372305546772,1.7560372305546772,1.7560372305546772,0.0,0.0,0.0,9768,474721,0.9538045607725623,0.9532693503697869,1,1,"[3, 1]","[[[0, 3]], [[0, 1], [1, 2], [2, 1]]]","[3, 1]","[[[2, 3]], [[2, 1], [1, 2], [0, 1]]]",4,1.7560372305546772,0.0,0
5,2,1.7560372305546772,1.7560372305546772,1.7305867178552148,0.0,0.025450512699462413,0.025450512699462413,38118,474721,0.9538045607725623,0.9411380342556561,2,1,"[3, 1]","[[[0, 3]], [[0, 1], [1, 2], [2, 1]]]","[3, 1]","[[[2, 3]], [[2, 1], [1, 2], [0, 2]]]",4,1.7560372305546772,0.0,1
5,4,1.7560372305546772,1.7560372305546772,1.7305867178552148,0.0,0.025450512699462413,0.025450512699462413,87681,474721,0.9538045607725623,0.9411380342556561,2,1,"[3, 1]","[[[0, 3]], [[0, 1], [1, 2], [2, 1]]]","[3, 1]","[[[2, 3]], [[2, 1], [1, 2], [0, 2]]]",4,1.7560372305546772,0.0,1
6,0,-0.5241103033075296,-0.5241103033075296,-0.5241103033075296,0.0,0.0,0.0,912,361201,0.17481035818663734,0.17481035818663734,0,0,"[1, 1]","[[[0, 1], [2, 1], [3, 1]], [[3, 1]]]","[1, 1]","[[[3, 1], [0, 1], [2, 1]], [[3, 1]]]",4,-0.5241103033075296,0.0,0
6,1,-0.5116661096680083,-0.5116661096680083,-0.5116661096680083,0.0,0.0,0.0,8784,361201,0.18463746374766407,0.18463746374766402,1,1,"[1, 1]","[[[0, 1], [1, 0], [3, 1]], [[3, 1]]]","[1, 1]","[[[3, 1], [0, 1], [1, 0]], [[3, 1]]]",4,-0.5116661096680083,0.0,0
6,2,-0.5116661096680083,-0.5116661096680083,-0.5116661096680083,0.0,0.0,0.0,31944,361201,0.18463746374766407,0.18463746374766402,1,1,"[1, 1]","[[[0, 1], [1, 0], [3, 1]], [[3, 1]]]","[1, 1]","[[[3, 1], [0, 1], [1, 0]], [[3, 1]]]",4,-0.5116661096680083,0.0,0
6,4,-0.5116661096680083,-0.5116661096680083,-0.5116661096680083,0.0,0.0,0.0,69889,361201,0.18463746374766407,0.18463746374766402,1,1,"[1, 1]","[[[0, 1], [1, 0], [3, 1]], [[3, 1]]]","[1, 1]","[[[3, 1], [0, 1], [1, 0]], [[3, 1]]]",4,-0.5116661096680083,0.0,0
7,0,1.7613705638880106,1.7613705638880106,1.7613705638880106,0.0,0.0,0.0,912,736164,0.9699839947457889,0.9734246809410652,0,0,"[0, 0]","[[[2, 0]], [[1, 0]]]","[2, 1]","[[[0, 2]], [[3, 1]]]",4,1.7613705638880106,0.0,0
7,1,1.7613705638880106,1.7613705638880106,1.7613705638880106,0.0,0.0,0.0,10752,736164,0.9699839947457889,0.9734246809410652,0,0,"[0, 0]","[[[2, 0]], [[1, 0]]]","[2, 1]","[[[0, 2]], [[3, 1]]]",4,1.7613705638880106,0.0,0
7,2,1.7613705638880106,1.7613705638880106,1.7613705638880106,0.0,0.0,0.0,46056,736164,0.9699839947457889,0.9734246809410652,0,0,"[0, 0]","[[[2, 0]], [[1, 0]]]","[2, 1]","[[[0, 2]], [[3, 1]]]",4,1.7613705638880106,0.0,0
7,4,1.7613705638880106,1.7613705638880106,1.7613705638880106,0.0,0.0,0.0,118436,736164,0.9699839947457889,0.9734246809410652,0,0,"[0, 0]","[[[2, 0]], [[1, 0]]]","[2, 1]","[[[0, 2]], [[3, 1]]]",4,1.7613705638880106,0.0,0
8,0,1.7613705638880106,1.7613705638880106,1.7613705638880106,0.0,0.0,0.0,912,361201,0.9751199678971885,0.9751199678971885,0,0,"[3, 0]","[[[0, 3], [1, 3], [2, 3]], [[1, 0]]]","[3, 0]","[[[2, 3], [0, 3], [1, 3]], [[1, 0]]]",4,1.7613705638880106,0.0,0
8,1,1.7613705638880106,1.7613705638880106,1.7560372305546772,0.0,0.005333333333333412,0.005333333333333412,8784,361201,0.9751199678971885,0.9849405836676175,1,0,"[3, 0]","[[[0, 3], [1, 3], [2, 3]], [[1, 0]]]","[3, 0]","[[[2, 3], [3, 2]], [[1, 0]]]",4,1.7560372305546772,0.005333333333333412,0
8,2,1.7613705638880106,1.7613705638880106,1.7560372305546772,0.0,0.005333333333333412,0.005333333333333412,31944,361201,0.9751199678971885,0.9849405836676175,1,0,"[3, 0]","[[[0, 3], [1, 3], [2, 3]], [[1, 0]]]","[3, 0]","[[[2, 3], [3, 2]], [[1, 0]]]",4,1.7560372305546772,0.005333333333333412,0
8,4,1.7613705638880106,1.7613705638880106,1.7560372305546772,0.0,0.005333333333333412,0.005333333333333412,69889,361201,0.9751199678971885,0.9849405836676175,1,0,"[3, 0]","[[[0, 3], [1, 3], [2, 3]], [[1, 0]]]","[3, 0]","[[[2, 3], [3, 2]], [[1, 0]]]",4,1.7560372305546772,0.005333333333333412,0
9,0,1.7613705638880106,1.7613705638880106,1.7613705638880106,0.0,0.0,0.0,912,1430416,0.9802460800168585,0.9957969032199032,0,0,"[0, 0]","[[[1, 0]], [[1, 0]]]","[0, 2]","[[[2, 0]], [[0, 2]]]",4,1.7613705638880106,0.0,0
9,1,1.7613705638880106,1.7613705638880106,1.7613705638880106,0.0,0.0,0.0,12720,1430416,0.9802460800168585,0.9957969032199032,0,0,"[0, 0]","[[[1, 0]], [[1, 0]]]","[0, 2]","[[[2, 0]], [[0, 2]]]",4,1.7613705638880106,0.0,0
9,2,1.7613705638880106,1.7613705638880106,1.7613705638880106,0.0,0.0,0.0,63120,1430416,0.9802460800168585,0.9957969032199032,0,0,"[0, 0]","[[[1, 0]], [[1, 0]]]","[0, 2]","[[[2, 0]], [[0, 2]]]",4,1.7613705638880106,0.0,0
9,4,1.7613705638880106,1.7613705638880106,1.7613705638880106,0.0,0.0,0.0,191376,1430416,0.9802460800168585,0.9957969032199032,0,0,"[0, 0]","[[[1, 0]], [[1, 0]]]","[0, 2]","[[[2, 0]], [[0, 2]]]",4,1.7613705638880106,0.0,0
10,0,1.6430686255865852,1.6430686255865852,1.6430686255865852,0.0,0.0,0.0,912,361201,0.92841641114082,0.9284163664500826,0,0,"[1, 0]","[[[0, 1], [2, 1], [3, 1]], [[3, 0]]]","[1, 3]","[[[3, 1], [2, 1], [0, 1]], [[0, 3]]]",4,1.6430686255865852,0.0,0
10,1,1.7560372305546772,1.7560372305546772,1.7560372305546772,0.0,0.0,0.0,8784,361201,0.9772820605367556,0.9772820158460183,1,1,"[1, 0]","[[[1, 3], [2, 1], [3, 1]], [[3, 0]]]","[1, 3]","[[[3, 1], [1, 3], [2, 1]], [[0, 3]]]",4,1.7560372305546772,0.0,0
10,2,1.7560372305546772,1.7560372305546772,1.7560372305546772,0.0,0.0,0.0,31944,361201,0.9772820605367556,0.9772820158460183,1,1,"[1, 0]","[[[1, 3], [2, 1], [3, 1]], [[3, 0]]]","[1, 3]","[[[3, 1], [1, 3], [2, 1]], [[0, 3]]]",4,1.7560372305546772,0.0,0
10,4,1.7560372305546772,1.7560372305546772,1.7560372305546772,0.0,0.0,0.0,69889,361201,0.9772820605367556,0.9772820158460183,1,1,"[1, 0]","[[[1, 3], [2, 1], [3, 1]], [[3, 0]]]","[1, 3]","[[[3, 1], [1, 3], [2, 1]], [[0, 3]]]",4,1.7560372305546772,0.0,0
11,0,-0.07686742898699944,-0.07686742898699944,-0.07686742898699944,0.0,0.0,0.0,912,49284,0.5677905431261461,0.5677905431261461,0,0,"[0, 1]","[[[1, 0]], [[0, 1], [2, 1], [3, 1]]]","[0, 1]","[[[1, 0]], [[3, 1], [2, 1], [0, 1]]]",4,-0.07686742898699944,0.0,0
11,1,-0.027681734944852134,-0.027681734944852134,-0.0625882189294211,0.0,0.03490648398456896,0.03490648398456896,4848,49284,0.5773682391248305,0.5712281468221079,1,1,"[0, 1]","[[[1, 0]], [[1, 3], [2, 1], [3, 1]]]","[0, 1]","[[[1, 0]], [[3, 1], [2, 1], [2, 3]]]",4,-0.02768173494485213,-3.469446951953614e-18,1
11,2,-0.027681734944852134,-0.027681734944852134,-0.02768173494485241,0.0,2.7755575615628914e-16,2.7755575615628914e-16,11208,49284,0.5773682391248305,0.5773682391248304,1,1,"[0, 1]","[[[1, 0]], [[1, 3], [2, 1], [3, 1]]]","[0, 1]","[[[1, 0]], [[3, 1], [1, 3], [2, 1]]]",4,-0.02768173494485213,-3.469446951953614e-18,0
11,4,-0.027681734944852134,-0.027681734944852134,-0.02768173494485241,0.0,2.7755575615628914e-16,2.7755575615628914e-16,16409,49284,0.5773682391248305,0.5773682391248304,1,1,"[0, 1]","[[[1, 0]], [[1, 3], [2, 1], [3, 1]]]","[0, 1]","[[[1, 0]], [[3, 1], [1, 3], [2, 1]]]",4,-0.02768173494485213,-3.469446951953614e-18,0
12,0,0.36482681507561115,0.2582434657181457,0.2582434657181457,0.10658334935746544,0.0,0.10658334935746544,912,1430416,0.6357337000703716,0.6160504606949115,0,0,"[2, 0]","[[[0, 2], [1, 2], [3, 2]], [[1, 0]]]","[1, 0]","[[[2, 1], [0, 1], [3, 1]], [[1, 0]]]",4,0.2582434657181457,0.10658334935746544,0
12,1,0.552411070809177,0.5070889356971381,0.5070889356971381,0.045322135112038864,0.0,0.045322135112038864,12720,1430416,0.6721809058868637,0.6635185999674169,1,1,"[2, 0]","[[[0, 2], [1, 2], [2, 1]], [[1, 0]]]","[1, 0]","[[[1, 2], [2, 1], [0, 1]], [[1, 0]]]",4,0.552411070809177,0.0,1
12,2,0.552411070809177,0.5466172940725978,0.5466172940725976,0.005793776736579104,2.220446049250313e-16,0.005793776736579326,63120,1430416,0.6721809058868637,0.6720925816132579,2,1,"[2, 0]","[[[0, 2], [1, 2], [2, 1]], [[1, 0]]]","[1, 0]","[[[1, 2], [2, 1], [0, 2]], [[1, 0]]]",4,0.552411070809177,0.0,1
12,4,0.552411070809177,0.5466172940725978,0.5466172940725976,0.005793776736579104,2.220446049250313e-16,0.005793776736579326,191376,1430416,0.6721809058868637,0.6720925816132579,2,1,"[2, 0]","[[[0, 2], [1, 2], [2, 1]], [[1, 0]]]","[1, 0]","[[[1, 2], [2, 1], [0, 2]], [[1, 0]]]",4,0.552411070809177,0.0,1
13,0,-0.26170938422432155,-0.2937387528383198,-0.29373875283831963,0.032029368613998244,-1.6653345369377348e-16,0.03202936861399808,912,361201,0.5359079700122562,0.5304468266990671,0,0,"[0, 3]","[[[2, 0]], [[0, 3], [1, 3], [2, 3]]]","[2, 1]","[[[0, 2]], [[3, 1], [0, 1], [2, 1]]]",4,-0.2662023760541419,0.004492991829820325,2
13,1,-0.23423042613398692,-0.25326603972155,-0.25326603972155,0.01903561358756306,0.0,0.01903561358756306,8784,361201,0.5415304629231104,0.5382711254033319,1,1,"[0, 0]","[[[2, 0]], [[1, 0], [1, 3], [3, 0]]]","[2, 1]","[[[0, 2]], [[1, 3], [3, 1], [0, 1]]]",4,-0.2392435212018056,0.0050130950678186625,2
13,2,-0.23423042613398692,-0.25326603972155,-0.25326603972155,0.01903561358756306,0.0,0.01903561358756306,31944,361201,0.5415304629231104,0.5382711254033319,1,1,"[0, 0]","[[[2, 0]], [[1, 0], [1, 3], [3, 0]]]","[2, 1]","[[[0, 2]], [[1, 3], [3, 1], [0, 1]]]",4,-0.23423042613398692,0.0,2
13,4,-0.23423042613398692,-0.25326603972155,-0.25326603972155,0.01903561358756306,0.0,0.01903561358756306,69889,361201,0.5415304629231104,0.5382711254033319,1,1,"[0, 0]","[[[2, 0]], [[1, 0], [1, 3], [3, 0]]]","[2, 1]","[[[0, 2]], [[1, 3], [3, 1], [0, 1]]]",4,-0.23423042613398692,0.0,2
14,0,1.7613705638880106,1.7613705638880106,1.7613705638880106,0.0,0.0,0.0,912,263169,0.9737585167669527,0.9904446626324749,0,0,"[0, 1]","[[[3, 0]], [[0, 1], [2, 1]]]","[3, 1]","[[[0, 3]], [[2, 1], [3, 1]]]",4,1.7613705638880106,0.0,0
14,1,1.7613705638880106,1.7613705638880106,1.7560372305546772,0.0,0.005333333333333412,0.005333333333333412,7800,263169,0.9737585167669527,0.9736317352654533,1,0,"[0, 1]","[[[3, 0]], [[0, 1], [2, 1]]]","[3, 1]","[[[0, 3]], [[1, 2]]]",4,1.7613705638880106,0.0,1
14,2,1.7613705638880106,1.7613705638880106,1.7560372305546772,0.0,0.005333333333333412,0.005333333333333412,26166,263169,0.9737585167669527,0.9736317352654533,1,0,"[0, 1]","[[[3, 0]], [[0, 1], [2, 1]]]","[3, 1]","[[[0, 3]], [[1, 2]]]",4,1.7613705638880106,0.0,1
14,4,1.7613705638880106,1.7613705638880106,1.7560372305546772,0.0,0.005333333333333412,0.005333333333333412,54017,263169,0.9737585167669527,0.9736317352654533,1,0,"[0, 1]","[[[3, 0]], [[0, 1], [2, 1]]]","[3, 1]","[[[0, 3]], [[1, 2]]]",4,1.7613705638880106,0.0,1
15,0,0.780562092140113,0.780562092140113,0.780562092140113,0.0,0.0,0.0,912,736164,0.7209100924153882,0.720303903949302,0,0,"[0, 0]","[[[3, 0]], [[1, 0], [2, 0], [3, 0]]]","[3, 0]","[[[0, 3]], [[1, 0], [3, 0], [2, 0]]]",4,0.780562092140113,0.0,0
15,1,0.9801219130200298,0.9801219130200298,0.9801219130200298,0.0,0.0,0.0,10752,736164,0.7626437421687351,0.7620375537026489,1,1,"[0, 0]","[[[3, 0]], [[0, 1], [1, 0], [3, 0]]]","[3, 0]","[[[0, 3]], [[1, 0], [0, 1], [3, 0]]]",4,0.9801219130200298,0.0,0
15,2,0.9801219130200298,0.9801219130200298,0.9801219130200298,0.0,0.0,0.0,46056,736164,0.7626437421687351,0.7620375537026489,1,1,"[0, 0]","[[[3, 0]], [[0, 1], [1, 0], [3, 0]]]","[3, 0]","[[[0, 3]], [[1, 0], [0, 1], [3, 0]]]",4,0.9801219130200298,0.0,0
15,4,0.9801219130200298,0.9801219130200298,0.9801219130200298,0.0,0.0,0.0,118436,736164,0.7626437421687351,0.7620375537026489,1,1,"[0, 0]","[[[3, 0]], [[0, 1], [1, 0], [3, 0]]]","[3, 0]","[[[0, 3]], [[1, 0], [0, 1], [3, 0]]]",4,0.9801219130200298,0.0,0
16,0,-0.21217640715783087,-0.21217640715783087,-0.21217640715783087,0.0,0.0,0.0,912,1430416,0.49076739558332616,0.49076739558332616,0,0,"[0, 3]","[[[2, 0]], [[0, 3], [1, 3], [2, 3]]]","[0, 3]","[[[2, 0]], [[2, 3], [1, 3], [0, 3]]]",4,-0.21217640715783087,0.0,0
16,1,-0.20245468375671166,-0.20245468375671166,-0.21217640715783087,0.0,0.009721723401119209,0.009721723401119209,12720,1430416,0.49336108434508985,0.49076739558332616,0,1,"[0, 3]","[[[2, 0]], [[1, 3], [2, 3], [3, 2]]]","[0, 3]","[[[2, 0]], [[2, 3], [1, 3], [0, 3]]]",4,-0.21217640715783087,0.009721723401119209,0
16,2,-0.20245468375671166,-0.20245468375671166,-0.23070939550497538,0.0,0.028254711748263717,0.028254711748263717,63120,1430416,0.49336108434508985,0.4884973852544284,1,1,"[0, 3]","[[[2, 0]], [[1, 3], [2, 3], [3, 2]]]","[0, 3]","[[[2, 0]], [[1, 3], [3, 1], [0, 3]]]",4,-0.21217640715783087,0.009721723401119209,1
16,4,-0.20245468375671166,-0.20245468375671166,-0.23070939550497538,0.0,0.028254711748263717,0.028254711748263717,191376,1430416,0.49336108434508985,0.4884973852544284,1,1,"[0, 3]","[[[2, 0]], [[1, 3], [2, 3], [3, 2]]]","[0, 3]","[[[2, 0]], [[1, 3], [3, 1], [0, 3]]]",4,-0.21217640715783087,0.009721723401119209,1
17,0,1.7613705638880106,1.7613705638880106,1.7613705638880106,0.0,0.0,0.0,912,96100,0.9759386902429396,0.9760598638726511,0,0,"[1, 0]","[[[3, 1]], [[1, 0], [2, 0], [3, 0]]]","[3, 0]","[[[1, 3]], [[1, 0], [2, 0], [3, 0]]]",4,1.7613705638880106,0.0,0
17,1,1.7613705638880106,1.7613705638880106,1.7613705638880106,0.0,0.0,0.0,5832,96100,0.9759386902429396,0.9760598638726511,0,0,"[1, 0]","[[[3, 1]], [[1, 0], [2, 0], [3, 0]]]","[3, 0]","[[[1, 3]], [[1, 0], [2, 0], [3, 0]]]",4,1.7613705638880106,0.0,0
17,2,1.7613705638880106,1.7613705638880106,1.7613705638880106,0.0,0.0,0.0,15798,96100,0.9759386902429396,0.9760598638726511,0,0,"[1, 0]","[[[3, 1]], [[1, 0], [2, 0], [3, 0]]]","[3, 0]","[[[1, 3]], [[1, 0], [2, 0], [3, 0]]]",4,1.7613705638880106,0.0,0
17,4,1.7613705638880106,1.7613705638880106,1.7613705638880106,0.0,0.0,0.0,26359,96100,0.9759386902429396,0.9760598638726511,0,0,"[1, 0]","[[[3, 1]], [[1, 0], [2, 0], [3, 0]]]","[3, 0]","[[[1, 3]], [[1, 0], [2, 0], [3, 0]]]",4,1.7613705638880106,0.0,0
18,0,-0.22676529854841682,-0.22676529854841682,-0.22676529854841682,0.0,0.0,0.0,912,736164,0.5403504336940812,0.5403504336940812,0,0,"[0, 0]","[[[3, 0]], [[1, 0], [2, 0], [3, 0]]]","[0, 0]","[[[3, 0]], [[2, 0], [3, 0], [1, 0]]]",4,-0.22676529854841682,0.0,0
18,1,-0.20272792076673246,-0.20272792076673246,-0.20272792076673246,0.0,0.0,0.0,10752,736164,0.5454040667449006,0.5454040667449006,1,1,"[0, 0]","[[[3, 0]], [[0, 2], [2, 0], [3, 0]]]","[0, 0]","[[[3, 0]], [[2, 0], [0, 2], [3, 0]]]",4,-0.20272792076673246,0.0,0
18,2,-0.20272792076673246,-0.20272792076673246,-0.20272792076673246,0.0,0.0,0.0,46056,736164,0.5454040667449006,0.5454040667449006,1,1,"[0, 0]","[[[3, 0]], [[0, 2], [2, 0], [3, 0]]]","[0, 0]","[[[3, 0]], [[2, 0], [0, 2], [3, 0]]]",4,-0.20272792076673246,0.0,0
18,4,-0.20272792076673246,-0.20272792076673246,-0.20272792076673246,0.0,0.0,0.0,118436,736164,0.5454040667449006,0.5454040667449006,1,1,"[0, 0]","[[[3, 0]], [[0, 2], [2, 0], [3, 0]]]","[0, 0]","[[[3, 0]], [[2, 0], [0, 2], [3, 0]]]",4,-0.20272792076673246,0.0,0
19,0,1.7613705638880106,1.7613705638880106,1.7613705638880106,0.0,0.0,0.0,912,361201,0.9798504119537179,0.9939247482336895,0,0,"[0, 1]","[[[1, 0]], [[2, 1]]]","[0, 1]","[[[1, 0]], [[3, 1]]]",4,1.7613705638880106,0.0,0
19,1,1.7613705638880106,1.7613705638880106,1.7613705638880106,0.0,0.0,0.0,8784,361201,0.9798504119537179,0.9939247482336895,0,0,"[0, 1]","[[[1, 0]], [[2, 1]]]","[0, 1]","[[[1, 0]], [[3, 1]]]",4,1.7613705638880106,0.0,0
19,2,1.7613705638880106,1.7613705638880106,1.7613705638880106,0.0,0.0,0.0,31944,361201,0.9798504119537179,0.9939247482336895,0,0,"[0, 1]","[[[1, 0]], [[2, 1]]]","[0, 1]","[[[1, 0]], [[3, 1]]]",4,1.7613705638880106,0.0,0
19,4,1.7613705638880106,1.7613705638880106,1.7613705638880106,0.0,0.0,0.0,69889,361201,0.9798504119537179,0.9939247482336895,0,0,"[0, 1]","[[[1, 0]], [[2, 1]]]","[0, 1]","[[[1, 0]], [[3, 1]]]",4,1.7613705638880106,0.0,0
20,0,1.7613705638880106,1.7613705638880106,1.7613705638880106,0.0,0.0,0.0,912,118336,0.9722139600800754,0.9709726703238974,0,0,"[0, 1]","[[[2, 0]], [[3, 1]]]","[0, 3]","[[[2, 0]], [[1, 3]]]",4,1.7613705638880106,0.0,0
20,1,1.7613705638880106,1.7613705638880106,1.7613705638880106,0.0,0.0,0.0,6816,118336,0.9722139600800754,0.9709726703238974,0,0,"[0, 1]","[[[2, 0]], [[3, 1]]]","[0, 3]","[[[2, 0]], [[1, 3]]]",4,1.7613705638880106,0.0,0
20,2,1.7613705638880106,1.7613705638880106,1.7613705638880106,0.0,0.0,0.0,19416,118336,0.9722139600800754,0.9709726703238974,0,0,"[0, 1]","[[[2, 0]], [[3, 1]]]","[0, 3]","[[[2, 0]], [[1, 3]]]",4,1.7613705638880106,0.0,0
20,4,1.7613705638880106,1.7613705638880106,1.7613705638880106,0.0,0.0,0.0,32640,118336,0.9722139600800754,0.9709726703238974,0,0,"[0, 1]","[[[2, 0]], [[3, 1]]]","[0, 3]","[[[2, 0]], [[1, 3]]]",4,1.7613705638880106,0.0,0
21,0,0.49167451055124917,0.49167451055124917,0.49167451055124917,0.0,0.0,0.0,912,180625,0.5371985417816503,0.5371985417816503,0,0,"[3, 3]","[[[0, 3]], [[0, 3], [1, 3], [2, 3]]]","[3, 3]","[[[0, 3]], [[2, 3], [0, 3], [1, 3]]]",4,0.49167451055124917,0.0,0
21,1,0.5380720776010613,0.5380720776010613,0.5380720776010613,0.0,0.0,0.0,6816,180625,0.5473090970415805,0.5473090970415805,1,1,"[3, 3]","[[[0, 3]], [[0, 3], [2, 3], [3, 0]]]","[3, 3]","[[[0, 3]], [[2, 3], [0, 3], [3, 0]]]",4,0.5380720776010613,0.0,0
21,2,0.7985511737603187,0.5380720776010613,0.5380720776010613,0.26047909615925735,0.0,0.26047909615925735,20784,180625,0.601846983599167,0.5473090970415805,1,2,"[3, 0]","[[[0, 3]], [[2, 3], [3, 0], [3, 2]]]","[3, 3]","[[[0, 3]], [[2, 3], [0, 3], [3, 0]]]",4,0.7985511737603187,0.0,1
21,4,0.7985511737603187,0.5380720776010613,0.5380720776010613,0.26047909615925735,0.0,0.26047909615925735,40065,180625,0.601846983599167,0.5473090970415805,1,2,"[3, 0]","[[[0, 3]], [[2, 3], [3, 0], [3, 2]]]","[3, 3]","[[[0, 3]], [[2, 3], [0, 3], [3, 0]]]",4,0.7985511737603187,0.0,1
22,0,0.3003669910546555,0.3003669910546555,0.3003669910546555,0.0,0.0,0.0,912,592900,0.6355350325140501,0.6354161614094809,0,0,"[1, 0]","[[[0, 1], [2, 1], [3, 1]], [[2, 0]]]","[1, 3]","[[[0, 1], [2, 1], [3, 1]], [[0, 3]]]",4,0.3003669910546555,0.0,0
22,1,0.49917156907383625,0.49917156907383625,0.49917156907383625,0.0,0.0,0.0,9768,592900,0.6737540090166833,0.673635137912114,1,1,"[1, 0]","[[[0, 1], [1, 0], [2, 1]], [[2, 0]]]","[1, 3]","[[[0, 1], [1, 0], [2, 1]], [[0, 3]]]",4,0.49917156907383625,0.0,0
22,2,0.49917156907383625,0.49917156907383625,0.49917156907383625,0.0,0.0,0.0,39486,592900,0.6737540090166833,0.673635137912114,1,1,"[1, 0]","[[[0, 1], [1, 0], [2, 1]], [[2, 0]]]","[1, 3]","[[[0, 1], [1, 0], [2, 1]], [[0, 3]]]",4,0.49917156907383625,0.0,0
22,4,0.49917156907383625,0.49917156907383625,0.49917156907383625,0.0,0.0,0.0,97860,592900,0.6737540090166833,0.673635137912114,1,1,"[1, 0]","[[[0, 1], [1, 0], [2, 1]], [[2, 0]]]","[1, 3]","[[[0, 1], [1, 0], [2, 1]], [[0, 3]]]",4,0.49917156907383625,0.0,0
23,0,1.6920762894038697,1.6920762894038697,1.6920762894038697,0.0,0.0,0.0,912,361201,0.9454766329892254,0.9454766329892254,0,0,"[2, 0]","[[[0, 2], [1, 2], [3, 2]], [[1, 0]]]","[2, 0]","[[[0, 2], [1, 2], [3, 2]], [[1, 0]]]",4,1.6920762894038697,0.0,0
23,1,1.7560372305546772,1.7560372305546772,1.7560372305546772,0.0,0.0,0.0,8784,361201,0.9766777424905613,0.9766777424905613,1,1,"[0, 0]","[[[0, 2], [2, 0]], [[1, 0]]]","[2, 0]","[[[0, 2], [2, 0]], [[1, 0]]]",4,1.7560372305546772,0.0,0
23,2,1.7560372305546772,1.7560372305546772,1.7560372305546772,0.0,0.0,0.0,31944,361201,0.9766777424905613,0.9766777424905613,1,1,"[0, 0]","[[[0, 2], [2, 0]], [[1, 0]]]","[2, 0]","[[[0, 2], [2, 0]], [[1, 0]]]",4,1.7560372305546772,0.0,0
23,4,1.7560372305546772,1.7560372305546772,1.7560372305546772,0.0,0.0,0.0,69889,361201,0.9766777424905613,0.9766777424905613,1,1,"[0, 0]","[[[0, 2], [2, 0]], [[1, 0]]]","[2, 0]","[[[0, 2], [2, 0]], [[1, 0]]]",4,1.7560372305546772,0.0,0
24,0,1.349039781619753,1.349039781619753,1.349039781619753,0.0,0.0,0.0,912,10000,0.8263828360909113,0.8263828360909113,0,0,"[0, 0]","[[[2, 0]], [[1, 0], [2, 0], [3, 0]]]","[0, 0]","[[[2, 0]], [[1, 0], [2, 0], [3, 0]]]",4,1.349039781619753,0.0,0
24,1,1.349039781619753,1.349039781619753,1.349039781619753,0.0,0.0,0.0,2880,10000,0.8263828360909113,0.8263828360909113,0,0,"[0, 0]","[[[2, 0]], [[1, 0], [2, 0], [3, 0]]]","[0, 0]","[[[2, 0]], [[1, 0], [2, 0], [3, 0]]]",4,1.349039781619753,0.0,0
24,2,1.349039781619753,1.349039781619753,1.349039781619753,0.0,0.0,0.0,4584,10000,0.8263828360909113,0.8263828360909113,0,0,"[0, 0]","[[[2, 0]], [[1, 0], [2, 0], [3, 0]]]","[0, 0]","[[[2, 0]], [[1, 0], [2, 0], [3, 0]]]",4,1.349039781619753,0.0,0
24,4,1.349039781619753,1.349039781619753,1.349039781619753,0.0,0.0,0.0,5212,10000,0.8263828360909113,0.8263828360909113,0,0,"[0, 0]","[[[2, 0]], [[1, 0], [2, 0], [3, 0]]]","[0, 0]","[[[2, 0]], [[1, 0], [2, 0], [3, 0]]]",4,1.349039781619753,0.0,0
25,0,0.9729756150561631,0.9729756150561631,0.9729756150561631,0.0,0.0,0.0,912,158404,0.7627980943988177,0.766433914459008,0,0,"[2, 0]","[[[0, 2], [1, 2], [3, 2]], [[1, 0]]]","[2, 3]","[[[3, 2], [1, 2], [0, 2]], [[1, 3]]]",4,0.9729756150561631,0.0,0
25,1,0.9729756150561631,0.9729756150561631,0.9729756150561631,0.0,0.0,0.0,6816,158404,0.7627980943988177,0.766433914459008,0,0,"[2, 0]","[[[0, 2], [1, 2], [3, 2]], [[1, 0]]]","[2, 3]","[[[3, 2], [1, 2], [0, 2]], [[1, 3]]]",4,0.9729756150561631,0.0,0
25,2,0.9729756150561631,0.9729756150561631,0.9729756150561631,0.0,0.0,0.0,20784,158404,0.7627980943988177,0.766433914459008,0,0,"[2, 0]","[[[0, 2], [1, 2], [3, 2]], [[1, 0]]]","[2, 3]","[[[3, 2], [1, 2], [0, 2]], [[1, 3]]]",4,0.9729756150561631,0.0,0
25,4,0.9729756150561631,0.9729756150561631,0.9729756150561631,0.0,0.0,0.0,38229,158404,0.7627980943988177,0.766433914459008,0,0,"[2, 0]","[[[0, 2], [1, 2], [3, 2]], [[1, 0]]]","[2, 3]","[[[3, 2], [1, 2], [0, 2]], [[1, 3]]]",4,0.9729756150561631,0.0,0
26,0,1.4581375470303612,1.4273661212985214,1.4273661212985214,0.030771425731839885,0.0,0.030771425731839885,912,10000,0.8120715954580628,0.7963372939757754,0,0,"[1, 1]","[[[0, 1], [2, 1]], [[0, 1], [2, 1]]]","[2, 2]","[[[1, 2], [0, 2]], [[1, 2], [0, 2]]]",4,1.4273661212985214,0.030771425731839885,0
26,1,1.4581375470303612,1.4273661212985214,1.4273661212985214,0.030771425731839885,0.0,0.030771425731839885,2880,10000,0.8120715954580628,0.7963372939757754,0,0,"[1, 1]","[[[0, 1], [2, 1]], [[0, 1], [2, 1]]]","[2, 2]","[[[1, 2], [0, 2]], [[1, 2], [0, 2]]]",4,1.4273661212985214,0.030771425731839885,0
26,2,1.4581375470303612,1.4273661212985214,1.4273661212985214,0.030771425731839885,0.0,0.030771425731839885,4584,10000,0.8120715954580628,0.7963372939757754,0,0,"[1, 1]","[[[0, 1], [2, 1]], [[0, 1], [2, 1]]]","[2, 2]","[[[1, 2], [0, 2]], [[1, 2], [0, 2]]]",4,1.4273661212985214,0.030771425731839885,0
26,4,1.4581375470303612,1.4273661212985214,1.4273661212985214,0.030771425731839885,0.0,0.030771425731839885,5212,10000,0.8120715954580628,0.7963372939757754,0,0,"[1, 1]","[[[0, 1], [2, 1]], [[0, 1], [2, 1]]]","[2, 2]","[[[1, 2], [0, 2]], [[1, 2], [0, 2]]]",4,1.4273661212985214,0.030771425731839885,0
27,0,1.7613705638880106,1.7613705638880106,1.7613705638880106,0.0,0.0,0.0,912,361201,0.9987705850804065,0.9987116107618418,0,0,"[0, 1]","[[[3, 0]], [[2, 1]]]","[3, 2]","[[[0, 3]], [[1, 2]]]",4,1.7613705638880106,0.0,0
27,1,1.7613705638880106,1.7613705638880106,1.7613705638880106,0.0,0.0,0.0,8784,361201,0.9987705850804065,0.9987116107618418,0,0,"[0, 1]","[[[3, 0]], [[2, 1]]]","[3, 2]","[[[0, 3]], [[1, 2]]]",4,1.7613705638880106,0.0,0
27,2,1.7613705638880106,1.7613705638880106,1.7613705638880106,0.0,0.0,0.0,31944,361201,0.9987705850804065,0.9987116107618418,0,0,"[0, 1]","[[[3, 0]], [[2, 1]]]","[3, 2]","[[[0, 3]], [[1, 2]]]",4,1.7613705638880106,0.0,0
27,4,1.7613705638880106,1.7613705638880106,1.7613705638880106,0.0,0.0,0.0,69889,361201,0.9987705850804065,0.9987116107618418,0,0,"[0, 1]","[[[3, 0]], [[2, 1]]]","[3, 2]","[[[0, 3]], [[1, 2]]]",4,1.7613705638880106,0.0,0
28,0,1.0276179180634724,0.9809655519500472,0.9809655519500472,0.04665236611342516,0.0,0.04665236611342516,912,1054729,0.6546168730444017,0.6242978386377867,0,0,"[2, 3]","[[[0, 2], [1, 2]], [[0, 3], [2, 3]]]","[0, 3]","[[[2, 0], [1, 0]], [[2, 3], [0, 3]]]",4,0.9809655519500472,0.04665236611342516,0
28,1,1.0482429936131965,1.0482429936131965,1.0482429936131965,0.0,0.0,0.0,11736,1054729,0.6788664678148286,0.6788664678148286,1,1,"[0, 3]","[[[0, 2], [2, 0]], [[0, 3], [2, 3]]]","[0, 3]","[[[0, 2], [2, 0]], [[2, 3], [0, 3]]]",4,1.0482429936131965,0.0,0
28,2,1.0482429936131965,1.0482429936131965,1.0482429936131965,0.0,0.0,0.0,54390,1054729,0.6788664678148286,0.6788664678148286,1,1,"[0, 3]","[[[0, 2], [2, 0]], [[0, 3], [2, 3]]]","[0, 3]","[[[0, 2], [2, 0]], [[2, 3], [0, 3]]]",4,1.0482429936131965,0.0,0
28,4,1.0482429936131965,1.0482429936131965,1.0482429936131965,0.0,0.0,0.0,153001,1054729,0.6788664678148286,0.6788664678148286,1,1,"[0, 3]","[[[0, 2], [2, 0]], [[0, 3], [2, 3]]]","[0, 3]","[[[0, 2], [2, 0]], [[2, 3], [0, 3]]]",4,1.0482429936131965,0.0,0
29,0,1.2268778640444424,1.2268778640444424,1.2268778640444422,0.0,2.220446049250313e-16,2.220446049250313e-16,912,736164,0.8179582218321684,0.8191956413656369,0,0,"[0, 0]","[[[1, 0], [2, 0], [3, 0]], [[1, 0]]]","[0, 0]","[[[1, 0], [3, 0], [2, 0]], [[3, 0]]]",4,1.2268778640444424,0.0,0
29,1,1.5110091201746332,1.5110091201746332,1.5110091201746332,0.0,0.0,0.0,10752,736164,0.88792721074583,0.8891646302792987,1,1,"[0, 0]","[[[0, 1], [1, 0], [3, 0]], [[1, 0]]]","[0, 0]","[[[1, 0], [0, 1], [3, 0]], [[3, 0]]]",4,1.5110091201746332,0.0,0
29,2,1.5110091201746332,1.5110091201746332,1.5110091201746332,0.0,0.0,0.0,46056,736164,0.88792721074583,0.8891646302792987,1,1,"[0, 0]","[[[0, 1], [1, 0], [3, 0]], [[1, 0]]]","[0, 0]","[[[1, 0], [0, 1], [3, 0]], [[3, 0]]]",4,1.5110091201746332,0.0,0
29,4,1.5110091201746332,1.5110091201746332,1.5110091201746332,0.0,0.0,0.0,118436,736164,0.88792721074583,0.8891646302792987,1,1,"[0, 0]","[[[0, 1], [1, 0], [3, 0]], [[1, 0]]]","[0, 0]","[[[1, 0], [0, 1], [3, 0]], [[3, 0]]]",4,1.5110091201746332,0.0,0
30,0,1.7613705638880106,1.7613705638880106,1.7613705638880106,0.0,0.0,0.0,912,361201,0.9908347823639713,0.9908347823639713,0,0,"[0, 0]","[[[1, 0], [2, 0]], [[1, 0]]]","[0, 0]","[[[1, 0], [2, 0]], [[1, 0]]]",4,1.7613705638880106,0.0,0
30,1,1.7613705638880106,1.7613705638880106,1.7613705638880106,0.0,0.0,0.0,8784,361201,0.9908347823639713,0.9908347823639713,0,0,"[0, 0]","[[[1, 0], [2, 0]], [[1, 0]]]","[0, 0]","[[[1, 0], [2, 0]], [[1, 0]]]",4,1.7613705638880106,0.0,0
30,2,1.7613705638880106,1.7613705638880106,1.7613705638880106,0.0,0.0,0.0,31944,361201,0.9908347823639713,0.9908347823639713,0,0,"[0, 0]","[[[1, 0], [2, 0]], [[1, 0]]]","[0, 0]","[[[1, 0], [2, 0]], [[1, 0]]]",4,1.7613705638880106,0.0,0
30,4,1.7613705638880106,1.7613705638880106,1.7613705638880106,0.0,0.0,0.0,69889,361201,0.9908347823639713,0.9908347823639713,0,0,"[0, 0]","[[[1, 0], [2, 0]], [[1, 0]]]","[0, 0]","[[[1, 0], [2, 0]], [[1, 0]]]",4,1.7613705638880106,0.0,0
31,0,0.32740872699816825,0.020868310497461018,0.020868310497461018,0.30654041650070724,0.0,0.30654041650070724,912,592900,0.6405794905525276,0.5848960121988392,0,0,"[0, 0]","[[[1, 0], [2, 0], [3, 0]], [[1, 0]]]","[3, 3]","[[[1, 3], [0, 3], [2, 3]], [[0, 3]]]",4,0.283149262513967,0.04425946448420126,2
31,1,0.42605019479536216,0.17497233669417664,0.1749723366941768,0.25107785810118555,-1.6653345369377348e-16,0.2510778581011853,9768,592900,0.659975799214491,0.6134748858180241,1,1,"[0, 0]","[[[1, 0], [3, 0], [3, 1]], [[1, 0]]]","[3, 3]","[[[3, 1], [1, 3], [0, 3]], [[0, 3]]]",4,0.2838064473540119,0.14224374744135027,2
31,2,0.42605019479536216,0.18440082865737967,0.18440082865737967,0.2416493661379825,0.0,0.2416493661379825,39486,592900,0.659975799214491,0.6161528763557178,2,1,"[0, 0]","[[[1, 0], [3, 0], [3, 1]], [[1, 0]]]","[3, 3]","[[[3, 1], [1, 3], [0, 1]], [[0, 3]]]",4,0.42605019479536216,0.0,2
31,4,0.42605019479536216,0.18440082865737967,0.18440082865737967,0.2416493661379825,0.0,0.2416493661379825,97860,592900,0.659975799214491,0.6161528763557178,2,1,"[0, 0]","[[[1, 0], [3, 0], [3, 1]], [[1, 0]]]","[3, 3]","[[[3, 1], [1, 3], [0, 1]], [[0, 3]]]",4,0.42605019479536216,0.0,2
32,0,-0.45073311978869407,-0.4612838897670718,-0.4612838897670718,0.010550769978377728,0.0,0.010550769978377728,912,263169,0.16956580851471387,0.1660809962157479,0,0,"[1, 1]","[[[0, 1], [3, 1]], [[0, 1], [2, 1]]]","[1, 0]","[[[3, 1], [0, 1]], [[1, 0], [2, 0]]]",4,-0.4612838897670718,0.010550769978377728,0
32,1,-0.4030601825577356,-0.41445687089168803,-0.41445687089168803,0.01139668833395241,0.0,0.01139668833395241,7800,263169,0.18233331105205502,0.17884849875308906,1,1,"[1, 1]","[[[1, 3], [3, 1]], [[0, 1], [2, 1]]]","[1, 0]","[[[3, 1], [1, 3]], [[1, 0], [2, 0]]]",4,-0.41445687089168803,0.01139668833395241,0
32,2,-0.3954929784343592,-0.3954929784343592,-0.43077562007951703,0.0,0.03528264164515782,0.03528264164515782,26166,263169,0.1863881851823726,0.17557014116852243,2,2,"[1, 0]","[[[1, 3], [3, 1]], [[0, 1], [1, 0]]]","[1, 0]","[[[3, 1], [1, 3]], [[2, 0], [0, 2]]]",4,-0.3954929784343592,0.0,2
32,4,-0.3954929784343592,-0.3954929784343592,-0.43077562007951703,0.0,0.03528264164515782,0.03528264164515782,54017,263169,0.1863881851823726,0.17557014116852243,2,2,"[1, 0]","[[[1, 3], [3, 1]], [[0, 1], [1, 0]]]","[1, 0]","[[[3, 1], [1, 3]], [[2, 0], [0, 2]]]",4,-0.3954929784343592,0.0,2
33,0,1.7613705638880106,1.7613705638880106,1.7613705638880106,0.0,0.0,0.0,912,263169,0.9886927821322258,0.9918492298069362,0,0,"[0, 0]","[[[1, 0]], [[1, 0], [2, 0], [3, 0]]]","[1, 2]","[[[0, 1]], [[1, 2]]]",4,1.7613705638880106,0.0,0
33,1,1.7613705638880106,1.7613705638880106,1.7613705638880106,0.0,0.0,0.0,7800,263169,0.9886927821322258,0.9918492298069362,0,0,"[0, 0]","[[[1, 0]], [[1, 0], [2, 0], [3, 0]]]","[1, 2]","[[[0, 1]], [[1, 2]]]",4,1.7613705638880106,0.0,0
33,2,1.7613705638880106,1.7613705638880106,1.7613705638880106,0.0,0.0,0.0,26166,263169,0.9886927821322258,0.9918492298069362,0,0,"[0, 0]","[[[1, 0]], [[1, 0], [2, 0], [3, 0]]]","[1, 2]","[[[0, 1]], [[1, 2]]]",4,1.7613705638880106,0.0,0
33,4,1.7613705638880106,1.7613705638880106,1.7613705638880106,0.0,0.0,0.0,54017,263169,0.9886927821322258,0.9918492298069362,0,0,"[0, 0]","[[[1, 0]], [[1, 0], [2, 0], [3, 0]]]","[1, 2]","[[[0, 1]], [[1, 2]]]",4,1.7613705638880106,0.0,0
34,0,1.7613705638880106,1.7613705638880106,1.7613705638880106,0.0,0.0,0.0,912,736164,0.968011066715506,0.9681221547178243,0,0,"[0, 3]","[[[3, 0]], [[0, 3], [2, 3]]]","[3, 3]","[[[0, 3]], [[2, 3], [0, 3]]]",4,1.7613705638880106,0.0,0
34,1,1.7613705638880106,1.7613705638880106,1.7613705638880106,0.0,0.0,0.0,10752,736164,0.968011066715506,0.9681221547178243,0,0,"[0, 3]","[[[3, 0]], [[0, 3], [2, 3]]]","[3, 3]","[[[0, 3]], [[2, 3], [0, 3]]]",4,1.7613705638880106,0.0,0
34,2,1.7613705638880106,1.7613705638880106,1.7613705638880106,0.0,0.0,0.0,46056,736164,0.968011066715506,0.9681221547178243,0,0,"[0, 3]","[[[3, 0]], [[0, 3], [2, 3]]]","[3, 3]","[[[0, 3]], [[2, 3], [0, 3]]]",4,1.7613705638880106,0.0,0
34,4,1.7613705638880106,1.7613705638880106,1.7613705638880106,0.0,0.0,0.0,118436,736164,0.968011066715506,0.9681221547178243,0,0,"[0, 3]","[[[3, 0]], [[0, 3], [2, 3]]]","[3, 3]","[[[0, 3]], [[2, 3], [0, 3]]]",4,1.7613705638880106,0.0,0
35,0,1.2830521755476432,1.2830521755476432,1.2830521755476432,0.0,0.0,0.0,912,361201,0.7703238839644786,0.7703238839644786,0,0,"[3, 3]","[[[1, 3]], [[0, 3], [1, 3], [2, 3]]]","[3, 3]","[[[1, 3]], [[1, 3], [0, 3], [2, 3]]]",4,1.2830521755476432,0.0,0
35,1,1.4892398068806612,1.4892398068806612,1.489239806880661,0.0,2.220446049250313e-16,2.220446049250313e-16,8784,361201,0.8300848128608386,0.8300848128608385,1,1,"[3, 3]","[[[1, 3]], [[0, 3], [1, 3], [3, 1]]]","[3, 3]","[[[1, 3]], [[1, 3], [3, 1], [0, 3]]]",4,1.4892398068806612,0.0,0
35,2,1.4892398068806612,1.4892398068806612,1.489239806880661,0.0,2.220446049250313e-16,2.220446049250313e-16,31944,361201,0.8300848128608386,0.8300848128608385,1,1,"[3, 3]","[[[1, 3]], [[0, 3], [1, 3], [3, 1]]]","[3, 3]","[[[1, 3]], [[1, 3], [3, 1], [0, 3]]]",4,1.4892398068806612,0.0,0
35,4,1.4892398068806612,1.4892398068806612,1.489239806880661,0.0,2.220446049250313e-16,2.220446049250313e-16,69889,361201,0.8300848128608386,0.8300848128608385,1,1,"[3, 3]","[[[1, 3]], [[0, 3], [1, 3], [3, 1]]]","[3, 3]","[[[1, 3]], [[1, 3], [3, 1], [0, 3]]]",4,1.4892398068806612,0.0,0
36,0,1.0452799759904985,1.0452799759904985,1.0452799759904985,0.0,0.0,0.0,912,736164,0.7674477317360694,0.7674477317360694,0,0,"[0, 1]","[[[1, 0], [2, 0], [3, 0]], [[2, 1]]]","[0, 1]","[[[2, 0], [1, 0], [3, 0]], [[2, 1]]]",4,1.0452799759904985,0.0,0
36,1,1.3618768635953633,1.3618768635953633,1.361876863595363,0.0,2.220446049250313e-16,2.220446049250313e-16,10752,736164,0.8392534234744997,0.8392534234744997,1,1,"[0, 1]","[[[0, 2], [1, 0], [2, 0]], [[2, 1]]]","[0, 1]","[[[2, 0], [0, 2], [1, 0]], [[2, 1]]]",4,1.3618768635953633,0.0,0
36,2,1.3618768635953633,1.3618768635953633,1.361876863595363,0.0,2.220446049250313e-16,2.220446049250313e-16,46056,736164,0.8392534234744997,0.8392534234744997,1,1,"[0, 1]","[[[0, 2], [1, 0], [2, 0]], [[2, 1]]]","[0, 1]","[[[2, 0], [0, 2], [1, 0]], [[2, 1]]]",4,1.3618768635953633,0.0,0
36,4,1.3618768635953633,1.3618768635953633,1.361876863595363,0.0,2.220446049250313e-16,2.220446049250313e-16,118436,736164,0.8392534234744997,0.8392534234744997,1,1,"[0, 1]","[[[0, 2], [1, 0], [2, 0]], [[2, 1]]]","[0, 1]","[[[2, 0], [0, 2], [1, 0]], [[2, 1]]]",4,1.3618768635953633,0.0,0
37,0,0.6692586524097622,0.6692586524097622,0.6692586524097622,0.0,0.0,0.0,912,736164,0.7049034864010209,0.7049034864010209,0,0,"[0, 0]","[[[1, 0], [2, 0], [3, 0]], [[1, 0]]]","[0, 0]","[[[1, 0], [2, 0], [3, 0]], [[1, 0]]]",4,0.6692586524097622,0.0,0
37,1,0.9853175200101222,0.9853175200101222,0.9853175200101222,0.0,0.0,0.0,10752,736164,0.7696962520405621,0.7696962520405621,1,1,"[0, 0]","[[[0, 1], [1, 0], [2, 0]], [[1, 0]]]","[0, 0]","[[[1, 0], [0, 1], [2, 0]], [[1, 0]]]",4,0.9853175200101222,0.0,0
37,2,0.9853175200101222,0.9853175200101222,0.9853175200101222,0.0,0.0,0.0,46056,736164,0.7696962520405621,0.7696962520405621,1,1,"[0, 0]","[[[0, 1], [1, 0], [2, 0]], [[1, 0]]]","[0, 0]","[[[1, 0], [0, 1], [2, 0]], [[1, 0]]]",4,0.9853175200101222,0.0,0
37,4,0.9853175200101222,0.9853175200101222,0.9853175200101222,0.0,0.0,0.0,118436,736164,0.7696962520405621,0.7696962520405621,1,1,"[0, 0]","[[[0, 1], [1, 0], [2, 0]], [[1, 0]]]","[0, 0]","[[[1, 0], [0, 1], [2, 0]], [[1, 0]]]",4,0.9853175200101222,0.0,0
38,0,1.7613705638880106,1.7613705638880106,1.7613705638880106,0.0,0.0,0.0,912,10000,0.9745223805813075,0.9749573548742064,0,0,"[3, 0]","[[[0, 3], [1, 3]], [[1, 0], [3, 0]]]","[3, 0]","[[[2, 3], [0, 3]], [[3, 0], [1, 0]]]",4,1.7613705638880106,0.0,0
38,1,1.7613705638880106,1.7613705638880106,1.7613705638880106,0.0,0.0,0.0,2880,10000,0.9745223805813075,0.9749573548742064,0,0,"[3, 0]","[[[0, 3], [1, 3]], [[1, 0], [3, 0]]]","[3, 0]","[[[2, 3], [0, 3]], [[3, 0], [1, 0]]]",4,1.7613705638880106,0.0,0
38,2,1.7613705638880106,1.7613705638880106,1.7613705638880106,0.0,0.0,0.0,4584,10000,0.9745223805813075,0.9749573548742064,0,0,"[3, 0]","[[[0, 3], [1, 3]], [[1, 0], [3, 0]]]","[3, 0]","[[[2, 3], [0, 3]], [[3, 0], [1, 0]]]",4,1.7613705638880106,0.0,0
38,4,1.7613705638880106,1.7613705638880106,1.7613705638880106,0.0,0.0,0.0,5212,10000,0.9745223805813075,0.9749573548742064,0,0,"[3, 0]","[[[0, 3], [1, 3]], [[1, 0], [3, 0]]]","[3, 0]","[[[2, 3], [0, 3]], [[3, 0], [1, 0]]]",4,1.7613705638880106,0.0,0
39,0,1.689758571170405,1.689758571170405,1.689758571170405,0.0,0.0,0.0,912,361201,0.9387298806158708,0.9388997978363471,0,0,"[3, 1]","[[[0, 3], [1, 3], [2, 3]], [[3, 1]]]","[3, 3]","[[[2, 3], [1, 3], [0, 3]], [[1, 3]]]",4,1.689758571170405,0.0,0
39,1,1.7560372305546772,1.7560372305546772,1.7560372305546772,0.0,0.0,0.0,8784,361201,0.9695861647461183,0.9756801845098658,1,1,"[2, 1]","[[[1, 2], [2, 3], [3, 2]], [[3, 1]]]","[3, 3]","[[[3, 2], [2, 3], [1, 3]], [[1, 3]]]",4,1.7560372305546772,0.0,0
39,2,1.7560372305546772,1.7560372305546772,1.7560372305546772,0.0,0.0,0.0,31944,361201,0.9695861647461183,0.9756801845098658,1,1,"[2, 1]","[[[1, 2], [2, 3], [3, 2]], [[3, 1]]]","[3, 3]","[[[3, 2], [2, 3], [1, 3]], [[1, 3]]]",4,1.7560372305546772,0.0,0
39,4,1.7560372305546772,1.7560372305546772,1.7560372305546772,0.0,0.0,0.0,69889,361201,0.9695861647461183,0.9756801845098658,1,1,"[2, 1]","[[[1, 2], [2, 3], [3, 2]], [[3, 1]]]","[3, 3]","[[[3, 2], [2, 3], [1, 3]], [[1, 3]]]",4,1.7560372305546772,0.0,0
40,0,0.4576054820842148,0.457522548054129,0.457522548054129,8.293403008580169e-05,0.0,8.293403008580169e-05,912,10000,0.612737458161897,0.6121099994579166,0,0,"[2, 1]","[[[0, 2]], [[0, 1], [2, 1], [3, 1]]]","[0, 1]","[[[2, 0]], [[2, 1], [0, 1], [3, 1]]]",4,0.4576054820842148,0.0,1
40,1,0.48211154696708897,0.457522548054129,0.457522548054129,0.02458899891295996,0.0,0.02458899891295996,2880,10000,0.6183925518400223,0.6121099994579166,0,1,"[2, 2]","[[[0, 2]], [[0, 2], [1, 0], [1, 2]]]","[0, 1]","[[[2, 0]], [[2, 1], [0, 1], [3, 1]]]",4,0.4576054820842148,0.024506064882874157,1
40,2,0.48211154696708897,0.457522548054129,0.457522548054129,0.02458899891295996,0.0,0.02458899891295996,4584,10000,0.6183925518400223,0.6121099994579166,0,1,"[2, 2]","[[[0, 2]], [[0, 2], [1, 0], [1, 2]]]","[0, 1]","[[[2, 0]], [[2, 1], [0, 1], [3, 1]]]",4,0.4576054820842148,0.024506064882874157,1
40,4,0.48211154696708897,0.457522548054129,0.457522548054129,0.02458899891295996,0.0,0.02458899891295996,5212,10000,0.6183925518400223,0.6121099994579166,0,1,"[2, 2]","[[[0, 2]], [[0, 2], [1, 0], [1, 2]]]","[0, 1]","[[[2, 0]], [[2, 1], [0, 1], [3, 1]]]",4,0.4576054820842148,0.024506064882874157,1
41,0,1.758562970134669,1.758562970134669,1.758562970134669,0.0,0.0,0.0,912,180625,0.9723363589137641,0.9701845565011585,0,0,"[0, 0]","[[[1, 0]], [[1, 0], [2, 0], [3, 0]]]","[1, 0]","[[[0, 1]], [[3, 0], [1, 0], [2, 0]]]",4,1.758562970134669,0.0,0
41,1,1.758562970134669,1.758562970134669,1.7560372305546772,0.0,0.0025257395799918037,0.0025257395799918037,6816,180625,0.9723363589137641,0.977155496380598,1,0,"[0, 0]","[[[1, 0]], [[1, 0], [2, 0], [3, 0]]]","[1, 0]","[[[0, 1]], [[3, 0], [0, 3]]]",4,1.7560372305546772,0.0025257395799918037,0
41,2,1.758562970134669,1.758562970134669,1.7560372305546772,0.0,0.0025257395799918037,0.0025257395799918037,20784,180625,0.9723363589137641,0.977155496380598,1,0,"[0, 0]","[[[1, 0]], [[1, 0], [2, 0], [3, 0]]]","[1, 0]","[[[0, 1]], [[3, 0], [0, 3]]]",4,1.7560372305546772,0.0025257395799918037,0
41,4,1.758562970134669,1.758562970134669,1.7560372305546772,0.0,0.0025257395799918037,0.0025257395799918037,40065,180625,0.9723363589137641,0.977155496380598,1,0,"[0, 0]","[[[1, 0]], [[1, 0], [2, 0], [3, 0]]]","[1, 0]","[[[0, 1]], [[3, 0], [0, 3]]]",4,1.7560372305546772,0.0025257395799918037,0
42,0,1.7522875782960916,1.750718693806146,1.750718693806146,0.0015688844899455212,0.0,0.0015688844899455212,912,158404,0.9575051471264093,0.9527780542631348,0,0,"[3, 0]","[[[0, 3], [1, 3], [2, 3]], [[1, 0]]]","[2, 1]","[[[3, 2], [0, 2], [1, 2]], [[3, 1]]]",4,1.750718693806146,0.0015688844899455212,0
42,1,1.7560372305546772,1.7560372305546772,1.7560372305546772,0.0,0.0,0.0,6816,158404,0.9652699498506188,0.9774936801043095,1,1,"[0, 0]","[[[2, 0], [2, 3], [3, 0]], [[1, 0]]]","[2, 1]","[[[3, 2], [2, 3]], [[3, 1]]]",4,1.7560372305546772,0.0,0
42,2,1.7560372305546772,1.7560372305546772,1.7560372305546772,0.0,0.0,0.0,20784,158404,0.9652699498506188,0.9774936801043095,1,1,"[0, 0]","[[[2, 0], [2, 3], [3, 0]], [[1, 0]]]","[2, 1]","[[[3, 2], [2, 3]], [[3, 1]]]",4,1.7560372305546772,0.0,0
42,4,1.7560372305546772,1.7560372305546772,1.7560372305546772,0.0,0.0,0.0,38229,158404,0.9652699498506188,0.9774936801043095,1,1,"[0, 0]","[[[2, 0], [2, 3], [3, 0]], [[1, 0]]]","[2, 1]","[[[3, 2], [2, 3]], [[3, 1]]]",4,1.7560372305546772,0.0,0
43,0,1.7613705638880106,1.7613705638880106,1.7613705638880106,0.0,0.0,0.0,912,49284,0.9713991494957134,0.9799175075087372,0,0,"[1, 0]","[[[2, 1], [3, 1]], [[1, 0]]]","[1, 1]","[[[2, 1], [3, 1]], [[3, 1]]]",4,1.7613705638880106,0.0,0
43,1,1.7613705638880106,1.7613705638880106,1.7613705638880106,0.0,0.0,0.0,4848,49284,0.9713991494957134,0.9799175075087372,0,0,"[1, 0]","[[[2, 1], [3, 1]], [[1, 0]]]","[1, 1]","[[[2, 1], [3, 1]], [[3, 1]]]",4,1.7613705638880106,0.0,0
43,2,1.7613705638880106,1.7613705638880106,1.7613705638880106,0.0,0.0,0.0,11208,49284,0.9713991494957134,0.9799175075087372,0,0,"[1, 0]","[[[2, 1], [3, 1]], [[1, 0]]]","[1, 1]","[[[2, 1], [3, 1]], [[3, 1]]]",4,1.7613705638880106,0.0,0
43,4,1.7613705638880106,1.7613705638880106,1.7613705638880106,0.0,0.0,0.0,16409,49284,0.9713991494957134,0.9799175075087372,0,0,"[1, 0]","[[[2, 1], [3, 1]], [[1, 0]]]","[1, 1]","[[[2, 1], [3, 1]], [[3, 1]]]",4,1.7613705638880106,0.0,0
44,0,0.38435179549404264,0.38435179549404264,0.38435179549404264,0.0,0.0,0.0,912,736164,0.6484134780582238,0.6480696725091074,0,0,"[2, 0]","[[[0, 2], [1, 2], [3, 2]], [[1, 0]]]","[2, 1]","[[[0, 2], [3, 2], [1, 2]], [[0, 1]]]",4,0.38435179549404264,0.0,0
44,1,0.7008261346932803,0.7008261346932803,0.7008261346932803,0.0,0.0,0.0,10752,736164,0.7100505000099234,0.709706694460807,1,1,"[2, 0]","[[[0, 2], [2, 0], [3, 2]], [[1, 0]]]","[2, 1]","[[[0, 2], [2, 0], [3, 2]], [[0, 1]]]",4,0.7008261346932803,0.0,0
44,2,0.7008261346932803,0.7008261346932803,0.7002736428091224,0.0,0.0005524918841578463,0.0005524918841578463,46056,736164,0.7100505000099234,0.7095979911209207,1,1,"[2, 0]","[[[0, 2], [2, 0], [3, 2]], [[1, 0]]]","[2, 1]","[[[0, 2], [2, 0], [1, 2]], [[0, 1]]]",4,0.7008261346932803,0.0,1
44,4,0.7008261346932803,0.7008261346932803,0.7002736428091224,0.0,0.0005524918841578463,0.0005524918841578463,118436,736164,0.7100505000099234,0.7095979911209207,1,1,"[2, 0]","[[[0, 2], [2, 0], [3, 2]], [[1, 0]]]","[2, 1]","[[[0, 2], [2, 0], [1, 2]], [[0, 1]]]",4,0.7008261346932803,0.0,1
45,0,-0.360462828107436,-0.41639460997716427,-0.41639460997716427,0.05593178186972825,0.0,0.05593178186972825,912,465124,0.27116261632094313,0.22712037748812147,0,0,"[0, 0]","[[[2, 0], [3, 0]], [[1, 0], [3, 0]]]","[0, 1]","[[[2, 0], [3, 0]], [[0, 1], [3, 1]]]",4,-0.41639460997716427,0.05593178186972825,0
45,1,-0.35345017577032245,-0.41315586425521283,-0.41315586425521283,0.059705688484890385,0.0,0.059705688484890385,8784,465124,0.28247553612797743,0.2605018255868681,1,1,"[0, 0]","[[[2, 0], [3, 0]], [[0, 1], [1, 0]]]","[0, 1]","[[[2, 0]], [[0, 1], [3, 1], [1, 3]]]",4,-0.41315586425521283,0.059705688484890385,0
45,2,-0.35214852262563606,-0.41315586425521283,-0.41315586425521283,0.06100734162957677,0.0,0.06100734162957677,33312,465124,0.28362972939070935,0.2605018255868681,1,2,"[0, 0]","[[[0, 2], [2, 0]], [[0, 1], [1, 0]]]","[0, 1]","[[[2, 0]], [[0, 1], [3, 1], [1, 3]]]",4,-0.359953295461085,0.007804772835448948,2
45,4,-0.35214852262563606,-0.41315586425521283,-0.41315586425521283,0.06100734162957677,0.0,0.06100734162957677,79204,465124,0.28362972939070935,0.2605018255868681,1,2,"[0, 0]","[[[0, 2], [2, 0]], [[0, 1], [1, 0]]]","[0, 1]","[[[2, 0]], [[0, 1], [3, 1], [1, 3]]]",4,-0.359953295461085,0.007804772835448948,2
46,0,-0.32365283850376647,-0.32395030699056804,-0.32395030699056815,0.00029746848680156646,1.1102230246251565e-16,0.0002974684868016775,912,736164,0.22237231370343757,0.2223139038548279,0,0,"[2, 1]","[[[0, 2], [1, 2], [3, 2]], [[2, 1]]]","[2, 2]","[[[3, 2], [1, 2], [0, 2]], [[1, 2]]]",4,-0.32365283850376647,0.0,1
46,1,-0.2552118670735967,-0.2552118670735967,-0.2552118670735967,0.0,0.0,0.0,10752,736164,0.22546435428232459,0.22546435428232459,1,1,"[2, 1]","[[[1, 2], [3, 2]], [[1, 2], [2, 1]]]","[2, 2]","[[[3, 2], [1, 2]], [[1, 2], [2, 1]]]",4,-0.2552118670735967,0.0,0
46,2,-0.2552118670735967,-0.2552118670735967,-0.2552118670735967,0.0,0.0,0.0,46056,736164,0.22546435428232459,0.22546435428232459,1,1,"[2, 1]","[[[1, 2], [3, 2]], [[1, 2], [2, 1]]]","[2, 2]","[[[3, 2], [1, 2]], [[1, 2], [2, 1]]]",4,-0.2552118670735967,0.0,0
46,4,-0.24795088708686008,-0.2552118670735967,-0.2552118670735967,0.007260979986736638,0.0,0.007260979986736638,118436,736164,0.23183192877474543,0.22546435428232459,1,3,"[1, 1]","[[[2, 3], [3, 2]], [[1, 2], [2, 1]]]","[2, 2]","[[[3, 2], [1, 2]], [[1, 2], [2, 1]]]",4,-0.24795088708686008,0.0,1
47,0,1.7613705638880106,1.7613705638880106,1.7613705638880106,0.0,0.0,0.0,912,180625,0.9747463511586689,0.9770774266084101,0,0,"[0, 2]","[[[2, 0], [3, 0]], [[0, 2], [1, 2]]]","[3, 2]","[[[0, 3]], [[0, 2], [1, 2]]]",4,1.7613705638880106,0.0,0
47,1,1.7613705638880106,1.7613705638880106,1.7613705638880106,0.0,0.0,0.0,6816,180625,0.9747463511586689,0.9770774266084101,0,0,"[0, 2]","[[[2, 0], [3, 0]], [[0, 2], [1, 2]]]","[3, 2]","[[[0, 3]], [[0, 2], [1, 2]]]",4,1.7613705638880106,0.0,0
47,2,1.7613705638880106,1.7613705638880106,1.7613705638880106,0.0,0.0,0.0,20784,180625,0.9747463511586689,0.9770774266084101,0,0,"[0, 2]","[[[2, 0], [3, 0]], [[0, 2], [1, 2]]]","[3, 2]","[[[0, 3]], [[0, 2], [1, 2]]]",4,1.7613705638880106,0.0,0
47,4,1.7613705638880106,1.7613705638880106,1.7613705638880106,0.0,0.0,0.0,40065,180625,0.9747463511586689,0.9770774266084101,0,0,"[0, 2]","[[[2, 0], [3, 0]], [[0, 2], [1, 2]]]","[3, 2]","[[[0, 3]], [[0, 2], [1, 2]]]",4,1.7613705638880106,0.0,0
48,0,0.43966356853068517,0.43966356853068517,0.43966356853068517,0.0,0.0,0.0,912,736164,0.4473901455444518,0.4473901455444518,0,0,"[1, 2]","[[[0, 1], [3, 1]], [[0, 2], [1, 2]]]","[1, 2]","[[[3, 1], [0, 1]], [[0, 2], [1, 2]]]",4,0.43966356853068517,0.0,0
48,1,0.6197226335212994,0.6197226335212994,0.4418007173232943,0.0,0.17792191619800513,0.17792191619800513,10752,736164,0.4941584595799968,0.4490882153980711,1,1,"[1, 2]","[[[1, 3], [3, 1]], [[0, 2], [1, 2]]]","[1, 2]","[[[3, 1], [1, 0]], [[0, 2], [1, 2]]]",4,0.6197226335212994,0.0,1
48,2,0.6913487600197527,0.6913487600197527,0.6913487600197527,0.0,0.0,0.0,46056,736164,0.5317872788397998,0.5317872788397998,2,2,"[1, 0]","[[[1, 3], [3, 1]], [[0, 2], [2, 0]]]","[1, 2]","[[[1, 3], [3, 1]], [[0, 2], [2, 0]]]",4,0.6913487600197527,0.0,0
48,4,0.6913487600197527,0.6913487600197527,0.6913487600197527,0.0,0.0,0.0,118436,736164,0.5317872788397998,0.5317872788397998,2,2,"[1, 0]","[[[1, 3], [3, 1]], [[0, 2], [2, 0]]]","[1, 2]","[[[1, 3], [3, 1]], [[0, 2], [2, 0]]]",4,0.6913487600197527,0.0,0
49,0,0.2699825634521337,0.2699825634521337,0.2699825634521337,0.0,0.0,0.0,912,465124,0.5658059019977962,0.5658059019977962,0,0,"[2, 0]","[[[0, 2], [1, 2], [3, 2]], [[3, 0]]]","[2, 0]","[[[1, 2], [0, 2], [3, 2]], [[3, 0]]]",4,0.2699825634521337,0.0,0
49,1,0.29013369780804527,0.29013369780804527,0.2699825634521337,0.0,0.020151134355911593,0.020151134355911593,8784,465124,0.5704993227742131,0.5658059019977962,0,1,"[2, 0]","[[[0, 2], [1, 2], [2, 0]], [[3, 0]]]","[2, 0]","[[[1, 2], [0, 2], [3, 2]], [[3, 0]]]",4,0.29013369780804527,0.0,1
49,2,0.29013369780804527,0.29013369780804527,0.2699825634521337,0.0,0.020151134355911593,0.020151134355911593,33312,465124,0.5704993227742131,0.5658059019977962,0,1,"[2, 0]","[[[0, 2], [1, 2], [2, 0]], [[3, 0]]]","[2, 0]","[[[1, 2], [0, 2], [3, 2]], [[3, 0]]]",4,0.29013369780804527,0.0,1
49,4,0.29013369780804527,0.29013369780804527,0.2699825634521337,0.0,0.020151134355911593,0.020151134355911593,79204,465124,0.5704993227742131,0.5658059019977962,0,1,"[2, 0]","[[[0, 2], [1, 2], [2, 0]], [[3, 0]]]","[2, 0]","[[[1, 2], [0, 2], [3, 2]], [[3, 0]]]",4,0.29013369780804527,0.0,1
50,0,0.49455619515537996,0.4827451201644167,0.4827451201644167,0.011811074990963288,0.0,0.011811074990963288,912,1054729,0.4786229635840785,0.4699520810068898,0,0,"[2, 3]","[[[0, 2], [1, 2], [3, 2]], [[1, 3]]]","[2, 1]","[[[0, 2], [3, 2], [1, 2]], [[3, 1]]]",4,0.49455619515537996,0.0,1
50,1,0.6409398302442224,0.6255492761197591,0.48922286182204483,0.01539055412446333,0.13632641429771425,0.15171696842217758,11736,1054729,0.5128836271020811,0.47862296358407713,1,1,"[2, 3]","[[[0, 2], [2, 0], [3, 2]], [[1, 3]]]","[2, 1]","[[[0, 2], [3, 2], [1, 2]], [[1, 3]]]",4,0.6409398302442224,0.0,2
50,2,0.646403973402406,0.6356064969108864,0.6356064969108864,0.01079747649151952,0.0,0.01079747649151952,54390,1054729,0.5155028957914052,0.5128836271020798,2,2,"[2, 3]","[[[0, 2], [2, 0], [2, 3]], [[1, 3]]]","[2, 1]","[[[0, 2], [2, 0], [3, 2]], [[1, 3]]]",4,0.646403973402406,0.0,2
50,4,0.646403973402406,0.6410706400690701,0.6031899220825242,0.005333333333335855,0.03788071798654591,0.04321405131988176,153001,1054729,0.5155028957914052,0.5051925099961211,2,2,"[2, 3]","[[[0, 2], [2, 0], [2, 3]], [[1, 3]]]","[2, 1]","[[[0, 2], [2, 0], [1, 2]], [[1, 3]]]",4,0.646403973402406,0.0,2
51,0,0.09197198135864015,0.09197198135864015,0.09197198135864015,0.0,0.0,0.0,912,736164,0.5962005114616178,0.5962005114616178,0,0,"[0, 3]","[[[1, 0]], [[0, 3], [1, 3], [2, 3]]]","[0, 3]","[[[1, 0]], [[1, 3], [2, 3], [0, 3]]]",4,0.09197198135864015,0.0,0
51,1,0.24082453025016873,0.24082453025016873,0.14098573194326194,0.0,0.09983879830690678,0.09983879830690678,10752,736164,0.6241007733574142,0.6059663874101626,1,1,"[0, 3]","[[[1, 0]], [[1, 3], [2, 3], [3, 1]]]","[0, 3]","[[[1, 0]], [[1, 3], [2, 3], [3, 2]]]",4,0.24082453025016873,0.0,1
51,2,0.24082453025016873,0.24082453025016873,0.24082453025016873,0.0,0.0,0.0,46056,736164,0.6241007733574142,0.6241007733574142,1,1,"[0, 3]","[[[1, 0]], [[1, 3], [2, 3], [3, 1]]]","[0, 3]","[[[1, 0]], [[1, 3], [3, 1], [2, 3]]]",4,0.24082453025016873,0.0,0
51,4,0.24082453025016873,0.24082453025016873,0.24082453025016873,0.0,0.0,0.0,118436,736164,0.6241007733574142,0.6241007733574142,1,1,"[0, 3]","[[[1, 0]], [[1, 3], [2, 3], [3, 1]]]","[0, 3]","[[[1, 0]], [[1, 3], [3, 1], [2, 3]]]",4,0.24082453025016873,0.0,0
52,0,-0.2526054741870035,-0.2526054741870035,-0.2526054741870035,0.0,0.0,0.0,912,1430416,0.5375290661636393,0.5375332107500808,0,0,"[3, 0]","[[[0, 3], [1, 3], [2, 3]], [[2, 0]]]","[3, 2]","[[[0, 3], [2, 3], [1, 3]], [[0, 2]]]",4,-0.2526054741870035,0.0,0
52,1,-0.24120492604262986,-0.24120492604262986,-0.24365478858530143,0.0,0.0024498625426715714,0.0024498625426715714,12720,1430416,0.5403968453682357,0.5399807710223176,1,1,"[3, 0]","[[[0, 3], [2, 3], [3, 0]], [[2, 0]]]","[3, 2]","[[[0, 3], [2, 3], [3, 2]], [[0, 2]]]",4,-0.24120492604262986,0.0,1
52,2,-0.24120492604262986,-0.24120492604262986,-0.24365478858530143,0.0,0.0024498625426715714,0.0024498625426715714,63120,1430416,0.5403968453682357,0.5399807710223176,1,1,"[3, 0]","[[[0, 3], [2, 3], [3, 0]], [[2, 0]]]","[3, 2]","[[[0, 3], [2, 3], [3, 2]], [[0, 2]]]",4,-0.24120492604262986,0.0,1
52,4,-0.24120492604262986,-0.24120492604262986,-0.24365478858530143,0.0,0.0024498625426715714,0.0024498625426715714,191376,1430416,0.5403968453682357,0.5399807710223176,1,1,"[3, 0]","[[[0, 3], [2, 3], [3, 0]], [[2, 0]]]","[3, 2]","[[[0, 3], [2, 3], [3, 2]], [[0, 2]]]",4,-0.24120492604262986,0.0,1
53,0,1.7613705638880106,1.7613705638880106,1.7613705638880106,0.0,0.0,0.0,912,361201,0.9876616281729975,0.986871226837376,0,0,"[0, 0]","[[[1, 0]], [[1, 0], [2, 0]]]","[0, 2]","[[[1, 0]], [[0, 2], [1, 2]]]",4,1.7613705638880106,0.0,0
53,1,1.7613705638880106,1.7613705638880106,1.7560372305546772,0.0,0.005333333333333412,0.005333333333333412,8784,361201,0.9876616281729975,0.9935735496836673,1,0,"[0, 0]","[[[1, 0]], [[1, 0], [2, 0]]]","[0, 2]","[[[1, 0]], [[2, 0], [0, 2]]]",4,1.7613705638880106,0.0,1
53,2,1.7613705638880106,1.7613705638880106,1.7560372305546772,0.0,0.005333333333333412,0.005333333333333412,31944,361201,0.9876616281729975,0.9935735496836673,1,0,"[0, 0]","[[[1, 0]], [[1, 0], [2, 0]]]","[0, 2]","[[[1, 0]], [[2, 0], [0, 2]]]",4,1.7613705638880106,0.0,1
53,4,1.7613705638880106,1.7613705638880106,1.7560372305546772,0.0,0.005333333333333412,0.005333333333333412,69889,361201,0.9876616281729975,0.9935735496836673,1,0,"[0, 0]","[[[1, 0]], [[1, 0], [2, 0]]]","[0, 2]","[[[1, 0]], [[2, 0], [0, 2]]]",4,1.7613705638880106,0.0,1
54,0,-0.5512220701321575,-0.5512220701321575,-0.5512220701321575,0.0,0.0,0.0,912,736164,0.14097384212749473,0.14097384212749473,0,0,"[0, 0]","[[[1, 0], [2, 0]], [[1, 0], [2, 0]]]","[0, 0]","[[[2, 0], [1, 0]], [[2, 0], [1, 0]]]",4,-0.5512220701321575,0.0,0
54,1,-0.5512220701321575,-0.5512220701321575,-0.5512220701321575,0.0,0.0,0.0,10752,736164,0.14097384212749473,0.14097384212749473,0,0,"[0, 0]","[[[1, 0], [2, 0]], [[1, 0], [2, 0]]]","[0, 0]","[[[2, 0], [1, 0]], [[2, 0], [1, 0]]]",4,-0.5512220701321575,0.0,0
54,2,-0.5512220701321575,-0.5512220701321575,-0.5512220701321575,0.0,0.0,0.0,46056,736164,0.14097384212749473,0.14097384212749473,0,0,"[0, 0]","[[[1, 0], [2, 0]], [[1, 0], [2, 0]]]","[0, 0]","[[[2, 0], [1, 0]], [[2, 0], [1, 0]]]",4,-0.5512220701321575,0.0,0
54,4,-0.5512220701321575,-0.5512220701321575,-0.5512220701321575,0.0,0.0,0.0,118436,736164,0.14097384212749473,0.14097384212749473,0,0,"[0, 0]","[[[1, 0], [2, 0]], [[1, 0], [2, 0]]]","[0, 0]","[[[2, 0], [1, 0]], [[2, 0], [1, 0]]]",4,-0.5512220701321575,0.0,0
55,0,-0.07011750309033743,-0.07011750309033743,-0.07011750309033743,0.0,0.0,0.0,912,1054729,0.5691391873233448,0.5691391873233448,0,0,"[0, 0]","[[[1, 0], [2, 0], [3, 0]], [[1, 0]]]","[0, 0]","[[[1, 0], [2, 0], [3, 0]], [[1, 0]]]",4,-0.07011750309033743,0.0,0
55,1,-0.012774000676331198,-0.012774000676331198,-0.012774000676331198,0.0,0.0,0.0,11736,1054729,0.5801656638871985,0.5801656638871985,1,1,"[0, 0]","[[[0, 1], [1, 0], [2, 0]], [[1, 0]]]","[0, 0]","[[[1, 0], [0, 1], [2, 0]], [[1, 0]]]",4,-0.012774000676331197,-1.734723475976807e-18,0
55,2,-0.012774000676331198,-0.012774000676331198,-0.012774000676331198,0.0,0.0,0.0,54390,1054729,0.5801656638871985,0.5801656638871985,1,1,"[0, 0]","[[[0, 1], [1, 0], [2, 0]], [[1, 0]]]","[0, 0]","[[[1, 0], [0, 1], [2, 0]], [[1, 0]]]",4,-0.012774000676331197,-1.734723475976807e-18,0
55,4,-0.012774000676331198,-0.012774000676331198,-0.012774000676331198,0.0,0.0,0.0,153001,1054729,0.5801656638871985,0.5801656638871985,1,1,"[0, 0]","[[[0, 1], [1, 0], [2, 0]], [[1, 0]]]","[0, 0]","[[[1, 0], [0, 1], [2, 0]], [[1, 0]]]",4,-0.012774000676331197,-1.734723475976807e-18,0
56,0,1.7613705638880106,1.7613705638880106,1.7613705638880106,0.0,0.0,0.0,912,118336,0.9959697926466575,0.9959755449771182,0,0,"[0, 0]","[[[1, 0]], [[2, 0]]]","[0, 2]","[[[1, 0]], [[0, 2]]]",4,1.7613705638880106,0.0,0
56,1,1.7613705638880106,1.7613705638880106,1.7613705638880106,0.0,0.0,0.0,6816,118336,0.9959697926466575,0.9959755449771182,0,0,"[0, 0]","[[[1, 0]], [[2, 0]]]","[0, 2]","[[[1, 0]], [[0, 2]]]",4,1.7613705638880106,0.0,0
56,2,1.7613705638880106,1.7613705638880106,1.7613705638880106,0.0,0.0,0.0,19416,118336,0.9959697926466575,0.9959755449771182,0,0,"[0, 0]","[[[1, 0]], [[2, 0]]]","[0, 2]","[[[1, 0]], [[0, 2]]]",4,1.7613705638880106,0.0,0
56,4,1.7613705638880106,1.7613705638880106,1.7613705638880106,0.0,0.0,0.0,32640,118336,0.9959697926466575,0.9959755449771182,0,0,"[0, 0]","[[[1, 0]], [[2, 0]]]","[0, 2]","[[[1, 0]], [[0, 2]]]",4,1.7613705638880106,0.0,0
57,0,1.6916371604139209,1.6916371604139209,1.6916371604139209,0.0,0.0,0.0,912,361201,0.943857550636813,0.9453606366614604,0,0,"[1, 0]","[[[0, 1], [2, 1], [3, 1]], [[1, 0]]]","[1, 2]","[[[0, 1], [3, 1], [2, 1]], [[0, 2]]]",4,1.6916371604139209,0.0,0
57,1,1.7503433837575482,1.7503433837575482,1.7503433837575482,0.0,0.0,0.0,8784,361201,0.9706774220299421,0.9721805080545896,1,1,"[1, 0]","[[[0, 1], [1, 0], [3, 1]], [[1, 0]]]","[1, 2]","[[[0, 1], [1, 0], [3, 1]], [[0, 2]]]",4,1.7503433837575482,0.0,0
57,2,1.7503433837575482,1.7503433837575482,1.7503433837575482,0.0,0.0,0.0,31944,361201,0.9706774220299421,0.9721805080545896,1,1,"[1, 0]","[[[0, 1], [1, 0], [3, 1]], [[1, 0]]]","[1, 2]","[[[0, 1], [1, 0], [3, 1]], [[0, 2]]]",4,1.7503433837575482,0.0,0
57,4,1.7503433837575482,1.7503433837575482,1.7503433837575482,0.0,0.0,0.0,69889,361201,0.9706774220299421,0.9721805080545896,1,1,"[1, 0]","[[[0, 1], [1, 0], [3, 1]], [[1, 0]]]","[1, 2]","[[[0, 1], [1, 0], [3, 1]], [[0, 2]]]",4,1.7503433837575482,0.0,0
58,0,-0.056037450436838276,-0.056037450436838276,-0.056037450436838276,0.0,0.0,0.0,912,1430416,0.5407186372605965,0.5407186372605965,0,0,"[0, 2]","[[[3, 0]], [[0, 2], [1, 2], [3, 2]]]","[0, 2]","[[[3, 0]], [[1, 2], [3, 2], [0, 2]]]",4,-0.056037450436838276,0.0,0
58,1,-0.03221933364373384,-0.03221933364373384,-0.03221933364373384,0.0,0.0,0.0,12720,1430416,0.5458454977593287,0.5458454977593287,1,1,"[0, 2]","[[[3, 0]], [[1, 2], [2, 1], [3, 2]]]","[0, 2]","[[[3, 0]], [[1, 2], [2, 1], [3, 2]]]",4,-0.03221933364373384,0.0,0
58,2,-0.03221933364373384,-0.03221933364373384,-0.03609304369154701,0.0,0.0038737100478131725,0.0038737100478131725,63120,1430416,0.5458454977593287,0.5451630980746428,1,1,"[0, 2]","[[[3, 0]], [[1, 2], [2, 1], [3, 2]]]","[0, 2]","[[[3, 0]], [[1, 2], [2, 1], [0, 2]]]",4,-0.03221933364373384,0.0,1
58,4,-0.03221933364373384,-0.03221933364373384,-0.03609304369154701,0.0,0.0038737100478131725,0.0038737100478131725,191376,1430416,0.5458454977593287,0.5451630980746428,1,1,"[0, 2]","[[[3, 0]], [[1, 2], [2, 1], [3, 2]]]","[0, 2]","[[[3, 0]], [[1, 2], [2, 1], [0, 2]]]",4,-0.03221933364373384,0.0,1
59,0,0.28541203850053126,0.28541203850053126,0.28541203850053126,0.0,0.0,0.0,912,158404,0.38925459608589896,0.38925459608589896,0,0,"[1, 2]","[[[0, 1], [2, 1], [3, 1]], [[3, 2]]]","[1, 2]","[[[3, 1], [2, 1], [0, 1]], [[3, 2]]]",4,0.28541203850053126,0.0,0
59,1,0.38281828474444235,0.38281828474444235,0.38281828474444235,0.0,0.0,0.0,6816,158404,0.430806516100138,0.430806516100138,1,1,"[1, 2]","[[[2, 1], [3, 1]], [[2, 3], [3, 2]]]","[1, 2]","[[[3, 1], [2, 1]], [[3, 2], [2, 3]]]",4,0.38281828474444235,0.0,0
59,2,0.4200617639742592,0.4200617639742592,0.38281828474444235,0.0,0.037243479229816856,0.037243479229816856,20784,158404,0.44055009945873636,0.430806516100138,1,2,"[1, 2]","[[[1, 3], [3, 1]], [[2, 3], [3, 2]]]","[1, 2]","[[[3, 1], [2, 1]], [[3, 2], [2, 3]]]",4,0.4200617639742592,0.0,1
59,4,0.4200617639742592,0.4200617639742592,0.38281828474444235,0.0,0.037243479229816856,0.037243479229816856,38229,158404,0.44055009945873636,0.430806516100138,1,2,"[1, 2]","[[[1, 3], [3, 1]], [[2, 3], [3, 2]]]","[1, 2]","[[[3, 1], [2, 1]], [[3, 2], [2, 3]]]",4,0.4200617639742592,0.0,1
60,0,1.6133388691100345,1.6133388691100345,1.6133388691100345,0.0,0.0,0.0,912,1430416,0.9180404599102233,0.9180404599102233,0,0,"[1, 2]","[[[0, 1], [2, 1], [3, 1]], [[3, 2]]]","[1, 2]","[[[0, 1], [2, 1], [3, 1]], [[3, 2]]]",4,1.6133388691100345,0.0,0
60,1,1.7369858751994565,1.7369858751994565,1.7369858751994565,0.0,0.0,0.0,12720,1430416,0.9648798828335723,0.9648798828335723,1,1,"[1, 2]","[[[0, 1], [1, 0], [2, 1]], [[3, 2]]]","[1, 2]","[[[1, 0], [0, 1], [2, 1]], [[3, 2]]]",4,1.7369858751994565,0.0,0
60,2,1.7389114177119842,1.7389082407274532,1.7389082407274532,3.1769845310058997e-06,0.0,3.1769845310058997e-06,63120,1430416,0.9682126130112921,0.9682111269720393,2,2,"[2, 2]","[[[0, 1], [1, 0], [1, 2]], [[3, 2]]]","[1, 2]","[[[1, 0], [0, 1], [1, 2]], [[3, 2]]]",4,1.7389114177119842,0.0,1
60,4,1.7389114177119842,1.7389082407274532,1.7389082407274532,3.1769845310058997e-06,0.0,3.1769845310058997e-06,191376,1430416,0.9682126130112921,0.9682111269720393,2,2,"[2, 2]","[[[0, 1], [1, 0], [1, 2]], [[3, 2]]]","[1, 2]","[[[1, 0], [0, 1], [1, 2]], [[3, 2]]]",4,1.7389114177119842,0.0,1
61,0,1.7613705638880106,1.7613705638880106,1.7613705638880106,0.0,0.0,0.0,912,158404,0.9994715277233143,0.9994410988201593,0,0,"[0, 0]","[[[1, 0]], [[1, 0]]]","[1, 1]","[[[0, 1]], [[0, 1]]]",4,1.7613705638880106,0.0,0
61,1,1.7613705638880106,1.7613705638880106,1.7613705638880106,0.0,0.0,0.0,6816,158404,0.9994715277233143,0.9994410988201593,0,0,"[0, 0]","[[[1, 0]], [[1, 0]]]","[1, 1]","[[[0, 1]], [[0, 1]]]",4,1.7613705638880106,0.0,0
61,2,1.7613705638880106,1.7613705638880106,1.7613705638880106,0.0,0.0,0.0,20784,158404,0.9994715277233143,0.9994410988201593,0,0,"[0, 0]","[[[1, 0]], [[1, 0]]]","[1, 1]","[[[0, 1]], [[0, 1]]]",4,1.7613705638880106,0.0,0
61,4,1.7613705638880106,1.7613705638880106,1.7613705638880106,0.0,0.0,0.0,38229,158404,0.9994715277233143,0.9994410988201593,0,0,"[0, 0]","[[[1, 0]], [[1, 0]]]","[1, 1]","[[[0, 1]], [[0, 1]]]",4,1.7613705638880106,0.0,0
62,0,-0.021703590612942025,-0.021703590612942025,-0.021703590612942025,0.0,0.0,0.0,912,158404,0.5771817198411369,0.5771817198411369,0,0,"[0, 1]","[[[2, 0]], [[0, 1], [2, 1], [3, 1]]]","[0, 1]","[[[2, 0]], [[2, 1], [0, 1], [3, 1]]]",4,-0.021703590612942025,0.0,0
62,1,-0.021703590612942025,-0.021703590612942025,-0.021703590612942025,0.0,0.0,0.0,6816,158404,0.5771817198411369,0.5771817198411369,0,0,"[0, 1]","[[[2, 0]], [[0, 1], [2, 1], [3, 1]]]","[0, 1]","[[[2, 0]], [[2, 1], [0, 1], [3, 1]]]",4,-0.021703590612942025,0.0,0
62,2,-0.021703590612942025,-0.021703590612942025,-0.021703590612942025,0.0,0.0,0.0,20784,158404,0.5771817198411369,0.5771817198411369,0,0,"[0, 1]","[[[2, 0]], [[0, 1], [2, 1], [3, 1]]]","[0, 1]","[[[2, 0]], [[2, 1], [0, 1], [3, 1]]]",4,-0.021703590612942025,0.0,0
62,4,-0.021703590612942025,-0.021703590612942025,-0.021703590612942025,0.0,0.0,0.0,38229,158404,0.5771817198411369,0.5771817198411369,0,0,"[0, 1]","[[[2, 0]], [[0, 1], [2, 1], [3, 1]]]","[0, 1]","[[[2, 0]], [[2, 1], [0, 1], [3, 1]]]",4,-0.021703590612942025,0.0,0
63,0,0.9387764999369552,0.9387764999369552,0.9387764999369552,0.0,0.0,0.0,912,158404,0.7597292910792757,0.7597290636839973,0,0,"[2, 0]","[[[0, 2], [1, 2], [3, 2]], [[1, 0]]]","[2, 1]","[[[3, 2], [1, 2], [0, 2]], [[0, 1]]]",4,0.9387764999369552,0.0,0
63,1,0.9387764999369552,0.9387764999369552,0.9387764999369552,0.0,0.0,0.0,6816,158404,0.7597292910792757,0.7597290636839973,0,0,"[2, 0]","[[[0, 2], [1, 2], [3, 2]], [[1, 0]]]","[2, 1]","[[[3, 2], [1, 2], [0, 2]], [[0, 1]]]",4,0.9387764999369552,0.0,0
63,2,0.9387764999369552,0.9387764999369552,0.9387764999369552,0.0,0.0,0.0,20784,158404,0.7597292910792757,0.7597290636839973,0,0,"[2, 0]","[[[0, 2], [1, 2], [3, 2]], [[1, 0]]]","[2, 1]","[[[3, 2], [1, 2], [0, 2]], [[0, 1]]]",4,0.9387764999369552,0.0,0
63,4,0.9387764999369552,0.9387764999369552,0.9387764999369552,0.0,0.0,0.0,38229,158404,0.7597292910792757,0.7597290636839973,0,0,"[2, 0]","[[[0, 2], [1, 2], [3, 2]], [[1, 0]]]","[2, 1]","[[[3, 2], [1, 2], [0, 2]], [[0, 1]]]",4,0.9387764999369552,0.0,0
64,0,1.7613705638880106,1.7613705638880106,1.7613705638880106,0.0,0.0,0.0,912,361201,0.981703599771225,0.9820148694608068,0,0,"[1, 2]","[[[2, 1]], [[3, 2]]]","[1, 3]","[[[2, 1]], [[2, 3]]]",4,1.7613705638880106,0.0,0
64,1,1.7613705638880106,1.7613705638880106,1.7613705638880106,0.0,0.0,0.0,8784,361201,0.981703599771225,0.9820148694608068,0,0,"[1, 2]","[[[2, 1]], [[3, 2]]]","[1, 3]","[[[2, 1]], [[2, 3]]]",4,1.7613705638880106,0.0,0
64,2,1.7613705638880106,1.7613705638880106,1.7613705638880106,0.0,0.0,0.0,31944,361201,0.981703599771225,0.9820148694608068,0,0,"[1, 2]","[[[2, 1]], [[3, 2]]]","[1, 3]","[[[2, 1]], [[2, 3]]]",4,1.7613705638880106,0.0,0
64,4,1.7613705638880106,1.7613705638880106,1.7613705638880106,0.0,0.0,0.0,69889,361201,0.981703599771225,0.9820148694608068,0,0,"[1, 2]","[[[2, 1]], [[3, 2]]]","[1, 3]","[[[2, 1]], [[2, 3]]]",4,1.7613705638880106,0.0,0
65,0,1.7227380490543847,1.7227380490543847,1.7227380490543847,0.0,0.0,0.0,912,49284,0.9547987957131968,0.9549386626182732,0,0,"[1, 0]","[[[0, 1], [2, 1], [3, 1]], [[2, 0]]]","[1, 2]","[[[3, 1], [0, 1], [2, 1]], [[0, 2]]]",4,1.7227380490543847,0.0,0
65,1,1.7227380490543847,1.7227380490543847,1.7227380490543847,0.0,0.0,0.0,4848,49284,0.9547987957131968,0.9549386626182732,0,0,"[1, 0]","[[[0, 1], [2, 1], [3, 1]], [[2, 0]]]","[1, 2]","[[[3, 1], [0, 1], [2, 1]], [[0, 2]]]",4,1.7227380490543847,0.0,0
65,2,1.7227380490543847,1.7227380490543847,1.7227380490543847,0.0,0.0,0.0,11208,49284,0.9547987957131968,0.9549386626182732,0,0,"[1, 0]","[[[0, 1], [2, 1], [3, 1]], [[2, 0]]]","[1, 2]","[[[3, 1], [0, 1], [2, 1]], [[0, 2]]]",4,1.7227380490543847,0.0,0
65,4,1.7227380490543847,1.7227380490543847,1.7227380490543847,0.0,0.0,0.0,16409,49284,0.9547987957131968,0.9549386626182732,0,0,"[1, 0]","[[[0, 1], [2, 1], [3, 1]], [[2, 0]]]","[1, 2]","[[[3, 1], [0, 1], [2, 1]], [[0, 2]]]",4,1.7227380490543847,0.0,0
66,0,1.7613705638880106,1.7613705638880106,1.7613705638880106,0.0,0.0,0.0,912,118336,0.9995368799620035,0.999529592436204,0,0,"[0, 0]","[[[3, 0]], [[2, 0]]]","[3, 2]","[[[0, 3]], [[0, 2]]]",4,1.7613705638880106,0.0,0
66,1,1.7613705638880106,1.7613705638880106,1.7613705638880106,0.0,0.0,0.0,6816,118336,0.9995368799620035,0.999529592436204,0,0,"[0, 0]","[[[3, 0]], [[2, 0]]]","[3, 2]","[[[0, 3]], [[0, 2]]]",4,1.7613705638880106,0.0,0
66,2,1.7613705638880106,1.7613705638880106,1.7613705638880106,0.0,0.0,0.0,19416,118336,0.9995368799620035,0.999529592436204,0,0,"[0, 0]","[[[3, 0]], [[2, 0]]]","[3, 2]","[[[0, 3]], [[0, 2]]]",4,1.7613705638880106,0.0,0
66,4,1.7613705638880106,1.7613705638880106,1.7613705638880106,0.0,0.0,0.0,32640,118336,0.9995368799620035,0.999529592436204,0,0,"[0, 0]","[[[3, 0]], [[2, 0]]]","[3, 2]","[[[0, 3]], [[0, 2]]]",4,1.7613705638880106,0.0,0
67,0,1.4711860103392833,1.467788398985304,1.467788398985304,0.003397611353979313,0.0,0.003397611353979313,912,158404,0.8302789588141393,0.8272195496329033,0,0,"[0, 0]","[[[2, 0]], [[1, 0], [2, 0], [3, 0]]]","[2, 0]","[[[0, 2]], [[3, 0], [2, 0], [1, 0]]]",4,1.4711860103392833,0.0,1
67,1,1.4711860103392833,1.467788398985304,1.467788398985304,0.003397611353979313,0.0,0.003397611353979313,6816,158404,0.8302789588141393,0.8272195496329033,0,0,"[0, 0]","[[[2, 0]], [[1, 0], [2, 0], [3, 0]]]","[2, 0]","[[[0, 2]], [[3, 0], [2, 0], [1, 0]]]",4,1.4711860103392833,0.0,1
67,2,1.4711860103392833,1.467788398985304,1.467788398985304,0.003397611353979313,0.0,0.003397611353979313,20784,158404,0.8302789588141393,0.8272195496329033,0,0,"[0, 0]","[[[2, 0]], [[1, 0], [2, 0], [3, 0]]]","[2, 0]","[[[0, 2]], [[3, 0], [2, 0], [1, 0]]]",4,1.4711860103392833,0.0,1
67,4,1.4711860103392833,1.467788398985304,1.467788398985304,0.003397611353979313,0.0,0.003397611353979313,38229,158404,0.8302789588141393,0.8272195496329033,0,0,"[0, 0]","[[[2, 0]], [[1, 0], [2, 0], [3, 0]]]","[2, 0]","[[[0, 2]], [[3, 0], [2, 0], [1, 0]]]",4,1.4711860103392833,0.0,1
68,0,-0.29664992379086735,-0.3132063838893711,-0.3132063838893711,0.016556460098503756,0.0,0.016556460098503756,912,28224,0.39519983884626475,0.4168551649459489,0,0,"[0, 2]","[[[3, 0]], [[0, 2], [1, 2], [3, 2]]]","[3, 3]","[[[0, 3], [2, 3]], [[2, 3], [1, 3]]]",4,-0.3132063838893711,0.016556460098503756,0
68,1,-0.29002757600402823,-0.30354088657182915,-0.30354088657182915,0.013513310567800918,0.0,0.013513310567800918,4848,28224,0.4807849365909715,0.47848194853581927,1,1,"[0, 2]","[[[0, 3], [3, 0]], [[0, 2], [3, 2]]]","[3, 3]","[[[0, 3], [3, 0]], [[2, 3], [1, 3]]]",4,-0.30354088657182915,0.013513310567800918,0
68,2,-0.29002757600402823,-0.30160902696171626,-0.30160902696171626,0.011581450957688033,0.0,0.011581450957688033,9840,28224,0.4807849365909715,0.47971963422133984,2,1,"[0, 2]","[[[0, 3], [3, 0]], [[0, 2], [3, 2]]]","[3, 3]","[[[0, 3], [3, 0]], [[2, 3], [2, 0]]]",4,-0.30160902696171626,0.011581450957688033,0
68,4,-0.29002757600402823,-0.30160902696171626,-0.30160902696171626,0.011581450957688033,0.0,0.011581450957688033,12224,28224,0.4807849365909715,0.47971963422133984,2,1,"[0, 2]","[[[0, 3], [3, 0]], [[0, 2], [3, 2]]]","[3, 3]","[[[0, 3], [3, 0]], [[2, 3], [2, 0]]]",4,-0.30160902696171626,0.011581450957688033,0
69,0,1.7613705638880106,1.7613705638880106,1.7613705638880106,0.0,0.0,0.0,912,1430416,0.9984413286879434,0.9984412140279133,0,0,"[0, 0]","[[[1, 0]], [[2, 0]]]","[0, 2]","[[[1, 0]], [[0, 2]]]",4,1.7613705638880106,0.0,0
69,1,1.7613705638880106,1.7613705638880106,1.7613705638880106,0.0,0.0,0.0,12720,1430416,0.9984413286879434,0.9984412140279133,0,0,"[0, 0]","[[[1, 0]], [[2, 0]]]","[0, 2]","[[[1, 0]], [[0, 2]]]",4,1.7613705638880106,0.0,0
69,2,1.7613705638880106,1.7613705638880106,1.7613705638880106,0.0,0.0,0.0,63120,1430416,0.9984413286879434,0.9984412140279133,0,0,"[0, 0]","[[[1, 0]], [[2, 0]]]","[0, 2]","[[[1, 0]], [[0, 2]]]",4,1.7613705638880106,0.0,0
69,4,1.7613705638880106,1.7613705638880106,1.7613705638880106,0.0,0.0,0.0,191376,1430416,0.9984413286879434,0.9984412140279133,0,0,"[0, 0]","[[[1, 0]], [[2, 0]]]","[0, 2]","[[[1, 0]], [[0, 2]]]",4,1.7613705638880106,0.0,0
70,0,1.7613705638880106,1.7613705638880106,1.7613705638880106,0.0,0.0,0.0,912,1054729,0.9773475613192466,0.9907963265694235,0,0,"[0, 0]","[[[2, 0]], [[1, 0]]]","[3, 1]","[[[2, 3]], [[0, 1]]]",4,1.7613705638880106,0.0,0
70,1,1.7613705638880106,1.7613705638880106,1.7613705638880106,0.0,0.0,0.0,11736,1054729,0.9773475613192466,0.9907963265694235,0,0,"[0, 0]","[[[2, 0]], [[1, 0]]]","[3, 1]","[[[2, 3]], [[0, 1]]]",4,1.7613705638880106,0.0,0
70,2,1.7613705638880106,1.7613705638880106,1.7613705638880106,0.0,0.0,0.0,54390,1054729,0.9773475613192466,0.9907963265694235,0,0,"[0, 0]","[[[2, 0]], [[1, 0]]]","[3, 1]","[[[2, 3]], [[0, 1]]]",4,1.7613705638880106,0.0,0
70,4,1.7613705638880106,1.7613705638880106,1.7613705638880106,0.0,0.0,0.0,153001,1054729,0.9773475613192466,0.9907963265694235,0,0,"[0, 0]","[[[2, 0]], [[1, 0]]]","[3, 1]","[[[2, 3]], [[0, 1]]]",4,1.7613705638880106,0.0,0
71,0,-0.27192269641030653,-0.27192269641030653,-0.2719226964103067,0.0,1.6653345369377348e-16,1.6653345369377348e-16,912,361201,0.4609637923716402,0.46096379237164015,0,0,"[0, 0]","[[[1, 0]], [[1, 0], [2, 0], [3, 0]]]","[0, 0]","[[[1, 0]], [[3, 0], [1, 0], [2, 0]]]",4,-0.27192269641030653,0.0,0
71,1,-0.27192269641030653,-0.27192269641030653,-0.2719226964103067,0.0,1.6653345369377348e-16,1.6653345369377348e-16,8784,361201,0.4609637923716402,0.46096379237164015,0,0,"[0, 0]","[[[1, 0]], [[1, 0], [2, 0], [3, 0]]]","[0, 0]","[[[1, 0]], [[3, 0], [1, 0], [2, 0]]]",4,-0.27192269641030653,0.0,0
71,2,-0.27192269641030653,-0.27192269641030653,-0.2719226964103067,0.0,1.6653345369377348e-16,1.6653345369377348e-16,31944,361201,0.4609637923716402,0.46096379237164015,0,0,"[0, 0]","[[[1, 0]], [[1, 0], [2, 0], [3, 0]]]","[0, 0]","[[[1, 0]], [[3, 0], [1, 0], [2, 0]]]",4,-0.27192269641030653,0.0,0
71,4,-0.27192269641030653,-0.27192269641030653,-0.2719226964103067,0.0,1.6653345369377348e-16,1.6653345369377348e-16,69889,361201,0.4609637923716402,0.46096379237164015,0,0,"[0, 0]","[[[1, 0]], [[1, 0], [2, 0], [3, 0]]]","[0, 0]","[[[1, 0]], [[3, 0], [1, 0], [2, 0]]]",4,-0.27192269641030653,0.0,0
72,0,-0.055768162265192045,-0.055768162265192045,-0.055768162265192045,0.0,0.0,0.0,912,118336,0.5716217231939988,0.5716217231939988,0,0,"[0, 0]","[[[1, 0]], [[1, 0], [2, 0], [3, 0]]]","[0, 0]","[[[1, 0]], [[1, 0], [2, 0], [3, 0]]]",4,-0.055768162265192045,0.0,0
72,1,0.013811010109692068,0.013811010109692068,-0.003002046534042768,0.0,0.016813056643734836,0.016813056643734836,6816,118336,0.5848363478523995,0.5818591134565895,1,1,"[0, 0]","[[[1, 0]], [[0, 1], [1, 0], [2, 0]]]","[0, 0]","[[[1, 0]], [[1, 0], [0, 1], [3, 0]]]",4,0.01381101010969207,-1.734723475976807e-18,1
72,2,0.013811010109692068,0.013811010109692068,-0.003002046534042768,0.0,0.016813056643734836,0.016813056643734836,19416,118336,0.5848363478523995,0.5818591134565895,1,1,"[0, 0]","[[[1, 0]], [[0, 1], [1, 0], [2, 0]]]","[0, 0]","[[[1, 0]], [[1, 0], [0, 1], [3, 0]]]",4,0.01381101010969207,-1.734723475976807e-18,1
72,4,0.013811010109692068,0.013811010109692068,-0.003002046534042768,0.0,0.016813056643734836,0.016813056643734836,32640,118336,0.5848363478523995,0.5818591134565895,1,1,"[0, 0]","[[[1, 0]], [[0, 1], [1, 0], [2, 0]]]","[0, 0]","[[[1, 0]], [[1, 0], [0, 1], [3, 0]]]",4,0.01381101010969207,-1.734723475976807e-18,1
73,0,1.7613705638880106,1.7613705638880106,1.7613705638880106,0.0,0.0,0.0,912,736164,0.9734377390989093,0.9971040315318834,0,0,"[0, 0]","[[[2, 0]], [[2, 0]]]","[2, 2]","[[[0, 2]], [[1, 2]]]",4,1.7613705638880106,0.0,0
73,1,1.7613705638880106,1.7613705638880106,1.7613705638880106,0.0,0.0,0.0,10752,736164,0.9734377390989093,0.9971040315318834,0,0,"[0, 0]","[[[2, 0]], [[2, 0]]]","[2, 2]","[[[0, 2]], [[1, 2]]]",4,1.7613705638880106,0.0,0
73,2,1.7613705638880106,1.7613705638880106,1.7613705638880106,0.0,0.0,0.0,46056,736164,0.9734377390989093,0.9971040315318834,0,0,"[0, 0]","[[[2, 0]], [[2, 0]]]","[2, 2]","[[[0, 2]], [[1, 2]]]",4,1.7613705638880106,0.0,0
73,4,1.7613705638880106,1.7613705638880106,1.7613705638880106,0.0,0.0,0.0,118436,736164,0.9734377390989093,0.9971040315318834,0,0,"[0, 0]","[[[2, 0]], [[2, 0]]]","[2, 2]","[[[0, 2]], [[1, 2]]]",4,1.7613705638880106,0.0,0
74,0,-0.380292909259765,-0.380292909259765,-0.380292909259765,0.0,0.0,0.0,912,474721,0.19551753095389995,0.19551753095389995,0,0,"[1, 1]","[[[0, 1], [2, 1]], [[0, 1], [2, 1]]]","[1, 1]","[[[0, 1], [2, 1]], [[2, 1], [0, 1]]]",4,-0.380292909259765,0.0,0
74,1,-0.36564105156297616,-0.36564105156297616,-0.36564105156297616,0.0,0.0,0.0,9768,474721,0.19978201161704423,0.19978201161704423,1,1,"[0, 1]","[[[0, 1], [1, 0]], [[0, 1], [2, 1]]]","[1, 1]","[[[0, 1], [1, 0]], [[2, 1], [0, 1]]]",4,-0.36564105156297616,0.0,0
74,2,-0.36564105156297616,-0.36564105156297616,-0.36564105156297616,0.0,0.0,0.0,38118,474721,0.19978201161704423,0.19978201161704423,1,1,"[0, 1]","[[[0, 1], [1, 0]], [[0, 1], [2, 1]]]","[1, 1]","[[[0, 1], [1, 0]], [[2, 1], [0, 1]]]",4,-0.36564105156297616,0.0,0
74,4,-0.3562536912623602,-0.36564105156297616,-0.36564105156297616,0.009387360300615988,0.0,0.009387360300615988,87681,474721,0.20801907649765072,0.19978201161704423,1,3,"[0, 0]","[[[0, 1], [1, 0]], [[1, 2], [2, 1]]]","[1, 1]","[[[0, 1], [1, 0]], [[2, 1], [0, 1]]]",4,-0.3562536912623602,0.0,1
75,0,1.7103129974397462,1.7103129974397462,1.7103129974397462,0.0,0.0,0.0,912,361201,0.9467835691509091,0.9524787722623356,0,0,"[2, 0]","[[[0, 2], [1, 2], [3, 2]], [[1, 0]]]","[2, 3]","[[[1, 2], [0, 2], [3, 2]], [[0, 3]]]",4,1.7103129974397462,0.0,0
75,1,1.7560372305546772,1.7560372305546772,1.7560372305546772,0.0,0.0,0.0,8784,361201,0.9801892535704813,0.9858844566819076,1,1,"[1, 0]","[[[1, 2], [2, 1]], [[1, 0]]]","[2, 3]","[[[1, 2], [2, 1]], [[0, 3]]]",4,1.7560372305546772,0.0,0
75,2,1.7560372305546772,1.7560372305546772,1.7560372305546772,0.0,0.0,0.0,31944,361201,0.9801892535704813,0.9858844566819076,1,1,"[1, 0]","[[[1, 2], [2, 1]], [[1, 0]]]","[2, 3]","[[[1, 2], [2, 1]], [[0, 3]]]",4,1.7560372305546772,0.0,0
75,4,1.7560372305546772,1.7560372305546772,1.7560372305546772,0.0,0.0,0.0,69889,361201,0.9801892535704813,0.9858844566819076,1,1,"[1, 0]","[[[1, 2], [2, 1]], [[1, 0]]]","[2, 3]","[[[1, 2], [2, 1]], [[0, 3]]]",4,1.7560372305546772,0.0,0
76,0,-0.21781366004922026,-0.21781366004922026,-0.21781366004922026,0.0,0.0,0.0,912,736164,0.5413500989750256,0.5411842588490894,0,0,"[0, 0]","[[[1, 0], [2, 0], [3, 0]], [[1, 0]]]","[0, 1]","[[[1, 0], [2, 0], [3, 0]], [[0, 1]]]",4,-0.21781366004922026,0.0,0
76,1,-0.19683779391850412,-0.19683779391850412,-0.19683779391850412,0.0,0.0,0.0,10752,736164,0.5458811636495786,0.5457153235236423,1,1,"[0, 0]","[[[0, 1], [1, 0], [2, 0]], [[1, 0]]]","[0, 1]","[[[1, 0], [0, 1], [2, 0]], [[0, 1]]]",4,-0.19683779391850412,0.0,0
76,2,-0.19683779391850412,-0.19683779391850412,-0.19683779391850412,0.0,0.0,0.0,46056,736164,0.5458811636495786,0.5457153235236423,1,1,"[0, 0]","[[[0, 1], [1, 0], [2, 0]], [[1, 0]]]","[0, 1]","[[[1, 0], [0, 1], [2, 0]], [[0, 1]]]",4,-0.19683779391850412,0.0,0
76,4,-0.19683779391850412,-0.19683779391850412,-0.19683779391850412,0.0,0.0,0.0,118436,736164,0.5458811636495786,0.5457153235236423,1,1,"[0, 0]","[[[0, 1], [1, 0], [2, 0]], [[1, 0]]]","[0, 1]","[[[1, 0], [0, 1], [2, 0]], [[0, 1]]]",4,-0.19683779391850412,0.0,0
77,0,0.4059904911959363,0.4059904911959363,0.4059904911959363,0.0,0.0,0.0,912,361201,0.4260115928462206,0.4260115928462206,0,0,"[3, 1]","[[[1, 3], [2, 3]], [[0, 1], [3, 1]]]","[3, 1]","[[[1, 3], [2, 3]], [[3, 1], [0, 1]]]",4,0.4059904911959363,0.0,0
77,1,0.41774296603920796,0.4059904911959363,0.4013621806505576,0.011752474843271687,0.0046283105453786555,0.016380785388650343,8784,361201,0.433952613715039,0.4263276322469346,1,1,"[3, 2]","[[[1, 3], [2, 3]], [[1, 2], [1, 3]]]","[3, 1]","[[[1, 3], [2, 3]], [[3, 1], [1, 2]]]",4,0.41774296603920796,0.0,1
77,2,0.4733869433702472,0.4059904911959363,0.4013621806505576,0.06739645217431095,0.0046283105453786555,0.0720247627196896,31944,361201,0.4468687934593927,0.4263276322469346,1,2,"[2, 1]","[[[1, 3], [3, 1]], [[0, 1], [3, 1]]]","[3, 1]","[[[1, 3], [2, 3]], [[3, 1], [1, 2]]]",4,0.436652062288738,0.03673488108150924,1
77,4,0.5112340814204515,0.4059904911959363,0.4013621806505576,0.10524359022451518,0.0046283105453786555,0.10987190076989384,69889,361201,0.46724410186299586,0.4263276322469346,1,4,"[2, 2]","[[[1, 3], [3, 1]], [[1, 3], [3, 1]]]","[3, 1]","[[[1, 3], [2, 3]], [[3, 1], [1, 2]]]",4,0.5112340814204515,0.0,2
78,0,0.7250103222394153,0.7250103222394153,0.7250103222394153,0.0,0.0,0.0,912,1430416,0.5268230119300421,0.5268230119300421,0,0,"[3, 3]","[[[1, 3], [2, 3]], [[1, 3], [2, 3]]]","[3, 3]","[[[2, 3], [1, 3]], [[1, 3], [2, 3]]]",4,0.7250103222394153,0.0,0
78,1,0.8379510873334504,0.8379510873334504,0.7443489249557411,0.0,0.09360216237770924,0.09360216237770924,12720,1430416,0.5868267911055665,0.5349105813736522,1,1,"[3, 1]","[[[1, 3], [2, 3]], [[1, 3], [3, 1]]]","[3, 3]","[[[2, 3], [3, 2]], [[1, 3], [2, 3]]]",4,0.7443489249557411,0.09360216237770924,0
78,2,0.8655846868466393,0.8655846868466393,0.8655846868466393,0.0,0.0,0.0,63120,1430416,0.5949143605491766,0.5949143605491766,2,2,"[2, 1]","[[[2, 3], [3, 2]], [[1, 3], [3, 1]]]","[3, 3]","[[[2, 3], [3, 2]], [[1, 3], [3, 1]]]",4,0.8655846868466393,0.0,0
78,4,0.8655846868466393,0.8655846868466393,0.8655846868466393,0.0,0.0,0.0,191376,1430416,0.5949143605491766,0.5949143605491766,2,2,"[2, 1]","[[[2, 3], [3, 2]], [[1, 3], [3, 1]]]","[3, 3]","[[[2, 3], [3, 2]], [[1, 3], [3, 1]]]",4,0.8655846868466393,0.0,0
79,0,0.5746081454081081,0.5746081454081081,0.5746081454081085,0.0,-3.3306690738754696e-16,-3.3306690738754696e-16,912,736164,0.6848846000886859,0.684884600088686,0,0,"[2, 0]","[[[0, 2], [1, 2], [3, 2]], [[1, 0]]]","[2, 0]","[[[3, 2], [1, 2], [0, 2]], [[1, 0]]]",4,0.5746081454081081,0.0,0
79,1,0.74611198988773,0.74611198988773,0.74611198988773,0.0,0.0,0.0,10752,736164,0.7194216609236406,0.7194216609236406,1,1,"[2, 0]","[[[1, 2], [2, 3], [3, 2]], [[1, 0]]]","[2, 0]","[[[2, 3], [3, 2], [1, 2]], [[1, 0]]]",4,0.74611198988773,0.0,0
79,2,0.74611198988773,0.74611198988773,0.74611198988773,0.0,0.0,0.0,46056,736164,0.7194216609236406,0.7194216609236406,1,1,"[2, 0]","[[[1, 2], [2, 3], [3, 2]], [[1, 0]]]","[2, 0]","[[[2, 3], [3, 2], [1, 2]], [[1, 0]]]",4,0.74611198988773,0.0,0
79,4,0.74611198988773,0.74611198988773,0.74611198988773,0.0,0.0,0.0,118436,736164,0.7194216609236406,0.7194216609236406,1,1,"[2, 0]","[[[1, 2], [2, 3], [3, 2]], [[1, 0]]]","[2, 0]","[[[2, 3], [3, 2], [1, 2]], [[1, 0]]]",4,0.74611198988773,0.0,0
80,0,0.24250742206578163,0.24250742206578163,0.24250742206578163,0.0,0.0,0.0,912,1054729,0.6153492962000109,0.6243938451255264,0,0,"[0, 2]","[[[1, 0]], [[0, 2], [1, 2], [3, 2]]]","[2, 2]","[[[1, 2]], [[1, 2], [0, 2], [3, 2]]]",4,0.24250742206578163,0.0,0
80,1,0.2983710315045351,0.2983710315045351,0.2983710315045351,0.0,0.0,0.0,11736,1054729,0.6265874121650228,0.6356319610905382,1,1,"[0, 2]","[[[1, 0]], [[0, 2], [1, 2], [2, 1]]]","[2, 2]","[[[1, 2]], [[1, 2], [0, 2], [2, 1]]]",4,0.2983710315045351,0.0,0
80,2,0.2983710315045351,0.2983710315045351,0.2983710315045351,0.0,0.0,0.0,54390,1054729,0.6265874121650228,0.6356319610905382,1,1,"[0, 2]","[[[1, 0]], [[0, 2], [1, 2], [2, 1]]]","[2, 2]","[[[1, 2]], [[1, 2], [0, 2], [2, 1]]]",4,0.2983710315045351,0.0,0
80,4,0.2983710315045351,0.2983710315045351,0.2983710315045351,0.0,0.0,0.0,153001,1054729,0.6265874121650228,0.6356319610905382,1,1,"[0, 2]","[[[1, 0]], [[0, 2], [1, 2], [2, 1]]]","[2, 2]","[[[1, 2]], [[1, 2], [0, 2], [2, 1]]]",4,0.2983710315045351,0.0,0
81,0,-0.042036002959535856,-0.042036002959535856,-0.042036002959535856,0.0,0.0,0.0,912,158404,0.30295465796784055,0.30295465796784055,0,0,"[0, 1]","[[[1, 0], [2, 0]], [[0, 1], [2, 1]]]","[0, 1]","[[[1, 0], [2, 0]], [[0, 1], [2, 1]]]",4,-0.042036002959535856,0.0,0
81,1,-0.03571116431195074,-0.03571116431195074,-0.03571116431195074,0.0,0.0,0.0,6816,158404,0.30948438545585,0.30948438545585,1,1,"[0, 1]","[[[1, 0], [2, 0]], [[0, 1], [1, 2]]]","[0, 1]","[[[1, 0], [2, 0]], [[0, 1], [1, 2]]]",4,-0.03571116431195074,0.0,0
81,2,-0.03571116431195074,-0.03571116431195074,-0.04492203281689553,0.0,0.009210868504944791,0.009210868504944791,20784,158404,0.30948438545585,0.3042968291396426,1,1,"[0, 1]","[[[1, 0], [2, 0]], [[0, 1], [1, 2]]]","[0, 1]","[[[1, 0], [2, 0]], [[1, 2], [2, 1]]]",4,-0.03571116431195074,0.0,1
81,4,-0.03571116431195074,-0.03571116431195074,-0.04492203281689553,0.0,0.009210868504944791,0.009210868504944791,38229,158404,0.30948438545585,0.3042968291396426,1,1,"[0, 1]","[[[1, 0], [2, 0]], [[0, 1], [1, 2]]]","[0, 1]","[[[1, 0], [2, 0]], [[1, 2], [2, 1]]]",4,-0.03571116431195074,0.0,1
82,0,0.4716887099725677,0.4716887099725677,0.4716887099725677,0.0,0.0,0.0,912,158404,0.4472910695862087,0.4472910695862087,0,0,"[2, 1]","[[[0, 2], [1, 2]], [[0, 1], [3, 1]]]","[2, 1]","[[[0, 2], [1, 2]], [[0, 1], [3, 1]]]",4,0.4716887099725677,0.0,0
82,1,0.5483630090248464,0.5483630090248464,0.4716887099725677,0.0,0.07667429905227868,0.07667429905227868,6816,158404,0.46958649104961747,0.4472910695862087,0,1,"[2, 0]","[[[0, 2], [1, 2]], [[0, 1], [1, 0]]]","[2, 1]","[[[0, 2], [1, 2]], [[0, 1], [3, 1]]]",4,0.5483630090248464,0.0,1
82,2,0.5483630090248464,0.5483630090248464,0.4716887099725677,0.0,0.07667429905227868,0.07667429905227868,20784,158404,0.46958649104961747,0.4472910695862087,0,1,"[2, 0]","[[[0, 2], [1, 2]], [[0, 1], [1, 0]]]","[2, 1]","[[[0, 2], [1, 2]], [[0, 1], [3, 1]]]",4,0.5483630090248464,0.0,1
82,4,0.5483630090248464,0.5483630090248464,0.4716887099725677,0.0,0.07667429905227868,0.07667429905227868,38229,158404,0.46958649104961747,0.4472910695862087,0,1,"[2, 0]","[[[0, 2], [1, 2]], [[0, 1], [1, 0]]]","[2, 1]","[[[0, 2], [1, 2]], [[0, 1], [3, 1]]]",4,0.5483630090248464,0.0,1
83,0,0.3430948532278988,0.3430948532278988,0.3430948532278988,0.0,0.0,0.0,912,465124,0.6414135240077901,0.6414135240077901,0,0,"[0, 3]","[[[3, 0]], [[0, 3], [1, 3], [2, 3]]]","[0, 3]","[[[3, 0]], [[1, 3], [0, 3], [2, 3]]]",4,0.3430948532278988,0.0,0
83,1,0.35140692900042636,0.35140692900042636,0.35140692900042636,0.0,0.0,0.0,8784,465124,0.6439477373258868,0.6439477373258868,1,1,"[0, 3]","[[[3, 0]], [[0, 3], [1, 3], [3, 0]]]","[0, 3]","[[[3, 0]], [[1, 3], [0, 3], [3, 0]]]",4,0.35140692900042636,0.0,0
83,2,0.35140692900042636,0.35140692900042636,0.35140692900042636,0.0,0.0,0.0,33312,465124,0.6439477373258868,0.6439477373258868,1,1,"[0, 3]","[[[3, 0]], [[0, 3], [1, 3], [3, 0]]]","[0, 3]","[[[3, 0]], [[1, 3], [0, 3], [3, 0]]]",4,0.35140692900042636,0.0,0
83,4,0.35140692900042636,0.35140692900042636,0.35140692900042636,0.0,0.0,0.0,79204,465124,0.6439477373258868,0.6439477373258868,1,1,"[0, 3]","[[[3, 0]], [[0, 3], [1, 3], [3, 0]]]","[0, 3]","[[[3, 0]], [[1, 3], [0, 3], [3, 0]]]",4,0.35140692900042636,0.0,0
84,0,1.7613705638880106,1.7613705638880106,1.7613705638880106,0.0,0.0,0.0,912,118336,0.9866775315144556,0.9947280654928841,0,0,"[3, 0]","[[[0, 3], [1, 3]], [[3, 0]]]","[3, 3]","[[[0, 3], [2, 3]], [[0, 3]]]",4,1.7613705638880106,0.0,0
84,1,1.7613705638880106,1.7613705638880106,1.7613705638880106,0.0,0.0,0.0,6816,118336,0.9866775315144556,0.9947280654928841,0,0,"[3, 0]","[[[0, 3], [1, 3]], [[3, 0]]]","[3, 3]","[[[0, 3], [2, 3]], [[0, 3]]]",4,1.7613705638880106,0.0,0
84,2,1.7613705638880106,1.7613705638880106,1.7613705638880106,0.0,0.0,0.0,19416,118336,0.9866775315144556,0.9947280654928841,0,0,"[3, 0]","[[[0, 3], [1, 3]], [[3, 0]]]","[3, 3]","[[[0, 3], [2, 3]], [[0, 3]]]",4,1.7613705638880106,0.0,0
84,4,1.7613705638880106,1.7613705638880106,1.7613705638880106,0.0,0.0,0.0,32640,118336,0.9866775315144556,0.9947280654928841,0,0,"[3, 0]","[[[0, 3], [1, 3]], [[3, 0]]]","[3, 3]","[[[0, 3], [2, 3]], [[0, 3]]]",4,1.7613705638880106,0.0,0
85,0,-0.17218770268418665,-0.17886570017646586,-0.17886570017646586,0.0066779974922792085,0.0,0.0066779974922792085,912,361201,0.5330051997322197,0.5308102435632404,0,0,"[0, 3]","[[[3, 0]], [[0, 3], [1, 3], [2, 3]]]","[3, 2]","[[[0, 3]], [[3, 2], [1, 2], [0, 2]]]",4,-0.17886570017646586,0.0066779974922792085,0
85,1,-0.10989393186954985,-0.10989393186954985,-0.10989393186954968,0.0,-1.6653345369377348e-16,-1.6653345369377348e-16,8784,361201,0.5447503038886277,0.5437096780857613,1,1,"[0, 2]","[[[3, 0]], [[1, 2], [2, 3], [3, 2]]]","[3, 2]","[[[0, 3]], [[2, 3], [3, 2], [1, 2]]]",4,-0.10989393186954985,0.0,0
85,2,-0.10989393186954985,-0.10989393186954985,-0.10989393186954968,0.0,-1.6653345369377348e-16,-1.6653345369377348e-16,31944,361201,0.5447503038886277,0.5437096780857613,1,1,"[0, 2]","[[[3, 0]], [[1, 2], [2, 3], [3, 2]]]","[3, 2]","[[[0, 3]], [[2, 3], [3, 2], [1, 2]]]",4,-0.10989393186954985,0.0,0
85,4,-0.10989393186954985,-0.10989393186954985,-0.10989393186954968,0.0,-1.6653345369377348e-16,-1.6653345369377348e-16,69889,361201,0.5447503038886277,0.5437096780857613,1,1,"[0, 2]","[[[3, 0]], [[1, 2], [2, 3], [3, 2]]]","[3, 2]","[[[0, 3]], [[2, 3], [3, 2], [1, 2]]]",4,-0.10989393186954985,0.0,0
86,0,-0.2130731392549691,-0.2130731392549691,-0.21307313925496923,0.0,1.3877787807814457e-16,1.3877787807814457e-16,912,736164,0.5443186384157286,0.5443180727841912,0,0,"[3, 0]","[[[0, 3], [1, 3], [2, 3]], [[2, 0]]]","[3, 2]","[[[0, 3], [2, 3], [1, 3]], [[0, 2]]]",4,-0.2130731392549691,0.0,0
86,1,-0.20201604870161982,-0.20201604870161982,-0.20500202174012513,0.0,0.002985973038505313,0.002985973038505313,10752,736164,0.5471413761393036,0.5466261378415614,1,1,"[3, 0]","[[[0, 3], [2, 3], [3, 0]], [[2, 0]]]","[3, 2]","[[[0, 3], [2, 3], [3, 2]], [[0, 2]]]",4,-0.20201604870161982,0.0,1
86,2,-0.20201604870161982,-0.20201604870161982,-0.20201604870161982,0.0,0.0,0.0,46056,736164,0.5471413761393036,0.5471408105077661,1,1,"[3, 0]","[[[0, 3], [2, 3], [3, 0]], [[2, 0]]]","[3, 2]","[[[0, 3], [2, 3], [3, 0]], [[0, 2]]]",4,-0.20201604870161982,0.0,0
86,4,-0.20201604870161982,-0.20201604870161982,-0.20201604870161982,0.0,0.0,0.0,118436,736164,0.5471413761393036,0.5471408105077661,1,1,"[3, 0]","[[[0, 3], [2, 3], [3, 0]], [[2, 0]]]","[3, 2]","[[[0, 3], [2, 3], [3, 0]], [[0, 2]]]",4,-0.20201604870161982,0.0,0
87,0,0.40869048791583107,0.40869048791583107,0.40869048791583107,0.0,0.0,0.0,912,158404,0.6341981534507101,0.638949411225835,0,0,"[0, 1]","[[[3, 0]], [[0, 1], [2, 1], [3, 1]]]","[3, 1]","[[[0, 3]], [[0, 1], [3, 1], [2, 1]]]",4,0.40869048791583107,0.0,0
87,1,0.40869048791583107,0.40869048791583107,0.40869048791583107,0.0,0.0,0.0,6816,158404,0.6341981534507101,0.638949411225835,0,0,"[0, 1]","[[[3, 0]], [[0, 1], [2, 1], [3, 1]]]","[3, 1]","[[[0, 3]], [[0, 1], [3, 1], [2, 1]]]",4,0.40869048791583107,0.0,0
87,2,0.40869048791583107,0.40869048791583107,0.40869048791583107,0.0,0.0,0.0,20784,158404,0.6341981534507101,0.638949411225835,0,0,"[0, 1]","[[[3, 0]], [[0, 1], [2, 1], [3, 1]]]","[3, 1]","[[[0, 3]], [[0, 1], [3, 1], [2, 1]]]",4,0.40869048791583107,0.0,0
87,4,0.40869048791583107,0.40869048791583107,0.40869048791583107,0.0,0.0,0.0,38229,158404,0.6341981534507101,0.638949411225835,0,0,"[0, 1]","[[[3, 0]], [[0, 1], [2, 1], [3, 1]]]","[3, 1]","[[[0, 3]], [[0, 1], [3, 1], [2, 1]]]",4,0.40869048791583107,0.0,0
88,0,0.8124807066587236,0.8124807066587236,0.8124807066587236,0.0,0.0,0.0,912,361201,0.7324373357498994,0.7332048150674146,0,0,"[2, 0]","[[[0, 2], [1, 2], [3, 2]], [[2, 0]]]","[2, 3]","[[[0, 2], [3, 2], [1, 2]], [[0, 3]]]",4,0.8124807066587236,0.0,0
88,1,1.0622493054034032,1.0622493054034032,1.0622493054034032,0.0,0.0,0.0,8784,361201,0.7850654385620188,0.785832917879534,1,1,"[2, 0]","[[[0, 2], [2, 0], [3, 2]], [[2, 0]]]","[2, 3]","[[[0, 2], [2, 0], [3, 2]], [[0, 3]]]",4,1.0622493054034032,0.0,0
88,2,1.0622493054034032,1.0622493054034032,1.0622493054034032,0.0,0.0,0.0,31944,361201,0.7850654385620188,0.785832917879534,1,1,"[2, 0]","[[[0, 2], [2, 0], [3, 2]], [[2, 0]]]","[2, 3]","[[[0, 2], [2, 0], [3, 2]], [[0, 3]]]",4,1.0622493054034032,0.0,0
88,4,1.0622493054034032,1.0622493054034032,1.0622493054034032,0.0,0.0,0.0,69889,361201,0.7850654385620188,0.785832917879534,1,1,"[2, 0]","[[[0, 2], [2, 0], [3, 2]], [[2, 0]]]","[2, 3]","[[[0, 2], [2, 0], [3, 2]], [[0, 3]]]",4,1.0622493054034032,0.0,0
89,0,0.26620022645816194,0.26620022645816194,0.26620022645816194,0.0,0.0,0.0,912,361201,0.5985825269431482,0.5985825269431482,0,0,"[2, 2]","[[[0, 2], [1, 2], [3, 2]], [[3, 2]]]","[2, 2]","[[[1, 2], [3, 2], [0, 2]], [[3, 2]]]",4,0.26620022645816194,0.0,0
89,1,0.26620022645816194,0.26620022645816194,0.26620022645816194,0.0,0.0,0.0,8784,361201,0.5985825269431482,0.5985825269431482,0,0,"[2, 2]","[[[0, 2], [1, 2], [3, 2]], [[3, 2]]]","[2, 2]","[[[1, 2], [3, 2], [0, 2]], [[3, 2]]]",4,0.26620022645816194,0.0,0
89,2,0.4628782990056557,0.26620022645816194,0.255726676932238,0.19667807254749375,0.010473549525923942,0.2071516220734177,31944,361201,0.6372172497802645,0.5976397891438431,1,2,"[0, 2]","[[[1, 2], [2, 0], [2, 1]], [[3, 2]]]","[2, 2]","[[[1, 2], [0, 2], [2, 0]], [[3, 2]]]",4,0.26620022645816194,0.19667807254749375,1
89,4,0.4628782990056557,0.26620022645816194,0.255726676932238,0.19667807254749375,0.010473549525923942,0.2071516220734177,69889,361201,0.6372172497802645,0.5976397891438431,1,2,"[0, 2]","[[[1, 2], [2, 0], [2, 1]], [[3, 2]]]","[2, 2]","[[[1, 2], [0, 2], [2, 0]], [[3, 2]]]",4,0.26620022645816194,0.19667807254749375,1
90,0,-0.73372052669588,-0.7412579621156077,-0.7412579621156077,0.007537435419727734,0.0,0.007537435419727734,912,736164,0.09128125322863753,0.08917643167365469,0,0,"[0, 1]","[[[2, 0], [3, 0]], [[0, 1], [2, 1]]]","[0, 2]","[[[2, 0], [3, 0]], [[1, 2], [0, 2]]]",4,-0.7412579621156077,0.007537435419727734,0
90,1,-0.7183647102786411,-0.7183647102786416,-0.7183647102786416,4.440892098500626e-16,0.0,4.440892098500626e-16,10752,736164,0.09721788358980718,0.09721788358980704,1,1,"[0, 1]","[[[2, 0], [3, 0]], [[1, 2], [2, 1]]]","[0, 2]","[[[2, 0], [3, 0]], [[1, 2], [2, 1]]]",4,-0.7183647102786416,4.440892098500626e-16,0
90,2,-0.7133512563637477,-0.7133512563637483,-0.7133512563637483,5.551115123125783e-16,0.0,5.551115123125783e-16,46056,736164,0.09971313185770327,0.09971313185770311,2,2,"[0, 1]","[[[0, 2], [2, 0]], [[1, 2], [2, 1]]]","[0, 2]","[[[2, 0], [0, 2]], [[1, 2], [2, 1]]]",4,-0.7133512563637483,5.551115123125783e-16,0
90,4,-0.7133512563637477,-0.7133512563637483,-0.7133512563637483,5.551115123125783e-16,0.0,5.551115123125783e-16,118436,736164,0.09971313185770327,0.09971313185770311,2,2,"[0, 1]","[[[0, 2], [2, 0]], [[1, 2], [2, 1]]]","[0, 2]","[[[2, 0], [0, 2]], [[1, 2], [2, 1]]]",4,-0.7133512563637483,5.551115123125783e-16,0
91,0,1.7613705638880106,1.7613705638880106,1.7613705638880106,0.0,0.0,0.0,912,28224,0.9917761758779584,0.9917738923877832,0,0,"[1, 0]","[[[3, 1]], [[2, 0]]]","[1, 2]","[[[3, 1]], [[0, 2]]]",4,1.7613705638880106,0.0,0
91,1,1.7613705638880106,1.7613705638880106,1.7613705638880106,0.0,0.0,0.0,4848,28224,0.9917761758779584,0.9917738923877832,0,0,"[1, 0]","[[[3, 1]], [[2, 0]]]","[1, 2]","[[[3, 1]], [[0, 2]]]",4,1.7613705638880106,0.0,0
91,2,1.7613705638880106,1.7613705638880106,1.7613705638880106,0.0,0.0,0.0,9840,28224,0.9917761758779584,0.9917738923877832,0,0,"[1, 0]","[[[3, 1]], [[2, 0]]]","[1, 2]","[[[3, 1]], [[0, 2]]]",4,1.7613705638880106,0.0,0
91,4,1.7613705638880106,1.7613705638880106,1.7613705638880106,0.0,0.0,0.0,12224,28224,0.9917761758779584,0.9917738923877832,0,0,"[1, 0]","[[[3, 1]], [[2, 0]]]","[1, 2]","[[[3, 1]], [[0, 2]]]",4,1.7613705638880106,0.0,0
92,0,1.4637096993685943,1.4637096993685943,1.4637096993685943,0.0,0.0,0.0,912,361201,0.8698381264324055,0.8701315169901932,0,0,"[3, 0]","[[[0, 3], [1, 3], [2, 3]], [[3, 0]]]","[3, 3]","[[[0, 3], [1, 3], [2, 3]], [[0, 3]]]",4,1.4637096993685943,0.0,0
92,1,1.6676901044018806,1.6676901044018806,1.6676901044018806,0.0,0.0,0.0,8784,361201,0.9309279250382148,0.9312213155960024,1,1,"[3, 0]","[[[0, 3], [1, 3], [3, 0]], [[3, 0]]]","[3, 3]","[[[0, 3], [3, 0], [1, 3]], [[0, 3]]]",4,1.6676901044018806,0.0,0
92,2,1.6676901044018806,1.6676901044018806,1.6676901044018806,0.0,0.0,0.0,31944,361201,0.9309279250382148,0.9312213155960024,1,1,"[3, 0]","[[[0, 3], [1, 3], [3, 0]], [[3, 0]]]","[3, 3]","[[[0, 3], [3, 0], [1, 3]], [[0, 3]]]",4,1.6676901044018806,0.0,0
92,4,1.6676901044018806,1.6676901044018806,1.6676901044018806,0.0,0.0,0.0,69889,361201,0.9309279250382148,0.9312213155960024,1,1,"[3, 0]","[[[0, 3], [1, 3], [3, 0]], [[3, 0]]]","[3, 3]","[[[0, 3], [3, 0], [1, 3]], [[0, 3]]]",4,1.6676901044018806,0.0,0
93,0,-0.7316847161729443,-0.7351493811083664,-0.7351493811083664,0.0034646649354220793,0.0,0.0034646649354220793,912,96100,0.0916597679160153,0.09079597888479912,0,0,"[3, 3]","[[[1, 3], [2, 3]], [[0, 3], [2, 3]]]","[3, 2]","[[[2, 3], [1, 3]], [[3, 2], [1, 2]]]",4,-0.7351493811083664,0.0034646649354220793,0
93,1,-0.7316847161729443,-0.7351493811083664,-0.7351493811083664,0.0034646649354220793,0.0,0.0034646649354220793,5832,96100,0.0916597679160153,0.09079597888479912,0,0,"[3, 3]","[[[1, 3], [2, 3]], [[0, 3], [2, 3]]]","[3, 2]","[[[2, 3], [1, 3]], [[3, 2], [1, 2]]]",4,-0.7351493811083664,0.0034646649354220793,0
93,2,-0.7316847161729443,-0.7351493811083664,-0.7351493811083664,0.0034646649354220793,0.0,0.0034646649354220793,15798,96100,0.0916597679160153,0.09079597888479912,0,0,"[3, 3]","[[[1, 3], [2, 3]], [[0, 3], [2, 3]]]","[3, 2]","[[[2, 3], [1, 3]], [[3, 2], [1, 2]]]",4,-0.7351493811083664,0.0034646649354220793,0
93,4,-0.7316847161729443,-0.7351493811083664,-0.7351493811083664,0.0034646649354220793,0.0,0.0034646649354220793,26359,96100,0.0916597679160153,0.09079597888479912,0,0,"[3, 3]","[[[1, 3], [2, 3]], [[0, 3], [2, 3]]]","[3, 2]","[[[2, 3], [1, 3]], [[3, 2], [1, 2]]]",4,-0.7351493811083664,0.0034646649354220793,0
94,0,1.7613705638880106,1.7613705638880106,1.7613705638880106,0.0,0.0,0.0,912,118336,0.9660287491787127,0.9753668711782671,0,0,"[0, 0]","[[[2, 0]], [[3, 0]]]","[2, 0]","[[[3, 2]], [[3, 0]]]",4,1.7613705638880106,0.0,0
94,1,1.7613705638880106,1.7613705638880106,1.7613705638880106,0.0,0.0,0.0,6816,118336,0.9660287491787127,0.9753668711782671,0,0,"[0, 0]","[[[2, 0]], [[3, 0]]]","[2, 0]","[[[3, 2]], [[3, 0]]]",4,1.7613705638880106,0.0,0
94,2,1.7613705638880106,1.7613705638880106,1.7613705638880106,0.0,0.0,0.0,19416,118336,0.9660287491787127,0.9753668711782671,0,0,"[0, 0]","[[[2, 0]], [[3, 0]]]","[2, 0]","[[[3, 2]], [[3, 0]]]",4,1.7613705638880106,0.0,0
94,4,1.7613705638880106,1.7613705638880106,1.7613705638880106,0.0,0.0,0.0,32640,118336,0.9660287491787127,0.9753668711782671,0,0,"[0, 0]","[[[2, 0]], [[3, 0]]]","[2, 0]","[[[3, 2]], [[3, 0]]]",4,1.7613705638880106,0.0,0
95,0,1.7613705638880106,1.7613705638880106,1.7613705638880106,0.0,0.0,0.0,912,118336,0.9667698324960109,0.9846259283444233,0,0,"[1, 0]","[[[0, 1], [2, 1]], [[3, 0]]]","[1, 3]","[[[2, 1], [3, 1]], [[2, 3]]]",4,1.7613705638880106,0.0,0
95,1,1.7613705638880106,1.7613705638880106,1.7613705638880106,0.0,0.0,0.0,6816,118336,0.9667698324960109,0.9846259283444233,0,0,"[1, 0]","[[[0, 1], [2, 1]], [[3, 0]]]","[1, 3]","[[[2, 1], [3, 1]], [[2, 3]]]",4,1.7613705638880106,0.0,0
95,2,1.7613705638880106,1.7613705638880106,1.7613705638880106,0.0,0.0,0.0,19416,118336,0.9667698324960109,0.9846259283444233,0,0,"[1, 0]","[[[0, 1], [2, 1]], [[3, 0]]]","[1, 3]","[[[2, 1], [3, 1]], [[2, 3]]]",4,1.7613705638880106,0.0,0
95,4,1.7613705638880106,1.7613705638880106,1.7613705638880106,0.0,0.0,0.0,32640,118336,0.9667698324960109,0.9846259283444233,0,0,"[1, 0]","[[[0, 1], [2, 1]], [[3, 0]]]","[1, 3]","[[[2, 1], [3, 1]], [[2, 3]]]",4,1.7613705638880106,0.0,0
96,0,1.7613705638880106,1.7613705638880106,1.7613705638880106,0.0,0.0,0.0,912,158404,0.9992015568829273,0.9992050713319751,0,0,"[0, 0]","[[[3, 0]], [[1, 0]]]","[3, 0]","[[[0, 3]], [[1, 0]]]",4,1.7613705638880106,0.0,0
96,1,1.7613705638880106,1.7613705638880106,1.7613705638880106,0.0,0.0,0.0,6816,158404,0.9992015568829273,0.9992050713319751,0,0,"[0, 0]","[[[3, 0]], [[1, 0]]]","[3, 0]","[[[0, 3]], [[1, 0]]]",4,1.7613705638880106,0.0,0
96,2,1.7613705638880106,1.7613705638880106,1.7613705638880106,0.0,0.0,0.0,20784,158404,0.9992015568829273,0.9992050713319751,0,0,"[0, 0]","[[[3, 0]], [[1, 0]]]","[3, 0]","[[[0, 3]], [[1, 0]]]",4,1.7613705638880106,0.0,0
96,4,1.7613705638880106,1.7613705638880106,1.7613705638880106,0.0,0.0,0.0,38229,158404,0.9992015568829273,0.9992050713319751,0,0,"[0, 0]","[[[3, 0]], [[1, 0]]]","[3, 0]","[[[0, 3]], [[1, 0]]]",4,1.7613705638880106,0.0,0
97,0,1.3802735979009841,1.3802735979009841,1.3802735979009841,0.0,0.0,0.0,912,49284,0.8383976173181817,0.8383976173181817,0,0,"[0, 0]","[[[1, 0], [2, 0], [3, 0]], [[3, 0]]]","[0, 0]","[[[2, 0], [1, 0], [3, 0]], [[3, 0]]]",4,1.3802735979009841,0.0,0
97,1,1.3802735979009841,1.3802735979009841,1.3802735979009841,0.0,0.0,0.0,4848,49284,0.8383976173181817,0.8383976173181817,0,0,"[0, 0]","[[[1, 0], [2, 0], [3, 0]], [[3, 0]]]","[0, 0]","[[[2, 0], [1, 0], [3, 0]], [[3, 0]]]",4,1.3802735979009841,0.0,0
97,2,1.3802735979009841,1.3802735979009841,1.3802735979009841,0.0,0.0,0.0,11208,49284,0.8383976173181817,0.8383976173181817,0,0,"[0, 0]","[[[1, 0], [2, 0], [3, 0]], [[3, 0]]]","[0, 0]","[[[2, 0], [1, 0], [3, 0]], [[3, 0]]]",4,1.3802735979009841,0.0,0
97,4,1.3802735979009841,1.3802735979009841,1.3802735979009841,0.0,0.0,0.0,16409,49284,0.8383976173181817,0.8383976173181817,0,0,"[0, 0]","[[[1, 0], [2, 0], [3, 0]], [[3, 0]]]","[0, 0]","[[[2, 0], [1, 0], [3, 0]], [[3, 0]]]",4,1.3802735979009841,0.0,0
98,0,1.7613705638880106,1.7613705638880106,1.7613705638880106,0.0,0.0,0.0,912,96100,0.9850083566995924,0.9998749571036889,0,0,"[0, 0]","[[[2, 0]], [[2, 0], [3, 0]]]","[2, 3]","[[[0, 2]], [[2, 3]]]",4,1.7613705638880106,0.0,0
98,1,1.7613705638880106,1.7613705638880106,1.7613705638880106,0.0,0.0,0.0,5832,96100,0.9850083566995924,0.9998749571036889,0,0,"[0, 0]","[[[2, 0]], [[2, 0], [3, 0]]]","[2, 3]","[[[0, 2]], [[2, 3]]]",4,1.7613705638880106,0.0,0
98,2,1.7613705638880106,1.7613705638880106,1.7613705638880106,0.0,0.0,0.0,15798,96100,0.9850083566995924,0.9998749571036889,0,0,"[0, 0]","[[[2, 0]], [[2, 0], [3, 0]]]","[2, 3]","[[[0, 2]], [[2, 3]]]",4,1.7613705638880106,0.0,0
98,4,1.7613705638880106,1.7613705638880106,1.7613705638880106,0.0,0.0,0.0,26359,96100,0.9850083566995924,0.9998749571036889,0,0,"[0, 0]","[[[2, 0]], [[2, 0], [3, 0]]]","[2, 3]","[[[0, 2]], [[2, 3]]]",4,1.7613705638880106,0.0,0
99,0,1.4877722460223912,1.4877722460223912,1.4877722460223912,0.0,0.0,0.0,912,736164,0.8837441553596608,0.8837441553596608,0,0,"[3, 0]","[[[0, 3], [1, 3], [2, 3]], [[1, 0]]]","[3, 0]","[[[1, 3], [0, 3], [2, 3]], [[1, 0]]]",4,1.4877722460223912,0.0,0
99,1,1.6971310064455325,1.6971310064455325,1.6971310064455327,0.0,-2.220446049250313e-16,-2.220446049250313e-16,10752,736164,0.9494031333030062,0.9494031333030062,1,1,"[3, 0]","[[[0, 3], [1, 3], [3, 1]], [[1, 0]]]","[3, 0]","[[[1, 3], [3, 1], [0, 3]], [[1, 0]]]",4,1.6971310064455325,0.0,0
99,2,1.6971310064455325,1.6971310064455325,1.6971310064455327,0.0,-2.220446049250313e-16,-2.220446049250313e-16,46056,736164,0.9494031333030062,0.9494031333030062,1,1,"[3, 0]","[[[0, 3], [1, 3], [3, 1]], [[1, 0]]]","[3, 0]","[[[1, 3], [3, 1], [0, 3]], [[1, 0]]]",4,1.6971310064455325,0.0,0
99,4,1.6971310064455325,1.6971310064455325,1.6971310064455327,0.0,-2.220446049250313e-16,-2.220446049250313e-16,118436,736164,0.9494031333030062,0.9494031333030062,1,1,"[3, 0]","[[[0, 3], [1, 3], [3, 1]], [[1, 0]]]","[3, 0]","[[[1, 3], [3, 1], [0, 3]], [[1, 0]]]",4,1.6971310064455325,0.0,0
