condition,trial,method,pd,pfa,reports,observations,active_targets,capture,bits,delay_ms,selector_seconds,objective_gain,extra_pd_evaluations,accepted_moves
rcs0.05_k0,0,v1,0.4,0.056666666666666664,0,55,10,1.0,0.0,0.0,4.105428299983032,0.0,0,0
rcs0.05_k0,0,joint,0.5,0.05333333333333334,0,46,10,1.0,0.0,0.0,4.233200800023042,0.08694198959190436,336,3
rcs0.05_k0,0,balanced,0.5,0.05333333333333334,0,60,10,1.0,0.0,0.0,0.540413900045678,0.0,0,0
rcs0.05_k0,0,robust,0.5,0.05333333333333334,0,60,10,1.0,0.0,0.0,4.732216799980961,0.0,0,0
rcs0.05_k0,1,v1,0.5,0.023333333333333334,0,52,10,0.9807692307692307,0.0,0.0,3.924994900007732,0.0,0,0
rcs0.05_k0,1,joint,0.5,0.023333333333333334,0,52,10,0.9807692307692307,0.0,0.0,4.04422819998581,0.0,350,0
rcs0.05_k0,1,balanced,0.3,0.023333333333333334,0,60,10,0.9833333333333333,0.0,0.0,0.489051700104028,0.0,0,0
rcs0.05_k0,1,robust,0.4,0.02666666666666667,0,60,10,0.9833333333333333,0.0,0.0,4.390530499978922,0.0,0,0
rcs0.05_k0,2,v1,0.5,0.04,0,48,10,0.9583333333333334,0.0,0.0,3.6740013000089675,0.0,0,0
rcs0.05_k0,2,joint,0.6,0.043333333333333335,0,44,10,0.9545454545454546,0.0,0.0,3.803630799986422,0.015078273713294732,345,2
rcs0.05_k0,2,balanced,0.4,0.06,0,60,10,0.95,0.0,0.0,0.697490300051868,0.0,0,0
rcs0.05_k0,2,robust,0.5,0.04,0,60,10,0.95,0.0,0.0,4.99630569992587,0.0,0,0
rcs0.05_k0,3,v1,0.1,0.04666666666666667,0,49,10,1.0,0.0,0.0,3.481222499976866,0.0,0,0
rcs0.05_k0,3,joint,0.1,0.05,0,45,10,1.0,0.0,0.0,3.629619500017725,0.2214421402641591,367,2
rcs0.05_k0,3,balanced,0.3,0.05333333333333334,0,60,10,0.9833333333333333,0.0,0.0,0.602736399974674,0.0,0,0
rcs0.05_k0,3,robust,0.2,0.043333333333333335,0,60,10,0.9833333333333333,0.0,0.0,4.458172000013292,0.0,0,0
rcs0.05_k0,4,v1,0.4,0.05,0,59,10,1.0,0.0,0.0,4.378564799902961,0.0,0,0
rcs0.05_k0,4,joint,0.4,0.05333333333333334,0,51,10,1.0,0.0,0.0,4.527573199942708,0.23243506268421532,389,4
rcs0.05_k0,4,balanced,0.5,0.05333333333333334,0,60,10,1.0,0.0,0.0,0.6166685000061989,0.0,0,0
rcs0.05_k0,4,robust,0.4,0.04666666666666667,0,60,10,1.0,0.0,0.0,4.589892499963753,0.0,0,0
rcs0.05_k0,5,v1,0.4,0.04,0,55,10,1.0,0.0,0.0,4.019992100074887,0.0,0,0
rcs0.05_k0,5,joint,0.4,0.04,0,55,10,1.0,0.0,0.0,4.156447499990463,0.0,381,0
rcs0.05_k0,5,balanced,0.5,0.02666666666666667,0,60,10,0.9833333333333333,0.0,0.0,0.6332926000468433,0.0,0,0
rcs0.05_k0,5,robust,0.4,0.03666666666666667,0,60,10,0.9833333333333333,0.0,0.0,4.675326199969277,0.0,0,0
rcs0.05_k0,6,v1,0.3,0.06666666666666667,0,49,10,0.9591836734693877,0.0,0.0,3.2162612000247464,0.0,0,0
rcs0.05_k0,6,joint,0.3,0.04666666666666667,0,45,10,0.9555555555555556,0.0,0.0,3.362631500000134,0.0023122241965358725,378,2
rcs0.05_k0,6,balanced,0.4,0.07,0,60,10,0.9666666666666667,0.0,0.0,0.5528472000733018,0.0,0,0
rcs0.05_k0,6,robust,0.4,0.06666666666666667,0,60,10,0.9666666666666667,0.0,0.0,4.291443699970841,0.0,0,0
rcs0.05_k0,7,v1,0.7,0.05,0,39,10,0.8461538461538461,0.0,0.0,3.121824400033802,0.0,0,0
rcs0.05_k0,7,joint,0.7,0.05,0,39,10,0.8461538461538461,0.0,0.0,3.233312699943781,0.0,348,0
rcs0.05_k0,7,balanced,0.7,0.03,0,60,10,0.8833333333333333,0.0,0.0,0.6812231000512838,0.0,0,0
rcs0.05_k0,7,robust,0.7,0.03333333333333333,0,60,10,0.8833333333333333,0.0,0.0,4.740626299986616,0.0,0,0
rcs0.05_k0,8,v1,0.3,0.06,0,44,10,1.0,0.0,0.0,2.963696699938737,0.0,0,0
rcs0.05_k0,8,joint,0.3,0.05333333333333334,0,44,10,1.0,0.0,0.0,3.1117219999432564,8.890427786223398e-05,373,1
rcs0.05_k0,8,balanced,0.5,0.05,0,60,10,1.0,0.0,0.0,0.5631750000175089,0.0,0,0
rcs0.05_k0,8,robust,0.5,0.03666666666666667,0,60,10,1.0,0.0,0.0,4.222943099914119,0.0,0,0
rcs0.05_k0,9,v1,0.3,0.043333333333333335,0,56,10,1.0,0.0,0.0,4.408703099936247,0.0,0,0
rcs0.05_k0,9,joint,0.3,0.04,0,52,10,1.0,0.0,0.0,4.536980199976824,0.15049028576599177,333,2
rcs0.05_k0,9,balanced,0.2,0.03666666666666667,0,60,10,1.0,0.0,0.0,0.5747368999291211,0.0,0,0
rcs0.05_k0,9,robust,0.2,0.05,0,60,10,1.0,0.0,0.0,4.689616800053045,0.0,0,0
rcs0.05_k0,10,v1,0.5,0.03666666666666667,0,51,10,1.0,0.0,0.0,4.536762000061572,0.0,0,0
rcs0.05_k0,10,joint,0.5,0.043333333333333335,0,47,10,1.0,0.0,0.0,4.6549147999612615,0.09655569761700233,333,2
rcs0.05_k0,10,balanced,0.6,0.04,0,60,10,1.0,0.0,0.0,0.8526763000991195,0.0,0,0
rcs0.05_k0,10,robust,0.5,0.04,0,60,10,1.0,0.0,0.0,5.242052199901082,0.0,0,0
rcs0.05_k0,11,v1,0.4,0.06333333333333334,0,55,10,1.0,0.0,0.0,4.897190600051545,0.0,0,0
rcs0.05_k0,11,joint,0.4,0.06666666666666667,0,51,10,1.0,0.0,0.0,5.036462299991399,0.22474502062820734,356,2
rcs0.05_k0,11,balanced,0.4,0.06666666666666667,0,60,10,1.0,0.0,0.0,0.8106351000024006,0.0,0,0
rcs0.05_k0,11,robust,0.5,0.06333333333333334,0,60,10,1.0,0.0,0.0,5.389790000044741,0.0,0,0
rcs0.05_k0,12,v1,0.3,0.03666666666666667,0,50,10,0.88,0.0,0.0,4.53399560006801,0.0,0,0
rcs0.05_k0,12,joint,0.3,0.03666666666666667,0,46,10,0.8695652173913043,0.0,0.0,4.688196700066328,0.09852605975332818,372,2
rcs0.05_k0,12,balanced,0.4,0.04666666666666667,0,60,10,0.9,0.0,0.0,0.8984261999139562,0.0,0,0
rcs0.05_k0,12,robust,0.4,0.03666666666666667,0,60,10,0.9,0.0,0.0,5.358466400066391,0.0,0,0
rcs0.05_k0,13,v1,0.2,0.03666666666666667,0,52,10,1.0,0.0,0.0,4.085485599935055,0.0,0,0
rcs0.05_k0,13,joint,0.2,0.03666666666666667,0,52,10,1.0,0.0,0.0,4.190070899901912,0.0,342,0
rcs0.05_k0,13,balanced,0.3,0.043333333333333335,0,60,10,1.0,0.0,0.0,0.6067290999926627,0.0,0,0
rcs0.05_k0,13,robust,0.3,0.03666666666666667,0,60,10,1.0,0.0,0.0,4.539874300011434,0.0,0,0
rcs0.05_k0,14,v1,0.6,0.06666666666666667,0,50,10,1.0,0.0,0.0,4.280539200059138,0.0,0,0
rcs0.05_k0,14,joint,0.6,0.06666666666666667,0,50,10,1.0,0.0,0.0,4.407736000139266,0.0,368,0
rcs0.05_k0,14,balanced,0.7,0.05,0,60,10,1.0,0.0,0.0,0.7061518999980763,0.0,0,0
rcs0.05_k0,14,robust,0.7,0.06,0,60,10,1.0,0.0,0.0,5.076861900044605,0.0,0,0
rcs0.05_k0,15,v1,0.6,0.05,0,51,10,1.0,0.0,0.0,4.456546799978241,0.0,0,0
rcs0.05_k0,15,joint,0.6,0.05,0,51,10,1.0,0.0,0.0,4.579156799940392,0.0,346,0
rcs0.05_k0,15,balanced,0.6,0.06,0,60,10,1.0,0.0,0.0,0.8422818999970332,0.0,0,0
rcs0.05_k0,15,robust,0.6,0.04666666666666667,0,60,10,1.0,0.0,0.0,5.378649599966593,0.0,0,0
rcs0.05_k0,16,v1,0.5,0.03666666666666667,0,52,10,0.9230769230769231,0.0,0.0,4.3236167000140995,0.0,0,0
rcs0.05_k0,16,joint,0.5,0.03666666666666667,0,52,10,0.9230769230769231,0.0,0.0,4.439391800086014,0.0,348,0
rcs0.05_k0,16,balanced,0.5,0.04666666666666667,0,60,10,0.9333333333333333,0.0,0.0,0.7698748999973759,0.0,0,0
rcs0.05_k0,16,robust,0.6,0.05333333333333334,0,60,10,0.95,0.0,0.0,5.218273099977523,0.0,0,0
rcs0.05_k0,17,v1,0.5,0.05333333333333334,0,46,10,1.0,0.0,0.0,3.6271636000601575,0.0,0,0
rcs0.05_k0,17,joint,0.4,0.04666666666666667,0,42,10,1.0,0.0,0.0,3.7483327999943867,0.09970701250311675,343,2
rcs0.05_k0,17,balanced,0.6,0.04,0,60,10,1.0,0.0,0.0,0.7369654000503942,0.0,0,0
rcs0.05_k0,17,robust,0.6,0.043333333333333335,0,60,10,1.0,0.0,0.0,5.033733899937943,0.0,0,0
rcs0.05_k0,18,v1,0.4,0.043333333333333335,0,46,10,0.9565217391304348,0.0,0.0,3.6437129999976605,0.0,0,0
rcs0.05_k0,18,joint,0.5,0.043333333333333335,0,38,10,0.9473684210526315,0.0,0.0,3.7840341000119224,0.42675325677549614,385,4
rcs0.05_k0,18,balanced,0.3,0.04,0,60,10,0.95,0.0,0.0,0.6263714999658987,0.0,0,0
rcs0.05_k0,18,robust,0.5,0.04,0,60,10,0.9333333333333333,0.0,0.0,4.499358900007792,0.0,0,0
rcs0.05_k0,19,v1,0.5,0.03333333333333333,0,50,10,1.0,0.0,0.0,3.728064800030552,0.0,0,0
rcs0.05_k0,19,joint,0.4,0.03333333333333333,0,42,10,1.0,0.0,0.0,3.8560555999865755,0.4079291992231142,351,4
rcs0.05_k0,19,balanced,0.7,0.06,0,60,10,1.0,0.0,0.0,0.7378529999405146,0.0,0,0
rcs0.05_k0,19,robust,0.7,0.05333333333333334,0,60,10,1.0,0.0,0.0,4.908649699995294,0.0,0,0
rcs0.05_k0,20,v1,0.5,0.04666666666666667,0,52,10,1.0,0.0,0.0,4.1406734000192955,0.0,0,0
rcs0.05_k0,20,joint,0.5,0.05333333333333334,0,48,10,1.0,0.0,0.0,4.262483700062148,0.0020659700123599745,333,2
rcs0.05_k0,20,balanced,0.5,0.04666666666666667,0,60,10,1.0,0.0,0.0,0.7287136999657378,0.0,0,0
rcs0.05_k0,20,robust,0.5,0.04666666666666667,0,60,10,1.0,0.0,0.0,5.199463600059971,0.0,0,0
rcs0.05_k0,21,v1,0.6,0.06,0,42,10,1.0,0.0,0.0,3.6057070000097156,0.0,0,0
rcs0.05_k0,21,joint,0.6,0.06,0,42,10,1.0,0.0,0.0,3.7025542999617755,0.0,336,0
rcs0.05_k0,21,balanced,0.7,0.06666666666666667,0,60,10,1.0,0.0,0.0,0.7593269000062719,0.0,0,0
rcs0.05_k0,21,robust,0.6,0.06666666666666667,0,60,10,1.0,0.0,0.0,5.241272600018419,0.0,0,0
rcs0.05_k0,22,v1,0.8,0.07,0,42,10,1.0,0.0,0.0,3.152704400010407,0.0,0,0
rcs0.05_k0,22,joint,0.8,0.07,0,38,10,1.0,0.0,0.0,3.267069699941203,0.0399472151234167,336,2
rcs0.05_k0,22,balanced,0.9,0.06,0,60,10,1.0,0.0,0.0,0.7950870000058785,0.0,0,0
rcs0.05_k0,22,robust,0.8,0.06,0,60,10,1.0,0.0,0.0,5.0000607999973,0.0,0,0
rcs0.05_k0,23,v1,0.5,0.043333333333333335,0,56,10,1.0,0.0,0.0,4.958737900014967,0.0,0,0
rcs0.05_k0,23,joint,0.6,0.03666666666666667,0,48,10,1.0,0.0,0.0,5.108566700015217,0.1735008502800537,380,4
rcs0.05_k0,23,balanced,0.3,0.05333333333333334,0,60,10,1.0,0.0,0.0,0.862588300020434,0.0,0,0
rcs0.05_k0,23,robust,0.5,0.05,0,60,10,1.0,0.0,0.0,5.538020399981178,0.0,0,0
rcs0.05_k0,24,v1,0.6,0.04,0,41,10,1.0,0.0,0.0,2.6662075000349432,0.0,0,0
rcs0.05_k0,24,joint,0.5,0.04,0,28,10,1.0,0.0,0.0,2.788256400031969,1.5285364434173319,339,5
rcs0.05_k0,24,balanced,0.7,0.06,0,60,10,1.0,0.0,0.0,0.6486976000014693,0.0,0,0
rcs0.05_k0,24,robust,0.7,0.05333333333333334,0,60,10,1.0,0.0,0.0,4.501558999996632,0.0,0,0
rcs0.05_k0,25,v1,0.2,0.04666666666666667,0,58,10,0.9655172413793104,0.0,0.0,4.122736999997869,0.0,0,0
rcs0.05_k0,25,joint,0.2,0.04666666666666667,0,58,10,0.9655172413793104,0.0,0.0,4.250366399995983,0.0,364,0
rcs0.05_k0,25,balanced,0.2,0.03666666666666667,0,60,10,0.9833333333333333,0.0,0.0,0.5589687000028789,0.0,0,0
rcs0.05_k0,25,robust,0.2,0.05333333333333334,0,60,10,0.9666666666666667,0.0,0.0,4.490890800021589,0.0,0,0
rcs0.05_k0,26,v1,0.4,0.04,0,56,10,1.0,0.0,0.0,4.301500600064173,0.0,0,0
rcs0.05_k0,26,joint,0.4,0.04,0,56,10,1.0,0.0,0.0,4.426796299987473,0.0,372,0
rcs0.05_k0,26,balanced,0.4,0.03333333333333333,0,60,10,1.0,0.0,0.0,0.6262433000374585,0.0,0,0
rcs0.05_k0,26,robust,0.4,0.05,0,60,10,1.0,0.0,0.0,4.764379800064489,0.0,0,0
rcs0.05_k0,27,v1,0.4,0.02666666666666667,0,57,10,1.0,0.0,0.0,4.460990999941714,0.0,0,0
rcs0.05_k0,27,joint,0.4,0.02666666666666667,0,53,10,1.0,0.0,0.0,4.595527199911885,0.05502573139936562,343,2
rcs0.05_k0,27,balanced,0.5,0.03666666666666667,0,60,10,1.0,0.0,0.0,0.5786186000332236,0.0,0,0
rcs0.05_k0,27,robust,0.5,0.02666666666666667,0,60,10,1.0,0.0,0.0,4.747310200007632,0.0,0,0
rcs0.05_k0,28,v1,0.5,0.056666666666666664,0,55,10,1.0,0.0,0.0,4.09641990007367,0.0,0,0
rcs0.05_k0,28,joint,0.5,0.056666666666666664,0,55,10,1.0,0.0,0.0,4.200937999994494,0.0,327,0
rcs0.05_k0,28,balanced,0.4,0.06,0,60,10,1.0,0.0,0.0,0.6763372999848798,0.0,0,0
rcs0.05_k0,28,robust,0.4,0.056666666666666664,0,60,10,1.0,0.0,0.0,4.838805800070986,0.0,0,0
rcs0.05_k0,29,v1,0.4,0.05,0,56,10,1.0,0.0,0.0,4.032261099899188,0.0,0,0
rcs0.05_k0,29,joint,0.4,0.056666666666666664,0,52,10,1.0,0.0,0.0,4.172794999903999,0.0448558557770391,352,2
rcs0.05_k0,29,balanced,0.3,0.056666666666666664,0,60,10,1.0,0.0,0.0,0.528632799978368,0.0,0,0
rcs0.05_k0,29,robust,0.4,0.05,0,60,10,1.0,0.0,0.0,4.493475400027819,0.0,0,0
rcs0.05_k0,30,v1,0.5,0.03666666666666667,0,55,10,0.9090909090909091,0.0,0.0,3.535204999963753,0.0,0,0
rcs0.05_k0,30,joint,0.5,0.03333333333333333,0,51,10,0.9019607843137255,0.0,0.0,3.6858736999565735,0.06604963890783866,367,2
rcs0.05_k0,30,balanced,0.7,0.043333333333333335,0,60,10,0.8833333333333333,0.0,0.0,0.5237557999789715,0.0,0,0
rcs0.05_k0,30,robust,0.5,0.03666666666666667,0,60,10,0.9,0.0,0.0,4.400488200015388,0.0,0,0
rcs0.05_k0,31,v1,0.6,0.05,0,60,10,1.0,0.0,0.0,5.178215500083752,0.0,0,0
rcs0.05_k0,31,joint,0.6,0.05,0,60,10,1.0,0.0,0.0,5.305133600020781,0.0,391,0
rcs0.05_k0,31,balanced,0.6,0.06333333333333334,0,60,10,1.0,0.0,0.0,0.8072489999467507,0.0,0,0
rcs0.05_k0,31,robust,0.6,0.05,0,60,10,1.0,0.0,0.0,5.522722400026396,0.0,0,0
rcs0.05_k0,32,v1,0.5,0.04666666666666667,0,33,10,1.0,0.0,0.0,2.3170286000240594,0.0,0,0
rcs0.05_k0,32,joint,0.5,0.04666666666666667,0,33,10,1.0,0.0,0.0,2.4102931999368593,0.0,317,0
rcs0.05_k0,32,balanced,0.5,0.03,0,60,10,1.0,0.0,0.0,0.6572372000664473,0.0,0,0
rcs0.05_k0,32,robust,0.6,0.03333333333333333,0,60,10,1.0,0.0,0.0,4.918506299960427,0.0,0,0
rcs0.05_k0,33,v1,0.4,0.043333333333333335,0,47,10,1.0,0.0,0.0,3.601920499932021,0.0,0,0
rcs0.05_k0,33,joint,0.4,0.043333333333333335,0,47,10,1.0,0.0,0.0,3.7107290998101234,0.0,347,0
rcs0.05_k0,33,balanced,0.4,0.06333333333333334,0,60,10,0.9833333333333333,0.0,0.0,0.7186844000825658,0.0,0,0
rcs0.05_k0,33,robust,0.5,0.043333333333333335,0,60,10,0.9833333333333333,0.0,0.0,4.782452299958095,0.0,0,0
rcs0.05_k0,34,v1,0.7,0.056666666666666664,0,46,10,0.9782608695652174,0.0,0.0,3.4746850000228733,0.0,0,0
rcs0.05_k0,34,joint,0.7,0.056666666666666664,0,46,10,0.9782608695652174,0.0,0.0,3.5828568000579253,0.0,336,0
rcs0.05_k0,34,balanced,0.7,0.07666666666666666,0,60,10,0.9833333333333333,0.0,0.0,0.7827662999043241,0.0,0,0
rcs0.05_k0,34,robust,0.7,0.06666666666666667,0,60,10,0.9833333333333333,0.0,0.0,5.049326200038195,0.0,0,0
rcs0.05_k0,35,v1,0.5,0.043333333333333335,0,52,10,1.0,0.0,0.0,4.097921499982476,0.0,0,0
rcs0.05_k0,35,joint,0.5,0.043333333333333335,0,52,10,1.0,0.0,0.0,4.21464699995704,0.0,347,0
rcs0.05_k0,35,balanced,0.5,0.05,0,60,10,1.0,0.0,0.0,0.5907841000007465,0.0,0,0
rcs0.05_k0,35,robust,0.5,0.043333333333333335,0,60,10,1.0,0.0,0.0,4.749312300002202,0.0,0,0
rcs0.05_k0,36,v1,0.3,0.05,0,51,10,1.0,0.0,0.0,4.030236199963838,0.0,0,0
rcs0.05_k0,36,joint,0.3,0.05,0,51,10,1.0,0.0,0.0,4.155292599927634,0.0,370,0
rcs0.05_k0,36,balanced,0.3,0.05,0,60,10,1.0,0.0,0.0,0.7337286000838503,0.0,0,0
rcs0.05_k0,36,robust,0.3,0.04666666666666667,0,60,10,1.0,0.0,0.0,4.996857000049204,0.0,0,0
rcs0.05_k0,37,v1,0.5,0.06333333333333334,0,36,10,0.9722222222222222,0.0,0.0,2.3059312000405043,0.0,0,0
rcs0.05_k0,37,joint,0.5,0.06333333333333334,0,36,10,0.9722222222222222,0.0,0.0,2.400749600143172,0.0,309,0
rcs0.05_k0,37,balanced,0.6,0.08333333333333333,0,60,10,0.9833333333333333,0.0,0.0,0.6262368999887258,0.0,0,0
rcs0.05_k0,37,robust,0.7,0.07,0,60,10,0.9833333333333333,0.0,0.0,4.71554839995224,0.0,0,0
rcs0.05_k0,38,v1,0.5,0.056666666666666664,0,49,10,1.0,0.0,0.0,4.166261099977419,0.0,0,0
rcs0.05_k0,38,joint,0.5,0.056666666666666664,0,49,10,1.0,0.0,0.0,4.290689799934626,0.0,363,0
rcs0.05_k0,38,balanced,0.5,0.05,0,60,10,1.0,0.0,0.0,0.7867292000446469,0.0,0,0
rcs0.05_k0,38,robust,0.6,0.04666666666666667,0,60,10,1.0,0.0,0.0,4.972419900004752,0.0,0,0
rcs0.05_k0,39,v1,0.4,0.04,0,47,10,1.0,0.0,0.0,3.4972568000666797,0.0,0,0
rcs0.05_k0,39,joint,0.4,0.04,0,47,10,1.0,0.0,0.0,3.6164030000800267,0.0,333,0
rcs0.05_k0,39,balanced,0.4,0.056666666666666664,0,60,10,1.0,0.0,0.0,0.6532407000195235,0.0,0,0
rcs0.05_k0,39,robust,0.4,0.04,0,60,10,1.0,0.0,0.0,5.062429799931124,0.0,0,0
rcs0.05_k0,40,v1,0.5,0.04666666666666667,0,46,10,1.0,0.0,0.0,3.2917799999704584,0.0,0,0
rcs0.05_k0,40,joint,0.5,0.05,0,38,10,1.0,0.0,0.0,3.421228199964389,0.0731121522679099,340,4
rcs0.05_k0,40,balanced,0.6,0.06333333333333334,0,60,10,0.9833333333333333,0.0,0.0,0.6771265999414027,0.0,0,0
rcs0.05_k0,40,robust,0.6,0.056666666666666664,0,60,10,0.9833333333333333,0.0,0.0,4.720514200045727,0.0,0,0
rcs0.05_k0,41,v1,0.4,0.03666666666666667,0,45,10,1.0,0.0,0.0,2.9439066998893395,0.0,0,0
rcs0.05_k0,41,joint,0.4,0.03666666666666667,0,45,10,1.0,0.0,0.0,3.043944099918008,0.0,304,0
rcs0.05_k0,41,balanced,0.6,0.04666666666666667,0,60,10,1.0,0.0,0.0,0.6997182999039069,0.0,0,0
rcs0.05_k0,41,robust,0.6,0.043333333333333335,0,60,10,1.0,0.0,0.0,4.768736700061709,0.0,0,0
rcs0.05_k0,42,v1,0.4,0.04666666666666667,0,59,10,1.0,0.0,0.0,4.8033086999785155,0.0,0,0
rcs0.05_k0,42,joint,0.4,0.04666666666666667,0,59,10,1.0,0.0,0.0,4.924028700101189,0.0,345,0
rcs0.05_k0,42,balanced,0.4,0.043333333333333335,0,60,10,1.0,0.0,0.0,0.7375571999000385,0.0,0,0
rcs0.05_k0,42,robust,0.4,0.05333333333333334,0,60,10,1.0,0.0,0.0,5.180924100102857,0.0,0,0
rcs0.05_k0,43,v1,0.5,0.02666666666666667,0,45,10,0.8666666666666667,0.0,0.0,3.856612000032328,0.0,0,0
rcs0.05_k0,43,joint,0.5,0.02666666666666667,0,45,10,0.8666666666666667,0.0,0.0,3.9724271999439225,0.0,334,0
rcs0.05_k0,43,balanced,0.5,0.05333333333333334,0,60,10,0.9,0.0,0.0,0.825582499965094,0.0,0,0
rcs0.05_k0,43,robust,0.6,0.04,0,60,10,0.9,0.0,0.0,5.391696600010619,0.0,0,0
rcs0.05_k0,44,v1,0.6,0.04,0,53,10,1.0,0.0,0.0,4.102483199909329,0.0,0,0
rcs0.05_k0,44,joint,0.5,0.02666666666666667,0,37,10,1.0,0.0,0.0,4.237272799946368,0.1758099971136713,357,8
rcs0.05_k0,44,balanced,0.6,0.03,0,60,10,1.0,0.0,0.0,0.6272087000543252,0.0,0,0
rcs0.05_k0,44,robust,0.6,0.043333333333333335,0,60,10,1.0,0.0,0.0,4.809312199940905,0.0,0,0
rcs0.05_k0,45,v1,0.7,0.056666666666666664,0,54,10,0.9814814814814815,0.0,0.0,4.337094499962404,0.0,0,0
rcs0.05_k0,45,joint,0.7,0.05333333333333334,0,46,10,0.9782608695652174,0.0,0.0,4.477795799961314,0.20182448006299136,356,4
rcs0.05_k0,45,balanced,0.6,0.06333333333333334,0,60,10,0.9833333333333333,0.0,0.0,0.7810171999735758,0.0,0,0
rcs0.05_k0,45,robust,0.7,0.05,0,60,10,0.9833333333333333,0.0,0.0,5.029588700039312,0.0,0,0
rcs0.05_k0,46,v1,0.2,0.043333333333333335,0,46,10,1.0,0.0,0.0,3.4275757999857888,0.0,0,0
rcs0.05_k0,46,joint,0.2,0.03666666666666667,0,42,10,1.0,0.0,0.0,3.5493688998976722,0.26410734390601265,336,2
rcs0.05_k0,46,balanced,0.3,0.04,0,60,10,1.0,0.0,0.0,0.731544499984011,0.0,0,0
rcs0.05_k0,46,robust,0.3,0.056666666666666664,0,60,10,1.0,0.0,0.0,4.9666024999460205,0.0,0,0
rcs0.05_k0,47,v1,0.4,0.04666666666666667,0,41,10,1.0,0.0,0.0,3.130876199924387,0.0,0,0
rcs0.05_k0,47,joint,0.4,0.04666666666666667,0,41,10,1.0,0.0,0.0,3.235178899951279,0.0,328,0
rcs0.05_k0,47,balanced,0.5,0.04666666666666667,0,60,10,1.0,0.0,0.0,0.7650124001083896,0.0,0,0
rcs0.05_k0,47,robust,0.5,0.04666666666666667,0,60,10,1.0,0.0,0.0,5.157119199982844,0.0,0,0
rcs0.05_k0,48,v1,0.7,0.03333333333333333,0,45,10,0.9333333333333333,0.0,0.0,2.9088052000151947,0.0,0,0
rcs0.05_k0,48,joint,0.7,0.03333333333333333,0,45,10,0.9333333333333333,0.0,0.0,3.0208868000190705,0.0,328,0
rcs0.05_k0,48,balanced,0.8,0.03666666666666667,0,60,10,0.9333333333333333,0.0,0.0,0.663321299944073,0.0,0,0
rcs0.05_k0,48,robust,0.8,0.03,0,60,10,0.95,0.0,0.0,4.8874764000065625,0.0,0,0
rcs0.05_k0,49,v1,0.5,0.043333333333333335,0,36,10,0.8888888888888888,0.0,0.0,2.5298966999398544,0.0,0,0
rcs0.05_k0,49,joint,0.5,0.043333333333333335,0,36,10,0.8888888888888888,0.0,0.0,2.6254487998085096,0.0,308,0
rcs0.05_k0,49,balanced,0.6,0.05333333333333334,0,60,10,0.9333333333333333,0.0,0.0,0.7361150000942871,0.0,0,0
rcs0.05_k0,49,robust,0.6,0.05,0,60,10,0.9333333333333333,0.0,0.0,4.785627799923532,0.0,0,0
rcs0.05_k0,50,v1,0.5,0.03333333333333333,0,56,10,0.9642857142857143,0.0,0.0,4.417667399975471,0.0,0,0
rcs0.05_k0,50,joint,0.5,0.03333333333333333,0,56,10,0.9642857142857143,0.0,0.0,4.536916300072335,0.0,358,0
rcs0.05_k0,50,balanced,0.6,0.03,0,60,10,0.9666666666666667,0.0,0.0,0.6367004999192432,0.0,0,0
rcs0.05_k0,50,robust,0.5,0.03,0,60,10,0.9666666666666667,0.0,0.0,4.799029199988581,0.0,0,0
rcs0.05_k0,51,v1,0.2,0.07666666666666666,0,56,10,0.9821428571428571,0.0,0.0,4.608811499900185,0.0,0,0
rcs0.05_k0,51,joint,0.2,0.07666666666666666,0,56,10,0.9821428571428571,0.0,0.0,4.7370193998795,0.0,386,0
rcs0.05_k0,51,balanced,0.2,0.043333333333333335,0,60,10,0.9833333333333333,0.0,0.0,0.7358702999772504,0.0,0,0
rcs0.05_k0,51,robust,0.3,0.07666666666666666,0,60,10,0.9833333333333333,0.0,0.0,5.232384599978104,0.0,0,0
rcs0.05_k0,52,v1,0.2,0.05333333333333334,0,56,10,1.0,0.0,0.0,4.591104299994186,0.0,0,0
rcs0.05_k0,52,joint,0.2,0.05,0,52,10,1.0,0.0,0.0,4.74409839999862,0.19295627324468212,382,2
rcs0.05_k0,52,balanced,0.3,0.08666666666666667,0,60,10,1.0,0.0,0.0,0.6762026998912916,0.0,0,0
rcs0.05_k0,52,robust,0.3,0.06333333333333334,0,60,10,1.0,0.0,0.0,5.041457600076683,0.0,0,0
rcs0.05_k0,53,v1,0.6,0.05333333333333334,0,41,10,1.0,0.0,0.0,2.9525269999867305,0.0,0,0
rcs0.05_k0,53,joint,0.5,0.05,0,37,10,1.0,0.0,0.0,3.0653827000642195,0.12435422928119755,316,2
rcs0.05_k0,53,balanced,0.6,0.06333333333333334,0,60,10,1.0,0.0,0.0,0.715451700030826,0.0,0,0
rcs0.05_k0,53,robust,0.6,0.06,0,60,10,1.0,0.0,0.0,4.841694099945016,0.0,0,0
rcs0.05_k0,54,v1,0.7,0.05,0,41,10,1.0,0.0,0.0,2.9254041999811307,0.0,0,0
rcs0.05_k0,54,joint,0.7,0.05,0,41,10,1.0,0.0,0.0,3.0171520999865606,0.0,298,0
rcs0.05_k0,54,balanced,0.7,0.04,0,60,10,1.0,0.0,0.0,0.7317858000751585,0.0,0,0
rcs0.05_k0,54,robust,0.7,0.04,0,60,10,1.0,0.0,0.0,4.9876398999476805,0.0,0,0
rcs0.05_k0,55,v1,0.2,0.05,0,51,10,1.0,0.0,0.0,4.132892900030129,0.0,0,0
rcs0.05_k0,55,joint,0.2,0.05,0,51,10,1.0,0.0,0.0,4.24135040002875,0.0,352,0
rcs0.05_k0,55,balanced,0.3,0.05333333333333334,0,60,10,0.9833333333333333,0.0,0.0,0.7536603000480682,0.0,0,0
rcs0.05_k0,55,robust,0.3,0.07,0,60,10,0.9833333333333333,0.0,0.0,5.245770299923606,0.0,0,0
rcs0.05_k0,56,v1,0.8,0.056666666666666664,0,41,10,1.0,0.0,0.0,3.3545485000358894,0.0,0,0
rcs0.05_k0,56,joint,0.8,0.056666666666666664,0,41,10,1.0,0.0,0.0,3.454255299991928,0.0,323,0
rcs0.05_k0,56,balanced,0.8,0.05,0,60,10,1.0,0.0,0.0,0.7421698999824002,0.0,0,0
rcs0.05_k0,56,robust,0.8,0.05333333333333334,0,60,10,1.0,0.0,0.0,5.113831900060177,0.0,0,0
rcs0.05_k0,57,v1,0.4,0.05333333333333334,0,55,10,1.0,0.0,0.0,4.205924800015055,0.0,0,0
rcs0.05_k0,57,joint,0.4,0.05333333333333334,0,55,10,1.0,0.0,0.0,4.3442270999075845,0.0,383,0
rcs0.05_k0,57,balanced,0.5,0.06333333333333334,0,60,10,1.0,0.0,0.0,0.7524270000867546,0.0,0,0
rcs0.05_k0,57,robust,0.4,0.056666666666666664,0,60,10,1.0,0.0,0.0,5.212339699966833,0.0,0,0
rcs0.05_k0,58,v1,0.5,0.05,0,48,10,1.0,0.0,0.0,4.100580199970864,0.0,0,0
rcs0.05_k0,58,joint,0.6,0.06,0,44,10,1.0,0.0,0.0,4.236285599996336,0.01174878328728024,373,2
rcs0.05_k0,58,balanced,0.6,0.04,0,60,10,1.0,0.0,0.0,0.7685332000255585,0.0,0,0
rcs0.05_k0,58,robust,0.5,0.03333333333333333,0,60,10,1.0,0.0,0.0,5.054291500011459,0.0,0,0
rcs0.05_k0,59,v1,0.6,0.04,0,50,10,1.0,0.0,0.0,3.9723477999214083,0.0,0,0
rcs0.05_k0,59,joint,0.7,0.03666666666666667,0,42,10,1.0,0.0,0.0,4.0928613998694345,0.28696420211431306,335,4
rcs0.05_k0,59,balanced,0.7,0.056666666666666664,0,60,10,1.0,0.0,0.0,0.7297749000135809,0.0,0,0
rcs0.05_k0,59,robust,0.7,0.05,0,60,10,1.0,0.0,0.0,5.241580400033854,0.0,0,0
rcs0.05_k0,60,v1,0.2,0.06333333333333334,0,50,10,1.0,0.0,0.0,3.810072200023569,0.0,0,0
rcs0.05_k0,60,joint,0.2,0.06666666666666667,0,46,10,1.0,0.0,0.0,3.9472833999898285,0.09398661923260221,356,2
rcs0.05_k0,60,balanced,0.2,0.06333333333333334,0,60,10,1.0,0.0,0.0,0.7679401999339461,0.0,0,0
rcs0.05_k0,60,robust,0.2,0.06666666666666667,0,60,10,1.0,0.0,0.0,5.24671890004538,0.0,0,0
rcs0.05_k0,61,v1,0.4,0.03,0,51,10,0.9019607843137255,0.0,0.0,3.9493019999936223,0.0,0,0
rcs0.05_k0,61,joint,0.4,0.03,0,51,10,0.9019607843137255,0.0,0.0,4.069158100057393,0.0,347,0
rcs0.05_k0,61,balanced,0.4,0.04,0,60,10,0.9166666666666666,0.0,0.0,0.5986669000703841,0.0,0,0
rcs0.05_k0,61,robust,0.4,0.04,0,60,10,0.9166666666666666,0.0,0.0,4.597507399972528,0.0,0,0
rcs0.05_k0,62,v1,0.6,0.05333333333333334,0,40,10,1.0,0.0,0.0,2.843870200100355,0.0,0,0
rcs0.05_k0,62,joint,0.6,0.043333333333333335,0,36,10,1.0,0.0,0.0,2.9717697000596672,0.0016821878565419501,350,2
rcs0.05_k0,62,balanced,0.6,0.06666666666666667,0,60,10,1.0,0.0,0.0,0.6596472999081016,0.0,0,0
rcs0.05_k0,62,robust,0.6,0.06666666666666667,0,60,10,1.0,0.0,0.0,4.865305799990892,0.0,0,0
rcs0.05_k0,63,v1,0.3,0.043333333333333335,0,45,10,1.0,0.0,0.0,3.2060640999116004,0.0,0,0
rcs0.05_k0,63,joint,0.3,0.043333333333333335,0,45,10,1.0,0.0,0.0,3.3150250000180677,0.0,330,0
rcs0.05_k0,63,balanced,0.3,0.03666666666666667,0,60,10,1.0,0.0,0.0,0.6988536999560893,0.0,0,0
rcs0.05_k0,63,robust,0.3,0.03666666666666667,0,60,10,1.0,0.0,0.0,4.926128400024027,0.0,0,0
rcs0.05_k0,64,v1,0.5,0.03666666666666667,0,45,10,1.0,0.0,0.0,3.5153927000937983,0.0,0,0
rcs0.05_k0,64,joint,0.5,0.03666666666666667,0,45,10,1.0,0.0,0.0,3.6286851001204923,0.0,334,0
rcs0.05_k0,64,balanced,0.5,0.056666666666666664,0,60,10,1.0,0.0,0.0,0.786396799958311,0.0,0,0
rcs0.05_k0,64,robust,0.6,0.04666666666666667,0,60,10,1.0,0.0,0.0,5.079596500028856,0.0,0,0
rcs0.05_k0,65,v1,0.5,0.04,0,43,10,1.0,0.0,0.0,2.7972994999727234,0.0,0,0
rcs0.05_k0,65,joint,0.4,0.03666666666666667,0,39,10,1.0,0.0,0.0,2.913112699985504,0.0005588044693065619,317,2
rcs0.05_k0,65,balanced,0.5,0.02666666666666667,0,60,10,1.0,0.0,0.0,0.6060175000457093,0.0,0,0
rcs0.05_k0,65,robust,0.5,0.043333333333333335,0,60,10,1.0,0.0,0.0,4.7149851999711245,0.0,0,0
rcs0.05_k0,66,v1,0.7,0.056666666666666664,0,43,10,1.0,0.0,0.0,3.370686799986288,0.0,0,0
rcs0.05_k0,66,joint,0.7,0.05333333333333334,0,39,10,1.0,0.0,0.0,3.498205699957907,0.12200407255689871,345,2
rcs0.05_k0,66,balanced,0.6,0.06333333333333334,0,60,10,1.0,0.0,0.0,0.6916783000342548,0.0,0,0
rcs0.05_k0,66,robust,0.7,0.06,0,60,10,1.0,0.0,0.0,4.997223599930294,0.0,0,0
rcs0.05_k0,67,v1,0.4,0.03,0,46,10,0.8695652173913043,0.0,0.0,3.098308900021948,0.0,0,0
rcs0.05_k0,67,joint,0.4,0.02,0,38,10,0.8421052631578947,0.0,0.0,3.2468469000887126,0.4185320507312098,385,4
rcs0.05_k0,67,balanced,0.5,0.043333333333333335,0,60,10,0.9,0.0,0.0,0.5807124000275508,0.0,0,0
rcs0.05_k0,67,robust,0.5,0.04,0,60,10,0.9,0.0,0.0,4.425032699946314,0.0,0,0
rcs0.05_k0,68,v1,0.4,0.06,0,41,10,1.0,0.0,0.0,2.8275509999366477,0.0,0,0
rcs0.05_k0,68,joint,0.4,0.06333333333333334,0,37,10,1.0,0.0,0.0,2.9488838999532163,0.01559881846926725,321,2
rcs0.05_k0,68,balanced,0.5,0.06333333333333334,0,60,10,1.0,0.0,0.0,0.7058982000453398,0.0,0,0
rcs0.05_k0,68,robust,0.5,0.05333333333333334,0,60,10,1.0,0.0,0.0,5.048188399989158,0.0,0,0
rcs0.05_k0,69,v1,0.3,0.03,0,55,10,1.0,0.0,0.0,4.1137551999418065,0.0,0,0
rcs0.05_k0,69,joint,0.3,0.02666666666666667,0,51,10,1.0,0.0,0.0,4.257383599993773,0.021209773227788276,375,2
rcs0.05_k0,69,balanced,0.5,0.043333333333333335,0,60,10,1.0,0.0,0.0,0.706508900038898,0.0,0,0
rcs0.05_k0,69,robust,0.4,0.04,0,60,10,1.0,0.0,0.0,4.954181000008248,0.0,0,0
rcs0.05_k0,70,v1,0.5,0.05333333333333334,0,47,10,0.9787234042553191,0.0,0.0,3.9484025000128895,0.0,0,0
rcs0.05_k0,70,joint,0.5,0.05333333333333334,0,47,10,0.9787234042553191,0.0,0.0,4.053313100012019,0.0,320,0
rcs0.05_k0,70,balanced,0.5,0.056666666666666664,0,60,10,0.9833333333333333,0.0,0.0,0.8082780999829993,0.0,0,0
rcs0.05_k0,70,robust,0.6,0.06,0,60,10,0.9833333333333333,0.0,0.0,5.191408000071533,0.0,0,0
rcs0.05_k0,71,v1,0.6,0.07666666666666666,0,46,10,1.0,0.0,0.0,4.002936100005172,0.0,0,0
rcs0.05_k0,71,joint,0.6,0.07666666666666666,0,46,10,1.0,0.0,0.0,4.10652850009501,0.0,324,0
rcs0.05_k0,71,balanced,0.6,0.07666666666666666,0,60,10,1.0,0.0,0.0,0.9946879999479279,0.0,0,0
rcs0.05_k0,71,robust,0.6,0.07333333333333333,0,60,10,1.0,0.0,0.0,5.8491461999947205,0.0,0,0
rcs0.05_k0,72,v1,0.6,0.05,0,54,10,0.8888888888888888,0.0,0.0,4.281955900019966,0.0,0,0
rcs0.05_k0,72,joint,0.6,0.05,0,54,10,0.8888888888888888,0.0,0.0,4.399580599972978,0.0,351,0
rcs0.05_k0,72,balanced,0.5,0.06333333333333334,0,60,10,0.9,0.0,0.0,0.6946606000419706,0.0,0,0
rcs0.05_k0,72,robust,0.6,0.05333333333333334,0,60,10,0.9,0.0,0.0,4.992551999981515,0.0,0,0
rcs0.05_k0,73,v1,0.3,0.03333333333333333,0,40,10,1.0,0.0,0.0,3.273445599945262,0.0,0,0
rcs0.05_k0,73,joint,0.2,0.03,0,32,10,1.0,0.0,0.0,3.4011789000360295,0.07697458298390414,343,4
rcs0.05_k0,73,balanced,0.3,0.05,0,60,10,0.9833333333333333,0.0,0.0,0.7684856000123546,0.0,0,0
rcs0.05_k0,73,robust,0.5,0.03666666666666667,0,60,10,0.9833333333333333,0.0,0.0,5.026048699975945,0.0,0,0
rcs0.05_k0,74,v1,0.3,0.03666666666666667,0,55,10,1.0,0.0,0.0,4.916939600021578,0.0,0,0
rcs0.05_k0,74,joint,0.3,0.03666666666666667,0,55,10,1.0,0.0,0.0,5.037300999974832,0.0,352,0
rcs0.05_k0,74,balanced,0.3,0.04,0,60,10,1.0,0.0,0.0,0.841798200039193,0.0,0,0
rcs0.05_k0,74,robust,0.3,0.04,0,60,10,1.0,0.0,0.0,5.591702200006694,0.0,0,0
rcs0.05_k0,75,v1,0.1,0.06,0,53,10,0.9622641509433962,0.0,0.0,4.09799500007648,0.0,0,0
rcs0.05_k0,75,joint,0.1,0.06,0,53,10,0.9622641509433962,0.0,0.0,4.207659900072031,0.0,348,0
rcs0.05_k0,75,balanced,0.1,0.04666666666666667,0,60,10,0.9666666666666667,0.0,0.0,0.538868899922818,0.0,0,0
rcs0.05_k0,75,robust,0.1,0.043333333333333335,0,60,10,0.9666666666666667,0.0,0.0,4.523220500093885,0.0,0,0
rcs0.05_k0,76,v1,0.2,0.04666666666666667,0,47,10,1.0,0.0,0.0,3.6308183999499306,0.0,0,0
rcs0.05_k0,76,joint,0.3,0.04666666666666667,0,43,10,1.0,0.0,0.0,3.761647600098513,0.16412523376554589,350,2
rcs0.05_k0,76,balanced,0.3,0.04666666666666667,0,60,10,0.9833333333333333,0.0,0.0,0.7244715999113396,0.0,0,0
rcs0.05_k0,76,robust,0.2,0.05,0,60,10,0.9833333333333333,0.0,0.0,4.831061200005934,0.0,0,0
rcs0.05_k0,77,v1,0.4,0.05333333333333334,0,52,10,1.0,0.0,0.0,4.0300798000535,0.0,0,0
rcs0.05_k0,77,joint,0.4,0.05333333333333334,0,52,10,1.0,0.0,0.0,4.1356044000713155,0.0,336,0
rcs0.05_k0,77,balanced,0.5,0.043333333333333335,0,60,10,1.0,0.0,0.0,0.6512992000207305,0.0,0,0
rcs0.05_k0,77,robust,0.5,0.043333333333333335,0,60,10,1.0,0.0,0.0,4.741037299972959,0.0,0,0
rcs0.05_k0,78,v1,0.4,0.05333333333333334,0,54,10,1.0,0.0,0.0,4.399259599973448,0.0,0,0
rcs0.05_k0,78,joint,0.4,0.043333333333333335,0,50,10,1.0,0.0,0.0,4.548630199977197,0.06792616274840113,379,2
rcs0.05_k0,78,balanced,0.4,0.05,0,60,10,1.0,0.0,0.0,0.7060659999260679,0.0,0,0
rcs0.05_k0,78,robust,0.4,0.06666666666666667,0,60,10,1.0,0.0,0.0,5.147652500076219,0.0,0,0
rcs0.05_k0,79,v1,0.6,0.08333333333333333,0,45,10,1.0,0.0,0.0,3.75410300004296,0.0,0,0
rcs0.05_k0,79,joint,0.7,0.09666666666666666,0,33,10,0.9696969696969697,0.0,0.0,3.8834919000510126,0.1836641611973444,345,6
rcs0.05_k0,79,balanced,0.8,0.08666666666666667,0,60,10,1.0,0.0,0.0,0.7089905999600887,0.0,0,0
rcs0.05_k0,79,robust,0.8,0.08666666666666667,0,60,10,1.0,0.0,0.0,4.606541900080629,0.0,0,0
rcs0.05_k0,80,v1,0.5,0.04666666666666667,0,37,10,0.9459459459459459,0.0,0.0,2.3154406999237835,0.0,0,0
rcs0.05_k0,80,joint,0.5,0.04,0,33,10,0.9393939393939394,0.0,0.0,2.427346999873407,0.060253355551530774,324,2
rcs0.05_k0,80,balanced,0.6,0.06,0,60,10,0.95,0.0,0.0,0.5377022000029683,0.0,0,0
rcs0.05_k0,80,robust,0.6,0.05333333333333334,0,60,10,0.9333333333333333,0.0,0.0,4.388076500035822,0.0,0,0
rcs0.05_k0,81,v1,0.3,0.02666666666666667,0,41,10,1.0,0.0,0.0,2.511900099925697,0.0,0,0
rcs0.05_k0,81,joint,0.3,0.03666666666666667,0,33,10,1.0,0.0,0.0,2.6324136001057923,0.2281229997662959,355,4
rcs0.05_k0,81,balanced,0.4,0.03,0,60,10,1.0,0.0,0.0,0.4646710999077186,0.0,0,0
rcs0.05_k0,81,robust,0.4,0.03,0,60,10,1.0,0.0,0.0,3.8929869000567123,0.0,0,0
rcs0.05_k0,82,v1,0.7,0.06666666666666667,0,52,10,0.9615384615384616,0.0,0.0,3.7578843999654055,0.0,0,0
rcs0.05_k0,82,joint,0.7,0.06666666666666667,0,52,10,0.9615384615384616,0.0,0.0,3.876867300015874,0.0,355,0
rcs0.05_k0,82,balanced,0.7,0.07333333333333333,0,60,10,0.9833333333333333,0.0,0.0,0.5578986000036821,0.0,0,0
rcs0.05_k0,82,robust,0.7,0.07666666666666666,0,60,10,0.9833333333333333,0.0,0.0,4.444167700014077,0.0,0,0
rcs0.05_k0,83,v1,0.5,0.03333333333333333,0,55,10,0.9272727272727272,0.0,0.0,3.6505575000774115,0.0,0,0
rcs0.05_k0,83,joint,0.5,0.023333333333333334,0,46,10,0.9130434782608695,0.0,0.0,3.796388200018555,0.4238069848677801,389,3
rcs0.05_k0,83,balanced,0.3,0.043333333333333335,0,60,10,0.9333333333333333,0.0,0.0,0.409864499932155,0.0,0,0
rcs0.05_k0,83,robust,0.5,0.03666666666666667,0,60,10,0.9333333333333333,0.0,0.0,4.242999000009149,0.0,0,0
rcs0.05_k0,84,v1,0.6,0.05,0,49,10,1.0,0.0,0.0,3.2711643000366166,0.0,0,0
rcs0.05_k0,84,joint,0.5,0.05333333333333334,0,37,10,1.0,0.0,0.0,3.400665400084108,0.17470855855415568,342,6
rcs0.05_k0,84,balanced,0.6,0.04666666666666667,0,60,10,0.9833333333333333,0.0,0.0,0.6110228999750689,0.0,0,0
rcs0.05_k0,84,robust,0.7,0.03666666666666667,0,60,10,0.9833333333333333,0.0,0.0,4.640295300050639,0.0,0,0
rcs0.05_k0,85,v1,0.7,0.05333333333333334,0,55,10,1.0,0.0,0.0,4.144955599913374,0.0,0,0
rcs0.05_k0,85,joint,0.7,0.05,0,51,10,1.0,0.0,0.0,4.2928901999257505,0.006253402052091239,369,2
rcs0.05_k0,85,balanced,0.7,0.056666666666666664,0,60,10,1.0,0.0,0.0,0.6400445000035688,0.0,0,0
rcs0.05_k0,85,robust,0.7,0.05333333333333334,0,60,10,1.0,0.0,0.0,4.753699699998833,0.0,0,0
rcs0.05_k0,86,v1,0.4,0.043333333333333335,0,50,10,1.0,0.0,0.0,3.3995820999844,0.0,0,0
rcs0.05_k0,86,joint,0.6,0.04666666666666667,0,38,10,1.0,0.0,0.0,3.5496374999638647,0.4773025958003254,404,6
rcs0.05_k0,86,balanced,0.5,0.043333333333333335,0,60,10,1.0,0.0,0.0,0.5241376999765635,0.0,0,0
rcs0.05_k0,86,robust,0.4,0.04,0,60,10,1.0,0.0,0.0,4.356698299990967,0.0,0,0
rcs0.05_k0,87,v1,0.5,0.05,0,46,10,0.9782608695652174,0.0,0.0,3.303470899933018,0.0,0,0
rcs0.05_k0,87,joint,0.5,0.05,0,46,10,0.9782608695652174,0.0,0.0,3.4207624999107793,0.0,355,0
rcs0.05_k0,87,balanced,0.5,0.056666666666666664,0,60,10,0.9833333333333333,0.0,0.0,0.6885816000867635,0.0,0,0
rcs0.05_k0,87,robust,0.5,0.06,0,60,10,0.9833333333333333,0.0,0.0,4.951315099955536,0.0,0,0
rcs0.05_k0,88,v1,0.4,0.04,0,46,10,1.0,0.0,0.0,3.1666368999285623,0.0,0,0
rcs0.05_k0,88,joint,0.4,0.04,0,46,10,1.0,0.0,0.0,3.2897332998691127,0.0,355,0
rcs0.05_k0,88,balanced,0.5,0.03333333333333333,0,60,10,1.0,0.0,0.0,0.6890499000437558,0.0,0,0
rcs0.05_k0,88,robust,0.5,0.043333333333333335,0,60,10,1.0,0.0,0.0,4.726748000015505,0.0,0,0
rcs0.05_k0,89,v1,0.4,0.03666666666666667,0,56,10,1.0,0.0,0.0,4.810164500027895,0.0,0,0
rcs0.05_k0,89,joint,0.4,0.03666666666666667,0,56,10,1.0,0.0,0.0,4.929017799906433,0.0,352,0
rcs0.05_k0,89,balanced,0.2,0.03,0,60,10,1.0,0.0,0.0,0.7606652000686154,0.0,0,0
rcs0.05_k0,89,robust,0.4,0.03666666666666667,0,60,10,1.0,0.0,0.0,5.460859599988908,0.0,0,0
rcs0.05_k0,90,v1,0.6,0.056666666666666664,0,40,10,1.0,0.0,0.0,3.0335294000105932,0.0,0,0
rcs0.05_k0,90,joint,0.6,0.056666666666666664,0,40,10,1.0,0.0,0.0,3.139731099945493,0.0,323,0
rcs0.05_k0,90,balanced,0.6,0.07333333333333333,0,60,10,0.95,0.0,0.0,0.7881862000795081,0.0,0,0
rcs0.05_k0,90,robust,0.6,0.07,0,60,10,0.95,0.0,0.0,5.08752469997853,0.0,0,0
rcs0.05_k0,91,v1,0.1,0.03666666666666667,0,50,10,1.0,0.0,0.0,3.3711293000960723,0.0,0,0
rcs0.05_k0,91,joint,0.1,0.03666666666666667,0,50,10,1.0,0.0,0.0,3.4929440000560135,0.0,343,0
rcs0.05_k0,91,balanced,0.2,0.05333333333333334,0,60,10,0.9833333333333333,0.0,0.0,0.6750799999572337,0.0,0,0
rcs0.05_k0,91,robust,0.2,0.043333333333333335,0,60,10,0.9833333333333333,0.0,0.0,4.550291000050493,0.0,0,0
rcs0.05_k0,92,v1,0.3,0.05333333333333334,0,55,10,1.0,0.0,0.0,4.798009299905971,0.0,0,0
rcs0.05_k0,92,joint,0.3,0.05333333333333334,0,55,10,1.0,0.0,0.0,4.93517729989253,0.0,376,0
rcs0.05_k0,92,balanced,0.3,0.04666666666666667,0,60,10,1.0,0.0,0.0,0.8374266000464559,0.0,0,0
rcs0.05_k0,92,robust,0.3,0.06,0,60,10,1.0,0.0,0.0,5.597258299938403,0.0,0,0
rcs0.05_k0,93,v1,0.6,0.05333333333333334,0,52,10,0.9038461538461539,0.0,0.0,4.17293460003566,0.0,0,0
rcs0.05_k0,93,joint,0.6,0.05333333333333334,0,52,10,0.9038461538461539,0.0,0.0,4.3017177999718115,0.0,372,0
rcs0.05_k0,93,balanced,0.6,0.056666666666666664,0,60,10,0.9333333333333333,0.0,0.0,0.7528103000950068,0.0,0,0
rcs0.05_k0,93,robust,0.6,0.06,0,60,10,0.9166666666666666,0.0,0.0,5.063031599973328,0.0,0,0
rcs0.05_k0,94,v1,0.7,0.06333333333333334,0,50,10,1.0,0.0,0.0,3.9253734999801964,0.0,0,0
rcs0.05_k0,94,joint,0.7,0.06333333333333334,0,50,10,1.0,0.0,0.0,4.0350693999789655,0.0,336,0
rcs0.05_k0,94,balanced,0.5,0.06333333333333334,0,60,10,1.0,0.0,0.0,0.7106506999116391,0.0,0,0
rcs0.05_k0,94,robust,0.6,0.05333333333333334,0,60,10,1.0,0.0,0.0,5.32637300004717,0.0,0,0
rcs0.05_k0,95,v1,0.4,0.043333333333333335,0,50,10,1.0,0.0,0.0,3.4558172000106424,0.0,0,0
rcs0.05_k0,95,joint,0.4,0.043333333333333335,0,50,10,1.0,0.0,0.0,3.560066799982451,0.0,318,0
rcs0.05_k0,95,balanced,0.6,0.04,0,60,10,1.0,0.0,0.0,0.47582470008637756,0.0,0,0
rcs0.05_k0,95,robust,0.5,0.05,0,60,10,1.0,0.0,0.0,4.549133599968627,0.0,0,0
rcs0.05_k0,96,v1,0.7,0.06,0,38,10,1.0,0.0,0.0,3.1532588999252766,0.0,0,0
rcs0.05_k0,96,joint,0.7,0.06,0,38,10,1.0,0.0,0.0,3.259792299941182,0.0,323,0
rcs0.05_k0,96,balanced,0.6,0.05,0,60,10,1.0,0.0,0.0,0.771220299997367,0.0,0,0
rcs0.05_k0,96,robust,0.6,0.056666666666666664,0,60,10,1.0,0.0,0.0,5.064710199949332,0.0,0,0
rcs0.05_k0,97,v1,0.6,0.05,0,40,10,0.975,0.0,0.0,3.142433700035326,0.0,0,0
rcs0.05_k0,97,joint,0.6,0.05,0,32,10,1.0,0.0,0.0,3.259826499968767,0.15575389222086344,318,4
rcs0.05_k0,97,balanced,0.6,0.05,0,60,10,0.9833333333333333,0.0,0.0,0.7718329000053927,0.0,0,0
rcs0.05_k0,97,robust,0.6,0.056666666666666664,0,60,10,0.9833333333333333,0.0,0.0,5.1340792999835685,0.0,0,0
rcs0.05_k0,98,v1,0.3,0.03333333333333333,0,46,10,1.0,0.0,0.0,3.627863199915737,0.0,0,0
rcs0.05_k0,98,joint,0.3,0.03666666666666667,0,42,10,1.0,0.0,0.0,3.758176799979992,0.003161170326899776,348,2
rcs0.05_k0,98,balanced,0.4,0.02666666666666667,0,60,10,1.0,0.0,0.0,0.7320912999566644,0.0,0,0
rcs0.05_k0,98,robust,0.5,0.04,0,60,10,1.0,0.0,0.0,5.049234300036915,0.0,0,0
rcs0.05_k0,99,v1,0.7,0.05333333333333334,0,40,10,1.0,0.0,0.0,2.9342187999282032,0.0,0,0
rcs0.05_k0,99,joint,0.7,0.05333333333333334,0,40,10,1.0,0.0,0.0,3.038507299963385,0.0,308,0
rcs0.05_k0,99,balanced,0.8,0.056666666666666664,0,60,10,1.0,0.0,0.0,0.8457926999544725,0.0,0,0
rcs0.05_k0,99,robust,0.8,0.05333333333333334,0,60,10,1.0,0.0,0.0,5.172463300055824,0.0,0,0
rcs0.05_k2,0,v1,0.4,0.056666666666666664,2,55,10,1.0,1280.0,2.1333333333333333,4.285760400001891,0.0,0,0
rcs0.05_k2,0,joint,0.5,0.05333333333333334,2,46,10,1.0,1280.0,2.1333333333333333,4.4336249000625685,0.08698688352921136,371,3
rcs0.05_k2,0,balanced,0.5,0.05333333333333334,2,60,10,1.0,1280.0,2.1333333333333333,0.5815096999285743,0.0,0,0
rcs0.05_k2,0,robust,0.5,0.056666666666666664,2,60,10,1.0,1280.0,2.1333333333333333,5.087784199975431,0.0,0,0
rcs0.05_k2,1,v1,0.5,0.016666666666666666,2,52,10,0.9807692307692307,1280.0,2.1333333333333333,4.190847999998368,0.0,0,0
rcs0.05_k2,1,joint,0.5,0.016666666666666666,2,52,10,0.9807692307692307,1280.0,2.1333333333333333,4.32288360001985,0.0,385,0
rcs0.05_k2,1,balanced,0.3,0.023333333333333334,2,60,10,0.9833333333333333,1280.0,2.1333333333333333,0.5509129000129178,0.0,0,0
rcs0.05_k2,1,robust,0.4,0.03,2,55,10,0.9818181818181818,1280.0,2.1333333333333333,4.006613999954425,0.0,0,0
rcs0.05_k2,2,v1,0.6,0.04,2,48,10,0.9583333333333334,1280.0,2.1333333333333333,3.9850369999185205,0.0,0,0
rcs0.05_k2,2,joint,0.6,0.04,2,48,10,0.9583333333333334,1280.0,2.1333333333333333,4.110117399948649,0.0,389,0
rcs0.05_k2,2,balanced,0.4,0.056666666666666664,2,60,10,0.9333333333333333,1280.0,2.1333333333333333,0.7232106999726966,0.0,0,0
rcs0.05_k2,2,robust,0.6,0.04,2,60,10,0.9333333333333333,1280.0,2.1333333333333333,5.2202833000337705,0.0,0,0
rcs0.05_k2,3,v1,0.2,0.05,2,49,10,1.0,1280.0,2.1333333333333333,3.622133699944243,0.0,0,0
rcs0.05_k2,3,joint,0.2,0.05333333333333334,2,45,10,1.0,1280.0,2.1333333333333333,3.767393699963577,0.22152260114648414,400,2
rcs0.05_k2,3,balanced,0.3,0.06333333333333334,2,60,10,0.9833333333333333,1280.0,2.1333333333333333,0.5978344000177458,0.0,0,0
rcs0.05_k2,3,robust,0.3,0.04,2,60,10,0.9666666666666667,1280.0,2.1333333333333333,4.750405799946748,0.0,0,0
rcs0.05_k2,4,v1,0.4,0.056666666666666664,2,54,10,1.0,1280.0,2.1333333333333333,4.454600099939853,0.0,0,0
rcs0.05_k2,4,joint,0.4,0.05333333333333334,2,52,10,1.0,1280.0,2.1333333333333333,4.627264899900183,0.2848144549574161,463,4
rcs0.05_k2,4,balanced,0.5,0.05,2,60,10,1.0,1280.0,2.1333333333333333,0.6029763999395072,0.0,0,0
rcs0.05_k2,4,robust,0.4,0.06,2,49,9,1.0,1280.0,2.1333333333333333,3.645847100066021,0.0,0,0
rcs0.05_k2,5,v1,0.4,0.02666666666666667,2,55,10,1.0,1280.0,2.1333333333333333,4.1737034999532625,0.0,0,0
rcs0.05_k2,5,joint,0.4,0.02666666666666667,2,55,10,1.0,1280.0,2.1333333333333333,4.311547299963422,0.0,405,0
rcs0.05_k2,5,balanced,0.5,0.02,2,60,10,0.9833333333333333,1280.0,2.1333333333333333,0.6337647999171168,0.0,0,0
rcs0.05_k2,5,robust,0.3,0.05,2,55,10,0.9818181818181818,1280.0,2.1333333333333333,4.2089347000001,0.0,0,0
rcs0.05_k2,6,v1,0.2,0.05333333333333334,2,44,10,0.9545454545454546,1280.0,2.1333333333333333,3.1642611999996006,0.0,0,0
rcs0.05_k2,6,joint,0.3,0.05333333333333334,2,45,10,0.9333333333333333,1280.0,2.1333333333333333,3.348952899919823,0.032686929525455266,577,5
rcs0.05_k2,6,balanced,0.4,0.056666666666666664,2,60,10,0.9666666666666667,1280.0,2.1333333333333333,0.5448997000930831,0.0,0,0
rcs0.05_k2,6,robust,0.4,0.056666666666666664,2,54,9,0.9629629629629629,1280.0,2.1333333333333333,3.888775800005533,0.0,0,0
rcs0.05_k2,7,v1,0.7,0.05333333333333334,2,34,10,0.8235294117647058,1280.0,2.1333333333333333,3.200787700014189,0.0,0,0
rcs0.05_k2,7,joint,0.7,0.05333333333333334,2,35,10,0.8285714285714286,1280.0,2.1333333333333333,3.337888300069608,0.004621944596365557,405,2
rcs0.05_k2,7,balanced,0.7,0.04,2,60,10,0.8666666666666667,1280.0,2.1333333333333333,0.6764351999154314,0.0,0,0
rcs0.05_k2,7,robust,0.7,0.03666666666666667,2,60,10,0.8666666666666667,1280.0,2.1333333333333333,4.863283800077625,0.0,0,0
rcs0.05_k2,8,v1,0.4,0.043333333333333335,2,39,10,1.0,1280.0,2.1333333333333333,2.8430480000097305,0.0,0,0
rcs0.05_k2,8,joint,0.5,0.03666666666666667,2,40,10,1.0,1280.0,2.1333333333333333,3.019642100087367,0.018185316935139362,500,4
rcs0.05_k2,8,balanced,0.5,0.04666666666666667,2,60,10,1.0,1280.0,2.1333333333333333,0.5483772000297904,0.0,0,0
rcs0.05_k2,8,robust,0.5,0.03666666666666667,2,60,10,1.0,1280.0,2.1333333333333333,4.517063099890947,0.0,0,0
rcs0.05_k2,9,v1,0.2,0.04666666666666667,2,56,10,1.0,1280.0,2.1333333333333333,4.539997300016694,0.0,0,0
rcs0.05_k2,9,joint,0.3,0.03666666666666667,2,52,10,1.0,1280.0,2.1333333333333333,4.70102720009163,0.17370746216290556,409,4
rcs0.05_k2,9,balanced,0.2,0.03666666666666667,2,60,10,1.0,1280.0,2.1333333333333333,0.5765900000697002,0.0,0,0
rcs0.05_k2,9,robust,0.2,0.03666666666666667,2,55,10,1.0,1280.0,2.1333333333333333,4.08724829996936,0.0,0,0
rcs0.05_k2,10,v1,0.4,0.03333333333333333,2,49,10,1.0,1280.0,2.1333333333333333,4.634751599980518,0.0,0,0
rcs0.05_k2,10,joint,0.5,0.05,2,47,10,1.0,1280.0,2.1333333333333333,4.808422600035556,0.1711070803712274,501,8
rcs0.05_k2,10,balanced,0.6,0.04,2,60,10,1.0,1280.0,2.1333333333333333,0.8297263999702409,0.0,0,0
rcs0.05_k2,10,robust,0.5,0.04,2,60,10,1.0,1280.0,2.1333333333333333,5.358375399955548,0.0,0,0
rcs0.05_k2,11,v1,0.4,0.056666666666666664,2,53,10,1.0,1280.0,2.1333333333333333,4.863167900010012,0.0,0,0
rcs0.05_k2,11,joint,0.4,0.07,2,51,10,1.0,1280.0,2.1333333333333333,5.037425999878906,0.29621685181044466,484,4
rcs0.05_k2,11,balanced,0.4,0.06666666666666667,2,60,10,1.0,1280.0,2.1333333333333333,0.8235672999871895,0.0,0,0
rcs0.05_k2,11,robust,0.5,0.06,2,50,10,1.0,1280.0,2.1333333333333333,5.047484300099313,0.0,0,0
rcs0.05_k2,12,v1,0.2,0.03333333333333333,2,50,10,0.88,1280.0,2.1333333333333333,4.687959800008684,0.0,0,0
rcs0.05_k2,12,joint,0.2,0.03333333333333333,2,50,10,0.88,1280.0,2.1333333333333333,4.824415100039914,0.0,401,0
rcs0.05_k2,12,balanced,0.3,0.04666666666666667,2,60,10,0.9,1280.0,2.1333333333333333,0.9556051000254229,0.0,0,0
rcs0.05_k2,12,robust,0.3,0.03666666666666667,2,60,10,0.9,1280.0,2.1333333333333333,5.704016999923624,0.0,0,0
rcs0.05_k2,13,v1,0.3,0.04,2,52,10,1.0,1280.0,2.1333333333333333,4.341164099983871,0.0,0,0
rcs0.05_k2,13,joint,0.3,0.04,2,52,10,1.0,1280.0,2.1333333333333333,4.466004100046121,0.0,390,0
rcs0.05_k2,13,balanced,0.4,0.04666666666666667,2,60,10,1.0,1280.0,2.1333333333333333,0.6076798000140116,0.0,0,0
rcs0.05_k2,13,robust,0.4,0.043333333333333335,2,50,10,1.0,1280.0,2.1333333333333333,3.5252261999994516,0.0,0,0
rcs0.05_k2,14,v1,0.6,0.06333333333333334,2,45,10,1.0,1280.0,2.1333333333333333,4.204109500045888,0.0,0,0
rcs0.05_k2,14,joint,0.6,0.05333333333333334,2,46,10,1.0,1280.0,2.1333333333333333,4.373663500067778,0.04319041133140633,454,4
rcs0.05_k2,14,balanced,0.7,0.05,2,60,10,1.0,1280.0,2.1333333333333333,0.6899401999544352,0.0,0,0
rcs0.05_k2,14,robust,0.7,0.06333333333333334,2,55,10,1.0,1280.0,2.1333333333333333,4.6895384000381455,0.0,0,0
rcs0.05_k2,15,v1,0.6,0.05,2,51,10,1.0,1280.0,2.1333333333333333,4.800484700012021,0.0,0,0
rcs0.05_k2,15,joint,0.6,0.05,2,51,10,1.0,1280.0,2.1333333333333333,4.93049349996727,0.0,381,0
rcs0.05_k2,15,balanced,0.6,0.056666666666666664,2,60,10,1.0,1280.0,2.1333333333333333,0.8928653000621125,0.0,0,0
rcs0.05_k2,15,robust,0.5,0.02666666666666667,2,50,10,1.0,1280.0,2.1333333333333333,4.3896837999345735,0.0,0,0
rcs0.05_k2,16,v1,0.5,0.04666666666666667,2,52,10,0.9230769230769231,1280.0,2.1333333333333333,4.693769100005738,0.0,0,0
rcs0.05_k2,16,joint,0.5,0.04,2,52,10,0.9230769230769231,1280.0,2.1333333333333333,4.849288100027479,0.002672344189909026,443,2
rcs0.05_k2,16,balanced,0.5,0.05,2,60,10,0.9333333333333333,1280.0,2.1333333333333333,0.7613442000001669,0.0,0,0
rcs0.05_k2,16,robust,0.6,0.06,2,55,10,0.9454545454545454,1280.0,2.1333333333333333,5.166072400053963,0.0,0,0
rcs0.05_k2,17,v1,0.5,0.05333333333333334,2,46,10,1.0,1280.0,2.1333333333333333,3.7083635000744835,0.0,0,0
rcs0.05_k2,17,joint,0.5,0.05333333333333334,2,46,10,1.0,1280.0,2.1333333333333333,3.8305321000516415,0.0,381,0
rcs0.05_k2,17,balanced,0.6,0.04,2,60,10,1.0,1280.0,2.1333333333333333,0.7233626999659464,0.0,0,0
rcs0.05_k2,17,robust,0.5,0.03333333333333333,2,54,9,1.0,1280.0,2.1333333333333333,4.693524000002071,0.0,0,0
rcs0.05_k2,18,v1,0.5,0.05,2,36,10,0.9444444444444444,1280.0,2.1333333333333333,3.06529739999678,0.0,0,0
rcs0.05_k2,18,joint,0.5,0.05,1,30,10,0.9333333333333333,640.0,1.0666666666666667,3.26611419999972,0.42929442294353093,655,6
rcs0.05_k2,18,balanced,0.3,0.04,2,60,10,0.95,1280.0,2.1333333333333333,0.6610829000128433,0.0,0,0
rcs0.05_k2,18,robust,0.4,0.03,2,50,10,0.92,1280.0,2.1333333333333333,3.4894427000544965,0.0,0,0
rcs0.05_k2,19,v1,0.4,0.03333333333333333,2,49,10,1.0,1280.0,2.1333333333333333,3.877184999990277,0.0,0,0
rcs0.05_k2,19,joint,0.4,0.03333333333333333,2,46,10,1.0,1280.0,2.1333333333333333,4.037352900020778,0.217760583336565,478,5
rcs0.05_k2,19,balanced,0.6,0.056666666666666664,2,60,10,1.0,1280.0,2.1333333333333333,0.7600737001048401,0.0,0,0
rcs0.05_k2,19,robust,0.6,0.05333333333333334,2,60,10,1.0,1280.0,2.1333333333333333,5.192353799939156,0.0,0,0
rcs0.05_k2,20,v1,0.4,0.05,2,48,10,1.0,1280.0,2.1333333333333333,4.056094200001098,0.0,0,0
rcs0.05_k2,20,joint,0.4,0.043333333333333335,2,45,10,1.0,1280.0,2.1333333333333333,4.207942899898626,0.041855221328737986,450,5
rcs0.05_k2,20,balanced,0.6,0.05,2,60,10,1.0,1280.0,2.1333333333333333,0.7515442000003532,0.0,0,0
rcs0.05_k2,20,robust,0.6,0.05,2,60,10,1.0,1280.0,2.1333333333333333,5.439553599921055,0.0,0,0
rcs0.05_k2,21,v1,0.5,0.056666666666666664,2,37,10,1.0,1280.0,2.1333333333333333,3.464236299972981,0.0,0,0
rcs0.05_k2,21,joint,0.5,0.07,2,38,10,1.0,1280.0,2.1333333333333333,3.5982540999539196,0.045530993970754996,386,2
rcs0.05_k2,21,balanced,0.7,0.06,2,60,10,1.0,1280.0,2.1333333333333333,0.7823701000306755,0.0,0,0
rcs0.05_k2,21,robust,0.6,0.05,2,55,10,1.0,1280.0,2.1333333333333333,5.315071000019088,0.0,0,0
rcs0.05_k2,22,v1,0.8,0.06333333333333334,2,42,10,1.0,1280.0,2.1333333333333333,3.3343279999680817,0.0,0,0
rcs0.05_k2,22,joint,0.8,0.06333333333333334,2,42,10,1.0,1280.0,2.1333333333333333,3.450533299939707,0.0,375,0
rcs0.05_k2,22,balanced,0.9,0.056666666666666664,2,60,10,1.0,1280.0,2.1333333333333333,0.7473522999789566,0.0,0,0
rcs0.05_k2,22,robust,0.8,0.05333333333333334,2,60,10,1.0,1280.0,2.1333333333333333,5.299290700000711,0.0,0,0
rcs0.05_k2,23,v1,0.4,0.043333333333333335,2,56,10,1.0,1280.0,2.1333333333333333,5.081112399930134,0.0,0,0
rcs0.05_k2,23,joint,0.5,0.04,2,52,10,1.0,1280.0,2.1333333333333333,5.258666499983519,0.15253975487698668,412,2
rcs0.05_k2,23,balanced,0.3,0.05333333333333334,2,60,10,1.0,1280.0,2.1333333333333333,0.8636518000857905,0.0,0,0
rcs0.05_k2,23,robust,0.5,0.05,2,54,9,1.0,1280.0,2.1333333333333333,5.066590999951586,0.0,0,0
rcs0.05_k2,24,v1,0.6,0.04,2,41,10,1.0,1280.0,2.1333333333333333,2.9852165000047535,0.0,0,0
rcs0.05_k2,24,joint,0.5,0.043333333333333335,2,28,10,1.0,1280.0,2.1333333333333333,3.1751374000450596,1.5596225763223546,640,7
rcs0.05_k2,24,balanced,0.7,0.06666666666666667,2,60,10,1.0,1280.0,2.1333333333333333,0.6589235999854282,0.0,0,0
rcs0.05_k2,24,robust,0.6,0.056666666666666664,2,54,9,1.0,1280.0,2.1333333333333333,4.152538500027731,0.0,0,0
rcs0.05_k2,25,v1,0.2,0.05333333333333334,2,55,10,0.9636363636363636,1280.0,2.1333333333333333,4.2383732999442145,0.0,0,0
rcs0.05_k2,25,joint,0.2,0.05333333333333334,2,56,10,0.9642857142857143,1280.0,2.1333333333333333,4.431857699993998,0.020105232993554267,496,3
rcs0.05_k2,25,balanced,0.2,0.03666666666666667,2,60,10,0.9833333333333333,1280.0,2.1333333333333333,0.5936597998952493,0.0,0,0
rcs0.05_k2,25,robust,0.2,0.05,2,50,10,0.96,1280.0,2.1333333333333333,3.4301518000429496,0.0,0,0
rcs0.05_k2,26,v1,0.4,0.03333333333333333,2,56,10,1.0,1280.0,2.1333333333333333,4.6594553999602795,0.0,0,0
rcs0.05_k2,26,joint,0.4,0.03333333333333333,2,56,10,1.0,1280.0,2.1333333333333333,4.795902399811894,0.0,401,0
rcs0.05_k2,26,balanced,0.4,0.04,2,60,10,1.0,1280.0,2.1333333333333333,0.6233952000038698,0.0,0,0
rcs0.05_k2,26,robust,0.4,0.04666666666666667,2,60,10,1.0,1280.0,2.1333333333333333,4.895969200064428,0.0,0,0
rcs0.05_k2,27,v1,0.4,0.02666666666666667,2,57,10,1.0,1280.0,2.1333333333333333,4.663863900001161,0.0,0,0
rcs0.05_k2,27,joint,0.4,0.02666666666666667,2,57,10,1.0,1280.0,2.1333333333333333,4.7875189000042155,0.0,372,0
rcs0.05_k2,27,balanced,0.6,0.03666666666666667,2,60,10,1.0,1280.0,2.1333333333333333,0.6305696999188513,0.0,0,0
rcs0.05_k2,27,robust,0.5,0.03333333333333333,2,50,10,1.0,1280.0,2.1333333333333333,3.5555808000499383,0.0,0,0
rcs0.05_k2,28,v1,0.5,0.05333333333333334,2,55,10,1.0,1280.0,2.1333333333333333,4.365469699958339,0.0,0,0
rcs0.05_k2,28,joint,0.5,0.05333333333333334,2,55,10,1.0,1280.0,2.1333333333333333,4.5168502000160515,0.0015023367431887813,377,1
rcs0.05_k2,28,balanced,0.4,0.056666666666666664,2,60,10,1.0,1280.0,2.1333333333333333,0.6560413999250159,0.0,0,0
rcs0.05_k2,28,robust,0.3,0.06,2,60,10,1.0,1280.0,2.1333333333333333,4.674698700080626,0.0,0,0
rcs0.05_k2,29,v1,0.4,0.04666666666666667,2,51,10,1.0,1280.0,2.1333333333333333,3.7527754000620916,0.0,0,0
rcs0.05_k2,29,joint,0.4,0.056666666666666664,2,49,10,1.0,1280.0,2.1333333333333333,3.9086722001666203,0.07863649464230038,439,5
rcs0.05_k2,29,balanced,0.3,0.056666666666666664,2,60,10,1.0,1280.0,2.1333333333333333,0.5554698000196368,0.0,0,0
rcs0.05_k2,29,robust,0.3,0.056666666666666664,2,50,10,1.0,1280.0,2.1333333333333333,3.770398899912834,0.0,0,0
rcs0.05_k2,30,v1,0.5,0.043333333333333335,2,55,10,0.9090909090909091,1280.0,2.1333333333333333,3.8259763000532985,0.0,0,0
rcs0.05_k2,30,joint,0.5,0.043333333333333335,2,55,10,0.9090909090909091,1280.0,2.1333333333333333,3.9653547999914736,0.0,391,0
rcs0.05_k2,30,balanced,0.6,0.05,2,60,10,0.8833333333333333,1280.0,2.1333333333333333,0.5341665999731049,0.0,0,0
rcs0.05_k2,30,robust,0.5,0.04,2,50,10,0.88,1280.0,2.1333333333333333,3.3633184999926016,0.0,0,0
rcs0.05_k2,31,v1,0.6,0.05333333333333334,2,55,10,1.0,1280.0,2.1333333333333333,4.918476400082,0.0,0,0
rcs0.05_k2,31,joint,0.6,0.05,2,57,10,1.0,1280.0,2.1333333333333333,5.072080800076947,0.06128064075171258,434,2
rcs0.05_k2,31,balanced,0.6,0.06,2,60,10,1.0,1280.0,2.1333333333333333,0.800129699986428,0.0,0,0
rcs0.05_k2,31,robust,0.6,0.043333333333333335,2,55,10,1.0,1280.0,2.1333333333333333,4.899497799924575,0.0,0,0
rcs0.05_k2,32,v1,0.5,0.04666666666666667,2,33,10,1.0,1280.0,2.1333333333333333,3.07382230006624,0.0,0,0
rcs0.05_k2,32,joint,0.5,0.04666666666666667,2,33,10,1.0,1280.0,2.1333333333333333,3.172873600036837,0.0,344,0
rcs0.05_k2,32,balanced,0.5,0.023333333333333334,2,60,10,1.0,1280.0,2.1333333333333333,0.6483670000452548,0.0,0,0
rcs0.05_k2,32,robust,0.6,0.03,2,60,10,1.0,1280.0,2.1333333333333333,5.0534016999881715,0.0,0,0
rcs0.05_k2,33,v1,0.4,0.03666666666666667,2,46,10,1.0,1280.0,2.1333333333333333,3.6376705000875518,0.0,0,0
rcs0.05_k2,33,joint,0.4,0.03666666666666667,2,47,10,1.0,1280.0,2.1333333333333333,3.81104169995524,0.029010303228748646,479,2
rcs0.05_k2,33,balanced,0.4,0.06333333333333334,2,60,10,0.9833333333333333,1280.0,2.1333333333333333,0.6772536000935361,0.0,0,0
rcs0.05_k2,33,robust,0.5,0.04666666666666667,2,54,9,0.9814814814814815,1280.0,2.1333333333333333,4.4192659999243915,0.0,0,0
rcs0.05_k2,34,v1,0.7,0.06,2,41,10,0.975609756097561,1280.0,2.1333333333333333,3.182335399906151,0.0,0,0
rcs0.05_k2,34,joint,0.7,0.05333333333333334,1,42,10,0.9761904761904762,640.0,1.0666666666666667,3.357525899889879,0.05465259935210032,538,4
rcs0.05_k2,34,balanced,0.7,0.07,2,60,10,0.9833333333333333,1280.0,2.1333333333333333,0.7845143999438733,0.0,0,0
rcs0.05_k2,34,robust,0.6,0.056666666666666664,2,55,10,0.9818181818181818,1280.0,2.1333333333333333,4.62747439998202,0.0,0,0
rcs0.05_k2,35,v1,0.5,0.04,2,52,10,1.0,1280.0,2.1333333333333333,4.043369199964218,0.0,0,0
rcs0.05_k2,35,joint,0.5,0.043333333333333335,2,52,10,1.0,1280.0,2.1333333333333333,4.1905023999279365,0.03442341475584332,388,1
rcs0.05_k2,35,balanced,0.5,0.05333333333333334,2,60,10,1.0,1280.0,2.1333333333333333,0.5734199000289664,0.0,0,0
rcs0.05_k2,35,robust,0.4,0.05,2,55,10,1.0,1280.0,2.1333333333333333,4.257682799943723,0.0,0,0
rcs0.05_k2,36,v1,0.4,0.04666666666666667,2,48,10,1.0,1280.0,2.1333333333333333,4.323096900014207,0.0,0,0
rcs0.05_k2,36,joint,0.4,0.05,2,49,10,1.0,1280.0,2.1333333333333333,4.502997300005518,0.04175707180774513,534,3
rcs0.05_k2,36,balanced,0.3,0.056666666666666664,2,60,10,1.0,1280.0,2.1333333333333333,0.7387652000179514,0.0,0,0
rcs0.05_k2,36,robust,0.3,0.05333333333333334,2,60,10,1.0,1280.0,2.1333333333333333,5.170794699923135,0.0,0,0
rcs0.05_k2,37,v1,0.5,0.056666666666666664,2,36,10,0.9722222222222222,1280.0,2.1333333333333333,2.479237199993804,0.0,0,0
rcs0.05_k2,37,joint,0.5,0.06333333333333334,2,36,10,0.9722222222222222,1280.0,2.1333333333333333,2.622843300108798,0.01903856900676648,435,2
rcs0.05_k2,37,balanced,0.6,0.08,2,60,10,0.9833333333333333,1280.0,2.1333333333333333,0.695279199979268,0.0,0,0
rcs0.05_k2,37,robust,0.7,0.04666666666666667,2,55,10,0.9818181818181818,1280.0,2.1333333333333333,4.39217310003005,0.0,0,0
rcs0.05_k2,38,v1,0.4,0.05333333333333334,2,48,10,1.0,1280.0,2.1333333333333333,4.239535600063391,0.0,0,0
rcs0.05_k2,38,joint,0.4,0.056666666666666664,2,49,10,1.0,1280.0,2.1333333333333333,4.415346399997361,0.010804148060966412,481,3
rcs0.05_k2,38,balanced,0.4,0.04666666666666667,2,60,10,1.0,1280.0,2.1333333333333333,0.7804203999694437,0.0,0,0
rcs0.05_k2,38,robust,0.5,0.043333333333333335,2,60,10,1.0,1280.0,2.1333333333333333,5.138713299995288,0.0,0,0
rcs0.05_k2,39,v1,0.4,0.03,2,42,10,1.0,1280.0,2.1333333333333333,3.2484691999852657,0.0,0,0
rcs0.05_k2,39,joint,0.4,0.03,2,44,10,1.0,1280.0,2.1333333333333333,3.376730400021188,0.03239383108022409,381,2
rcs0.05_k2,39,balanced,0.5,0.05,2,60,10,1.0,1280.0,2.1333333333333333,0.6369078999850899,0.0,0,0
rcs0.05_k2,39,robust,0.5,0.03666666666666667,2,54,9,1.0,1280.0,2.1333333333333333,4.651531300041825,0.0,0,0
rcs0.05_k2,40,v1,0.4,0.05,2,43,10,1.0,1280.0,2.1333333333333333,3.2645951999584213,0.0,0,0
rcs0.05_k2,40,joint,0.4,0.05,2,43,10,1.0,1280.0,2.1333333333333333,3.385348999989219,0.0,381,0
rcs0.05_k2,40,balanced,0.6,0.06666666666666667,2,60,10,0.9833333333333333,1280.0,2.1333333333333333,0.6634791999822482,0.0,0,0
rcs0.05_k2,40,robust,0.6,0.056666666666666664,2,60,10,0.9833333333333333,1280.0,2.1333333333333333,4.917328099953011,0.0,0,0
rcs0.05_k2,41,v1,0.4,0.03666666666666667,2,41,10,1.0,1280.0,2.1333333333333333,2.9811485999962315,0.0,0,0
rcs0.05_k2,41,joint,0.4,0.043333333333333335,2,41,10,1.0,1280.0,2.1333333333333333,3.1240845998981968,0.015340638258909856,406,2
rcs0.05_k2,41,balanced,0.6,0.04666666666666667,2,60,10,1.0,1280.0,2.1333333333333333,0.6800305999349803,0.0,0,0
rcs0.05_k2,41,robust,0.5,0.04666666666666667,2,55,10,1.0,1280.0,2.1333333333333333,4.357681200024672,0.0,0,0
rcs0.05_k2,42,v1,0.4,0.05,2,56,10,1.0,1280.0,2.1333333333333333,4.8427884000120685,0.0,0,0
rcs0.05_k2,42,joint,0.4,0.05,2,57,10,1.0,1280.0,2.1333333333333333,5.024980899994262,0.04072444224184801,470,3
rcs0.05_k2,42,balanced,0.4,0.043333333333333335,2,60,10,1.0,1280.0,2.1333333333333333,0.7758665999863297,0.0,0,0
rcs0.05_k2,42,robust,0.4,0.05,2,55,10,1.0,1280.0,2.1333333333333333,4.808473199955188,0.0,0,0
rcs0.05_k2,43,v1,0.5,0.03666666666666667,2,45,10,0.8666666666666667,1280.0,2.1333333333333333,4.335725700017065,0.0,0,0
rcs0.05_k2,43,joint,0.5,0.03666666666666667,2,45,10,0.8666666666666667,1280.0,2.1333333333333333,4.460409100051038,0.0,362,0
rcs0.05_k2,43,balanced,0.5,0.06333333333333334,2,60,10,0.9,1280.0,2.1333333333333333,0.8509783999761567,0.0,0,0
rcs0.05_k2,43,robust,0.6,0.04,2,50,10,0.88,1280.0,2.1333333333333333,4.23446380009409,0.0,0,0
rcs0.05_k2,44,v1,0.6,0.04666666666666667,2,53,10,1.0,1280.0,2.1333333333333333,4.142877199919894,0.0,0,0
rcs0.05_k2,44,joint,0.5,0.04,2,41,10,1.0,1280.0,2.1333333333333333,4.331048300024122,0.1889404218891162,566,8
rcs0.05_k2,44,balanced,0.6,0.03,2,60,10,1.0,1280.0,2.1333333333333333,0.607146899914369,0.0,0,0
rcs0.05_k2,44,robust,0.6,0.05,2,60,10,1.0,1280.0,2.1333333333333333,4.955758200027049,0.0,0,0
rcs0.05_k2,45,v1,0.7,0.056666666666666664,2,53,10,0.9811320754716981,1280.0,2.1333333333333333,4.411648400011472,0.0,0,0
rcs0.05_k2,45,joint,0.7,0.06,2,46,10,0.9782608695652174,1280.0,2.1333333333333333,4.588500400073826,0.21455184286841522,477,7
rcs0.05_k2,45,balanced,0.6,0.06333333333333334,2,60,10,0.9833333333333333,1280.0,2.1333333333333333,0.7862052000127733,0.0,0,0
rcs0.05_k2,45,robust,0.7,0.05333333333333334,2,55,10,0.9818181818181818,1280.0,2.1333333333333333,4.840146999922581,0.0,0,0
rcs0.05_k2,46,v1,0.3,0.04,2,46,10,1.0,1280.0,2.1333333333333333,3.664451300050132,0.0,0,0
rcs0.05_k2,46,joint,0.3,0.03333333333333333,2,42,10,1.0,1280.0,2.1333333333333333,3.8030204999959096,0.2684259578719117,371,2
rcs0.05_k2,46,balanced,0.3,0.02666666666666667,2,60,10,1.0,1280.0,2.1333333333333333,0.7279794999631122,0.0,0,0
rcs0.05_k2,46,robust,0.3,0.05,2,60,10,1.0,1280.0,2.1333333333333333,4.997388000017963,0.0,0,0
rcs0.05_k2,47,v1,0.4,0.04666666666666667,2,41,10,1.0,1280.0,2.1333333333333333,3.6573580999393016,0.0,0,0
rcs0.05_k2,47,joint,0.4,0.04666666666666667,2,41,10,1.0,1280.0,2.1333333333333333,3.7709860999602824,0.0,356,0
rcs0.05_k2,47,balanced,0.5,0.04,2,60,10,1.0,1280.0,2.1333333333333333,0.7464913000585511,0.0,0,0
rcs0.05_k2,47,robust,0.5,0.05333333333333334,2,60,10,1.0,1280.0,2.1333333333333333,5.30496769992169,0.0,0,0
rcs0.05_k2,48,v1,0.7,0.04,2,45,10,0.9333333333333333,1280.0,2.1333333333333333,2.8226039999863133,0.0,0,0
rcs0.05_k2,48,joint,0.7,0.04666666666666667,2,45,10,0.9555555555555556,1280.0,2.1333333333333333,2.978181999991648,0.01070817864935436,450,2
rcs0.05_k2,48,balanced,0.8,0.03666666666666667,2,60,10,0.9166666666666666,1280.0,2.1333333333333333,0.6991362000117078,0.0,0,0
rcs0.05_k2,48,robust,0.8,0.03,2,60,10,0.9333333333333333,1280.0,2.1333333333333333,5.067890599952079,0.0,0,0
rcs0.05_k2,49,v1,0.4,0.03666666666666667,2,25,9,0.84,1280.0,2.1333333333333333,1.9161879000021145,0.0,0,0
rcs0.05_k2,49,joint,0.5,0.04,2,28,10,0.8571428571428571,1280.0,2.1333333333333333,2.031088199932128,0.288454581091534,361,4
rcs0.05_k2,49,balanced,0.6,0.05333333333333334,2,60,10,0.9333333333333333,1280.0,2.1333333333333333,0.7536476999521255,0.0,0,0
rcs0.05_k2,49,robust,0.5,0.04666666666666667,2,50,10,0.92,1280.0,2.1333333333333333,4.213751900009811,0.0,0,0
rcs0.05_k2,50,v1,0.5,0.02666666666666667,2,56,10,0.9464285714285714,1280.0,2.1333333333333333,4.508419099962339,0.0,0,0
rcs0.05_k2,50,joint,0.5,0.02666666666666667,2,56,10,0.9464285714285714,1280.0,2.1333333333333333,4.64330080000218,0.0,392,0
rcs0.05_k2,50,balanced,0.6,0.03,2,60,10,0.9666666666666667,1280.0,2.1333333333333333,0.6419799999566749,0.0,0,0
rcs0.05_k2,50,robust,0.5,0.023333333333333334,2,60,10,0.95,1280.0,2.1333333333333333,4.684038099949248,0.0,0,0
rcs0.05_k2,51,v1,0.2,0.07333333333333333,2,56,10,0.9821428571428571,1280.0,2.1333333333333333,4.70520069997292,0.0,0,0
rcs0.05_k2,51,joint,0.2,0.07333333333333333,2,56,10,0.9821428571428571,1280.0,2.1333333333333333,4.840864100027829,0.0,420,0
rcs0.05_k2,51,balanced,0.2,0.05,2,60,10,0.9833333333333333,1280.0,2.1333333333333333,0.7277023000642657,0.0,0,0
rcs0.05_k2,51,robust,0.1,0.07,2,55,10,0.9818181818181818,1280.0,2.1333333333333333,5.752347299945541,0.0,0,0
rcs0.05_k2,52,v1,0.2,0.056666666666666664,2,56,10,1.0,1280.0,2.1333333333333333,4.665784299955703,0.0,0,0
rcs0.05_k2,52,joint,0.2,0.056666666666666664,2,56,10,1.0,1280.0,2.1333333333333333,4.80205800011754,0.0,422,0
rcs0.05_k2,52,balanced,0.3,0.09,2,60,10,1.0,1280.0,2.1333333333333333,0.6831586000043899,0.0,0,0
rcs0.05_k2,52,robust,0.3,0.06666666666666667,2,60,10,1.0,1280.0,2.1333333333333333,5.072721399948932,0.0,0,0
rcs0.05_k2,53,v1,0.6,0.056666666666666664,2,36,10,1.0,1280.0,2.1333333333333333,2.9228703000117093,0.0,0,0
rcs0.05_k2,53,joint,0.5,0.05,2,34,10,1.0,1280.0,2.1333333333333333,3.101394700119272,0.24951916823743236,595,8
rcs0.05_k2,53,balanced,0.6,0.056666666666666664,2,60,10,1.0,1280.0,2.1333333333333333,0.7447777999332175,0.0,0,0
rcs0.05_k2,53,robust,0.6,0.05333333333333334,2,60,10,1.0,1280.0,2.1333333333333333,5.106029200018384,0.0,0,0
rcs0.05_k2,54,v1,0.7,0.05,2,41,10,1.0,1280.0,2.1333333333333333,3.372769400011748,0.0,0,0
rcs0.05_k2,54,joint,0.7,0.05,2,41,10,1.0,1280.0,2.1333333333333333,3.4834489000495523,0.0,341,0
rcs0.05_k2,54,balanced,0.7,0.03666666666666667,2,60,10,1.0,1280.0,2.1333333333333333,0.7082090000621974,0.0,0,0
rcs0.05_k2,54,robust,0.7,0.03666666666666667,2,49,9,1.0,1280.0,2.1333333333333333,4.34437359997537,0.0,0,0
rcs0.05_k2,55,v1,0.2,0.05333333333333334,2,50,10,1.0,1280.0,2.1333333333333333,4.201442799996585,0.0,0,0
rcs0.05_k2,55,joint,0.2,0.05,2,50,10,1.0,1280.0,2.1333333333333333,4.362845499999821,0.018249515359658464,472,2
rcs0.05_k2,55,balanced,0.3,0.056666666666666664,2,60,10,0.9833333333333333,1280.0,2.1333333333333333,0.7690001999726519,0.0,0,0
rcs0.05_k2,55,robust,0.2,0.07,2,55,10,0.9818181818181818,1280.0,2.1333333333333333,4.58942970004864,0.0,0,0
rcs0.05_k2,56,v1,0.8,0.05333333333333334,2,41,10,1.0,1280.0,2.1333333333333333,3.5459584000054747,0.0,0,0
rcs0.05_k2,56,joint,0.8,0.05333333333333334,2,41,10,1.0,1280.0,2.1333333333333333,3.7039161999709904,0.004962873575026894,425,2
rcs0.05_k2,56,balanced,0.8,0.05333333333333334,2,60,10,1.0,1280.0,2.1333333333333333,0.7423202999634668,0.0,0,0
rcs0.05_k2,56,robust,0.7,0.043333333333333335,2,50,10,1.0,1280.0,2.1333333333333333,4.366578000015579,0.0,0,0
rcs0.05_k2,57,v1,0.4,0.06,2,50,10,1.0,1280.0,2.1333333333333333,4.292925899964757,0.0,0,0
rcs0.05_k2,57,joint,0.4,0.06,2,50,10,1.0,1280.0,2.1333333333333333,4.43597710004542,0.0,410,0
rcs0.05_k2,57,balanced,0.5,0.056666666666666664,2,60,10,1.0,1280.0,2.1333333333333333,0.7311271999496967,0.0,0,0
rcs0.05_k2,57,robust,0.3,0.05333333333333334,2,55,10,1.0,1280.0,2.1333333333333333,4.551875700009987,0.0,0,0
rcs0.05_k2,58,v1,0.5,0.056666666666666664,2,48,10,1.0,1280.0,2.1333333333333333,4.472844899981283,0.0,0,0
rcs0.05_k2,58,joint,0.5,0.056666666666666664,2,48,10,1.0,1280.0,2.1333333333333333,4.600603400031105,0.0,406,0
rcs0.05_k2,58,balanced,0.6,0.043333333333333335,2,60,10,1.0,1280.0,2.1333333333333333,0.7839569000061601,0.0,0,0
rcs0.05_k2,58,robust,0.5,0.03333333333333333,2,60,10,1.0,1280.0,2.1333333333333333,5.1995904999785125,0.0,0,0
rcs0.05_k2,59,v1,0.6,0.043333333333333335,2,46,10,1.0,1280.0,2.1333333333333333,3.8466239999979734,0.0,0,0
rcs0.05_k2,59,joint,0.5,0.04,2,46,10,1.0,1280.0,2.1333333333333333,3.9993547999765724,0.0538461816220126,433,2
rcs0.05_k2,59,balanced,0.7,0.06,2,60,10,1.0,1280.0,2.1333333333333333,0.7050295999506488,0.0,0,0
rcs0.05_k2,59,robust,0.7,0.056666666666666664,2,60,10,1.0,1280.0,2.1333333333333333,5.257693000021391,0.0,0,0
rcs0.05_k2,60,v1,0.2,0.056666666666666664,2,50,10,1.0,1280.0,2.1333333333333333,3.9988501999760047,0.0,0,0
rcs0.05_k2,60,joint,0.2,0.06,2,50,10,1.0,1280.0,2.1333333333333333,4.150704399915412,0.037242272348113836,409,1
rcs0.05_k2,60,balanced,0.2,0.06,2,60,10,1.0,1280.0,2.1333333333333333,0.8153329000342637,0.0,0,0
rcs0.05_k2,60,robust,0.2,0.056666666666666664,2,55,10,1.0,1280.0,2.1333333333333333,4.5664132999954745,0.0,0,0
rcs0.05_k2,61,v1,0.5,0.02666666666666667,2,49,10,0.8979591836734694,1280.0,2.1333333333333333,4.022940600058064,0.0,0,0
rcs0.05_k2,61,joint,0.5,0.02666666666666667,2,50,10,0.9,1280.0,2.1333333333333333,4.193520899978466,0.0259640764548017,465,3
rcs0.05_k2,61,balanced,0.5,0.04,2,60,10,0.9166666666666666,1280.0,2.1333333333333333,0.6035227000247687,0.0,0,0
rcs0.05_k2,61,robust,0.4,0.03333333333333333,2,55,10,0.9090909090909091,1280.0,2.1333333333333333,4.135647699935362,0.0,0,0
rcs0.05_k2,62,v1,0.6,0.05,2,39,10,1.0,1280.0,2.1333333333333333,2.8215946999844164,0.0,0,0
rcs0.05_k2,62,joint,0.6,0.04,2,36,10,1.0,1280.0,2.1333333333333333,2.9608631000155583,0.0019023246639724434,389,3
rcs0.05_k2,62,balanced,0.6,0.06,2,60,10,1.0,1280.0,2.1333333333333333,0.6484123999252915,0.0,0,0
rcs0.05_k2,62,robust,0.6,0.06,2,60,10,1.0,1280.0,2.1333333333333333,5.163967000087723,0.0,0,0
rcs0.05_k2,63,v1,0.3,0.043333333333333335,2,40,10,1.0,1280.0,2.1333333333333333,3.199063500040211,0.0,0,0
rcs0.05_k2,63,joint,0.3,0.043333333333333335,2,40,10,1.0,1280.0,2.1333333333333333,3.3103352000471205,0.0,359,0
rcs0.05_k2,63,balanced,0.3,0.04,2,60,10,1.0,1280.0,2.1333333333333333,0.7011394000146538,0.0,0,0
rcs0.05_k2,63,robust,0.3,0.02666666666666667,2,55,10,1.0,1280.0,2.1333333333333333,4.440795799950138,0.0,0,0
rcs0.05_k2,64,v1,0.5,0.043333333333333335,2,43,10,1.0,1280.0,2.1333333333333333,3.5266871000640094,0.0,0,0
rcs0.05_k2,64,joint,0.5,0.043333333333333335,2,43,10,1.0,1280.0,2.1333333333333333,3.642608000081964,0.0,373,0
rcs0.05_k2,64,balanced,0.5,0.06,2,60,10,1.0,1280.0,2.1333333333333333,0.7210329999215901,0.0,0,0
rcs0.05_k2,64,robust,0.6,0.05333333333333334,2,57,10,1.0,1280.0,2.1333333333333333,4.795264700078405,0.0,0,0
rcs0.05_k2,65,v1,0.5,0.03666666666666667,2,41,10,1.0,1280.0,2.1333333333333333,2.971996800042689,0.0,0,0
rcs0.05_k2,65,joint,0.5,0.03666666666666667,2,39,10,1.0,1280.0,2.1333333333333333,3.1285673999227583,0.030303522467797217,476,3
rcs0.05_k2,65,balanced,0.5,0.02666666666666667,2,60,10,1.0,1280.0,2.1333333333333333,0.6347783000674099,0.0,0,0
rcs0.05_k2,65,robust,0.5,0.043333333333333335,2,60,10,1.0,1280.0,2.1333333333333333,5.035084699979052,0.0,0,0
rcs0.05_k2,66,v1,0.6,0.056666666666666664,2,43,10,1.0,1280.0,2.1333333333333333,3.412864200072363,0.0,0,0
rcs0.05_k2,66,joint,0.6,0.05333333333333334,2,39,10,1.0,1280.0,2.1333333333333333,3.55015020002611,0.12227334793384714,393,2
rcs0.05_k2,66,balanced,0.6,0.06333333333333334,2,60,10,1.0,1280.0,2.1333333333333333,0.6915221000090241,0.0,0,0
rcs0.05_k2,66,robust,0.6,0.05,2,60,10,1.0,1280.0,2.1333333333333333,5.045834599994123,0.0,0,0
rcs0.05_k2,67,v1,0.4,0.03,2,46,10,0.8695652173913043,1280.0,2.1333333333333333,3.3041011999594048,0.0,0,0
rcs0.05_k2,67,joint,0.4,0.02,2,38,10,0.8421052631578947,1280.0,2.1333333333333333,3.4686470000306144,0.4209880100969243,423,4
rcs0.05_k2,67,balanced,0.5,0.043333333333333335,2,60,10,0.9,1280.0,2.1333333333333333,0.6150987999280915,0.0,0,0
rcs0.05_k2,67,robust,0.5,0.04,2,60,10,0.9,1280.0,2.1333333333333333,4.6043533000629395,0.0,0,0
rcs0.05_k2,68,v1,0.4,0.06666666666666667,2,40,10,1.0,1280.0,2.1333333333333333,2.872710300027393,0.0,0,0
rcs0.05_k2,68,joint,0.4,0.06333333333333334,2,37,10,1.0,1280.0,2.1333333333333333,3.0088970999931917,0.025973747480389164,384,3
rcs0.05_k2,68,balanced,0.5,0.06,2,60,10,1.0,1280.0,2.1333333333333333,0.7321639999281615,0.0,0,0
rcs0.05_k2,68,robust,0.5,0.05333333333333334,2,60,10,1.0,1280.0,2.1333333333333333,5.3376821000128984,0.0,0,0
rcs0.05_k2,69,v1,0.3,0.03,2,53,10,0.9811320754716981,1280.0,2.1333333333333333,4.638155899941921,0.0,0,0
rcs0.05_k2,69,joint,0.3,0.03,2,53,10,0.9811320754716981,1280.0,2.1333333333333333,4.777026899973862,0.0,426,0
rcs0.05_k2,69,balanced,0.5,0.03666666666666667,2,60,10,0.9833333333333333,1280.0,2.1333333333333333,0.7120902000460774,0.0,0,0
rcs0.05_k2,69,robust,0.5,0.03333333333333333,2,50,10,0.98,1280.0,2.1333333333333333,4.008192599983886,0.0,0,0
rcs0.05_k2,70,v1,0.4,0.056666666666666664,2,45,10,0.9777777777777777,1280.0,2.1333333333333333,4.152800300042145,0.0,0,0
rcs0.05_k2,70,joint,0.5,0.04666666666666667,2,47,10,0.9787234042553191,1280.0,2.1333333333333333,4.3468601000495255,0.10468618897459425,590,6
rcs0.05_k2,70,balanced,0.5,0.06,2,60,10,0.9833333333333333,1280.0,2.1333333333333333,0.8124692999990657,0.0,0,0
rcs0.05_k2,70,robust,0.6,0.06333333333333334,2,60,10,0.9833333333333333,1280.0,2.1333333333333333,5.4542533999774605,0.0,0,0
rcs0.05_k2,71,v1,0.6,0.07666666666666666,2,46,10,1.0,1280.0,2.1333333333333333,4.34253110003192,0.0,0,0
rcs0.05_k2,71,joint,0.6,0.07666666666666666,2,46,10,1.0,1280.0,2.1333333333333333,4.465934199979529,0.0,369,0
rcs0.05_k2,71,balanced,0.6,0.07666666666666666,2,60,10,1.0,1280.0,2.1333333333333333,1.0254229999845847,0.0,0,0
rcs0.05_k2,71,robust,0.6,0.09,2,55,10,1.0,1280.0,2.1333333333333333,5.461576200090349,0.0,0,0
rcs0.05_k2,72,v1,0.6,0.043333333333333335,2,52,10,0.8846153846153846,1280.0,2.1333333333333333,4.3704230999574065,0.0,0,0
rcs0.05_k2,72,joint,0.6,0.043333333333333335,2,53,10,0.8679245283018868,1280.0,2.1333333333333333,4.555471800034866,0.021425707304253194,499,3
rcs0.05_k2,72,balanced,0.6,0.056666666666666664,2,60,10,0.9,1280.0,2.1333333333333333,0.7395165999187157,0.0,0,0
rcs0.05_k2,72,robust,0.6,0.05,2,60,10,0.9,1280.0,2.1333333333333333,5.188397500081919,0.0,0,0
rcs0.05_k2,73,v1,0.3,0.03333333333333333,2,40,10,1.0,1280.0,2.1333333333333333,3.5262016999768093,0.0,0,0
rcs0.05_k2,73,joint,0.3,0.03333333333333333,2,40,10,1.0,1280.0,2.1333333333333333,3.6395550000015646,0.0,362,0
rcs0.05_k2,73,balanced,0.3,0.05,2,60,10,0.9833333333333333,1280.0,2.1333333333333333,0.7443225999595597,0.0,0,0
rcs0.05_k2,73,robust,0.4,0.02666666666666667,2,48,8,0.9791666666666666,1280.0,2.1333333333333333,3.9949772999389097,0.0,0,0
rcs0.05_k2,74,v1,0.3,0.03666666666666667,2,53,10,1.0,1280.0,2.1333333333333333,5.000987799954601,0.0,0,0
rcs0.05_k2,74,joint,0.3,0.04,2,54,10,1.0,1280.0,2.1333333333333333,5.196544099948369,0.030340517353760088,519,3
rcs0.05_k2,74,balanced,0.3,0.04,2,60,10,1.0,1280.0,2.1333333333333333,0.9070353000424802,0.0,0,0
rcs0.05_k2,74,robust,0.2,0.03666666666666667,2,54,9,1.0,1280.0,2.1333333333333333,5.06440329994075,0.0,0,0
rcs0.05_k2,75,v1,0.1,0.056666666666666664,2,47,9,0.9574468085106383,1280.0,2.1333333333333333,3.6781078999629244,0.0,0,0
rcs0.05_k2,75,joint,0.1,0.06666666666666667,2,49,10,0.9591836734693877,1280.0,2.1333333333333333,3.8159658999647945,0.26344314048323847,370,2
rcs0.05_k2,75,balanced,0.1,0.043333333333333335,2,60,10,0.9666666666666667,1280.0,2.1333333333333333,0.6012403999920934,0.0,0,0
rcs0.05_k2,75,robust,0.1,0.03,2,55,10,0.9636363636363636,1280.0,2.1333333333333333,4.056107399985194,0.0,0,0
rcs0.05_k2,76,v1,0.3,0.04666666666666667,2,47,10,1.0,1280.0,2.1333333333333333,3.9046677000587806,0.0,0,0
rcs0.05_k2,76,joint,0.4,0.04666666666666667,2,43,10,1.0,1280.0,2.1333333333333333,4.050262699951418,0.1646769801582053,385,2
rcs0.05_k2,76,balanced,0.3,0.043333333333333335,2,60,10,0.9833333333333333,1280.0,2.1333333333333333,0.7211591000668705,0.0,0,0
rcs0.05_k2,76,robust,0.2,0.05,2,55,10,0.9818181818181818,1280.0,2.1333333333333333,4.386761500034481,0.0,0,0
rcs0.05_k2,77,v1,0.5,0.05,2,52,10,1.0,1280.0,2.1333333333333333,4.354425200028345,0.0,0,0
rcs0.05_k2,77,joint,0.5,0.05,2,52,10,1.0,1280.0,2.1333333333333333,4.480858399881981,0.0,384,0
rcs0.05_k2,77,balanced,0.5,0.04666666666666667,2,60,10,1.0,1280.0,2.1333333333333333,0.6346881000790745,0.0,0,0
rcs0.05_k2,77,robust,0.5,0.03333333333333333,2,55,10,1.0,1280.0,2.1333333333333333,4.241286400007084,0.0,0,0
rcs0.05_k2,78,v1,0.4,0.06333333333333334,2,53,10,1.0,1280.0,2.1333333333333333,4.6603249999461696,0.0,0,0
rcs0.05_k2,78,joint,0.4,0.05333333333333334,2,54,10,1.0,1280.0,2.1333333333333333,4.843204899923876,0.06724735639058665,485,3
rcs0.05_k2,78,balanced,0.4,0.056666666666666664,2,60,10,1.0,1280.0,2.1333333333333333,0.7255506000947207,0.0,0,0
rcs0.05_k2,78,robust,0.3,0.05333333333333334,2,60,10,1.0,1280.0,2.1333333333333333,5.176825699978508,0.0,0,0
rcs0.05_k2,79,v1,0.6,0.09333333333333334,2,45,10,1.0,1280.0,2.1333333333333333,4.104717300040647,0.0,0,0
rcs0.05_k2,79,joint,0.7,0.10666666666666667,2,41,10,1.0,1280.0,2.1333333333333333,4.240485699963756,6.38503306390481e-05,375,2
rcs0.05_k2,79,balanced,0.9,0.09,2,60,10,1.0,1280.0,2.1333333333333333,0.6650342999491841,0.0,0,0
rcs0.05_k2,79,robust,0.9,0.08666666666666667,2,60,10,1.0,1280.0,2.1333333333333333,4.761286200024188,0.0,0,0
rcs0.05_k2,80,v1,0.5,0.04666666666666667,2,32,10,0.9375,1280.0,2.1333333333333333,2.4125792999984697,0.0,0,0
rcs0.05_k2,80,joint,0.5,0.05,2,32,10,0.9375,1280.0,2.1333333333333333,2.546423099935055,0.013232548467370098,379,1
rcs0.05_k2,80,balanced,0.6,0.056666666666666664,2,60,10,0.95,1280.0,2.1333333333333333,0.5598225999856368,0.0,0,0
rcs0.05_k2,80,robust,0.6,0.05,2,55,10,0.9272727272727272,1280.0,2.1333333333333333,4.110321199987084,0.0,0,0
rcs0.05_k2,81,v1,0.3,0.04,2,41,10,1.0,1280.0,2.1333333333333333,2.688404400018044,0.0,0,0
rcs0.05_k2,81,joint,0.3,0.04,2,33,10,1.0,1280.0,2.1333333333333333,2.8512392999837175,0.15553183351739097,490,5
rcs0.05_k2,81,balanced,0.4,0.03,2,60,10,1.0,1280.0,2.1333333333333333,0.4392789000412449,0.0,0,0
rcs0.05_k2,81,robust,0.4,0.03333333333333333,2,60,10,1.0,1280.0,2.1333333333333333,4.001573499990627,0.0,0,0
rcs0.05_k2,82,v1,0.7,0.06333333333333334,2,52,10,0.9615384615384616,1280.0,2.1333333333333333,3.921081700013019,0.0,0,0
rcs0.05_k2,82,joint,0.7,0.06333333333333334,2,52,10,0.9615384615384616,1280.0,2.1333333333333333,4.047876900061965,0.0,393,0
rcs0.05_k2,82,balanced,0.7,0.07,2,60,10,0.9833333333333333,1280.0,2.1333333333333333,0.5674727999139577,0.0,0,0
rcs0.05_k2,82,robust,0.7,0.07666666666666666,2,60,10,0.9833333333333333,1280.0,2.1333333333333333,4.544886799994856,0.0,0,0
rcs0.05_k2,83,v1,0.4,0.04,2,51,10,0.9215686274509803,1280.0,2.1333333333333333,3.2392395000206307,0.0,0,0
rcs0.05_k2,83,joint,0.5,0.023333333333333334,2,46,10,0.9130434782608695,1280.0,2.1333333333333333,3.455967800109647,0.43791434828193276,623,6
rcs0.05_k2,83,balanced,0.3,0.05,2,60,10,0.9333333333333333,1280.0,2.1333333333333333,0.4353510000510141,0.0,0,0
rcs0.05_k2,83,robust,0.4,0.05,2,50,10,1.0,1280.0,2.1333333333333333,3.5054992999648675,0.0,0,0
rcs0.05_k2,84,v1,0.6,0.05,2,47,10,1.0,1280.0,2.1333333333333333,3.3211294999346137,0.0,0,0
rcs0.05_k2,84,joint,0.5,0.05333333333333334,2,37,10,1.0,1280.0,2.1333333333333333,3.52329689997714,0.23590955141112357,569,8
rcs0.05_k2,84,balanced,0.6,0.04666666666666667,2,60,10,0.9833333333333333,1280.0,2.1333333333333333,0.6903969999402761,0.0,0,0
rcs0.05_k2,84,robust,0.7,0.043333333333333335,2,60,10,0.9833333333333333,1280.0,2.1333333333333333,4.701658200006932,0.0,0,0
rcs0.05_k2,85,v1,0.7,0.05333333333333334,2,51,10,1.0,1280.0,2.1333333333333333,4.096373400068842,0.0,0,0
rcs0.05_k2,85,joint,0.7,0.05,2,52,10,1.0,1280.0,2.1333333333333333,4.275055600213818,0.04993156922242692,501,3
rcs0.05_k2,85,balanced,0.7,0.05333333333333334,2,60,10,1.0,1280.0,2.1333333333333333,0.6603573999600485,0.0,0,0
rcs0.05_k2,85,robust,0.7,0.06,2,60,10,1.0,1280.0,2.1333333333333333,4.891049199970439,0.0,0,0
rcs0.05_k2,86,v1,0.4,0.04,2,50,10,1.0,1280.0,2.1333333333333333,3.475358600029722,0.0,0,0
rcs0.05_k2,86,joint,0.7,0.043333333333333335,2,38,10,1.0,1280.0,2.1333333333333333,3.672834899974987,0.396744460263597,583,7
rcs0.05_k2,86,balanced,0.5,0.056666666666666664,2,60,10,1.0,1280.0,2.1333333333333333,0.5208018999546766,0.0,0,0
rcs0.05_k2,86,robust,0.4,0.05333333333333334,2,60,10,1.0,1280.0,2.1333333333333333,4.45348260004539,0.0,0,0
rcs0.05_k2,87,v1,0.5,0.05333333333333334,2,46,10,0.9782608695652174,1280.0,2.1333333333333333,3.4474586999276653,0.0,0,0
rcs0.05_k2,87,joint,0.5,0.05333333333333334,2,46,10,0.9782608695652174,1280.0,2.1333333333333333,3.575785499997437,0.0,405,0
rcs0.05_k2,87,balanced,0.6,0.04666666666666667,2,60,10,0.9833333333333333,1280.0,2.1333333333333333,0.7011733999243006,0.0,0,0
rcs0.05_k2,87,robust,0.4,0.06,2,55,10,0.9818181818181818,1280.0,2.1333333333333333,4.526575100026093,0.0,0,0
rcs0.05_k2,88,v1,0.4,0.04,2,41,10,1.0,1280.0,2.1333333333333333,2.95934619999025,0.0,0,0
rcs0.05_k2,88,joint,0.4,0.04,2,41,10,1.0,1280.0,2.1333333333333333,3.07090639998205,0.0,393,0
rcs0.05_k2,88,balanced,0.5,0.03666666666666667,2,60,10,1.0,1280.0,2.1333333333333333,0.7078348000068218,0.0,0,0
rcs0.05_k2,88,robust,0.5,0.04666666666666667,2,55,10,1.0,1280.0,2.1333333333333333,4.680318900034763,0.0,0,0
rcs0.05_k2,89,v1,0.4,0.03,2,56,10,1.0,1280.0,2.1333333333333333,4.901280099991709,0.0,0,0
rcs0.05_k2,89,joint,0.4,0.03,2,56,10,1.0,1280.0,2.1333333333333333,5.038267899886705,0.0,385,0
rcs0.05_k2,89,balanced,0.2,0.02666666666666667,2,60,10,1.0,1280.0,2.1333333333333333,0.7704756000312045,0.0,0,0
rcs0.05_k2,89,robust,0.4,0.05,2,55,10,1.0,1280.0,2.1333333333333333,4.884755100007169,0.0,0,0
rcs0.05_k2,90,v1,0.6,0.043333333333333335,2,30,10,1.0,1280.0,2.1333333333333333,2.619508199975826,0.0,0,0
rcs0.05_k2,90,joint,0.6,0.043333333333333335,2,31,10,1.0,1280.0,2.1333333333333333,2.734831399982795,0.09100676434293575,356,2
rcs0.05_k2,90,balanced,0.6,0.07333333333333333,2,60,10,0.95,1280.0,2.1333333333333333,0.8267668999033049,0.0,0,0
rcs0.05_k2,90,robust,0.6,0.07,2,60,10,0.95,1280.0,2.1333333333333333,5.345196800073609,0.0,0,0
rcs0.05_k2,91,v1,0.2,0.04,2,50,10,1.0,1280.0,2.1333333333333333,3.5122000999981537,0.0,0,0
rcs0.05_k2,91,joint,0.2,0.04,2,50,10,1.0,1280.0,2.1333333333333333,3.637744899955578,0.0,392,0
rcs0.05_k2,91,balanced,0.2,0.056666666666666664,2,60,10,0.9833333333333333,1280.0,2.1333333333333333,0.6538086000364274,0.0,0,0
rcs0.05_k2,91,robust,0.3,0.04666666666666667,2,60,10,0.9833333333333333,1280.0,2.1333333333333333,4.904304899973795,0.0,0,0
rcs0.05_k2,92,v1,0.3,0.056666666666666664,2,55,10,1.0,1280.0,2.1333333333333333,4.88214780006092,0.0,0,0
rcs0.05_k2,92,joint,0.3,0.056666666666666664,2,55,10,1.0,1280.0,2.1333333333333333,5.01944090006873,0.0,417,0
rcs0.05_k2,92,balanced,0.3,0.04666666666666667,2,60,10,1.0,1280.0,2.1333333333333333,0.8821764999302104,0.0,0,0
rcs0.05_k2,92,robust,0.3,0.04666666666666667,2,55,10,1.0,1280.0,2.1333333333333333,5.374342900002375,0.0,0,0
rcs0.05_k2,93,v1,0.6,0.05333333333333334,2,52,10,0.9038461538461539,1280.0,2.1333333333333333,4.258980500046164,0.0,0,0
rcs0.05_k2,93,joint,0.6,0.05333333333333334,2,52,10,0.9038461538461539,1280.0,2.1333333333333333,4.398191099986434,0.0,405,0
rcs0.05_k2,93,balanced,0.6,0.05333333333333334,2,60,10,0.9333333333333333,1280.0,2.1333333333333333,0.7626285000005737,0.0,0,0
rcs0.05_k2,93,robust,0.6,0.06,2,60,10,0.9166666666666666,1280.0,2.1333333333333333,5.094400000059977,0.0,0,0
rcs0.05_k2,94,v1,0.7,0.06,2,50,10,1.0,1280.0,2.1333333333333333,4.282393999979831,0.0,0,0
rcs0.05_k2,94,joint,0.7,0.06,2,50,10,1.0,1280.0,2.1333333333333333,4.408913699910045,0.0,379,0
rcs0.05_k2,94,balanced,0.5,0.05333333333333334,2,60,10,1.0,1280.0,2.1333333333333333,0.7195275999838486,0.0,0,0
rcs0.05_k2,94,robust,0.5,0.056666666666666664,2,55,10,1.0,1280.0,2.1333333333333333,4.722086200024933,0.0,0,0
rcs0.05_k2,95,v1,0.4,0.05,2,45,10,1.0,1280.0,2.1333333333333333,3.1832703000400215,0.0,0,0
rcs0.05_k2,95,joint,0.6,0.05,2,46,10,1.0,1280.0,2.1333333333333333,3.3334993000607938,0.07152204584184041,393,3
rcs0.05_k2,95,balanced,0.6,0.03666666666666667,2,60,10,0.9833333333333333,1280.0,2.1333333333333333,0.471154100028798,0.0,0,0
rcs0.05_k2,95,robust,0.5,0.04,2,55,10,1.0,1280.0,2.1333333333333333,4.275300499983132,0.0,0,0
rcs0.05_k2,96,v1,0.7,0.06,2,38,10,1.0,1280.0,2.1333333333333333,3.453454399947077,0.0,0,0
rcs0.05_k2,96,joint,0.7,0.06,2,38,10,1.0,1280.0,2.1333333333333333,3.593953699921258,0.0519909109579515,411,2
rcs0.05_k2,96,balanced,0.7,0.04666666666666667,2,60,10,1.0,1280.0,2.1333333333333333,0.7874676000792533,0.0,0,0
rcs0.05_k2,96,robust,0.6,0.056666666666666664,2,60,10,1.0,1280.0,2.1333333333333333,5.230232400004752,0.0,0,0
rcs0.05_k2,97,v1,0.6,0.05,2,40,10,0.975,1280.0,2.1333333333333333,3.370355299906805,0.0,0,0
rcs0.05_k2,97,joint,0.6,0.05,2,40,10,0.975,1280.0,2.1333333333333333,3.4795172999147326,0.0,352,0
rcs0.05_k2,97,balanced,0.6,0.05333333333333334,2,60,10,0.9833333333333333,1280.0,2.1333333333333333,0.7637258000904694,0.0,0,0
rcs0.05_k2,97,robust,0.6,0.056666666666666664,2,60,10,0.9833333333333333,1280.0,2.1333333333333333,5.30943969998043,0.0,0,0
rcs0.05_k2,98,v1,0.3,0.043333333333333335,2,42,10,1.0,1280.0,2.1333333333333333,3.7918445999966934,0.0,0,0
rcs0.05_k2,98,joint,0.3,0.04,2,42,10,1.0,1280.0,2.1333333333333333,3.9508496000198647,0.039589001620173966,466,2
rcs0.05_k2,98,balanced,0.4,0.03333333333333333,2,60,10,1.0,1280.0,2.1333333333333333,0.6931647000601515,0.0,0,0
rcs0.05_k2,98,robust,0.5,0.04666666666666667,2,60,10,1.0,1280.0,2.1333333333333333,5.18614019989036,0.0,0,0
rcs0.05_k2,99,v1,0.7,0.05333333333333334,2,40,10,1.0,1280.0,2.1333333333333333,3.187304600025527,0.0,0,0
rcs0.05_k2,99,joint,0.7,0.05333333333333334,2,40,10,1.0,1280.0,2.1333333333333333,3.2988311999943107,0.0,339,0
rcs0.05_k2,99,balanced,0.8,0.05333333333333334,2,60,10,1.0,1280.0,2.1333333333333333,0.8733922000974417,0.0,0,0
rcs0.05_k2,99,robust,0.7,0.05,2,55,10,1.0,1280.0,2.1333333333333333,4.763394600013271,0.0,0,0
rcs0.05_k8,0,v1,0.4,0.05,8,55,10,1.0,5120.0,8.533333333333335,5.223946399986744,0.0,0,0
rcs0.05_k8,0,joint,0.5,0.056666666666666664,7,50,10,1.0,4480.0,7.466666666666669,5.449116299976595,0.016134430857096982,581,2
rcs0.05_k8,0,balanced,0.5,0.05333333333333334,8,60,10,1.0,5120.0,8.533333333333335,0.5757043999619782,0.0,0,0
rcs0.05_k8,0,robust,0.5,0.05333333333333334,3,60,10,1.0,1920.0,3.2,6.295420000096783,0.0,0,0
rcs0.05_k8,1,v1,0.5,0.02666666666666667,8,52,10,0.9807692307692307,5120.0,8.533333333333335,4.682884800015017,0.0,0,0
rcs0.05_k8,1,joint,0.5,0.02666666666666667,8,52,10,0.9807692307692307,5120.0,8.533333333333335,4.823516299948096,0.0,462,0
rcs0.05_k8,1,balanced,0.3,0.03,8,60,10,0.9833333333333333,5120.0,8.533333333333335,0.5207363000372425,0.0,0,0
rcs0.05_k8,1,robust,0.4,0.02666666666666667,8,45,10,0.9777777777777777,5120.0,8.533333333333335,3.721775699988939,0.0,0,0
rcs0.05_k8,2,v1,0.6,0.04666666666666667,8,48,10,0.9583333333333334,5120.0,8.533333333333335,4.453587099909782,0.0,0,0
rcs0.05_k8,2,joint,0.6,0.05,8,48,10,0.9583333333333334,5120.0,8.533333333333335,4.647705000010319,0.019858217975895154,509,2
rcs0.05_k8,2,balanced,0.5,0.05333333333333334,8,60,10,0.9166666666666666,5120.0,8.533333333333335,0.7279513999819756,0.0,0,0
rcs0.05_k8,2,robust,0.5,0.05333333333333334,8,55,10,0.9090909090909091,5120.0,8.533333333333335,6.402464100043289,0.0,0,0
rcs0.05_k8,3,v1,0.1,0.056666666666666664,8,44,10,1.0,5120.0,8.533333333333335,3.359501300030388,0.0,0,0
rcs0.05_k8,3,joint,0.2,0.05333333333333334,8,44,10,1.0,5120.0,8.533333333333335,3.52182200003881,0.004845952613842686,486,1
rcs0.05_k8,3,balanced,0.5,0.07,8,60,10,0.9833333333333333,5120.0,8.533333333333335,0.6336273000342771,0.0,0,0
rcs0.05_k8,3,robust,0.2,0.056666666666666664,8,50,10,0.96,5120.0,8.533333333333335,3.8680386999621987,0.0,0,0
rcs0.05_k8,4,v1,0.4,0.06,8,44,10,1.0,5120.0,8.533333333333335,3.7691537000937387,0.0,0,0
rcs0.05_k8,4,joint,0.4,0.05333333333333334,8,46,10,1.0,5120.0,8.533333333333335,3.9508487000130117,0.16633950552047505,565,3
rcs0.05_k8,4,balanced,0.5,0.05,8,60,10,1.0,5120.0,8.533333333333335,0.6428081999765709,0.0,0,0
rcs0.05_k8,4,robust,0.4,0.07333333333333333,7,40,10,1.0,4480.0,7.466666666666669,4.11327140009962,0.0,0,0
rcs0.05_k8,5,v1,0.4,0.03333333333333333,8,50,10,1.0,5120.0,8.533333333333335,4.5192554000532255,0.0,0,0
rcs0.05_k8,5,joint,0.5,0.02666666666666667,7,51,10,1.0,4480.0,7.466666666666669,4.762817599927075,0.06296368490869186,664,7
rcs0.05_k8,5,balanced,0.5,0.02,8,60,10,0.9666666666666667,5120.0,8.533333333333335,0.6611534999683499,0.0,0,0
rcs0.05_k8,5,robust,0.4,0.056666666666666664,7,45,10,0.9555555555555556,4480.0,7.466666666666669,4.279589500045404,0.0,0,0
rcs0.05_k8,6,v1,0.3,0.06,8,44,10,0.9318181818181818,5120.0,8.533333333333335,3.658228199928999,0.0,0,0
rcs0.05_k8,6,joint,0.4,0.05,8,45,10,0.9333333333333333,5120.0,8.533333333333335,3.8720975999021903,0.014538526496659543,668,5
rcs0.05_k8,6,balanced,0.5,0.06333333333333334,8,60,10,0.95,5120.0,8.533333333333335,0.5501158999977633,0.0,0,0
rcs0.05_k8,6,robust,0.4,0.06666666666666667,8,45,10,0.9555555555555556,5120.0,8.533333333333335,3.2119994000531733,0.0,0,0
rcs0.05_k8,7,v1,0.7,0.06333333333333334,6,35,10,0.8285714285714286,3840.0,6.400000000000001,3.4867291999980807,0.0,0,0
rcs0.05_k8,7,joint,0.7,0.05,5,35,10,0.8285714285714286,3200.0,5.333333333333334,3.780266300076619,0.010375060346393461,928,3
rcs0.05_k8,7,balanced,0.8,0.04666666666666667,8,60,10,0.8666666666666667,5120.0,8.533333333333335,0.6898780999472365,0.0,0,0
rcs0.05_k8,7,robust,0.8,0.04,8,50,10,0.84,5120.0,8.533333333333335,4.564524800051004,0.0,0,0
rcs0.05_k8,8,v1,0.4,0.05,5,39,10,1.0,3200.0,5.333333333333334,3.5391385999973863,0.0,0,0
rcs0.05_k8,8,joint,0.5,0.04666666666666667,5,40,10,1.0,3200.0,5.333333333333334,3.913429499953054,0.017608026781987363,1061,4
rcs0.05_k8,8,balanced,0.5,0.03666666666666667,8,60,10,1.0,5120.0,8.533333333333335,0.5782938000047579,0.0,0,0
rcs0.05_k8,8,robust,0.5,0.03666666666666667,8,55,10,1.0,5120.0,8.533333333333335,5.127643799991347,0.0,0,0
rcs0.05_k8,9,v1,0.2,0.03666666666666667,8,56,10,1.0,5120.0,8.533333333333335,5.272606999962591,0.0,0,0
rcs0.05_k8,9,joint,0.3,0.04,8,56,10,1.0,5120.0,8.533333333333335,5.458842399995774,0.007642395697037507,490,2
rcs0.05_k8,9,balanced,0.3,0.04666666666666667,8,60,10,1.0,5120.0,8.533333333333335,0.6207775000948459,0.0,0,0
rcs0.05_k8,9,robust,0.2,0.04,8,55,10,1.0,5120.0,8.533333333333335,5.502468399936333,0.0,0,0
rcs0.05_k8,10,v1,0.3,0.03666666666666667,8,49,10,1.0,5120.0,8.533333333333335,5.46337939996738,0.0,0,0
rcs0.05_k8,10,joint,0.4,0.04666666666666667,8,51,10,1.0,5120.0,8.533333333333335,5.723879500059411,0.06044531360289929,667,8
rcs0.05_k8,10,balanced,0.6,0.05333333333333334,8,60,10,1.0,5120.0,8.533333333333335,0.8684193999506533,0.0,0,0
rcs0.05_k8,10,robust,0.4,0.05333333333333334,8,50,10,1.0,5120.0,8.533333333333335,4.596688900026493,0.0,0,0
rcs0.05_k8,11,v1,0.4,0.06333333333333334,8,55,10,1.0,5120.0,8.533333333333335,6.639158000005409,0.0,0,0
rcs0.05_k8,11,joint,0.4,0.07,7,55,10,1.0,4480.0,7.466666666666669,6.916745400056243,0.30637116314568646,725,3
rcs0.05_k8,11,balanced,0.4,0.07666666666666666,8,60,10,1.0,5120.0,8.533333333333335,0.873669599997811,0.0,0,0
rcs0.05_k8,11,robust,0.6,0.05333333333333334,8,40,10,1.0,5120.0,8.533333333333335,3.7395932999206707,0.0,0,0
rcs0.05_k8,12,v1,0.2,0.03666666666666667,8,45,10,0.8666666666666667,5120.0,8.533333333333335,5.266871600062586,0.0,0,0
rcs0.05_k8,12,joint,0.2,0.02666666666666667,8,47,10,0.8723404255319149,5120.0,8.533333333333335,5.53238420013804,0.09302347105382336,735,4
rcs0.05_k8,12,balanced,0.3,0.043333333333333335,8,60,10,0.9,5120.0,8.533333333333335,0.9054125000257045,0.0,0,0
rcs0.05_k8,12,robust,0.3,0.04666666666666667,8,40,10,0.975,5120.0,8.533333333333335,3.885469499975443,0.0,0,0
rcs0.05_k8,13,v1,0.3,0.03333333333333333,8,52,10,1.0,5120.0,8.533333333333335,5.181612299988046,0.0,0,0
rcs0.05_k8,13,joint,0.3,0.03333333333333333,8,52,10,1.0,5120.0,8.533333333333335,5.333706099889241,0.0,486,0
rcs0.05_k8,13,balanced,0.4,0.043333333333333335,8,60,10,1.0,5120.0,8.533333333333335,0.6285820000339299,0.0,0,0
rcs0.05_k8,13,robust,0.4,0.04666666666666667,6,50,10,1.0,3840.0,6.400000000000001,5.1439251999836415,0.0,0,0
rcs0.05_k8,14,v1,0.7,0.056666666666666664,8,45,10,1.0,5120.0,8.533333333333335,4.619948500068858,0.0,0,0
rcs0.05_k8,14,joint,0.6,0.05,7,47,10,1.0,4480.0,7.466666666666669,4.8786677999887615,0.04038514751831812,736,6
rcs0.05_k8,14,balanced,0.7,0.04,8,60,10,1.0,5120.0,8.533333333333335,0.696964000002481,0.0,0,0
rcs0.05_k8,14,robust,0.7,0.05333333333333334,7,55,10,1.0,4480.0,7.466666666666669,6.388744099996984,0.0,0,0
rcs0.05_k8,15,v1,0.7,0.06333333333333334,8,51,10,1.0,5120.0,8.533333333333335,6.074507000041194,0.0,0,0
rcs0.05_k8,15,joint,0.7,0.06333333333333334,8,51,10,1.0,5120.0,8.533333333333335,6.222027200157754,0.0,463,0
rcs0.05_k8,15,balanced,0.6,0.06,8,60,10,1.0,5120.0,8.533333333333335,0.8920652000233531,0.0,0,0
rcs0.05_k8,15,robust,0.4,0.03,7,35,10,1.0,4480.0,7.466666666666669,3.4848307999782264,0.0,0,0
rcs0.05_k8,16,v1,0.7,0.04,8,52,10,0.9230769230769231,5120.0,8.533333333333335,6.077217500074767,0.0,0,0
rcs0.05_k8,16,joint,0.7,0.03333333333333333,8,52,10,0.9230769230769231,5120.0,8.533333333333335,6.270573299960233,0.0026860393436092256,530,2
rcs0.05_k8,16,balanced,0.6,0.05333333333333334,8,60,10,0.95,5120.0,8.533333333333335,0.8078154999529943,0.0,0,0
rcs0.05_k8,16,robust,0.5,0.07,7,50,10,0.94,4480.0,7.466666666666669,5.952340400079265,0.0,0,0
rcs0.05_k8,17,v1,0.5,0.04,8,41,10,1.0,5120.0,8.533333333333335,3.7804440999170765,0.0,0,0
rcs0.05_k8,17,joint,0.5,0.03666666666666667,8,41,10,1.0,5120.0,8.533333333333335,3.970886299968697,0.02815875163397008,532,3
rcs0.05_k8,17,balanced,0.7,0.03666666666666667,8,60,10,1.0,5120.0,8.533333333333335,0.78423190000467,0.0,0,0
rcs0.05_k8,17,robust,0.4,0.03666666666666667,8,40,10,1.0,5120.0,8.533333333333335,3.278988800011575,0.0,0,0
rcs0.05_k8,18,v1,0.4,0.05333333333333334,4,31,10,0.9354838709677419,2560.0,4.266666666666667,3.168884400045499,0.0,0,0
rcs0.05_k8,18,joint,0.4,0.06333333333333334,2,25,10,0.92,1280.0,2.1333333333333333,3.4613399000372738,0.39461295969087784,934,7
rcs0.05_k8,18,balanced,0.4,0.04666666666666667,8,60,10,0.95,5120.0,8.533333333333335,0.6612522000214085,0.0,0,0
rcs0.05_k8,18,robust,0.3,0.03666666666666667,4,40,10,0.9,2560.0,4.266666666666667,3.623476899927482,0.0,0,0
rcs0.05_k8,19,v1,0.6,0.03333333333333333,8,49,10,1.0,5120.0,8.533333333333335,4.636707799974829,0.0,0,0
rcs0.05_k8,19,joint,0.7,0.03,8,50,10,1.0,5120.0,8.533333333333335,4.828942199936137,0.006208824877183883,548,3
rcs0.05_k8,19,balanced,0.8,0.05333333333333334,8,60,10,1.0,5120.0,8.533333333333335,0.7754398999968544,0.0,0,0
rcs0.05_k8,19,robust,0.7,0.04666666666666667,8,60,10,1.0,5120.0,8.533333333333335,6.1719023999758065,0.0,0,0
rcs0.05_k8,20,v1,0.5,0.043333333333333335,8,48,10,1.0,5120.0,8.533333333333335,5.074162699980661,0.0,0,0
rcs0.05_k8,20,joint,0.5,0.04,8,45,10,1.0,5120.0,8.533333333333335,5.252719700103626,0.015732831101454514,528,5
rcs0.05_k8,20,balanced,0.6,0.06,8,60,10,1.0,5120.0,8.533333333333335,0.8273985999403521,0.0,0,0
rcs0.05_k8,20,robust,0.6,0.03666666666666667,8,50,10,1.0,5120.0,8.533333333333335,4.403416599961929,0.0,0,0
rcs0.05_k8,21,v1,0.6,0.06,6,38,10,1.0,3840.0,6.400000000000001,4.699838600005023,0.0,0,0
rcs0.05_k8,21,joint,0.5,0.07333333333333333,4,38,10,1.0,2560.0,4.266666666666667,5.091825100011192,0.044880929051173246,1167,3
rcs0.05_k8,21,balanced,0.7,0.056666666666666664,8,60,10,1.0,5120.0,8.533333333333335,0.8377051999559626,0.0,0,0
rcs0.05_k8,21,robust,0.6,0.05,8,50,10,1.0,5120.0,8.533333333333335,5.305245899944566,0.0,0,0
rcs0.05_k8,22,v1,0.8,0.07,8,42,10,1.0,5120.0,8.533333333333335,4.052616000059061,0.0,0,0
rcs0.05_k8,22,joint,0.8,0.06333333333333334,7,42,10,1.0,4480.0,7.466666666666669,4.307871900033206,0.028640284047121878,777,3
rcs0.05_k8,22,balanced,0.9,0.05333333333333334,8,60,10,1.0,5120.0,8.533333333333335,0.7819999000057578,0.0,0,0
rcs0.05_k8,22,robust,0.6,0.05,8,50,10,1.0,5120.0,8.533333333333335,5.268063899944536,0.0,0,0
rcs0.05_k8,23,v1,0.4,0.04666666666666667,8,51,10,1.0,5120.0,8.533333333333335,5.463829100015573,0.0,0,0
rcs0.05_k8,23,joint,0.5,0.04,8,49,10,1.0,5120.0,8.533333333333335,5.668974100030027,0.19504653962711238,593,4
rcs0.05_k8,23,balanced,0.3,0.04,8,60,10,1.0,5120.0,8.533333333333335,0.8909016000106931,0.0,0,0
rcs0.05_k8,23,robust,0.3,0.05,8,45,10,1.0,5120.0,8.533333333333335,4.265622299979441,0.0,0,0
rcs0.05_k8,24,v1,0.6,0.05,8,41,10,1.0,5120.0,8.533333333333335,3.4767185000237077,0.0,0,0
rcs0.05_k8,24,joint,0.6,0.04,6,28,10,1.0,3840.0,6.400000000000001,3.796360000036657,1.533672331419522,940,10
rcs0.05_k8,24,balanced,0.7,0.06666666666666667,8,60,10,1.0,5120.0,8.533333333333335,0.6901571999769658,0.0,0,0
rcs0.05_k8,24,robust,0.6,0.07333333333333333,8,50,10,1.0,5120.0,8.533333333333335,4.4412851999513805,0.0,0,0
rcs0.05_k8,25,v1,0.2,0.056666666666666664,8,50,10,1.0,5120.0,8.533333333333335,4.403551000053994,0.0,0,0
rcs0.05_k8,25,joint,0.2,0.06333333333333334,8,51,10,1.0,5120.0,8.533333333333335,4.600958899944089,0.02281403988330455,578,4
rcs0.05_k8,25,balanced,0.2,0.05333333333333334,8,60,10,0.9833333333333333,5120.0,8.533333333333335,0.5581389999715611,0.0,0,0
rcs0.05_k8,25,robust,0.2,0.04666666666666667,5,45,10,1.0,3200.0,5.333333333333334,4.391535100061446,0.0,0,0
rcs0.05_k8,26,v1,0.3,0.03666666666666667,8,46,10,1.0,5120.0,8.533333333333335,4.508749300031923,0.0,0,0
rcs0.05_k8,26,joint,0.3,0.03666666666666667,8,46,10,1.0,5120.0,8.533333333333335,4.648867000010796,0.0,459,0
rcs0.05_k8,26,balanced,0.4,0.043333333333333335,8,60,10,1.0,5120.0,8.533333333333335,0.6679891000967473,0.0,0,0
rcs0.05_k8,26,robust,0.3,0.05,6,51,10,1.0,3840.0,6.400000000000001,5.381192300003022,0.0,0,0
rcs0.05_k8,27,v1,0.5,0.03333333333333333,8,57,10,1.0,5120.0,8.533333333333335,5.308735799975693,0.0,0,0
rcs0.05_k8,27,joint,0.5,0.03333333333333333,8,57,10,1.0,5120.0,8.533333333333335,5.4986039999639615,0.018097556427684403,507,2
rcs0.05_k8,27,balanced,0.6,0.03666666666666667,8,60,10,1.0,5120.0,8.533333333333335,0.6086744000203907,0.0,0,0
rcs0.05_k8,27,robust,0.7,0.03666666666666667,8,45,10,1.0,5120.0,8.533333333333335,3.4450053999898955,0.0,0,0
rcs0.05_k8,28,v1,0.5,0.056666666666666664,8,50,10,1.0,5120.0,8.533333333333335,4.472623000037856,0.0,0,0
rcs0.05_k8,28,joint,0.5,0.06666666666666667,8,51,10,1.0,5120.0,8.533333333333335,4.653241600142792,0.04526469020160251,527,4
rcs0.05_k8,28,balanced,0.5,0.056666666666666664,8,60,10,1.0,5120.0,8.533333333333335,0.7188914999132976,0.0,0,0
rcs0.05_k8,28,robust,0.2,0.06333333333333334,8,40,10,1.0,5120.0,8.533333333333335,2.546254000044428,0.0,0,0
rcs0.05_k8,29,v1,0.4,0.04,8,51,10,1.0,5120.0,8.533333333333335,4.329348300001584,0.0,0,0
rcs0.05_k8,29,joint,0.5,0.056666666666666664,8,49,10,1.0,5120.0,8.533333333333335,4.56573859998025,0.07884198933415565,649,7
rcs0.05_k8,29,balanced,0.4,0.056666666666666664,8,60,10,1.0,5120.0,8.533333333333335,0.5525982000399381,0.0,0,0
rcs0.05_k8,29,robust,0.3,0.06,7,40,10,1.0,4480.0,7.466666666666669,3.017104999977164,0.0,0,0
rcs0.05_k8,30,v1,0.5,0.06,8,55,10,0.9090909090909091,5120.0,8.533333333333335,4.080427899956703,0.0,0,0
rcs0.05_k8,30,joint,0.5,0.05333333333333334,8,55,10,0.9090909090909091,5120.0,8.533333333333335,4.313048700103536,0.03699488218355418,586,5
rcs0.05_k8,30,balanced,0.5,0.056666666666666664,8,60,10,0.9,5120.0,8.533333333333335,0.5403531999327242,0.0,0,0
rcs0.05_k8,30,robust,0.4,0.056666666666666664,4,50,10,0.92,2560.0,4.266666666666667,4.773648799979128,0.0,0,0
rcs0.05_k8,31,v1,0.6,0.04666666666666667,8,55,10,1.0,5120.0,8.533333333333335,6.495223500067368,0.0,0,0
rcs0.05_k8,31,joint,0.6,0.04666666666666667,8,57,10,1.0,5120.0,8.533333333333335,6.692937000072561,0.06292624686802029,563,4
rcs0.05_k8,31,balanced,0.6,0.06,8,60,10,1.0,5120.0,8.533333333333335,0.7954301999416202,0.0,0,0
rcs0.05_k8,31,robust,0.4,0.06333333333333334,7,40,10,1.0,4480.0,7.466666666666669,3.8290588000090793,0.0,0,0
rcs0.05_k8,32,v1,0.5,0.043333333333333335,3,33,10,1.0,1920.0,3.2,3.4113190000643954,0.0,0,0
rcs0.05_k8,32,joint,0.5,0.04666666666666667,7,33,10,1.0,4480.0,7.466666666666669,3.6767697000177577,0.16323357129255567,806,2
rcs0.05_k8,32,balanced,0.6,0.023333333333333334,8,60,10,1.0,5120.0,8.533333333333335,0.7227651999564841,0.0,0,0
rcs0.05_k8,32,robust,0.6,0.03,8,46,10,1.0,5120.0,8.533333333333335,4.263390999985859,0.0,0,0
rcs0.05_k8,33,v1,0.4,0.043333333333333335,7,46,10,1.0,4480.0,7.466666666666669,4.8051901999861,0.0,0,0
rcs0.05_k8,33,joint,0.4,0.043333333333333335,6,47,10,1.0,3840.0,6.400000000000001,5.0168126000789925,0.005333333333333301,660,1
rcs0.05_k8,33,balanced,0.4,0.06666666666666667,8,60,10,0.9833333333333333,5120.0,8.533333333333335,0.668542500003241,0.0,0,0
rcs0.05_k8,33,robust,0.5,0.056666666666666664,8,50,10,0.98,5120.0,8.533333333333335,4.545544099994004,0.0,0,0
rcs0.05_k8,34,v1,0.7,0.05333333333333334,8,37,10,0.9459459459459459,5120.0,8.533333333333335,3.7753790999995545,0.0,0,0
rcs0.05_k8,34,joint,0.7,0.056666666666666664,5,40,10,0.95,3200.0,5.333333333333334,4.017842600005679,0.08097059339677082,779,6
rcs0.05_k8,34,balanced,0.7,0.07666666666666666,8,60,10,0.9833333333333333,5120.0,8.533333333333335,0.8343538000481203,0.0,0,0
rcs0.05_k8,34,robust,0.6,0.04666666666666667,8,45,10,0.9777777777777777,5120.0,8.533333333333335,5.0332895999308676,0.0,0,0
rcs0.05_k8,35,v1,0.5,0.06,8,52,10,1.0,5120.0,8.533333333333335,4.967568499967456,0.0,0,0
rcs0.05_k8,35,joint,0.5,0.06,8,52,10,1.0,5120.0,8.533333333333335,5.106898299884051,0.0,458,0
rcs0.05_k8,35,balanced,0.5,0.04666666666666667,8,60,10,1.0,5120.0,8.533333333333335,0.6017013000091538,0.0,0,0
rcs0.05_k8,35,robust,0.4,0.043333333333333335,8,50,10,1.0,5120.0,8.533333333333335,4.755254699965008,0.0,0,0
rcs0.05_k8,36,v1,0.4,0.056666666666666664,8,43,10,1.0,5120.0,8.533333333333335,4.6410834999987856,0.0,0,0
rcs0.05_k8,36,joint,0.4,0.06,8,44,10,1.0,5120.0,8.533333333333335,4.834789399988949,0.010058936385406003,592,3
rcs0.05_k8,36,balanced,0.4,0.04666666666666667,8,60,10,1.0,5120.0,8.533333333333335,0.7543665999546647,0.0,0,0
rcs0.05_k8,36,robust,0.3,0.06,8,40,10,1.0,5120.0,8.533333333333335,3.304372400045395,0.0,0,0
rcs0.05_k8,37,v1,0.5,0.04,8,31,10,0.9354838709677419,5120.0,8.533333333333335,2.6984206999186426,0.0,0,0
rcs0.05_k8,37,joint,0.5,0.04,6,32,10,0.9375,3840.0,6.400000000000001,2.900301199988462,0.011532796871448925,689,3
rcs0.05_k8,37,balanced,0.6,0.06,8,60,10,0.9833333333333333,5120.0,8.533333333333335,0.651079999981448,0.0,0,0
rcs0.05_k8,37,robust,0.6,0.043333333333333335,8,40,10,0.975,5120.0,8.533333333333335,3.2485880000749603,0.0,0,0
rcs0.05_k8,38,v1,0.5,0.056666666666666664,8,43,10,1.0,5120.0,8.533333333333335,4.132966400007717,0.0,0,0
rcs0.05_k8,38,joint,0.5,0.056666666666666664,8,44,10,1.0,5120.0,8.533333333333335,4.346564400009811,0.026058467716147282,633,3
rcs0.05_k8,38,balanced,0.4,0.043333333333333335,8,60,10,1.0,5120.0,8.533333333333335,0.810635200003162,0.0,0,0
rcs0.05_k8,38,robust,0.6,0.05,8,55,10,1.0,5120.0,8.533333333333335,5.528110000072047,0.0,0,0
rcs0.05_k8,39,v1,0.4,0.03,8,37,10,1.0,5120.0,8.533333333333335,3.241578200017102,0.0,0,0
rcs0.05_k8,39,joint,0.4,0.04,8,41,10,1.0,5120.0,8.533333333333335,3.3969497999642044,0.09471632278127817,491,4
rcs0.05_k8,39,balanced,0.4,0.056666666666666664,8,60,10,1.0,5120.0,8.533333333333335,0.667759699979797,0.0,0,0
rcs0.05_k8,39,robust,0.4,0.05333333333333334,8,35,10,1.0,5120.0,8.533333333333335,2.473227099981159,0.0,0,0
rcs0.05_k8,40,v1,0.5,0.04666666666666667,8,33,10,1.0,5120.0,8.533333333333335,2.765545599977486,0.0,0,0
rcs0.05_k8,40,joint,0.5,0.03666666666666667,6,35,10,1.0,3840.0,6.400000000000001,3.026527600013651,0.06266116302121394,833,7
rcs0.05_k8,40,balanced,0.5,0.06333333333333334,8,60,10,0.9833333333333333,5120.0,8.533333333333335,0.6949334000237286,0.0,0,0
rcs0.05_k8,40,robust,0.5,0.04,8,50,10,0.98,5120.0,8.533333333333335,4.220999800018035,0.0,0,0
rcs0.05_k8,41,v1,0.4,0.04666666666666667,8,41,10,1.0,5120.0,8.533333333333335,3.516429200069979,0.0,0,0
rcs0.05_k8,41,joint,0.4,0.05333333333333334,8,41,10,1.0,5120.0,8.533333333333335,3.681904700002633,0.0061343307968320104,498,2
rcs0.05_k8,41,balanced,0.6,0.056666666666666664,8,60,10,1.0,5120.0,8.533333333333335,0.7102450999664143,0.0,0,0
rcs0.05_k8,41,robust,0.5,0.05333333333333334,8,45,10,1.0,5120.0,8.533333333333335,4.031613599974662,0.0,0,0
rcs0.05_k8,42,v1,0.4,0.02666666666666667,8,51,10,1.0,5120.0,8.533333333333335,4.790617099963129,0.0,0,0
rcs0.05_k8,42,joint,0.5,0.02666666666666667,8,53,10,1.0,5120.0,8.533333333333335,4.983508900040761,0.05575457157701158,558,5
rcs0.05_k8,42,balanced,0.4,0.02666666666666667,8,60,10,1.0,5120.0,8.533333333333335,0.7739898000145331,0.0,0,0
rcs0.05_k8,42,robust,0.3,0.03,8,40,10,1.0,5120.0,8.533333333333335,3.2894606000045314,0.0,0,0
rcs0.05_k8,43,v1,0.4,0.04,8,45,10,0.8666666666666667,5120.0,8.533333333333335,5.600185099989176,0.0,0,0
rcs0.05_k8,43,joint,0.4,0.04,8,45,10,0.8666666666666667,5120.0,8.533333333333335,5.740676900022663,0.0,437,0
rcs0.05_k8,43,balanced,0.5,0.07666666666666666,8,60,10,0.8833333333333333,5120.0,8.533333333333335,0.8860454999376088,0.0,0,0
rcs0.05_k8,43,robust,0.4,0.04666666666666667,8,45,10,0.9777777777777777,5120.0,8.533333333333335,4.220241800067015,0.0,0,0
rcs0.05_k8,44,v1,0.6,0.05,8,43,10,1.0,5120.0,8.533333333333335,3.8181142000248656,0.0,0,0
rcs0.05_k8,44,joint,0.6,0.04666666666666667,8,46,10,1.0,5120.0,8.533333333333335,4.027648000163026,0.06732023478465399,642,7
rcs0.05_k8,44,balanced,0.6,0.03666666666666667,8,60,10,1.0,5120.0,8.533333333333335,0.600089899962768,0.0,0,0
rcs0.05_k8,44,robust,0.3,0.056666666666666664,8,36,10,1.0,5120.0,8.533333333333335,2.5463147000409663,0.0,0,0
rcs0.05_k8,45,v1,0.6,0.06333333333333334,8,48,10,0.9791666666666666,5120.0,8.533333333333335,4.974847099976614,0.0,0,0
rcs0.05_k8,45,joint,0.6,0.06,3,41,10,1.0,1920.0,3.2,5.305224899901077,0.19313613574717925,918,9
rcs0.05_k8,45,balanced,0.6,0.05,8,60,10,0.9833333333333333,5120.0,8.533333333333335,0.801690399996005,0.0,0,0
rcs0.05_k8,45,robust,0.6,0.05333333333333334,6,50,10,0.98,3840.0,6.400000000000001,5.739914100035094,0.0,0,0
rcs0.05_k8,46,v1,0.3,0.043333333333333335,8,46,10,1.0,5120.0,8.533333333333335,4.504079599981196,0.0,0,0
rcs0.05_k8,46,joint,0.3,0.03333333333333333,4,42,10,1.0,2560.0,4.266666666666667,4.865205299924128,0.27895236630031306,1001,5
rcs0.05_k8,46,balanced,0.4,0.043333333333333335,8,60,10,1.0,5120.0,8.533333333333335,0.7379220000002533,0.0,0,0
rcs0.05_k8,46,robust,0.2,0.04,8,48,10,0.9791666666666666,5120.0,8.533333333333335,3.9110548000317067,0.0,0,0
rcs0.05_k8,47,v1,0.5,0.04,8,41,10,1.0,5120.0,8.533333333333335,4.692178099998273,0.0,0,0
rcs0.05_k8,47,joint,0.5,0.04,8,41,10,1.0,5120.0,8.533333333333335,4.8216772000305355,0.0,420,0
rcs0.05_k8,47,balanced,0.4,0.06,8,60,10,1.0,5120.0,8.533333333333335,0.8237241000169888,0.0,0,0
rcs0.05_k8,47,robust,0.5,0.07,8,60,10,1.0,5120.0,8.533333333333335,6.791710099903867,0.0,0,0
rcs0.05_k8,48,v1,0.7,0.043333333333333335,8,44,10,0.9545454545454546,5120.0,8.533333333333335,3.5423229999141768,0.0,0,0
rcs0.05_k8,48,joint,0.7,0.04666666666666667,7,45,10,0.9555555555555556,4480.0,7.466666666666669,3.7601592999417335,0.010767527111079339,657,4
rcs0.05_k8,48,balanced,0.7,0.056666666666666664,8,60,10,0.9166666666666666,5120.0,8.533333333333335,0.6987330999691039,0.0,0,0
rcs0.05_k8,48,robust,0.7,0.04,8,55,10,0.9272727272727272,5120.0,8.533333333333335,5.4055641000159085,0.0,0,0
rcs0.05_k8,49,v1,0.4,0.03333333333333333,8,26,10,0.8076923076923077,5120.0,8.533333333333335,2.3751954999752343,0.0,0,0
rcs0.05_k8,49,joint,0.5,0.03333333333333333,8,27,10,0.8148148148148148,5120.0,8.533333333333335,2.512091099866666,0.027937826049366565,441,2
rcs0.05_k8,49,balanced,0.6,0.056666666666666664,8,60,10,0.9166666666666666,5120.0,8.533333333333335,0.7682213999796659,0.0,0,0
rcs0.05_k8,49,robust,0.5,0.05,8,46,10,0.9130434782608695,5120.0,8.533333333333335,4.281091199954972,0.0,0,0
rcs0.05_k8,50,v1,0.6,0.03666666666666667,8,56,10,0.9464285714285714,5120.0,8.533333333333335,5.644177599926479,0.0,0,0
rcs0.05_k8,50,joint,0.6,0.03666666666666667,8,56,10,0.9464285714285714,5120.0,8.533333333333335,5.805940099991858,0.0,487,0
rcs0.05_k8,50,balanced,0.6,0.02666666666666667,8,60,10,0.95,5120.0,8.533333333333335,0.7147885999875143,0.0,0,0
rcs0.05_k8,50,robust,0.5,0.03333333333333333,8,55,10,0.9454545454545454,5120.0,8.533333333333335,5.033536299946718,0.0,0,0
rcs0.05_k8,51,v1,0.4,0.05333333333333334,8,56,10,0.9821428571428571,5120.0,8.533333333333335,5.821767500019632,0.0,0,0
rcs0.05_k8,51,joint,0.4,0.05333333333333334,8,56,10,1.0,5120.0,8.533333333333335,6.053084000013769,0.060316021185236934,602,3
rcs0.05_k8,51,balanced,0.2,0.05333333333333334,8,60,10,0.9833333333333333,5120.0,8.533333333333335,0.7416730999248102,0.0,0,0
rcs0.05_k8,51,robust,0.2,0.06,3,55,10,0.9818181818181818,1920.0,3.2,6.386813300079666,0.0,0,0
rcs0.05_k8,52,v1,0.3,0.06666666666666667,8,56,10,1.0,5120.0,8.533333333333335,5.699424400110729,0.0,0,0
rcs0.05_k8,52,joint,0.3,0.06666666666666667,8,56,10,1.0,5120.0,8.533333333333335,5.951607100083493,0.1435047184817213,629,4
rcs0.05_k8,52,balanced,0.3,0.08,8,60,10,1.0,5120.0,8.533333333333335,0.7416912999469787,0.0,0,0
rcs0.05_k8,52,robust,0.2,0.05333333333333334,8,35,10,1.0,5120.0,8.533333333333335,2.8397962000453845,0.0,0,0
rcs0.05_k8,53,v1,0.6,0.05,8,36,10,1.0,5120.0,8.533333333333335,3.5981471999548376,0.0,0,0
rcs0.05_k8,53,joint,0.6,0.04666666666666667,8,38,10,1.0,5120.0,8.533333333333335,3.870865699951537,0.016584114667907435,778,6
rcs0.05_k8,53,balanced,0.6,0.043333333333333335,8,60,10,1.0,5120.0,8.533333333333335,0.7915092000039294,0.0,0,0
rcs0.05_k8,53,robust,0.5,0.04,8,55,10,1.0,5120.0,8.533333333333335,4.876776700024493,0.0,0,0
rcs0.05_k8,54,v1,0.8,0.06333333333333334,8,41,10,1.0,5120.0,8.533333333333335,4.413535699946806,0.0,0,0
rcs0.05_k8,54,joint,0.8,0.06333333333333334,8,41,10,1.0,5120.0,8.533333333333335,4.537200500024483,0.0,395,0
rcs0.05_k8,54,balanced,0.8,0.03666666666666667,8,60,10,1.0,5120.0,8.533333333333335,0.7213757999707013,0.0,0,0
rcs0.05_k8,54,robust,0.6,0.03333333333333333,8,40,10,1.0,5120.0,8.533333333333335,3.472720399964601,0.0,0,0
rcs0.05_k8,55,v1,0.3,0.056666666666666664,8,40,10,1.0,5120.0,8.533333333333335,4.09245340002235,0.0,0,0
rcs0.05_k8,55,joint,0.3,0.04666666666666667,8,42,10,1.0,5120.0,8.533333333333335,4.27186520001851,0.043408648115875526,551,4
rcs0.05_k8,55,balanced,0.3,0.07,8,60,10,1.0,5120.0,8.533333333333335,0.7788766999728978,0.0,0,0
rcs0.05_k8,55,robust,0.3,0.07333333333333333,8,30,10,0.9666666666666667,5120.0,8.533333333333335,2.0224793000379577,0.0,0,0
rcs0.05_k8,56,v1,0.8,0.056666666666666664,8,41,10,1.0,5120.0,8.533333333333335,4.514420700026676,0.0,0,0
rcs0.05_k8,56,joint,0.8,0.05333333333333334,7,41,10,1.0,4480.0,7.466666666666669,4.763477799948305,0.017860912756908487,755,4
rcs0.05_k8,56,balanced,0.9,0.05,8,60,10,1.0,5120.0,8.533333333333335,0.8076497999718413,0.0,0,0
rcs0.05_k8,56,robust,0.7,0.04666666666666667,8,41,10,1.0,5120.0,8.533333333333335,3.6077380999922752,0.0,0,0
rcs0.05_k8,57,v1,0.4,0.06333333333333334,8,45,10,1.0,5120.0,8.533333333333335,3.983097600052133,0.0,0,0
rcs0.05_k8,57,joint,0.4,0.06333333333333334,8,45,10,1.0,5120.0,8.533333333333335,4.132114900043234,0.0,510,0
rcs0.05_k8,57,balanced,0.5,0.05,8,60,10,1.0,5120.0,8.533333333333335,0.7703599999658763,0.0,0,0
rcs0.05_k8,57,robust,0.3,0.056666666666666664,8,25,10,1.0,5120.0,8.533333333333335,1.6797509000170976,0.0,0,0
rcs0.05_k8,58,v1,0.6,0.06333333333333334,7,41,10,1.0,4480.0,7.466666666666669,4.640613100025803,0.0,0,0
rcs0.05_k8,58,joint,0.6,0.056666666666666664,7,39,10,1.0,4480.0,7.466666666666669,4.962297199992463,0.051156086599288386,982,4
rcs0.05_k8,58,balanced,0.6,0.056666666666666664,8,60,10,1.0,5120.0,8.533333333333335,0.7728814999572933,0.0,0,0
rcs0.05_k8,58,robust,0.6,0.04666666666666667,8,50,10,1.0,5120.0,8.533333333333335,4.5488751999801025,0.0,0,0
rcs0.05_k8,59,v1,0.4,0.05333333333333334,8,46,10,1.0,5120.0,8.533333333333335,4.278380100033246,0.0,0,0
rcs0.05_k8,59,joint,0.5,0.05,8,46,10,1.0,5120.0,8.533333333333335,4.473174100043252,0.05791237354476908,537,2
rcs0.05_k8,59,balanced,0.6,0.06,8,60,10,1.0,5120.0,8.533333333333335,0.7293253999669105,0.0,0,0
rcs0.05_k8,59,robust,0.5,0.06,8,40,10,1.0,5120.0,8.533333333333335,3.1524780000327155,0.0,0,0
rcs0.05_k8,60,v1,0.2,0.056666666666666664,8,50,10,1.0,5120.0,8.533333333333335,4.618068699957803,0.0,0,0
rcs0.05_k8,60,joint,0.2,0.056666666666666664,8,50,10,1.0,5120.0,8.533333333333335,4.775663399952464,0.0,474,0
rcs0.05_k8,60,balanced,0.2,0.06,8,60,10,1.0,5120.0,8.533333333333335,0.7748274999903515,0.0,0,0
rcs0.05_k8,60,robust,0.3,0.05333333333333334,8,35,10,1.0,5120.0,8.533333333333335,2.7658283000346273,0.0,0,0
rcs0.05_k8,61,v1,0.6,0.03,8,49,10,0.8979591836734694,5120.0,8.533333333333335,4.65540389996022,0.0,0,0
rcs0.05_k8,61,joint,0.5,0.02666666666666667,7,45,10,0.8888888888888888,4480.0,7.466666666666669,4.891431399970315,0.04687545779264779,651,7
rcs0.05_k8,61,balanced,0.6,0.04,8,60,10,0.9166666666666666,5120.0,8.533333333333335,0.6345939999446273,0.0,0,0
rcs0.05_k8,61,robust,0.5,0.04,8,50,10,0.9,5120.0,8.533333333333335,4.3448812999995425,0.0,0,0
rcs0.05_k8,62,v1,0.7,0.043333333333333335,4,35,10,1.0,2560.0,4.266666666666667,3.3741468000225723,0.0,0,0
rcs0.05_k8,62,joint,0.6,0.04,8,34,10,1.0,5120.0,8.533333333333335,3.693967800005339,0.161316117703449,956,7
rcs0.05_k8,62,balanced,0.6,0.056666666666666664,8,60,10,1.0,5120.0,8.533333333333335,0.6786405000602826,0.0,0,0
rcs0.05_k8,62,robust,0.5,0.043333333333333335,8,50,10,1.0,5120.0,8.533333333333335,4.477839199942537,0.0,0,0
rcs0.05_k8,63,v1,0.3,0.043333333333333335,8,30,10,1.0,5120.0,8.533333333333335,2.3735268000746146,0.0,0,0
rcs0.05_k8,63,joint,0.3,0.043333333333333335,8,30,10,1.0,5120.0,8.533333333333335,2.4983502000104636,0.0,459,0
rcs0.05_k8,63,balanced,0.3,0.03,8,60,10,1.0,5120.0,8.533333333333335,0.7224860000424087,0.0,0,0
rcs0.05_k8,63,robust,0.3,0.06333333333333334,8,35,10,1.0,5120.0,8.533333333333335,2.4274028999498114,0.0,0,0
rcs0.05_k8,64,v1,0.5,0.056666666666666664,8,43,10,1.0,5120.0,8.533333333333335,4.668418599991128,0.0,0,0
rcs0.05_k8,64,joint,0.5,0.056666666666666664,8,43,10,1.0,5120.0,8.533333333333335,4.812984200078063,0.0,444,0
rcs0.05_k8,64,balanced,0.6,0.06666666666666667,8,60,10,1.0,5120.0,8.533333333333335,0.7561906999908388,0.0,0,0
rcs0.05_k8,64,robust,0.6,0.056666666666666664,8,45,10,1.0,5120.0,8.533333333333335,4.190719899954274,0.0,0,0
rcs0.05_k8,65,v1,0.6,0.03666666666666667,7,41,10,1.0,4480.0,7.466666666666669,3.6718876000959426,0.0,0,0
rcs0.05_k8,65,joint,0.5,0.03666666666666667,6,39,10,1.0,3840.0,6.400000000000001,3.8914361000061035,0.005333333333333329,678,2
rcs0.05_k8,65,balanced,0.6,0.04,8,60,10,1.0,5120.0,8.533333333333335,0.6455406000604853,0.0,0,0
rcs0.05_k8,65,robust,0.5,0.04,8,55,10,1.0,5120.0,8.533333333333335,5.511207000003196,0.0,0,0
rcs0.05_k8,66,v1,0.7,0.06666666666666667,8,43,10,1.0,5120.0,8.533333333333335,3.966332499985583,0.0,0,0
rcs0.05_k8,66,joint,0.7,0.06666666666666667,8,43,10,1.0,5120.0,8.533333333333335,4.106903700041585,0.0,465,0
rcs0.05_k8,66,balanced,0.7,0.05,8,60,10,1.0,5120.0,8.533333333333335,0.7068641000660136,0.0,0,0
rcs0.05_k8,66,robust,0.5,0.04666666666666667,8,42,10,1.0,5120.0,8.533333333333335,3.918352699954994,0.0,0,0
rcs0.05_k8,67,v1,0.4,0.03333333333333333,8,46,10,0.8695652173913043,5120.0,8.533333333333335,4.174295999924652,0.0,0,0
rcs0.05_k8,67,joint,0.4,0.02,8,38,10,0.8421052631578947,5120.0,8.533333333333335,4.405224099988118,0.36892710805615536,647,5
rcs0.05_k8,67,balanced,0.6,0.04666666666666667,8,60,10,0.9166666666666666,5120.0,8.533333333333335,0.5998802999965847,0.0,0,0
rcs0.05_k8,67,robust,0.5,0.04666666666666667,8,57,10,0.8947368421052632,5120.0,8.533333333333335,4.965548199950717,0.0,0,0
rcs0.05_k8,68,v1,0.5,0.06666666666666667,6,30,10,1.0,3840.0,6.400000000000001,2.478423699969426,0.0,0,0
rcs0.05_k8,68,joint,0.4,0.06,4,29,10,1.0,2560.0,4.266666666666667,2.8102786999661475,0.06518503241924267,992,6
rcs0.05_k8,68,balanced,0.5,0.03666666666666667,8,60,10,1.0,5120.0,8.533333333333335,0.7145641000242904,0.0,0,0
rcs0.05_k8,68,robust,0.5,0.04,8,50,10,1.0,5120.0,8.533333333333335,4.262121700099669,0.0,0,0
rcs0.05_k8,69,v1,0.3,0.02666666666666667,6,53,10,0.9811320754716981,3840.0,6.400000000000001,5.698089899960905,0.0,0,0
rcs0.05_k8,69,joint,0.3,0.023333333333333334,6,53,10,0.9811320754716981,3840.0,6.400000000000001,6.042819100082852,0.020136902947990087,933,3
rcs0.05_k8,69,balanced,0.5,0.04,8,60,10,0.9833333333333333,5120.0,8.533333333333335,0.777942799963057,0.0,0,0
rcs0.05_k8,69,robust,0.5,0.04,4,50,10,0.98,2560.0,4.266666666666667,5.221390700084157,0.0,0,0
rcs0.05_k8,70,v1,0.4,0.043333333333333335,8,40,10,0.975,5120.0,8.533333333333335,4.382908399915323,0.0,0,0
rcs0.05_k8,70,joint,0.5,0.043333333333333335,6,42,10,0.9761904761904762,3840.0,6.400000000000001,4.62457679992076,0.011159194288863805,769,5
rcs0.05_k8,70,balanced,0.5,0.06,8,60,10,0.9833333333333333,5120.0,8.533333333333335,0.8249058000510558,0.0,0,0
rcs0.05_k8,70,robust,0.5,0.03666666666666667,8,45,10,0.9777777777777777,5120.0,8.533333333333335,4.381004299968481,0.0,0,0
rcs0.05_k8,71,v1,0.5,0.07,8,46,10,1.0,5120.0,8.533333333333335,5.308879799908027,0.0,0,0
rcs0.05_k8,71,joint,0.5,0.07,8,46,10,1.0,5120.0,8.533333333333335,5.4606880999635905,0.0,459,0
rcs0.05_k8,71,balanced,0.5,0.07,8,60,10,1.0,5120.0,8.533333333333335,1.0217184000648558,0.0,0,0
rcs0.05_k8,71,robust,0.5,0.07666666666666666,8,40,10,1.0,5120.0,8.533333333333335,3.8794081999221817,0.0,0,0
rcs0.05_k8,72,v1,0.6,0.04,8,52,10,0.8461538461538461,5120.0,8.533333333333335,5.431034999899566,0.0,0,0
rcs0.05_k8,72,joint,0.6,0.04666666666666667,8,53,10,0.8490566037735849,5120.0,8.533333333333335,5.630403999937698,0.013646495652470225,581,3
rcs0.05_k8,72,balanced,0.6,0.04666666666666667,8,60,10,0.8833333333333333,5120.0,8.533333333333335,0.6905718999914825,0.0,0,0
rcs0.05_k8,72,robust,0.7,0.03666666666666667,4,55,10,0.8909090909090909,2560.0,4.266666666666667,6.3045854000374675,0.0,0,0
rcs0.05_k8,73,v1,0.3,0.03666666666666667,8,40,10,1.0,5120.0,8.533333333333335,4.234397800057195,0.0,0,0
rcs0.05_k8,73,joint,0.3,0.03666666666666667,8,40,10,1.0,5120.0,8.533333333333335,4.4417972000082955,0.03274742914407869,565,4
rcs0.05_k8,73,balanced,0.3,0.04666666666666667,8,60,10,0.9833333333333333,5120.0,8.533333333333335,0.7876162000466138,0.0,0,0
rcs0.05_k8,73,robust,0.5,0.023333333333333334,8,50,10,0.98,5120.0,8.533333333333335,4.926393199944869,0.0,0,0
rcs0.05_k8,74,v1,0.3,0.04,8,53,10,1.0,5120.0,8.533333333333335,5.39765600010287,0.0,0,0
rcs0.05_k8,74,joint,0.3,0.05,8,54,10,1.0,5120.0,8.533333333333335,5.629027700051665,0.03306742047681155,636,6
rcs0.05_k8,74,balanced,0.4,0.05333333333333334,8,60,10,1.0,5120.0,8.533333333333335,0.8364574000006542,0.0,0,0
rcs0.05_k8,74,robust,0.2,0.03,8,50,10,1.0,5120.0,8.533333333333335,4.623280099942349,0.0,0,0
rcs0.05_k8,75,v1,0.1,0.06,8,49,10,0.9387755102040817,5120.0,8.533333333333335,4.683458199957386,0.0,0,0
rcs0.05_k8,75,joint,0.1,0.07,8,51,10,0.9411764705882353,5120.0,8.533333333333335,4.850822699954733,0.06682647713803958,498,2
rcs0.05_k8,75,balanced,0.1,0.05,8,60,10,0.9666666666666667,5120.0,8.533333333333335,0.5547210000222549,0.0,0,0
rcs0.05_k8,75,robust,0.1,0.03666666666666667,8,50,10,0.96,5120.0,8.533333333333335,4.952491999953054,0.0,0,0
rcs0.05_k8,76,v1,0.5,0.043333333333333335,8,47,10,1.0,5120.0,8.533333333333335,4.920644299942069,0.0,0,0
rcs0.05_k8,76,joint,0.5,0.04,3,43,10,1.0,1920.0,3.2,5.2745310998288915,0.17791425235381864,940,3
rcs0.05_k8,76,balanced,0.4,0.043333333333333335,8,60,10,0.9833333333333333,5120.0,8.533333333333335,0.7162170000374317,0.0,0,0
rcs0.05_k8,76,robust,0.2,0.05,8,40,10,0.975,5120.0,8.533333333333335,3.0151935999747366,0.0,0,0
rcs0.05_k8,77,v1,0.4,0.03333333333333333,8,47,10,1.0,5120.0,8.533333333333335,4.4894671000074595,0.0,0,0
rcs0.05_k8,77,joint,0.4,0.03333333333333333,8,49,10,1.0,5120.0,8.533333333333335,4.664669700083323,0.015038209490350063,498,2
rcs0.05_k8,77,balanced,0.6,0.043333333333333335,8,60,10,1.0,5120.0,8.533333333333335,0.6214207999873906,0.0,0,0
rcs0.05_k8,77,robust,0.5,0.043333333333333335,6,55,10,1.0,3840.0,6.400000000000001,5.654423000058159,0.0,0,0
rcs0.05_k8,78,v1,0.5,0.07,8,53,10,1.0,5120.0,8.533333333333335,5.139059999957681,0.0,0,0
rcs0.05_k8,78,joint,0.5,0.056666666666666664,8,54,10,1.0,5120.0,8.533333333333335,5.332484900020063,0.015562803511692147,533,3
rcs0.05_k8,78,balanced,0.4,0.05,8,60,10,1.0,5120.0,8.533333333333335,0.7300131999654695,0.0,0,0
rcs0.05_k8,78,robust,0.3,0.04666666666666667,8,45,10,1.0,5120.0,8.533333333333335,3.8574899000814185,0.0,0,0
rcs0.05_k8,79,v1,0.6,0.07333333333333333,7,41,10,1.0,4480.0,7.466666666666669,4.57620999997016,0.0,0,0
rcs0.05_k8,79,joint,0.7,0.09333333333333334,5,36,10,1.0,3200.0,5.333333333333334,4.8939455999061465,0.03340519393262616,960,4
rcs0.05_k8,79,balanced,0.9,0.08666666666666667,8,60,10,1.0,5120.0,8.533333333333335,0.7260637000435963,0.0,0,0
rcs0.05_k8,79,robust,0.9,0.08666666666666667,8,55,10,1.0,5120.0,8.533333333333335,5.634526600013487,0.0,0,0
rcs0.05_k8,80,v1,0.5,0.03666666666666667,8,32,10,0.9375,5120.0,8.533333333333335,2.4189008000539616,0.0,0,0
rcs0.05_k8,80,joint,0.5,0.04,8,32,10,0.9375,5120.0,8.533333333333335,2.5738957000430673,0.014213298078418646,463,1
rcs0.05_k8,80,balanced,0.6,0.056666666666666664,8,60,10,0.95,5120.0,8.533333333333335,0.564657700015232,0.0,0,0
rcs0.05_k8,80,robust,0.6,0.06,8,55,10,0.9272727272727272,5120.0,8.533333333333335,4.576174599933438,0.0,0,0
rcs0.05_k8,81,v1,0.3,0.056666666666666664,8,31,10,1.0,5120.0,8.533333333333335,2.21914729999844,0.0,0,0
rcs0.05_k8,81,joint,0.3,0.04666666666666667,7,28,10,1.0,4480.0,7.466666666666669,2.4304012999637052,0.09083591925602219,673,6
rcs0.05_k8,81,balanced,0.5,0.04,8,60,10,1.0,5120.0,8.533333333333335,0.4627677999669686,0.0,0,0
rcs0.05_k8,81,robust,0.4,0.05333333333333334,8,50,10,1.0,5120.0,8.533333333333335,3.311179899959825,0.0,0,0
rcs0.05_k8,82,v1,0.7,0.06,8,48,10,0.9583333333333334,5120.0,8.533333333333335,4.234401099965908,0.0,0,0
rcs0.05_k8,82,joint,0.7,0.06,8,49,10,0.9591836734693877,5120.0,8.533333333333335,4.449905900051817,0.03627063614559489,603,4
rcs0.05_k8,82,balanced,0.7,0.06333333333333334,8,60,10,0.9833333333333333,5120.0,8.533333333333335,0.6016403998946771,0.0,0,0
rcs0.05_k8,82,robust,0.4,0.05333333333333334,8,40,10,0.975,5120.0,8.533333333333335,2.750103000085801,0.0,0,0
rcs0.05_k8,83,v1,0.3,0.04,8,46,10,1.0,5120.0,8.533333333333335,3.2677202000049874,0.0,0,0
rcs0.05_k8,83,joint,0.4,0.02666666666666667,8,41,10,0.975609756097561,5120.0,8.533333333333335,3.534007200039923,0.41688615569490395,803,9
rcs0.05_k8,83,balanced,0.4,0.04666666666666667,8,60,10,0.9333333333333333,5120.0,8.533333333333335,0.42864219995681196,0.0,0,0
rcs0.05_k8,83,robust,0.5,0.04666666666666667,6,50,10,1.0,3840.0,6.400000000000001,4.167081500054337,0.0,0,0
rcs0.05_k8,84,v1,0.6,0.04666666666666667,8,47,10,1.0,5120.0,8.533333333333335,3.8442997001111507,0.0,0,0
rcs0.05_k8,84,joint,0.5,0.05,8,41,10,1.0,5120.0,8.533333333333335,4.091158400173299,0.07827103539461755,734,7
rcs0.05_k8,84,balanced,0.6,0.06333333333333334,8,60,10,0.9833333333333333,5120.0,8.533333333333335,0.6765581000363454,0.0,0,0
rcs0.05_k8,84,robust,0.6,0.05,8,50,10,0.98,5120.0,8.533333333333335,4.215851500048302,0.0,0,0
rcs0.05_k8,85,v1,0.7,0.05,8,46,10,1.0,5120.0,8.533333333333335,4.406751499976963,0.0,0,0
rcs0.05_k8,85,joint,0.7,0.043333333333333335,8,47,10,1.0,5120.0,8.533333333333335,4.60813990002498,0.014397652984240228,590,3
rcs0.05_k8,85,balanced,0.7,0.06,8,60,10,1.0,5120.0,8.533333333333335,0.6826898999279365,0.0,0,0
rcs0.05_k8,85,robust,0.6,0.056666666666666664,8,50,10,1.0,5120.0,8.533333333333335,4.234635800006799,0.0,0,0
rcs0.05_k8,86,v1,0.4,0.03666666666666667,8,45,10,1.0,5120.0,8.533333333333335,3.3866173999849707,0.0,0,0
rcs0.05_k8,86,joint,0.6,0.03666666666666667,7,42,10,1.0,4480.0,7.466666666666669,3.6405110999476165,0.3354170229257134,745,8
rcs0.05_k8,86,balanced,0.6,0.05333333333333334,8,60,10,1.0,5120.0,8.533333333333335,0.5159435999812558,0.0,0,0
rcs0.05_k8,86,robust,0.4,0.056666666666666664,8,50,10,1.0,5120.0,8.533333333333335,3.570349600049667,0.0,0,0
rcs0.05_k8,87,v1,0.5,0.056666666666666664,7,46,10,0.9782608695652174,4480.0,7.466666666666669,4.921832000021823,0.0,0,0
rcs0.05_k8,87,joint,0.6,0.05,6,46,10,0.9782608695652174,3840.0,6.400000000000001,5.2066832998534665,0.0008648793909100672,809,1
rcs0.05_k8,87,balanced,0.5,0.056666666666666664,8,60,10,0.9833333333333333,5120.0,8.533333333333335,0.7166366000892594,0.0,0,0
rcs0.05_k8,87,robust,0.4,0.056666666666666664,8,55,10,0.9818181818181818,5120.0,8.533333333333335,5.586417899932712,0.0,0,0
rcs0.05_k8,88,v1,0.5,0.03666666666666667,8,41,10,1.0,5120.0,8.533333333333335,3.9050851000938565,0.0,0,0
rcs0.05_k8,88,joint,0.5,0.03333333333333333,7,41,10,1.0,4480.0,7.466666666666669,4.137661300133914,0.01187420834401065,687,1
rcs0.05_k8,88,balanced,0.5,0.05333333333333334,8,60,10,1.0,5120.0,8.533333333333335,0.7043930999934673,0.0,0,0
rcs0.05_k8,88,robust,0.6,0.04666666666666667,6,55,10,1.0,3840.0,6.400000000000001,5.985243699979037,0.0,0,0
rcs0.05_k8,89,v1,0.4,0.043333333333333335,8,52,10,1.0,5120.0,8.533333333333335,5.509665600024164,0.0,0,0
rcs0.05_k8,89,joint,0.3,0.043333333333333335,8,54,10,1.0,5120.0,8.533333333333335,5.682273599901237,0.03326882871795522,473,2
rcs0.05_k8,89,balanced,0.3,0.02666666666666667,8,60,10,1.0,5120.0,8.533333333333335,0.805238000000827,0.0,0,0
rcs0.05_k8,89,robust,0.2,0.05,8,30,10,1.0,5120.0,8.533333333333335,2.1175547000020742,0.0,0,0
rcs0.05_k8,90,v1,0.6,0.05,3,30,10,1.0,1920.0,3.2,3.2746725999750197,0.0,0,0
rcs0.05_k8,90,joint,0.6,0.05,4,32,10,1.0,2560.0,4.266666666666667,3.5569211000110954,0.10265473806762948,844,2
rcs0.05_k8,90,balanced,0.6,0.07333333333333333,8,60,10,0.95,5120.0,8.533333333333335,0.828185300109908,0.0,0,0
rcs0.05_k8,90,robust,0.5,0.08,8,40,10,0.925,5120.0,8.533333333333335,3.7743736999109387,0.0,0,0
rcs0.05_k8,91,v1,0.1,0.02666666666666667,8,50,10,1.0,5120.0,8.533333333333335,4.269533200073056,0.0,0,0
rcs0.05_k8,91,joint,0.1,0.02666666666666667,8,50,10,1.0,5120.0,8.533333333333335,4.419782200013287,0.0,484,0
rcs0.05_k8,91,balanced,0.2,0.04,8,60,10,0.9666666666666667,5120.0,8.533333333333335,0.6600485999369994,0.0,0,0
rcs0.05_k8,91,robust,0.3,0.04666666666666667,8,60,10,0.9666666666666667,5120.0,8.533333333333335,5.609015500056557,0.0,0,0
rcs0.05_k8,92,v1,0.3,0.056666666666666664,8,55,10,1.0,5120.0,8.533333333333335,5.998486600001343,0.0,0,0
rcs0.05_k8,92,joint,0.3,0.04666666666666667,8,55,10,1.0,5120.0,8.533333333333335,6.194094500038773,0.002696973459463514,519,2
rcs0.05_k8,92,balanced,0.3,0.06333333333333334,8,60,10,1.0,5120.0,8.533333333333335,0.8528096000663936,0.0,0,0
rcs0.05_k8,92,robust,0.3,0.05333333333333334,4,55,10,1.0,2560.0,4.266666666666667,6.69025180011522,0.0,0,0
rcs0.05_k8,93,v1,0.6,0.04666666666666667,8,47,10,0.8936170212765957,5120.0,8.533333333333335,4.529463700018823,0.0,0,0
rcs0.05_k8,93,joint,0.6,0.05,8,47,10,0.8936170212765957,5120.0,8.533333333333335,4.698882399941795,0.0005179604304461627,486,1
rcs0.05_k8,93,balanced,0.6,0.04666666666666667,8,60,10,0.9333333333333333,5120.0,8.533333333333335,0.7470894999569282,0.0,0,0
rcs0.05_k8,93,robust,0.5,0.056666666666666664,6,46,10,0.9782608695652174,3840.0,6.400000000000001,4.859705300070345,0.0,0,0
rcs0.05_k8,94,v1,0.6,0.056666666666666664,8,45,10,1.0,5120.0,8.533333333333335,4.544467100058682,0.0,0,0
rcs0.05_k8,94,joint,0.6,0.043333333333333335,8,46,10,1.0,5120.0,8.533333333333335,4.725939599913545,0.02228854998063312,534,3
rcs0.05_k8,94,balanced,0.5,0.05,8,60,10,1.0,5120.0,8.533333333333335,0.7909984000725672,0.0,0,0
rcs0.05_k8,94,robust,0.5,0.04,8,45,10,1.0,5120.0,8.533333333333335,4.2331649999832734,0.0,0,0
rcs0.05_k8,95,v1,0.4,0.056666666666666664,8,45,10,0.9777777777777777,5120.0,8.533333333333335,3.7150352000026032,0.0,0,0
rcs0.05_k8,95,joint,0.6,0.056666666666666664,8,46,10,0.9565217391304348,5120.0,8.533333333333335,3.9066002001054585,0.08121683503581956,510,5
rcs0.05_k8,95,balanced,0.6,0.05,8,60,10,0.9833333333333333,5120.0,8.533333333333335,0.4805627999594435,0.0,0,0
rcs0.05_k8,95,robust,0.4,0.04666666666666667,8,30,10,1.0,5120.0,8.533333333333335,1.7188069999683648,0.0,0,0
rcs0.05_k8,96,v1,0.7,0.04,8,33,10,1.0,5120.0,8.533333333333335,3.2720649000257254,0.0,0,0
rcs0.05_k8,96,joint,0.7,0.04666666666666667,7,34,10,1.0,4480.0,7.466666666666669,3.5098093999549747,0.01018998267691762,729,5
rcs0.05_k8,96,balanced,0.7,0.056666666666666664,8,60,10,1.0,5120.0,8.533333333333335,0.7675555000314489,0.0,0,0
rcs0.05_k8,96,robust,0.5,0.05333333333333334,8,45,10,1.0,5120.0,8.533333333333335,3.8079203999368474,0.0,0,0
rcs0.05_k8,97,v1,0.7,0.06,8,39,10,0.9743589743589743,5120.0,8.533333333333335,3.829281000071205,0.0,0,0
rcs0.05_k8,97,joint,0.6,0.043333333333333335,8,40,10,0.975,5120.0,8.533333333333335,3.992647400125861,0.010660394709737009,461,3
rcs0.05_k8,97,balanced,0.7,0.06333333333333334,8,60,10,0.9833333333333333,5120.0,8.533333333333335,0.7499724000226706,0.0,0,0
rcs0.05_k8,97,robust,0.6,0.07333333333333333,8,56,10,0.9821428571428571,5120.0,8.533333333333335,5.769813599996269,0.0,0,0
rcs0.05_k8,98,v1,0.3,0.05,8,42,10,1.0,5120.0,8.533333333333335,4.3102272999240085,0.0,0,0
rcs0.05_k8,98,joint,0.3,0.043333333333333335,8,42,10,1.0,5120.0,8.533333333333335,4.49729239998851,0.014574122310378801,587,2
rcs0.05_k8,98,balanced,0.4,0.043333333333333335,8,60,10,1.0,5120.0,8.533333333333335,0.7596533999312669,0.0,0,0
rcs0.05_k8,98,robust,0.6,0.07,8,50,10,1.0,5120.0,8.533333333333335,4.429475500015542,0.0,0,0
rcs0.05_k8,99,v1,0.7,0.06,8,40,10,1.0,5120.0,8.533333333333335,3.702962600043975,0.0,0,0
rcs0.05_k8,99,joint,0.7,0.06,7,40,10,1.0,4480.0,7.466666666666669,3.8880265000043437,0.038982587575870864,532,3
rcs0.05_k8,99,balanced,0.8,0.05,8,60,10,1.0,5120.0,8.533333333333335,0.8542450999375433,0.0,0,0
rcs0.05_k8,99,robust,0.6,0.04,8,40,10,1.0,5120.0,8.533333333333335,4.377120300079696,0.0,0,0
rcs0.1_k0,0,v1,0.6,0.05333333333333334,0,45,10,1.0,0.0,0.0,3.227219399996102,0.0,0,0
rcs0.1_k0,0,joint,0.6,0.05333333333333334,0,45,10,1.0,0.0,0.0,3.3411523998947814,0.0,350,0
rcs0.1_k0,0,balanced,0.6,0.05333333333333334,0,60,10,1.0,0.0,0.0,0.5710445999866351,0.0,0,0
rcs0.1_k0,0,robust,0.6,0.05333333333333334,0,60,10,1.0,0.0,0.0,4.66842809994705,0.0,0,0
rcs0.1_k0,1,v1,0.6,0.02,0,46,10,1.0,0.0,0.0,2.9160450999625027,0.0,0,0
rcs0.1_k0,1,joint,0.5,0.013333333333333334,0,42,10,1.0,0.0,0.0,3.037994100013748,0.16726310159636504,330,2
rcs0.1_k0,1,balanced,0.8,0.023333333333333334,0,60,10,0.9833333333333333,0.0,0.0,0.5251150999683887,0.0,0,0
rcs0.1_k0,1,robust,0.8,0.02666666666666667,0,60,10,0.9833333333333333,0.0,0.0,4.325343900010921,0.0,0,0
rcs0.1_k0,2,v1,0.5,0.04,0,37,10,0.972972972972973,0.0,0.0,2.5721535000484437,0.0,0,0
rcs0.1_k0,2,joint,0.5,0.04,0,37,10,0.972972972972973,0.0,0.0,2.6689421999035403,0.0,330,0
rcs0.1_k0,2,balanced,0.7,0.06,0,60,10,0.95,0.0,0.0,0.6777595999883488,0.0,0,0
rcs0.1_k0,2,robust,0.8,0.04,0,60,10,0.95,0.0,0.0,4.984516000025906,0.0,0,0
rcs0.1_k0,3,v1,0.3,0.04666666666666667,0,45,10,1.0,0.0,0.0,3.141845399979502,0.0,0,0
rcs0.1_k0,3,joint,0.3,0.05,0,41,10,1.0,0.0,0.0,3.2742162998765707,0.08807282360373936,361,2
rcs0.1_k0,3,balanced,0.5,0.05333333333333334,0,60,10,0.9833333333333333,0.0,0.0,0.6361402000766248,0.0,0,0
rcs0.1_k0,3,robust,0.4,0.043333333333333335,0,60,10,0.9833333333333333,0.0,0.0,4.446656299987808,0.0,0,0
rcs0.1_k0,4,v1,0.4,0.05,0,51,10,1.0,0.0,0.0,3.830013500060886,0.0,0,0
rcs0.1_k0,4,joint,0.5,0.05333333333333334,0,43,10,1.0,0.0,0.0,3.966809200006537,0.33870453967956893,371,4
rcs0.1_k0,4,balanced,0.5,0.05333333333333334,0,60,10,1.0,0.0,0.0,0.6008636000333354,0.0,0,0
rcs0.1_k0,4,robust,0.5,0.04666666666666667,0,60,10,1.0,0.0,0.0,4.325904399971478,0.0,0,0
rcs0.1_k0,5,v1,0.6,0.04666666666666667,0,48,10,1.0,0.0,0.0,3.5940443000290543,0.0,0,0
rcs0.1_k0,5,joint,0.6,0.03666666666666667,0,44,10,1.0,0.0,0.0,3.74288710008841,0.06208858685630636,383,2
rcs0.1_k0,5,balanced,0.7,0.02666666666666667,0,60,10,0.9833333333333333,0.0,0.0,0.6322459999937564,0.0,0,0
rcs0.1_k0,5,robust,0.7,0.03666666666666667,0,60,10,0.9833333333333333,0.0,0.0,4.557223599986173,0.0,0,0
rcs0.1_k0,6,v1,0.4,0.043333333333333335,0,40,10,0.95,0.0,0.0,2.7249242999823764,0.0,0,0
rcs0.1_k0,6,joint,0.4,0.043333333333333335,0,40,10,0.95,0.0,0.0,2.8323204000480473,0.0,343,0
rcs0.1_k0,6,balanced,0.5,0.07,0,60,10,0.9666666666666667,0.0,0.0,0.5486622999887913,0.0,0,0
rcs0.1_k0,6,robust,0.6,0.06666666666666667,0,60,10,0.9666666666666667,0.0,0.0,4.253597799921408,0.0,0,0
rcs0.1_k0,7,v1,0.7,0.05,0,27,10,0.7777777777777778,0.0,0.0,1.9481192000675946,0.0,0,0
rcs0.1_k0,7,joint,0.7,0.05,0,27,10,0.7777777777777778,0.0,0.0,2.040564899914898,0.0,322,0
rcs0.1_k0,7,balanced,0.9,0.03,0,60,10,0.8833333333333333,0.0,0.0,0.7073256000876427,0.0,0,0
rcs0.1_k0,7,robust,0.9,0.03333333333333333,0,60,10,0.8833333333333333,0.0,0.0,4.720808299956843,0.0,0,0
rcs0.1_k0,8,v1,0.4,0.05,0,40,10,1.0,0.0,0.0,2.5926578999496996,0.0,0,0
rcs0.1_k0,8,joint,0.4,0.05,0,40,10,1.0,0.0,0.0,2.7041858000447974,0.0,350,0
rcs0.1_k0,8,balanced,0.6,0.05,0,60,10,1.0,0.0,0.0,0.5418961000395939,0.0,0,0
rcs0.1_k0,8,robust,0.6,0.03666666666666667,0,60,10,1.0,0.0,0.0,4.211630700039677,0.0,0,0
rcs0.1_k0,9,v1,0.4,0.05,0,52,10,1.0,0.0,0.0,3.6984167000046,0.0,0,0
rcs0.1_k0,9,joint,0.5,0.04666666666666667,0,48,10,1.0,0.0,0.0,3.8299105000915006,0.2668693316089916,334,2
rcs0.1_k0,9,balanced,0.4,0.03666666666666667,0,60,10,1.0,0.0,0.0,0.624777999939397,0.0,0,0
rcs0.1_k0,9,robust,0.4,0.05,0,60,10,1.0,0.0,0.0,4.655121300020255,0.0,0,0
rcs0.1_k0,10,v1,0.6,0.04,0,38,10,1.0,0.0,0.0,3.4387073001125827,0.0,0,0
rcs0.1_k0,10,joint,0.6,0.04,0,38,10,1.0,0.0,0.0,3.52838140015956,0.0,308,0
rcs0.1_k0,10,balanced,0.7,0.04,0,60,10,1.0,0.0,0.0,0.8210361000383273,0.0,0,0
rcs0.1_k0,10,robust,0.7,0.04,0,60,10,1.0,0.0,0.0,5.282526000053622,0.0,0,0
rcs0.1_k0,11,v1,0.6,0.06333333333333334,0,41,10,1.0,0.0,0.0,3.978777499985881,0.0,0,0
rcs0.1_k0,11,joint,0.6,0.06666666666666667,0,37,10,1.0,0.0,0.0,4.114308500196785,0.630499103578232,368,2
rcs0.1_k0,11,balanced,0.5,0.06666666666666667,0,60,10,1.0,0.0,0.0,0.8509689999045804,0.0,0,0
rcs0.1_k0,11,robust,0.6,0.06333333333333334,0,60,10,1.0,0.0,0.0,5.309695200063288,0.0,0,0
rcs0.1_k0,12,v1,0.5,0.04,0,47,10,0.8723404255319149,0.0,0.0,3.9825657000765204,0.0,0,0
rcs0.1_k0,12,joint,0.5,0.04,0,47,10,0.8723404255319149,0.0,0.0,4.121129599981941,0.0,370,0
rcs0.1_k0,12,balanced,0.5,0.04666666666666667,0,60,10,0.9,0.0,0.0,0.9089940999401733,0.0,0,0
rcs0.1_k0,12,robust,0.5,0.03666666666666667,0,60,10,0.9,0.0,0.0,5.5033838000381365,0.0,0,0
rcs0.1_k0,13,v1,0.4,0.04,0,50,10,1.0,0.0,0.0,3.691458999994211,0.0,0,0
rcs0.1_k0,13,joint,0.5,0.043333333333333335,0,38,10,1.0,0.0,0.0,3.822973000118509,0.28230549621711276,344,6
rcs0.1_k0,13,balanced,0.5,0.043333333333333335,0,60,10,1.0,0.0,0.0,0.6238483999622986,0.0,0,0
rcs0.1_k0,13,robust,0.5,0.03666666666666667,0,60,10,1.0,0.0,0.0,4.528579300036654,0.0,0,0
rcs0.1_k0,14,v1,0.5,0.05333333333333334,0,41,10,1.0,0.0,0.0,3.1287018000148237,0.0,0,0
rcs0.1_k0,14,joint,0.5,0.05333333333333334,0,41,10,1.0,0.0,0.0,3.2516947999829426,0.0,347,0
rcs0.1_k0,14,balanced,0.7,0.05,0,60,10,1.0,0.0,0.0,0.7123825000599027,0.0,0,0
rcs0.1_k0,14,robust,0.7,0.06,0,60,10,1.0,0.0,0.0,5.003183099906892,0.0,0,0
rcs0.1_k0,15,v1,0.7,0.05,0,48,10,1.0,0.0,0.0,3.9655142999254167,0.0,0,0
rcs0.1_k0,15,joint,0.7,0.05,0,48,10,1.0,0.0,0.0,4.081565500004217,0.0,346,0
rcs0.1_k0,15,balanced,0.7,0.06,0,60,10,1.0,0.0,0.0,0.8949697999050841,0.0,0,0
rcs0.1_k0,15,robust,0.7,0.04666666666666667,0,60,10,1.0,0.0,0.0,5.434241099981591,0.0,0,0
rcs0.1_k0,16,v1,0.8,0.03666666666666667,0,42,10,0.9047619047619048,0.0,0.0,3.6961842000018805,0.0,0,0
rcs0.1_k0,16,joint,0.8,0.03666666666666667,0,42,10,0.9047619047619048,0.0,0.0,3.811320799868554,0.0,351,0
rcs0.1_k0,16,balanced,0.8,0.04666666666666667,0,60,10,0.9333333333333333,0.0,0.0,0.7737101000966504,0.0,0,0
rcs0.1_k0,16,robust,0.8,0.05333333333333334,0,60,10,0.95,0.0,0.0,5.228091900004074,0.0,0,0
rcs0.1_k0,17,v1,0.6,0.05,0,41,10,1.0,0.0,0.0,3.1775424000807106,0.0,0,0
rcs0.1_k0,17,joint,0.6,0.05,0,41,10,1.0,0.0,0.0,3.2863038000650704,0.0,330,0
rcs0.1_k0,17,balanced,0.7,0.04,0,60,10,1.0,0.0,0.0,0.7235422999365255,0.0,0,0
rcs0.1_k0,17,robust,0.8,0.043333333333333335,0,60,10,1.0,0.0,0.0,4.979211300029419,0.0,0,0
rcs0.1_k0,18,v1,0.4,0.04666666666666667,0,41,10,0.975609756097561,0.0,0.0,2.7690578000620008,0.0,0,0
rcs0.1_k0,18,joint,0.6,0.04666666666666667,0,33,10,0.9696969696969697,0.0,0.0,2.918456400046125,0.5157751964253996,377,4
rcs0.1_k0,18,balanced,0.7,0.04,0,60,10,0.95,0.0,0.0,0.6855171000352129,0.0,0,0
rcs0.1_k0,18,robust,0.6,0.04,0,60,10,0.9333333333333333,0.0,0.0,4.349827999947593,0.0,0,0
rcs0.1_k0,19,v1,0.8,0.043333333333333335,0,42,10,1.0,0.0,0.0,3.343802999937907,0.0,0,0
rcs0.1_k0,19,joint,0.7,0.043333333333333335,0,30,10,1.0,0.0,0.0,3.471528899972327,0.44517754406943,368,6
rcs0.1_k0,19,balanced,0.9,0.06,0,60,10,1.0,0.0,0.0,0.7656740000238642,0.0,0,0
rcs0.1_k0,19,robust,0.8,0.05333333333333334,0,60,10,1.0,0.0,0.0,4.918934299959801,0.0,0,0
rcs0.1_k0,20,v1,0.5,0.06333333333333334,0,34,10,1.0,0.0,0.0,2.94719850004185,0.0,0,0
rcs0.1_k0,20,joint,0.5,0.06333333333333334,0,34,10,1.0,0.0,0.0,3.0463803000748158,0.0,317,0
rcs0.1_k0,20,balanced,0.7,0.04666666666666667,0,60,10,1.0,0.0,0.0,0.7777020999928936,0.0,0,0
rcs0.1_k0,20,robust,0.8,0.04666666666666667,0,60,10,1.0,0.0,0.0,5.199594700010493,0.0,0,0
rcs0.1_k0,21,v1,0.8,0.06666666666666667,0,31,10,1.0,0.0,0.0,2.5621088000480086,0.0,0,0
rcs0.1_k0,21,joint,0.8,0.06666666666666667,0,31,10,1.0,0.0,0.0,2.6480995001038536,0.0,311,0
rcs0.1_k0,21,balanced,0.9,0.06666666666666667,0,60,10,1.0,0.0,0.0,0.7752683999715373,0.0,0,0
rcs0.1_k0,21,robust,0.9,0.06666666666666667,0,60,10,1.0,0.0,0.0,5.433571000001393,0.0,0,0
rcs0.1_k0,22,v1,0.7,0.056666666666666664,0,35,10,1.0,0.0,0.0,2.551978899980895,0.0,0,0
rcs0.1_k0,22,joint,0.7,0.056666666666666664,0,35,10,1.0,0.0,0.0,2.649345300043933,0.0,314,0
rcs0.1_k0,22,balanced,0.9,0.06,0,60,10,1.0,0.0,0.0,0.7444801999954507,0.0,0,0
rcs0.1_k0,22,robust,0.9,0.06,0,60,10,1.0,0.0,0.0,5.133345199981704,0.0,0,0
rcs0.1_k0,23,v1,0.6,0.04666666666666667,0,49,10,1.0,0.0,0.0,4.427947400021367,0.0,0,0
rcs0.1_k0,23,joint,0.7,0.043333333333333335,0,45,10,1.0,0.0,0.0,4.56784500007052,0.032806127023397025,368,2
rcs0.1_k0,23,balanced,0.4,0.05333333333333334,0,60,10,1.0,0.0,0.0,0.8711329000070691,0.0,0,0
rcs0.1_k0,23,robust,0.6,0.05,0,60,10,1.0,0.0,0.0,5.595937800011598,0.0,0,0
rcs0.1_k0,24,v1,0.6,0.04,0,36,10,1.0,0.0,0.0,2.404903499991633,0.0,0,0
rcs0.1_k0,24,joint,0.7,0.04,0,23,10,1.0,0.0,0.0,2.5192469999892637,1.2783950400410249,337,5
rcs0.1_k0,24,balanced,0.7,0.06,0,60,10,1.0,0.0,0.0,0.6394291999749839,0.0,0,0
rcs0.1_k0,24,robust,0.7,0.05333333333333334,0,60,10,1.0,0.0,0.0,4.591177399968728,0.0,0,0
rcs0.1_k0,25,v1,0.3,0.05,0,50,10,0.96,0.0,0.0,3.5897139000007883,0.0,0,0
rcs0.1_k0,25,joint,0.3,0.05,0,50,10,0.96,0.0,0.0,3.7003276001196355,0.0,344,0
rcs0.1_k0,25,balanced,0.4,0.03666666666666667,0,60,10,0.9833333333333333,0.0,0.0,0.5595123000675812,0.0,0,0
rcs0.1_k0,25,robust,0.4,0.05333333333333334,0,60,10,0.9666666666666667,0.0,0.0,4.398491999949329,0.0,0,0
rcs0.1_k0,26,v1,0.5,0.03666666666666667,0,50,10,1.0,0.0,0.0,3.716327999951318,0.0,0,0
rcs0.1_k0,26,joint,0.5,0.03666666666666667,0,50,10,1.0,0.0,0.0,3.841508600045927,0.0,359,0
rcs0.1_k0,26,balanced,0.6,0.03333333333333333,0,60,10,1.0,0.0,0.0,0.6532728000311181,0.0,0,0
rcs0.1_k0,26,robust,0.5,0.05,0,60,10,1.0,0.0,0.0,4.611758700106293,0.0,0,0
rcs0.1_k0,27,v1,0.6,0.02666666666666667,0,51,10,1.0,0.0,0.0,3.765463300049305,0.0,0,0
rcs0.1_k0,27,joint,0.6,0.02666666666666667,0,51,10,1.0,0.0,0.0,3.870101400068961,0.0,327,0
rcs0.1_k0,27,balanced,0.6,0.03666666666666667,0,60,10,1.0,0.0,0.0,0.6371240000007674,0.0,0,0
rcs0.1_k0,27,robust,0.6,0.02666666666666667,0,60,10,1.0,0.0,0.0,4.658328299992718,0.0,0,0
rcs0.1_k0,28,v1,0.7,0.05333333333333334,0,52,10,1.0,0.0,0.0,4.158284500008449,0.0,0,0
rcs0.1_k0,28,joint,0.7,0.05333333333333334,0,48,10,1.0,0.0,0.0,4.29381880001165,0.09991101583783957,335,2
rcs0.1_k0,28,balanced,0.6,0.06,0,60,10,1.0,0.0,0.0,0.6871716000605375,0.0,0,0
rcs0.1_k0,28,robust,0.7,0.056666666666666664,0,60,10,1.0,0.0,0.0,4.941620399942622,0.0,0,0
rcs0.1_k0,29,v1,0.4,0.056666666666666664,0,52,10,1.0,0.0,0.0,3.6700049999635667,0.0,0,0
rcs0.1_k0,29,joint,0.4,0.06333333333333334,0,48,10,1.0,0.0,0.0,3.8095692000351846,0.15617934576926595,347,2
rcs0.1_k0,29,balanced,0.5,0.056666666666666664,0,60,10,1.0,0.0,0.0,0.5477870999602601,0.0,0,0
rcs0.1_k0,29,robust,0.5,0.05,0,60,10,1.0,0.0,0.0,4.421982500003651,0.0,0,0
rcs0.1_k0,30,v1,0.4,0.04,0,48,10,0.8958333333333334,0.0,0.0,3.22229539998807,0.0,0,0
rcs0.1_k0,30,joint,0.4,0.03666666666666667,0,44,10,0.8863636363636364,0.0,0.0,3.36043390003033,0.14577176260128955,357,2
rcs0.1_k0,30,balanced,0.7,0.043333333333333335,0,60,10,0.8833333333333333,0.0,0.0,0.5437910000327975,0.0,0,0
rcs0.1_k0,30,robust,0.6,0.03666666666666667,0,60,10,0.9,0.0,0.0,4.44534430000931,0.0,0,0
rcs0.1_k0,31,v1,0.6,0.05,0,59,10,1.0,0.0,0.0,5.146536700078286,0.0,0,0
rcs0.1_k0,31,joint,0.6,0.05,0,59,10,1.0,0.0,0.0,5.2847451999550685,0.0,396,0
rcs0.1_k0,31,balanced,0.6,0.06333333333333334,0,60,10,1.0,0.0,0.0,0.7899582999525592,0.0,0,0
rcs0.1_k0,31,robust,0.6,0.05,0,60,10,1.0,0.0,0.0,5.3531842000084,0.0,0,0
rcs0.1_k0,32,v1,0.6,0.04,0,30,10,1.0,0.0,0.0,2.0345042999833822,0.0,0,0
rcs0.1_k0,32,joint,0.6,0.04,0,30,10,1.0,0.0,0.0,2.1315237000817433,0.0,298,0
rcs0.1_k0,32,balanced,0.7,0.03,0,60,10,1.0,0.0,0.0,0.6599386000307277,0.0,0,0
rcs0.1_k0,32,robust,0.8,0.03333333333333333,0,60,10,1.0,0.0,0.0,5.036149299936369,0.0,0,0
rcs0.1_k0,33,v1,0.4,0.05333333333333334,0,34,10,1.0,0.0,0.0,2.638700700015761,0.0,0,0
rcs0.1_k0,33,joint,0.4,0.05333333333333334,0,34,10,1.0,0.0,0.0,2.74458589986898,0.0,332,0
rcs0.1_k0,33,balanced,0.6,0.06333333333333334,0,60,10,0.9833333333333333,0.0,0.0,0.6728929000673816,0.0,0,0
rcs0.1_k0,33,robust,0.7,0.043333333333333335,0,60,10,0.9833333333333333,0.0,0.0,4.788013399927877,0.0,0,0
rcs0.1_k0,34,v1,0.5,0.056666666666666664,0,37,10,0.972972972972973,0.0,0.0,3.013720399932936,0.0,0,0
rcs0.1_k0,34,joint,0.5,0.056666666666666664,0,37,10,0.972972972972973,0.0,0.0,3.120357299922034,0.0,330,0
rcs0.1_k0,34,balanced,0.7,0.07666666666666666,0,60,10,0.9833333333333333,0.0,0.0,0.8266578000038862,0.0,0,0
rcs0.1_k0,34,robust,0.7,0.06666666666666667,0,60,10,0.9833333333333333,0.0,0.0,5.128983899950981,0.0,0,0
rcs0.1_k0,35,v1,0.5,0.05333333333333334,0,47,10,1.0,0.0,0.0,3.2917012000689283,0.0,0,0
rcs0.1_k0,35,joint,0.5,0.05333333333333334,0,47,10,1.0,0.0,0.0,3.4081536000594497,0.0,334,0
rcs0.1_k0,35,balanced,0.6,0.05,0,60,10,1.0,0.0,0.0,0.5696262000128627,0.0,0,0
rcs0.1_k0,35,robust,0.6,0.043333333333333335,0,60,10,1.0,0.0,0.0,4.684400899917819,0.0,0,0
rcs0.1_k0,36,v1,0.5,0.04666666666666667,0,45,10,1.0,0.0,0.0,3.6814178999047726,0.0,0,0
rcs0.1_k0,36,joint,0.5,0.04666666666666667,0,45,10,1.0,0.0,0.0,3.8053235999541357,0.0,348,0
rcs0.1_k0,36,balanced,0.4,0.05,0,60,10,1.0,0.0,0.0,0.7421931000426412,0.0,0,0
rcs0.1_k0,36,robust,0.5,0.04666666666666667,0,60,10,1.0,0.0,0.0,4.914389499928802,0.0,0,0
rcs0.1_k0,37,v1,0.8,0.07333333333333333,0,31,10,0.967741935483871,0.0,0.0,1.9675395999802276,0.0,0,0
rcs0.1_k0,37,joint,0.8,0.07333333333333333,0,31,10,0.967741935483871,0.0,0.0,2.062613599933684,0.0,301,0
rcs0.1_k0,37,balanced,0.8,0.08333333333333333,0,60,10,0.9833333333333333,0.0,0.0,0.637811699998565,0.0,0,0
rcs0.1_k0,37,robust,0.8,0.07,0,60,10,0.9833333333333333,0.0,0.0,4.820542200002819,0.0,0,0
rcs0.1_k0,38,v1,0.7,0.05,0,42,10,1.0,0.0,0.0,3.413334000040777,0.0,0,0
rcs0.1_k0,38,joint,0.7,0.05,0,42,10,1.0,0.0,0.0,3.5285212999442592,0.0,340,0
rcs0.1_k0,38,balanced,0.7,0.05,0,60,10,1.0,0.0,0.0,0.8109937000554055,0.0,0,0
rcs0.1_k0,38,robust,0.7,0.04666666666666667,0,60,10,1.0,0.0,0.0,4.822620899998583,0.0,0,0
rcs0.1_k0,39,v1,0.5,0.04666666666666667,0,42,10,1.0,0.0,0.0,3.087073399918154,0.0,0,0
rcs0.1_k0,39,joint,0.5,0.04666666666666667,0,42,10,1.0,0.0,0.0,3.1955574000021443,0.0,331,0
rcs0.1_k0,39,balanced,0.6,0.056666666666666664,0,60,10,1.0,0.0,0.0,0.7093279999680817,0.0,0,0
rcs0.1_k0,39,robust,0.5,0.04,0,60,10,1.0,0.0,0.0,5.096051099942997,0.0,0,0
rcs0.1_k0,40,v1,0.6,0.05333333333333334,0,33,10,0.9696969696969697,0.0,0.0,2.5197256000246853,0.0,0,0
rcs0.1_k0,40,joint,0.6,0.05333333333333334,0,33,10,0.9696969696969697,0.0,0.0,2.615327699924819,0.0,324,0
rcs0.1_k0,40,balanced,0.6,0.06333333333333334,0,60,10,0.9833333333333333,0.0,0.0,0.7106529000448063,0.0,0,0
rcs0.1_k0,40,robust,0.6,0.056666666666666664,0,60,10,0.9833333333333333,0.0,0.0,4.903802799992263,0.0,0,0
rcs0.1_k0,41,v1,0.6,0.03333333333333333,0,41,10,1.0,0.0,0.0,2.7533485000021756,0.0,0,0
rcs0.1_k0,41,joint,0.6,0.03333333333333333,0,41,10,1.0,0.0,0.0,2.850934899994172,0.0,304,0
rcs0.1_k0,41,balanced,0.7,0.04666666666666667,0,60,10,1.0,0.0,0.0,0.7020965999690816,0.0,0,0
rcs0.1_k0,41,robust,0.7,0.043333333333333335,0,60,10,1.0,0.0,0.0,4.743886000011116,0.0,0,0
rcs0.1_k0,42,v1,0.5,0.06333333333333334,0,48,10,1.0,0.0,0.0,4.087038099998608,0.0,0,0
rcs0.1_k0,42,joint,0.5,0.06333333333333334,0,48,10,1.0,0.0,0.0,4.198512899922207,0.0,347,0
rcs0.1_k0,42,balanced,0.6,0.043333333333333335,0,60,10,1.0,0.0,0.0,0.7606768000405282,0.0,0,0
rcs0.1_k0,42,robust,0.6,0.05333333333333334,0,60,10,1.0,0.0,0.0,5.0304793999530375,0.0,0,0
rcs0.1_k0,43,v1,0.7,0.04,0,40,10,0.875,0.0,0.0,3.1627783000003546,0.0,0,0
rcs0.1_k0,43,joint,0.7,0.04,0,40,10,0.875,0.0,0.0,3.274966500001028,0.0,333,0
rcs0.1_k0,43,balanced,0.8,0.05333333333333334,0,60,10,0.9,0.0,0.0,0.835180800058879,0.0,0,0
rcs0.1_k0,43,robust,0.7,0.04,0,60,10,0.9,0.0,0.0,5.372339199995622,0.0,0,0
rcs0.1_k0,44,v1,0.7,0.056666666666666664,0,48,10,1.0,0.0,0.0,3.583330399938859,0.0,0,0
rcs0.1_k0,44,joint,0.6,0.04666666666666667,0,40,10,1.0,0.0,0.0,3.7014393999706954,0.14831038344908265,333,4
rcs0.1_k0,44,balanced,0.7,0.03,0,60,10,1.0,0.0,0.0,0.5872183999745175,0.0,0,0
rcs0.1_k0,44,robust,0.7,0.043333333333333335,0,60,10,1.0,0.0,0.0,4.595263700000942,0.0,0,0
rcs0.1_k0,45,v1,0.7,0.07,0,43,10,0.9767441860465116,0.0,0.0,3.5778704000404105,0.0,0,0
rcs0.1_k0,45,joint,0.7,0.06666666666666667,0,35,10,0.9714285714285714,0.0,0.0,3.7076706999214366,0.2903221759181478,357,4
rcs0.1_k0,45,balanced,0.7,0.06333333333333334,0,60,10,0.9833333333333333,0.0,0.0,0.8135639999527484,0.0,0,0
rcs0.1_k0,45,robust,0.7,0.05,0,60,10,0.9833333333333333,0.0,0.0,4.791674900101498,0.0,0,0
rcs0.1_k0,46,v1,0.5,0.03,0,45,10,1.0,0.0,0.0,3.2912623999873176,0.0,0,0
rcs0.1_k0,46,joint,0.5,0.023333333333333334,0,41,10,1.0,0.0,0.0,3.4162437999621034,0.22283278165712117,328,2
rcs0.1_k0,46,balanced,0.5,0.04,0,60,10,1.0,0.0,0.0,0.7451911999378353,0.0,0,0
rcs0.1_k0,46,robust,0.6,0.056666666666666664,0,60,10,1.0,0.0,0.0,4.767182899988256,0.0,0,0
rcs0.1_k0,47,v1,0.6,0.05333333333333334,0,40,10,1.0,0.0,0.0,2.8513739000773057,0.0,0,0
rcs0.1_k0,47,joint,0.6,0.05333333333333334,0,40,10,1.0,0.0,0.0,2.9572042000945657,0.0,320,0
rcs0.1_k0,47,balanced,0.7,0.04666666666666667,0,60,10,1.0,0.0,0.0,0.7612329999683425,0.0,0,0
rcs0.1_k0,47,robust,0.7,0.04666666666666667,0,60,10,1.0,0.0,0.0,5.0256073999917135,0.0,0,0
rcs0.1_k0,48,v1,0.7,0.03333333333333333,0,33,10,0.9090909090909091,0.0,0.0,2.29246070003137,0.0,0,0
rcs0.1_k0,48,joint,0.7,0.03333333333333333,0,33,10,0.9090909090909091,0.0,0.0,2.3820383000420406,0.0,315,0
rcs0.1_k0,48,balanced,0.9,0.03666666666666667,0,60,10,0.9333333333333333,0.0,0.0,0.6812355000292882,0.0,0,0
rcs0.1_k0,48,robust,0.9,0.03,0,60,10,0.95,0.0,0.0,4.85742230003234,0.0,0,0
rcs0.1_k0,49,v1,0.6,0.04666666666666667,0,35,10,0.8857142857142857,0.0,0.0,2.355616300017573,0.0,0,0
rcs0.1_k0,49,joint,0.6,0.04666666666666667,0,35,10,0.8857142857142857,0.0,0.0,2.4520385999931023,0.0,302,0
rcs0.1_k0,49,balanced,0.6,0.05333333333333334,0,60,10,0.9333333333333333,0.0,0.0,0.7558147000381723,0.0,0,0
rcs0.1_k0,49,robust,0.6,0.05,0,60,10,0.9333333333333333,0.0,0.0,4.8490797999547794,0.0,0,0
rcs0.1_k0,50,v1,0.6,0.043333333333333335,0,53,10,0.9622641509433962,0.0,0.0,3.799838999984786,0.0,0,0
rcs0.1_k0,50,joint,0.6,0.043333333333333335,0,53,10,0.9622641509433962,0.0,0.0,3.922836400102824,0.0,358,0
rcs0.1_k0,50,balanced,0.8,0.03,0,60,10,0.9666666666666667,0.0,0.0,0.642276500002481,0.0,0,0
rcs0.1_k0,50,robust,0.8,0.03,0,60,10,0.9666666666666667,0.0,0.0,4.7086354999337345,0.0,0,0
rcs0.1_k0,51,v1,0.2,0.08333333333333333,0,55,10,0.9818181818181818,0.0,0.0,4.155141900060698,0.0,0,0
rcs0.1_k0,51,joint,0.2,0.08333333333333333,0,55,10,0.9818181818181818,0.0,0.0,4.289009000058286,0.0,378,0
rcs0.1_k0,51,balanced,0.3,0.043333333333333335,0,60,10,0.9833333333333333,0.0,0.0,0.7436487000668421,0.0,0,0
rcs0.1_k0,51,robust,0.3,0.07666666666666666,0,60,10,0.9833333333333333,0.0,0.0,5.056789599941112,0.0,0,0
rcs0.1_k0,52,v1,0.4,0.05,0,53,10,1.0,0.0,0.0,3.9936005000490695,0.0,0,0
rcs0.1_k0,52,joint,0.4,0.04666666666666667,0,49,10,1.0,0.0,0.0,4.155676999944262,0.23080792342529266,376,2
rcs0.1_k0,52,balanced,0.5,0.08666666666666667,0,60,10,1.0,0.0,0.0,0.7074908000649884,0.0,0,0
rcs0.1_k0,52,robust,0.4,0.06333333333333334,0,60,10,1.0,0.0,0.0,4.944084499962628,0.0,0,0
rcs0.1_k0,53,v1,0.7,0.06666666666666667,0,29,10,1.0,0.0,0.0,1.9076315000420436,0.0,0,0
rcs0.1_k0,53,joint,0.7,0.06333333333333334,0,25,10,1.0,0.0,0.0,2.016315500019118,0.009726826127544275,302,2
rcs0.1_k0,53,balanced,0.7,0.06333333333333334,0,60,10,1.0,0.0,0.0,0.7682740000309423,0.0,0,0
rcs0.1_k0,53,robust,0.7,0.06,0,60,10,1.0,0.0,0.0,4.897000600001775,0.0,0,0
rcs0.1_k0,54,v1,0.8,0.04666666666666667,0,36,10,1.0,0.0,0.0,2.5128853000933304,0.0,0,0
rcs0.1_k0,54,joint,0.8,0.04666666666666667,0,36,10,1.0,0.0,0.0,2.6025854999898,0.0,296,0
rcs0.1_k0,54,balanced,0.8,0.04,0,60,10,1.0,0.0,0.0,0.715963099966757,0.0,0,0
rcs0.1_k0,54,robust,0.8,0.04,0,60,10,1.0,0.0,0.0,5.100822399952449,0.0,0,0
rcs0.1_k0,55,v1,0.5,0.04666666666666667,0,50,10,1.0,0.0,0.0,4.046904199989513,0.0,0,0
rcs0.1_k0,55,joint,0.5,0.04666666666666667,0,50,10,1.0,0.0,0.0,4.159257999854162,0.0,344,0
rcs0.1_k0,55,balanced,0.4,0.05333333333333334,0,60,10,0.9833333333333333,0.0,0.0,0.7466837000101805,0.0,0,0
rcs0.1_k0,55,robust,0.5,0.07,0,60,10,0.9833333333333333,0.0,0.0,5.116499099996872,0.0,0,0
rcs0.1_k0,56,v1,0.8,0.06,0,40,10,1.0,0.0,0.0,2.89524209999945,0.0,0,0
rcs0.1_k0,56,joint,0.8,0.06,0,40,10,1.0,0.0,0.0,2.995955599937588,0.0,315,0
rcs0.1_k0,56,balanced,0.9,0.05,0,60,10,1.0,0.0,0.0,0.7602518000639975,0.0,0,0
rcs0.1_k0,56,robust,0.8,0.05333333333333334,0,60,10,1.0,0.0,0.0,5.142016900004819,0.0,0,0
rcs0.1_k0,57,v1,0.4,0.05,0,51,10,1.0,0.0,0.0,4.012162500061095,0.0,0,0
rcs0.1_k0,57,joint,0.4,0.05,0,51,10,1.0,0.0,0.0,4.136243600049056,0.0,385,0
rcs0.1_k0,57,balanced,0.6,0.06333333333333334,0,60,10,1.0,0.0,0.0,0.7167753999819979,0.0,0,0
rcs0.1_k0,57,robust,0.5,0.056666666666666664,0,60,10,1.0,0.0,0.0,4.855113300029188,0.0,0,0
rcs0.1_k0,58,v1,0.7,0.056666666666666664,0,32,10,1.0,0.0,0.0,2.480246899998747,0.0,0,0
rcs0.1_k0,58,joint,0.7,0.056666666666666664,0,32,10,1.0,0.0,0.0,2.583930400083773,0.0,343,0
rcs0.1_k0,58,balanced,0.7,0.04,0,60,10,1.0,0.0,0.0,0.7652223999612033,0.0,0,0
rcs0.1_k0,58,robust,0.7,0.03333333333333333,0,60,10,1.0,0.0,0.0,4.833876800024882,0.0,0,0
rcs0.1_k0,59,v1,0.8,0.04,0,42,10,1.0,0.0,0.0,3.3256601999746636,0.0,0,0
rcs0.1_k0,59,joint,0.8,0.03666666666666667,0,38,10,1.0,0.0,0.0,3.445366199943237,0.20002062706748636,318,2
rcs0.1_k0,59,balanced,0.8,0.056666666666666664,0,60,10,1.0,0.0,0.0,0.7159919999539852,0.0,0,0
rcs0.1_k0,59,robust,0.9,0.05,0,60,10,1.0,0.0,0.0,5.18606279999949,0.0,0,0
rcs0.1_k0,60,v1,0.5,0.06333333333333334,0,46,10,1.0,0.0,0.0,3.6291496000485495,0.0,0,0
rcs0.1_k0,60,joint,0.5,0.06666666666666667,0,42,10,1.0,0.0,0.0,3.766105500049889,0.013014933064195766,362,2
rcs0.1_k0,60,balanced,0.5,0.06333333333333334,0,60,10,1.0,0.0,0.0,0.7870790000306442,0.0,0,0
rcs0.1_k0,60,robust,0.5,0.06666666666666667,0,60,10,1.0,0.0,0.0,5.06122650008183,0.0,0,0
rcs0.1_k0,61,v1,0.7,0.02666666666666667,0,43,10,0.9534883720930233,0.0,0.0,3.145590399974026,0.0,0,0
rcs0.1_k0,61,joint,0.7,0.02666666666666667,0,43,10,0.9534883720930233,0.0,0.0,3.259331800043583,0.0,340,0
rcs0.1_k0,61,balanced,0.7,0.04,0,60,10,0.9166666666666666,0.0,0.0,0.6115879999706522,0.0,0,0
rcs0.1_k0,61,robust,0.7,0.04,0,60,10,0.9166666666666666,0.0,0.0,4.354034299962223,0.0,0,0
rcs0.1_k0,62,v1,0.5,0.04666666666666667,0,31,10,1.0,0.0,0.0,1.8755494999932125,0.0,0,0
rcs0.1_k0,62,joint,0.5,0.04666666666666667,0,31,10,1.0,0.0,0.0,1.977255699923262,0.0,319,0
rcs0.1_k0,62,balanced,0.8,0.06666666666666667,0,60,10,1.0,0.0,0.0,0.6985811000922695,0.0,0,0
rcs0.1_k0,62,robust,0.7,0.06666666666666667,0,60,10,1.0,0.0,0.0,4.85337179992348,0.0,0,0
rcs0.1_k0,63,v1,0.2,0.04666666666666667,0,45,10,1.0,0.0,0.0,3.1903849000809714,0.0,0,0
rcs0.1_k0,63,joint,0.2,0.04666666666666667,0,45,10,1.0,0.0,0.0,3.2920351000502706,0.0,330,0
rcs0.1_k0,63,balanced,0.3,0.03666666666666667,0,60,10,1.0,0.0,0.0,0.7012396999634802,0.0,0,0
rcs0.1_k0,63,robust,0.3,0.03666666666666667,0,60,10,1.0,0.0,0.0,4.793373199994676,0.0,0,0
rcs0.1_k0,64,v1,0.5,0.03666666666666667,0,39,10,1.0,0.0,0.0,2.905937899951823,0.0,0,0
rcs0.1_k0,64,joint,0.5,0.03666666666666667,0,39,10,1.0,0.0,0.0,3.0112839000066742,0.0,330,0
rcs0.1_k0,64,balanced,0.7,0.056666666666666664,0,60,10,1.0,0.0,0.0,0.731460600043647,0.0,0,0
rcs0.1_k0,64,robust,0.8,0.04666666666666667,0,60,10,1.0,0.0,0.0,4.99700569990091,0.0,0,0
rcs0.1_k0,65,v1,0.7,0.04666666666666667,0,30,10,1.0,0.0,0.0,2.0061564999632537,0.0,0,0
rcs0.1_k0,65,joint,0.7,0.04666666666666667,0,30,10,1.0,0.0,0.0,2.0972058000043035,0.0,319,0
rcs0.1_k0,65,balanced,0.7,0.02666666666666667,0,60,10,1.0,0.0,0.0,0.6295200999593362,0.0,0,0
rcs0.1_k0,65,robust,0.8,0.043333333333333335,0,60,10,1.0,0.0,0.0,4.714176499983296,0.0,0,0
rcs0.1_k0,66,v1,0.8,0.05,0,37,10,1.0,0.0,0.0,2.548456799937412,0.0,0,0
rcs0.1_k0,66,joint,0.8,0.04666666666666667,0,33,10,1.0,0.0,0.0,2.663592599914409,0.08969062543321582,323,2
rcs0.1_k0,66,balanced,0.7,0.06333333333333334,0,60,10,1.0,0.0,0.0,0.6966302000219002,0.0,0,0
rcs0.1_k0,66,robust,0.8,0.06,0,60,10,1.0,0.0,0.0,4.8574204000178725,0.0,0,0
rcs0.1_k0,67,v1,0.4,0.043333333333333335,0,43,10,0.8604651162790697,0.0,0.0,2.7351630000630394,0.0,0,0
rcs0.1_k0,67,joint,0.5,0.03333333333333333,0,35,10,0.8285714285714286,0.0,0.0,2.8694388000294566,0.5133002399852151,373,4
rcs0.1_k0,67,balanced,0.6,0.043333333333333335,0,60,10,0.9,0.0,0.0,0.6063327000010759,0.0,0,0
rcs0.1_k0,67,robust,0.5,0.04,0,60,10,0.9,0.0,0.0,4.363593999994919,0.0,0,0
rcs0.1_k0,68,v1,0.6,0.06,0,31,10,1.0,0.0,0.0,2.3379680999787524,0.0,0,0
rcs0.1_k0,68,joint,0.6,0.06,0,31,10,1.0,0.0,0.0,2.4321768999798223,0.0,319,0
rcs0.1_k0,68,balanced,0.6,0.06333333333333334,0,60,10,1.0,0.0,0.0,0.7079906000290066,0.0,0,0
rcs0.1_k0,68,robust,0.6,0.05333333333333334,0,60,10,1.0,0.0,0.0,4.910238599986769,0.0,0,0
rcs0.1_k0,69,v1,0.5,0.03,0,51,10,1.0,0.0,0.0,4.141994700068608,0.0,0,0
rcs0.1_k0,69,joint,0.5,0.02666666666666667,0,47,10,1.0,0.0,0.0,4.287275500013493,0.07215969113421217,377,2
rcs0.1_k0,69,balanced,0.5,0.043333333333333335,0,60,10,1.0,0.0,0.0,0.7277805999619886,0.0,0,0
rcs0.1_k0,69,robust,0.4,0.04,0,60,10,1.0,0.0,0.0,4.712814899976365,0.0,0,0
rcs0.1_k0,70,v1,0.4,0.05,0,39,10,0.9743589743589743,0.0,0.0,3.2635488000232726,0.0,0,0
rcs0.1_k0,70,joint,0.4,0.05,0,39,10,0.9743589743589743,0.0,0.0,3.3631362000014633,0.0,322,0
rcs0.1_k0,70,balanced,0.7,0.056666666666666664,0,60,10,0.9833333333333333,0.0,0.0,0.7927612001076341,0.0,0,0
rcs0.1_k0,70,robust,0.7,0.06,0,60,10,0.9833333333333333,0.0,0.0,5.057563499896787,0.0,0,0
rcs0.1_k0,71,v1,0.5,0.07,0,41,10,1.0,0.0,0.0,3.5310173999750987,0.0,0,0
rcs0.1_k0,71,joint,0.5,0.07,0,41,10,1.0,0.0,0.0,3.637443199986592,0.0,316,0
rcs0.1_k0,71,balanced,0.7,0.07666666666666666,0,60,10,1.0,0.0,0.0,0.9815318000037223,0.0,0,0
rcs0.1_k0,71,robust,0.7,0.07333333333333333,0,60,10,1.0,0.0,0.0,5.623144299956039,0.0,0,0
rcs0.1_k0,72,v1,0.7,0.04,0,51,10,0.8823529411764706,0.0,0.0,4.144168899976648,0.0,0,0
rcs0.1_k0,72,joint,0.7,0.04,0,51,10,0.8823529411764706,0.0,0.0,4.2546044999035075,0.0,350,0
rcs0.1_k0,72,balanced,0.8,0.06333333333333334,0,60,10,0.9,0.0,0.0,0.7005296000279486,0.0,0,0
rcs0.1_k0,72,robust,0.9,0.05333333333333334,0,60,10,0.9,0.0,0.0,4.802557799965143,0.0,0,0
rcs0.1_k0,73,v1,0.6,0.02666666666666667,0,37,10,1.0,0.0,0.0,2.4011033999267966,0.0,0,0
rcs0.1_k0,73,joint,0.6,0.02666666666666667,0,37,10,1.0,0.0,0.0,2.5145923999371007,0.0,342,0
rcs0.1_k0,73,balanced,0.6,0.05,0,60,10,0.9833333333333333,0.0,0.0,0.7506780000403523,0.0,0,0
rcs0.1_k0,73,robust,0.7,0.03666666666666667,0,60,10,0.9833333333333333,0.0,0.0,5.003988599986769,0.0,0,0
rcs0.1_k0,74,v1,0.4,0.03,0,50,10,1.0,0.0,0.0,4.3615569999674335,0.0,0,0
rcs0.1_k0,74,joint,0.4,0.03,0,46,10,1.0,0.0,0.0,4.498170999926515,0.07135250618409872,342,2
rcs0.1_k0,74,balanced,0.4,0.04,0,60,10,1.0,0.0,0.0,0.8648659000173211,0.0,0,0
rcs0.1_k0,74,robust,0.3,0.04,0,60,10,1.0,0.0,0.0,5.469082999974489,0.0,0,0
rcs0.1_k0,75,v1,0.3,0.04666666666666667,0,42,10,0.9523809523809523,0.0,0.0,2.777343999943696,0.0,0,0
rcs0.1_k0,75,joint,0.3,0.05333333333333334,0,38,10,0.9473684210526315,0.0,0.0,2.8979170999955386,0.09813149547613476,336,2
rcs0.1_k0,75,balanced,0.2,0.04666666666666667,0,60,10,0.9666666666666667,0.0,0.0,0.5460726999444887,0.0,0,0
rcs0.1_k0,75,robust,0.2,0.043333333333333335,0,60,10,0.9666666666666667,0.0,0.0,4.350402200012468,0.0,0,0
rcs0.1_k0,76,v1,0.5,0.043333333333333335,0,41,10,1.0,0.0,0.0,3.1424494000384584,0.0,0,0
rcs0.1_k0,76,joint,0.5,0.05,0,36,10,1.0,0.0,0.0,3.267061399994418,0.012371192585944213,335,1
rcs0.1_k0,76,balanced,0.7,0.04666666666666667,0,60,10,0.9833333333333333,0.0,0.0,0.7017669000197202,0.0,0,0
rcs0.1_k0,76,robust,0.7,0.05,0,60,10,0.9833333333333333,0.0,0.0,4.79436539998278,0.0,0,0
rcs0.1_k0,77,v1,0.4,0.05,0,43,10,1.0,0.0,0.0,3.0532595000695437,0.0,0,0
rcs0.1_k0,77,joint,0.4,0.05,0,43,10,1.0,0.0,0.0,3.1536213000072166,0.0,329,0
rcs0.1_k0,77,balanced,0.5,0.043333333333333335,0,60,10,1.0,0.0,0.0,0.6264480000827461,0.0,0,0
rcs0.1_k0,77,robust,0.5,0.043333333333333335,0,60,10,1.0,0.0,0.0,4.567242700024508,0.0,0,0
rcs0.1_k0,78,v1,0.6,0.05333333333333334,0,43,10,1.0,0.0,0.0,3.5040682000108063,0.0,0,0
rcs0.1_k0,78,joint,0.6,0.05333333333333334,0,43,10,1.0,0.0,0.0,3.618566299905069,0.0,358,0
rcs0.1_k0,78,balanced,0.6,0.05,0,60,10,1.0,0.0,0.0,0.7107316000619903,0.0,0,0
rcs0.1_k0,78,robust,0.7,0.06666666666666667,0,60,10,1.0,0.0,0.0,4.921679099905305,0.0,0,0
rcs0.1_k0,79,v1,0.7,0.07333333333333333,0,28,10,1.0,0.0,0.0,2.13512690004427,0.0,0,0
rcs0.1_k0,79,joint,0.7,0.07333333333333333,0,20,10,0.95,0.0,0.0,2.2381731999339536,0.03391959428803221,321,4
rcs0.1_k0,79,balanced,0.9,0.08666666666666667,0,60,10,1.0,0.0,0.0,0.6627960000187159,0.0,0,0
rcs0.1_k0,79,robust,0.9,0.08666666666666667,0,60,10,1.0,0.0,0.0,4.603077200008556,0.0,0,0
rcs0.1_k0,80,v1,0.6,0.056666666666666664,0,31,10,0.9354838709677419,0.0,0.0,1.9485578999156132,0.0,0,0
rcs0.1_k0,80,joint,0.6,0.05,0,27,10,0.9259259259259259,0.0,0.0,2.0547797000035644,0.18402650366752715,315,2
rcs0.1_k0,80,balanced,0.6,0.06,0,60,10,0.95,0.0,0.0,0.545615499955602,0.0,0,0
rcs0.1_k0,80,robust,0.6,0.05333333333333334,0,60,10,0.9333333333333333,0.0,0.0,4.392367899999954,0.0,0,0
rcs0.1_k0,81,v1,0.4,0.023333333333333334,0,40,10,1.0,0.0,0.0,1.970826799981296,0.0,0,0
rcs0.1_k0,81,joint,0.5,0.04,0,28,10,1.0,0.0,0.0,2.0916411998914555,0.18739717276312629,352,6
rcs0.1_k0,81,balanced,0.4,0.03,0,60,10,1.0,0.0,0.0,0.45418270002119243,0.0,0,0
rcs0.1_k0,81,robust,0.4,0.03,0,60,10,1.0,0.0,0.0,3.709685300011188,0.0,0,0
rcs0.1_k0,82,v1,0.7,0.06,0,50,10,0.96,0.0,0.0,3.448418300016783,0.0,0,0
rcs0.1_k0,82,joint,0.7,0.06,0,50,10,0.96,0.0,0.0,3.5677572999848053,0.0,357,0
rcs0.1_k0,82,balanced,0.7,0.07333333333333333,0,60,10,0.9833333333333333,0.0,0.0,0.5531063000671566,0.0,0,0
rcs0.1_k0,82,robust,0.8,0.07666666666666666,0,60,10,0.9833333333333333,0.0,0.0,4.194517399999313,0.0,0,0
rcs0.1_k0,83,v1,0.5,0.03333333333333333,0,51,10,0.9215686274509803,0.0,0.0,3.2030368000268936,0.0,0,0
rcs0.1_k0,83,joint,0.5,0.03,0,47,10,0.9148936170212766,0.0,0.0,3.3463952001184225,0.5741485119865546,384,2
rcs0.1_k0,83,balanced,0.4,0.043333333333333335,0,60,10,0.9333333333333333,0.0,0.0,0.4043438999215141,0.0,0,0
rcs0.1_k0,83,robust,0.5,0.03666666666666667,0,60,10,0.9333333333333333,0.0,0.0,4.056421200046316,0.0,0,0
rcs0.1_k0,84,v1,0.6,0.04666666666666667,0,42,10,1.0,0.0,0.0,2.7418862999184057,0.0,0,0
rcs0.1_k0,84,joint,0.6,0.04666666666666667,0,38,10,1.0,0.0,0.0,2.856341499951668,0.39622581605298246,324,2
rcs0.1_k0,84,balanced,0.7,0.04666666666666667,0,60,10,0.9833333333333333,0.0,0.0,0.648540300084278,0.0,0,0
rcs0.1_k0,84,robust,0.8,0.03666666666666667,0,60,10,0.9833333333333333,0.0,0.0,4.647280899924226,0.0,0,0
rcs0.1_k0,85,v1,0.8,0.043333333333333335,0,44,10,1.0,0.0,0.0,3.239340899977833,0.0,0,0
rcs0.1_k0,85,joint,0.8,0.04666666666666667,0,36,10,1.0,0.0,0.0,3.3755119000561535,0.1678175103832853,377,4
rcs0.1_k0,85,balanced,0.8,0.056666666666666664,0,60,10,1.0,0.0,0.0,0.6479932999936864,0.0,0,0
rcs0.1_k0,85,robust,0.8,0.05333333333333334,0,60,10,1.0,0.0,0.0,4.484601400094107,0.0,0,0
rcs0.1_k0,86,v1,0.7,0.03,0,50,10,1.0,0.0,0.0,3.202596499933861,0.0,0,0
rcs0.1_k0,86,joint,0.9,0.03333333333333333,0,38,10,1.0,0.0,0.0,3.3524580999510363,0.37968127871352486,404,6
rcs0.1_k0,86,balanced,0.6,0.043333333333333335,0,60,10,1.0,0.0,0.0,0.522241499973461,0.0,0,0
rcs0.1_k0,86,robust,0.6,0.04,0,60,10,1.0,0.0,0.0,4.213110400014557,0.0,0,0
rcs0.1_k0,87,v1,0.5,0.04666666666666667,0,36,10,0.9722222222222222,0.0,0.0,2.562603499973193,0.0,0,0
rcs0.1_k0,87,joint,0.5,0.04666666666666667,0,36,10,0.9722222222222222,0.0,0.0,2.670146799995564,0.0,345,0
rcs0.1_k0,87,balanced,0.6,0.056666666666666664,0,60,10,0.9833333333333333,0.0,0.0,0.683028900064528,0.0,0,0
rcs0.1_k0,87,robust,0.5,0.06,0,60,10,0.9833333333333333,0.0,0.0,4.825599999981932,0.0,0,0
rcs0.1_k0,88,v1,0.5,0.043333333333333335,0,44,10,1.0,0.0,0.0,2.966788300080225,0.0,0,0
rcs0.1_k0,88,joint,0.5,0.05,0,40,10,1.0,0.0,0.0,3.1084000000264496,0.09374055072440735,353,2
rcs0.1_k0,88,balanced,0.6,0.03333333333333333,0,60,10,1.0,0.0,0.0,0.7378444999922067,0.0,0,0
rcs0.1_k0,88,robust,0.6,0.043333333333333335,0,60,10,1.0,0.0,0.0,4.648061600048095,0.0,0,0
rcs0.1_k0,89,v1,0.5,0.03666666666666667,0,55,10,1.0,0.0,0.0,4.6848475999431685,0.0,0,0
rcs0.1_k0,89,joint,0.5,0.03666666666666667,0,55,10,1.0,0.0,0.0,4.8099797000177205,0.0,344,0
rcs0.1_k0,89,balanced,0.5,0.03,0,60,10,1.0,0.0,0.0,0.7778814999619499,0.0,0,0
rcs0.1_k0,89,robust,0.5,0.03666666666666667,0,60,10,1.0,0.0,0.0,5.331408100086264,0.0,0,0
rcs0.1_k0,90,v1,0.6,0.08,0,34,10,1.0,0.0,0.0,2.3464172000531107,0.0,0,0
rcs0.1_k0,90,joint,0.6,0.08,0,34,10,1.0,0.0,0.0,2.4380144000751898,0.0,325,0
rcs0.1_k0,90,balanced,0.6,0.07333333333333333,0,60,10,0.95,0.0,0.0,0.809833100065589,0.0,0,0
rcs0.1_k0,90,robust,0.6,0.07,0,60,10,0.95,0.0,0.0,5.112306299968623,0.0,0,0
rcs0.1_k0,91,v1,0.2,0.04,0,46,10,1.0,0.0,0.0,3.1485583999892697,0.0,0,0
rcs0.1_k0,91,joint,0.2,0.04,0,46,10,1.0,0.0,0.0,3.2643313000444323,0.0,337,0
rcs0.1_k0,91,balanced,0.2,0.05333333333333334,0,60,10,0.9833333333333333,0.0,0.0,0.6315376999555156,0.0,0,0
rcs0.1_k0,91,robust,0.2,0.043333333333333335,0,60,10,0.9833333333333333,0.0,0.0,4.453675099997781,0.0,0,0
rcs0.1_k0,92,v1,0.3,0.05333333333333334,0,52,10,1.0,0.0,0.0,4.542345799971372,0.0,0,0
rcs0.1_k0,92,joint,0.3,0.05333333333333334,0,52,10,1.0,0.0,0.0,4.668544100015424,0.0,379,0
rcs0.1_k0,92,balanced,0.3,0.04666666666666667,0,60,10,1.0,0.0,0.0,0.8271191999083385,0.0,0,0
rcs0.1_k0,92,robust,0.3,0.06,0,60,10,1.0,0.0,0.0,5.3104363000020385,0.0,0,0
rcs0.1_k0,93,v1,0.6,0.04666666666666667,0,44,10,0.8863636363636364,0.0,0.0,3.4186090999282897,0.0,0,0
rcs0.1_k0,93,joint,0.6,0.04666666666666667,0,44,10,0.8863636363636364,0.0,0.0,3.5405565998516977,0.0,363,0
rcs0.1_k0,93,balanced,0.6,0.056666666666666664,0,60,10,0.9333333333333333,0.0,0.0,0.7443768000230193,0.0,0,0
rcs0.1_k0,93,robust,0.6,0.06,0,60,10,0.9166666666666666,0.0,0.0,4.842411300051026,0.0,0,0
rcs0.1_k0,94,v1,0.8,0.06,0,48,10,1.0,0.0,0.0,3.5110442000441253,0.0,0,0
rcs0.1_k0,94,joint,0.8,0.06,0,48,10,1.0,0.0,0.0,3.6296107000671327,0.0,338,0
rcs0.1_k0,94,balanced,0.7,0.06333333333333334,0,60,10,1.0,0.0,0.0,0.7349819999653846,0.0,0,0
rcs0.1_k0,94,robust,0.8,0.05333333333333334,0,60,10,1.0,0.0,0.0,5.122575100045651,0.0,0,0
rcs0.1_k0,95,v1,0.8,0.043333333333333335,0,50,10,1.0,0.0,0.0,3.0922935999697074,0.0,0,0
rcs0.1_k0,95,joint,0.8,0.043333333333333335,0,50,10,1.0,0.0,0.0,3.1973098000744358,0.0,318,0
rcs0.1_k0,95,balanced,0.7,0.04,0,60,10,1.0,0.0,0.0,0.45326129999011755,0.0,0,0
rcs0.1_k0,95,robust,0.8,0.05,0,60,10,1.0,0.0,0.0,4.402104899985716,0.0,0,0
rcs0.1_k0,96,v1,0.7,0.04666666666666667,0,32,10,1.0,0.0,0.0,2.3747136999154463,0.0,0,0
rcs0.1_k0,96,joint,0.7,0.04666666666666667,0,32,10,1.0,0.0,0.0,2.472215399844572,0.0,323,0
rcs0.1_k0,96,balanced,0.7,0.05,0,60,10,1.0,0.0,0.0,0.7637026000302285,0.0,0,0
rcs0.1_k0,96,robust,0.7,0.056666666666666664,0,60,10,1.0,0.0,0.0,4.938216699985787,0.0,0,0
rcs0.1_k0,97,v1,0.6,0.056666666666666664,0,36,10,0.9722222222222222,0.0,0.0,2.399261699989438,0.0,0,0
rcs0.1_k0,97,joint,0.6,0.05333333333333334,0,32,10,0.96875,0.0,0.0,2.520128499949351,0.04513759020711827,313,2
rcs0.1_k0,97,balanced,0.8,0.05,0,60,10,0.9833333333333333,0.0,0.0,0.7537580999778584,0.0,0,0
rcs0.1_k0,97,robust,0.8,0.056666666666666664,0,60,10,0.9833333333333333,0.0,0.0,5.0305386000545695,0.0,0,0
rcs0.1_k0,98,v1,0.5,0.04,0,39,10,1.0,0.0,0.0,2.6756850000238046,0.0,0,0
rcs0.1_k0,98,joint,0.5,0.04,0,39,10,1.0,0.0,0.0,2.777465100050904,0.0,327,0
rcs0.1_k0,98,balanced,0.6,0.02666666666666667,0,60,10,1.0,0.0,0.0,0.7246003000764176,0.0,0,0
rcs0.1_k0,98,robust,0.6,0.04,0,60,10,1.0,0.0,0.0,4.9679603999247774,0.0,0,0
rcs0.1_k0,99,v1,1.0,0.06666666666666667,0,33,10,1.0,0.0,0.0,2.429615700035356,0.0,0,0
rcs0.1_k0,99,joint,1.0,0.06666666666666667,0,33,10,1.0,0.0,0.0,2.519088599947281,0.0,311,0
rcs0.1_k0,99,balanced,1.0,0.056666666666666664,0,60,10,1.0,0.0,0.0,0.8556023000273854,0.0,0,0
rcs0.1_k0,99,robust,1.0,0.05333333333333334,0,60,10,1.0,0.0,0.0,5.252871199976653,0.0,0,0
rcs0.1_k2,0,v1,0.6,0.05333333333333334,2,42,10,1.0,1280.0,2.1333333333333333,3.3057422999991104,0.0,0,0
rcs0.1_k2,0,joint,0.6,0.04666666666666667,2,43,10,1.0,1280.0,2.1333333333333333,3.475060799974017,0.050655201980149056,560,3
rcs0.1_k2,0,balanced,0.6,0.05333333333333334,2,60,10,1.0,1280.0,2.1333333333333333,0.6048944999929518,0.0,0,0
rcs0.1_k2,0,robust,0.6,0.05333333333333334,2,60,10,1.0,1280.0,2.1333333333333333,4.715250300010666,0.0,0,0
rcs0.1_k2,1,v1,0.6,0.013333333333333334,2,46,10,1.0,1280.0,2.1333333333333333,3.0983029999770224,0.0,0,0
rcs0.1_k2,1,joint,0.5,0.006666666666666667,2,42,10,1.0,1280.0,2.1333333333333333,3.2274020998738706,0.1964548272048351,365,2
rcs0.1_k2,1,balanced,0.7,0.023333333333333334,2,60,10,0.9833333333333333,1280.0,2.1333333333333333,0.513688400038518,0.0,0,0
rcs0.1_k2,1,robust,0.8,0.013333333333333334,2,55,10,0.9818181818181818,1280.0,2.1333333333333333,4.1345186999533325,0.0,0,0
rcs0.1_k2,2,v1,0.5,0.043333333333333335,2,34,10,0.9705882352941176,1280.0,2.1333333333333333,2.602098500006832,0.0,0,0
rcs0.1_k2,2,joint,0.5,0.043333333333333335,2,34,10,0.9705882352941176,1280.0,2.1333333333333333,2.713596499990672,0.0,398,0
rcs0.1_k2,2,balanced,0.7,0.056666666666666664,2,60,10,0.9333333333333333,1280.0,2.1333333333333333,0.7271758000133559,0.0,0,0
rcs0.1_k2,2,robust,0.8,0.04,2,60,10,0.9333333333333333,1280.0,2.1333333333333333,5.177841300028376,0.0,0,0
rcs0.1_k2,3,v1,0.4,0.04,2,41,10,1.0,1280.0,2.1333333333333333,3.048371799988672,0.0,0,0
rcs0.1_k2,3,joint,0.4,0.05,2,38,10,1.0,1280.0,2.1333333333333333,3.243844699813053,0.14087147247219511,659,7
rcs0.1_k2,3,balanced,0.4,0.06333333333333334,2,60,10,0.9833333333333333,1280.0,2.1333333333333333,0.6077608000487089,0.0,0,0
rcs0.1_k2,3,robust,0.5,0.04,2,60,10,0.9666666666666667,1280.0,2.1333333333333333,4.604803800000809,0.0,0,0
rcs0.1_k2,4,v1,0.4,0.056666666666666664,2,46,10,1.0,1280.0,2.1333333333333333,3.848969600046985,0.0,0,0
rcs0.1_k2,4,joint,0.5,0.056666666666666664,2,38,10,1.0,1280.0,2.1333333333333333,3.9903681001160294,0.3411034208248509,418,5
rcs0.1_k2,4,balanced,0.5,0.05,2,60,10,1.0,1280.0,2.1333333333333333,0.6287538999458775,0.0,0,0
rcs0.1_k2,4,robust,0.5,0.04,2,54,9,1.0,1280.0,2.1333333333333333,4.036696300026961,0.0,0,0
rcs0.1_k2,5,v1,0.6,0.03666666666666667,2,47,10,1.0,1280.0,2.1333333333333333,3.7042437999043614,0.0,0,0
rcs0.1_k2,5,joint,0.6,0.04,2,48,10,1.0,1280.0,2.1333333333333333,3.877682799939066,0.028515489322050058,490,3
rcs0.1_k2,5,balanced,0.7,0.02,2,60,10,0.9833333333333333,1280.0,2.1333333333333333,0.6361154000042006,0.0,0,0
rcs0.1_k2,5,robust,0.7,0.03333333333333333,2,54,9,0.9814814814814815,1280.0,2.1333333333333333,3.996882600011304,0.0,0,0
rcs0.1_k2,6,v1,0.4,0.04666666666666667,2,40,10,0.95,1280.0,2.1333333333333333,2.879976100055501,0.0,0,0
rcs0.1_k2,6,joint,0.4,0.04666666666666667,2,40,10,0.95,1280.0,2.1333333333333333,2.9963239000644535,0.0,381,0
rcs0.1_k2,6,balanced,0.5,0.056666666666666664,2,60,10,0.9666666666666667,1280.0,2.1333333333333333,0.5551756999921054,0.0,0,0
rcs0.1_k2,6,robust,0.6,0.056666666666666664,2,60,10,0.9666666666666667,1280.0,2.1333333333333333,4.43610529997386,0.0,0,0
rcs0.1_k2,7,v1,0.7,0.04666666666666667,2,27,10,0.7777777777777778,1280.0,2.1333333333333333,2.1305967000080273,0.0,0,0
rcs0.1_k2,7,joint,0.7,0.04666666666666667,2,27,10,0.7777777777777778,1280.0,2.1333333333333333,2.238814099924639,0.0,365,0
rcs0.1_k2,7,balanced,0.9,0.04,2,60,10,0.8666666666666667,1280.0,2.1333333333333333,0.6828520999988541,0.0,0,0
rcs0.1_k2,7,robust,0.9,0.03666666666666667,2,60,10,0.8666666666666667,1280.0,2.1333333333333333,4.850973600056022,0.0,0,0
rcs0.1_k2,8,v1,0.4,0.05,2,40,10,1.0,1280.0,2.1333333333333333,2.7153782999375835,0.0,0,0
rcs0.1_k2,8,joint,0.4,0.05,2,40,10,1.0,1280.0,2.1333333333333333,2.8289936998626217,0.0,396,0
rcs0.1_k2,8,balanced,0.6,0.04666666666666667,2,60,10,1.0,1280.0,2.1333333333333333,0.564882899983786,0.0,0,0
rcs0.1_k2,8,robust,0.6,0.03666666666666667,2,60,10,1.0,1280.0,2.1333333333333333,4.425263100070879,0.0,0,0
rcs0.1_k2,9,v1,0.4,0.05,2,52,10,1.0,1280.0,2.1333333333333333,3.7915879000211135,0.0,0,0
rcs0.1_k2,9,joint,0.4,0.05,2,52,10,1.0,1280.0,2.1333333333333333,3.9144214000552893,0.0,368,0
rcs0.1_k2,9,balanced,0.4,0.03666666666666667,2,60,10,1.0,1280.0,2.1333333333333333,0.5727232000790536,0.0,0,0
rcs0.1_k2,9,robust,0.4,0.04666666666666667,2,60,10,1.0,1280.0,2.1333333333333333,4.713091899990104,0.0,0,0
rcs0.1_k2,10,v1,0.6,0.043333333333333335,2,38,10,1.0,1280.0,2.1333333333333333,3.568539600004442,0.0,0,0
rcs0.1_k2,10,joint,0.6,0.043333333333333335,2,38,10,1.0,1280.0,2.1333333333333333,3.673226699931547,0.0,355,0
rcs0.1_k2,10,balanced,0.7,0.04,2,60,10,1.0,1280.0,2.1333333333333333,0.8176629000809044,0.0,0,0
rcs0.1_k2,10,robust,0.7,0.04,2,60,10,1.0,1280.0,2.1333333333333333,5.231673099915497,0.0,0,0
rcs0.1_k2,11,v1,0.5,0.06,2,41,10,1.0,1280.0,2.1333333333333333,4.226049600052647,0.0,0,0
rcs0.1_k2,11,joint,0.5,0.06666666666666667,1,37,10,1.0,640.0,1.0666666666666667,4.455597500083968,0.6297660597599527,715,4
rcs0.1_k2,11,balanced,0.5,0.06666666666666667,2,60,10,1.0,1280.0,2.1333333333333333,0.841639899997972,0.0,0,0
rcs0.1_k2,11,robust,0.6,0.06,2,50,10,1.0,1280.0,2.1333333333333333,5.118216999922879,0.0,0,0
rcs0.1_k2,12,v1,0.5,0.03666666666666667,2,43,10,0.8604651162790697,1280.0,2.1333333333333333,4.044305999996141,0.0,0,0
rcs0.1_k2,12,joint,0.5,0.03666666666666667,2,44,10,0.8636363636363636,1280.0,2.1333333333333333,4.235477300011553,0.0828320010780565,577,3
rcs0.1_k2,12,balanced,0.5,0.04666666666666667,2,60,10,0.9,1280.0,2.1333333333333333,0.9753760000457987,0.0,0,0
rcs0.1_k2,12,robust,0.5,0.03666666666666667,2,60,10,0.9,1280.0,2.1333333333333333,5.582947899936698,0.0,0,0
rcs0.1_k2,13,v1,0.4,0.043333333333333335,2,50,10,1.0,1280.0,2.1333333333333333,3.842870100052096,0.0,0,0
rcs0.1_k2,13,joint,0.5,0.043333333333333335,2,42,10,1.0,1280.0,2.1333333333333333,3.9851114000193775,0.2216544830719953,387,4
rcs0.1_k2,13,balanced,0.5,0.04666666666666667,2,60,10,1.0,1280.0,2.1333333333333333,0.6337101999670267,0.0,0,0
rcs0.1_k2,13,robust,0.5,0.04,2,50,10,1.0,1280.0,2.1333333333333333,3.5267142000375316,0.0,0,0
rcs0.1_k2,14,v1,0.5,0.04666666666666667,2,41,10,1.0,1280.0,2.1333333333333333,3.436445700004697,0.0,0,0
rcs0.1_k2,14,joint,0.5,0.04666666666666667,2,41,10,1.0,1280.0,2.1333333333333333,3.560380900045857,0.0,378,0
rcs0.1_k2,14,balanced,0.7,0.05,2,60,10,1.0,1280.0,2.1333333333333333,0.721668399986811,0.0,0,0
rcs0.1_k2,14,robust,0.7,0.06,2,55,10,1.0,1280.0,2.1333333333333333,4.527049100026488,0.0,0,0
rcs0.1_k2,15,v1,0.7,0.05,2,46,10,1.0,1280.0,2.1333333333333333,4.201822599978186,0.0,0,0
rcs0.1_k2,15,joint,0.7,0.05,2,47,10,1.0,1280.0,2.1333333333333333,4.352377900038846,0.07967742485105178,436,3
rcs0.1_k2,15,balanced,0.7,0.056666666666666664,2,60,10,1.0,1280.0,2.1333333333333333,0.8887645000359043,0.0,0,0
rcs0.1_k2,15,robust,0.7,0.03,2,50,10,1.0,1280.0,2.1333333333333333,5.164881499949843,0.0,0,0
rcs0.1_k2,16,v1,0.8,0.03666666666666667,2,42,10,0.9047619047619048,1280.0,2.1333333333333333,3.8591412999667227,0.0,0,0
rcs0.1_k2,16,joint,0.8,0.03666666666666667,2,42,10,0.9047619047619048,1280.0,2.1333333333333333,3.9751231999835,0.0,383,0
rcs0.1_k2,16,balanced,0.8,0.05,2,60,10,0.9333333333333333,1280.0,2.1333333333333333,0.8023015999933705,0.0,0,0
rcs0.1_k2,16,robust,0.8,0.05,2,60,10,0.95,1280.0,2.1333333333333333,5.335758399916813,0.0,0,0
rcs0.1_k2,17,v1,0.6,0.05,2,41,10,1.0,1280.0,2.1333333333333333,3.21977229998447,0.0,0,0
rcs0.1_k2,17,joint,0.6,0.05,2,41,10,1.0,1280.0,2.1333333333333333,3.3328352998942137,0.0,373,0
rcs0.1_k2,17,balanced,0.7,0.04,2,60,10,1.0,1280.0,2.1333333333333333,0.7568596000783145,0.0,0,0
rcs0.1_k2,17,robust,0.8,0.04,2,60,10,1.0,1280.0,2.1333333333333333,5.266944199916907,0.0,0,0
rcs0.1_k2,18,v1,0.4,0.05,2,36,10,0.9722222222222222,1280.0,2.1333333333333333,2.5016931999707595,0.0,0,0
rcs0.1_k2,18,joint,0.6,0.05,2,30,10,0.9666666666666667,1280.0,2.1333333333333333,2.7167037999024615,0.48619684026929333,691,8
rcs0.1_k2,18,balanced,0.7,0.04,2,60,10,0.95,1280.0,2.1333333333333333,0.6505728999618441,0.0,0,0
rcs0.1_k2,18,robust,0.4,0.03,2,50,10,0.92,1280.0,2.1333333333333333,3.327582500060089,0.0,0,0
rcs0.1_k2,19,v1,0.8,0.04666666666666667,2,42,10,1.0,1280.0,2.1333333333333333,3.3055458000162616,0.0,0,0
rcs0.1_k2,19,joint,0.8,0.04,2,33,10,1.0,1280.0,2.1333333333333333,3.469356899964623,0.43240899068334315,531,6
rcs0.1_k2,19,balanced,0.9,0.056666666666666664,2,60,10,1.0,1280.0,2.1333333333333333,0.7456180000444874,0.0,0,0
rcs0.1_k2,19,robust,0.8,0.05333333333333334,2,60,10,1.0,1280.0,2.1333333333333333,5.111807900015265,0.0,0,0
rcs0.1_k2,20,v1,0.6,0.06333333333333334,2,33,10,1.0,1280.0,2.1333333333333333,3.2749768999638036,0.0,0,0
rcs0.1_k2,20,joint,0.6,0.06,2,34,10,1.0,1280.0,2.1333333333333333,3.416594099951908,0.04675720270343042,426,3
rcs0.1_k2,20,balanced,0.7,0.05,2,60,10,1.0,1280.0,2.1333333333333333,0.7426482000155374,0.0,0,0
rcs0.1_k2,20,robust,0.8,0.04666666666666667,2,60,10,1.0,1280.0,2.1333333333333333,5.409733799984679,0.0,0,0
rcs0.1_k2,21,v1,0.8,0.07,2,31,10,1.0,1280.0,2.1333333333333333,3.059079699916765,0.0,0,0
rcs0.1_k2,21,joint,0.8,0.07,2,31,10,1.0,1280.0,2.1333333333333333,3.1624812999507412,0.0,345,0
rcs0.1_k2,21,balanced,0.9,0.06,2,60,10,1.0,1280.0,2.1333333333333333,0.8181491999421269,0.0,0,0
rcs0.1_k2,21,robust,0.9,0.05,2,55,10,1.0,1280.0,2.1333333333333333,5.295112900086679,0.0,0,0
rcs0.1_k2,22,v1,0.7,0.05333333333333334,2,31,10,1.0,1280.0,2.1333333333333333,2.5562160999979824,0.0,0,0
rcs0.1_k2,22,joint,0.7,0.06,2,32,10,1.0,1280.0,2.1333333333333333,2.694988699979149,0.020780771957483513,440,2
rcs0.1_k2,22,balanced,0.9,0.056666666666666664,2,60,10,1.0,1280.0,2.1333333333333333,0.7440401000203565,0.0,0,0
rcs0.1_k2,22,robust,0.9,0.05333333333333334,2,60,10,1.0,1280.0,2.1333333333333333,5.3202146999537945,0.0,0,0
rcs0.1_k2,23,v1,0.6,0.04,2,46,10,1.0,1280.0,2.1333333333333333,3.9703677999787033,0.0,0,0
rcs0.1_k2,23,joint,0.8,0.03666666666666667,2,43,10,1.0,1280.0,2.1333333333333333,4.1393137000268325,0.08459122826742516,453,4
rcs0.1_k2,23,balanced,0.5,0.05333333333333334,2,60,10,1.0,1280.0,2.1333333333333333,0.8530877999728546,0.0,0,0
rcs0.1_k2,23,robust,0.6,0.05333333333333334,2,60,10,1.0,1280.0,2.1333333333333333,5.775366500020027,0.0,0,0
rcs0.1_k2,24,v1,0.6,0.04,2,36,10,1.0,1280.0,2.1333333333333333,2.7248049000045285,0.0,0,0
rcs0.1_k2,24,joint,0.7,0.043333333333333335,2,23,10,1.0,1280.0,2.1333333333333333,2.9172770999139175,1.3531778873291245,638,7
rcs0.1_k2,24,balanced,0.7,0.06666666666666667,2,60,10,1.0,1280.0,2.1333333333333333,0.6902843000134453,0.0,0,0
rcs0.1_k2,24,robust,0.7,0.06,2,54,9,1.0,1280.0,2.1333333333333333,4.114736799965613,0.0,0,0
rcs0.1_k2,25,v1,0.3,0.04666666666666667,2,50,10,0.96,1280.0,2.1333333333333333,3.8167681000195444,0.0,0,0
rcs0.1_k2,25,joint,0.3,0.04666666666666667,2,50,10,0.96,1280.0,2.1333333333333333,3.945470100035891,0.0,387,0
rcs0.1_k2,25,balanced,0.4,0.03666666666666667,2,60,10,0.9833333333333333,1280.0,2.1333333333333333,0.5625712999608368,0.0,0,0
rcs0.1_k2,25,robust,0.4,0.05333333333333334,2,60,10,0.9666666666666667,1280.0,2.1333333333333333,4.492863500025123,0.0,0,0
rcs0.1_k2,26,v1,0.5,0.03,2,45,10,1.0,1280.0,2.1333333333333333,3.818210299941711,0.0,0,0
rcs0.1_k2,26,joint,0.5,0.03666666666666667,2,47,10,1.0,1280.0,2.1333333333333333,4.014497599913739,0.0662225842625419,641,6
rcs0.1_k2,26,balanced,0.6,0.04,2,60,10,1.0,1280.0,2.1333333333333333,0.6951531000668183,0.0,0,0
rcs0.1_k2,26,robust,0.5,0.04666666666666667,2,60,10,1.0,1280.0,2.1333333333333333,4.598997900029644,0.0,0,0
rcs0.1_k2,27,v1,0.6,0.02666666666666667,2,51,10,1.0,1280.0,2.1333333333333333,3.8920979000395164,0.0,0,0
rcs0.1_k2,27,joint,0.6,0.02666666666666667,2,51,10,1.0,1280.0,2.1333333333333333,4.007440600078553,0.0,361,0
rcs0.1_k2,27,balanced,0.6,0.03666666666666667,2,60,10,1.0,1280.0,2.1333333333333333,0.5919431000947952,0.0,0,0
rcs0.1_k2,27,robust,0.6,0.03,2,60,10,1.0,1280.0,2.1333333333333333,4.775522299925797,0.0,0,0
rcs0.1_k2,28,v1,0.7,0.05333333333333334,2,52,10,1.0,1280.0,2.1333333333333333,4.2906199001008645,0.0,0,0
rcs0.1_k2,28,joint,0.7,0.05333333333333334,2,48,10,1.0,1280.0,2.1333333333333333,4.422515400103293,0.10609588973830064,377,2
rcs0.1_k2,28,balanced,0.6,0.056666666666666664,2,60,10,1.0,1280.0,2.1333333333333333,0.67479540000204,0.0,0,0
rcs0.1_k2,28,robust,0.7,0.056666666666666664,2,60,10,1.0,1280.0,2.1333333333333333,4.713328099926002,0.0,0,0
rcs0.1_k2,29,v1,0.5,0.06333333333333334,2,50,10,1.0,1280.0,2.1333333333333333,4.013827900053002,0.0,0,0
rcs0.1_k2,29,joint,0.4,0.06666666666666667,2,47,10,1.0,1280.0,2.1333333333333333,4.205997599987313,0.17246800519259842,542,5
rcs0.1_k2,29,balanced,0.5,0.056666666666666664,2,60,10,1.0,1280.0,2.1333333333333333,0.5607498999452218,0.0,0,0
rcs0.1_k2,29,robust,0.6,0.056666666666666664,2,60,10,1.0,1280.0,2.1333333333333333,4.5221443000482395,0.0,0,0
rcs0.1_k2,30,v1,0.4,0.03333333333333333,2,48,10,0.8958333333333334,1280.0,2.1333333333333333,3.407609600108117,0.0,0,0
rcs0.1_k2,30,joint,0.4,0.03333333333333333,2,48,10,0.8958333333333334,1280.0,2.1333333333333333,3.535110500175506,0.0,387,0
rcs0.1_k2,30,balanced,0.6,0.05,2,60,10,0.8833333333333333,1280.0,2.1333333333333333,0.5524273000191897,0.0,0,0
rcs0.1_k2,30,robust,0.4,0.04666666666666667,2,55,10,0.8909090909090909,1280.0,2.1333333333333333,3.8497778999153525,0.0,0,0
rcs0.1_k2,31,v1,0.6,0.05,2,58,10,1.0,1280.0,2.1333333333333333,5.297133299987763,0.0,0,0
rcs0.1_k2,31,joint,0.7,0.05,2,59,10,1.0,1280.0,2.1333333333333333,5.483968400047161,0.00445141529125781,463,3
rcs0.1_k2,31,balanced,0.6,0.06,2,60,10,1.0,1280.0,2.1333333333333333,0.7836483999853954,0.0,0,0
rcs0.1_k2,31,robust,0.6,0.05,2,60,10,1.0,1280.0,2.1333333333333333,5.236017399933189,0.0,0,0
rcs0.1_k2,32,v1,0.6,0.04,2,30,10,1.0,1280.0,2.1333333333333333,2.556994799990207,0.0,0,0
rcs0.1_k2,32,joint,0.6,0.04,2,30,10,1.0,1280.0,2.1333333333333333,2.6529884999617934,0.0,325,0
rcs0.1_k2,32,balanced,0.7,0.023333333333333334,2,60,10,1.0,1280.0,2.1333333333333333,0.6732466000830755,0.0,0,0
rcs0.1_k2,32,robust,0.8,0.03,2,60,10,1.0,1280.0,2.1333333333333333,4.8676763999974355,0.0,0,0
rcs0.1_k2,33,v1,0.5,0.05333333333333334,2,34,10,1.0,1280.0,2.1333333333333333,3.1742559999693185,0.0,0,0
rcs0.1_k2,33,joint,0.5,0.05333333333333334,2,34,10,1.0,1280.0,2.1333333333333333,3.278629899956286,0.0,365,0
rcs0.1_k2,33,balanced,0.6,0.06333333333333334,2,60,10,0.9833333333333333,1280.0,2.1333333333333333,0.7025500999297947,0.0,0,0
rcs0.1_k2,33,robust,0.7,0.04666666666666667,2,60,10,0.9833333333333333,1280.0,2.1333333333333333,4.9418475000420585,0.0,0,0
rcs0.1_k2,34,v1,0.5,0.06,2,36,10,0.9722222222222222,1280.0,2.1333333333333333,3.2226498998934403,0.0,0,0
rcs0.1_k2,34,joint,0.5,0.04,2,35,10,0.9714285714285714,1280.0,2.1333333333333333,3.3861154998885468,0.02619749512399594,517,2
rcs0.1_k2,34,balanced,0.7,0.07,2,60,10,0.9833333333333333,1280.0,2.1333333333333333,0.7568129000719637,0.0,0,0
rcs0.1_k2,34,robust,0.7,0.06333333333333334,2,60,10,0.9833333333333333,1280.0,2.1333333333333333,5.148462599958293,0.0,0,0
rcs0.1_k2,35,v1,0.5,0.04666666666666667,2,46,10,1.0,1280.0,2.1333333333333333,3.373870600014925,0.0,0,0
rcs0.1_k2,35,joint,0.5,0.06,2,47,10,1.0,1280.0,2.1333333333333333,3.5285519000608474,0.07934078524596676,439,3
rcs0.1_k2,35,balanced,0.6,0.05333333333333334,2,60,10,1.0,1280.0,2.1333333333333333,0.583694800036028,0.0,0,0
rcs0.1_k2,35,robust,0.6,0.04666666666666667,2,60,10,1.0,1280.0,2.1333333333333333,4.815000099944882,0.0,0,0
rcs0.1_k2,36,v1,0.5,0.04666666666666667,2,45,10,1.0,1280.0,2.1333333333333333,3.770421899971552,0.0,0,0
rcs0.1_k2,36,joint,0.5,0.04666666666666667,2,45,10,1.0,1280.0,2.1333333333333333,3.893489500042051,0.0,391,0
rcs0.1_k2,36,balanced,0.4,0.056666666666666664,2,60,10,1.0,1280.0,2.1333333333333333,0.7318386000115424,0.0,0,0
rcs0.1_k2,36,robust,0.5,0.05333333333333334,2,60,10,1.0,1280.0,2.1333333333333333,4.934400200028904,0.0,0,0
rcs0.1_k2,37,v1,0.7,0.07,2,31,10,0.967741935483871,1280.0,2.1333333333333333,2.0522175999358296,0.0,0,0
rcs0.1_k2,37,joint,0.7,0.07,2,31,10,0.967741935483871,1280.0,2.1333333333333333,2.1910635998938233,0.02447404291504407,398,2
rcs0.1_k2,37,balanced,0.8,0.08,2,60,10,0.9833333333333333,1280.0,2.1333333333333333,0.6378154000267386,0.0,0,0
rcs0.1_k2,37,robust,0.8,0.06,2,60,10,0.9833333333333333,1280.0,2.1333333333333333,4.903429299942218,0.0,0,0
rcs0.1_k2,38,v1,0.7,0.05333333333333334,2,38,10,1.0,1280.0,2.1333333333333333,3.339473000029102,0.0,0,0
rcs0.1_k2,38,joint,0.7,0.05333333333333334,2,40,10,1.0,1280.0,2.1333333333333333,3.518548700027168,0.08176715633222686,501,5
rcs0.1_k2,38,balanced,0.7,0.04666666666666667,2,60,10,1.0,1280.0,2.1333333333333333,0.835941500030458,0.0,0,0
rcs0.1_k2,38,robust,0.7,0.043333333333333335,2,60,10,1.0,1280.0,2.1333333333333333,4.8793285000137985,0.0,0,0
rcs0.1_k2,39,v1,0.5,0.05333333333333334,2,42,10,1.0,1280.0,2.1333333333333333,3.29495200002566,0.0,0,0
rcs0.1_k2,39,joint,0.5,0.05333333333333334,2,42,10,1.0,1280.0,2.1333333333333333,3.406542700016871,0.0,360,0
rcs0.1_k2,39,balanced,0.6,0.05,2,60,10,1.0,1280.0,2.1333333333333333,0.6348460000008345,0.0,0,0
rcs0.1_k2,39,robust,0.5,0.03666666666666667,2,60,10,1.0,1280.0,2.1333333333333333,5.122849999926984,0.0,0,0
rcs0.1_k2,40,v1,0.6,0.05333333333333334,2,33,10,0.9696969696969697,1280.0,2.1333333333333333,2.738007799955085,0.0,0,0
rcs0.1_k2,40,joint,0.6,0.05333333333333334,2,33,10,0.9696969696969697,1280.0,2.1333333333333333,2.845952099887654,0.0,357,0
rcs0.1_k2,40,balanced,0.6,0.06666666666666667,2,60,10,0.9833333333333333,1280.0,2.1333333333333333,0.691397299990058,0.0,0,0
rcs0.1_k2,40,robust,0.6,0.056666666666666664,2,60,10,0.9833333333333333,1280.0,2.1333333333333333,4.94318430009298,0.0,0,0
rcs0.1_k2,41,v1,0.6,0.03333333333333333,2,41,10,1.0,1280.0,2.1333333333333333,2.9761384999146685,0.0,0,0
rcs0.1_k2,41,joint,0.6,0.03333333333333333,2,41,10,1.0,1280.0,2.1333333333333333,3.084016199922189,0.0,339,0
rcs0.1_k2,41,balanced,0.7,0.04666666666666667,2,60,10,1.0,1280.0,2.1333333333333333,0.6920060000848025,0.0,0,0
rcs0.1_k2,41,robust,0.7,0.06,2,54,9,1.0,1280.0,2.1333333333333333,4.340299699921161,0.0,0,0
rcs0.1_k2,42,v1,0.5,0.05,2,47,10,1.0,1280.0,2.1333333333333333,4.044259499991313,0.0,0,0
rcs0.1_k2,42,joint,0.6,0.043333333333333335,2,48,10,1.0,1280.0,2.1333333333333333,4.211292800027877,0.0910797095067094,451,3
rcs0.1_k2,42,balanced,0.6,0.043333333333333335,2,60,10,1.0,1280.0,2.1333333333333333,0.774375700042583,0.0,0,0
rcs0.1_k2,42,robust,0.6,0.05,2,60,10,1.0,1280.0,2.1333333333333333,5.158537499955855,0.0,0,0
rcs0.1_k2,43,v1,0.8,0.05,2,40,10,0.875,1280.0,2.1333333333333333,3.6541534999851137,0.0,0,0
rcs0.1_k2,43,joint,0.8,0.05,2,40,10,0.875,1280.0,2.1333333333333333,3.7709422999760136,0.0,361,0
rcs0.1_k2,43,balanced,0.8,0.06333333333333334,2,60,10,0.9,1280.0,2.1333333333333333,0.8321770000038669,0.0,0,0
rcs0.1_k2,43,robust,0.7,0.043333333333333335,2,60,10,0.9,1280.0,2.1333333333333333,5.7818752999883145,0.0,0,0
rcs0.1_k2,44,v1,0.6,0.043333333333333335,2,47,10,1.0,1280.0,2.1333333333333333,3.533200600068085,0.0,0,0
rcs0.1_k2,44,joint,0.6,0.03333333333333333,2,43,10,1.0,1280.0,2.1333333333333333,3.695768400095403,0.07214760209069748,509,4
rcs0.1_k2,44,balanced,0.7,0.03,2,60,10,1.0,1280.0,2.1333333333333333,0.588795299991034,0.0,0,0
rcs0.1_k2,44,robust,0.7,0.05,2,60,10,1.0,1280.0,2.1333333333333333,4.901371299987659,0.0,0,0
rcs0.1_k2,45,v1,0.7,0.07,2,43,10,0.9767441860465116,1280.0,2.1333333333333333,3.5854787999996915,0.0,0,0
rcs0.1_k2,45,joint,0.7,0.07333333333333333,2,35,10,0.9714285714285714,1280.0,2.1333333333333333,3.755625900113955,0.2497897663254176,467,5
rcs0.1_k2,45,balanced,0.7,0.06333333333333334,2,60,10,0.9833333333333333,1280.0,2.1333333333333333,0.7972550999838859,0.0,0,0
rcs0.1_k2,45,robust,0.7,0.04666666666666667,2,60,10,0.9833333333333333,1280.0,2.1333333333333333,5.053973800037056,0.0,0,0
rcs0.1_k2,46,v1,0.5,0.02666666666666667,2,45,10,1.0,1280.0,2.1333333333333333,3.5505383999552578,0.0,0,0
rcs0.1_k2,46,joint,0.5,0.023333333333333334,2,41,10,1.0,1280.0,2.1333333333333333,3.6991005999734625,0.24936025368083392,402,4
rcs0.1_k2,46,balanced,0.5,0.02666666666666667,2,60,10,1.0,1280.0,2.1333333333333333,0.7233596999431029,0.0,0,0
rcs0.1_k2,46,robust,0.6,0.05,2,60,10,1.0,1280.0,2.1333333333333333,5.029791700071655,0.0,0,0
rcs0.1_k2,47,v1,0.6,0.05333333333333334,2,40,10,1.0,1280.0,2.1333333333333333,3.3536854999838397,0.0,0,0
rcs0.1_k2,47,joint,0.6,0.05333333333333334,2,40,10,1.0,1280.0,2.1333333333333333,3.461871500010602,0.0,347,0
rcs0.1_k2,47,balanced,0.7,0.04,2,60,10,1.0,1280.0,2.1333333333333333,0.7871288999449462,0.0,0,0
rcs0.1_k2,47,robust,0.7,0.05333333333333334,2,60,10,1.0,1280.0,2.1333333333333333,5.369621400022879,0.0,0,0
rcs0.1_k2,48,v1,0.7,0.02666666666666667,2,33,10,0.9090909090909091,1280.0,2.1333333333333333,2.4316534999525174,0.0,0,0
rcs0.1_k2,48,joint,0.7,0.02666666666666667,2,33,10,0.9090909090909091,1280.0,2.1333333333333333,2.6305940999882296,0.6086264339171052,671,4
rcs0.1_k2,48,balanced,0.9,0.03666666666666667,2,60,10,0.9166666666666666,1280.0,2.1333333333333333,0.6744645999278873,0.0,0,0
rcs0.1_k2,48,robust,0.9,0.03,2,60,10,0.9333333333333333,1280.0,2.1333333333333333,5.131860300083645,0.0,0,0
rcs0.1_k2,49,v1,0.7,0.043333333333333335,2,30,10,0.8666666666666667,1280.0,2.1333333333333333,2.2045964000280946,0.0,0,0
rcs0.1_k2,49,joint,0.7,0.04666666666666667,2,32,10,0.875,1280.0,2.1333333333333333,2.3267397000454366,0.06769817195725158,338,2
rcs0.1_k2,49,balanced,0.6,0.05333333333333334,2,60,10,0.9333333333333333,1280.0,2.1333333333333333,0.7677076000254601,0.0,0,0
rcs0.1_k2,49,robust,0.7,0.04666666666666667,2,60,10,0.9333333333333333,1280.0,2.1333333333333333,5.0416287999833,0.0,0,0
rcs0.1_k2,50,v1,0.7,0.03333333333333333,2,49,10,0.9591836734693877,1280.0,2.1333333333333333,3.7062427999917418,0.0,0,0
rcs0.1_k2,50,joint,0.7,0.03333333333333333,2,51,10,0.9607843137254902,1280.0,2.1333333333333333,3.915330999880098,0.2799129719078883,581,6
rcs0.1_k2,50,balanced,0.9,0.03,2,60,10,0.9666666666666667,1280.0,2.1333333333333333,0.7272426000563428,0.0,0,0
rcs0.1_k2,50,robust,0.9,0.023333333333333334,2,60,10,0.95,1280.0,2.1333333333333333,4.77562199998647,0.0,0,0
rcs0.1_k2,51,v1,0.2,0.08,2,55,10,0.9818181818181818,1280.0,2.1333333333333333,4.438624800066464,0.0,0,0
rcs0.1_k2,51,joint,0.2,0.08,2,55,10,0.9818181818181818,1280.0,2.1333333333333333,4.568647300126031,0.0,412,0
rcs0.1_k2,51,balanced,0.3,0.05,2,60,10,0.9833333333333333,1280.0,2.1333333333333333,0.7239225000375882,0.0,0,0
rcs0.1_k2,51,robust,0.2,0.06333333333333334,2,55,10,0.9818181818181818,1280.0,2.1333333333333333,4.554025599965826,0.0,0,0
rcs0.1_k2,52,v1,0.4,0.05333333333333334,2,53,10,1.0,1280.0,2.1333333333333333,4.284373999922536,0.0,0,0
rcs0.1_k2,52,joint,0.4,0.05333333333333334,2,53,10,1.0,1280.0,2.1333333333333333,4.427693899953738,0.0,416,0
rcs0.1_k2,52,balanced,0.5,0.09,2,60,10,1.0,1280.0,2.1333333333333333,0.7211148999631405,0.0,0,0
rcs0.1_k2,52,robust,0.4,0.06666666666666667,2,60,10,1.0,1280.0,2.1333333333333333,4.920872100046836,0.0,0,0
rcs0.1_k2,53,v1,0.6,0.06333333333333334,2,25,10,1.0,1280.0,2.1333333333333333,1.9936934999423102,0.0,0,0
rcs0.1_k2,53,joint,0.7,0.04666666666666667,2,23,10,1.0,1280.0,2.1333333333333333,2.181749999988824,0.1234678409289276,677,6
rcs0.1_k2,53,balanced,0.7,0.056666666666666664,2,60,10,1.0,1280.0,2.1333333333333333,0.7844580999808386,0.0,0,0
rcs0.1_k2,53,robust,0.6,0.05333333333333334,2,60,10,1.0,1280.0,2.1333333333333333,5.091434599948116,0.0,0,0
rcs0.1_k2,54,v1,0.8,0.04666666666666667,2,36,10,1.0,1280.0,2.1333333333333333,3.050116900005378,0.0,0,0
rcs0.1_k2,54,joint,0.8,0.04666666666666667,2,36,10,1.0,1280.0,2.1333333333333333,3.1550932000391185,0.0,341,0
rcs0.1_k2,54,balanced,0.8,0.03666666666666667,2,60,10,1.0,1280.0,2.1333333333333333,0.7090808999491856,0.0,0,0
rcs0.1_k2,54,robust,0.8,0.03666666666666667,2,55,10,1.0,1280.0,2.1333333333333333,4.777823900105432,0.0,0,0
rcs0.1_k2,55,v1,0.5,0.04,2,44,9,1.0,1280.0,2.1333333333333333,3.7363819000311196,0.0,0,0
rcs0.1_k2,55,joint,0.5,0.05,2,46,10,1.0,1280.0,2.1333333333333333,3.876361300004646,0.3531784633270538,365,2
rcs0.1_k2,55,balanced,0.4,0.056666666666666664,2,60,10,0.9833333333333333,1280.0,2.1333333333333333,0.7619968000799417,0.0,0,0
rcs0.1_k2,55,robust,0.5,0.07,2,54,9,0.9814814814814815,1280.0,2.1333333333333333,4.716361099970527,0.0,0,0
rcs0.1_k2,56,v1,0.8,0.056666666666666664,2,40,10,1.0,1280.0,2.1333333333333333,3.0719899999676272,0.0,0,0
rcs0.1_k2,56,joint,0.8,0.06,2,40,10,1.0,1280.0,2.1333333333333333,3.2089953999966383,0.020904351128667287,384,1
rcs0.1_k2,56,balanced,0.9,0.05333333333333334,2,60,10,1.0,1280.0,2.1333333333333333,0.7431334999855608,0.0,0,0
rcs0.1_k2,56,robust,0.7,0.04,2,55,10,1.0,1280.0,2.1333333333333333,5.269574800040573,0.0,0,0
rcs0.1_k2,57,v1,0.4,0.056666666666666664,2,46,10,1.0,1280.0,2.1333333333333333,4.107596099958755,0.0,0,0
rcs0.1_k2,57,joint,0.4,0.056666666666666664,2,46,10,1.0,1280.0,2.1333333333333333,4.240774700068869,0.0,412,0
rcs0.1_k2,57,balanced,0.6,0.056666666666666664,2,60,10,1.0,1280.0,2.1333333333333333,0.7515308998990804,0.0,0,0
rcs0.1_k2,57,robust,0.4,0.043333333333333335,2,55,10,1.0,1280.0,2.1333333333333333,4.86931400001049,0.0,0,0
rcs0.1_k2,58,v1,0.6,0.07,2,28,10,1.0,1280.0,2.1333333333333333,2.6313472000183538,0.0,0,0
rcs0.1_k2,58,joint,0.6,0.06,2,28,10,1.0,1280.0,2.1333333333333333,2.8187210999894887,0.021948026489666983,628,5
rcs0.1_k2,58,balanced,0.8,0.043333333333333335,2,60,10,1.0,1280.0,2.1333333333333333,0.7696232000598684,0.0,0,0
rcs0.1_k2,58,robust,0.7,0.03333333333333333,2,60,10,1.0,1280.0,2.1333333333333333,5.070527199888602,0.0,0,0
rcs0.1_k2,59,v1,0.8,0.04,2,42,10,1.0,1280.0,2.1333333333333333,3.4892247000243515,0.0,0,0
rcs0.1_k2,59,joint,0.8,0.04,2,42,10,1.0,1280.0,2.1333333333333333,3.5960628000320867,0.0,354,0
rcs0.1_k2,59,balanced,0.8,0.06,2,60,10,1.0,1280.0,2.1333333333333333,0.7408316999208182,0.0,0,0
rcs0.1_k2,59,robust,0.9,0.056666666666666664,2,60,10,1.0,1280.0,2.1333333333333333,5.293627400067635,0.0,0,0
rcs0.1_k2,60,v1,0.5,0.056666666666666664,2,43,10,1.0,1280.0,2.1333333333333333,3.7843454000540078,0.0,0,0
rcs0.1_k2,60,joint,0.5,0.06333333333333334,2,42,10,1.0,1280.0,2.1333333333333333,3.9559195999754593,0.07746203668242169,469,4
rcs0.1_k2,60,balanced,0.5,0.06,2,60,10,1.0,1280.0,2.1333333333333333,0.7642133000772446,0.0,0,0
rcs0.1_k2,60,robust,0.5,0.06,2,60,10,1.0,1280.0,2.1333333333333333,5.268960200017318,0.0,0,0
rcs0.1_k2,61,v1,0.7,0.02666666666666667,2,43,10,0.9534883720930233,1280.0,2.1333333333333333,3.3058793999953195,0.0,0,0
rcs0.1_k2,61,joint,0.7,0.023333333333333334,2,43,10,0.9534883720930233,1280.0,2.1333333333333333,3.481536000035703,0.08033867041914178,511,2
rcs0.1_k2,61,balanced,0.7,0.04,2,60,10,0.9166666666666666,1280.0,2.1333333333333333,0.6035670998971909,0.0,0,0
rcs0.1_k2,61,robust,0.7,0.04,2,60,10,0.9166666666666666,1280.0,2.1333333333333333,4.590267700026743,0.0,0,0
rcs0.1_k2,62,v1,0.5,0.04666666666666667,2,31,10,1.0,1280.0,2.1333333333333333,2.278969099977985,0.0,0,0
rcs0.1_k2,62,joint,0.5,0.05333333333333334,1,31,10,1.0,640.0,1.0666666666666667,2.457829099847004,0.0006523664462545764,597,1
rcs0.1_k2,62,balanced,0.8,0.06,2,60,10,1.0,1280.0,2.1333333333333333,0.7288505000760779,0.0,0,0
rcs0.1_k2,62,robust,0.7,0.06,2,60,10,1.0,1280.0,2.1333333333333333,5.1913750999374315,0.0,0,0
rcs0.1_k2,63,v1,0.2,0.04,2,45,10,1.0,1280.0,2.1333333333333333,3.3453946999507025,0.0,0,0
rcs0.1_k2,63,joint,0.2,0.04,2,45,10,1.0,1280.0,2.1333333333333333,3.457331399898976,0.0,361,0
rcs0.1_k2,63,balanced,0.3,0.04,2,60,10,1.0,1280.0,2.1333333333333333,0.7570330000016838,0.0,0,0
rcs0.1_k2,63,robust,0.3,0.02666666666666667,2,55,10,1.0,1280.0,2.1333333333333333,4.288704000064172,0.0,0,0
rcs0.1_k2,64,v1,0.5,0.04,2,38,10,1.0,1280.0,2.1333333333333333,3.0407115999842063,0.0,0,0
rcs0.1_k2,64,joint,0.5,0.03666666666666667,2,39,10,1.0,1280.0,2.1333333333333333,3.195867499918677,0.004003430901809546,440,3
rcs0.1_k2,64,balanced,0.7,0.06,2,60,10,1.0,1280.0,2.1333333333333333,0.7853019000031054,0.0,0,0
rcs0.1_k2,64,robust,0.8,0.05,2,60,10,1.0,1280.0,2.1333333333333333,5.271058000042103,0.0,0,0
rcs0.1_k2,65,v1,0.7,0.04666666666666667,2,30,10,1.0,1280.0,2.1333333333333333,2.246674600057304,0.0,0,0
rcs0.1_k2,65,joint,0.7,0.04666666666666667,2,30,10,1.0,1280.0,2.1333333333333333,2.3541814000345767,0.0,350,0
rcs0.1_k2,65,balanced,0.7,0.02666666666666667,2,60,10,1.0,1280.0,2.1333333333333333,0.6401666000019759,0.0,0,0
rcs0.1_k2,65,robust,0.8,0.043333333333333335,2,60,10,1.0,1280.0,2.1333333333333333,4.908277400070801,0.0,0,0
rcs0.1_k2,66,v1,0.7,0.05,2,36,10,1.0,1280.0,2.1333333333333333,2.722545399912633,0.0,0,0
rcs0.1_k2,66,joint,0.8,0.04666666666666667,2,33,10,1.0,1280.0,2.1333333333333333,2.905972699983977,0.2314536144048508,539,7
rcs0.1_k2,66,balanced,0.7,0.06333333333333334,2,60,10,1.0,1280.0,2.1333333333333333,0.7232606000034139,0.0,0,0
rcs0.1_k2,66,robust,0.8,0.056666666666666664,2,60,10,1.0,1280.0,2.1333333333333333,5.056674799998291,0.0,0,0
rcs0.1_k2,67,v1,0.4,0.043333333333333335,2,41,10,0.8536585365853658,1280.0,2.1333333333333333,2.8272636000765488,0.0,0,0
rcs0.1_k2,67,joint,0.5,0.03333333333333333,2,34,10,0.8235294117647058,1280.0,2.1333333333333333,2.991982400068082,0.5873794053109136,505,7
rcs0.1_k2,67,balanced,0.6,0.043333333333333335,2,60,10,0.9,1280.0,2.1333333333333333,0.5710446999873966,0.0,0,0
rcs0.1_k2,67,robust,0.5,0.04,2,60,10,0.9,1280.0,2.1333333333333333,4.572532600024715,0.0,0,0
rcs0.1_k2,68,v1,0.6,0.05333333333333334,2,29,10,1.0,1280.0,2.1333333333333333,2.290718900039792,0.0,0,0
rcs0.1_k2,68,joint,0.5,0.056666666666666664,2,30,10,1.0,1280.0,2.1333333333333333,2.467887800070457,0.012583249395626717,614,3
rcs0.1_k2,68,balanced,0.6,0.06,2,60,10,1.0,1280.0,2.1333333333333333,0.6916060999501497,0.0,0,0
rcs0.1_k2,68,robust,0.6,0.05333333333333334,2,60,10,1.0,1280.0,2.1333333333333333,5.161590600037016,0.0,0,0
rcs0.1_k2,69,v1,0.5,0.03,2,51,10,0.9803921568627451,1280.0,2.1333333333333333,4.532904000021517,0.0,0,0
rcs0.1_k2,69,joint,0.5,0.02666666666666667,2,47,10,1.0,1280.0,2.1333333333333333,4.713048900011927,0.07970442349313522,500,3
rcs0.1_k2,69,balanced,0.5,0.03666666666666667,2,60,10,0.9833333333333333,1280.0,2.1333333333333333,0.7162887000013143,0.0,0,0
rcs0.1_k2,69,robust,0.5,0.04,2,51,10,0.9803921568627451,1280.0,2.1333333333333333,3.821780199999921,0.0,0,0
rcs0.1_k2,70,v1,0.4,0.04666666666666667,2,34,10,0.9705882352941176,1280.0,2.1333333333333333,3.1661084999796003,0.0,0,0
rcs0.1_k2,70,joint,0.4,0.05,2,35,10,0.9714285714285714,1280.0,2.1333333333333333,3.2901163999922574,0.018646576118961256,384,3
rcs0.1_k2,70,balanced,0.7,0.06,2,60,10,0.9833333333333333,1280.0,2.1333333333333333,0.8104027000954375,0.0,0,0
rcs0.1_k2,70,robust,0.7,0.06666666666666667,2,60,10,0.9833333333333333,1280.0,2.1333333333333333,5.108368399902247,0.0,0,0
rcs0.1_k2,71,v1,0.5,0.07,2,41,10,1.0,1280.0,2.1333333333333333,3.7990453001111746,0.0,0,0
rcs0.1_k2,71,joint,0.5,0.07,2,41,10,1.0,1280.0,2.1333333333333333,3.9135886000003666,0.0,361,0
rcs0.1_k2,71,balanced,0.8,0.07666666666666666,2,60,10,1.0,1280.0,2.1333333333333333,1.0109674000414088,0.0,0,0
rcs0.1_k2,71,robust,0.7,0.08,2,60,10,1.0,1280.0,2.1333333333333333,5.908551099942997,0.0,0,0
rcs0.1_k2,72,v1,0.7,0.04,2,51,10,0.8627450980392157,1280.0,2.1333333333333333,4.177799100056291,0.0,0,0
rcs0.1_k2,72,joint,0.7,0.04,2,51,10,0.8627450980392157,1280.0,2.1333333333333333,4.295337399933487,0.0,390,0
rcs0.1_k2,72,balanced,0.8,0.056666666666666664,2,60,10,0.9,1280.0,2.1333333333333333,0.7252989000407979,0.0,0,0
rcs0.1_k2,72,robust,0.9,0.05,2,60,10,0.9,1280.0,2.1333333333333333,4.874654300045222,0.0,0,0
rcs0.1_k2,73,v1,0.5,0.02666666666666667,2,33,10,1.0,1280.0,2.1333333333333333,2.4813787000020966,0.0,0,0
rcs0.1_k2,73,joint,0.6,0.023333333333333334,2,34,10,1.0,1280.0,2.1333333333333333,2.625870699994266,0.00594369567927344,430,3
rcs0.1_k2,73,balanced,0.6,0.05,2,60,10,0.9833333333333333,1280.0,2.1333333333333333,0.7868837000569329,0.0,0,0
rcs0.1_k2,73,robust,0.6,0.04,2,60,10,0.9833333333333333,1280.0,2.1333333333333333,5.2743071999866515,0.0,0,0
rcs0.1_k2,74,v1,0.4,0.03333333333333333,2,50,10,1.0,1280.0,2.1333333333333333,4.587934999959543,0.0,0,0
rcs0.1_k2,74,joint,0.4,0.03333333333333333,2,46,10,1.0,1280.0,2.1333333333333333,4.728180399979465,0.07304173227841648,373,2
rcs0.1_k2,74,balanced,0.4,0.04,2,60,10,1.0,1280.0,2.1333333333333333,0.8579413000261411,0.0,0,0
rcs0.1_k2,74,robust,0.4,0.04,2,60,10,1.0,1280.0,2.1333333333333333,5.577527399989776,0.0,0,0
rcs0.1_k2,75,v1,0.3,0.05,2,42,10,0.9285714285714286,1280.0,2.1333333333333333,2.917052899952978,0.0,0,0
rcs0.1_k2,75,joint,0.3,0.056666666666666664,2,38,10,0.9210526315789473,1280.0,2.1333333333333333,3.041255799937062,0.1022431622137443,369,2
rcs0.1_k2,75,balanced,0.2,0.043333333333333335,2,60,10,0.9666666666666667,1280.0,2.1333333333333333,0.5417431000387296,0.0,0,0
rcs0.1_k2,75,robust,0.2,0.03,2,54,9,0.9629629629629629,1280.0,2.1333333333333333,3.8736783999484032,0.0,0,0
rcs0.1_k2,76,v1,0.6,0.043333333333333335,2,41,10,1.0,1280.0,2.1333333333333333,3.253309099934995,0.0,0,0
rcs0.1_k2,76,joint,0.6,0.05,2,36,10,1.0,1280.0,2.1333333333333333,3.3826028999174014,0.012406869286930466,370,1
rcs0.1_k2,76,balanced,0.7,0.043333333333333335,2,60,10,0.9833333333333333,1280.0,2.1333333333333333,0.7165597999701276,0.0,0,0
rcs0.1_k2,76,robust,0.8,0.04666666666666667,2,60,10,0.9833333333333333,1280.0,2.1333333333333333,5.032012399984524,0.0,0,0
rcs0.1_k2,77,v1,0.5,0.04666666666666667,2,43,10,1.0,1280.0,2.1333333333333333,3.136780200060457,0.0,0,0
rcs0.1_k2,77,joint,0.5,0.04666666666666667,2,43,10,1.0,1280.0,2.1333333333333333,3.29774459998589,0.014269896361222667,481,2
rcs0.1_k2,77,balanced,0.5,0.04666666666666667,2,60,10,1.0,1280.0,2.1333333333333333,0.6079735000384971,0.0,0,0
rcs0.1_k2,77,robust,0.5,0.03333333333333333,2,55,10,1.0,1280.0,2.1333333333333333,4.169025899958797,0.0,0,0
rcs0.1_k2,78,v1,0.6,0.05333333333333334,2,43,10,1.0,1280.0,2.1333333333333333,3.4928290999960154,0.0,0,0
rcs0.1_k2,78,joint,0.6,0.05333333333333334,2,43,10,1.0,1280.0,2.1333333333333333,3.6148413999471813,0.0,403,0
rcs0.1_k2,78,balanced,0.6,0.056666666666666664,2,60,10,1.0,1280.0,2.1333333333333333,0.710156699991785,0.0,0,0
rcs0.1_k2,78,robust,0.7,0.05333333333333334,2,60,10,1.0,1280.0,2.1333333333333333,4.997765099979006,0.0,0,0
rcs0.1_k2,79,v1,0.7,0.08333333333333333,2,28,10,1.0,1280.0,2.1333333333333333,2.3941135000204667,0.0,0,0
rcs0.1_k2,79,joint,0.7,0.08333333333333333,2,28,10,1.0,1280.0,2.1333333333333333,2.4924517000326887,0.0,345,0
rcs0.1_k2,79,balanced,0.9,0.09,2,60,10,1.0,1280.0,2.1333333333333333,0.6910645000170916,0.0,0,0
rcs0.1_k2,79,robust,0.9,0.08666666666666667,2,60,10,1.0,1280.0,2.1333333333333333,4.819110799930058,0.0,0,0
rcs0.1_k2,80,v1,0.6,0.056666666666666664,2,26,10,0.9230769230769231,1280.0,2.1333333333333333,2.0355453999945894,0.0,0,0
rcs0.1_k2,80,joint,0.6,0.05333333333333334,2,27,10,0.9259259259259259,1280.0,2.1333333333333333,2.158092899946496,0.029678424365620515,370,2
rcs0.1_k2,80,balanced,0.6,0.056666666666666664,2,60,10,0.95,1280.0,2.1333333333333333,0.5368331000208855,0.0,0,0
rcs0.1_k2,80,robust,0.6,0.056666666666666664,2,60,10,0.9333333333333333,1280.0,2.1333333333333333,4.564471099991351,0.0,0,0
rcs0.1_k2,81,v1,0.5,0.03666666666666667,2,40,10,1.0,1280.0,2.1333333333333333,2.201726400060579,0.0,0,0
rcs0.1_k2,81,joint,0.6,0.043333333333333335,2,28,10,1.0,1280.0,2.1333333333333333,2.356526599964127,0.2658139264164252,487,7
rcs0.1_k2,81,balanced,0.4,0.03,2,60,10,1.0,1280.0,2.1333333333333333,0.45635860005859286,0.0,0,0
rcs0.1_k2,81,robust,0.4,0.03333333333333333,2,60,10,1.0,1280.0,2.1333333333333333,3.9643984000431374,0.0,0,0
rcs0.1_k2,82,v1,0.7,0.05333333333333334,2,48,10,0.9583333333333334,1280.0,2.1333333333333333,3.483586300048046,0.0,0,0
rcs0.1_k2,82,joint,0.8,0.05333333333333334,2,49,10,0.9591836734693877,1280.0,2.1333333333333333,3.656785500003025,0.020606931720599686,468,3
rcs0.1_k2,82,balanced,0.7,0.07,2,60,10,0.9833333333333333,1280.0,2.1333333333333333,0.5481607000110671,0.0,0,0
rcs0.1_k2,82,robust,0.8,0.07666666666666666,2,60,10,0.9833333333333333,1280.0,2.1333333333333333,4.296162500046194,0.0,0,0
rcs0.1_k2,83,v1,0.5,0.03333333333333333,2,50,10,0.92,1280.0,2.1333333333333333,3.154678100021556,0.0,0,0
rcs0.1_k2,83,joint,0.5,0.02666666666666667,2,46,10,0.9130434782608695,1280.0,2.1333333333333333,3.3512649999465793,0.54712716733333,551,5
rcs0.1_k2,83,balanced,0.5,0.05,2,60,10,0.9333333333333333,1280.0,2.1333333333333333,0.4266160000115633,0.0,0,0
rcs0.1_k2,83,robust,0.6,0.043333333333333335,2,60,10,0.9333333333333333,1280.0,2.1333333333333333,4.202150100027211,0.0,0,0
rcs0.1_k2,84,v1,0.5,0.056666666666666664,2,37,10,1.0,1280.0,2.1333333333333333,2.688522499985993,0.0,0,0
rcs0.1_k2,84,joint,0.5,0.05333333333333334,2,38,10,1.0,1280.0,2.1333333333333333,2.852794799953699,0.26227584072961874,516,2
rcs0.1_k2,84,balanced,0.7,0.04666666666666667,2,60,10,0.9833333333333333,1280.0,2.1333333333333333,0.6364813999971375,0.0,0,0
rcs0.1_k2,84,robust,0.8,0.043333333333333335,2,60,10,0.9833333333333333,1280.0,2.1333333333333333,4.688495100010186,0.0,0,0
rcs0.1_k2,85,v1,0.8,0.043333333333333335,2,44,10,1.0,1280.0,2.1333333333333333,3.5018217000178993,0.0,0,0
rcs0.1_k2,85,joint,0.8,0.03666666666666667,2,40,10,1.0,1280.0,2.1333333333333333,3.650981399929151,0.1008204161576518,404,2
rcs0.1_k2,85,balanced,0.8,0.05333333333333334,2,60,10,1.0,1280.0,2.1333333333333333,0.6562088000355288,0.0,0,0
rcs0.1_k2,85,robust,0.8,0.06333333333333334,2,60,10,1.0,1280.0,2.1333333333333333,4.767857400001958,0.0,0,0
rcs0.1_k2,86,v1,0.7,0.03666666666666667,2,47,10,1.0,1280.0,2.1333333333333333,3.24725649994798,0.0,0,0
rcs0.1_k2,86,joint,0.8,0.04,2,40,10,1.0,1280.0,2.1333333333333333,3.419996500015259,0.2812077278853715,502,7
rcs0.1_k2,86,balanced,0.6,0.056666666666666664,2,60,10,1.0,1280.0,2.1333333333333333,0.5220644999062642,0.0,0,0
rcs0.1_k2,86,robust,0.6,0.05333333333333334,2,60,10,1.0,1280.0,2.1333333333333333,4.312978300033137,0.0,0,0
rcs0.1_k2,87,v1,0.5,0.04666666666666667,2,35,10,1.0,1280.0,2.1333333333333333,2.745534499990754,0.0,0,0
rcs0.1_k2,87,joint,0.5,0.05333333333333334,2,36,10,0.9722222222222222,1280.0,2.1333333333333333,2.884595699957572,0.082206430046045,446,3
rcs0.1_k2,87,balanced,0.6,0.04666666666666667,2,60,10,0.9833333333333333,1280.0,2.1333333333333333,0.7073260999750346,0.0,0,0
rcs0.1_k2,87,robust,0.5,0.05333333333333334,2,60,10,0.9833333333333333,1280.0,2.1333333333333333,5.074621200095862,0.0,0,0
rcs0.1_k2,88,v1,0.5,0.043333333333333335,2,44,10,1.0,1280.0,2.1333333333333333,3.2277555998880416,0.0,0,0
rcs0.1_k2,88,joint,0.5,0.043333333333333335,2,44,10,1.0,1280.0,2.1333333333333333,3.3585212999023497,0.0,388,0
rcs0.1_k2,88,balanced,0.6,0.03666666666666667,2,60,10,1.0,1280.0,2.1333333333333333,0.7014887999976054,0.0,0,0
rcs0.1_k2,88,robust,0.6,0.04,2,55,10,1.0,1280.0,2.1333333333333333,4.450099400011823,0.0,0,0
rcs0.1_k2,89,v1,0.5,0.03,2,55,10,1.0,1280.0,2.1333333333333333,4.65831289999187,0.0,0,0
rcs0.1_k2,89,joint,0.5,0.03,2,55,10,1.0,1280.0,2.1333333333333333,4.7888050999026746,0.0,377,0
rcs0.1_k2,89,balanced,0.6,0.02666666666666667,2,60,10,1.0,1280.0,2.1333333333333333,0.8586927000433207,0.0,0,0
rcs0.1_k2,89,robust,0.6,0.03,2,60,10,1.0,1280.0,2.1333333333333333,5.441118499962613,0.0,0,0
rcs0.1_k2,90,v1,0.6,0.08333333333333333,2,29,10,1.0,1280.0,2.1333333333333333,2.401444400078617,0.0,0,0
rcs0.1_k2,90,joint,0.6,0.09,2,30,10,1.0,1280.0,2.1333333333333333,2.523139899945818,0.049397246391256866,385,2
rcs0.1_k2,90,balanced,0.6,0.07333333333333333,2,60,10,0.95,1280.0,2.1333333333333333,0.808592600049451,0.0,0,0
rcs0.1_k2,90,robust,0.6,0.07,2,60,10,0.95,1280.0,2.1333333333333333,5.258920399937779,0.0,0,0
rcs0.1_k2,91,v1,0.3,0.043333333333333335,2,46,10,1.0,1280.0,2.1333333333333333,3.3061649999581277,0.0,0,0
rcs0.1_k2,91,joint,0.3,0.043333333333333335,2,46,10,1.0,1280.0,2.1333333333333333,3.427907000062987,0.0,386,0
rcs0.1_k2,91,balanced,0.3,0.056666666666666664,2,60,10,0.9833333333333333,1280.0,2.1333333333333333,0.6564772999845445,0.0,0,0
rcs0.1_k2,91,robust,0.2,0.04,2,60,10,0.9833333333333333,1280.0,2.1333333333333333,4.635293200029992,0.0,0,0
rcs0.1_k2,92,v1,0.3,0.056666666666666664,2,52,10,1.0,1280.0,2.1333333333333333,4.5062020000768825,0.0,0,0
rcs0.1_k2,92,joint,0.3,0.056666666666666664,2,52,10,1.0,1280.0,2.1333333333333333,4.647601000033319,0.0,420,0
rcs0.1_k2,92,balanced,0.3,0.04666666666666667,2,60,10,1.0,1280.0,2.1333333333333333,0.8047330999979749,0.0,0,0
rcs0.1_k2,92,robust,0.3,0.05333333333333334,2,60,10,1.0,1280.0,2.1333333333333333,5.487396400072612,0.0,0,0
rcs0.1_k2,93,v1,0.6,0.04666666666666667,2,44,10,0.8863636363636364,1280.0,2.1333333333333333,3.4194255999755114,0.0,0,0
rcs0.1_k2,93,joint,0.6,0.04666666666666667,2,44,10,0.8863636363636364,1280.0,2.1333333333333333,3.5501885999692604,0.0,400,0
rcs0.1_k2,93,balanced,0.6,0.05333333333333334,2,60,10,0.9333333333333333,1280.0,2.1333333333333333,0.7413910999894142,0.0,0,0
rcs0.1_k2,93,robust,0.7,0.06,2,60,10,0.9166666666666666,1280.0,2.1333333333333333,5.034862499916926,0.0,0,0
rcs0.1_k2,94,v1,0.7,0.05333333333333334,2,46,10,1.0,1280.0,2.1333333333333333,3.609736799960956,0.0,0,0
rcs0.1_k2,94,joint,0.8,0.06,2,47,10,1.0,1280.0,2.1333333333333333,3.77320949989371,0.012553774652333427,467,3
rcs0.1_k2,94,balanced,0.7,0.05333333333333334,2,60,10,1.0,1280.0,2.1333333333333333,0.723659300012514,0.0,0,0
rcs0.1_k2,94,robust,0.7,0.056666666666666664,2,54,9,1.0,1280.0,2.1333333333333333,4.623869200004265,0.0,0,0
rcs0.1_k2,95,v1,0.8,0.04666666666666667,2,50,10,0.98,1280.0,2.1333333333333333,3.3948582999873906,0.0,0,0
rcs0.1_k2,95,joint,0.8,0.04666666666666667,2,50,10,0.98,1280.0,2.1333333333333333,3.5048488999018446,0.0,340,0
rcs0.1_k2,95,balanced,0.7,0.03666666666666667,2,60,10,0.9833333333333333,1280.0,2.1333333333333333,0.4883533000247553,0.0,0,0
rcs0.1_k2,95,robust,0.8,0.03666666666666667,2,60,10,1.0,1280.0,2.1333333333333333,4.497317899949849,0.0,0,0
rcs0.1_k2,96,v1,0.7,0.05,2,29,10,1.0,1280.0,2.1333333333333333,2.362230399972759,0.0,0,0
rcs0.1_k2,96,joint,0.7,0.05,2,29,10,1.0,1280.0,2.1333333333333333,2.5176951999310404,0.025079910322268306,506,2
rcs0.1_k2,96,balanced,0.7,0.04666666666666667,2,60,10,1.0,1280.0,2.1333333333333333,0.7653766999719664,0.0,0,0
rcs0.1_k2,96,robust,0.7,0.056666666666666664,2,60,10,1.0,1280.0,2.1333333333333333,5.312873000046238,0.0,0,0
rcs0.1_k2,97,v1,0.6,0.06333333333333334,2,32,10,0.96875,1280.0,2.1333333333333333,2.4722010999685153,0.0,0,0
rcs0.1_k2,97,joint,0.6,0.06,2,32,10,1.0,1280.0,2.1333333333333333,2.609117400017567,0.21850910030434256,452,2
rcs0.1_k2,97,balanced,0.8,0.05333333333333334,2,60,10,0.9833333333333333,1280.0,2.1333333333333333,0.7618871999438852,0.0,0,0
rcs0.1_k2,97,robust,0.8,0.06333333333333334,2,60,10,0.9833333333333333,1280.0,2.1333333333333333,5.382570300018415,0.0,0,0
rcs0.1_k2,98,v1,0.6,0.043333333333333335,2,39,10,1.0,1280.0,2.1333333333333333,3.119612699956633,0.0,0,0
rcs0.1_k2,98,joint,0.6,0.043333333333333335,2,39,10,1.0,1280.0,2.1333333333333333,3.230799999902956,0.0,352,0
rcs0.1_k2,98,balanced,0.6,0.03333333333333333,2,60,10,1.0,1280.0,2.1333333333333333,0.7364379999926314,0.0,0,0
rcs0.1_k2,98,robust,0.6,0.04666666666666667,2,60,10,1.0,1280.0,2.1333333333333333,5.229254900012165,0.0,0,0
rcs0.1_k2,99,v1,1.0,0.06666666666666667,2,30,10,1.0,1280.0,2.1333333333333333,2.7348842000355944,0.0,0,0
rcs0.1_k2,99,joint,0.9,0.06666666666666667,2,31,10,1.0,1280.0,2.1333333333333333,2.881919899955392,0.01349195470669673,441,3
rcs0.1_k2,99,balanced,1.0,0.05333333333333334,2,60,10,1.0,1280.0,2.1333333333333333,0.8562829999718815,0.0,0,0
rcs0.1_k2,99,robust,1.0,0.04666666666666667,2,60,10,1.0,1280.0,2.1333333333333333,5.548579600057565,0.0,0,0
rcs0.1_k8,0,v1,0.7,0.05,7,42,10,1.0,4480.0,7.466666666666669,4.368409699993208,0.0,0,0
rcs0.1_k8,0,joint,0.7,0.04666666666666667,6,43,10,1.0,3840.0,6.400000000000001,4.6164986999938264,0.005224441245708783,758,2
rcs0.1_k8,0,balanced,0.6,0.05333333333333334,8,60,10,1.0,5120.0,8.533333333333335,0.599932900047861,0.0,0,0
rcs0.1_k8,0,robust,0.6,0.05,8,60,10,1.0,5120.0,8.533333333333335,5.7164832999696955,0.0,0,0
rcs0.1_k8,1,v1,0.5,0.023333333333333334,8,46,10,1.0,5120.0,8.533333333333335,3.8901214000070468,0.0,0,0
rcs0.1_k8,1,joint,0.5,0.02,8,46,10,1.0,5120.0,8.533333333333335,4.090017200098373,0.03352562253129432,547,3
rcs0.1_k8,1,balanced,0.7,0.03,8,60,10,0.9833333333333333,5120.0,8.533333333333335,0.5314132999628782,0.0,0,0
rcs0.1_k8,1,robust,0.6,0.023333333333333334,8,50,10,0.98,5120.0,8.533333333333335,4.008821199997328,0.0,0,0
rcs0.1_k8,2,v1,0.5,0.05,8,34,10,0.9705882352941176,5120.0,8.533333333333335,3.0289863999933004,0.0,0,0
rcs0.1_k8,2,joint,0.5,0.05,8,34,10,0.9705882352941176,5120.0,8.533333333333335,3.3084089000476524,0.060621222440636835,788,3
rcs0.1_k8,2,balanced,0.7,0.05333333333333334,8,60,10,0.9166666666666666,5120.0,8.533333333333335,0.7477144000586122,0.0,0,0
rcs0.1_k8,2,robust,0.7,0.04666666666666667,8,55,10,0.9090909090909091,5120.0,8.533333333333335,5.756305899936706,0.0,0,0
rcs0.1_k8,3,v1,0.3,0.043333333333333335,8,36,10,1.0,5120.0,8.533333333333335,2.926229300093837,0.0,0,0
rcs0.1_k8,3,joint,0.5,0.05333333333333334,7,38,10,1.0,4480.0,7.466666666666669,3.1842892001150176,0.10214513296311001,818,8
rcs0.1_k8,3,balanced,0.5,0.07,8,60,10,0.9833333333333333,5120.0,8.533333333333335,0.6539958000648767,0.0,0,0
rcs0.1_k8,3,robust,0.4,0.056666666666666664,8,50,10,0.96,5120.0,8.533333333333335,3.7315967999165878,0.0,0,0
rcs0.1_k8,4,v1,0.5,0.05,8,43,10,1.0,5120.0,8.533333333333335,3.656553699984215,0.0,0,0
rcs0.1_k8,4,joint,0.5,0.056666666666666664,8,41,10,1.0,5120.0,8.533333333333335,3.8718123000580817,0.24004275077538173,694,4
rcs0.1_k8,4,balanced,0.5,0.05,8,60,10,1.0,5120.0,8.533333333333335,0.6357060000300407,0.0,0,0
rcs0.1_k8,4,robust,0.5,0.07333333333333333,8,40,10,1.0,5120.0,8.533333333333335,3.4798138999613,0.0,0,0
rcs0.1_k8,5,v1,0.6,0.043333333333333335,8,47,10,1.0,5120.0,8.533333333333335,4.536400999990292,0.0,0,0
rcs0.1_k8,5,joint,0.6,0.043333333333333335,6,48,10,1.0,3840.0,6.400000000000001,4.809905700036325,0.06756801300985149,780,7
rcs0.1_k8,5,balanced,0.7,0.02,8,60,10,0.9666666666666667,5120.0,8.533333333333335,0.6485011000186205,0.0,0,0
rcs0.1_k8,5,robust,0.6,0.03666666666666667,8,50,10,0.96,5120.0,8.533333333333335,3.8221275999676436,0.0,0,0
rcs0.1_k8,6,v1,0.4,0.043333333333333335,8,40,10,0.925,5120.0,8.533333333333335,3.2193001999985427,0.0,0,0
rcs0.1_k8,6,joint,0.4,0.043333333333333335,8,40,10,0.925,5120.0,8.533333333333335,3.3642688000109047,0.0,477,0
rcs0.1_k8,6,balanced,0.6,0.06333333333333334,8,60,10,0.95,5120.0,8.533333333333335,0.5664545999607071,0.0,0,0
rcs0.1_k8,6,robust,0.6,0.06,8,55,10,0.9636363636363636,5120.0,8.533333333333335,4.358337200013921,0.0,0,0
rcs0.1_k8,7,v1,0.6,0.05333333333333334,8,27,10,0.7777777777777778,5120.0,8.533333333333335,2.6953309000236914,0.0,0,0
rcs0.1_k8,7,joint,0.6,0.05333333333333334,8,27,10,0.7777777777777778,5120.0,8.533333333333335,2.8205293000210077,0.0,402,0
rcs0.1_k8,7,balanced,0.9,0.04666666666666667,8,60,10,0.8666666666666667,5120.0,8.533333333333335,0.6796506000682712,0.0,0,0
rcs0.1_k8,7,robust,0.8,0.043333333333333335,8,50,10,0.84,5120.0,8.533333333333335,4.391075799940154,0.0,0,0
rcs0.1_k8,8,v1,0.3,0.05333333333333334,8,40,10,1.0,5120.0,8.533333333333335,3.0422253999859095,0.0,0,0
rcs0.1_k8,8,joint,0.4,0.05333333333333334,8,40,10,1.0,5120.0,8.533333333333335,3.2910624998621643,0.01474890625359171,710,5
rcs0.1_k8,8,balanced,0.6,0.03666666666666667,8,60,10,1.0,5120.0,8.533333333333335,0.5289397001033649,0.0,0,0
rcs0.1_k8,8,robust,0.6,0.03333333333333333,8,55,10,1.0,5120.0,8.533333333333335,4.2435343998949975,0.0,0,0
rcs0.1_k8,9,v1,0.5,0.05333333333333334,8,52,10,1.0,5120.0,8.533333333333335,4.391482800012454,0.0,0,0
rcs0.1_k8,9,joint,0.4,0.056666666666666664,7,52,10,1.0,4480.0,7.466666666666669,4.591989999986254,0.003845881950538921,540,2
rcs0.1_k8,9,balanced,0.4,0.04666666666666667,8,60,10,1.0,5120.0,8.533333333333335,0.6227365999948233,0.0,0,0
rcs0.1_k8,9,robust,0.3,0.04,8,55,10,1.0,5120.0,8.533333333333335,4.445125999976881,0.0,0,0
rcs0.1_k8,10,v1,0.6,0.043333333333333335,8,38,10,1.0,5120.0,8.533333333333335,4.478141600033268,0.0,0,0
rcs0.1_k8,10,joint,0.6,0.043333333333333335,8,38,10,1.0,5120.0,8.533333333333335,4.656538299983367,0.001426298818716365,516,2
rcs0.1_k8,10,balanced,0.7,0.05333333333333334,8,60,10,1.0,5120.0,8.533333333333335,0.8301868999842554,0.0,0,0
rcs0.1_k8,10,robust,0.7,0.05,8,60,10,1.0,5120.0,8.533333333333335,6.695854400051758,0.0,0,0
rcs0.1_k8,11,v1,0.5,0.06,5,41,10,1.0,3200.0,5.333333333333334,5.4960283000255,0.0,0,0
rcs0.1_k8,11,joint,0.5,0.07,5,41,10,1.0,3200.0,5.333333333333334,5.905004899948835,0.6460503892573558,1135,3
rcs0.1_k8,11,balanced,0.5,0.07666666666666666,8,60,10,1.0,5120.0,8.533333333333335,0.8293033000081778,0.0,0,0
rcs0.1_k8,11,robust,0.6,0.056666666666666664,8,50,10,1.0,5120.0,8.533333333333335,5.3272150999400765,0.0,0,0
rcs0.1_k8,12,v1,0.5,0.04,4,43,10,0.8604651162790697,2560.0,4.266666666666667,5.775895799975842,0.0,0,0
rcs0.1_k8,12,joint,0.5,0.03333333333333333,7,44,10,0.8636363636363636,4480.0,7.466666666666669,6.162668699980713,0.01828223553762276,1031,4
rcs0.1_k8,12,balanced,0.6,0.043333333333333335,8,60,10,0.9,5120.0,8.533333333333335,0.9221208000089973,0.0,0,0
rcs0.1_k8,12,robust,0.6,0.04666666666666667,8,50,10,0.88,5120.0,8.533333333333335,5.55113070004154,0.0,0,0
rcs0.1_k8,13,v1,0.5,0.043333333333333335,8,50,10,1.0,5120.0,8.533333333333335,4.45379940001294,0.0,0,0
rcs0.1_k8,13,joint,0.5,0.043333333333333335,8,50,10,1.0,5120.0,8.533333333333335,4.596378399990499,0.0,454,0
rcs0.1_k8,13,balanced,0.5,0.043333333333333335,8,60,10,1.0,5120.0,8.533333333333335,0.6071329000405967,0.0,0,0
rcs0.1_k8,13,robust,0.5,0.04666666666666667,8,50,10,1.0,5120.0,8.533333333333335,4.047448199940845,0.0,0,0
rcs0.1_k8,14,v1,0.6,0.05,8,41,10,1.0,5120.0,8.533333333333335,4.161490599974059,0.0,0,0
rcs0.1_k8,14,joint,0.6,0.04666666666666667,8,41,10,1.0,5120.0,8.533333333333335,4.331837599980645,0.002382667612049305,472,1
rcs0.1_k8,14,balanced,0.7,0.04,8,60,10,1.0,5120.0,8.533333333333335,0.7699994000140578,0.0,0,0
rcs0.1_k8,14,robust,0.7,0.056666666666666664,8,55,10,1.0,5120.0,8.533333333333335,5.539389100042172,0.0,0,0
rcs0.1_k8,15,v1,0.7,0.06666666666666667,8,46,10,1.0,5120.0,8.533333333333335,5.562862100079656,0.0,0,0
rcs0.1_k8,15,joint,0.7,0.06666666666666667,8,47,10,1.0,5120.0,8.533333333333335,5.730526100029238,0.011785235408421468,494,3
rcs0.1_k8,15,balanced,0.7,0.06,8,60,10,1.0,5120.0,8.533333333333335,0.899966900004074,0.0,0,0
rcs0.1_k8,15,robust,0.7,0.05,8,50,10,1.0,5120.0,8.533333333333335,5.41718879994005,0.0,0,0
rcs0.1_k8,16,v1,0.9,0.03666666666666667,6,42,10,0.9047619047619048,3840.0,6.400000000000001,5.263378200004809,0.0,0,0
rcs0.1_k8,16,joint,0.8,0.03,5,42,10,0.9047619047619048,3200.0,5.333333333333334,5.542905299924314,0.003344432864818503,859,1
rcs0.1_k8,16,balanced,0.9,0.05333333333333334,8,60,10,0.95,5120.0,8.533333333333335,0.8134818999096751,0.0,0,0
rcs0.1_k8,16,robust,0.9,0.06333333333333334,8,60,10,0.95,5120.0,8.533333333333335,7.1547316000796854,0.0,0,0
rcs0.1_k8,17,v1,0.7,0.04,8,41,10,1.0,5120.0,8.533333333333335,3.8443828999297693,0.0,0,0
rcs0.1_k8,17,joint,0.7,0.04,8,41,10,1.0,5120.0,8.533333333333335,4.027539099915884,0.005988735438659187,504,2
rcs0.1_k8,17,balanced,0.7,0.03666666666666667,8,60,10,1.0,5120.0,8.533333333333335,0.7619304000400007,0.0,0,0
rcs0.1_k8,17,robust,0.7,0.04666666666666667,8,50,10,1.0,5120.0,8.533333333333335,4.498969299951568,0.0,0,0
rcs0.1_k8,18,v1,0.3,0.05333333333333334,5,32,10,0.96875,3200.0,5.333333333333334,2.876148400013335,0.0,0,0
rcs0.1_k8,18,joint,0.5,0.05333333333333334,0,27,10,0.9629629629629629,0.0,0.0,3.2100544999120757,0.4895309134293031,1014,8
rcs0.1_k8,18,balanced,0.7,0.04666666666666667,8,60,10,0.95,5120.0,8.533333333333335,0.6643124000402167,0.0,0,0
rcs0.1_k8,18,robust,0.3,0.03333333333333333,5,40,10,0.9,3200.0,5.333333333333334,3.6884493000106886,0.0,0,0
rcs0.1_k8,19,v1,0.8,0.05333333333333334,8,42,10,1.0,5120.0,8.533333333333335,3.793518800055608,0.0,0,0
rcs0.1_k8,19,joint,0.9,0.04666666666666667,8,41,10,1.0,5120.0,8.533333333333335,4.012755700037815,0.021376762761817436,678,3
rcs0.1_k8,19,balanced,0.9,0.05333333333333334,8,60,10,1.0,5120.0,8.533333333333335,0.7713323999196291,0.0,0,0
rcs0.1_k8,19,robust,0.8,0.05,8,60,10,1.0,5120.0,8.533333333333335,5.8236406000796705,0.0,0,0
rcs0.1_k8,20,v1,0.6,0.06,6,33,10,1.0,3840.0,6.400000000000001,3.8664618999464437,0.0,0,0
rcs0.1_k8,20,joint,0.6,0.06,5,34,10,1.0,3200.0,5.333333333333334,4.13437719992362,0.0028471209668725628,863,2
rcs0.1_k8,20,balanced,0.7,0.06,8,60,10,1.0,5120.0,8.533333333333335,0.7369283000007272,0.0,0,0
rcs0.1_k8,20,robust,0.8,0.043333333333333335,8,60,10,1.0,5120.0,8.533333333333335,6.083585500018671,0.0,0,0
rcs0.1_k8,21,v1,0.8,0.06333333333333334,4,31,10,1.0,2560.0,4.266666666666667,3.743658500025049,0.0,0,0
rcs0.1_k8,21,joint,0.8,0.06333333333333334,4,31,10,1.0,2560.0,4.266666666666667,4.039463700028136,0.0,951,0
rcs0.1_k8,21,balanced,0.9,0.056666666666666664,8,60,10,1.0,5120.0,8.533333333333335,0.8348625000799075,0.0,0,0
rcs0.1_k8,21,robust,0.8,0.056666666666666664,8,55,10,1.0,5120.0,8.533333333333335,5.829301999998279,0.0,0,0
rcs0.1_k8,22,v1,0.7,0.06,8,31,10,1.0,5120.0,8.533333333333335,2.9572176999645308,0.0,0,0
rcs0.1_k8,22,joint,0.7,0.06333333333333334,6,32,10,1.0,3840.0,6.400000000000001,3.2017173001077026,0.028199439126315617,784,3
rcs0.1_k8,22,balanced,0.9,0.05333333333333334,8,60,10,1.0,5120.0,8.533333333333335,0.7369925000239164,0.0,0,0
rcs0.1_k8,22,robust,0.9,0.05333333333333334,8,60,10,1.0,5120.0,8.533333333333335,6.554492399911396,0.0,0,0
rcs0.1_k8,23,v1,0.6,0.05333333333333334,8,46,10,1.0,5120.0,8.533333333333335,4.927285899990238,0.0,0,0
rcs0.1_k8,23,joint,0.8,0.05333333333333334,8,43,10,1.0,5120.0,8.533333333333335,5.158753899973817,0.04507934039016781,638,4
rcs0.1_k8,23,balanced,0.6,0.04,8,60,10,1.0,5120.0,8.533333333333335,0.8592607999453321,0.0,0,0
rcs0.1_k8,23,robust,0.6,0.05,8,52,10,1.0,5120.0,8.533333333333335,5.498684999998659,0.0,0,0
rcs0.1_k8,24,v1,0.6,0.043333333333333335,8,36,10,1.0,5120.0,8.533333333333335,3.0811528000049293,0.0,0,0
rcs0.1_k8,24,joint,0.8,0.043333333333333335,8,23,10,1.0,5120.0,8.533333333333335,3.3492932999506593,1.247592524682544,841,8
rcs0.1_k8,24,balanced,0.7,0.06666666666666667,8,60,10,1.0,5120.0,8.533333333333335,0.6819992000237107,0.0,0,0
rcs0.1_k8,24,robust,0.7,0.06666666666666667,8,55,10,1.0,5120.0,8.533333333333335,5.171995699987747,0.0,0,0
rcs0.1_k8,25,v1,0.2,0.043333333333333335,8,50,10,0.98,5120.0,8.533333333333335,4.374588999897242,0.0,0,0
rcs0.1_k8,25,joint,0.2,0.043333333333333335,8,50,10,0.96,5120.0,8.533333333333335,4.548597799963318,0.004020261983294304,496,1
rcs0.1_k8,25,balanced,0.4,0.05333333333333334,8,60,10,0.9833333333333333,5120.0,8.533333333333335,0.5998735999455675,0.0,0,0
rcs0.1_k8,25,robust,0.4,0.05,8,55,10,1.0,5120.0,8.533333333333335,5.380931300111115,0.0,0,0
rcs0.1_k8,26,v1,0.5,0.03333333333333333,8,40,10,1.0,5120.0,8.533333333333335,4.751317400019616,0.0,0,0
rcs0.1_k8,26,joint,0.5,0.04,6,42,10,1.0,3840.0,6.400000000000001,5.007267400040291,0.014064316997367321,824,6
rcs0.1_k8,26,balanced,0.6,0.043333333333333335,8,60,10,1.0,5120.0,8.533333333333335,0.6701348999049515,0.0,0,0
rcs0.1_k8,26,robust,0.5,0.043333333333333335,8,50,10,1.0,5120.0,8.533333333333335,4.891896000015549,0.0,0,0
rcs0.1_k8,27,v1,0.7,0.03333333333333333,8,51,10,1.0,5120.0,8.533333333333335,4.5169351999647915,0.0,0,0
rcs0.1_k8,27,joint,0.7,0.03333333333333333,8,51,10,1.0,5120.0,8.533333333333335,4.660160099971108,0.0,456,0
rcs0.1_k8,27,balanced,0.6,0.03666666666666667,8,60,10,1.0,5120.0,8.533333333333335,0.5831826999783516,0.0,0,0
rcs0.1_k8,27,robust,0.5,0.023333333333333334,8,55,10,1.0,5120.0,8.533333333333335,4.5470810000551865,0.0,0,0
rcs0.1_k8,28,v1,0.7,0.06333333333333334,8,52,10,1.0,5120.0,8.533333333333335,4.986477800062858,0.0,0,0
rcs0.1_k8,28,joint,0.7,0.06,8,52,10,1.0,5120.0,8.533333333333335,5.165393900126219,0.001216750457736726,489,1
rcs0.1_k8,28,balanced,0.6,0.056666666666666664,8,60,10,1.0,5120.0,8.533333333333335,0.6931967999553308,0.0,0,0
rcs0.1_k8,28,robust,0.7,0.06,8,55,10,1.0,5120.0,8.533333333333335,4.266464799991809,0.0,0,0
rcs0.1_k8,29,v1,0.5,0.06,8,50,10,1.0,5120.0,8.533333333333335,4.719598799943924,0.0,0,0
rcs0.1_k8,29,joint,0.4,0.06,8,47,10,1.0,5120.0,8.533333333333335,5.005177000071853,0.18488289322266738,822,6
rcs0.1_k8,29,balanced,0.5,0.056666666666666664,8,60,10,1.0,5120.0,8.533333333333335,0.5469542999053374,0.0,0,0
rcs0.1_k8,29,robust,0.4,0.04666666666666667,8,50,10,1.0,5120.0,8.533333333333335,3.9975506000919268,0.0,0,0
rcs0.1_k8,30,v1,0.4,0.056666666666666664,8,48,10,0.8958333333333334,5120.0,8.533333333333335,3.8565352999139577,0.0,0,0
rcs0.1_k8,30,joint,0.4,0.056666666666666664,8,48,10,0.8958333333333334,5120.0,8.533333333333335,4.017027399968356,0.0,475,0
rcs0.1_k8,30,balanced,0.6,0.056666666666666664,8,60,10,0.9,5120.0,8.533333333333335,0.5582494999980554,0.0,0,0
rcs0.1_k8,30,robust,0.4,0.05,8,55,10,0.8909090909090909,5120.0,8.533333333333335,4.83154049993027,0.0,0,0
rcs0.1_k8,31,v1,0.6,0.06,8,58,10,1.0,5120.0,8.533333333333335,7.012530500069261,0.0,0,0
rcs0.1_k8,31,joint,0.8,0.06333333333333334,6,59,10,1.0,3840.0,6.400000000000001,7.336174300056882,0.03327036227108504,834,6
rcs0.1_k8,31,balanced,0.7,0.06,8,60,10,1.0,5120.0,8.533333333333335,0.8148921000538394,0.0,0,0
rcs0.1_k8,31,robust,0.5,0.06333333333333334,6,50,10,1.0,3840.0,6.400000000000001,5.527513099950738,0.0,0,0
rcs0.1_k8,32,v1,0.6,0.03333333333333333,4,30,10,1.0,2560.0,4.266666666666667,3.0052475000265986,0.0,0,0
rcs0.1_k8,32,joint,0.6,0.03333333333333333,4,30,10,1.0,2560.0,4.266666666666667,3.2350783000001684,0.0,760,0
rcs0.1_k8,32,balanced,0.7,0.023333333333333334,8,60,10,1.0,5120.0,8.533333333333335,0.6749624999938533,0.0,0,0
rcs0.1_k8,32,robust,0.7,0.03,8,60,10,1.0,5120.0,8.533333333333335,5.752186300000176,0.0,0,0
rcs0.1_k8,33,v1,0.5,0.04666666666666667,6,34,10,1.0,3840.0,6.400000000000001,3.826780300005339,0.0,0,0
rcs0.1_k8,33,joint,0.5,0.05333333333333334,7,34,10,1.0,4480.0,7.466666666666669,4.072813399950974,0.39206774410923373,788,2
rcs0.1_k8,33,balanced,0.6,0.06666666666666667,8,60,10,0.9833333333333333,5120.0,8.533333333333335,0.6867533000186086,0.0,0,0
rcs0.1_k8,33,robust,0.7,0.056666666666666664,8,55,10,1.0,5120.0,8.533333333333335,5.381282799993642,0.0,0,0
rcs0.1_k8,34,v1,0.5,0.04666666666666667,8,35,10,0.9428571428571428,5120.0,8.533333333333335,4.081983300042339,0.0,0,0
rcs0.1_k8,34,joint,0.5,0.04,1,35,10,0.9428571428571428,640.0,1.0666666666666667,4.39850209990982,0.033454090508025724,961,4
rcs0.1_k8,34,balanced,0.7,0.07666666666666666,8,60,10,0.9833333333333333,5120.0,8.533333333333335,0.8027884000912309,0.0,0,0
rcs0.1_k8,34,robust,0.7,0.06,8,50,10,0.98,5120.0,8.533333333333335,5.303972399909981,0.0,0,0
rcs0.1_k8,35,v1,0.6,0.04666666666666667,8,46,10,1.0,5120.0,8.533333333333335,4.152202800032683,0.0,0,0
rcs0.1_k8,35,joint,0.6,0.056666666666666664,8,47,10,1.0,5120.0,8.533333333333335,4.334677800070494,0.015334596488238317,536,3
rcs0.1_k8,35,balanced,0.6,0.04666666666666667,8,60,10,1.0,5120.0,8.533333333333335,0.6206091999774799,0.0,0,0
rcs0.1_k8,35,robust,0.6,0.04666666666666667,8,55,10,1.0,5120.0,8.533333333333335,5.266420500003733,0.0,0,0
rcs0.1_k8,36,v1,0.4,0.05333333333333334,8,45,10,1.0,5120.0,8.533333333333335,4.41896809998434,0.0,0,0
rcs0.1_k8,36,joint,0.4,0.05,8,45,10,1.0,5120.0,8.533333333333335,4.626835600007325,0.014221383102699381,546,3
rcs0.1_k8,36,balanced,0.4,0.04666666666666667,8,60,10,1.0,5120.0,8.533333333333335,0.7419529999606311,0.0,0,0
rcs0.1_k8,36,robust,0.5,0.05333333333333334,8,50,10,1.0,5120.0,8.533333333333335,4.430879099993035,0.0,0,0
rcs0.1_k8,37,v1,0.7,0.056666666666666664,8,31,10,0.9354838709677419,5120.0,8.533333333333335,2.652576299966313,0.0,0,0
rcs0.1_k8,37,joint,0.8,0.06666666666666667,8,31,10,0.9354838709677419,5120.0,8.533333333333335,2.849398299935274,0.011868013282370526,623,2
rcs0.1_k8,37,balanced,0.7,0.06,8,60,10,0.9833333333333333,5120.0,8.533333333333335,0.7047556999605149,0.0,0,0
rcs0.1_k8,37,robust,0.7,0.04,8,50,10,0.98,5120.0,8.533333333333335,4.215854000067338,0.0,0,0
rcs0.1_k8,38,v1,0.7,0.056666666666666664,8,39,10,1.0,5120.0,8.533333333333335,4.021536600077525,0.0,0,0
rcs0.1_k8,38,joint,0.7,0.07333333333333333,7,40,10,1.0,4480.0,7.466666666666669,4.312933400040492,0.034435225577668316,838,5
rcs0.1_k8,38,balanced,0.8,0.043333333333333335,8,60,10,1.0,5120.0,8.533333333333335,0.8242135000182316,0.0,0,0
rcs0.1_k8,38,robust,0.7,0.04666666666666667,8,55,10,1.0,5120.0,8.533333333333335,5.482665400020778,0.0,0,0
rcs0.1_k8,39,v1,0.5,0.06,8,42,10,1.0,5120.0,8.533333333333335,4.196266100043431,0.0,0,0
rcs0.1_k8,39,joint,0.5,0.06,8,42,10,1.0,5120.0,8.533333333333335,4.324721499928273,0.0,416,0
rcs0.1_k8,39,balanced,0.6,0.056666666666666664,8,60,10,1.0,5120.0,8.533333333333335,0.6800042999675497,0.0,0,0
rcs0.1_k8,39,robust,0.5,0.023333333333333334,8,50,10,1.0,5120.0,8.533333333333335,4.684347499976866,0.0,0,0
rcs0.1_k8,40,v1,0.6,0.05,6,28,10,0.9642857142857143,3840.0,6.400000000000001,3.0950071000261232,0.0,0,0
rcs0.1_k8,40,joint,0.7,0.04,6,29,10,0.9655172413793104,3840.0,6.400000000000001,3.383356700069271,0.07158835649943107,901,4
rcs0.1_k8,40,balanced,0.6,0.06333333333333334,8,60,10,0.9833333333333333,5120.0,8.533333333333335,0.6808813998941332,0.0,0,0
rcs0.1_k8,40,robust,0.7,0.04,8,50,10,0.98,5120.0,8.533333333333335,4.558719500084408,0.0,0,0
rcs0.1_k8,41,v1,0.6,0.05333333333333334,8,41,10,1.0,5120.0,8.533333333333335,3.5942529999883845,0.0,0,0
rcs0.1_k8,41,joint,0.6,0.05333333333333334,8,41,10,1.0,5120.0,8.533333333333335,3.7184666000539437,0.0,415,0
rcs0.1_k8,41,balanced,0.7,0.056666666666666664,8,60,10,1.0,5120.0,8.533333333333335,0.706388899940066,0.0,0,0
rcs0.1_k8,41,robust,0.7,0.056666666666666664,8,50,10,1.0,5120.0,8.533333333333335,4.72723550000228,0.0,0,0
rcs0.1_k8,42,v1,0.6,0.03666666666666667,8,47,10,1.0,5120.0,8.533333333333335,5.488597700023092,0.0,0,0
rcs0.1_k8,42,joint,0.6,0.03666666666666667,6,48,10,1.0,3840.0,6.400000000000001,5.760686800000258,0.007532787675306685,799,4
rcs0.1_k8,42,balanced,0.7,0.02666666666666667,8,60,10,1.0,5120.0,8.533333333333335,0.7722276999847963,0.0,0,0
rcs0.1_k8,42,robust,0.7,0.02666666666666667,8,55,10,1.0,5120.0,8.533333333333335,5.158212900045328,0.0,0,0
rcs0.1_k8,43,v1,0.8,0.04666666666666667,5,40,10,0.875,3200.0,5.333333333333334,4.736558699980378,0.0,0,0
rcs0.1_k8,43,joint,0.8,0.04666666666666667,5,40,10,0.875,3200.0,5.333333333333334,4.949192699976265,0.0,715,0
rcs0.1_k8,43,balanced,0.8,0.07666666666666666,8,60,10,0.8833333333333333,5120.0,8.533333333333335,0.8261108000297099,0.0,0,0
rcs0.1_k8,43,robust,0.7,0.05333333333333334,8,60,10,0.8833333333333333,5120.0,8.533333333333335,6.516710500000045,0.0,0,0
rcs0.1_k8,44,v1,0.7,0.04666666666666667,8,47,10,1.0,5120.0,8.533333333333335,4.358933199895546,0.0,0,0
rcs0.1_k8,44,joint,0.7,0.043333333333333335,8,47,10,1.0,5120.0,8.533333333333335,4.536636899923906,0.006658502586989634,557,2
rcs0.1_k8,44,balanced,0.7,0.03666666666666667,8,60,10,1.0,5120.0,8.533333333333335,0.5994497999781743,0.0,0,0
rcs0.1_k8,44,robust,0.3,0.05,8,40,10,1.0,5120.0,8.533333333333335,2.9749270000029355,0.0,0,0
rcs0.1_k8,45,v1,0.7,0.07666666666666666,8,43,10,0.9767441860465116,5120.0,8.533333333333335,4.558005400002003,0.0,0,0
rcs0.1_k8,45,joint,0.7,0.07333333333333333,7,39,10,0.9743589743589743,4480.0,7.466666666666669,4.854406200000085,0.22385522497375843,818,6
rcs0.1_k8,45,balanced,0.7,0.05,8,60,10,0.9833333333333333,5120.0,8.533333333333335,0.8017759000649676,0.0,0,0
rcs0.1_k8,45,robust,0.6,0.043333333333333335,8,55,10,0.9818181818181818,5120.0,8.533333333333335,5.355029199970886,0.0,0,0
rcs0.1_k8,46,v1,0.5,0.03,8,45,10,1.0,5120.0,8.533333333333335,4.324787100078538,0.0,0,0
rcs0.1_k8,46,joint,0.5,0.02666666666666667,6,45,10,1.0,3840.0,6.400000000000001,4.710668300045654,0.21345030715506308,946,6
rcs0.1_k8,46,balanced,0.5,0.043333333333333335,8,60,10,1.0,5120.0,8.533333333333335,0.7692664999049157,0.0,0,0
rcs0.1_k8,46,robust,0.5,0.05,8,55,10,0.9818181818181818,5120.0,8.533333333333335,4.878704100032337,0.0,0,0
rcs0.1_k8,47,v1,0.6,0.05,5,40,10,1.0,3200.0,5.333333333333334,4.050916700041853,0.0,0,0
rcs0.1_k8,47,joint,0.6,0.05,5,40,10,1.0,3200.0,5.333333333333334,4.303555099875666,0.0,765,0
rcs0.1_k8,47,balanced,0.8,0.06,8,60,10,1.0,5120.0,8.533333333333335,0.7345709000946954,0.0,0,0
rcs0.1_k8,47,robust,0.7,0.06666666666666667,8,60,10,1.0,5120.0,8.533333333333335,6.750464399927296,0.0,0,0
rcs0.1_k8,48,v1,0.7,0.02666666666666667,5,33,10,0.9090909090909091,3200.0,5.333333333333334,3.127969899913296,0.0,0,0
rcs0.1_k8,48,joint,0.7,0.03,3,33,10,0.9090909090909091,1920.0,3.2,3.4778006998822093,0.010666666666666824,999,2
rcs0.1_k8,48,balanced,1.0,0.056666666666666664,8,60,10,0.9166666666666666,5120.0,8.533333333333335,0.6863420000299811,0.0,0,0
rcs0.1_k8,48,robust,0.9,0.04666666666666667,8,60,10,0.9333333333333333,5120.0,8.533333333333335,5.757662600022741,0.0,0,0
rcs0.1_k8,49,v1,0.7,0.04,7,30,10,0.8666666666666667,4480.0,7.466666666666669,2.639371099998243,0.0,0,0
rcs0.1_k8,49,joint,0.7,0.04,7,30,10,0.8666666666666667,4480.0,7.466666666666669,2.8048115998972207,0.0,609,0
rcs0.1_k8,49,balanced,0.7,0.056666666666666664,8,60,10,0.9166666666666666,5120.0,8.533333333333335,0.7775764000834897,0.0,0,0
rcs0.1_k8,49,robust,0.6,0.05333333333333334,8,50,10,0.92,5120.0,8.533333333333335,4.925287299905904,0.0,0,0
rcs0.1_k8,50,v1,0.7,0.04,8,49,10,0.9591836734693877,5120.0,8.533333333333335,4.468469400075264,0.0,0,0
rcs0.1_k8,50,joint,0.7,0.03666666666666667,8,51,10,0.9607843137254902,5120.0,8.533333333333335,4.737992299953476,0.09548965942277765,756,8
rcs0.1_k8,50,balanced,0.9,0.02666666666666667,8,60,10,0.95,5120.0,8.533333333333335,0.6627051000250503,0.0,0,0
rcs0.1_k8,50,robust,0.8,0.03333333333333333,8,55,10,0.9454545454545454,5120.0,8.533333333333335,5.331801500055008,0.0,0,0
rcs0.1_k8,51,v1,0.4,0.06,8,55,10,0.9818181818181818,5120.0,8.533333333333335,4.90628180000931,0.0,0,0
rcs0.1_k8,51,joint,0.4,0.06,8,55,10,0.9818181818181818,5120.0,8.533333333333335,5.0727247999748215,0.0,528,0
rcs0.1_k8,51,balanced,0.3,0.05333333333333334,8,60,10,0.9833333333333333,5120.0,8.533333333333335,0.7413797999033704,0.0,0,0
rcs0.1_k8,51,robust,0.2,0.06,8,55,10,0.9818181818181818,5120.0,8.533333333333335,6.333787000039592,0.0,0,0
rcs0.1_k8,52,v1,0.5,0.056666666666666664,8,53,10,1.0,5120.0,8.533333333333335,4.949938300065696,0.0,0,0
rcs0.1_k8,52,joint,0.4,0.056666666666666664,8,53,10,1.0,5120.0,8.533333333333335,5.19678879994899,0.0862642168872958,624,4
rcs0.1_k8,52,balanced,0.5,0.08,8,60,10,1.0,5120.0,8.533333333333335,0.7310206999536604,0.0,0,0
rcs0.1_k8,52,robust,0.4,0.07666666666666666,8,51,10,1.0,5120.0,8.533333333333335,5.041276800096966,0.0,0,0
rcs0.1_k8,53,v1,0.6,0.056666666666666664,4,25,10,1.0,2560.0,4.266666666666667,2.6216325000859797,0.0,0,0
rcs0.1_k8,53,joint,0.7,0.04666666666666667,2,23,10,1.0,1280.0,2.1333333333333333,2.8950263999868184,0.010291048187615726,923,4
rcs0.1_k8,53,balanced,0.7,0.043333333333333335,8,60,10,1.0,5120.0,8.533333333333335,0.7235328999813646,0.0,0,0
rcs0.1_k8,53,robust,0.6,0.04666666666666667,8,60,10,1.0,5120.0,8.533333333333335,5.60608910000883,0.0,0,0
rcs0.1_k8,54,v1,0.8,0.05333333333333334,7,36,10,1.0,4480.0,7.466666666666669,3.8135673999786377,0.0,0,0
rcs0.1_k8,54,joint,0.8,0.05333333333333334,7,36,10,1.0,4480.0,7.466666666666669,3.9884720999980345,0.0,606,0
rcs0.1_k8,54,balanced,0.8,0.03666666666666667,8,60,10,1.0,5120.0,8.533333333333335,0.7391395999584347,0.0,0,0
rcs0.1_k8,54,robust,0.8,0.03333333333333333,8,55,10,1.0,5120.0,8.533333333333335,6.118649100069888,0.0,0,0
rcs0.1_k8,55,v1,0.6,0.05,8,45,10,1.0,5120.0,8.533333333333335,4.934997500036843,0.0,0,0
rcs0.1_k8,55,joint,0.5,0.05333333333333334,8,46,10,1.0,5120.0,8.533333333333335,5.112157399998978,0.07089035756649142,499,3
rcs0.1_k8,55,balanced,0.5,0.07,8,60,10,1.0,5120.0,8.533333333333335,0.7927342000184581,0.0,0,0
rcs0.1_k8,55,robust,0.6,0.06666666666666667,8,45,10,1.0,5120.0,8.533333333333335,3.8207882000133395,0.0,0,0
rcs0.1_k8,56,v1,0.8,0.056666666666666664,8,40,10,1.0,5120.0,8.533333333333335,4.085674099973403,0.0,0,0
rcs0.1_k8,56,joint,0.8,0.06,7,40,10,1.0,4480.0,7.466666666666669,4.273832500097342,0.030754262415331413,498,3
rcs0.1_k8,56,balanced,0.9,0.05,8,60,10,1.0,5120.0,8.533333333333335,0.7524382999399677,0.0,0,0
rcs0.1_k8,56,robust,0.7,0.043333333333333335,8,46,10,1.0,5120.0,8.533333333333335,4.226250400068238,0.0,0,0
rcs0.1_k8,57,v1,0.4,0.05333333333333334,8,41,10,1.0,5120.0,8.533333333333335,3.863481599953957,0.0,0,0
rcs0.1_k8,57,joint,0.4,0.05333333333333334,8,41,10,1.0,5120.0,8.533333333333335,4.0093641000567,0.0,491,0
rcs0.1_k8,57,balanced,0.5,0.05,8,60,10,1.0,5120.0,8.533333333333335,0.7571008999366313,0.0,0,0
rcs0.1_k8,57,robust,0.5,0.043333333333333335,8,35,10,1.0,5120.0,8.533333333333335,3.131070400006138,0.0,0,0
rcs0.1_k8,58,v1,0.6,0.07,8,23,10,1.0,5120.0,8.533333333333335,2.963497999939136,0.0,0,0
rcs0.1_k8,58,joint,0.5,0.06,6,25,10,1.0,3840.0,6.400000000000001,3.227557700010948,0.10007217906150667,918,7
rcs0.1_k8,58,balanced,0.8,0.056666666666666664,8,60,10,1.0,5120.0,8.533333333333335,0.7570547999348491,0.0,0,0
rcs0.1_k8,58,robust,0.8,0.05333333333333334,8,50,10,1.0,5120.0,8.533333333333335,4.649077499983832,0.0,0,0
rcs0.1_k8,59,v1,0.7,0.043333333333333335,8,42,10,1.0,5120.0,8.533333333333335,3.9948761000996456,0.0,0,0
rcs0.1_k8,59,joint,0.7,0.04666666666666667,8,42,10,1.0,5120.0,8.533333333333335,4.211151499999687,0.06656798512533979,593,2
rcs0.1_k8,59,balanced,0.8,0.06,8,60,10,1.0,5120.0,8.533333333333335,0.8192683000816032,0.0,0,0
rcs0.1_k8,59,robust,0.8,0.05333333333333334,8,60,10,1.0,5120.0,8.533333333333335,5.842869299929589,0.0,0,0
rcs0.1_k8,60,v1,0.6,0.04666666666666667,8,43,10,1.0,5120.0,8.533333333333335,4.225873899995349,0.0,0,0
rcs0.1_k8,60,joint,0.6,0.06,8,42,10,1.0,5120.0,8.533333333333335,4.418881900026463,0.01230055677728803,559,3
rcs0.1_k8,60,balanced,0.5,0.06,8,60,10,1.0,5120.0,8.533333333333335,0.7973122999537736,0.0,0,0
rcs0.1_k8,60,robust,0.5,0.056666666666666664,8,40,10,1.0,5120.0,8.533333333333335,3.356898700003512,0.0,0,0
rcs0.1_k8,61,v1,0.7,0.02666666666666667,8,43,10,0.9534883720930233,5120.0,8.533333333333335,3.7864071999210864,0.0,0,0
rcs0.1_k8,61,joint,0.7,0.023333333333333334,7,43,10,0.9534883720930233,4480.0,7.466666666666669,4.023618699866347,0.07852532352303965,682,6
rcs0.1_k8,61,balanced,0.7,0.04,8,60,10,0.9166666666666666,5120.0,8.533333333333335,0.6408090000040829,0.0,0,0
rcs0.1_k8,61,robust,0.7,0.04,8,60,10,0.9166666666666666,5120.0,8.533333333333335,5.056849299930036,0.0,0,0
rcs0.1_k8,62,v1,0.5,0.04666666666666667,2,31,10,1.0,1280.0,2.1333333333333333,2.837723300093785,0.0,0,0
rcs0.1_k8,62,joint,0.5,0.04666666666666667,5,31,10,1.0,3200.0,5.333333333333334,3.254787700017914,0.013387253146180833,1126,2
rcs0.1_k8,62,balanced,0.8,0.056666666666666664,8,60,10,1.0,5120.0,8.533333333333335,0.7120581000344828,0.0,0,0
rcs0.1_k8,62,robust,0.7,0.043333333333333335,8,55,10,1.0,5120.0,8.533333333333335,5.105707599897869,0.0,0,0
rcs0.1_k8,63,v1,0.2,0.04666666666666667,8,35,10,1.0,5120.0,8.533333333333335,2.9006586000323296,0.0,0,0
rcs0.1_k8,63,joint,0.2,0.04,8,36,10,1.0,5120.0,8.533333333333335,3.0578188998624682,0.010439674577085611,474,2
rcs0.1_k8,63,balanced,0.3,0.03,8,60,10,1.0,5120.0,8.533333333333335,0.7255400000140071,0.0,0,0
rcs0.1_k8,63,robust,0.3,0.05333333333333334,8,35,10,1.0,5120.0,8.533333333333335,2.5499699000502005,0.0,0,0
rcs0.1_k8,64,v1,0.4,0.04,7,38,10,1.0,4480.0,7.466666666666669,4.033706999965943,0.0,0,0
rcs0.1_k8,64,joint,0.4,0.03666666666666667,6,39,10,1.0,3840.0,6.400000000000001,4.275796000030823,0.0034198163475064325,753,2
rcs0.1_k8,64,balanced,0.7,0.06666666666666667,8,60,10,1.0,5120.0,8.533333333333335,0.7798704999731854,0.0,0,0
rcs0.1_k8,64,robust,0.9,0.056666666666666664,8,55,10,1.0,5120.0,8.533333333333335,5.602971000014804,0.0,0,0
rcs0.1_k8,65,v1,0.8,0.05,6,30,10,1.0,3840.0,6.400000000000001,2.8020355000626296,0.0,0,0
rcs0.1_k8,65,joint,0.8,0.05,6,30,10,1.0,3840.0,6.400000000000001,3.020755299949087,0.0,804,0
rcs0.1_k8,65,balanced,0.7,0.04,8,60,10,1.0,5120.0,8.533333333333335,0.6465755000244826,0.0,0,0
rcs0.1_k8,65,robust,0.8,0.043333333333333335,8,60,10,1.0,5120.0,8.533333333333335,6.256434999988414,0.0,0,0
rcs0.1_k8,66,v1,0.7,0.05333333333333334,8,36,10,1.0,5120.0,8.533333333333335,3.2925975000252947,0.0,0,0
rcs0.1_k8,66,joint,0.8,0.05,8,37,10,1.0,5120.0,8.533333333333335,3.513106300146319,0.027162969002076265,657,5
rcs0.1_k8,66,balanced,0.7,0.05,8,60,10,1.0,5120.0,8.533333333333335,0.712574000004679,0.0,0,0
rcs0.1_k8,66,robust,0.8,0.04666666666666667,8,55,10,1.0,5120.0,8.533333333333335,5.054247899912298,0.0,0,0
rcs0.1_k8,67,v1,0.4,0.04666666666666667,8,41,10,0.8536585365853658,5120.0,8.533333333333335,3.398721499950625,0.0,0,0
rcs0.1_k8,67,joint,0.5,0.03333333333333333,7,34,10,0.8235294117647058,4480.0,7.466666666666669,3.685319900047034,0.7332661434905727,857,6
rcs0.1_k8,67,balanced,0.7,0.04666666666666667,8,60,10,0.9166666666666666,5120.0,8.533333333333335,0.6026330000022426,0.0,0,0
rcs0.1_k8,67,robust,0.5,0.04666666666666667,8,57,10,0.8947368421052632,5120.0,8.533333333333335,4.943735299981199,0.0,0,0
rcs0.1_k8,68,v1,0.5,0.05333333333333334,3,29,10,1.0,1920.0,3.2,3.163080299971625,0.0,0,0
rcs0.1_k8,68,joint,0.5,0.056666666666666664,2,30,10,1.0,1280.0,2.1333333333333333,3.4678101000608876,0.0050270260764130326,1006,2
rcs0.1_k8,68,balanced,0.6,0.03666666666666667,8,60,10,1.0,5120.0,8.533333333333335,0.7265462999930605,0.0,0,0
rcs0.1_k8,68,robust,0.6,0.04,8,50,10,1.0,5120.0,8.533333333333335,4.253617399954237,0.0,0,0
rcs0.1_k8,69,v1,0.5,0.03333333333333333,8,51,10,0.9803921568627451,5120.0,8.533333333333335,5.913797799963504,0.0,0,0
rcs0.1_k8,69,joint,0.5,0.02666666666666667,8,47,10,1.0,5120.0,8.533333333333335,6.108641500002705,0.0765286103841496,573,3
rcs0.1_k8,69,balanced,0.5,0.04,8,60,10,0.9833333333333333,5120.0,8.533333333333335,0.7271311999065802,0.0,0,0
rcs0.1_k8,69,robust,0.5,0.04666666666666667,4,51,10,0.9803921568627451,2560.0,4.266666666666667,5.394046200090088,0.0,0,0
rcs0.1_k8,70,v1,0.4,0.04,5,34,10,0.9705882352941176,3200.0,5.333333333333334,4.102504000067711,0.0,0,0
rcs0.1_k8,70,joint,0.4,0.05,5,36,10,0.9722222222222222,3200.0,5.333333333333334,4.360023200162686,0.042232067559887065,882,3
rcs0.1_k8,70,balanced,0.7,0.06,8,60,10,0.9833333333333333,5120.0,8.533333333333335,0.8385013999650255,0.0,0,0
rcs0.1_k8,70,robust,0.7,0.05333333333333334,8,50,10,0.98,5120.0,8.533333333333335,4.678663200000301,0.0,0,0
rcs0.1_k8,71,v1,0.5,0.05333333333333334,8,41,10,1.0,5120.0,8.533333333333335,4.608315699966624,0.0,0,0
rcs0.1_k8,71,joint,0.5,0.05333333333333334,8,41,10,1.0,5120.0,8.533333333333335,4.748361099860631,0.0,432,0
rcs0.1_k8,71,balanced,0.7,0.07,8,60,10,1.0,5120.0,8.533333333333335,0.9888551000040025,0.0,0,0
rcs0.1_k8,71,robust,0.7,0.08,8,50,10,1.0,5120.0,8.533333333333335,5.128568300046027,0.0,0,0
rcs0.1_k8,72,v1,0.7,0.043333333333333335,8,51,10,0.8627450980392157,5120.0,8.533333333333335,5.299323000013828,0.0,0,0
rcs0.1_k8,72,joint,0.7,0.043333333333333335,8,51,10,0.8627450980392157,5120.0,8.533333333333335,5.44779759994708,0.0,446,0
rcs0.1_k8,72,balanced,0.8,0.04666666666666667,8,60,10,0.8833333333333333,5120.0,8.533333333333335,0.7238331000553444,0.0,0,0
rcs0.1_k8,72,robust,0.9,0.043333333333333335,7,60,10,0.8833333333333333,4480.0,7.466666666666669,7.174613400013186,0.0,0,0
rcs0.1_k8,73,v1,0.6,0.03,8,33,10,1.0,5120.0,8.533333333333335,3.1519163000630215,0.0,0,0
rcs0.1_k8,73,joint,0.5,0.023333333333333334,5,34,10,1.0,3200.0,5.333333333333334,3.527546100085601,0.07268162227272998,1041,5
rcs0.1_k8,73,balanced,0.7,0.04666666666666667,8,60,10,0.9833333333333333,5120.0,8.533333333333335,0.8239959999918938,0.0,0,0
rcs0.1_k8,73,robust,0.6,0.03333333333333333,8,60,10,0.9833333333333333,5120.0,8.533333333333335,6.324312199954875,0.0,0,0
rcs0.1_k8,74,v1,0.4,0.03666666666666667,8,50,10,1.0,5120.0,8.533333333333335,5.279159200028516,0.0,0,0
rcs0.1_k8,74,joint,0.4,0.04,8,50,10,1.0,5120.0,8.533333333333335,5.45483169995714,0.00106774639642504,468,1
rcs0.1_k8,74,balanced,0.6,0.05333333333333334,8,60,10,1.0,5120.0,8.533333333333335,0.873627100023441,0.0,0,0
rcs0.1_k8,74,robust,0.4,0.03,8,50,10,1.0,5120.0,8.533333333333335,4.450959600042552,0.0,0,0
rcs0.1_k8,75,v1,0.3,0.05,8,42,10,0.9285714285714286,5120.0,8.533333333333335,3.6177188999718055,0.0,0,0
rcs0.1_k8,75,joint,0.3,0.05,7,42,10,0.9285714285714286,4480.0,7.466666666666669,3.8262753000017256,0.013441422955088989,575,2
rcs0.1_k8,75,balanced,0.2,0.05,8,60,10,0.9666666666666667,5120.0,8.533333333333335,0.5764104999834672,0.0,0,0
rcs0.1_k8,75,robust,0.2,0.04,8,50,10,0.96,5120.0,8.533333333333335,4.221454899990931,0.0,0,0
rcs0.1_k8,76,v1,0.7,0.03666666666666667,8,41,10,1.0,5120.0,8.533333333333335,4.631420299992897,0.0,0,0
rcs0.1_k8,76,joint,0.7,0.03666666666666667,3,36,10,1.0,1920.0,3.2,4.927580100018531,0.062140875442052934,865,2
rcs0.1_k8,76,balanced,0.8,0.043333333333333335,8,60,10,0.9833333333333333,5120.0,8.533333333333335,0.7331845000153407,0.0,0,0
rcs0.1_k8,76,robust,0.9,0.04666666666666667,8,60,10,0.9833333333333333,5120.0,8.533333333333335,6.042164299986325,0.0,0,0
rcs0.1_k8,77,v1,0.5,0.043333333333333335,8,43,10,1.0,5120.0,8.533333333333335,3.821191200055182,0.0,0,0
rcs0.1_k8,77,joint,0.4,0.03666666666666667,8,43,10,1.0,5120.0,8.533333333333335,4.069505000021309,0.03632011939489743,702,5
rcs0.1_k8,77,balanced,0.6,0.043333333333333335,8,60,10,1.0,5120.0,8.533333333333335,0.6305915999691933,0.0,0,0
rcs0.1_k8,77,robust,0.6,0.03333333333333333,8,55,10,1.0,5120.0,8.533333333333335,4.91445839998778,0.0,0,0
rcs0.1_k8,78,v1,0.6,0.05333333333333334,8,43,10,1.0,5120.0,8.533333333333335,4.078047099988908,0.0,0,0
rcs0.1_k8,78,joint,0.6,0.05333333333333334,8,43,10,1.0,5120.0,8.533333333333335,4.227142099873163,0.0,484,0
rcs0.1_k8,78,balanced,0.5,0.05,8,60,10,1.0,5120.0,8.533333333333335,0.7290820999769494,0.0,0,0
rcs0.1_k8,78,robust,0.5,0.05333333333333334,8,55,10,1.0,5120.0,8.533333333333335,4.916702999966219,0.0,0,0
rcs0.1_k8,79,v1,0.7,0.08,3,28,10,1.0,1920.0,3.2,3.096112299943343,0.0,0,0
rcs0.1_k8,79,joint,0.7,0.08,3,28,10,1.0,1920.0,3.2,3.344473199918866,0.0,859,0
rcs0.1_k8,79,balanced,0.9,0.08666666666666667,8,60,10,1.0,5120.0,8.533333333333335,0.7376453001052141,0.0,0,0
rcs0.1_k8,79,robust,0.9,0.08666666666666667,8,55,10,1.0,5120.0,8.533333333333335,5.317006800090894,0.0,0,0
rcs0.1_k8,80,v1,0.8,0.04,8,26,10,0.8846153846153846,5120.0,8.533333333333335,2.0248411999782547,0.0,0,0
rcs0.1_k8,80,joint,0.8,0.03666666666666667,8,27,10,0.8888888888888888,5120.0,8.533333333333335,2.1716785999014974,0.031978294054572975,443,2
rcs0.1_k8,80,balanced,0.6,0.056666666666666664,8,60,10,0.95,5120.0,8.533333333333335,0.5474171000532806,0.0,0,0
rcs0.1_k8,80,robust,0.6,0.06333333333333334,8,55,10,0.9272727272727272,5120.0,8.533333333333335,4.395763500011526,0.0,0,0
rcs0.1_k8,81,v1,0.7,0.05,8,35,10,1.0,5120.0,8.533333333333335,1.9883567000506446,0.0,0,0
rcs0.1_k8,81,joint,0.6,0.043333333333333335,6,28,10,1.0,3840.0,6.400000000000001,2.2345526000717655,0.21538734550209493,711,9
rcs0.1_k8,81,balanced,0.5,0.04,8,60,10,1.0,5120.0,8.533333333333335,0.47377509996294975,0.0,0,0
rcs0.1_k8,81,robust,0.5,0.05333333333333334,8,50,10,1.0,5120.0,8.533333333333335,3.224094200064428,0.0,0,0
rcs0.1_k8,82,v1,0.8,0.05,8,48,10,0.9583333333333334,5120.0,8.533333333333335,4.721583700040355,0.0,0,0
rcs0.1_k8,82,joint,0.8,0.05333333333333334,7,49,10,0.9591836734693877,4480.0,7.466666666666669,5.014043900067918,0.015439317484219561,817,4
rcs0.1_k8,82,balanced,0.7,0.06333333333333334,8,60,10,0.9833333333333333,5120.0,8.533333333333335,0.5640130999963731,0.0,0,0
rcs0.1_k8,82,robust,0.4,0.056666666666666664,8,40,10,0.975,5120.0,8.533333333333335,2.5652661999920383,0.0,0,0
rcs0.1_k8,83,v1,0.4,0.03666666666666667,8,45,10,1.0,5120.0,8.533333333333335,3.1466242999304086,0.0,0,0
rcs0.1_k8,83,joint,0.3,0.03,8,41,10,0.975609756097561,5120.0,8.533333333333335,3.4085781999165192,0.5411489402056482,727,9
rcs0.1_k8,83,balanced,0.5,0.04666666666666667,8,60,10,0.9333333333333333,5120.0,8.533333333333335,0.42488599999342114,0.0,0,0
rcs0.1_k8,83,robust,0.5,0.03666666666666667,8,55,10,1.0,5120.0,8.533333333333335,4.144542700028978,0.0,0,0
rcs0.1_k8,84,v1,0.5,0.06,8,37,10,1.0,5120.0,8.533333333333335,3.0091052000643685,0.0,0,0
rcs0.1_k8,84,joint,0.5,0.05333333333333334,8,38,10,1.0,5120.0,8.533333333333335,3.172741899965331,0.007826810802081918,506,2
rcs0.1_k8,84,balanced,0.7,0.06333333333333334,8,60,10,0.9833333333333333,5120.0,8.533333333333335,0.6420793000143021,0.0,0,0
rcs0.1_k8,84,robust,0.7,0.04666666666666667,8,55,10,0.9818181818181818,5120.0,8.533333333333335,5.032692200038582,0.0,0,0
rcs0.1_k8,85,v1,0.8,0.043333333333333335,8,39,10,1.0,5120.0,8.533333333333335,3.691662999917753,0.0,0,0
rcs0.1_k8,85,joint,0.8,0.043333333333333335,7,40,10,1.0,4480.0,7.466666666666669,3.8760678998660296,0.12299013336908038,578,2
rcs0.1_k8,85,balanced,0.8,0.06,8,60,10,1.0,5120.0,8.533333333333335,0.6905214000726119,0.0,0,0
rcs0.1_k8,85,robust,0.8,0.056666666666666664,8,55,10,1.0,5120.0,8.533333333333335,5.167000800021924,0.0,0,0
rcs0.1_k8,86,v1,0.6,0.03333333333333333,8,42,10,1.0,5120.0,8.533333333333335,3.27799169998616,0.0,0,0
rcs0.1_k8,86,joint,0.7,0.03666666666666667,6,40,10,1.0,3840.0,6.400000000000001,3.5482876000460237,0.2494964782658542,844,8
rcs0.1_k8,86,balanced,0.7,0.05333333333333334,8,60,10,1.0,5120.0,8.533333333333335,0.5112210999941453,0.0,0,0
rcs0.1_k8,86,robust,0.5,0.043333333333333335,8,55,10,1.0,5120.0,8.533333333333335,3.9961647000163794,0.0,0,0
rcs0.1_k8,87,v1,0.5,0.043333333333333335,5,35,10,1.0,3200.0,5.333333333333334,3.8427239999873564,0.0,0,0
rcs0.1_k8,87,joint,0.5,0.05333333333333334,4,36,10,0.9722222222222222,2560.0,4.266666666666667,4.159554600017145,0.005333333333333329,969,2
rcs0.1_k8,87,balanced,0.5,0.056666666666666664,8,60,10,0.9833333333333333,5120.0,8.533333333333335,0.7159084000159055,0.0,0,0
rcs0.1_k8,87,robust,0.5,0.05,8,60,10,0.9833333333333333,5120.0,8.533333333333335,6.218909399933182,0.0,0,0
rcs0.1_k8,88,v1,0.5,0.05,8,37,10,1.0,5120.0,8.533333333333335,3.3212264000903815,0.0,0,0
rcs0.1_k8,88,joint,0.5,0.04,5,38,10,1.0,3200.0,5.333333333333334,3.6089809000259265,0.013045137905599802,844,3
rcs0.1_k8,88,balanced,0.6,0.05333333333333334,8,60,10,1.0,5120.0,8.533333333333335,0.6971021000063047,0.0,0,0
rcs0.1_k8,88,robust,0.6,0.04666666666666667,8,55,10,1.0,5120.0,8.533333333333335,5.317057100008242,0.0,0,0
rcs0.1_k8,89,v1,0.5,0.043333333333333335,8,55,10,1.0,5120.0,8.533333333333335,5.81875089998357,0.0,0,0
rcs0.1_k8,89,joint,0.5,0.043333333333333335,8,55,10,1.0,5120.0,8.533333333333335,5.96837309980765,0.0,465,0
rcs0.1_k8,89,balanced,0.6,0.02666666666666667,8,60,10,1.0,5120.0,8.533333333333335,0.789715800085105,0.0,0,0
rcs0.1_k8,89,robust,0.5,0.05333333333333334,8,45,10,1.0,5120.0,8.533333333333335,4.165795999928378,0.0,0,0
rcs0.1_k8,90,v1,0.6,0.08666666666666667,5,30,10,1.0,3200.0,5.333333333333334,3.105612299987115,0.0,0,0
rcs0.1_k8,90,joint,0.6,0.09,6,32,10,1.0,3840.0,6.400000000000001,3.32662590011023,0.04983166452259424,763,2
rcs0.1_k8,90,balanced,0.6,0.07333333333333333,8,60,10,0.95,5120.0,8.533333333333335,0.8178892999421805,0.0,0,0
rcs0.1_k8,90,robust,0.6,0.07666666666666666,8,40,10,0.925,5120.0,8.533333333333335,3.9543220000341535,0.0,0,0
rcs0.1_k8,91,v1,0.3,0.03,8,46,10,1.0,5120.0,8.533333333333335,4.097825400065631,0.0,0,0
rcs0.1_k8,91,joint,0.3,0.03,8,46,10,1.0,5120.0,8.533333333333335,4.237361800041981,0.0,468,0
rcs0.1_k8,91,balanced,0.3,0.04,8,60,10,0.9666666666666667,5120.0,8.533333333333335,0.6546877999790013,0.0,0,0
rcs0.1_k8,91,robust,0.5,0.043333333333333335,8,60,10,0.9666666666666667,5120.0,8.533333333333335,5.336090500000864,0.0,0,0
rcs0.1_k8,92,v1,0.3,0.056666666666666664,8,52,10,1.0,5120.0,8.533333333333335,5.551711600041017,0.0,0,0
rcs0.1_k8,92,joint,0.3,0.056666666666666664,8,52,10,1.0,5120.0,8.533333333333335,5.712840100051835,0.0,500,0
rcs0.1_k8,92,balanced,0.3,0.06333333333333334,8,60,10,1.0,5120.0,8.533333333333335,0.8430206999182701,0.0,0,0
rcs0.1_k8,92,robust,0.3,0.06,8,60,10,1.0,5120.0,8.533333333333335,6.591288700001314,0.0,0,0
rcs0.1_k8,93,v1,0.6,0.04,8,39,10,0.8974358974358975,5120.0,8.533333333333335,3.7589757000096142,0.0,0,0
rcs0.1_k8,93,joint,0.6,0.04666666666666667,8,40,10,0.9,5120.0,8.533333333333335,3.9512182000325993,0.0642051144464808,573,3
rcs0.1_k8,93,balanced,0.6,0.04666666666666667,8,60,10,0.9333333333333333,5120.0,8.533333333333335,0.7659578999737278,0.0,0,0
rcs0.1_k8,93,robust,0.5,0.05333333333333334,8,50,10,0.98,5120.0,8.533333333333335,4.959873199928552,0.0,0,0
rcs0.1_k8,94,v1,0.6,0.043333333333333335,8,46,10,1.0,5120.0,8.533333333333335,4.554138800012879,0.0,0,0
rcs0.1_k8,94,joint,0.7,0.05,8,47,10,1.0,5120.0,8.533333333333335,4.73830660013482,0.014326640761082254,518,3
rcs0.1_k8,94,balanced,0.6,0.05,8,60,10,1.0,5120.0,8.533333333333335,0.7529236999107525,0.0,0,0
rcs0.1_k8,94,robust,0.6,0.03666666666666667,8,45,10,1.0,5120.0,8.533333333333335,4.050686800037511,0.0,0,0
rcs0.1_k8,95,v1,0.8,0.04666666666666667,8,50,10,0.98,5120.0,8.533333333333335,3.9259816999547184,0.0,0,0
rcs0.1_k8,95,joint,0.8,0.04666666666666667,8,50,10,0.96,5120.0,8.533333333333335,4.107218199991621,0.008396931904868898,466,2
rcs0.1_k8,95,balanced,0.8,0.05,8,60,10,0.9833333333333333,5120.0,8.533333333333335,0.48141560005024076,0.0,0,0
rcs0.1_k8,95,robust,0.5,0.043333333333333335,8,40,10,1.0,5120.0,8.533333333333335,2.5966837001033127,0.0,0,0
rcs0.1_k8,96,v1,0.7,0.02666666666666667,6,24,10,1.0,3840.0,6.400000000000001,2.4246989999664947,0.0,0,0
rcs0.1_k8,96,joint,0.8,0.03,5,26,10,1.0,3200.0,5.333333333333334,2.7251317999325693,0.12960802480767097,999,3
rcs0.1_k8,96,balanced,0.7,0.056666666666666664,8,60,10,1.0,5120.0,8.533333333333335,0.7762408000417054,0.0,0,0
rcs0.1_k8,96,robust,0.6,0.056666666666666664,8,50,10,1.0,5120.0,8.533333333333335,4.655517000006512,0.0,0,0
rcs0.1_k8,97,v1,0.6,0.06333333333333334,8,32,10,0.96875,5120.0,8.533333333333335,2.9383993999799713,0.0,0,0
rcs0.1_k8,97,joint,0.6,0.056666666666666664,8,32,10,1.0,5120.0,8.533333333333335,3.145567499916069,0.03884548732340254,590,3
rcs0.1_k8,97,balanced,0.8,0.06333333333333334,8,60,10,0.9833333333333333,5120.0,8.533333333333335,0.75493630010169,0.0,0,0
rcs0.1_k8,97,robust,0.8,0.07333333333333333,8,56,10,0.9821428571428571,5120.0,8.533333333333335,5.731342899962328,0.0,0,0
rcs0.1_k8,98,v1,0.7,0.04666666666666667,6,39,10,1.0,3840.0,6.400000000000001,3.871498199994676,0.0,0,0
rcs0.1_k8,98,joint,0.7,0.04666666666666667,6,39,10,1.0,3840.0,6.400000000000001,4.102866500150412,0.0,763,0
rcs0.1_k8,98,balanced,0.6,0.043333333333333335,8,60,10,1.0,5120.0,8.533333333333335,0.7930897000478581,0.0,0,0
rcs0.1_k8,98,robust,0.7,0.056666666666666664,8,60,10,1.0,5120.0,8.533333333333335,5.9981695000315085,0.0,0,0
rcs0.1_k8,99,v1,1.0,0.06666666666666667,8,30,10,1.0,5120.0,8.533333333333335,3.191986299934797,0.0,0,0
rcs0.1_k8,99,joint,0.9,0.06666666666666667,8,31,10,1.0,5120.0,8.533333333333335,3.3790049999952316,0.017371798065510147,583,3
rcs0.1_k8,99,balanced,1.0,0.05,8,60,10,1.0,5120.0,8.533333333333335,0.8555219999980181,0.0,0,0
rcs0.1_k8,99,robust,0.9,0.04666666666666667,8,55,10,1.0,5120.0,8.533333333333335,5.49456410005223,0.0,0,0
rcs0.2_k0,0,v1,1.0,0.043333333333333335,0,28,10,1.0,0.0,0.0,1.932186600053683,0.0,0,0
rcs0.2_k0,0,joint,1.0,0.043333333333333335,0,28,10,1.0,0.0,0.0,2.0237309000222012,0.0,300,0
rcs0.2_k0,0,balanced,1.0,0.05333333333333334,0,60,10,1.0,0.0,0.0,0.548649900010787,0.0,0,0
rcs0.2_k0,0,robust,1.0,0.05333333333333334,0,60,10,1.0,0.0,0.0,4.568165200063959,0.0,0,0
rcs0.2_k0,1,v1,0.7,0.023333333333333334,0,36,10,1.0,0.0,0.0,2.233025399968028,0.0,0,0
rcs0.2_k0,1,joint,0.7,0.016666666666666666,0,32,10,1.0,0.0,0.0,2.3486024999292567,0.47067432809719956,327,2
rcs0.2_k0,1,balanced,0.8,0.023333333333333334,0,60,10,0.9833333333333333,0.0,0.0,0.5259775000158697,0.0,0,0
rcs0.2_k0,1,robust,0.8,0.02666666666666667,0,60,10,0.9833333333333333,0.0,0.0,4.26690950000193,0.0,0,0
rcs0.2_k0,2,v1,0.6,0.03333333333333333,0,27,10,0.9629629629629629,0.0,0.0,1.8390324999345466,0.0,0,0
rcs0.2_k0,2,joint,0.6,0.03333333333333333,0,27,10,0.9629629629629629,0.0,0.0,1.9298462000442669,0.0,314,0
rcs0.2_k0,2,balanced,0.7,0.06,0,60,10,0.95,0.0,0.0,0.7128442999674007,0.0,0,0
rcs0.2_k0,2,robust,0.8,0.04,0,60,10,0.95,0.0,0.0,5.142324900021777,0.0,0,0
rcs0.2_k0,3,v1,0.5,0.06333333333333334,0,32,10,1.0,0.0,0.0,2.1548072000732645,0.0,0,0
rcs0.2_k0,3,joint,0.5,0.06666666666666667,0,28,10,1.0,0.0,0.0,2.2815771001623943,0.0011589360565644746,346,2
rcs0.2_k0,3,balanced,0.5,0.05333333333333334,0,60,10,0.9833333333333333,0.0,0.0,0.6356930000474676,0.0,0,0
rcs0.2_k0,3,robust,0.5,0.043333333333333335,0,60,10,0.9833333333333333,0.0,0.0,4.545833199983463,0.0,0,0
rcs0.2_k0,4,v1,0.5,0.05333333333333334,0,42,10,1.0,0.0,0.0,2.879674499970861,0.0,0,0
rcs0.2_k0,4,joint,0.5,0.06,0,38,10,1.0,0.0,0.0,3.0092114999424666,0.32007748428321814,366,2
rcs0.2_k0,4,balanced,0.5,0.05333333333333334,0,60,10,1.0,0.0,0.0,0.6109929999802262,0.0,0,0
rcs0.2_k0,4,robust,0.5,0.04666666666666667,0,60,10,1.0,0.0,0.0,4.209007899975404,0.0,0,0
rcs0.2_k0,5,v1,0.8,0.04,0,42,10,1.0,0.0,0.0,2.9957366000162438,0.0,0,0
rcs0.2_k0,5,joint,0.8,0.03,0,38,10,1.0,0.0,0.0,3.1316814000019804,0.1306015148542432,361,2
rcs0.2_k0,5,balanced,0.8,0.02666666666666667,0,60,10,0.9833333333333333,0.0,0.0,0.6421798999654129,0.0,0,0
rcs0.2_k0,5,robust,0.9,0.03666666666666667,0,60,10,0.9833333333333333,0.0,0.0,4.697024499997497,0.0,0,0
rcs0.2_k0,6,v1,0.6,0.05,0,40,10,0.95,0.0,0.0,2.3132360000163317,0.0,0,0
rcs0.2_k0,6,joint,0.6,0.05,0,40,10,0.95,0.0,0.0,2.421760700060986,0.0,343,0
rcs0.2_k0,6,balanced,0.7,0.07,0,60,10,0.9666666666666667,0.0,0.0,0.5812872999813408,0.0,0,0
rcs0.2_k0,6,robust,0.7,0.06666666666666667,0,60,10,0.9666666666666667,0.0,0.0,4.423692899988964,0.0,0,0
rcs0.2_k0,7,v1,0.9,0.04666666666666667,0,25,10,0.76,0.0,0.0,1.5061429999768734,0.0,0,0
rcs0.2_k0,7,joint,0.9,0.04666666666666667,0,25,10,0.76,0.0,0.0,1.583320099976845,0.0,306,0
rcs0.2_k0,7,balanced,0.9,0.03,0,60,10,0.8833333333333333,0.0,0.0,0.6810893999645486,0.0,0,0
rcs0.2_k0,7,robust,0.9,0.03333333333333333,0,60,10,0.8833333333333333,0.0,0.0,4.888155499938875,0.0,0,0
rcs0.2_k0,8,v1,0.5,0.04,0,37,10,1.0,0.0,0.0,2.1971221000421792,0.0,0,0
rcs0.2_k0,8,joint,0.6,0.05333333333333334,0,33,10,1.0,0.0,0.0,2.326033000019379,0.06857540194552936,358,2
rcs0.2_k0,8,balanced,0.6,0.05,0,60,10,1.0,0.0,0.0,0.5458208000054583,0.0,0,0
rcs0.2_k0,8,robust,0.7,0.03666666666666667,0,60,10,1.0,0.0,0.0,4.223465600050986,0.0,0,0
rcs0.2_k0,9,v1,0.5,0.05333333333333334,0,43,10,1.0,0.0,0.0,3.2386473000515252,0.0,0,0
rcs0.2_k0,9,joint,0.5,0.05,0,39,10,1.0,0.0,0.0,3.3621394000947475,0.20061118391752875,332,2
rcs0.2_k0,9,balanced,0.4,0.03666666666666667,0,60,10,1.0,0.0,0.0,0.5952258999459445,0.0,0,0
rcs0.2_k0,9,robust,0.4,0.05,0,60,10,1.0,0.0,0.0,4.565040600020438,0.0,0,0
rcs0.2_k0,10,v1,0.7,0.03666666666666667,0,28,10,1.0,0.0,0.0,2.478974199970253,0.0,0,0
rcs0.2_k0,10,joint,0.7,0.03666666666666667,0,28,10,1.0,0.0,0.0,2.5648729000240564,0.0,298,0
rcs0.2_k0,10,balanced,0.7,0.04,0,60,10,1.0,0.0,0.0,0.8246317999437451,0.0,0,0
rcs0.2_k0,10,robust,0.7,0.04,0,60,10,1.0,0.0,0.0,5.4183758000144735,0.0,0,0
rcs0.2_k0,11,v1,0.5,0.07333333333333333,0,31,10,1.0,0.0,0.0,2.574571799952537,0.0,0,0
rcs0.2_k0,11,joint,0.6,0.07666666666666666,0,27,10,1.0,0.0,0.0,2.6955015999265015,1.4201678758428473,325,2
rcs0.2_k0,11,balanced,0.7,0.06666666666666667,0,60,10,1.0,0.0,0.0,0.8237435999326408,0.0,0,0
rcs0.2_k0,11,robust,0.7,0.06333333333333334,0,60,10,1.0,0.0,0.0,5.2242309000575915,0.0,0,0
rcs0.2_k0,12,v1,0.6,0.04,0,30,10,0.9333333333333333,0.0,0.0,2.754006000002846,0.0,0,0
rcs0.2_k0,12,joint,0.6,0.04,0,30,10,0.9333333333333333,0.0,0.0,2.847952299984172,0.0,334,0
rcs0.2_k0,12,balanced,0.7,0.04666666666666667,0,60,10,0.9,0.0,0.0,0.9676383000332862,0.0,0,0
rcs0.2_k0,12,robust,0.6,0.03666666666666667,0,60,10,0.9,0.0,0.0,5.648066199966706,0.0,0,0
rcs0.2_k0,13,v1,0.7,0.05,0,39,10,1.0,0.0,0.0,2.9089202999603003,0.0,0,0
rcs0.2_k0,13,joint,0.7,0.04666666666666667,0,31,10,1.0,0.0,0.0,3.0317120000254363,0.624903109288856,352,4
rcs0.2_k0,13,balanced,0.7,0.043333333333333335,0,60,10,1.0,0.0,0.0,0.6187590999761596,0.0,0,0
rcs0.2_k0,13,robust,0.7,0.03666666666666667,0,60,10,1.0,0.0,0.0,4.359860699973069,0.0,0,0
rcs0.2_k0,14,v1,0.6,0.056666666666666664,0,37,10,1.0,0.0,0.0,2.618852199986577,0.0,0,0
rcs0.2_k0,14,joint,0.6,0.056666666666666664,0,37,10,1.0,0.0,0.0,2.7248028999892995,0.0,342,0
rcs0.2_k0,14,balanced,0.8,0.05,0,60,10,1.0,0.0,0.0,0.7190058999694884,0.0,0,0
rcs0.2_k0,14,robust,0.7,0.06,0,60,10,1.0,0.0,0.0,4.970486600068398,0.0,0,0
rcs0.2_k0,15,v1,0.8,0.05,0,43,10,1.0,0.0,0.0,3.2892307000001892,0.0,0,0
rcs0.2_k0,15,joint,0.8,0.05,0,43,10,1.0,0.0,0.0,3.40197770006489,0.0,347,0
rcs0.2_k0,15,balanced,0.7,0.06,0,60,10,1.0,0.0,0.0,0.8842308999737725,0.0,0,0
rcs0.2_k0,15,robust,0.8,0.04666666666666667,0,60,10,1.0,0.0,0.0,5.787642800016329,0.0,0,0
rcs0.2_k0,16,v1,0.8,0.06,0,28,10,0.8571428571428571,0.0,0.0,2.4785403999267146,0.0,0,0
rcs0.2_k0,16,joint,0.8,0.06,0,28,10,0.8571428571428571,0.0,0.0,2.580780699965544,0.0,335,0
rcs0.2_k0,16,balanced,0.9,0.04666666666666667,0,60,10,0.9333333333333333,0.0,0.0,0.7628332999302074,0.0,0,0
rcs0.2_k0,16,robust,0.9,0.05333333333333334,0,60,10,0.95,0.0,0.0,5.169766300008632,0.0,0,0
rcs0.2_k0,17,v1,0.8,0.04666666666666667,0,34,10,1.0,0.0,0.0,2.670139000052586,0.0,0,0
rcs0.2_k0,17,joint,0.8,0.04666666666666667,0,34,10,1.0,0.0,0.0,2.769282400025986,0.0,330,0
rcs0.2_k0,17,balanced,0.8,0.04,0,60,10,1.0,0.0,0.0,0.7509048000210896,0.0,0,0
rcs0.2_k0,17,robust,0.8,0.043333333333333335,0,60,10,1.0,0.0,0.0,5.10919569991529,0.0,0,0
rcs0.2_k0,18,v1,0.6,0.043333333333333335,0,40,10,1.0,0.0,0.0,2.4870721000479534,0.0,0,0
rcs0.2_k0,18,joint,0.8,0.043333333333333335,0,32,10,1.0,0.0,0.0,2.6248415000736713,0.4769472937761874,369,4
rcs0.2_k0,18,balanced,0.7,0.04,0,60,10,0.95,0.0,0.0,0.6375007999595255,0.0,0,0
rcs0.2_k0,18,robust,0.8,0.04,0,60,10,0.9333333333333333,0.0,0.0,4.361150600016117,0.0,0,0
rcs0.2_k0,19,v1,0.9,0.03666666666666667,0,37,10,1.0,0.0,0.0,2.7092545999912545,0.0,0,0
rcs0.2_k0,19,joint,1.0,0.03666666666666667,0,29,10,1.0,0.0,0.0,2.828681300044991,0.7751171034141096,350,4
rcs0.2_k0,19,balanced,0.9,0.06,0,60,10,1.0,0.0,0.0,0.7413665000349283,0.0,0,0
rcs0.2_k0,19,robust,0.9,0.05333333333333334,0,60,10,1.0,0.0,0.0,5.107149299932644,0.0,0,0
rcs0.2_k0,20,v1,1.0,0.056666666666666664,0,23,10,1.0,0.0,0.0,1.7030914999777451,0.0,0,0
rcs0.2_k0,20,joint,1.0,0.056666666666666664,0,23,10,1.0,0.0,0.0,1.7882028999738395,0.0,289,0
rcs0.2_k0,20,balanced,1.0,0.04666666666666667,0,60,10,1.0,0.0,0.0,0.7321531999623403,0.0,0,0
rcs0.2_k0,20,robust,1.0,0.04666666666666667,0,60,10,1.0,0.0,0.0,5.418122800067067,0.0,0,0
rcs0.2_k0,21,v1,1.0,0.06333333333333334,0,24,10,1.0,0.0,0.0,1.7559509000275284,0.0,0,0
rcs0.2_k0,21,joint,1.0,0.06333333333333334,0,24,10,1.0,0.0,0.0,1.8409460000693798,0.0,288,0
rcs0.2_k0,21,balanced,0.9,0.06666666666666667,0,60,10,1.0,0.0,0.0,0.8051993999397382,0.0,0,0
rcs0.2_k0,21,robust,1.0,0.06666666666666667,0,60,10,1.0,0.0,0.0,5.194603800075129,0.0,0,0
rcs0.2_k0,22,v1,0.7,0.056666666666666664,0,30,10,1.0,0.0,0.0,2.0064647999824956,0.0,0,0
rcs0.2_k0,22,joint,0.7,0.056666666666666664,0,30,10,1.0,0.0,0.0,2.0954771001124755,0.0,306,0
rcs0.2_k0,22,balanced,0.9,0.06,0,60,10,1.0,0.0,0.0,0.7753954000072554,0.0,0,0
rcs0.2_k0,22,robust,0.9,0.06,0,60,10,1.0,0.0,0.0,5.377542599919252,0.0,0,0
rcs0.2_k0,23,v1,0.7,0.03333333333333333,0,40,10,1.0,0.0,0.0,2.9958597000222653,0.0,0,0
rcs0.2_k0,23,joint,0.7,0.03333333333333333,0,40,10,1.0,0.0,0.0,3.1104204000439495,0.0,339,0
rcs0.2_k0,23,balanced,0.8,0.05333333333333334,0,60,10,1.0,0.0,0.0,0.8579741000430658,0.0,0,0
rcs0.2_k0,23,robust,0.8,0.05,0,60,10,1.0,0.0,0.0,5.564900700002909,0.0,0,0
rcs0.2_k0,24,v1,0.6,0.04,0,32,10,1.0,0.0,0.0,1.9324121000245214,0.0,0,0
rcs0.2_k0,24,joint,0.7,0.05,0,22,10,1.0,0.0,0.0,2.0513347999658436,1.2139522943689212,339,2
rcs0.2_k0,24,balanced,0.7,0.06,0,60,10,1.0,0.0,0.0,0.6591465000528842,0.0,0,0
rcs0.2_k0,24,robust,0.7,0.05333333333333334,0,60,10,1.0,0.0,0.0,4.6380439000204206,0.0,0,0
rcs0.2_k0,25,v1,0.4,0.04666666666666667,0,46,10,0.9565217391304348,0.0,0.0,2.9506011999910697,0.0,0,0
rcs0.2_k0,25,joint,0.6,0.05,0,38,10,0.9473684210526315,0.0,0.0,3.083802100038156,0.15499465971737303,360,4
rcs0.2_k0,25,balanced,0.5,0.03666666666666667,0,60,10,0.9833333333333333,0.0,0.0,0.5227511000121012,0.0,0,0
rcs0.2_k0,25,robust,0.4,0.05333333333333334,0,60,10,0.9666666666666667,0.0,0.0,4.159085699939169,0.0,0,0
rcs0.2_k0,26,v1,0.5,0.03666666666666667,0,37,10,1.0,0.0,0.0,2.7303874000208452,0.0,0,0
rcs0.2_k0,26,joint,0.5,0.03666666666666667,0,37,10,1.0,0.0,0.0,2.833600900019519,0.0,341,0
rcs0.2_k0,26,balanced,0.7,0.03333333333333333,0,60,10,1.0,0.0,0.0,0.6783364000730217,0.0,0,0
rcs0.2_k0,26,robust,0.7,0.05,0,60,10,1.0,0.0,0.0,4.451008399948478,0.0,0,0
rcs0.2_k0,27,v1,0.8,0.02666666666666667,0,45,10,1.0,0.0,0.0,2.8162238999502733,0.0,0,0
rcs0.2_k0,27,joint,0.8,0.02666666666666667,0,45,10,1.0,0.0,0.0,2.9168160998960957,0.0,317,0
rcs0.2_k0,27,balanced,0.7,0.03666666666666667,0,60,10,1.0,0.0,0.0,0.5751985000679269,0.0,0,0
rcs0.2_k0,27,robust,0.8,0.02666666666666667,0,60,10,1.0,0.0,0.0,4.650071599986404,0.0,0,0
rcs0.2_k0,28,v1,0.6,0.05333333333333334,0,46,10,1.0,0.0,0.0,3.4936840999871492,0.0,0,0
rcs0.2_k0,28,joint,0.6,0.05333333333333334,0,42,10,1.0,0.0,0.0,3.6198649000143632,0.21133271037975376,324,2
rcs0.2_k0,28,balanced,0.7,0.06,0,60,10,1.0,0.0,0.0,0.6740606999956071,0.0,0,0
rcs0.2_k0,28,robust,0.7,0.056666666666666664,0,60,10,1.0,0.0,0.0,4.7606903000269085,0.0,0,0
rcs0.2_k0,29,v1,0.4,0.05,0,38,10,1.0,0.0,0.0,2.5252773000393063,0.0,0,0
rcs0.2_k0,29,joint,0.4,0.056666666666666664,0,34,10,1.0,0.0,0.0,2.649096200009808,0.5593596867309062,349,2
rcs0.2_k0,29,balanced,0.6,0.056666666666666664,0,60,10,1.0,0.0,0.0,0.5539422000292689,0.0,0,0
rcs0.2_k0,29,robust,0.7,0.05,0,60,10,1.0,0.0,0.0,4.274449000018649,0.0,0,0
rcs0.2_k0,30,v1,0.5,0.04,0,45,10,0.9111111111111111,0.0,0.0,2.866720800055191,0.0,0,0
rcs0.2_k0,30,joint,0.5,0.03666666666666667,0,41,10,0.9024390243902439,0.0,0.0,2.995506100007333,0.18741529499953602,347,2
rcs0.2_k0,30,balanced,0.8,0.043333333333333335,0,60,10,0.8833333333333333,0.0,0.0,0.5353535999311134,0.0,0,0
rcs0.2_k0,30,robust,0.7,0.03666666666666667,0,60,10,0.9,0.0,0.0,4.414055700064637,0.0,0,0
rcs0.2_k0,31,v1,0.8,0.04,0,46,10,1.0,0.0,0.0,4.033654700033367,0.0,0,0
rcs0.2_k0,31,joint,0.8,0.04,0,46,10,1.0,0.0,0.0,4.16481010010466,0.0,399,0
rcs0.2_k0,31,balanced,0.7,0.06333333333333334,0,60,10,1.0,0.0,0.0,0.7882856000214815,0.0,0,0
rcs0.2_k0,31,robust,0.8,0.05,0,60,10,1.0,0.0,0.0,5.31643439992331,0.0,0,0
rcs0.2_k0,32,v1,0.7,0.043333333333333335,0,30,10,1.0,0.0,0.0,1.8020579000003636,0.0,0,0
rcs0.2_k0,32,joint,0.7,0.043333333333333335,0,30,10,1.0,0.0,0.0,1.8898671999340877,0.0,298,0
rcs0.2_k0,32,balanced,0.7,0.03,0,60,10,1.0,0.0,0.0,0.651894100010395,0.0,0,0
rcs0.2_k0,32,robust,0.8,0.03333333333333333,0,60,10,1.0,0.0,0.0,4.763385299942456,0.0,0,0
rcs0.2_k0,33,v1,0.9,0.056666666666666664,0,30,10,1.0,0.0,0.0,1.819126599933952,0.0,0,0
rcs0.2_k0,33,joint,0.9,0.056666666666666664,0,30,10,1.0,0.0,0.0,1.9054093000013381,0.0,305,0
rcs0.2_k0,33,balanced,0.9,0.06333333333333334,0,60,10,0.9833333333333333,0.0,0.0,0.6854576000478119,0.0,0,0
rcs0.2_k0,33,robust,0.9,0.043333333333333335,0,60,10,0.9833333333333333,0.0,0.0,5.2065810998901725,0.0,0,0
rcs0.2_k0,34,v1,0.7,0.06333333333333334,0,29,10,0.9655172413793104,0.0,0.0,2.2082418999634683,0.0,0,0
rcs0.2_k0,34,joint,0.7,0.06333333333333334,0,29,10,0.9655172413793104,0.0,0.0,2.3066096999682486,0.0,316,0
rcs0.2_k0,34,balanced,0.9,0.07666666666666666,0,60,10,0.9833333333333333,0.0,0.0,0.8569278999930248,0.0,0,0
rcs0.2_k0,34,robust,0.9,0.06666666666666667,0,60,10,0.9833333333333333,0.0,0.0,5.345892500015907,0.0,0,0
rcs0.2_k0,35,v1,0.7,0.03333333333333333,0,39,10,1.0,0.0,0.0,2.808094499981962,0.0,0,0
rcs0.2_k0,35,joint,0.7,0.03333333333333333,0,39,10,1.0,0.0,0.0,2.915316700004041,0.0,329,0
rcs0.2_k0,35,balanced,0.8,0.05,0,60,10,1.0,0.0,0.0,0.5862554999766871,0.0,0,0
rcs0.2_k0,35,robust,0.9,0.043333333333333335,0,60,10,1.0,0.0,0.0,4.803406100021675,0.0,0,0
rcs0.2_k0,36,v1,0.4,0.043333333333333335,0,44,10,1.0,0.0,0.0,3.379194000037387,0.0,0,0
rcs0.2_k0,36,joint,0.4,0.043333333333333335,0,44,10,1.0,0.0,0.0,3.491570599959232,0.0,347,0
rcs0.2_k0,36,balanced,0.5,0.05,0,60,10,1.0,0.0,0.0,0.7290074999909848,0.0,0,0
rcs0.2_k0,36,robust,0.5,0.04666666666666667,0,60,10,1.0,0.0,0.0,4.93297760002315,0.0,0,0
rcs0.2_k0,37,v1,0.7,0.06333333333333334,0,27,10,0.9629629629629629,0.0,0.0,1.7686690000118688,0.0,0,0
rcs0.2_k0,37,joint,0.7,0.06333333333333334,0,27,10,0.9629629629629629,0.0,0.0,1.8597121000057086,0.0,302,0
rcs0.2_k0,37,balanced,0.8,0.08333333333333333,0,60,10,0.9833333333333333,0.0,0.0,0.6594490999123082,0.0,0,0
rcs0.2_k0,37,robust,0.8,0.07,0,60,10,0.9833333333333333,0.0,0.0,4.6781763000180945,0.0,0,0
rcs0.2_k0,38,v1,0.8,0.05,0,36,10,1.0,0.0,0.0,2.633586199954152,0.0,0,0
rcs0.2_k0,38,joint,0.8,0.05,0,36,10,1.0,0.0,0.0,2.7422101000556722,0.0,335,0
rcs0.2_k0,38,balanced,0.9,0.05,0,60,10,1.0,0.0,0.0,0.8515945000108331,0.0,0,0
rcs0.2_k0,38,robust,0.9,0.04666666666666667,0,60,10,1.0,0.0,0.0,5.098042099969462,0.0,0,0
rcs0.2_k0,39,v1,0.6,0.05,0,40,10,1.0,0.0,0.0,2.6110568000003695,0.0,0,0
rcs0.2_k0,39,joint,0.6,0.05,0,40,10,1.0,0.0,0.0,2.7252827000338584,0.0,320,0
rcs0.2_k0,39,balanced,0.6,0.056666666666666664,0,60,10,1.0,0.0,0.0,0.669904200010933,0.0,0,0
rcs0.2_k0,39,robust,0.5,0.04,0,60,10,1.0,0.0,0.0,5.037322499905713,0.0,0,0
rcs0.2_k0,40,v1,0.6,0.05333333333333334,0,26,10,0.9615384615384616,0.0,0.0,1.6450486000394449,0.0,0,0
rcs0.2_k0,40,joint,0.6,0.05333333333333334,0,26,10,0.9615384615384616,0.0,0.0,1.7326197000220418,0.0,292,0
rcs0.2_k0,40,balanced,0.7,0.06333333333333334,0,60,10,0.9833333333333333,0.0,0.0,0.6921764999860898,0.0,0,0
rcs0.2_k0,40,robust,0.8,0.05333333333333334,0,58,10,0.9827586206896551,0.0,0.0,4.794310900033452,0.0,0,0
rcs0.2_k0,41,v1,0.7,0.05,0,33,10,1.0,0.0,0.0,2.2180963000282645,0.0,0,0
rcs0.2_k0,41,joint,0.7,0.05,0,33,10,1.0,0.0,0.0,2.3151861000806093,0.0,307,0
rcs0.2_k0,41,balanced,0.7,0.04666666666666667,0,60,10,1.0,0.0,0.0,0.7005009999265894,0.0,0,0
rcs0.2_k0,41,robust,0.7,0.043333333333333335,0,60,10,1.0,0.0,0.0,4.8466177000664175,0.0,0,0
rcs0.2_k0,42,v1,0.7,0.06666666666666667,0,39,10,1.0,0.0,0.0,2.9663177999900654,0.0,0,0
rcs0.2_k0,42,joint,0.7,0.06666666666666667,0,39,10,1.0,0.0,0.0,3.0713400999084115,0.0,332,0
rcs0.2_k0,42,balanced,0.7,0.043333333333333335,0,60,10,1.0,0.0,0.0,0.7565127999987453,0.0,0,0
rcs0.2_k0,42,robust,0.8,0.05333333333333334,0,60,10,1.0,0.0,0.0,5.103464000043459,0.0,0,0
rcs0.2_k0,43,v1,0.7,0.03666666666666667,0,32,10,0.84375,0.0,0.0,2.5888596000149846,0.0,0,0
rcs0.2_k0,43,joint,0.7,0.03666666666666667,0,32,10,0.84375,0.0,0.0,2.6850385001162067,0.0,315,0
rcs0.2_k0,43,balanced,0.8,0.05333333333333334,0,60,10,0.9,0.0,0.0,0.8436720999889076,0.0,0,0
rcs0.2_k0,43,robust,0.8,0.04,0,60,10,0.9,0.0,0.0,5.570379999931902,0.0,0,0
rcs0.2_k0,44,v1,0.8,0.04,0,41,10,1.0,0.0,0.0,3.073836400057189,0.0,0,0
rcs0.2_k0,44,joint,0.7,0.03666666666666667,0,37,10,1.0,0.0,0.0,3.1866567000979558,0.06964803730708358,309,2
rcs0.2_k0,44,balanced,0.8,0.03,0,60,10,1.0,0.0,0.0,0.6048833999084309,0.0,0,0
rcs0.2_k0,44,robust,0.8,0.043333333333333335,0,60,10,1.0,0.0,0.0,4.572515900013968,0.0,0,0
rcs0.2_k0,45,v1,0.8,0.07,0,36,10,0.9722222222222222,0.0,0.0,2.5258875000290573,0.0,0,0
rcs0.2_k0,45,joint,0.8,0.07,0,32,10,0.96875,0.0,0.0,2.6511344000464305,0.7106780230863893,340,2
rcs0.2_k0,45,balanced,0.9,0.06333333333333334,0,60,10,0.9833333333333333,0.0,0.0,0.7933014000300318,0.0,0,0
rcs0.2_k0,45,robust,0.8,0.05,0,60,10,0.9833333333333333,0.0,0.0,4.962202499969862,0.0,0,0
rcs0.2_k0,46,v1,0.6,0.03333333333333333,0,41,10,1.0,0.0,0.0,3.0132306999294087,0.0,0,0
rcs0.2_k0,46,joint,0.6,0.03,0,37,10,1.0,0.0,0.0,3.135991199873388,0.039107256560909964,334,2
rcs0.2_k0,46,balanced,0.7,0.04,0,60,10,1.0,0.0,0.0,0.721875200048089,0.0,0,0
rcs0.2_k0,46,robust,0.6,0.056666666666666664,0,60,10,1.0,0.0,0.0,4.925463899970055,0.0,0,0
rcs0.2_k0,47,v1,0.7,0.06333333333333334,0,30,10,1.0,0.0,0.0,2.230070500052534,0.0,0,0
rcs0.2_k0,47,joint,0.7,0.06333333333333334,0,30,10,1.0,0.0,0.0,2.324541800073348,0.0,316,0
rcs0.2_k0,47,balanced,0.8,0.04666666666666667,0,60,10,1.0,0.0,0.0,0.7157274999190122,0.0,0,0
rcs0.2_k0,47,robust,0.9,0.04666666666666667,0,60,10,1.0,0.0,0.0,5.14731330005452,0.0,0,0
rcs0.2_k0,48,v1,0.9,0.043333333333333335,0,22,10,1.0,0.0,0.0,1.4267794999759644,0.0,0,0
rcs0.2_k0,48,joint,0.9,0.043333333333333335,0,22,10,1.0,0.0,0.0,1.511602999875322,0.0,292,0
rcs0.2_k0,48,balanced,1.0,0.03666666666666667,0,60,10,0.9333333333333333,0.0,0.0,0.6536890000570565,0.0,0,0
rcs0.2_k0,48,robust,0.9,0.03,0,60,10,0.95,0.0,0.0,4.8940101999323815,0.0,0,0
rcs0.2_k0,49,v1,0.7,0.05,0,28,10,0.9642857142857143,0.0,0.0,2.0397683999035507,0.0,0,0
rcs0.2_k0,49,joint,0.7,0.05,0,28,10,0.9642857142857143,0.0,0.0,2.1348589000990614,0.0,311,0
rcs0.2_k0,49,balanced,0.7,0.05333333333333334,0,60,10,0.9333333333333333,0.0,0.0,0.7469688000855967,0.0,0,0
rcs0.2_k0,49,robust,0.7,0.05,0,60,10,0.9333333333333333,0.0,0.0,4.9420156999258325,0.0,0,0
rcs0.2_k0,50,v1,0.9,0.03666666666666667,0,38,10,0.9736842105263158,0.0,0.0,2.7241620999993756,0.0,0,0
rcs0.2_k0,50,joint,0.9,0.03666666666666667,0,38,10,0.9736842105263158,0.0,0.0,2.833983999909833,0.0,349,0
rcs0.2_k0,50,balanced,0.8,0.03,0,60,10,0.9666666666666667,0.0,0.0,0.6459966000402346,0.0,0,0
rcs0.2_k0,50,robust,0.9,0.03,0,60,10,0.9666666666666667,0.0,0.0,4.721214099903591,0.0,0,0
rcs0.2_k0,51,v1,0.3,0.08333333333333333,0,55,10,0.9818181818181818,0.0,0.0,4.3854691999731585,0.0,0,0
rcs0.2_k0,51,joint,0.3,0.08333333333333333,0,55,10,0.9818181818181818,0.0,0.0,4.515310800052248,0.0,378,0
rcs0.2_k0,51,balanced,0.5,0.043333333333333335,0,60,10,0.9833333333333333,0.0,0.0,0.7780595999211073,0.0,0,0
rcs0.2_k0,51,robust,0.4,0.07666666666666666,0,60,10,0.9833333333333333,0.0,0.0,4.8542556000174955,0.0,0,0
rcs0.2_k0,52,v1,0.5,0.04666666666666667,0,45,10,1.0,0.0,0.0,3.2673133000498638,0.0,0,0
rcs0.2_k0,52,joint,0.5,0.04666666666666667,0,37,10,1.0,0.0,0.0,3.408001300180331,0.3819147996989771,363,4
rcs0.2_k0,52,balanced,0.6,0.08666666666666667,0,60,10,1.0,0.0,0.0,0.6643263000296429,0.0,0,0
rcs0.2_k0,52,robust,0.4,0.06333333333333334,0,60,10,1.0,0.0,0.0,4.896595500060357,0.0,0,0
rcs0.2_k0,53,v1,0.9,0.08666666666666667,0,18,10,1.0,0.0,0.0,1.3307142000412568,0.0,0,0
rcs0.2_k0,53,joint,0.9,0.08666666666666667,0,18,10,1.0,0.0,0.0,1.412199900019914,0.0,300,0
rcs0.2_k0,53,balanced,0.9,0.06333333333333334,0,60,10,1.0,0.0,0.0,0.74960890004877,0.0,0,0
rcs0.2_k0,53,robust,1.0,0.06,0,60,10,1.0,0.0,0.0,4.977490899967961,0.0,0,0
rcs0.2_k0,54,v1,0.8,0.043333333333333335,0,33,10,1.0,0.0,0.0,2.2064799000509083,0.0,0,0
rcs0.2_k0,54,joint,0.8,0.043333333333333335,0,33,10,1.0,0.0,0.0,2.2939500000793487,0.0,292,0
rcs0.2_k0,54,balanced,0.9,0.04,0,60,10,1.0,0.0,0.0,0.6947549999458715,0.0,0,0
rcs0.2_k0,54,robust,0.9,0.04,0,60,10,1.0,0.0,0.0,5.044528700062074,0.0,0,0
rcs0.2_k0,55,v1,0.7,0.04666666666666667,0,50,10,1.0,0.0,0.0,3.877840799978003,0.0,0,0
rcs0.2_k0,55,joint,0.7,0.04666666666666667,0,50,10,1.0,0.0,0.0,3.9883072999073192,0.0,344,0
rcs0.2_k0,55,balanced,0.7,0.05333333333333334,0,60,10,0.9833333333333333,0.0,0.0,0.7424542000517249,0.0,0,0
rcs0.2_k0,55,robust,0.8,0.07,0,60,10,0.9833333333333333,0.0,0.0,5.112262699985877,0.0,0,0
rcs0.2_k0,56,v1,1.0,0.05,0,40,10,1.0,0.0,0.0,2.8099357000319287,0.0,0,0
rcs0.2_k0,56,joint,1.0,0.05,0,40,10,1.0,0.0,0.0,2.908861399977468,0.0,315,0
rcs0.2_k0,56,balanced,0.9,0.05,0,60,10,1.0,0.0,0.0,0.717806400032714,0.0,0,0
rcs0.2_k0,56,robust,1.0,0.05333333333333334,0,59,10,1.0,0.0,0.0,4.9822285999543965,0.0,0,0
rcs0.2_k0,57,v1,0.5,0.04666666666666667,0,41,10,1.0,0.0,0.0,3.4887687999289483,0.0,0,0
rcs0.2_k0,57,joint,0.5,0.04666666666666667,0,41,10,1.0,0.0,0.0,3.610855800099671,0.0,361,0
rcs0.2_k0,57,balanced,0.6,0.06333333333333334,0,60,10,1.0,0.0,0.0,0.7427345999749377,0.0,0,0
rcs0.2_k0,57,robust,0.5,0.056666666666666664,0,60,10,1.0,0.0,0.0,4.844731100019999,0.0,0,0
rcs0.2_k0,58,v1,0.7,0.06333333333333334,0,25,10,1.0,0.0,0.0,1.6427905999589711,0.0,0,0
rcs0.2_k0,58,joint,0.7,0.06666666666666667,0,21,10,1.0,0.0,0.0,1.7511118000838906,0.19960672050112338,318,2
rcs0.2_k0,58,balanced,0.9,0.04,0,60,10,1.0,0.0,0.0,0.7542186999926344,0.0,0,0
rcs0.2_k0,58,robust,0.8,0.03333333333333333,0,60,10,1.0,0.0,0.0,5.032479500048794,0.0,0,0
rcs0.2_k0,59,v1,0.9,0.03666666666666667,0,37,10,1.0,0.0,0.0,2.6382042000768706,0.0,0,0
rcs0.2_k0,59,joint,0.9,0.03333333333333333,0,33,10,1.0,0.0,0.0,2.7556563999969512,0.05076482891371281,318,2
rcs0.2_k0,59,balanced,1.0,0.056666666666666664,0,60,10,1.0,0.0,0.0,0.7078882000641897,0.0,0,0
rcs0.2_k0,59,robust,1.0,0.05,0,60,10,1.0,0.0,0.0,5.2821561000309885,0.0,0,0
rcs0.2_k0,60,v1,0.5,0.05333333333333334,0,39,10,1.0,0.0,0.0,3.0800165000837296,0.0,0,0
rcs0.2_k0,60,joint,0.5,0.05333333333333334,0,39,10,1.0,0.0,0.0,3.181251500034705,0.0,343,0
rcs0.2_k0,60,balanced,0.7,0.06333333333333334,0,60,10,1.0,0.0,0.0,0.7406522000674158,0.0,0,0
rcs0.2_k0,60,robust,0.8,0.06666666666666667,0,60,10,1.0,0.0,0.0,5.179983300040476,0.0,0,0
rcs0.2_k0,61,v1,0.6,0.03,0,33,10,0.9696969696969697,0.0,0.0,2.213353700004518,0.0,0,0
rcs0.2_k0,61,joint,0.6,0.03333333333333333,0,29,10,0.9655172413793104,0.0,0.0,2.3289547000313178,0.20353448255908413,339,2
rcs0.2_k0,61,balanced,0.7,0.04,0,60,10,0.9166666666666666,0.0,0.0,0.6029817999806255,0.0,0,0
rcs0.2_k0,61,robust,0.7,0.04,0,60,10,0.9166666666666666,0.0,0.0,4.364898700034246,0.0,0,0
rcs0.2_k0,62,v1,0.7,0.05,0,25,10,1.0,0.0,0.0,1.5629882001085207,0.0,0,0
rcs0.2_k0,62,joint,0.7,0.05,0,25,10,1.0,0.0,0.0,1.6589328000554815,0.0,321,0
rcs0.2_k0,62,balanced,0.9,0.06666666666666667,0,60,10,1.0,0.0,0.0,0.6440812000073493,0.0,0,0
rcs0.2_k0,62,robust,0.9,0.06666666666666667,0,60,10,1.0,0.0,0.0,4.778232799959369,0.0,0,0
rcs0.2_k0,63,v1,0.4,0.04666666666666667,0,45,10,1.0,0.0,0.0,3.2285137999569997,0.0,0,0
rcs0.2_k0,63,joint,0.4,0.04666666666666667,0,45,10,1.0,0.0,0.0,3.333065600018017,0.0,330,0
rcs0.2_k0,63,balanced,0.4,0.03666666666666667,0,60,10,1.0,0.0,0.0,0.7039100000401959,0.0,0,0
rcs0.2_k0,63,robust,0.4,0.03666666666666667,0,60,10,1.0,0.0,0.0,4.885260200011544,0.0,0,0
rcs0.2_k0,64,v1,0.6,0.06333333333333334,0,27,10,1.0,0.0,0.0,2.113858300028369,0.0,0,0
rcs0.2_k0,64,joint,0.6,0.06333333333333334,0,27,10,1.0,0.0,0.0,2.207732299924828,0.0,322,0
rcs0.2_k0,64,balanced,0.8,0.056666666666666664,0,60,10,1.0,0.0,0.0,0.72148210008163,0.0,0,0
rcs0.2_k0,64,robust,0.9,0.04666666666666667,0,60,10,1.0,0.0,0.0,5.113094399916008,0.0,0,0
rcs0.2_k0,65,v1,0.7,0.04,0,21,10,1.0,0.0,0.0,1.2816541999345645,0.0,0,0
rcs0.2_k0,65,joint,0.7,0.04,0,21,10,1.0,0.0,0.0,1.3595825999509543,0.0,286,0
rcs0.2_k0,65,balanced,0.8,0.02666666666666667,0,60,10,1.0,0.0,0.0,0.6359790000133216,0.0,0,0
rcs0.2_k0,65,robust,0.8,0.043333333333333335,0,60,10,1.0,0.0,0.0,4.78393649996724,0.0,0,0
rcs0.2_k0,66,v1,0.8,0.04666666666666667,0,27,10,1.0,0.0,0.0,2.019529099925421,0.0,0,0
rcs0.2_k0,66,joint,0.8,0.04666666666666667,0,27,10,1.0,0.0,0.0,2.112247899873182,0.0,307,0
rcs0.2_k0,66,balanced,0.9,0.06333333333333334,0,60,10,1.0,0.0,0.0,0.7344582000514492,0.0,0,0
rcs0.2_k0,66,robust,0.9,0.06,0,60,10,1.0,0.0,0.0,5.108561799977906,0.0,0,0
rcs0.2_k0,67,v1,0.6,0.05,0,34,10,0.9117647058823529,0.0,0.0,2.042790599982254,0.0,0,0
rcs0.2_k0,67,joint,0.7,0.04,0,25,10,0.88,0.0,0.0,2.1747246999293566,1.3978667816349235,368,3
rcs0.2_k0,67,balanced,0.6,0.043333333333333335,0,60,10,0.9,0.0,0.0,0.5704919000854716,0.0,0,0
rcs0.2_k0,67,robust,0.6,0.04,0,60,10,0.9,0.0,0.0,4.482176199904643,0.0,0,0
rcs0.2_k0,68,v1,0.8,0.05333333333333334,0,25,10,1.0,0.0,0.0,1.8523758000228554,0.0,0,0
rcs0.2_k0,68,joint,0.8,0.05333333333333334,0,25,10,1.0,0.0,0.0,1.9402615000726655,0.0,297,0
rcs0.2_k0,68,balanced,0.8,0.06333333333333334,0,60,10,1.0,0.0,0.0,0.7236676999600604,0.0,0,0
rcs0.2_k0,68,robust,0.9,0.05333333333333334,0,60,10,1.0,0.0,0.0,4.828298300039023,0.0,0,0
rcs0.2_k0,69,v1,0.7,0.043333333333333335,0,44,10,1.0,0.0,0.0,3.419797199894674,0.0,0,0
rcs0.2_k0,69,joint,0.8,0.04,0,40,10,1.0,0.0,0.0,3.5495679000159726,0.2522545691406235,356,2
rcs0.2_k0,69,balanced,0.8,0.043333333333333335,0,60,10,1.0,0.0,0.0,0.6940562999807298,0.0,0,0
rcs0.2_k0,69,robust,0.8,0.04,0,60,10,1.0,0.0,0.0,4.5975472999271005,0.0,0,0
rcs0.2_k0,70,v1,0.5,0.043333333333333335,0,27,10,0.9629629629629629,0.0,0.0,2.3752245000796393,0.0,0,0
rcs0.2_k0,70,joint,0.5,0.043333333333333335,0,27,10,0.9629629629629629,0.0,0.0,2.461210900102742,0.0,300,0
rcs0.2_k0,70,balanced,0.8,0.056666666666666664,0,60,10,0.9833333333333333,0.0,0.0,0.7549939999589697,0.0,0,0
rcs0.2_k0,70,robust,0.8,0.06,0,60,10,0.9833333333333333,0.0,0.0,5.189646900049411,0.0,0,0
rcs0.2_k0,71,v1,0.8,0.06333333333333334,0,36,10,1.0,0.0,0.0,2.9099779999814928,0.0,0,0
rcs0.2_k0,71,joint,0.8,0.06333333333333334,0,36,10,1.0,0.0,0.0,3.0109883000841364,0.0,310,0
rcs0.2_k0,71,balanced,0.9,0.07666666666666666,0,60,10,1.0,0.0,0.0,1.0036085000028834,0.0,0,0
rcs0.2_k0,71,robust,1.0,0.07333333333333333,0,60,10,1.0,0.0,0.0,5.67262229998596,0.0,0,0
rcs0.2_k0,72,v1,0.8,0.043333333333333335,0,50,10,0.88,0.0,0.0,3.616745700011961,0.0,0,0
rcs0.2_k0,72,joint,0.8,0.043333333333333335,0,50,10,0.88,0.0,0.0,3.732054500025697,0.0,338,0
rcs0.2_k0,72,balanced,0.9,0.06333333333333334,0,60,10,0.9,0.0,0.0,0.703286699950695,0.0,0,0
rcs0.2_k0,72,robust,0.9,0.05333333333333334,0,60,10,0.9,0.0,0.0,4.834757599979639,0.0,0,0
rcs0.2_k0,73,v1,0.7,0.03333333333333333,0,27,10,1.0,0.0,0.0,2.1038237999891862,0.0,0,0
rcs0.2_k0,73,joint,0.7,0.03333333333333333,0,27,10,1.0,0.0,0.0,2.202730899909511,0.0,319,0
rcs0.2_k0,73,balanced,0.8,0.05,0,60,10,0.9833333333333333,0.0,0.0,0.7781387000577524,0.0,0,0
rcs0.2_k0,73,robust,0.9,0.03666666666666667,0,60,10,0.9833333333333333,0.0,0.0,5.075245599960908,0.0,0,0
rcs0.2_k0,74,v1,0.5,0.03,0,50,10,1.0,0.0,0.0,4.028408300015144,0.0,0,0
rcs0.2_k0,74,joint,0.6,0.03,0,46,10,1.0,0.0,0.0,4.168630100088194,0.11001907279314627,342,2
rcs0.2_k0,74,balanced,0.6,0.04,0,60,10,1.0,0.0,0.0,0.8244762999238446,0.0,0,0
rcs0.2_k0,74,robust,0.6,0.04,0,60,10,1.0,0.0,0.0,5.293356299982406,0.0,0,0
rcs0.2_k0,75,v1,0.4,0.04666666666666667,0,35,10,0.9428571428571428,0.0,0.0,2.002888899995014,0.0,0,0
rcs0.2_k0,75,joint,0.5,0.05333333333333334,0,31,10,0.9354838709677419,0.0,0.0,2.1165894999867305,0.2734031058837777,318,2
rcs0.2_k0,75,balanced,0.5,0.04666666666666667,0,60,10,0.9666666666666667,0.0,0.0,0.5413532999809831,0.0,0,0
rcs0.2_k0,75,robust,0.5,0.043333333333333335,0,60,10,0.9666666666666667,0.0,0.0,4.376934800064191,0.0,0,0
rcs0.2_k0,76,v1,0.7,0.05,0,36,10,0.9722222222222222,0.0,0.0,2.5769382999278605,0.0,0,0
rcs0.2_k0,76,joint,0.7,0.05,0,36,10,0.9722222222222222,0.0,0.0,2.678712200024165,0.0,324,0
rcs0.2_k0,76,balanced,0.8,0.04666666666666667,0,60,10,0.9833333333333333,0.0,0.0,0.7003530999645591,0.0,0,0
rcs0.2_k0,76,robust,0.8,0.05,0,60,10,0.9833333333333333,0.0,0.0,4.792205200064927,0.0,0,0
rcs0.2_k0,77,v1,0.5,0.043333333333333335,0,40,10,1.0,0.0,0.0,2.744237000006251,0.0,0,0
rcs0.2_k0,77,joint,0.5,0.043333333333333335,0,40,10,1.0,0.0,0.0,2.8440660000778735,0.0,310,0
rcs0.2_k0,77,balanced,0.5,0.043333333333333335,0,60,10,1.0,0.0,0.0,0.6312062999932095,0.0,0,0
rcs0.2_k0,77,robust,0.5,0.043333333333333335,0,60,10,1.0,0.0,0.0,4.650708799948916,0.0,0,0
rcs0.2_k0,78,v1,0.7,0.04,0,38,10,1.0,0.0,0.0,2.4995435000164434,0.0,0,0
rcs0.2_k0,78,joint,0.7,0.04,0,38,10,1.0,0.0,0.0,2.606247500050813,0.0,342,0
rcs0.2_k0,78,balanced,1.0,0.05,0,60,10,1.0,0.0,0.0,0.7599260000279173,0.0,0,0
rcs0.2_k0,78,robust,0.9,0.06666666666666667,0,60,10,1.0,0.0,0.0,4.973392499960028,0.0,0,0
rcs0.2_k0,79,v1,0.6,0.04666666666666667,0,19,10,1.0,0.0,0.0,1.509306300082244,0.0,0,0
rcs0.2_k0,79,joint,0.6,0.04666666666666667,0,19,10,1.0,0.0,0.0,1.5922877000411972,0.0,295,0
rcs0.2_k0,79,balanced,0.9,0.08666666666666667,0,60,10,1.0,0.0,0.0,0.663962599937804,0.0,0,0
rcs0.2_k0,79,robust,0.9,0.08666666666666667,0,60,10,1.0,0.0,0.0,4.8143785001011565,0.0,0,0
rcs0.2_k0,80,v1,0.6,0.07,0,30,10,0.9333333333333333,0.0,0.0,1.6194075000239536,0.0,0,0
rcs0.2_k0,80,joint,0.6,0.06333333333333334,0,26,10,0.9230769230769231,0.0,0.0,1.7247547000879422,0.4280332328462343,307,2
rcs0.2_k0,80,balanced,0.7,0.06,0,60,10,0.95,0.0,0.0,0.5478857000125572,0.0,0,0
rcs0.2_k0,80,robust,0.7,0.05333333333333334,0,60,10,0.9333333333333333,0.0,0.0,4.182437899988145,0.0,0,0
rcs0.2_k0,81,v1,0.5,0.023333333333333334,0,38,10,1.0,0.0,0.0,2.0148917000042275,0.0,0,0
rcs0.2_k0,81,joint,0.7,0.03666666666666667,0,30,10,1.0,0.0,0.0,2.146442700061016,0.4979876190498922,359,4
rcs0.2_k0,81,balanced,0.5,0.03,0,60,10,1.0,0.0,0.0,0.4499456000048667,0.0,0,0
rcs0.2_k0,81,robust,0.5,0.03,0,60,10,1.0,0.0,0.0,3.78574409999419,0.0,0,0
rcs0.2_k0,82,v1,0.8,0.05,0,41,10,0.9512195121951219,0.0,0.0,2.8823900000425056,0.0,0,0
rcs0.2_k0,82,joint,0.7,0.03666666666666667,0,33,10,0.9393939393939394,0.0,0.0,3.0052742999978364,0.22824910542062748,346,4
rcs0.2_k0,82,balanced,1.0,0.07333333333333333,0,60,10,0.9833333333333333,0.0,0.0,0.5688074000645429,0.0,0,0
rcs0.2_k0,82,robust,1.0,0.07666666666666666,0,60,10,0.9833333333333333,0.0,0.0,4.208234899910167,0.0,0,0
rcs0.2_k0,83,v1,0.5,0.03,0,47,10,0.9148936170212766,0.0,0.0,2.9236265999497846,0.0,0,0
rcs0.2_k0,83,joint,0.6,0.04,0,39,10,0.8974358974358975,0.0,0.0,3.065152599941939,0.6419943584544934,384,4
rcs0.2_k0,83,balanced,0.6,0.043333333333333335,0,60,10,0.9333333333333333,0.0,0.0,0.4213493000715971,0.0,0,0
rcs0.2_k0,83,robust,0.7,0.03666666666666667,0,60,10,0.9333333333333333,0.0,0.0,3.941634599934332,0.0,0,0
rcs0.2_k0,84,v1,0.7,0.043333333333333335,0,32,10,1.0,0.0,0.0,2.132263600011356,0.0,0,0
rcs0.2_k0,84,joint,0.7,0.043333333333333335,0,28,10,1.0,0.0,0.0,2.2407964000012726,1.2278665197165024,314,2
rcs0.2_k0,84,balanced,0.8,0.04666666666666667,0,60,10,0.9833333333333333,0.0,0.0,0.6467255000025034,0.0,0,0
rcs0.2_k0,84,robust,0.8,0.03666666666666667,0,60,10,0.9833333333333333,0.0,0.0,4.8949079000158235,0.0,0,0
rcs0.2_k0,85,v1,0.8,0.05333333333333334,0,40,10,1.0,0.0,0.0,2.5405546999536455,0.0,0,0
rcs0.2_k0,85,joint,0.8,0.056666666666666664,0,32,10,1.0,0.0,0.0,2.6638725000666454,0.5333750704678775,350,4
rcs0.2_k0,85,balanced,0.8,0.056666666666666664,0,60,10,1.0,0.0,0.0,0.6664369000354782,0.0,0,0
rcs0.2_k0,85,robust,0.8,0.05333333333333334,0,60,10,1.0,0.0,0.0,4.528250299976207,0.0,0,0
rcs0.2_k0,86,v1,0.9,0.043333333333333335,0,45,10,1.0,0.0,0.0,2.8271576000843197,0.0,0,0
rcs0.2_k0,86,joint,1.0,0.043333333333333335,0,33,10,1.0,0.0,0.0,2.974435199983418,0.3041123971135571,390,6
rcs0.2_k0,86,balanced,0.8,0.043333333333333335,0,60,10,1.0,0.0,0.0,0.5220008000032976,0.0,0,0
rcs0.2_k0,86,robust,0.9,0.04,0,60,10,1.0,0.0,0.0,4.218807100085542,0.0,0,0
rcs0.2_k0,87,v1,0.6,0.05,0,29,10,1.0,0.0,0.0,1.9502259999280795,0.0,0,0
rcs0.2_k0,87,joint,0.6,0.05,0,29,10,1.0,0.0,0.0,2.045038999989629,0.0,332,0
rcs0.2_k0,87,balanced,0.7,0.056666666666666664,0,60,10,0.9833333333333333,0.0,0.0,0.6985260000219569,0.0,0,0
rcs0.2_k0,87,robust,0.7,0.06,0,60,10,0.9833333333333333,0.0,0.0,4.832866300013848,0.0,0,0
rcs0.2_k0,88,v1,0.7,0.043333333333333335,0,32,10,1.0,0.0,0.0,2.20177310006693,0.0,0,0
rcs0.2_k0,88,joint,0.6,0.05,0,28,10,1.0,0.0,0.0,2.3204346999991685,0.11887452322590208,328,2
rcs0.2_k0,88,balanced,0.8,0.03333333333333333,0,60,10,1.0,0.0,0.0,0.6861962000839412,0.0,0,0
rcs0.2_k0,88,robust,0.7,0.043333333333333335,0,60,10,1.0,0.0,0.0,4.671834599925205,0.0,0,0
rcs0.2_k0,89,v1,0.6,0.04,0,53,10,1.0,0.0,0.0,4.319236399955116,0.0,0,0
rcs0.2_k0,89,joint,0.6,0.04,0,53,10,1.0,0.0,0.0,4.442754999850877,0.0,352,0
rcs0.2_k0,89,balanced,0.6,0.03,0,60,10,1.0,0.0,0.0,0.7813557999907061,0.0,0,0
rcs0.2_k0,89,robust,0.6,0.03666666666666667,0,60,10,1.0,0.0,0.0,5.2281331000849605,0.0,0,0
rcs0.2_k0,90,v1,0.8,0.07333333333333333,0,31,10,1.0,0.0,0.0,2.015692100045271,0.0,0,0
rcs0.2_k0,90,joint,0.8,0.06666666666666667,0,27,10,1.0,0.0,0.0,2.1341472000349313,0.12816875071560974,320,2
rcs0.2_k0,90,balanced,0.9,0.07333333333333333,0,60,10,0.95,0.0,0.0,0.8255820999620482,0.0,0,0
rcs0.2_k0,90,robust,1.0,0.07,0,60,10,0.95,0.0,0.0,5.264614399988204,0.0,0,0
rcs0.2_k0,91,v1,0.5,0.043333333333333335,0,45,10,1.0,0.0,0.0,2.9167202999815345,0.0,0,0
rcs0.2_k0,91,joint,0.5,0.043333333333333335,0,45,10,1.0,0.0,0.0,3.03155680000782,0.0,329,0
rcs0.2_k0,91,balanced,0.6,0.05333333333333334,0,60,10,0.9833333333333333,0.0,0.0,0.6754108999157324,0.0,0,0
rcs0.2_k0,91,robust,0.6,0.043333333333333335,0,60,10,0.9833333333333333,0.0,0.0,4.43825900007505,0.0,0,0
rcs0.2_k0,92,v1,0.6,0.056666666666666664,0,47,10,1.0,0.0,0.0,3.897532399976626,0.0,0,0
rcs0.2_k0,92,joint,0.6,0.056666666666666664,0,47,10,1.0,0.0,0.0,4.026400499977171,0.0,371,0
rcs0.2_k0,92,balanced,0.5,0.04666666666666667,0,60,10,1.0,0.0,0.0,0.7969439000589773,0.0,0,0
rcs0.2_k0,92,robust,0.5,0.06,0,60,10,1.0,0.0,0.0,5.250874999910593,0.0,0,0
rcs0.2_k0,93,v1,0.7,0.056666666666666664,0,36,10,0.8611111111111112,0.0,0.0,2.4884750000201166,0.0,0,0
rcs0.2_k0,93,joint,0.7,0.056666666666666664,0,36,10,0.8611111111111112,0.0,0.0,2.596759199979715,0.0,339,0
rcs0.2_k0,93,balanced,0.9,0.056666666666666664,0,60,10,0.9333333333333333,0.0,0.0,0.7276356000220403,0.0,0,0
rcs0.2_k0,93,robust,0.8,0.06,0,60,10,0.9166666666666666,0.0,0.0,4.962358599994332,0.0,0,0
rcs0.2_k0,94,v1,0.7,0.06,0,41,10,1.0,0.0,0.0,2.838850300060585,0.0,0,0
rcs0.2_k0,94,joint,0.7,0.06,0,41,10,1.0,0.0,0.0,2.9490513000637293,0.0,334,0
rcs0.2_k0,94,balanced,0.8,0.06333333333333334,0,60,10,1.0,0.0,0.0,0.7079631999367848,0.0,0,0
rcs0.2_k0,94,robust,0.9,0.05333333333333334,0,60,10,1.0,0.0,0.0,5.092886300059035,0.0,0,0
rcs0.2_k0,95,v1,0.8,0.043333333333333335,0,47,10,1.0,0.0,0.0,2.873421199969016,0.0,0,0
rcs0.2_k0,95,joint,0.8,0.043333333333333335,0,47,10,1.0,0.0,0.0,2.98349989997223,0.0,327,0
rcs0.2_k0,95,balanced,0.8,0.04,0,60,10,1.0,0.0,0.0,0.4808965999400243,0.0,0,0
rcs0.2_k0,95,robust,0.8,0.05,0,60,10,1.0,0.0,0.0,4.3751090000150725,0.0,0,0
rcs0.2_k0,96,v1,0.8,0.04666666666666667,0,26,10,1.0,0.0,0.0,1.7529269999358803,0.0,0,0
rcs0.2_k0,96,joint,0.8,0.04666666666666667,0,26,10,1.0,0.0,0.0,1.8392373999813572,0.0,307,0
rcs0.2_k0,96,balanced,0.9,0.05,0,60,10,1.0,0.0,0.0,0.7490350999869406,0.0,0,0
rcs0.2_k0,96,robust,0.9,0.056666666666666664,0,60,10,1.0,0.0,0.0,4.959558199974708,0.0,0,0
rcs0.2_k0,97,v1,0.7,0.07,0,27,10,1.0,0.0,0.0,1.83711249998305,0.0,0,0
rcs0.2_k0,97,joint,0.7,0.07,0,27,10,1.0,0.0,0.0,1.930265299975872,0.0,306,0
rcs0.2_k0,97,balanced,0.9,0.05,0,60,10,0.9833333333333333,0.0,0.0,0.7305049999849871,0.0,0,0
rcs0.2_k0,97,robust,0.9,0.056666666666666664,0,60,10,0.9833333333333333,0.0,0.0,5.212489900062792,0.0,0,0
rcs0.2_k0,98,v1,0.6,0.03,0,28,10,1.0,0.0,0.0,1.8200993000064045,0.0,0,0
rcs0.2_k0,98,joint,0.6,0.03,0,28,10,1.0,0.0,0.0,1.9048127999994904,0.0,304,0
rcs0.2_k0,98,balanced,0.8,0.02666666666666667,0,60,10,1.0,0.0,0.0,0.707156699965708,0.0,0,0
rcs0.2_k0,98,robust,0.8,0.04,0,60,10,1.0,0.0,0.0,5.197117800009437,0.0,0,0
rcs0.2_k0,99,v1,1.0,0.056666666666666664,0,26,10,1.0,0.0,0.0,1.912614900036715,0.0,0,0
rcs0.2_k0,99,joint,1.0,0.056666666666666664,0,26,10,1.0,0.0,0.0,2.0000136999879032,0.0,292,0
rcs0.2_k0,99,balanced,1.0,0.056666666666666664,0,60,10,1.0,0.0,0.0,0.8570843000197783,0.0,0,0
rcs0.2_k0,99,robust,1.0,0.05333333333333334,0,60,10,1.0,0.0,0.0,5.265532699995674,0.0,0,0
rcs0.2_k2,0,v1,1.0,0.04,2,28,10,1.0,1280.0,2.1333333333333333,2.3702064000535756,0.0,0,0
rcs0.2_k2,0,joint,1.0,0.04,2,28,10,1.0,1280.0,2.1333333333333333,2.462864900007844,0.0,330,0
rcs0.2_k2,0,balanced,1.0,0.05333333333333334,2,60,10,1.0,1280.0,2.1333333333333333,0.5701189999235794,0.0,0,0
rcs0.2_k2,0,robust,1.0,0.05333333333333334,2,60,10,1.0,1280.0,2.1333333333333333,4.608606699970551,0.0,0,0
rcs0.2_k2,1,v1,0.8,0.016666666666666666,2,36,10,1.0,1280.0,2.1333333333333333,2.462436300003901,0.0,0,0
rcs0.2_k2,1,joint,0.8,0.01,2,32,10,1.0,1280.0,2.1333333333333333,2.5882122999755666,0.7017044221538711,362,2
rcs0.2_k2,1,balanced,0.8,0.023333333333333334,2,60,10,0.9833333333333333,1280.0,2.1333333333333333,0.532043099985458,0.0,0,0
rcs0.2_k2,1,robust,0.8,0.016666666666666666,2,60,10,0.9833333333333333,1280.0,2.1333333333333333,4.551010800059885,0.0,0,0
rcs0.2_k2,2,v1,0.6,0.04,2,27,10,0.9629629629629629,1280.0,2.1333333333333333,2.166480299900286,0.0,0,0
rcs0.2_k2,2,joint,0.6,0.04,2,27,10,0.9629629629629629,1280.0,2.1333333333333333,2.266303400043398,0.0,345,0
rcs0.2_k2,2,balanced,0.7,0.056666666666666664,2,60,10,0.9333333333333333,1280.0,2.1333333333333333,0.7633658000268042,0.0,0,0
rcs0.2_k2,2,robust,0.8,0.04,2,60,10,0.9333333333333333,1280.0,2.1333333333333333,5.267057799967006,0.0,0,0
rcs0.2_k2,3,v1,0.5,0.07333333333333333,2,28,10,1.0,1280.0,2.1333333333333333,2.0522251999937,0.0,0,0
rcs0.2_k2,3,joint,0.5,0.07333333333333333,2,28,10,1.0,1280.0,2.1333333333333333,2.2031463999301195,0.026298940928602965,546,2
rcs0.2_k2,3,balanced,0.5,0.06333333333333334,2,60,10,0.9833333333333333,1280.0,2.1333333333333333,0.6079310000641271,0.0,0,0
rcs0.2_k2,3,robust,0.6,0.04,2,60,10,0.9666666666666667,1280.0,2.1333333333333333,4.633121599908918,0.0,0,0
rcs0.2_k2,4,v1,0.5,0.043333333333333335,2,40,10,1.0,1280.0,2.1333333333333333,3.0392868999624625,0.0,0,0
rcs0.2_k2,4,joint,0.6,0.04666666666666667,2,36,10,1.0,1280.0,2.1333333333333333,3.2082879999652505,0.33221279126706915,499,4
rcs0.2_k2,4,balanced,0.5,0.05,2,60,10,1.0,1280.0,2.1333333333333333,0.6255754999583587,0.0,0,0
rcs0.2_k2,4,robust,0.5,0.04,2,54,9,1.0,1280.0,2.1333333333333333,3.9865748999873176,0.0,0,0
rcs0.2_k2,5,v1,0.8,0.03666666666666667,2,42,10,1.0,1280.0,2.1333333333333333,3.1812472000019625,0.0,0,0
rcs0.2_k2,5,joint,0.8,0.03666666666666667,2,42,10,1.0,1280.0,2.1333333333333333,3.3084187001222745,0.0,392,0
rcs0.2_k2,5,balanced,0.8,0.02,2,60,10,0.9833333333333333,1280.0,2.1333333333333333,0.6433223999338225,0.0,0,0
rcs0.2_k2,5,robust,0.9,0.03333333333333333,2,60,10,0.9833333333333333,1280.0,2.1333333333333333,4.779092200100422,0.0,0,0
rcs0.2_k2,6,v1,0.6,0.05333333333333334,2,38,10,0.9473684210526315,1280.0,2.1333333333333333,2.4322907000314444,0.0,0,0
rcs0.2_k2,6,joint,0.6,0.056666666666666664,2,39,10,0.9487179487179487,1280.0,2.1333333333333333,2.5934158000163734,0.15121312891467076,459,3
rcs0.2_k2,6,balanced,0.7,0.056666666666666664,2,60,10,0.9666666666666667,1280.0,2.1333333333333333,0.5437154000392184,0.0,0,0
rcs0.2_k2,6,robust,0.7,0.056666666666666664,2,60,10,0.9666666666666667,1280.0,2.1333333333333333,4.625936800031923,0.0,0,0
rcs0.2_k2,7,v1,0.9,0.043333333333333335,2,25,10,0.76,1280.0,2.1333333333333333,1.7017020999919623,0.0,0,0
rcs0.2_k2,7,joint,0.9,0.043333333333333335,2,25,10,0.76,1280.0,2.1333333333333333,1.801046899985522,0.0,349,0
rcs0.2_k2,7,balanced,0.9,0.04,2,60,10,0.8666666666666667,1280.0,2.1333333333333333,0.6587285000132397,0.0,0,0
rcs0.2_k2,7,robust,0.9,0.03666666666666667,2,60,10,0.8666666666666667,1280.0,2.1333333333333333,4.916370399994776,0.0,0,0
rcs0.2_k2,8,v1,0.6,0.04,2,37,10,1.0,1280.0,2.1333333333333333,2.3753368000034243,0.0,0,0
rcs0.2_k2,8,joint,0.6,0.04,2,37,10,1.0,1280.0,2.1333333333333333,2.4849486998282373,0.0,399,0
rcs0.2_k2,8,balanced,0.6,0.04666666666666667,2,60,10,1.0,1280.0,2.1333333333333333,0.54350890009664,0.0,0,0
rcs0.2_k2,8,robust,0.7,0.03666666666666667,2,60,10,1.0,1280.0,2.1333333333333333,4.422272899886593,0.0,0,0
rcs0.2_k2,9,v1,0.5,0.043333333333333335,2,42,10,1.0,1280.0,2.1333333333333333,3.2047074999427423,0.0,0,0
rcs0.2_k2,9,joint,0.5,0.05,2,43,10,1.0,1280.0,2.1333333333333333,3.3554026999045163,0.03052639278318181,441,3
rcs0.2_k2,9,balanced,0.4,0.03666666666666667,2,60,10,1.0,1280.0,2.1333333333333333,0.5873714000917971,0.0,0,0
rcs0.2_k2,9,robust,0.4,0.04666666666666667,2,60,10,1.0,1280.0,2.1333333333333333,4.762701899977401,0.0,0,0
rcs0.2_k2,10,v1,0.7,0.05,2,28,10,1.0,1280.0,2.1333333333333333,2.6724741999059916,0.0,0,0
rcs0.2_k2,10,joint,0.7,0.04,2,28,10,1.0,1280.0,2.1333333333333333,2.8117626999737695,0.015192688304741075,439,2
rcs0.2_k2,10,balanced,0.7,0.04,2,60,10,1.0,1280.0,2.1333333333333333,0.7980320999631658,0.0,0,0
rcs0.2_k2,10,robust,0.7,0.04,2,60,10,1.0,1280.0,2.1333333333333333,5.575731300050393,0.0,0,0
rcs0.2_k2,11,v1,0.5,0.07666666666666666,2,31,10,1.0,1280.0,2.1333333333333333,2.911932099959813,0.0,0,0
rcs0.2_k2,11,joint,0.6,0.07666666666666666,0,27,10,1.0,0.0,0.0,3.1002668000292033,1.1384331068686033,669,2
rcs0.2_k2,11,balanced,0.7,0.06666666666666667,2,60,10,1.0,1280.0,2.1333333333333333,0.8283218999858946,0.0,0,0
rcs0.2_k2,11,robust,0.7,0.07,2,55,10,1.0,1280.0,2.1333333333333333,5.2563075999496505,0.0,0,0
rcs0.2_k2,12,v1,0.6,0.04666666666666667,2,29,10,0.9310344827586207,1280.0,2.1333333333333333,3.132191500044428,0.0,0,0
rcs0.2_k2,12,joint,0.6,0.04666666666666667,1,28,10,0.9285714285714286,640.0,1.0666666666666667,3.3045938999857754,0.00533333333333319,635,1
rcs0.2_k2,12,balanced,0.7,0.04666666666666667,2,60,10,0.9,1280.0,2.1333333333333333,0.904701100080274,0.0,0,0
rcs0.2_k2,12,robust,0.6,0.04,2,60,10,0.9,1280.0,2.1333333333333333,5.8158639000030234,0.0,0,0
rcs0.2_k2,13,v1,0.7,0.05333333333333334,2,39,10,1.0,1280.0,2.1333333333333333,3.1599229999119416,0.0,0,0
rcs0.2_k2,13,joint,0.7,0.04666666666666667,2,35,10,1.0,1280.0,2.1333333333333333,3.2982041999930516,0.44195570270275114,395,2
rcs0.2_k2,13,balanced,0.7,0.04666666666666667,2,60,10,1.0,1280.0,2.1333333333333333,0.6187808999093249,0.0,0,0
rcs0.2_k2,13,robust,0.7,0.03666666666666667,2,60,10,1.0,1280.0,2.1333333333333333,4.549040500074625,0.0,0,0
rcs0.2_k2,14,v1,0.7,0.05,2,37,10,1.0,1280.0,2.1333333333333333,2.9082806000951678,0.0,0,0
rcs0.2_k2,14,joint,0.7,0.05,2,37,10,1.0,1280.0,2.1333333333333333,3.0282056001015007,0.0,373,0
rcs0.2_k2,14,balanced,0.8,0.05,2,60,10,1.0,1280.0,2.1333333333333333,0.7425572000211105,0.0,0,0
rcs0.2_k2,14,robust,0.7,0.06666666666666667,2,60,10,1.0,1280.0,2.1333333333333333,5.244447599980049,0.0,0,0
rcs0.2_k2,15,v1,0.9,0.05,2,43,10,1.0,1280.0,2.1333333333333333,3.9132923999568447,0.0,0,0
rcs0.2_k2,15,joint,0.9,0.05,2,43,10,1.0,1280.0,2.1333333333333333,4.03746050002519,0.0,378,0
rcs0.2_k2,15,balanced,0.7,0.056666666666666664,2,60,10,1.0,1280.0,2.1333333333333333,0.9184446999570355,0.0,0,0
rcs0.2_k2,15,robust,0.8,0.05333333333333334,2,60,10,1.0,1280.0,2.1333333333333333,5.923961200052872,0.0,0,0
rcs0.2_k2,16,v1,0.8,0.06,2,28,10,0.8571428571428571,1280.0,2.1333333333333333,2.800074700033292,0.0,0,0
rcs0.2_k2,16,joint,0.8,0.06,2,28,10,0.8571428571428571,1280.0,2.1333333333333333,2.9051759999711066,0.0,367,0
rcs0.2_k2,16,balanced,0.9,0.05,2,60,10,0.9333333333333333,1280.0,2.1333333333333333,0.782735800021328,0.0,0,0
rcs0.2_k2,16,robust,0.9,0.056666666666666664,2,60,10,0.95,1280.0,2.1333333333333333,5.31545150000602,0.0,0,0
rcs0.2_k2,17,v1,0.8,0.05,2,34,10,1.0,1280.0,2.1333333333333333,2.852712499909103,0.0,0,0
rcs0.2_k2,17,joint,0.8,0.043333333333333335,2,34,10,1.0,1280.0,2.1333333333333333,3.0231791998958215,0.06590363609447702,546,4
rcs0.2_k2,17,balanced,0.8,0.04,2,60,10,1.0,1280.0,2.1333333333333333,0.7796790000284091,0.0,0,0
rcs0.2_k2,17,robust,0.8,0.04,2,60,10,1.0,1280.0,2.1333333333333333,5.419065799913369,0.0,0,0
rcs0.2_k2,18,v1,0.6,0.043333333333333335,2,40,10,1.0,1280.0,2.1333333333333333,2.764611699967645,0.0,0,0
rcs0.2_k2,18,joint,0.8,0.043333333333333335,2,32,10,1.0,1280.0,2.1333333333333333,2.958676000009291,0.4180064303117481,503,5
rcs0.2_k2,18,balanced,0.7,0.04,2,60,10,0.95,1280.0,2.1333333333333333,0.6509255999699235,0.0,0,0
rcs0.2_k2,18,robust,0.6,0.03333333333333333,2,50,10,0.92,1280.0,2.1333333333333333,3.493489900021814,0.0,0,0
rcs0.2_k2,19,v1,0.9,0.04,2,32,10,1.0,1280.0,2.1333333333333333,2.4375008000060916,0.0,0,0
rcs0.2_k2,19,joint,0.9,0.04,2,28,10,1.0,1280.0,2.1333333333333333,2.5796967999776825,0.9085852552504257,411,3
rcs0.2_k2,19,balanced,0.9,0.056666666666666664,2,60,10,1.0,1280.0,2.1333333333333333,0.7748628000263125,0.0,0,0
rcs0.2_k2,19,robust,0.9,0.05333333333333334,2,60,10,1.0,1280.0,2.1333333333333333,5.3997101000277326,0.0,0,0
rcs0.2_k2,20,v1,1.0,0.06,2,23,10,1.0,1280.0,2.1333333333333333,2.1327531000133604,0.0,0,0
rcs0.2_k2,20,joint,1.0,0.06,2,23,10,1.0,1280.0,2.1333333333333333,2.2247271998785436,0.0,325,0
rcs0.2_k2,20,balanced,1.0,0.05,2,60,10,1.0,1280.0,2.1333333333333333,0.7386293000308797,0.0,0,0
rcs0.2_k2,20,robust,1.0,0.04666666666666667,2,60,10,1.0,1280.0,2.1333333333333333,5.524175600032322,0.0,0,0
rcs0.2_k2,21,v1,0.9,0.06666666666666667,2,23,10,1.0,1280.0,2.1333333333333333,2.05912770004943,0.0,0,0
rcs0.2_k2,21,joint,0.9,0.06,2,24,10,1.0,1280.0,2.1333333333333333,2.202855300041847,0.04606704750010593,445,3
rcs0.2_k2,21,balanced,0.9,0.06,2,60,10,1.0,1280.0,2.1333333333333333,0.8022744000190869,0.0,0,0
rcs0.2_k2,21,robust,1.0,0.056666666666666664,2,60,10,1.0,1280.0,2.1333333333333333,5.387087400071323,0.0,0,0
rcs0.2_k2,22,v1,0.7,0.05,2,30,10,1.0,1280.0,2.1333333333333333,2.2721718000248075,0.0,0,0
rcs0.2_k2,22,joint,0.7,0.05,2,30,10,1.0,1280.0,2.1333333333333333,2.3729505999945104,0.0,337,0
rcs0.2_k2,22,balanced,0.9,0.056666666666666664,2,60,10,1.0,1280.0,2.1333333333333333,0.7675247999140993,0.0,0,0
rcs0.2_k2,22,robust,0.9,0.05333333333333334,2,60,10,1.0,1280.0,2.1333333333333333,5.325939700007439,0.0,0,0
rcs0.2_k2,23,v1,0.8,0.043333333333333335,2,40,10,1.0,1280.0,2.1333333333333333,3.306007399922237,0.0,0,0
rcs0.2_k2,23,joint,0.8,0.043333333333333335,2,40,10,1.0,1280.0,2.1333333333333333,3.4166315998882055,0.0,353,0
rcs0.2_k2,23,balanced,0.8,0.05333333333333334,2,60,10,1.0,1280.0,2.1333333333333333,0.8707515000132844,0.0,0,0
rcs0.2_k2,23,robust,0.8,0.05333333333333334,2,60,10,1.0,1280.0,2.1333333333333333,5.883071699994616,0.0,0,0
rcs0.2_k2,24,v1,0.6,0.03666666666666667,2,31,10,1.0,1280.0,2.1333333333333333,2.1324634000193328,0.0,0,0
rcs0.2_k2,24,joint,0.8,0.05,2,20,10,1.0,1280.0,2.1333333333333333,2.318148900056258,1.6389601117789654,647,5
rcs0.2_k2,24,balanced,0.7,0.06666666666666667,2,60,10,1.0,1280.0,2.1333333333333333,0.7032892999704927,0.0,0,0
rcs0.2_k2,24,robust,0.7,0.06666666666666667,2,55,10,1.0,1280.0,2.1333333333333333,4.3615236999467015,0.0,0,0
rcs0.2_k2,25,v1,0.4,0.04,2,42,10,0.9523809523809523,1280.0,2.1333333333333333,2.962033799965866,0.0,0,0
rcs0.2_k2,25,joint,0.5,0.05333333333333334,2,39,10,0.9487179487179487,1280.0,2.1333333333333333,3.1401620999677107,0.12654695602810717,521,5
rcs0.2_k2,25,balanced,0.5,0.03666666666666667,2,60,10,0.9833333333333333,1280.0,2.1333333333333333,0.5434273000573739,0.0,0,0
rcs0.2_k2,25,robust,0.4,0.05333333333333334,2,60,10,0.9666666666666667,1280.0,2.1333333333333333,4.334118300001137,0.0,0,0
rcs0.2_k2,26,v1,0.5,0.04,2,36,10,1.0,1280.0,2.1333333333333333,2.8210433000931516,0.0,0,0
rcs0.2_k2,26,joint,0.5,0.03333333333333333,2,37,10,1.0,1280.0,2.1333333333333333,2.97121400013566,0.02205383141484818,444,3
rcs0.2_k2,26,balanced,0.7,0.04,2,60,10,1.0,1280.0,2.1333333333333333,0.66225629998371,0.0,0,0
rcs0.2_k2,26,robust,0.7,0.04666666666666667,2,60,10,1.0,1280.0,2.1333333333333333,4.551291899988428,0.0,0,0
rcs0.2_k2,27,v1,0.8,0.03,2,40,10,1.0,1280.0,2.1333333333333333,2.8709408999420702,0.0,0,0
rcs0.2_k2,27,joint,0.7,0.023333333333333334,2,41,10,1.0,1280.0,2.1333333333333333,3.065878299996257,0.10843331113680899,605,5
rcs0.2_k2,27,balanced,0.7,0.03666666666666667,2,60,10,1.0,1280.0,2.1333333333333333,0.6036662000697106,0.0,0,0
rcs0.2_k2,27,robust,0.8,0.03,2,60,10,1.0,1280.0,2.1333333333333333,4.848848599940538,0.0,0,0
rcs0.2_k2,28,v1,0.6,0.05333333333333334,2,46,10,1.0,1280.0,2.1333333333333333,3.7184201000491157,0.0,0,0
rcs0.2_k2,28,joint,0.6,0.05333333333333334,2,46,10,1.0,1280.0,2.1333333333333333,3.8320438000373542,0.0,359,0
rcs0.2_k2,28,balanced,0.7,0.056666666666666664,2,60,10,1.0,1280.0,2.1333333333333333,0.6760094000492245,0.0,0,0
rcs0.2_k2,28,robust,0.7,0.056666666666666664,2,58,10,1.0,1280.0,2.1333333333333333,4.756969699985348,0.0,0,0
rcs0.2_k2,29,v1,0.4,0.05,2,38,10,1.0,1280.0,2.1333333333333333,2.9004671999718994,0.0,0,0
rcs0.2_k2,29,joint,0.4,0.056666666666666664,2,34,10,1.0,1280.0,2.1333333333333333,3.0526589999208227,0.5589595025033118,434,3
rcs0.2_k2,29,balanced,0.6,0.056666666666666664,2,60,10,1.0,1280.0,2.1333333333333333,0.5543839999008924,0.0,0,0
rcs0.2_k2,29,robust,0.7,0.056666666666666664,2,60,10,1.0,1280.0,2.1333333333333333,4.536818200023845,0.0,0,0
rcs0.2_k2,30,v1,0.5,0.03333333333333333,2,45,10,0.9111111111111111,1280.0,2.1333333333333333,3.0763153000734746,0.0,0,0
rcs0.2_k2,30,joint,0.5,0.03333333333333333,2,45,10,0.9111111111111111,1280.0,2.1333333333333333,3.200066199991852,0.0,377,0
rcs0.2_k2,30,balanced,0.7,0.05,2,60,10,0.8833333333333333,1280.0,2.1333333333333333,0.5093487999401987,0.0,0,0
rcs0.2_k2,30,robust,0.6,0.03333333333333333,2,60,10,0.9,1280.0,2.1333333333333333,4.6016149000497535,0.0,0,0
rcs0.2_k2,31,v1,0.9,0.03666666666666667,2,46,10,1.0,1280.0,2.1333333333333333,4.331432900042273,0.0,0,0
rcs0.2_k2,31,joint,0.9,0.03666666666666667,2,46,10,1.0,1280.0,2.1333333333333333,4.47079319995828,0.0,432,0
rcs0.2_k2,31,balanced,0.7,0.06,2,60,10,1.0,1280.0,2.1333333333333333,0.8025205000303686,0.0,0,0
rcs0.2_k2,31,robust,0.7,0.06,2,55,10,1.0,1280.0,2.1333333333333333,4.854957600007765,0.0,0,0
rcs0.2_k2,32,v1,0.7,0.043333333333333335,2,30,10,1.0,1280.0,2.1333333333333333,2.2605837000301108,0.0,0,0
rcs0.2_k2,32,joint,0.7,0.043333333333333335,2,30,10,1.0,1280.0,2.1333333333333333,2.3600984999211505,0.0,325,0
rcs0.2_k2,32,balanced,0.7,0.023333333333333334,2,60,10,1.0,1280.0,2.1333333333333333,0.6706580000463873,0.0,0,0
rcs0.2_k2,32,robust,0.8,0.03333333333333333,2,56,10,1.0,1280.0,2.1333333333333333,4.757511799922213,0.0,0,0
rcs0.2_k2,33,v1,0.9,0.056666666666666664,2,30,10,1.0,1280.0,2.1333333333333333,2.2595514999702573,0.0,0,0
rcs0.2_k2,33,joint,0.9,0.056666666666666664,2,30,10,1.0,1280.0,2.1333333333333333,2.3626336999004707,0.0,338,0
rcs0.2_k2,33,balanced,0.9,0.06333333333333334,2,60,10,0.9833333333333333,1280.0,2.1333333333333333,0.6791688000084832,0.0,0,0
rcs0.2_k2,33,robust,0.9,0.04666666666666667,2,60,10,0.9833333333333333,1280.0,2.1333333333333333,5.339970099972561,0.0,0,0
rcs0.2_k2,34,v1,0.7,0.06333333333333334,2,29,10,0.9655172413793104,1280.0,2.1333333333333333,2.5586372000398114,0.0,0,0
rcs0.2_k2,34,joint,0.7,0.06333333333333334,2,29,10,0.9655172413793104,1280.0,2.1333333333333333,2.668468600139022,0.0,337,0
rcs0.2_k2,34,balanced,0.9,0.07,2,60,10,0.9833333333333333,1280.0,2.1333333333333333,0.7954472999554127,0.0,0,0
rcs0.2_k2,34,robust,0.9,0.06333333333333334,2,60,10,0.9833333333333333,1280.0,2.1333333333333333,5.349663600092754,0.0,0,0
rcs0.2_k2,35,v1,0.7,0.04,2,38,10,1.0,1280.0,2.1333333333333333,3.1235614999895915,0.0,0,0
rcs0.2_k2,35,joint,0.6,0.04,2,39,10,1.0,1280.0,2.1333333333333333,3.2803599999751896,0.03177359037899663,471,3
rcs0.2_k2,35,balanced,0.8,0.05333333333333334,2,60,10,1.0,1280.0,2.1333333333333333,0.6116051999852061,0.0,0,0
rcs0.2_k2,35,robust,0.9,0.04666666666666667,2,60,10,1.0,1280.0,2.1333333333333333,4.944680300075561,0.0,0,0
rcs0.2_k2,36,v1,0.5,0.043333333333333335,2,44,10,1.0,1280.0,2.1333333333333333,3.541797599988058,0.0,0,0
rcs0.2_k2,36,joint,0.5,0.043333333333333335,2,44,10,1.0,1280.0,2.1333333333333333,3.6751088000601158,0.0,390,0
rcs0.2_k2,36,balanced,0.5,0.056666666666666664,2,60,10,1.0,1280.0,2.1333333333333333,0.7325010999338701,0.0,0,0
rcs0.2_k2,36,robust,0.5,0.05333333333333334,2,60,10,1.0,1280.0,2.1333333333333333,5.112198999966495,0.0,0,0
rcs0.2_k2,37,v1,0.6,0.07,2,26,10,0.9615384615384616,1280.0,2.1333333333333333,1.9168941000243649,0.0,0,0
rcs0.2_k2,37,joint,0.6,0.06,2,27,10,0.9629629629629629,1280.0,2.1333333333333333,2.053268300020136,0.02945250156113166,415,3
rcs0.2_k2,37,balanced,0.8,0.08,2,60,10,0.9833333333333333,1280.0,2.1333333333333333,0.6244818000122905,0.0,0,0
rcs0.2_k2,37,robust,0.8,0.06,2,60,10,0.9833333333333333,1280.0,2.1333333333333333,4.800015099928714,0.0,0,0
rcs0.2_k2,38,v1,0.8,0.043333333333333335,2,32,10,1.0,1280.0,2.1333333333333333,2.5432139000622556,0.0,0,0
rcs0.2_k2,38,joint,0.8,0.05,2,34,10,1.0,1280.0,2.1333333333333333,2.7317764000035822,0.12199882410116697,566,5
rcs0.2_k2,38,balanced,0.9,0.04666666666666667,2,60,10,1.0,1280.0,2.1333333333333333,0.8315731000620872,0.0,0,0
rcs0.2_k2,38,robust,0.9,0.043333333333333335,2,60,10,1.0,1280.0,2.1333333333333333,5.289963299990632,0.0,0,0
rcs0.2_k2,39,v1,0.7,0.056666666666666664,2,40,10,1.0,1280.0,2.1333333333333333,3.0490241999505088,0.0,0,0
rcs0.2_k2,39,joint,0.7,0.056666666666666664,2,40,10,1.0,1280.0,2.1333333333333333,3.158406600006856,0.0,347,0
rcs0.2_k2,39,balanced,0.6,0.05,2,60,10,1.0,1280.0,2.1333333333333333,0.6451800999930128,0.0,0,0
rcs0.2_k2,39,robust,0.5,0.03666666666666667,2,60,10,1.0,1280.0,2.1333333333333333,5.10131649998948,0.0,0,0
rcs0.2_k2,40,v1,0.5,0.056666666666666664,2,23,10,0.9565217391304348,1280.0,2.1333333333333333,1.7781576999695972,0.0,0,0
rcs0.2_k2,40,joint,0.5,0.05333333333333334,2,22,10,0.9545454545454546,1280.0,2.1333333333333333,1.92184460000135,0.04779091471380531,556,3
rcs0.2_k2,40,balanced,0.8,0.06666666666666667,2,60,10,0.9833333333333333,1280.0,2.1333333333333333,0.688807399943471,0.0,0,0
rcs0.2_k2,40,robust,0.8,0.05333333333333334,2,58,10,0.9827586206896551,1280.0,2.1333333333333333,4.879214900080115,0.0,0,0
rcs0.2_k2,41,v1,0.7,0.05,2,33,10,1.0,1280.0,2.1333333333333333,2.3801279000472277,0.0,0,0
rcs0.2_k2,41,joint,0.7,0.05,2,33,10,1.0,1280.0,2.1333333333333333,2.480108999996446,0.0,342,0
rcs0.2_k2,41,balanced,0.7,0.04666666666666667,2,60,10,1.0,1280.0,2.1333333333333333,0.6885928000556305,0.0,0,0
rcs0.2_k2,41,robust,0.7,0.06,2,60,10,1.0,1280.0,2.1333333333333333,5.1183936999877915,0.0,0,0
rcs0.2_k2,42,v1,0.8,0.056666666666666664,2,36,10,1.0,1280.0,2.1333333333333333,2.8342258000047877,0.0,0,0
rcs0.2_k2,42,joint,0.8,0.05333333333333334,2,37,10,1.0,1280.0,2.1333333333333333,3.011691899970174,0.12453532757142938,562,3
rcs0.2_k2,42,balanced,0.7,0.043333333333333335,2,60,10,1.0,1280.0,2.1333333333333333,0.7626944000367075,0.0,0,0
rcs0.2_k2,42,robust,0.8,0.05333333333333334,2,60,10,1.0,1280.0,2.1333333333333333,5.21624730003532,0.0,0,0
rcs0.2_k2,43,v1,0.7,0.04666666666666667,2,32,10,0.84375,1280.0,2.1333333333333333,3.131746100028977,0.0,0,0
rcs0.2_k2,43,joint,0.7,0.04666666666666667,2,32,10,0.84375,1280.0,2.1333333333333333,3.2337645000079647,0.0,343,0
rcs0.2_k2,43,balanced,0.8,0.06333333333333334,2,60,10,0.9,1280.0,2.1333333333333333,0.8343467999948189,0.0,0,0
rcs0.2_k2,43,robust,0.8,0.05,2,60,10,0.9,1280.0,2.1333333333333333,6.179156000027433,0.0,0,0
rcs0.2_k2,44,v1,0.8,0.03666666666666667,2,41,10,1.0,1280.0,2.1333333333333333,3.24332070001401,0.0,0,0
rcs0.2_k2,44,joint,0.8,0.03666666666666667,2,41,10,1.0,1280.0,2.1333333333333333,3.3466719000134617,0.0,345,0
rcs0.2_k2,44,balanced,0.8,0.03,2,60,10,1.0,1280.0,2.1333333333333333,0.5861217000056058,0.0,0,0
rcs0.2_k2,44,robust,0.8,0.05,2,60,10,1.0,1280.0,2.1333333333333333,4.753625700017437,0.0,0,0
rcs0.2_k2,45,v1,0.8,0.06666666666666667,2,34,10,0.9705882352941176,1280.0,2.1333333333333333,2.447415499947965,0.0,0,0
rcs0.2_k2,45,joint,0.8,0.08,2,29,10,1.0,1280.0,2.1333333333333333,2.6432838999899104,0.6362655742184256,570,6
rcs0.2_k2,45,balanced,0.9,0.06333333333333334,2,60,10,0.9833333333333333,1280.0,2.1333333333333333,0.779507500003092,0.0,0,0
rcs0.2_k2,45,robust,0.8,0.04666666666666667,2,60,10,0.9833333333333333,1280.0,2.1333333333333333,5.18029380007647,0.0,0,0
rcs0.2_k2,46,v1,0.6,0.02666666666666667,2,41,10,1.0,1280.0,2.1333333333333333,3.1553819000255316,0.0,0,0
rcs0.2_k2,46,joint,0.6,0.023333333333333334,2,37,10,1.0,1280.0,2.1333333333333333,3.2879935998935252,0.0391092316346735,355,2
rcs0.2_k2,46,balanced,0.7,0.02666666666666667,2,60,10,1.0,1280.0,2.1333333333333333,0.7188402999890968,0.0,0,0
rcs0.2_k2,46,robust,0.6,0.05,2,59,10,1.0,1280.0,2.1333333333333333,5.069148999988101,0.0,0,0
rcs0.2_k2,47,v1,0.7,0.056666666666666664,2,29,10,1.0,1280.0,2.1333333333333333,2.480300800059922,0.0,0,0
rcs0.2_k2,47,joint,0.7,0.06333333333333334,2,30,10,1.0,1280.0,2.1333333333333333,2.6420823000371456,0.04222955752291496,572,3
rcs0.2_k2,47,balanced,0.8,0.04,2,60,10,1.0,1280.0,2.1333333333333333,0.7671732000308111,0.0,0,0
rcs0.2_k2,47,robust,0.9,0.05333333333333334,2,60,10,1.0,1280.0,2.1333333333333333,5.299468000070192,0.0,0,0
rcs0.2_k2,48,v1,0.9,0.04,2,22,10,1.0,1280.0,2.1333333333333333,1.7185302000725642,0.0,0,0
rcs0.2_k2,48,joint,0.9,0.04,2,22,10,1.0,1280.0,2.1333333333333333,1.8093317000893876,0.0,326,0
rcs0.2_k2,48,balanced,1.0,0.03666666666666667,2,60,10,0.9166666666666666,1280.0,2.1333333333333333,0.652037899941206,0.0,0,0
rcs0.2_k2,48,robust,0.9,0.03,2,60,10,0.9333333333333333,1280.0,2.1333333333333333,4.939919500029646,0.0,0,0
rcs0.2_k2,49,v1,0.8,0.04666666666666667,2,28,10,0.9642857142857143,1280.0,2.1333333333333333,2.3769370999652892,0.0,0,0
rcs0.2_k2,49,joint,0.7,0.043333333333333335,2,28,10,0.9642857142857143,1280.0,2.1333333333333333,2.5336172999814153,0.025739526419977454,485,2
rcs0.2_k2,49,balanced,0.7,0.05333333333333334,2,60,10,0.9333333333333333,1280.0,2.1333333333333333,0.7763814999489114,0.0,0,0
rcs0.2_k2,49,robust,0.8,0.04666666666666667,2,60,10,0.9333333333333333,1280.0,2.1333333333333333,5.2570780999958515,0.0,0,0
rcs0.2_k2,50,v1,0.8,0.04,2,38,10,0.9736842105263158,1280.0,2.1333333333333333,2.7024621999589726,0.0,0,0
rcs0.2_k2,50,joint,0.8,0.04,2,38,10,0.9736842105263158,1280.0,2.1333333333333333,2.82951559999492,0.0,388,0
rcs0.2_k2,50,balanced,0.9,0.03,2,60,10,0.9666666666666667,1280.0,2.1333333333333333,0.6714690999360755,0.0,0,0
rcs0.2_k2,50,robust,1.0,0.023333333333333334,2,60,10,0.95,1280.0,2.1333333333333333,4.873395300004631,0.0,0,0
rcs0.2_k2,51,v1,0.4,0.08,2,55,10,0.9818181818181818,1280.0,2.1333333333333333,4.528745100018568,0.0,0,0
rcs0.2_k2,51,joint,0.4,0.08,2,55,10,0.9818181818181818,1280.0,2.1333333333333333,4.662846000050195,0.0,412,0
rcs0.2_k2,51,balanced,0.6,0.05,2,60,10,0.9833333333333333,1280.0,2.1333333333333333,0.7203757999232039,0.0,0,0
rcs0.2_k2,51,robust,0.5,0.07666666666666666,2,60,10,0.9833333333333333,1280.0,2.1333333333333333,4.981978300027549,0.0,0,0
rcs0.2_k2,52,v1,0.7,0.05333333333333334,2,44,10,1.0,1280.0,2.1333333333333333,3.397898100083694,0.0,0,0
rcs0.2_k2,52,joint,0.6,0.05333333333333334,2,41,10,1.0,1280.0,2.1333333333333333,3.60265250003431,0.319000540032369,599,5
rcs0.2_k2,52,balanced,0.6,0.09,2,60,10,1.0,1280.0,2.1333333333333333,0.6963000999530777,0.0,0,0
rcs0.2_k2,52,robust,0.5,0.06666666666666667,2,60,10,1.0,1280.0,2.1333333333333333,5.05544310004916,0.0,0,0
rcs0.2_k2,53,v1,0.8,0.08,1,18,10,1.0,640.0,1.0666666666666667,1.627696199924685,0.0,0,0
rcs0.2_k2,53,joint,0.8,0.08,1,18,10,1.0,640.0,1.0666666666666667,1.7705644000088796,0.0,635,0
rcs0.2_k2,53,balanced,0.9,0.056666666666666664,2,60,10,1.0,1280.0,2.1333333333333333,0.7329736999236047,0.0,0,0
rcs0.2_k2,53,robust,1.0,0.05333333333333334,2,60,10,1.0,1280.0,2.1333333333333333,4.989031000062823,0.0,0,0
rcs0.2_k2,54,v1,0.8,0.04666666666666667,2,31,10,1.0,1280.0,2.1333333333333333,2.8068757000146434,0.0,0,0
rcs0.2_k2,54,joint,0.8,0.043333333333333335,0,32,10,1.0,0.0,0.0,2.992733500082977,0.004267709135464592,630,3
rcs0.2_k2,54,balanced,0.9,0.03666666666666667,2,60,10,1.0,1280.0,2.1333333333333333,0.7016036999411881,0.0,0,0
rcs0.2_k2,54,robust,0.9,0.04,2,60,10,1.0,1280.0,2.1333333333333333,5.395277500036173,0.0,0,0
rcs0.2_k2,55,v1,0.7,0.04666666666666667,2,50,10,1.0,1280.0,2.1333333333333333,4.162332399981096,0.0,0,0
rcs0.2_k2,55,joint,0.7,0.04666666666666667,2,50,10,1.0,1280.0,2.1333333333333333,4.285646799835376,0.0,379,0
rcs0.2_k2,55,balanced,0.7,0.056666666666666664,2,60,10,0.9833333333333333,1280.0,2.1333333333333333,0.8013505000853911,0.0,0,0
rcs0.2_k2,55,robust,0.8,0.07333333333333333,2,60,10,0.9833333333333333,1280.0,2.1333333333333333,5.465555600007065,0.0,0,0
rcs0.2_k2,56,v1,1.0,0.05,2,40,10,1.0,1280.0,2.1333333333333333,3.06384740001522,0.0,0,0
rcs0.2_k2,56,joint,1.0,0.05333333333333334,2,40,10,1.0,1280.0,2.1333333333333333,3.2232994000660256,0.08641261370909849,432,2
rcs0.2_k2,56,balanced,0.9,0.05333333333333334,2,60,10,1.0,1280.0,2.1333333333333333,0.7591287000104785,0.0,0,0
rcs0.2_k2,56,robust,0.9,0.05,2,59,10,1.0,1280.0,2.1333333333333333,5.103389899944887,0.0,0,0
rcs0.2_k2,57,v1,0.5,0.04,2,36,10,1.0,1280.0,2.1333333333333333,3.2920340999262407,0.0,0,0
rcs0.2_k2,57,joint,0.5,0.04,2,36,10,1.0,1280.0,2.1333333333333333,3.4097169000888243,0.0,385,0
rcs0.2_k2,57,balanced,0.6,0.056666666666666664,2,60,10,1.0,1280.0,2.1333333333333333,0.7413397999480367,0.0,0,0
rcs0.2_k2,57,robust,0.5,0.05333333333333334,2,60,10,1.0,1280.0,2.1333333333333333,5.112276599975303,0.0,0,0
rcs0.2_k2,58,v1,0.7,0.06333333333333334,2,20,10,1.0,1280.0,2.1333333333333333,1.8520495999837294,0.0,0,0
rcs0.2_k2,58,joint,0.6,0.06,2,22,10,1.0,1280.0,2.1333333333333333,1.9645272999769077,0.15930567113934724,367,2
rcs0.2_k2,58,balanced,0.9,0.043333333333333335,2,60,10,1.0,1280.0,2.1333333333333333,0.7609422999667004,0.0,0,0
rcs0.2_k2,58,robust,0.8,0.03333333333333333,2,60,10,1.0,1280.0,2.1333333333333333,5.137318299966864,0.0,0,0
rcs0.2_k2,59,v1,0.8,0.04,2,33,10,1.0,1280.0,2.1333333333333333,2.5875583000015467,0.0,0,0
rcs0.2_k2,59,joint,0.9,0.02666666666666667,2,34,10,1.0,1280.0,2.1333333333333333,2.746560200001113,0.016051080503539872,517,3
rcs0.2_k2,59,balanced,1.0,0.06,2,60,10,1.0,1280.0,2.1333333333333333,0.7166443999158219,0.0,0,0
rcs0.2_k2,59,robust,1.0,0.056666666666666664,2,60,10,1.0,1280.0,2.1333333333333333,5.137063100002706,0.0,0,0
rcs0.2_k2,60,v1,0.6,0.043333333333333335,2,36,10,1.0,1280.0,2.1333333333333333,3.1921817999100313,0.0,0,0
rcs0.2_k2,60,joint,0.5,0.05333333333333334,2,37,10,1.0,1280.0,2.1333333333333333,3.3431998998858035,0.13795447418981133,459,3
rcs0.2_k2,60,balanced,0.7,0.06,2,60,10,1.0,1280.0,2.1333333333333333,0.7860352999996394,0.0,0,0
rcs0.2_k2,60,robust,0.8,0.06,2,60,10,1.0,1280.0,2.1333333333333333,5.311749399988912,0.0,0,0
rcs0.2_k2,61,v1,0.6,0.02666666666666667,2,32,10,0.96875,1280.0,2.1333333333333333,2.3148912999313325,0.0,0,0
rcs0.2_k2,61,joint,0.7,0.03666666666666667,2,27,10,0.9629629629629629,1280.0,2.1333333333333333,2.4635655998717993,0.2213945479543672,466,4
rcs0.2_k2,61,balanced,0.7,0.04,2,60,10,0.9166666666666666,1280.0,2.1333333333333333,0.6096883000573143,0.0,0,0
rcs0.2_k2,61,robust,0.7,0.04,2,60,10,0.9166666666666666,1280.0,2.1333333333333333,4.634563599945977,0.0,0,0
rcs0.2_k2,62,v1,0.7,0.05333333333333334,2,24,10,1.0,1280.0,2.1333333333333333,1.8625448000384495,0.0,0,0
rcs0.2_k2,62,joint,0.7,0.05333333333333334,1,25,10,1.0,640.0,1.0666666666666667,2.0244364000391215,0.00533333333333319,579,2
rcs0.2_k2,62,balanced,0.9,0.06,2,60,10,1.0,1280.0,2.1333333333333333,0.7245399999665096,0.0,0,0
rcs0.2_k2,62,robust,0.9,0.06,2,60,10,1.0,1280.0,2.1333333333333333,4.979170299950056,0.0,0,0
rcs0.2_k2,63,v1,0.4,0.04,2,45,10,1.0,1280.0,2.1333333333333333,3.381977399927564,0.0,0,0
rcs0.2_k2,63,joint,0.4,0.04,2,45,10,1.0,1280.0,2.1333333333333333,3.4967619999079034,0.0,361,0
rcs0.2_k2,63,balanced,0.4,0.04,2,60,10,1.0,1280.0,2.1333333333333333,0.7093284000875428,0.0,0,0
rcs0.2_k2,63,robust,0.4,0.03,2,60,10,1.0,1280.0,2.1333333333333333,4.948374299914576,0.0,0,0
rcs0.2_k2,64,v1,0.6,0.056666666666666664,2,26,10,1.0,1280.0,2.1333333333333333,2.178851499920711,0.0,0,0
rcs0.2_k2,64,joint,0.5,0.06666666666666667,2,27,10,1.0,1280.0,2.1333333333333333,2.3435959999915212,0.024848092395562738,555,3
rcs0.2_k2,64,balanced,0.8,0.06,2,60,10,1.0,1280.0,2.1333333333333333,0.7450548000633717,0.0,0,0
rcs0.2_k2,64,robust,0.9,0.05,2,60,10,1.0,1280.0,2.1333333333333333,5.377347199944779,0.0,0,0
rcs0.2_k2,65,v1,0.8,0.04,2,21,10,1.0,1280.0,2.1333333333333333,1.5616927000228316,0.0,0,0
rcs0.2_k2,65,joint,0.8,0.04,2,21,10,1.0,1280.0,2.1333333333333333,1.655122400028631,0.0,307,0
rcs0.2_k2,65,balanced,0.8,0.02666666666666667,2,60,10,1.0,1280.0,2.1333333333333333,0.6084831000771374,0.0,0,0
rcs0.2_k2,65,robust,0.8,0.043333333333333335,2,60,10,1.0,1280.0,2.1333333333333333,4.9482674999162555,0.0,0,0
rcs0.2_k2,66,v1,0.8,0.043333333333333335,2,27,10,1.0,1280.0,2.1333333333333333,2.255267999949865,0.0,0,0
rcs0.2_k2,66,joint,0.8,0.043333333333333335,2,27,10,1.0,1280.0,2.1333333333333333,2.358284200076014,0.0,349,0
rcs0.2_k2,66,balanced,0.9,0.06333333333333334,2,60,10,1.0,1280.0,2.1333333333333333,0.7030173999955878,0.0,0,0
rcs0.2_k2,66,robust,0.9,0.056666666666666664,2,60,10,1.0,1280.0,2.1333333333333333,5.202173099969514,0.0,0,0
rcs0.2_k2,67,v1,0.7,0.05333333333333334,2,34,10,0.9117647058823529,1280.0,2.1333333333333333,2.2123071000678465,0.0,0,0
rcs0.2_k2,67,joint,0.8,0.04,2,25,10,0.88,1280.0,2.1333333333333333,2.3670169000979513,1.571886677918784,451,4
rcs0.2_k2,67,balanced,0.6,0.043333333333333335,2,60,10,0.9,1280.0,2.1333333333333333,0.5982915000058711,0.0,0,0
rcs0.2_k2,67,robust,0.6,0.04,2,60,10,0.9,1280.0,2.1333333333333333,4.652785899932496,0.0,0,0
rcs0.2_k2,68,v1,0.8,0.05333333333333334,1,25,10,1.0,640.0,1.0666666666666667,2.4625207000644878,0.0,0,0
rcs0.2_k2,68,joint,0.8,0.05333333333333334,1,25,10,1.0,640.0,1.0666666666666667,2.5980172000126913,0.0,573,0
rcs0.2_k2,68,balanced,0.8,0.06,2,60,10,1.0,1280.0,2.1333333333333333,0.6762853999389336,0.0,0,0
rcs0.2_k2,68,robust,0.9,0.05333333333333334,2,60,10,1.0,1280.0,2.1333333333333333,4.84580290003214,0.0,0,0
rcs0.2_k2,69,v1,0.7,0.04666666666666667,2,44,10,1.0,1280.0,2.1333333333333333,3.8001579999690875,0.0,0,0
rcs0.2_k2,69,joint,0.9,0.03666666666666667,2,40,10,1.0,1280.0,2.1333333333333333,3.960845199995674,0.21569603173508134,468,3
rcs0.2_k2,69,balanced,0.8,0.03666666666666667,2,60,10,0.9833333333333333,1280.0,2.1333333333333333,0.6932859000517055,0.0,0,0
rcs0.2_k2,69,robust,0.8,0.03333333333333333,2,57,10,0.9824561403508771,1280.0,2.1333333333333333,4.737374299904332,0.0,0,0
rcs0.2_k2,70,v1,0.5,0.04,2,27,10,0.9629629629629629,1280.0,2.1333333333333333,2.7357495999895036,0.0,0,0
rcs0.2_k2,70,joint,0.5,0.03666666666666667,2,27,10,0.9629629629629629,1280.0,2.1333333333333333,2.885203499929048,0.03415484613378518,459,2
rcs0.2_k2,70,balanced,0.8,0.06,2,60,10,0.9833333333333333,1280.0,2.1333333333333333,0.8279976999619976,0.0,0,0
rcs0.2_k2,70,robust,0.8,0.06666666666666667,2,60,10,0.9833333333333333,1280.0,2.1333333333333333,5.330132700037211,0.0,0,0
rcs0.2_k2,71,v1,0.8,0.06333333333333334,2,36,10,1.0,1280.0,2.1333333333333333,3.144538599997759,0.0,0,0
rcs0.2_k2,71,joint,0.8,0.06333333333333334,2,36,10,1.0,1280.0,2.1333333333333333,3.2605051001301035,0.0,355,0
rcs0.2_k2,71,balanced,0.9,0.07666666666666666,2,60,10,1.0,1280.0,2.1333333333333333,0.976388500072062,0.0,0,0
rcs0.2_k2,71,robust,1.0,0.08,2,60,10,1.0,1280.0,2.1333333333333333,6.065359400003217,0.0,0,0
rcs0.2_k2,72,v1,0.8,0.043333333333333335,2,49,10,0.8571428571428571,1280.0,2.1333333333333333,3.7244744999334216,0.0,0,0
rcs0.2_k2,72,joint,0.8,0.04666666666666667,2,50,10,0.86,1280.0,2.1333333333333333,3.890561699983664,0.0063350020070314095,461,3
rcs0.2_k2,72,balanced,0.9,0.056666666666666664,2,60,10,0.9,1280.0,2.1333333333333333,0.7041724000591785,0.0,0,0
rcs0.2_k2,72,robust,0.9,0.05,2,60,10,0.9,1280.0,2.1333333333333333,4.963503299979493,0.0,0,0
rcs0.2_k2,73,v1,0.7,0.03333333333333333,2,27,10,1.0,1280.0,2.1333333333333333,2.261139399954118,0.0,0,0
rcs0.2_k2,73,joint,0.7,0.03333333333333333,2,27,10,1.0,1280.0,2.1333333333333333,2.3535841000266373,0.0,337,0
rcs0.2_k2,73,balanced,0.8,0.05,2,60,10,0.9833333333333333,1280.0,2.1333333333333333,0.8067844000179321,0.0,0,0
rcs0.2_k2,73,robust,0.9,0.04,2,60,10,0.9833333333333333,1280.0,2.1333333333333333,5.363554900046438,0.0,0,0
rcs0.2_k2,74,v1,0.5,0.03333333333333333,2,50,10,1.0,1280.0,2.1333333333333333,4.173077999963425,0.0,0,0
rcs0.2_k2,74,joint,0.6,0.03,2,46,10,1.0,1280.0,2.1333333333333333,4.340038699912839,0.13382739126925236,448,4
rcs0.2_k2,74,balanced,0.6,0.04,2,60,10,1.0,1280.0,2.1333333333333333,0.8260650000302121,0.0,0,0
rcs0.2_k2,74,robust,0.6,0.04,2,60,10,1.0,1280.0,2.1333333333333333,5.521796699962579,0.0,0,0
rcs0.2_k2,75,v1,0.4,0.05,2,35,10,0.9142857142857143,1280.0,2.1333333333333333,2.1720303000183776,0.0,0,0
rcs0.2_k2,75,joint,0.5,0.056666666666666664,2,31,10,0.9032258064516129,1280.0,2.1333333333333333,2.295105899916962,0.3016909172705635,351,2
rcs0.2_k2,75,balanced,0.6,0.043333333333333335,2,60,10,0.9666666666666667,1280.0,2.1333333333333333,0.5547764000948519,0.0,0,0
rcs0.2_k2,75,robust,0.5,0.04666666666666667,2,60,10,0.9666666666666667,1280.0,2.1333333333333333,4.6412198999896646,0.0,0,0
rcs0.2_k2,76,v1,0.7,0.05,2,36,10,0.9722222222222222,1280.0,2.1333333333333333,2.780560899991542,0.0,0,0
rcs0.2_k2,76,joint,0.8,0.05,2,36,10,0.9722222222222222,1280.0,2.1333333333333333,2.9487649998627603,0.08378755938447302,561,2
rcs0.2_k2,76,balanced,0.8,0.043333333333333335,2,60,10,0.9833333333333333,1280.0,2.1333333333333333,0.7161132000619546,0.0,0,0
rcs0.2_k2,76,robust,0.8,0.04666666666666667,2,60,10,0.9833333333333333,1280.0,2.1333333333333333,4.917048599920236,0.0,0,0
rcs0.2_k2,77,v1,0.6,0.03666666666666667,2,40,10,1.0,1280.0,2.1333333333333333,2.875645799911581,0.0,0,0
rcs0.2_k2,77,joint,0.6,0.03666666666666667,2,40,10,1.0,1280.0,2.1333333333333333,2.9780653999187052,0.0,353,0
rcs0.2_k2,77,balanced,0.5,0.04666666666666667,2,60,10,1.0,1280.0,2.1333333333333333,0.6057739000534639,0.0,0,0
rcs0.2_k2,77,robust,0.5,0.04666666666666667,2,60,10,1.0,1280.0,2.1333333333333333,4.862999600009061,0.0,0,0
rcs0.2_k2,78,v1,0.7,0.05,2,33,10,1.0,1280.0,2.1333333333333333,2.36581590003334,0.0,0,0
rcs0.2_k2,78,joint,0.8,0.04,2,34,10,1.0,1280.0,2.1333333333333333,2.5619629999855533,0.48738826681114644,705,5
rcs0.2_k2,78,balanced,1.0,0.056666666666666664,2,60,10,1.0,1280.0,2.1333333333333333,0.7024252000264823,0.0,0,0
rcs0.2_k2,78,robust,0.9,0.05333333333333334,2,60,10,1.0,1280.0,2.1333333333333333,5.105360700050369,0.0,0,0
rcs0.2_k2,79,v1,0.6,0.04666666666666667,2,17,10,1.0,1280.0,2.1333333333333333,1.4710092999739572,0.0,0,0
rcs0.2_k2,79,joint,0.6,0.043333333333333335,1,17,10,1.0,640.0,1.0666666666666667,1.6183338998816907,0.005333333333333412,577,1
rcs0.2_k2,79,balanced,0.9,0.09,2,60,10,1.0,1280.0,2.1333333333333333,0.7080145999789238,0.0,0,0
rcs0.2_k2,79,robust,0.9,0.08666666666666667,2,60,10,1.0,1280.0,2.1333333333333333,4.9745815000496805,0.0,0,0
rcs0.2_k2,80,v1,0.6,0.07,2,30,10,0.9333333333333333,1280.0,2.1333333333333333,1.8400961000006646,0.0,0,0
rcs0.2_k2,80,joint,0.6,0.06,2,26,10,0.8846153846153846,1280.0,2.1333333333333333,1.976590400096029,0.22633218121526422,387,3
rcs0.2_k2,80,balanced,0.7,0.056666666666666664,2,60,10,0.95,1280.0,2.1333333333333333,0.5565275000408292,0.0,0,0
rcs0.2_k2,80,robust,0.7,0.05333333333333334,2,60,10,0.9333333333333333,1280.0,2.1333333333333333,4.328248100006022,0.0,0,0
rcs0.2_k2,81,v1,0.5,0.02666666666666667,2,38,10,1.0,1280.0,2.1333333333333333,2.1363913000095636,0.0,0,0
rcs0.2_k2,81,joint,0.7,0.04,2,30,10,1.0,1280.0,2.1333333333333333,2.2782881999155506,0.5174858600967237,410,4
rcs0.2_k2,81,balanced,0.5,0.03,2,60,10,1.0,1280.0,2.1333333333333333,0.46337300003506243,0.0,0,0
rcs0.2_k2,81,robust,0.5,0.03333333333333333,2,60,10,1.0,1280.0,2.1333333333333333,3.9191943999612704,0.0,0,0
rcs0.2_k2,82,v1,0.8,0.05,2,41,10,0.9512195121951219,1280.0,2.1333333333333333,2.976678300066851,0.0,0,0
rcs0.2_k2,82,joint,0.8,0.04,2,37,10,0.9459459459459459,1280.0,2.1333333333333333,3.1092967999866232,0.15278436026236908,381,2
rcs0.2_k2,82,balanced,1.0,0.07,2,60,10,0.9833333333333333,1280.0,2.1333333333333333,0.5427167000016198,0.0,0,0
rcs0.2_k2,82,robust,1.0,0.07666666666666666,2,60,10,0.9833333333333333,1280.0,2.1333333333333333,4.291319200070575,0.0,0,0
rcs0.2_k2,83,v1,0.5,0.03,2,47,10,0.9148936170212766,1280.0,2.1333333333333333,3.080790599924512,0.0,0,0
rcs0.2_k2,83,joint,0.6,0.023333333333333334,2,43,10,0.9069767441860465,1280.0,2.1333333333333333,3.248857899918221,0.40118600262530624,476,3
rcs0.2_k2,83,balanced,0.6,0.05,2,60,10,0.9333333333333333,1280.0,2.1333333333333333,0.45397379994392395,0.0,0,0
rcs0.2_k2,83,robust,0.7,0.043333333333333335,2,60,10,0.9333333333333333,1280.0,2.1333333333333333,4.14029680006206,0.0,0,0
rcs0.2_k2,84,v1,0.7,0.04,2,29,10,1.0,1280.0,2.1333333333333333,2.2376297999871895,0.0,0,0
rcs0.2_k2,84,joint,0.7,0.03666666666666667,1,24,10,1.0,640.0,1.0666666666666667,2.4251930998871103,1.2457030924418953,699,6
rcs0.2_k2,84,balanced,0.8,0.04666666666666667,2,60,10,0.9833333333333333,1280.0,2.1333333333333333,0.6407245999434963,0.0,0,0
rcs0.2_k2,84,robust,0.8,0.043333333333333335,2,60,10,0.9833333333333333,1280.0,2.1333333333333333,4.919074300094508,0.0,0,0
rcs0.2_k2,85,v1,0.8,0.05333333333333334,2,40,10,1.0,1280.0,2.1333333333333333,2.694437500089407,0.0,0,0
rcs0.2_k2,85,joint,0.8,0.04666666666666667,2,36,10,1.0,1280.0,2.1333333333333333,2.8371876002056524,0.4538608107416525,377,2
rcs0.2_k2,85,balanced,0.8,0.05333333333333334,2,60,10,1.0,1280.0,2.1333333333333333,0.6693879999220371,0.0,0,0
rcs0.2_k2,85,robust,0.8,0.06333333333333334,2,60,10,1.0,1280.0,2.1333333333333333,4.76359320001211,0.0,0,0
rcs0.2_k2,86,v1,0.9,0.04666666666666667,2,45,10,1.0,1280.0,2.1333333333333333,2.9058843000093475,0.0,0,0
rcs0.2_k2,86,joint,1.0,0.04,2,33,10,1.0,1280.0,2.1333333333333333,3.1030745999887586,0.37139443039835085,602,8
rcs0.2_k2,86,balanced,0.8,0.056666666666666664,2,60,10,1.0,1280.0,2.1333333333333333,0.5194661000277847,0.0,0,0
rcs0.2_k2,86,robust,0.9,0.05333333333333334,2,60,10,1.0,1280.0,2.1333333333333333,4.3642853000201285,0.0,0,0
rcs0.2_k2,87,v1,0.6,0.04666666666666667,2,29,10,1.0,1280.0,2.1333333333333333,2.1153798999730498,0.0,0,0
rcs0.2_k2,87,joint,0.6,0.04666666666666667,2,29,10,1.0,1280.0,2.1333333333333333,2.2175312999170274,0.0,362,0
rcs0.2_k2,87,balanced,0.7,0.04666666666666667,2,60,10,0.9833333333333333,1280.0,2.1333333333333333,0.6884572000708431,0.0,0,0
rcs0.2_k2,87,robust,0.6,0.05333333333333334,2,60,10,0.9833333333333333,1280.0,2.1333333333333333,5.1945973000256345,0.0,0,0
rcs0.2_k2,88,v1,0.6,0.043333333333333335,2,32,10,1.0,1280.0,2.1333333333333333,2.4466218999587,0.0,0,0
rcs0.2_k2,88,joint,0.6,0.043333333333333335,2,32,10,1.0,1280.0,2.1333333333333333,2.55712560005486,0.0,363,0
rcs0.2_k2,88,balanced,0.7,0.03666666666666667,2,60,10,1.0,1280.0,2.1333333333333333,0.7120778999524191,0.0,0,0
rcs0.2_k2,88,robust,0.8,0.03666666666666667,2,54,9,1.0,1280.0,2.1333333333333333,4.471470799995586,0.0,0,0
rcs0.2_k2,89,v1,0.6,0.03,2,52,10,1.0,1280.0,2.1333333333333333,4.303819400025532,0.0,0,0
rcs0.2_k2,89,joint,0.6,0.03666666666666667,2,53,10,1.0,1280.0,2.1333333333333333,4.476428200025111,0.09165594981314151,483,3
rcs0.2_k2,89,balanced,0.6,0.02666666666666667,2,60,10,1.0,1280.0,2.1333333333333333,0.792719200020656,0.0,0,0
rcs0.2_k2,89,robust,0.6,0.03666666666666667,2,60,10,1.0,1280.0,2.1333333333333333,5.369521399959922,0.0,0,0
rcs0.2_k2,90,v1,0.8,0.07666666666666666,2,31,10,1.0,1280.0,2.1333333333333333,2.3773129999171942,0.0,0,0
rcs0.2_k2,90,joint,0.8,0.07,2,27,10,1.0,1280.0,2.1333333333333333,2.4960357999661937,0.1377789962945838,340,2
rcs0.2_k2,90,balanced,0.9,0.07333333333333333,2,60,10,0.95,1280.0,2.1333333333333333,0.8143024999881163,0.0,0,0
rcs0.2_k2,90,robust,1.0,0.07,2,60,10,0.95,1280.0,2.1333333333333333,5.454284399980679,0.0,0,0
rcs0.2_k2,91,v1,0.5,0.04666666666666667,2,45,10,1.0,1280.0,2.1333333333333333,2.9550907000666484,0.0,0,0
rcs0.2_k2,91,joint,0.6,0.043333333333333335,2,45,10,1.0,1280.0,2.1333333333333333,3.1176597999874502,0.02021753943842275,425,2
rcs0.2_k2,91,balanced,0.5,0.056666666666666664,2,60,10,0.9833333333333333,1280.0,2.1333333333333333,0.6463916000211611,0.0,0,0
rcs0.2_k2,91,robust,0.5,0.04666666666666667,2,60,10,0.9833333333333333,1280.0,2.1333333333333333,4.633849599980749,0.0,0,0
rcs0.2_k2,92,v1,0.5,0.06666666666666667,2,44,10,1.0,1280.0,2.1333333333333333,3.9528317999793217,0.0,0,0
rcs0.2_k2,92,joint,0.5,0.06333333333333334,2,45,10,1.0,1280.0,2.1333333333333333,4.129678099998273,0.022649814072990174,479,3
rcs0.2_k2,92,balanced,0.5,0.04666666666666667,2,60,10,1.0,1280.0,2.1333333333333333,0.8147808000212535,0.0,0,0
rcs0.2_k2,92,robust,0.5,0.05333333333333334,2,60,10,1.0,1280.0,2.1333333333333333,5.268843499943614,0.0,0,0
rcs0.2_k2,93,v1,0.7,0.056666666666666664,2,36,10,0.8611111111111112,1280.0,2.1333333333333333,2.7758922999491915,0.0,0,0
rcs0.2_k2,93,joint,0.7,0.056666666666666664,2,36,10,0.8611111111111112,1280.0,2.1333333333333333,2.8946368999313563,0.0,376,0
rcs0.2_k2,93,balanced,0.9,0.05333333333333334,2,60,10,0.9333333333333333,1280.0,2.1333333333333333,0.741992799914442,0.0,0,0
rcs0.2_k2,93,robust,0.8,0.06,2,60,10,0.9166666666666666,1280.0,2.1333333333333333,5.179760600090958,0.0,0,0
rcs0.2_k2,94,v1,0.6,0.05,2,41,10,1.0,1280.0,2.1333333333333333,3.1497322000795975,0.0,0,0
rcs0.2_k2,94,joint,0.6,0.05,2,41,10,1.0,1280.0,2.1333333333333333,3.261741300113499,0.0,371,0
rcs0.2_k2,94,balanced,0.8,0.05333333333333334,2,60,10,1.0,1280.0,2.1333333333333333,0.7257389000151306,0.0,0,0
rcs0.2_k2,94,robust,0.9,0.06333333333333334,2,60,10,1.0,1280.0,2.1333333333333333,5.396104999934323,0.0,0,0
rcs0.2_k2,95,v1,0.8,0.04,2,47,10,1.0,1280.0,2.1333333333333333,3.189011000096798,0.0,0,0
rcs0.2_k2,95,joint,0.8,0.04,2,47,10,1.0,1280.0,2.1333333333333333,3.2944846999598667,0.0,352,0
rcs0.2_k2,95,balanced,0.8,0.03666666666666667,2,60,10,0.9833333333333333,1280.0,2.1333333333333333,0.5076778000220656,0.0,0,0
rcs0.2_k2,95,robust,0.8,0.03666666666666667,2,60,10,1.0,1280.0,2.1333333333333333,4.434754199930467,0.0,0,0
rcs0.2_k2,96,v1,0.8,0.04666666666666667,2,26,10,1.0,1280.0,2.1333333333333333,1.9778464999981225,0.0,0,0
rcs0.2_k2,96,joint,0.8,0.04666666666666667,2,26,10,1.0,1280.0,2.1333333333333333,2.0824273999314755,0.0,343,0
rcs0.2_k2,96,balanced,0.9,0.04666666666666667,2,60,10,1.0,1280.0,2.1333333333333333,0.7446748999645934,0.0,0,0
rcs0.2_k2,96,robust,0.9,0.056666666666666664,2,60,10,1.0,1280.0,2.1333333333333333,5.313622400048189,0.0,0,0
rcs0.2_k2,97,v1,0.7,0.06666666666666667,2,23,10,1.0,1280.0,2.1333333333333333,1.824845999944955,0.0,0,0
rcs0.2_k2,97,joint,0.7,0.06,2,24,10,1.0,1280.0,2.1333333333333333,1.9753325999481604,0.12496325457735757,512,3
rcs0.2_k2,97,balanced,0.9,0.05333333333333334,2,60,10,0.9833333333333333,1280.0,2.1333333333333333,0.7626411999808624,0.0,0,0
rcs0.2_k2,97,robust,0.9,0.06333333333333334,2,60,10,0.9833333333333333,1280.0,2.1333333333333333,5.641504200058989,0.0,0,0
rcs0.2_k2,98,v1,0.6,0.03333333333333333,2,28,10,1.0,1280.0,2.1333333333333333,2.096540999948047,0.0,0,0
rcs0.2_k2,98,joint,0.6,0.03333333333333333,2,28,10,1.0,1280.0,2.1333333333333333,2.1890556999715045,0.0,329,0
rcs0.2_k2,98,balanced,0.8,0.03333333333333333,2,60,10,1.0,1280.0,2.1333333333333333,0.7402062000473961,0.0,0,0
rcs0.2_k2,98,robust,0.8,0.04666666666666667,2,60,10,1.0,1280.0,2.1333333333333333,5.488701099995524,0.0,0,0
rcs0.2_k2,99,v1,1.0,0.06,2,23,10,1.0,1280.0,2.1333333333333333,2.252015499980189,0.0,0,0
rcs0.2_k2,99,joint,1.0,0.06,2,23,10,1.0,1280.0,2.1333333333333333,2.3468446999322623,0.0,345,0
rcs0.2_k2,99,balanced,1.0,0.05333333333333334,2,60,10,1.0,1280.0,2.1333333333333333,0.8262473000213504,0.0,0,0
rcs0.2_k2,99,robust,1.0,0.05333333333333334,2,60,10,1.0,1280.0,2.1333333333333333,5.609920099959709,0.0,0,0
rcs0.2_k8,0,v1,1.0,0.04,4,28,10,1.0,2560.0,4.266666666666667,2.6935009999433532,0.0,0,0
rcs0.2_k8,0,joint,1.0,0.04666666666666667,6,28,10,1.0,3840.0,6.400000000000001,2.894061299972236,0.04079918811639027,629,2
rcs0.2_k8,0,balanced,1.0,0.05333333333333334,8,60,10,1.0,5120.0,8.533333333333335,0.5909001999534667,0.0,0,0
rcs0.2_k8,0,robust,1.0,0.05333333333333334,8,60,10,1.0,5120.0,8.533333333333335,5.600428800098598,0.0,0,0
rcs0.2_k8,1,v1,0.7,0.016666666666666666,8,36,10,1.0,5120.0,8.533333333333335,3.003687800024636,0.0,0,0
rcs0.2_k8,1,joint,0.8,0.016666666666666666,8,36,10,1.0,5120.0,8.533333333333335,3.166886599967256,0.02846386435741799,471,1
rcs0.2_k8,1,balanced,0.9,0.03,8,60,10,0.9833333333333333,5120.0,8.533333333333335,0.5235820000525564,0.0,0,0
rcs0.2_k8,1,robust,0.9,0.023333333333333334,8,60,10,0.9833333333333333,5120.0,8.533333333333335,5.279662900022231,0.0,0,0
rcs0.2_k8,2,v1,0.7,0.04,8,27,10,0.9629629629629629,5120.0,8.533333333333335,2.6758307999698445,0.0,0,0
rcs0.2_k8,2,joint,0.7,0.04,8,27,10,0.9629629629629629,5120.0,8.533333333333335,2.980643100105226,0.029621492246257652,931,3
rcs0.2_k8,2,balanced,0.7,0.05333333333333334,8,60,10,0.9166666666666666,5120.0,8.533333333333335,0.7219516000477597,0.0,0,0
rcs0.2_k8,2,robust,0.8,0.04666666666666667,8,60,10,0.9166666666666666,5120.0,8.533333333333335,6.424052400048822,0.0,0,0
rcs0.2_k8,3,v1,0.5,0.08333333333333333,5,28,10,1.0,3200.0,5.333333333333334,2.618649199954234,0.0,0,0
rcs0.2_k8,3,joint,0.5,0.07333333333333333,6,28,10,1.0,3840.0,6.400000000000001,2.949793899897486,0.22207736655741858,1064,3
rcs0.2_k8,3,balanced,0.6,0.07,8,60,10,0.9833333333333333,5120.0,8.533333333333335,0.6431732000783086,0.0,0,0
rcs0.2_k8,3,robust,0.5,0.056666666666666664,8,55,10,0.9636363636363636,5120.0,8.533333333333335,4.4625607000198215,0.0,0,0
rcs0.2_k8,4,v1,0.7,0.04,8,35,10,1.0,5120.0,8.533333333333335,3.3768381000263616,0.0,0,0
rcs0.2_k8,4,joint,0.7,0.043333333333333335,5,33,10,1.0,3200.0,5.333333333333334,3.685435900115408,0.34416110320680504,961,5
rcs0.2_k8,4,balanced,0.7,0.05,8,60,10,1.0,5120.0,8.533333333333335,0.6261902999831364,0.0,0,0
rcs0.2_k8,4,robust,0.6,0.05333333333333334,8,40,10,1.0,5120.0,8.533333333333335,3.4760526000754908,0.0,0,0
rcs0.2_k8,5,v1,0.8,0.02,8,42,10,1.0,5120.0,8.533333333333335,4.113636499969289,0.0,0,0
rcs0.2_k8,5,joint,0.8,0.02666666666666667,8,42,10,1.0,5120.0,8.533333333333335,4.381587799987756,0.12070858373492921,746,6
rcs0.2_k8,5,balanced,0.8,0.02,8,60,10,0.9666666666666667,5120.0,8.533333333333335,0.6451522000133991,0.0,0,0
rcs0.2_k8,5,robust,0.8,0.02666666666666667,8,55,10,0.9636363636363636,5120.0,8.533333333333335,5.009605399915017,0.0,0,0
rcs0.2_k8,6,v1,0.6,0.05,8,38,10,0.9210526315789473,5120.0,8.533333333333335,2.7590960999950767,0.0,0,0
rcs0.2_k8,6,joint,0.6,0.05,8,39,10,0.9230769230769231,5120.0,8.533333333333335,2.9700069000246003,0.060679699787032026,587,4
rcs0.2_k8,6,balanced,0.8,0.06333333333333334,8,60,10,0.95,5120.0,8.533333333333335,0.5980368000455201,0.0,0,0
rcs0.2_k8,6,robust,0.8,0.06333333333333334,8,60,10,0.95,5120.0,8.533333333333335,5.105011499952525,0.0,0,0
rcs0.2_k8,7,v1,0.9,0.05,8,25,10,0.76,5120.0,8.533333333333335,2.21080930007156,0.0,0,0
rcs0.2_k8,7,joint,0.9,0.05,8,25,10,0.76,5120.0,8.533333333333335,2.3246530001051724,0.0,386,0
rcs0.2_k8,7,balanced,0.9,0.04666666666666667,8,60,10,0.8666666666666667,5120.0,8.533333333333335,0.6809975999640301,0.0,0,0
rcs0.2_k8,7,robust,0.8,0.05,8,55,10,0.8545454545454545,5120.0,8.533333333333335,4.77891280001495,0.0,0,0
rcs0.2_k8,8,v1,0.5,0.04,8,37,10,1.0,5120.0,8.533333333333335,2.653545899898745,0.0,0,0
rcs0.2_k8,8,joint,0.5,0.03666666666666667,8,37,10,1.0,5120.0,8.533333333333335,2.8541710999561474,0.01532499627433781,556,3
rcs0.2_k8,8,balanced,0.7,0.03666666666666667,8,60,10,1.0,5120.0,8.533333333333335,0.5772295000497252,0.0,0,0
rcs0.2_k8,8,robust,0.7,0.04,8,55,10,1.0,5120.0,8.533333333333335,4.250576599966735,0.0,0,0
rcs0.2_k8,9,v1,0.7,0.05333333333333334,8,42,10,1.0,5120.0,8.533333333333335,3.7389680999331176,0.0,0,0
rcs0.2_k8,9,joint,0.7,0.056666666666666664,8,43,10,1.0,5120.0,8.533333333333335,3.94385179982055,0.11777594234730282,565,4
rcs0.2_k8,9,balanced,0.6,0.04666666666666667,8,60,10,1.0,5120.0,8.533333333333335,0.6108366000698879,0.0,0,0
rcs0.2_k8,9,robust,0.6,0.03,8,55,10,1.0,5120.0,8.533333333333335,4.68515589996241,0.0,0,0
rcs0.2_k8,10,v1,0.7,0.05,6,28,10,1.0,3840.0,6.400000000000001,3.5305954000214115,0.0,0,0
rcs0.2_k8,10,joint,0.7,0.043333333333333335,5,28,10,1.0,3200.0,5.333333333333334,3.8253740000072867,0.005333333333333634,956,1
rcs0.2_k8,10,balanced,0.9,0.05333333333333334,8,60,10,1.0,5120.0,8.533333333333335,0.8192151999101043,0.0,0,0
rcs0.2_k8,10,robust,0.7,0.05,8,60,10,1.0,5120.0,8.533333333333335,6.618841500021517,0.0,0,0
rcs0.2_k8,11,v1,0.6,0.06666666666666667,4,31,10,1.0,2560.0,4.266666666666667,3.627513000043109,0.0,0,0
rcs0.2_k8,11,joint,0.6,0.07,5,31,10,1.0,3200.0,5.333333333333334,3.991086900117807,1.1883718146000515,1024,2
rcs0.2_k8,11,balanced,0.7,0.07666666666666666,8,60,10,1.0,5120.0,8.533333333333335,0.8646802000002936,0.0,0,0
rcs0.2_k8,11,robust,0.7,0.056666666666666664,8,55,10,1.0,5120.0,8.533333333333335,6.2779952000128105,0.0,0,0
rcs0.2_k8,12,v1,0.6,0.04666666666666667,2,29,10,0.9310344827586207,1280.0,2.1333333333333333,3.9505990999750793,0.0,0,0
rcs0.2_k8,12,joint,0.6,0.04,6,28,10,0.9285714285714286,3840.0,6.400000000000001,4.203692400013097,0.1195024385213328,859,2
rcs0.2_k8,12,balanced,0.7,0.043333333333333335,8,60,10,0.9,5120.0,8.533333333333335,0.9891294999979436,0.0,0,0
rcs0.2_k8,12,robust,0.7,0.05333333333333334,8,55,10,0.8909090909090909,5120.0,8.533333333333335,6.644229599973187,0.0,0,0
rcs0.2_k8,13,v1,0.8,0.04666666666666667,8,39,10,1.0,5120.0,8.533333333333335,3.6026769999880344,0.0,0,0
rcs0.2_k8,13,joint,0.7,0.05333333333333334,8,39,10,1.0,5120.0,8.533333333333335,3.824000599910505,0.26618710987071736,652,4
rcs0.2_k8,13,balanced,0.7,0.043333333333333335,8,60,10,1.0,5120.0,8.533333333333335,0.6146533000282943,0.0,0,0
rcs0.2_k8,13,robust,0.7,0.043333333333333335,8,60,10,1.0,5120.0,8.533333333333335,5.172153400024399,0.0,0,0
rcs0.2_k8,14,v1,0.8,0.05,8,37,10,1.0,5120.0,8.533333333333335,3.674181599984877,0.0,0,0
rcs0.2_k8,14,joint,0.8,0.056666666666666664,7,37,10,1.0,4480.0,7.466666666666669,3.9396235999884084,0.06594983021405831,802,3
rcs0.2_k8,14,balanced,0.8,0.04,8,60,10,1.0,5120.0,8.533333333333335,0.7069167000008747,0.0,0,0
rcs0.2_k8,14,robust,0.8,0.05333333333333334,8,55,10,1.0,5120.0,8.533333333333335,5.408660499961115,0.0,0,0
rcs0.2_k8,15,v1,0.9,0.06333333333333334,8,41,10,1.0,5120.0,8.533333333333335,4.8020965999457985,0.0,0,0
rcs0.2_k8,15,joint,0.9,0.05333333333333334,6,43,10,1.0,3840.0,6.400000000000001,5.042899699881673,0.00917245831483715,770,4
rcs0.2_k8,15,balanced,0.7,0.06,8,60,10,1.0,5120.0,8.533333333333335,0.8548240000382066,0.0,0,0
rcs0.2_k8,15,robust,0.8,0.07,8,60,10,1.0,5120.0,8.533333333333335,7.574448099941947,0.0,0,0
rcs0.2_k8,16,v1,0.8,0.05333333333333334,5,28,10,0.8571428571428571,3200.0,5.333333333333334,3.792070999974385,0.0,0,0
rcs0.2_k8,16,joint,0.8,0.05333333333333334,5,28,10,0.8571428571428571,3200.0,5.333333333333334,4.0292551999446005,0.0,820,0
rcs0.2_k8,16,balanced,0.9,0.05333333333333334,8,60,10,0.95,5120.0,8.533333333333335,0.7835952000459656,0.0,0,0
rcs0.2_k8,16,robust,0.9,0.05,8,60,10,0.95,5120.0,8.533333333333335,7.514049099991098,0.0,0,0
rcs0.2_k8,17,v1,0.8,0.03666666666666667,7,33,10,1.0,4480.0,7.466666666666669,3.6051691999891773,0.0,0,0
rcs0.2_k8,17,joint,0.8,0.03666666666666667,5,32,10,1.0,3200.0,5.333333333333334,3.875153800006956,0.010666666666666665,881,3
rcs0.2_k8,17,balanced,0.8,0.03666666666666667,8,60,10,1.0,5120.0,8.533333333333335,0.7674712999723852,0.0,0,0
rcs0.2_k8,17,robust,0.8,0.03666666666666667,8,55,10,1.0,5120.0,8.533333333333335,5.300739399972372,0.0,0,0
rcs0.2_k8,18,v1,0.6,0.04666666666666667,8,40,10,1.0,5120.0,8.533333333333335,3.2765816000755876,0.0,0,0
rcs0.2_k8,18,joint,0.8,0.05333333333333334,5,32,10,1.0,3200.0,5.333333333333334,3.5949080999707803,0.4341642393376648,909,7
rcs0.2_k8,18,balanced,0.7,0.04666666666666667,8,60,10,0.95,5120.0,8.533333333333335,0.653918500058353,0.0,0,0
rcs0.2_k8,18,robust,0.5,0.03666666666666667,6,45,10,0.9111111111111111,3840.0,6.400000000000001,4.538729800027795,0.0,0,0
rcs0.2_k8,19,v1,0.9,0.043333333333333335,8,32,10,1.0,5120.0,8.533333333333335,3.0758448999840766,0.0,0,0
rcs0.2_k8,19,joint,0.9,0.04666666666666667,8,32,10,1.0,5120.0,8.533333333333335,3.2525062998756766,0.36768587669737895,530,3
rcs0.2_k8,19,balanced,1.0,0.05333333333333334,8,60,10,1.0,5120.0,8.533333333333335,0.796659899991937,0.0,0,0
rcs0.2_k8,19,robust,1.0,0.04666666666666667,8,60,10,1.0,5120.0,8.533333333333335,6.123917300021276,0.0,0,0
rcs0.2_k8,20,v1,1.0,0.056666666666666664,4,23,10,1.0,2560.0,4.266666666666667,2.541355299996212,0.0,0,0
rcs0.2_k8,20,joint,1.0,0.056666666666666664,3,23,10,1.0,1920.0,3.2,2.8008238000329584,0.0006545860249138613,799,1
rcs0.2_k8,20,balanced,1.0,0.06,8,60,10,1.0,5120.0,8.533333333333335,0.7946881999960169,0.0,0,0
rcs0.2_k8,20,robust,1.0,0.043333333333333335,8,60,10,1.0,5120.0,8.533333333333335,6.361445399932563,0.0,0,0
rcs0.2_k8,21,v1,0.9,0.06,3,23,10,1.0,1920.0,3.2,2.509837100049481,0.0,0,0
rcs0.2_k8,21,joint,0.9,0.06,2,24,10,1.0,1280.0,2.1333333333333333,2.78961320000235,0.005333333333333412,895,2
rcs0.2_k8,21,balanced,0.9,0.056666666666666664,8,60,10,1.0,5120.0,8.533333333333335,0.8363183999899775,0.0,0,0
rcs0.2_k8,21,robust,1.0,0.06666666666666667,8,60,10,1.0,5120.0,8.533333333333335,6.638389600091614,0.0,0,0
rcs0.2_k8,22,v1,0.7,0.05,8,29,10,1.0,5120.0,8.533333333333335,2.765400900039822,0.0,0,0
rcs0.2_k8,22,joint,0.7,0.05333333333333334,4,30,10,1.0,2560.0,4.266666666666667,3.0488583999685943,0.021174365423817676,910,4
rcs0.2_k8,22,balanced,0.9,0.05333333333333334,8,60,10,1.0,5120.0,8.533333333333335,0.7534387001069263,0.0,0,0
rcs0.2_k8,22,robust,1.0,0.05,8,60,10,1.0,5120.0,8.533333333333335,6.288510200101882,0.0,0,0
rcs0.2_k8,23,v1,0.7,0.04,8,40,10,1.0,5120.0,8.533333333333335,4.008013100014068,0.0,0,0
rcs0.2_k8,23,joint,0.7,0.04,8,40,10,1.0,5120.0,8.533333333333335,4.163000599946827,0.0,480,0
rcs0.2_k8,23,balanced,0.8,0.04,8,60,10,1.0,5120.0,8.533333333333335,0.8742482999805361,0.0,0,0
rcs0.2_k8,23,robust,0.8,0.06,8,60,10,1.0,5120.0,8.533333333333335,7.083980499999598,0.0,0,0
rcs0.2_k8,24,v1,0.8,0.043333333333333335,8,31,10,1.0,5120.0,8.533333333333335,2.560897700022906,0.0,0,0
rcs0.2_k8,24,joint,0.8,0.05333333333333334,4,20,10,1.0,2560.0,4.266666666666667,2.754751299857162,1.090831337016474,701,3
rcs0.2_k8,24,balanced,0.8,0.06666666666666667,8,60,10,1.0,5120.0,8.533333333333335,0.6806876000482589,0.0,0,0
rcs0.2_k8,24,robust,0.7,0.07,8,55,10,1.0,5120.0,8.533333333333335,5.137520399992354,0.0,0,0
rcs0.2_k8,25,v1,0.6,0.05333333333333334,8,42,10,0.9523809523809523,5120.0,8.533333333333335,3.427034900058061,0.0,0,0
rcs0.2_k8,25,joint,0.5,0.05333333333333334,4,43,10,0.9534883720930233,2560.0,4.266666666666667,3.8299937000265345,0.0823780929858422,1112,7
rcs0.2_k8,25,balanced,0.4,0.05333333333333334,8,60,10,0.9833333333333333,5120.0,8.533333333333335,0.5576892999233678,0.0,0,0
rcs0.2_k8,25,robust,0.6,0.05,8,55,10,1.0,5120.0,8.533333333333335,4.696673900005408,0.0,0,0
rcs0.2_k8,26,v1,0.5,0.03333333333333333,8,36,10,1.0,5120.0,8.533333333333335,3.6528203999623656,0.0,0,0
rcs0.2_k8,26,joint,0.5,0.02666666666666667,7,37,10,1.0,4480.0,7.466666666666669,3.8503504999680445,0.00533333333333319,634,2
rcs0.2_k8,26,balanced,0.7,0.043333333333333335,8,60,10,1.0,5120.0,8.533333333333335,0.682413199916482,0.0,0,0
rcs0.2_k8,26,robust,0.7,0.043333333333333335,8,54,10,1.0,5120.0,8.533333333333335,5.06789479998406,0.0,0,0
rcs0.2_k8,27,v1,0.8,0.03,8,40,10,1.0,5120.0,8.533333333333335,3.298374900012277,0.0,0,0
rcs0.2_k8,27,joint,0.7,0.03666666666666667,8,41,10,1.0,5120.0,8.533333333333335,3.5213878999929875,0.03194116509264733,662,5
rcs0.2_k8,27,balanced,0.8,0.03666666666666667,8,60,10,1.0,5120.0,8.533333333333335,0.5919835000531748,0.0,0,0
rcs0.2_k8,27,robust,0.8,0.03333333333333333,8,60,10,1.0,5120.0,8.533333333333335,5.342501800041646,0.0,0,0
rcs0.2_k8,28,v1,0.6,0.05333333333333334,8,46,10,1.0,5120.0,8.533333333333335,4.221332999994047,0.0,0,0
rcs0.2_k8,28,joint,0.6,0.05333333333333334,8,46,10,1.0,5120.0,8.533333333333335,4.438710500020534,0.173640324368461,557,3
rcs0.2_k8,28,balanced,0.7,0.056666666666666664,8,60,10,1.0,5120.0,8.533333333333335,0.7062947999220341,0.0,0,0
rcs0.2_k8,28,robust,0.7,0.056666666666666664,8,53,10,1.0,5120.0,8.533333333333335,4.856023900094442,0.0,0,0
rcs0.2_k8,29,v1,0.4,0.043333333333333335,4,38,10,1.0,2560.0,4.266666666666667,3.744662699988112,0.0,0,0
rcs0.2_k8,29,joint,0.4,0.04666666666666667,5,34,10,1.0,3200.0,5.333333333333334,4.127859400003217,0.5886591013428653,1143,4
rcs0.2_k8,29,balanced,0.6,0.056666666666666664,8,60,10,1.0,5120.0,8.533333333333335,0.5873085999628529,0.0,0,0
rcs0.2_k8,29,robust,0.6,0.04666666666666667,8,50,10,1.0,5120.0,8.533333333333335,3.944328000070527,0.0,0,0
rcs0.2_k8,30,v1,0.4,0.043333333333333335,8,45,10,0.9111111111111111,5120.0,8.533333333333335,3.4727594000287354,0.0,0,0
rcs0.2_k8,30,joint,0.5,0.05,8,45,10,0.9111111111111111,5120.0,8.533333333333335,3.6685176000464708,0.007971083261991474,519,3
rcs0.2_k8,30,balanced,0.7,0.056666666666666664,8,60,10,0.9,5120.0,8.533333333333335,0.5536475999979302,0.0,0,0
rcs0.2_k8,30,robust,0.5,0.07,8,60,10,0.9166666666666666,5120.0,8.533333333333335,5.065357099985704,0.0,0,0
rcs0.2_k8,31,v1,0.9,0.05,8,46,10,1.0,5120.0,8.533333333333335,5.117534399963915,0.0,0,0
rcs0.2_k8,31,joint,0.9,0.04666666666666667,6,46,10,1.0,3840.0,6.400000000000001,5.441863299929537,0.03440723367160875,970,2
rcs0.2_k8,31,balanced,0.8,0.06,8,60,10,1.0,5120.0,8.533333333333335,0.8056113000493497,0.0,0,0
rcs0.2_k8,31,robust,0.7,0.06,8,55,10,1.0,5120.0,8.533333333333335,6.409155700006522,0.0,0,0
rcs0.2_k8,32,v1,0.7,0.03666666666666667,4,30,10,1.0,2560.0,4.266666666666667,2.8221838999306783,0.0,0,0
rcs0.2_k8,32,joint,0.7,0.03666666666666667,4,30,10,1.0,2560.0,4.266666666666667,3.0517086000181735,0.0,760,0
rcs0.2_k8,32,balanced,0.7,0.023333333333333334,8,60,10,1.0,5120.0,8.533333333333335,0.6759615999180824,0.0,0,0
rcs0.2_k8,32,robust,0.8,0.03,8,56,10,1.0,5120.0,8.533333333333335,6.206619800068438,0.0,0,0
rcs0.2_k8,33,v1,0.9,0.05,6,30,10,1.0,3840.0,6.400000000000001,2.847522299969569,0.0,0,0
rcs0.2_k8,33,joint,0.9,0.056666666666666664,7,30,10,1.0,4480.0,7.466666666666669,3.0672643000725657,0.2374106476807185,699,2
rcs0.2_k8,33,balanced,0.9,0.06666666666666667,8,60,10,0.9833333333333333,5120.0,8.533333333333335,0.7113564999308437,0.0,0,0
rcs0.2_k8,33,robust,0.9,0.05333333333333334,8,60,10,0.9833333333333333,5120.0,8.533333333333335,6.150602700072341,0.0,0,0
rcs0.2_k8,34,v1,0.7,0.056666666666666664,5,29,10,0.9655172413793104,3200.0,5.333333333333334,3.1932693000417203,0.0,0,0
rcs0.2_k8,34,joint,0.7,0.056666666666666664,1,29,10,0.9655172413793104,640.0,1.0666666666666667,3.4169761000666767,0.021745772257356966,729,1
rcs0.2_k8,34,balanced,0.9,0.07666666666666666,8,60,10,0.9833333333333333,5120.0,8.533333333333335,0.8015113000292331,0.0,0,0
rcs0.2_k8,34,robust,0.8,0.056666666666666664,8,50,10,0.98,5120.0,8.533333333333335,5.231657000025734,0.0,0,0
rcs0.2_k8,35,v1,0.6,0.043333333333333335,8,38,10,1.0,5120.0,8.533333333333335,3.5406262000324205,0.0,0,0
rcs0.2_k8,35,joint,0.6,0.03333333333333333,7,39,10,1.0,4480.0,7.466666666666669,3.779315699939616,0.16617916974066915,679,4
rcs0.2_k8,35,balanced,0.8,0.04666666666666667,8,60,10,1.0,5120.0,8.533333333333335,0.5769433999666944,0.0,0,0
rcs0.2_k8,35,robust,0.8,0.056666666666666664,8,60,10,1.0,5120.0,8.533333333333335,5.866932700038888,0.0,0,0
rcs0.2_k8,36,v1,0.6,0.05333333333333334,8,44,10,1.0,5120.0,8.533333333333335,4.053684499929659,0.0,0,0
rcs0.2_k8,36,joint,0.6,0.05333333333333334,8,44,10,1.0,5120.0,8.533333333333335,4.198776799952611,0.0,454,0
rcs0.2_k8,36,balanced,0.5,0.04666666666666667,8,60,10,1.0,5120.0,8.533333333333335,0.7456420999951661,0.0,0,0
rcs0.2_k8,36,robust,0.6,0.05333333333333334,8,60,10,1.0,5120.0,8.533333333333335,6.067030999925919,0.0,0,0
rcs0.2_k8,37,v1,0.6,0.05333333333333334,8,26,10,0.9615384615384616,5120.0,8.533333333333335,2.2275145000312477,0.0,0,0
rcs0.2_k8,37,joint,0.6,0.05,7,27,10,0.9259259259259259,4480.0,7.466666666666669,2.479896500124596,0.031340928096211584,704,5
rcs0.2_k8,37,balanced,0.8,0.06,8,60,10,0.9833333333333333,5120.0,8.533333333333335,0.6511768000200391,0.0,0,0
rcs0.2_k8,37,robust,0.8,0.043333333333333335,8,55,10,0.9818181818181818,5120.0,8.533333333333335,4.8344070999883115,0.0,0,0
rcs0.2_k8,38,v1,0.8,0.056666666666666664,6,32,10,1.0,3840.0,6.400000000000001,3.1171145000262186,0.0,0,0
rcs0.2_k8,38,joint,0.8,0.06666666666666667,7,34,10,1.0,4480.0,7.466666666666669,3.4799765000352636,0.043127583249572776,1049,6
rcs0.2_k8,38,balanced,0.9,0.043333333333333335,8,60,10,1.0,5120.0,8.533333333333335,0.8097789000021294,0.0,0,0
rcs0.2_k8,38,robust,0.9,0.05,8,55,10,1.0,5120.0,8.533333333333335,5.677546699997038,0.0,0,0
rcs0.2_k8,39,v1,0.8,0.06666666666666667,8,40,10,1.0,5120.0,8.533333333333335,3.594030400039628,0.0,0,0
rcs0.2_k8,39,joint,0.8,0.06,8,40,10,1.0,5120.0,8.533333333333335,3.787587499944493,0.009329879485555637,491,3
rcs0.2_k8,39,balanced,0.8,0.056666666666666664,8,60,10,1.0,5120.0,8.533333333333335,0.6731333000352606,0.0,0,0
rcs0.2_k8,39,robust,0.6,0.03,8,55,10,1.0,5120.0,8.533333333333335,5.264380500069819,0.0,0,0
rcs0.2_k8,40,v1,0.5,0.056666666666666664,8,23,10,0.9565217391304348,5120.0,8.533333333333335,2.1259763999842107,0.0,0,0
rcs0.2_k8,40,joint,0.5,0.04666666666666667,8,22,10,0.9545454545454546,5120.0,8.533333333333335,2.3439889999572188,0.03729246724379831,703,3
rcs0.2_k8,40,balanced,0.8,0.06333333333333334,8,60,10,0.9833333333333333,5120.0,8.533333333333335,0.7339132999768481,0.0,0,0
rcs0.2_k8,40,robust,0.8,0.03666666666666667,8,48,10,0.9791666666666666,5120.0,8.533333333333335,4.6574732000008225,0.0,0,0
rcs0.2_k8,41,v1,0.7,0.056666666666666664,8,33,10,1.0,5120.0,8.533333333333335,2.964803499984555,0.0,0,0
rcs0.2_k8,41,joint,0.7,0.056666666666666664,8,33,10,1.0,5120.0,8.533333333333335,3.096167199895717,0.0,422,0
rcs0.2_k8,41,balanced,0.7,0.056666666666666664,8,60,10,1.0,5120.0,8.533333333333335,0.7093299999833107,0.0,0,0
rcs0.2_k8,41,robust,0.7,0.07,8,60,10,1.0,5120.0,8.533333333333335,5.895308800041676,0.0,0,0
rcs0.2_k8,42,v1,0.9,0.05333333333333334,4,36,10,1.0,2560.0,4.266666666666667,3.7920836000703275,0.0,0,0
rcs0.2_k8,42,joint,1.0,0.043333333333333335,7,37,10,1.0,4480.0,7.466666666666669,4.071332000079565,0.179371426560605,813,3
rcs0.2_k8,42,balanced,0.8,0.02666666666666667,8,60,10,1.0,5120.0,8.533333333333335,0.7834773999638855,0.0,0,0
rcs0.2_k8,42,robust,0.9,0.02666666666666667,8,55,10,1.0,5120.0,8.533333333333335,5.1486616000765935,0.0,0,0
rcs0.2_k8,43,v1,0.7,0.04666666666666667,4,32,10,0.84375,2560.0,4.266666666666667,3.888249699957669,0.0,0,0
rcs0.2_k8,43,joint,0.7,0.04666666666666667,4,32,10,0.84375,2560.0,4.266666666666667,4.1089276999700814,0.0,744,0
rcs0.2_k8,43,balanced,0.8,0.07666666666666666,8,60,10,0.8833333333333333,5120.0,8.533333333333335,0.8603289999300614,0.0,0,0
rcs0.2_k8,43,robust,0.8,0.06,8,60,10,0.9,5120.0,8.533333333333335,7.016622900031507,0.0,0,0
rcs0.2_k8,44,v1,0.8,0.04666666666666667,8,41,10,1.0,5120.0,8.533333333333335,4.395522000035271,0.0,0,0
rcs0.2_k8,44,joint,0.8,0.04666666666666667,8,41,10,1.0,5120.0,8.533333333333335,4.521714200032875,0.0,410,0
rcs0.2_k8,44,balanced,0.9,0.03666666666666667,8,60,10,1.0,5120.0,8.533333333333335,0.6050764000974596,0.0,0,0
rcs0.2_k8,44,robust,0.9,0.043333333333333335,8,60,10,1.0,5120.0,8.533333333333335,4.946525499923155,0.0,0,0
rcs0.2_k8,45,v1,0.7,0.07666666666666666,8,34,10,0.9705882352941176,5120.0,8.533333333333335,3.0886917000170797,0.0,0,0
rcs0.2_k8,45,joint,0.8,0.08,1,29,10,1.0,640.0,1.0666666666666667,3.4317806001054123,0.3466547669682648,992,6
rcs0.2_k8,45,balanced,0.9,0.05,8,60,10,0.9833333333333333,5120.0,8.533333333333335,0.8188278999878094,0.0,0,0
rcs0.2_k8,45,robust,0.8,0.043333333333333335,8,55,10,0.9818181818181818,5120.0,8.533333333333335,5.570837000035681,0.0,0,0
rcs0.2_k8,46,v1,0.6,0.03,8,41,10,1.0,5120.0,8.533333333333335,4.129267300013453,0.0,0,0
rcs0.2_k8,46,joint,0.6,0.02666666666666667,6,37,10,1.0,3840.0,6.400000000000001,4.357129800016992,0.03285915947729445,712,2
rcs0.2_k8,46,balanced,0.7,0.043333333333333335,8,60,10,1.0,5120.0,8.533333333333335,0.7373840000946075,0.0,0,0
rcs0.2_k8,46,robust,0.7,0.043333333333333335,8,56,10,0.9821428571428571,5120.0,8.533333333333335,4.9470712000038475,0.0,0,0
rcs0.2_k8,47,v1,0.7,0.056666666666666664,3,29,10,1.0,1920.0,3.2,3.0275765999685973,0.0,0,0
rcs0.2_k8,47,joint,0.7,0.06333333333333334,5,30,10,1.0,3200.0,5.333333333333334,3.3617321000201628,0.1254381751411736,1047,4
rcs0.2_k8,47,balanced,0.9,0.06,8,60,10,1.0,5120.0,8.533333333333335,0.7687714999774471,0.0,0,0
rcs0.2_k8,47,robust,0.9,0.05333333333333334,8,60,10,1.0,5120.0,8.533333333333335,6.665007899980992,0.0,0,0
rcs0.2_k8,48,v1,0.9,0.043333333333333335,3,22,10,1.0,1920.0,3.2,2.1326652000425383,0.0,0,0
rcs0.2_k8,48,joint,0.9,0.043333333333333335,3,22,10,1.0,1920.0,3.2,2.3352210000157356,0.0,785,0
rcs0.2_k8,48,balanced,1.0,0.056666666666666664,8,60,10,0.9166666666666666,5120.0,8.533333333333335,0.6878072000108659,0.0,0,0
rcs0.2_k8,48,robust,0.9,0.04666666666666667,8,60,10,0.9333333333333333,5120.0,8.533333333333335,5.776505500078201,0.0,0,0
rcs0.2_k8,49,v1,0.8,0.04,7,28,10,0.9642857142857143,4480.0,7.466666666666669,3.1102516999235377,0.0,0,0
rcs0.2_k8,49,joint,0.7,0.043333333333333335,6,28,10,0.9642857142857143,3840.0,6.400000000000001,3.3560801000567153,0.005333333333333329,813,1
rcs0.2_k8,49,balanced,0.8,0.056666666666666664,8,60,10,0.9166666666666666,5120.0,8.533333333333335,0.7923864000476897,0.0,0,0
rcs0.2_k8,49,robust,0.7,0.043333333333333335,8,50,10,0.9,5120.0,8.533333333333335,4.856548100011423,0.0,0,0
rcs0.2_k8,50,v1,0.9,0.04,8,38,10,0.9736842105263158,5120.0,8.533333333333335,3.445216999971308,0.0,0,0
rcs0.2_k8,50,joint,0.9,0.04666666666666667,7,38,10,0.9736842105263158,4480.0,7.466666666666669,3.699533100007102,0.03260184346949835,774,2
rcs0.2_k8,50,balanced,0.9,0.02666666666666667,8,60,10,0.95,5120.0,8.533333333333335,0.667311399942264,0.0,0,0
rcs0.2_k8,50,robust,1.0,0.023333333333333334,8,60,10,0.95,5120.0,8.533333333333335,5.999677899992093,0.0,0,0
rcs0.2_k8,51,v1,0.6,0.056666666666666664,8,55,10,0.9818181818181818,5120.0,8.533333333333335,4.9200617000460625,0.0,0,0
rcs0.2_k8,51,joint,0.6,0.056666666666666664,8,55,10,0.9818181818181818,5120.0,8.533333333333335,5.082364900037646,0.0,538,0
rcs0.2_k8,51,balanced,0.6,0.05333333333333334,8,60,10,0.9833333333333333,5120.0,8.533333333333335,0.7401043000863865,0.0,0,0
rcs0.2_k8,51,robust,0.6,0.04,8,55,10,0.9818181818181818,5120.0,8.533333333333335,4.742520199972205,0.0,0,0
rcs0.2_k8,52,v1,0.7,0.05333333333333334,8,44,10,1.0,5120.0,8.533333333333335,4.210837800055742,0.0,0,0
rcs0.2_k8,52,joint,0.7,0.05333333333333334,4,41,10,1.0,2560.0,4.266666666666667,4.586729699978605,0.3148755311794287,988,5
rcs0.2_k8,52,balanced,0.6,0.08,8,60,10,1.0,5120.0,8.533333333333335,0.710486700059846,0.0,0,0
rcs0.2_k8,52,robust,0.5,0.07,8,60,10,1.0,5120.0,8.533333333333335,5.936869999975897,0.0,0,0
rcs0.2_k8,53,v1,0.8,0.08,1,18,10,1.0,640.0,1.0666666666666667,1.8691043000435457,0.0,0,0
rcs0.2_k8,53,joint,0.8,0.08,1,18,10,1.0,640.0,1.0666666666666667,2.0392234000610188,0.0,772,0
rcs0.2_k8,53,balanced,0.9,0.043333333333333335,8,60,10,1.0,5120.0,8.533333333333335,0.7386967999627814,0.0,0,0
rcs0.2_k8,53,robust,1.0,0.04666666666666667,8,60,10,1.0,5120.0,8.533333333333335,5.399304899969138,0.0,0,0
rcs0.2_k8,54,v1,0.8,0.04666666666666667,3,31,10,1.0,1920.0,3.2,3.26871019997634,0.0,0,0
rcs0.2_k8,54,joint,0.8,0.043333333333333335,0,32,10,1.0,0.0,0.0,3.740193699952215,0.007616253819188401,1273,4
rcs0.2_k8,54,balanced,0.9,0.03666666666666667,8,60,10,1.0,5120.0,8.533333333333335,0.7150190999964252,0.0,0,0
rcs0.2_k8,54,robust,0.9,0.04666666666666667,8,60,10,1.0,5120.0,8.533333333333335,6.792679900070652,0.0,0,0
rcs0.2_k8,55,v1,0.7,0.05333333333333334,8,50,10,1.0,5120.0,8.533333333333335,5.579412900027819,0.0,0,0
rcs0.2_k8,55,joint,0.7,0.05333333333333334,8,50,10,1.0,5120.0,8.533333333333335,5.723828300018795,0.0,448,0
rcs0.2_k8,55,balanced,0.8,0.07,8,60,10,1.0,5120.0,8.533333333333335,0.8013870000140741,0.0,0,0
rcs0.2_k8,55,robust,0.8,0.06333333333333334,8,50,10,0.98,5120.0,8.533333333333335,5.458458499982953,0.0,0,0
rcs0.2_k8,56,v1,0.9,0.043333333333333335,8,40,10,1.0,5120.0,8.533333333333335,3.90421300008893,0.0,0,0
rcs0.2_k8,56,joint,1.0,0.04666666666666667,8,40,10,1.0,5120.0,8.533333333333335,4.208479700027965,0.015579091761615288,842,3
rcs0.2_k8,56,balanced,0.9,0.05,8,60,10,1.0,5120.0,8.533333333333335,0.7941172999562696,0.0,0,0
rcs0.2_k8,56,robust,0.9,0.06,8,59,10,1.0,5120.0,8.533333333333335,5.737155900103971,0.0,0,0
rcs0.2_k8,57,v1,0.5,0.05,7,31,10,1.0,4480.0,7.466666666666669,3.140818400075659,0.0,0,0
rcs0.2_k8,57,joint,0.5,0.043333333333333335,6,32,10,1.0,3840.0,6.400000000000001,3.4269839000189677,0.05078336944469397,876,2
rcs0.2_k8,57,balanced,0.6,0.05,8,60,10,1.0,5120.0,8.533333333333335,0.7220121000427753,0.0,0,0
rcs0.2_k8,57,robust,0.6,0.05,8,50,10,1.0,5120.0,8.533333333333335,4.3201095999684185,0.0,0,0
rcs0.2_k8,58,v1,0.7,0.06666666666666667,8,20,10,1.0,5120.0,8.533333333333335,1.9889020000118762,0.0,0,0
rcs0.2_k8,58,joint,0.6,0.06333333333333334,7,22,10,1.0,4480.0,7.466666666666669,2.1776622000616044,0.2868716105021907,547,4
rcs0.2_k8,58,balanced,0.8,0.056666666666666664,8,60,10,1.0,5120.0,8.533333333333335,0.7923612999729812,0.0,0,0
rcs0.2_k8,58,robust,0.8,0.05,8,52,10,1.0,5120.0,8.533333333333335,4.734381299931556,0.0,0,0
rcs0.2_k8,59,v1,0.8,0.05,8,33,10,1.0,5120.0,8.533333333333335,3.0191849999828264,0.0,0,0
rcs0.2_k8,59,joint,0.9,0.043333333333333335,7,34,10,1.0,4480.0,7.466666666666669,3.238105599884875,0.005333333333332746,726,2
rcs0.2_k8,59,balanced,1.0,0.06,8,60,10,1.0,5120.0,8.533333333333335,0.7204062000382692,0.0,0,0
rcs0.2_k8,59,robust,1.0,0.06,8,60,10,1.0,5120.0,8.533333333333335,5.790099399979226,0.0,0,0
rcs0.2_k8,60,v1,0.6,0.043333333333333335,8,35,10,1.0,5120.0,8.533333333333335,3.6150406999513507,0.0,0,0
rcs0.2_k8,60,joint,0.6,0.043333333333333335,8,35,10,1.0,5120.0,8.533333333333335,3.881828499957919,0.1370032073477112,814,5
rcs0.2_k8,60,balanced,0.8,0.06,8,60,10,1.0,5120.0,8.533333333333335,0.8030761999543756,0.0,0,0
rcs0.2_k8,60,robust,0.8,0.056666666666666664,8,55,10,1.0,5120.0,8.533333333333335,5.485876700025983,0.0,0,0
rcs0.2_k8,61,v1,0.6,0.02666666666666667,8,32,10,0.96875,5120.0,8.533333333333335,2.6724128000205383,0.0,0,0
rcs0.2_k8,61,joint,0.7,0.02666666666666667,5,31,10,0.967741935483871,3200.0,5.333333333333334,2.9193779999623075,0.08259206027458121,805,3
rcs0.2_k8,61,balanced,0.7,0.04,8,60,10,0.9166666666666666,5120.0,8.533333333333335,0.6794315999140963,0.0,0,0
rcs0.2_k8,61,robust,0.7,0.02666666666666667,8,60,10,0.9166666666666666,5120.0,8.533333333333335,5.635560900089331,0.0,0,0
rcs0.2_k8,62,v1,0.7,0.05333333333333334,2,24,10,1.0,1280.0,2.1333333333333333,2.23587440000847,0.0,0,0
rcs0.2_k8,62,joint,0.7,0.04666666666666667,5,25,10,1.0,3200.0,5.333333333333334,2.58440009993501,0.10362051155881713,1057,3
rcs0.2_k8,62,balanced,0.9,0.056666666666666664,8,60,10,1.0,5120.0,8.533333333333335,0.6793307999614626,0.0,0,0
rcs0.2_k8,62,robust,0.9,0.04666666666666667,8,55,10,1.0,5120.0,8.533333333333335,5.167301000095904,0.0,0,0
rcs0.2_k8,63,v1,0.4,0.05333333333333334,8,40,10,1.0,5120.0,8.533333333333335,3.6254451000131667,0.0,0,0
rcs0.2_k8,63,joint,0.4,0.05333333333333334,8,40,10,1.0,5120.0,8.533333333333335,3.80854450003244,0.016223456673840175,517,3
rcs0.2_k8,63,balanced,0.4,0.03,8,60,10,1.0,5120.0,8.533333333333335,0.7075548999710009,0.0,0,0
rcs0.2_k8,63,robust,0.4,0.06,8,40,10,1.0,5120.0,8.533333333333335,3.1716642000246793,0.0,0,0
rcs0.2_k8,64,v1,0.6,0.06333333333333334,5,26,10,1.0,3200.0,5.333333333333334,2.855788000044413,0.0,0,0
rcs0.2_k8,64,joint,0.6,0.06666666666666667,4,27,10,1.0,2560.0,4.266666666666667,3.1654169000685215,0.005333333333333412,970,2
rcs0.2_k8,64,balanced,0.8,0.06666666666666667,8,60,10,1.0,5120.0,8.533333333333335,0.7469114999985322,0.0,0,0
rcs0.2_k8,64,robust,0.9,0.05333333333333334,8,60,10,1.0,5120.0,8.533333333333335,6.460441800067201,0.0,0,0
rcs0.2_k8,65,v1,0.8,0.04,4,21,10,1.0,2560.0,4.266666666666667,1.8701180999632925,0.0,0,0
rcs0.2_k8,65,joint,0.8,0.04,3,21,10,1.0,1920.0,3.2,2.1137666000286117,0.0023053746245138562,782,1
rcs0.2_k8,65,balanced,0.8,0.04,8,60,10,1.0,5120.0,8.533333333333335,0.6500533999642357,0.0,0,0
rcs0.2_k8,65,robust,0.9,0.043333333333333335,8,60,10,1.0,5120.0,8.533333333333335,6.048783899983391,0.0,0,0
rcs0.2_k8,66,v1,0.8,0.04,5,27,10,1.0,3200.0,5.333333333333334,2.9874754000920802,0.0,0,0
rcs0.2_k8,66,joint,0.8,0.04,5,27,10,1.0,3200.0,5.333333333333334,3.1933632001746446,0.0,784,0
rcs0.2_k8,66,balanced,0.9,0.05,8,60,10,1.0,5120.0,8.533333333333335,0.7399970999686047,0.0,0,0
rcs0.2_k8,66,robust,0.8,0.06666666666666667,8,60,10,1.0,5120.0,8.533333333333335,5.798272899934091,0.0,0,0
rcs0.2_k8,67,v1,0.6,0.056666666666666664,8,33,10,0.9090909090909091,5120.0,8.533333333333335,2.6675966000184417,0.0,0,0
rcs0.2_k8,67,joint,0.8,0.04,6,25,10,0.88,3840.0,6.400000000000001,3.0209369000513107,2.2002398965124,1126,3
rcs0.2_k8,67,balanced,0.7,0.04666666666666667,8,60,10,0.9166666666666666,5120.0,8.533333333333335,0.6002881999593228,0.0,0,0
rcs0.2_k8,67,robust,0.7,0.043333333333333335,8,60,10,0.9166666666666666,5120.0,8.533333333333335,5.4560372000560164,0.0,0,0
rcs0.2_k8,68,v1,0.8,0.05333333333333334,1,25,10,1.0,640.0,1.0666666666666667,2.640342599945143,0.0,0,0
rcs0.2_k8,68,joint,0.8,0.05333333333333334,1,25,10,1.0,640.0,1.0666666666666667,2.8881185998907313,0.0,845,0
rcs0.2_k8,68,balanced,0.8,0.03666666666666667,8,60,10,1.0,5120.0,8.533333333333335,0.7035604000557214,0.0,0,0
rcs0.2_k8,68,robust,0.7,0.03666666666666667,8,51,10,1.0,5120.0,8.533333333333335,4.042974299984053,0.0,0,0
rcs0.2_k8,69,v1,0.7,0.05333333333333334,8,44,10,1.0,5120.0,8.533333333333335,4.928843399975449,0.0,0,0
rcs0.2_k8,69,joint,0.8,0.04,8,40,10,1.0,5120.0,8.533333333333335,5.140403400058858,0.20464833410628724,644,3
rcs0.2_k8,69,balanced,0.9,0.04,8,60,10,0.9833333333333333,5120.0,8.533333333333335,0.7347481999313459,0.0,0,0
rcs0.2_k8,69,robust,0.8,0.04,5,57,10,0.9824561403508771,3200.0,5.333333333333334,6.523637200007215,0.0,0,0
rcs0.2_k8,70,v1,0.5,0.04,6,27,10,0.9629629629629629,3840.0,6.400000000000001,3.4146513999439776,0.0,0,0
rcs0.2_k8,70,joint,0.5,0.04,5,27,10,0.9629629629629629,3200.0,5.333333333333334,3.6364755000686273,0.00226322093152867,751,1
rcs0.2_k8,70,balanced,0.8,0.06,8,60,10,0.9833333333333333,5120.0,8.533333333333335,0.821690599899739,0.0,0,0
rcs0.2_k8,70,robust,0.8,0.06,8,55,10,0.9818181818181818,5120.0,8.533333333333335,5.592133500031196,0.0,0,0
rcs0.2_k8,71,v1,0.7,0.056666666666666664,8,36,10,1.0,5120.0,8.533333333333335,3.9572678999975324,0.0,0,0
rcs0.2_k8,71,joint,0.7,0.04666666666666667,6,36,10,1.0,3840.0,6.400000000000001,4.228359799948521,0.01854922844883955,840,2
rcs0.2_k8,71,balanced,1.0,0.07,8,60,10,1.0,5120.0,8.533333333333335,1.0314238000428304,0.0,0,0
rcs0.2_k8,71,robust,0.9,0.07333333333333333,8,56,10,1.0,5120.0,8.533333333333335,6.11414339998737,0.0,0,0
rcs0.2_k8,72,v1,0.8,0.04666666666666667,8,49,10,0.8571428571428571,5120.0,8.533333333333335,4.782711899955757,0.0,0,0
rcs0.2_k8,72,joint,0.8,0.04,8,50,10,0.86,5120.0,8.533333333333335,4.991411300026812,0.01231880606567648,576,4
rcs0.2_k8,72,balanced,0.9,0.04666666666666667,8,60,10,0.8833333333333333,5120.0,8.533333333333335,0.759555900003761,0.0,0,0
rcs0.2_k8,72,robust,0.9,0.043333333333333335,8,60,10,0.8833333333333333,5120.0,8.533333333333335,6.441585500026122,0.0,0,0
rcs0.2_k8,73,v1,0.7,0.04,5,27,10,1.0,3200.0,5.333333333333334,2.9490070999599993,0.0,0,0
rcs0.2_k8,73,joint,0.7,0.03666666666666667,2,27,10,1.0,1280.0,2.1333333333333333,3.282649799832143,0.17341160963829827,978,2
rcs0.2_k8,73,balanced,0.9,0.04666666666666667,8,60,10,0.9833333333333333,5120.0,8.533333333333335,0.7775959999999031,0.0,0,0
rcs0.2_k8,73,robust,0.9,0.03333333333333333,8,60,10,0.9833333333333333,5120.0,8.533333333333335,6.269054200034589,0.0,0,0
rcs0.2_k8,74,v1,0.4,0.043333333333333335,8,50,10,1.0,5120.0,8.533333333333335,4.779427699977532,0.0,0,0
rcs0.2_k8,74,joint,0.3,0.04,8,50,10,1.0,5120.0,8.533333333333335,4.9671395000768825,0.015662399817581885,526,2
rcs0.2_k8,74,balanced,0.7,0.05333333333333334,8,60,10,1.0,5120.0,8.533333333333335,0.8516517999814823,0.0,0,0
rcs0.2_k8,74,robust,0.6,0.04,8,60,10,1.0,5120.0,8.533333333333335,5.9097572000464424,0.0,0,0
rcs0.2_k8,75,v1,0.4,0.05333333333333334,8,35,10,0.9142857142857143,5120.0,8.533333333333335,2.6994105000048876,0.0,0,0
rcs0.2_k8,75,joint,0.4,0.05333333333333334,8,35,10,0.9142857142857143,5120.0,8.533333333333335,2.890028299880214,0.03506104124024234,540,3
rcs0.2_k8,75,balanced,0.6,0.05,8,60,10,0.9666666666666667,5120.0,8.533333333333335,0.5610955000156537,0.0,0,0
rcs0.2_k8,75,robust,0.6,0.05333333333333334,8,55,10,0.9636363636363636,5120.0,8.533333333333335,4.94941340002697,0.0,0,0
rcs0.2_k8,76,v1,0.8,0.043333333333333335,8,36,10,0.9722222222222222,5120.0,8.533333333333335,3.8993642000714317,0.0,0,0
rcs0.2_k8,76,joint,0.8,0.043333333333333335,1,36,10,0.9722222222222222,640.0,1.0666666666666667,4.253262800048105,0.04047041369600768,1010,3
rcs0.2_k8,76,balanced,0.9,0.043333333333333335,8,60,10,0.9833333333333333,5120.0,8.533333333333335,0.7073127999901772,0.0,0,0
rcs0.2_k8,76,robust,0.9,0.04,8,60,10,0.9833333333333333,5120.0,8.533333333333335,5.791476100101136,0.0,0,0
rcs0.2_k8,77,v1,0.6,0.03333333333333333,8,40,10,1.0,5120.0,8.533333333333335,3.44214679999277,0.0,0,0
rcs0.2_k8,77,joint,0.5,0.03666666666666667,8,40,10,1.0,5120.0,8.533333333333335,3.6873471001163125,0.06801713787978136,667,5
rcs0.2_k8,77,balanced,0.6,0.043333333333333335,8,60,10,1.0,5120.0,8.533333333333335,0.6235746999736875,0.0,0,0
rcs0.2_k8,77,robust,0.6,0.03666666666666667,8,55,10,1.0,5120.0,8.533333333333335,4.850242999964394,0.0,0,0
rcs0.2_k8,78,v1,0.8,0.056666666666666664,8,33,10,1.0,5120.0,8.533333333333335,2.6998250000178814,0.0,0,0
rcs0.2_k8,78,joint,0.8,0.04,8,34,10,1.0,5120.0,8.533333333333335,2.9716909000417218,0.025659758210150985,847,5
rcs0.2_k8,78,balanced,1.0,0.05,8,60,10,1.0,5120.0,8.533333333333335,0.7286308000329882,0.0,0,0
rcs0.2_k8,78,robust,0.9,0.056666666666666664,8,60,10,1.0,5120.0,8.533333333333335,5.716726899961941,0.0,0,0
rcs0.2_k8,79,v1,0.6,0.04666666666666667,2,17,10,1.0,1280.0,2.1333333333333333,1.7397382000926882,0.0,0,0
rcs0.2_k8,79,joint,0.6,0.043333333333333335,1,17,10,1.0,640.0,1.0666666666666667,1.9117450000485405,0.005333333333333412,679,1
rcs0.2_k8,79,balanced,0.9,0.08666666666666667,8,60,10,1.0,5120.0,8.533333333333335,0.7263357000192627,0.0,0,0
rcs0.2_k8,79,robust,0.9,0.08333333333333333,8,55,10,1.0,5120.0,8.533333333333335,5.377638200065121,0.0,0,0
rcs0.2_k8,80,v1,0.7,0.06666666666666667,8,30,10,0.9333333333333333,5120.0,8.533333333333335,2.148367500049062,0.0,0,0
rcs0.2_k8,80,joint,0.7,0.06666666666666667,8,30,10,0.9333333333333333,5120.0,8.533333333333335,2.335130300023593,0.2683187323565078,501,2
rcs0.2_k8,80,balanced,0.7,0.056666666666666664,8,60,10,0.95,5120.0,8.533333333333335,0.5478347999742255,0.0,0,0
rcs0.2_k8,80,robust,0.7,0.05,8,55,10,0.9272727272727272,5120.0,8.533333333333335,4.213771700044163,0.0,0,0
rcs0.2_k8,81,v1,0.6,0.03,8,38,10,1.0,5120.0,8.533333333333335,2.2331323999678716,0.0,0,0
rcs0.2_k8,81,joint,0.7,0.04666666666666667,5,30,10,1.0,3200.0,5.333333333333334,2.571829399908893,0.5322359923449916,1007,8
rcs0.2_k8,81,balanced,0.5,0.04,8,60,10,1.0,5120.0,8.533333333333335,0.4542792000574991,0.0,0,0
rcs0.2_k8,81,robust,0.5,0.05333333333333334,8,50,10,1.0,5120.0,8.533333333333335,3.3713659999193624,0.0,0,0
rcs0.2_k8,82,v1,0.8,0.04666666666666667,8,41,10,0.9512195121951219,5120.0,8.533333333333335,4.0631011999212205,0.0,0,0
rcs0.2_k8,82,joint,0.8,0.04,8,37,10,0.9459459459459459,5120.0,8.533333333333335,4.286877000005916,0.18550058958669946,637,4
rcs0.2_k8,82,balanced,1.0,0.06333333333333334,8,60,10,0.9833333333333333,5120.0,8.533333333333335,0.5558541999198496,0.0,0,0
rcs0.2_k8,82,robust,0.8,0.07666666666666666,8,50,10,0.98,5120.0,8.533333333333335,3.8947004000656307,0.0,0,0
rcs0.2_k8,83,v1,0.5,0.03333333333333333,8,47,10,0.9148936170212766,5120.0,8.533333333333335,3.757589800050482,0.0,0,0
rcs0.2_k8,83,joint,0.6,0.03333333333333333,8,43,10,0.9069767441860465,5120.0,8.533333333333335,4.07829530001618,0.363457852214389,862,8
rcs0.2_k8,83,balanced,0.6,0.04666666666666667,8,60,10,0.9333333333333333,5120.0,8.533333333333335,0.4198092999868095,0.0,0,0
rcs0.2_k8,83,robust,0.5,0.04,8,55,10,1.0,5120.0,8.533333333333335,3.873757899971679,0.0,0,0
rcs0.2_k8,84,v1,0.8,0.04666666666666667,8,28,10,1.0,5120.0,8.533333333333335,2.6189639000222087,0.0,0,0
rcs0.2_k8,84,joint,0.8,0.04,8,29,10,1.0,5120.0,8.533333333333335,2.8296574999112636,0.0552418716046974,718,5
rcs0.2_k8,84,balanced,0.8,0.06333333333333334,8,60,10,0.9833333333333333,5120.0,8.533333333333335,0.6419839999871328,0.0,0,0
rcs0.2_k8,84,robust,0.9,0.043333333333333335,8,60,10,0.9833333333333333,5120.0,8.533333333333335,5.503191999974661,0.0,0,0
rcs0.2_k8,85,v1,0.8,0.04666666666666667,8,35,10,1.0,5120.0,8.533333333333335,2.7238547999877483,0.0,0,0
rcs0.2_k8,85,joint,0.8,0.04666666666666667,8,37,10,1.0,5120.0,8.533333333333335,2.884490300086327,0.5656687649998747,476,2
rcs0.2_k8,85,balanced,0.8,0.06,8,60,10,1.0,5120.0,8.533333333333335,0.656971100019291,0.0,0,0
rcs0.2_k8,85,robust,0.8,0.056666666666666664,8,55,10,1.0,5120.0,8.533333333333335,5.0369259000290185,0.0,0,0
rcs0.2_k8,86,v1,0.9,0.04,8,45,10,1.0,5120.0,8.533333333333335,3.4732061999384314,0.0,0,0
rcs0.2_k8,86,joint,0.9,0.03666666666666667,8,37,10,1.0,5120.0,8.533333333333335,3.740135599859059,0.062057954185122444,755,9
rcs0.2_k8,86,balanced,0.9,0.05333333333333334,8,60,10,1.0,5120.0,8.533333333333335,0.5614551000762731,0.0,0,0
rcs0.2_k8,86,robust,0.8,0.043333333333333335,8,55,10,1.0,5120.0,8.533333333333335,4.097861299989745,0.0,0,0
rcs0.2_k8,87,v1,0.6,0.04666666666666667,3,29,10,1.0,1920.0,3.2,2.8349256000947207,0.0,0,0
rcs0.2_k8,87,joint,0.6,0.04666666666666667,3,29,10,1.0,1920.0,3.2,3.108757899957709,0.0,909,0
rcs0.2_k8,87,balanced,0.7,0.056666666666666664,8,60,10,0.9833333333333333,5120.0,8.533333333333335,0.7161774999694899,0.0,0,0
rcs0.2_k8,87,robust,0.8,0.04666666666666667,8,60,10,0.9833333333333333,5120.0,8.533333333333335,6.278578900033608,0.0,0,0
rcs0.2_k8,88,v1,0.6,0.043333333333333335,7,27,10,1.0,4480.0,7.466666666666669,2.4615968000143766,0.0,0,0
rcs0.2_k8,88,joint,0.6,0.05,5,29,10,1.0,3200.0,5.333333333333334,2.7484194001881406,0.07949433335685996,889,3
rcs0.2_k8,88,balanced,0.6,0.05333333333333334,8,60,10,1.0,5120.0,8.533333333333335,0.6907611999195069,0.0,0,0
rcs0.2_k8,88,robust,0.8,0.05,8,55,10,1.0,5120.0,8.533333333333335,5.637203500024043,0.0,0,0
rcs0.2_k8,89,v1,0.6,0.05,8,52,10,1.0,5120.0,8.533333333333335,5.142507300013676,0.0,0,0
rcs0.2_k8,89,joint,0.6,0.05,8,53,10,1.0,5120.0,8.533333333333335,5.338884000084363,0.012072368662700672,563,3
rcs0.2_k8,89,balanced,0.6,0.02666666666666667,8,60,10,1.0,5120.0,8.533333333333335,0.8593139000004157,0.0,0,0
rcs0.2_k8,89,robust,0.5,0.03666666666666667,8,56,10,1.0,5120.0,8.533333333333335,5.9973402000032365,0.0,0,0
rcs0.2_k8,90,v1,0.7,0.08,7,31,10,1.0,4480.0,7.466666666666669,3.179966599913314,0.0,0,0
rcs0.2_k8,90,joint,0.7,0.08,7,31,10,1.0,4480.0,7.466666666666669,3.354396599926986,0.0,617,0
rcs0.2_k8,90,balanced,0.9,0.07333333333333333,8,60,10,0.95,5120.0,8.533333333333335,0.8566927999490872,0.0,0,0
rcs0.2_k8,90,robust,0.8,0.07333333333333333,8,50,10,0.94,5120.0,8.533333333333335,5.818165200063959,0.0,0,0
rcs0.2_k8,91,v1,0.6,0.043333333333333335,8,45,10,1.0,5120.0,8.533333333333335,3.5748326999600977,0.0,0,0
rcs0.2_k8,91,joint,0.6,0.03666666666666667,8,45,10,1.0,5120.0,8.533333333333335,3.813031499972567,0.08966755724072673,620,4
rcs0.2_k8,91,balanced,0.6,0.04,8,60,10,0.9666666666666667,5120.0,8.533333333333335,0.677327600074932,0.0,0,0
rcs0.2_k8,91,robust,0.6,0.03666666666666667,8,60,10,0.9833333333333333,5120.0,8.533333333333335,5.306809099973179,0.0,0,0
rcs0.2_k8,92,v1,0.4,0.07333333333333333,8,44,10,1.0,5120.0,8.533333333333335,4.47518469998613,0.0,0,0
rcs0.2_k8,92,joint,0.5,0.07,8,45,10,1.0,5120.0,8.533333333333335,4.786782199982554,0.055699032222983225,873,6
rcs0.2_k8,92,balanced,0.5,0.06333333333333334,8,60,10,1.0,5120.0,8.533333333333335,0.8876845000777394,0.0,0,0
rcs0.2_k8,92,robust,0.5,0.05,8,60,10,1.0,5120.0,8.533333333333335,6.078136899974197,0.0,0,0
rcs0.2_k8,93,v1,0.8,0.05,8,36,10,0.8888888888888888,5120.0,8.533333333333335,3.1544164000079036,0.0,0,0
rcs0.2_k8,93,joint,0.8,0.05,7,36,10,0.8888888888888888,4480.0,7.466666666666669,3.3493359001586214,0.04075219967853688,543,2
rcs0.2_k8,93,balanced,0.9,0.04666666666666667,8,60,10,0.9333333333333333,5120.0,8.533333333333335,0.7729115999536589,0.0,0,0
rcs0.2_k8,93,robust,0.8,0.056666666666666664,8,55,10,0.9090909090909091,5120.0,8.533333333333335,5.248281599953771,0.0,0,0
rcs0.2_k8,94,v1,0.6,0.05,8,41,10,1.0,5120.0,8.533333333333335,3.7815206000814214,0.0,0,0
rcs0.2_k8,94,joint,0.6,0.056666666666666664,8,41,10,1.0,5120.0,8.533333333333335,4.023635699995793,0.03035224750257348,701,2
rcs0.2_k8,94,balanced,0.7,0.05,8,60,10,1.0,5120.0,8.533333333333335,0.7206859000725672,0.0,0,0
rcs0.2_k8,94,robust,0.7,0.04,8,55,10,1.0,5120.0,8.533333333333335,4.464267699979246,0.0,0,0
rcs0.2_k8,95,v1,0.8,0.05,8,47,10,0.9787234042553191,5120.0,8.533333333333335,3.8748634998919442,0.0,0,0
rcs0.2_k8,95,joint,0.8,0.05,8,47,10,0.9787234042553191,5120.0,8.533333333333335,4.001532300026156,0.0,415,0
rcs0.2_k8,95,balanced,0.8,0.05,8,60,10,0.9833333333333333,5120.0,8.533333333333335,0.49017089989501983,0.0,0,0
rcs0.2_k8,95,robust,0.8,0.05,8,55,10,0.9818181818181818,5120.0,8.533333333333335,3.6669676000019535,0.0,0,0
rcs0.2_k8,96,v1,0.9,0.03,8,26,10,1.0,5120.0,8.533333333333335,2.2987045999616385,0.0,0,0
rcs0.2_k8,96,joint,0.9,0.03666666666666667,7,26,10,1.0,4480.0,7.466666666666669,2.524637099937536,0.026649429187472706,703,1
rcs0.2_k8,96,balanced,0.8,0.056666666666666664,8,60,10,1.0,5120.0,8.533333333333335,0.7573808000888675,0.0,0,0
rcs0.2_k8,96,robust,0.9,0.05,8,55,10,1.0,5120.0,8.533333333333335,4.332445199950598,0.0,0,0
rcs0.2_k8,97,v1,0.7,0.06333333333333334,8,23,10,1.0,5120.0,8.533333333333335,2.1800424000248313,0.0,0,0
rcs0.2_k8,97,joint,0.7,0.06,8,24,10,1.0,5120.0,8.533333333333335,2.411942799924873,0.0930050617555982,664,3
rcs0.2_k8,97,balanced,0.9,0.06333333333333334,8,60,10,0.9833333333333333,5120.0,8.533333333333335,0.757367999991402,0.0,0,0
rcs0.2_k8,97,robust,0.9,0.06666666666666667,8,60,10,0.9833333333333333,5120.0,8.533333333333335,5.06027370004449,0.0,0,0
rcs0.2_k8,98,v1,0.6,0.03666666666666667,5,28,10,1.0,3200.0,5.333333333333334,2.6329707000404596,0.0,0,0
rcs0.2_k8,98,joint,0.6,0.03666666666666667,5,28,10,1.0,3200.0,5.333333333333334,2.843438300071284,0.0,800,0
rcs0.2_k8,98,balanced,0.8,0.043333333333333335,8,60,10,1.0,5120.0,8.533333333333335,0.6904010999714956,0.0,0,0
rcs0.2_k8,98,robust,0.8,0.056666666666666664,8,60,10,1.0,5120.0,8.533333333333335,4.677246000035666,0.0,0,0
rcs0.2_k8,99,v1,1.0,0.06,6,23,10,1.0,3840.0,6.400000000000001,2.6516831000335515,0.0,0,0
rcs0.2_k8,99,joint,1.0,0.06,7,23,10,1.0,4480.0,7.466666666666669,2.863256400101818,0.7702865627803881,767,2
rcs0.2_k8,99,balanced,1.0,0.05,8,60,10,1.0,5120.0,8.533333333333335,0.6686755999689922,0.0,0,0
rcs0.2_k8,99,robust,1.0,0.05333333333333334,8,60,10,1.0,5120.0,8.533333333333335,4.469955699983984,0.0,0,0
