split,scene_id,receiver,target,realisation,direct_gain_boost_db,arm,conflict_index,direct_inr_db,tested_protected,n_protected_targets,stat_h0,stat_h1,dof_real,identifiable_fraction,kappa_accounted_db,kappa_structural_db,i_in,i_res,i_res_structural,i_res_estimate,eta_survive_q,eta_survive_field,eta_survive_pred_q,eta_survive_risk_q,eta_protect,protect_dim,n_coefficients,calibration_error_db
calibration,0,0,1,0,0.0,no_ic,0.03207358356596699,2.159184141070198,1,3,2.8595422373239736,6.593800133833575,10,0.9980474106975618,0.0,0.0,1.0319046799795836e-09,1.0319046799795836e-09,1.0319046799795836e-09,0.0,1.0,1.0,1.0,1.0,0.9074538822353335,0,5,0.0
calibration,0,0,1,0,0.0,plain_ls,0.03207358356596699,2.159184141070198,1,3,2.8579396189703234,6.594266904788258,10,0.9980473916878403,14.255279170638103,14.274541410421953,1.0319046799795836e-09,3.873572287361876e-11,3.8564298969196577e-11,1.7142390442217992e-13,0.9970194029688996,0.9987018576005675,0.9962376310913598,0.9960828511032642,0.9074538822353335,0,5,23.062520367685412
calibration,0,0,1,0,0.0,protected_ls,0.03207358356596699,2.159184141070198,1,3,3.977311893441235,9.581668020256432,10,0.9842448992026683,13.116446282482482,13.13212477919468,1.0319046799795836e-09,5.034947585621145e-11,5.0168036551561755e-11,1.8143930464969848e-13,0.9999949490365793,0.9999235543498973,1.0,0.9980245707492609,0.9074538822353335,45,5,5.692318809887271
calibration,0,0,1,0,0.0,tp_uic_full,0.03207358356596699,2.159184141070198,1,3,2.858651823180412,6.595622551839302,10,0.9980475882047009,14.255284950860073,14.274529387065172,1.0319046799795836e-09,3.8735671318524987e-11,3.856440573384284e-11,1.7126558468214726e-13,0.9983083545826671,0.9990747483768655,0.9977892572620337,0.9976157850529749,0.9074538822353335,45,5,23.051443830215664
calibration,0,0,1,0,0.0,perfect_channel,0.03207358356596699,2.159184141070198,1,3,3.495504735094783,6.2286329539758185,10,0.9980499359106418,inf,inf,1.0319046799795836e-09,0.0,0.0,0.0,1.0,1.0,1.0,1.0,0.9074538822353335,0,5,nan
calibration,0,0,1,1,0.0,no_ic,0.037035500740867096,2.35061942298008,1,3,6.661574558825894,14.205339913460488,10,0.9980596359528985,0.0,0.0,1.0784080232143687e-09,1.0784080232143687e-09,1.0784080232143687e-09,0.0,1.0,1.0,1.0,1.0,0.9049109513232264,0,5,0.0
calibration,0,0,1,1,0.0,plain_ls,0.037035500740867096,2.35061942298008,1,3,6.662615763647745,14.211209062001737,10,0.9980596972002148,11.132774730092672,11.137526303525092,1.0784080232143687e-09,8.3081750292175e-11,8.299090106978916e-11,9.084922238584163e-14,0.9984895113116169,0.9991618296239061,0.9981382298446781,0.9906301231490678,0.9049109513232264,0,5,26.376475868642267
calibration,0,0,1,1,0.0,protected_ls,0.037035500740867096,2.35061942298008,1,3,4.893415132241623,11.68273057453769,10,0.9979964226724657,10.584551603559172,10.5892673483165,1.0784080232143687e-09,9.426011167186083e-11,9.415781578700347e-11,1.0229588485735915e-13,0.9999945476490852,0.9999593158261368,1.0000000000000002,0.9988071842164901,0.9049109513232264,45,5,8.378794145939798
calibration,0,0,1,1,0.0,tp_uic_full,0.037035500740867096,2.35061942298008,1,3,6.663806221021942,14.211811583976992,10,0.9980588349557826,11.132573690915047,11.137508803229885,1.0784080232143687e-09,8.30855963169458e-11,8.299123548992456e-11,9.436082702125047e-14,0.9994922420055267,0.9996177559462732,0.998911548745784,0.9929946098702913,0.9049109513232264,45,5,26.358704237581478
calibration,0,0,1,1,0.0,perfect_channel,0.037035500740867096,2.35061942298008,1,3,3.0099394665431083,7.81285993995702,10,0.9980499359106418,inf,inf,1.0784080232143687e-09,0.0,0.0,0.0,1.0,1.0,1.0,1.0,0.9049109513232264,0,5,nan
calibration,0,2,1,0,0.0,no_ic,0.02134755700967111,1.5969495052427924,1,3,5.473773453939093,5.680526614394079,10,0.9929464185935142,0.0,0.0,9.066008429443144e-10,9.066008429443144e-10,9.066008429443144e-10,0.0,1.0,1.0,1.0,1.0,0.9281002863912606,0,5,0.0
calibration,0,2,1,0,0.0,plain_ls,0.02134755700967111,1.5969495052427924,1,3,5.4768743085579095,5.6786995057501795,10,0.9929461501293722,19.71091981506648,19.766362047102643,9.066008429443144e-10,9.690008031585988e-12,9.567091196508096e-12,1.2291683507789133e-13,0.9992421578144473,0.9992027905345741,0.9986348029894737,0.9832779157418247,0.9281002863912606,0,5,17.044190753659702
calibration,0,2,1,0,0.0,protected_ls,0.02134755700967111,1.5969495052427924,1,3,5.6644565593239085,4.885316469715977,10,0.9885345148607456,17.56091316291828,17.596391202012057,9.066008429443144e-10,1.5897352429015678e-11,1.5768014052728594e-11,1.2933837628708445e-13,0.9999783738407433,0.9998242355639889,1.0,0.9957406862565396,0.9281002863912606,45,5,3.1767051265247326
calibration,0,2,1,0,0.0,tp_uic_full,0.02134755700967111,1.5969495052427924,1,3,5.472760450312951,5.68342089540839,10,0.9929640585474078,19.713296389075865,19.766174665069492,9.066008429443144e-10,9.684706854089365e-12,9.567503990073111e-12,1.172028640162529e-13,1.0005166897292166,1.0000501684670349,1.000195478293286,0.9849836447263915,0.9281002863912606,45,5,17.013542967193963
calibration,0,2,1,0,0.0,perfect_channel,0.02134755700967111,1.5969495052427924,1,3,5.364263622562781,7.585895395024794,10,0.9930271877179119,inf,inf,9.066008429443144e-10,0.0,0.0,0.0,1.0,1.0,1.0,1.0,0.9281002863912606,0,5,nan
calibration,0,2,1,1,0.0,no_ic,0.02973497627233439,1.6134964913080294,1,3,0.7909362819993979,6.396874727036611,10,0.9929871249085068,0.0,0.0,9.100616574338889e-10,9.100616574338889e-10,9.100616574338889e-10,0.0,1.0,1.0,1.0,1.0,0.9191897119599072,0,5,0.0
calibration,0,2,1,1,0.0,plain_ls,0.02973497627233439,1.6134964913080294,1,3,0.7904935135910827,6.397850571742807,10,0.9929870196157781,13.077103923810498,13.102227481575582,9.100616574338889e-10,4.4808501954570445e-11,4.455003699038615e-11,2.584649641842957e-13,0.9995259463526006,0.9988720497539814,0.9990951713829589,0.9861142786815185,0.9191897119599072,0,5,23.694554254680682
calibration,0,2,1,1,0.0,protected_ls,0.02973497627233439,1.6134964913080294,1,3,1.0030970058309403,6.686886761184464,10,0.9919919866165018,12.558887943380768,12.579043849855031,9.100616574338889e-10,5.048728570357536e-11,5.025351362388074e-11,2.337720796946147e-13,0.9999582880790095,0.9996124927913485,1.0,0.9955788187125519,0.9191897119599072,45,5,7.3477954867083275
calibration,0,2,1,1,0.0,tp_uic_full,0.02973497627233439,1.6134964913080294,1,3,0.7900621560371617,6.398878103716902,10,0.9929962319898902,13.076834707641275,13.102128504890146,9.100616574338889e-10,4.481127968895323e-11,4.45510523072799e-11,2.6022738167333017e-13,0.9999981735439747,0.9995732241956304,0.9999297407520216,0.9873715184934017,0.9191897119599072,45,5,23.657601271740397
calibration,0,2,1,1,0.0,perfect_channel,0.02973497627233439,1.6134964913080294,1,3,1.0502794571062561,4.8322856599088455,10,0.9930271877179119,inf,inf,9.100616574338889e-10,0.0,0.0,0.0,1.0,1.0,1.0,1.0,0.9191897119599072,0,5,nan
calibration,0,4,1,0,0.0,no_ic,0.010840406181023015,2.771735852463229,1,3,4.76734500959029,10.633875315093121,10,0.9994278970231166,0.0,0.0,1.1882142411700687e-09,1.1882142411700687e-09,1.1882142411700687e-09,0.0,1.0,1.0,1.0,1.0,0.9287997659036585,0,5,0.0
calibration,0,4,1,0,0.0,plain_ls,0.010840406181023015,2.771735852463229,1,3,4.767922821472094,10.63533301561002,10,0.9994278908474263,12.215789154113377,12.234775468453032,1.1882142411700687e-09,7.133716364049561e-11,7.102597536672706e-11,3.1118827376854675e-13,0.9992447430700381,0.9995087706800477,0.9997738633335619,0.9922859352118003,0.9287997659036585,0,5,25.712923796654174
calibration,0,4,1,0,0.0,protected_ls,0.010840406181023015,2.771735852463229,1,3,5.624497438829116,10.723261868641213,10,0.997523955921404,12.038693363121952,12.057474071985435,1.1882142411700687e-09,7.430626241056654e-11,7.398562485500552e-11,3.2063755556100685e-13,0.9999909477220326,0.9998794704785549,1.0000000000000002,0.9975631655548528,0.9287997659036585,45,5,12.613558895624266
calibration,0,4,1,0,0.0,tp_uic_full,0.010840406181023015,2.771735852463229,1,3,4.765683945057888,10.634485463350408,10,0.9994290834020819,12.215478769597981,12.234733853963181,1.1882142411700687e-09,7.13422621953094e-11,7.10266559473043e-11,3.156062480050985e-13,0.9998188751294126,0.9997893321344559,1.000218364986833,0.9933843537485174,0.9287997659036585,45,5,25.7044348547408
calibration,0,4,1,0,0.0,perfect_channel,0.010840406181023015,2.771735852463229,1,3,4.160382536592985,7.845109820211128,10,0.9994322404766595,inf,inf,1.1882142411700687e-09,0.0,0.0,0.0,1.0,1.0,1.0,1.0,0.9287997659036585,0,5,nan
calibration,0,4,1,1,0.0,no_ic,0.015466793070822459,2.790975055280567,1,3,4.7448124085362355,5.08261363417182,10,0.9994266019490144,0.0,0.0,1.1934896950443075e-09,1.1934896950443075e-09,1.1934896950443075e-09,0.0,1.0,1.0,1.0,1.0,0.919805709405034,0,5,0.0
calibration,0,4,1,1,0.0,plain_ls,0.015466793070822459,2.790975055280567,1,3,4.7439742273123615,5.083586094599303,10,0.9994265926734366,11.982173721617464,11.995718341864453,1.1934896950443075e-09,7.561384128468895e-11,7.537838690768947e-11,2.3545437699948014e-13,0.9993854942296218,0.9996910866752858,0.9996046929849511,0.9942867079214045,0.919805709405034,0,5,25.96578382869104
calibration,0,4,1,1,0.0,protected_ls,0.015466793070822459,2.790975055280567,1,3,7.734701158702153,4.745733874148677,10,0.9942271482785954,11.868458674340665,11.88082762805552,1.1934896950443075e-09,7.761985124403203e-11,7.739910000073002e-11,2.2075124330200915e-13,0.999992101897618,0.9998211346554463,1.0,0.9980009990023535,0.919805709405034,45,5,12.998269268725481
calibration,0,4,1,1,0.0,tp_uic_full,0.015466793070822459,2.790975055280567,1,3,4.736015068800775,5.086910513889246,10,0.9994286179272448,11.982292168562097,11.995691233901994,1.1934896950443075e-09,7.561177906499405e-11,7.5378857408915e-11,2.3292165607905405e-13,1.000352968242421,1.000543618469038,1.000687248146614,0.9953845152470993,0.919805709405034,45,5,25.953201059456536
calibration,0,4,1,1,0.0,perfect_channel,0.015466793070822459,2.790975055280567,1,3,2.625567797167555,6.465938301910144,10,0.9994322404766595,inf,inf,1.1934896950443075e-09,0.0,0.0,0.0,1.0,1.0,1.0,1.0,0.919805709405034,0,5,nan
calibration,0,0,1,0,30.0,no_ic,0.032073583565966984,32.1591841410702,1,3,255.85311629793821,296.2548351976453,10,0.9980473791274079,0.0,0.0,1.0319046799795838e-06,1.0319046799795838e-06,1.0319046799795838e-06,0.0,1.0,1.0,1.0,1.0,0.9074538822353335,0,5,0.0
calibration,0,0,1,0,30.0,plain_ls,0.032073583565966984,32.1591841410702,1,3,255.8538679649536,296.25566275681774,10,0.9980473916878403,14.274522105444996,14.27454141042195,1.0319046799795838e-06,3.8564470393101014e-08,3.8564298969196594e-08,1.714239044221845e-13,0.9970194029688996,0.9987018576005675,0.9962376310913595,0.9960828511032642,0.9074538822353335,0,5,53.039165505883844
calibration,0,0,1,0,30.0,protected_ls,0.032073583565966984,32.1591841410702,1,3,333.26149547676846,398.7869646402545,10,0.9803795199912047,13.13210907239176,13.132124779194683,1.0319046799795838e-06,5.016821799086638e-08,5.016803655156173e-08,1.8143930464970252e-13,0.9999949490365793,0.9999235543498973,1.0,0.9980245707492609,0.9074538822353335,45,5,5.738246637600316
calibration,0,0,1,0,30.0,tp_uic_full,0.032073583565966984,32.1591841410702,1,3,255.97950432962944,296.393284307036,10,0.9980475776521645,14.274512499254573,14.274531815557179,1.0319046799795838e-06,3.856455569422071e-08,3.8564384169367855e-08,1.7152485285514417e-13,0.9983064360529178,0.9990738846189114,0.9977871198617346,0.9976133702001714,0.9074538822353335,45,5,53.02809182551602
calibration,0,0,1,0,30.0,perfect_channel,0.032073583565966984,32.1591841410702,1,3,3.4955047350947885,6.2286329539758025,10,0.9980499359106418,inf,inf,1.0319046799795838e-06,0.0,0.0,0.0,1.0,1.0,1.0,1.0,0.9074538822353335,0,5,nan
calibration,0,0,1,1,30.0,no_ic,0.03703550074086704,32.35061942298008,1,3,4143.0007867342665,4236.440900890525,10,0.9980596410505218,0.0,0.0,1.0784080232143685e-06,1.0784080232143685e-06,1.0784080232143685e-06,0.0,1.0,1.0,1.0,1.0,0.9049109513232264,0,5,0.0
calibration,0,0,1,1,30.0,plain_ls,0.03703550074086704,32.35061942298008,1,3,4143.005405765838,4236.445730067668,10,0.9980596972002149,11.137521549353986,11.137526303525089,1.0784080232143685e-06,8.299099191901157e-08,8.299090106978918e-08,9.08492223858412e-14,0.9984895113116169,0.9991618296239061,0.9981382298446781,0.9906301231490678,0.9049109513232264,0,5,56.36760135968046
calibration,0,0,1,1,30.0,protected_ls,0.03703550074086704,32.35061942298008,1,3,3159.870751855892,3191.781376225259,10,0.998027260689137,10.589262630013106,10.5892673483165,1.0784080232143685e-06,9.415791808288834e-08,9.415781578700348e-08,1.0229588485735964e-13,0.9999945476490852,0.9999593158261368,1.0000000000000002,0.9988071842164901,0.9049109513232264,45,5,8.435148333603012
calibration,0,0,1,1,30.0,tp_uic_full,0.03703550074086704,32.35061942298008,1,3,4142.886051485188,4236.34790202799,10,0.998058836283115,11.137488655465349,11.137493602167407,1.0784080232143685e-06,8.299162050327827e-08,8.299152597419639e-08,9.452908187895987e-14,0.9994916781877412,0.9996172551920995,0.9989111079392036,0.9929851013798833,0.9049109513232264,45,5,56.34962133799375
calibration,0,0,1,1,30.0,perfect_channel,0.03703550074086704,32.35061942298008,1,3,3.0099394665431083,7.812859939957047,10,0.9980499359106418,inf,inf,1.0784080232143685e-06,0.0,0.0,0.0,1.0,1.0,1.0,1.0,0.9049109513232264,0,5,nan
calibration,0,2,1,0,30.0,no_ic,0.021347557009671118,31.596949505242794,1,3,392.46608454573436,330.29331957685497,10,0.9929462059258322,0.0,0.0,9.066008429443145e-07,9.066008429443145e-07,9.066008429443145e-07,0.0,1.0,1.0,1.0,1.0,0.9281002863912606,0,5,0.0
calibration,0,2,1,0,30.0,plain_ls,0.021347557009671118,31.596949505242794,1,3,392.46748773727734,330.29457359227604,10,0.992946150129372,19.766306249829274,19.766362047102643,9.066008429443145e-07,9.567214113343172e-09,9.567091196508095e-09,1.2291683507789464e-13,0.9992421578144475,0.9992027905345741,0.9986348029894737,0.9832779157418247,0.9281002863912606,0,5,46.985146270445206
calibration,0,2,1,0,30.0,protected_ls,0.021347557009671118,31.596949505242794,1,3,706.7084396056246,617.934835027181,10,0.9882998257852275,17.596355578811472,17.59639120201206,9.066008429443145e-07,1.5768143391104876e-08,1.576801405272859e-08,1.293383762870884e-13,0.9999783738407433,0.9998242355639889,1.0,0.9957406862565396,0.9281002863912606,45,5,3.251177730080339
calibration,0,2,1,0,30.0,tp_uic_full,0.021347557009671118,31.596949505242794,1,3,391.52846291714275,329.4732222989158,10,0.9929640171429907,19.766244209580293,19.766297484695947,9.066008429443145e-07,9.56735078479766e-09,9.567233422359376e-09,1.173624382832429e-13,1.000519803059337,1.0000507488900083,1.0001975615471228,0.9849711418337528,0.9281002863912606,45,5,46.956861599759975
calibration,0,2,1,0,30.0,perfect_channel,0.021347557009671118,31.596949505242794,1,3,5.364263622562781,7.585895395024775,10,0.9930271877179119,inf,inf,9.066008429443145e-07,0.0,0.0,0.0,1.0,1.0,1.0,1.0,0.9281002863912606,0,5,nan
calibration,0,2,1,1,30.0,no_ic,0.02973497627233443,31.613496491308034,1,3,243.12671392369833,303.685867560522,10,0.9929870416756307,0.0,0.0,9.100616574338891e-07,9.100616574338891e-07,9.100616574338891e-07,0.0,1.0,1.0,1.0,1.0,0.9191897119599072,0,5,0.0
calibration,0,2,1,1,30.0,plain_ls,0.02973497627233443,31.613496491308034,1,3,243.1268661609086,303.68612429261464,10,0.9929870196157781,13.10220228528178,13.102227481575584,9.100616574338891e-07,4.455029545535033e-08,4.4550036990386143e-08,2.5846496418429036e-13,0.9995259463526005,0.9988720497539814,0.9990951713829589,0.9861142786815185,0.9191897119599072,0,5,53.665797221684215
calibration,0,2,1,1,30.0,protected_ls,0.02973497627233443,31.613496491308034,1,3,344.7799135367194,400.08774820133226,10,0.9919386323578981,12.57902364715063,12.579043849855031,9.100616574338891e-07,5.025374739596045e-08,5.0253513623880756e-08,2.3377207969460804e-13,0.9999582880790095,0.9996124927913485,1.0,0.9955788187125519,0.9191897119599072,45,5,7.417881936792728
calibration,0,2,1,1,30.0,tp_uic_full,0.02973497627233443,31.613496491308034,1,3,242.77614053002864,303.3973024423112,10,0.9929962206022569,13.102052146740915,13.102077552576418,9.100616574338891e-07,4.4551835615829346e-08,4.455157499237142e-08,2.6062345792630254e-13,0.9999986478733207,0.999573099067022,0.9999301796933943,0.9873609897606239,0.9191897119599072,45,5,53.62862438475815
calibration,0,2,1,1,30.0,perfect_channel,0.02973497627233443,31.613496491308034,1,3,1.0502794571062544,4.832285659908861,10,0.9930271877179119,inf,inf,9.100616574338891e-07,0.0,0.0,0.0,1.0,1.0,1.0,1.0,0.9191897119599072,0,5,nan
calibration,0,4,1,0,30.0,no_ic,0.010840406181023011,32.77173585246322,1,3,1017.7586334405175,1089.964810216165,10,0.9994278927248958,0.0,0.0,1.188214241170068e-06,1.188214241170068e-06,1.188214241170068e-06,0.0,1.0,1.0,1.0,1.0,0.9287997659036585,0,5,0.0
calibration,0,4,1,0,30.0,plain_ls,0.010840406181023011,32.77173585246322,1,3,1017.7595762532354,1089.9658191621425,10,0.9994278908474263,12.234756440618018,12.234775468453027,1.188214241170068e-06,7.102628655500084e-08,7.102597536672706e-08,3.1118827376853746e-13,0.9992447430700382,0.9995087706800477,0.9997738633335619,0.9922859352118003,0.9287997659036585,0,5,55.69148124068747
calibration,0,4,1,0,30.0,protected_ls,0.010840406181023011,32.77173585246322,1,3,1469.4089964062205,1510.1683136262966,10,0.996935001331558,12.057455250650937,12.057474071985432,1.188214241170068e-06,7.398594549256108e-08,7.398562485500552e-08,3.2063755556099655e-13,0.9999909477220326,0.9998794704785549,1.0000000000000002,0.9975631655548528,0.9287997659036585,45,5,12.803778435933717
calibration,0,4,1,0,30.0,tp_uic_full,0.010840406181023011,32.77173585246322,1,3,1017.4983925888454,1089.7481248001432,10,0.9994290820480582,12.234731329728607,12.234750642819526,1.188214241170068e-06,7.102669722989021e-08,7.102638137461957e-08,3.158552706415773e-13,0.999819033576994,0.9997892521759443,1.000218896673333,0.9933820271049818,0.9287997659036585,45,5,55.68269634344992
calibration,0,4,1,0,30.0,perfect_channel,0.010840406181023011,32.77173585246322,1,3,4.160382536592993,7.845109820211138,10,0.9994322404766595,inf,inf,1.188214241170068e-06,0.0,0.0,0.0,1.0,1.0,1.0,1.0,0.9287997659036585,0,5,nan
calibration,0,4,1,1,30.0,no_ic,0.015466793070822448,32.79097505528057,1,3,1031.7897221348333,926.6139446574305,10,0.999426595675265,0.0,0.0,1.1934896950443075e-06,1.1934896950443075e-06,1.1934896950443075e-06,0.0,1.0,1.0,1.0,1.0,0.919805709405034,0,5,0.0
calibration,0,4,1,1,30.0,plain_ls,0.015466793070822448,32.79097505528057,1,3,1031.7903860309593,926.6146799948434,10,0.9994265926734369,11.99570477612218,11.995718341864452,1.1934896950443075e-06,7.53786223620665e-08,7.53783869076895e-08,2.354543769994887e-13,0.9993854942296218,0.9996910866752858,0.9996046929849511,0.9942867079214045,0.919805709405034,0,5,55.9497721134105
calibration,0,4,1,1,30.0,protected_ls,0.015466793070822448,32.79097505528057,1,3,2359.716865767236,2149.9880479676813,10,0.991930753162489,11.880815241488992,11.88082762805552,1.1934896950443075e-06,7.739932075197332e-08,7.739910000073002e-08,2.20751243302019e-13,0.9999921018976179,0.9998211346554463,1.0,0.9980009990023535,0.919805709405034,45,5,13.204748659229221
calibration,0,4,1,1,30.0,tp_uic_full,0.015466793070822448,32.79097505528057,1,3,1030.6760410333993,925.7282938065003,10,0.9994286166654207,11.995670603382568,11.995684034612268,1.1934896950443075e-06,7.537921548592048e-08,7.537898236437864e-08,2.331215418464516e-13,1.0003542130879177,1.0005452157228552,1.0006887469929142,0.9953833827515555,0.919805709405034,45,5,55.937324747401014
calibration,0,4,1,1,30.0,perfect_channel,0.015466793070822448,32.79097505528057,1,3,2.625567797167553,6.465938301910141,10,0.9994322404766595,inf,inf,1.1934896950443075e-06,0.0,0.0,0.0,1.0,1.0,1.0,1.0,0.919805709405034,0,5,nan
calibration,1,0,1,0,0.0,no_ic,0.12324760436083321,-2.9976862797748014,1,3,3.6627990114860935,4.675264819135924,10,0.9212274071715834,0.0,0.0,3.1474043449512707e-10,3.1474043449512707e-10,3.1474043449512707e-10,0.0,1.0,1.0,1.0,1.0,0.9971005101992374,0,5,0.0
calibration,1,0,1,0,0.0,plain_ls,0.12324760436083321,-2.9976862797748014,1,3,3.822986842592119,4.805501169121935,10,0.9216190781488878,17.205860540270926,17.329707867029292,3.1474043449512707e-10,5.989167869005435e-12,5.820787614880664e-12,1.6838025412477046e-13,0.9811399490966841,0.8846210481244436,0.9946056512271199,0.9255916222669475,0.9971005101992374,0,5,14.96663218090345
calibration,1,0,1,0,0.0,protected_ls,0.12324760436083321,-2.9976862797748014,1,3,3.471851871307318,4.351527831703721,10,0.916157351445929,3.414207111911805,3.4200536847105663,3.1474043449512707e-10,1.4339428038524626e-10,1.4320136956689437e-10,1.9291081835188934e-13,0.9994688192608734,0.9993085426848862,0.9999999999999998,0.980146941493825,0.9971005101992374,45,5,1.6924386219279044
calibration,1,0,1,0,0.0,tp_uic_full,0.12324760436083321,-2.9976862797748014,1,3,3.7927618927935596,4.718915053422326,10,0.9212589247984503,16.78060148801289,17.00809325674831,3.1474043449512707e-10,6.605297627406536e-12,6.268205329522549e-12,3.370922978839866e-13,0.9871781135524474,1.064959608162936,0.99821266757368,0.9288007969421106,0.9971005101992374,45,5,12.825682160378653
calibration,1,0,1,0,0.0,perfect_channel,0.12324760436083321,-2.9976862797748014,1,3,4.6162767622620855,4.659342240410156,10,0.9221110620572073,inf,inf,3.1474043449512707e-10,0.0,0.0,0.0,1.0,1.0,1.0,1.0,0.9971005101992374,0,5,nan
calibration,1,0,1,1,0.0,no_ic,0.10756979832679961,-5.009040440290013,1,3,3.9305690411699565,2.9648209216804635,10,0.9209555448402833,0.0,0.0,1.9806928049584273e-10,1.9806928049584273e-10,1.9806928049584273e-10,0.0,1.0,1.0,1.0,1.0,0.9975730659370807,0,5,0.0
calibration,1,0,1,1,0.0,plain_ls,0.10756979832679961,-5.009040440290013,1,3,4.070089828148358,3.0168015274773614,10,0.9214883588070422,13.526445319608131,13.620294593346582,1.9806928049584273e-10,8.793719166475666e-12,8.605728977990798e-12,1.8799018848486767e-13,0.9841867281892673,0.9461759475605998,0.993876345695816,0.9394461697776808,0.9975730659370807,0,5,16.626456108110283
calibration,1,0,1,1,0.0,protected_ls,0.10756979832679961,-5.009040440290013,1,3,4.467502938552799,3.8182052398201276,10,0.9180839477052896,5.407569246662182,5.4210615390443175,1.9806928049584273e-10,5.702433105204553e-11,5.684744760544276e-11,1.7688344660277374e-13,0.9980477534657821,0.9996889928497341,1.0,0.9812768285581948,0.9975730659370807,45,5,2.234244483571936
calibration,1,0,1,1,0.0,tp_uic_full,0.10756979832679961,-5.009040440290013,1,3,3.93272768058059,2.969900363033591,10,0.920981458322966,13.328246879828175,13.448861925170561,1.9806928049584273e-10,9.204335406227862e-12,8.95222381456541e-12,2.5211159166245234e-13,0.9863090906427772,1.3270929207742717,0.9970056136728762,0.9422705736268222,0.9975730659370807,45,5,14.168007914085658
calibration,1,0,1,1,0.0,perfect_channel,0.10756979832679961,-5.009040440290013,1,3,4.346449672085004,3.3381128113963454,10,0.9221110620572073,inf,inf,1.9806928049584273e-10,0.0,0.0,0.0,1.0,1.0,1.0,1.0,0.9975730659370807,0,5,nan
calibration,1,2,1,0,0.0,no_ic,0.2018213217254811,2.817568746454624,1,3,18.90496372578187,20.72051497491524,10,0.9198366963607865,0.0,0.0,1.2008203595889363e-09,1.2008203595889363e-09,1.2008203595889363e-09,0.0,1.0,1.0,1.0,1.0,0.656625380167667,0,5,0.0
calibration,1,2,1,0,0.0,plain_ls,0.2018213217254811,2.817568746454624,1,3,18.863804116246538,20.696481079562567,10,0.9198393737923835,15.620351183596116,15.646108223104797,1.2008203595889363e-09,3.29187188153814e-11,3.272406301848581e-11,1.9465579689559268e-13,0.991116529825451,0.9994369806436969,0.988951905953394,0.9735255403742574,0.656625380167667,0,5,22.35496363996852
calibration,1,2,1,0,0.0,protected_ls,0.2018213217254811,2.817568746454624,1,3,5.6451464972981045,6.244523291320011,10,0.8978319510542933,13.786770162645078,13.798590873452298,1.2008203595889363e-09,5.021124921249858e-11,5.0074769089229544e-11,1.3648012326903673e-13,0.9998054642743247,0.9986444743965802,1.0,0.9900141112459167,0.656625380167667,45,5,1.5177246327220777
calibration,1,2,1,0,0.0,tp_uic_full,0.2018213217254811,2.817568746454624,1,3,19.020125741425293,21.018667952982554,10,0.9199582066318215,15.618123292359957,15.64093943734621,1.2008203595889363e-09,3.293561015124495e-11,3.2763032973583623e-11,1.7257717766132697e-13,0.9944937105623205,1.0001930037816371,0.9933137997561178,0.9789773081467398,0.656625380167667,45,5,22.115313771070465
calibration,1,2,1,0,0.0,perfect_channel,0.2018213217254811,2.817568746454624,1,3,2.6831935466416015,3.4995459504949142,10,0.9206222554611418,inf,inf,1.2008203595889363e-09,0.0,0.0,0.0,1.0,1.0,1.0,1.0,0.656625380167667,0,5,nan
calibration,1,2,1,1,0.0,no_ic,0.4212044236248066,2.853933880893729,1,3,6.052571817621637,4.344716616256882,10,0.9171331692085134,0.0,0.0,1.210917501363933e-09,1.210917501363933e-09,1.210917501363933e-09,0.0,1.0,1.0,1.0,1.0,0.6570511269739877,0,5,0.0
calibration,1,2,1,1,0.0,plain_ls,0.4212044236248066,2.853933880893729,1,3,6.039558885477813,4.358103343528235,10,0.9171266561285242,13.542518254730078,13.567416916549437,1.210917501363933e-09,5.3562733264691096e-11,5.325652980909269e-11,3.0620345559840263e-13,0.9639789363010887,0.9986867127669717,0.9536163905755999,0.8945626289007457,0.6570511269739877,0,5,24.469689426692657
calibration,1,2,1,1,0.0,protected_ls,0.4212044236248066,2.853933880893729,1,3,5.205266507503648,4.963261755018177,10,0.896362024546055,12.463437756839678,12.481691403752661,1.210917501363933e-09,6.867059026062406e-11,6.838256952717681e-11,2.880207334472425e-13,0.9996606316507538,0.998602868508443,1.0000000000000002,0.9784094761557496,0.6570511269739877,45,5,2.7230589863660977
calibration,1,2,1,1,0.0,tp_uic_full,0.4212044236248066,2.853933880893729,1,3,6.212031285577514,4.329974107176944,10,0.9176186541122385,13.541348503712442,13.567103049038936,1.210917501363933e-09,5.357716206888509e-11,5.326037883300624e-11,3.167832358788425e-13,0.9769422091800736,0.9994943122587084,0.9672839877647237,0.9009067401735217,0.6570511269739877,45,5,24.107905688731574
calibration,1,2,1,1,0.0,perfect_channel,0.4212044236248066,2.853933880893729,1,3,4.4649528632534965,4.146568200505467,10,0.9206222554611418,inf,inf,1.210917501363933e-09,0.0,0.0,0.0,1.0,1.0,1.0,1.0,0.6570511269739877,0,5,nan
calibration,1,4,1,0,0.0,no_ic,0.05329046213103615,-2.0074966521272537,1,3,5.918161173284412,11.106721978160092,10,0.955635509810391,0.0,0.0,3.953406780454085e-10,3.953406780454085e-10,3.953406780454085e-10,0.0,1.0,1.0,1.0,1.0,0.9850313117940095,0,5,0.0
calibration,1,4,1,0,0.0,plain_ls,0.05329046213103615,-2.0074966521272537,1,3,5.579467007775779,11.077853575471515,10,0.9557366542084036,11.289821214101359,11.312613781928182,3.953406780454085e-10,2.937577826470304e-11,2.9222012661606275e-11,1.537656030967678e-13,0.9898922105963102,0.9673629228727294,0.9980861011174369,0.9898500763269854,0.9850313117940095,0,5,21.86121428211305
calibration,1,4,1,0,0.0,protected_ls,0.05329046213103615,-2.0074966521272537,1,3,4.24743782456123,8.00448744660742,10,0.9439219641426259,7.240708121807899,7.249251952902739,3.953406780454085e-10,7.462780887326151e-11,7.448113866391101e-11,1.4667020935049454e-13,0.9998735530896237,0.999861993133978,1.0,0.9986885101291346,0.9850313117940095,45,5,0.6553386124742171
calibration,1,4,1,0,0.0,tp_uic_full,0.05329046213103615,-2.0074966521272537,1,3,6.087273301924519,11.272927919726058,10,0.9556862143036845,10.934402906839587,10.953559992286234,3.953406780454085e-10,3.188094691116718e-11,3.174062715060289e-11,1.4031976056429139e-13,0.9922736641764679,1.00460803043208,0.9993566879547046,0.9912409797926667,0.9850313117940095,45,5,21.25227455726052
calibration,1,4,1,0,0.0,perfect_channel,0.05329046213103615,-2.0074966521272537,1,3,2.9484121681990305,5.97862417435982,10,0.955993797020498,inf,inf,3.953406780454085e-10,0.0,0.0,0.0,1.0,1.0,1.0,1.0,0.9850313117940095,0,5,nan
calibration,1,4,1,1,0.0,no_ic,0.03235725612447289,-0.1628680769802576,1,3,11.773001307946041,10.031211241033676,10,0.9562580971464573,0.0,0.0,6.045529717035759e-10,6.045529717035759e-10,6.045529717035759e-10,0.0,1.0,1.0,1.0,1.0,0.9849125229886131,0,5,0.0
calibration,1,4,1,1,0.0,plain_ls,0.03235725612447289,-0.1628680769802576,1,3,11.878745058389804,10.080009188300533,10,0.956330357802283,12.440330183120915,12.457073863768287,6.045529717035759e-10,3.446682999104451e-11,3.433420326538429e-11,1.3262672566022128e-13,0.9976240062394072,0.9931867940515701,0.9987649361388866,0.9945905956148161,0.9849125229886131,0,5,22.555448041817556
calibration,1,4,1,1,0.0,protected_ls,0.03235725612447289,-0.1628680769802576,1,3,6.409763571043719,6.669548044459284,10,0.9498636889620697,7.446788710155684,7.45123652534863,6.045529717035759e-10,1.0883171909171991e-10,1.0872031643699777e-10,1.1140265472213752e-13,0.9998827752951799,0.9996420375981953,1.0000000000000002,0.9989627305025336,0.9849125229886131,45,5,0.9584019050408487
calibration,1,4,1,1,0.0,tp_uic_full,0.03235725612447289,-0.1628680769802576,1,3,12.39392435838155,10.566784395332387,10,0.9562220718759984,11.883494332560298,11.90152179303798,6.045529717035759e-10,3.918184904074392e-11,3.901954321570108e-11,1.623058250428361e-13,0.9989117616031162,0.998194276129053,1.0002311033355147,0.9957778804187496,0.9849125229886131,45,5,22.044568728853882
calibration,1,4,1,1,0.0,perfect_channel,0.03235725612447289,-0.1628680769802576,1,3,4.356669298520813,2.7298614259524863,10,0.955993797020498,inf,inf,6.045529717035759e-10,0.0,0.0,0.0,1.0,1.0,1.0,1.0,0.9849125229886131,0,5,nan
calibration,1,0,1,0,30.0,no_ic,0.12324760436083289,27.002313720225196,1,3,130.71874845599388,155.10576282736127,10,0.9211904021489553,0.0,0.0,3.147404344951269e-07,3.147404344951269e-07,3.147404344951269e-07,0.0,1.0,1.0,1.0,1.0,0.9971005101992374,0,5,0.0
calibration,1,0,1,0,30.0,plain_ls,0.12324760436083289,27.002313720225196,1,3,145.0650305019015,168.46969153184773,10,0.9216190781488877,17.32958223874253,17.329707867029292,3.147404344951269e-07,5.820955995134791e-09,5.820787614880666e-09,1.6838025412476998e-13,0.9811399490966843,0.8846210481244436,0.9946056512271199,0.9255916222669475,0.9971005101992374,0,5,44.82724664067254
calibration,1,0,1,0,30.0,protected_ls,0.12324760436083289,27.002313720225196,1,3,125.23701888351013,161.4751323688567,10,0.9154956662579453,3.4200478342045453,3.4200536847105663,3.147404344951269e-07,1.4320156247771265e-07,1.432013695668943e-07,1.9291081835189192e-13,0.9994688192608734,0.9993085426848862,0.9999999999999998,0.980146941493825,0.9971005101992374,45,5,1.6950227437394574
calibration,1,0,1,0,30.0,tp_uic_full,0.12324760436083289,27.002313720225196,1,3,162.22330575222574,185.90451155921684,10,0.9212542121691079,16.99739276578258,16.99764012262277,3.147404344951269e-07,6.283668471452745e-09,6.283310588914538e-09,3.5788253820735043e-13,0.9873440250824119,1.0685488006862844,0.9982639166716978,0.9287866464482402,0.9971005101992374,45,5,42.55987762779146
calibration,1,0,1,0,30.0,perfect_channel,0.12324760436083289,27.002313720225196,1,3,4.6162767622620855,4.659342240410165,10,0.9221110620572073,inf,inf,3.147404344951269e-07,0.0,0.0,0.0,1.0,1.0,1.0,1.0,0.9971005101992374,0,5,nan
calibration,1,0,1,1,30.0,no_ic,0.10756979832679961,24.99095955970999,1,3,70.54467802432586,72.64728318750724,10,0.9209324212861658,0.0,0.0,1.9806928049584272e-07,1.9806928049584272e-07,1.9806928049584272e-07,0.0,1.0,1.0,1.0,1.0,0.9975730659370807,0,5,0.0
calibration,1,0,1,1,30.0,plain_ls,0.10756979832679961,24.99095955970999,1,3,88.23503651361179,89.62918138442913,10,0.9214883588070422,13.62019972374287,13.620294593346589,1.9806928049584272e-07,8.605916968179271e-09,8.605728977990786e-09,1.8799018848486926e-13,0.9841867281892673,0.9461759475605998,0.993876345695816,0.939446169777681,0.9975730659370807,0,5,46.5252666418646
calibration,1,0,1,1,30.0,protected_ls,0.10756979832679961,24.99095955970999,1,3,149.48198016596953,147.09939118461403,10,0.9179393666478181,5.42104802579288,5.421061539044314,1.9806928049584272e-07,5.6847624488889404e-08,5.68474476054428e-08,1.76883446602777e-13,0.9980477534657821,0.9996889928497343,1.0,0.9812768285581948,0.9975730659370807,45,5,2.239108689284545
calibration,1,0,1,1,30.0,tp_uic_full,0.10756979832679961,24.99095955970999,1,3,73.814374027729,76.23204568260323,10,0.9209783797703938,13.434971383303068,13.435093956710539,1.9806928049584272e-07,8.98090258451136e-09,8.980649114954782e-09,2.534695565789083e-13,0.986317838394263,1.330594096578046,0.9970157999899659,0.9422550221198626,0.9975730659370807,45,5,44.044378903191216
calibration,1,0,1,1,30.0,perfect_channel,0.10756979832679961,24.99095955970999,1,3,4.3464496720850025,3.338112811396349,10,0.9221110620572073,inf,inf,1.9806928049584272e-07,0.0,0.0,0.0,1.0,1.0,1.0,1.0,0.9975730659370807,0,5,nan
calibration,1,2,1,0,30.0,no_ic,0.20182132172548062,32.817568746454626,1,3,14789.25022576451,14811.498923002298,10,0.919834662720422,0.0,0.0,1.2008203595889364e-06,1.2008203595889364e-06,1.2008203595889364e-06,0.0,1.0,1.0,1.0,1.0,0.656625380167667,0,5,0.0
calibration,1,2,1,0,30.0,plain_ls,0.20182132172548062,32.817568746454626,1,3,14791.060390457229,14813.536675840194,10,0.9198393737923879,15.64608238961127,15.6461082231048,1.2008203595889364e-06,3.27242576742827e-08,3.27240630184858e-08,1.9465579689559782e-13,0.9911165298254507,0.9994369806436969,0.988951905953394,0.9735255403742574,0.656625380167667,0,5,52.32598895655789
calibration,1,2,1,0,30.0,protected_ls,0.20182132172548062,32.817568746454626,1,3,2458.1731251838046,2418.9262954841647,10,0.8961811651974136,13.798579036656102,13.798590873452303,1.2008203595889364e-06,5.007490556935278e-08,5.007476908922951e-08,1.3648012326903956e-13,0.9998054642743247,0.99864447439658,1.0,0.9900141112459169,0.656625380167667,45,5,1.52943107093191
calibration,1,2,1,0,30.0,tp_uic_full,0.20182132172548062,32.817568746454626,1,3,15111.199084191683,15138.529565875437,10,0.9199576379599393,15.640788200500403,15.640811119019071,1.2008203595889364e-06,3.276417391924345e-08,3.2764001017127104e-08,1.7290211635075507e-13,0.994486256857347,1.0001937280658004,0.9933027520972498,0.9789610186807209,0.656625380167667,45,5,52.08884089269145
calibration,1,2,1,0,30.0,perfect_channel,0.20182132172548062,32.817568746454626,1,3,2.683193546641612,3.499545950494939,10,0.9206222554611418,inf,inf,1.2008203595889364e-06,0.0,0.0,0.0,1.0,1.0,1.0,1.0,0.656625380167667,0,5,nan
calibration,1,2,1,1,30.0,no_ic,0.42120442362480687,32.853933880893734,1,3,2357.584012079343,2317.2589209768125,10,0.9171220526825586,0.0,0.0,1.2109175013639345e-06,1.2109175013639345e-06,1.2109175013639345e-06,0.0,1.0,1.0,1.0,1.0,0.6570511269739877,0,5,0.0
calibration,1,2,1,1,30.0,plain_ls,0.42120442362480687,32.853933880893734,1,3,2361.602358440997,2321.3827228836526,10,0.9171266561285254,13.567391946449197,13.567416916549444,1.2109175013639345e-06,5.325683601254829e-08,5.325652980909269e-08,3.0620345559839486e-13,0.9639789363010887,0.9986867127669717,0.9536163905755999,0.8945626289007457,0.6570511269739877,0,5,54.44104506424124
calibration,1,2,1,1,30.0,protected_ls,0.42120442362480687,32.853933880893734,1,3,1821.7517458026743,1742.1129159799973,10,0.8947762924910092,12.481673111729908,12.481691403752663,1.2109175013639345e-06,6.838285754791032e-08,6.838256952717688e-08,2.8802073344724034e-13,0.9996606316507538,0.998602868508443,1.0000000000000002,0.9784094761557498,0.6570511269739877,45,5,2.7275077531225502
calibration,1,2,1,1,30.0,tp_uic_full,0.42120442362480687,32.853933880893734,1,3,2356.5411476830714,2312.561973608413,10,0.9176157508610544,13.567122612369598,13.567148479124263,1.2109175013639345e-06,5.3260138915600284e-08,5.3259821697007505e-08,3.1721859278074297e-13,0.976882349482718,0.9994936100254891,0.9672037490795167,0.9008033389873904,0.6570511269739877,45,5,54.076883454212464
calibration,1,2,1,1,30.0,perfect_channel,0.42120442362480687,32.853933880893734,1,3,4.464952863253501,4.146568200505501,10,0.9206222554611418,inf,inf,1.2109175013639345e-06,0.0,0.0,0.0,1.0,1.0,1.0,1.0,0.6570511269739877,0,5,nan
calibration,1,4,1,0,30.0,no_ic,0.05329046213103624,27.992503347872745,1,3,3566.2205847752543,3631.538601608978,10,0.955634658013512,0.0,0.0,3.9534067804540855e-07,3.9534067804540855e-07,3.9534067804540855e-07,0.0,1.0,1.0,1.0,1.0,0.9850313117940095,0,5,0.0
calibration,1,4,1,0,30.0,plain_ls,0.05329046213103624,27.992503347872745,1,3,3475.056983737536,3550.0358715114726,10,0.9557366542084033,11.31259092950593,11.31261378192818,3.9534067804540855e-07,2.9222166427209397e-08,2.92220126616063e-08,1.5376560309676675e-13,0.9898922105963102,0.9673629228727294,0.9980861011174369,0.9898500763269854,0.9850313117940095,0,5,51.83441580554741
calibration,1,4,1,0,30.0,protected_ls,0.05329046213103624,27.992503347872745,1,3,1974.6882585469318,2001.031813308834,10,0.9432990991941478,7.249243400670458,7.249251952902743,3.9534067804540855e-07,7.448128533412033e-08,7.448113866391098e-08,1.4667020935049572e-13,0.9998735530896237,0.9998619931339783,1.0,0.9986885101291346,0.9850313117940095,45,5,0.6542990643091204
calibration,1,4,1,0,30.0,tp_uic_full,0.05329046213103624,27.992503347872745,1,3,3704.145719125795,3769.175492401073,10,0.955686024313077,10.953645349052298,10.95366457501772,3.9534067804540855e-07,3.1740003322584063e-08,3.173986281173691e-08,1.4051084714975001e-13,0.9922646137952282,1.0046241867966452,0.9993563999713242,0.9912349004011705,0.9850313117940095,45,5,51.22870216551932
calibration,1,4,1,0,30.0,perfect_channel,0.05329046213103624,27.992503347872745,1,3,2.948412168199015,5.97862417435982,10,0.955993797020498,inf,inf,3.9534067804540855e-07,0.0,0.0,0.0,1.0,1.0,1.0,1.0,0.9850313117940095,0,5,nan
calibration,1,4,1,1,30.0,no_ic,0.03235725612447284,29.837131923019747,1,3,9939.34991750731,9933.216731838578,10,0.9562585512751111,0.0,0.0,6.045529717035765e-07,6.045529717035765e-07,6.045529717035765e-07,0.0,1.0,1.0,1.0,1.0,0.9849125229886131,0,5,0.0
calibration,1,4,1,1,30.0,plain_ls,0.03235725612447284,29.837131923019747,1,3,9928.387425587372,9920.479665508592,10,0.9563303578022834,12.457057087801942,12.45707386376829,6.045529717035765e-07,3.433433589210994e-08,3.433420326538428e-08,1.3262672566021414e-13,0.9976240062394072,0.99318679405157,0.9987649361388866,0.9945905956148161,0.9849125229886131,0,5,52.53457833712326
calibration,1,4,1,1,30.0,protected_ls,0.03235725612447284,29.837131923019747,1,3,5721.959617148072,5774.299382050445,10,0.9491939965277097,7.451232075257335,7.451236525348634,6.045529717035765e-07,1.0872042783965251e-07,1.0872031643699779e-07,1.1140265472213709e-13,0.9998827752951802,0.9996420375981953,1.0,0.9989627305025336,0.9849125229886131,45,5,0.963479341941768
calibration,1,4,1,1,30.0,tp_uic_full,0.03235725612447284,29.837131923019747,1,3,10613.914361597748,10606.511225620603,10,0.956222227442248,11.89669613157333,11.89671420300339,6.045529717035765e-07,3.9062923862863215e-08,3.906276131844757e-08,1.6254441564431041e-13,0.9989119098172861,0.9982013393454265,1.0002314282974816,0.9957759503631108,0.9849125229886131,45,5,52.0269355561542
calibration,1,4,1,1,30.0,perfect_channel,0.03235725612447284,29.837131923019747,1,3,4.356669298520809,2.7298614259524747,10,0.955993797020498,inf,inf,6.045529717035765e-07,0.0,0.0,0.0,1.0,1.0,1.0,1.0,0.9849125229886131,0,5,nan
calibration,2,0,1,0,0.0,no_ic,0.011701796165200269,-3.6114718748198653,1,3,4.559446736613867,7.061485028132762,10,0.9682445428999161,0.0,0.0,2.732586890672492e-10,2.732586890672492e-10,2.732586890672492e-10,0.0,1.0,1.0,1.0,1.0,0.9951099963298649,0,5,0.0
calibration,2,0,1,0,0.0,plain_ls,0.011701796165200269,-3.6114718748198653,1,3,4.559019124514986,7.060211091418914,10,0.9682512717049139,15.016503979666233,15.048202688413488,2.732586890672492e-10,8.608422670496471e-12,8.545819421723841e-12,6.260324877262968e-14,0.9996017949976997,0.9998560018107323,0.9997691608533136,0.9933284770335458,0.9951099963298649,0,5,16.5316050231764
calibration,2,0,1,0,0.0,protected_ls,0.011701796165200269,-3.6114718748198653,1,3,4.492043916913247,7.076917473671071,10,0.9658709881452244,14.445357610128921,14.472852322640179,2.732586890672492e-10,9.81834344235017e-12,9.756380921101033e-12,6.196252124913725e-14,0.9999910551672326,0.9999934905502642,0.9999999999999999,0.9996657615191227,0.9951099963298649,45,5,3.5668779496551677
calibration,2,0,1,0,0.0,tp_uic_full,0.011701796165200269,-3.6114718748198653,1,3,4.559200942645275,7.059644982022302,10,0.9684290348623282,15.015514663947403,15.048041436706026,2.732586890672492e-10,8.610383878457262e-12,8.546136730281504e-12,6.424714817575902e-14,1.000537279579751,1.000114642975782,1.000465135444933,0.9943890200274375,0.9951099963298649,45,5,16.518305950937343
calibration,2,0,1,0,0.0,perfect_channel,0.011701796165200269,-3.6114718748198653,1,3,4.224787316644625,6.805124345053405,10,0.9683205012668904,inf,inf,2.732586890672492e-10,0.0,0.0,0.0,1.0,1.0,1.0,1.0,0.9951099963298649,0,5,nan
calibration,2,0,1,1,0.0,no_ic,0.0078526856424539,-4.313905911119064,1,3,5.9272452634462764,4.654157288526645,10,0.9682774512654946,0.0,0.0,2.3245054934980182e-10,2.3245054934980182e-10,2.3245054934980182e-10,0.0,1.0,1.0,1.0,1.0,0.9963300736257605,0,5,0.0
calibration,2,0,1,1,0.0,plain_ls,0.0078526856424539,-4.313905911119064,1,3,5.926329788655589,4.651859719920086,10,0.9682835815146383,14.483358892989237,14.527797032346388,2.3245054934980182e-10,8.279320361542158e-12,8.19503614960722e-12,8.42842119349382e-14,0.9995417062051762,0.9998612419745028,0.9998532871203376,0.9936302519891633,0.9963300736257605,0,5,16.36234099351955
calibration,2,0,1,1,0.0,protected_ls,0.0078526856424539,-4.313905911119064,1,3,5.5598285255752025,4.341223166445354,10,0.9564695668504192,12.664169538620353,12.691324333673446,2.3245054934980182e-10,1.2586750485964976e-11,1.2508295814375623e-11,7.845467158935394e-14,0.999991370587486,0.999996676574278,0.9999999999999999,0.999730660776766,0.9963300736257605,45,5,4.81284546367822
calibration,2,0,1,1,0.0,tp_uic_full,0.0078526856424539,-4.313905911119064,1,3,5.927705259286587,4.651565553475566,10,0.9684090432766226,14.484360863196502,14.527681794275782,2.3245054934980182e-10,8.277410441935479e-12,8.195253604058806e-12,8.215683787667398e-14,1.0002336307000261,1.0001423959900102,1.000315244153467,0.9945778375774792,0.9963300736257605,45,5,16.349043035757937
calibration,2,0,1,1,0.0,perfect_channel,0.0078526856424539,-4.313905911119064,1,3,5.70601765804002,3.826859722195163,10,0.9683205012668904,inf,inf,2.3245054934980182e-10,0.0,0.0,0.0,1.0,1.0,1.0,1.0,0.9963300736257605,0,5,nan
calibration,2,2,1,0,0.0,no_ic,0.4740563032043695,-6.15848571942791,1,3,2.7493343345408814,16.75247324690141,10,0.950952358536166,0.0,0.0,1.5201015297320936e-10,1.5201015297320936e-10,1.5201015297320936e-10,0.0,1.0,1.0,1.0,1.0,0.9862290714597778,0,5,0.0
calibration,2,2,1,0,0.0,plain_ls,0.4740563032043695,-6.15848571942791,1,3,2.8030914090913397,16.863862910065066,10,0.9509529744961802,22.266167716842943,22.905862138138076,1.5201015297320936e-10,9.021023711916129e-13,7.785497726955612e-13,1.235525984960518e-13,0.9887685964966778,0.9910992323853465,0.9921956297876928,0.7781187299107816,0.9862290714597778,0,5,6.752572044565275
calibration,2,2,1,0,0.0,protected_ls,0.4740563032043695,-6.15848571942791,1,3,2.865577282310576,12.908345190743649,10,0.9457756616380518,7.074100243557285,7.087222668901148,1.5201015297320936e-10,2.981690569261209e-11,2.972694839197843e-11,8.995730063366168e-14,0.9998588275630628,0.9998798713549143,1.0000000000000002,0.942901755886063,0.9862290714597778,45,5,0.10861460482662649
calibration,2,2,1,0,0.0,tp_uic_full,0.4740563032043695,-6.15848571942791,1,3,2.82842292604842,16.987018042220125,10,0.9512295111602798,22.094288335205988,22.872697530587946,1.5201015297320936e-10,9.385204983324518e-13,7.845178744490115e-13,1.5400262388344032e-13,1.0020063415818594,1.0028364781348211,1.0102616352133773,0.7897851940819783,0.9862290714597778,45,5,6.5633209338417355
calibration,2,2,1,0,0.0,perfect_channel,0.4740563032043695,-6.15848571942791,1,3,3.4786713159111384,18.963664148996365,10,0.9508326717200486,inf,inf,1.5201015297320936e-10,0.0,0.0,0.0,1.0,1.0,1.0,1.0,0.9862290714597778,0,5,nan
calibration,2,2,1,1,0.0,no_ic,0.6342483559035709,-5.338165610499155,1,3,70.56243827579425,105.23290898234335,10,0.9500364804009437,0.0,0.0,1.8361349908692103e-10,1.8361349908692103e-10,1.8361349908692103e-10,0.0,1.0,1.0,1.0,1.0,0.9891496678159734,0,5,0.0
calibration,2,2,1,1,0.0,plain_ls,0.6342483559035709,-5.338165610499155,1,3,70.76440349434907,105.44347338927844,10,0.9500318701218342,11.036152860627098,11.067853265206784,1.8361349908692103e-10,1.4464030232452877e-11,1.435883749464389e-11,1.0519273780898715e-13,0.9678890023526232,0.9698175580575679,0.9701006673231345,0.7160733172995142,0.9891496678159734,0,5,18.7881132919697
calibration,2,2,1,1,0.0,protected_ls,0.6342483559035709,-5.338165610499155,1,3,56.559819610531754,89.42997141926223,10,0.9439591135269425,6.961182535602205,6.976277881099505,1.8361349908692103e-10,3.696462914326352e-11,3.683636934547111e-11,1.2825979779241099e-13,0.999891813411357,0.9998881006661902,1.0000000000000002,0.9384656395218307,0.9891496678159734,45,5,0.1409584419442412
calibration,2,2,1,1,0.0,tp_uic_full,0.6342483559035709,-5.338165610499155,1,3,74.98767659312671,112.88076486214808,10,0.9507007871748226,10.814792956983867,10.845588030259357,1.8361349908692103e-10,1.522037354648429e-11,1.5112830236793742e-11,1.0754330969054742e-13,0.999870395330566,0.99705438692577,1.0108793316930937,0.7249366203582603,0.9891496678159734,45,5,18.46392131176325
calibration,2,2,1,1,0.0,perfect_channel,0.6342483559035709,-5.338165610499155,1,3,4.119663573227388,24.209914261648642,10,0.9508326717200486,inf,inf,1.8361349908692103e-10,0.0,0.0,0.0,1.0,1.0,1.0,1.0,0.9891496678159734,0,5,nan
calibration,2,4,1,0,0.0,no_ic,0.013452642748372353,6.860111762006342,1,3,1.3157705605031151,7.357261272436762,10,0.9943094545432849,0.0,0.0,3.0460171498837027e-09,3.0460171498837027e-09,3.0460171498837027e-09,0.0,1.0,1.0,1.0,1.0,0.990867658508251,0,5,0.0
calibration,2,4,1,0,0.0,plain_ls,0.013452642748372353,6.860111762006342,1,3,1.316561363475971,7.3574141021630055,10,0.9943094350872554,15.507960440822444,15.521242831368093,3.0460171498837027e-09,8.569121489375447e-11,8.542953865767701e-11,2.6167623607745377e-13,0.9983163593804979,0.9988267225264932,0.99656836076056,0.9962583854730075,0.990867658508251,0,5,26.509547653611946
calibration,2,4,1,0,0.0,protected_ls,0.013452642748372353,6.860111762006342,1,3,1.8467896727372004,5.205260308907592,10,0.9875590862597751,15.444431966485496,15.457566768070938,3.0460171498837027e-09,8.69539164341589e-11,8.669133030669227e-11,2.6258612746661955e-13,0.999997433544215,0.9999980797836631,1.0,0.9874942015257229,0.990867658508251,45,5,17.52578352281499
calibration,2,4,1,0,0.0,tp_uic_full,0.013452642748372353,6.860111762006342,1,3,1.3155627830409347,7.365037054597212,10,0.9943157626905523,15.508536744286488,15.52123723990084,3.0460171498837027e-09,8.567984452881173e-11,8.542964864681922e-11,2.501958819925079e-13,1.0005261393531442,1.0003924137169955,0.9992397940341742,0.9970131726265714,0.990867658508251,45,5,26.502631922605133
calibration,2,4,1,0,0.0,perfect_channel,0.013452642748372353,6.860111762006342,1,3,1.4107668204193045,7.356835044797388,10,0.9943293763849563,inf,inf,3.0460171498837027e-09,0.0,0.0,0.0,1.0,1.0,1.0,1.0,0.990867658508251,0,5,nan
calibration,2,4,1,1,0.0,no_ic,0.009858418548223244,6.860207432886382,1,3,5.5096692491207016,7.212340285640522,10,0.9943240061108656,0.0,0.0,3.0460842514388244e-09,3.0460842514388244e-09,3.0460842514388244e-09,0.0,1.0,1.0,1.0,1.0,0.9890542923308828,0,5,0.0
calibration,2,4,1,1,0.0,plain_ls,0.009858418548223244,6.860207432886382,1,3,5.510740918462557,7.2006055999591325,10,0.9943239979675649,11.657025791469263,11.659335103457305,3.0460842514388244e-09,2.079885044614414e-10,2.0787793831575916e-10,1.1056614568223e-13,0.9967073926853762,0.99768339490526,0.9954939880350523,0.994318302173919,0.9890542923308828,0,5,30.360572477667773
calibration,2,4,1,1,0.0,protected_ls,0.009858418548223244,6.860207432886382,1,3,4.338473495877196,7.173728544367405,10,0.984203718585101,11.633997510087863,11.63640043586141,3.0460842514388244e-09,2.0909428380056046e-10,2.0897862516518659e-10,1.1565863537386838e-13,0.9999919767130071,0.9999942899212623,1.0,0.9891323472336689,0.9890542923308828,45,5,21.653811309172628
calibration,2,4,1,1,0.0,tp_uic_full,0.009858418548223244,6.860207432886382,1,3,5.5134286496071265,7.206005918281687,10,0.9943313427180235,11.656948435649433,11.65933311443739,3.0460842514388244e-09,2.0799220915151633e-10,2.0787803352154038e-10,1.1417562997595632e-13,0.9993016552658752,0.9995363818602852,0.9983541202801001,0.9946641597125961,0.9890542923308828,45,5,30.354732174465767
calibration,2,4,1,1,0.0,perfect_channel,0.009858418548223244,6.860207432886382,1,3,4.646748825343427,7.6964619798651785,10,0.9943293763849563,inf,inf,3.0460842514388244e-09,0.0,0.0,0.0,1.0,1.0,1.0,1.0,0.9890542923308828,0,5,nan
calibration,2,0,1,0,30.0,no_ic,0.011701796165200179,26.388528125180134,1,3,59.936161313121644,61.22045482200118,10,0.9682443328540863,0.0,0.0,2.732586890672491e-07,2.732586890672491e-07,2.732586890672491e-07,0.0,1.0,1.0,1.0,1.0,0.9951099963298649,0,5,0.0
calibration,2,0,1,0,30.0,plain_ls,0.011701796165200179,26.388528125180134,1,3,59.94196959965747,61.22511712845169,10,0.968251271704914,15.04817087385649,15.048202688413486,2.732586890672491e-07,8.545882024972614e-09,8.545819421723842e-09,6.260324877262865e-14,0.9996017949976997,0.9998560018107323,0.9997691608533136,0.9933284770335457,0.9951099963298649,0,5,46.49486168909856
calibration,2,0,1,0,30.0,protected_ls,0.011701796165200179,26.388528125180134,1,3,25.46174645796599,26.642109281182947,10,0.9633786215101791,14.472824740798274,14.472852322640177,2.732586890672491e-07,9.756442883622281e-09,9.756380921101032e-09,6.196252124913626e-14,0.9999910551672326,0.9999934905502642,0.9999999999999999,0.9996657615191227,0.9951099963298649,45,5,3.7359903151212444
calibration,2,0,1,0,30.0,tp_uic_full,0.011701796165200179,26.388528125180134,1,3,59.94599428171463,61.203316552631264,10,0.9684300454693228,15.048130975505085,15.048163678247235,2.732586890672491e-07,8.545960535795233e-09,8.545896184231205e-09,6.435156402876708e-14,1.0005418825696442,1.0001154052548467,1.000468734417485,0.9943840883652602,0.9951099963298649,45,5,46.48055823888565
calibration,2,0,1,0,30.0,perfect_channel,0.011701796165200179,26.388528125180134,1,3,4.224787316644624,6.805124345053402,10,0.9683205012668904,inf,inf,2.732586890672491e-07,0.0,0.0,0.0,1.0,1.0,1.0,1.0,0.9951099963298649,0,5,nan
calibration,2,0,1,1,30.0,no_ic,0.00785268564245393,25.686094088880935,1,3,103.32918400796085,119.54541694108559,10,0.9682773658946003,0.0,0.0,2.3245054934980184e-07,2.3245054934980184e-07,2.3245054934980184e-07,0.0,1.0,1.0,1.0,1.0,0.9963300736257605,0,5,0.0
calibration,2,0,1,1,30.0,plain_ls,0.00785268564245393,25.686094088880935,1,3,103.32836113940799,119.54317678958186,10,0.9682835815146387,14.527752366307997,14.527797032346383,2.3245054934980184e-07,8.195120433819162e-09,8.195036149607227e-09,8.428421193494182e-14,0.9995417062051762,0.9998612419745028,0.9998532871203376,0.9936302519891633,0.9963300736257605,0,5,46.31284618547548
calibration,2,0,1,1,30.0,protected_ls,0.00785268564245393,25.686094088880935,1,3,42.74985954463754,55.958354913340564,10,0.9460759150040449,12.691297093892263,12.691324333673448,2.3245054934980184e-07,1.2508374269047201e-08,1.2508295814375612e-08,7.845467158935666e-14,0.9999913705874861,0.999996676574278,0.9999999999999999,0.999730660776766,0.9963300736257605,45,5,4.990197133023781
calibration,2,0,1,1,30.0,tp_uic_full,0.00785268564245393,25.686094088880935,1,3,103.44531270448374,119.6542981757134,10,0.9684098280113705,14.527710477394685,14.52775409039803,2.3245054934980184e-07,8.195199478421224e-09,8.195117180468445e-09,8.229795277859556e-14,1.0002362575343586,1.000143131370475,1.0003175840974043,0.9945726923944842,0.9963300736257605,45,5,46.30054669803137
calibration,2,0,1,1,30.0,perfect_channel,0.00785268564245393,25.686094088880935,1,3,5.706017658040013,3.8268597221951657,10,0.9683205012668904,inf,inf,2.3245054934980184e-07,0.0,0.0,0.0,1.0,1.0,1.0,1.0,0.9963300736257605,0,5,nan
calibration,2,2,1,0,30.0,no_ic,0.4740563032043687,23.841514280572092,1,3,159.7422480488989,155.82286276861328,10,0.9509606675484552,0.0,0.0,1.5201015297320953e-07,1.5201015297320953e-07,1.5201015297320953e-07,0.0,1.0,1.0,1.0,1.0,0.9862290714597778,0,5,0.0
calibration,2,2,1,0,30.0,plain_ls,0.4740563032043687,23.841514280572092,1,3,159.7488635459676,155.8313907359564,10,0.9509529744961802,22.905172985608374,22.905862138138072,1.5201015297320953e-07,7.786733252940591e-10,7.78549772695563e-10,1.2355259849605072e-13,0.9887685964966778,0.9910992323853465,0.9921956297876927,0.7781187299107815,0.9862290714597778,0,5,36.09086377608263
calibration,2,2,1,0,30.0,protected_ls,0.4740563032043687,23.841514280572092,1,3,274.17273302388776,268.6607646130185,10,0.9452841069032907,7.087209526650681,7.087222668901154,1.5201015297320953e-07,2.9727038349279056e-08,2.972694839197842e-08,8.995730063365863e-14,0.9998588275630627,0.9998798713549143,1.0,0.9429017558860628,0.9862290714597778,45,5,0.09461579401033848
calibration,2,2,1,0,30.0,tp_uic_full,0.4740563032043687,23.841514280572092,1,3,157.52731666009166,153.6288164386034,10,0.9512320086894552,22.900091619997855,22.900965607876458,1.5201015297320953e-07,7.795849278271739e-10,7.794280574887367e-10,1.5687033843721427e-13,1.001979975224574,1.0028208311962232,1.0102748397408978,0.7897334790540169,0.9862290714597778,45,5,35.734987139518644
calibration,2,2,1,0,30.0,perfect_channel,0.4740563032043687,23.841514280572092,1,3,3.478671315911174,18.96366414899641,10,0.9508326717200486,inf,inf,1.5201015297320953e-07,0.0,0.0,0.0,1.0,1.0,1.0,1.0,0.9862290714597778,0,5,nan
calibration,2,2,1,1,30.0,no_ic,0.6342483559035693,24.661834389500846,1,3,69420.51902326231,69926.57877806903,10,0.950037480270977,0.0,0.0,1.8361349908692115e-07,1.8361349908692115e-07,1.8361349908692115e-07,0.0,1.0,1.0,1.0,1.0,0.9891496678159734,0,5,0.0
calibration,2,2,1,1,30.0,plain_ls,0.6342483559035693,24.661834389500846,1,3,69420.68311282106,69926.74101515836,10,0.950031870121834,11.067821448941544,11.067853265206784,1.8361349908692115e-07,1.4358942687381708e-08,1.4358837494643899e-08,1.05192737808985e-13,0.9678890023526232,0.9698175580575679,0.9701006673231345,0.716073317299514,0.9891496678159734,0,5,48.748520245421275
calibration,2,2,1,1,30.0,protected_ls,0.6342483559035693,24.661834389500846,1,3,54204.41941256154,54596.35148891481,10,0.9436451948613874,6.97626275951547,6.976277881099504,1.8361349908692115e-07,3.683649760526893e-08,3.683636934547114e-08,1.2825979779241023e-13,0.999891813411357,0.9998881006661902,1.0000000000000002,0.9384656395218306,0.9891496678159734,45,5,0.1342704148182561
calibration,2,2,1,1,30.0,tp_uic_full,0.6342483559035693,24.661834389500846,1,3,74704.14336076658,75317.97834143032,10,0.9507020743432506,10.839801386931407,10.839832313797778,1.8361349908692115e-07,1.513298035375949e-08,1.513287258955471e-08,1.0776420477794746e-13,0.9998862515321105,0.9970658549295485,1.0109213932568923,0.7248652409806234,0.9891496678159734,45,5,48.43060754677503
calibration,2,2,1,1,30.0,perfect_channel,0.6342483559035693,24.661834389500846,1,3,4.119663573227431,24.20991426164865,10,0.9508326717200486,inf,inf,1.8361349908692115e-07,0.0,0.0,0.0,1.0,1.0,1.0,1.0,0.9891496678159734,0,5,nan
calibration,2,4,1,0,30.0,no_ic,0.013452642748372408,36.86011176200634,1,3,38.381281195365915,55.07756115408091,10,0.9943094353450244,0.0,0.0,3.0460171498837035e-06,3.0460171498837035e-06,3.0460171498837035e-06,0.0,1.0,1.0,1.0,1.0,0.990867658508251,0,5,0.0
calibration,2,4,1,0,30.0,plain_ls,0.013452642748372408,36.86011176200634,1,3,38.381987846408336,55.07825563624754,10,0.9943094350872554,15.52122952866588,15.521242831368095,3.0460171498837035e-06,8.542980033391306e-08,8.542953865767698e-08,2.616762360774667e-13,0.9983163593804979,0.9988267225264932,0.99656836076056,0.9962583854730075,0.990867658508251,0,5,56.49338448259796
calibration,2,4,1,0,30.0,protected_ls,0.013452642748372408,36.86011176200634,1,3,6.757998433170065,8.183053366874136,10,0.9881824437106864,15.457553613406795,15.457566768070944,3.0460171498837035e-06,8.669159289281967e-08,8.66913303066922e-08,2.6258612746663424e-13,0.999997433544215,0.9999980797836631,1.0,0.9874942015257228,0.990867658508251,45,5,18.089624250186045
calibration,2,4,1,0,30.0,tp_uic_full,0.013452642748372408,36.86011176200634,1,3,38.327069656738956,55.10313073671237,10,0.9943157573070104,15.521229621536659,15.521242357367125,3.0460171498837035e-06,8.542979850705773e-08,8.542954798169288e-08,2.5052536484793646e-13,1.0005276426223142,1.0003935158006871,0.9992398094305027,0.9970130202853662,0.990867658508251,45,5,56.48703470519483
calibration,2,4,1,0,30.0,perfect_channel,0.013452642748372408,36.86011176200634,1,3,1.4107668204192998,7.356835044797374,10,0.9943293763849563,inf,inf,3.0460171498837035e-06,0.0,0.0,0.0,1.0,1.0,1.0,1.0,0.990867658508251,0,5,nan
calibration,2,4,1,1,30.0,no_ic,0.009858418548223249,36.86020743288638,1,3,201.12024887215324,151.72897024607852,10,0.9943239982634521,0.0,0.0,3.0460842514388203e-06,3.0460842514388203e-06,3.0460842514388203e-06,0.0,1.0,1.0,1.0,1.0,0.9890542923308828,0,5,0.0
calibration,2,4,1,1,30.0,plain_ls,0.009858418548223249,36.86020743288638,1,3,201.12137920818017,151.72968392760689,10,0.994323997967565,11.659332793531842,11.6593351034573,3.0460842514388203e-06,2.0787804888190484e-07,2.0787793831575916e-07,1.1056614568223183e-13,0.9967073926853763,0.99768339490526,0.9954939880350523,0.994318302173919,0.9890542923308828,0,5,60.35537688312445
calibration,2,4,1,1,30.0,protected_ls,0.009858418548223249,36.86020743288638,1,3,210.1967080058405,149.96750549339015,10,0.9804596014026656,11.636398032271407,11.6364004358614,3.0460842514388203e-06,2.0897874082382214e-07,2.0897862516518677e-07,1.1565863537387055e-13,0.9999919767130071,0.9999942899212623,1.0,0.9891323472336689,0.9890542923308828,45,5,22.2754282150575
calibration,2,4,1,1,30.0,tp_uic_full,0.009858418548223249,36.86020743288638,1,3,201.26901001726463,151.77370409003333,10,0.9943313446636415,11.659332313131387,11.65933470109384,3.0460842514388203e-06,2.0787807187660511e-07,2.0787795757515425e-07,1.1430145086232358e-13,0.9993011803143738,0.9995360806266349,0.9983525894639047,0.9946675322684118,0.9890542923308828,45,5,60.34945002392347
calibration,2,4,1,1,30.0,perfect_channel,0.009858418548223249,36.86020743288638,1,3,4.646748825343429,7.69646197986517,10,0.9943293763849563,inf,inf,3.0460842514388203e-06,0.0,0.0,0.0,1.0,1.0,1.0,1.0,0.9890542923308828,0,5,nan
test,3,0,1,0,0.0,no_ic,0.3645237554913988,-2.4555362713456197,1,3,4.479714276497924,14.69290735274072,10,0.9748911715841064,0.0,0.0,3.5658867063757564e-10,3.5658867063757564e-10,3.5658867063757564e-10,0.0,1.0,1.0,1.0,1.0,0.8899720775376895,0,5,0.0
test,3,0,1,0,0.0,plain_ls,0.3645237554913988,-2.4555362713456197,1,3,4.47197914667098,14.67976936047134,10,0.9748813421357128,16.333306691550188,16.375076983213084,3.5658867063757564e-10,8.295391201836293e-12,8.215988875333996e-12,7.940232650229762e-14,0.9946091786274363,0.8903430267261155,0.9962261934289143,0.9160463205268411,0.8899720775376895,0,5,16.369116971858418
test,3,0,1,0,0.0,protected_ls,0.3645237554913988,-2.4555362713456197,1,3,6.447493847028761,15.448770764815135,10,0.9722253294073809,8.265530167951091,8.282008770284818,3.5658867063757564e-10,5.316361742353692e-11,5.2962278882836246e-11,2.0133854070067874e-13,0.999096169232427,0.9902728295299507,0.9999999999999998,0.9687258037263671,0.8899720775376895,45,5,0.967059401224515
test,3,0,1,0,0.0,tp_uic_full,0.3645237554913988,-2.4555362713456197,1,3,4.538685535054311,14.686487219789106,10,0.974729443636181,15.970899683520706,16.032679803806996,3.5658867063757564e-10,9.017321882012554e-12,8.889954956202615e-12,1.2736692580993855e-13,1.0000607373447739,0.9051841869909751,0.9991880258562956,0.9407416011991419,0.8899720775376895,45,5,14.478582611519709
test,3,0,1,0,0.0,perfect_channel,0.3645237554913988,-2.4555362713456197,1,3,2.173035991522971,5.635350687326346,10,0.9731792701505358,inf,inf,3.5658867063757564e-10,0.0,0.0,0.0,1.0,1.0,1.0,1.0,0.8899720775376895,0,5,nan
test,3,0,1,1,0.0,no_ic,0.3555847792727416,-2.1124727424597776,1,3,9.957854539200726,13.447286971945447,10,0.9713501791848868,0.0,0.0,3.8589921378012837e-10,3.8589921378012837e-10,3.8589921378012837e-10,0.0,1.0,1.0,1.0,1.0,0.8850939531915266,0,5,0.0
test,3,0,1,1,0.0,plain_ls,0.3555847792727416,-2.1124727424597776,1,3,9.941597081034306,13.446928067415897,10,0.971352468577653,8.312169775949322,8.315850035164672,3.8589921378012837e-10,5.691895474775517e-11,5.687074143048295e-11,4.8213317272219723e-14,0.9982080708331758,0.939891396242925,0.9979570086449397,0.9253877298533338,0.8850939531915266,0,5,24.73331730297769
test,3,0,1,1,0.0,protected_ls,0.3555847792727416,-2.1124727424597776,1,3,8.078507196902496,12.395894100235752,10,0.969051836090273,5.280955270941777,5.282859427946276,3.8589921378012837e-10,1.143874468749403e-10,1.1433730488035734e-10,5.014199458297261e-14,0.9991135890422443,0.9959848127298747,1.0,0.9774694220630851,0.8850939531915266,45,5,2.5535883563846564
test,3,0,1,1,0.0,tp_uic_full,0.3555847792727416,-2.1124727424597776,1,3,10.624617532619496,14.037568460435448,10,0.972003754958872,8.101132829907247,8.105127049447301,3.8589921378012837e-10,5.975312329252698e-11,5.969819342701217e-11,5.492986551480784e-14,1.0013949737452377,0.9638482699893715,0.999504217753246,0.9619731781002927,0.8850939531915266,45,5,23.65308594852411
test,3,0,1,1,0.0,perfect_channel,0.3555847792727416,-2.1124727424597776,1,3,4.586134685027799,7.1479928683926435,10,0.9731792701505358,inf,inf,3.8589921378012837e-10,0.0,0.0,0.0,1.0,1.0,1.0,1.0,0.8850939531915266,0,5,nan
test,3,2,1,0,0.0,no_ic,0.05336530797618059,-2.7118786754555204,1,3,5.764597066901272,10.410326327291422,10,0.8096019520857466,0.0,0.0,3.3615014308657144e-10,3.3615014308657144e-10,3.3615014308657144e-10,0.0,1.0,1.0,1.0,1.0,0.9714090868932048,0,5,0.0
test,3,2,1,0,0.0,plain_ls,0.05336530797618059,-2.7118786754555204,1,3,5.773448794365948,10.406174547039427,10,0.8095427170273615,13.899905931752487,13.984969596520294,3.3615014308657144e-10,1.3694390484933304e-11,1.3428773254411198e-11,2.6561723052210686e-13,0.9956847468706749,0.9316342503796143,0.9969879574742252,0.9757179565016157,0.9714090868932048,0,5,18.547334245269763
test,3,2,1,0,0.0,protected_ls,0.05336530797618059,-2.7118786754555204,1,3,6.117586414033119,11.184404688678862,10,0.7743035400372937,5.9790267891836555,5.987672620427781,3.3615014308657144e-10,8.484585325773876e-11,8.467711216982446e-11,1.6874108791431189e-13,0.9999396049691329,0.9966704415631804,1.0,0.9968615175803277,0.9714090868932048,45,5,1.9906978949016163
test,3,2,1,0,0.0,tp_uic_full,0.05336530797618059,-2.7118786754555204,1,3,5.716277486255659,10.568837929926769,10,0.8101774722099913,13.470548678677961,13.560872541545773,3.3615014308657144e-10,1.511744623040045e-11,1.480628300964285e-11,3.111632207575987e-13,1.0005632603119508,0.9695034277403315,1.002441973823588,0.9786418615823863,0.9714090868932048,45,5,18.100017478752566
test,3,2,1,0,0.0,perfect_channel,0.05336530797618059,-2.7118786754555204,1,3,9.47511639428928,7.39950353088288,10,0.8165538683889345,inf,inf,3.3615014308657144e-10,0.0,0.0,0.0,1.0,1.0,1.0,1.0,0.9714090868932048,0,5,nan
test,3,2,1,1,0.0,no_ic,0.06639444557482994,-3.339509292149998,1,3,5.022697773987481,6.17391524702286,10,0.8099808605643372,0.0,0.0,2.9091776257219175e-10,2.9091776257219175e-10,2.9091776257219175e-10,0.0,1.0,1.0,1.0,1.0,0.9681703421395185,0,5,0.0
test,3,2,1,1,0.0,plain_ls,0.06639444557482994,-3.339509292149998,1,3,5.055313973489744,6.173596980333762,10,0.8099222297660097,13.187810300353666,13.310496483966572,2.9091776257219175e-10,1.3963336648417285e-11,1.3574398371150847e-11,3.8893827726643784e-13,0.9935686312399126,0.8978502782064607,0.9957168273174376,0.974069510510766,0.9681703421395185,0,5,18.631950076009257
test,3,2,1,1,0.0,protected_ls,0.06639444557482994,-3.339509292149998,1,3,3.716326070233397,5.724431832178205,10,0.7740700587496384,8.53988542603605,8.573321056837283,2.9091776257219175e-10,4.0717555422041145e-11,4.040528115549878e-11,3.1227426654236514e-13,0.9999245491086729,0.996182685916579,1.0,0.9966213608960548,0.9681703421395185,45,5,1.4903159785576061
test,3,2,1,1,0.0,tp_uic_full,0.06639444557482994,-3.339509292149998,1,3,5.119816458100881,6.072887873603856,10,0.8102034736650463,12.970554452413221,13.070729277337277,2.9091776257219175e-10,1.4679619326130724e-11,1.4344892930725229e-11,3.3472639540549604e-13,1.0021799731124685,0.926388846611346,1.0052487533464547,0.9812642017419615,0.9681703421395185,45,5,17.637097092817417
test,3,2,1,1,0.0,perfect_channel,0.06639444557482994,-3.339509292149998,1,3,4.494223329473564,4.914303097754904,10,0.8165538683889345,inf,inf,2.9091776257219175e-10,0.0,0.0,0.0,1.0,1.0,1.0,1.0,0.9681703421395185,0,5,nan
test,3,4,1,0,0.0,no_ic,0.021788136739370714,0.7153273043021591,1,3,9.919329635883713,7.474738415962661,10,0.9942624905926762,0.0,0.0,7.400377915370198e-10,7.400377915370198e-10,7.400377915370198e-10,0.0,1.0,1.0,1.0,1.0,0.9837139711662388,0,5,0.0
test,3,4,1,0,0.0,plain_ls,0.021788136739370714,0.7153273043021591,1,3,9.915597047029147,7.4764917019610815,10,0.9942607197179524,11.89298039881187,11.917126784958532,7.400377915370198e-10,4.7858144709613624e-11,4.7592796031242313e-11,2.653486783713116e-13,0.9984373695200234,0.9716725322703776,0.9988901011549172,0.9914027828355717,0.9837139711662388,0,5,23.98059156732218
test,3,4,1,0,0.0,protected_ls,0.021788136739370714,0.7153273043021591,1,3,10.047371817722112,7.362716600186052,10,0.9915993641418185,10.944127803822001,10.962682420037481,7.400377915370198e-10,5.954442668138786e-11,5.929057421806662e-11,2.5385246332124356e-13,0.9997483870047593,0.9987995060518565,1.0,0.9987467376321458,0.9837139711662388,45,5,6.559128173016559
test,3,4,1,0,0.0,tp_uic_full,0.021788136739370714,0.7153273043021591,1,3,9.92356230450866,7.466291543249818,10,0.9942834482621843,11.89266046177817,11.916867485542866,7.400377915370198e-10,4.7861670464026246e-11,4.7595637686646934e-11,2.6603277737931103e-13,0.9986565661742577,0.9772023493126081,0.9991532181320139,0.9915600240229501,0.9837139711662388,45,5,23.848518955917438
test,3,4,1,0,0.0,perfect_channel,0.021788136739370714,0.7153273043021591,1,3,8.721516503389749,7.542994294063621,10,0.9945523379027623,inf,inf,7.400377915370198e-10,0.0,0.0,0.0,1.0,1.0,1.0,1.0,0.9837139711662388,0,5,nan
test,3,4,1,1,0.0,no_ic,0.017738724426733663,0.30823097091215507,1,3,8.844445303672487,2.3932487719173254,10,0.9938378763897623,0.0,0.0,6.738205705512045e-10,6.738205705512045e-10,6.738205705512045e-10,0.0,1.0,1.0,1.0,1.0,0.9852160597587171,0,5,0.0
test,3,4,1,1,0.0,plain_ls,0.017738724426733663,0.30823097091215507,1,3,8.846888350141688,2.393090498333179,10,0.9938328744663529,15.214532306026447,15.25159404764608,6.738205705512045e-10,2.02810779608394e-11,2.010874006825367e-11,1.723378925857313e-13,0.9985800159116852,0.9274759154211871,0.9995175260923198,0.9925678553440043,0.9852160597587171,0,5,20.251931752381513
test,3,4,1,1,0.0,protected_ls,0.017738724426733663,0.30823097091215507,1,3,8.96300798423673,2.441550587506274,10,0.9924774152191509,12.945028410464428,12.96576444800754,6.738205705512045e-10,3.420120628846964e-11,3.403829675728307e-11,1.6290953118657724e-13,0.9996323610658782,0.9974753893483997,1.0,0.997197553209329,0.9852160597587171,45,5,2.6783861651619767
test,3,4,1,1,0.0,tp_uic_full,0.017738724426733663,0.30823097091215507,1,3,8.854903728738842,2.377576463908374,10,0.9938518212993068,15.192390272392121,15.23055437907879,6.738205705512045e-10,2.0384742877140314e-11,2.020639447620188e-11,1.7834840093843169e-13,0.9987843543059796,0.939599310101028,0.9997805710162826,0.9927783859134404,0.9852160597587171,45,5,19.947588807759544
test,3,4,1,1,0.0,perfect_channel,0.017738724426733663,0.30823097091215507,1,3,9.792141991760957,1.9667898644231308,10,0.9945523379027623,inf,inf,6.738205705512045e-10,0.0,0.0,0.0,1.0,1.0,1.0,1.0,0.9852160597587171,0,5,nan
test,3,0,1,0,30.0,no_ic,0.36452375549139937,27.544463728654378,1,3,4537.1602347116295,4761.622566384208,10,0.9748916573026192,0.0,0.0,3.5658867063757545e-07,3.5658867063757545e-07,3.5658867063757545e-07,0.0,1.0,1.0,1.0,1.0,0.8899720775376895,0,5,0.0
test,3,0,1,0,30.0,plain_ls,0.36452375549139937,27.544463728654378,1,3,4548.1761881911,4772.902050156929,10,0.9748813421357129,16.375035011606084,16.37507698321308,3.5658867063757545e-07,8.2160682776605e-09,8.215988875333997e-09,7.940232650230274e-14,0.9946091786274363,0.8903430267261155,0.9962261934289143,0.9160463205268411,0.8899720775376895,0,5,46.32393152943952
test,3,0,1,0,30.0,protected_ls,0.36452375549139937,27.544463728654378,1,3,4543.696987837643,4734.0426144723115,10,0.971986793825272,8.281992260411592,8.28200877028482,3.5658867063757545e-07,5.2962480221376914e-08,5.2962278882836213e-08,2.0133854070068424e-13,0.9990961692324272,0.9902728295299509,1.0,0.9687258037263673,0.8899720775376895,45,5,0.9710672636809542
test,3,0,1,0,30.0,tp_uic_full,0.36452375549139937,27.544463728654378,1,3,4599.168716979951,4821.539766770497,10,0.9747279739697446,16.02041748333021,16.02047977209082,3.5658867063757545e-07,8.915091245826734e-09,8.914963381894465e-09,1.278639322694e-13,1.0000736998139435,0.9051015485958447,0.9992006986298403,0.9407324296398086,0.8899720775376895,45,5,44.41847755163951
test,3,0,1,0,30.0,perfect_channel,0.36452375549139937,27.544463728654378,1,3,2.173035991522966,5.635350687326352,10,0.9731792701505358,inf,inf,3.5658867063757545e-07,0.0,0.0,0.0,1.0,1.0,1.0,1.0,0.8899720775376895,0,5,nan
test,3,0,1,1,30.0,no_ic,0.35558477927274146,27.88752725754022,1,3,7122.180351389741,7158.577271089876,10,0.9713473190490779,0.0,0.0,3.8589921378012824e-07,3.8589921378012824e-07,3.8589921378012824e-07,0.0,1.0,1.0,1.0,1.0,0.8850939531915266,0,5,0.0
test,3,0,1,1,30.0,plain_ls,0.35558477927274146,27.88752725754022,1,3,7120.666596618898,7157.070866607272,10,0.9713524685776526,8.315846353347228,8.315850035164669,3.8589921378012824e-07,5.6870789643800245e-08,5.6870741430482976e-08,4.821331727222027e-14,0.9982080708331758,0.9398913962429251,0.9979570086449397,0.9253877298533336,0.8850939531915266,0,5,54.72618371646906
test,3,0,1,1,30.0,protected_ls,0.35558477927274146,27.88752725754022,1,3,7489.957126058958,7526.884651009814,10,0.9688187634626328,5.282857523372192,5.282859427946278,3.8589921378012824e-07,1.1433735502235185e-07,1.1433730488035727e-07,5.014199458297406e-14,0.9991135890422443,0.9959848127298747,1.0,0.9774694220630851,0.8850939531915266,45,5,2.564733331796135
test,3,0,1,1,30.0,tp_uic_full,0.35558477927274146,27.88752725754022,1,3,7711.528990179577,7747.737084020889,10,0.9720034623342655,8.104915693807278,8.104919699401202,3.8589921378012824e-07,5.970109879593491e-08,5.970104373231833e-08,5.5063616576136036e-14,1.0014032219342064,0.9638694990734503,0.9995054072788705,0.9619426674520867,0.8850939531915266,45,5,53.64305811390298
test,3,0,1,1,30.0,perfect_channel,0.35558477927274146,27.88752725754022,1,3,4.586134685027787,7.147992868392633,10,0.9731792701505358,inf,inf,3.8589921378012824e-07,0.0,0.0,0.0,1.0,1.0,1.0,1.0,0.8850939531915266,0,5,nan
test,3,2,1,0,30.0,no_ic,0.05336530797618073,27.288121324544473,1,3,1022.5745056483579,1238.7834485448452,10,0.809587314947524,0.0,0.0,3.3615014308657105e-07,3.3615014308657105e-07,3.3615014308657105e-07,0.0,1.0,1.0,1.0,1.0,0.9714090868932048,0,5,0.0
test,3,2,1,0,30.0,plain_ls,0.05336530797618073,27.288121324544473,1,3,1023.5885551582387,1239.9015680787588,10,0.8095427170273612,13.984883695184038,13.984969596520289,3.3615014308657105e-07,1.342903887164172e-08,1.3428773254411199e-08,2.656172305221113e-13,0.9956847468706749,0.9316342503796146,0.9969879574742252,0.9757179565016157,0.9714090868932048,0,5,48.457741603031366
test,3,2,1,0,30.0,protected_ls,0.05336530797618073,27.288121324544473,1,3,941.3013245548112,1169.3958399708938,10,0.771677553389431,5.987663965993485,5.9876726204277775,3.3615014308657105e-07,8.467728091091233e-08,8.467711216982441e-08,1.6874108791431686e-13,0.9999396049691329,0.9966704415631804,1.0,0.9968615175803277,0.9714090868932048,45,5,1.9975337228153065
test,3,2,1,0,30.0,tp_uic_full,0.05336530797618073,27.288121324544473,1,3,1105.9451317511107,1330.9665197940103,10,0.8101722009390017,13.560871956626407,13.560963566763773,3.3615014308657105e-07,1.4806285003792565e-08,1.480597268310841e-08,3.1232068415664297e-13,1.0005732633360436,0.9694706111421709,1.002464323893244,0.9786498532920834,0.9714090868932048,45,5,48.00282323818558
test,3,2,1,0,30.0,perfect_channel,0.05336530797618073,27.288121324544473,1,3,9.475116394289271,7.3995035308828925,10,0.8165538683889345,inf,inf,3.3615014308657105e-07,0.0,0.0,0.0,1.0,1.0,1.0,1.0,0.9714090868932048,0,5,nan
test,3,2,1,1,30.0,no_ic,0.06639444557482971,26.660490707850006,1,3,498.61629028876274,525.2888974408304,10,0.8099623148242882,0.0,0.0,2.9091776257219193e-07,2.9091776257219193e-07,2.9091776257219193e-07,0.0,1.0,1.0,1.0,1.0,0.9681703421395185,0,5,0.0
test,3,2,1,1,30.0,plain_ls,0.06639444557482971,26.660490707850006,1,3,498.56158522957116,525.191701124372,10,0.8099222297660099,13.31037205021772,13.310496483966574,2.9091776257219193e-07,1.3574787309428118e-08,1.3574398371150851e-08,3.889382772664378e-13,0.9935686312399126,0.8978502782064607,0.9957168273174372,0.974069510510766,0.9681703421395185,0,5,48.50462278271141
test,3,2,1,1,30.0,protected_ls,0.06639444557482971,26.660490707850006,1,3,370.5357838954866,433.4957052123347,10,0.7709685296138643,8.573287492297494,8.57332105683729,2.9091776257219193e-07,4.0405593429765284e-08,4.040528115549874e-08,3.1227426654236176e-13,0.9999245491086729,0.996182685916579,1.0000000000000002,0.9966213608960548,0.9681703421395185,45,5,1.5092857842264962
test,3,2,1,1,30.0,tp_uic_full,0.06639444557482971,26.660490707850006,1,3,482.49285667972663,503.91250311358425,10,0.8101960458552964,13.059335007227473,13.059436294393462,2.9091776257219193e-07,1.4382578002636605e-08,1.43822425727293e-08,3.3542990730521726e-13,1.0022345231075398,0.9263575316697917,1.005303511959309,0.981324146204639,0.9681703421395185,45,5,47.53957937127596
test,3,2,1,1,30.0,perfect_channel,0.06639444557482971,26.660490707850006,1,3,4.49422332947355,4.914303097754896,10,0.8165538683889345,inf,inf,2.9091776257219193e-07,0.0,0.0,0.0,1.0,1.0,1.0,1.0,0.9681703421395185,0,5,nan
test,3,4,1,0,30.0,no_ic,0.02178813673937072,30.715327304302154,1,3,278.45915484184053,230.99571087968906,10,0.9942616994383096,0.0,0.0,7.400377915370192e-07,7.400377915370192e-07,7.400377915370192e-07,0.0,1.0,1.0,1.0,1.0,0.9837139711662388,0,5,0.0
test,3,4,1,0,30.0,plain_ls,0.02178813673937072,30.715327304302154,1,3,278.4631934379448,230.999677612294,10,0.9942607197179524,11.917102571389426,11.917126784958526,7.400377915370192e-07,4.759306137992069e-08,4.759279603124232e-08,2.6534867837131344e-13,0.9984373695200234,0.9716725322703779,0.9988901011549172,0.9914027828355717,0.9837139711662388,0,5,53.952727832838825
test,3,4,1,0,30.0,protected_ls,0.02178813673937072,30.715327304302154,1,3,300.91627959403166,251.0272018570267,10,0.9914705762523861,10.962663825768582,10.962682420037481,7.400377915370192e-07,5.92908280705299e-08,5.929057421806658e-08,2.5385246332124907e-13,0.9997483870047593,0.9987995060518567,1.0,0.9987467376321458,0.9837139711662388,45,5,6.604186732549694
test,3,4,1,0,30.0,tp_uic_full,0.02178813673937072,30.715327304302154,1,3,278.4381495325522,230.55908630789793,10,0.9942832264265308,11.916873795307094,11.91689808315267,7.400377915370192e-07,4.759556853609434e-08,4.759530235942519e-08,2.6617666914608994e-13,0.9986546558410477,0.9771749594766046,0.9991534541889808,0.9915557451907676,0.9837139711662388,45,5,53.82015155916926
test,3,4,1,0,30.0,perfect_channel,0.02178813673937072,30.715327304302154,1,3,8.72151650338976,7.542994294063619,10,0.9945523379027623,inf,inf,7.400377915370192e-07,0.0,0.0,0.0,1.0,1.0,1.0,1.0,0.9837139711662388,0,5,nan
test,3,4,1,1,30.0,no_ic,0.017738724426733656,30.308230970912152,1,3,492.03585098485985,528.151107170649,10,0.9938357994037977,0.0,0.0,6.738205705512043e-07,6.738205705512043e-07,6.738205705512043e-07,0.0,1.0,1.0,1.0,1.0,0.9852160597587171,0,5,0.0
test,3,4,1,1,30.0,plain_ls,0.017738724426733656,30.308230970912152,1,3,492.10016547198063,528.2237691191399,10,0.9938328744663529,15.251556827474753,15.25159404764608,6.738205705512043e-07,2.0108912406146253e-08,2.0108740068253668e-08,1.723378925857369e-13,0.9985800159116852,0.927475915421187,0.9995175260923198,0.9925678553440043,0.9852160597587171,0,5,50.21117723180275
test,3,4,1,1,30.0,protected_ls,0.017738724426733656,30.308230970912152,1,3,532.0441976132887,571.9556843451325,10,0.9924423881790206,12.965743662437204,12.96576444800754,6.738205705512043e-07,3.4038459666814254e-08,3.403829675728307e-08,1.6290953118658042e-13,0.9996323610658782,0.9974753893483997,1.0,0.997197553209329,0.9852160597587171,45,5,2.7028663199364122
test,3,4,1,1,30.0,tp_uic_full,0.017738724426733656,30.308230970912152,1,3,500.7139605057412,536.1215406617428,10,0.9938512316261392,15.228867661070725,15.228906031269194,6.738205705512043e-07,2.021424378357673e-08,2.0214065190213963e-08,1.7859336276782335e-13,0.9987840447659561,0.9395092548457624,0.9997823912090098,0.9927803443828662,0.9852160597587171,45,5,49.90603849164692
test,3,4,1,1,30.0,perfect_channel,0.017738724426733656,30.308230970912152,1,3,9.79214199176095,1.9667898644231305,10,0.9945523379027623,inf,inf,6.738205705512043e-07,0.0,0.0,0.0,1.0,1.0,1.0,1.0,0.9852160597587171,0,5,nan
test,4,0,1,0,0.0,no_ic,0.8716957304334085,-2.103922291413967,1,3,232.8466093284717,251.41473748273532,10,0.9997100816270822,0.0,0.0,3.8665972600583286e-10,3.8665972600583286e-10,3.8665972600583286e-10,0.0,1.0,1.0,1.0,1.0,0.2916948137122842,0,5,0.0
test,4,0,1,0,0.0,plain_ls,0.8716957304334085,-2.103922291413967,1,3,232.401377268709,250.91129896663116,10,0.9997099536918687,11.891163833004082,11.938854763068079,3.8665972600583286e-10,2.501569398385119e-11,2.4742493369293493e-11,2.732006145576946e-13,0.9728034903858614,0.9732941342198992,0.5558618150428514,0.3359618041098545,0.2916948137122842,0,5,21.17242502506579
test,4,0,1,0,0.0,protected_ls,0.8716957304334085,-2.103922291413967,1,3,138.05403510174432,152.54506225159133,10,0.9642010327427016,7.697058403235158,7.712778996435202,3.8665972600583286e-10,6.570873381053706e-11,6.547131128284705e-11,2.374225276900178e-13,0.9733424713235854,0.9738464072415309,0.9999999999999999,0.9822559877253483,0.2916948137122842,45,5,1.0505681358297094
test,4,0,1,0,0.0,tp_uic_full,0.8716957304334085,-2.103922291413967,1,3,274.04211029659587,297.81871817397035,10,0.9997269049337031,10.096430101352654,10.125077780777902,3.8665972600583286e-10,3.781690031181862e-11,3.7568266911753174e-11,2.4863340006544917e-13,1.155792421164518,1.153712500079727,0.8726120456895189,0.6325069544675961,0.2916948137122842,45,5,19.890021937752145
test,4,0,1,0,0.0,perfect_channel,0.8716957304334085,-2.103922291413967,1,3,6.9921002522287985,5.828364712389866,10,0.9998247723301436,inf,inf,3.8665972600583286e-10,0.0,0.0,0.0,1.0,1.0,1.0,1.0,0.2916948137122842,0,5,nan
test,4,0,1,1,0.0,no_ic,0.9557672918561129,-1.8028209869951048,1,3,33.107264424226514,48.271528350361734,10,0.9995966567301621,0.0,0.0,4.144184378305669e-10,4.144184378305669e-10,4.144184378305669e-10,0.0,1.0,1.0,1.0,1.0,0.3132576828262917,0,5,0.0
test,4,0,1,1,0.0,plain_ls,0.9557672918561129,-1.8028209869951048,1,3,32.78341477034134,47.872063629392805,10,0.9995962121458467,16.743234300786153,16.862779923911802,4.144184378305669e-10,8.772343704961487e-12,8.534165818086114e-12,2.381778868753731e-13,0.9635354861448944,0.9639992228971014,0.38068508460462147,0.09519696625422722,0.3132576828262917,0,5,16.625803277418715
test,4,0,1,1,0.0,protected_ls,0.9557672918561129,-1.8028209869951048,1,3,16.843449073389788,32.45485962863862,10,0.9724046613077253,8.046523065572723,8.061366756961037,4.144184378305669e-10,6.498105570139379e-11,6.475933696505173e-11,2.2171873634206515e-13,0.8619462501142343,0.8636994447243798,0.9999999999999999,0.9860729867680549,0.3132576828262917,45,5,0.6119838762996884
test,4,0,1,1,0.0,tp_uic_full,0.9557672918561129,-1.8028209869951048,1,3,36.324413074857134,49.45215644827749,10,0.9996238342006031,15.762454543901004,15.913110923526775,4.144184378305669e-10,1.099495901736704e-11,1.0620084614217863e-11,3.748744031491773e-13,1.7490300094696762,1.7393546743736237,0.7528910955678291,0.1273348526963099,0.3132576828262917,45,5,12.816795782967446
test,4,0,1,1,0.0,perfect_channel,0.9557672918561129,-1.8028209869951048,1,3,6.239937942156297,8.680101678054127,10,0.9998247723301436,inf,inf,4.144184378305669e-10,0.0,0.0,0.0,1.0,1.0,1.0,1.0,0.3132576828262917,0,5,nan
test,4,2,1,0,0.0,no_ic,0.010565252973650279,2.045893159883207,1,3,2.5244807636087625,5.075760234820786,10,0.9989838274281105,0.0,0.0,1.005334262774351e-09,1.005334262774351e-09,1.005334262774351e-09,0.0,1.0,1.0,1.0,1.0,0.49369762094491737,0,5,0.0
test,4,2,1,0,0.0,plain_ls,0.010565252973650279,2.045893159883207,1,3,2.5248710409142454,5.071120622335135,10,0.9989835518167404,13.11178993141392,13.118912668327065,1.005334262774351e-09,4.910565302745751e-11,4.902518228750259e-11,8.047073995491345e-14,0.9988124803753828,0.9985724966280768,0.9929972260694016,0.9920889080611531,0.49369762094491737,0,5,24.093284829127853
test,4,2,1,0,0.0,protected_ls,0.010565252973650279,2.045893159883207,1,3,1.566748638923292,5.71400008131816,10,0.9436652806187871,12.86155650728038,12.86960488565185,1.005334262774351e-09,5.201814168697785e-11,5.192183054098699e-11,9.631114599086675e-14,0.9990346354775881,0.9991462280413463,1.0,0.9940750785414364,0.49369762094491737,45,5,10.371216741281074
test,4,2,1,0,0.0,tp_uic_full,0.010565252973650279,2.045893159883207,1,3,2.5268603922926247,5.06923829145813,10,0.9989498844170696,13.111367777986784,13.1187026642911,1.005334262774351e-09,4.9110426545921e-11,4.9027552968111606e-11,8.287357780939563e-14,0.9989329151229207,0.9987528874121728,0.999452610691188,0.9974855903810004,0.49369762094491737,45,5,24.054480287269836
test,4,2,1,0,0.0,perfect_channel,0.010565252973650279,2.045893159883207,1,3,1.9942095834425166,5.146940962006707,10,0.9987975814836383,inf,inf,1.005334262774351e-09,0.0,0.0,0.0,1.0,1.0,1.0,1.0,0.49369762094491737,0,5,nan
test,4,2,1,1,0.0,no_ic,0.012778700885744348,2.147241447875317,1,3,4.702098965415064,6.619028825335487,10,0.9988658918707385,0.0,0.0,1.0290709364042445e-09,1.0290709364042445e-09,1.0290709364042445e-09,0.0,1.0,1.0,1.0,1.0,0.4669826266107843,0,5,0.0
test,4,2,1,1,0.0,plain_ls,0.012778700885744348,2.147241447875317,1,3,4.70105314686591,6.618718151943124,10,0.9988654440586815,15.137140550805233,15.21101622689818,1.0290709364042445e-09,3.1530529041319205e-11,3.0998714917388e-11,5.318141239312021e-13,0.9998344063959154,0.9997529612300664,0.994189249785511,0.9822659241847532,0.4669826266107843,0,5,22.169277621868332
test,4,2,1,1,0.0,protected_ls,0.012778700885744348,2.147241447875317,1,3,5.131760508571346,6.519245160925439,10,0.9772164238275292,14.63598227924474,14.698487950983292,1.0290709364042445e-09,3.53872720519159e-11,3.488160964775307e-11,5.05662404162829e-13,0.9996731583157084,0.9996812695062873,0.9999999999999999,0.9779374084510144,0.4669826266107843,45,5,8.942869030287731
test,4,2,1,1,0.0,tp_uic_full,0.012778700885744348,2.147241447875317,1,3,4.699945444961432,6.621208010983521,10,0.9988410487745997,15.137139120531122,15.210687387923652,1.0290709364042445e-09,3.153053942535784e-11,3.10010621660818e-11,5.294772592760469e-13,1.000117670131586,1.000187376483116,0.9995678781987013,0.9825246433625928,0.4669826266107843,45,5,22.144519858270144
test,4,2,1,1,0.0,perfect_channel,0.012778700885744348,2.147241447875317,1,3,4.689192035190831,6.3397012837818885,10,0.9987975814836383,inf,inf,1.0290709364042445e-09,0.0,0.0,0.0,1.0,1.0,1.0,1.0,0.4669826266107843,0,5,nan
test,4,4,1,0,0.0,no_ic,0.041786900838459685,-1.0492074489977308,1,3,11.085682718782161,28.330853551024596,10,0.9999697396642747,0.0,0.0,4.929472215523134e-10,4.929472215523134e-10,4.929472215523134e-10,0.0,1.0,1.0,1.0,1.0,0.0899376760716633,0,5,0.0
test,4,4,1,0,0.0,plain_ls,0.041786900838459685,-1.0492074489977308,1,3,11.090526485719929,28.336495976719345,10,0.9999697396863868,10.880734043310277,10.89292270417021,4.929472215523134e-10,4.0246398103203103e-11,4.013360321704213e-11,1.1279488616097114e-13,0.9964365111678817,0.9964953199483668,0.996969005092004,0.9827433450096135,0.0899376760716633,0,5,23.227703652069984
test,4,4,1,0,0.0,protected_ls,0.041786900838459685,-1.0492074489977308,1,3,9.534060217092033,19.180013948662964,10,0.9991651478331273,9.89988931210111,9.908916929762325,4.929472215523134e-10,5.0444229385020335e-11,5.033948059008573e-11,1.0474879493460554e-13,0.9953728896052626,0.995453047275876,1.0,0.9646003036142636,0.0899376760716633,45,5,6.166334199739307
test,4,4,1,0,0.0,tp_uic_full,0.041786900838459685,-1.0492074489977308,1,3,11.06652186913768,28.362851970110935,10,0.9999698194880327,10.881236028915657,10.892791916583988,4.929472215523134e-10,4.024174643347211e-11,4.013481185688146e-11,1.0693457659064518e-13,0.9966398728720188,0.996697661918047,0.9999696193405903,0.9827494379576803,0.0899376760716633,45,5,23.18199220744797
test,4,4,1,0,0.0,perfect_channel,0.041786900838459685,-1.0492074489977308,1,3,3.0203741115539717,24.943195859145153,10,0.9999699589393487,inf,inf,4.929472215523134e-10,0.0,0.0,0.0,1.0,1.0,1.0,1.0,0.0899376760716633,0,5,nan
test,4,4,1,1,0.0,no_ic,0.024899811378031104,-0.7759023437286177,1,3,13.245761868348266,20.513653761818833,10,0.9999704834539119,0.0,0.0,5.249657061086107e-10,5.249657061086107e-10,5.249657061086107e-10,0.0,1.0,1.0,1.0,1.0,0.0840231457127851,0,5,0.0
test,4,4,1,1,0.0,plain_ls,0.024899811378031104,-0.7759023437286177,1,3,13.245929654680642,20.513950087808826,10,0.9999704836968409,12.666022730137303,12.698045718260275,5.249657061086107e-10,2.8413756911214733e-11,2.8205016738712e-11,2.0874017250273363e-13,0.9971404247102149,0.9971838063624152,0.9982201515258751,0.989409649294516,0.0840231457127851,0,5,21.715712737767845
test,4,4,1,1,0.0,protected_ls,0.024899811378031104,-0.7759023437286177,1,3,18.455153476002028,24.085553701818064,10,0.9994305880263256,11.152227789287135,11.176437249929412,5.249657061086107e-10,4.026318760780839e-11,4.003936752779322e-11,2.2382008001516356e-13,0.9977593273856146,0.9978006609431589,1.0,0.9900987163700927,0.0840231457127851,45,5,6.883157678112106
test,4,4,1,1,0.0,tp_uic_full,0.024899811378031104,-0.7759023437286177,1,3,13.189319933207294,20.461642837310805,10,0.9999703956431442,12.660353890066165,12.696749282391483,5.249657061086107e-10,2.8450869566437154e-11,2.8213437627119096e-11,2.3743193931805654e-13,0.9972081343697465,0.9972512439332033,0.9999819858987882,0.9926121699782334,0.0840231457127851,45,5,21.689796192099866
test,4,4,1,1,0.0,perfect_channel,0.024899811378031104,-0.7759023437286177,1,3,4.6013797162949235,10.920905363851764,10,0.9999699589393487,inf,inf,5.249657061086107e-10,0.0,0.0,0.0,1.0,1.0,1.0,1.0,0.0840231457127851,0,5,nan
test,4,0,1,0,30.0,no_ic,0.8716957304334069,27.896077708586034,1,3,240295.58939813275,241020.95695539122,10,0.9997099539486332,0.0,0.0,3.8665972600583294e-07,3.8665972600583294e-07,3.8665972600583294e-07,0.0,1.0,1.0,1.0,1.0,0.2916948137122842,0,5,0.0
test,4,0,1,0,30.0,plain_ls,0.8716957304334069,27.896077708586034,1,3,240295.12190625866,241020.48769530025,10,0.9997099536918682,11.938806809588797,11.938854763068075,3.8665972600583294e-07,2.4742766569908066e-08,2.474249336929351e-08,2.7320061455769986e-13,0.9728034903858614,0.9732941342198992,0.5558618150428513,0.3359618041098544,0.2916948137122842,0,5,51.11178337836336
test,4,0,1,0,30.0,protected_ls,0.8716957304334069,27.896077708586034,1,3,147140.12458168349,147791.52427647827,10,0.9592371358802068,7.71276324738349,7.712778996435202,3.8665972600583294e-07,6.547154870537475e-08,6.547131128284706e-08,2.3742252769001645e-13,0.9733424713235854,0.9738464072415309,0.9999999999999999,0.9822559877253484,0.2916948137122842,45,5,1.0509375373464058
test,4,0,1,0,30.0,tp_uic_full,0.8716957304334069,27.896077708586034,1,3,281305.11160559644,282159.1653962995,10,0.9997268830914687,10.134879428797346,10.134908499110926,3.8665972600583294e-07,3.7483574214938716e-08,3.748332331246239e-08,2.509024763310296e-13,1.1567539457222589,1.1546622034929206,0.8721829788736764,0.6313548394256834,0.2916948137122842,45,5,49.834383166138274
test,4,0,1,0,30.0,perfect_channel,0.8716957304334069,27.896077708586034,1,3,6.992100252228807,5.828364712389922,10,0.9998247723301436,inf,inf,3.8665972600583294e-07,0.0,0.0,0.0,1.0,1.0,1.0,1.0,0.2916948137122842,0,5,nan
test,4,0,1,1,30.0,no_ic,0.9557672918561124,28.197179013004895,1,3,29122.49710161827,29495.717150722732,10,0.999596212735608,0.0,0.0,4.14418437830567e-07,4.14418437830567e-07,4.14418437830567e-07,0.0,1.0,1.0,1.0,1.0,0.3132576828262917,0,5,0.0
test,4,0,1,1,30.0,plain_ls,0.9557672918561124,28.197179013004895,1,3,29122.15050676383,29495.36810453453,10,0.9995962121458472,16.86265871944873,16.862779923911805,4.14418437830567e-07,8.534403995972982e-09,8.534165818086108e-09,2.381778868753702e-13,0.9635354861448944,0.9639992228971014,0.3806850846046213,0.09519696625422719,0.3132576828262917,0,5,46.48903723806298
test,4,0,1,1,30.0,protected_ls,0.9557672918561124,28.197179013004895,1,3,14598.39799482993,14909.377309900457,10,0.9621271529858915,8.061351887899157,8.061366756961041,4.14418437830567e-07,6.475955868378805e-08,6.475933696505171e-08,2.2171873634206277e-13,0.8619462501142345,0.8636994447243799,0.9999999999999999,0.9860729867680545,0.3132576828262917,45,5,0.6118007979485103
test,4,0,1,1,30.0,tp_uic_full,0.9557672918561124,28.197179013004895,1,3,32289.48265271054,32610.866569076083,10,0.999623770330669,15.966776686695328,15.966933483661954,4.14418437830567e-07,1.0489659732857466e-08,1.0489281022741378e-08,3.787101160887183e-13,1.7584574331544518,1.7486569014803761,0.7520632965820869,0.12527885168079464,0.3132576828262917,45,5,42.58273234548565
test,4,0,1,1,30.0,perfect_channel,0.9557672918561124,28.197179013004895,1,3,6.239937942156327,8.680101678054076,10,0.9998247723301436,inf,inf,4.14418437830567e-07,0.0,0.0,0.0,1.0,1.0,1.0,1.0,0.3132576828262917,0,5,nan
test,4,2,1,0,30.0,no_ic,0.010565252973650264,32.04589315988321,1,3,141.72249028623497,125.11581024900693,10,0.9989839026023942,0.0,0.0,1.005334262774351e-06,1.005334262774351e-06,1.005334262774351e-06,0.0,1.0,1.0,1.0,1.0,0.49369762094491737,0,5,0.0
test,4,2,1,0,30.0,plain_ls,0.010565252973650264,32.04589315988321,1,3,141.72412361470722,125.11695754069457,10,0.99898355181674,13.11890553975191,13.118912668327063,1.005334262774351e-06,4.902526275824256e-08,4.9025182287502605e-08,8.047073995489925e-14,0.9988124803753828,0.9985724966280768,0.9929972260694016,0.9920889080611531,0.49369762094491737,0,5,54.08149165758216
test,4,2,1,0,30.0,protected_ls,0.010565252973650264,32.04589315988321,1,3,195.96713921219194,230.6997643014837,10,0.9353971789699667,12.869596829818683,12.86960488565185,1.005334262774351e-06,5.192192685213299e-08,5.1921830540987e-08,9.631114599085207e-14,0.9990346354775881,0.9991462280413466,1.0,0.9940750785414364,0.49369762094491737,45,5,10.540570141366175
test,4,2,1,0,30.0,tp_uic_full,0.010565252973650264,32.04589315988321,1,3,141.25061998289289,124.66778169708795,10,0.9989499118779583,13.118652764333337,13.118660118016255,1.005334262774351e-06,4.9028116292533004e-08,4.9028033275840165e-08,8.301669283752797e-14,0.9989327231931922,0.9987527842404096,0.999452296026853,0.9974876451499664,0.49369762094491737,45,5,54.04242414628662
test,4,2,1,0,30.0,perfect_channel,0.010565252973650264,32.04589315988321,1,3,1.9942095834425173,5.146940962006703,10,0.9987975814836383,inf,inf,1.005334262774351e-06,0.0,0.0,0.0,1.0,1.0,1.0,1.0,0.49369762094491737,0,5,nan
test,4,2,1,1,30.0,no_ic,0.01277870088574438,32.14724144787532,1,3,988.9918766625618,999.8161935178913,10,0.9988659299959688,0.0,0.0,1.0290709364042444e-06,1.0290709364042444e-06,1.0290709364042444e-06,0.0,1.0,1.0,1.0,1.0,0.4669826266107843,0,5,0.0
test,4,2,1,1,30.0,plain_ls,0.01277870088574438,32.14724144787532,1,3,989.000327678008,999.8245021292878,10,0.9988654440586815,15.210941719952054,15.21101622689818,1.0290709364042444e-06,3.099924673151193e-08,3.0998714917388e-08,5.318141239312015e-13,0.9998344063959153,0.9997529612300664,0.994189249785511,0.9822659241847531,0.4669826266107843,0,5,52.09080376048843
test,4,2,1,1,30.0,protected_ls,0.01277870088574438,32.14724144787532,1,3,999.8789798719001,999.8631956175476,10,0.9686544696011385,14.698424993796879,14.69848795098329,1.0290709364042444e-06,3.488211531015725e-08,3.4881609647753086e-08,5.056624041628263e-13,0.9996731583157085,0.9996812695062873,0.9999999999999999,0.9779374084510144,0.4669826266107843,45,5,9.068332885284175
test,4,2,1,1,30.0,tp_uic_full,0.01277870088574438,32.14724144787532,1,3,986.1220810294461,997.0281973333928,10,0.9988410536243189,15.210713544100273,15.210787899754676,1.0290709364042444e-06,3.1000875457097575e-08,3.100034469496609e-08,5.307621314822994e-13,1.000117965015516,1.000187759495705,0.9995676429480708,0.982525888607643,0.4669826266107843,45,5,52.0662363992949
test,4,2,1,1,30.0,perfect_channel,0.01277870088574438,32.14724144787532,1,3,4.68919203519083,6.339701283781882,10,0.9987975814836383,inf,inf,1.0290709364042444e-06,0.0,0.0,0.0,1.0,1.0,1.0,1.0,0.4669826266107843,0,5,nan
test,4,4,1,0,30.0,no_ic,0.04178690083845991,28.950792551002273,1,3,9363.09975365108,9230.975529447316,10,0.9999697396328313,0.0,0.0,4.929472215523135e-07,4.929472215523135e-07,4.929472215523135e-07,0.0,1.0,1.0,1.0,1.0,0.0899376760716633,0,5,0.0
test,4,4,1,0,30.0,plain_ls,0.04178690083845991,28.950792551002273,1,3,9363.105287927647,9230.981279290216,10,0.999969739686387,10.892910498406492,10.89292270417021,4.929472215523135e-07,4.0133716011928304e-08,4.0133603217042144e-08,1.1279488616097082e-13,0.9964365111678817,0.9964953199483668,0.996969005092004,0.9827433450096135,0.0899376760716633,0,5,53.2123845504912
test,4,4,1,0,30.0,protected_ls,0.04178690083845991,28.950792551002273,1,3,8149.150590577607,7954.531179251171,10,0.9986491510228506,9.90890789276477,9.908916929762324,4.929472215523135e-07,5.033958533888072e-08,5.0339480590085786e-08,1.0474879493460524e-13,0.9953728896052626,0.995453047275876,1.0,0.9646003036142635,0.0899376760716633,45,5,6.225951618285786
test,4,4,1,0,30.0,tp_uic_full,0.04178690083845991,28.950792551002273,1,3,9335.917272990673,9204.059769435446,10,0.9999698194797627,10.892792348494606,10.892803934174218,4.929472215523135e-07,4.013480786543069e-08,4.013470079789372e-08,1.070675369723308e-13,0.9966401007124465,0.996697886571172,0.9999696142084026,0.9827494166161944,0.0899376760716633,45,5,53.167290850571206
test,4,4,1,0,30.0,perfect_channel,0.04178690083845991,28.950792551002273,1,3,3.0203741115539664,24.943195859145128,10,0.9999699589393487,inf,inf,4.929472215523135e-07,0.0,0.0,0.0,1.0,1.0,1.0,1.0,0.0899376760716633,0,5,nan
test,4,4,1,1,30.0,no_ic,0.02489981137803111,29.224097656271383,1,3,13067.940016083305,13109.280107022585,10,0.999970483634025,0.0,0.0,5.249657061086105e-07,5.249657061086105e-07,5.249657061086105e-07,0.0,1.0,1.0,1.0,1.0,0.0840231457127851,0,5,0.0
test,4,4,1,1,30.0,plain_ls,0.02489981137803111,29.224097656271383,1,3,13067.94087702783,13109.280992880842,10,0.9999704836968408,12.69801357703857,12.698045718260271,5.249657061086105e-07,2.8205225478884515e-08,2.8205016738712013e-08,2.0874017250272873e-13,0.9971404247102149,0.9971838063624154,0.9982201515258751,0.989409649294516,0.0840231457127851,0,5,51.68058656977776
test,4,4,1,1,30.0,protected_ls,0.02489981137803111,29.224097656271383,1,3,18102.819273949633,18075.573626598878,10,0.9986980379659742,11.176412972934038,11.176437249929407,5.249657061086105e-07,4.0039591347873273e-08,4.003936752779326e-08,2.2382008001515682e-13,0.9977593273856146,0.9978006609431589,1.0,0.9900987163700927,0.0840231457127851,45,5,6.960782980879683
test,4,4,1,1,30.0,tp_uic_full,0.02489981137803111,29.224097656271383,1,3,13005.866629961078,13048.098319263972,10,0.9999703957025676,12.696851388136139,12.696887977390762,5.249657061086105e-07,2.821277431678147e-08,2.8212536625519518e-08,2.3769126195230934e-13,0.9972080749259408,0.9972511843637445,0.9999819833839669,0.9926119985460804,0.0840231457127851,45,5,51.65015958364485
test,4,4,1,1,30.0,perfect_channel,0.02489981137803111,29.224097656271383,1,3,4.601379716294938,10.92090536385178,10,0.9999699589393487,inf,inf,5.249657061086105e-07,0.0,0.0,0.0,1.0,1.0,1.0,1.0,0.0840231457127851,0,5,nan
test,5,0,1,0,0.0,no_ic,0.25689184900236595,2.1554582746350075,1,3,5.4655206547602395,21.307114143328356,10,0.9990394120437954,0.0,0.0,1.0310197757456168e-09,1.0310197757456168e-09,1.0310197757456168e-09,0.0,1.0,1.0,1.0,1.0,0.9477222394700421,0,5,0.0
test,5,0,1,0,0.0,plain_ls,0.25689184900236595,2.1554582746350075,1,3,5.451874750799846,21.28428288488004,10,0.9990370365889805,13.253955485498443,13.265808762282514,1.0310197757456168e-09,4.873842008706861e-11,4.8605578812997135e-11,1.3284127407147393e-13,0.9895072568743719,0.9871565122779696,0.9794391354129707,0.7849454537120343,0.9477222394700421,0,5,24.0574361797896
test,5,0,1,0,0.0,protected_ls,0.25689184900236595,2.1554582746350075,1,3,5.811669862629406,22.839170740858258,10,0.9954835644860066,10.829152968373625,10.836295252093928,1.0310197757456168e-09,8.518275825786027e-11,8.504278424280579e-11,1.3997401505448355e-13,0.9997278173208412,0.9998450916724575,1.0,0.9000853630906485,0.9477222394700421,45,5,4.216547421599145
test,5,0,1,0,0.0,tp_uic_full,0.25689184900236595,2.1554582746350075,1,3,5.5476953658415,21.370617951442725,10,0.9990848423411732,13.251679070657405,13.264736199639513,1.0310197757456168e-09,4.876397370338523e-11,4.861758425360884e-11,1.4638944977638308e-13,1.005044006606938,1.0007850227695332,0.9950734594070781,0.7904433276509167,0.9477222394700421,45,5,23.801094057332982
test,5,0,1,0,0.0,perfect_channel,0.25689184900236595,2.1554582746350075,1,3,3.2151372868430537,16.842574655561993,10,0.9992231615965893,inf,inf,1.0310197757456168e-09,0.0,0.0,0.0,1.0,1.0,1.0,1.0,0.9477222394700421,0,5,nan
test,5,0,1,1,0.0,no_ic,0.35405007132485206,2.884651480493633,1,3,5.84900640869486,15.147560497344642,10,0.9989757238511873,0.0,0.0,1.2195126680852857e-09,1.2195126680852857e-09,1.2195126680852857e-09,0.0,1.0,1.0,1.0,1.0,0.9491126209822731,0,5,0.0
test,5,0,1,1,0.0,plain_ls,0.35405007132485206,2.884651480493633,1,3,5.844338886686711,15.151758550178087,10,0.9989726561833941,11.521853157226975,11.527877039294783,1.2195126680852857e-09,8.590155001041242e-11,8.578248285158683e-11,1.1906715882558866e-13,0.972906614520881,0.9822196434574665,0.9709123942704746,0.7697315952455873,0.9491126209822731,0,5,26.51872682746026
test,5,0,1,1,0.0,protected_ls,0.35405007132485206,2.884651480493633,1,3,5.900703086784985,13.24105550233069,10,0.997044679922119,10.084572877276228,10.089255641393267,1.2195126680852857e-09,1.1959940754809342e-10,1.1947051943027206e-10,1.2888811782136813e-13,0.9988650827465133,0.9992145396889043,1.0,0.8896315771199849,0.9491126209822731,45,5,4.665194322563222
test,5,0,1,1,0.0,tp_uic_full,0.35405007132485206,2.884651480493633,1,3,6.264690961105035,15.280346525446369,10,0.9990215617687322,11.509682507126113,11.51598442605313,1.2195126680852857e-09,8.6142617774903e-11,8.60177094144203e-11,1.2490836048269448e-13,0.9892004955146794,0.9927878666124604,0.9890080473925482,0.7718610267397421,0.9491126209822731,45,5,26.14403143917544
test,5,0,1,1,0.0,perfect_channel,0.35405007132485206,2.884651480493633,1,3,6.180553141628067,13.380907781402339,10,0.9992231615965893,inf,inf,1.2195126680852857e-09,0.0,0.0,0.0,1.0,1.0,1.0,1.0,0.9491126209822731,0,5,nan
test,5,2,1,0,0.0,no_ic,0.01409405540285174,-2.334739623532332,1,3,7.4463660632613315,7.44684075057055,10,0.9999224426445692,0.0,0.0,3.6664621470016674e-10,3.6664621470016674e-10,3.6664621470016674e-10,0.0,1.0,1.0,1.0,1.0,0.9675628166940508,0,5,0.0
test,5,2,1,0,0.0,plain_ls,0.01409405540285174,-2.334739623532332,1,3,7.444263585717271,7.446069864970586,10,0.9999225439170368,10.098544853041982,10.125369270233865,3.6664621470016674e-10,3.5842040013902965e-11,3.562134212777935e-11,2.2069788612362036e-13,0.9994751728772333,0.9741173074267219,0.9998046811782604,0.9896762732504979,0.9675628166940508,0,5,22.72411781306806
test,5,2,1,0,0.0,protected_ls,0.01409405540285174,-2.334739623532332,1,3,7.818778274954267,6.251588800206051,10,0.9933663615658249,8.356694624401172,8.376327994263708,3.6664621470016674e-10,5.352759651317166e-11,5.328615775907352e-11,2.4143875409813893e-13,0.999688853792536,0.9991496137454409,1.0,0.9899885148653719,0.9675628166940508,45,5,5.925616888104343
test,5,2,1,0,0.0,tp_uic_full,0.01409405540285174,-2.334739623532332,1,3,7.443395129060597,7.456620746572083,10,0.9999235223676037,10.08990446246714,10.118561224553508,3.6664621470016674e-10,3.591341957524402e-11,3.5677226306794996e-11,2.3619326844902666e-13,0.999625794621043,1.000985479554665,0.9999570541187309,0.9897979161530435,0.9675628166940508,45,5,22.59359735610467
test,5,2,1,0,0.0,perfect_channel,0.01409405540285174,-2.334739623532332,1,3,5.5613002255233654,6.798317296797191,10,0.9999248808090686,inf,inf,3.6664621470016674e-10,0.0,0.0,0.0,1.0,1.0,1.0,1.0,0.9675628166940508,0,5,nan
test,5,2,1,1,0.0,no_ic,0.013824521319014982,-2.1186404037821704,1,3,10.12403526461212,8.920240400032158,10,0.9999208537558972,0.0,0.0,3.8535156546777737e-10,3.8535156546777737e-10,3.8535156546777737e-10,0.0,1.0,1.0,1.0,1.0,0.9661628173211185,0,5,0.0
test,5,2,1,1,0.0,plain_ls,0.013824521319014982,-2.1186404037821704,1,3,10.122670693154452,8.918046277541134,10,0.9999204870213025,10.742757554388763,10.762110301735984,3.8535156546777737e-10,3.247740882105545e-11,3.233300708659913e-11,1.4440173445631688e-13,0.9989873320057172,0.9736001505558535,0.9997918134534679,0.9837773952732741,0.9661628173211185,0,5,22.29587945958745
test,5,2,1,1,0.0,protected_ls,0.013824521319014982,-2.1186404037821704,1,3,12.20445596779297,10.323414291922258,10,0.9937403351167886,9.784156201905116,9.80065365628752,3.8535156546777737e-10,4.049873960927064e-11,4.034518971537238e-11,1.5354989389825486e-13,0.9988761787959026,0.9991743219165344,1.0,0.9843738518867593,0.9661628173211185,45,5,4.659036147300278
test,5,2,1,1,0.0,tp_uic_full,0.013824521319014982,-2.1186404037821704,1,3,10.114056903368757,8.924938431000431,10,0.9999222698311339,10.737240495452426,10.75695670585909,3.8535156546777737e-10,3.251869270669979e-11,3.2371398124325446e-11,1.4729458237434387e-13,0.9990910007219244,0.9998983691261253,0.9999441374330494,0.9838960666170314,0.9661628173211185,45,5,22.17129870522104
test,5,2,1,1,0.0,perfect_channel,0.013824521319014982,-2.1186404037821704,1,3,7.033386001043452,6.199925768375108,10,0.9999248808090686,inf,inf,3.8535156546777737e-10,0.0,0.0,0.0,1.0,1.0,1.0,1.0,0.9661628173211185,0,5,nan
test,5,4,1,0,0.0,no_ic,0.005228933834361557,6.984491081797498,1,3,3.187551797080711,11.671332881016921,10,0.998504625537877,0.0,0.0,3.1345144494034604e-09,3.1345144494034604e-09,3.1345144494034604e-09,0.0,1.0,1.0,1.0,1.0,0.9145686135198875,0,5,0.0
test,5,4,1,0,0.0,plain_ls,0.005228933834361557,6.984491081797498,1,3,3.187618361547667,11.672271077207464,10,0.9985150387827397,13.620270932861125,13.625771085213994,3.1345144494034604e-09,1.3618936122453583e-10,1.3601699244265364e-10,1.7236878188218682e-13,0.9987786962563646,0.9995267020459573,0.9998684166696207,0.9900352231887585,0.9145686135198875,0,5,28.519729788078408
test,5,4,1,0,0.0,protected_ls,0.005228933834361557,6.984491081797498,1,3,3.2583841431232696,12.60839001073337,10,0.9945704985599976,13.219340494146895,13.224545395562943,3.1345144494034604e-09,1.4936066094362028e-10,1.4918176347124318e-10,1.7889747237710942e-13,0.9999287501497447,0.9999641535835114,1.0,0.9889456306892628,0.9145686135198875,45,5,10.514967146966521
test,5,4,1,0,0.0,tp_uic_full,0.005228933834361557,6.984491081797498,1,3,3.1879420395458604,11.669222374025235,10,0.9985047298524634,13.620247946000843,13.625737011929985,3.1345144494034604e-09,1.3619008206586212e-10,1.3601805959040408e-10,1.7202247545804503e-13,0.9990368508367607,1.0001513168176173,1.0000400540788448,0.9901986049509232,0.9145686135198875,45,5,28.498416679660565
test,5,4,1,0,0.0,perfect_channel,0.005228933834361557,6.984491081797498,1,3,3.956066479287142,13.575169333295527,10,0.9985138084161953,inf,inf,3.1345144494034604e-09,0.0,0.0,0.0,1.0,1.0,1.0,1.0,0.9145686135198875,0,5,nan
test,5,4,1,1,0.0,no_ic,0.005116395650002474,7.168693841403564,1,3,6.558271682672572,8.432136227466659,10,0.9985098099235149,0.0,0.0,3.270322272558756e-09,3.270322272558756e-09,3.270322272558756e-09,0.0,1.0,1.0,1.0,1.0,0.9110287116515334,0,5,0.0
test,5,4,1,1,0.0,plain_ls,0.005116395650002474,7.168693841403564,1,3,6.557095559351238,8.431876968328252,10,0.9985188226033402,18.702383514733402,18.71719404655035,3.270322272558756e-09,4.4091228607733193e-11,4.3941122547392904e-11,1.5010606034028822e-13,0.9992837250224322,0.9985511300112156,0.9998659952233503,0.9916814114719364,0.9110287116515334,0,5,23.62181855697335
test,5,4,1,1,0.0,protected_ls,0.005116395650002474,7.168693841403564,1,3,6.594392505736313,8.428874024928692,10,0.9944946068957853,17.981623189738706,17.994256172632163,3.270322272558756e-09,5.2050898797824456e-11,5.1899710445555264e-11,1.511883522691926e-13,0.999841856600271,0.9998916384504081,1.0,0.9920669468868103,0.9110287116515334,45,5,6.636529560578573
test,5,4,1,1,0.0,tp_uic_full,0.005116395650002474,7.168693841403564,1,3,6.558857302754052,8.43237346382844,10,0.9985092949378748,18.702618115984855,18.717181726120632,3.270322272558756e-09,4.4088846910874623e-11,4.394124720342759e-11,1.4759970744703115e-13,0.9993625229333825,0.9997271279855189,1.00000897328669,0.9917219843902041,0.9110287116515334,45,5,23.602773176330437
test,5,4,1,1,0.0,perfect_channel,0.005116395650002474,7.168693841403564,1,3,6.41661756077218,7.704386733596448,10,0.9985138084161953,inf,inf,3.270322272558756e-09,0.0,0.0,0.0,1.0,1.0,1.0,1.0,0.9110287116515334,0,5,nan
test,5,0,1,0,30.0,no_ic,0.2568918490023656,32.15545827463501,1,3,3145.667320245205,3233.0488119890874,10,0.9990392798396691,0.0,0.0,1.0310197757456173e-06,1.0310197757456173e-06,1.0310197757456173e-06,0.0,1.0,1.0,1.0,1.0,0.9477222394700421,0,5,0.0
test,5,0,1,0,30.0,plain_ls,0.2568918490023656,32.15545827463501,1,3,3145.647336287544,3233.0199253245,10,0.9990370365889801,13.265796892831546,13.265808762282516,1.0310197757456173e-06,4.860571165427121e-08,4.8605578812997135e-08,1.328412740714789e-13,0.9895072568743717,0.9871565122779696,0.9794391354129707,0.7849454537120343,0.9477222394700421,0,5,54.04416216602486
test,5,0,1,0,30.0,protected_ls,0.2568918490023656,32.15545827463501,1,3,3845.973100133481,3962.73445995594,10,0.9953519980101442,10.836288103939875,10.836295252093933,1.0310197757456173e-06,8.504292421682081e-08,8.504278424280575e-08,1.3997401505448656e-13,0.9997278173208412,0.9998450916724575,1.0,0.9000853630906485,0.9477222394700421,45,5,4.235237951110029
test,5,0,1,0,30.0,tp_uic_full,0.2568918490023656,32.15545827463501,1,3,3182.9752414439,3268.849513846368,10,0.9990848140146936,13.26471886749686,13.264731961172597,1.0310197757456173e-06,4.8617778280616405e-08,4.861763170162663e-08,1.4657898977452276e-13,1.0050501278836317,1.0007879187580517,0.9950727816708148,0.7904129887527667,0.9477222394700421,45,5,53.786427599695365
test,5,0,1,0,30.0,perfect_channel,0.2568918490023656,32.15545827463501,1,3,3.2151372868430492,16.842574655561954,10,0.9992231615965893,inf,inf,1.0310197757456173e-06,0.0,0.0,0.0,1.0,1.0,1.0,1.0,0.9477222394700421,0,5,nan
test,5,0,1,1,30.0,no_ic,0.3540500713248527,32.88465148049363,1,3,2290.56794565728,2345.517698989763,10,0.9989755446442922,0.0,0.0,1.2195126680852856e-06,1.2195126680852856e-06,1.2195126680852856e-06,0.0,1.0,1.0,1.0,1.0,0.9491126209822731,0,5,0.0
test,5,0,1,1,30.0,plain_ls,0.3540500713248527,32.88465148049363,1,3,2290.597305814383,2345.547105606033,10,0.9989726561833939,11.527871011237252,11.527877039294781,1.2195126680852856e-06,8.57826019187457e-08,8.578248285158687e-08,1.1906715882558788e-13,0.972906614520881,0.9822196434574665,0.9709123942704747,0.7697315952455873,0.9491126209822731,0,5,56.51128124858882
test,5,0,1,1,30.0,protected_ls,0.3540500713248527,32.88465148049363,1,3,2956.218184586517,3023.975402622372,10,0.9970052420974975,10.08925095610618,10.089255641393265,1.2195126680852856e-06,1.1947064831838988e-07,1.1947051943027206e-07,1.2888811782136995e-13,0.9988650827465133,0.9992145396889043,1.0,0.8896315771199848,0.9491126209822731,45,5,4.680898926055898
test,5,0,1,1,30.0,tp_uic_full,0.3540500713248527,32.88465148049363,1,3,2714.1774110086553,2757.4582490613307,10,0.9990215098491992,11.515706540779787,11.515712853955591,1.2195126680852856e-06,8.60232134722495e-08,8.602308842362518e-08,1.2504862432609364e-13,0.9891974542520019,0.9927860979088953,0.9890029875972738,0.7718379040836922,0.9491126209822731,45,5,56.13629460805619
test,5,0,1,1,30.0,perfect_channel,0.3540500713248527,32.88465148049363,1,3,6.180553141628051,13.38090778140228,10,0.9992231615965893,inf,inf,1.2195126680852856e-06,0.0,0.0,0.0,1.0,1.0,1.0,1.0,0.9491126209822731,0,5,nan
test,5,2,1,0,30.0,no_ic,0.014094055402851718,27.665260376467668,1,3,1433.4062226701387,1393.996475305902,10,0.9999224391009112,0.0,0.0,3.6664621470016664e-07,3.6664621470016664e-07,3.6664621470016664e-07,0.0,1.0,1.0,1.0,1.0,0.9675628166940508,0,5,0.0
test,5,2,1,0,30.0,plain_ls,0.014094055402851718,27.665260376467668,1,3,1434.3096010525094,1394.8993240020532,10,0.9999225439170367,10.125342362888022,10.125369270233861,3.6664621470016664e-07,3.5621562825665475e-08,3.562134212777935e-08,2.2069788612361508e-13,0.9994751728772333,0.9741173074267216,0.9998046811782604,0.9896762732504979,0.9675628166940508,0,5,52.694420267549475
test,5,2,1,0,30.0,protected_ls,0.014094055402851718,27.665260376467668,1,3,1234.0375562776699,1201.5691809432083,10,0.9900173543014158,8.37630831649269,8.376327994263706,3.6664621470016664e-07,5.328639919782763e-08,5.328615775907353e-08,2.414387540981329e-13,0.999688853792536,0.9991496137454409,1.0,0.9899885148653716,0.9675628166940508,45,5,5.967147323696061
test,5,2,1,0,30.0,tp_uic_full,0.014094055402851718,27.665260376467668,1,3,1432.0466409983107,1392.9281910763157,10,0.999923521657178,10.11880293495863,10.118831724563428,3.6664621470016664e-07,3.5675240714711224e-08,3.567500422248767e-08,2.364922235568429e-13,0.9996258354171138,1.0009869715713708,0.9999570779457179,0.9897978401185256,0.9675628166940508,45,5,52.56170533135473
test,5,2,1,0,30.0,perfect_channel,0.014094055402851718,27.665260376467668,1,3,5.561300225523384,6.798317296797137,10,0.9999248808090686,inf,inf,3.6664621470016664e-07,0.0,0.0,0.0,1.0,1.0,1.0,1.0,0.9675628166940508,0,5,nan
test,5,2,1,1,30.0,no_ic,0.013824521319015008,27.88135959621783,1,3,1668.280875842975,1656.3033582410194,10,0.9999208483458728,0.0,0.0,3.853515654677774e-07,3.853515654677774e-07,3.853515654677774e-07,0.0,1.0,1.0,1.0,1.0,0.9661628173211185,0,5,0.0
test,5,2,1,1,30.0,plain_ls,0.013824521319015008,27.88135959621783,1,3,1668.4527186390167,1656.4190173959464,10,0.9999204870213025,10.762090905848606,10.762110301735985,3.853515654677774e-07,3.2333151488333586e-08,3.233300708659913e-08,1.4440173445631781e-13,0.9989873320057172,0.9736001505558535,0.9997918134534679,0.9837773952732741,0.9661628173211185,0,5,52.273770819361125
test,5,2,1,1,30.0,protected_ls,0.013824521319015008,27.88135959621783,1,3,2343.5341839124458,2311.314397931471,10,0.9920668854165635,9.800637127490608,9.800653656287519,3.853515654677774e-07,4.0345343265266296e-08,4.0345189715372395e-08,1.5354989389825448e-13,0.9988761787959026,0.9991743219165344,1.0,0.9843738518867593,0.9661628173211185,45,5,4.702923470895173
test,5,2,1,1,30.0,tp_uic_full,0.013824521319015008,27.88135959621783,1,3,1663.823286025383,1652.213171467089,10,0.999922268597203,10.75671404242164,10.756733827414147,3.853515654677774e-07,3.237320693713232e-08,3.237305945605106e-08,1.4748108125999426e-13,0.9990912352131307,0.9998991628224553,0.9999441388577673,0.9838959009331277,0.9661628173211185,45,5,52.148975186796456
test,5,2,1,1,30.0,perfect_channel,0.013824521319015008,27.88135959621783,1,3,7.0333860010434375,6.199925768375124,10,0.9999248808090686,inf,inf,3.853515654677774e-07,0.0,0.0,0.0,1.0,1.0,1.0,1.0,0.9661628173211185,0,5,nan
test,5,4,1,0,30.0,no_ic,0.0052289338343615415,36.9844910817975,1,3,133.99085764773218,107.80972884868811,10,0.9985046230458889,0.0,0.0,3.13451444940346e-06,3.13451444940346e-06,3.13451444940346e-06,0.0,1.0,1.0,1.0,1.0,0.9145686135198875,0,5,0.0
test,5,4,1,0,30.0,plain_ls,0.0052289338343615415,36.9844910817975,1,3,133.73949013763473,107.6455020289416,10,0.9985150387827397,13.625765581580804,13.625771085213994,3.13451444940346e-06,1.360171648114355e-07,1.360169924426536e-07,1.7236878188219775e-13,0.9987786962563646,0.9995267020459573,0.9998684166696207,0.9900352231887585,0.9145686135198875,0,5,58.513225860376885
test,5,4,1,0,30.0,protected_ls,0.0052289338343615415,36.9844910817975,1,3,90.01899614015844,67.4066795641224,10,0.9943820814392944,13.224540187544436,13.224545395562943,3.13451444940346e-06,1.4918194236871558e-07,1.491817634712432e-07,1.7889747237712163e-13,0.9999287501497449,0.9999641535835114,1.0,0.9889456306892628,0.9145686135198875,45,5,10.572852836866858
test,5,4,1,0,30.0,tp_uic_full,0.0052289338343615415,36.9844910817975,1,3,134.12596686441552,107.91086936444887,10,0.9985047295330448,13.625726390010637,13.625731884330312,3.13451444940346e-06,1.3601839226205568e-07,1.3601822018341154e-07,1.7207864412595476e-13,0.9990366826125305,1.000151717422038,1.0000401054524906,0.9901979509057641,0.9145686135198875,45,5,58.49191686042771
test,5,4,1,0,30.0,perfect_channel,0.0052289338343615415,36.9844910817975,1,3,3.956066479287221,13.575169333295515,10,0.9985138084161953,inf,inf,3.13451444940346e-06,0.0,0.0,0.0,1.0,1.0,1.0,1.0,0.9145686135198875,0,5,nan
test,5,4,1,1,30.0,no_ic,0.005116395650002476,37.16869384140357,1,3,95.23710340707002,111.6016513919133,10,0.9985098103505815,0.0,0.0,3.270322272558755e-06,3.270322272558755e-06,3.270322272558755e-06,0.0,1.0,1.0,1.0,1.0,0.9110287116515334,0,5,0.0
test,5,4,1,1,30.0,plain_ls,0.005116395650002476,37.16869384140357,1,3,95.24473514345858,111.61844407822514,10,0.9985188226033402,18.717179210761326,18.717194046550354,3.270322272558755e-06,4.394127265345322e-08,4.394112254739288e-08,1.501060603402924e-13,0.9992837250224322,0.9985511300112156,0.9998659952233503,0.9916814114719364,0.9110287116515334,0,5,53.60601498939309
test,5,4,1,1,30.0,protected_ls,0.005116395650002476,37.16869384140357,1,3,131.8391127730506,145.32909873090608,10,0.9942861272572261,17.99424352127613,17.994256172632163,3.270322272558755e-06,5.189986163390752e-08,5.1899710445555254e-08,1.511883522691971e-13,0.999841856600271,0.9998916384504081,1.0,0.9920669468868103,0.9110287116515334,45,5,6.698116749746927
test,5,4,1,1,30.0,tp_uic_full,0.005116395650002476,37.16869384140357,1,3,95.25512959646076,111.59908344874798,10,0.9985092956029117,18.717171211462542,18.717185801976555,3.270322272558755e-06,4.394135358924848e-08,4.394120596456407e-08,1.476246844161677e-13,0.99936242326499,0.9997272694374183,1.0000090092935408,0.991721981963606,0.9110287116515334,45,5,53.58720087917058
test,5,4,1,1,30.0,perfect_channel,0.005116395650002476,37.16869384140357,1,3,6.4166175607722,7.704386733596409,10,0.9985138084161953,inf,inf,3.270322272558755e-06,0.0,0.0,0.0,1.0,1.0,1.0,1.0,0.9110287116515334,0,5,nan
